project_id,model_id,datetime,reference_datetime,duration,site_id,depth_m,family,parameter,variable,prediction
vera4cast,chlorocast_xgboost,2026-09-30 00:00:00,2026-09-29 00:00:00,P1D,fcre,1.6,ensemble,1,Chla_ugL_mean,5.36913683768373
vera4cast,chlorocast_xgboost,2026-10-01 00:00:00,2026-09-29 00:00:00,P1D,fcre,1.6,ensemble,1,Chla_ugL_mean,5.23691686665847
vera4cast,chlorocast_xgboost,2026-10-02 00:00:00,2026-09-29 00:00:00,P1D,fcre,1.6,ensemble,1,Chla_ugL_mean,5.10377212422678
vera4cast,chlorocast_xgboost,2026-10-03 00:00:00,2026-09-29 00:00:00,P1D,fcre,1.6,ensemble,1,Chla_ugL_mean,5.48597002782293
vera4cast,chlorocast_xgboost,2026-10-04 00:00:00,2026-09-29 00:00:00,P1D,fcre,1.6,ensemble,1,Chla_ugL_mean,5.95000332645924
vera4cast,chlorocast_xgboost,2026-10-05 00:00:00,2026-09-29 00:00:00,P1D,fcre,1.6,ensemble,1,Chla_ugL_mean,6.0183517775625
vera4cast,chlorocast_xgboost,2026-10-06 00:00:00,2026-09-29 00:00:00,P1D,fcre,1.6,ensemble,1,Chla_ugL_mean,5.7486482881684
vera4cast,chlorocast_xgboost,2026-10-07 00:00:00,2026-09-29 00:00:00,P1D,fcre,1.6,ensemble,1,Chla_ugL_mean,6.39148796966828
vera4cast,chlorocast_xgboost,2026-10-08 00:00:00,2026-09-29 00:00:00,P1D,fcre,1.6,ensemble,1,Chla_ugL_mean,6.78945352098065
vera4cast,chlorocast_xgboost,2026-10-09 00:00:00,2026-09-29 00:00:00,P1D,fcre,1.6,ensemble,1,Chla_ugL_mean,6.19439214216714
vera4cast,chlorocast_xgboost,2026-10-10 00:00:00,2026-09-29 00:00:00,P1D,fcre,1.6,ensemble,1,Chla_ugL_mean,5.91298177223856
vera4cast,chlorocast_xgboost,2026-10-11 00:00:00,2026-09-29 00:00:00,P1D,fcre,1.6,ensemble,1,Chla_ugL_mean,6.008356868228
vera4cast,chlorocast_xgboost,2026-10-12 00:00:00,2026-09-29 00:00:00,P1D,fcre,1.6,ensemble,1,Chla_ugL_mean,5.79799506809909
vera4cast,chlorocast_xgboost,2026-10-13 00:00:00,2026-09-29 00:00:00,P1D,fcre,1.6,ensemble,1,Chla_ugL_mean,6.10003119150729
vera4cast,chlorocast_xgboost,2026-10-14 00:00:00,2026-09-29 00:00:00,P1D,fcre,1.6,ensemble,1,Chla_ugL_mean,5.73545044254315
vera4cast,chlorocast_xgboost,2026-10-15 00:00:00,2026-09-29 00:00:00,P1D,fcre,1.6,ensemble,1,Chla_ugL_mean,5.50846609992563
vera4cast,chlorocast_xgboost,2026-10-16 00:00:00,2026-09-29 00:00:00,P1D,fcre,1.6,ensemble,1,Chla_ugL_mean,5.44401601785965
vera4cast,chlorocast_xgboost,2026-10-17 00:00:00,2026-09-29 00:00:00,P1D,fcre,1.6,ensemble,1,Chla_ugL_mean,5.09884089856344
vera4cast,chlorocast_xgboost,2026-10-18 00:00:00,2026-09-29 00:00:00,P1D,fcre,1.6,ensemble,1,Chla_ugL_mean,5.97944874593395
vera4cast,chlorocast_xgboost,2026-10-19 00:00:00,2026-09-29 00:00:00,P1D,fcre,1.6,ensemble,1,Chla_ugL_mean,5.74981434956449
vera4cast,chlorocast_xgboost,2026-10-20 00:00:00,2026-09-29 00:00:00,P1D,fcre,1.6,ensemble,1,Chla_ugL_mean,5.71932440121296
vera4cast,chlorocast_xgboost,2026-10-21 00:00:00,2026-09-29 00:00:00,P1D,fcre,1.6,ensemble,1,Chla_ugL_mean,5.20741925865428
vera4cast,chlorocast_xgboost,2026-10-22 00:00:00,2026-09-29 00:00:00,P1D,fcre,1.6,ensemble,1,Chla_ugL_mean,5.34116768128313
vera4cast,chlorocast_xgboost,2026-10-23 00:00:00,2026-09-29 00:00:00,P1D,fcre,1.6,ensemble,1,Chla_ugL_mean,5.09971342866601
vera4cast,chlorocast_xgboost,2026-10-24 00:00:00,2026-09-29 00:00:00,P1D,fcre,1.6,ensemble,1,Chla_ugL_mean,4.83284995687368
vera4cast,chlorocast_xgboost,2026-10-25 00:00:00,2026-09-29 00:00:00,P1D,fcre,1.6,ensemble,1,Chla_ugL_mean,4.64401741355437
vera4cast,chlorocast_xgboost,2026-10-26 00:00:00,2026-09-29 00:00:00,P1D,fcre,1.6,ensemble,1,Chla_ugL_mean,5.32505161348384
vera4cast,chlorocast_xgboost,2026-10-27 00:00:00,2026-09-29 00:00:00,P1D,fcre,1.6,ensemble,1,Chla_ugL_mean,4.67148045614707
vera4cast,chlorocast_xgboost,2026-10-28 00:00:00,2026-09-29 00:00:00,P1D,fcre,1.6,ensemble,1,Chla_ugL_mean,5.28641796379504
vera4cast,chlorocast_xgboost,2026-10-29 00:00:00,2026-09-29 00:00:00,P1D,fcre,1.6,ensemble,1,Chla_ugL_mean,5.64504084596227
vera4cast,chlorocast_xgboost,2026-10-30 00:00:00,2026-09-29 00:00:00,P1D,fcre,1.6,ensemble,1,Chla_ugL_mean,4.89505256655081
vera4cast,chlorocast_xgboost,2026-10-31 00:00:00,2026-09-29 00:00:00,P1D,fcre,1.6,ensemble,1,Chla_ugL_mean,5.34921859778755
vera4cast,chlorocast_xgboost,2026-11-01 00:00:00,2026-09-29 00:00:00,P1D,fcre,1.6,ensemble,1,Chla_ugL_mean,5.93789592253899
vera4cast,chlorocast_xgboost,2026-11-02 00:00:00,2026-09-29 00:00:00,P1D,fcre,1.6,ensemble,1,Chla_ugL_mean,5.46269773717322
vera4cast,chlorocast_xgboost,2026-11-03 00:00:00,2026-09-29 00:00:00,P1D,fcre,1.6,ensemble,1,Chla_ugL_mean,5.46784817390538
vera4cast,chlorocast_xgboost,2026-09-30 00:00:00,2026-09-29 00:00:00,P1D,fcre,1.6,ensemble,2,Chla_ugL_mean,6.04941471829453
vera4cast,chlorocast_xgboost,2026-10-01 00:00:00,2026-09-29 00:00:00,P1D,fcre,1.6,ensemble,2,Chla_ugL_mean,5.95947775463308
vera4cast,chlorocast_xgboost,2026-10-02 00:00:00,2026-09-29 00:00:00,P1D,fcre,1.6,ensemble,2,Chla_ugL_mean,5.8629641287799
vera4cast,chlorocast_xgboost,2026-10-03 00:00:00,2026-09-29 00:00:00,P1D,fcre,1.6,ensemble,2,Chla_ugL_mean,6.23208150685365
vera4cast,chlorocast_xgboost,2026-10-04 00:00:00,2026-09-29 00:00:00,P1D,fcre,1.6,ensemble,2,Chla_ugL_mean,6.70370771017564
vera4cast,chlorocast_xgboost,2026-10-05 00:00:00,2026-09-29 00:00:00,P1D,fcre,1.6,ensemble,2,Chla_ugL_mean,6.75946287465768
vera4cast,chlorocast_xgboost,2026-10-06 00:00:00,2026-09-29 00:00:00,P1D,fcre,1.6,ensemble,2,Chla_ugL_mean,6.45894217564573
vera4cast,chlorocast_xgboost,2026-10-07 00:00:00,2026-09-29 00:00:00,P1D,fcre,1.6,ensemble,2,Chla_ugL_mean,7.03275198801893
vera4cast,chlorocast_xgboost,2026-10-08 00:00:00,2026-09-29 00:00:00,P1D,fcre,1.6,ensemble,2,Chla_ugL_mean,7.40735630203597
vera4cast,chlorocast_xgboost,2026-10-09 00:00:00,2026-09-29 00:00:00,P1D,fcre,1.6,ensemble,2,Chla_ugL_mean,6.84039356152977
vera4cast,chlorocast_xgboost,2026-10-10 00:00:00,2026-09-29 00:00:00,P1D,fcre,1.6,ensemble,2,Chla_ugL_mean,6.58455860958638
vera4cast,chlorocast_xgboost,2026-10-11 00:00:00,2026-09-29 00:00:00,P1D,fcre,1.6,ensemble,2,Chla_ugL_mean,6.6647645662715
vera4cast,chlorocast_xgboost,2026-10-12 00:00:00,2026-09-29 00:00:00,P1D,fcre,1.6,ensemble,2,Chla_ugL_mean,6.43857100213175
vera4cast,chlorocast_xgboost,2026-10-13 00:00:00,2026-09-29 00:00:00,P1D,fcre,1.6,ensemble,2,Chla_ugL_mean,6.72590273836752
vera4cast,chlorocast_xgboost,2026-10-14 00:00:00,2026-09-29 00:00:00,P1D,fcre,1.6,ensemble,2,Chla_ugL_mean,6.3899298435228
vera4cast,chlorocast_xgboost,2026-10-15 00:00:00,2026-09-29 00:00:00,P1D,fcre,1.6,ensemble,2,Chla_ugL_mean,6.16798435698058
vera4cast,chlorocast_xgboost,2026-10-16 00:00:00,2026-09-29 00:00:00,P1D,fcre,1.6,ensemble,2,Chla_ugL_mean,6.0804567773349
vera4cast,chlorocast_xgboost,2026-10-17 00:00:00,2026-09-29 00:00:00,P1D,fcre,1.6,ensemble,2,Chla_ugL_mean,5.76803438244479
vera4cast,chlorocast_xgboost,2026-10-18 00:00:00,2026-09-29 00:00:00,P1D,fcre,1.6,ensemble,2,Chla_ugL_mean,6.59610703658322
vera4cast,chlorocast_xgboost,2026-10-19 00:00:00,2026-09-29 00:00:00,P1D,fcre,1.6,ensemble,2,Chla_ugL_mean,6.36870484976557
vera4cast,chlorocast_xgboost,2026-10-20 00:00:00,2026-09-29 00:00:00,P1D,fcre,1.6,ensemble,2,Chla_ugL_mean,6.31677309328606
vera4cast,chlorocast_xgboost,2026-10-21 00:00:00,2026-09-29 00:00:00,P1D,fcre,1.6,ensemble,2,Chla_ugL_mean,5.83815971452813
vera4cast,chlorocast_xgboost,2026-10-22 00:00:00,2026-09-29 00:00:00,P1D,fcre,1.6,ensemble,2,Chla_ugL_mean,5.95167454340065
vera4cast,chlorocast_xgboost,2026-10-23 00:00:00,2026-09-29 00:00:00,P1D,fcre,1.6,ensemble,2,Chla_ugL_mean,5.71088476675537
vera4cast,chlorocast_xgboost,2026-10-24 00:00:00,2026-09-29 00:00:00,P1D,fcre,1.6,ensemble,2,Chla_ugL_mean,5.47614178611031
vera4cast,chlorocast_xgboost,2026-10-25 00:00:00,2026-09-29 00:00:00,P1D,fcre,1.6,ensemble,2,Chla_ugL_mean,5.31100932977517
vera4cast,chlorocast_xgboost,2026-10-26 00:00:00,2026-09-29 00:00:00,P1D,fcre,1.6,ensemble,2,Chla_ugL_mean,5.93789443506078
vera4cast,chlorocast_xgboost,2026-10-27 00:00:00,2026-09-29 00:00:00,P1D,fcre,1.6,ensemble,2,Chla_ugL_mean,5.32408149409708
vera4cast,chlorocast_xgboost,2026-10-28 00:00:00,2026-09-29 00:00:00,P1D,fcre,1.6,ensemble,2,Chla_ugL_mean,5.88591903821662
vera4cast,chlorocast_xgboost,2026-10-29 00:00:00,2026-09-29 00:00:00,P1D,fcre,1.6,ensemble,2,Chla_ugL_mean,6.22256587546475
vera4cast,chlorocast_xgboost,2026-10-30 00:00:00,2026-09-29 00:00:00,P1D,fcre,1.6,ensemble,2,Chla_ugL_mean,5.53645680703257
vera4cast,chlorocast_xgboost,2026-10-31 00:00:00,2026-09-29 00:00:00,P1D,fcre,1.6,ensemble,2,Chla_ugL_mean,5.99844488951357
vera4cast,chlorocast_xgboost,2026-11-01 00:00:00,2026-09-29 00:00:00,P1D,fcre,1.6,ensemble,2,Chla_ugL_mean,6.51149959011545
vera4cast,chlorocast_xgboost,2026-11-02 00:00:00,2026-09-29 00:00:00,P1D,fcre,1.6,ensemble,2,Chla_ugL_mean,6.09294817067476
vera4cast,chlorocast_xgboost,2026-11-03 00:00:00,2026-09-29 00:00:00,P1D,fcre,1.6,ensemble,2,Chla_ugL_mean,6.09683265106523
vera4cast,chlorocast_xgboost,2026-09-30 00:00:00,2026-09-29 00:00:00,P1D,fcre,1.6,ensemble,3,Chla_ugL_mean,6.4237058482364
vera4cast,chlorocast_xgboost,2026-10-01 00:00:00,2026-09-29 00:00:00,P1D,fcre,1.6,ensemble,3,Chla_ugL_mean,6.35946173045861
vera4cast,chlorocast_xgboost,2026-10-02 00:00:00,2026-09-29 00:00:00,P1D,fcre,1.6,ensemble,3,Chla_ugL_mean,6.28562580365973
vera4cast,chlorocast_xgboost,2026-10-03 00:00:00,2026-09-29 00:00:00,P1D,fcre,1.6,ensemble,3,Chla_ugL_mean,6.6448758246554
vera4cast,chlorocast_xgboost,2026-10-04 00:00:00,2026-09-29 00:00:00,P1D,fcre,1.6,ensemble,3,Chla_ugL_mean,7.11885771660683
vera4cast,chlorocast_xgboost,2026-10-05 00:00:00,2026-09-29 00:00:00,P1D,fcre,1.6,ensemble,3,Chla_ugL_mean,7.16689021452328
vera4cast,chlorocast_xgboost,2026-10-06 00:00:00,2026-09-29 00:00:00,P1D,fcre,1.6,ensemble,3,Chla_ugL_mean,6.84933609347798
vera4cast,chlorocast_xgboost,2026-10-07 00:00:00,2026-09-29 00:00:00,P1D,fcre,1.6,ensemble,3,Chla_ugL_mean,7.38077776009961
vera4cast,chlorocast_xgboost,2026-10-08 00:00:00,2026-09-29 00:00:00,P1D,fcre,1.6,ensemble,3,Chla_ugL_mean,7.74098218785284
vera4cast,chlorocast_xgboost,2026-10-09 00:00:00,2026-09-29 00:00:00,P1D,fcre,1.6,ensemble,3,Chla_ugL_mean,7.19172423727862
vera4cast,chlorocast_xgboost,2026-10-10 00:00:00,2026-09-29 00:00:00,P1D,fcre,1.6,ensemble,3,Chla_ugL_mean,6.95164422625105
vera4cast,chlorocast_xgboost,2026-10-11 00:00:00,2026-09-29 00:00:00,P1D,fcre,1.6,ensemble,3,Chla_ugL_mean,7.0227040517
vera4cast,chlorocast_xgboost,2026-10-12 00:00:00,2026-09-29 00:00:00,P1D,fcre,1.6,ensemble,3,Chla_ugL_mean,6.78801369172172
vera4cast,chlorocast_xgboost,2026-10-13 00:00:00,2026-09-29 00:00:00,P1D,fcre,1.6,ensemble,3,Chla_ugL_mean,7.06590120665883
vera4cast,chlorocast_xgboost,2026-10-14 00:00:00,2026-09-29 00:00:00,P1D,fcre,1.6,ensemble,3,Chla_ugL_mean,6.74767537017146
vera4cast,chlorocast_xgboost,2026-10-15 00:00:00,2026-09-29 00:00:00,P1D,fcre,1.6,ensemble,3,Chla_ugL_mean,6.52950829088273
vera4cast,chlorocast_xgboost,2026-10-16 00:00:00,2026-09-29 00:00:00,P1D,fcre,1.6,ensemble,3,Chla_ugL_mean,6.42872104122733
vera4cast,chlorocast_xgboost,2026-10-17 00:00:00,2026-09-29 00:00:00,P1D,fcre,1.6,ensemble,3,Chla_ugL_mean,6.13695278282158
vera4cast,chlorocast_xgboost,2026-10-18 00:00:00,2026-09-29 00:00:00,P1D,fcre,1.6,ensemble,3,Chla_ugL_mean,6.93114732296343
vera4cast,chlorocast_xgboost,2026-10-19 00:00:00,2026-09-29 00:00:00,P1D,fcre,1.6,ensemble,3,Chla_ugL_mean,6.70573033977268
vera4cast,chlorocast_xgboost,2026-10-20 00:00:00,2026-09-29 00:00:00,P1D,fcre,1.6,ensemble,3,Chla_ugL_mean,6.64150204689044
vera4cast,chlorocast_xgboost,2026-10-21 00:00:00,2026-09-29 00:00:00,P1D,fcre,1.6,ensemble,3,Chla_ugL_mean,6.1839741528442
vera4cast,chlorocast_xgboost,2026-10-22 00:00:00,2026-09-29 00:00:00,P1D,fcre,1.6,ensemble,3,Chla_ugL_mean,6.28518077608155
vera4cast,chlorocast_xgboost,2026-10-23 00:00:00,2026-09-29 00:00:00,P1D,fcre,1.6,ensemble,3,Chla_ugL_mean,6.04564790548797
vera4cast,chlorocast_xgboost,2026-10-24 00:00:00,2026-09-29 00:00:00,P1D,fcre,1.6,ensemble,3,Chla_ugL_mean,5.83091557630215
vera4cast,chlorocast_xgboost,2026-10-25 00:00:00,2026-09-29 00:00:00,P1D,fcre,1.6,ensemble,3,Chla_ugL_mean,5.68080754173655
vera4cast,chlorocast_xgboost,2026-10-26 00:00:00,2026-09-29 00:00:00,P1D,fcre,1.6,ensemble,3,Chla_ugL_mean,6.27281736397586
vera4cast,chlorocast_xgboost,2026-10-27 00:00:00,2026-09-29 00:00:00,P1D,fcre,1.6,ensemble,3,Chla_ugL_mean,5.68514800428901
vera4cast,chlorocast_xgboost,2026-10-28 00:00:00,2026-09-29 00:00:00,P1D,fcre,1.6,ensemble,3,Chla_ugL_mean,6.21320885283693
vera4cast,chlorocast_xgboost,2026-10-29 00:00:00,2026-09-29 00:00:00,P1D,fcre,1.6,ensemble,3,Chla_ugL_mean,6.53603253756668
vera4cast,chlorocast_xgboost,2026-10-30 00:00:00,2026-09-29 00:00:00,P1D,fcre,1.6,ensemble,3,Chla_ugL_mean,5.88983567633304
vera4cast,chlorocast_xgboost,2026-10-31 00:00:00,2026-09-29 00:00:00,P1D,fcre,1.6,ensemble,3,Chla_ugL_mean,6.3545499022921
vera4cast,chlorocast_xgboost,2026-11-01 00:00:00,2026-09-29 00:00:00,P1D,fcre,1.6,ensemble,3,Chla_ugL_mean,6.82192798285252
vera4cast,chlorocast_xgboost,2026-11-02 00:00:00,2026-09-29 00:00:00,P1D,fcre,1.6,ensemble,3,Chla_ugL_mean,6.43753265665496
vera4cast,chlorocast_xgboost,2026-11-03 00:00:00,2026-09-29 00:00:00,P1D,fcre,1.6,ensemble,3,Chla_ugL_mean,6.44066080825138
vera4cast,chlorocast_xgboost,2026-09-30 00:00:00,2026-09-29 00:00:00,P1D,fcre,1.6,ensemble,4,Chla_ugL_mean,6.69615891252685
vera4cast,chlorocast_xgboost,2026-10-01 00:00:00,2026-09-29 00:00:00,P1D,fcre,1.6,ensemble,4,Chla_ugL_mean,6.65164078251186
vera4cast,chlorocast_xgboost,2026-10-02 00:00:00,2026-09-29 00:00:00,P1D,fcre,1.6,ensemble,4,Chla_ugL_mean,6.59538575323907
vera4cast,chlorocast_xgboost,2026-10-03 00:00:00,2026-09-29 00:00:00,P1D,fcre,1.6,ensemble,4,Chla_ugL_mean,6.94631723512527
vera4cast,chlorocast_xgboost,2026-10-04 00:00:00,2026-09-29 00:00:00,P1D,fcre,1.6,ensemble,4,Chla_ugL_mean,7.42124551447171
vera4cast,chlorocast_xgboost,2026-10-05 00:00:00,2026-09-29 00:00:00,P1D,fcre,1.6,ensemble,4,Chla_ugL_mean,7.46332353893279
vera4cast,chlorocast_xgboost,2026-10-06 00:00:00,2026-09-29 00:00:00,P1D,fcre,1.6,ensemble,4,Chla_ugL_mean,7.13333796258718
vera4cast,chlorocast_xgboost,2026-10-07 00:00:00,2026-09-29 00:00:00,P1D,fcre,1.6,ensemble,4,Chla_ugL_mean,7.63212136804035
vera4cast,chlorocast_xgboost,2026-10-08 00:00:00,2026-09-29 00:00:00,P1D,fcre,1.6,ensemble,4,Chla_ugL_mean,7.98121372919061
vera4cast,chlorocast_xgboost,2026-10-09 00:00:00,2026-09-29 00:00:00,P1D,fcre,1.6,ensemble,4,Chla_ugL_mean,7.44576021070798
vera4cast,chlorocast_xgboost,2026-10-10 00:00:00,2026-09-29 00:00:00,P1D,fcre,1.6,ensemble,4,Chla_ugL_mean,7.21784354858688
vera4cast,chlorocast_xgboost,2026-10-11 00:00:00,2026-09-29 00:00:00,P1D,fcre,1.6,ensemble,4,Chla_ugL_mean,7.28191466396895
vera4cast,chlorocast_xgboost,2026-10-12 00:00:00,2026-09-29 00:00:00,P1D,fcre,1.6,ensemble,4,Chla_ugL_mean,7.04112798281335
vera4cast,chlorocast_xgboost,2026-10-13 00:00:00,2026-09-29 00:00:00,P1D,fcre,1.6,ensemble,4,Chla_ugL_mean,7.31158332805409
vera4cast,chlorocast_xgboost,2026-10-14 00:00:00,2026-09-29 00:00:00,P1D,fcre,1.6,ensemble,4,Chla_ugL_mean,7.00710380372704
vera4cast,chlorocast_xgboost,2026-10-15 00:00:00,2026-09-29 00:00:00,P1D,fcre,1.6,ensemble,4,Chla_ugL_mean,6.79210543289969
vera4cast,chlorocast_xgboost,2026-10-16 00:00:00,2026-09-29 00:00:00,P1D,fcre,1.6,ensemble,4,Chla_ugL_mean,6.68143225274646
vera4cast,chlorocast_xgboost,2026-10-17 00:00:00,2026-09-29 00:00:00,P1D,fcre,1.6,ensemble,4,Chla_ugL_mean,6.40579990705421
vera4cast,chlorocast_xgboost,2026-10-18 00:00:00,2026-09-29 00:00:00,P1D,fcre,1.6,ensemble,4,Chla_ugL_mean,7.17326615336337
vera4cast,chlorocast_xgboost,2026-10-19 00:00:00,2026-09-29 00:00:00,P1D,fcre,1.6,ensemble,4,Chla_ugL_mean,6.94960570827985
vera4cast,chlorocast_xgboost,2026-10-20 00:00:00,2026-09-29 00:00:00,P1D,fcre,1.6,ensemble,4,Chla_ugL_mean,6.87622157503297
vera4cast,chlorocast_xgboost,2026-10-21 00:00:00,2026-09-29 00:00:00,P1D,fcre,1.6,ensemble,4,Chla_ugL_mean,6.43518790675591
vera4cast,chlorocast_xgboost,2026-10-22 00:00:00,2026-09-29 00:00:00,P1D,fcre,1.6,ensemble,4,Chla_ugL_mean,6.52694654392345
vera4cast,chlorocast_xgboost,2026-10-23 00:00:00,2026-09-29 00:00:00,P1D,fcre,1.6,ensemble,4,Chla_ugL_mean,6.28869883025471
vera4cast,chlorocast_xgboost,2026-10-24 00:00:00,2026-09-29 00:00:00,P1D,fcre,1.6,ensemble,4,Chla_ugL_mean,6.08951146839587
vera4cast,chlorocast_xgboost,2026-10-25 00:00:00,2026-09-29 00:00:00,P1D,fcre,1.6,ensemble,4,Chla_ugL_mean,5.95117912418663
vera4cast,chlorocast_xgboost,2026-10-26 00:00:00,2026-09-29 00:00:00,P1D,fcre,1.6,ensemble,4,Chla_ugL_mean,6.51566884600514
vera4cast,chlorocast_xgboost,2026-10-27 00:00:00,2026-09-29 00:00:00,P1D,fcre,1.6,ensemble,4,Chla_ugL_mean,5.94881869917246
vera4cast,chlorocast_xgboost,2026-10-28 00:00:00,2026-09-29 00:00:00,P1D,fcre,1.6,ensemble,4,Chla_ugL_mean,6.45038300449259
vera4cast,chlorocast_xgboost,2026-10-29 00:00:00,2026-09-29 00:00:00,P1D,fcre,1.6,ensemble,4,Chla_ugL_mean,6.76243142293167
vera4cast,chlorocast_xgboost,2026-10-30 00:00:00,2026-09-29 00:00:00,P1D,fcre,1.6,ensemble,4,Chla_ugL_mean,6.14726626275326
vera4cast,chlorocast_xgboost,2026-10-31 00:00:00,2026-09-29 00:00:00,P1D,fcre,1.6,ensemble,4,Chla_ugL_mean,6.61330419796241
vera4cast,chlorocast_xgboost,2026-11-01 00:00:00,2026-09-29 00:00:00,P1D,fcre,1.6,ensemble,4,Chla_ugL_mean,7.04575517620318
vera4cast,chlorocast_xgboost,2026-11-02 00:00:00,2026-09-29 00:00:00,P1D,fcre,1.6,ensemble,4,Chla_ugL_mean,6.68745159662198
vera4cast,chlorocast_xgboost,2026-11-03 00:00:00,2026-09-29 00:00:00,P1D,fcre,1.6,ensemble,4,Chla_ugL_mean,6.69000439888768
vera4cast,chlorocast_xgboost,2026-09-30 00:00:00,2026-09-29 00:00:00,P1D,fcre,1.6,ensemble,5,Chla_ugL_mean,6.91545641499243
vera4cast,chlorocast_xgboost,2026-10-01 00:00:00,2026-09-29 00:00:00,P1D,fcre,1.6,ensemble,5,Chla_ugL_mean,6.88742047329252
vera4cast,chlorocast_xgboost,2026-10-02 00:00:00,2026-09-29 00:00:00,P1D,fcre,1.6,ensemble,5,Chla_ugL_mean,6.8459539875439
vera4cast,chlorocast_xgboost,2026-10-03 00:00:00,2026-09-29 00:00:00,P1D,fcre,1.6,ensemble,5,Chla_ugL_mean,7.18951511256433
vera4cast,chlorocast_xgboost,2026-10-04 00:00:00,2026-09-29 00:00:00,P1D,fcre,1.6,ensemble,5,Chla_ugL_mean,7.66475111720244
vera4cast,chlorocast_xgboost,2026-10-05 00:00:00,2026-09-29 00:00:00,P1D,fcre,1.6,ensemble,5,Chla_ugL_mean,7.70184024463702
vera4cast,chlorocast_xgboost,2026-10-06 00:00:00,2026-09-29 00:00:00,P1D,fcre,1.6,ensemble,5,Chla_ugL_mean,7.36182945188405
vera4cast,chlorocast_xgboost,2026-10-07 00:00:00,2026-09-29 00:00:00,P1D,fcre,1.6,ensemble,5,Chla_ugL_mean,7.8332637980346
vera4cast,chlorocast_xgboost,2026-10-08 00:00:00,2026-09-29 00:00:00,P1D,fcre,1.6,ensemble,5,Chla_ugL_mean,8.17304752570563
vera4cast,chlorocast_xgboost,2026-10-09 00:00:00,2026-09-29 00:00:00,P1D,fcre,1.6,ensemble,5,Chla_ugL_mean,7.64923632101823
vera4cast,chlorocast_xgboost,2026-10-10 00:00:00,2026-09-29 00:00:00,P1D,fcre,1.6,ensemble,5,Chla_ugL_mean,7.43151534587118
vera4cast,chlorocast_xgboost,2026-10-11 00:00:00,2026-09-29 00:00:00,P1D,fcre,1.6,ensemble,5,Chla_ugL_mean,7.48976787100077
vera4cast,chlorocast_xgboost,2026-10-12 00:00:00,2026-09-29 00:00:00,P1D,fcre,1.6,ensemble,5,Chla_ugL_mean,7.244126082357
vera4cast,chlorocast_xgboost,2026-10-13 00:00:00,2026-09-29 00:00:00,P1D,fcre,1.6,ensemble,5,Chla_ugL_mean,7.50827459156763
vera4cast,chlorocast_xgboost,2026-10-14 00:00:00,2026-09-29 00:00:00,P1D,fcre,1.6,ensemble,5,Chla_ugL_mean,7.21534209867177
vera4cast,chlorocast_xgboost,2026-10-15 00:00:00,2026-09-29 00:00:00,P1D,fcre,1.6,ensemble,5,Chla_ugL_mean,7.00313929169578
vera4cast,chlorocast_xgboost,2026-10-16 00:00:00,2026-09-29 00:00:00,P1D,fcre,1.6,ensemble,5,Chla_ugL_mean,6.88437180438611
vera4cast,chlorocast_xgboost,2026-10-17 00:00:00,2026-09-29 00:00:00,P1D,fcre,1.6,ensemble,5,Chla_ugL_mean,6.62237476260042
vera4cast,chlorocast_xgboost,2026-10-18 00:00:00,2026-09-29 00:00:00,P1D,fcre,1.6,ensemble,5,Chla_ugL_mean,7.36711608166274
vera4cast,chlorocast_xgboost,2026-10-19 00:00:00,2026-09-29 00:00:00,P1D,fcre,1.6,ensemble,5,Chla_ugL_mean,7.14505074613113
vera4cast,chlorocast_xgboost,2026-10-20 00:00:00,2026-09-29 00:00:00,P1D,fcre,1.6,ensemble,5,Chla_ugL_mean,7.06417793154319
vera4cast,chlorocast_xgboost,2026-10-21 00:00:00,2026-09-29 00:00:00,P1D,fcre,1.6,ensemble,5,Chla_ugL_mean,6.63708971111574
vera4cast,chlorocast_xgboost,2026-10-22 00:00:00,2026-09-29 00:00:00,P1D,fcre,1.6,ensemble,5,Chla_ugL_mean,6.72095750380505
vera4cast,chlorocast_xgboost,2026-10-23 00:00:00,2026-09-29 00:00:00,P1D,fcre,1.6,ensemble,5,Chla_ugL_mean,6.48396095408383
vera4cast,chlorocast_xgboost,2026-10-24 00:00:00,2026-09-29 00:00:00,P1D,fcre,1.6,ensemble,5,Chla_ugL_mean,6.29786160062927
vera4cast,chlorocast_xgboost,2026-10-25 00:00:00,2026-09-29 00:00:00,P1D,fcre,1.6,ensemble,5,Chla_ugL_mean,6.16950416890659
vera4cast,chlorocast_xgboost,2026-10-26 00:00:00,2026-09-29 00:00:00,P1D,fcre,1.6,ensemble,5,Chla_ugL_mean,6.71058554432033
vera4cast,chlorocast_xgboost,2026-10-27 00:00:00,2026-09-29 00:00:00,P1D,fcre,1.6,ensemble,5,Chla_ugL_mean,6.16154575064022
vera4cast,chlorocast_xgboost,2026-10-28 00:00:00,2026-09-29 00:00:00,P1D,fcre,1.6,ensemble,5,Chla_ugL_mean,6.64065930453858
vera4cast,chlorocast_xgboost,2026-10-29 00:00:00,2026-09-29 00:00:00,P1D,fcre,1.6,ensemble,5,Chla_ugL_mean,6.94361945402217
vera4cast,chlorocast_xgboost,2026-10-30 00:00:00,2026-09-29 00:00:00,P1D,fcre,1.6,ensemble,5,Chla_ugL_mean,6.35458998731648
vera4cast,chlorocast_xgboost,2026-10-31 00:00:00,2026-09-29 00:00:00,P1D,fcre,1.6,ensemble,5,Chla_ugL_mean,6.82130463125019
vera4cast,chlorocast_xgboost,2026-11-01 00:00:00,2026-09-29 00:00:00,P1D,fcre,1.6,ensemble,5,Chla_ugL_mean,7.22466450883585
vera4cast,chlorocast_xgboost,2026-11-02 00:00:00,2026-09-29 00:00:00,P1D,fcre,1.6,ensemble,5,Chla_ugL_mean,6.88807710702068
vera4cast,chlorocast_xgboost,2026-11-03 00:00:00,2026-09-29 00:00:00,P1D,fcre,1.6,ensemble,5,Chla_ugL_mean,6.89015230174418
vera4cast,chlorocast_xgboost,2026-09-30 00:00:00,2026-09-29 00:00:00,P1D,fcre,1.6,ensemble,6,Chla_ugL_mean,7.10157104446488
vera4cast,chlorocast_xgboost,2026-10-01 00:00:00,2026-09-29 00:00:00,P1D,fcre,1.6,ensemble,6,Chla_ugL_mean,7.08793526028505
vera4cast,chlorocast_xgboost,2026-10-02 00:00:00,2026-09-29 00:00:00,P1D,fcre,1.6,ensemble,6,Chla_ugL_mean,7.05945584782683
vera4cast,chlorocast_xgboost,2026-10-03 00:00:00,2026-09-29 00:00:00,P1D,fcre,1.6,ensemble,6,Chla_ugL_mean,7.39630026210156
vera4cast,chlorocast_xgboost,2026-10-04 00:00:00,2026-09-29 00:00:00,P1D,fcre,1.6,ensemble,6,Chla_ugL_mean,7.87148807206652
vera4cast,chlorocast_xgboost,2026-10-05 00:00:00,2026-09-29 00:00:00,P1D,fcre,1.6,ensemble,6,Chla_ugL_mean,7.90420987517112
vera4cast,chlorocast_xgboost,2026-10-06 00:00:00,2026-09-29 00:00:00,P1D,fcre,1.6,ensemble,6,Chla_ugL_mean,7.5556778301125
vera4cast,chlorocast_xgboost,2026-10-07 00:00:00,2026-09-29 00:00:00,P1D,fcre,1.6,ensemble,6,Chla_ugL_mean,8.00318347350353
vera4cast,chlorocast_xgboost,2026-10-08 00:00:00,2026-09-29 00:00:00,P1D,fcre,1.6,ensemble,6,Chla_ugL_mean,8.33482267820689
vera4cast,chlorocast_xgboost,2026-10-09 00:00:00,2026-09-29 00:00:00,P1D,fcre,1.6,ensemble,6,Chla_ugL_mean,7.82124864953794
vera4cast,chlorocast_xgboost,2026-10-10 00:00:00,2026-09-29 00:00:00,P1D,fcre,1.6,ensemble,6,Chla_ugL_mean,7.61245414048494
vera4cast,chlorocast_xgboost,2026-10-11 00:00:00,2026-09-29 00:00:00,P1D,fcre,1.6,ensemble,6,Chla_ugL_mean,7.66563790197948
vera4cast,chlorocast_xgboost,2026-10-12 00:00:00,2026-09-29 00:00:00,P1D,fcre,1.6,ensemble,6,Chla_ugL_mean,7.41591067909565
vera4cast,chlorocast_xgboost,2026-10-13 00:00:00,2026-09-29 00:00:00,P1D,fcre,1.6,ensemble,6,Chla_ugL_mean,7.67448786877575
vera4cast,chlorocast_xgboost,2026-10-14 00:00:00,2026-09-29 00:00:00,P1D,fcre,1.6,ensemble,6,Chla_ugL_mean,7.39168066500537
vera4cast,chlorocast_xgboost,2026-10-15 00:00:00,2026-09-29 00:00:00,P1D,fcre,1.6,ensemble,6,Chla_ugL_mean,7.1820163103763
vera4cast,chlorocast_xgboost,2026-10-16 00:00:00,2026-09-29 00:00:00,P1D,fcre,1.6,ensemble,6,Chla_ugL_mean,7.05628645405005
vera4cast,chlorocast_xgboost,2026-10-17 00:00:00,2026-09-29 00:00:00,P1D,fcre,1.6,ensemble,6,Chla_ugL_mean,6.80630099434892
vera4cast,chlorocast_xgboost,2026-10-18 00:00:00,2026-09-29 00:00:00,P1D,fcre,1.6,ensemble,6,Chla_ugL_mean,7.53093601864412
vera4cast,chlorocast_xgboost,2026-10-19 00:00:00,2026-09-29 00:00:00,P1D,fcre,1.6,ensemble,6,Chla_ugL_mean,7.3103465306955
vera4cast,chlorocast_xgboost,2026-10-20 00:00:00,2026-09-29 00:00:00,P1D,fcre,1.6,ensemble,6,Chla_ugL_mean,7.22303800300283
vera4cast,chlorocast_xgboost,2026-10-21 00:00:00,2026-09-29 00:00:00,P1D,fcre,1.6,ensemble,6,Chla_ugL_mean,6.80823712801708
vera4cast,chlorocast_xgboost,2026-10-22 00:00:00,2026-09-29 00:00:00,P1D,fcre,1.6,ensemble,6,Chla_ugL_mean,6.88521440639557
vera4cast,chlorocast_xgboost,2026-10-23 00:00:00,2026-09-29 00:00:00,P1D,fcre,1.6,ensemble,6,Chla_ugL_mean,6.64942634658552
vera4cast,chlorocast_xgboost,2026-10-24 00:00:00,2026-09-29 00:00:00,P1D,fcre,1.6,ensemble,6,Chla_ugL_mean,6.47482566892063
vera4cast,chlorocast_xgboost,2026-10-25 00:00:00,2026-09-29 00:00:00,P1D,fcre,1.6,ensemble,6,Chla_ugL_mean,6.35527262352589
vera4cast,chlorocast_xgboost,2026-10-26 00:00:00,2026-09-29 00:00:00,P1D,fcre,1.6,ensemble,6,Chla_ugL_mean,6.87563265872879
vera4cast,chlorocast_xgboost,2026-10-27 00:00:00,2026-09-29 00:00:00,P1D,fcre,1.6,ensemble,6,Chla_ugL_mean,6.34242364006355
vera4cast,chlorocast_xgboost,2026-10-28 00:00:00,2026-09-29 00:00:00,P1D,fcre,1.6,ensemble,6,Chla_ugL_mean,6.80172041292015
vera4cast,chlorocast_xgboost,2026-10-29 00:00:00,2026-09-29 00:00:00,P1D,fcre,1.6,ensemble,6,Chla_ugL_mean,7.09668766148952
vera4cast,chlorocast_xgboost,2026-10-30 00:00:00,2026-09-29 00:00:00,P1D,fcre,1.6,ensemble,6,Chla_ugL_mean,6.5306227575541
vera4cast,chlorocast_xgboost,2026-10-31 00:00:00,2026-09-29 00:00:00,P1D,fcre,1.6,ensemble,6,Chla_ugL_mean,6.99764768571005
vera4cast,chlorocast_xgboost,2026-11-01 00:00:00,2026-09-29 00:00:00,P1D,fcre,1.6,ensemble,6,Chla_ugL_mean,7.37565862947737
vera4cast,chlorocast_xgboost,2026-11-02 00:00:00,2026-09-29 00:00:00,P1D,fcre,1.6,ensemble,6,Chla_ugL_mean,7.05798285133747
vera4cast,chlorocast_xgboost,2026-11-03 00:00:00,2026-09-29 00:00:00,P1D,fcre,1.6,ensemble,6,Chla_ugL_mean,7.05964289710121
vera4cast,chlorocast_xgboost,2026-09-30 00:00:00,2026-09-29 00:00:00,P1D,fcre,1.6,ensemble,7,Chla_ugL_mean,7.26479486491327
vera4cast,chlorocast_xgboost,2026-10-01 00:00:00,2026-09-29 00:00:00,P1D,fcre,1.6,ensemble,7,Chla_ugL_mean,7.26409271967602
vera4cast,chlorocast_xgboost,2026-10-02 00:00:00,2026-09-29 00:00:00,P1D,fcre,1.6,ensemble,7,Chla_ugL_mean,7.24732673774518
vera4cast,chlorocast_xgboost,2026-10-03 00:00:00,2026-09-29 00:00:00,P1D,fcre,1.6,ensemble,7,Chla_ugL_mean,7.5779380836276
vera4cast,chlorocast_xgboost,2026-10-04 00:00:00,2026-09-29 00:00:00,P1D,fcre,1.6,ensemble,7,Chla_ugL_mean,8.05285485101617
vera4cast,chlorocast_xgboost,2026-10-05 00:00:00,2026-09-29 00:00:00,P1D,fcre,1.6,ensemble,7,Chla_ugL_mean,8.08164808365488
vera4cast,chlorocast_xgboost,2026-10-06 00:00:00,2026-09-29 00:00:00,P1D,fcre,1.6,ensemble,7,Chla_ugL_mean,7.72563325685437
vera4cast,chlorocast_xgboost,2026-10-07 00:00:00,2026-09-29 00:00:00,P1D,fcre,1.6,ensemble,7,Chla_ugL_mean,8.15162588845092
vera4cast,chlorocast_xgboost,2026-10-08 00:00:00,2026-09-29 00:00:00,P1D,fcre,1.6,ensemble,7,Chla_ugL_mean,8.47594389824662
vera4cast,chlorocast_xgboost,2026-10-09 00:00:00,2026-09-29 00:00:00,P1D,fcre,1.6,ensemble,7,Chla_ugL_mean,7.97160838104994
vera4cast,chlorocast_xgboost,2026-10-10 00:00:00,2026-09-29 00:00:00,P1D,fcre,1.6,ensemble,7,Chla_ugL_mean,7.77084311269228
vera4cast,chlorocast_xgboost,2026-10-11 00:00:00,2026-09-29 00:00:00,P1D,fcre,1.6,ensemble,7,Chla_ugL_mean,7.81948563445091
vera4cast,chlorocast_xgboost,2026-10-12 00:00:00,2026-09-29 00:00:00,P1D,fcre,1.6,ensemble,7,Chla_ugL_mean,7.56620118896507
vera4cast,chlorocast_xgboost,2026-10-13 00:00:00,2026-09-29 00:00:00,P1D,fcre,1.6,ensemble,7,Chla_ugL_mean,7.8197319404596
vera4cast,chlorocast_xgboost,2026-10-14 00:00:00,2026-09-29 00:00:00,P1D,fcre,1.6,ensemble,7,Chla_ugL_mean,7.54604338363587
vera4cast,chlorocast_xgboost,2026-10-15 00:00:00,2026-09-29 00:00:00,P1D,fcre,1.6,ensemble,7,Chla_ugL_mean,7.33872730235489
vera4cast,chlorocast_xgboost,2026-10-16 00:00:00,2026-09-29 00:00:00,P1D,fcre,1.6,ensemble,7,Chla_ugL_mean,7.20682308748541
vera4cast,chlorocast_xgboost,2026-10-17 00:00:00,2026-09-29 00:00:00,P1D,fcre,1.6,ensemble,7,Chla_ugL_mean,6.96769586634204
vera4cast,chlorocast_xgboost,2026-10-18 00:00:00,2026-09-29 00:00:00,P1D,fcre,1.6,ensemble,7,Chla_ugL_mean,7.67409436707053
vera4cast,chlorocast_xgboost,2026-10-19 00:00:00,2026-09-29 00:00:00,P1D,fcre,1.6,ensemble,7,Chla_ugL_mean,7.45488865933367
vera4cast,chlorocast_xgboost,2026-10-20 00:00:00,2026-09-29 00:00:00,P1D,fcre,1.6,ensemble,7,Chla_ugL_mean,7.36187727447795
vera4cast,chlorocast_xgboost,2026-10-21 00:00:00,2026-09-29 00:00:00,P1D,fcre,1.6,ensemble,7,Chla_ugL_mean,6.95818441197776
vera4cast,chlorocast_xgboost,2026-10-22 00:00:00,2026-09-29 00:00:00,P1D,fcre,1.6,ensemble,7,Chla_ugL_mean,7.02897622716213
vera4cast,chlorocast_xgboost,2026-10-23 00:00:00,2026-09-29 00:00:00,P1D,fcre,1.6,ensemble,7,Chla_ugL_mean,6.79435584707785
vera4cast,chlorocast_xgboost,2026-10-24 00:00:00,2026-09-29 00:00:00,P1D,fcre,1.6,ensemble,7,Chla_ugL_mean,6.63012800952601
vera4cast,chlorocast_xgboost,2026-10-25 00:00:00,2026-09-29 00:00:00,P1D,fcre,1.6,ensemble,7,Chla_ugL_mean,6.51854728768437
vera4cast,chlorocast_xgboost,2026-10-26 00:00:00,2026-09-29 00:00:00,P1D,fcre,1.6,ensemble,7,Chla_ugL_mean,7.02010331380646
vera4cast,chlorocast_xgboost,2026-10-27 00:00:00,2026-09-29 00:00:00,P1D,fcre,1.6,ensemble,7,Chla_ugL_mean,6.50130579032291
vera4cast,chlorocast_xgboost,2026-10-28 00:00:00,2026-09-29 00:00:00,P1D,fcre,1.6,ensemble,7,Chla_ugL_mean,6.94266023768373
vera4cast,chlorocast_xgboost,2026-10-29 00:00:00,2026-09-29 00:00:00,P1D,fcre,1.6,ensemble,7,Chla_ugL_mean,7.23041259510813
vera4cast,chlorocast_xgboost,2026-10-30 00:00:00,2026-09-29 00:00:00,P1D,fcre,1.6,ensemble,7,Chla_ugL_mean,6.6850638649976
vera4cast,chlorocast_xgboost,2026-10-31 00:00:00,2026-09-29 00:00:00,P1D,fcre,1.6,ensemble,7,Chla_ugL_mean,7.15216617142591
vera4cast,chlorocast_xgboost,2026-11-01 00:00:00,2026-09-29 00:00:00,P1D,fcre,1.6,ensemble,7,Chla_ugL_mean,7.50746212208989
vera4cast,chlorocast_xgboost,2026-11-02 00:00:00,2026-09-29 00:00:00,P1D,fcre,1.6,ensemble,7,Chla_ugL_mean,7.2067245701106
vera4cast,chlorocast_xgboost,2026-11-03 00:00:00,2026-09-29 00:00:00,P1D,fcre,1.6,ensemble,7,Chla_ugL_mean,7.20801331772657
vera4cast,chlorocast_xgboost,2026-09-30 00:00:00,2026-09-29 00:00:00,P1D,fcre,1.6,ensemble,8,Chla_ugL_mean,7.41117866225577
vera4cast,chlorocast_xgboost,2026-10-01 00:00:00,2026-09-29 00:00:00,P1D,fcre,1.6,ensemble,8,Chla_ugL_mean,7.42231341812776
vera4cast,chlorocast_xgboost,2026-10-02 00:00:00,2026-09-29 00:00:00,P1D,fcre,1.6,ensemble,8,Chla_ugL_mean,7.41630564713252
vera4cast,chlorocast_xgboost,2026-10-03 00:00:00,2026-09-29 00:00:00,P1D,fcre,1.6,ensemble,8,Chla_ugL_mean,7.74105903621453
vera4cast,chlorocast_xgboost,2026-10-04 00:00:00,2026-09-29 00:00:00,P1D,fcre,1.6,ensemble,8,Chla_ugL_mean,8.2155542125572
vera4cast,chlorocast_xgboost,2026-10-05 00:00:00,2026-09-29 00:00:00,P1D,fcre,1.6,ensemble,8,Chla_ugL_mean,8.24074754202439
vera4cast,chlorocast_xgboost,2026-10-06 00:00:00,2026-09-29 00:00:00,P1D,fcre,1.6,ensemble,8,Chla_ugL_mean,7.87801448092854
vera4cast,chlorocast_xgboost,2026-10-07 00:00:00,2026-09-29 00:00:00,P1D,fcre,1.6,ensemble,8,Chla_ugL_mean,8.28430447722199
vera4cast,chlorocast_xgboost,2026-10-08 00:00:00,2026-09-29 00:00:00,P1D,fcre,1.6,ensemble,8,Chla_ugL_mean,8.60191898690453
vera4cast,chlorocast_xgboost,2026-10-09 00:00:00,2026-09-29 00:00:00,P1D,fcre,1.6,ensemble,8,Chla_ugL_mean,8.10606993354716
vera4cast,chlorocast_xgboost,2026-10-10 00:00:00,2026-09-29 00:00:00,P1D,fcre,1.6,ensemble,8,Chla_ugL_mean,7.91266103093602
vera4cast,chlorocast_xgboost,2026-10-11 00:00:00,2026-09-29 00:00:00,P1D,fcre,1.6,ensemble,8,Chla_ugL_mean,7.95715646554381
vera4cast,chlorocast_xgboost,2026-10-12 00:00:00,2026-09-29 00:00:00,P1D,fcre,1.6,ensemble,8,Chla_ugL_mean,7.70070176638047
vera4cast,chlorocast_xgboost,2026-10-13 00:00:00,2026-09-29 00:00:00,P1D,fcre,1.6,ensemble,8,Chla_ugL_mean,7.94958256543675
vera4cast,chlorocast_xgboost,2026-10-14 00:00:00,2026-09-29 00:00:00,P1D,fcre,1.6,ensemble,8,Chla_ugL_mean,7.68425680068225
vera4cast,chlorocast_xgboost,2026-10-15 00:00:00,2026-09-29 00:00:00,P1D,fcre,1.6,ensemble,8,Chla_ugL_mean,7.47914150857194
vera4cast,chlorocast_xgboost,2026-10-16 00:00:00,2026-09-29 00:00:00,P1D,fcre,1.6,ensemble,8,Chla_ugL_mean,7.3416468796999
vera4cast,chlorocast_xgboost,2026-10-17 00:00:00,2026-09-29 00:00:00,P1D,fcre,1.6,ensemble,8,Chla_ugL_mean,7.1125097765549
vera4cast,chlorocast_xgboost,2026-10-18 00:00:00,2026-09-29 00:00:00,P1D,fcre,1.6,ensemble,8,Chla_ugL_mean,7.80208472866294
vera4cast,chlorocast_xgboost,2026-10-19 00:00:00,2026-09-29 00:00:00,P1D,fcre,1.6,ensemble,8,Chla_ugL_mean,7.58418927575531
vera4cast,chlorocast_xgboost,2026-10-20 00:00:00,2026-09-29 00:00:00,P1D,fcre,1.6,ensemble,8,Chla_ugL_mean,7.48601800442452
vera4cast,chlorocast_xgboost,2026-10-21 00:00:00,2026-09-29 00:00:00,P1D,fcre,1.6,ensemble,8,Chla_ugL_mean,7.09254455793665
vera4cast,chlorocast_xgboost,2026-10-22 00:00:00,2026-09-29 00:00:00,P1D,fcre,1.6,ensemble,8,Chla_ugL_mean,7.15767845289869
vera4cast,chlorocast_xgboost,2026-10-23 00:00:00,2026-09-29 00:00:00,P1D,fcre,1.6,ensemble,8,Chla_ugL_mean,6.92418900605293
vera4cast,chlorocast_xgboost,2026-10-24 00:00:00,2026-09-29 00:00:00,P1D,fcre,1.6,ensemble,8,Chla_ugL_mean,6.76948836292583
vera4cast,chlorocast_xgboost,2026-10-25 00:00:00,2026-09-29 00:00:00,P1D,fcre,1.6,ensemble,8,Chla_ugL_mean,6.66525332566296
vera4cast,chlorocast_xgboost,2026-10-26 00:00:00,2026-09-29 00:00:00,P1D,fcre,1.6,ensemble,8,Chla_ugL_mean,7.14945351195058
vera4cast,chlorocast_xgboost,2026-10-27 00:00:00,2026-09-29 00:00:00,P1D,fcre,1.6,ensemble,8,Chla_ugL_mean,6.64399164088357
vera4cast,chlorocast_xgboost,2026-10-28 00:00:00,2026-09-29 00:00:00,P1D,fcre,1.6,ensemble,8,Chla_ugL_mean,7.06881668172217
vera4cast,chlorocast_xgboost,2026-10-29 00:00:00,2026-09-29 00:00:00,P1D,fcre,1.6,ensemble,8,Chla_ugL_mean,7.34993974400598
vera4cast,chlorocast_xgboost,2026-10-30 00:00:00,2026-09-29 00:00:00,P1D,fcre,1.6,ensemble,8,Chla_ugL_mean,6.82361716107207
vera4cast,chlorocast_xgboost,2026-10-31 00:00:00,2026-09-29 00:00:00,P1D,fcre,1.6,ensemble,8,Chla_ugL_mean,7.29063724471348
vera4cast,chlorocast_xgboost,2026-11-01 00:00:00,2026-09-29 00:00:00,P1D,fcre,1.6,ensemble,8,Chla_ugL_mean,7.62518692831669
vera4cast,chlorocast_xgboost,2026-11-02 00:00:00,2026-09-29 00:00:00,P1D,fcre,1.6,ensemble,8,Chla_ugL_mean,7.33991294092946
vera4cast,chlorocast_xgboost,2026-11-03 00:00:00,2026-09-29 00:00:00,P1D,fcre,1.6,ensemble,8,Chla_ugL_mean,7.34086310206598
vera4cast,chlorocast_xgboost,2026-09-30 00:00:00,2026-09-29 00:00:00,P1D,fcre,1.6,ensemble,9,Chla_ugL_mean,7.5446033513076
vera4cast,chlorocast_xgboost,2026-10-01 00:00:00,2026-09-29 00:00:00,P1D,fcre,1.6,ensemble,9,Chla_ugL_mean,7.56671969753886
vera4cast,chlorocast_xgboost,2026-10-02 00:00:00,2026-09-29 00:00:00,P1D,fcre,1.6,ensemble,9,Chla_ugL_mean,7.57072351614056
vera4cast,chlorocast_xgboost,2026-10-03 00:00:00,2026-09-29 00:00:00,P1D,fcre,1.6,ensemble,9,Chla_ugL_mean,7.88991982914677
vera4cast,chlorocast_xgboost,2026-10-04 00:00:00,2026-09-29 00:00:00,P1D,fcre,1.6,ensemble,9,Chla_ugL_mean,8.36388604916685
vera4cast,chlorocast_xgboost,2026-10-05 00:00:00,2026-09-29 00:00:00,P1D,fcre,1.6,ensemble,9,Chla_ugL_mean,8.3857361354489
vera4cast,chlorocast_xgboost,2026-10-06 00:00:00,2026-09-29 00:00:00,P1D,fcre,1.6,ensemble,9,Chla_ugL_mean,8.01687355864956
vera4cast,chlorocast_xgboost,2026-10-07 00:00:00,2026-09-29 00:00:00,P1D,fcre,1.6,ensemble,9,Chla_ugL_mean,8.40487520107946
vera4cast,chlorocast_xgboost,2026-10-08 00:00:00,2026-09-29 00:00:00,P1D,fcre,1.6,ensemble,9,Chla_ugL_mean,8.71626919343345
vera4cast,chlorocast_xgboost,2026-10-09 00:00:00,2026-09-29 00:00:00,P1D,fcre,1.6,ensemble,9,Chla_ugL_mean,8.22831681821583
vera4cast,chlorocast_xgboost,2026-10-10 00:00:00,2026-09-29 00:00:00,P1D,fcre,1.6,ensemble,9,Chla_ugL_mean,8.04173832696139
vera4cast,chlorocast_xgboost,2026-10-11 00:00:00,2026-09-29 00:00:00,P1D,fcre,1.6,ensemble,9,Chla_ugL_mean,8.08239385028794
vera4cast,chlorocast_xgboost,2026-10-12 00:00:00,2026-09-29 00:00:00,P1D,fcre,1.6,ensemble,9,Chla_ugL_mean,7.82306565730775
vera4cast,chlorocast_xgboost,2026-10-13 00:00:00,2026-09-29 00:00:00,P1D,fcre,1.6,ensemble,9,Chla_ugL_mean,8.06760819808778
vera4cast,chlorocast_xgboost,2026-10-14 00:00:00,2026-09-29 00:00:00,P1D,fcre,1.6,ensemble,9,Chla_ugL_mean,7.81005383291514
vera4cast,chlorocast_xgboost,2026-10-15 00:00:00,2026-09-29 00:00:00,P1D,fcre,1.6,ensemble,9,Chla_ugL_mean,7.60702102220889
vera4cast,chlorocast_xgboost,2026-10-16 00:00:00,2026-09-29 00:00:00,P1D,fcre,1.6,ensemble,9,Chla_ugL_mean,7.4643880367607
vera4cast,chlorocast_xgboost,2026-10-17 00:00:00,2026-09-29 00:00:00,P1D,fcre,1.6,ensemble,9,Chla_ugL_mean,7.24456052897853
vera4cast,chlorocast_xgboost,2026-10-18 00:00:00,2026-09-29 00:00:00,P1D,fcre,1.6,ensemble,9,Chla_ugL_mean,7.9184230622806
vera4cast,chlorocast_xgboost,2026-10-19 00:00:00,2026-09-29 00:00:00,P1D,fcre,1.6,ensemble,9,Chla_ugL_mean,7.70177759735478
vera4cast,chlorocast_xgboost,2026-10-20 00:00:00,2026-09-29 00:00:00,P1D,fcre,1.6,ensemble,9,Chla_ugL_mean,7.59886671693423
vera4cast,chlorocast_xgboost,2026-10-21 00:00:00,2026-09-29 00:00:00,P1D,fcre,1.6,ensemble,9,Chla_ugL_mean,7.21491552551245
vera4cast,chlorocast_xgboost,2026-10-22 00:00:00,2026-09-29 00:00:00,P1D,fcre,1.6,ensemble,9,Chla_ugL_mean,7.27480309544271
vera4cast,chlorocast_xgboost,2026-10-23 00:00:00,2026-09-29 00:00:00,P1D,fcre,1.6,ensemble,9,Chla_ugL_mean,7.04241203190233
vera4cast,chlorocast_xgboost,2026-10-24 00:00:00,2026-09-29 00:00:00,P1D,fcre,1.6,ensemble,9,Chla_ugL_mean,6.89657677852388
vera4cast,chlorocast_xgboost,2026-10-25 00:00:00,2026-09-29 00:00:00,P1D,fcre,1.6,ensemble,9,Chla_ugL_mean,6.79919600511441
vera4cast,chlorocast_xgboost,2026-10-26 00:00:00,2026-09-29 00:00:00,P1D,fcre,1.6,ensemble,9,Chla_ugL_mean,7.26717865864678
vera4cast,chlorocast_xgboost,2026-10-27 00:00:00,2026-09-29 00:00:00,P1D,fcre,1.6,ensemble,9,Chla_ugL_mean,6.7742044058493
vera4cast,chlorocast_xgboost,2026-10-28 00:00:00,2026-09-29 00:00:00,P1D,fcre,1.6,ensemble,9,Chla_ugL_mean,7.18360887873529
vera4cast,chlorocast_xgboost,2026-10-29 00:00:00,2026-09-29 00:00:00,P1D,fcre,1.6,ensemble,9,Chla_ugL_mean,7.4585617078801
vera4cast,chlorocast_xgboost,2026-10-30 00:00:00,2026-09-29 00:00:00,P1D,fcre,1.6,ensemble,9,Chla_ugL_mean,6.94994187835434
vera4cast,chlorocast_xgboost,2026-10-31 00:00:00,2026-09-29 00:00:00,P1D,fcre,1.6,ensemble,9,Chla_ugL_mean,7.41676436918708
vera4cast,chlorocast_xgboost,2026-11-01 00:00:00,2026-09-29 00:00:00,P1D,fcre,1.6,ensemble,9,Chla_ugL_mean,7.7321025303596
vera4cast,chlorocast_xgboost,2026-11-02 00:00:00,2026-09-29 00:00:00,P1D,fcre,1.6,ensemble,9,Chla_ugL_mean,7.46114272693737
vera4cast,chlorocast_xgboost,2026-11-03 00:00:00,2026-09-29 00:00:00,P1D,fcre,1.6,ensemble,9,Chla_ugL_mean,7.46177976187226
vera4cast,chlorocast_xgboost,2026-09-30 00:00:00,2026-09-29 00:00:00,P1D,fcre,1.6,ensemble,10,Chla_ugL_mean,7.66771772495766
vera4cast,chlorocast_xgboost,2026-10-01 00:00:00,2026-09-29 00:00:00,P1D,fcre,1.6,ensemble,10,Chla_ugL_mean,7.70012763539942
vera4cast,chlorocast_xgboost,2026-10-02 00:00:00,2026-09-29 00:00:00,P1D,fcre,1.6,ensemble,10,Chla_ugL_mean,7.71354137023821
vera4cast,chlorocast_xgboost,2026-10-03 00:00:00,2026-09-29 00:00:00,P1D,fcre,1.6,ensemble,10,Chla_ugL_mean,8.02742809726243
vera4cast,chlorocast_xgboost,2026-10-04 00:00:00,2026-09-29 00:00:00,P1D,fcre,1.6,ensemble,10,Chla_ugL_mean,8.50078558967611
vera4cast,chlorocast_xgboost,2026-10-05 00:00:00,2026-09-29 00:00:00,P1D,fcre,1.6,ensemble,10,Chla_ugL_mean,8.51949912285736
vera4cast,chlorocast_xgboost,2026-10-06 00:00:00,2026-09-29 00:00:00,P1D,fcre,1.6,ensemble,10,Chla_ugL_mean,8.14497566186213
vera4cast,chlorocast_xgboost,2026-10-07 00:00:00,2026-09-29 00:00:00,P1D,fcre,1.6,ensemble,10,Chla_ugL_mean,8.51582827638325
vera4cast,chlorocast_xgboost,2026-10-08 00:00:00,2026-09-29 00:00:00,P1D,fcre,1.6,ensemble,10,Chla_ugL_mean,8.82139113805183
vera4cast,chlorocast_xgboost,2026-10-09 00:00:00,2026-09-29 00:00:00,P1D,fcre,1.6,ensemble,10,Chla_ugL_mean,8.34085879590632
vera4cast,chlorocast_xgboost,2026-10-10 00:00:00,2026-09-29 00:00:00,P1D,fcre,1.6,ensemble,10,Chla_ugL_mean,8.16068681350632
vera4cast,chlorocast_xgboost,2026-10-11 00:00:00,2026-09-29 00:00:00,P1D,fcre,1.6,ensemble,10,Chla_ugL_mean,8.19774939606964
vera4cast,chlorocast_xgboost,2026-10-12 00:00:00,2026-09-29 00:00:00,P1D,fcre,1.6,ensemble,10,Chla_ugL_mean,7.93578312468368
vera4cast,chlorocast_xgboost,2026-10-13 00:00:00,2026-09-29 00:00:00,P1D,fcre,1.6,ensemble,10,Chla_ugL_mean,8.17623979743256
vera4cast,chlorocast_xgboost,2026-10-14 00:00:00,2026-09-29 00:00:00,P1D,fcre,1.6,ensemble,10,Chla_ugL_mean,7.92597980733555
vera4cast,chlorocast_xgboost,2026-10-15 00:00:00,2026-09-29 00:00:00,P1D,fcre,1.6,ensemble,10,Chla_ugL_mean,7.7249321374649
vera4cast,chlorocast_xgboost,2026-10-16 00:00:00,2026-09-29 00:00:00,P1D,fcre,1.6,ensemble,10,Chla_ugL_mean,7.57752224887872
vera4cast,chlorocast_xgboost,2026-10-17 00:00:00,2026-09-29 00:00:00,P1D,fcre,1.6,ensemble,10,Chla_ugL_mean,7.36645459432764
vera4cast,chlorocast_xgboost,2026-10-18 00:00:00,2026-09-29 00:00:00,P1D,fcre,1.6,ensemble,10,Chla_ugL_mean,8.0255046148319
vera4cast,chlorocast_xgboost,2026-10-19 00:00:00,2026-09-29 00:00:00,P1D,fcre,1.6,ensemble,10,Chla_ugL_mean,7.81005872183326
vera4cast,chlorocast_xgboost,2026-10-20 00:00:00,2026-09-29 00:00:00,P1D,fcre,1.6,ensemble,10,Chla_ugL_mean,7.70274423972313
vera4cast,chlorocast_xgboost,2026-10-21 00:00:00,2026-09-29 00:00:00,P1D,fcre,1.6,ensemble,10,Chla_ugL_mean,7.32775171434524
vera4cast,chlorocast_xgboost,2026-10-22 00:00:00,2026-09-29 00:00:00,P1D,fcre,1.6,ensemble,10,Chla_ugL_mean,7.38272418595332
vera4cast,chlorocast_xgboost,2026-10-23 00:00:00,2026-09-29 00:00:00,P1D,fcre,1.6,ensemble,10,Chla_ugL_mean,7.15140275471898
vera4cast,chlorocast_xgboost,2026-10-24 00:00:00,2026-09-29 00:00:00,P1D,fcre,1.6,ensemble,10,Chla_ugL_mean,7.0138989920194
vera4cast,chlorocast_xgboost,2026-10-25 00:00:00,2026-09-29 00:00:00,P1D,fcre,1.6,ensemble,10,Chla_ugL_mean,6.92297539136145
vera4cast,chlorocast_xgboost,2026-10-26 00:00:00,2026-09-29 00:00:00,P1D,fcre,1.6,ensemble,10,Chla_ugL_mean,7.37566206462369
vera4cast,chlorocast_xgboost,2026-10-27 00:00:00,2026-09-29 00:00:00,P1D,fcre,1.6,ensemble,10,Chla_ugL_mean,6.89448731302822
vera4cast,chlorocast_xgboost,2026-10-28 00:00:00,2026-09-29 00:00:00,P1D,fcre,1.6,ensemble,10,Chla_ugL_mean,7.28936777481987
vera4cast,chlorocast_xgboost,2026-10-29 00:00:00,2026-09-29 00:00:00,P1D,fcre,1.6,ensemble,10,Chla_ugL_mean,7.55852123882173
vera4cast,chlorocast_xgboost,2026-10-30 00:00:00,2026-09-29 00:00:00,P1D,fcre,1.6,ensemble,10,Chla_ugL_mean,7.06653600126051
vera4cast,chlorocast_xgboost,2026-10-31 00:00:00,2026-09-29 00:00:00,P1D,fcre,1.6,ensemble,10,Chla_ugL_mean,7.53307407780794
vera4cast,chlorocast_xgboost,2026-11-01 00:00:00,2026-09-29 00:00:00,P1D,fcre,1.6,ensemble,10,Chla_ugL_mean,7.83043496392588
vera4cast,chlorocast_xgboost,2026-11-02 00:00:00,2026-09-29 00:00:00,P1D,fcre,1.6,ensemble,10,Chla_ugL_mean,7.57286514061193
vera4cast,chlorocast_xgboost,2026-11-03 00:00:00,2026-09-29 00:00:00,P1D,fcre,1.6,ensemble,10,Chla_ugL_mean,7.57320949762513
vera4cast,chlorocast_xgboost,2026-09-30 00:00:00,2026-09-29 00:00:00,P1D,fcre,1.6,ensemble,11,Chla_ugL_mean,7.7824161022949
vera4cast,chlorocast_xgboost,2026-10-01 00:00:00,2026-09-29 00:00:00,P1D,fcre,1.6,ensemble,11,Chla_ugL_mean,7.82455276776096
vera4cast,chlorocast_xgboost,2026-10-02 00:00:00,2026-09-29 00:00:00,P1D,fcre,1.6,ensemble,11,Chla_ugL_mean,7.84688003434313
vera4cast,chlorocast_xgboost,2026-10-03 00:00:00,2026-09-29 00:00:00,P1D,fcre,1.6,ensemble,11,Chla_ugL_mean,8.15566475983919
vera4cast,chlorocast_xgboost,2026-10-04 00:00:00,2026-09-29 00:00:00,P1D,fcre,1.6,ensemble,11,Chla_ugL_mean,8.62835230189403
vera4cast,chlorocast_xgboost,2026-10-05 00:00:00,2026-09-29 00:00:00,P1D,fcre,1.6,ensemble,11,Chla_ugL_mean,8.64409971619605
vera4cast,chlorocast_xgboost,2026-10-06 00:00:00,2026-09-29 00:00:00,P1D,fcre,1.6,ensemble,11,Chla_ugL_mean,8.26429806974115
vera4cast,chlorocast_xgboost,2026-10-07 00:00:00,2026-09-29 00:00:00,P1D,fcre,1.6,ensemble,11,Chla_ugL_mean,8.61894144140658
vera4cast,chlorocast_xgboost,2026-10-08 00:00:00,2026-09-29 00:00:00,P1D,fcre,1.6,ensemble,11,Chla_ugL_mean,8.91899458517942
vera4cast,chlorocast_xgboost,2026-10-09 00:00:00,2026-09-29 00:00:00,P1D,fcre,1.6,ensemble,11,Chla_ugL_mean,8.44548804808971
vera4cast,chlorocast_xgboost,2026-10-10 00:00:00,2026-09-29 00:00:00,P1D,fcre,1.6,ensemble,11,Chla_ugL_mean,8.27137277269803
vera4cast,chlorocast_xgboost,2026-10-11 00:00:00,2026-09-29 00:00:00,P1D,fcre,1.6,ensemble,11,Chla_ugL_mean,8.30504579853572
vera4cast,chlorocast_xgboost,2026-10-12 00:00:00,2026-09-29 00:00:00,P1D,fcre,1.6,ensemble,11,Chla_ugL_mean,8.04063313433487
vera4cast,chlorocast_xgboost,2026-10-13 00:00:00,2026-09-29 00:00:00,P1D,fcre,1.6,ensemble,11,Chla_ugL_mean,8.27721301701488
vera4cast,chlorocast_xgboost,2026-10-14 00:00:00,2026-09-29 00:00:00,P1D,fcre,1.6,ensemble,11,Chla_ugL_mean,8.03385350198002
vera4cast,chlorocast_xgboost,2026-10-15 00:00:00,2026-09-29 00:00:00,P1D,fcre,1.6,ensemble,11,Chla_ugL_mean,7.83470929076306
vera4cast,chlorocast_xgboost,2026-10-16 00:00:00,2026-09-29 00:00:00,P1D,fcre,1.6,ensemble,11,Chla_ugL_mean,7.68281878518558
vera4cast,chlorocast_xgboost,2026-10-17 00:00:00,2026-09-29 00:00:00,P1D,fcre,1.6,ensemble,11,Chla_ugL_mean,7.48005649864653
vera4cast,chlorocast_xgboost,2026-10-18 00:00:00,2026-09-29 00:00:00,P1D,fcre,1.6,ensemble,11,Chla_ugL_mean,8.12503957346573
vera4cast,chlorocast_xgboost,2026-10-19 00:00:00,2026-09-29 00:00:00,P1D,fcre,1.6,ensemble,11,Chla_ugL_mean,7.91075038510751
vera4cast,chlorocast_xgboost,2026-10-20 00:00:00,2026-09-29 00:00:00,P1D,fcre,1.6,ensemble,11,Chla_ugL_mean,7.79930770911716
vera4cast,chlorocast_xgboost,2026-10-21 00:00:00,2026-09-29 00:00:00,P1D,fcre,1.6,ensemble,11,Chla_ugL_mean,7.43280761956616
vera4cast,chlorocast_xgboost,2026-10-22 00:00:00,2026-09-29 00:00:00,P1D,fcre,1.6,ensemble,11,Chla_ugL_mean,7.48313796737977
vera4cast,chlorocast_xgboost,2026-10-23 00:00:00,2026-09-29 00:00:00,P1D,fcre,1.6,ensemble,11,Chla_ugL_mean,7.25286072266718
vera4cast,chlorocast_xgboost,2026-10-24 00:00:00,2026-09-29 00:00:00,P1D,fcre,1.6,ensemble,11,Chla_ugL_mean,7.12324755693291
vera4cast,chlorocast_xgboost,2026-10-25 00:00:00,2026-09-29 00:00:00,P1D,fcre,1.6,ensemble,11,Chla_ugL_mean,7.03845278707631
vera4cast,chlorocast_xgboost,2026-10-26 00:00:00,2026-09-29 00:00:00,P1D,fcre,1.6,ensemble,11,Chla_ugL_mean,7.47660669617737
vera4cast,chlorocast_xgboost,2026-10-27 00:00:00,2026-09-29 00:00:00,P1D,fcre,1.6,ensemble,11,Chla_ugL_mean,7.00666049007847
vera4cast,chlorocast_xgboost,2026-10-28 00:00:00,2026-09-29 00:00:00,P1D,fcre,1.6,ensemble,11,Chla_ugL_mean,7.38775869337838
vera4cast,chlorocast_xgboost,2026-10-29 00:00:00,2026-09-29 00:00:00,P1D,fcre,1.6,ensemble,11,Chla_ugL_mean,7.6514194352988
vera4cast,chlorocast_xgboost,2026-10-30 00:00:00,2026-09-29 00:00:00,P1D,fcre,1.6,ensemble,11,Chla_ugL_mean,7.17518630740652
vera4cast,chlorocast_xgboost,2026-10-31 00:00:00,2026-09-29 00:00:00,P1D,fcre,1.6,ensemble,11,Chla_ugL_mean,7.64137253151189
vera4cast,chlorocast_xgboost,2026-11-01 00:00:00,2026-09-29 00:00:00,P1D,fcre,1.6,ensemble,11,Chla_ugL_mean,7.92177278335545
vera4cast,chlorocast_xgboost,2026-11-02 00:00:00,2026-09-29 00:00:00,P1D,fcre,1.6,ensemble,11,Chla_ugL_mean,7.67683176467437
vera4cast,chlorocast_xgboost,2026-11-03 00:00:00,2026-09-29 00:00:00,P1D,fcre,1.6,ensemble,11,Chla_ugL_mean,7.67690026813058
vera4cast,chlorocast_xgboost,2026-09-30 00:00:00,2026-09-29 00:00:00,P1D,fcre,1.6,ensemble,12,Chla_ugL_mean,7.89010354107089
vera4cast,chlorocast_xgboost,2026-10-01 00:00:00,2026-09-29 00:00:00,P1D,fcre,1.6,ensemble,12,Chla_ugL_mean,7.94149111325412
vera4cast,chlorocast_xgboost,2026-10-02 00:00:00,2026-09-29 00:00:00,P1D,fcre,1.6,ensemble,12,Chla_ugL_mean,7.97231470595749
vera4cast,chlorocast_xgboost,2026-10-03 00:00:00,2026-09-29 00:00:00,P1D,fcre,1.6,ensemble,12,Chla_ugL_mean,8.27617426827994
vera4cast,chlorocast_xgboost,2026-10-04 00:00:00,2026-09-29 00:00:00,P1D,fcre,1.6,ensemble,12,Chla_ugL_mean,8.7481436064455
vera4cast,chlorocast_xgboost,2026-10-05 00:00:00,2026-09-29 00:00:00,P1D,fcre,1.6,ensemble,12,Chla_ugL_mean,8.7610680992347
vera4cast,chlorocast_xgboost,2026-10-06 00:00:00,2026-09-29 00:00:00,P1D,fcre,1.6,ensemble,12,Chla_ugL_mean,8.37630719401875
vera4cast,chlorocast_xgboost,2026-10-07 00:00:00,2026-09-29 00:00:00,P1D,fcre,1.6,ensemble,12,Chla_ugL_mean,8.71553117822817
vera4cast,chlorocast_xgboost,2026-10-08 00:00:00,2026-09-29 00:00:00,P1D,fcre,1.6,ensemble,12,Chla_ugL_mean,9.01034491263206
vera4cast,chlorocast_xgboost,2026-10-09 00:00:00,2026-09-29 00:00:00,P1D,fcre,1.6,ensemble,12,Chla_ugL_mean,8.54353207822765
vera4cast,chlorocast_xgboost,2026-10-10 00:00:00,2026-09-29 00:00:00,P1D,fcre,1.6,ensemble,12,Chla_ugL_mean,8.37517941069992
vera4cast,chlorocast_xgboost,2026-10-11 00:00:00,2026-09-29 00:00:00,P1D,fcre,1.6,ensemble,12,Chla_ugL_mean,8.40563358335936
vera4cast,chlorocast_xgboost,2026-10-12 00:00:00,2026-09-29 00:00:00,P1D,fcre,1.6,ensemble,12,Chla_ugL_mean,8.13893387043301
vera4cast,chlorocast_xgboost,2026-10-13 00:00:00,2026-09-29 00:00:00,P1D,fcre,1.6,ensemble,12,Chla_ugL_mean,8.37181331856431
vera4cast,chlorocast_xgboost,2026-10-14 00:00:00,2026-09-29 00:00:00,P1D,fcre,1.6,ensemble,12,Chla_ugL_mean,8.13502291744928
vera4cast,chlorocast_xgboost,2026-10-15 00:00:00,2026-09-29 00:00:00,P1D,fcre,1.6,ensemble,12,Chla_ugL_mean,7.93771253723412
vera4cast,chlorocast_xgboost,2026-10-16 00:00:00,2026-09-29 00:00:00,P1D,fcre,1.6,ensemble,12,Chla_ugL_mean,7.78158911875687
vera4cast,chlorocast_xgboost,2026-10-17 00:00:00,2026-09-29 00:00:00,P1D,fcre,1.6,ensemble,12,Chla_ugL_mean,7.58674951677327
vera4cast,chlorocast_xgboost,2026-10-18 00:00:00,2026-09-29 00:00:00,P1D,fcre,1.6,ensemble,12,Chla_ugL_mean,8.21829455973503
vera4cast,chlorocast_xgboost,2026-10-19 00:00:00,2026-09-29 00:00:00,P1D,fcre,1.6,ensemble,12,Chla_ugL_mean,8.00512514174825
vera4cast,chlorocast_xgboost,2026-10-20 00:00:00,2026-09-29 00:00:00,P1D,fcre,1.6,ensemble,12,Chla_ugL_mean,7.88978451114019
vera4cast,chlorocast_xgboost,2026-10-21 00:00:00,2026-09-29 00:00:00,P1D,fcre,1.6,ensemble,12,Chla_ugL_mean,7.53138405628563
vera4cast,chlorocast_xgboost,2026-10-22 00:00:00,2026-09-29 00:00:00,P1D,fcre,1.6,ensemble,12,Chla_ugL_mean,7.57730153312566
vera4cast,chlorocast_xgboost,2026-10-23 00:00:00,2026-09-29 00:00:00,P1D,fcre,1.6,ensemble,12,Chla_ugL_mean,7.34804587117803
vera4cast,chlorocast_xgboost,2026-10-24 00:00:00,2026-09-29 00:00:00,P1D,fcre,1.6,ensemble,12,Chla_ugL_mean,7.22595241069552
vera4cast,chlorocast_xgboost,2026-10-25 00:00:00,2026-09-29 00:00:00,P1D,fcre,1.6,ensemble,12,Chla_ugL_mean,7.14700997950504
vera4cast,chlorocast_xgboost,2026-10-26 00:00:00,2026-09-29 00:00:00,P1D,fcre,1.6,ensemble,12,Chla_ugL_mean,7.57127469124582
vera4cast,chlorocast_xgboost,2026-10-27 00:00:00,2026-09-29 00:00:00,P1D,fcre,1.6,ensemble,12,Chla_ugL_mean,7.1120748331141
vera4cast,chlorocast_xgboost,2026-10-28 00:00:00,2026-09-29 00:00:00,P1D,fcre,1.6,ensemble,12,Chla_ugL_mean,7.48001572334561
vera4cast,chlorocast_xgboost,2026-10-29 00:00:00,2026-09-29 00:00:00,P1D,fcre,1.6,ensemble,12,Chla_ugL_mean,7.73844198572353
vera4cast,chlorocast_xgboost,2026-10-30 00:00:00,2026-09-29 00:00:00,P1D,fcre,1.6,ensemble,12,Chla_ugL_mean,7.27721829554007
vera4cast,chlorocast_xgboost,2026-10-31 00:00:00,2026-09-29 00:00:00,P1D,fcre,1.6,ensemble,12,Chla_ugL_mean,7.74299891932682
vera4cast,chlorocast_xgboost,2026-11-01 00:00:00,2026-09-29 00:00:00,P1D,fcre,1.6,ensemble,12,Chla_ugL_mean,8.0072919826636
vera4cast,chlorocast_xgboost,2026-11-02 00:00:00,2026-09-29 00:00:00,P1D,fcre,1.6,ensemble,12,Chla_ugL_mean,7.77434083379504
vera4cast,chlorocast_xgboost,2026-11-03 00:00:00,2026-09-29 00:00:00,P1D,fcre,1.6,ensemble,12,Chla_ugL_mean,7.77414759389942
vera4cast,chlorocast_xgboost,2026-09-30 00:00:00,2026-09-29 00:00:00,P1D,fcre,1.6,ensemble,13,Chla_ugL_mean,7.99185316801051
vera4cast,chlorocast_xgboost,2026-10-01 00:00:00,2026-09-29 00:00:00,P1D,fcre,1.6,ensemble,13,Chla_ugL_mean,8.05208600053196
vera4cast,chlorocast_xgboost,2026-10-02 00:00:00,2026-09-29 00:00:00,P1D,fcre,1.6,ensemble,13,Chla_ugL_mean,8.09104994038139
vera4cast,chlorocast_xgboost,2026-10-03 00:00:00,2026-09-29 00:00:00,P1D,fcre,1.6,ensemble,13,Chla_ugL_mean,8.39013689821737
vera4cast,chlorocast_xgboost,2026-10-04 00:00:00,2026-09-29 00:00:00,P1D,fcre,1.6,ensemble,13,Chla_ugL_mean,8.86134913711204
vera4cast,chlorocast_xgboost,2026-10-05 00:00:00,2026-09-29 00:00:00,P1D,fcre,1.6,ensemble,13,Chla_ugL_mean,8.87157286406022
vera4cast,chlorocast_xgboost,2026-10-06 00:00:00,2026-09-29 00:00:00,P1D,fcre,1.6,ensemble,13,Chla_ugL_mean,8.4821228968095
vera4cast,chlorocast_xgboost,2026-10-07 00:00:00,2026-09-29 00:00:00,P1D,fcre,1.6,ensemble,13,Chla_ugL_mean,8.80660150574558
vera4cast,chlorocast_xgboost,2026-10-08 00:00:00,2026-09-29 00:00:00,P1D,fcre,1.6,ensemble,13,Chla_ugL_mean,9.09640663378607
vera4cast,chlorocast_xgboost,2026-10-09 00:00:00,2026-09-29 00:00:00,P1D,fcre,1.6,ensemble,13,Chla_ugL_mean,8.63600353619993
vera4cast,chlorocast_xgboost,2026-10-10 00:00:00,2026-09-29 00:00:00,P1D,fcre,1.6,ensemble,13,Chla_ugL_mean,8.47316243327786
vera4cast,chlorocast_xgboost,2026-10-11 00:00:00,2026-09-29 00:00:00,P1D,fcre,1.6,ensemble,13,Chla_ugL_mean,8.50054325303858
vera4cast,chlorocast_xgboost,2026-10-12 00:00:00,2026-09-29 00:00:00,P1D,fcre,1.6,ensemble,13,Chla_ugL_mean,8.23169119930371
vera4cast,chlorocast_xgboost,2026-10-13 00:00:00,2026-09-29 00:00:00,P1D,fcre,1.6,ensemble,13,Chla_ugL_mean,8.46102116359244
vera4cast,chlorocast_xgboost,2026-10-14 00:00:00,2026-09-29 00:00:00,P1D,fcre,1.6,ensemble,13,Chla_ugL_mean,8.23051689118165
vera4cast,chlorocast_xgboost,2026-10-15 00:00:00,2026-09-29 00:00:00,P1D,fcre,1.6,ensemble,13,Chla_ugL_mean,8.03498022604226
vera4cast,chlorocast_xgboost,2026-10-16 00:00:00,2026-09-29 00:00:00,P1D,fcre,1.6,ensemble,13,Chla_ugL_mean,7.87483432332142
vera4cast,chlorocast_xgboost,2026-10-17 00:00:00,2026-09-29 00:00:00,P1D,fcre,1.6,ensemble,13,Chla_ugL_mean,7.68759035713765
vera4cast,chlorocast_xgboost,2026-10-18 00:00:00,2026-09-29 00:00:00,P1D,fcre,1.6,ensemble,13,Chla_ugL_mean,8.30623567954764
vera4cast,chlorocast_xgboost,2026-10-19 00:00:00,2026-09-29 00:00:00,P1D,fcre,1.6,ensemble,13,Chla_ugL_mean,8.09415385997744
vera4cast,chlorocast_xgboost,2026-10-20 00:00:00,2026-09-29 00:00:00,P1D,fcre,1.6,ensemble,13,Chla_ugL_mean,7.9751108636501
vera4cast,chlorocast_xgboost,2026-10-21 00:00:00,2026-09-29 00:00:00,P1D,fcre,1.6,ensemble,13,Chla_ugL_mean,7.62447416605766
vera4cast,chlorocast_xgboost,2026-10-22 00:00:00,2026-09-29 00:00:00,P1D,fcre,1.6,ensemble,13,Chla_ugL_mean,7.66617427538025
vera4cast,chlorocast_xgboost,2026-10-23 00:00:00,2026-09-29 00:00:00,P1D,fcre,1.6,ensemble,13,Chla_ugL_mean,7.43792003343833
vera4cast,chlorocast_xgboost,2026-10-24 00:00:00,2026-09-29 00:00:00,P1D,fcre,1.6,ensemble,13,Chla_ugL_mean,7.32302955680516
vera4cast,chlorocast_xgboost,2026-10-25 00:00:00,2026-09-29 00:00:00,P1D,fcre,1.6,ensemble,13,Chla_ugL_mean,7.24970316789293
vera4cast,chlorocast_xgboost,2026-10-26 00:00:00,2026-09-29 00:00:00,P1D,fcre,1.6,ensemble,13,Chla_ugL_mean,7.66062933475809
vera4cast,chlorocast_xgboost,2026-10-27 00:00:00,2026-09-29 00:00:00,P1D,fcre,1.6,ensemble,13,Chla_ugL_mean,7.21176270443129
vera4cast,chlorocast_xgboost,2026-10-28 00:00:00,2026-09-29 00:00:00,P1D,fcre,1.6,ensemble,13,Chla_ugL_mean,7.5670806380512
vera4cast,chlorocast_xgboost,2026-10-29 00:00:00,2026-09-29 00:00:00,P1D,fcre,1.6,ensemble,13,Chla_ugL_mean,7.82049316903701
vera4cast,chlorocast_xgboost,2026-10-30 00:00:00,2026-09-29 00:00:00,P1D,fcre,1.6,ensemble,13,Chla_ugL_mean,7.373644471854
vera4cast,chlorocast_xgboost,2026-10-31 00:00:00,2026-09-29 00:00:00,P1D,fcre,1.6,ensemble,13,Chla_ugL_mean,7.83897572747048
vera4cast,chlorocast_xgboost,2026-11-01 00:00:00,2026-09-29 00:00:00,P1D,fcre,1.6,ensemble,13,Chla_ugL_mean,8.08788916705005
vera4cast,chlorocast_xgboost,2026-11-02 00:00:00,2026-09-29 00:00:00,P1D,fcre,1.6,ensemble,13,Chla_ugL_mean,7.86638322764953
vera4cast,chlorocast_xgboost,2026-11-03 00:00:00,2026-09-29 00:00:00,P1D,fcre,1.6,ensemble,13,Chla_ugL_mean,7.8659402634877
vera4cast,chlorocast_xgboost,2026-09-30 00:00:00,2026-09-29 00:00:00,P1D,fcre,1.6,ensemble,14,Chla_ugL_mean,8.08850454048728
vera4cast,chlorocast_xgboost,2026-10-01 00:00:00,2026-09-29 00:00:00,P1D,fcre,1.6,ensemble,14,Chla_ugL_mean,8.15723243346394
vera4cast,chlorocast_xgboost,2026-10-02 00:00:00,2026-09-29 00:00:00,P1D,fcre,1.6,ensemble,14,Chla_ugL_mean,8.20402918368917
vera4cast,chlorocast_xgboost,2026-10-03 00:00:00,2026-09-29 00:00:00,P1D,fcre,1.6,ensemble,14,Chla_ugL_mean,8.49847652721163
vera4cast,chlorocast_xgboost,2026-10-04 00:00:00,2026-09-29 00:00:00,P1D,fcre,1.6,ensemble,14,Chla_ugL_mean,8.96889969958591
vera4cast,chlorocast_xgboost,2026-10-05 00:00:00,2026-09-29 00:00:00,P1D,fcre,1.6,ensemble,14,Chla_ugL_mean,8.97652818266452
vera4cast,chlorocast_xgboost,2026-10-06 00:00:00,2026-09-29 00:00:00,P1D,fcre,1.6,ensemble,14,Chla_ugL_mean,8.58262120953084
vera4cast,chlorocast_xgboost,2026-10-07 00:00:00,2026-09-29 00:00:00,P1D,fcre,1.6,ensemble,14,Chla_ugL_mean,8.89293687043267
vera4cast,chlorocast_xgboost,2026-10-08 00:00:00,2026-09-29 00:00:00,P1D,fcre,1.6,ensemble,14,Chla_ugL_mean,9.17793294903518
vera4cast,chlorocast_xgboost,2026-10-09 00:00:00,2026-09-29 00:00:00,P1D,fcre,1.6,ensemble,14,Chla_ugL_mean,8.72369377358066
vera4cast,chlorocast_xgboost,2026-10-10 00:00:00,2026-09-29 00:00:00,P1D,fcre,1.6,ensemble,14,Chla_ugL_mean,8.56614724372417
vera4cast,chlorocast_xgboost,2026-10-11 00:00:00,2026-09-29 00:00:00,P1D,fcre,1.6,ensemble,14,Chla_ugL_mean,8.59058031887169
vera4cast,chlorocast_xgboost,2026-10-12 00:00:00,2026-09-29 00:00:00,P1D,fcre,1.6,ensemble,14,Chla_ugL_mean,8.31969140477858
vera4cast,chlorocast_xgboost,2026-10-13 00:00:00,2026-09-29 00:00:00,P1D,fcre,1.6,ensemble,14,Chla_ugL_mean,8.54560266498463
vera4cast,chlorocast_xgboost,2026-10-14 00:00:00,2026-09-29 00:00:00,P1D,fcre,1.6,ensemble,14,Chla_ugL_mean,8.32113982065625
vera4cast,chlorocast_xgboost,2026-10-15 00:00:00,2026-09-29 00:00:00,P1D,fcre,1.6,ensemble,14,Chla_ugL_mean,8.12732441481984
vera4cast,chlorocast_xgboost,2026-10-16 00:00:00,2026-09-29 00:00:00,P1D,fcre,1.6,ensemble,14,Chla_ugL_mean,7.96333717197985
vera4cast,chlorocast_xgboost,2026-10-17 00:00:00,2026-09-29 00:00:00,P1D,fcre,1.6,ensemble,14,Chla_ugL_mean,7.78340588930562
vera4cast,chlorocast_xgboost,2026-10-18 00:00:00,2026-09-29 00:00:00,P1D,fcre,1.6,ensemble,14,Chla_ugL_mean,8.38961783891943
vera4cast,chlorocast_xgboost,2026-10-19 00:00:00,2026-09-29 00:00:00,P1D,fcre,1.6,ensemble,14,Chla_ugL_mean,8.17859533693646
vera4cast,chlorocast_xgboost,2026-10-20 00:00:00,2026-09-29 00:00:00,P1D,fcre,1.6,ensemble,14,Chla_ugL_mean,8.05601834605842
vera4cast,chlorocast_xgboost,2026-10-21 00:00:00,2026-09-29 00:00:00,P1D,fcre,1.6,ensemble,14,Chla_ugL_mean,7.71285466541505
vera4cast,chlorocast_xgboost,2026-10-22 00:00:00,2026-09-29 00:00:00,P1D,fcre,1.6,ensemble,14,Chla_ugL_mean,7.75050625135414
vera4cast,chlorocast_xgboost,2026-10-23 00:00:00,2026-09-29 00:00:00,P1D,fcre,1.6,ensemble,14,Chla_ugL_mean,7.52323537021661
vera4cast,chlorocast_xgboost,2026-10-24 00:00:00,2026-09-29 00:00:00,P1D,fcre,1.6,ensemble,14,Chla_ugL_mean,7.41527404246608
vera4cast,chlorocast_xgboost,2026-10-25 00:00:00,2026-09-29 00:00:00,P1D,fcre,1.6,ensemble,14,Chla_ugL_mean,7.34735927409738
vera4cast,chlorocast_xgboost,2026-10-26 00:00:00,2026-09-29 00:00:00,P1D,fcre,1.6,ensemble,14,Chla_ugL_mean,7.74542375801559
vera4cast,chlorocast_xgboost,2026-10-27 00:00:00,2026-09-29 00:00:00,P1D,fcre,1.6,ensemble,14,Chla_ugL_mean,7.30653220200857
vera4cast,chlorocast_xgboost,2026-10-28 00:00:00,2026-09-29 00:00:00,P1D,fcre,1.6,ensemble,14,Chla_ugL_mean,7.64968967555683
vera4cast,chlorocast_xgboost,2026-10-29 00:00:00,2026-09-29 00:00:00,P1D,fcre,1.6,ensemble,14,Chla_ugL_mean,7.89827951156002
vera4cast,chlorocast_xgboost,2026-10-30 00:00:00,2026-09-29 00:00:00,P1D,fcre,1.6,ensemble,14,Chla_ugL_mean,7.46525707043703
vera4cast,chlorocast_xgboost,2026-10-31 00:00:00,2026-09-29 00:00:00,P1D,fcre,1.6,ensemble,14,Chla_ugL_mean,7.93010265615368
vera4cast,chlorocast_xgboost,2026-11-01 00:00:00,2026-09-29 00:00:00,P1D,fcre,1.6,ensemble,14,Chla_ugL_mean,8.16426466646344
vera4cast,chlorocast_xgboost,2026-11-02 00:00:00,2026-09-29 00:00:00,P1D,fcre,1.6,ensemble,14,Chla_ugL_mean,7.95373368448177
vera4cast,chlorocast_xgboost,2026-11-03 00:00:00,2026-09-29 00:00:00,P1D,fcre,1.6,ensemble,14,Chla_ugL_mean,7.95305136614515
vera4cast,chlorocast_xgboost,2026-09-30 00:00:00,2026-09-29 00:00:00,P1D,fcre,1.6,ensemble,15,Chla_ugL_mean,8.18072782592766
vera4cast,chlorocast_xgboost,2026-10-01 00:00:00,2026-09-29 00:00:00,P1D,fcre,1.6,ensemble,15,Chla_ugL_mean,8.25764522689669
vera4cast,chlorocast_xgboost,2026-10-02 00:00:00,2026-09-29 00:00:00,P1D,fcre,1.6,ensemble,15,Chla_ugL_mean,8.31200632053932
vera4cast,chlorocast_xgboost,2026-10-03 00:00:00,2026-09-29 00:00:00,P1D,fcre,1.6,ensemble,15,Chla_ugL_mean,8.60193099476305
vera4cast,chlorocast_xgboost,2026-10-04 00:00:00,2026-09-29 00:00:00,P1D,fcre,1.6,ensemble,15,Chla_ugL_mean,9.07153837274573
vera4cast,chlorocast_xgboost,2026-10-05 00:00:00,2026-09-29 00:00:00,P1D,fcre,1.6,ensemble,15,Chla_ugL_mean,9.0766637292401
vera4cast,chlorocast_xgboost,2026-10-06 00:00:00,2026-09-29 00:00:00,P1D,fcre,1.6,ensemble,15,Chla_ugL_mean,8.67850134864093
vera4cast,chlorocast_xgboost,2026-10-07 00:00:00,2026-09-29 00:00:00,P1D,fcre,1.6,ensemble,15,Chla_ugL_mean,8.97516267697975
vera4cast,chlorocast_xgboost,2026-10-08 00:00:00,2026-09-29 00:00:00,P1D,fcre,1.6,ensemble,15,Chla_ugL_mean,9.25552407156064
vera4cast,chlorocast_xgboost,2026-10-09 00:00:00,2026-09-29 00:00:00,P1D,fcre,1.6,ensemble,15,Chla_ugL_mean,8.80723381951925
vera4cast,chlorocast_xgboost,2026-10-10 00:00:00,2026-09-29 00:00:00,P1D,fcre,1.6,ensemble,15,Chla_ugL_mean,8.65479232339175
vera4cast,chlorocast_xgboost,2026-10-11 00:00:00,2026-09-29 00:00:00,P1D,fcre,1.6,ensemble,15,Chla_ugL_mean,8.67638725502878
vera4cast,chlorocast_xgboost,2026-10-12 00:00:00,2026-09-29 00:00:00,P1D,fcre,1.6,ensemble,15,Chla_ugL_mean,8.40356164728395
vera4cast,chlorocast_xgboost,2026-10-13 00:00:00,2026-09-29 00:00:00,P1D,fcre,1.6,ensemble,15,Chla_ugL_mean,8.62616866396927
vera4cast,chlorocast_xgboost,2026-10-14 00:00:00,2026-09-29 00:00:00,P1D,fcre,1.6,ensemble,15,Chla_ugL_mean,8.40753343030756
vera4cast,chlorocast_xgboost,2026-10-15 00:00:00,2026-09-29 00:00:00,P1D,fcre,1.6,ensemble,15,Chla_ugL_mean,8.21539310411655
vera4cast,chlorocast_xgboost,2026-10-16 00:00:00,2026-09-29 00:00:00,P1D,fcre,1.6,ensemble,15,Chla_ugL_mean,8.04772219897615
vera4cast,chlorocast_xgboost,2026-10-17 00:00:00,2026-09-29 00:00:00,P1D,fcre,1.6,ensemble,15,Chla_ugL_mean,7.87485626889907
vera4cast,chlorocast_xgboost,2026-10-18 00:00:00,2026-09-29 00:00:00,P1D,fcre,1.6,ensemble,15,Chla_ugL_mean,8.46904295116728
vera4cast,chlorocast_xgboost,2026-10-19 00:00:00,2026-09-29 00:00:00,P1D,fcre,1.6,ensemble,15,Chla_ugL_mean,8.25905471390411
vera4cast,chlorocast_xgboost,2026-10-20 00:00:00,2026-09-29 00:00:00,P1D,fcre,1.6,ensemble,15,Chla_ugL_mean,8.13309029295144
vera4cast,chlorocast_xgboost,2026-10-21 00:00:00,2026-09-29 00:00:00,P1D,fcre,1.6,ensemble,15,Chla_ugL_mean,7.79714536416434
vera4cast,chlorocast_xgboost,2026-10-22 00:00:00,2026-09-29 00:00:00,P1D,fcre,1.6,ensemble,15,Chla_ugL_mean,7.83089580160625
vera4cast,chlorocast_xgboost,2026-10-23 00:00:00,2026-09-29 00:00:00,P1D,fcre,1.6,ensemble,15,Chla_ugL_mean,7.60459204433651
vera4cast,chlorocast_xgboost,2026-10-24 00:00:00,2026-09-29 00:00:00,P1D,fcre,1.6,ensemble,15,Chla_ugL_mean,7.50332063847681
vera4cast,chlorocast_xgboost,2026-10-25 00:00:00,2026-09-29 00:00:00,P1D,fcre,1.6,ensemble,15,Chla_ugL_mean,7.44063882904648
vera4cast,chlorocast_xgboost,2026-10-26 00:00:00,2026-09-29 00:00:00,P1D,fcre,1.6,ensemble,15,Chla_ugL_mean,7.82625877655863
vera4cast,chlorocast_xgboost,2026-10-27 00:00:00,2026-09-29 00:00:00,P1D,fcre,1.6,ensemble,15,Chla_ugL_mean,7.39702870115221
vera4cast,chlorocast_xgboost,2026-10-28 00:00:00,2026-09-29 00:00:00,P1D,fcre,1.6,ensemble,15,Chla_ugL_mean,7.72843011954789
vera4cast,chlorocast_xgboost,2026-10-29 00:00:00,2026-09-29 00:00:00,P1D,fcre,1.6,ensemble,15,Chla_ugL_mean,7.97236430107311
vera4cast,chlorocast_xgboost,2026-10-30 00:00:00,2026-09-29 00:00:00,P1D,fcre,1.6,ensemble,15,Chla_ugL_mean,7.55268855958855
vera4cast,chlorocast_xgboost,2026-10-31 00:00:00,2026-09-29 00:00:00,P1D,fcre,1.6,ensemble,15,Chla_ugL_mean,8.01701788083481
vera4cast,chlorocast_xgboost,2026-11-01 00:00:00,2026-09-29 00:00:00,P1D,fcre,1.6,ensemble,15,Chla_ugL_mean,8.23697668043022
vera4cast,chlorocast_xgboost,2026-11-02 00:00:00,2026-09-29 00:00:00,P1D,fcre,1.6,ensemble,15,Chla_ugL_mean,8.03701028082082
vera4cast,chlorocast_xgboost,2026-11-03 00:00:00,2026-09-29 00:00:00,P1D,fcre,1.6,ensemble,15,Chla_ugL_mean,8.03609765250338
vera4cast,chlorocast_xgboost,2026-09-30 00:00:00,2026-09-29 00:00:00,P1D,fcre,1.6,ensemble,16,Chla_ugL_mean,8.26906719099042
vera4cast,chlorocast_xgboost,2026-10-01 00:00:00,2026-09-29 00:00:00,P1D,fcre,1.6,ensemble,16,Chla_ugL_mean,8.35390509486131
vera4cast,chlorocast_xgboost,2026-10-02 00:00:00,2026-09-29 00:00:00,P1D,fcre,1.6,ensemble,16,Chla_ugL_mean,8.41559409406314
vera4cast,chlorocast_xgboost,2026-10-03 00:00:00,2026-09-29 00:00:00,P1D,fcre,1.6,ensemble,16,Chla_ugL_mean,8.70109969278963
vera4cast,chlorocast_xgboost,2026-10-04 00:00:00,2026-09-29 00:00:00,P1D,fcre,1.6,ensemble,16,Chla_ugL_mean,9.1698685820607
vera4cast,chlorocast_xgboost,2026-10-05 00:00:00,2026-09-29 00:00:00,P1D,fcre,1.6,ensemble,16,Chla_ugL_mean,9.17257194853365
vera4cast,chlorocast_xgboost,2026-10-06 00:00:00,2026-09-29 00:00:00,P1D,fcre,1.6,ensemble,16,Chla_ugL_mean,8.77033101819872
vera4cast,chlorocast_xgboost,2026-10-07 00:00:00,2026-09-29 00:00:00,P1D,fcre,1.6,ensemble,16,Chla_ugL_mean,9.05378616170001
vera4cast,chlorocast_xgboost,2026-10-08 00:00:00,2026-09-29 00:00:00,P1D,fcre,1.6,ensemble,16,Chla_ugL_mean,9.329666594011
vera4cast,chlorocast_xgboost,2026-10-09 00:00:00,2026-09-29 00:00:00,P1D,fcre,1.6,ensemble,16,Chla_ugL_mean,8.88713556236913
vera4cast,chlorocast_xgboost,2026-10-10 00:00:00,2026-09-29 00:00:00,P1D,fcre,1.6,ensemble,16,Chla_ugL_mean,8.73963205628139
vera4cast,chlorocast_xgboost,2026-10-11 00:00:00,2026-09-29 00:00:00,P1D,fcre,1.6,ensemble,16,Chla_ugL_mean,8.75848535057815
vera4cast,chlorocast_xgboost,2026-10-12 00:00:00,2026-09-29 00:00:00,P1D,fcre,1.6,ensemble,16,Chla_ugL_mean,8.48381080735277
vera4cast,chlorocast_xgboost,2026-10-13 00:00:00,2026-09-29 00:00:00,P1D,fcre,1.6,ensemble,16,Chla_ugL_mean,8.70321462530352
vera4cast,chlorocast_xgboost,2026-10-14 00:00:00,2026-09-29 00:00:00,P1D,fcre,1.6,ensemble,16,Chla_ugL_mean,8.49021850588703
vera4cast,chlorocast_xgboost,2026-10-15 00:00:00,2026-09-29 00:00:00,P1D,fcre,1.6,ensemble,16,Chla_ugL_mean,8.29971229807738
vera4cast,chlorocast_xgboost,2026-10-16 00:00:00,2026-09-29 00:00:00,P1D,fcre,1.6,ensemble,16,Chla_ugL_mean,8.12849628579645
vera4cast,chlorocast_xgboost,2026-10-17 00:00:00,2026-09-29 00:00:00,P1D,fcre,1.6,ensemble,16,Chla_ugL_mean,7.96247762117242
vera4cast,chlorocast_xgboost,2026-10-18 00:00:00,2026-09-29 00:00:00,P1D,fcre,1.6,ensemble,16,Chla_ugL_mean,8.54499924521066
vera4cast,chlorocast_xgboost,2026-10-19 00:00:00,2026-09-29 00:00:00,P1D,fcre,1.6,ensemble,16,Chla_ugL_mean,8.33602293303331
vera4cast,chlorocast_xgboost,2026-10-20 00:00:00,2026-09-29 00:00:00,P1D,fcre,1.6,ensemble,16,Chla_ugL_mean,8.20679987895086
vera4cast,chlorocast_xgboost,2026-10-21 00:00:00,2026-09-29 00:00:00,P1D,fcre,1.6,ensemble,16,Chla_ugL_mean,7.87784939103518
vera4cast,chlorocast_xgboost,2026-10-22 00:00:00,2026-09-29 00:00:00,P1D,fcre,1.6,ensemble,16,Chla_ugL_mean,7.9078284792324
vera4cast,chlorocast_xgboost,2026-10-23 00:00:00,2026-09-29 00:00:00,P1D,fcre,1.6,ensemble,16,Chla_ugL_mean,7.68247719690334
vera4cast,chlorocast_xgboost,2026-10-24 00:00:00,2026-09-29 00:00:00,P1D,fcre,1.6,ensemble,16,Chla_ugL_mean,7.58768487088368
vera4cast,chlorocast_xgboost,2026-10-25 00:00:00,2026-09-29 00:00:00,P1D,fcre,1.6,ensemble,16,Chla_ugL_mean,7.53007851593715
vera4cast,chlorocast_xgboost,2026-10-26 00:00:00,2026-09-29 00:00:00,P1D,fcre,1.6,ensemble,16,Chla_ugL_mean,7.90362196911973
vera4cast,chlorocast_xgboost,2026-10-27 00:00:00,2026-09-29 00:00:00,P1D,fcre,1.6,ensemble,16,Chla_ugL_mean,7.48377648043805
vera4cast,chlorocast_xgboost,2026-10-28 00:00:00,2026-09-29 00:00:00,P1D,fcre,1.6,ensemble,16,Chla_ugL_mean,7.80377852550387
vera4cast,chlorocast_xgboost,2026-10-29 00:00:00,2026-09-29 00:00:00,P1D,fcre,1.6,ensemble,16,Chla_ugL_mean,8.0432043978753
vera4cast,chlorocast_xgboost,2026-10-30 00:00:00,2026-09-29 00:00:00,P1D,fcre,1.6,ensemble,16,Chla_ugL_mean,7.63645255255264
vera4cast,chlorocast_xgboost,2026-10-31 00:00:00,2026-09-29 00:00:00,P1D,fcre,1.6,ensemble,16,Chla_ugL_mean,8.1002394574293
vera4cast,chlorocast_xgboost,2026-11-01 00:00:00,2026-09-29 00:00:00,P1D,fcre,1.6,ensemble,16,Chla_ugL_mean,8.30647783034132
vera4cast,chlorocast_xgboost,2026-11-02 00:00:00,2026-09-29 00:00:00,P1D,fcre,1.6,ensemble,16,Chla_ugL_mean,8.1167146212843
vera4cast,chlorocast_xgboost,2026-11-03 00:00:00,2026-09-29 00:00:00,P1D,fcre,1.6,ensemble,16,Chla_ugL_mean,8.11557964329853
vera4cast,chlorocast_xgboost,2026-09-30 00:00:00,2026-09-29 00:00:00,P1D,fcre,1.6,ensemble,17,Chla_ugL_mean,8.35397102805011
vera4cast,chlorocast_xgboost,2026-10-01 00:00:00,2026-09-29 00:00:00,P1D,fcre,1.6,ensemble,17,Chla_ugL_mean,8.44649077293866
vera4cast,chlorocast_xgboost,2026-10-02 00:00:00,2026-09-29 00:00:00,P1D,fcre,1.6,ensemble,17,Chla_ugL_mean,8.51529786862656
vera4cast,chlorocast_xgboost,2026-10-03 00:00:00,2026-09-29 00:00:00,P1D,fcre,1.6,ensemble,17,Chla_ugL_mean,8.79647673358804
vera4cast,chlorocast_xgboost,2026-10-04 00:00:00,2026-09-29 00:00:00,P1D,fcre,1.6,ensemble,17,Chla_ugL_mean,9.26438759224897
vera4cast,chlorocast_xgboost,2026-10-05 00:00:00,2026-09-29 00:00:00,P1D,fcre,1.6,ensemble,17,Chla_ugL_mean,9.26474098253515
vera4cast,chlorocast_xgboost,2026-10-06 00:00:00,2026-09-29 00:00:00,P1D,fcre,1.6,ensemble,17,Chla_ugL_mean,8.85857796660524
vera4cast,chlorocast_xgboost,2026-10-07 00:00:00,2026-09-29 00:00:00,P1D,fcre,1.6,ensemble,17,Chla_ugL_mean,9.12922483493295
vera4cast,chlorocast_xgboost,2026-10-08 00:00:00,2026-09-29 00:00:00,P1D,fcre,1.6,ensemble,17,Chla_ugL_mean,9.40076087092549
vera4cast,chlorocast_xgboost,2026-10-09 00:00:00,2026-09-29 00:00:00,P1D,fcre,1.6,ensemble,17,Chla_ugL_mean,8.96382041144413
vera4cast,chlorocast_xgboost,2026-10-10 00:00:00,2026-09-29 00:00:00,P1D,fcre,1.6,ensemble,17,Chla_ugL_mean,8.82110654644325
vera4cast,chlorocast_xgboost,2026-10-11 00:00:00,2026-09-29 00:00:00,P1D,fcre,1.6,ensemble,17,Chla_ugL_mean,8.83730384410334
vera4cast,chlorocast_xgboost,2026-10-12 00:00:00,2026-09-29 00:00:00,P1D,fcre,1.6,ensemble,17,Chla_ugL_mean,8.56085791907849
vera4cast,chlorocast_xgboost,2026-10-13 00:00:00,2026-09-29 00:00:00,P1D,fcre,1.6,ensemble,17,Chla_ugL_mean,8.777148401136
vera4cast,chlorocast_xgboost,2026-10-14 00:00:00,2026-09-29 00:00:00,P1D,fcre,1.6,ensemble,17,Chla_ugL_mean,8.56962395281038
vera4cast,chlorocast_xgboost,2026-10-15 00:00:00,2026-09-29 00:00:00,P1D,fcre,1.6,ensemble,17,Chla_ugL_mean,8.38071529669651
vera4cast,chlorocast_xgboost,2026-10-16 00:00:00,2026-09-29 00:00:00,P1D,fcre,1.6,ensemble,17,Chla_ugL_mean,8.20607692250001
vera4cast,chlorocast_xgboost,2026-10-17 00:00:00,2026-09-29 00:00:00,P1D,fcre,1.6,ensemble,17,Chla_ugL_mean,8.04671178064187
vera4cast,chlorocast_xgboost,2026-10-18 00:00:00,2026-09-29 00:00:00,P1D,fcre,1.6,ensemble,17,Chla_ugL_mean,8.61788862132069
vera4cast,chlorocast_xgboost,2026-10-19 00:00:00,2026-09-29 00:00:00,P1D,fcre,1.6,ensemble,17,Chla_ugL_mean,8.4099042015168
vera4cast,chlorocast_xgboost,2026-10-20 00:00:00,2026-09-29 00:00:00,P1D,fcre,1.6,ensemble,17,Chla_ugL_mean,8.27753662386919
vera4cast,chlorocast_xgboost,2026-10-21 00:00:00,2026-09-29 00:00:00,P1D,fcre,1.6,ensemble,17,Chla_ugL_mean,7.95538120839517
vera4cast,chlorocast_xgboost,2026-10-22 00:00:00,2026-09-29 00:00:00,P1D,fcre,1.6,ensemble,17,Chla_ugL_mean,7.98170415372162
vera4cast,chlorocast_xgboost,2026-10-23 00:00:00,2026-09-29 00:00:00,P1D,fcre,1.6,ensemble,17,Chla_ugL_mean,7.75729208976801
vera4cast,chlorocast_xgboost,2026-10-24 00:00:00,2026-09-29 00:00:00,P1D,fcre,1.6,ensemble,17,Chla_ugL_mean,7.66879161050744
vera4cast,chlorocast_xgboost,2026-10-25 00:00:00,2026-09-29 00:00:00,P1D,fcre,1.6,ensemble,17,Chla_ugL_mean,7.61612082549065
vera4cast,chlorocast_xgboost,2026-10-26 00:00:00,2026-09-29 00:00:00,P1D,fcre,1.6,ensemble,17,Chla_ugL_mean,7.97791488667469
vera4cast,chlorocast_xgboost,2026-10-27 00:00:00,2026-09-29 00:00:00,P1D,fcre,1.6,ensemble,17,Chla_ugL_mean,7.56720773276751
vera4cast,chlorocast_xgboost,2026-10-28 00:00:00,2026-09-29 00:00:00,P1D,fcre,1.6,ensemble,17,Chla_ugL_mean,7.87612733374656
vera4cast,chlorocast_xgboost,2026-10-29 00:00:00,2026-09-29 00:00:00,P1D,fcre,1.6,ensemble,17,Chla_ugL_mean,8.11117585055956
vera4cast,chlorocast_xgboost,2026-10-30 00:00:00,2026-09-29 00:00:00,P1D,fcre,1.6,ensemble,17,Chla_ugL_mean,7.71697231050716
vera4cast,chlorocast_xgboost,2026-10-31 00:00:00,2026-09-29 00:00:00,P1D,fcre,1.6,ensemble,17,Chla_ugL_mean,8.18019415952966
vera4cast,chlorocast_xgboost,2026-11-01 00:00:00,2026-09-29 00:00:00,P1D,fcre,1.6,ensemble,17,Chla_ugL_mean,8.37314058908961
vera4cast,chlorocast_xgboost,2026-11-02 00:00:00,2026-09-29 00:00:00,P1D,fcre,1.6,ensemble,17,Chla_ugL_mean,8.19325982204047
vera4cast,chlorocast_xgboost,2026-11-03 00:00:00,2026-09-29 00:00:00,P1D,fcre,1.6,ensemble,17,Chla_ugL_mean,8.19190955595718
vera4cast,chlorocast_xgboost,2026-09-30 00:00:00,2026-09-29 00:00:00,P1D,fcre,1.6,ensemble,18,Chla_ugL_mean,8.435813559625
vera4cast,chlorocast_xgboost,2026-10-01 00:00:00,2026-09-29 00:00:00,P1D,fcre,1.6,ensemble,18,Chla_ugL_mean,8.53580198816728
vera4cast,chlorocast_xgboost,2026-10-02 00:00:00,2026-09-29 00:00:00,P1D,fcre,1.6,ensemble,18,Chla_ugL_mean,8.61153978289737
vera4cast,chlorocast_xgboost,2026-10-03 00:00:00,2026-09-29 00:00:00,P1D,fcre,1.6,ensemble,18,Chla_ugL_mean,8.88847466645765
vera4cast,chlorocast_xgboost,2026-10-04 00:00:00,2026-09-29 00:00:00,P1D,fcre,1.6,ensemble,18,Chla_ugL_mean,9.35551044818492
vera4cast,chlorocast_xgboost,2026-10-05 00:00:00,2026-09-29 00:00:00,P1D,fcre,1.6,ensemble,18,Chla_ugL_mean,9.35357820344124
vera4cast,chlorocast_xgboost,2026-10-06 00:00:00,2026-09-29 00:00:00,P1D,fcre,1.6,ensemble,18,Chla_ugL_mean,8.94363254005949
vera4cast,chlorocast_xgboost,2026-10-07 00:00:00,2026-09-29 00:00:00,P1D,fcre,1.6,ensemble,18,Chla_ugL_mean,9.20182678938505
vera4cast,chlorocast_xgboost,2026-10-08 00:00:00,2026-09-29 00:00:00,P1D,fcre,1.6,ensemble,18,Chla_ugL_mean,9.46914056259702
vera4cast,chlorocast_xgboost,2026-10-09 00:00:00,2026-09-29 00:00:00,P1D,fcre,1.6,ensemble,18,Chla_ugL_mean,9.03763976521654
vera4cast,chlorocast_xgboost,2026-10-10 00:00:00,2026-09-29 00:00:00,P1D,fcre,1.6,ensemble,18,Chla_ugL_mean,8.89958291954076
vera4cast,chlorocast_xgboost,2026-10-11 00:00:00,2026-09-29 00:00:00,P1D,fcre,1.6,ensemble,18,Chla_ugL_mean,8.91320073375243
vera4cast,chlorocast_xgboost,2026-10-12 00:00:00,2026-09-29 00:00:00,P1D,fcre,1.6,ensemble,18,Chla_ugL_mean,8.63505247993936
vera4cast,chlorocast_xgboost,2026-10-13 00:00:00,2026-09-29 00:00:00,P1D,fcre,1.6,ensemble,18,Chla_ugL_mean,8.84831005629915
vera4cast,chlorocast_xgboost,2026-10-14 00:00:00,2026-09-29 00:00:00,P1D,fcre,1.6,ensemble,18,Chla_ugL_mean,8.64610755547662
vera4cast,chlorocast_xgboost,2026-10-15 00:00:00,2026-09-29 00:00:00,P1D,fcre,1.6,ensemble,18,Chla_ugL_mean,8.45876362669251
vera4cast,chlorocast_xgboost,2026-10-16 00:00:00,2026-09-29 00:00:00,P1D,fcre,1.6,ensemble,18,Chla_ugL_mean,8.28081239929862
vera4cast,chlorocast_xgboost,2026-10-17 00:00:00,2026-09-29 00:00:00,P1D,fcre,1.6,ensemble,18,Chla_ugL_mean,8.12792755065299
vera4cast,chlorocast_xgboost,2026-10-18 00:00:00,2026-09-29 00:00:00,P1D,fcre,1.6,ensemble,18,Chla_ugL_mean,8.68804618519794
vera4cast,chlorocast_xgboost,2026-10-19 00:00:00,2026-09-29 00:00:00,P1D,fcre,1.6,ensemble,18,Chla_ugL_mean,8.48103560648102
vera4cast,chlorocast_xgboost,2026-10-20 00:00:00,2026-09-29 00:00:00,P1D,fcre,1.6,ensemble,18,Chla_ugL_mean,8.34562531995246
vera4cast,chlorocast_xgboost,2026-10-21 00:00:00,2026-09-29 00:00:00,P1D,fcre,1.6,ensemble,18,Chla_ugL_mean,8.03008663053917
vera4cast,chlorocast_xgboost,2026-10-22 00:00:00,2026-09-29 00:00:00,P1D,fcre,1.6,ensemble,18,Chla_ugL_mean,8.05285637309701
vera4cast,chlorocast_xgboost,2026-10-23 00:00:00,2026-09-29 00:00:00,P1D,fcre,1.6,ensemble,18,Chla_ugL_mean,7.82937149914022
vera4cast,chlorocast_xgboost,2026-10-24 00:00:00,2026-09-29 00:00:00,P1D,fcre,1.6,ensemble,18,Chla_ugL_mean,7.7469955109298
vera4cast,chlorocast_xgboost,2026-10-25 00:00:00,2026-09-29 00:00:00,P1D,fcre,1.6,ensemble,18,Chla_ugL_mean,7.69913526413475
vera4cast,chlorocast_xgboost,2026-10-26 00:00:00,2026-09-29 00:00:00,P1D,fcre,1.6,ensemble,18,Chla_ugL_mean,8.04947249034486
vera4cast,chlorocast_xgboost,2026-10-27 00:00:00,2026-09-29 00:00:00,P1D,fcre,1.6,ensemble,18,Chla_ugL_mean,7.6476833096462
vera4cast,chlorocast_xgboost,2026-10-28 00:00:00,2026-09-29 00:00:00,P1D,fcre,1.6,ensemble,18,Chla_ugL_mean,7.94580388007152
vera4cast,chlorocast_xgboost,2026-10-29 00:00:00,2026-09-29 00:00:00,P1D,fcre,1.6,ensemble,18,Chla_ugL_mean,8.17659218624181
vera4cast,chlorocast_xgboost,2026-10-30 00:00:00,2026-09-29 00:00:00,P1D,fcre,1.6,ensemble,18,Chla_ugL_mean,7.7946011171685
vera4cast,chlorocast_xgboost,2026-10-31 00:00:00,2026-09-29 00:00:00,P1D,fcre,1.6,ensemble,18,Chla_ugL_mean,8.2572380851
vera4cast,chlorocast_xgboost,2026-11-01 00:00:00,2026-09-29 00:00:00,P1D,fcre,1.6,ensemble,18,Chla_ugL_mean,8.43727543436444
vera4cast,chlorocast_xgboost,2026-11-02 00:00:00,2026-09-29 00:00:00,P1D,fcre,1.6,ensemble,18,Chla_ugL_mean,8.26699050258866
vera4cast,chlorocast_xgboost,2026-11-03 00:00:00,2026-09-29 00:00:00,P1D,fcre,1.6,ensemble,18,Chla_ugL_mean,8.26543125546408
vera4cast,chlorocast_xgboost,2026-09-30 00:00:00,2026-09-29 00:00:00,P1D,fcre,1.6,ensemble,19,Chla_ugL_mean,8.51491062741314
vera4cast,chlorocast_xgboost,2026-10-01 00:00:00,2026-09-29 00:00:00,P1D,fcre,1.6,ensemble,19,Chla_ugL_mean,8.62217625310723
vera4cast,chlorocast_xgboost,2026-10-02 00:00:00,2026-09-29 00:00:00,P1D,fcre,1.6,ensemble,19,Chla_ugL_mean,8.70467641589326
vera4cast,chlorocast_xgboost,2026-10-03 00:00:00,2026-09-29 00:00:00,P1D,fcre,1.6,ensemble,19,Chla_ugL_mean,8.97744181705502
vera4cast,chlorocast_xgboost,2026-10-04 00:00:00,2026-09-29 00:00:00,P1D,fcre,1.6,ensemble,19,Chla_ugL_mean,9.44358747283999
vera4cast,chlorocast_xgboost,2026-10-05 00:00:00,2026-09-29 00:00:00,P1D,fcre,1.6,ensemble,19,Chla_ugL_mean,9.43942741112765
vera4cast,chlorocast_xgboost,2026-10-06 00:00:00,2026-09-29 00:00:00,P1D,fcre,1.6,ensemble,19,Chla_ugL_mean,9.02582416395437
vera4cast,chlorocast_xgboost,2026-10-07 00:00:00,2026-09-29 00:00:00,P1D,fcre,1.6,ensemble,19,Chla_ugL_mean,9.27188552768273
vera4cast,chlorocast_xgboost,2026-10-08 00:00:00,2026-09-29 00:00:00,P1D,fcre,1.6,ensemble,19,Chla_ugL_mean,9.5350868992538
vera4cast,chlorocast_xgboost,2026-10-09 00:00:00,2026-09-29 00:00:00,P1D,fcre,1.6,ensemble,19,Chla_ugL_mean,9.10888995779409
vera4cast,chlorocast_xgboost,2026-10-10 00:00:00,2026-09-29 00:00:00,P1D,fcre,1.6,ensemble,19,Chla_ugL_mean,8.97537088339747
vera4cast,chlorocast_xgboost,2026-10-11 00:00:00,2026-09-29 00:00:00,P1D,fcre,1.6,ensemble,19,Chla_ugL_mean,8.9864779761903
vera4cast,chlorocast_xgboost,2026-10-12 00:00:00,2026-09-29 00:00:00,P1D,fcre,1.6,ensemble,19,Chla_ugL_mean,8.70668928481072
vera4cast,chlorocast_xgboost,2026-10-13 00:00:00,2026-09-29 00:00:00,P1D,fcre,1.6,ensemble,19,Chla_ugL_mean,8.91698634416187
vera4cast,chlorocast_xgboost,2026-10-14 00:00:00,2026-09-29 00:00:00,P1D,fcre,1.6,ensemble,19,Chla_ugL_mean,8.71997114172721
vera4cast,chlorocast_xgboost,2026-10-15 00:00:00,2026-09-29 00:00:00,P1D,fcre,1.6,ensemble,19,Chla_ugL_mean,8.5341623343285
vera4cast,chlorocast_xgboost,2026-10-16 00:00:00,2026-09-29 00:00:00,P1D,fcre,1.6,ensemble,19,Chla_ugL_mean,8.35299655741477
vera4cast,chlorocast_xgboost,2026-10-17 00:00:00,2026-09-29 00:00:00,P1D,fcre,1.6,ensemble,19,Chla_ugL_mean,8.2064362425153
vera4cast,chlorocast_xgboost,2026-10-18 00:00:00,2026-09-29 00:00:00,P1D,fcre,1.6,ensemble,19,Chla_ugL_mean,8.75575451132963
vera4cast,chlorocast_xgboost,2026-10-19 00:00:00,2026-09-29 00:00:00,P1D,fcre,1.6,ensemble,19,Chla_ugL_mean,8.54970143967337
vera4cast,chlorocast_xgboost,2026-10-20 00:00:00,2026-09-29 00:00:00,P1D,fcre,1.6,ensemble,19,Chla_ugL_mean,8.41133985251732
vera4cast,chlorocast_xgboost,2026-10-21 00:00:00,2026-09-29 00:00:00,P1D,fcre,1.6,ensemble,19,Chla_ugL_mean,8.10225744993634
vera4cast,chlorocast_xgboost,2026-10-22 00:00:00,2026-09-29 00:00:00,P1D,fcre,1.6,ensemble,19,Chla_ugL_mean,8.12156650714572
vera4cast,chlorocast_xgboost,2026-10-23 00:00:00,2026-09-29 00:00:00,P1D,fcre,1.6,ensemble,19,Chla_ugL_mean,7.89899788446512
vera4cast,chlorocast_xgboost,2026-10-24 00:00:00,2026-09-29 00:00:00,P1D,fcre,1.6,ensemble,19,Chla_ugL_mean,7.82259594750869
vera4cast,chlorocast_xgboost,2026-10-25 00:00:00,2026-09-29 00:00:00,P1D,fcre,1.6,ensemble,19,Chla_ugL_mean,7.77943386168034
vera4cast,chlorocast_xgboost,2026-10-26 00:00:00,2026-09-29 00:00:00,P1D,fcre,1.6,ensemble,19,Chla_ugL_mean,8.11857735038634
vera4cast,chlorocast_xgboost,2026-10-27 00:00:00,2026-09-29 00:00:00,P1D,fcre,1.6,ensemble,19,Chla_ugL_mean,7.72550788746303
vera4cast,chlorocast_xgboost,2026-10-28 00:00:00,2026-09-29 00:00:00,P1D,fcre,1.6,ensemble,19,Chla_ugL_mean,8.01308428160629
vera4cast,chlorocast_xgboost,2026-10-29 00:00:00,2026-09-29 00:00:00,P1D,fcre,1.6,ensemble,19,Chla_ugL_mean,8.23971776474745
vera4cast,chlorocast_xgboost,2026-10-30 00:00:00,2026-09-29 00:00:00,P1D,fcre,1.6,ensemble,19,Chla_ugL_mean,7.86963717044163
vera4cast,chlorocast_xgboost,2026-10-31 00:00:00,2026-09-29 00:00:00,P1D,fcre,1.6,ensemble,19,Chla_ugL_mean,8.33167171309779
vera4cast,chlorocast_xgboost,2026-11-01 00:00:00,2026-09-29 00:00:00,P1D,fcre,1.6,ensemble,19,Chla_ugL_mean,8.49914410011012
vera4cast,chlorocast_xgboost,2026-11-02 00:00:00,2026-09-29 00:00:00,P1D,fcre,1.6,ensemble,19,Chla_ugL_mean,8.3381973897862
vera4cast,chlorocast_xgboost,2026-11-03 00:00:00,2026-09-29 00:00:00,P1D,fcre,1.6,ensemble,19,Chla_ugL_mean,8.33643482831116
vera4cast,chlorocast_xgboost,2026-09-30 00:00:00,2026-09-29 00:00:00,P1D,fcre,1.6,ensemble,20,Chla_ugL_mean,8.59153145799471
vera4cast,chlorocast_xgboost,2026-10-01 00:00:00,2026-09-29 00:00:00,P1D,fcre,1.6,ensemble,20,Chla_ugL_mean,8.70590138544034
vera4cast,chlorocast_xgboost,2026-10-02 00:00:00,2026-09-29 00:00:00,P1D,fcre,1.6,ensemble,20,Chla_ugL_mean,8.79501196148165
vera4cast,chlorocast_xgboost,2026-10-03 00:00:00,2026-09-29 00:00:00,P1D,fcre,1.6,ensemble,20,Chla_ugL_mean,9.06367521303557
vera4cast,chlorocast_xgboost,2026-10-04 00:00:00,2026-09-29 00:00:00,P1D,fcre,1.6,ensemble,20,Chla_ugL_mean,9.52891730737347
vera4cast,chlorocast_xgboost,2026-10-05 00:00:00,2026-09-29 00:00:00,P1D,fcre,1.6,ensemble,20,Chla_ugL_mean,9.52258164770425
vera4cast,chlorocast_xgboost,2026-10-06 00:00:00,2026-09-29 00:00:00,P1D,fcre,1.6,ensemble,20,Chla_ugL_mean,9.10543362366449
vera4cast,chlorocast_xgboost,2026-10-07 00:00:00,2026-09-29 00:00:00,P1D,fcre,1.6,ensemble,20,Chla_ugL_mean,9.33965100161877
vera4cast,chlorocast_xgboost,2026-10-08 00:00:00,2026-09-29 00:00:00,P1D,fcre,1.6,ensemble,20,Chla_ugL_mean,9.59883929722914
vera4cast,chlorocast_xgboost,2026-10-09 00:00:00,2026-09-29 00:00:00,P1D,fcre,1.6,ensemble,20,Chla_ugL_mean,9.17782338825105
vera4cast,chlorocast_xgboost,2026-10-10 00:00:00,2026-09-29 00:00:00,P1D,fcre,1.6,ensemble,20,Chla_ugL_mean,9.04873431843392
vera4cast,chlorocast_xgboost,2026-10-11 00:00:00,2026-09-29 00:00:00,P1D,fcre,1.6,ensemble,20,Chla_ugL_mean,9.05739280591594
vera4cast,chlorocast_xgboost,2026-10-12 00:00:00,2026-09-29 00:00:00,P1D,fcre,1.6,ensemble,20,Chla_ugL_mean,8.77601947378045
vera4cast,chlorocast_xgboost,2026-10-13 00:00:00,2026-09-29 00:00:00,P1D,fcre,1.6,ensemble,20,Chla_ugL_mean,8.98342148471969
vera4cast,chlorocast_xgboost,2026-10-14 00:00:00,2026-09-29 00:00:00,P1D,fcre,1.6,ensemble,20,Chla_ugL_mean,8.79147187826432
vera4cast,chlorocast_xgboost,2026-10-15 00:00:00,2026-09-29 00:00:00,P1D,fcre,1.6,ensemble,20,Chla_ugL_mean,8.6071713785685
vera4cast,chlorocast_xgboost,2026-10-16 00:00:00,2026-09-29 00:00:00,P1D,fcre,1.6,ensemble,20,Chla_ugL_mean,8.42287977721233
vera4cast,chlorocast_xgboost,2026-10-17 00:00:00,2026-09-29 00:00:00,P1D,fcre,1.6,ensemble,20,Chla_ugL_mean,8.28250325647301
vera4cast,chlorocast_xgboost,2026-10-18 00:00:00,2026-09-29 00:00:00,P1D,fcre,1.6,ensemble,20,Chla_ugL_mean,8.82125426296347
vera4cast,chlorocast_xgboost,2026-10-19 00:00:00,2026-09-29 00:00:00,P1D,fcre,1.6,ensemble,20,Chla_ugL_mean,8.61614386472258
vera4cast,chlorocast_xgboost,2026-10-20 00:00:00,2026-09-29 00:00:00,P1D,fcre,1.6,ensemble,20,Chla_ugL_mean,8.47491349055575
vera4cast,chlorocast_xgboost,2026-10-21 00:00:00,2026-09-29 00:00:00,P1D,fcre,1.6,ensemble,20,Chla_ugL_mean,8.17214233392484
vera4cast,chlorocast_xgboost,2026-10-22 00:00:00,2026-09-29 00:00:00,P1D,fcre,1.6,ensemble,20,Chla_ugL_mean,8.1880742817393
vera4cast,chlorocast_xgboost,2026-10-23 00:00:00,2026-09-29 00:00:00,P1D,fcre,1.6,ensemble,20,Chla_ugL_mean,7.96641194370524
vera4cast,chlorocast_xgboost,2026-10-24 00:00:00,2026-09-29 00:00:00,P1D,fcre,1.6,ensemble,20,Chla_ugL_mean,7.89584815136942
vera4cast,chlorocast_xgboost,2026-10-25 00:00:00,2026-09-29 00:00:00,P1D,fcre,1.6,ensemble,20,Chla_ugL_mean,7.85728273311652
vera4cast,chlorocast_xgboost,2026-10-26 00:00:00,2026-09-29 00:00:00,P1D,fcre,1.6,ensemble,20,Chla_ugL_mean,8.1854702223346
vera4cast,chlorocast_xgboost,2026-10-27 00:00:00,2026-09-29 00:00:00,P1D,fcre,1.6,ensemble,20,Chla_ugL_mean,7.80094127322648
vera4cast,chlorocast_xgboost,2026-10-28 00:00:00,2026-09-29 00:00:00,P1D,fcre,1.6,ensemble,20,Chla_ugL_mean,8.07820377900664
vera4cast,chlorocast_xgboost,2026-10-29 00:00:00,2026-09-29 00:00:00,P1D,fcre,1.6,ensemble,20,Chla_ugL_mean,8.30077772099329
vera4cast,chlorocast_xgboost,2026-10-30 00:00:00,2026-09-29 00:00:00,P1D,fcre,1.6,ensemble,20,Chla_ugL_mean,7.94233468038474
vera4cast,chlorocast_xgboost,2026-10-31 00:00:00,2026-09-29 00:00:00,P1D,fcre,1.6,ensemble,20,Chla_ugL_mean,8.40375112112342
vera4cast,chlorocast_xgboost,2026-11-01 00:00:00,2026-09-29 00:00:00,P1D,fcre,1.6,ensemble,20,Chla_ugL_mean,8.55896944050369
vera4cast,chlorocast_xgboost,2026-11-02 00:00:00,2026-09-29 00:00:00,P1D,fcre,1.6,ensemble,20,Chla_ugL_mean,8.4071281959945
vera4cast,chlorocast_xgboost,2026-11-03 00:00:00,2026-09-29 00:00:00,P1D,fcre,1.6,ensemble,20,Chla_ugL_mean,8.40516743810602
vera4cast,chlorocast_xgboost,2026-09-30 00:00:00,2026-09-29 00:00:00,P1D,fcre,1.6,ensemble,21,Chla_ugL_mean,8.65115369747602
vera4cast,chlorocast_xgboost,2026-10-01 00:00:00,2026-09-29 00:00:00,P1D,fcre,1.6,ensemble,21,Chla_ugL_mean,8.7654977776052
vera4cast,chlorocast_xgboost,2026-10-02 00:00:00,2026-09-29 00:00:00,P1D,fcre,1.6,ensemble,21,Chla_ugL_mean,8.8724951572199
vera4cast,chlorocast_xgboost,2026-10-03 00:00:00,2026-09-29 00:00:00,P1D,fcre,1.6,ensemble,21,Chla_ugL_mean,9.1458311387567
vera4cast,chlorocast_xgboost,2026-10-04 00:00:00,2026-09-29 00:00:00,P1D,fcre,1.6,ensemble,21,Chla_ugL_mean,9.60702631355817
vera4cast,chlorocast_xgboost,2026-10-05 00:00:00,2026-09-29 00:00:00,P1D,fcre,1.6,ensemble,21,Chla_ugL_mean,9.58299777560889
vera4cast,chlorocast_xgboost,2026-10-06 00:00:00,2026-09-29 00:00:00,P1D,fcre,1.6,ensemble,21,Chla_ugL_mean,9.1642816602556
vera4cast,chlorocast_xgboost,2026-10-07 00:00:00,2026-09-29 00:00:00,P1D,fcre,1.6,ensemble,21,Chla_ugL_mean,9.38642732840657
vera4cast,chlorocast_xgboost,2026-10-08 00:00:00,2026-09-29 00:00:00,P1D,fcre,1.6,ensemble,21,Chla_ugL_mean,9.64166300462062
vera4cast,chlorocast_xgboost,2026-10-09 00:00:00,2026-09-29 00:00:00,P1D,fcre,1.6,ensemble,21,Chla_ugL_mean,9.23739491231334
vera4cast,chlorocast_xgboost,2026-10-10 00:00:00,2026-09-29 00:00:00,P1D,fcre,1.6,ensemble,21,Chla_ugL_mean,9.11266297216757
vera4cast,chlorocast_xgboost,2026-10-11 00:00:00,2026-09-29 00:00:00,P1D,fcre,1.6,ensemble,21,Chla_ugL_mean,9.10657248496414
vera4cast,chlorocast_xgboost,2026-10-12 00:00:00,2026-09-29 00:00:00,P1D,fcre,1.6,ensemble,21,Chla_ugL_mean,8.83330191542376
vera4cast,chlorocast_xgboost,2026-10-13 00:00:00,2026-09-29 00:00:00,P1D,fcre,1.6,ensemble,21,Chla_ugL_mean,9.03286069149336
vera4cast,chlorocast_xgboost,2026-10-14 00:00:00,2026-09-29 00:00:00,P1D,fcre,1.6,ensemble,21,Chla_ugL_mean,8.84854533139334
vera4cast,chlorocast_xgboost,2026-10-15 00:00:00,2026-09-29 00:00:00,P1D,fcre,1.6,ensemble,21,Chla_ugL_mean,8.66147068392019
vera4cast,chlorocast_xgboost,2026-10-16 00:00:00,2026-09-29 00:00:00,P1D,fcre,1.6,ensemble,21,Chla_ugL_mean,8.47396851146464
vera4cast,chlorocast_xgboost,2026-10-17 00:00:00,2026-09-29 00:00:00,P1D,fcre,1.6,ensemble,21,Chla_ugL_mean,8.34801349587656
vera4cast,chlorocast_xgboost,2026-10-18 00:00:00,2026-09-29 00:00:00,P1D,fcre,1.6,ensemble,21,Chla_ugL_mean,8.86721179066699
vera4cast,chlorocast_xgboost,2026-10-19 00:00:00,2026-09-29 00:00:00,P1D,fcre,1.6,ensemble,21,Chla_ugL_mean,8.66930871811085
vera4cast,chlorocast_xgboost,2026-10-20 00:00:00,2026-09-29 00:00:00,P1D,fcre,1.6,ensemble,21,Chla_ugL_mean,8.52047429050297
vera4cast,chlorocast_xgboost,2026-10-21 00:00:00,2026-09-29 00:00:00,P1D,fcre,1.6,ensemble,21,Chla_ugL_mean,8.22600572928471
vera4cast,chlorocast_xgboost,2026-10-22 00:00:00,2026-09-29 00:00:00,P1D,fcre,1.6,ensemble,21,Chla_ugL_mean,8.23541574551064
vera4cast,chlorocast_xgboost,2026-10-23 00:00:00,2026-09-29 00:00:00,P1D,fcre,1.6,ensemble,21,Chla_ugL_mean,8.02285047807404
vera4cast,chlorocast_xgboost,2026-10-24 00:00:00,2026-09-29 00:00:00,P1D,fcre,1.6,ensemble,21,Chla_ugL_mean,7.95738311571314
vera4cast,chlorocast_xgboost,2026-10-25 00:00:00,2026-09-29 00:00:00,P1D,fcre,1.6,ensemble,21,Chla_ugL_mean,7.92288022124745
vera4cast,chlorocast_xgboost,2026-10-26 00:00:00,2026-09-29 00:00:00,P1D,fcre,1.6,ensemble,21,Chla_ugL_mean,8.23914931295283
vera4cast,chlorocast_xgboost,2026-10-27 00:00:00,2026-09-29 00:00:00,P1D,fcre,1.6,ensemble,21,Chla_ugL_mean,7.8619651633966
vera4cast,chlorocast_xgboost,2026-10-28 00:00:00,2026-09-29 00:00:00,P1D,fcre,1.6,ensemble,21,Chla_ugL_mean,8.13336931993314
vera4cast,chlorocast_xgboost,2026-10-29 00:00:00,2026-09-29 00:00:00,P1D,fcre,1.6,ensemble,21,Chla_ugL_mean,8.3585039753694
vera4cast,chlorocast_xgboost,2026-10-30 00:00:00,2026-09-29 00:00:00,P1D,fcre,1.6,ensemble,21,Chla_ugL_mean,8.00043022693446
vera4cast,chlorocast_xgboost,2026-10-31 00:00:00,2026-09-29 00:00:00,P1D,fcre,1.6,ensemble,21,Chla_ugL_mean,8.45887424882879
vera4cast,chlorocast_xgboost,2026-11-01 00:00:00,2026-09-29 00:00:00,P1D,fcre,1.6,ensemble,21,Chla_ugL_mean,8.60881913080116
vera4cast,chlorocast_xgboost,2026-11-02 00:00:00,2026-09-29 00:00:00,P1D,fcre,1.6,ensemble,21,Chla_ugL_mean,8.46295707635174
vera4cast,chlorocast_xgboost,2026-11-03 00:00:00,2026-09-29 00:00:00,P1D,fcre,1.6,ensemble,21,Chla_ugL_mean,8.46643496915635
vera4cast,chlorocast_xgboost,2026-09-30 00:00:00,2026-09-29 00:00:00,P1D,fcre,1.6,ensemble,22,Chla_ugL_mean,8.7007135442692
vera4cast,chlorocast_xgboost,2026-10-01 00:00:00,2026-09-29 00:00:00,P1D,fcre,1.6,ensemble,22,Chla_ugL_mean,8.81031409322836
vera4cast,chlorocast_xgboost,2026-10-02 00:00:00,2026-09-29 00:00:00,P1D,fcre,1.6,ensemble,22,Chla_ugL_mean,8.94301802981983
vera4cast,chlorocast_xgboost,2026-10-03 00:00:00,2026-09-29 00:00:00,P1D,fcre,1.6,ensemble,22,Chla_ugL_mean,9.22696253101515
vera4cast,chlorocast_xgboost,2026-10-04 00:00:00,2026-09-29 00:00:00,P1D,fcre,1.6,ensemble,22,Chla_ugL_mean,9.68192607610134
vera4cast,chlorocast_xgboost,2026-10-05 00:00:00,2026-09-29 00:00:00,P1D,fcre,1.6,ensemble,22,Chla_ugL_mean,9.62958015016363
vera4cast,chlorocast_xgboost,2026-10-06 00:00:00,2026-09-29 00:00:00,P1D,fcre,1.6,ensemble,22,Chla_ugL_mean,9.21056967624834
vera4cast,chlorocast_xgboost,2026-10-07 00:00:00,2026-09-29 00:00:00,P1D,fcre,1.6,ensemble,22,Chla_ugL_mean,9.42028725105634
vera4cast,chlorocast_xgboost,2026-10-08 00:00:00,2026-09-29 00:00:00,P1D,fcre,1.6,ensemble,22,Chla_ugL_mean,9.67154664814638
vera4cast,chlorocast_xgboost,2026-10-09 00:00:00,2026-09-29 00:00:00,P1D,fcre,1.6,ensemble,22,Chla_ugL_mean,9.29195517588517
vera4cast,chlorocast_xgboost,2026-10-10 00:00:00,2026-09-29 00:00:00,P1D,fcre,1.6,ensemble,22,Chla_ugL_mean,9.17162033010423
vera4cast,chlorocast_xgboost,2026-10-11 00:00:00,2026-09-29 00:00:00,P1D,fcre,1.6,ensemble,22,Chla_ugL_mean,9.14238141648202
vera4cast,chlorocast_xgboost,2026-10-12 00:00:00,2026-09-29 00:00:00,P1D,fcre,1.6,ensemble,22,Chla_ugL_mean,8.88375280404677
vera4cast,chlorocast_xgboost,2026-10-13 00:00:00,2026-09-29 00:00:00,P1D,fcre,1.6,ensemble,22,Chla_ugL_mean,9.07205722373653
vera4cast,chlorocast_xgboost,2026-10-14 00:00:00,2026-09-29 00:00:00,P1D,fcre,1.6,ensemble,22,Chla_ugL_mean,8.89721053083854
vera4cast,chlorocast_xgboost,2026-10-15 00:00:00,2026-09-29 00:00:00,P1D,fcre,1.6,ensemble,22,Chla_ugL_mean,8.70447936822552
vera4cast,chlorocast_xgboost,2026-10-16 00:00:00,2026-09-29 00:00:00,P1D,fcre,1.6,ensemble,22,Chla_ugL_mean,8.51365178858227
vera4cast,chlorocast_xgboost,2026-10-17 00:00:00,2026-09-29 00:00:00,P1D,fcre,1.6,ensemble,22,Chla_ugL_mean,8.40784295790777
vera4cast,chlorocast_xgboost,2026-10-18 00:00:00,2026-09-29 00:00:00,P1D,fcre,1.6,ensemble,22,Chla_ugL_mean,8.9011862932037
vera4cast,chlorocast_xgboost,2026-10-19 00:00:00,2026-09-29 00:00:00,P1D,fcre,1.6,ensemble,22,Chla_ugL_mean,8.7147502474088
vera4cast,chlorocast_xgboost,2026-10-20 00:00:00,2026-09-29 00:00:00,P1D,fcre,1.6,ensemble,22,Chla_ugL_mean,8.55504932357496
vera4cast,chlorocast_xgboost,2026-10-21 00:00:00,2026-09-29 00:00:00,P1D,fcre,1.6,ensemble,22,Chla_ugL_mean,8.27034313920223
vera4cast,chlorocast_xgboost,2026-10-22 00:00:00,2026-09-29 00:00:00,P1D,fcre,1.6,ensemble,22,Chla_ugL_mean,8.27103842619059
vera4cast,chlorocast_xgboost,2026-10-23 00:00:00,2026-09-29 00:00:00,P1D,fcre,1.6,ensemble,22,Chla_ugL_mean,8.0731487511957
vera4cast,chlorocast_xgboost,2026-10-24 00:00:00,2026-09-29 00:00:00,P1D,fcre,1.6,ensemble,22,Chla_ugL_mean,8.01238751712199
vera4cast,chlorocast_xgboost,2026-10-25 00:00:00,2026-09-29 00:00:00,P1D,fcre,1.6,ensemble,22,Chla_ugL_mean,7.98167419920668
vera4cast,chlorocast_xgboost,2026-10-26 00:00:00,2026-09-29 00:00:00,P1D,fcre,1.6,ensemble,22,Chla_ugL_mean,8.28515504984075
vera4cast,chlorocast_xgboost,2026-10-27 00:00:00,2026-09-29 00:00:00,P1D,fcre,1.6,ensemble,22,Chla_ugL_mean,7.91466281174501
vera4cast,chlorocast_xgboost,2026-10-28 00:00:00,2026-09-29 00:00:00,P1D,fcre,1.6,ensemble,22,Chla_ugL_mean,8.18304535271401
vera4cast,chlorocast_xgboost,2026-10-29 00:00:00,2026-09-29 00:00:00,P1D,fcre,1.6,ensemble,22,Chla_ugL_mean,8.41517102989889
vera4cast,chlorocast_xgboost,2026-10-30 00:00:00,2026-09-29 00:00:00,P1D,fcre,1.6,ensemble,22,Chla_ugL_mean,8.05001660982261
vera4cast,chlorocast_xgboost,2026-10-31 00:00:00,2026-09-29 00:00:00,P1D,fcre,1.6,ensemble,22,Chla_ugL_mean,8.50387847725098
vera4cast,chlorocast_xgboost,2026-11-01 00:00:00,2026-09-29 00:00:00,P1D,fcre,1.6,ensemble,22,Chla_ugL_mean,8.65306125749149
vera4cast,chlorocast_xgboost,2026-11-02 00:00:00,2026-09-29 00:00:00,P1D,fcre,1.6,ensemble,22,Chla_ugL_mean,8.51122844488256
vera4cast,chlorocast_xgboost,2026-11-03 00:00:00,2026-09-29 00:00:00,P1D,fcre,1.6,ensemble,22,Chla_ugL_mean,8.52398296488438
vera4cast,chlorocast_xgboost,2026-09-30 00:00:00,2026-09-29 00:00:00,P1D,fcre,1.6,ensemble,23,Chla_ugL_mean,8.75052788689689
vera4cast,chlorocast_xgboost,2026-10-01 00:00:00,2026-09-29 00:00:00,P1D,fcre,1.6,ensemble,23,Chla_ugL_mean,8.85533608215069
vera4cast,chlorocast_xgboost,2026-10-02 00:00:00,2026-09-29 00:00:00,P1D,fcre,1.6,ensemble,23,Chla_ugL_mean,9.01404467329841
vera4cast,chlorocast_xgboost,2026-10-03 00:00:00,2026-09-29 00:00:00,P1D,fcre,1.6,ensemble,23,Chla_ugL_mean,9.30874269247938
vera4cast,chlorocast_xgboost,2026-10-04 00:00:00,2026-09-29 00:00:00,P1D,fcre,1.6,ensemble,23,Chla_ugL_mean,9.75735473093376
vera4cast,chlorocast_xgboost,2026-10-05 00:00:00,2026-09-29 00:00:00,P1D,fcre,1.6,ensemble,23,Chla_ugL_mean,9.67636756280543
vera4cast,chlorocast_xgboost,2026-10-06 00:00:00,2026-09-29 00:00:00,P1D,fcre,1.6,ensemble,23,Chla_ugL_mean,9.25706848730718
vera4cast,chlorocast_xgboost,2026-10-07 00:00:00,2026-09-29 00:00:00,P1D,fcre,1.6,ensemble,23,Chla_ugL_mean,9.4542575576067
vera4cast,chlorocast_xgboost,2026-10-08 00:00:00,2026-09-29 00:00:00,P1D,fcre,1.6,ensemble,23,Chla_ugL_mean,9.70151421014899
vera4cast,chlorocast_xgboost,2026-10-09 00:00:00,2026-09-29 00:00:00,P1D,fcre,1.6,ensemble,23,Chla_ugL_mean,9.34680621874084
vera4cast,chlorocast_xgboost,2026-10-10 00:00:00,2026-09-29 00:00:00,P1D,fcre,1.6,ensemble,23,Chla_ugL_mean,9.23092141254396
vera4cast,chlorocast_xgboost,2026-10-11 00:00:00,2026-09-29 00:00:00,P1D,fcre,1.6,ensemble,23,Chla_ugL_mean,9.17831722381049
vera4cast,chlorocast_xgboost,2026-10-12 00:00:00,2026-09-29 00:00:00,P1D,fcre,1.6,ensemble,23,Chla_ugL_mean,8.93446253676758
vera4cast,chlorocast_xgboost,2026-10-13 00:00:00,2026-09-29 00:00:00,P1D,fcre,1.6,ensemble,23,Chla_ugL_mean,9.11140688958607
vera4cast,chlorocast_xgboost,2026-10-14 00:00:00,2026-09-29 00:00:00,P1D,fcre,1.6,ensemble,23,Chla_ugL_mean,8.94611620251159
vera4cast,chlorocast_xgboost,2026-10-15 00:00:00,2026-09-29 00:00:00,P1D,fcre,1.6,ensemble,23,Chla_ugL_mean,8.74767950857168
vera4cast,chlorocast_xgboost,2026-10-16 00:00:00,2026-09-29 00:00:00,P1D,fcre,1.6,ensemble,23,Chla_ugL_mean,8.55350128564045
vera4cast,chlorocast_xgboost,2026-10-17 00:00:00,2026-09-29 00:00:00,P1D,fcre,1.6,ensemble,23,Chla_ugL_mean,8.4680553424207
vera4cast,chlorocast_xgboost,2026-10-18 00:00:00,2026-09-29 00:00:00,P1D,fcre,1.6,ensemble,23,Chla_ugL_mean,8.93527777577966
vera4cast,chlorocast_xgboost,2026-10-19 00:00:00,2026-09-29 00:00:00,P1D,fcre,1.6,ensemble,23,Chla_ugL_mean,8.7604053320544
vera4cast,chlorocast_xgboost,2026-10-20 00:00:00,2026-09-29 00:00:00,P1D,fcre,1.6,ensemble,23,Chla_ugL_mean,8.58974992107531
vera4cast,chlorocast_xgboost,2026-10-21 00:00:00,2026-09-29 00:00:00,P1D,fcre,1.6,ensemble,23,Chla_ugL_mean,8.31489362138263
vera4cast,chlorocast_xgboost,2026-10-22 00:00:00,2026-09-29 00:00:00,P1D,fcre,1.6,ensemble,23,Chla_ugL_mean,8.30679851003829
vera4cast,chlorocast_xgboost,2026-10-23 00:00:00,2026-09-29 00:00:00,P1D,fcre,1.6,ensemble,23,Chla_ugL_mean,8.1237274142324
vera4cast,chlorocast_xgboost,2026-10-24 00:00:00,2026-09-29 00:00:00,P1D,fcre,1.6,ensemble,23,Chla_ugL_mean,8.06772968282375
vera4cast,chlorocast_xgboost,2026-10-25 00:00:00,2026-09-29 00:00:00,P1D,fcre,1.6,ensemble,23,Chla_ugL_mean,8.0408555780677
vera4cast,chlorocast_xgboost,2026-10-26 00:00:00,2026-09-29 00:00:00,P1D,fcre,1.6,ensemble,23,Chla_ugL_mean,8.33138986927241
vera4cast,chlorocast_xgboost,2026-10-27 00:00:00,2026-09-29 00:00:00,P1D,fcre,1.6,ensemble,23,Chla_ugL_mean,7.96767382649584
vera4cast,chlorocast_xgboost,2026-10-28 00:00:00,2026-09-29 00:00:00,P1D,fcre,1.6,ensemble,23,Chla_ugL_mean,8.2329915714631
vera4cast,chlorocast_xgboost,2026-10-29 00:00:00,2026-09-29 00:00:00,P1D,fcre,1.6,ensemble,23,Chla_ugL_mean,8.4721812113937
vera4cast,chlorocast_xgboost,2026-10-30 00:00:00,2026-09-29 00:00:00,P1D,fcre,1.6,ensemble,23,Chla_ugL_mean,8.09987618069244
vera4cast,chlorocast_xgboost,2026-10-31 00:00:00,2026-09-29 00:00:00,P1D,fcre,1.6,ensemble,23,Chla_ugL_mean,8.54909683058092
vera4cast,chlorocast_xgboost,2026-11-01 00:00:00,2026-09-29 00:00:00,P1D,fcre,1.6,ensemble,23,Chla_ugL_mean,8.6975070893143
vera4cast,chlorocast_xgboost,2026-11-02 00:00:00,2026-09-29 00:00:00,P1D,fcre,1.6,ensemble,23,Chla_ugL_mean,8.55974604987002
vera4cast,chlorocast_xgboost,2026-11-03 00:00:00,2026-09-29 00:00:00,P1D,fcre,1.6,ensemble,23,Chla_ugL_mean,8.58188080422545
vera4cast,chlorocast_xgboost,2026-09-30 00:00:00,2026-09-29 00:00:00,P1D,fcre,1.6,ensemble,24,Chla_ugL_mean,8.80059803222611
vera4cast,chlorocast_xgboost,2026-10-01 00:00:00,2026-09-29 00:00:00,P1D,fcre,1.6,ensemble,24,Chla_ugL_mean,8.9005646882585
vera4cast,chlorocast_xgboost,2026-10-02 00:00:00,2026-09-29 00:00:00,P1D,fcre,1.6,ensemble,24,Chla_ugL_mean,9.08557868627674
vera4cast,chlorocast_xgboost,2026-10-03 00:00:00,2026-09-29 00:00:00,P1D,fcre,1.6,ensemble,24,Chla_ugL_mean,9.39117681104855
vera4cast,chlorocast_xgboost,2026-10-04 00:00:00,2026-09-29 00:00:00,P1D,fcre,1.6,ensemble,24,Chla_ugL_mean,9.83331601274087
vera4cast,chlorocast_xgboost,2026-10-05 00:00:00,2026-09-29 00:00:00,P1D,fcre,1.6,ensemble,24,Chla_ugL_mean,9.72336091603479
vera4cast,chlorocast_xgboost,2026-10-06 00:00:00,2026-09-29 00:00:00,P1D,fcre,1.6,ensemble,24,Chla_ugL_mean,9.30377905339033
vera4cast,chlorocast_xgboost,2026-10-07 00:00:00,2026-09-29 00:00:00,P1D,fcre,1.6,ensemble,24,Chla_ugL_mean,9.48833860791099
vera4cast,chlorocast_xgboost,2026-10-08 00:00:00,2026-09-29 00:00:00,P1D,fcre,1.6,ensemble,24,Chla_ugL_mean,9.73156592628613
vera4cast,chlorocast_xgboost,2026-10-09 00:00:00,2026-09-29 00:00:00,P1D,fcre,1.6,ensemble,24,Chla_ugL_mean,9.40194959059046
vera4cast,chlorocast_xgboost,2026-10-10 00:00:00,2026-09-29 00:00:00,P1D,fcre,1.6,ensemble,24,Chla_ugL_mean,9.29056822341873
vera4cast,chlorocast_xgboost,2026-10-11 00:00:00,2026-09-29 00:00:00,P1D,fcre,1.6,ensemble,24,Chla_ugL_mean,9.21438035648746
vera4cast,chlorocast_xgboost,2026-10-12 00:00:00,2026-09-29 00:00:00,P1D,fcre,1.6,ensemble,24,Chla_ugL_mean,8.9854324416157
vera4cast,chlorocast_xgboost,2026-10-13 00:00:00,2026-09-29 00:00:00,P1D,fcre,1.6,ensemble,24,Chla_ugL_mean,9.15091028730668
vera4cast,chlorocast_xgboost,2026-10-14 00:00:00,2026-09-29 00:00:00,P1D,fcre,1.6,ensemble,24,Chla_ugL_mean,8.99526353467215
vera4cast,chlorocast_xgboost,2026-10-15 00:00:00,2026-09-29 00:00:00,P1D,fcre,1.6,ensemble,24,Chla_ugL_mean,8.79107195723806
vera4cast,chlorocast_xgboost,2026-10-16 00:00:00,2026-09-29 00:00:00,P1D,fcre,1.6,ensemble,24,Chla_ugL_mean,8.59351769887878
vera4cast,chlorocast_xgboost,2026-10-17 00:00:00,2026-09-29 00:00:00,P1D,fcre,1.6,ensemble,24,Chla_ugL_mean,8.52865310020833
vera4cast,chlorocast_xgboost,2026-10-18 00:00:00,2026-09-29 00:00:00,P1D,fcre,1.6,ensemble,24,Chla_ugL_mean,8.96948664117722
vera4cast,chlorocast_xgboost,2026-10-19 00:00:00,2026-09-29 00:00:00,P1D,fcre,1.6,ensemble,24,Chla_ugL_mean,8.80627497566456
vera4cast,chlorocast_xgboost,2026-10-20 00:00:00,2026-09-29 00:00:00,P1D,fcre,1.6,ensemble,24,Chla_ugL_mean,8.6245765390101
vera4cast,chlorocast_xgboost,2026-10-21 00:00:00,2026-09-29 00:00:00,P1D,fcre,1.6,ensemble,24,Chla_ugL_mean,8.35965819978717
vera4cast,chlorocast_xgboost,2026-10-22 00:00:00,2026-09-29 00:00:00,P1D,fcre,1.6,ensemble,24,Chla_ugL_mean,8.34269652704277
vera4cast,chlorocast_xgboost,2026-10-23 00:00:00,2026-09-29 00:00:00,P1D,fcre,1.6,ensemble,24,Chla_ugL_mean,8.17458803022995
vera4cast,chlorocast_xgboost,2026-10-24 00:00:00,2026-09-29 00:00:00,P1D,fcre,1.6,ensemble,24,Chla_ugL_mean,8.12341168692001
vera4cast,chlorocast_xgboost,2026-10-25 00:00:00,2026-09-29 00:00:00,P1D,fcre,1.6,ensemble,24,Chla_ugL_mean,8.10042691046369
vera4cast,chlorocast_xgboost,2026-10-26 00:00:00,2026-09-29 00:00:00,P1D,fcre,1.6,ensemble,24,Chla_ugL_mean,8.37785491194928
vera4cast,chlorocast_xgboost,2026-10-27 00:00:00,2026-09-29 00:00:00,P1D,fcre,1.6,ensemble,24,Chla_ugL_mean,8.02100007108139
vera4cast,chlorocast_xgboost,2026-10-28 00:00:00,2026-09-29 00:00:00,P1D,fcre,1.6,ensemble,24,Chla_ugL_mean,8.28320944571116
vera4cast,chlorocast_xgboost,2026-10-29 00:00:00,2026-09-29 00:00:00,P1D,fcre,1.6,ensemble,24,Chla_ugL_mean,8.52953659753574
vera4cast,chlorocast_xgboost,2026-10-30 00:00:00,2026-09-29 00:00:00,P1D,fcre,1.6,ensemble,24,Chla_ugL_mean,8.15001044462799
vera4cast,chlorocast_xgboost,2026-10-31 00:00:00,2026-09-29 00:00:00,P1D,fcre,1.6,ensemble,24,Chla_ugL_mean,8.59453032760012
vera4cast,chlorocast_xgboost,2026-11-01 00:00:00,2026-09-29 00:00:00,P1D,fcre,1.6,ensemble,24,Chla_ugL_mean,8.74215756419426
vera4cast,chlorocast_xgboost,2026-11-02 00:00:00,2026-09-29 00:00:00,P1D,fcre,1.6,ensemble,24,Chla_ugL_mean,8.60851114738774
vera4cast,chlorocast_xgboost,2026-11-03 00:00:00,2026-09-29 00:00:00,P1D,fcre,1.6,ensemble,24,Chla_ugL_mean,8.64013061393572
vera4cast,chlorocast_xgboost,2026-09-30 00:00:00,2026-09-29 00:00:00,P1D,fcre,1.6,ensemble,25,Chla_ugL_mean,8.85092529383481
vera4cast,chlorocast_xgboost,2026-10-01 00:00:00,2026-09-29 00:00:00,P1D,fcre,1.6,ensemble,25,Chla_ugL_mean,8.94600085976979
vera4cast,chlorocast_xgboost,2026-10-02 00:00:00,2026-09-29 00:00:00,P1D,fcre,1.6,ensemble,25,Chla_ugL_mean,9.15762369308221
vera4cast,chlorocast_xgboost,2026-10-03 00:00:00,2026-09-29 00:00:00,P1D,fcre,1.6,ensemble,25,Chla_ugL_mean,9.47427011610699
vera4cast,chlorocast_xgboost,2026-10-04 00:00:00,2026-09-29 00:00:00,P1D,fcre,1.6,ensemble,25,Chla_ugL_mean,9.90981368257999
vera4cast,chlorocast_xgboost,2026-10-05 00:00:00,2026-09-29 00:00:00,P1D,fcre,1.6,ensemble,25,Chla_ugL_mean,9.7705611163247
vera4cast,chlorocast_xgboost,2026-10-06 00:00:00,2026-09-29 00:00:00,P1D,fcre,1.6,ensemble,25,Chla_ugL_mean,9.3507023388276
vera4cast,chlorocast_xgboost,2026-10-07 00:00:00,2026-09-29 00:00:00,P1D,fcre,1.6,ensemble,25,Chla_ugL_mean,9.52253076299565
vera4cast,chlorocast_xgboost,2026-10-08 00:00:00,2026-09-29 00:00:00,P1D,fcre,1.6,ensemble,25,Chla_ugL_mean,9.76170203287728
vera4cast,chlorocast_xgboost,2026-10-09 00:00:00,2026-09-29 00:00:00,P1D,fcre,1.6,ensemble,25,Chla_ugL_mean,9.45738684940333
vera4cast,chlorocast_xgboost,2026-10-10 00:00:00,2026-09-29 00:00:00,P1D,fcre,1.6,ensemble,25,Chla_ugL_mean,9.35056277834353
vera4cast,chlorocast_xgboost,2026-10-11 00:00:00,2026-09-29 00:00:00,P1D,fcre,1.6,ensemble,25,Chla_ugL_mean,9.25057126564357
vera4cast,chlorocast_xgboost,2026-10-12 00:00:00,2026-09-29 00:00:00,P1D,fcre,1.6,ensemble,25,Chla_ugL_mean,9.03666385343417
vera4cast,chlorocast_xgboost,2026-10-13 00:00:00,2026-09-29 00:00:00,P1D,fcre,1.6,ensemble,25,Chla_ugL_mean,9.19056801750036
vera4cast,chlorocast_xgboost,2026-10-14 00:00:00,2026-09-29 00:00:00,P1D,fcre,1.6,ensemble,25,Chla_ugL_mean,9.04465372145146
vera4cast,chlorocast_xgboost,2026-10-15 00:00:00,2026-09-29 00:00:00,P1D,fcre,1.6,ensemble,25,Chla_ugL_mean,8.83465757029803
vera4cast,chlorocast_xgboost,2026-10-16 00:00:00,2026-09-29 00:00:00,P1D,fcre,1.6,ensemble,25,Chla_ugL_mean,8.63370172745316
vera4cast,chlorocast_xgboost,2026-10-17 00:00:00,2026-09-29 00:00:00,P1D,fcre,1.6,ensemble,25,Chla_ugL_mean,8.58963869774935
vera4cast,chlorocast_xgboost,2026-10-18 00:00:00,2026-09-29 00:00:00,P1D,fcre,1.6,ensemble,25,Chla_ugL_mean,9.00381329356556
vera4cast,chlorocast_xgboost,2026-10-19 00:00:00,2026-09-29 00:00:00,P1D,fcre,1.6,ensemble,25,Chla_ugL_mean,8.85236018657273
vera4cast,chlorocast_xgboost,2026-10-20 00:00:00,2026-09-29 00:00:00,P1D,fcre,1.6,ensemble,25,Chla_ugL_mean,8.65952963504148
vera4cast,chlorocast_xgboost,2026-10-21 00:00:00,2026-09-29 00:00:00,P1D,fcre,1.6,ensemble,25,Chla_ugL_mean,8.40463790329793
vera4cast,chlorocast_xgboost,2026-10-22 00:00:00,2026-09-29 00:00:00,P1D,fcre,1.6,ensemble,25,Chla_ugL_mean,8.37873300923735
vera4cast,chlorocast_xgboost,2026-10-23 00:00:00,2026-09-29 00:00:00,P1D,fcre,1.6,ensemble,25,Chla_ugL_mean,8.22573217094741
vera4cast,chlorocast_xgboost,2026-10-24 00:00:00,2026-09-29 00:00:00,P1D,fcre,1.6,ensemble,25,Chla_ugL_mean,8.1794356162488
vera4cast,chlorocast_xgboost,2026-10-25 00:00:00,2026-09-29 00:00:00,P1D,fcre,1.6,ensemble,25,Chla_ugL_mean,8.16039076584744
vera4cast,chlorocast_xgboost,2026-10-26 00:00:00,2026-09-29 00:00:00,P1D,fcre,1.6,ensemble,25,Chla_ugL_mean,8.42455132425289
vera4cast,chlorocast_xgboost,2026-10-27 00:00:00,2026-09-29 00:00:00,P1D,fcre,1.6,ensemble,25,Chla_ugL_mean,8.07464342001493
vera4cast,chlorocast_xgboost,2026-10-28 00:00:00,2026-09-29 00:00:00,P1D,fcre,1.6,ensemble,25,Chla_ugL_mean,8.33370045298165
vera4cast,chlorocast_xgboost,2026-10-29 00:00:00,2026-09-29 00:00:00,P1D,fcre,1.6,ensemble,25,Chla_ugL_mean,8.5872392785876
vera4cast,chlorocast_xgboost,2026-10-30 00:00:00,2026-09-29 00:00:00,P1D,fcre,1.6,ensemble,25,Chla_ugL_mean,8.2004209150053
vera4cast,chlorocast_xgboost,2026-10-31 00:00:00,2026-09-29 00:00:00,P1D,fcre,1.6,ensemble,25,Chla_ugL_mean,8.64017999193733
vera4cast,chlorocast_xgboost,2026-11-01 00:00:00,2026-09-29 00:00:00,P1D,fcre,1.6,ensemble,25,Chla_ugL_mean,8.7870136243745
vera4cast,chlorocast_xgboost,2026-11-02 00:00:00,2026-09-29 00:00:00,P1D,fcre,1.6,ensemble,25,Chla_ugL_mean,8.65752499991668
vera4cast,chlorocast_xgboost,2026-11-03 00:00:00,2026-09-29 00:00:00,P1D,fcre,1.6,ensemble,25,Chla_ugL_mean,8.69873453370024
vera4cast,chlorocast_xgboost,2026-09-30 00:00:00,2026-09-29 00:00:00,P1D,fcre,1.6,ensemble,26,Chla_ugL_mean,8.90151099204633
vera4cast,chlorocast_xgboost,2026-10-01 00:00:00,2026-09-29 00:00:00,P1D,fcre,1.6,ensemble,26,Chla_ugL_mean,8.99164554925421
vera4cast,chlorocast_xgboost,2026-10-02 00:00:00,2026-09-29 00:00:00,P1D,fcre,1.6,ensemble,26,Chla_ugL_mean,9.23018334393212
vera4cast,chlorocast_xgboost,2026-10-03 00:00:00,2026-09-29 00:00:00,P1D,fcre,1.6,ensemble,26,Chla_ugL_mean,9.55802787885594
vera4cast,chlorocast_xgboost,2026-10-04 00:00:00,2026-09-29 00:00:00,P1D,fcre,1.6,ensemble,26,Chla_ugL_mean,9.98685152806653
vera4cast,chlorocast_xgboost,2026-10-05 00:00:00,2026-09-29 00:00:00,P1D,fcre,1.6,ensemble,26,Chla_ugL_mean,9.8179690741381
vera4cast,chlorocast_xgboost,2026-10-06 00:00:00,2026-09-29 00:00:00,P1D,fcre,1.6,ensemble,26,Chla_ugL_mean,9.39783931234036
vera4cast,chlorocast_xgboost,2026-10-07 00:00:00,2026-09-29 00:00:00,P1D,fcre,1.6,ensemble,26,Chla_ugL_mean,9.55683438506407
vera4cast,chlorocast_xgboost,2026-10-08 00:00:00,2026-09-29 00:00:00,P1D,fcre,1.6,ensemble,26,Chla_ugL_mean,9.79192276690553
vera4cast,chlorocast_xgboost,2026-10-09 00:00:00,2026-09-29 00:00:00,P1D,fcre,1.6,ensemble,26,Chla_ugL_mean,9.51311956145196
vera4cast,chlorocast_xgboost,2026-10-10 00:00:00,2026-09-29 00:00:00,P1D,fcre,1.6,ensemble,26,Chla_ugL_mean,9.41090710468449
vera4cast,chlorocast_xgboost,2026-10-11 00:00:00,2026-09-29 00:00:00,P1D,fcre,1.6,ensemble,26,Chla_ugL_mean,9.2868904040079
vera4cast,chlorocast_xgboost,2026-10-12 00:00:00,2026-09-29 00:00:00,P1D,fcre,1.6,ensemble,26,Chla_ugL_mean,9.08815811391466
vera4cast,chlorocast_xgboost,2026-10-13 00:00:00,2026-09-29 00:00:00,P1D,fcre,1.6,ensemble,26,Chla_ugL_mean,9.23038068311555
vera4cast,chlorocast_xgboost,2026-10-14 00:00:00,2026-09-29 00:00:00,P1D,fcre,1.6,ensemble,26,Chla_ugL_mean,9.09428796288143
vera4cast,chlorocast_xgboost,2026-10-15 00:00:00,2026-09-29 00:00:00,P1D,fcre,1.6,ensemble,26,Chla_ugL_mean,8.87843720763586
vera4cast,chlorocast_xgboost,2026-10-16 00:00:00,2026-09-29 00:00:00,P1D,fcre,1.6,ensemble,26,Chla_ugL_mean,8.67405407344802
vera4cast,chlorocast_xgboost,2026-10-17 00:00:00,2026-09-29 00:00:00,P1D,fcre,1.6,ensemble,26,Chla_ugL_mean,8.65101461730841
vera4cast,chlorocast_xgboost,2026-10-18 00:00:00,2026-09-29 00:00:00,P1D,fcre,1.6,ensemble,26,Chla_ugL_mean,9.03825813850549
vera4cast,chlorocast_xgboost,2026-10-19 00:00:00,2026-09-29 00:00:00,P1D,fcre,1.6,ensemble,26,Chla_ugL_mean,8.89866197785109
vera4cast,chlorocast_xgboost,2026-10-20 00:00:00,2026-09-29 00:00:00,P1D,fcre,1.6,ensemble,26,Chla_ugL_mean,8.69460966849366
vera4cast,chlorocast_xgboost,2026-10-21 00:00:00,2026-09-29 00:00:00,P1D,fcre,1.6,ensemble,26,Chla_ugL_mean,8.44983376574149
vera4cast,chlorocast_xgboost,2026-10-22 00:00:00,2026-09-29 00:00:00,P1D,fcre,1.6,ensemble,26,Chla_ugL_mean,8.41490849070748
vera4cast,chlorocast_xgboost,2026-10-23 00:00:00,2026-09-29 00:00:00,P1D,fcre,1.6,ensemble,26,Chla_ugL_mean,8.27716141690568
vera4cast,chlorocast_xgboost,2026-10-24 00:00:00,2026-09-29 00:00:00,P1D,fcre,1.6,ensemble,26,Chla_ugL_mean,8.2358035704627
vera4cast,chlorocast_xgboost,2026-10-25 00:00:00,2026-09-29 00:00:00,P1D,fcre,1.6,ensemble,26,Chla_ugL_mean,8.2207497306022
vera4cast,chlorocast_xgboost,2026-10-26 00:00:00,2026-09-29 00:00:00,P1D,fcre,1.6,ensemble,26,Chla_ugL_mean,8.47148025827308
vera4cast,chlorocast_xgboost,2026-10-27 00:00:00,2026-09-29 00:00:00,P1D,fcre,1.6,ensemble,26,Chla_ugL_mean,8.12860575895646
vera4cast,chlorocast_xgboost,2026-10-28 00:00:00,2026-09-29 00:00:00,P1D,fcre,1.6,ensemble,26,Chla_ugL_mean,8.38446607883423
vera4cast,chlorocast_xgboost,2026-10-29 00:00:00,2026-09-29 00:00:00,P1D,fcre,1.6,ensemble,26,Chla_ugL_mean,8.64529135746867
vera4cast,chlorocast_xgboost,2026-10-30 00:00:00,2026-09-29 00:00:00,P1D,fcre,1.6,ensemble,26,Chla_ugL_mean,8.25110911353812
vera4cast,chlorocast_xgboost,2026-10-31 00:00:00,2026-09-29 00:00:00,P1D,fcre,1.6,ensemble,26,Chla_ugL_mean,8.68604685209164
vera4cast,chlorocast_xgboost,2026-11-01 00:00:00,2026-09-29 00:00:00,P1D,fcre,1.6,ensemble,26,Chla_ugL_mean,8.83207621643657
vera4cast,chlorocast_xgboost,2026-11-02 00:00:00,2026-09-29 00:00:00,P1D,fcre,1.6,ensemble,26,Chla_ugL_mean,8.70678887637783
vera4cast,chlorocast_xgboost,2026-11-03 00:00:00,2026-09-29 00:00:00,P1D,fcre,1.6,ensemble,26,Chla_ugL_mean,8.75769471621152
vera4cast,chlorocast_xgboost,2026-09-30 00:00:00,2026-09-29 00:00:00,P1D,fcre,1.6,ensemble,27,Chla_ugL_mean,8.95235645396403
vera4cast,chlorocast_xgboost,2026-10-01 00:00:00,2026-09-29 00:00:00,P1D,fcre,1.6,ensemble,27,Chla_ugL_mean,9.03749971365297
vera4cast,chlorocast_xgboost,2026-10-02 00:00:00,2026-09-29 00:00:00,P1D,fcre,1.6,ensemble,27,Chla_ugL_mean,9.30326131511861
vera4cast,chlorocast_xgboost,2026-10-03 00:00:00,2026-09-29 00:00:00,P1D,fcre,1.6,ensemble,27,Chla_ugL_mean,9.64245541264793
vera4cast,chlorocast_xgboost,2026-10-04 00:00:00,2026-09-29 00:00:00,P1D,fcre,1.6,ensemble,27,Chla_ugL_mean,10.0644333635615
vera4cast,chlorocast_xgboost,2026-10-05 00:00:00,2026-09-29 00:00:00,P1D,fcre,1.6,ensemble,27,Chla_ugL_mean,9.86558570394544
vera4cast,chlorocast_xgboost,2026-10-06 00:00:00,2026-09-29 00:00:00,P1D,fcre,1.6,ensemble,27,Chla_ugL_mean,9.44519094706153
vera4cast,chlorocast_xgboost,2026-10-07 00:00:00,2026-09-29 00:00:00,P1D,fcre,1.6,ensemble,27,Chla_ugL_mean,9.59124983750044
vera4cast,chlorocast_xgboost,2026-10-08 00:00:00,2026-09-29 00:00:00,P1D,fcre,1.6,ensemble,27,Chla_ugL_mean,9.82222836601949
vera4cast,chlorocast_xgboost,2026-10-09 00:00:00,2026-09-29 00:00:00,P1D,fcre,1.6,ensemble,27,Chla_ugL_mean,9.5691493013563
vera4cast,chlorocast_xgboost,2026-10-10 00:00:00,2026-09-29 00:00:00,P1D,fcre,1.6,ensemble,27,Chla_ugL_mean,9.4716032416274
vera4cast,chlorocast_xgboost,2026-10-11 00:00:00,2026-09-29 00:00:00,P1D,fcre,1.6,ensemble,27,Chla_ugL_mean,9.3233382259136
vera4cast,chlorocast_xgboost,2026-10-12 00:00:00,2026-09-29 00:00:00,P1D,fcre,1.6,ensemble,27,Chla_ugL_mean,9.13991657163251
vera4cast,chlorocast_xgboost,2026-10-13 00:00:00,2026-09-29 00:00:00,P1D,fcre,1.6,ensemble,27,Chla_ugL_mean,9.2703488894563
vera4cast,chlorocast_xgboost,2026-10-14 00:00:00,2026-09-29 00:00:00,P1D,fcre,1.6,ensemble,27,Chla_ugL_mean,9.14416746492372
vera4cast,chlorocast_xgboost,2026-10-15 00:00:00,2026-09-29 00:00:00,P1D,fcre,1.6,ensemble,27,Chla_ugL_mean,8.9224117329636
vera4cast,chlorocast_xgboost,2026-10-16 00:00:00,2026-09-29 00:00:00,P1D,fcre,1.6,ensemble,27,Chla_ugL_mean,8.71457544188861
vera4cast,chlorocast_xgboost,2026-10-17 00:00:00,2026-09-29 00:00:00,P1D,fcre,1.6,ensemble,27,Chla_ugL_mean,8.71278335703729
vera4cast,chlorocast_xgboost,2026-10-18 00:00:00,2026-09-29 00:00:00,P1D,fcre,1.6,ensemble,27,Chla_ugL_mean,9.07282158295424
vera4cast,chlorocast_xgboost,2026-10-19 00:00:00,2026-09-29 00:00:00,P1D,fcre,1.6,ensemble,27,Chla_ugL_mean,8.94518136733283
vera4cast,chlorocast_xgboost,2026-10-20 00:00:00,2026-09-29 00:00:00,P1D,fcre,1.6,ensemble,27,Chla_ugL_mean,8.72981710035896
vera4cast,chlorocast_xgboost,2026-10-21 00:00:00,2026-09-29 00:00:00,P1D,fcre,1.6,ensemble,27,Chla_ugL_mean,8.49524682591271
vera4cast,chlorocast_xgboost,2026-10-22 00:00:00,2026-09-29 00:00:00,P1D,fcre,1.6,ensemble,27,Chla_ugL_mean,8.45122350759868
vera4cast,chlorocast_xgboost,2026-10-23 00:00:00,2026-09-29 00:00:00,P1D,fcre,1.6,ensemble,27,Chla_ugL_mean,8.32887735743635
vera4cast,chlorocast_xgboost,2026-10-24 00:00:00,2026-09-29 00:00:00,P1D,fcre,1.6,ensemble,27,Chla_ugL_mean,8.29251766210759
vera4cast,chlorocast_xgboost,2026-10-25 00:00:00,2026-09-29 00:00:00,P1D,fcre,1.6,ensemble,27,Chla_ugL_mean,8.28150640815321
vera4cast,chlorocast_xgboost,2026-10-26 00:00:00,2026-09-29 00:00:00,P1D,fcre,1.6,ensemble,27,Chla_ugL_mean,8.51864287183646
vera4cast,chlorocast_xgboost,2026-10-27 00:00:00,2026-09-29 00:00:00,P1D,fcre,1.6,ensemble,27,Chla_ugL_mean,8.18288898477907
vera4cast,chlorocast_xgboost,2026-10-28 00:00:00,2026-09-29 00:00:00,P1D,fcre,1.6,ensemble,27,Chla_ugL_mean,8.43550781690844
vera4cast,chlorocast_xgboost,2026-10-29 00:00:00,2026-09-29 00:00:00,P1D,fcre,1.6,ensemble,27,Chla_ugL_mean,8.70369494983182
vera4cast,chlorocast_xgboost,2026-10-30 00:00:00,2026-09-29 00:00:00,P1D,fcre,1.6,ensemble,27,Chla_ugL_mean,8.30207657032381
vera4cast,chlorocast_xgboost,2026-10-31 00:00:00,2026-09-29 00:00:00,P1D,fcre,1.6,ensemble,27,Chla_ugL_mean,8.73213194145559
vera4cast,chlorocast_xgboost,2026-11-01 00:00:00,2026-09-29 00:00:00,P1D,fcre,1.6,ensemble,27,Chla_ugL_mean,8.8773462913204
vera4cast,chlorocast_xgboost,2026-11-02 00:00:00,2026-09-29 00:00:00,P1D,fcre,1.6,ensemble,27,Chla_ugL_mean,8.75630405216504
vera4cast,chlorocast_xgboost,2026-11-03 00:00:00,2026-09-29 00:00:00,P1D,fcre,1.6,ensemble,27,Chla_ugL_mean,8.81701332724867
vera4cast,chlorocast_xgboost,2026-09-30 00:00:00,2026-09-29 00:00:00,P1D,fcre,1.6,ensemble,28,Chla_ugL_mean,9.00346301350609
vera4cast,chlorocast_xgboost,2026-10-01 00:00:00,2026-09-29 00:00:00,P1D,fcre,1.6,ensemble,28,Chla_ugL_mean,9.08356431429893
vera4cast,chlorocast_xgboost,2026-10-02 00:00:00,2026-09-29 00:00:00,P1D,fcre,1.6,ensemble,28,Chla_ugL_mean,9.37686130919494
vera4cast,chlorocast_xgboost,2026-10-03 00:00:00,2026-09-29 00:00:00,P1D,fcre,1.6,ensemble,28,Chla_ugL_mean,9.72755807332384
vera4cast,chlorocast_xgboost,2026-10-04 00:00:00,2026-09-29 00:00:00,P1D,fcre,1.6,ensemble,28,Chla_ugL_mean,10.1425630303604
vera4cast,chlorocast_xgboost,2026-10-05 00:00:00,2026-09-29 00:00:00,P1D,fcre,1.6,ensemble,28,Chla_ugL_mean,9.91341192424234
vera4cast,chlorocast_xgboost,2026-10-06 00:00:00,2026-09-29 00:00:00,P1D,fcre,1.6,ensemble,28,Chla_ugL_mean,9.49275822055566
vera4cast,chlorocast_xgboost,2026-10-07 00:00:00,2026-09-29 00:00:00,P1D,fcre,1.6,ensemble,28,Chla_ugL_mean,9.62577748487359
vera4cast,chlorocast_xgboost,2026-10-08 00:00:00,2026-09-29 00:00:00,P1D,fcre,1.6,ensemble,28,Chla_ugL_mean,9.85261906853507
vera4cast,chlorocast_xgboost,2026-10-09 00:00:00,2026-09-29 00:00:00,P1D,fcre,1.6,ensemble,28,Chla_ugL_mean,9.62547765212828
vera4cast,chlorocast_xgboost,2026-10-10 00:00:00,2026-09-29 00:00:00,P1D,fcre,1.6,ensemble,28,Chla_ugL_mean,9.53265324024661
vera4cast,chlorocast_xgboost,2026-10-11 00:00:00,2026-09-29 00:00:00,P1D,fcre,1.6,ensemble,28,Chla_ugL_mean,9.35991518730358
vera4cast,chlorocast_xgboost,2026-10-12 00:00:00,2026-09-29 00:00:00,P1D,fcre,1.6,ensemble,28,Chla_ugL_mean,9.1919405820821
vera4cast,chlorocast_xgboost,2026-10-13 00:00:00,2026-09-29 00:00:00,P1D,fcre,1.6,ensemble,28,Chla_ugL_mean,9.31047324419149
vera4cast,chlorocast_xgboost,2026-10-14 00:00:00,2026-09-29 00:00:00,P1D,fcre,1.6,ensemble,28,Chla_ugL_mean,9.1942934394991
vera4cast,chlorocast_xgboost,2026-10-15 00:00:00,2026-09-29 00:00:00,P1D,fcre,1.6,ensemble,28,Chla_ugL_mean,8.96658201383821
vera4cast,chlorocast_xgboost,2026-10-16 00:00:00,2026-09-29 00:00:00,P1D,fcre,1.6,ensemble,28,Chla_ugL_mean,8.75526654075326
vera4cast,chlorocast_xgboost,2026-10-17 00:00:00,2026-09-29 00:00:00,P1D,fcre,1.6,ensemble,28,Chla_ugL_mean,8.7749474310765
vera4cast,chlorocast_xgboost,2026-10-18 00:00:00,2026-09-29 00:00:00,P1D,fcre,1.6,ensemble,28,Chla_ugL_mean,9.10750403527026
vera4cast,chlorocast_xgboost,2026-10-19 00:00:00,2026-09-29 00:00:00,P1D,fcre,1.6,ensemble,28,Chla_ugL_mean,8.99191937763449
vera4cast,chlorocast_xgboost,2026-10-20 00:00:00,2026-09-29 00:00:00,P1D,fcre,1.6,ensemble,28,Chla_ugL_mean,8.76515239330387
vera4cast,chlorocast_xgboost,2026-10-21 00:00:00,2026-09-29 00:00:00,P1D,fcre,1.6,ensemble,28,Chla_ugL_mean,8.54087812759858
vera4cast,chlorocast_xgboost,2026-10-22 00:00:00,2026-09-29 00:00:00,P1D,fcre,1.6,ensemble,28,Chla_ugL_mean,8.48767859812449
vera4cast,chlorocast_xgboost,2026-10-23 00:00:00,2026-09-29 00:00:00,P1D,fcre,1.6,ensemble,28,Chla_ugL_mean,8.38088159073081
vera4cast,chlorocast_xgboost,2026-10-24 00:00:00,2026-09-29 00:00:00,P1D,fcre,1.6,ensemble,28,Chla_ugL_mean,8.34958001670185
vera4cast,chlorocast_xgboost,2026-10-25 00:00:00,2026-09-29 00:00:00,P1D,fcre,1.6,ensemble,28,Chla_ugL_mean,8.34266341908001
vera4cast,chlorocast_xgboost,2026-10-26 00:00:00,2026-09-29 00:00:00,P1D,fcre,1.6,ensemble,28,Chla_ugL_mean,8.56604032853498
vera4cast,chlorocast_xgboost,2026-10-27 00:00:00,2026-09-29 00:00:00,P1D,fcre,1.6,ensemble,28,Chla_ugL_mean,8.23749500563562
vera4cast,chlorocast_xgboost,2026-10-28 00:00:00,2026-09-29 00:00:00,P1D,fcre,1.6,ensemble,28,Chla_ugL_mean,8.4868271689677
vera4cast,chlorocast_xgboost,2026-10-29 00:00:00,2026-09-29 00:00:00,P1D,fcre,1.6,ensemble,28,Chla_ugL_mean,8.76245218414051
vera4cast,chlorocast_xgboost,2026-10-30 00:00:00,2026-09-29 00:00:00,P1D,fcre,1.6,ensemble,28,Chla_ugL_mean,8.35332482388959
vera4cast,chlorocast_xgboost,2026-10-31 00:00:00,2026-09-29 00:00:00,P1D,fcre,1.6,ensemble,28,Chla_ugL_mean,8.77843629833849
vera4cast,chlorocast_xgboost,2026-11-01 00:00:00,2026-09-29 00:00:00,P1D,fcre,1.6,ensemble,28,Chla_ugL_mean,8.92282480434434
vera4cast,chlorocast_xgboost,2026-11-02 00:00:00,2026-09-29 00:00:00,P1D,fcre,1.6,ensemble,28,Chla_ugL_mean,8.80607180917809
vera4cast,chlorocast_xgboost,2026-11-03 00:00:00,2026-09-29 00:00:00,P1D,fcre,1.6,ensemble,28,Chla_ugL_mean,8.87669254575693
vera4cast,chlorocast_xgboost,2026-09-30 00:00:00,2026-09-29 00:00:00,P1D,fcre,1.6,ensemble,29,Chla_ugL_mean,9.05483201144053
vera4cast,chlorocast_xgboost,2026-10-01 00:00:00,2026-09-29 00:00:00,P1D,fcre,1.6,ensemble,29,Chla_ugL_mean,9.12984031693675
vera4cast,chlorocast_xgboost,2026-10-02 00:00:00,2026-09-29 00:00:00,P1D,fcre,1.6,ensemble,29,Chla_ugL_mean,9.45098705516306
vera4cast,chlorocast_xgboost,2026-10-03 00:00:00,2026-09-29 00:00:00,P1D,fcre,1.6,ensemble,29,Chla_ugL_mean,9.81334125955267
vera4cast,chlorocast_xgboost,2026-10-04 00:00:00,2026-09-29 00:00:00,P1D,fcre,1.6,ensemble,29,Chla_ugL_mean,10.2212443968834
vera4cast,chlorocast_xgboost,2026-10-05 00:00:00,2026-09-29 00:00:00,P1D,fcre,1.6,ensemble,29,Chla_ugL_mean,9.96144865756727
vera4cast,chlorocast_xgboost,2026-10-06 00:00:00,2026-09-29 00:00:00,P1D,fcre,1.6,ensemble,29,Chla_ugL_mean,9.54054211483912
vera4cast,chlorocast_xgboost,2026-10-07 00:00:00,2026-09-29 00:00:00,P1D,fcre,1.6,ensemble,29,Chla_ugL_mean,9.66041769294084
vera4cast,chlorocast_xgboost,2026-10-08 00:00:00,2026-09-29 00:00:00,P1D,fcre,1.6,ensemble,29,Chla_ugL_mean,9.88309511343747
vera4cast,chlorocast_xgboost,2026-10-09 00:00:00,2026-09-29 00:00:00,P1D,fcre,1.6,ensemble,29,Chla_ugL_mean,9.68210620521647
vera4cast,chlorocast_xgboost,2026-10-10 00:00:00,2026-09-29 00:00:00,P1D,fcre,1.6,ensemble,29,Chla_ugL_mean,9.59405916357432
vera4cast,chlorocast_xgboost,2026-10-11 00:00:00,2026-09-29 00:00:00,P1D,fcre,1.6,ensemble,29,Chla_ugL_mean,9.39662174573623
vera4cast,chlorocast_xgboost,2026-10-12 00:00:00,2026-09-29 00:00:00,P1D,fcre,1.6,ensemble,29,Chla_ugL_mean,9.24423150771232
vera4cast,chlorocast_xgboost,2026-10-13 00:00:00,2026-09-29 00:00:00,P1D,fcre,1.6,ensemble,29,Chla_ugL_mean,9.35075435736402
vera4cast,chlorocast_xgboost,2026-10-14 00:00:00,2026-09-29 00:00:00,P1D,fcre,1.6,ensemble,29,Chla_ugL_mean,9.24466710451688
vera4cast,chlorocast_xgboost,2026-10-15 00:00:00,2026-09-29 00:00:00,P1D,fcre,1.6,ensemble,29,Chla_ugL_mean,9.01094892167863
vera4cast,chlorocast_xgboost,2026-10-16 00:00:00,2026-09-29 00:00:00,P1D,fcre,1.6,ensemble,29,Chla_ugL_mean,8.7961280809858
vera4cast,chlorocast_xgboost,2026-10-17 00:00:00,2026-09-29 00:00:00,P1D,fcre,1.6,ensemble,29,Chla_ugL_mean,8.83750936965764
vera4cast,chlorocast_xgboost,2026-10-18 00:00:00,2026-09-29 00:00:00,P1D,fcre,1.6,ensemble,29,Chla_ugL_mean,9.14230590521805
vera4cast,chlorocast_xgboost,2026-10-19 00:00:00,2026-09-29 00:00:00,P1D,fcre,1.6,ensemble,29,Chla_ugL_mean,9.03887703617847
vera4cast,chlorocast_xgboost,2026-10-20 00:00:00,2026-09-29 00:00:00,P1D,fcre,1.6,ensemble,29,Chla_ugL_mean,8.8006160116751
vera4cast,chlorocast_xgboost,2026-10-21 00:00:00,2026-09-29 00:00:00,P1D,fcre,1.6,ensemble,29,Chla_ugL_mean,8.58672871960218
vera4cast,chlorocast_xgboost,2026-10-22 00:00:00,2026-09-29 00:00:00,P1D,fcre,1.6,ensemble,29,Chla_ugL_mean,8.52427430257443
vera4cast,chlorocast_xgboost,2026-10-23 00:00:00,2026-09-29 00:00:00,P1D,fcre,1.6,ensemble,29,Chla_ugL_mean,8.43317572388963
vera4cast,chlorocast_xgboost,2026-10-24 00:00:00,2026-09-29 00:00:00,P1D,fcre,1.6,ensemble,29,Chla_ugL_mean,8.40699277281593
vera4cast,chlorocast_xgboost,2026-10-25 00:00:00,2026-09-29 00:00:00,P1D,fcre,1.6,ensemble,29,Chla_ugL_mean,8.40422340122949
vera4cast,chlorocast_xgboost,2026-10-26 00:00:00,2026-09-29 00:00:00,P1D,fcre,1.6,ensemble,29,Chla_ugL_mean,8.61367379775457
vera4cast,chlorocast_xgboost,2026-10-27 00:00:00,2026-09-29 00:00:00,P1D,fcre,1.6,ensemble,29,Chla_ugL_mean,8.29242574102577
vera4cast,chlorocast_xgboost,2026-10-28 00:00:00,2026-09-29 00:00:00,P1D,fcre,1.6,ensemble,29,Chla_ugL_mean,8.53842564494344
vera4cast,chlorocast_xgboost,2026-10-29 00:00:00,2026-09-29 00:00:00,P1D,fcre,1.6,ensemble,29,Chla_ugL_mean,8.82156520174633
vera4cast,chlorocast_xgboost,2026-10-30 00:00:00,2026-09-29 00:00:00,P1D,fcre,1.6,ensemble,29,Chla_ugL_mean,8.4048554212389
vera4cast,chlorocast_xgboost,2026-10-31 00:00:00,2026-09-29 00:00:00,P1D,fcre,1.6,ensemble,29,Chla_ugL_mean,8.82496096598979
vera4cast,chlorocast_xgboost,2026-11-01 00:00:00,2026-09-29 00:00:00,P1D,fcre,1.6,ensemble,29,Chla_ugL_mean,8.96851271522535
vera4cast,chlorocast_xgboost,2026-11-02 00:00:00,2026-09-29 00:00:00,P1D,fcre,1.6,ensemble,29,Chla_ugL_mean,8.8560934358558
vera4cast,chlorocast_xgboost,2026-11-03 00:00:00,2026-09-29 00:00:00,P1D,fcre,1.6,ensemble,29,Chla_ugL_mean,8.93673456392767
vera4cast,chlorocast_xgboost,2026-09-30 00:00:00,2026-09-29 00:00:00,P1D,fcre,1.6,ensemble,30,Chla_ugL_mean,9.10646479542038
vera4cast,chlorocast_xgboost,2026-10-01 00:00:00,2026-09-29 00:00:00,P1D,fcre,1.6,ensemble,30,Chla_ugL_mean,9.1763286917431
vera4cast,chlorocast_xgboost,2026-10-02 00:00:00,2026-09-29 00:00:00,P1D,fcre,1.6,ensemble,30,Chla_ugL_mean,9.52564230866255
vera4cast,chlorocast_xgboost,2026-10-03 00:00:00,2026-09-29 00:00:00,P1D,fcre,1.6,ensemble,30,Chla_ugL_mean,9.89981041317401
vera4cast,chlorocast_xgboost,2026-10-04 00:00:00,2026-09-29 00:00:00,P1D,fcre,1.6,ensemble,30,Chla_ugL_mean,10.3004813588669
vera4cast,chlorocast_xgboost,2026-10-05 00:00:00,2026-09-29 00:00:00,P1D,fcre,1.6,ensemble,30,Chla_ugL_mean,10.0096968305194
vera4cast,chlorocast_xgboost,2026-10-06 00:00:00,2026-09-29 00:00:00,P1D,fcre,1.6,ensemble,30,Chla_ugL_mean,9.58854361640038
vera4cast,chlorocast_xgboost,2026-10-07 00:00:00,2026-09-29 00:00:00,P1D,fcre,1.6,ensemble,30,Chla_ugL_mean,9.6951708286519
vera4cast,chlorocast_xgboost,2026-10-08 00:00:00,2026-09-29 00:00:00,P1D,fcre,1.6,ensemble,30,Chla_ugL_mean,9.91365674038297
vera4cast,chlorocast_xgboost,2026-10-09 00:00:00,2026-09-29 00:00:00,P1D,fcre,1.6,ensemble,30,Chla_ugL_mean,9.73903656055109
vera4cast,chlorocast_xgboost,2026-10-10 00:00:00,2026-09-29 00:00:00,P1D,fcre,1.6,ensemble,30,Chla_ugL_mean,9.65582308667034
vera4cast,chlorocast_xgboost,2026-10-11 00:00:00,2026-09-29 00:00:00,P1D,fcre,1.6,ensemble,30,Chla_ugL_mean,9.43345836039112
vera4cast,chlorocast_xgboost,2026-10-12 00:00:00,2026-09-29 00:00:00,P1D,fcre,1.6,ensemble,30,Chla_ugL_mean,9.29679071796226
vera4cast,chlorocast_xgboost,2026-10-13 00:00:00,2026-09-29 00:00:00,P1D,fcre,1.6,ensemble,30,Chla_ugL_mean,9.39119284140015
vera4cast,chlorocast_xgboost,2026-10-14 00:00:00,2026-09-29 00:00:00,P1D,fcre,1.6,ensemble,30,Chla_ugL_mean,9.29528968390449
vera4cast,chlorocast_xgboost,2026-10-15 00:00:00,2026-09-29 00:00:00,P1D,fcre,1.6,ensemble,30,Chla_ugL_mean,9.05551333178297
vera4cast,chlorocast_xgboost,2026-10-16 00:00:00,2026-09-29 00:00:00,P1D,fcre,1.6,ensemble,30,Chla_ugL_mean,8.83716077650796
vera4cast,chlorocast_xgboost,2026-10-17 00:00:00,2026-09-29 00:00:00,P1D,fcre,1.6,ensemble,30,Chla_ugL_mean,8.90047171920636
vera4cast,chlorocast_xgboost,2026-10-18 00:00:00,2026-09-29 00:00:00,P1D,fcre,1.6,ensemble,30,Chla_ugL_mean,9.17722760397299
vera4cast,chlorocast_xgboost,2026-10-19 00:00:00,2026-09-29 00:00:00,P1D,fcre,1.6,ensemble,30,Chla_ugL_mean,9.08605537521563
vera4cast,chlorocast_xgboost,2026-10-20 00:00:00,2026-09-29 00:00:00,P1D,fcre,1.6,ensemble,30,Chla_ugL_mean,8.83620842150573
vera4cast,chlorocast_xgboost,2026-10-21 00:00:00,2026-09-29 00:00:00,P1D,fcre,1.6,ensemble,30,Chla_ugL_mean,8.63279965576688
vera4cast,chlorocast_xgboost,2026-10-22 00:00:00,2026-09-29 00:00:00,P1D,fcre,1.6,ensemble,30,Chla_ugL_mean,8.56101116332203
vera4cast,chlorocast_xgboost,2026-10-23 00:00:00,2026-09-29 00:00:00,P1D,fcre,1.6,ensemble,30,Chla_ugL_mean,8.48576137297223
vera4cast,chlorocast_xgboost,2026-10-24 00:00:00,2026-09-29 00:00:00,P1D,fcre,1.6,ensemble,30,Chla_ugL_mean,8.46475808215258
vera4cast,chlorocast_xgboost,2026-10-25 00:00:00,2026-09-29 00:00:00,P1D,fcre,1.6,ensemble,30,Chla_ugL_mean,8.46618900982961
vera4cast,chlorocast_xgboost,2026-10-26 00:00:00,2026-09-29 00:00:00,P1D,fcre,1.6,ensemble,30,Chla_ugL_mean,8.6615444547041
vera4cast,chlorocast_xgboost,2026-10-27 00:00:00,2026-09-29 00:00:00,P1D,fcre,1.6,ensemble,30,Chla_ugL_mean,8.34768312186349
vera4cast,chlorocast_xgboost,2026-10-28 00:00:00,2026-09-29 00:00:00,P1D,fcre,1.6,ensemble,30,Chla_ugL_mean,8.59030476297953
vera4cast,chlorocast_xgboost,2026-10-29 00:00:00,2026-09-29 00:00:00,P1D,fcre,1.6,ensemble,30,Chla_ugL_mean,8.88103615696707
vera4cast,chlorocast_xgboost,2026-10-30 00:00:00,2026-09-29 00:00:00,P1D,fcre,1.6,ensemble,30,Chla_ugL_mean,8.45666991789814
vera4cast,chlorocast_xgboost,2026-10-31 00:00:00,2026-09-29 00:00:00,P1D,fcre,1.6,ensemble,30,Chla_ugL_mean,8.87170699262265
vera4cast,chlorocast_xgboost,2026-11-01 00:00:00,2026-09-29 00:00:00,P1D,fcre,1.6,ensemble,30,Chla_ugL_mean,9.01441098809921
vera4cast,chlorocast_xgboost,2026-11-02 00:00:00,2026-09-29 00:00:00,P1D,fcre,1.6,ensemble,30,Chla_ugL_mean,8.90637022720946
vera4cast,chlorocast_xgboost,2026-11-03 00:00:00,2026-09-29 00:00:00,P1D,fcre,1.6,ensemble,30,Chla_ugL_mean,8.99714158727897
vera4cast,chlorocast_xgboost,2026-09-30 00:00:00,2026-09-29 00:00:00,P1D,fcre,1.6,ensemble,31,Chla_ugL_mean,9.15836272001905
vera4cast,chlorocast_xgboost,2026-10-01 00:00:00,2026-09-29 00:00:00,P1D,fcre,1.6,ensemble,31,Chla_ugL_mean,9.22303041334709
vera4cast,chlorocast_xgboost,2026-10-02 00:00:00,2026-09-29 00:00:00,P1D,fcre,1.6,ensemble,31,Chla_ugL_mean,9.60083085216094
vera4cast,chlorocast_xgboost,2026-10-03 00:00:00,2026-09-29 00:00:00,P1D,fcre,1.6,ensemble,31,Chla_ugL_mean,9.98697101954326
vera4cast,chlorocast_xgboost,2026-10-04 00:00:00,2026-09-29 00:00:00,P1D,fcre,1.6,ensemble,31,Chla_ugL_mean,10.3802778395564
vera4cast,chlorocast_xgboost,2026-10-05 00:00:00,2026-09-29 00:00:00,P1D,fcre,1.6,ensemble,31,Chla_ugL_mean,10.0581573737764
vera4cast,chlorocast_xgboost,2026-10-06 00:00:00,2026-09-29 00:00:00,P1D,fcre,1.6,ensemble,31,Chla_ugL_mean,9.63676371622034
vera4cast,chlorocast_xgboost,2026-10-07 00:00:00,2026-09-29 00:00:00,P1D,fcre,1.6,ensemble,31,Chla_ugL_mean,9.73003726015273
vera4cast,chlorocast_xgboost,2026-10-08 00:00:00,2026-09-29 00:00:00,P1D,fcre,1.6,ensemble,31,Chla_ugL_mean,9.94430418970085
vera4cast,chlorocast_xgboost,2026-10-09 00:00:00,2026-09-29 00:00:00,P1D,fcre,1.6,ensemble,31,Chla_ugL_mean,9.79627032658921
vera4cast,chlorocast_xgboost,2026-10-10 00:00:00,2026-09-29 00:00:00,P1D,fcre,1.6,ensemble,31,Chla_ugL_mean,9.71794709669219
vera4cast,chlorocast_xgboost,2026-10-11 00:00:00,2026-09-29 00:00:00,P1D,fcre,1.6,ensemble,31,Chla_ugL_mean,9.47042549207475
vera4cast,chlorocast_xgboost,2026-10-12 00:00:00,2026-09-29 00:00:00,P1D,fcre,1.6,ensemble,31,Chla_ugL_mean,9.34961958929707
vera4cast,chlorocast_xgboost,2026-10-13 00:00:00,2026-09-29 00:00:00,P1D,fcre,1.6,ensemble,31,Chla_ugL_mean,9.43178931111873
vera4cast,chlorocast_xgboost,2026-10-14 00:00:00,2026-09-29 00:00:00,P1D,fcre,1.6,ensemble,31,Chla_ugL_mean,9.34616240763722
vera4cast,chlorocast_xgboost,2026-10-15 00:00:00,2026-09-29 00:00:00,P1D,fcre,1.6,ensemble,31,Chla_ugL_mean,9.1002761233458
vera4cast,chlorocast_xgboost,2026-10-16 00:00:00,2026-09-29 00:00:00,P1D,fcre,1.6,ensemble,31,Chla_ugL_mean,8.87836534423187
vera4cast,chlorocast_xgboost,2026-10-17 00:00:00,2026-09-29 00:00:00,P1D,fcre,1.6,ensemble,31,Chla_ugL_mean,8.96383704244606
vera4cast,chlorocast_xgboost,2026-10-18 00:00:00,2026-09-29 00:00:00,P1D,fcre,1.6,ensemble,31,Chla_ugL_mean,9.21226954412622
vera4cast,chlorocast_xgboost,2026-10-19 00:00:00,2026-09-29 00:00:00,P1D,fcre,1.6,ensemble,31,Chla_ugL_mean,9.13345543184792
vera4cast,chlorocast_xgboost,2026-10-20 00:00:00,2026-09-29 00:00:00,P1D,fcre,1.6,ensemble,31,Chla_ugL_mean,8.8719300905213
vera4cast,chlorocast_xgboost,2026-10-21 00:00:00,2026-09-29 00:00:00,P1D,fcre,1.6,ensemble,31,Chla_ugL_mean,8.67909199500046
vera4cast,chlorocast_xgboost,2026-10-22 00:00:00,2026-09-29 00:00:00,P1D,fcre,1.6,ensemble,31,Chla_ugL_mean,8.59788972483282
vera4cast,chlorocast_xgboost,2026-10-23 00:00:00,2026-09-29 00:00:00,P1D,fcre,1.6,ensemble,31,Chla_ugL_mean,8.53864016304683
vera4cast,chlorocast_xgboost,2026-10-24 00:00:00,2026-09-29 00:00:00,P1D,fcre,1.6,ensemble,31,Chla_ugL_mean,8.52287810962748
vera4cast,chlorocast_xgboost,2026-10-25 00:00:00,2026-09-29 00:00:00,P1D,fcre,1.6,ensemble,31,Chla_ugL_mean,8.52856291760398
vera4cast,chlorocast_xgboost,2026-10-26 00:00:00,2026-09-29 00:00:00,P1D,fcre,1.6,ensemble,31,Chla_ugL_mean,8.70965348044426
vera4cast,chlorocast_xgboost,2026-10-27 00:00:00,2026-09-29 00:00:00,P1D,fcre,1.6,ensemble,31,Chla_ugL_mean,8.40326909054491
vera4cast,chlorocast_xgboost,2026-10-28 00:00:00,2026-09-29 00:00:00,P1D,fcre,1.6,ensemble,31,Chla_ugL_mean,8.64246604947701
vera4cast,chlorocast_xgboost,2026-10-29 00:00:00,2026-09-29 00:00:00,P1D,fcre,1.6,ensemble,31,Chla_ugL_mean,8.94086721716518
vera4cast,chlorocast_xgboost,2026-10-30 00:00:00,2026-09-29 00:00:00,P1D,fcre,1.6,ensemble,31,Chla_ugL_mean,8.50876987796366
vera4cast,chlorocast_xgboost,2026-10-31 00:00:00,2026-09-29 00:00:00,P1D,fcre,1.6,ensemble,31,Chla_ugL_mean,8.91867543143744
vera4cast,chlorocast_xgboost,2026-11-01 00:00:00,2026-09-29 00:00:00,P1D,fcre,1.6,ensemble,31,Chla_ugL_mean,9.06052059154094
vera4cast,chlorocast_xgboost,2026-11-02 00:00:00,2026-09-29 00:00:00,P1D,fcre,1.6,ensemble,31,Chla_ugL_mean,8.95690348485631
vera4cast,chlorocast_xgboost,2026-11-03 00:00:00,2026-09-29 00:00:00,P1D,fcre,1.6,ensemble,31,Chla_ugL_mean,9.05791583473662
vera4cast,chlorocast_xgboost,2026-09-30 00:00:00,2026-09-29 00:00:00,P1D,fcre,1.6,ensemble,32,Chla_ugL_mean,9.21052714676581
vera4cast,chlorocast_xgboost,2026-10-01 00:00:00,2026-09-29 00:00:00,P1D,fcre,1.6,ensemble,32,Chla_ugL_mean,9.26994646085062
vera4cast,chlorocast_xgboost,2026-10-02 00:00:00,2026-09-29 00:00:00,P1D,fcre,1.6,ensemble,32,Chla_ugL_mean,9.6765564951453
vera4cast,chlorocast_xgboost,2026-10-03 00:00:00,2026-09-29 00:00:00,P1D,fcre,1.6,ensemble,32,Chla_ugL_mean,10.0748286078796
vera4cast,chlorocast_xgboost,2026-10-04 00:00:00,2026-09-29 00:00:00,P1D,fcre,1.6,ensemble,32,Chla_ugL_mean,10.4606377899007
vera4cast,chlorocast_xgboost,2026-10-05 00:00:00,2026-09-29 00:00:00,P1D,fcre,1.6,ensemble,32,Chla_ugL_mean,10.1068312221124
vera4cast,chlorocast_xgboost,2026-10-06 00:00:00,2026-09-29 00:00:00,P1D,fcre,1.6,ensemble,32,Chla_ugL_mean,9.68520340979284
vera4cast,chlorocast_xgboost,2026-10-07 00:00:00,2026-09-29 00:00:00,P1D,fcre,1.6,ensemble,32,Chla_ugL_mean,9.76501735678944
vera4cast,chlorocast_xgboost,2026-10-08 00:00:00,2026-09-29 00:00:00,P1D,fcre,1.6,ensemble,32,Chla_ugL_mean,9.9750377023953
vera4cast,chlorocast_xgboost,2026-10-09 00:00:00,2026-09-29 00:00:00,P1D,fcre,1.6,ensemble,32,Chla_ugL_mean,9.85380912036017
vera4cast,chlorocast_xgboost,2026-10-10 00:00:00,2026-09-29 00:00:00,P1D,fcre,1.6,ensemble,32,Chla_ugL_mean,9.78043329296561
vera4cast,chlorocast_xgboost,2026-10-11 00:00:00,2026-09-29 00:00:00,P1D,fcre,1.6,ensemble,32,Chla_ugL_mean,9.50752360322634
vera4cast,chlorocast_xgboost,2026-10-12 00:00:00,2026-09-29 00:00:00,P1D,fcre,1.6,ensemble,32,Chla_ugL_mean,9.40271950524403
vera4cast,chlorocast_xgboost,2026-10-13 00:00:00,2026-09-29 00:00:00,P1D,fcre,1.6,ensemble,32,Chla_ugL_mean,9.47254438374063
vera4cast,chlorocast_xgboost,2026-10-14 00:00:00,2026-09-29 00:00:00,P1D,fcre,1.6,ensemble,32,Chla_ugL_mean,9.39728651176812
vera4cast,chlorocast_xgboost,2026-10-15 00:00:00,2026-09-29 00:00:00,P1D,fcre,1.6,ensemble,32,Chla_ugL_mean,9.14523817947549
vera4cast,chlorocast_xgboost,2026-10-16 00:00:00,2026-09-29 00:00:00,P1D,fcre,1.6,ensemble,32,Chla_ugL_mean,8.91974250407254
vera4cast,chlorocast_xgboost,2026-10-17 00:00:00,2026-09-29 00:00:00,P1D,fcre,1.6,ensemble,32,Chla_ugL_mean,9.02760791850214
vera4cast,chlorocast_xgboost,2026-10-18 00:00:00,2026-09-29 00:00:00,P1D,fcre,1.6,ensemble,32,Chla_ugL_mean,9.2474321396895
vera4cast,chlorocast_xgboost,2026-10-19 00:00:00,2026-09-29 00:00:00,P1D,fcre,1.6,ensemble,32,Chla_ugL_mean,9.18107824805123
vera4cast,chlorocast_xgboost,2026-10-20 00:00:00,2026-09-29 00:00:00,P1D,fcre,1.6,ensemble,32,Chla_ugL_mean,8.90778148814596
vera4cast,chlorocast_xgboost,2026-10-21 00:00:00,2026-09-29 00:00:00,P1D,fcre,1.6,ensemble,32,Chla_ugL_mean,8.72560680129952
vera4cast,chlorocast_xgboost,2026-10-22 00:00:00,2026-09-29 00:00:00,P1D,fcre,1.6,ensemble,32,Chla_ugL_mean,8.63491053367246
vera4cast,chlorocast_xgboost,2026-10-23 00:00:00,2026-09-29 00:00:00,P1D,fcre,1.6,ensemble,32,Chla_ugL_mean,8.59181372824067
vera4cast,chlorocast_xgboost,2026-10-24 00:00:00,2026-09-29 00:00:00,P1D,fcre,1.6,ensemble,32,Chla_ugL_mean,8.58135503345031
vera4cast,chlorocast_xgboost,2026-10-25 00:00:00,2026-09-29 00:00:00,P1D,fcre,1.6,ensemble,32,Chla_ugL_mean,8.59134781488712
vera4cast,chlorocast_xgboost,2026-10-26 00:00:00,2026-09-29 00:00:00,P1D,fcre,1.6,ensemble,32,Chla_ugL_mean,8.75800206191679
vera4cast,chlorocast_xgboost,2026-10-27 00:00:00,2026-09-29 00:00:00,P1D,fcre,1.6,ensemble,32,Chla_ugL_mean,8.45918560101663
vera4cast,chlorocast_xgboost,2026-10-28 00:00:00,2026-09-29 00:00:00,P1D,fcre,1.6,ensemble,32,Chla_ugL_mean,8.69491103913891
vera4cast,chlorocast_xgboost,2026-10-29 00:00:00,2026-09-29 00:00:00,P1D,fcre,1.6,ensemble,32,Chla_ugL_mean,9.00106056282685
vera4cast,chlorocast_xgboost,2026-10-30 00:00:00,2026-09-29 00:00:00,P1D,fcre,1.6,ensemble,32,Chla_ugL_mean,8.56115687414891
vera4cast,chlorocast_xgboost,2026-10-31 00:00:00,2026-09-29 00:00:00,P1D,fcre,1.6,ensemble,32,Chla_ugL_mean,8.96586734064559
vera4cast,chlorocast_xgboost,2026-11-01 00:00:00,2026-09-29 00:00:00,P1D,fcre,1.6,ensemble,32,Chla_ugL_mean,9.10684249858515
vera4cast,chlorocast_xgboost,2026-11-02 00:00:00,2026-09-29 00:00:00,P1D,fcre,1.6,ensemble,32,Chla_ugL_mean,9.00769451705325
vera4cast,chlorocast_xgboost,2026-11-03 00:00:00,2026-09-29 00:00:00,P1D,fcre,1.6,ensemble,32,Chla_ugL_mean,9.11905953871559
vera4cast,chlorocast_xgboost,2026-09-30 00:00:00,2026-09-29 00:00:00,P1D,fcre,1.6,ensemble,33,Chla_ugL_mean,9.26295944418158
vera4cast,chlorocast_xgboost,2026-10-01 00:00:00,2026-09-29 00:00:00,P1D,fcre,1.6,ensemble,33,Chla_ugL_mean,9.31707781784892
vera4cast,chlorocast_xgboost,2026-10-02 00:00:00,2026-09-29 00:00:00,P1D,fcre,1.6,ensemble,33,Chla_ugL_mean,9.75282307431525
vera4cast,chlorocast_xgboost,2026-10-03 00:00:00,2026-09-29 00:00:00,P1D,fcre,1.6,ensemble,33,Chla_ugL_mean,10.1633887516167
vera4cast,chlorocast_xgboost,2026-10-04 00:00:00,2026-09-29 00:00:00,P1D,fcre,1.6,ensemble,33,Chla_ugL_mean,10.5415651887476
vera4cast,chlorocast_xgboost,2026-10-05 00:00:00,2026-09-29 00:00:00,P1D,fcre,1.6,ensemble,33,Chla_ugL_mean,10.1557193144162
vera4cast,chlorocast_xgboost,2026-10-06 00:00:00,2026-09-29 00:00:00,P1D,fcre,1.6,ensemble,33,Chla_ugL_mean,9.73386369714518
vera4cast,chlorocast_xgboost,2026-10-07 00:00:00,2026-09-29 00:00:00,P1D,fcre,1.6,ensemble,33,Chla_ugL_mean,9.80011148911223
vera4cast,chlorocast_xgboost,2026-10-08 00:00:00,2026-09-29 00:00:00,P1D,fcre,1.6,ensemble,33,Chla_ugL_mean,10.0058575201473
vera4cast,chlorocast_xgboost,2026-10-09 00:00:00,2026-09-29 00:00:00,P1D,fcre,1.6,ensemble,33,Chla_ugL_mean,9.91165456751127
vera4cast,chlorocast_xgboost,2026-10-10 00:00:00,2026-09-29 00:00:00,P1D,fcre,1.6,ensemble,33,Chla_ugL_mean,9.84328378705554
vera4cast,chlorocast_xgboost,2026-10-11 00:00:00,2026-09-29 00:00:00,P1D,fcre,1.6,ensemble,33,Chla_ugL_mean,9.54475315792356
vera4cast,chlorocast_xgboost,2026-10-12 00:00:00,2026-09-29 00:00:00,P1D,fcre,1.6,ensemble,33,Chla_ugL_mean,9.45609185642875
vera4cast,chlorocast_xgboost,2026-10-13 00:00:00,2026-09-29 00:00:00,P1D,fcre,1.6,ensemble,33,Chla_ugL_mean,9.51345867889808
vera4cast,chlorocast_xgboost,2026-10-14 00:00:00,2026-09-29 00:00:00,P1D,fcre,1.6,ensemble,33,Chla_ugL_mean,9.44866323845801
vera4cast,chlorocast_xgboost,2026-10-15 00:00:00,2026-09-29 00:00:00,P1D,fcre,1.6,ensemble,33,Chla_ugL_mean,9.19040038721159
vera4cast,chlorocast_xgboost,2026-10-16 00:00:00,2026-09-29 00:00:00,P1D,fcre,1.6,ensemble,33,Chla_ugL_mean,8.96129297896047
vera4cast,chlorocast_xgboost,2026-10-17 00:00:00,2026-09-29 00:00:00,P1D,fcre,1.6,ensemble,33,Chla_ugL_mean,9.09178694300703
vera4cast,chlorocast_xgboost,2026-10-18 00:00:00,2026-09-29 00:00:00,P1D,fcre,1.6,ensemble,33,Chla_ugL_mean,9.2827158061001
vera4cast,chlorocast_xgboost,2026-10-19 00:00:00,2026-09-29 00:00:00,P1D,fcre,1.6,ensemble,33,Chla_ugL_mean,9.2289248706983
vera4cast,chlorocast_xgboost,2026-10-20 00:00:00,2026-09-29 00:00:00,P1D,fcre,1.6,ensemble,33,Chla_ugL_mean,8.94376308550865
vera4cast,chlorocast_xgboost,2026-10-21 00:00:00,2026-09-29 00:00:00,P1D,fcre,1.6,ensemble,33,Chla_ugL_mean,8.77234514377389
vera4cast,chlorocast_xgboost,2026-10-22 00:00:00,2026-09-29 00:00:00,P1D,fcre,1.6,ensemble,33,Chla_ugL_mean,8.67207413851481
vera4cast,chlorocast_xgboost,2026-10-23 00:00:00,2026-09-29 00:00:00,P1D,fcre,1.6,ensemble,33,Chla_ugL_mean,8.6452837117905
vera4cast,chlorocast_xgboost,2026-10-24 00:00:00,2026-09-29 00:00:00,P1D,fcre,1.6,ensemble,33,Chla_ugL_mean,8.64019104520648
vera4cast,chlorocast_xgboost,2026-10-25 00:00:00,2026-09-29 00:00:00,P1D,fcre,1.6,ensemble,33,Chla_ugL_mean,8.65454640974049
vera4cast,chlorocast_xgboost,2026-10-26 00:00:00,2026-09-29 00:00:00,P1D,fcre,1.6,ensemble,33,Chla_ugL_mean,8.80659139197372
vera4cast,chlorocast_xgboost,2026-10-27 00:00:00,2026-09-29 00:00:00,P1D,fcre,1.6,ensemble,33,Chla_ugL_mean,8.51543461884438
vera4cast,chlorocast_xgboost,2026-10-28 00:00:00,2026-09-29 00:00:00,P1D,fcre,1.6,ensemble,33,Chla_ugL_mean,8.74764127501548
vera4cast,chlorocast_xgboost,2026-10-29 00:00:00,2026-09-29 00:00:00,P1D,fcre,1.6,ensemble,33,Chla_ugL_mean,9.06161838764136
vera4cast,chlorocast_xgboost,2026-10-30 00:00:00,2026-09-29 00:00:00,P1D,fcre,1.6,ensemble,33,Chla_ugL_mean,8.61383248783196
vera4cast,chlorocast_xgboost,2026-10-31 00:00:00,2026-09-29 00:00:00,P1D,fcre,1.6,ensemble,33,Chla_ugL_mean,9.01328378349335
vera4cast,chlorocast_xgboost,2026-11-01 00:00:00,2026-09-29 00:00:00,P1D,fcre,1.6,ensemble,33,Chla_ugL_mean,9.15337768674665
vera4cast,chlorocast_xgboost,2026-11-02 00:00:00,2026-09-29 00:00:00,P1D,fcre,1.6,ensemble,33,Chla_ugL_mean,9.05874463873073
vera4cast,chlorocast_xgboost,2026-11-03 00:00:00,2026-09-29 00:00:00,P1D,fcre,1.6,ensemble,33,Chla_ugL_mean,9.18057494520208
vera4cast,chlorocast_xgboost,2026-09-30 00:00:00,2026-09-29 00:00:00,P1D,fcre,1.6,ensemble,34,Chla_ugL_mean,9.31566098781478
vera4cast,chlorocast_xgboost,2026-10-01 00:00:00,2026-09-29 00:00:00,P1D,fcre,1.6,ensemble,34,Chla_ugL_mean,9.36442547245119
vera4cast,chlorocast_xgboost,2026-10-02 00:00:00,2026-09-29 00:00:00,P1D,fcre,1.6,ensemble,34,Chla_ugL_mean,9.82963445377741
vera4cast,chlorocast_xgboost,2026-10-03 00:00:00,2026-09-29 00:00:00,P1D,fcre,1.6,ensemble,34,Chla_ugL_mean,10.2526570687565
vera4cast,chlorocast_xgboost,2026-10-04 00:00:00,2026-09-29 00:00:00,P1D,fcre,1.6,ensemble,34,Chla_ugL_mean,10.6230640430409
vera4cast,chlorocast_xgboost,2026-10-05 00:00:00,2026-09-29 00:00:00,P1D,fcre,1.6,ensemble,34,Chla_ugL_mean,10.2048225937091
vera4cast,chlorocast_xgboost,2026-10-06 00:00:00,2026-09-29 00:00:00,P1D,fcre,1.6,ensemble,34,Chla_ugL_mean,9.78274558285877
vera4cast,chlorocast_xgboost,2026-10-07 00:00:00,2026-09-29 00:00:00,P1D,fcre,1.6,ensemble,34,Chla_ugL_mean,9.83532002887932
vera4cast,chlorocast_xgboost,2026-10-08 00:00:00,2026-09-29 00:00:00,P1D,fcre,1.6,ensemble,34,Chla_ugL_mean,10.0367638853164
vera4cast,chlorocast_xgboost,2026-10-09 00:00:00,2026-09-29 00:00:00,P1D,fcre,1.6,ensemble,34,Chla_ugL_mean,9.96980830235373
vera4cast,chlorocast_xgboost,2026-10-10 00:00:00,2026-09-29 00:00:00,P1D,fcre,1.6,ensemble,34,Chla_ugL_mean,9.90650070283744
vera4cast,chlorocast_xgboost,2026-10-11 00:00:00,2026-09-29 00:00:00,P1D,fcre,1.6,ensemble,34,Chla_ugL_mean,9.58211462188839
vera4cast,chlorocast_xgboost,2026-10-12 00:00:00,2026-09-29 00:00:00,P1D,fcre,1.6,ensemble,34,Chla_ugL_mean,9.50973804061162
vera4cast,chlorocast_xgboost,2026-10-13 00:00:00,2026-09-29 00:00:00,P1D,fcre,1.6,ensemble,34,Chla_ugL_mean,9.5545328186441
vera4cast,chlorocast_xgboost,2026-10-14 00:00:00,2026-09-29 00:00:00,P1D,fcre,1.6,ensemble,34,Chla_ugL_mean,9.50029383600569
vera4cast,chlorocast_xgboost,2026-10-15 00:00:00,2026-09-29 00:00:00,P1D,fcre,1.6,ensemble,34,Chla_ugL_mean,9.23576363754241
vera4cast,chlorocast_xgboost,2026-10-16 00:00:00,2026-09-29 00:00:00,P1D,fcre,1.6,ensemble,34,Chla_ugL_mean,9.00301749485427
vera4cast,chlorocast_xgboost,2026-10-17 00:00:00,2026-09-29 00:00:00,P1D,fcre,1.6,ensemble,34,Chla_ugL_mean,9.15637672820578
vera4cast,chlorocast_xgboost,2026-10-18 00:00:00,2026-09-29 00:00:00,P1D,fcre,1.6,ensemble,34,Chla_ugL_mean,9.31812096022571
vera4cast,chlorocast_xgboost,2026-10-19 00:00:00,2026-09-29 00:00:00,P1D,fcre,1.6,ensemble,34,Chla_ugL_mean,9.27699635158169
vera4cast,chlorocast_xgboost,2026-10-20 00:00:00,2026-09-29 00:00:00,P1D,fcre,1.6,ensemble,34,Chla_ugL_mean,8.97987535544929
vera4cast,chlorocast_xgboost,2026-10-21 00:00:00,2026-09-29 00:00:00,P1D,fcre,1.6,ensemble,34,Chla_ugL_mean,8.81930809667122
vera4cast,chlorocast_xgboost,2026-10-22 00:00:00,2026-09-29 00:00:00,P1D,fcre,1.6,ensemble,34,Chla_ugL_mean,8.70938109015006
vera4cast,chlorocast_xgboost,2026-10-23 00:00:00,2026-09-29 00:00:00,P1D,fcre,1.6,ensemble,34,Chla_ugL_mean,8.69905176609334
vera4cast,chlorocast_xgboost,2026-10-24 00:00:00,2026-09-29 00:00:00,P1D,fcre,1.6,ensemble,34,Chla_ugL_mean,8.69938834993919
vera4cast,chlorocast_xgboost,2026-10-25 00:00:00,2026-09-29 00:00:00,P1D,fcre,1.6,ensemble,34,Chla_ugL_mean,8.71816142806933
vera4cast,chlorocast_xgboost,2026-10-26 00:00:00,2026-09-29 00:00:00,P1D,fcre,1.6,ensemble,34,Chla_ugL_mean,8.8554226694068
vera4cast,chlorocast_xgboost,2026-10-27 00:00:00,2026-09-29 00:00:00,P1D,fcre,1.6,ensemble,34,Chla_ugL_mean,8.57201812128212
vera4cast,chlorocast_xgboost,2026-10-28 00:00:00,2026-09-29 00:00:00,P1D,fcre,1.6,ensemble,34,Chla_ugL_mean,8.80065830854953
vera4cast,chlorocast_xgboost,2026-10-29 00:00:00,2026-09-29 00:00:00,P1D,fcre,1.6,ensemble,34,Chla_ugL_mean,9.12254289858114
vera4cast,chlorocast_xgboost,2026-10-30 00:00:00,2026-09-29 00:00:00,P1D,fcre,1.6,ensemble,34,Chla_ugL_mean,8.66679830910321
vera4cast,chlorocast_xgboost,2026-10-31 00:00:00,2026-09-29 00:00:00,P1D,fcre,1.6,ensemble,34,Chla_ugL_mean,9.06092582828577
vera4cast,chlorocast_xgboost,2026-11-01 00:00:00,2026-09-29 00:00:00,P1D,fcre,1.6,ensemble,34,Chla_ugL_mean,9.20012713804102
vera4cast,chlorocast_xgboost,2026-11-02 00:00:00,2026-09-29 00:00:00,P1D,fcre,1.6,ensemble,34,Chla_ugL_mean,9.11005517152675
vera4cast,chlorocast_xgboost,2026-11-03 00:00:00,2026-09-29 00:00:00,P1D,fcre,1.6,ensemble,34,Chla_ugL_mean,9.24246431383602
vera4cast,chlorocast_xgboost,2026-09-30 00:00:00,2026-09-29 00:00:00,P1D,fcre,1.6,ensemble,35,Chla_ugL_mean,9.36863316027746
vera4cast,chlorocast_xgboost,2026-10-01 00:00:00,2026-09-29 00:00:00,P1D,fcre,1.6,ensemble,35,Chla_ugL_mean,9.41199041730134
vera4cast,chlorocast_xgboost,2026-10-02 00:00:00,2026-09-29 00:00:00,P1D,fcre,1.6,ensemble,35,Chla_ugL_mean,9.90699452524112
vera4cast,chlorocast_xgboost,2026-10-03 00:00:00,2026-09-29 00:00:00,P1D,fcre,1.6,ensemble,35,Chla_ugL_mean,10.3426392222252
vera4cast,chlorocast_xgboost,2026-10-04 00:00:00,2026-09-29 00:00:00,P1D,fcre,1.6,ensemble,35,Chla_ugL_mean,10.7051383880187
vera4cast,chlorocast_xgboost,2026-10-05 00:00:00,2026-09-29 00:00:00,P1D,fcre,1.6,ensemble,35,Chla_ugL_mean,10.2541420071632
vera4cast,chlorocast_xgboost,2026-10-06 00:00:00,2026-09-29 00:00:00,P1D,fcre,1.6,ensemble,35,Chla_ugL_mean,9.83185007608986
vera4cast,chlorocast_xgboost,2026-10-07 00:00:00,2026-09-29 00:00:00,P1D,fcre,1.6,ensemble,35,Chla_ugL_mean,9.87064334906083
vera4cast,chlorocast_xgboost,2026-10-08 00:00:00,2026-09-29 00:00:00,P1D,fcre,1.6,ensemble,35,Chla_ugL_mean,10.0677570409429
vera4cast,chlorocast_xgboost,2026-10-09 00:00:00,2026-09-29 00:00:00,P1D,fcre,1.6,ensemble,35,Chla_ugL_mean,10.0282719679088
vera4cast,chlorocast_xgboost,2026-10-10 00:00:00,2026-09-29 00:00:00,P1D,fcre,1.6,ensemble,35,Chla_ugL_mean,9.97008617656906
vera4cast,chlorocast_xgboost,2026-10-11 00:00:00,2026-09-29 00:00:00,P1D,fcre,1.6,ensemble,35,Chla_ugL_mean,9.61960846249294
vera4cast,chlorocast_xgboost,2026-10-12 00:00:00,2026-09-29 00:00:00,P1D,fcre,1.6,ensemble,35,Chla_ugL_mean,9.56365946272439
vera4cast,chlorocast_xgboost,2026-10-13 00:00:00,2026-09-29 00:00:00,P1D,fcre,1.6,ensemble,35,Chla_ugL_mean,9.59576742746194
vera4cast,chlorocast_xgboost,2026-10-14 00:00:00,2026-09-29 00:00:00,P1D,fcre,1.6,ensemble,35,Chla_ugL_mean,9.55217955887823
vera4cast,chlorocast_xgboost,2026-10-15 00:00:00,2026-09-29 00:00:00,P1D,fcre,1.6,ensemble,35,Chla_ugL_mean,9.28132882542253
vera4cast,chlorocast_xgboost,2026-10-16 00:00:00,2026-09-29 00:00:00,P1D,fcre,1.6,ensemble,35,Chla_ugL_mean,9.04491678075335
vera4cast,chlorocast_xgboost,2026-10-17 00:00:00,2026-09-29 00:00:00,P1D,fcre,1.6,ensemble,35,Chla_ugL_mean,9.22137990306243
vera4cast,chlorocast_xgboost,2026-10-18 00:00:00,2026-09-29 00:00:00,P1D,fcre,1.6,ensemble,35,Chla_ugL_mean,9.35364802036937
vera4cast,chlorocast_xgboost,2026-10-19 00:00:00,2026-09-29 00:00:00,P1D,fcre,1.6,ensemble,35,Chla_ugL_mean,9.32529374743694
vera4cast,chlorocast_xgboost,2026-10-20 00:00:00,2026-09-29 00:00:00,P1D,fcre,1.6,ensemble,35,Chla_ugL_mean,9.01611877252497
vera4cast,chlorocast_xgboost,2026-10-21 00:00:00,2026-09-29 00:00:00,P1D,fcre,1.6,ensemble,35,Chla_ugL_mean,8.86649673940169
vera4cast,chlorocast_xgboost,2026-10-22 00:00:00,2026-09-29 00:00:00,P1D,fcre,1.6,ensemble,35,Chla_ugL_mean,8.7468319414929
vera4cast,chlorocast_xgboost,2026-10-23 00:00:00,2026-09-29 00:00:00,P1D,fcre,1.6,ensemble,35,Chla_ugL_mean,8.7531195527576
vera4cast,chlorocast_xgboost,2026-10-24 00:00:00,2026-09-29 00:00:00,P1D,fcre,1.6,ensemble,35,Chla_ugL_mean,8.75894916623212
vera4cast,chlorocast_xgboost,2026-10-25 00:00:00,2026-09-29 00:00:00,P1D,fcre,1.6,ensemble,35,Chla_ugL_mean,8.78219561374018
vera4cast,chlorocast_xgboost,2026-10-26 00:00:00,2026-09-29 00:00:00,P1D,fcre,1.6,ensemble,35,Chla_ugL_mean,8.9044970989771
vera4cast,chlorocast_xgboost,2026-10-27 00:00:00,2026-09-29 00:00:00,P1D,fcre,1.6,ensemble,35,Chla_ugL_mean,8.62893809734155
vera4cast,chlorocast_xgboost,2026-10-28 00:00:00,2026-09-29 00:00:00,P1D,fcre,1.6,ensemble,35,Chla_ugL_mean,8.85396369962214
vera4cast,chlorocast_xgboost,2026-10-29 00:00:00,2026-09-29 00:00:00,P1D,fcre,1.6,ensemble,35,Chla_ugL_mean,9.1838363159821
vera4cast,chlorocast_xgboost,2026-10-30 00:00:00,2026-09-29 00:00:00,P1D,fcre,1.6,ensemble,35,Chla_ugL_mean,8.72005593681342
vera4cast,chlorocast_xgboost,2026-10-31 00:00:00,2026-09-29 00:00:00,P1D,fcre,1.6,ensemble,35,Chla_ugL_mean,9.10879454841079
vera4cast,chlorocast_xgboost,2026-11-01 00:00:00,2026-09-29 00:00:00,P1D,fcre,1.6,ensemble,35,Chla_ugL_mean,9.24709183900537
vera4cast,chlorocast_xgboost,2026-11-02 00:00:00,2026-09-29 00:00:00,P1D,fcre,1.6,ensemble,35,Chla_ugL_mean,9.16162744382114
vera4cast,chlorocast_xgboost,2026-11-03 00:00:00,2026-09-29 00:00:00,P1D,fcre,1.6,ensemble,35,Chla_ugL_mean,9.30472991799404
vera4cast,chlorocast_xgboost,2026-09-30 00:00:00,2026-09-29 00:00:00,P1D,fcre,1.6,ensemble,36,Chla_ugL_mean,9.42187735128153
vera4cast,chlorocast_xgboost,2026-10-01 00:00:00,2026-09-29 00:00:00,P1D,fcre,1.6,ensemble,36,Chla_ugL_mean,9.45977364959874
vera4cast,chlorocast_xgboost,2026-10-02 00:00:00,2026-09-29 00:00:00,P1D,fcre,1.6,ensemble,36,Chla_ugL_mean,9.98490720821562
vera4cast,chlorocast_xgboost,2026-10-03 00:00:00,2026-09-29 00:00:00,P1D,fcre,1.6,ensemble,36,Chla_ugL_mean,10.4333409202329
vera4cast,chlorocast_xgboost,2026-10-04 00:00:00,2026-09-29 00:00:00,P1D,fcre,1.6,ensemble,36,Chla_ugL_mean,10.7877922874134
vera4cast,chlorocast_xgboost,2026-10-05 00:00:00,2026-09-29 00:00:00,P1D,fcre,1.6,ensemble,36,Chla_ugL_mean,10.3036785061199
vera4cast,chlorocast_xgboost,2026-10-06 00:00:00,2026-09-29 00:00:00,P1D,fcre,1.6,ensemble,36,Chla_ugL_mean,9.88117819059041
vera4cast,chlorocast_xgboost,2026-10-07 00:00:00,2026-09-29 00:00:00,P1D,fcre,1.6,ensemble,36,Chla_ugL_mean,9.90608182384279
vera4cast,chlorocast_xgboost,2026-10-08 00:00:00,2026-09-29 00:00:00,P1D,fcre,1.6,ensemble,36,Chla_ugL_mean,10.0988372307494
vera4cast,chlorocast_xgboost,2026-10-09 00:00:00,2026-09-29 00:00:00,P1D,fcre,1.6,ensemble,36,Chla_ugL_mean,10.0870472159543
vera4cast,chlorocast_xgboost,2026-10-10 00:00:00,2026-09-29 00:00:00,P1D,fcre,1.6,ensemble,36,Chla_ugL_mean,10.0340423569627
vera4cast,chlorocast_xgboost,2026-10-11 00:00:00,2026-09-29 00:00:00,P1D,fcre,1.6,ensemble,36,Chla_ugL_mean,9.65723514876524
vera4cast,chlorocast_xgboost,2026-10-12 00:00:00,2026-09-29 00:00:00,P1D,fcre,1.6,ensemble,36,Chla_ugL_mean,9.61785753490697
vera4cast,chlorocast_xgboost,2026-10-13 00:00:00,2026-09-29 00:00:00,P1D,fcre,1.6,ensemble,36,Chla_ugL_mean,9.6371631322746
vera4cast,chlorocast_xgboost,2026-10-14 00:00:00,2026-09-29 00:00:00,P1D,fcre,1.6,ensemble,36,Chla_ugL_mean,9.60432166774149
vera4cast,chlorocast_xgboost,2026-10-15 00:00:00,2026-09-29 00:00:00,P1D,fcre,1.6,ensemble,36,Chla_ugL_mean,9.32709684979048
vera4cast,chlorocast_xgboost,2026-10-16 00:00:00,2026-09-29 00:00:00,P1D,fcre,1.6,ensemble,36,Chla_ugL_mean,9.08699156871066
vera4cast,chlorocast_xgboost,2026-10-17 00:00:00,2026-09-29 00:00:00,P1D,fcre,1.6,ensemble,36,Chla_ugL_mean,9.28679911336701
vera4cast,chlorocast_xgboost,2026-10-18 00:00:00,2026-09-29 00:00:00,P1D,fcre,1.6,ensemble,36,Chla_ugL_mean,9.3892974062744
vera4cast,chlorocast_xgboost,2026-10-19 00:00:00,2026-09-29 00:00:00,P1D,fcre,1.6,ensemble,36,Chla_ugL_mean,9.37381811996579
vera4cast,chlorocast_xgboost,2026-10-20 00:00:00,2026-09-29 00:00:00,P1D,fcre,1.6,ensemble,36,Chla_ugL_mean,9.05249381301624
vera4cast,chlorocast_xgboost,2026-10-21 00:00:00,2026-09-29 00:00:00,P1D,fcre,1.6,ensemble,36,Chla_ugL_mean,8.91391215656278
vera4cast,chlorocast_xgboost,2026-10-22 00:00:00,2026-09-29 00:00:00,P1D,fcre,1.6,ensemble,36,Chla_ugL_mean,8.78442724759071
vera4cast,chlorocast_xgboost,2026-10-23 00:00:00,2026-09-29 00:00:00,P1D,fcre,1.6,ensemble,36,Chla_ugL_mean,8.8074887426544
vera4cast,chlorocast_xgboost,2026-10-24 00:00:00,2026-09-29 00:00:00,P1D,fcre,1.6,ensemble,36,Chla_ugL_mean,8.81887572629255
vera4cast,chlorocast_xgboost,2026-10-25 00:00:00,2026-09-29 00:00:00,P1D,fcre,1.6,ensemble,36,Chla_ugL_mean,8.8466517286993
vera4cast,chlorocast_xgboost,2026-10-26 00:00:00,2026-09-29 00:00:00,P1D,fcre,1.6,ensemble,36,Chla_ugL_mean,8.9538158914447
vera4cast,chlorocast_xgboost,2026-10-27 00:00:00,2026-09-29 00:00:00,P1D,fcre,1.6,ensemble,36,Chla_ugL_mean,8.68619654786201
vera4cast,chlorocast_xgboost,2026-10-28 00:00:00,2026-09-29 00:00:00,P1D,fcre,1.6,ensemble,36,Chla_ugL_mean,8.90755901659849
vera4cast,chlorocast_xgboost,2026-10-29 00:00:00,2026-09-29 00:00:00,P1D,fcre,1.6,ensemble,36,Chla_ugL_mean,9.24550087362465
vera4cast,chlorocast_xgboost,2026-10-30 00:00:00,2026-09-29 00:00:00,P1D,fcre,1.6,ensemble,36,Chla_ugL_mean,8.77360697862192
vera4cast,chlorocast_xgboost,2026-10-31 00:00:00,2026-09-29 00:00:00,P1D,fcre,1.6,ensemble,36,Chla_ugL_mean,9.15689102236339
vera4cast,chlorocast_xgboost,2026-11-01 00:00:00,2026-09-29 00:00:00,P1D,fcre,1.6,ensemble,36,Chla_ugL_mean,9.29427278071917
vera4cast,chlorocast_xgboost,2026-11-02 00:00:00,2026-09-29 00:00:00,P1D,fcre,1.6,ensemble,36,Chla_ugL_mean,9.21346279076985
vera4cast,chlorocast_xgboost,2026-11-03 00:00:00,2026-09-29 00:00:00,P1D,fcre,1.6,ensemble,36,Chla_ugL_mean,9.36737404487299
vera4cast,chlorocast_xgboost,2026-09-30 00:00:00,2026-09-29 00:00:00,P1D,fcre,1.6,ensemble,37,Chla_ugL_mean,9.47539495767525
vera4cast,chlorocast_xgboost,2026-10-01 00:00:00,2026-09-29 00:00:00,P1D,fcre,1.6,ensemble,37,Chla_ugL_mean,9.50777617111916
vera4cast,chlorocast_xgboost,2026-10-02 00:00:00,2026-09-29 00:00:00,P1D,fcre,1.6,ensemble,37,Chla_ugL_mean,10.0633764502087
vera4cast,chlorocast_xgboost,2026-10-03 00:00:00,2026-09-29 00:00:00,P1D,fcre,1.6,ensemble,37,Chla_ugL_mean,10.5247679166354
vera4cast,chlorocast_xgboost,2026-10-04 00:00:00,2026-09-29 00:00:00,P1D,fcre,1.6,ensemble,37,Chla_ugL_mean,10.8710298336526
vera4cast,chlorocast_xgboost,2026-10-05 00:00:00,2026-09-29 00:00:00,P1D,fcre,1.6,ensemble,37,Chla_ugL_mean,10.3534330461078
vera4cast,chlorocast_xgboost,2026-10-06 00:00:00,2026-09-29 00:00:00,P1D,fcre,1.6,ensemble,37,Chla_ugL_mean,9.93073094472899
vera4cast,chlorocast_xgboost,2026-10-07 00:00:00,2026-09-29 00:00:00,P1D,fcre,1.6,ensemble,37,Chla_ugL_mean,9.94163582863107
vera4cast,chlorocast_xgboost,2026-10-08 00:00:00,2026-09-29 00:00:00,P1D,fcre,1.6,ensemble,37,Chla_ugL_mean,10.1300046991433
vera4cast,chlorocast_xgboost,2026-10-09 00:00:00,2026-09-29 00:00:00,P1D,fcre,1.6,ensemble,37,Chla_ugL_mean,10.1461357070711
vera4cast,chlorocast_xgboost,2026-10-10 00:00:00,2026-09-29 00:00:00,P1D,fcre,1.6,ensemble,37,Chla_ugL_mean,10.0983714052577
vera4cast,chlorocast_xgboost,2026-10-11 00:00:00,2026-09-29 00:00:00,P1D,fcre,1.6,ensemble,37,Chla_ugL_mean,9.69499515139519
vera4cast,chlorocast_xgboost,2026-10-12 00:00:00,2026-09-29 00:00:00,P1D,fcre,1.6,ensemble,37,Chla_ugL_mean,9.67233367654443
vera4cast,chlorocast_xgboost,2026-10-13 00:00:00,2026-09-29 00:00:00,P1D,fcre,1.6,ensemble,37,Chla_ugL_mean,9.67872056245437
vera4cast,chlorocast_xgboost,2026-10-14 00:00:00,2026-09-29 00:00:00,P1D,fcre,1.6,ensemble,37,Chla_ugL_mean,9.65672142949073
vera4cast,chlorocast_xgboost,2026-10-15 00:00:00,2026-09-29 00:00:00,P1D,fcre,1.6,ensemble,37,Chla_ugL_mean,9.37306861358649
vera4cast,chlorocast_xgboost,2026-10-16 00:00:00,2026-09-29 00:00:00,P1D,fcre,1.6,ensemble,37,Chla_ugL_mean,9.12924259384548
vera4cast,chlorocast_xgboost,2026-10-17 00:00:00,2026-09-29 00:00:00,P1D,fcre,1.6,ensemble,37,Chla_ugL_mean,9.35263702184322
vera4cast,chlorocast_xgboost,2026-10-18 00:00:00,2026-09-29 00:00:00,P1D,fcre,1.6,ensemble,37,Chla_ugL_mean,9.42506953912939
vera4cast,chlorocast_xgboost,2026-10-19 00:00:00,2026-09-29 00:00:00,P1D,fcre,1.6,ensemble,37,Chla_ugL_mean,9.42257053585949
vera4cast,chlorocast_xgboost,2026-10-20 00:00:00,2026-09-29 00:00:00,P1D,fcre,1.6,ensemble,37,Chla_ugL_mean,9.08900095493329
vera4cast,chlorocast_xgboost,2026-10-21 00:00:00,2026-09-29 00:00:00,P1D,fcre,1.6,ensemble,37,Chla_ugL_mean,8.96155543796423
vera4cast,chlorocast_xgboost,2026-10-22 00:00:00,2026-09-29 00:00:00,P1D,fcre,1.6,ensemble,37,Chla_ugL_mean,8.8221675656318
vera4cast,chlorocast_xgboost,2026-10-23 00:00:00,2026-09-29 00:00:00,P1D,fcre,1.6,ensemble,37,Chla_ugL_mean,8.86216101596917
vera4cast,chlorocast_xgboost,2026-10-24 00:00:00,2026-09-29 00:00:00,P1D,fcre,1.6,ensemble,37,Chla_ugL_mean,8.879170276035
vera4cast,chlorocast_xgboost,2026-10-25 00:00:00,2026-09-29 00:00:00,P1D,fcre,1.6,ensemble,37,Chla_ugL_mean,8.91153255309172
vera4cast,chlorocast_xgboost,2026-10-26 00:00:00,2026-09-29 00:00:00,P1D,fcre,1.6,ensemble,37,Chla_ugL_mean,9.00338026359859
vera4cast,chlorocast_xgboost,2026-10-27 00:00:00,2026-09-29 00:00:00,P1D,fcre,1.6,ensemble,37,Chla_ugL_mean,8.74379548558084
vera4cast,chlorocast_xgboost,2026-10-28 00:00:00,2026-09-29 00:00:00,P1D,fcre,1.6,ensemble,37,Chla_ugL_mean,8.96144583637406
vera4cast,chlorocast_xgboost,2026-10-29 00:00:00,2026-09-29 00:00:00,P1D,fcre,1.6,ensemble,37,Chla_ugL_mean,9.30753881881499
vera4cast,chlorocast_xgboost,2026-10-30 00:00:00,2026-09-29 00:00:00,P1D,fcre,1.6,ensemble,37,Chla_ugL_mean,8.82745305104521
vera4cast,chlorocast_xgboost,2026-10-31 00:00:00,2026-09-29 00:00:00,P1D,fcre,1.6,ensemble,37,Chla_ugL_mean,9.20521633376991
vera4cast,chlorocast_xgboost,2026-11-01 00:00:00,2026-09-29 00:00:00,P1D,fcre,1.6,ensemble,37,Chla_ugL_mean,9.3416709588251
vera4cast,chlorocast_xgboost,2026-11-02 00:00:00,2026-09-29 00:00:00,P1D,fcre,1.6,ensemble,37,Chla_ugL_mean,9.26556255433965
vera4cast,chlorocast_xgboost,2026-11-03 00:00:00,2026-09-29 00:00:00,P1D,fcre,1.6,ensemble,37,Chla_ugL_mean,9.43039899557398
vera4cast,chlorocast_xgboost,2026-09-30 00:00:00,2026-09-29 00:00:00,P1D,fcre,1.6,ensemble,38,Chla_ugL_mean,9.52918738347988
vera4cast,chlorocast_xgboost,2026-10-01 00:00:00,2026-09-29 00:00:00,P1D,fcre,1.6,ensemble,38,Chla_ugL_mean,9.55599898823579
vera4cast,chlorocast_xgboost,2026-10-02 00:00:00,2026-09-29 00:00:00,P1D,fcre,1.6,ensemble,38,Chla_ugL_mean,10.1424062269265
vera4cast,chlorocast_xgboost,2026-10-03 00:00:00,2026-09-29 00:00:00,P1D,fcre,1.6,ensemble,38,Chla_ugL_mean,10.6169260112996
vera4cast,chlorocast_xgboost,2026-10-04 00:00:00,2026-09-29 00:00:00,P1D,fcre,1.6,ensemble,38,Chla_ugL_mean,10.9548551480621
vera4cast,chlorocast_xgboost,2026-10-05 00:00:00,2026-09-29 00:00:00,P1D,fcre,1.6,ensemble,38,Chla_ugL_mean,10.4034065868615
vera4cast,chlorocast_xgboost,2026-10-06 00:00:00,2026-09-29 00:00:00,P1D,fcre,1.6,ensemble,38,Chla_ugL_mean,9.98050936151179
vera4cast,chlorocast_xgboost,2026-10-07 00:00:00,2026-09-29 00:00:00,P1D,fcre,1.6,ensemble,38,Chla_ugL_mean,9.97730574005538
vera4cast,chlorocast_xgboost,2026-10-08 00:00:00,2026-09-29 00:00:00,P1D,fcre,1.6,ensemble,38,Chla_ugL_mean,10.1612596912178
vera4cast,chlorocast_xgboost,2026-10-09 00:00:00,2026-09-29 00:00:00,P1D,fcre,1.6,ensemble,38,Chla_ugL_mean,10.2055391106903
vera4cast,chlorocast_xgboost,2026-10-10 00:00:00,2026-09-29 00:00:00,P1D,fcre,1.6,ensemble,38,Chla_ugL_mean,10.1630754952936
vera4cast,chlorocast_xgboost,2026-10-11 00:00:00,2026-09-29 00:00:00,P1D,fcre,1.6,ensemble,38,Chla_ugL_mean,9.73288894274039
vera4cast,chlorocast_xgboost,2026-10-12 00:00:00,2026-09-29 00:00:00,P1D,fcre,1.6,ensemble,38,Chla_ugL_mean,9.72708931430414
vera4cast,chlorocast_xgboost,2026-10-13 00:00:00,2026-09-29 00:00:00,P1D,fcre,1.6,ensemble,38,Chla_ugL_mean,9.72044034983236
vera4cast,chlorocast_xgboost,2026-10-14 00:00:00,2026-09-29 00:00:00,P1D,fcre,1.6,ensemble,38,Chla_ugL_mean,9.7093801172814
vera4cast,chlorocast_xgboost,2026-10-15 00:00:00,2026-09-29 00:00:00,P1D,fcre,1.6,ensemble,38,Chla_ugL_mean,9.41924502377027
vera4cast,chlorocast_xgboost,2026-10-16 00:00:00,2026-09-29 00:00:00,P1D,fcre,1.6,ensemble,38,Chla_ugL_mean,9.17167059435623
vera4cast,chlorocast_xgboost,2026-10-17 00:00:00,2026-09-29 00:00:00,P1D,fcre,1.6,ensemble,38,Chla_ugL_mean,9.41889630825679
vera4cast,chlorocast_xgboost,2026-10-18 00:00:00,2026-09-29 00:00:00,P1D,fcre,1.6,ensemble,38,Chla_ugL_mean,9.46096484157314
vera4cast,chlorocast_xgboost,2026-10-19 00:00:00,2026-09-29 00:00:00,P1D,fcre,1.6,ensemble,38,Chla_ugL_mean,9.4715520668223
vera4cast,chlorocast_xgboost,2026-10-20 00:00:00,2026-09-29 00:00:00,P1D,fcre,1.6,ensemble,38,Chla_ugL_mean,9.12564067802232
vera4cast,chlorocast_xgboost,2026-10-21 00:00:00,2026-09-29 00:00:00,P1D,fcre,1.6,ensemble,38,Chla_ugL_mean,9.00942767865309
vera4cast,chlorocast_xgboost,2026-10-22 00:00:00,2026-09-29 00:00:00,P1D,fcre,1.6,ensemble,38,Chla_ugL_mean,8.86005345495363
vera4cast,chlorocast_xgboost,2026-10-23 00:00:00,2026-09-29 00:00:00,P1D,fcre,1.6,ensemble,38,Chla_ugL_mean,8.91713806225365
vera4cast,chlorocast_xgboost,2026-10-24 00:00:00,2026-09-29 00:00:00,P1D,fcre,1.6,ensemble,38,Chla_ugL_mean,8.93983507516547
vera4cast,chlorocast_xgboost,2026-10-25 00:00:00,2026-09-29 00:00:00,P1D,fcre,1.6,ensemble,38,Chla_ugL_mean,8.97684088538122
vera4cast,chlorocast_xgboost,2026-10-26 00:00:00,2026-09-29 00:00:00,P1D,fcre,1.6,ensemble,38,Chla_ugL_mean,9.05319143828669
vera4cast,chlorocast_xgboost,2026-10-27 00:00:00,2026-09-29 00:00:00,P1D,fcre,1.6,ensemble,38,Chla_ugL_mean,8.8017369352041
vera4cast,chlorocast_xgboost,2026-10-28 00:00:00,2026-09-29 00:00:00,P1D,fcre,1.6,ensemble,38,Chla_ugL_mean,9.01562574442098
vera4cast,chlorocast_xgboost,2026-10-29 00:00:00,2026-09-29 00:00:00,P1D,fcre,1.6,ensemble,38,Chla_ugL_mean,9.36995241246712
vera4cast,chlorocast_xgboost,2026-10-30 00:00:00,2026-09-29 00:00:00,P1D,fcre,1.6,ensemble,38,Chla_ugL_mean,8.8815957795057
vera4cast,chlorocast_xgboost,2026-10-31 00:00:00,2026-09-29 00:00:00,P1D,fcre,1.6,ensemble,38,Chla_ugL_mean,9.25377157141246
vera4cast,chlorocast_xgboost,2026-11-01 00:00:00,2026-09-29 00:00:00,P1D,fcre,1.6,ensemble,38,Chla_ugL_mean,9.38928737355013
vera4cast,chlorocast_xgboost,2026-11-02 00:00:00,2026-09-29 00:00:00,P1D,fcre,1.6,ensemble,38,Chla_ugL_mean,9.31792808334273
vera4cast,chlorocast_xgboost,2026-11-03 00:00:00,2026-09-29 00:00:00,P1D,fcre,1.6,ensemble,38,Chla_ugL_mean,9.49380708518687
vera4cast,chlorocast_xgboost,2026-09-30 00:00:00,2026-09-29 00:00:00,P1D,fcre,1.6,ensemble,39,Chla_ugL_mean,9.58325603992646
vera4cast,chlorocast_xgboost,2026-10-01 00:00:00,2026-09-29 00:00:00,P1D,fcre,1.6,ensemble,39,Chla_ugL_mean,9.60444311194031
vera4cast,chlorocast_xgboost,2026-10-02 00:00:00,2026-09-29 00:00:00,P1D,fcre,1.6,ensemble,39,Chla_ugL_mean,10.2220005424754
vera4cast,chlorocast_xgboost,2026-10-03 00:00:00,2026-09-29 00:00:00,P1D,fcre,1.6,ensemble,39,Chla_ugL_mean,10.7098210504709
vera4cast,chlorocast_xgboost,2026-10-04 00:00:00,2026-09-29 00:00:00,P1D,fcre,1.6,ensemble,39,Chla_ugL_mean,11.0392723810695
vera4cast,chlorocast_xgboost,2026-10-05 00:00:00,2026-09-29 00:00:00,P1D,fcre,1.6,ensemble,39,Chla_ugL_mean,10.45360009234
vera4cast,chlorocast_xgboost,2026-10-06 00:00:00,2026-09-29 00:00:00,P1D,fcre,1.6,ensemble,39,Chla_ugL_mean,10.0305144686038
vera4cast,chlorocast_xgboost,2026-10-07 00:00:00,2026-09-29 00:00:00,P1D,fcre,1.6,ensemble,39,Chla_ugL_mean,10.0130919359733
vera4cast,chlorocast_xgboost,2026-10-08 00:00:00,2026-09-29 00:00:00,P1D,fcre,1.6,ensemble,39,Chla_ugL_mean,10.1926024527548
vera4cast,chlorocast_xgboost,2026-10-09 00:00:00,2026-09-29 00:00:00,P1D,fcre,1.6,ensemble,39,Chla_ugL_mean,10.2652591051401
vera4cast,chlorocast_xgboost,2026-10-10 00:00:00,2026-09-29 00:00:00,P1D,fcre,1.6,ensemble,39,Chla_ugL_mean,10.2281568135835
vera4cast,chlorocast_xgboost,2026-10-11 00:00:00,2026-09-29 00:00:00,P1D,fcre,1.6,ensemble,39,Chla_ugL_mean,9.77091699683205
vera4cast,chlorocast_xgboost,2026-10-12 00:00:00,2026-09-29 00:00:00,P1D,fcre,1.6,ensemble,39,Chla_ugL_mean,9.78212588217318
vera4cast,chlorocast_xgboost,2026-10-13 00:00:00,2026-09-29 00:00:00,P1D,fcre,1.6,ensemble,39,Chla_ugL_mean,9.76232312870813
vera4cast,chlorocast_xgboost,2026-10-14 00:00:00,2026-09-29 00:00:00,P1D,fcre,1.6,ensemble,39,Chla_ugL_mean,9.76229901056004
vera4cast,chlorocast_xgboost,2026-10-15 00:00:00,2026-09-29 00:00:00,P1D,fcre,1.6,ensemble,39,Chla_ugL_mean,9.46562699133895
vera4cast,chlorocast_xgboost,2026-10-16 00:00:00,2026-09-29 00:00:00,P1D,fcre,1.6,ensemble,39,Chla_ugL_mean,9.21427631153342
vera4cast,chlorocast_xgboost,2026-10-17 00:00:00,2026-09-29 00:00:00,P1D,fcre,1.6,ensemble,39,Chla_ugL_mean,9.4855796695246
vera4cast,chlorocast_xgboost,2026-10-18 00:00:00,2026-09-29 00:00:00,P1D,fcre,1.6,ensemble,39,Chla_ugL_mean,9.49698373769966
vera4cast,chlorocast_xgboost,2026-10-19 00:00:00,2026-09-29 00:00:00,P1D,fcre,1.6,ensemble,39,Chla_ugL_mean,9.52076378959501
vera4cast,chlorocast_xgboost,2026-10-20 00:00:00,2026-09-29 00:00:00,P1D,fcre,1.6,ensemble,39,Chla_ugL_mean,9.16241346377176
vera4cast,chlorocast_xgboost,2026-10-21 00:00:00,2026-09-29 00:00:00,P1D,fcre,1.6,ensemble,39,Chla_ugL_mean,9.05752997893884
vera4cast,chlorocast_xgboost,2026-10-22 00:00:00,2026-09-29 00:00:00,P1D,fcre,1.6,ensemble,39,Chla_ugL_mean,8.89808547705116
vera4cast,chlorocast_xgboost,2026-10-23 00:00:00,2026-09-29 00:00:00,P1D,fcre,1.6,ensemble,39,Chla_ugL_mean,8.97242158047802
vera4cast,chlorocast_xgboost,2026-10-24 00:00:00,2026-09-29 00:00:00,P1D,fcre,1.6,ensemble,39,Chla_ugL_mean,9.00087239726606
vera4cast,chlorocast_xgboost,2026-10-25 00:00:00,2026-09-29 00:00:00,P1D,fcre,1.6,ensemble,39,Chla_ugL_mean,9.04257954247101
vera4cast,chlorocast_xgboost,2026-10-26 00:00:00,2026-09-29 00:00:00,P1D,fcre,1.6,ensemble,39,Chla_ugL_mean,9.103250644446
vera4cast,chlorocast_xgboost,2026-10-27 00:00:00,2026-09-29 00:00:00,P1D,fcre,1.6,ensemble,39,Chla_ugL_mean,8.86002293347777
vera4cast,chlorocast_xgboost,2026-10-28 00:00:00,2026-09-29 00:00:00,P1D,fcre,1.6,ensemble,39,Chla_ugL_mean,9.07010033483472
vera4cast,chlorocast_xgboost,2026-10-29 00:00:00,2026-09-29 00:00:00,P1D,fcre,1.6,ensemble,39,Chla_ugL_mean,9.43274392918518
vera4cast,chlorocast_xgboost,2026-10-30 00:00:00,2026-09-29 00:00:00,P1D,fcre,1.6,ensemble,39,Chla_ugL_mean,8.93603679838079
vera4cast,chlorocast_xgboost,2026-10-31 00:00:00,2026-09-29 00:00:00,P1D,fcre,1.6,ensemble,39,Chla_ugL_mean,9.30255782925345
vera4cast,chlorocast_xgboost,2026-11-01 00:00:00,2026-09-29 00:00:00,P1D,fcre,1.6,ensemble,39,Chla_ugL_mean,9.43712302972659
vera4cast,chlorocast_xgboost,2026-11-02 00:00:00,2026-09-29 00:00:00,P1D,fcre,1.6,ensemble,39,Chla_ugL_mean,9.37056073347175
vera4cast,chlorocast_xgboost,2026-11-03 00:00:00,2026-09-29 00:00:00,P1D,fcre,1.6,ensemble,39,Chla_ugL_mean,9.55760064287534
vera4cast,chlorocast_xgboost,2026-09-30 00:00:00,2026-09-29 00:00:00,P1D,fcre,1.6,ensemble,40,Chla_ugL_mean,9.63760234549291
vera4cast,chlorocast_xgboost,2026-10-01 00:00:00,2026-09-29 00:00:00,P1D,fcre,1.6,ensemble,40,Chla_ugL_mean,9.65310955786408
vera4cast,chlorocast_xgboost,2026-10-02 00:00:00,2026-09-29 00:00:00,P1D,fcre,1.6,ensemble,40,Chla_ugL_mean,10.3021634295642
vera4cast,chlorocast_xgboost,2026-10-03 00:00:00,2026-09-29 00:00:00,P1D,fcre,1.6,ensemble,40,Chla_ugL_mean,10.8034589271445
vera4cast,chlorocast_xgboost,2026-10-04 00:00:00,2026-09-29 00:00:00,P1D,fcre,1.6,ensemble,40,Chla_ugL_mean,11.1242857124103
vera4cast,chlorocast_xgboost,2026-10-05 00:00:00,2026-09-29 00:00:00,P1D,fcre,1.6,ensemble,40,Chla_ugL_mean,10.5040145307453
vera4cast,chlorocast_xgboost,2026-10-06 00:00:00,2026-09-29 00:00:00,P1D,fcre,1.6,ensemble,40,Chla_ugL_mean,10.0807472983498
vera4cast,chlorocast_xgboost,2026-10-07 00:00:00,2026-09-29 00:00:00,P1D,fcre,1.6,ensemble,40,Chla_ugL_mean,10.048994795474
vera4cast,chlorocast_xgboost,2026-10-08 00:00:00,2026-09-29 00:00:00,P1D,fcre,1.6,ensemble,40,Chla_ugL_mean,10.2240332302262
vera4cast,chlorocast_xgboost,2026-10-09 00:00:00,2026-09-29 00:00:00,P1D,fcre,1.6,ensemble,40,Chla_ugL_mean,10.3252973776934
vera4cast,chlorocast_xgboost,2026-10-10 00:00:00,2026-09-29 00:00:00,P1D,fcre,1.6,ensemble,40,Chla_ugL_mean,10.293617559388
vera4cast,chlorocast_xgboost,2026-10-11 00:00:00,2026-09-29 00:00:00,P1D,fcre,1.6,ensemble,40,Chla_ugL_mean,9.80907978938097
vera4cast,chlorocast_xgboost,2026-10-12 00:00:00,2026-09-29 00:00:00,P1D,fcre,1.6,ensemble,40,Chla_ugL_mean,9.83744482149585
vera4cast,chlorocast_xgboost,2026-10-13 00:00:00,2026-09-29 00:00:00,P1D,fcre,1.6,ensemble,40,Chla_ugL_mean,9.80436953585934
vera4cast,chlorocast_xgboost,2026-10-14 00:00:00,2026-09-29 00:00:00,P1D,fcre,1.6,ensemble,40,Chla_ugL_mean,9.81547939509543
vera4cast,chlorocast_xgboost,2026-10-15 00:00:00,2026-09-29 00:00:00,P1D,fcre,1.6,ensemble,40,Chla_ugL_mean,9.51221543134499
vera4cast,chlorocast_xgboost,2026-10-16 00:00:00,2026-09-29 00:00:00,P1D,fcre,1.6,ensemble,40,Chla_ugL_mean,9.25706048977257
vera4cast,chlorocast_xgboost,2026-10-17 00:00:00,2026-09-29 00:00:00,P1D,fcre,1.6,ensemble,40,Chla_ugL_mean,9.55268981982442
vera4cast,chlorocast_xgboost,2026-10-18 00:00:00,2026-09-29 00:00:00,P1D,fcre,1.6,ensemble,40,Chla_ugL_mean,9.53312665306321
vera4cast,chlorocast_xgboost,2026-10-19 00:00:00,2026-09-29 00:00:00,P1D,fcre,1.6,ensemble,40,Chla_ugL_mean,9.57020678597863
vera4cast,chlorocast_xgboost,2026-10-20 00:00:00,2026-09-29 00:00:00,P1D,fcre,1.6,ensemble,40,Chla_ugL_mean,9.19931979541867
vera4cast,chlorocast_xgboost,2026-10-21 00:00:00,2026-09-29 00:00:00,P1D,fcre,1.6,ensemble,40,Chla_ugL_mean,9.10586344441876
vera4cast,chlorocast_xgboost,2026-10-22 00:00:00,2026-09-29 00:00:00,P1D,fcre,1.6,ensemble,40,Chla_ugL_mean,8.93626419558512
vera4cast,chlorocast_xgboost,2026-10-23 00:00:00,2026-09-29 00:00:00,P1D,fcre,1.6,ensemble,40,Chla_ugL_mean,9.02801327908348
vera4cast,chlorocast_xgboost,2026-10-24 00:00:00,2026-09-29 00:00:00,P1D,fcre,1.6,ensemble,40,Chla_ugL_mean,9.06228452988021
vera4cast,chlorocast_xgboost,2026-10-25 00:00:00,2026-09-29 00:00:00,P1D,fcre,1.6,ensemble,40,Chla_ugL_mean,9.10875135982522
vera4cast,chlorocast_xgboost,2026-10-26 00:00:00,2026-09-29 00:00:00,P1D,fcre,1.6,ensemble,40,Chla_ugL_mean,9.15355911713292
vera4cast,chlorocast_xgboost,2026-10-27 00:00:00,2026-09-29 00:00:00,P1D,fcre,1.6,ensemble,40,Chla_ugL_mean,8.91865552925934
vera4cast,chlorocast_xgboost,2026-10-28 00:00:00,2026-09-29 00:00:00,P1D,fcre,1.6,ensemble,40,Chla_ugL_mean,9.12487121038096
vera4cast,chlorocast_xgboost,2026-10-29 00:00:00,2026-09-29 00:00:00,P1D,fcre,1.6,ensemble,40,Chla_ugL_mean,9.49591565734635
vera4cast,chlorocast_xgboost,2026-10-30 00:00:00,2026-09-29 00:00:00,P1D,fcre,1.6,ensemble,40,Chla_ugL_mean,8.99077775105224
vera4cast,chlorocast_xgboost,2026-10-31 00:00:00,2026-09-29 00:00:00,P1D,fcre,1.6,ensemble,40,Chla_ugL_mean,9.35157620646023
vera4cast,chlorocast_xgboost,2026-11-01 00:00:00,2026-09-29 00:00:00,P1D,fcre,1.6,ensemble,40,Chla_ugL_mean,9.4851789368134
vera4cast,chlorocast_xgboost,2026-11-02 00:00:00,2026-09-29 00:00:00,P1D,fcre,1.6,ensemble,40,Chla_ugL_mean,9.42346186733482
vera4cast,chlorocast_xgboost,2026-11-03 00:00:00,2026-09-29 00:00:00,P1D,fcre,1.6,ensemble,40,Chla_ugL_mean,9.62178201196244
vera4cast,chlorocast_xgboost,2026-09-30 00:00:00,2026-09-29 00:00:00,P1D,fcre,1.6,ensemble,41,Chla_ugL_mean,9.68912745491856
vera4cast,chlorocast_xgboost,2026-10-01 00:00:00,2026-09-29 00:00:00,P1D,fcre,1.6,ensemble,41,Chla_ugL_mean,9.70852022092382
vera4cast,chlorocast_xgboost,2026-10-02 00:00:00,2026-09-29 00:00:00,P1D,fcre,1.6,ensemble,41,Chla_ugL_mean,10.3628985650426
vera4cast,chlorocast_xgboost,2026-10-03 00:00:00,2026-09-29 00:00:00,P1D,fcre,1.6,ensemble,41,Chla_ugL_mean,10.8643962400379
vera4cast,chlorocast_xgboost,2026-10-04 00:00:00,2026-09-29 00:00:00,P1D,fcre,1.6,ensemble,41,Chla_ugL_mean,11.1815389475793
vera4cast,chlorocast_xgboost,2026-10-05 00:00:00,2026-09-29 00:00:00,P1D,fcre,1.6,ensemble,41,Chla_ugL_mean,10.557714945903
vera4cast,chlorocast_xgboost,2026-10-06 00:00:00,2026-09-29 00:00:00,P1D,fcre,1.6,ensemble,41,Chla_ugL_mean,10.1292313841364
vera4cast,chlorocast_xgboost,2026-10-07 00:00:00,2026-09-29 00:00:00,P1D,fcre,1.6,ensemble,41,Chla_ugL_mean,10.0887816398772
vera4cast,chlorocast_xgboost,2026-10-08 00:00:00,2026-09-29 00:00:00,P1D,fcre,1.6,ensemble,41,Chla_ugL_mean,10.2559813080873
vera4cast,chlorocast_xgboost,2026-10-09 00:00:00,2026-09-29 00:00:00,P1D,fcre,1.6,ensemble,41,Chla_ugL_mean,10.3706305815536
vera4cast,chlorocast_xgboost,2026-10-10 00:00:00,2026-09-29 00:00:00,P1D,fcre,1.6,ensemble,41,Chla_ugL_mean,10.3461788813322
vera4cast,chlorocast_xgboost,2026-10-11 00:00:00,2026-09-29 00:00:00,P1D,fcre,1.6,ensemble,41,Chla_ugL_mean,9.85010962585299
vera4cast,chlorocast_xgboost,2026-10-12 00:00:00,2026-09-29 00:00:00,P1D,fcre,1.6,ensemble,41,Chla_ugL_mean,9.87893493016693
vera4cast,chlorocast_xgboost,2026-10-13 00:00:00,2026-09-29 00:00:00,P1D,fcre,1.6,ensemble,41,Chla_ugL_mean,9.83830675239235
vera4cast,chlorocast_xgboost,2026-10-14 00:00:00,2026-09-29 00:00:00,P1D,fcre,1.6,ensemble,41,Chla_ugL_mean,9.85969613145482
vera4cast,chlorocast_xgboost,2026-10-15 00:00:00,2026-09-29 00:00:00,P1D,fcre,1.6,ensemble,41,Chla_ugL_mean,9.55532190707064
vera4cast,chlorocast_xgboost,2026-10-16 00:00:00,2026-09-29 00:00:00,P1D,fcre,1.6,ensemble,41,Chla_ugL_mean,9.30170132886524
vera4cast,chlorocast_xgboost,2026-10-17 00:00:00,2026-09-29 00:00:00,P1D,fcre,1.6,ensemble,41,Chla_ugL_mean,9.59625994789327
vera4cast,chlorocast_xgboost,2026-10-18 00:00:00,2026-09-29 00:00:00,P1D,fcre,1.6,ensemble,41,Chla_ugL_mean,9.56708796418234
vera4cast,chlorocast_xgboost,2026-10-19 00:00:00,2026-09-29 00:00:00,P1D,fcre,1.6,ensemble,41,Chla_ugL_mean,9.60394616164741
vera4cast,chlorocast_xgboost,2026-10-20 00:00:00,2026-09-29 00:00:00,P1D,fcre,1.6,ensemble,41,Chla_ugL_mean,9.23209657264995
vera4cast,chlorocast_xgboost,2026-10-21 00:00:00,2026-09-29 00:00:00,P1D,fcre,1.6,ensemble,41,Chla_ugL_mean,9.1482937864888
vera4cast,chlorocast_xgboost,2026-10-22 00:00:00,2026-09-29 00:00:00,P1D,fcre,1.6,ensemble,41,Chla_ugL_mean,8.97236419947799
vera4cast,chlorocast_xgboost,2026-10-23 00:00:00,2026-09-29 00:00:00,P1D,fcre,1.6,ensemble,41,Chla_ugL_mean,9.07395888020728
vera4cast,chlorocast_xgboost,2026-10-24 00:00:00,2026-09-29 00:00:00,P1D,fcre,1.6,ensemble,41,Chla_ugL_mean,9.10374095395696
vera4cast,chlorocast_xgboost,2026-10-25 00:00:00,2026-09-29 00:00:00,P1D,fcre,1.6,ensemble,41,Chla_ugL_mean,9.15894322135211
vera4cast,chlorocast_xgboost,2026-10-26 00:00:00,2026-09-29 00:00:00,P1D,fcre,1.6,ensemble,41,Chla_ugL_mean,9.19200235058379
vera4cast,chlorocast_xgboost,2026-10-27 00:00:00,2026-09-29 00:00:00,P1D,fcre,1.6,ensemble,41,Chla_ugL_mean,8.95976438492186
vera4cast,chlorocast_xgboost,2026-10-28 00:00:00,2026-09-29 00:00:00,P1D,fcre,1.6,ensemble,41,Chla_ugL_mean,9.1629223774764
vera4cast,chlorocast_xgboost,2026-10-29 00:00:00,2026-09-29 00:00:00,P1D,fcre,1.6,ensemble,41,Chla_ugL_mean,9.52889991726889
vera4cast,chlorocast_xgboost,2026-10-30 00:00:00,2026-09-29 00:00:00,P1D,fcre,1.6,ensemble,41,Chla_ugL_mean,9.03775622783367
vera4cast,chlorocast_xgboost,2026-10-31 00:00:00,2026-09-29 00:00:00,P1D,fcre,1.6,ensemble,41,Chla_ugL_mean,9.38515675963116
vera4cast,chlorocast_xgboost,2026-11-01 00:00:00,2026-09-29 00:00:00,P1D,fcre,1.6,ensemble,41,Chla_ugL_mean,9.51845167119442
vera4cast,chlorocast_xgboost,2026-11-02 00:00:00,2026-09-29 00:00:00,P1D,fcre,1.6,ensemble,41,Chla_ugL_mean,9.46617359916292
vera4cast,chlorocast_xgboost,2026-11-03 00:00:00,2026-09-29 00:00:00,P1D,fcre,1.6,ensemble,41,Chla_ugL_mean,9.66515948168417
vera4cast,chlorocast_xgboost,2026-09-30 00:00:00,2026-09-29 00:00:00,P1D,fcre,1.6,ensemble,42,Chla_ugL_mean,9.73956728854938
vera4cast,chlorocast_xgboost,2026-10-01 00:00:00,2026-09-29 00:00:00,P1D,fcre,1.6,ensemble,42,Chla_ugL_mean,9.767029513895
vera4cast,chlorocast_xgboost,2026-10-02 00:00:00,2026-09-29 00:00:00,P1D,fcre,1.6,ensemble,42,Chla_ugL_mean,10.4153532406692
vera4cast,chlorocast_xgboost,2026-10-03 00:00:00,2026-09-29 00:00:00,P1D,fcre,1.6,ensemble,42,Chla_ugL_mean,10.9112676623377
vera4cast,chlorocast_xgboost,2026-10-04 00:00:00,2026-09-29 00:00:00,P1D,fcre,1.6,ensemble,42,Chla_ugL_mean,11.2268709588366
vera4cast,chlorocast_xgboost,2026-10-05 00:00:00,2026-09-29 00:00:00,P1D,fcre,1.6,ensemble,42,Chla_ugL_mean,10.6129855862636
vera4cast,chlorocast_xgboost,2026-10-06 00:00:00,2026-09-29 00:00:00,P1D,fcre,1.6,ensemble,42,Chla_ugL_mean,10.1770765114337
vera4cast,chlorocast_xgboost,2026-10-07 00:00:00,2026-09-29 00:00:00,P1D,fcre,1.6,ensemble,42,Chla_ugL_mean,10.1303323645121
vera4cast,chlorocast_xgboost,2026-10-08 00:00:00,2026-09-29 00:00:00,P1D,fcre,1.6,ensemble,42,Chla_ugL_mean,10.2882047244496
vera4cast,chlorocast_xgboost,2026-10-09 00:00:00,2026-09-29 00:00:00,P1D,fcre,1.6,ensemble,42,Chla_ugL_mean,10.4096862623361
vera4cast,chlorocast_xgboost,2026-10-10 00:00:00,2026-09-29 00:00:00,P1D,fcre,1.6,ensemble,42,Chla_ugL_mean,10.3932712293014
vera4cast,chlorocast_xgboost,2026-10-11 00:00:00,2026-09-29 00:00:00,P1D,fcre,1.6,ensemble,42,Chla_ugL_mean,9.89247064515049
vera4cast,chlorocast_xgboost,2026-10-12 00:00:00,2026-09-29 00:00:00,P1D,fcre,1.6,ensemble,42,Chla_ugL_mean,9.91451806543378
vera4cast,chlorocast_xgboost,2026-10-13 00:00:00,2026-09-29 00:00:00,P1D,fcre,1.6,ensemble,42,Chla_ugL_mean,9.86879560084296
vera4cast,chlorocast_xgboost,2026-10-14 00:00:00,2026-09-29 00:00:00,P1D,fcre,1.6,ensemble,42,Chla_ugL_mean,9.90012569533955
vera4cast,chlorocast_xgboost,2026-10-15 00:00:00,2026-09-29 00:00:00,P1D,fcre,1.6,ensemble,42,Chla_ugL_mean,9.59701790562758
vera4cast,chlorocast_xgboost,2026-10-16 00:00:00,2026-09-29 00:00:00,P1D,fcre,1.6,ensemble,42,Chla_ugL_mean,9.34725857502655
vera4cast,chlorocast_xgboost,2026-10-17 00:00:00,2026-09-29 00:00:00,P1D,fcre,1.6,ensemble,42,Chla_ugL_mean,9.62971153022475
vera4cast,chlorocast_xgboost,2026-10-18 00:00:00,2026-09-29 00:00:00,P1D,fcre,1.6,ensemble,42,Chla_ugL_mean,9.60016743529287
vera4cast,chlorocast_xgboost,2026-10-19 00:00:00,2026-09-29 00:00:00,P1D,fcre,1.6,ensemble,42,Chla_ugL_mean,9.63094907074122
vera4cast,chlorocast_xgboost,2026-10-20 00:00:00,2026-09-29 00:00:00,P1D,fcre,1.6,ensemble,42,Chla_ugL_mean,9.2631461045874
vera4cast,chlorocast_xgboost,2026-10-21 00:00:00,2026-09-29 00:00:00,P1D,fcre,1.6,ensemble,42,Chla_ugL_mean,9.18826291879562
vera4cast,chlorocast_xgboost,2026-10-22 00:00:00,2026-09-29 00:00:00,P1D,fcre,1.6,ensemble,42,Chla_ugL_mean,9.00763805686592
vera4cast,chlorocast_xgboost,2026-10-23 00:00:00,2026-09-29 00:00:00,P1D,fcre,1.6,ensemble,42,Chla_ugL_mean,9.11583160998327
vera4cast,chlorocast_xgboost,2026-10-24 00:00:00,2026-09-29 00:00:00,P1D,fcre,1.6,ensemble,42,Chla_ugL_mean,9.13663076697896
vera4cast,chlorocast_xgboost,2026-10-25 00:00:00,2026-09-29 00:00:00,P1D,fcre,1.6,ensemble,42,Chla_ugL_mean,9.20232209707649
vera4cast,chlorocast_xgboost,2026-10-26 00:00:00,2026-09-29 00:00:00,P1D,fcre,1.6,ensemble,42,Chla_ugL_mean,9.22538343594863
vera4cast,chlorocast_xgboost,2026-10-27 00:00:00,2026-09-29 00:00:00,P1D,fcre,1.6,ensemble,42,Chla_ugL_mean,8.9933621190669
vera4cast,chlorocast_xgboost,2026-10-28 00:00:00,2026-09-29 00:00:00,P1D,fcre,1.6,ensemble,42,Chla_ugL_mean,9.19380462333391
vera4cast,chlorocast_xgboost,2026-10-29 00:00:00,2026-09-29 00:00:00,P1D,fcre,1.6,ensemble,42,Chla_ugL_mean,9.54887243208307
vera4cast,chlorocast_xgboost,2026-10-30 00:00:00,2026-09-29 00:00:00,P1D,fcre,1.6,ensemble,42,Chla_ugL_mean,9.08148531979591
vera4cast,chlorocast_xgboost,2026-10-31 00:00:00,2026-09-29 00:00:00,P1D,fcre,1.6,ensemble,42,Chla_ugL_mean,9.41211555126094
vera4cast,chlorocast_xgboost,2026-11-01 00:00:00,2026-09-29 00:00:00,P1D,fcre,1.6,ensemble,42,Chla_ugL_mean,9.54538567645542
vera4cast,chlorocast_xgboost,2026-11-02 00:00:00,2026-09-29 00:00:00,P1D,fcre,1.6,ensemble,42,Chla_ugL_mean,9.50456265318232
vera4cast,chlorocast_xgboost,2026-11-03 00:00:00,2026-09-29 00:00:00,P1D,fcre,1.6,ensemble,42,Chla_ugL_mean,9.69960675601581
vera4cast,chlorocast_xgboost,2026-09-30 00:00:00,2026-09-29 00:00:00,P1D,fcre,1.6,ensemble,43,Chla_ugL_mean,9.79024513756802
vera4cast,chlorocast_xgboost,2026-10-01 00:00:00,2026-09-29 00:00:00,P1D,fcre,1.6,ensemble,43,Chla_ugL_mean,9.82585849037924
vera4cast,chlorocast_xgboost,2026-10-02 00:00:00,2026-09-29 00:00:00,P1D,fcre,1.6,ensemble,43,Chla_ugL_mean,10.4680500634011
vera4cast,chlorocast_xgboost,2026-10-03 00:00:00,2026-09-29 00:00:00,P1D,fcre,1.6,ensemble,43,Chla_ugL_mean,10.9583242546355
vera4cast,chlorocast_xgboost,2026-10-04 00:00:00,2026-09-29 00:00:00,P1D,fcre,1.6,ensemble,43,Chla_ugL_mean,11.272371667272
vera4cast,chlorocast_xgboost,2026-10-05 00:00:00,2026-09-29 00:00:00,P1D,fcre,1.6,ensemble,43,Chla_ugL_mean,10.6685205387049
vera4cast,chlorocast_xgboost,2026-10-06 00:00:00,2026-09-29 00:00:00,P1D,fcre,1.6,ensemble,43,Chla_ugL_mean,10.2251273273475
vera4cast,chlorocast_xgboost,2026-10-07 00:00:00,2026-09-29 00:00:00,P1D,fcre,1.6,ensemble,43,Chla_ugL_mean,10.1720387836835
vera4cast,chlorocast_xgboost,2026-10-08 00:00:00,2026-09-29 00:00:00,P1D,fcre,1.6,ensemble,43,Chla_ugL_mean,10.3205203894159
vera4cast,chlorocast_xgboost,2026-10-09 00:00:00,2026-09-29 00:00:00,P1D,fcre,1.6,ensemble,43,Chla_ugL_mean,10.4488760910174
vera4cast,chlorocast_xgboost,2026-10-10 00:00:00,2026-09-29 00:00:00,P1D,fcre,1.6,ensemble,43,Chla_ugL_mean,10.4405590341957
vera4cast,chlorocast_xgboost,2026-10-11 00:00:00,2026-09-29 00:00:00,P1D,fcre,1.6,ensemble,43,Chla_ugL_mean,9.93499705042268
vera4cast,chlorocast_xgboost,2026-10-12 00:00:00,2026-09-29 00:00:00,P1D,fcre,1.6,ensemble,43,Chla_ugL_mean,9.95021758704943
vera4cast,chlorocast_xgboost,2026-10-13 00:00:00,2026-09-29 00:00:00,P1D,fcre,1.6,ensemble,43,Chla_ugL_mean,9.89937021636966
vera4cast,chlorocast_xgboost,2026-10-14 00:00:00,2026-09-29 00:00:00,P1D,fcre,1.6,ensemble,43,Chla_ugL_mean,9.94070577445197
vera4cast,chlorocast_xgboost,2026-10-15 00:00:00,2026-09-29 00:00:00,P1D,fcre,1.6,ensemble,43,Chla_ugL_mean,9.63887861316364
vera4cast,chlorocast_xgboost,2026-10-16 00:00:00,2026-09-29 00:00:00,P1D,fcre,1.6,ensemble,43,Chla_ugL_mean,9.39301728914073
vera4cast,chlorocast_xgboost,2026-10-17 00:00:00,2026-09-29 00:00:00,P1D,fcre,1.6,ensemble,43,Chla_ugL_mean,9.66326871664352
vera4cast,chlorocast_xgboost,2026-10-18 00:00:00,2026-09-29 00:00:00,P1D,fcre,1.6,ensemble,43,Chla_ugL_mean,9.63335045919037
vera4cast,chlorocast_xgboost,2026-10-19 00:00:00,2026-09-29 00:00:00,P1D,fcre,1.6,ensemble,43,Chla_ugL_mean,9.65802074264167
vera4cast,chlorocast_xgboost,2026-10-20 00:00:00,2026-09-29 00:00:00,P1D,fcre,1.6,ensemble,43,Chla_ugL_mean,9.2942898570423
vera4cast,chlorocast_xgboost,2026-10-21 00:00:00,2026-09-29 00:00:00,P1D,fcre,1.6,ensemble,43,Chla_ugL_mean,9.22838946983419
vera4cast,chlorocast_xgboost,2026-10-22 00:00:00,2026-09-29 00:00:00,P1D,fcre,1.6,ensemble,43,Chla_ugL_mean,9.04303668356535
vera4cast,chlorocast_xgboost,2026-10-23 00:00:00,2026-09-29 00:00:00,P1D,fcre,1.6,ensemble,43,Chla_ugL_mean,9.15787838508938
vera4cast,chlorocast_xgboost,2026-10-24 00:00:00,2026-09-29 00:00:00,P1D,fcre,1.6,ensemble,43,Chla_ugL_mean,9.16962764329619
vera4cast,chlorocast_xgboost,2026-10-25 00:00:00,2026-09-29 00:00:00,P1D,fcre,1.6,ensemble,43,Chla_ugL_mean,9.2458862014037
vera4cast,chlorocast_xgboost,2026-10-26 00:00:00,2026-09-29 00:00:00,P1D,fcre,1.6,ensemble,43,Chla_ugL_mean,9.25887385182791
vera4cast,chlorocast_xgboost,2026-10-27 00:00:00,2026-09-29 00:00:00,P1D,fcre,1.6,ensemble,43,Chla_ugL_mean,9.02707319000346
vera4cast,chlorocast_xgboost,2026-10-28 00:00:00,2026-09-29 00:00:00,P1D,fcre,1.6,ensemble,43,Chla_ugL_mean,9.22478071159952
vera4cast,chlorocast_xgboost,2026-10-29 00:00:00,2026-09-29 00:00:00,P1D,fcre,1.6,ensemble,43,Chla_ugL_mean,9.56888283322453
vera4cast,chlorocast_xgboost,2026-10-30 00:00:00,2026-09-29 00:00:00,P1D,fcre,1.6,ensemble,43,Chla_ugL_mean,9.12540491583501
vera4cast,chlorocast_xgboost,2026-10-31 00:00:00,2026-09-29 00:00:00,P1D,fcre,1.6,ensemble,43,Chla_ugL_mean,9.43914432512237
vera4cast,chlorocast_xgboost,2026-11-01 00:00:00,2026-09-29 00:00:00,P1D,fcre,1.6,ensemble,43,Chla_ugL_mean,9.57238865010284
vera4cast,chlorocast_xgboost,2026-11-02 00:00:00,2026-09-29 00:00:00,P1D,fcre,1.6,ensemble,43,Chla_ugL_mean,9.54309251505807
vera4cast,chlorocast_xgboost,2026-11-03 00:00:00,2026-09-29 00:00:00,P1D,fcre,1.6,ensemble,43,Chla_ugL_mean,9.73416529119741
vera4cast,chlorocast_xgboost,2026-09-30 00:00:00,2026-09-29 00:00:00,P1D,fcre,1.6,ensemble,44,Chla_ugL_mean,9.84116212512104
vera4cast,chlorocast_xgboost,2026-10-01 00:00:00,2026-09-29 00:00:00,P1D,fcre,1.6,ensemble,44,Chla_ugL_mean,9.88500889706573
vera4cast,chlorocast_xgboost,2026-10-02 00:00:00,2026-09-29 00:00:00,P1D,fcre,1.6,ensemble,44,Chla_ugL_mean,10.5209901510647
vera4cast,chlorocast_xgboost,2026-10-03 00:00:00,2026-09-29 00:00:00,P1D,fcre,1.6,ensemble,44,Chla_ugL_mean,11.005566748463
vera4cast,chlorocast_xgboost,2026-10-04 00:00:00,2026-09-29 00:00:00,P1D,fcre,1.6,ensemble,44,Chla_ugL_mean,11.31804170067
vera4cast,chlorocast_xgboost,2026-10-05 00:00:00,2026-09-29 00:00:00,P1D,fcre,1.6,ensemble,44,Chla_ugL_mean,10.724321067205
vera4cast,chlorocast_xgboost,2026-10-06 00:00:00,2026-09-29 00:00:00,P1D,fcre,1.6,ensemble,44,Chla_ugL_mean,10.2733847161435
vera4cast,chlorocast_xgboost,2026-10-07 00:00:00,2026-09-29 00:00:00,P1D,fcre,1.6,ensemble,44,Chla_ugL_mean,10.2139014807937
vera4cast,chlorocast_xgboost,2026-10-08 00:00:00,2026-09-29 00:00:00,P1D,fcre,1.6,ensemble,44,Chla_ugL_mean,10.3529285670737
vera4cast,chlorocast_xgboost,2026-10-09 00:00:00,2026-09-29 00:00:00,P1D,fcre,1.6,ensemble,44,Chla_ugL_mean,10.488200528367
vera4cast,chlorocast_xgboost,2026-10-10 00:00:00,2026-09-29 00:00:00,P1D,fcre,1.6,ensemble,44,Chla_ugL_mean,10.4880431072599
vera4cast,chlorocast_xgboost,2026-10-11 00:00:00,2026-09-29 00:00:00,P1D,fcre,1.6,ensemble,44,Chla_ugL_mean,9.9776894873698
vera4cast,chlorocast_xgboost,2026-10-12 00:00:00,2026-09-29 00:00:00,P1D,fcre,1.6,ensemble,44,Chla_ugL_mean,9.98603387569373
vera4cast,chlorocast_xgboost,2026-10-13 00:00:00,2026-09-29 00:00:00,P1D,fcre,1.6,ensemble,44,Chla_ugL_mean,9.9300308402407
vera4cast,chlorocast_xgboost,2026-10-14 00:00:00,2026-09-29 00:00:00,P1D,fcre,1.6,ensemble,44,Chla_ugL_mean,9.98143692914524
vera4cast,chlorocast_xgboost,2026-10-15 00:00:00,2026-09-29 00:00:00,P1D,fcre,1.6,ensemble,44,Chla_ugL_mean,9.68090468031794
vera4cast,chlorocast_xgboost,2026-10-16 00:00:00,2026-09-29 00:00:00,P1D,fcre,1.6,ensemble,44,Chla_ugL_mean,9.43897836216014
vera4cast,chlorocast_xgboost,2026-10-17 00:00:00,2026-09-29 00:00:00,P1D,fcre,1.6,ensemble,44,Chla_ugL_mean,9.6969318405336
vera4cast,chlorocast_xgboost,2026-10-18 00:00:00,2026-09-29 00:00:00,P1D,fcre,1.6,ensemble,44,Chla_ugL_mean,9.66663736003903
vera4cast,chlorocast_xgboost,2026-10-19 00:00:00,2026-09-29 00:00:00,P1D,fcre,1.6,ensemble,44,Chla_ugL_mean,9.68516135245299
vera4cast,chlorocast_xgboost,2026-10-20 00:00:00,2026-09-29 00:00:00,P1D,fcre,1.6,ensemble,44,Chla_ugL_mean,9.32552811592894
vera4cast,chlorocast_xgboost,2026-10-21 00:00:00,2026-09-29 00:00:00,P1D,fcre,1.6,ensemble,44,Chla_ugL_mean,9.26867405959938
vera4cast,chlorocast_xgboost,2026-10-22 00:00:00,2026-09-29 00:00:00,P1D,fcre,1.6,ensemble,44,Chla_ugL_mean,9.07856052090539
vera4cast,chlorocast_xgboost,2026-10-23 00:00:00,2026-09-29 00:00:00,P1D,fcre,1.6,ensemble,44,Chla_ugL_mean,9.20009992895054
vera4cast,chlorocast_xgboost,2026-10-24 00:00:00,2026-09-29 00:00:00,P1D,fcre,1.6,ensemble,44,Chla_ugL_mean,9.2027319314223
vera4cast,chlorocast_xgboost,2026-10-25 00:00:00,2026-09-29 00:00:00,P1D,fcre,1.6,ensemble,44,Chla_ugL_mean,9.2896363252633
vera4cast,chlorocast_xgboost,2026-10-26 00:00:00,2026-09-29 00:00:00,P1D,fcre,1.6,ensemble,44,Chla_ugL_mean,9.2924739563035
vera4cast,chlorocast_xgboost,2026-10-27 00:00:00,2026-09-29 00:00:00,P1D,fcre,1.6,ensemble,44,Chla_ugL_mean,9.06089798005578
vera4cast,chlorocast_xgboost,2026-10-28 00:00:00,2026-09-29 00:00:00,P1D,fcre,1.6,ensemble,44,Chla_ugL_mean,9.25585092743375
vera4cast,chlorocast_xgboost,2026-10-29 00:00:00,2026-09-29 00:00:00,P1D,fcre,1.6,ensemble,44,Chla_ugL_mean,9.5889311925607
vera4cast,chlorocast_xgboost,2026-10-30 00:00:00,2026-09-29 00:00:00,P1D,fcre,1.6,ensemble,44,Chla_ugL_mean,9.1695158458745
vera4cast,chlorocast_xgboost,2026-10-31 00:00:00,2026-09-29 00:00:00,P1D,fcre,1.6,ensemble,44,Chla_ugL_mean,9.46624326288209
vera4cast,chlorocast_xgboost,2026-11-01 00:00:00,2026-09-29 00:00:00,P1D,fcre,1.6,ensemble,44,Chla_ugL_mean,9.59946076874013
vera4cast,chlorocast_xgboost,2026-11-02 00:00:00,2026-09-29 00:00:00,P1D,fcre,1.6,ensemble,44,Chla_ugL_mean,9.58176370126164
vera4cast,chlorocast_xgboost,2026-11-03 00:00:00,2026-09-29 00:00:00,P1D,fcre,1.6,ensemble,44,Chla_ugL_mean,9.76883544658909
vera4cast,chlorocast_xgboost,2026-09-30 00:00:00,2026-09-29 00:00:00,P1D,fcre,1.6,ensemble,45,Chla_ugL_mean,9.89231937965487
vera4cast,chlorocast_xgboost,2026-10-01 00:00:00,2026-09-29 00:00:00,P1D,fcre,1.6,ensemble,45,Chla_ugL_mean,9.9444824901872
vera4cast,chlorocast_xgboost,2026-10-02 00:00:00,2026-09-29 00:00:00,P1D,fcre,1.6,ensemble,45,Chla_ugL_mean,10.5741746266466
vera4cast,chlorocast_xgboost,2026-10-03 00:00:00,2026-09-29 00:00:00,P1D,fcre,1.6,ensemble,45,Chla_ugL_mean,11.0529958782417
vera4cast,chlorocast_xgboost,2026-10-04 00:00:00,2026-09-29 00:00:00,P1D,fcre,1.6,ensemble,45,Chla_ugL_mean,11.3638816891514
vera4cast,chlorocast_xgboost,2026-10-05 00:00:00,2026-09-29 00:00:00,P1D,fcre,1.6,ensemble,45,Chla_ugL_mean,10.7803884417864
vera4cast,chlorocast_xgboost,2026-10-06 00:00:00,2026-09-29 00:00:00,P1D,fcre,1.6,ensemble,45,Chla_ugL_mean,10.321849565889
vera4cast,chlorocast_xgboost,2026-10-07 00:00:00,2026-09-29 00:00:00,P1D,fcre,1.6,ensemble,45,Chla_ugL_mean,10.255921041431
vera4cast,chlorocast_xgboost,2026-10-08 00:00:00,2026-09-29 00:00:00,P1D,fcre,1.6,ensemble,45,Chla_ugL_mean,10.3854295222668
vera4cast,chlorocast_xgboost,2026-10-09 00:00:00,2026-09-29 00:00:00,P1D,fcre,1.6,ensemble,45,Chla_ugL_mean,10.5276600367366
vera4cast,chlorocast_xgboost,2026-10-10 00:00:00,2026-09-29 00:00:00,P1D,fcre,1.6,ensemble,45,Chla_ugL_mean,10.5357242631054
vera4cast,chlorocast_xgboost,2026-10-11 00:00:00,2026-09-29 00:00:00,P1D,fcre,1.6,ensemble,45,Chla_ugL_mean,10.020548604213
vera4cast,chlorocast_xgboost,2026-10-12 00:00:00,2026-09-29 00:00:00,P1D,fcre,1.6,ensemble,45,Chla_ugL_mean,10.0219673132917
vera4cast,chlorocast_xgboost,2026-10-13 00:00:00,2026-09-29 00:00:00,P1D,fcre,1.6,ensemble,45,Chla_ugL_mean,9.96077771440304
vera4cast,chlorocast_xgboost,2026-10-14 00:00:00,2026-09-29 00:00:00,P1D,fcre,1.6,ensemble,45,Chla_ugL_mean,10.0223197218587
vera4cast,chlorocast_xgboost,2026-10-15 00:00:00,2026-09-29 00:00:00,P1D,fcre,1.6,ensemble,45,Chla_ugL_mean,9.72309676029978
vera4cast,chlorocast_xgboost,2026-10-16 00:00:00,2026-09-29 00:00:00,P1D,fcre,1.6,ensemble,45,Chla_ugL_mean,9.48514268897721
vera4cast,chlorocast_xgboost,2026-10-17 00:00:00,2026-09-29 00:00:00,P1D,fcre,1.6,ensemble,45,Chla_ugL_mean,9.7307012363315
vera4cast,chlorocast_xgboost,2026-10-18 00:00:00,2026-09-29 00:00:00,P1D,fcre,1.6,ensemble,45,Chla_ugL_mean,9.70002846301782
vera4cast,chlorocast_xgboost,2026-10-19 00:00:00,2026-09-29 00:00:00,P1D,fcre,1.6,ensemble,45,Chla_ugL_mean,9.7123710757253
vera4cast,chlorocast_xgboost,2026-10-20 00:00:00,2026-09-29 00:00:00,P1D,fcre,1.6,ensemble,45,Chla_ugL_mean,9.35686116802929
vera4cast,chlorocast_xgboost,2026-10-21 00:00:00,2026-09-29 00:00:00,P1D,fcre,1.6,ensemble,45,Chla_ugL_mean,9.30911731052793
vera4cast,chlorocast_xgboost,2026-10-22 00:00:00,2026-09-29 00:00:00,P1D,fcre,1.6,ensemble,45,Chla_ugL_mean,9.11421001177624
vera4cast,chlorocast_xgboost,2026-10-23 00:00:00,2026-09-29 00:00:00,P1D,fcre,1.6,ensemble,45,Chla_ugL_mean,9.24249696799863
vera4cast,chlorocast_xgboost,2026-10-24 00:00:00,2026-09-29 00:00:00,P1D,fcre,1.6,ensemble,45,Chla_ugL_mean,9.23594398100545
vera4cast,chlorocast_xgboost,2026-10-25 00:00:00,2026-09-29 00:00:00,P1D,fcre,1.6,ensemble,45,Chla_ugL_mean,9.33357326296214
vera4cast,chlorocast_xgboost,2026-10-26 00:00:00,2026-09-29 00:00:00,P1D,fcre,1.6,ensemble,45,Chla_ugL_mean,9.32618410863006
vera4cast,chlorocast_xgboost,2026-10-27 00:00:00,2026-09-29 00:00:00,P1D,fcre,1.6,ensemble,45,Chla_ugL_mean,9.09483687283783
vera4cast,chlorocast_xgboost,2026-10-28 00:00:00,2026-09-29 00:00:00,P1D,fcre,1.6,ensemble,45,Chla_ugL_mean,9.28701555686366
vera4cast,chlorocast_xgboost,2026-10-29 00:00:00,2026-09-29 00:00:00,P1D,fcre,1.6,ensemble,45,Chla_ugL_mean,9.60901758209537
vera4cast,chlorocast_xgboost,2026-10-30 00:00:00,2026-09-29 00:00:00,P1D,fcre,1.6,ensemble,45,Chla_ugL_mean,9.21381894345348
vera4cast,chlorocast_xgboost,2026-10-31 00:00:00,2026-09-29 00:00:00,P1D,fcre,1.6,ensemble,45,Chla_ugL_mean,9.4934125466783
vera4cast,chlorocast_xgboost,2026-11-01 00:00:00,2026-09-29 00:00:00,P1D,fcre,1.6,ensemble,45,Chla_ugL_mean,9.62660220942296
vera4cast,chlorocast_xgboost,2026-11-02 00:00:00,2026-09-29 00:00:00,P1D,fcre,1.6,ensemble,45,Chla_ugL_mean,9.62057673015894
vera4cast,chlorocast_xgboost,2026-11-03 00:00:00,2026-09-29 00:00:00,P1D,fcre,1.6,ensemble,45,Chla_ugL_mean,9.80361758271166
vera4cast,chlorocast_xgboost,2026-09-30 00:00:00,2026-09-29 00:00:00,P1D,fcre,1.6,ensemble,46,Chla_ugL_mean,9.94371803494088
vera4cast,chlorocast_xgboost,2026-10-01 00:00:00,2026-09-29 00:00:00,P1D,fcre,1.6,ensemble,46,Chla_ugL_mean,10.0042810355721
vera4cast,chlorocast_xgboost,2026-10-02 00:00:00,2026-09-29 00:00:00,P1D,fcre,1.6,ensemble,46,Chla_ugL_mean,10.6276046183174
vera4cast,chlorocast_xgboost,2026-10-03 00:00:00,2026-09-29 00:00:00,P1D,fcre,1.6,ensemble,46,Chla_ugL_mean,11.1006123812948
vera4cast,chlorocast_xgboost,2026-10-04 00:00:00,2026-09-29 00:00:00,P1D,fcre,1.6,ensemble,46,Chla_ugL_mean,11.409892265182
vera4cast,chlorocast_xgboost,2026-10-05 00:00:00,2026-09-29 00:00:00,P1D,fcre,1.6,ensemble,46,Chla_ugL_mean,10.8367239385452
vera4cast,chlorocast_xgboost,2026-10-06 00:00:00,2026-09-29 00:00:00,P1D,fcre,1.6,ensemble,46,Chla_ugL_mean,10.3705227684691
vera4cast,chlorocast_xgboost,2026-10-07 00:00:00,2026-09-29 00:00:00,P1D,fcre,1.6,ensemble,46,Chla_ugL_mean,10.2980980533782
vera4cast,chlorocast_xgboost,2026-10-08 00:00:00,2026-09-29 00:00:00,P1D,fcre,1.6,ensemble,46,Chla_ugL_mean,10.4180235205969
vera4cast,chlorocast_xgboost,2026-10-09 00:00:00,2026-09-29 00:00:00,P1D,fcre,1.6,ensemble,46,Chla_ugL_mean,10.5672550800664
vera4cast,chlorocast_xgboost,2026-10-10 00:00:00,2026-09-29 00:00:00,P1D,fcre,1.6,ensemble,46,Chla_ugL_mean,10.5836033197249
vera4cast,chlorocast_xgboost,2026-10-11 00:00:00,2026-09-29 00:00:00,P1D,fcre,1.6,ensemble,46,Chla_ugL_mean,10.0635750517044
vera4cast,chlorocast_xgboost,2026-10-12 00:00:00,2026-09-29 00:00:00,P1D,fcre,1.6,ensemble,46,Chla_ugL_mean,10.0580182830174
vera4cast,chlorocast_xgboost,2026-10-13 00:00:00,2026-09-29 00:00:00,P1D,fcre,1.6,ensemble,46,Chla_ugL_mean,9.99161108148425
vera4cast,chlorocast_xgboost,2026-10-14 00:00:00,2026-09-29 00:00:00,P1D,fcre,1.6,ensemble,46,Chla_ugL_mean,10.0633547171254
vera4cast,chlorocast_xgboost,2026-10-15 00:00:00,2026-09-29 00:00:00,P1D,fcre,1.6,ensemble,46,Chla_ugL_mean,9.7654555088988
vera4cast,chlorocast_xgboost,2026-10-16 00:00:00,2026-09-29 00:00:00,P1D,fcre,1.6,ensemble,46,Chla_ugL_mean,9.53151116844184
vera4cast,chlorocast_xgboost,2026-10-17 00:00:00,2026-09-29 00:00:00,P1D,fcre,1.6,ensemble,46,Chla_ugL_mean,9.7645772395295
vera4cast,chlorocast_xgboost,2026-10-18 00:00:00,2026-09-29 00:00:00,P1D,fcre,1.6,ensemble,46,Chla_ugL_mean,9.73352409432362
vera4cast,chlorocast_xgboost,2026-10-19 00:00:00,2026-09-29 00:00:00,P1D,fcre,1.6,ensemble,46,Chla_ugL_mean,9.73965008845579
vera4cast,chlorocast_xgboost,2026-10-20 00:00:00,2026-09-29 00:00:00,P1D,fcre,1.6,ensemble,46,Chla_ugL_mean,9.38828930099552
vera4cast,chlorocast_xgboost,2026-10-21 00:00:00,2026-09-29 00:00:00,P1D,fcre,1.6,ensemble,46,Chla_ugL_mean,9.34971984750805
vera4cast,chlorocast_xgboost,2026-10-22 00:00:00,2026-09-29 00:00:00,P1D,fcre,1.6,ensemble,46,Chla_ugL_mean,9.14998560063467
vera4cast,chlorocast_xgboost,2026-10-23 00:00:00,2026-09-29 00:00:00,P1D,fcre,1.6,ensemble,46,Chla_ugL_mean,9.28507023168497
vera4cast,chlorocast_xgboost,2026-10-24 00:00:00,2026-09-29 00:00:00,P1D,fcre,1.6,ensemble,46,Chla_ugL_mean,9.26926414283195
vera4cast,chlorocast_xgboost,2026-10-25 00:00:00,2026-09-29 00:00:00,P1D,fcre,1.6,ensemble,46,Chla_ugL_mean,9.37769781219878
vera4cast,chlorocast_xgboost,2026-10-26 00:00:00,2026-09-29 00:00:00,P1D,fcre,1.6,ensemble,46,Chla_ugL_mean,9.36000466923889
vera4cast,chlorocast_xgboost,2026-10-27 00:00:00,2026-09-29 00:00:00,P1D,fcre,1.6,ensemble,46,Chla_ugL_mean,9.12889025325761
vera4cast,chlorocast_xgboost,2026-10-28 00:00:00,2026-09-29 00:00:00,P1D,fcre,1.6,ensemble,46,Chla_ugL_mean,9.31827488678545
vera4cast,chlorocast_xgboost,2026-10-29 00:00:00,2026-09-29 00:00:00,P1D,fcre,1.6,ensemble,46,Chla_ugL_mean,9.62914207396891
vera4cast,chlorocast_xgboost,2026-10-30 00:00:00,2026-09-29 00:00:00,P1D,fcre,1.6,ensemble,46,Chla_ugL_mean,9.25831504574231
vera4cast,chlorocast_xgboost,2026-10-31 00:00:00,2026-09-29 00:00:00,P1D,fcre,1.6,ensemble,46,Chla_ugL_mean,9.52065235912204
vera4cast,chlorocast_xgboost,2026-11-01 00:00:00,2026-09-29 00:00:00,P1D,fcre,1.6,ensemble,46,Chla_ugL_mean,9.65381314966039
vera4cast,chlorocast_xgboost,2026-11-02 00:00:00,2026-09-29 00:00:00,P1D,fcre,1.6,ensemble,46,Chla_ugL_mean,9.65953212201713
vera4cast,chlorocast_xgboost,2026-11-03 00:00:00,2026-09-29 00:00:00,P1D,fcre,1.6,ensemble,46,Chla_ugL_mean,9.83851206125039
vera4cast,chlorocast_xgboost,2026-09-30 00:00:00,2026-09-29 00:00:00,P1D,fcre,1.6,ensemble,47,Chla_ugL_mean,9.99535923010045
vera4cast,chlorocast_xgboost,2026-10-01 00:00:00,2026-09-29 00:00:00,P1D,fcre,1.6,ensemble,47,Chla_ugL_mean,10.0644063086971
vera4cast,chlorocast_xgboost,2026-10-02 00:00:00,2026-09-29 00:00:00,P1D,fcre,1.6,ensemble,47,Chla_ugL_mean,10.6812812594558
vera4cast,chlorocast_xgboost,2026-10-03 00:00:00,2026-09-29 00:00:00,P1D,fcre,1.6,ensemble,47,Chla_ugL_mean,11.1484169978581
vera4cast,chlorocast_xgboost,2026-10-04 00:00:00,2026-09-29 00:00:00,P1D,fcre,1.6,ensemble,47,Chla_ugL_mean,11.4560740635811
vera4cast,chlorocast_xgboost,2026-10-05 00:00:00,2026-09-29 00:00:00,P1D,fcre,1.6,ensemble,47,Chla_ugL_mean,10.8933288396798
vera4cast,chlorocast_xgboost,2026-10-06 00:00:00,2026-09-29 00:00:00,P1D,fcre,1.6,ensemble,47,Chla_ugL_mean,10.4194052196031
vera4cast,chlorocast_xgboost,2026-10-07 00:00:00,2026-09-29 00:00:00,P1D,fcre,1.6,ensemble,47,Chla_ugL_mean,10.3404331066203
vera4cast,chlorocast_xgboost,2026-10-08 00:00:00,2026-09-29 00:00:00,P1D,fcre,1.6,ensemble,47,Chla_ugL_mean,10.4507108284262
vera4cast,chlorocast_xgboost,2026-10-09 00:00:00,2026-09-29 00:00:00,P1D,fcre,1.6,ensemble,47,Chla_ugL_mean,10.6069861238899
vera4cast,chlorocast_xgboost,2026-10-10 00:00:00,2026-09-29 00:00:00,P1D,fcre,1.6,ensemble,47,Chla_ugL_mean,10.6316810985061
vera4cast,chlorocast_xgboost,2026-10-11 00:00:00,2026-09-29 00:00:00,P1D,fcre,1.6,ensemble,47,Chla_ugL_mean,10.1067694831365
vera4cast,chlorocast_xgboost,2026-10-12 00:00:00,2026-09-29 00:00:00,P1D,fcre,1.6,ensemble,47,Chla_ugL_mean,10.0941871692984
vera4cast,chlorocast_xgboost,2026-10-13 00:00:00,2026-09-29 00:00:00,P1D,fcre,1.6,ensemble,47,Chla_ugL_mean,10.0225311847944
vera4cast,chlorocast_xgboost,2026-10-14 00:00:00,2026-09-29 00:00:00,P1D,fcre,1.6,ensemble,47,Chla_ugL_mean,10.1045424815804
vera4cast,chlorocast_xgboost,2026-10-15 00:00:00,2026-09-29 00:00:00,P1D,fcre,1.6,ensemble,47,Chla_ugL_mean,9.80798158449514
vera4cast,chlorocast_xgboost,2026-10-16 00:00:00,2026-09-29 00:00:00,P1D,fcre,1.6,ensemble,47,Chla_ugL_mean,9.57808470337892
vera4cast,chlorocast_xgboost,2026-10-17 00:00:00,2026-09-29 00:00:00,P1D,fcre,1.6,ensemble,47,Chla_ugL_mean,9.79856018667901
vera4cast,chlorocast_xgboost,2026-10-18 00:00:00,2026-09-29 00:00:00,P1D,fcre,1.6,ensemble,47,Chla_ugL_mean,9.76712458117447
vera4cast,chlorocast_xgboost,2026-10-19 00:00:00,2026-09-29 00:00:00,P1D,fcre,1.6,ensemble,47,Chla_ugL_mean,9.76699856708979
vera4cast,chlorocast_xgboost,2026-10-20 00:00:00,2026-09-29 00:00:00,P1D,fcre,1.6,ensemble,47,Chla_ugL_mean,9.41981280335269
vera4cast,chlorocast_xgboost,2026-10-21 00:00:00,2026-09-29 00:00:00,P1D,fcre,1.6,ensemble,47,Chla_ugL_mean,9.39048229788903
vera4cast,chlorocast_xgboost,2026-10-22 00:00:00,2026-09-29 00:00:00,P1D,fcre,1.6,ensemble,47,Chla_ugL_mean,9.18588773350956
vera4cast,chlorocast_xgboost,2026-10-23 00:00:00,2026-09-29 00:00:00,P1D,fcre,1.6,ensemble,47,Chla_ugL_mean,9.32782045249285
vera4cast,chlorocast_xgboost,2026-10-24 00:00:00,2026-09-29 00:00:00,P1D,fcre,1.6,ensemble,47,Chla_ugL_mean,9.30269276883003
vera4cast,chlorocast_xgboost,2026-10-25 00:00:00,2026-09-29 00:00:00,P1D,fcre,1.6,ensemble,47,Chla_ugL_mean,9.42201077407795
vera4cast,chlorocast_xgboost,2026-10-26 00:00:00,2026-09-29 00:00:00,P1D,fcre,1.6,ensemble,47,Chla_ugL_mean,9.39393599974179
vera4cast,chlorocast_xgboost,2026-10-27 00:00:00,2026-09-29 00:00:00,P1D,fcre,1.6,ensemble,47,Chla_ugL_mean,9.16305850752158
vera4cast,chlorocast_xgboost,2026-10-28 00:00:00,2026-09-29 00:00:00,P1D,fcre,1.6,ensemble,47,Chla_ugL_mean,9.34962920496713
vera4cast,chlorocast_xgboost,2026-10-29 00:00:00,2026-09-29 00:00:00,P1D,fcre,1.6,ensemble,47,Chla_ugL_mean,9.64930474045852
vera4cast,chlorocast_xgboost,2026-10-30 00:00:00,2026-09-29 00:00:00,P1D,fcre,1.6,ensemble,47,Chla_ugL_mean,9.30300499355844
vera4cast,chlorocast_xgboost,2026-10-31 00:00:00,2026-09-29 00:00:00,P1D,fcre,1.6,ensemble,47,Chla_ugL_mean,9.54796288329837
vera4cast,chlorocast_xgboost,2026-11-01 00:00:00,2026-09-29 00:00:00,P1D,fcre,1.6,ensemble,47,Chla_ugL_mean,9.681093767416
vera4cast,chlorocast_xgboost,2026-11-02 00:00:00,2026-09-29 00:00:00,P1D,fcre,1.6,ensemble,47,Chla_ugL_mean,9.69863039901175
vera4cast,chlorocast_xgboost,2026-11-03 00:00:00,2026-09-29 00:00:00,P1D,fcre,1.6,ensemble,47,Chla_ugL_mean,9.87351924505874
vera4cast,chlorocast_xgboost,2026-09-30 00:00:00,2026-09-29 00:00:00,P1D,fcre,1.6,ensemble,48,Chla_ugL_mean,10.0472441096303
vera4cast,chlorocast_xgboost,2026-10-01 00:00:00,2026-09-29 00:00:00,P1D,fcre,1.6,ensemble,48,Chla_ugL_mean,10.1248600947396
vera4cast,chlorocast_xgboost,2026-10-02 00:00:00,2026-09-29 00:00:00,P1D,fcre,1.6,ensemble,48,Chla_ugL_mean,10.7352056886726
vera4cast,chlorocast_xgboost,2026-10-03 00:00:00,2026-09-29 00:00:00,P1D,fcre,1.6,ensemble,48,Chla_ugL_mean,11.1964104710918
vera4cast,chlorocast_xgboost,2026-10-04 00:00:00,2026-09-29 00:00:00,P1D,fcre,1.6,ensemble,48,Chla_ugL_mean,11.5024277215304
vera4cast,chlorocast_xgboost,2026-10-05 00:00:00,2026-09-29 00:00:00,P1D,fcre,1.6,ensemble,48,Chla_ugL_mean,10.9502044335203
vera4cast,chlorocast_xgboost,2026-10-06 00:00:00,2026-09-29 00:00:00,P1D,fcre,1.6,ensemble,48,Chla_ugL_mean,10.4684978188611
vera4cast,chlorocast_xgboost,2026-10-07 00:00:00,2026-09-29 00:00:00,P1D,fcre,1.6,ensemble,48,Chla_ugL_mean,10.3829267933531
vera4cast,chlorocast_xgboost,2026-10-08 00:00:00,2026-09-29 00:00:00,P1D,fcre,1.6,ensemble,48,Chla_ugL_mean,10.4834917128795
vera4cast,chlorocast_xgboost,2026-10-09 00:00:00,2026-09-29 00:00:00,P1D,fcre,1.6,ensemble,48,Chla_ugL_mean,10.6468536353397
vera4cast,chlorocast_xgboost,2026-10-10 00:00:00,2026-09-29 00:00:00,P1D,fcre,1.6,ensemble,48,Chla_ugL_mean,10.679958424246
vera4cast,chlorocast_xgboost,2026-10-11 00:00:00,2026-09-29 00:00:00,P1D,fcre,1.6,ensemble,48,Chla_ugL_mean,10.1501325543526
vera4cast,chlorocast_xgboost,2026-10-12 00:00:00,2026-09-29 00:00:00,P1D,fcre,1.6,ensemble,48,Chla_ugL_mean,10.1304743578196
vera4cast,chlorocast_xgboost,2026-10-13 00:00:00,2026-09-29 00:00:00,P1D,fcre,1.6,ensemble,48,Chla_ugL_mean,10.0535382683281
vera4cast,chlorocast_xgboost,2026-10-14 00:00:00,2026-09-29 00:00:00,P1D,fcre,1.6,ensemble,48,Chla_ugL_mean,10.1458835839681
vera4cast,chlorocast_xgboost,2026-10-15 00:00:00,2026-09-29 00:00:00,P1D,fcre,1.6,ensemble,48,Chla_ugL_mean,9.8506756480697
vera4cast,chlorocast_xgboost,2026-10-16 00:00:00,2026-09-29 00:00:00,P1D,fcre,1.6,ensemble,48,Chla_ugL_mean,9.62486420060593
vera4cast,chlorocast_xgboost,2026-10-17 00:00:00,2026-09-29 00:00:00,P1D,fcre,1.6,ensemble,48,Chla_ugL_mean,9.8326504153939
vera4cast,chlorocast_xgboost,2026-10-18 00:00:00,2026-09-29 00:00:00,P1D,fcre,1.6,ensemble,48,Chla_ugL_mean,9.80083025181274
vera4cast,chlorocast_xgboost,2026-10-19 00:00:00,2026-09-29 00:00:00,P1D,fcre,1.6,ensemble,48,Chla_ugL_mean,9.79441668852197
vera4cast,chlorocast_xgboost,2026-10-20 00:00:00,2026-09-29 00:00:00,P1D,fcre,1.6,ensemble,48,Chla_ugL_mean,9.45143196450142
vera4cast,chlorocast_xgboost,2026-10-21 00:00:00,2026-09-29 00:00:00,P1D,fcre,1.6,ensemble,48,Chla_ugL_mean,9.43140529149106
vera4cast,chlorocast_xgboost,2026-10-22 00:00:00,2026-09-29 00:00:00,P1D,fcre,1.6,ensemble,48,Chla_ugL_mean,9.22191685800745
vera4cast,chlorocast_xgboost,2026-10-23 00:00:00,2026-09-29 00:00:00,P1D,fcre,1.6,ensemble,48,Chla_ugL_mean,9.37074836595017
vera4cast,chlorocast_xgboost,2026-10-24 00:00:00,2026-09-29 00:00:00,P1D,fcre,1.6,ensemble,48,Chla_ugL_mean,9.33623021207349
vera4cast,chlorocast_xgboost,2026-10-25 00:00:00,2026-09-29 00:00:00,P1D,fcre,1.6,ensemble,48,Chla_ugL_mean,9.46651295312514
vera4cast,chlorocast_xgboost,2026-10-26 00:00:00,2026-09-29 00:00:00,P1D,fcre,1.6,ensemble,48,Chla_ugL_mean,9.42797846293493
vera4cast,chlorocast_xgboost,2026-10-27 00:00:00,2026-09-29 00:00:00,P1D,fcre,1.6,ensemble,48,Chla_ugL_mean,9.19734202313899
vera4cast,chlorocast_xgboost,2026-10-28 00:00:00,2026-09-29 00:00:00,P1D,fcre,1.6,ensemble,48,Chla_ugL_mean,9.38107880005114
vera4cast,chlorocast_xgboost,2026-10-29 00:00:00,2026-09-29 00:00:00,P1D,fcre,1.6,ensemble,48,Chla_ugL_mean,9.66950565397853
vera4cast,chlorocast_xgboost,2026-10-30 00:00:00,2026-09-29 00:00:00,P1D,fcre,1.6,ensemble,48,Chla_ugL_mean,9.34788963138232
vera4cast,chlorocast_xgboost,2026-10-31 00:00:00,2026-09-29 00:00:00,P1D,fcre,1.6,ensemble,48,Chla_ugL_mean,9.57534430276763
vera4cast,chlorocast_xgboost,2026-11-01 00:00:00,2026-09-29 00:00:00,P1D,fcre,1.6,ensemble,48,Chla_ugL_mean,9.70844424110906
vera4cast,chlorocast_xgboost,2026-11-02 00:00:00,2026-09-29 00:00:00,P1D,fcre,1.6,ensemble,48,Chla_ugL_mean,9.73787208523356
vera4cast,chlorocast_xgboost,2026-11-03 00:00:00,2026-09-29 00:00:00,P1D,fcre,1.6,ensemble,48,Chla_ugL_mean,9.90863949816215
vera4cast,chlorocast_xgboost,2026-09-30 00:00:00,2026-09-29 00:00:00,P1D,fcre,1.6,ensemble,49,Chla_ugL_mean,10.0993738234277
vera4cast,chlorocast_xgboost,2026-10-01 00:00:00,2026-09-29 00:00:00,P1D,fcre,1.6,ensemble,49,Chla_ugL_mean,10.185644188631
vera4cast,chlorocast_xgboost,2026-10-02 00:00:00,2026-09-29 00:00:00,P1D,fcre,1.6,ensemble,49,Chla_ugL_mean,10.7893790498346
vera4cast,chlorocast_xgboost,2026-10-03 00:00:00,2026-09-29 00:00:00,P1D,fcre,1.6,ensemble,49,Chla_ugL_mean,11.2445935470921
vera4cast,chlorocast_xgboost,2026-10-04 00:00:00,2026-09-29 00:00:00,P1D,fcre,1.6,ensemble,49,Chla_ugL_mean,11.5489538785829
vera4cast,chlorocast_xgboost,2026-10-05 00:00:00,2026-09-29 00:00:00,P1D,fcre,1.6,ensemble,49,Chla_ugL_mean,11.0073520145579
vera4cast,chlorocast_xgboost,2026-10-06 00:00:00,2026-09-29 00:00:00,P1D,fcre,1.6,ensemble,49,Chla_ugL_mean,10.5178014696806
vera4cast,chlorocast_xgboost,2026-10-07 00:00:00,2026-09-29 00:00:00,P1D,fcre,1.6,ensemble,49,Chla_ugL_mean,10.4255797079915
vera4cast,chlorocast_xgboost,2026-10-08 00:00:00,2026-09-29 00:00:00,P1D,fcre,1.6,ensemble,49,Chla_ugL_mean,10.5163664418461
vera4cast,chlorocast_xgboost,2026-10-09 00:00:00,2026-09-29 00:00:00,P1D,fcre,1.6,ensemble,49,Chla_ugL_mean,10.6868580831528
vera4cast,chlorocast_xgboost,2026-10-10 00:00:00,2026-09-29 00:00:00,P1D,fcre,1.6,ensemble,49,Chla_ugL_mean,10.7284361251648
vera4cast,chlorocast_xgboost,2026-10-11 00:00:00,2026-09-29 00:00:00,P1D,fcre,1.6,ensemble,49,Chla_ugL_mean,10.1936649237564
vera4cast,chlorocast_xgboost,2026-10-12 00:00:00,2026-09-29 00:00:00,P1D,fcre,1.6,ensemble,49,Chla_ugL_mean,10.1668802355274
vera4cast,chlorocast_xgboost,2026-10-13 00:00:00,2026-09-29 00:00:00,P1D,fcre,1.6,ensemble,49,Chla_ugL_mean,10.0846325767663
vera4cast,chlorocast_xgboost,2026-10-14 00:00:00,2026-09-29 00:00:00,P1D,fcre,1.6,ensemble,49,Chla_ugL_mean,10.1873785951503
vera4cast,chlorocast_xgboost,2026-10-15 00:00:00,2026-09-29 00:00:00,P1D,fcre,1.6,ensemble,49,Chla_ugL_mean,9.89353836321443
vera4cast,chlorocast_xgboost,2026-10-16 00:00:00,2026-09-29 00:00:00,P1D,fcre,1.6,ensemble,49,Chla_ugL_mean,9.67185057095052
vera4cast,chlorocast_xgboost,2026-10-17 00:00:00,2026-09-29 00:00:00,P1D,fcre,1.6,ensemble,49,Chla_ugL_mean,9.86684826435387
vera4cast,chlorocast_xgboost,2026-10-18 00:00:00,2026-09-29 00:00:00,P1D,fcre,1.6,ensemble,49,Chla_ugL_mean,9.83464143550834
vera4cast,chlorocast_xgboost,2026-10-19 00:00:00,2026-09-29 00:00:00,P1D,fcre,1.6,ensemble,49,Chla_ugL_mean,9.82190463009744
vera4cast,chlorocast_xgboost,2026-10-20 00:00:00,2026-09-29 00:00:00,P1D,fcre,1.6,ensemble,49,Chla_ugL_mean,9.4831470747205
vera4cast,chlorocast_xgboost,2026-10-21 00:00:00,2026-09-29 00:00:00,P1D,fcre,1.6,ensemble,49,Chla_ugL_mean,9.47248946061481
vera4cast,chlorocast_xgboost,2026-10-22 00:00:00,2026-09-29 00:00:00,P1D,fcre,1.6,ensemble,49,Chla_ugL_mean,9.25807342331817
vera4cast,chlorocast_xgboost,2026-10-23 00:00:00,2026-09-29 00:00:00,P1D,fcre,1.6,ensemble,49,Chla_ugL_mean,9.41385471064207
vera4cast,chlorocast_xgboost,2026-10-24 00:00:00,2026-09-29 00:00:00,P1D,fcre,1.6,ensemble,49,Chla_ugL_mean,9.36987682678548
vera4cast,chlorocast_xgboost,2026-10-25 00:00:00,2026-09-29 00:00:00,P1D,fcre,1.6,ensemble,49,Chla_ugL_mean,9.51120515730116
vera4cast,chlorocast_xgboost,2026-10-26 00:00:00,2026-09-29 00:00:00,P1D,fcre,1.6,ensemble,49,Chla_ugL_mean,9.4621324228027
vera4cast,chlorocast_xgboost,2026-10-27 00:00:00,2026-09-29 00:00:00,P1D,fcre,1.6,ensemble,49,Chla_ugL_mean,9.2317411889263
vera4cast,chlorocast_xgboost,2026-10-28 00:00:00,2026-09-29 00:00:00,P1D,fcre,1.6,ensemble,49,Chla_ugL_mean,9.41262396155703
vera4cast,chlorocast_xgboost,2026-10-29 00:00:00,2026-09-29 00:00:00,P1D,fcre,1.6,ensemble,49,Chla_ugL_mean,9.68974488708062
vera4cast,chlorocast_xgboost,2026-10-30 00:00:00,2026-09-29 00:00:00,P1D,fcre,1.6,ensemble,49,Chla_ugL_mean,9.39296980737336
vera4cast,chlorocast_xgboost,2026-10-31 00:00:00,2026-09-29 00:00:00,P1D,fcre,1.6,ensemble,49,Chla_ugL_mean,9.60279680156665
vera4cast,chlorocast_xgboost,2026-11-01 00:00:00,2026-09-29 00:00:00,P1D,fcre,1.6,ensemble,49,Chla_ugL_mean,9.73586474961575
vera4cast,chlorocast_xgboost,2026-11-02 00:00:00,2026-09-29 00:00:00,P1D,fcre,1.6,ensemble,49,Chla_ugL_mean,9.77725770669569
vera4cast,chlorocast_xgboost,2026-11-03 00:00:00,2026-09-29 00:00:00,P1D,fcre,1.6,ensemble,49,Chla_ugL_mean,9.9438731857618
vera4cast,chlorocast_xgboost,2026-09-30 00:00:00,2026-09-29 00:00:00,P1D,fcre,1.6,ensemble,50,Chla_ugL_mean,10.1517495268161
vera4cast,chlorocast_xgboost,2026-10-01 00:00:00,2026-09-29 00:00:00,P1D,fcre,1.6,ensemble,50,Chla_ugL_mean,10.2467603951098
vera4cast,chlorocast_xgboost,2026-10-02 00:00:00,2026-09-29 00:00:00,P1D,fcre,1.6,ensemble,50,Chla_ugL_mean,10.8438024920891
vera4cast,chlorocast_xgboost,2026-10-03 00:00:00,2026-09-29 00:00:00,P1D,fcre,1.6,ensemble,50,Chla_ugL_mean,11.2929669749028
vera4cast,chlorocast_xgboost,2026-10-04 00:00:00,2026-09-29 00:00:00,P1D,fcre,1.6,ensemble,50,Chla_ugL_mean,11.5956531766716
vera4cast,chlorocast_xgboost,2026-10-05 00:00:00,2026-09-29 00:00:00,P1D,fcre,1.6,ensemble,50,Chla_ugL_mean,11.0647728834741
vera4cast,chlorocast_xgboost,2026-10-06 00:00:00,2026-09-29 00:00:00,P1D,fcre,1.6,ensemble,50,Chla_ugL_mean,10.5673170793827
vera4cast,chlorocast_xgboost,2026-10-07 00:00:00,2026-09-29 00:00:00,P1D,fcre,1.6,ensemble,50,Chla_ugL_mean,10.4683924471777
vera4cast,chlorocast_xgboost,2026-10-08 00:00:00,2026-09-29 00:00:00,P1D,fcre,1.6,ensemble,50,Chla_ugL_mean,10.5493352839825
vera4cast,chlorocast_xgboost,2026-10-09 00:00:00,2026-09-29 00:00:00,P1D,fcre,1.6,ensemble,50,Chla_ugL_mean,10.7269999376763
vera4cast,chlorocast_xgboost,2026-10-10 00:00:00,2026-09-29 00:00:00,P1D,fcre,1.6,ensemble,50,Chla_ugL_mean,10.7771150329201
vera4cast,chlorocast_xgboost,2026-10-11 00:00:00,2026-09-29 00:00:00,P1D,fcre,1.6,ensemble,50,Chla_ugL_mean,10.2373672523223
vera4cast,chlorocast_xgboost,2026-10-12 00:00:00,2026-09-29 00:00:00,P1D,fcre,1.6,ensemble,50,Chla_ugL_mean,10.2034051906337
vera4cast,chlorocast_xgboost,2026-10-13 00:00:00,2026-09-29 00:00:00,P1D,fcre,1.6,ensemble,50,Chla_ugL_mean,10.1158143554781
vera4cast,chlorocast_xgboost,2026-10-14 00:00:00,2026-09-29 00:00:00,P1D,fcre,1.6,ensemble,50,Chla_ugL_mean,10.229028088114
vera4cast,chlorocast_xgboost,2026-10-15 00:00:00,2026-09-29 00:00:00,P1D,fcre,1.6,ensemble,50,Chla_ugL_mean,9.93657039614259
vera4cast,chlorocast_xgboost,2026-10-16 00:00:00,2026-09-29 00:00:00,P1D,fcre,1.6,ensemble,50,Chla_ugL_mean,9.71904472926836
vera4cast,chlorocast_xgboost,2026-10-17 00:00:00,2026-09-29 00:00:00,P1D,fcre,1.6,ensemble,50,Chla_ugL_mean,9.90115407330781
vera4cast,chlorocast_xgboost,2026-10-18 00:00:00,2026-09-29 00:00:00,P1D,fcre,1.6,ensemble,50,Chla_ugL_mean,9.86855846256192
vera4cast,chlorocast_xgboost,2026-10-19 00:00:00,2026-09-29 00:00:00,P1D,fcre,1.6,ensemble,50,Chla_ugL_mean,9.84946256961296
vera4cast,chlorocast_xgboost,2026-10-20 00:00:00,2026-09-29 00:00:00,P1D,fcre,1.6,ensemble,50,Chla_ugL_mean,9.5149584251696
vera4cast,chlorocast_xgboost,2026-10-21 00:00:00,2026-09-29 00:00:00,P1D,fcre,1.6,ensemble,50,Chla_ugL_mean,9.5137354400513
vera4cast,chlorocast_xgboost,2026-10-22 00:00:00,2026-09-29 00:00:00,P1D,fcre,1.6,ensemble,50,Chla_ugL_mean,9.29435788022038
vera4cast,chlorocast_xgboost,2026-10-23 00:00:00,2026-09-29 00:00:00,P1D,fcre,1.6,ensemble,50,Chla_ugL_mean,9.45714022822363
vera4cast,chlorocast_xgboost,2026-10-24 00:00:00,2026-09-29 00:00:00,P1D,fcre,1.6,ensemble,50,Chla_ugL_mean,9.40363296834219
vera4cast,chlorocast_xgboost,2026-10-25 00:00:00,2026-09-29 00:00:00,P1D,fcre,1.6,ensemble,50,Chla_ugL_mean,9.55608819801681
vera4cast,chlorocast_xgboost,2026-10-26 00:00:00,2026-09-29 00:00:00,P1D,fcre,1.6,ensemble,50,Chla_ugL_mean,9.49639824452161
vera4cast,chlorocast_xgboost,2026-10-27 00:00:00,2026-09-29 00:00:00,P1D,fcre,1.6,ensemble,50,Chla_ugL_mean,9.26625639501158
vera4cast,chlorocast_xgboost,2026-10-28 00:00:00,2026-09-29 00:00:00,P1D,fcre,1.6,ensemble,50,Chla_ugL_mean,9.44426497988413
vera4cast,chlorocast_xgboost,2026-10-29 00:00:00,2026-09-29 00:00:00,P1D,fcre,1.6,ensemble,50,Chla_ugL_mean,9.71002251245408
vera4cast,chlorocast_xgboost,2026-10-30 00:00:00,2026-09-29 00:00:00,P1D,fcre,1.6,ensemble,50,Chla_ugL_mean,9.43824637338592
vera4cast,chlorocast_xgboost,2026-10-31 00:00:00,2026-09-29 00:00:00,P1D,fcre,1.6,ensemble,50,Chla_ugL_mean,9.63032056421002
vera4cast,chlorocast_xgboost,2026-11-01 00:00:00,2026-09-29 00:00:00,P1D,fcre,1.6,ensemble,50,Chla_ugL_mean,9.76335547227024
vera4cast,chlorocast_xgboost,2026-11-02 00:00:00,2026-09-29 00:00:00,P1D,fcre,1.6,ensemble,50,Chla_ugL_mean,9.81678779134062
vera4cast,chlorocast_xgboost,2026-11-03 00:00:00,2026-09-29 00:00:00,P1D,fcre,1.6,ensemble,50,Chla_ugL_mean,9.97922067423846
vera4cast,chlorocast_xgboost,2026-09-30 00:00:00,2026-09-29 00:00:00,P1D,fcre,1.6,ensemble,51,Chla_ugL_mean,10.2043723805708
vera4cast,chlorocast_xgboost,2026-10-01 00:00:00,2026-09-29 00:00:00,P1D,fcre,1.6,ensemble,51,Chla_ugL_mean,10.3082105287751
vera4cast,chlorocast_xgboost,2026-10-02 00:00:00,2026-09-29 00:00:00,P1D,fcre,1.6,ensemble,51,Chla_ugL_mean,10.8984771698882
vera4cast,chlorocast_xgboost,2026-10-03 00:00:00,2026-09-29 00:00:00,P1D,fcre,1.6,ensemble,51,Chla_ugL_mean,11.3415315065267
vera4cast,chlorocast_xgboost,2026-10-04 00:00:00,2026-09-29 00:00:00,P1D,fcre,1.6,ensemble,51,Chla_ugL_mean,11.6425262601182
vera4cast,chlorocast_xgboost,2026-10-05 00:00:00,2026-09-29 00:00:00,P1D,fcre,1.6,ensemble,51,Chla_ugL_mean,11.1224683471705
vera4cast,chlorocast_xgboost,2026-10-06 00:00:00,2026-09-29 00:00:00,P1D,fcre,1.6,ensemble,51,Chla_ugL_mean,10.6170455591895
vera4cast,chlorocast_xgboost,2026-10-07 00:00:00,2026-09-29 00:00:00,P1D,fcre,1.6,ensemble,51,Chla_ugL_mean,10.5113656097895
vera4cast,chlorocast_xgboost,2026-10-08 00:00:00,2026-09-29 00:00:00,P1D,fcre,1.6,ensemble,51,Chla_ugL_mean,10.5823985087141
vera4cast,chlorocast_xgboost,2026-10-09 00:00:00,2026-09-29 00:00:00,P1D,fcre,1.6,ensemble,51,Chla_ugL_mean,10.7672796708729
vera4cast,chlorocast_xgboost,2026-10-10 00:00:00,2026-09-29 00:00:00,P1D,fcre,1.6,ensemble,51,Chla_ugL_mean,10.8259959826217
vera4cast,chlorocast_xgboost,2026-10-11 00:00:00,2026-09-29 00:00:00,P1D,fcre,1.6,ensemble,51,Chla_ugL_mean,10.2812402036051
vera4cast,chlorocast_xgboost,2026-10-12 00:00:00,2026-09-29 00:00:00,P1D,fcre,1.6,ensemble,51,Chla_ugL_mean,10.2400496126205
vera4cast,chlorocast_xgboost,2026-10-13 00:00:00,2026-09-29 00:00:00,P1D,fcre,1.6,ensemble,51,Chla_ugL_mean,10.147083850523
vera4cast,chlorocast_xgboost,2026-10-14 00:00:00,2026-09-29 00:00:00,P1D,fcre,1.6,ensemble,51,Chla_ugL_mean,10.2708326379796
vera4cast,chlorocast_xgboost,2026-10-15 00:00:00,2026-09-29 00:00:00,P1D,fcre,1.6,ensemble,51,Chla_ugL_mean,9.97977241569918
vera4cast,chlorocast_xgboost,2026-10-16 00:00:00,2026-09-29 00:00:00,P1D,fcre,1.6,ensemble,51,Chla_ugL_mean,9.76644759446084
vera4cast,chlorocast_xgboost,2026-10-17 00:00:00,2026-09-29 00:00:00,P1D,fcre,1.6,ensemble,51,Chla_ugL_mean,9.93556818307717
vera4cast,chlorocast_xgboost,2026-10-18 00:00:00,2026-09-29 00:00:00,P1D,fcre,1.6,ensemble,51,Chla_ugL_mean,9.90258166430814
vera4cast,chlorocast_xgboost,2026-10-19 00:00:00,2026-09-29 00:00:00,P1D,fcre,1.6,ensemble,51,Chla_ugL_mean,9.87709068531799
vera4cast,chlorocast_xgboost,2026-10-20 00:00:00,2026-09-29 00:00:00,P1D,fcre,1.6,ensemble,51,Chla_ugL_mean,9.54686630789189
vera4cast,chlorocast_xgboost,2026-10-21 00:00:00,2026-09-29 00:00:00,P1D,fcre,1.6,ensemble,51,Chla_ugL_mean,9.55514386709168
vera4cast,chlorocast_xgboost,2026-10-22 00:00:00,2026-09-29 00:00:00,P1D,fcre,1.6,ensemble,51,Chla_ugL_mean,9.33077068108723
vera4cast,chlorocast_xgboost,2026-10-23 00:00:00,2026-09-29 00:00:00,P1D,fcre,1.6,ensemble,51,Chla_ugL_mean,9.50060566343265
vera4cast,chlorocast_xgboost,2026-10-24 00:00:00,2026-09-29 00:00:00,P1D,fcre,1.6,ensemble,51,Chla_ugL_mean,9.43749899327668
vera4cast,chlorocast_xgboost,2026-10-25 00:00:00,2026-09-29 00:00:00,P1D,fcre,1.6,ensemble,51,Chla_ugL_mean,9.60116289014768
vera4cast,chlorocast_xgboost,2026-10-26 00:00:00,2026-09-29 00:00:00,P1D,fcre,1.6,ensemble,51,Chla_ugL_mean,9.53077629446424
vera4cast,chlorocast_xgboost,2026-10-27 00:00:00,2026-09-29 00:00:00,P1D,fcre,1.6,ensemble,51,Chla_ugL_mean,9.30088803283894
vera4cast,chlorocast_xgboost,2026-10-28 00:00:00,2026-09-29 00:00:00,P1D,fcre,1.6,ensemble,51,Chla_ugL_mean,9.47600214631419
vera4cast,chlorocast_xgboost,2026-10-29 00:00:00,2026-09-29 00:00:00,P1D,fcre,1.6,ensemble,51,Chla_ugL_mean,9.73033860292612
vera4cast,chlorocast_xgboost,2026-10-30 00:00:00,2026-09-29 00:00:00,P1D,fcre,1.6,ensemble,51,Chla_ugL_mean,9.48372018498543
vera4cast,chlorocast_xgboost,2026-10-31 00:00:00,2026-09-29 00:00:00,P1D,fcre,1.6,ensemble,51,Chla_ugL_mean,9.6579157756913
vera4cast,chlorocast_xgboost,2026-11-01 00:00:00,2026-09-29 00:00:00,P1D,fcre,1.6,ensemble,51,Chla_ugL_mean,9.79091658886595
vera4cast,chlorocast_xgboost,2026-11-02 00:00:00,2026-09-29 00:00:00,P1D,fcre,1.6,ensemble,51,Chla_ugL_mean,9.85646286904728
vera4cast,chlorocast_xgboost,2026-11-03 00:00:00,2026-09-29 00:00:00,P1D,fcre,1.6,ensemble,51,Chla_ugL_mean,10.0146823311563
vera4cast,chlorocast_xgboost,2026-09-30 00:00:00,2026-09-29 00:00:00,P1D,fcre,1.6,ensemble,52,Chla_ugL_mean,10.2572435509443
vera4cast,chlorocast_xgboost,2026-10-01 00:00:00,2026-09-29 00:00:00,P1D,fcre,1.6,ensemble,52,Chla_ugL_mean,10.369996414141
vera4cast,chlorocast_xgboost,2026-10-02 00:00:00,2026-09-29 00:00:00,P1D,fcre,1.6,ensemble,52,Chla_ugL_mean,10.9534042430135
vera4cast,chlorocast_xgboost,2026-10-03 00:00:00,2026-09-29 00:00:00,P1D,fcre,1.6,ensemble,52,Chla_ugL_mean,11.3902878969376
vera4cast,chlorocast_xgboost,2026-10-04 00:00:00,2026-09-29 00:00:00,P1D,fcre,1.6,ensemble,52,Chla_ugL_mean,11.6895737756424
vera4cast,chlorocast_xgboost,2026-10-05 00:00:00,2026-09-29 00:00:00,P1D,fcre,1.6,ensemble,52,Chla_ugL_mean,11.1804397187984
vera4cast,chlorocast_xgboost,2026-10-06 00:00:00,2026-09-29 00:00:00,P1D,fcre,1.6,ensemble,52,Chla_ugL_mean,10.6669878242403
vera4cast,chlorocast_xgboost,2026-10-07 00:00:00,2026-09-29 00:00:00,P1D,fcre,1.6,ensemble,52,Chla_ugL_mean,10.5544997969489
vera4cast,chlorocast_xgboost,2026-10-08 00:00:00,2026-09-29 00:00:00,P1D,fcre,1.6,ensemble,52,Chla_ugL_mean,10.6155563862376
vera4cast,chlorocast_xgboost,2026-10-09 00:00:00,2026-09-29 00:00:00,P1D,fcre,1.6,ensemble,52,Chla_ugL_mean,10.8076977563262
vera4cast,chlorocast_xgboost,2026-10-10 00:00:00,2026-09-29 00:00:00,P1D,fcre,1.6,ensemble,52,Chla_ugL_mean,10.875079812845
vera4cast,chlorocast_xgboost,2026-10-11 00:00:00,2026-09-29 00:00:00,P1D,fcre,1.6,ensemble,52,Chla_ugL_mean,10.3252844437505
vera4cast,chlorocast_xgboost,2026-10-12 00:00:00,2026-09-29 00:00:00,P1D,fcre,1.6,ensemble,52,Chla_ugL_mean,10.2768138922434
vera4cast,chlorocast_xgboost,2026-10-13 00:00:00,2026-09-29 00:00:00,P1D,fcre,1.6,ensemble,52,Chla_ugL_mean,10.1784413086527
vera4cast,chlorocast_xgboost,2026-10-14 00:00:00,2026-09-29 00:00:00,P1D,fcre,1.6,ensemble,52,Chla_ugL_mean,10.3127928220082
vera4cast,chlorocast_xgboost,2026-10-15 00:00:00,2026-09-29 00:00:00,P1D,fcre,1.6,ensemble,52,Chla_ugL_mean,10.0231450933713
vera4cast,chlorocast_xgboost,2026-10-16 00:00:00,2026-09-29 00:00:00,P1D,fcre,1.6,ensemble,52,Chla_ugL_mean,9.81406008949303
vera4cast,chlorocast_xgboost,2026-10-17 00:00:00,2026-09-29 00:00:00,P1D,fcre,1.6,ensemble,52,Chla_ugL_mean,9.97009093555932
vera4cast,chlorocast_xgboost,2026-10-18 00:00:00,2026-09-29 00:00:00,P1D,fcre,1.6,ensemble,52,Chla_ugL_mean,9.93671137311884
vera4cast,chlorocast_xgboost,2026-10-19 00:00:00,2026-09-29 00:00:00,P1D,fcre,1.6,ensemble,52,Chla_ugL_mean,9.90478915591595
vera4cast,chlorocast_xgboost,2026-10-20 00:00:00,2026-09-29 00:00:00,P1D,fcre,1.6,ensemble,52,Chla_ugL_mean,9.57887101581678
vera4cast,chlorocast_xgboost,2026-10-21 00:00:00,2026-09-29 00:00:00,P1D,fcre,1.6,ensemble,52,Chla_ugL_mean,9.59671538153709
vera4cast,chlorocast_xgboost,2026-10-22 00:00:00,2026-09-29 00:00:00,P1D,fcre,1.6,ensemble,52,Chla_ugL_mean,9.36731227989198
vera4cast,chlorocast_xgboost,2026-10-23 00:00:00,2026-09-29 00:00:00,P1D,fcre,1.6,ensemble,52,Chla_ugL_mean,9.54425176410247
vera4cast,chlorocast_xgboost,2026-10-24 00:00:00,2026-09-29 00:00:00,P1D,fcre,1.6,ensemble,52,Chla_ugL_mean,9.47147525928257
vera4cast,chlorocast_xgboost,2026-10-25 00:00:00,2026-09-29 00:00:00,P1D,fcre,1.6,ensemble,52,Chla_ugL_mean,9.64643005204883
vera4cast,chlorocast_xgboost,2026-10-26 00:00:00,2026-09-29 00:00:00,P1D,fcre,1.6,ensemble,52,Chla_ugL_mean,9.56526694020309
vera4cast,chlorocast_xgboost,2026-10-27 00:00:00,2026-09-29 00:00:00,P1D,fcre,1.6,ensemble,52,Chla_ugL_mean,9.33563649517295
vera4cast,chlorocast_xgboost,2026-10-28 00:00:00,2026-09-29 00:00:00,P1D,fcre,1.6,ensemble,52,Chla_ugL_mean,9.5078357530141
vera4cast,chlorocast_xgboost,2026-10-29 00:00:00,2026-09-29 00:00:00,P1D,fcre,1.6,ensemble,52,Chla_ugL_mean,9.75069323146207
vera4cast,chlorocast_xgboost,2026-10-30 00:00:00,2026-09-29 00:00:00,P1D,fcre,1.6,ensemble,52,Chla_ugL_mean,9.52939210146458
vera4cast,chlorocast_xgboost,2026-10-31 00:00:00,2026-09-29 00:00:00,P1D,fcre,1.6,ensemble,52,Chla_ugL_mean,9.68558262148428
vera4cast,chlorocast_xgboost,2026-11-01 00:00:00,2026-09-29 00:00:00,P1D,fcre,1.6,ensemble,52,Chla_ugL_mean,9.81854827965666
vera4cast,chlorocast_xgboost,2026-11-02 00:00:00,2026-09-29 00:00:00,P1D,fcre,1.6,ensemble,52,Chla_ugL_mean,9.89628347163818
vera4cast,chlorocast_xgboost,2026-11-03 00:00:00,2026-09-29 00:00:00,P1D,fcre,1.6,ensemble,52,Chla_ugL_mean,10.0502585252665
vera4cast,chlorocast_xgboost,2026-09-30 00:00:00,2026-09-29 00:00:00,P1D,fcre,1.6,ensemble,53,Chla_ugL_mean,10.3103642096928
vera4cast,chlorocast_xgboost,2026-10-01 00:00:00,2026-09-29 00:00:00,P1D,fcre,1.6,ensemble,53,Chla_ugL_mean,10.43211988569
vera4cast,chlorocast_xgboost,2026-10-02 00:00:00,2026-09-29 00:00:00,P1D,fcre,1.6,ensemble,53,Chla_ugL_mean,11.0085848766003
vera4cast,chlorocast_xgboost,2026-10-03 00:00:00,2026-09-29 00:00:00,P1D,fcre,1.6,ensemble,53,Chla_ugL_mean,11.4392369040917
vera4cast,chlorocast_xgboost,2026-10-04 00:00:00,2026-09-29 00:00:00,P1D,fcre,1.6,ensemble,53,Chla_ugL_mean,11.7367963723705
vera4cast,chlorocast_xgboost,2026-10-05 00:00:00,2026-09-29 00:00:00,P1D,fcre,1.6,ensemble,53,Chla_ugL_mean,11.238688317789
vera4cast,chlorocast_xgboost,2026-10-06 00:00:00,2026-09-29 00:00:00,P1D,fcre,1.6,ensemble,53,Chla_ugL_mean,10.7171447936086
vera4cast,chlorocast_xgboost,2026-10-07 00:00:00,2026-09-29 00:00:00,P1D,fcre,1.6,ensemble,53,Chla_ugL_mean,10.5977956120302
vera4cast,chlorocast_xgboost,2026-10-08 00:00:00,2026-09-29 00:00:00,P1D,fcre,1.6,ensemble,53,Chla_ugL_mean,10.6488091875233
vera4cast,chlorocast_xgboost,2026-10-09 00:00:00,2026-09-29 00:00:00,P1D,fcre,1.6,ensemble,53,Chla_ugL_mean,10.8482546692467
vera4cast,chlorocast_xgboost,2026-10-10 00:00:00,2026-09-29 00:00:00,P1D,fcre,1.6,ensemble,53,Chla_ugL_mean,10.9243673656465
vera4cast,chlorocast_xgboost,2026-10-11 00:00:00,2026-09-29 00:00:00,P1D,fcre,1.6,ensemble,53,Chla_ugL_mean,10.3695006415047
vera4cast,chlorocast_xgboost,2026-10-12 00:00:00,2026-09-29 00:00:00,P1D,fcre,1.6,ensemble,53,Chla_ugL_mean,10.3136984215363
vera4cast,chlorocast_xgboost,2026-10-13 00:00:00,2026-09-29 00:00:00,P1D,fcre,1.6,ensemble,53,Chla_ugL_mean,10.2098869773129
vera4cast,chlorocast_xgboost,2026-10-14 00:00:00,2026-09-29 00:00:00,P1D,fcre,1.6,ensemble,53,Chla_ugL_mean,10.3549092196105
vera4cast,chlorocast_xgboost,2026-10-15 00:00:00,2026-09-29 00:00:00,P1D,fcre,1.6,ensemble,53,Chla_ugL_mean,10.0666891032984
vera4cast,chlorocast_xgboost,2026-10-16 00:00:00,2026-09-29 00:00:00,P1D,fcre,1.6,ensemble,53,Chla_ugL_mean,9.86188314141164
vera4cast,chlorocast_xgboost,2026-10-17 00:00:00,2026-09-29 00:00:00,P1D,fcre,1.6,ensemble,53,Chla_ugL_mean,10.004722673731
vera4cast,chlorocast_xgboost,2026-10-18 00:00:00,2026-09-29 00:00:00,P1D,fcre,1.6,ensemble,53,Chla_ugL_mean,9.97094792240635
vera4cast,chlorocast_xgboost,2026-10-19 00:00:00,2026-09-29 00:00:00,P1D,fcre,1.6,ensemble,53,Chla_ugL_mean,9.93255816056531
vera4cast,chlorocast_xgboost,2026-10-20 00:00:00,2026-09-29 00:00:00,P1D,fcre,1.6,ensemble,53,Chla_ugL_mean,9.61097284276257
vera4cast,chlorocast_xgboost,2026-10-21 00:00:00,2026-09-29 00:00:00,P1D,fcre,1.6,ensemble,53,Chla_ugL_mean,9.63845062570849
vera4cast,chlorocast_xgboost,2026-10-22 00:00:00,2026-09-29 00:00:00,P1D,fcre,1.6,ensemble,53,Chla_ugL_mean,9.40398313221366
vera4cast,chlorocast_xgboost,2026-10-23 00:00:00,2026-09-29 00:00:00,P1D,fcre,1.6,ensemble,53,Chla_ugL_mean,9.5880792811748
vera4cast,chlorocast_xgboost,2026-10-24 00:00:00,2026-09-29 00:00:00,P1D,fcre,1.6,ensemble,53,Chla_ugL_mean,9.50556212521785
vera4cast,chlorocast_xgboost,2026-10-25 00:00:00,2026-09-29 00:00:00,P1D,fcre,1.6,ensemble,53,Chla_ugL_mean,9.69189050556976
vera4cast,chlorocast_xgboost,2026-10-26 00:00:00,2026-09-29 00:00:00,P1D,fcre,1.6,ensemble,53,Chla_ugL_mean,9.59987055051457
vera4cast,chlorocast_xgboost,2026-10-27 00:00:00,2026-09-29 00:00:00,P1D,fcre,1.6,ensemble,53,Chla_ugL_mean,9.37050217610315
vera4cast,chlorocast_xgboost,2026-10-28 00:00:00,2026-09-29 00:00:00,P1D,fcre,1.6,ensemble,53,Chla_ugL_mean,9.53976609303855
vera4cast,chlorocast_xgboost,2026-10-29 00:00:00,2026-09-29 00:00:00,P1D,fcre,1.6,ensemble,53,Chla_ugL_mean,9.77108647116568
vera4cast,chlorocast_xgboost,2026-10-30 00:00:00,2026-09-29 00:00:00,P1D,fcre,1.6,ensemble,53,Chla_ugL_mean,9.5752629858595
vera4cast,chlorocast_xgboost,2026-10-31 00:00:00,2026-09-29 00:00:00,P1D,fcre,1.6,ensemble,53,Chla_ugL_mean,9.7133212875442
vera4cast,chlorocast_xgboost,2026-11-01 00:00:00,2026-09-29 00:00:00,P1D,fcre,1.6,ensemble,53,Chla_ugL_mean,9.84625072535774
vera4cast,chlorocast_xgboost,2026-11-02 00:00:00,2026-09-29 00:00:00,P1D,fcre,1.6,ensemble,53,Chla_ugL_mean,9.93625013288647
vera4cast,chlorocast_xgboost,2026-11-03 00:00:00,2026-09-29 00:00:00,P1D,fcre,1.6,ensemble,53,Chla_ugL_mean,10.0859496265116
vera4cast,chlorocast_xgboost,2026-09-30 00:00:00,2026-09-29 00:00:00,P1D,fcre,1.6,ensemble,54,Chla_ugL_mean,10.3637355341013
vera4cast,chlorocast_xgboost,2026-10-01 00:00:00,2026-09-29 00:00:00,P1D,fcre,1.6,ensemble,54,Chla_ugL_mean,10.494582787928
vera4cast,chlorocast_xgboost,2026-10-02 00:00:00,2026-09-29 00:00:00,P1D,fcre,1.6,ensemble,54,Chla_ugL_mean,11.0640202411625
vera4cast,chlorocast_xgboost,2026-10-03 00:00:00,2026-09-29 00:00:00,P1D,fcre,1.6,ensemble,54,Chla_ugL_mean,11.4883792889399
vera4cast,chlorocast_xgboost,2026-10-04 00:00:00,2026-09-29 00:00:00,P1D,fcre,1.6,ensemble,54,Chla_ugL_mean,11.7841947018442
vera4cast,chlorocast_xgboost,2026-10-05 00:00:00,2026-09-29 00:00:00,P1D,fcre,1.6,ensemble,54,Chla_ugL_mean,11.297215469883
vera4cast,chlorocast_xgboost,2026-10-06 00:00:00,2026-09-29 00:00:00,P1D,fcre,1.6,ensemble,54,Chla_ugL_mean,10.767517390319
vera4cast,chlorocast_xgboost,2026-10-07 00:00:00,2026-09-29 00:00:00,P1D,fcre,1.6,ensemble,54,Chla_ugL_mean,10.6412536606687
vera4cast,chlorocast_xgboost,2026-10-08 00:00:00,2026-09-29 00:00:00,P1D,fcre,1.6,ensemble,54,Chla_ugL_mean,10.6821571843172
vera4cast,chlorocast_xgboost,2026-10-09 00:00:00,2026-09-29 00:00:00,P1D,fcre,1.6,ensemble,54,Chla_ugL_mean,10.8889508864769
vera4cast,chlorocast_xgboost,2026-10-10 00:00:00,2026-09-29 00:00:00,P1D,fcre,1.6,ensemble,54,Chla_ugL_mean,10.9738594865771
vera4cast,chlorocast_xgboost,2026-10-11 00:00:00,2026-09-29 00:00:00,P1D,fcre,1.6,ensemble,54,Chla_ugL_mean,10.4138894682249
vera4cast,chlorocast_xgboost,2026-10-12 00:00:00,2026-09-29 00:00:00,P1D,fcre,1.6,ensemble,54,Chla_ugL_mean,10.3507035938152
vera4cast,chlorocast_xgboost,2026-10-13 00:00:00,2026-09-29 00:00:00,P1D,fcre,1.6,ensemble,54,Chla_ugL_mean,10.2414211046455
vera4cast,chlorocast_xgboost,2026-10-14 00:00:00,2026-09-29 00:00:00,P1D,fcre,1.6,ensemble,54,Chla_ugL_mean,10.3971824123539
vera4cast,chlorocast_xgboost,2026-10-15 00:00:00,2026-09-29 00:00:00,P1D,fcre,1.6,ensemble,54,Chla_ugL_mean,10.1104051222833
vera4cast,chlorocast_xgboost,2026-10-16 00:00:00,2026-09-29 00:00:00,P1D,fcre,1.6,ensemble,54,Chla_ugL_mean,9.90991768136302
vera4cast,chlorocast_xgboost,2026-10-17 00:00:00,2026-09-29 00:00:00,P1D,fcre,1.6,ensemble,54,Chla_ugL_mean,10.0394637416517
vera4cast,chlorocast_xgboost,2026-10-18 00:00:00,2026-09-29 00:00:00,P1D,fcre,1.6,ensemble,54,Chla_ugL_mean,10.0052916466267
vera4cast,chlorocast_xgboost,2026-10-19 00:00:00,2026-09-29 00:00:00,P1D,fcre,1.6,ensemble,54,Chla_ugL_mean,9.96039787888077
vera4cast,chlorocast_xgboost,2026-10-20 00:00:00,2026-09-29 00:00:00,P1D,fcre,1.6,ensemble,54,Chla_ugL_mean,9.64317208343915
vera4cast,chlorocast_xgboost,2026-10-21 00:00:00,2026-09-29 00:00:00,P1D,fcre,1.6,ensemble,54,Chla_ugL_mean,9.68035024445667
vera4cast,chlorocast_xgboost,2026-10-22 00:00:00,2026-09-29 00:00:00,P1D,fcre,1.6,ensemble,54,Chla_ugL_mean,9.44078369524278
vera4cast,chlorocast_xgboost,2026-10-23 00:00:00,2026-09-29 00:00:00,P1D,fcre,1.6,ensemble,54,Chla_ugL_mean,9.63208896871268
vera4cast,chlorocast_xgboost,2026-10-24 00:00:00,2026-09-29 00:00:00,P1D,fcre,1.6,ensemble,54,Chla_ugL_mean,9.53975995110867
vera4cast,chlorocast_xgboost,2026-10-25 00:00:00,2026-09-29 00:00:00,P1D,fcre,1.6,ensemble,54,Chla_ugL_mean,9.73754507606927
vera4cast,chlorocast_xgboost,2026-10-26 00:00:00,2026-09-29 00:00:00,P1D,fcre,1.6,ensemble,54,Chla_ugL_mean,9.6345874953829
vera4cast,chlorocast_xgboost,2026-10-27 00:00:00,2026-09-29 00:00:00,P1D,fcre,1.6,ensemble,54,Chla_ugL_mean,9.40548547104844
vera4cast,chlorocast_xgboost,2026-10-28 00:00:00,2026-09-29 00:00:00,P1D,fcre,1.6,ensemble,54,Chla_ugL_mean,9.57179346033275
vera4cast,chlorocast_xgboost,2026-10-29 00:00:00,2026-09-29 00:00:00,P1D,fcre,1.6,ensemble,54,Chla_ugL_mean,9.79151839527936
vera4cast,chlorocast_xgboost,2026-10-30 00:00:00,2026-09-29 00:00:00,P1D,fcre,1.6,ensemble,54,Chla_ugL_mean,9.62133370496616
vera4cast,chlorocast_xgboost,2026-10-31 00:00:00,2026-09-29 00:00:00,P1D,fcre,1.6,ensemble,54,Chla_ugL_mean,9.74113196030905
vera4cast,chlorocast_xgboost,2026-11-01 00:00:00,2026-09-29 00:00:00,P1D,fcre,1.6,ensemble,54,Chla_ugL_mean,9.87402410714728
vera4cast,chlorocast_xgboost,2026-11-02 00:00:00,2026-09-29 00:00:00,P1D,fcre,1.6,ensemble,54,Chla_ugL_mean,9.97636338852315
vera4cast,chlorocast_xgboost,2026-11-03 00:00:00,2026-09-29 00:00:00,P1D,fcre,1.6,ensemble,54,Chla_ugL_mean,10.1217560060286
vera4cast,chlorocast_xgboost,2026-09-30 00:00:00,2026-09-29 00:00:00,P1D,fcre,1.6,ensemble,55,Chla_ugL_mean,10.4173587070106
vera4cast,chlorocast_xgboost,2026-10-01 00:00:00,2026-09-29 00:00:00,P1D,fcre,1.6,ensemble,55,Chla_ugL_mean,10.557386975439
vera4cast,chlorocast_xgboost,2026-10-02 00:00:00,2026-09-29 00:00:00,P1D,fcre,1.6,ensemble,55,Chla_ugL_mean,11.1197115126177
vera4cast,chlorocast_xgboost,2026-10-03 00:00:00,2026-09-29 00:00:00,P1D,fcre,1.6,ensemble,55,Chla_ugL_mean,11.5377158154389
vera4cast,chlorocast_xgboost,2026-10-04 00:00:00,2026-09-29 00:00:00,P1D,fcre,1.6,ensemble,55,Chla_ugL_mean,11.8317694180302
vera4cast,chlorocast_xgboost,2026-10-05 00:00:00,2026-09-29 00:00:00,P1D,fcre,1.6,ensemble,55,Chla_ugL_mean,11.356022507161
vera4cast,chlorocast_xgboost,2026-10-06 00:00:00,2026-09-29 00:00:00,P1D,fcre,1.6,ensemble,55,Chla_ugL_mean,10.8181065413646
vera4cast,chlorocast_xgboost,2026-10-07 00:00:00,2026-09-29 00:00:00,P1D,fcre,1.6,ensemble,55,Chla_ugL_mean,10.684874550769
vera4cast,chlorocast_xgboost,2026-10-08 00:00:00,2026-09-29 00:00:00,P1D,fcre,1.6,ensemble,55,Chla_ugL_mean,10.7156006491432
vera4cast,chlorocast_xgboost,2026-10-09 00:00:00,2026-09-29 00:00:00,P1D,fcre,1.6,ensemble,55,Chla_ugL_mean,10.9297868864974
vera4cast,chlorocast_xgboost,2026-10-10 00:00:00,2026-09-29 00:00:00,P1D,fcre,1.6,ensemble,55,Chla_ugL_mean,11.0235570246974
vera4cast,chlorocast_xgboost,2026-10-11 00:00:00,2026-09-29 00:00:00,P1D,fcre,1.6,ensemble,55,Chla_ugL_mean,10.4584515978896
vera4cast,chlorocast_xgboost,2026-10-12 00:00:00,2026-09-29 00:00:00,P1D,fcre,1.6,ensemble,55,Chla_ugL_mean,10.3878298036827
vera4cast,chlorocast_xgboost,2026-10-13 00:00:00,2026-09-29 00:00:00,P1D,fcre,1.6,ensemble,55,Chla_ugL_mean,10.2730439394904
vera4cast,chlorocast_xgboost,2026-10-14 00:00:00,2026-09-29 00:00:00,P1D,fcre,1.6,ensemble,55,Chla_ugL_mean,10.439612983971
vera4cast,chlorocast_xgboost,2026-10-15 00:00:00,2026-09-29 00:00:00,P1D,fcre,1.6,ensemble,55,Chla_ugL_mean,10.1542938298021
vera4cast,chlorocast_xgboost,2026-10-16 00:00:00,2026-09-29 00:00:00,P1D,fcre,1.6,ensemble,55,Chla_ugL_mean,9.9581646446114
vera4cast,chlorocast_xgboost,2026-10-17 00:00:00,2026-09-29 00:00:00,P1D,fcre,1.6,ensemble,55,Chla_ugL_mean,10.0743144844672
vera4cast,chlorocast_xgboost,2026-10-18 00:00:00,2026-09-29 00:00:00,P1D,fcre,1.6,ensemble,55,Chla_ugL_mean,10.039742881283
vera4cast,chlorocast_xgboost,2026-10-19 00:00:00,2026-09-29 00:00:00,P1D,fcre,1.6,ensemble,55,Chla_ugL_mean,9.98830849093441
vera4cast,chlorocast_xgboost,2026-10-20 00:00:00,2026-09-29 00:00:00,P1D,fcre,1.6,ensemble,55,Chla_ugL_mean,9.67546903345073
vera4cast,chlorocast_xgboost,2026-10-21 00:00:00,2026-09-29 00:00:00,P1D,fcre,1.6,ensemble,55,Chla_ugL_mean,9.72241488517215
vera4cast,chlorocast_xgboost,2026-10-22 00:00:00,2026-09-29 00:00:00,P1D,fcre,1.6,ensemble,55,Chla_ugL_mean,9.47771442778699
vera4cast,chlorocast_xgboost,2026-10-23 00:00:00,2026-09-29 00:00:00,P1D,fcre,1.6,ensemble,55,Chla_ugL_mean,9.67628158391342
vera4cast,chlorocast_xgboost,2026-10-24 00:00:00,2026-09-29 00:00:00,P1D,fcre,1.6,ensemble,55,Chla_ugL_mean,9.57406909815317
vera4cast,chlorocast_xgboost,2026-10-25 00:00:00,2026-09-29 00:00:00,P1D,fcre,1.6,ensemble,55,Chla_ugL_mean,9.78339459243046
vera4cast,chlorocast_xgboost,2026-10-26 00:00:00,2026-09-29 00:00:00,P1D,fcre,1.6,ensemble,55,Chla_ugL_mean,9.66941814600406
vera4cast,chlorocast_xgboost,2026-10-27 00:00:00,2026-09-29 00:00:00,P1D,fcre,1.6,ensemble,55,Chla_ugL_mean,9.44058677676161
vera4cast,chlorocast_xgboost,2026-10-28 00:00:00,2026-09-29 00:00:00,P1D,fcre,1.6,ensemble,55,Chla_ugL_mean,9.60391814973512
vera4cast,chlorocast_xgboost,2026-10-29 00:00:00,2026-09-29 00:00:00,P1D,fcre,1.6,ensemble,55,Chla_ugL_mean,9.81198907718449
vera4cast,chlorocast_xgboost,2026-10-30 00:00:00,2026-09-29 00:00:00,P1D,fcre,1.6,ensemble,55,Chla_ugL_mean,9.66760512935662
vera4cast,chlorocast_xgboost,2026-10-31 00:00:00,2026-09-29 00:00:00,P1D,fcre,1.6,ensemble,55,Chla_ugL_mean,9.76901482670077
vera4cast,chlorocast_xgboost,2026-11-01 00:00:00,2026-09-29 00:00:00,P1D,fcre,1.6,ensemble,55,Chla_ugL_mean,9.90186860666732
vera4cast,chlorocast_xgboost,2026-11-02 00:00:00,2026-09-29 00:00:00,P1D,fcre,1.6,ensemble,55,Chla_ugL_mean,10.0166237762443
vera4cast,chlorocast_xgboost,2026-11-03 00:00:00,2026-09-29 00:00:00,P1D,fcre,1.6,ensemble,55,Chla_ugL_mean,10.1576780361536
vera4cast,chlorocast_xgboost,2026-09-30 00:00:00,2026-09-29 00:00:00,P1D,fcre,1.6,ensemble,56,Chla_ugL_mean,10.4712349168429
vera4cast,chlorocast_xgboost,2026-10-01 00:00:00,2026-09-29 00:00:00,P1D,fcre,1.6,ensemble,56,Chla_ugL_mean,10.62053431294
vera4cast,chlorocast_xgboost,2026-10-02 00:00:00,2026-09-29 00:00:00,P1D,fcre,1.6,ensemble,56,Chla_ugL_mean,11.1756598723116
vera4cast,chlorocast_xgboost,2026-10-03 00:00:00,2026-09-29 00:00:00,P1D,fcre,1.6,ensemble,56,Chla_ugL_mean,11.5872472505639
vera4cast,chlorocast_xgboost,2026-10-04 00:00:00,2026-09-29 00:00:00,P1D,fcre,1.6,ensemble,56,Chla_ugL_mean,11.8795211773287
vera4cast,chlorocast_xgboost,2026-10-05 00:00:00,2026-09-29 00:00:00,P1D,fcre,1.6,ensemble,56,Chla_ugL_mean,11.4151107680739
vera4cast,chlorocast_xgboost,2026-10-06 00:00:00,2026-09-29 00:00:00,P1D,fcre,1.6,ensemble,56,Chla_ugL_mean,10.8689131777232
vera4cast,chlorocast_xgboost,2026-10-07 00:00:00,2026-09-29 00:00:00,P1D,fcre,1.6,ensemble,56,Chla_ugL_mean,10.7286588925136
vera4cast,chlorocast_xgboost,2026-10-08 00:00:00,2026-09-29 00:00:00,P1D,fcre,1.6,ensemble,56,Chla_ugL_mean,10.7491398553056
vera4cast,chlorocast_xgboost,2026-10-09 00:00:00,2026-09-29 00:00:00,P1D,fcre,1.6,ensemble,56,Chla_ugL_mean,10.970763149432
vera4cast,chlorocast_xgboost,2026-10-10 00:00:00,2026-09-29 00:00:00,P1D,fcre,1.6,ensemble,56,Chla_ugL_mean,11.0734608325922
vera4cast,chlorocast_xgboost,2026-10-11 00:00:00,2026-09-29 00:00:00,P1D,fcre,1.6,ensemble,56,Chla_ugL_mean,10.5031877071084
vera4cast,chlorocast_xgboost,2026-10-12 00:00:00,2026-09-29 00:00:00,P1D,fcre,1.6,ensemble,56,Chla_ugL_mean,10.4250774470321
vera4cast,chlorocast_xgboost,2026-10-13 00:00:00,2026-09-29 00:00:00,P1D,fcre,1.6,ensemble,56,Chla_ugL_mean,10.3047557313875
vera4cast,chlorocast_xgboost,2026-10-14 00:00:00,2026-09-29 00:00:00,P1D,fcre,1.6,ensemble,56,Chla_ugL_mean,10.4822015203678
vera4cast,chlorocast_xgboost,2026-10-15 00:00:00,2026-09-29 00:00:00,P1D,fcre,1.6,ensemble,56,Chla_ugL_mean,10.1983559080149
vera4cast,chlorocast_xgboost,2026-10-16 00:00:00,2026-09-29 00:00:00,P1D,fcre,1.6,ensemble,56,Chla_ugL_mean,10.006624970557
vera4cast,chlorocast_xgboost,2026-10-17 00:00:00,2026-09-29 00:00:00,P1D,fcre,1.6,ensemble,56,Chla_ugL_mean,10.1092752484125
vera4cast,chlorocast_xgboost,2026-10-18 00:00:00,2026-09-29 00:00:00,P1D,fcre,1.6,ensemble,56,Chla_ugL_mean,10.0743019629285
vera4cast,chlorocast_xgboost,2026-10-19 00:00:00,2026-09-29 00:00:00,P1D,fcre,1.6,ensemble,56,Chla_ugL_mean,10.0162901772569
vera4cast,chlorocast_xgboost,2026-10-20 00:00:00,2026-09-29 00:00:00,P1D,fcre,1.6,ensemble,56,Chla_ugL_mean,9.70786398929853
vera4cast,chlorocast_xgboost,2026-10-21 00:00:00,2026-09-29 00:00:00,P1D,fcre,1.6,ensemble,56,Chla_ugL_mean,9.7646451977952
vera4cast,chlorocast_xgboost,2026-10-22 00:00:00,2026-09-29 00:00:00,P1D,fcre,1.6,ensemble,56,Chla_ugL_mean,9.5147757902768
vera4cast,chlorocast_xgboost,2026-10-23 00:00:00,2026-09-29 00:00:00,P1D,fcre,1.6,ensemble,56,Chla_ugL_mean,9.72065788712168
vera4cast,chlorocast_xgboost,2026-10-24 00:00:00,2026-09-29 00:00:00,P1D,fcre,1.6,ensemble,56,Chla_ugL_mean,9.60848992872521
vera4cast,chlorocast_xgboost,2026-10-25 00:00:00,2026-09-29 00:00:00,P1D,fcre,1.6,ensemble,56,Chla_ugL_mean,9.82943988707575
vera4cast,chlorocast_xgboost,2026-10-26 00:00:00,2026-09-29 00:00:00,P1D,fcre,1.6,ensemble,56,Chla_ugL_mean,9.70436287478982
vera4cast,chlorocast_xgboost,2026-10-27 00:00:00,2026-09-29 00:00:00,P1D,fcre,1.6,ensemble,56,Chla_ugL_mean,9.47580649133387
vera4cast,chlorocast_xgboost,2026-10-28 00:00:00,2026-09-29 00:00:00,P1D,fcre,1.6,ensemble,56,Chla_ugL_mean,9.63614045698001
vera4cast,chlorocast_xgboost,2026-10-29 00:00:00,2026-09-29 00:00:00,P1D,fcre,1.6,ensemble,56,Chla_ugL_mean,9.8324985904016
vera4cast,chlorocast_xgboost,2026-10-30 00:00:00,2026-09-29 00:00:00,P1D,fcre,1.6,ensemble,56,Chla_ugL_mean,9.71407813339561
vera4cast,chlorocast_xgboost,2026-10-31 00:00:00,2026-09-29 00:00:00,P1D,fcre,1.6,ensemble,56,Chla_ugL_mean,9.79697007412655
vera4cast,chlorocast_xgboost,2026-11-01 00:00:00,2026-09-29 00:00:00,P1D,fcre,1.6,ensemble,56,Chla_ugL_mean,9.92978440602501
vera4cast,chlorocast_xgboost,2026-11-02 00:00:00,2026-09-29 00:00:00,P1D,fcre,1.6,ensemble,56,Chla_ugL_mean,10.057031835718
vera4cast,chlorocast_xgboost,2026-11-03 00:00:00,2026-09-29 00:00:00,P1D,fcre,1.6,ensemble,56,Chla_ugL_mean,10.1937160904252
vera4cast,chlorocast_xgboost,2026-09-30 00:00:00,2026-09-29 00:00:00,P1D,fcre,1.6,ensemble,57,Chla_ugL_mean,10.5253653576283
vera4cast,chlorocast_xgboost,2026-10-01 00:00:00,2026-09-29 00:00:00,P1D,fcre,1.6,ensemble,57,Chla_ugL_mean,10.6840266753365
vera4cast,chlorocast_xgboost,2026-10-02 00:00:00,2026-09-29 00:00:00,P1D,fcre,1.6,ensemble,57,Chla_ugL_mean,11.2318665070436
vera4cast,chlorocast_xgboost,2026-10-03 00:00:00,2026-09-29 00:00:00,P1D,fcre,1.6,ensemble,57,Chla_ugL_mean,11.6369743643197
vera4cast,chlorocast_xgboost,2026-10-04 00:00:00,2026-09-29 00:00:00,P1D,fcre,1.6,ensemble,57,Chla_ugL_mean,11.9274506385825
vera4cast,chlorocast_xgboost,2026-10-05 00:00:00,2026-09-29 00:00:00,P1D,fcre,1.6,ensemble,57,Chla_ugL_mean,11.4744815974732
vera4cast,chlorocast_xgboost,2026-10-06 00:00:00,2026-09-29 00:00:00,P1D,fcre,1.6,ensemble,57,Chla_ugL_mean,10.9199382343752
vera4cast,chlorocast_xgboost,2026-10-07 00:00:00,2026-09-29 00:00:00,P1D,fcre,1.6,ensemble,57,Chla_ugL_mean,10.7726072983715
vera4cast,chlorocast_xgboost,2026-10-08 00:00:00,2026-09-29 00:00:00,P1D,fcre,1.6,ensemble,57,Chla_ugL_mean,10.7827750768908
vera4cast,chlorocast_xgboost,2026-10-09 00:00:00,2026-09-29 00:00:00,P1D,fcre,1.6,ensemble,57,Chla_ugL_mean,11.0118801570538
vera4cast,chlorocast_xgboost,2026-10-10 00:00:00,2026-09-29 00:00:00,P1D,fcre,1.6,ensemble,57,Chla_ugL_mean,11.1235717663847
vera4cast,chlorocast_xgboost,2026-10-11 00:00:00,2026-09-29 00:00:00,P1D,fcre,1.6,ensemble,57,Chla_ugL_mean,10.5480984751325
vera4cast,chlorocast_xgboost,2026-10-12 00:00:00,2026-09-29 00:00:00,P1D,fcre,1.6,ensemble,57,Chla_ugL_mean,10.4624469210515
vera4cast,chlorocast_xgboost,2026-10-13 00:00:00,2026-09-29 00:00:00,P1D,fcre,1.6,ensemble,57,Chla_ugL_mean,10.3365567305786
vera4cast,chlorocast_xgboost,2026-10-14 00:00:00,2026-09-29 00:00:00,P1D,fcre,1.6,ensemble,57,Chla_ugL_mean,10.5249486096312
vera4cast,chlorocast_xgboost,2026-10-15 00:00:00,2026-09-29 00:00:00,P1D,fcre,1.6,ensemble,57,Chla_ugL_mean,10.2425920417768
vera4cast,chlorocast_xgboost,2026-10-16 00:00:00,2026-09-29 00:00:00,P1D,fcre,1.6,ensemble,57,Chla_ugL_mean,10.0552996027543
vera4cast,chlorocast_xgboost,2026-10-17 00:00:00,2026-09-29 00:00:00,P1D,fcre,1.6,ensemble,57,Chla_ugL_mean,10.1443463808161
vera4cast,chlorocast_xgboost,2026-10-18 00:00:00,2026-09-29 00:00:00,P1D,fcre,1.6,ensemble,57,Chla_ugL_mean,10.10896922917
vera4cast,chlorocast_xgboost,2026-10-19 00:00:00,2026-09-29 00:00:00,P1D,fcre,1.6,ensemble,57,Chla_ugL_mean,10.0443431188385
vera4cast,chlorocast_xgboost,2026-10-20 00:00:00,2026-09-29 00:00:00,P1D,fcre,1.6,ensemble,57,Chla_ugL_mean,9.74035724838351
vera4cast,chlorocast_xgboost,2026-10-21 00:00:00,2026-09-29 00:00:00,P1D,fcre,1.6,ensemble,57,Chla_ugL_mean,9.80704183482589
vera4cast,chlorocast_xgboost,2026-10-22 00:00:00,2026-09-29 00:00:00,P1D,fcre,1.6,ensemble,57,Chla_ugL_mean,9.55196824477137
vera4cast,chlorocast_xgboost,2026-10-23 00:00:00,2026-09-29 00:00:00,P1D,fcre,1.6,ensemble,57,Chla_ugL_mean,9.76521864184247
vera4cast,chlorocast_xgboost,2026-10-24 00:00:00,2026-09-29 00:00:00,P1D,fcre,1.6,ensemble,57,Chla_ugL_mean,9.6430228063783
vera4cast,chlorocast_xgboost,2026-10-25 00:00:00,2026-09-29 00:00:00,P1D,fcre,1.6,ensemble,57,Chla_ugL_mean,9.87568179598205
vera4cast,chlorocast_xgboost,2026-10-26 00:00:00,2026-09-29 00:00:00,P1D,fcre,1.6,ensemble,57,Chla_ugL_mean,9.73942205537166
vera4cast,chlorocast_xgboost,2026-10-27 00:00:00,2026-09-29 00:00:00,P1D,fcre,1.6,ensemble,57,Chla_ugL_mean,9.51114501419928
vera4cast,chlorocast_xgboost,2026-10-28 00:00:00,2026-09-29 00:00:00,P1D,fcre,1.6,ensemble,57,Chla_ugL_mean,9.66846067870043
vera4cast,chlorocast_xgboost,2026-10-29 00:00:00,2026-09-29 00:00:00,P1D,fcre,1.6,ensemble,57,Chla_ugL_mean,9.85304700859072
vera4cast,chlorocast_xgboost,2026-10-30 00:00:00,2026-09-29 00:00:00,P1D,fcre,1.6,ensemble,57,Chla_ugL_mean,9.76075359525698
vera4cast,chlorocast_xgboost,2026-10-31 00:00:00,2026-09-29 00:00:00,P1D,fcre,1.6,ensemble,57,Chla_ugL_mean,9.82499789048006
vera4cast,chlorocast_xgboost,2026-11-01 00:00:00,2026-09-29 00:00:00,P1D,fcre,1.6,ensemble,57,Chla_ugL_mean,9.95777168779384
vera4cast,chlorocast_xgboost,2026-11-02 00:00:00,2026-09-29 00:00:00,P1D,fcre,1.6,ensemble,57,Chla_ugL_mean,10.0975881085922
vera4cast,chlorocast_xgboost,2026-11-03 00:00:00,2026-09-29 00:00:00,P1D,fcre,1.6,ensemble,57,Chla_ugL_mean,10.2298705435883
vera4cast,chlorocast_xgboost,2026-09-30 00:00:00,2026-09-29 00:00:00,P1D,fcre,1.6,ensemble,58,Chla_ugL_mean,10.5797512290312
vera4cast,chlorocast_xgboost,2026-10-01 00:00:00,2026-09-29 00:00:00,P1D,fcre,1.6,ensemble,58,Chla_ugL_mean,10.7478659477782
vera4cast,chlorocast_xgboost,2026-10-02 00:00:00,2026-09-29 00:00:00,P1D,fcre,1.6,ensemble,58,Chla_ugL_mean,11.2883326090916
vera4cast,chlorocast_xgboost,2026-10-03 00:00:00,2026-09-29 00:00:00,P1D,fcre,1.6,ensemble,58,Chla_ugL_mean,11.6868979297535
vera4cast,chlorocast_xgboost,2026-10-04 00:00:00,2026-09-29 00:00:00,P1D,fcre,1.6,ensemble,58,Chla_ugL_mean,11.9755584630864
vera4cast,chlorocast_xgboost,2026-10-05 00:00:00,2026-09-29 00:00:00,P1D,fcre,1.6,ensemble,58,Chla_ugL_mean,11.5341363466416
vera4cast,chlorocast_xgboost,2026-10-06 00:00:00,2026-09-29 00:00:00,P1D,fcre,1.6,ensemble,58,Chla_ugL_mean,10.9711826503204
vera4cast,chlorocast_xgboost,2026-10-07 00:00:00,2026-09-29 00:00:00,P1D,fcre,1.6,ensemble,58,Chla_ugL_mean,10.8167203831067
vera4cast,chlorocast_xgboost,2026-10-08 00:00:00,2026-09-29 00:00:00,P1D,fcre,1.6,ensemble,58,Chla_ugL_mean,10.81650658877
vera4cast,chlorocast_xgboost,2026-10-09 00:00:00,2026-09-29 00:00:00,P1D,fcre,1.6,ensemble,58,Chla_ugL_mean,11.0531383927907
vera4cast,chlorocast_xgboost,2026-10-10 00:00:00,2026-09-29 00:00:00,P1D,fcre,1.6,ensemble,58,Chla_ugL_mean,11.1738906857516
vera4cast,chlorocast_xgboost,2026-10-11 00:00:00,2026-09-29 00:00:00,P1D,fcre,1.6,ensemble,58,Chla_ugL_mean,10.5931845838654
vera4cast,chlorocast_xgboost,2026-10-12 00:00:00,2026-09-29 00:00:00,P1D,fcre,1.6,ensemble,58,Chla_ugL_mean,10.4999386242283
vera4cast,chlorocast_xgboost,2026-10-13 00:00:00,2026-09-29 00:00:00,P1D,fcre,1.6,ensemble,58,Chla_ugL_mean,10.3684471880095
vera4cast,chlorocast_xgboost,2026-10-14 00:00:00,2026-09-29 00:00:00,P1D,fcre,1.6,ensemble,58,Chla_ugL_mean,10.5678548420378
vera4cast,chlorocast_xgboost,2026-10-15 00:00:00,2026-09-29 00:00:00,P1D,fcre,1.6,ensemble,58,Chla_ugL_mean,10.2870029186479
vera4cast,chlorocast_xgboost,2026-10-16 00:00:00,2026-09-29 00:00:00,P1D,fcre,1.6,ensemble,58,Chla_ugL_mean,10.1041894889305
vera4cast,chlorocast_xgboost,2026-10-17 00:00:00,2026-09-29 00:00:00,P1D,fcre,1.6,ensemble,58,Chla_ugL_mean,10.1795282301027
vera4cast,chlorocast_xgboost,2026-10-18 00:00:00,2026-09-29 00:00:00,P1D,fcre,1.6,ensemble,58,Chla_ugL_mean,10.1437450186713
vera4cast,chlorocast_xgboost,2026-10-19 00:00:00,2026-09-29 00:00:00,P1D,fcre,1.6,ensemble,58,Chla_ugL_mean,10.0724674971306
vera4cast,chlorocast_xgboost,2026-10-20 00:00:00,2026-09-29 00:00:00,P1D,fcre,1.6,ensemble,58,Chla_ugL_mean,9.77294910900909
vera4cast,chlorocast_xgboost,2026-10-21 00:00:00,2026-09-29 00:00:00,P1D,fcre,1.6,ensemble,58,Chla_ugL_mean,9.84960545133417
vera4cast,chlorocast_xgboost,2026-10-22 00:00:00,2026-09-29 00:00:00,P1D,fcre,1.6,ensemble,58,Chla_ugL_mean,9.58929225496422
vera4cast,chlorocast_xgboost,2026-10-23 00:00:00,2026-09-29 00:00:00,P1D,fcre,1.6,ensemble,58,Chla_ugL_mean,9.80996461475436
vera4cast,chlorocast_xgboost,2026-10-24 00:00:00,2026-09-29 00:00:00,P1D,fcre,1.6,ensemble,58,Chla_ugL_mean,9.67766809584939
vera4cast,chlorocast_xgboost,2026-10-25 00:00:00,2026-09-29 00:00:00,P1D,fcre,1.6,ensemble,58,Chla_ugL_mean,9.9221211586959
vera4cast,chlorocast_xgboost,2026-10-26 00:00:00,2026-09-29 00:00:00,P1D,fcre,1.6,ensemble,58,Chla_ugL_mean,9.77459606260478
vera4cast,chlorocast_xgboost,2026-10-27 00:00:00,2026-09-29 00:00:00,P1D,fcre,1.6,ensemble,58,Chla_ugL_mean,9.54660274613937
vera4cast,chlorocast_xgboost,2026-10-28 00:00:00,2026-09-29 00:00:00,P1D,fcre,1.6,ensemble,58,Chla_ugL_mean,9.70087911243077
vera4cast,chlorocast_xgboost,2026-10-29 00:00:00,2026-09-29 00:00:00,P1D,fcre,1.6,ensemble,58,Chla_ugL_mean,9.8736344055516
vera4cast,chlorocast_xgboost,2026-10-30 00:00:00,2026-09-29 00:00:00,P1D,fcre,1.6,ensemble,58,Chla_ugL_mean,9.80763239694028
vera4cast,chlorocast_xgboost,2026-10-31 00:00:00,2026-09-29 00:00:00,P1D,fcre,1.6,ensemble,58,Chla_ugL_mean,9.85309846414271
vera4cast,chlorocast_xgboost,2026-11-01 00:00:00,2026-09-29 00:00:00,P1D,fcre,1.6,ensemble,58,Chla_ugL_mean,9.98583063501476
vera4cast,chlorocast_xgboost,2026-11-02 00:00:00,2026-09-29 00:00:00,P1D,fcre,1.6,ensemble,58,Chla_ugL_mean,10.1382931385011
vera4cast,chlorocast_xgboost,2026-11-03 00:00:00,2026-09-29 00:00:00,P1D,fcre,1.6,ensemble,58,Chla_ugL_mean,10.2661417715983
vera4cast,chlorocast_xgboost,2026-09-30 00:00:00,2026-09-29 00:00:00,P1D,fcre,1.6,ensemble,59,Chla_ugL_mean,10.6343937363773
vera4cast,chlorocast_xgboost,2026-10-01 00:00:00,2026-09-29 00:00:00,P1D,fcre,1.6,ensemble,59,Chla_ugL_mean,10.8120540257146
vera4cast,chlorocast_xgboost,2026-10-02 00:00:00,2026-09-29 00:00:00,P1D,fcre,1.6,ensemble,59,Chla_ugL_mean,11.3450593762376
vera4cast,chlorocast_xgboost,2026-10-03 00:00:00,2026-09-29 00:00:00,P1D,fcre,1.6,ensemble,59,Chla_ugL_mean,11.7370187229661
vera4cast,chlorocast_xgboost,2026-10-04 00:00:00,2026-09-29 00:00:00,P1D,fcre,1.6,ensemble,59,Chla_ugL_mean,12.0238453145959
vera4cast,chlorocast_xgboost,2026-10-05 00:00:00,2026-09-29 00:00:00,P1D,fcre,1.6,ensemble,59,Chla_ugL_mean,11.5940763733241
vera4cast,chlorocast_xgboost,2026-10-06 00:00:00,2026-09-29 00:00:00,P1D,fcre,1.6,ensemble,59,Chla_ugL_mean,11.0226473685956
vera4cast,chlorocast_xgboost,2026-10-07 00:00:00,2026-09-29 00:00:00,P1D,fcre,1.6,ensemble,59,Chla_ugL_mean,10.8609987637865
vera4cast,chlorocast_xgboost,2026-10-08 00:00:00,2026-09-29 00:00:00,P1D,fcre,1.6,ensemble,59,Chla_ugL_mean,10.8503346666013
vera4cast,chlorocast_xgboost,2026-10-09 00:00:00,2026-09-29 00:00:00,P1D,fcre,1.6,ensemble,59,Chla_ugL_mean,11.0945383417311
vera4cast,chlorocast_xgboost,2026-10-10 00:00:00,2026-09-29 00:00:00,P1D,fcre,1.6,ensemble,59,Chla_ugL_mean,11.2244184539375
vera4cast,chlorocast_xgboost,2026-10-11 00:00:00,2026-09-29 00:00:00,P1D,fcre,1.6,ensemble,59,Chla_ugL_mean,10.6384467178725
vera4cast,chlorocast_xgboost,2026-10-12 00:00:00,2026-09-29 00:00:00,P1D,fcre,1.6,ensemble,59,Chla_ugL_mean,10.537552956353
vera4cast,chlorocast_xgboost,2026-10-13 00:00:00,2026-09-29 00:00:00,P1D,fcre,1.6,ensemble,59,Chla_ugL_mean,10.400427355332
vera4cast,chlorocast_xgboost,2026-10-14 00:00:00,2026-09-29 00:00:00,P1D,fcre,1.6,ensemble,59,Chla_ugL_mean,10.6109208100616
vera4cast,chlorocast_xgboost,2026-10-15 00:00:00,2026-09-29 00:00:00,P1D,fcre,1.6,ensemble,59,Chla_ugL_mean,10.3315892289046
vera4cast,chlorocast_xgboost,2026-10-16 00:00:00,2026-09-29 00:00:00,P1D,fcre,1.6,ensemble,59,Chla_ugL_mean,10.153295581004
vera4cast,chlorocast_xgboost,2026-10-17 00:00:00,2026-09-29 00:00:00,P1D,fcre,1.6,ensemble,59,Chla_ugL_mean,10.214821145797
vera4cast,chlorocast_xgboost,2026-10-18 00:00:00,2026-09-29 00:00:00,P1D,fcre,1.6,ensemble,59,Chla_ugL_mean,10.1786296711562
vera4cast,chlorocast_xgboost,2026-10-19 00:00:00,2026-09-29 00:00:00,P1D,fcre,1.6,ensemble,59,Chla_ugL_mean,10.1006634940464
vera4cast,chlorocast_xgboost,2026-10-20 00:00:00,2026-09-29 00:00:00,P1D,fcre,1.6,ensemble,59,Chla_ugL_mean,9.80563987038392
vera4cast,chlorocast_xgboost,2026-10-21 00:00:00,2026-09-29 00:00:00,P1D,fcre,1.6,ensemble,59,Chla_ugL_mean,9.89233670496996
vera4cast,chlorocast_xgboost,2026-10-22 00:00:00,2026-09-29 00:00:00,P1D,fcre,1.6,ensemble,59,Chla_ugL_mean,9.62674828618903
vera4cast,chlorocast_xgboost,2026-10-23 00:00:00,2026-09-29 00:00:00,P1D,fcre,1.6,ensemble,59,Chla_ugL_mean,9.85489657572265
vera4cast,chlorocast_xgboost,2026-10-24 00:00:00,2026-09-29 00:00:00,P1D,fcre,1.6,ensemble,59,Chla_ugL_mean,9.7124261630627
vera4cast,chlorocast_xgboost,2026-10-25 00:00:00,2026-09-29 00:00:00,P1D,fcre,1.6,ensemble,59,Chla_ugL_mean,9.96875881834871
vera4cast,chlorocast_xgboost,2026-10-26 00:00:00,2026-09-29 00:00:00,P1D,fcre,1.6,ensemble,59,Chla_ugL_mean,9.80988527257214
vera4cast,chlorocast_xgboost,2026-10-27 00:00:00,2026-09-29 00:00:00,P1D,fcre,1.6,ensemble,59,Chla_ugL_mean,9.58218008928763
vera4cast,chlorocast_xgboost,2026-10-28 00:00:00,2026-09-29 00:00:00,P1D,fcre,1.6,ensemble,59,Chla_ugL_mean,9.73339605660954
vera4cast,chlorocast_xgboost,2026-10-29 00:00:00,2026-09-29 00:00:00,P1D,fcre,1.6,ensemble,59,Chla_ugL_mean,9.89426085522396
vera4cast,chlorocast_xgboost,2026-10-30 00:00:00,2026-09-29 00:00:00,P1D,fcre,1.6,ensemble,59,Chla_ugL_mean,9.85471542428752
vera4cast,chlorocast_xgboost,2026-10-31 00:00:00,2026-09-29 00:00:00,P1D,fcre,1.6,ensemble,59,Chla_ugL_mean,9.88127198398495
vera4cast,chlorocast_xgboost,2026-11-01 00:00:00,2026-09-29 00:00:00,P1D,fcre,1.6,ensemble,59,Chla_ugL_mean,10.0139614311975
vera4cast,chlorocast_xgboost,2026-11-02 00:00:00,2026-09-29 00:00:00,P1D,fcre,1.6,ensemble,59,Chla_ugL_mean,10.1791474710732
vera4cast,chlorocast_xgboost,2026-11-03 00:00:00,2026-09-29 00:00:00,P1D,fcre,1.6,ensemble,59,Chla_ugL_mean,10.3025301516251
vera4cast,chlorocast_xgboost,2026-09-30 00:00:00,2026-09-29 00:00:00,P1D,fcre,1.6,ensemble,60,Chla_ugL_mean,10.6892940906797
vera4cast,chlorocast_xgboost,2026-10-01 00:00:00,2026-09-29 00:00:00,P1D,fcre,1.6,ensemble,60,Chla_ugL_mean,10.876592814952
vera4cast,chlorocast_xgboost,2026-10-02 00:00:00,2026-09-29 00:00:00,P1D,fcre,1.6,ensemble,60,Chla_ugL_mean,11.4020480117926
vera4cast,chlorocast_xgboost,2026-10-03 00:00:00,2026-09-29 00:00:00,P1D,fcre,1.6,ensemble,60,Chla_ugL_mean,11.7873375231246
vera4cast,chlorocast_xgboost,2026-10-04 00:00:00,2026-09-29 00:00:00,P1D,fcre,1.6,ensemble,60,Chla_ugL_mean,12.0723118593367
vera4cast,chlorocast_xgboost,2026-10-05 00:00:00,2026-09-29 00:00:00,P1D,fcre,1.6,ensemble,60,Chla_ugL_mean,11.6543030417583
vera4cast,chlorocast_xgboost,2026-10-06 00:00:00,2026-09-29 00:00:00,P1D,fcre,1.6,ensemble,60,Chla_ugL_mean,11.0743333362915
vera4cast,chlorocast_xgboost,2026-10-07 00:00:00,2026-09-29 00:00:00,P1D,fcre,1.6,ensemble,60,Chla_ugL_mean,10.9054430597907
vera4cast,chlorocast_xgboost,2026-10-08 00:00:00,2026-09-29 00:00:00,P1D,fcre,1.6,ensemble,60,Chla_ugL_mean,10.8842595868319
vera4cast,chlorocast_xgboost,2026-10-09 00:00:00,2026-09-29 00:00:00,P1D,fcre,1.6,ensemble,60,Chla_ugL_mean,11.1360804906293
vera4cast,chlorocast_xgboost,2026-10-10 00:00:00,2026-09-29 00:00:00,P1D,fcre,1.6,ensemble,60,Chla_ugL_mean,11.2751559377701
vera4cast,chlorocast_xgboost,2026-10-11 00:00:00,2026-09-29 00:00:00,P1D,fcre,1.6,ensemble,60,Chla_ugL_mean,10.6838855643919
vera4cast,chlorocast_xgboost,2026-10-12 00:00:00,2026-09-29 00:00:00,P1D,fcre,1.6,ensemble,60,Chla_ugL_mean,10.575290318524
vera4cast,chlorocast_xgboost,2026-10-13 00:00:00,2026-09-29 00:00:00,P1D,fcre,1.6,ensemble,60,Chla_ugL_mean,10.4324974849057
vera4cast,chlorocast_xgboost,2026-10-14 00:00:00,2026-09-29 00:00:00,P1D,fcre,1.6,ensemble,60,Chla_ugL_mean,10.6541471083823
vera4cast,chlorocast_xgboost,2026-10-15 00:00:00,2026-09-29 00:00:00,P1D,fcre,1.6,ensemble,60,Chla_ugL_mean,10.3763516655499
vera4cast,chlorocast_xgboost,2026-10-16 00:00:00,2026-09-29 00:00:00,P1D,fcre,1.6,ensemble,60,Chla_ugL_mean,10.2026188351028
vera4cast,chlorocast_xgboost,2026-10-17 00:00:00,2026-09-29 00:00:00,P1D,fcre,1.6,ensemble,60,Chla_ugL_mean,10.2502254785273
vera4cast,chlorocast_xgboost,2026-10-18 00:00:00,2026-09-29 00:00:00,P1D,fcre,1.6,ensemble,60,Chla_ugL_mean,10.2136235274121
vera4cast,chlorocast_xgboost,2026-10-19 00:00:00,2026-09-29 00:00:00,P1D,fcre,1.6,ensemble,60,Chla_ugL_mean,10.1289312919625
vera4cast,chlorocast_xgboost,2026-10-20 00:00:00,2026-09-29 00:00:00,P1D,fcre,1.6,ensemble,60,Chla_ugL_mean,9.8384298326246
vera4cast,chlorocast_xgboost,2026-10-21 00:00:00,2026-09-29 00:00:00,P1D,fcre,1.6,ensemble,60,Chla_ugL_mean,9.9352362559734
vera4cast,chlorocast_xgboost,2026-10-22 00:00:00,2026-09-29 00:00:00,P1D,fcre,1.6,ensemble,60,Chla_ugL_mean,9.66433680542544
vera4cast,chlorocast_xgboost,2026-10-23 00:00:00,2026-09-29 00:00:00,P1D,fcre,1.6,ensemble,60,Chla_ugL_mean,9.90001529781259
vera4cast,chlorocast_xgboost,2026-10-24 00:00:00,2026-09-29 00:00:00,P1D,fcre,1.6,ensemble,60,Chla_ugL_mean,9.74729737513362
vera4cast,chlorocast_xgboost,2026-10-25 00:00:00,2026-09-29 00:00:00,P1D,fcre,1.6,ensemble,60,Chla_ugL_mean,10.0155956216721
vera4cast,chlorocast_xgboost,2026-10-26 00:00:00,2026-09-29 00:00:00,P1D,fcre,1.6,ensemble,60,Chla_ugL_mean,9.84529006258842
vera4cast,chlorocast_xgboost,2026-10-27 00:00:00,2026-09-29 00:00:00,P1D,fcre,1.6,ensemble,60,Chla_ugL_mean,9.61787744713407
vera4cast,chlorocast_xgboost,2026-10-28 00:00:00,2026-09-29 00:00:00,P1D,fcre,1.6,ensemble,60,Chla_ugL_mean,9.76601181058212
vera4cast,chlorocast_xgboost,2026-10-29 00:00:00,2026-09-29 00:00:00,P1D,fcre,1.6,ensemble,60,Chla_ugL_mean,9.91492643168782
vera4cast,chlorocast_xgboost,2026-10-30 00:00:00,2026-09-29 00:00:00,P1D,fcre,1.6,ensemble,60,Chla_ugL_mean,9.90200356699977
vera4cast,chlorocast_xgboost,2026-10-31 00:00:00,2026-09-29 00:00:00,P1D,fcre,1.6,ensemble,60,Chla_ugL_mean,9.90951863936751
vera4cast,chlorocast_xgboost,2026-11-01 00:00:00,2026-09-29 00:00:00,P1D,fcre,1.6,ensemble,60,Chla_ugL_mean,10.0421642603215
vera4cast,chlorocast_xgboost,2026-11-02 00:00:00,2026-09-29 00:00:00,P1D,fcre,1.6,ensemble,60,Chla_ugL_mean,10.2201516539383
vera4cast,chlorocast_xgboost,2026-11-03 00:00:00,2026-09-29 00:00:00,P1D,fcre,1.6,ensemble,60,Chla_ugL_mean,10.3390360620564
vera4cast,chlorocast_xgboost,2026-09-30 00:00:00,2026-09-29 00:00:00,P1D,fcre,1.6,ensemble,61,Chla_ugL_mean,10.7354369077247
vera4cast,chlorocast_xgboost,2026-10-01 00:00:00,2026-09-29 00:00:00,P1D,fcre,1.6,ensemble,61,Chla_ugL_mean,10.9301110208924
vera4cast,chlorocast_xgboost,2026-10-02 00:00:00,2026-09-29 00:00:00,P1D,fcre,1.6,ensemble,61,Chla_ugL_mean,11.449275076617
vera4cast,chlorocast_xgboost,2026-10-03 00:00:00,2026-09-29 00:00:00,P1D,fcre,1.6,ensemble,61,Chla_ugL_mean,11.8404120683069
vera4cast,chlorocast_xgboost,2026-10-04 00:00:00,2026-09-29 00:00:00,P1D,fcre,1.6,ensemble,61,Chla_ugL_mean,12.1279180538042
vera4cast,chlorocast_xgboost,2026-10-05 00:00:00,2026-09-29 00:00:00,P1D,fcre,1.6,ensemble,61,Chla_ugL_mean,11.6976001711817
vera4cast,chlorocast_xgboost,2026-10-06 00:00:00,2026-09-29 00:00:00,P1D,fcre,1.6,ensemble,61,Chla_ugL_mean,11.1238622167141
vera4cast,chlorocast_xgboost,2026-10-07 00:00:00,2026-09-29 00:00:00,P1D,fcre,1.6,ensemble,61,Chla_ugL_mean,10.9539225711184
vera4cast,chlorocast_xgboost,2026-10-08 00:00:00,2026-09-29 00:00:00,P1D,fcre,1.6,ensemble,61,Chla_ugL_mean,10.9314244463549
vera4cast,chlorocast_xgboost,2026-10-09 00:00:00,2026-09-29 00:00:00,P1D,fcre,1.6,ensemble,61,Chla_ugL_mean,11.1724428992087
vera4cast,chlorocast_xgboost,2026-10-10 00:00:00,2026-09-29 00:00:00,P1D,fcre,1.6,ensemble,61,Chla_ugL_mean,11.3160303995075
vera4cast,chlorocast_xgboost,2026-10-11 00:00:00,2026-09-29 00:00:00,P1D,fcre,1.6,ensemble,61,Chla_ugL_mean,10.7302945162651
vera4cast,chlorocast_xgboost,2026-10-12 00:00:00,2026-09-29 00:00:00,P1D,fcre,1.6,ensemble,61,Chla_ugL_mean,10.6123439285217
vera4cast,chlorocast_xgboost,2026-10-13 00:00:00,2026-09-29 00:00:00,P1D,fcre,1.6,ensemble,61,Chla_ugL_mean,10.4865366233309
vera4cast,chlorocast_xgboost,2026-10-14 00:00:00,2026-09-29 00:00:00,P1D,fcre,1.6,ensemble,61,Chla_ugL_mean,10.703665181782
vera4cast,chlorocast_xgboost,2026-10-15 00:00:00,2026-09-29 00:00:00,P1D,fcre,1.6,ensemble,61,Chla_ugL_mean,10.4328832990349
vera4cast,chlorocast_xgboost,2026-10-16 00:00:00,2026-09-29 00:00:00,P1D,fcre,1.6,ensemble,61,Chla_ugL_mean,10.244205478008
vera4cast,chlorocast_xgboost,2026-10-17 00:00:00,2026-09-29 00:00:00,P1D,fcre,1.6,ensemble,61,Chla_ugL_mean,10.2917870564137
vera4cast,chlorocast_xgboost,2026-10-18 00:00:00,2026-09-29 00:00:00,P1D,fcre,1.6,ensemble,61,Chla_ugL_mean,10.2539278900962
vera4cast,chlorocast_xgboost,2026-10-19 00:00:00,2026-09-29 00:00:00,P1D,fcre,1.6,ensemble,61,Chla_ugL_mean,10.1700664107757
vera4cast,chlorocast_xgboost,2026-10-20 00:00:00,2026-09-29 00:00:00,P1D,fcre,1.6,ensemble,61,Chla_ugL_mean,9.89025526406307
vera4cast,chlorocast_xgboost,2026-10-21 00:00:00,2026-09-29 00:00:00,P1D,fcre,1.6,ensemble,61,Chla_ugL_mean,9.97709497818837
vera4cast,chlorocast_xgboost,2026-10-22 00:00:00,2026-09-29 00:00:00,P1D,fcre,1.6,ensemble,61,Chla_ugL_mean,9.71354485457952
vera4cast,chlorocast_xgboost,2026-10-23 00:00:00,2026-09-29 00:00:00,P1D,fcre,1.6,ensemble,61,Chla_ugL_mean,9.93324259057617
vera4cast,chlorocast_xgboost,2026-10-24 00:00:00,2026-09-29 00:00:00,P1D,fcre,1.6,ensemble,61,Chla_ugL_mean,9.78908447682018
vera4cast,chlorocast_xgboost,2026-10-25 00:00:00,2026-09-29 00:00:00,P1D,fcre,1.6,ensemble,61,Chla_ugL_mean,10.0740309561095
vera4cast,chlorocast_xgboost,2026-10-26 00:00:00,2026-09-29 00:00:00,P1D,fcre,1.6,ensemble,61,Chla_ugL_mean,9.88475285805175
vera4cast,chlorocast_xgboost,2026-10-27 00:00:00,2026-09-29 00:00:00,P1D,fcre,1.6,ensemble,61,Chla_ugL_mean,9.65766234316984
vera4cast,chlorocast_xgboost,2026-10-28 00:00:00,2026-09-29 00:00:00,P1D,fcre,1.6,ensemble,61,Chla_ugL_mean,9.7982257937508
vera4cast,chlorocast_xgboost,2026-10-29 00:00:00,2026-09-29 00:00:00,P1D,fcre,1.6,ensemble,61,Chla_ugL_mean,9.94140123687759
vera4cast,chlorocast_xgboost,2026-10-30 00:00:00,2026-09-29 00:00:00,P1D,fcre,1.6,ensemble,61,Chla_ugL_mean,9.93849984783066
vera4cast,chlorocast_xgboost,2026-10-31 00:00:00,2026-09-29 00:00:00,P1D,fcre,1.6,ensemble,61,Chla_ugL_mean,9.95576207300455
vera4cast,chlorocast_xgboost,2026-11-01 00:00:00,2026-09-29 00:00:00,P1D,fcre,1.6,ensemble,61,Chla_ugL_mean,10.081408387126
vera4cast,chlorocast_xgboost,2026-11-02 00:00:00,2026-09-29 00:00:00,P1D,fcre,1.6,ensemble,61,Chla_ugL_mean,10.2706346293755
vera4cast,chlorocast_xgboost,2026-11-03 00:00:00,2026-09-29 00:00:00,P1D,fcre,1.6,ensemble,61,Chla_ugL_mean,10.3764039969497
vera4cast,chlorocast_xgboost,2026-09-30 00:00:00,2026-09-29 00:00:00,P1D,fcre,1.6,ensemble,62,Chla_ugL_mean,10.7794999086194
vera4cast,chlorocast_xgboost,2026-10-01 00:00:00,2026-09-29 00:00:00,P1D,fcre,1.6,ensemble,62,Chla_ugL_mean,10.9810159754941
vera4cast,chlorocast_xgboost,2026-10-02 00:00:00,2026-09-29 00:00:00,P1D,fcre,1.6,ensemble,62,Chla_ugL_mean,11.4941675422026
vera4cast,chlorocast_xgboost,2026-10-03 00:00:00,2026-09-29 00:00:00,P1D,fcre,1.6,ensemble,62,Chla_ugL_mean,11.8943488743529
vera4cast,chlorocast_xgboost,2026-10-04 00:00:00,2026-09-29 00:00:00,P1D,fcre,1.6,ensemble,62,Chla_ugL_mean,12.1855085842912
vera4cast,chlorocast_xgboost,2026-10-05 00:00:00,2026-09-29 00:00:00,P1D,fcre,1.6,ensemble,62,Chla_ugL_mean,11.7367299843672
vera4cast,chlorocast_xgboost,2026-10-06 00:00:00,2026-09-29 00:00:00,P1D,fcre,1.6,ensemble,62,Chla_ugL_mean,11.1729970757853
vera4cast,chlorocast_xgboost,2026-10-07 00:00:00,2026-09-29 00:00:00,P1D,fcre,1.6,ensemble,62,Chla_ugL_mean,11.003570797652
vera4cast,chlorocast_xgboost,2026-10-08 00:00:00,2026-09-29 00:00:00,P1D,fcre,1.6,ensemble,62,Chla_ugL_mean,10.9820775060101
vera4cast,chlorocast_xgboost,2026-10-09 00:00:00,2026-09-29 00:00:00,P1D,fcre,1.6,ensemble,62,Chla_ugL_mean,11.2075800283179
vera4cast,chlorocast_xgboost,2026-10-10 00:00:00,2026-09-29 00:00:00,P1D,fcre,1.6,ensemble,62,Chla_ugL_mean,11.3545154701463
vera4cast,chlorocast_xgboost,2026-10-11 00:00:00,2026-09-29 00:00:00,P1D,fcre,1.6,ensemble,62,Chla_ugL_mean,10.7770867780104
vera4cast,chlorocast_xgboost,2026-10-12 00:00:00,2026-09-29 00:00:00,P1D,fcre,1.6,ensemble,62,Chla_ugL_mean,10.6493137173328
vera4cast,chlorocast_xgboost,2026-10-13 00:00:00,2026-09-29 00:00:00,P1D,fcre,1.6,ensemble,62,Chla_ugL_mean,10.5463332981452
vera4cast,chlorocast_xgboost,2026-10-14 00:00:00,2026-09-29 00:00:00,P1D,fcre,1.6,ensemble,62,Chla_ugL_mean,10.754933384339
vera4cast,chlorocast_xgboost,2026-10-15 00:00:00,2026-09-29 00:00:00,P1D,fcre,1.6,ensemble,62,Chla_ugL_mean,10.4926101928994
vera4cast,chlorocast_xgboost,2026-10-16 00:00:00,2026-09-29 00:00:00,P1D,fcre,1.6,ensemble,62,Chla_ugL_mean,10.2839513161661
vera4cast,chlorocast_xgboost,2026-10-17 00:00:00,2026-09-29 00:00:00,P1D,fcre,1.6,ensemble,62,Chla_ugL_mean,10.3350196350883
vera4cast,chlorocast_xgboost,2026-10-18 00:00:00,2026-09-29 00:00:00,P1D,fcre,1.6,ensemble,62,Chla_ugL_mean,10.295682406613
vera4cast,chlorocast_xgboost,2026-10-19 00:00:00,2026-09-29 00:00:00,P1D,fcre,1.6,ensemble,62,Chla_ugL_mean,10.2145665330679
vera4cast,chlorocast_xgboost,2026-10-20 00:00:00,2026-09-29 00:00:00,P1D,fcre,1.6,ensemble,62,Chla_ugL_mean,9.94709030994307
vera4cast,chlorocast_xgboost,2026-10-21 00:00:00,2026-09-29 00:00:00,P1D,fcre,1.6,ensemble,62,Chla_ugL_mean,10.0188103463092
vera4cast,chlorocast_xgboost,2026-10-22 00:00:00,2026-09-29 00:00:00,P1D,fcre,1.6,ensemble,62,Chla_ugL_mean,9.76586679113596
vera4cast,chlorocast_xgboost,2026-10-23 00:00:00,2026-09-29 00:00:00,P1D,fcre,1.6,ensemble,62,Chla_ugL_mean,9.96354431522966
vera4cast,chlorocast_xgboost,2026-10-24 00:00:00,2026-09-29 00:00:00,P1D,fcre,1.6,ensemble,62,Chla_ugL_mean,9.8327419323428
vera4cast,chlorocast_xgboost,2026-10-25 00:00:00,2026-09-29 00:00:00,P1D,fcre,1.6,ensemble,62,Chla_ugL_mean,10.1356428725858
vera4cast,chlorocast_xgboost,2026-10-26 00:00:00,2026-09-29 00:00:00,P1D,fcre,1.6,ensemble,62,Chla_ugL_mean,9.92534856857043
vera4cast,chlorocast_xgboost,2026-10-27 00:00:00,2026-09-29 00:00:00,P1D,fcre,1.6,ensemble,62,Chla_ugL_mean,9.69859203961438
vera4cast,chlorocast_xgboost,2026-10-28 00:00:00,2026-09-29 00:00:00,P1D,fcre,1.6,ensemble,62,Chla_ugL_mean,9.83041057611319
vera4cast,chlorocast_xgboost,2026-10-29 00:00:00,2026-09-29 00:00:00,P1D,fcre,1.6,ensemble,62,Chla_ugL_mean,9.96938674089145
vera4cast,chlorocast_xgboost,2026-10-30 00:00:00,2026-09-29 00:00:00,P1D,fcre,1.6,ensemble,62,Chla_ugL_mean,9.97236136628058
vera4cast,chlorocast_xgboost,2026-10-31 00:00:00,2026-09-29 00:00:00,P1D,fcre,1.6,ensemble,62,Chla_ugL_mean,10.0067059874904
vera4cast,chlorocast_xgboost,2026-11-01 00:00:00,2026-09-29 00:00:00,P1D,fcre,1.6,ensemble,62,Chla_ugL_mean,10.1235457085429
vera4cast,chlorocast_xgboost,2026-11-02 00:00:00,2026-09-29 00:00:00,P1D,fcre,1.6,ensemble,62,Chla_ugL_mean,10.3236885470897
vera4cast,chlorocast_xgboost,2026-11-03 00:00:00,2026-09-29 00:00:00,P1D,fcre,1.6,ensemble,62,Chla_ugL_mean,10.4140817276407
vera4cast,chlorocast_xgboost,2026-09-30 00:00:00,2026-09-29 00:00:00,P1D,fcre,1.6,ensemble,63,Chla_ugL_mean,10.8237283526981
vera4cast,chlorocast_xgboost,2026-10-01 00:00:00,2026-09-29 00:00:00,P1D,fcre,1.6,ensemble,63,Chla_ugL_mean,11.0321381379993
vera4cast,chlorocast_xgboost,2026-10-02 00:00:00,2026-09-29 00:00:00,P1D,fcre,1.6,ensemble,63,Chla_ugL_mean,11.5392218913882
vera4cast,chlorocast_xgboost,2026-10-03 00:00:00,2026-09-29 00:00:00,P1D,fcre,1.6,ensemble,63,Chla_ugL_mean,11.9485122447046
vera4cast,chlorocast_xgboost,2026-10-04 00:00:00,2026-09-29 00:00:00,P1D,fcre,1.6,ensemble,63,Chla_ugL_mean,12.2433517572146
vera4cast,chlorocast_xgboost,2026-10-05 00:00:00,2026-09-29 00:00:00,P1D,fcre,1.6,ensemble,63,Chla_ugL_mean,11.7759803827231
vera4cast,chlorocast_xgboost,2026-10-06 00:00:00,2026-09-29 00:00:00,P1D,fcre,1.6,ensemble,63,Chla_ugL_mean,11.222331065656
vera4cast,chlorocast_xgboost,2026-10-07 00:00:00,2026-09-29 00:00:00,P1D,fcre,1.6,ensemble,63,Chla_ugL_mean,11.0534252281645
vera4cast,chlorocast_xgboost,2026-10-08 00:00:00,2026-09-29 00:00:00,P1D,fcre,1.6,ensemble,63,Chla_ugL_mean,11.0329456055764
vera4cast,chlorocast_xgboost,2026-10-09 00:00:00,2026-09-29 00:00:00,P1D,fcre,1.6,ensemble,63,Chla_ugL_mean,11.2428185847127
vera4cast,chlorocast_xgboost,2026-10-10 00:00:00,2026-09-29 00:00:00,P1D,fcre,1.6,ensemble,63,Chla_ugL_mean,11.3931207987428
vera4cast,chlorocast_xgboost,2026-10-11 00:00:00,2026-09-29 00:00:00,P1D,fcre,1.6,ensemble,63,Chla_ugL_mean,10.8240656945543
vera4cast,chlorocast_xgboost,2026-10-12 00:00:00,2026-09-29 00:00:00,P1D,fcre,1.6,ensemble,63,Chla_ugL_mean,10.6864012054898
vera4cast,chlorocast_xgboost,2026-10-13 00:00:00,2026-09-29 00:00:00,P1D,fcre,1.6,ensemble,63,Chla_ugL_mean,10.6064412628143
vera4cast,chlorocast_xgboost,2026-10-14 00:00:00,2026-09-29 00:00:00,P1D,fcre,1.6,ensemble,63,Chla_ugL_mean,10.8064261685594
vera4cast,chlorocast_xgboost,2026-10-15 00:00:00,2026-09-29 00:00:00,P1D,fcre,1.6,ensemble,63,Chla_ugL_mean,10.5526491079536
vera4cast,chlorocast_xgboost,2026-10-16 00:00:00,2026-09-29 00:00:00,P1D,fcre,1.6,ensemble,63,Chla_ugL_mean,10.3238376472789
vera4cast,chlorocast_xgboost,2026-10-17 00:00:00,2026-09-29 00:00:00,P1D,fcre,1.6,ensemble,63,Chla_ugL_mean,10.3784177372402
vera4cast,chlorocast_xgboost,2026-10-18 00:00:00,2026-09-29 00:00:00,P1D,fcre,1.6,ensemble,63,Chla_ugL_mean,10.337591841454
vera4cast,chlorocast_xgboost,2026-10-19 00:00:00,2026-09-29 00:00:00,P1D,fcre,1.6,ensemble,63,Chla_ugL_mean,10.2592439381812
vera4cast,chlorocast_xgboost,2026-10-20 00:00:00,2026-09-29 00:00:00,P1D,fcre,1.6,ensemble,63,Chla_ugL_mean,10.0042219716839
vera4cast,chlorocast_xgboost,2026-10-21 00:00:00,2026-09-29 00:00:00,P1D,fcre,1.6,ensemble,63,Chla_ugL_mean,10.0606842419769
vera4cast,chlorocast_xgboost,2026-10-22 00:00:00,2026-09-29 00:00:00,P1D,fcre,1.6,ensemble,63,Chla_ugL_mean,9.81844425329873
vera4cast,chlorocast_xgboost,2026-10-23 00:00:00,2026-09-29 00:00:00,P1D,fcre,1.6,ensemble,63,Chla_ugL_mean,9.99393002178599
vera4cast,chlorocast_xgboost,2026-10-24 00:00:00,2026-09-29 00:00:00,P1D,fcre,1.6,ensemble,63,Chla_ugL_mean,9.87657604543323
vera4cast,chlorocast_xgboost,2026-10-25 00:00:00,2026-09-29 00:00:00,P1D,fcre,1.6,ensemble,63,Chla_ugL_mean,10.1975975755567
vera4cast,chlorocast_xgboost,2026-10-26 00:00:00,2026-09-29 00:00:00,P1D,fcre,1.6,ensemble,63,Chla_ugL_mean,9.96609568461334
vera4cast,chlorocast_xgboost,2026-10-27 00:00:00,2026-09-29 00:00:00,P1D,fcre,1.6,ensemble,63,Chla_ugL_mean,9.73967892250347
vera4cast,chlorocast_xgboost,2026-10-28 00:00:00,2026-09-29 00:00:00,P1D,fcre,1.6,ensemble,63,Chla_ugL_mean,9.86269128721753
vera4cast,chlorocast_xgboost,2026-10-29 00:00:00,2026-09-29 00:00:00,P1D,fcre,1.6,ensemble,63,Chla_ugL_mean,9.99744382517349
vera4cast,chlorocast_xgboost,2026-10-30 00:00:00,2026-09-29 00:00:00,P1D,fcre,1.6,ensemble,63,Chla_ugL_mean,10.0063277073705
vera4cast,chlorocast_xgboost,2026-10-31 00:00:00,2026-09-29 00:00:00,P1D,fcre,1.6,ensemble,63,Chla_ugL_mean,10.0578867894155
vera4cast,chlorocast_xgboost,2026-11-01 00:00:00,2026-09-29 00:00:00,P1D,fcre,1.6,ensemble,63,Chla_ugL_mean,10.1658432581361
vera4cast,chlorocast_xgboost,2026-11-02 00:00:00,2026-09-29 00:00:00,P1D,fcre,1.6,ensemble,63,Chla_ugL_mean,10.3769922039071
vera4cast,chlorocast_xgboost,2026-11-03 00:00:00,2026-09-29 00:00:00,P1D,fcre,1.6,ensemble,63,Chla_ugL_mean,10.4518842439309
vera4cast,chlorocast_xgboost,2026-09-30 00:00:00,2026-09-29 00:00:00,P1D,fcre,1.6,ensemble,64,Chla_ugL_mean,10.8681228611498
vera4cast,chlorocast_xgboost,2026-10-01 00:00:00,2026-09-29 00:00:00,P1D,fcre,1.6,ensemble,64,Chla_ugL_mean,11.083478435219
vera4cast,chlorocast_xgboost,2026-10-02 00:00:00,2026-09-29 00:00:00,P1D,fcre,1.6,ensemble,64,Chla_ugL_mean,11.584438707931
vera4cast,chlorocast_xgboost,2026-10-03 00:00:00,2026-09-29 00:00:00,P1D,fcre,1.6,ensemble,64,Chla_ugL_mean,12.0029031310571
vera4cast,chlorocast_xgboost,2026-10-04 00:00:00,2026-09-29 00:00:00,P1D,fcre,1.6,ensemble,64,Chla_ugL_mean,12.3014486808851
vera4cast,chlorocast_xgboost,2026-10-05 00:00:00,2026-09-29 00:00:00,P1D,fcre,1.6,ensemble,64,Chla_ugL_mean,11.8153517378531
vera4cast,chlorocast_xgboost,2026-10-06 00:00:00,2026-09-29 00:00:00,P1D,fcre,1.6,ensemble,64,Chla_ugL_mean,11.2718649933514
vera4cast,chlorocast_xgboost,2026-10-07 00:00:00,2026-09-29 00:00:00,P1D,fcre,1.6,ensemble,64,Chla_ugL_mean,11.1034867190829
vera4cast,chlorocast_xgboost,2026-10-08 00:00:00,2026-09-29 00:00:00,P1D,fcre,1.6,ensemble,64,Chla_ugL_mean,11.0840296579733
vera4cast,chlorocast_xgboost,2026-10-09 00:00:00,2026-09-29 00:00:00,P1D,fcre,1.6,ensemble,64,Chla_ugL_mean,11.2781588611744
vera4cast,chlorocast_xgboost,2026-10-10 00:00:00,2026-09-29 00:00:00,P1D,fcre,1.6,ensemble,64,Chla_ugL_mean,11.4318467610783
vera4cast,chlorocast_xgboost,2026-10-11 00:00:00,2026-09-29 00:00:00,P1D,fcre,1.6,ensemble,64,Chla_ugL_mean,10.8712320104644
vera4cast,chlorocast_xgboost,2026-10-12 00:00:00,2026-09-29 00:00:00,P1D,fcre,1.6,ensemble,64,Chla_ugL_mean,10.7236067677077
vera4cast,chlorocast_xgboost,2026-10-13 00:00:00,2026-09-29 00:00:00,P1D,fcre,1.6,ensemble,64,Chla_ugL_mean,10.6668621378528
vera4cast,chlorocast_xgboost,2026-10-14 00:00:00,2026-09-29 00:00:00,P1D,fcre,1.6,ensemble,64,Chla_ugL_mean,10.8581445182287
vera4cast,chlorocast_xgboost,2026-10-15 00:00:00,2026-09-29 00:00:00,P1D,fcre,1.6,ensemble,64,Chla_ugL_mean,10.6130016742377
vera4cast,chlorocast_xgboost,2026-10-16 00:00:00,2026-09-29 00:00:00,P1D,fcre,1.6,ensemble,64,Chla_ugL_mean,10.3638649679586
vera4cast,chlorocast_xgboost,2026-10-17 00:00:00,2026-09-29 00:00:00,P1D,fcre,1.6,ensemble,64,Chla_ugL_mean,10.4219819966049
vera4cast,chlorocast_xgboost,2026-10-18 00:00:00,2026-09-29 00:00:00,P1D,fcre,1.6,ensemble,64,Chla_ugL_mean,10.3796567693998
vera4cast,chlorocast_xgboost,2026-10-19 00:00:00,2026-09-29 00:00:00,P1D,fcre,1.6,ensemble,64,Chla_ugL_mean,10.3040993323876
vera4cast,chlorocast_xgboost,2026-10-20 00:00:00,2026-09-29 00:00:00,P1D,fcre,1.6,ensemble,64,Chla_ugL_mean,10.0616517972913
vera4cast,chlorocast_xgboost,2026-10-21 00:00:00,2026-09-29 00:00:00,P1D,fcre,1.6,ensemble,64,Chla_ugL_mean,10.1027172676307
vera4cast,chlorocast_xgboost,2026-10-22 00:00:00,2026-09-29 00:00:00,P1D,fcre,1.6,ensemble,64,Chla_ugL_mean,9.87127848898296
vera4cast,chlorocast_xgboost,2026-10-23 00:00:00,2026-09-29 00:00:00,P1D,fcre,1.6,ensemble,64,Chla_ugL_mean,10.0243999430029
vera4cast,chlorocast_xgboost,2026-10-24 00:00:00,2026-09-29 00:00:00,P1D,fcre,1.6,ensemble,64,Chla_ugL_mean,9.92058753092692
vera4cast,chlorocast_xgboost,2026-10-25 00:00:00,2026-09-29 00:00:00,P1D,fcre,1.6,ensemble,64,Chla_ugL_mean,10.2598969721626
vera4cast,chlorocast_xgboost,2026-10-26 00:00:00,2026-09-29 00:00:00,P1D,fcre,1.6,ensemble,64,Chla_ugL_mean,10.0069947708616
vera4cast,chlorocast_xgboost,2026-10-27 00:00:00,2026-09-29 00:00:00,P1D,fcre,1.6,ensemble,64,Chla_ugL_mean,9.78092359549609
vera4cast,chlorocast_xgboost,2026-10-28 00:00:00,2026-09-29 00:00:00,P1D,fcre,1.6,ensemble,64,Chla_ugL_mean,9.8950682129854
vera4cast,chlorocast_xgboost,2026-10-29 00:00:00,2026-09-29 00:00:00,P1D,fcre,1.6,ensemble,64,Chla_ugL_mean,10.025572672809
vera4cast,chlorocast_xgboost,2026-10-30 00:00:00,2026-09-29 00:00:00,P1D,fcre,1.6,ensemble,64,Chla_ugL_mean,10.0403991955922
vera4cast,chlorocast_xgboost,2026-10-31 00:00:00,2026-09-29 00:00:00,P1D,fcre,1.6,ensemble,64,Chla_ugL_mean,10.1093055802983
vera4cast,chlorocast_xgboost,2026-11-01 00:00:00,2026-09-29 00:00:00,P1D,fcre,1.6,ensemble,64,Chla_ugL_mean,10.208301645177
vera4cast,chlorocast_xgboost,2026-11-02 00:00:00,2026-09-29 00:00:00,P1D,fcre,1.6,ensemble,64,Chla_ugL_mean,10.4305467754171
vera4cast,chlorocast_xgboost,2026-11-03 00:00:00,2026-09-29 00:00:00,P1D,fcre,1.6,ensemble,64,Chla_ugL_mean,10.4898119591002
vera4cast,chlorocast_xgboost,2026-09-30 00:00:00,2026-09-29 00:00:00,P1D,fcre,1.6,ensemble,65,Chla_ugL_mean,10.9126840574956
vera4cast,chlorocast_xgboost,2026-10-01 00:00:00,2026-09-29 00:00:00,P1D,fcre,1.6,ensemble,65,Chla_ugL_mean,11.1350377979188
vera4cast,chlorocast_xgboost,2026-10-02 00:00:00,2026-09-29 00:00:00,P1D,fcre,1.6,ensemble,65,Chla_ugL_mean,11.6298185776932
vera4cast,chlorocast_xgboost,2026-10-03 00:00:00,2026-09-29 00:00:00,P1D,fcre,1.6,ensemble,65,Chla_ugL_mean,12.0575224891029
vera4cast,chlorocast_xgboost,2026-10-04 00:00:00,2026-09-29 00:00:00,P1D,fcre,1.6,ensemble,65,Chla_ugL_mean,12.3598004684754
vera4cast,chlorocast_xgboost,2026-10-05 00:00:00,2026-09-29 00:00:00,P1D,fcre,1.6,ensemble,65,Chla_ugL_mean,11.854844422506
vera4cast,chlorocast_xgboost,2026-10-06 00:00:00,2026-09-29 00:00:00,P1D,fcre,1.6,ensemble,65,Chla_ugL_mean,11.3215996691677
vera4cast,chlorocast_xgboost,2026-10-07 00:00:00,2026-09-29 00:00:00,P1D,fcre,1.6,ensemble,65,Chla_ugL_mean,11.1537561303912
vera4cast,chlorocast_xgboost,2026-10-08 00:00:00,2026-09-29 00:00:00,P1D,fcre,1.6,ensemble,65,Chla_ugL_mean,11.1353305799958
vera4cast,chlorocast_xgboost,2026-10-09 00:00:00,2026-09-29 00:00:00,P1D,fcre,1.6,ensemble,65,Chla_ugL_mean,11.3136011513294
vera4cast,chlorocast_xgboost,2026-10-10 00:00:00,2026-09-29 00:00:00,P1D,fcre,1.6,ensemble,65,Chla_ugL_mean,11.4706937341087
vera4cast,chlorocast_xgboost,2026-10-11 00:00:00,2026-09-29 00:00:00,P1D,fcre,1.6,ensemble,65,Chla_ugL_mean,10.9185864732789
vera4cast,chlorocast_xgboost,2026-10-12 00:00:00,2026-09-29 00:00:00,P1D,fcre,1.6,ensemble,65,Chla_ugL_mean,10.7609307798946
vera4cast,chlorocast_xgboost,2026-10-13 00:00:00,2026-09-29 00:00:00,P1D,fcre,1.6,ensemble,65,Chla_ugL_mean,10.727597552211
vera4cast,chlorocast_xgboost,2026-10-14 00:00:00,2026-09-29 00:00:00,P1D,fcre,1.6,ensemble,65,Chla_ugL_mean,10.9100894214422
vera4cast,chlorocast_xgboost,2026-10-15 00:00:00,2026-09-29 00:00:00,P1D,fcre,1.6,ensemble,65,Chla_ugL_mean,10.6736695303072
vera4cast,chlorocast_xgboost,2026-10-16 00:00:00,2026-09-29 00:00:00,P1D,fcre,1.6,ensemble,65,Chla_ugL_mean,10.404033776573
vera4cast,chlorocast_xgboost,2026-10-17 00:00:00,2026-09-29 00:00:00,P1D,fcre,1.6,ensemble,65,Chla_ugL_mean,10.4657130493445
vera4cast,chlorocast_xgboost,2026-10-18 00:00:00,2026-09-29 00:00:00,P1D,fcre,1.6,ensemble,65,Chla_ugL_mean,10.4218777673637
vera4cast,chlorocast_xgboost,2026-10-19 00:00:00,2026-09-29 00:00:00,P1D,fcre,1.6,ensemble,65,Chla_ugL_mean,10.349133424773
vera4cast,chlorocast_xgboost,2026-10-20 00:00:00,2026-09-29 00:00:00,P1D,fcre,1.6,ensemble,65,Chla_ugL_mean,10.1193813428495
vera4cast,chlorocast_xgboost,2026-10-21 00:00:00,2026-09-29 00:00:00,P1D,fcre,1.6,ensemble,65,Chla_ugL_mean,10.1449100279996
vera4cast,chlorocast_xgboost,2026-10-22 00:00:00,2026-09-29 00:00:00,P1D,fcre,1.6,ensemble,65,Chla_ugL_mean,9.92437075219823
vera4cast,chlorocast_xgboost,2026-10-23 00:00:00,2026-09-29 00:00:00,P1D,fcre,1.6,ensemble,65,Chla_ugL_mean,10.0549543122831
vera4cast,chlorocast_xgboost,2026-10-24 00:00:00,2026-09-29 00:00:00,P1D,fcre,1.6,ensemble,65,Chla_ugL_mean,9.96477710655186
vera4cast,chlorocast_xgboost,2026-10-25 00:00:00,2026-09-29 00:00:00,P1D,fcre,1.6,ensemble,65,Chla_ugL_mean,10.3225429801547
vera4cast,chlorocast_xgboost,2026-10-26 00:00:00,2026-09-29 00:00:00,P1D,fcre,1.6,ensemble,65,Chla_ugL_mean,10.0480463941025
vera4cast,chlorocast_xgboost,2026-10-27 00:00:00,2026-09-29 00:00:00,P1D,fcre,1.6,ensemble,65,Chla_ugL_mean,9.8223266645695
vera4cast,chlorocast_xgboost,2026-10-28 00:00:00,2026-09-29 00:00:00,P1D,fcre,1.6,ensemble,65,Chla_ugL_mean,9.92754164019057
vera4cast,chlorocast_xgboost,2026-10-29 00:00:00,2026-09-29 00:00:00,P1D,fcre,1.6,ensemble,65,Chla_ugL_mean,10.0537734673517
vera4cast,chlorocast_xgboost,2026-10-30 00:00:00,2026-09-29 00:00:00,P1D,fcre,1.6,ensemble,65,Chla_ugL_mean,10.0745761564421
vera4cast,chlorocast_xgboost,2026-10-31 00:00:00,2026-09-29 00:00:00,P1D,fcre,1.6,ensemble,65,Chla_ugL_mean,10.1609634667793
vera4cast,chlorocast_xgboost,2026-11-01 00:00:00,2026-09-29 00:00:00,P1D,fcre,1.6,ensemble,65,Chla_ugL_mean,10.2509214812539
vera4cast,chlorocast_xgboost,2026-11-02 00:00:00,2026-09-29 00:00:00,P1D,fcre,1.6,ensemble,65,Chla_ugL_mean,10.4843534427427
vera4cast,chlorocast_xgboost,2026-11-03 00:00:00,2026-09-29 00:00:00,P1D,fcre,1.6,ensemble,65,Chla_ugL_mean,10.5278652877971
vera4cast,chlorocast_xgboost,2026-09-30 00:00:00,2026-09-29 00:00:00,P1D,fcre,1.6,ensemble,66,Chla_ugL_mean,10.9574125675981
vera4cast,chlorocast_xgboost,2026-10-01 00:00:00,2026-09-29 00:00:00,P1D,fcre,1.6,ensemble,66,Chla_ugL_mean,11.186817160836
vera4cast,chlorocast_xgboost,2026-10-02 00:00:00,2026-09-29 00:00:00,P1D,fcre,1.6,ensemble,66,Chla_ugL_mean,11.6753620886497
vera4cast,chlorocast_xgboost,2026-10-03 00:00:00,2026-09-29 00:00:00,P1D,fcre,1.6,ensemble,66,Chla_ugL_mean,12.112371278549
vera4cast,chlorocast_xgboost,2026-10-04 00:00:00,2026-09-29 00:00:00,P1D,fcre,1.6,ensemble,66,Chla_ugL_mean,12.4184082380415
vera4cast,chlorocast_xgboost,2026-10-05 00:00:00,2026-09-29 00:00:00,P1D,fcre,1.6,ensemble,66,Chla_ugL_mean,11.8944588105793
vera4cast,chlorocast_xgboost,2026-10-06 00:00:00,2026-09-29 00:00:00,P1D,fcre,1.6,ensemble,66,Chla_ugL_mean,11.3715359066846
vera4cast,chlorocast_xgboost,2026-10-07 00:00:00,2026-09-29 00:00:00,P1D,fcre,1.6,ensemble,66,Chla_ugL_mean,11.2042343256451
vera4cast,chlorocast_xgboost,2026-10-08 00:00:00,2026-09-29 00:00:00,P1D,fcre,1.6,ensemble,66,Chla_ugL_mean,11.1868492923313
vera4cast,chlorocast_xgboost,2026-10-09 00:00:00,2026-09-29 00:00:00,P1D,fcre,1.6,ensemble,66,Chla_ugL_mean,11.3491457496517
vera4cast,chlorocast_xgboost,2026-10-10 00:00:00,2026-09-29 00:00:00,P1D,fcre,1.6,ensemble,66,Chla_ugL_mean,11.5096620959675
vera4cast,chlorocast_xgboost,2026-10-11 00:00:00,2026-09-29 00:00:00,P1D,fcre,1.6,ensemble,66,Chla_ugL_mean,10.9661298335175
vera4cast,chlorocast_xgboost,2026-10-12 00:00:00,2026-09-29 00:00:00,P1D,fcre,1.6,ensemble,66,Chla_ugL_mean,10.7983736191552
vera4cast,chlorocast_xgboost,2026-10-13 00:00:00,2026-09-29 00:00:00,P1D,fcre,1.6,ensemble,66,Chla_ugL_mean,10.7886491433197
vera4cast,chlorocast_xgboost,2026-10-14 00:00:00,2026-09-29 00:00:00,P1D,fcre,1.6,ensemble,66,Chla_ugL_mean,10.9622618706234
vera4cast,chlorocast_xgboost,2026-10-15 00:00:00,2026-09-29 00:00:00,P1D,fcre,1.6,ensemble,66,Chla_ugL_mean,10.7346543232774
vera4cast,chlorocast_xgboost,2026-10-16 00:00:00,2026-09-29 00:00:00,P1D,fcre,1.6,ensemble,66,Chla_ugL_mean,10.4443445732513
vera4cast,chlorocast_xgboost,2026-10-17 00:00:00,2026-09-29 00:00:00,P1D,fcre,1.6,ensemble,66,Chla_ugL_mean,10.5096115340563
vera4cast,chlorocast_xgboost,2026-10-18 00:00:00,2026-09-29 00:00:00,P1D,fcre,1.6,ensemble,66,Chla_ugL_mean,10.4642554143993
vera4cast,chlorocast_xgboost,2026-10-19 00:00:00,2026-09-29 00:00:00,P1D,fcre,1.6,ensemble,66,Chla_ugL_mean,10.3943469272484
vera4cast,chlorocast_xgboost,2026-10-20 00:00:00,2026-09-29 00:00:00,P1D,fcre,1.6,ensemble,66,Chla_ugL_mean,10.1774121725642
vera4cast,chlorocast_xgboost,2026-10-21 00:00:00,2026-09-29 00:00:00,P1D,fcre,1.6,ensemble,66,Chla_ugL_mean,10.1872631301104
vera4cast,chlorocast_xgboost,2026-10-22 00:00:00,2026-09-29 00:00:00,P1D,fcre,1.6,ensemble,66,Chla_ugL_mean,9.97772230307835
vera4cast,chlorocast_xgboost,2026-10-23 00:00:00,2026-09-29 00:00:00,P1D,fcre,1.6,ensemble,66,Chla_ugL_mean,10.0855933636764
vera4cast,chlorocast_xgboost,2026-10-24 00:00:00,2026-09-29 00:00:00,P1D,fcre,1.6,ensemble,66,Chla_ugL_mean,10.0091454929403
vera4cast,chlorocast_xgboost,2026-10-25 00:00:00,2026-09-29 00:00:00,P1D,fcre,1.6,ensemble,66,Chla_ugL_mean,10.3855375279537
vera4cast,chlorocast_xgboost,2026-10-26 00:00:00,2026-09-29 00:00:00,P1D,fcre,1.6,ensemble,66,Chla_ugL_mean,10.089251123237
vera4cast,chlorocast_xgboost,2026-10-27 00:00:00,2026-09-29 00:00:00,P1D,fcre,1.6,ensemble,66,Chla_ugL_mean,9.86388873802815
vera4cast,chlorocast_xgboost,2026-10-28 00:00:00,2026-09-29 00:00:00,P1D,fcre,1.6,ensemble,66,Chla_ugL_mean,9.96011185646156
vera4cast,chlorocast_xgboost,2026-10-29 00:00:00,2026-09-29 00:00:00,P1D,fcre,1.6,ensemble,66,Chla_ugL_mean,10.0820463928245
vera4cast,chlorocast_xgboost,2026-10-30 00:00:00,2026-09-29 00:00:00,P1D,fcre,1.6,ensemble,66,Chla_ugL_mean,10.1088589164241
vera4cast,chlorocast_xgboost,2026-10-31 00:00:00,2026-09-29 00:00:00,P1D,fcre,1.6,ensemble,66,Chla_ugL_mean,10.2128615606446
vera4cast,chlorocast_xgboost,2026-11-01 00:00:00,2026-09-29 00:00:00,P1D,fcre,1.6,ensemble,66,Chla_ugL_mean,10.2937033802806
vera4cast,chlorocast_xgboost,2026-11-02 00:00:00,2026-09-29 00:00:00,P1D,fcre,1.6,ensemble,66,Chla_ugL_mean,10.538413392567
vera4cast,chlorocast_xgboost,2026-11-03 00:00:00,2026-09-29 00:00:00,P1D,fcre,1.6,ensemble,66,Chla_ugL_mean,10.5660446460436
vera4cast,chlorocast_xgboost,2026-09-30 00:00:00,2026-09-29 00:00:00,P1D,fcre,1.6,ensemble,67,Chla_ugL_mean,11.0023090196695
vera4cast,chlorocast_xgboost,2026-10-01 00:00:00,2026-09-29 00:00:00,P1D,fcre,1.6,ensemble,67,Chla_ugL_mean,11.2388174626961
vera4cast,chlorocast_xgboost,2026-10-02 00:00:00,2026-09-29 00:00:00,P1D,fcre,1.6,ensemble,67,Chla_ugL_mean,11.7210698308956
vera4cast,chlorocast_xgboost,2026-10-03 00:00:00,2026-09-29 00:00:00,P1D,fcre,1.6,ensemble,67,Chla_ugL_mean,12.1674504631337
vera4cast,chlorocast_xgboost,2026-10-04 00:00:00,2026-09-29 00:00:00,P1D,fcre,1.6,ensemble,67,Chla_ugL_mean,12.4772731125443
vera4cast,chlorocast_xgboost,2026-10-05 00:00:00,2026-09-29 00:00:00,P1D,fcre,1.6,ensemble,67,Chla_ugL_mean,11.9341952771229
vera4cast,chlorocast_xgboost,2026-10-06 00:00:00,2026-09-29 00:00:00,P1D,fcre,1.6,ensemble,67,Chla_ugL_mean,11.4216745227794
vera4cast,chlorocast_xgboost,2026-10-07 00:00:00,2026-09-29 00:00:00,P1D,fcre,1.6,ensemble,67,Chla_ugL_mean,11.2549221719871
vera4cast,chlorocast_xgboost,2026-10-08 00:00:00,2026-09-29 00:00:00,P1D,fcre,1.6,ensemble,67,Chla_ugL_mean,11.2385867195755
vera4cast,chlorocast_xgboost,2026-10-09 00:00:00,2026-09-29 00:00:00,P1D,fcre,1.6,ensemble,67,Chla_ugL_mean,11.3847929514654
vera4cast,chlorocast_xgboost,2026-10-10 00:00:00,2026-09-29 00:00:00,P1D,fcre,1.6,ensemble,67,Chla_ugL_mean,11.54875222597
vera4cast,chlorocast_xgboost,2026-10-11 00:00:00,2026-09-29 00:00:00,P1D,fcre,1.6,ensemble,67,Chla_ugL_mean,11.013862844694
vera4cast,chlorocast_xgboost,2026-10-12 00:00:00,2026-09-29 00:00:00,P1D,fcre,1.6,ensemble,67,Chla_ugL_mean,10.8359356637949
vera4cast,chlorocast_xgboost,2026-10-13 00:00:00,2026-09-29 00:00:00,P1D,fcre,1.6,ensemble,67,Chla_ugL_mean,10.8500185571333
vera4cast,chlorocast_xgboost,2026-10-14 00:00:00,2026-09-29 00:00:00,P1D,fcre,1.6,ensemble,67,Chla_ugL_mean,11.0146628625432
vera4cast,chlorocast_xgboost,2026-10-15 00:00:00,2026-09-29 00:00:00,P1D,fcre,1.6,ensemble,67,Chla_ugL_mean,10.7959577088688
vera4cast,chlorocast_xgboost,2026-10-16 00:00:00,2026-09-29 00:00:00,P1D,fcre,1.6,ensemble,67,Chla_ugL_mean,10.4847978598907
vera4cast,chlorocast_xgboost,2026-10-17 00:00:00,2026-09-29 00:00:00,P1D,fcre,1.6,ensemble,67,Chla_ugL_mean,10.5536780917831
vera4cast,chlorocast_xgboost,2026-10-18 00:00:00,2026-09-29 00:00:00,P1D,fcre,1.6,ensemble,67,Chla_ugL_mean,10.5067902917086
vera4cast,chlorocast_xgboost,2026-10-19 00:00:00,2026-09-29 00:00:00,P1D,fcre,1.6,ensemble,67,Chla_ugL_mean,10.4397405545605
vera4cast,chlorocast_xgboost,2026-10-20 00:00:00,2026-09-29 00:00:00,P1D,fcre,1.6,ensemble,67,Chla_ugL_mean,10.2357458588042
vera4cast,chlorocast_xgboost,2026-10-21 00:00:00,2026-09-29 00:00:00,P1D,fcre,1.6,ensemble,67,Chla_ugL_mean,10.2297771832971
vera4cast,chlorocast_xgboost,2026-10-22 00:00:00,2026-09-29 00:00:00,P1D,fcre,1.6,ensemble,67,Chla_ugL_mean,10.0313344079113
vera4cast,chlorocast_xgboost,2026-10-23 00:00:00,2026-09-29 00:00:00,P1D,fcre,1.6,ensemble,67,Chla_ugL_mean,10.116317331881
vera4cast,chlorocast_xgboost,2026-10-24 00:00:00,2026-09-29 00:00:00,P1D,fcre,1.6,ensemble,67,Chla_ugL_mean,10.0536934136404
vera4cast,chlorocast_xgboost,2026-10-25 00:00:00,2026-09-29 00:00:00,P1D,fcre,1.6,ensemble,67,Chla_ugL_mean,10.4488825547096
vera4cast,chlorocast_xgboost,2026-10-26 00:00:00,2026-09-29 00:00:00,P1D,fcre,1.6,ensemble,67,Chla_ugL_mean,10.130609529288
vera4cast,chlorocast_xgboost,2026-10-27 00:00:00,2026-09-29 00:00:00,P1D,fcre,1.6,ensemble,67,Chla_ugL_mean,9.90561042651265
vera4cast,chlorocast_xgboost,2026-10-28 00:00:00,2026-09-29 00:00:00,P1D,fcre,1.6,ensemble,67,Chla_ugL_mean,9.9927791502842
vera4cast,chlorocast_xgboost,2026-10-29 00:00:00,2026-09-29 00:00:00,P1D,fcre,1.6,ensemble,67,Chla_ugL_mean,10.1103916337214
vera4cast,chlorocast_xgboost,2026-10-30 00:00:00,2026-09-29 00:00:00,P1D,fcre,1.6,ensemble,67,Chla_ugL_mean,10.1432478030529
vera4cast,chlorocast_xgboost,2026-10-31 00:00:00,2026-09-29 00:00:00,P1D,fcre,1.6,ensemble,67,Chla_ugL_mean,10.2650009788504
vera4cast,chlorocast_xgboost,2026-11-01 00:00:00,2026-09-29 00:00:00,P1D,fcre,1.6,ensemble,67,Chla_ugL_mean,10.3366479585054
vera4cast,chlorocast_xgboost,2026-11-02 00:00:00,2026-09-29 00:00:00,P1D,fcre,1.6,ensemble,67,Chla_ugL_mean,10.5927278171591
vera4cast,chlorocast_xgboost,2026-11-03 00:00:00,2026-09-29 00:00:00,P1D,fcre,1.6,ensemble,67,Chla_ugL_mean,10.6043504512392
vera4cast,chlorocast_xgboost,2026-09-30 00:00:00,2026-09-29 00:00:00,P1D,fcre,1.6,ensemble,68,Chla_ugL_mean,11.0473740442809
vera4cast,chlorocast_xgboost,2026-10-01 00:00:00,2026-09-29 00:00:00,P1D,fcre,1.6,ensemble,68,Chla_ugL_mean,11.2910396462304
vera4cast,chlorocast_xgboost,2026-10-02 00:00:00,2026-09-29 00:00:00,P1D,fcre,1.6,ensemble,68,Chla_ugL_mean,11.7669423966539
vera4cast,chlorocast_xgboost,2026-10-03 00:00:00,2026-09-29 00:00:00,P1D,fcre,1.6,ensemble,68,Chla_ugL_mean,12.2227610106436
vera4cast,chlorocast_xgboost,2026-10-04 00:00:00,2026-09-29 00:00:00,P1D,fcre,1.6,ensemble,68,Chla_ugL_mean,12.5363962198708
vera4cast,chlorocast_xgboost,2026-10-05 00:00:00,2026-09-29 00:00:00,P1D,fcre,1.6,ensemble,68,Chla_ugL_mean,11.9740541983424
vera4cast,chlorocast_xgboost,2026-10-06 00:00:00,2026-09-29 00:00:00,P1D,fcre,1.6,ensemble,68,Chla_ugL_mean,11.4720163376396
vera4cast,chlorocast_xgboost,2026-10-07 00:00:00,2026-09-29 00:00:00,P1D,fcre,1.6,ensemble,68,Chla_ugL_mean,11.3058205401609
vera4cast,chlorocast_xgboost,2026-10-08 00:00:00,2026-09-29 00:00:00,P1D,fcre,1.6,ensemble,68,Chla_ugL_mean,11.2905437902496
vera4cast,chlorocast_xgboost,2026-10-09 00:00:00,2026-09-29 00:00:00,P1D,fcre,1.6,ensemble,68,Chla_ugL_mean,11.4205430529471
vera4cast,chlorocast_xgboost,2026-10-10 00:00:00,2026-09-29 00:00:00,P1D,fcre,1.6,ensemble,68,Chla_ugL_mean,11.5879645046166
vera4cast,chlorocast_xgboost,2026-10-11 00:00:00,2026-09-29 00:00:00,P1D,fcre,1.6,ensemble,68,Chla_ugL_mean,11.0617862633279
vera4cast,chlorocast_xgboost,2026-10-12 00:00:00,2026-09-29 00:00:00,P1D,fcre,1.6,ensemble,68,Chla_ugL_mean,10.8736172933234
vera4cast,chlorocast_xgboost,2026-10-13 00:00:00,2026-09-29 00:00:00,P1D,fcre,1.6,ensemble,68,Chla_ugL_mean,10.911707448175
vera4cast,chlorocast_xgboost,2026-10-14 00:00:00,2026-09-29 00:00:00,P1D,fcre,1.6,ensemble,68,Chla_ugL_mean,11.067293398339
vera4cast,chlorocast_xgboost,2026-10-15 00:00:00,2026-09-29 00:00:00,P1D,fcre,1.6,ensemble,68,Chla_ugL_mean,10.8575813514512
vera4cast,chlorocast_xgboost,2026-10-16 00:00:00,2026-09-29 00:00:00,P1D,fcre,1.6,ensemble,68,Chla_ugL_mean,10.5253941401624
vera4cast,chlorocast_xgboost,2026-10-17 00:00:00,2026-09-29 00:00:00,P1D,fcre,1.6,ensemble,68,Chla_ugL_mean,10.5979133660216
vera4cast,chlorocast_xgboost,2026-10-18 00:00:00,2026-09-29 00:00:00,P1D,fcre,1.6,ensemble,68,Chla_ugL_mean,10.5494829826502
vera4cast,chlorocast_xgboost,2026-10-19 00:00:00,2026-09-29 00:00:00,P1D,fcre,1.6,ensemble,68,Chla_ugL_mean,10.4853150243039
vera4cast,chlorocast_xgboost,2026-10-20 00:00:00,2026-09-29 00:00:00,P1D,fcre,1.6,ensemble,68,Chla_ugL_mean,10.2943839821444
vera4cast,chlorocast_xgboost,2026-10-21 00:00:00,2026-09-29 00:00:00,P1D,fcre,1.6,ensemble,68,Chla_ugL_mean,10.2724527992089
vera4cast,chlorocast_xgboost,2026-10-22 00:00:00,2026-09-29 00:00:00,P1D,fcre,1.6,ensemble,68,Chla_ugL_mean,10.0852083391691
vera4cast,chlorocast_xgboost,2026-10-23 00:00:00,2026-09-29 00:00:00,P1D,fcre,1.6,ensemble,68,Chla_ugL_mean,10.1471264522459
vera4cast,chlorocast_xgboost,2026-10-24 00:00:00,2026-09-29 00:00:00,P1D,fcre,1.6,ensemble,68,Chla_ugL_mean,10.0984215951282
vera4cast,chlorocast_xgboost,2026-10-25 00:00:00,2026-09-29 00:00:00,P1D,fcre,1.6,ensemble,68,Chla_ugL_mean,10.5125800103609
vera4cast,chlorocast_xgboost,2026-10-26 00:00:00,2026-09-29 00:00:00,P1D,fcre,1.6,ensemble,68,Chla_ugL_mean,10.172122185408
vera4cast,chlorocast_xgboost,2026-10-27 00:00:00,2026-09-29 00:00:00,P1D,fcre,1.6,ensemble,68,Chla_ugL_mean,9.94749234300868
vera4cast,chlorocast_xgboost,2026-10-28 00:00:00,2026-09-29 00:00:00,P1D,fcre,1.6,ensemble,68,Chla_ugL_mean,10.0255438110042
vera4cast,chlorocast_xgboost,2026-10-29 00:00:00,2026-09-29 00:00:00,P1D,fcre,1.6,ensemble,68,Chla_ugL_mean,10.1388093750078
vera4cast,chlorocast_xgboost,2026-10-30 00:00:00,2026-09-29 00:00:00,P1D,fcre,1.6,ensemble,68,Chla_ugL_mean,10.177743144857
vera4cast,chlorocast_xgboost,2026-10-31 00:00:00,2026-09-29 00:00:00,P1D,fcre,1.6,ensemble,68,Chla_ugL_mean,10.3173828435463
vera4cast,chlorocast_xgboost,2026-11-01 00:00:00,2026-09-29 00:00:00,P1D,fcre,1.6,ensemble,68,Chla_ugL_mean,10.3797558345199
vera4cast,chlorocast_xgboost,2026-11-02 00:00:00,2026-09-29 00:00:00,P1D,fcre,1.6,ensemble,68,Chla_ugL_mean,10.6472979144003
vera4cast,chlorocast_xgboost,2026-11-03 00:00:00,2026-09-29 00:00:00,P1D,fcre,1.6,ensemble,68,Chla_ugL_mean,10.642783122166
vera4cast,chlorocast_xgboost,2026-09-30 00:00:00,2026-09-29 00:00:00,P1D,fcre,1.6,ensemble,69,Chla_ugL_mean,11.092608274371
vera4cast,chlorocast_xgboost,2026-10-01 00:00:00,2026-09-29 00:00:00,P1D,fcre,1.6,ensemble,69,Chla_ugL_mean,11.3434846581924
vera4cast,chlorocast_xgboost,2026-10-02 00:00:00,2026-09-29 00:00:00,P1D,fcre,1.6,ensemble,69,Chla_ugL_mean,11.8129803802834
vera4cast,chlorocast_xgboost,2026-10-03 00:00:00,2026-09-29 00:00:00,P1D,fcre,1.6,ensemble,69,Chla_ugL_mean,12.2783038929303
vera4cast,chlorocast_xgboost,2026-10-04 00:00:00,2026-09-29 00:00:00,P1D,fcre,1.6,ensemble,69,Chla_ugL_mean,12.5957786928563
vera4cast,chlorocast_xgboost,2026-10-05 00:00:00,2026-09-29 00:00:00,P1D,fcre,1.6,ensemble,69,Chla_ugL_mean,12.0140359516025
vera4cast,chlorocast_xgboost,2026-10-06 00:00:00,2026-09-29 00:00:00,P1D,fcre,1.6,ensemble,69,Chla_ugL_mean,11.5225621747772
vera4cast,chlorocast_xgboost,2026-10-07 00:00:00,2026-09-29 00:00:00,P1D,fcre,1.6,ensemble,69,Chla_ugL_mean,11.3569303045269
vera4cast,chlorocast_xgboost,2026-10-08 00:00:00,2026-09-29 00:00:00,P1D,fcre,1.6,ensemble,69,Chla_ugL_mean,11.3427214368166
vera4cast,chlorocast_xgboost,2026-10-09 00:00:00,2026-09-29 00:00:00,P1D,fcre,1.6,ensemble,69,Chla_ugL_mean,11.4563963511282
vera4cast,chlorocast_xgboost,2026-10-10 00:00:00,2026-09-29 00:00:00,P1D,fcre,1.6,ensemble,69,Chla_ugL_mean,11.6272993135968
vera4cast,chlorocast_xgboost,2026-10-11 00:00:00,2026-09-29 00:00:00,P1D,fcre,1.6,ensemble,69,Chla_ugL_mean,11.1099008489563
vera4cast,chlorocast_xgboost,2026-10-12 00:00:00,2026-09-29 00:00:00,P1D,fcre,1.6,ensemble,69,Chla_ugL_mean,10.9114188884587
vera4cast,chlorocast_xgboost,2026-10-13 00:00:00,2026-09-29 00:00:00,P1D,fcre,1.6,ensemble,69,Chla_ugL_mean,10.9737174795811
vera4cast,chlorocast_xgboost,2026-10-14 00:00:00,2026-09-29 00:00:00,P1D,fcre,1.6,ensemble,69,Chla_ugL_mean,11.1201544835334
vera4cast,chlorocast_xgboost,2026-10-15 00:00:00,2026-09-29 00:00:00,P1D,fcre,1.6,ensemble,69,Chla_ugL_mean,10.9195269240896
vera4cast,chlorocast_xgboost,2026-10-16 00:00:00,2026-09-29 00:00:00,P1D,fcre,1.6,ensemble,69,Chla_ugL_mean,10.566133919518
vera4cast,chlorocast_xgboost,2026-10-17 00:00:00,2026-09-29 00:00:00,P1D,fcre,1.6,ensemble,69,Chla_ugL_mean,10.6423180027326
vera4cast,chlorocast_xgboost,2026-10-18 00:00:00,2026-09-29 00:00:00,P1D,fcre,1.6,ensemble,69,Chla_ugL_mean,10.5923340727468
vera4cast,chlorocast_xgboost,2026-10-19 00:00:00,2026-09-29 00:00:00,P1D,fcre,1.6,ensemble,69,Chla_ugL_mean,10.5310710569317
vera4cast,chlorocast_xgboost,2026-10-20 00:00:00,2026-09-29 00:00:00,P1D,fcre,1.6,ensemble,69,Chla_ugL_mean,10.3533281314087
vera4cast,chlorocast_xgboost,2026-10-21 00:00:00,2026-09-29 00:00:00,P1D,fcre,1.6,ensemble,69,Chla_ugL_mean,10.3152905918196
vera4cast,chlorocast_xgboost,2026-10-22 00:00:00,2026-09-29 00:00:00,P1D,fcre,1.6,ensemble,69,Chla_ugL_mean,10.1393453755384
vera4cast,chlorocast_xgboost,2026-10-23 00:00:00,2026-09-29 00:00:00,P1D,fcre,1.6,ensemble,69,Chla_ugL_mean,10.1780209607721
vera4cast,chlorocast_xgboost,2026-10-24 00:00:00,2026-09-29 00:00:00,P1D,fcre,1.6,ensemble,69,Chla_ugL_mean,10.1433307668194
vera4cast,chlorocast_xgboost,2026-10-25 00:00:00,2026-09-29 00:00:00,P1D,fcre,1.6,ensemble,69,Chla_ugL_mean,10.576631855695
vera4cast,chlorocast_xgboost,2026-10-26 00:00:00,2026-09-29 00:00:00,P1D,fcre,1.6,ensemble,69,Chla_ugL_mean,10.2137896668871
vera4cast,chlorocast_xgboost,2026-10-27 00:00:00,2026-09-29 00:00:00,P1D,fcre,1.6,ensemble,69,Chla_ugL_mean,9.98953510285604
vera4cast,chlorocast_xgboost,2026-10-28 00:00:00,2026-09-29 00:00:00,P1D,fcre,1.6,ensemble,69,Chla_ugL_mean,10.0584061288295
vera4cast,chlorocast_xgboost,2026-10-29 00:00:00,2026-09-29 00:00:00,P1D,fcre,1.6,ensemble,69,Chla_ugL_mean,10.1672998021227
vera4cast,chlorocast_xgboost,2026-10-30 00:00:00,2026-09-29 00:00:00,P1D,fcre,1.6,ensemble,69,Chla_ugL_mean,10.212345271382
vera4cast,chlorocast_xgboost,2026-10-31 00:00:00,2026-09-29 00:00:00,P1D,fcre,1.6,ensemble,69,Chla_ugL_mean,10.3700082821003
vera4cast,chlorocast_xgboost,2026-11-01 00:00:00,2026-09-29 00:00:00,P1D,fcre,1.6,ensemble,69,Chla_ugL_mean,10.4230276292677
vera4cast,chlorocast_xgboost,2026-11-02 00:00:00,2026-09-29 00:00:00,P1D,fcre,1.6,ensemble,69,Chla_ugL_mean,10.7021248878108
vera4cast,chlorocast_xgboost,2026-11-03 00:00:00,2026-09-29 00:00:00,P1D,fcre,1.6,ensemble,69,Chla_ugL_mean,10.6813430789931
vera4cast,chlorocast_xgboost,2026-09-30 00:00:00,2026-09-29 00:00:00,P1D,fcre,1.6,ensemble,70,Chla_ugL_mean,11.138012345255
vera4cast,chlorocast_xgboost,2026-10-01 00:00:00,2026-09-29 00:00:00,P1D,fcre,1.6,ensemble,70,Chla_ugL_mean,11.3961534493756
vera4cast,chlorocast_xgboost,2026-10-02 00:00:00,2026-09-29 00:00:00,P1D,fcre,1.6,ensemble,70,Chla_ugL_mean,11.8591843782858
vera4cast,chlorocast_xgboost,2026-10-03 00:00:00,2026-09-29 00:00:00,P1D,fcre,1.6,ensemble,70,Chla_ugL_mean,12.3340800859281
vera4cast,chlorocast_xgboost,2026-10-04 00:00:00,2026-09-29 00:00:00,P1D,fcre,1.6,ensemble,70,Chla_ugL_mean,12.6554216693051
vera4cast,chlorocast_xgboost,2026-10-05 00:00:00,2026-09-29 00:00:00,P1D,fcre,1.6,ensemble,70,Chla_ugL_mean,12.0541409154311
vera4cast,chlorocast_xgboost,2026-10-06 00:00:00,2026-09-29 00:00:00,P1D,fcre,1.6,ensemble,70,Chla_ugL_mean,11.5733128610411
vera4cast,chlorocast_xgboost,2026-10-07 00:00:00,2026-09-29 00:00:00,P1D,fcre,1.6,ensemble,70,Chla_ugL_mean,11.408252343077
vera4cast,chlorocast_xgboost,2026-10-08 00:00:00,2026-09-29 00:00:00,P1D,fcre,1.6,ensemble,70,Chla_ugL_mean,11.395120595698
vera4cast,chlorocast_xgboost,2026-10-09 00:00:00,2026-09-29 00:00:00,P1D,fcre,1.6,ensemble,70,Chla_ugL_mean,11.4923531438977
vera4cast,chlorocast_xgboost,2026-10-10 00:00:00,2026-09-29 00:00:00,P1D,fcre,1.6,ensemble,70,Chla_ugL_mean,11.6667570357928
vera4cast,chlorocast_xgboost,2026-10-11 00:00:00,2026-09-29 00:00:00,P1D,fcre,1.6,ensemble,70,Chla_ugL_mean,11.1582073641464
vera4cast,chlorocast_xgboost,2026-10-12 00:00:00,2026-09-29 00:00:00,P1D,fcre,1.6,ensemble,70,Chla_ugL_mean,10.9493408311308
vera4cast,chlorocast_xgboost,2026-10-13 00:00:00,2026-09-29 00:00:00,P1D,fcre,1.6,ensemble,70,Chla_ugL_mean,11.036050323146
vera4cast,chlorocast_xgboost,2026-10-14 00:00:00,2026-09-29 00:00:00,P1D,fcre,1.6,ensemble,70,Chla_ugL_mean,11.1732471280539
vera4cast,chlorocast_xgboost,2026-10-15 00:00:00,2026-09-29 00:00:00,P1D,fcre,1.6,ensemble,70,Chla_ugL_mean,10.9817961085891
vera4cast,chlorocast_xgboost,2026-10-16 00:00:00,2026-09-29 00:00:00,P1D,fcre,1.6,ensemble,70,Chla_ugL_mean,10.6070177051958
vera4cast,chlorocast_xgboost,2026-10-17 00:00:00,2026-09-29 00:00:00,P1D,fcre,1.6,ensemble,70,Chla_ugL_mean,10.6868926503497
vera4cast,chlorocast_xgboost,2026-10-18 00:00:00,2026-09-29 00:00:00,P1D,fcre,1.6,ensemble,70,Chla_ugL_mean,10.6353441496938
vera4cast,chlorocast_xgboost,2026-10-19 00:00:00,2026-09-29 00:00:00,P1D,fcre,1.6,ensemble,70,Chla_ugL_mean,10.5770093757674
vera4cast,chlorocast_xgboost,2026-10-20 00:00:00,2026-09-29 00:00:00,P1D,fcre,1.6,ensemble,70,Chla_ugL_mean,10.4125799037128
vera4cast,chlorocast_xgboost,2026-10-21 00:00:00,2026-09-29 00:00:00,P1D,fcre,1.6,ensemble,70,Chla_ugL_mean,10.3582911774363
vera4cast,chlorocast_xgboost,2026-10-22 00:00:00,2026-09-29 00:00:00,P1D,fcre,1.6,ensemble,70,Chla_ugL_mean,10.1937468019505
vera4cast,chlorocast_xgboost,2026-10-23 00:00:00,2026-09-29 00:00:00,P1D,fcre,1.6,ensemble,70,Chla_ugL_mean,10.2090010941148
vera4cast,chlorocast_xgboost,2026-10-24 00:00:00,2026-09-29 00:00:00,P1D,fcre,1.6,ensemble,70,Chla_ugL_mean,10.1884216610812
vera4cast,chlorocast_xgboost,2026-10-25 00:00:00,2026-09-29 00:00:00,P1D,fcre,1.6,ensemble,70,Chla_ugL_mean,10.6410400624083
vera4cast,chlorocast_xgboost,2026-10-26 00:00:00,2026-09-29 00:00:00,P1D,fcre,1.6,ensemble,70,Chla_ugL_mean,10.2556125511612
vera4cast,chlorocast_xgboost,2026-10-27 00:00:00,2026-09-29 00:00:00,P1D,fcre,1.6,ensemble,70,Chla_ugL_mean,10.0317393237577
vera4cast,chlorocast_xgboost,2026-10-28 00:00:00,2026-09-29 00:00:00,P1D,fcre,1.6,ensemble,70,Chla_ugL_mean,10.0913663948333
vera4cast,chlorocast_xgboost,2026-10-29 00:00:00,2026-09-29 00:00:00,P1D,fcre,1.6,ensemble,70,Chla_ugL_mean,10.1958631009791
vera4cast,chlorocast_xgboost,2026-10-30 00:00:00,2026-09-29 00:00:00,P1D,fcre,1.6,ensemble,70,Chla_ugL_mean,10.2470545131935
vera4cast,chlorocast_xgboost,2026-10-31 00:00:00,2026-09-29 00:00:00,P1D,fcre,1.6,ensemble,70,Chla_ugL_mean,10.4228784271223
vera4cast,chlorocast_xgboost,2026-11-01 00:00:00,2026-09-29 00:00:00,P1D,fcre,1.6,ensemble,70,Chla_ugL_mean,10.4664639660539
vera4cast,chlorocast_xgboost,2026-11-02 00:00:00,2026-09-29 00:00:00,P1D,fcre,1.6,ensemble,70,Chla_ugL_mean,10.7572099465759
vera4cast,chlorocast_xgboost,2026-11-03 00:00:00,2026-09-29 00:00:00,P1D,fcre,1.6,ensemble,70,Chla_ugL_mean,10.7200307432812
vera4cast,chlorocast_xgboost,2026-09-30 00:00:00,2026-09-29 00:00:00,P1D,fcre,1.6,ensemble,71,Chla_ugL_mean,11.1835868946335
vera4cast,chlorocast_xgboost,2026-10-01 00:00:00,2026-09-29 00:00:00,P1D,fcre,1.6,ensemble,71,Chla_ugL_mean,11.4490469746304
vera4cast,chlorocast_xgboost,2026-10-02 00:00:00,2026-09-29 00:00:00,P1D,fcre,1.6,ensemble,71,Chla_ugL_mean,11.905554989314
vera4cast,chlorocast_xgboost,2026-10-03 00:00:00,2026-09-29 00:00:00,P1D,fcre,1.6,ensemble,71,Chla_ugL_mean,12.3900905696704
vera4cast,chlorocast_xgboost,2026-10-04 00:00:00,2026-09-29 00:00:00,P1D,fcre,1.6,ensemble,71,Chla_ugL_mean,12.7153262920135
vera4cast,chlorocast_xgboost,2026-10-05 00:00:00,2026-09-29 00:00:00,P1D,fcre,1.6,ensemble,71,Chla_ugL_mean,12.0943694695226
vera4cast,chlorocast_xgboost,2026-10-06 00:00:00,2026-09-29 00:00:00,P1D,fcre,1.6,ensemble,71,Chla_ugL_mean,11.6242692266318
vera4cast,chlorocast_xgboost,2026-10-07 00:00:00,2026-09-29 00:00:00,P1D,fcre,1.6,ensemble,71,Chla_ugL_mean,11.4597875374493
vera4cast,chlorocast_xgboost,2026-10-08 00:00:00,2026-09-29 00:00:00,P1D,fcre,1.6,ensemble,71,Chla_ugL_mean,11.447742207291
vera4cast,chlorocast_xgboost,2026-10-09 00:00:00,2026-09-29 00:00:00,P1D,fcre,1.6,ensemble,71,Chla_ugL_mean,11.5284137300043
vera4cast,chlorocast_xgboost,2026-10-10 00:00:00,2026-09-29 00:00:00,P1D,fcre,1.6,ensemble,71,Chla_ugL_mean,11.7063380552832
vera4cast,chlorocast_xgboost,2026-10-11 00:00:00,2026-09-29 00:00:00,P1D,fcre,1.6,ensemble,71,Chla_ugL_mean,11.2067065745071
vera4cast,chlorocast_xgboost,2026-10-12 00:00:00,2026-09-29 00:00:00,P1D,fcre,1.6,ensemble,71,Chla_ugL_mean,10.9873835044858
vera4cast,chlorocast_xgboost,2026-10-13 00:00:00,2026-09-29 00:00:00,P1D,fcre,1.6,ensemble,71,Chla_ugL_mean,11.0987076593668
vera4cast,chlorocast_xgboost,2026-10-14 00:00:00,2026-09-29 00:00:00,P1D,fcre,1.6,ensemble,71,Chla_ugL_mean,11.2265723462521
vera4cast,chlorocast_xgboost,2026-10-15 00:00:00,2026-09-29 00:00:00,P1D,fcre,1.6,ensemble,71,Chla_ugL_mean,11.0443905955409
vera4cast,chlorocast_xgboost,2026-10-16 00:00:00,2026-09-29 00:00:00,P1D,fcre,1.6,ensemble,71,Chla_ugL_mean,10.648046006227
vera4cast,chlorocast_xgboost,2026-10-17 00:00:00,2026-09-29 00:00:00,P1D,fcre,1.6,ensemble,71,Chla_ugL_mean,10.7316379597895
vera4cast,chlorocast_xgboost,2026-10-18 00:00:00,2026-09-29 00:00:00,P1D,fcre,1.6,ensemble,71,Chla_ugL_mean,10.6785138033668
vera4cast,chlorocast_xgboost,2026-10-19 00:00:00,2026-09-29 00:00:00,P1D,fcre,1.6,ensemble,71,Chla_ugL_mean,10.623130707016
vera4cast,chlorocast_xgboost,2026-10-20 00:00:00,2026-09-29 00:00:00,P1D,fcre,1.6,ensemble,71,Chla_ugL_mean,10.4721409045074
vera4cast,chlorocast_xgboost,2026-10-21 00:00:00,2026-09-29 00:00:00,P1D,fcre,1.6,ensemble,71,Chla_ugL_mean,10.4014551747081
vera4cast,chlorocast_xgboost,2026-10-22 00:00:00,2026-09-29 00:00:00,P1D,fcre,1.6,ensemble,71,Chla_ugL_mean,10.2484139096119
vera4cast,chlorocast_xgboost,2026-10-23 00:00:00,2026-09-29 00:00:00,P1D,fcre,1.6,ensemble,71,Chla_ugL_mean,10.2400670895851
vera4cast,chlorocast_xgboost,2026-10-24 00:00:00,2026-09-29 00:00:00,P1D,fcre,1.6,ensemble,71,Chla_ugL_mean,10.2336950132443
vera4cast,chlorocast_xgboost,2026-10-25 00:00:00,2026-09-29 00:00:00,P1D,fcre,1.6,ensemble,71,Chla_ugL_mean,10.705806613167
vera4cast,chlorocast_xgboost,2026-10-26 00:00:00,2026-09-29 00:00:00,P1D,fcre,1.6,ensemble,71,Chla_ugL_mean,10.2975914178196
vera4cast,chlorocast_xgboost,2026-10-27 00:00:00,2026-09-29 00:00:00,P1D,fcre,1.6,ensemble,71,Chla_ugL_mean,10.0741056257888
vera4cast,chlorocast_xgboost,2026-10-28 00:00:00,2026-09-29 00:00:00,P1D,fcre,1.6,ensemble,71,Chla_ugL_mean,10.1244249009562
vera4cast,chlorocast_xgboost,2026-10-29 00:00:00,2026-09-29 00:00:00,P1D,fcre,1.6,ensemble,71,Chla_ugL_mean,10.2244994579655
vera4cast,chlorocast_xgboost,2026-10-30 00:00:00,2026-09-29 00:00:00,P1D,fcre,1.6,ensemble,71,Chla_ugL_mean,10.2818712018806
vera4cast,chlorocast_xgboost,2026-10-31 00:00:00,2026-09-29 00:00:00,P1D,fcre,1.6,ensemble,71,Chla_ugL_mean,10.475994416489
vera4cast,chlorocast_xgboost,2026-11-01 00:00:00,2026-09-29 00:00:00,P1D,fcre,1.6,ensemble,71,Chla_ugL_mean,10.5100654705535
vera4cast,chlorocast_xgboost,2026-11-02 00:00:00,2026-09-29 00:00:00,P1D,fcre,1.6,ensemble,71,Chla_ugL_mean,10.8125543055731
vera4cast,chlorocast_xgboost,2026-11-03 00:00:00,2026-09-29 00:00:00,P1D,fcre,1.6,ensemble,71,Chla_ugL_mean,10.7588465379869
vera4cast,chlorocast_xgboost,2026-09-30 00:00:00,2026-09-29 00:00:00,P1D,fcre,1.6,ensemble,72,Chla_ugL_mean,11.2293325626014
vera4cast,chlorocast_xgboost,2026-10-01 00:00:00,2026-09-29 00:00:00,P1D,fcre,1.6,ensemble,72,Chla_ugL_mean,11.5021661928815
vera4cast,chlorocast_xgboost,2026-10-02 00:00:00,2026-09-29 00:00:00,P1D,fcre,1.6,ensemble,72,Chla_ugL_mean,11.9520928141798
vera4cast,chlorocast_xgboost,2026-10-03 00:00:00,2026-09-29 00:00:00,P1D,fcre,1.6,ensemble,72,Chla_ugL_mean,12.4463363283074
vera4cast,chlorocast_xgboost,2026-10-04 00:00:00,2026-09-29 00:00:00,P1D,fcre,1.6,ensemble,72,Chla_ugL_mean,12.7754937087906
vera4cast,chlorocast_xgboost,2026-10-05 00:00:00,2026-09-29 00:00:00,P1D,fcre,1.6,ensemble,72,Chla_ugL_mean,12.1347219947413
vera4cast,chlorocast_xgboost,2026-10-06 00:00:00,2026-09-29 00:00:00,P1D,fcre,1.6,ensemble,72,Chla_ugL_mean,11.6754321051139
vera4cast,chlorocast_xgboost,2026-10-07 00:00:00,2026-09-29 00:00:00,P1D,fcre,1.6,ensemble,72,Chla_ugL_mean,11.5115367729441
vera4cast,chlorocast_xgboost,2026-10-08 00:00:00,2026-09-29 00:00:00,P1D,fcre,1.6,ensemble,72,Chla_ugL_mean,11.500587215985
vera4cast,chlorocast_xgboost,2026-10-09 00:00:00,2026-09-29 00:00:00,P1D,fcre,1.6,ensemble,72,Chla_ugL_mean,11.5645784090593
vera4cast,chlorocast_xgboost,2026-10-10 00:00:00,2026-09-29 00:00:00,P1D,fcre,1.6,ensemble,72,Chla_ugL_mean,11.7460427573468
vera4cast,chlorocast_xgboost,2026-10-11 00:00:00,2026-09-29 00:00:00,P1D,fcre,1.6,ensemble,72,Chla_ugL_mean,11.2553992487013
vera4cast,chlorocast_xgboost,2026-10-12 00:00:00,2026-09-29 00:00:00,P1D,fcre,1.6,ensemble,72,Chla_ugL_mean,11.0255472928894
vera4cast,chlorocast_xgboost,2026-10-13 00:00:00,2026-09-29 00:00:00,P1D,fcre,1.6,ensemble,72,Chla_ugL_mean,11.1616911774893
vera4cast,chlorocast_xgboost,2026-10-14 00:00:00,2026-09-29 00:00:00,P1D,fcre,1.6,ensemble,72,Chla_ugL_mean,11.280131156923
vera4cast,chlorocast_xgboost,2026-10-15 00:00:00,2026-09-29 00:00:00,P1D,fcre,1.6,ensemble,72,Chla_ugL_mean,11.107312084368
vera4cast,chlorocast_xgboost,2026-10-16 00:00:00,2026-09-29 00:00:00,P1D,fcre,1.6,ensemble,72,Chla_ugL_mean,10.6892193334423
vera4cast,chlorocast_xgboost,2026-10-17 00:00:00,2026-09-29 00:00:00,P1D,fcre,1.6,ensemble,72,Chla_ugL_mean,10.7765545844605
vera4cast,chlorocast_xgboost,2026-10-18 00:00:00,2026-09-29 00:00:00,P1D,fcre,1.6,ensemble,72,Chla_ugL_mean,10.7218436258303
vera4cast,chlorocast_xgboost,2026-10-19 00:00:00,2026-09-29 00:00:00,P1D,fcre,1.6,ensemble,72,Chla_ugL_mean,10.6694357797756
vera4cast,chlorocast_xgboost,2026-10-20 00:00:00,2026-09-29 00:00:00,P1D,fcre,1.6,ensemble,72,Chla_ugL_mean,10.5320127476222
vera4cast,chlorocast_xgboost,2026-10-21 00:00:00,2026-09-29 00:00:00,P1D,fcre,1.6,ensemble,72,Chla_ugL_mean,10.4447832046351
vera4cast,chlorocast_xgboost,2026-10-22 00:00:00,2026-09-29 00:00:00,P1D,fcre,1.6,ensemble,72,Chla_ugL_mean,10.303347996035
vera4cast,chlorocast_xgboost,2026-10-23 00:00:00,2026-09-29 00:00:00,P1D,fcre,1.6,ensemble,72,Chla_ugL_mean,10.2712191851518
vera4cast,chlorocast_xgboost,2026-10-24 00:00:00,2026-09-29 00:00:00,P1D,fcre,1.6,ensemble,72,Chla_ugL_mean,10.279151561615
vera4cast,chlorocast_xgboost,2026-10-25 00:00:00,2026-09-29 00:00:00,P1D,fcre,1.6,ensemble,72,Chla_ugL_mean,10.7709335016683
vera4cast,chlorocast_xgboost,2026-10-26 00:00:00,2026-09-29 00:00:00,P1D,fcre,1.6,ensemble,72,Chla_ugL_mean,10.3397268486132
vera4cast,chlorocast_xgboost,2026-10-27 00:00:00,2026-09-29 00:00:00,P1D,fcre,1.6,ensemble,72,Chla_ugL_mean,10.116634631406
vera4cast,chlorocast_xgboost,2026-10-28 00:00:00,2026-09-29 00:00:00,P1D,fcre,1.6,ensemble,72,Chla_ugL_mean,10.157581940009
vera4cast,chlorocast_xgboost,2026-10-29 00:00:00,2026-09-29 00:00:00,P1D,fcre,1.6,ensemble,72,Chla_ugL_mean,10.2532090599473
vera4cast,chlorocast_xgboost,2026-10-30 00:00:00,2026-09-29 00:00:00,P1D,fcre,1.6,ensemble,72,Chla_ugL_mean,10.3167956700587
vera4cast,chlorocast_xgboost,2026-10-31 00:00:00,2026-09-29 00:00:00,P1D,fcre,1.6,ensemble,72,Chla_ugL_mean,10.529357393368
vera4cast,chlorocast_xgboost,2026-11-01 00:00:00,2026-09-29 00:00:00,P1D,fcre,1.6,ensemble,72,Chla_ugL_mean,10.5538327708207
vera4cast,chlorocast_xgboost,2026-11-02 00:00:00,2026-09-29 00:00:00,P1D,fcre,1.6,ensemble,72,Chla_ugL_mean,10.8681591853985
vera4cast,chlorocast_xgboost,2026-11-03 00:00:00,2026-09-29 00:00:00,P1D,fcre,1.6,ensemble,72,Chla_ugL_mean,10.797790887468
vera4cast,chlorocast_xgboost,2026-09-30 00:00:00,2026-09-29 00:00:00,P1D,fcre,1.6,ensemble,73,Chla_ugL_mean,11.275249991657
vera4cast,chlorocast_xgboost,2026-10-01 00:00:00,2026-09-29 00:00:00,P1D,fcre,1.6,ensemble,73,Chla_ugL_mean,11.5555120671451
vera4cast,chlorocast_xgboost,2026-10-02 00:00:00,2026-09-29 00:00:00,P1D,fcre,1.6,ensemble,73,Chla_ugL_mean,11.9987984558613
vera4cast,chlorocast_xgboost,2026-10-03 00:00:00,2026-09-29 00:00:00,P1D,fcre,1.6,ensemble,73,Chla_ugL_mean,12.5028183501234
vera4cast,chlorocast_xgboost,2026-10-04 00:00:00,2026-09-29 00:00:00,P1D,fcre,1.6,ensemble,73,Chla_ugL_mean,12.8359250724812
vera4cast,chlorocast_xgboost,2026-10-05 00:00:00,2026-09-29 00:00:00,P1D,fcre,1.6,ensemble,73,Chla_ugL_mean,12.1751988731254
vera4cast,chlorocast_xgboost,2026-10-06 00:00:00,2026-09-29 00:00:00,P1D,fcre,1.6,ensemble,73,Chla_ugL_mean,11.7268023334305
vera4cast,chlorocast_xgboost,2026-10-07 00:00:00,2026-09-29 00:00:00,P1D,fcre,1.6,ensemble,73,Chla_ugL_mean,11.5635009385384
vera4cast,chlorocast_xgboost,2026-10-08 00:00:00,2026-09-29 00:00:00,P1D,fcre,1.6,ensemble,73,Chla_ugL_mean,11.5536565701784
vera4cast,chlorocast_xgboost,2026-10-09 00:00:00,2026-09-29 00:00:00,P1D,fcre,1.6,ensemble,73,Chla_ugL_mean,11.6008474815386
vera4cast,chlorocast_xgboost,2026-10-10 00:00:00,2026-09-29 00:00:00,P1D,fcre,1.6,ensemble,73,Chla_ugL_mean,11.7858715284663
vera4cast,chlorocast_xgboost,2026-10-11 00:00:00,2026-09-29 00:00:00,P1D,fcre,1.6,ensemble,73,Chla_ugL_mean,11.3042861584582
vera4cast,chlorocast_xgboost,2026-10-12 00:00:00,2026-09-29 00:00:00,P1D,fcre,1.6,ensemble,73,Chla_ugL_mean,11.0638325819312
vera4cast,chlorocast_xgboost,2026-10-13 00:00:00,2026-09-29 00:00:00,P1D,fcre,1.6,ensemble,73,Chla_ugL_mean,11.2250025755528
vera4cast,chlorocast_xgboost,2026-10-14 00:00:00,2026-09-29 00:00:00,P1D,fcre,1.6,ensemble,73,Chla_ugL_mean,11.3339245833241
vera4cast,chlorocast_xgboost,2026-10-15 00:00:00,2026-09-29 00:00:00,P1D,fcre,1.6,ensemble,73,Chla_ugL_mean,11.1705622833713
vera4cast,chlorocast_xgboost,2026-10-16 00:00:00,2026-09-29 00:00:00,P1D,fcre,1.6,ensemble,73,Chla_ugL_mean,10.7305381994778
vera4cast,chlorocast_xgboost,2026-10-17 00:00:00,2026-09-29 00:00:00,P1D,fcre,1.6,ensemble,73,Chla_ugL_mean,10.821643180273
vera4cast,chlorocast_xgboost,2026-10-18 00:00:00,2026-09-29 00:00:00,P1D,fcre,1.6,ensemble,73,Chla_ugL_mean,10.7653342113451
vera4cast,chlorocast_xgboost,2026-10-19 00:00:00,2026-09-29 00:00:00,P1D,fcre,1.6,ensemble,73,Chla_ugL_mean,10.715925326049
vera4cast,chlorocast_xgboost,2026-10-20 00:00:00,2026-09-29 00:00:00,P1D,fcre,1.6,ensemble,73,Chla_ugL_mean,10.5921970553089
vera4cast,chlorocast_xgboost,2026-10-21 00:00:00,2026-09-29 00:00:00,P1D,fcre,1.6,ensemble,73,Chla_ugL_mean,10.4882758905774
vera4cast,chlorocast_xgboost,2026-10-22 00:00:00,2026-09-29 00:00:00,P1D,fcre,1.6,ensemble,73,Chla_ugL_mean,10.3585503650689
vera4cast,chlorocast_xgboost,2026-10-23 00:00:00,2026-09-29 00:00:00,P1D,fcre,1.6,ensemble,73,Chla_ugL_mean,10.3024576194432
vera4cast,chlorocast_xgboost,2026-10-24 00:00:00,2026-09-29 00:00:00,P1D,fcre,1.6,ensemble,73,Chla_ugL_mean,10.3247920474868
vera4cast,chlorocast_xgboost,2026-10-25 00:00:00,2026-09-29 00:00:00,P1D,fcre,1.6,ensemble,73,Chla_ugL_mean,10.8364227327015
vera4cast,chlorocast_xgboost,2026-10-26 00:00:00,2026-09-29 00:00:00,P1D,fcre,1.6,ensemble,73,Chla_ugL_mean,10.3820194274628
vera4cast,chlorocast_xgboost,2026-10-27 00:00:00,2026-09-29 00:00:00,P1D,fcre,1.6,ensemble,73,Chla_ugL_mean,10.1593269654561
vera4cast,chlorocast_xgboost,2026-10-28 00:00:00,2026-09-29 00:00:00,P1D,fcre,1.6,ensemble,73,Chla_ugL_mean,10.1908378056751
vera4cast,chlorocast_xgboost,2026-10-29 00:00:00,2026-09-29 00:00:00,P1D,fcre,1.6,ensemble,73,Chla_ugL_mean,10.2819920942679
vera4cast,chlorocast_xgboost,2026-10-30 00:00:00,2026-09-29 00:00:00,P1D,fcre,1.6,ensemble,73,Chla_ugL_mean,10.351828251373
vera4cast,chlorocast_xgboost,2026-10-31 00:00:00,2026-09-29 00:00:00,P1D,fcre,1.6,ensemble,73,Chla_ugL_mean,10.5829685062427
vera4cast,chlorocast_xgboost,2026-11-01 00:00:00,2026-09-29 00:00:00,P1D,fcre,1.6,ensemble,73,Chla_ugL_mean,10.5977664972978
vera4cast,chlorocast_xgboost,2026-11-02 00:00:00,2026-09-29 00:00:00,P1D,fcre,1.6,ensemble,73,Chla_ugL_mean,10.924025812394
vera4cast,chlorocast_xgboost,2026-11-03 00:00:00,2026-09-29 00:00:00,P1D,fcre,1.6,ensemble,73,Chla_ugL_mean,10.8368642174874
vera4cast,chlorocast_xgboost,2026-09-30 00:00:00,2026-09-29 00:00:00,P1D,fcre,1.6,ensemble,74,Chla_ugL_mean,11.3213398267112
vera4cast,chlorocast_xgboost,2026-10-01 00:00:00,2026-09-29 00:00:00,P1D,fcre,1.6,ensemble,74,Chla_ugL_mean,11.6090855645467
vera4cast,chlorocast_xgboost,2026-10-02 00:00:00,2026-09-29 00:00:00,P1D,fcre,1.6,ensemble,74,Chla_ugL_mean,12.045672519511
vera4cast,chlorocast_xgboost,2026-10-03 00:00:00,2026-09-29 00:00:00,P1D,fcre,1.6,ensemble,74,Chla_ugL_mean,12.559537627554
vera4cast,chlorocast_xgboost,2026-10-04 00:00:00,2026-09-29 00:00:00,P1D,fcre,1.6,ensemble,74,Chla_ugL_mean,12.8966215409872
vera4cast,chlorocast_xgboost,2026-10-05 00:00:00,2026-09-29 00:00:00,P1D,fcre,1.6,ensemble,74,Chla_ugL_mean,12.2158004878901
vera4cast,chlorocast_xgboost,2026-10-06 00:00:00,2026-09-29 00:00:00,P1D,fcre,1.6,ensemble,74,Chla_ugL_mean,11.7783807519165
vera4cast,chlorocast_xgboost,2026-10-07 00:00:00,2026-09-29 00:00:00,P1D,fcre,1.6,ensemble,74,Chla_ugL_mean,11.6156809269012
vera4cast,chlorocast_xgboost,2026-10-08 00:00:00,2026-09-29 00:00:00,P1D,fcre,1.6,ensemble,74,Chla_ugL_mean,11.6069512222964
vera4cast,chlorocast_xgboost,2026-10-09 00:00:00,2026-09-29 00:00:00,P1D,fcre,1.6,ensemble,74,Chla_ugL_mean,11.6372212487857
vera4cast,chlorocast_xgboost,2026-10-10 00:00:00,2026-09-29 00:00:00,P1D,fcre,1.6,ensemble,74,Chla_ugL_mean,11.8258247563319
vera4cast,chlorocast_xgboost,2026-10-11 00:00:00,2026-09-29 00:00:00,P1D,fcre,1.6,ensemble,74,Chla_ugL_mean,11.3533680785854
vera4cast,chlorocast_xgboost,2026-10-12 00:00:00,2026-09-29 00:00:00,P1D,fcre,1.6,ensemble,74,Chla_ugL_mean,11.1022397584282
vera4cast,chlorocast_xgboost,2026-10-13 00:00:00,2026-09-29 00:00:00,P1D,fcre,1.6,ensemble,74,Chla_ugL_mean,11.2886435604367
vera4cast,chlorocast_xgboost,2026-10-14 00:00:00,2026-09-29 00:00:00,P1D,fcre,1.6,ensemble,74,Chla_ugL_mean,11.3879536531957
vera4cast,chlorocast_xgboost,2026-10-15 00:00:00,2026-09-29 00:00:00,P1D,fcre,1.6,ensemble,74,Chla_ugL_mean,11.2341429097764
vera4cast,chlorocast_xgboost,2026-10-16 00:00:00,2026-09-29 00:00:00,P1D,fcre,1.6,ensemble,74,Chla_ugL_mean,10.7720031187818
vera4cast,chlorocast_xgboost,2026-10-17 00:00:00,2026-09-29 00:00:00,P1D,fcre,1.6,ensemble,74,Chla_ugL_mean,10.8669044056486
vera4cast,chlorocast_xgboost,2026-10-18 00:00:00,2026-09-29 00:00:00,P1D,fcre,1.6,ensemble,74,Chla_ugL_mean,10.8089861563772
vera4cast,chlorocast_xgboost,2026-10-19 00:00:00,2026-09-29 00:00:00,P1D,fcre,1.6,ensemble,74,Chla_ugL_mean,10.7626000807553
vera4cast,chlorocast_xgboost,2026-10-20 00:00:00,2026-09-29 00:00:00,P1D,fcre,1.6,ensemble,74,Chla_ugL_mean,10.652695458286
vera4cast,chlorocast_xgboost,2026-10-21 00:00:00,2026-09-29 00:00:00,P1D,fcre,1.6,ensemble,74,Chla_ugL_mean,10.5319338582639
vera4cast,chlorocast_xgboost,2026-10-22 00:00:00,2026-09-29 00:00:00,P1D,fcre,1.6,ensemble,74,Chla_ugL_mean,10.4140223269304
vera4cast,chlorocast_xgboost,2026-10-23 00:00:00,2026-09-29 00:00:00,P1D,fcre,1.6,ensemble,74,Chla_ugL_mean,10.333782631749
vera4cast,chlorocast_xgboost,2026-10-24 00:00:00,2026-09-29 00:00:00,P1D,fcre,1.6,ensemble,74,Chla_ugL_mean,10.3706172151531
vera4cast,chlorocast_xgboost,2026-10-25 00:00:00,2026-09-29 00:00:00,P1D,fcre,1.6,ensemble,74,Chla_ugL_mean,10.9022763222097
vera4cast,chlorocast_xgboost,2026-10-26 00:00:00,2026-09-29 00:00:00,P1D,fcre,1.6,ensemble,74,Chla_ugL_mean,10.4244697404668
vera4cast,chlorocast_xgboost,2026-10-27 00:00:00,2026-09-29 00:00:00,P1D,fcre,1.6,ensemble,74,Chla_ugL_mean,10.2021832551859
vera4cast,chlorocast_xgboost,2026-10-28 00:00:00,2026-09-29 00:00:00,P1D,fcre,1.6,ensemble,74,Chla_ugL_mean,10.2241927925135
vera4cast,chlorocast_xgboost,2026-10-29 00:00:00,2026-09-29 00:00:00,P1D,fcre,1.6,ensemble,74,Chla_ugL_mean,10.3108487487496
vera4cast,chlorocast_xgboost,2026-10-30 00:00:00,2026-09-29 00:00:00,P1D,fcre,1.6,ensemble,74,Chla_ugL_mean,10.3869692805015
vera4cast,chlorocast_xgboost,2026-10-31 00:00:00,2026-09-29 00:00:00,P1D,fcre,1.6,ensemble,74,Chla_ugL_mean,10.6368289089369
vera4cast,chlorocast_xgboost,2026-11-01 00:00:00,2026-09-29 00:00:00,P1D,fcre,1.6,ensemble,74,Chla_ugL_mean,10.6418672828245
vera4cast,chlorocast_xgboost,2026-11-02 00:00:00,2026-09-29 00:00:00,P1D,fcre,1.6,ensemble,74,Chla_ugL_mean,10.980155418674
vera4cast,chlorocast_xgboost,2026-11-03 00:00:00,2026-09-29 00:00:00,P1D,fcre,1.6,ensemble,74,Chla_ugL_mean,10.8760669552182
vera4cast,chlorocast_xgboost,2026-09-30 00:00:00,2026-09-29 00:00:00,P1D,fcre,1.6,ensemble,75,Chla_ugL_mean,11.3676027150959
vera4cast,chlorocast_xgboost,2026-10-01 00:00:00,2026-09-29 00:00:00,P1D,fcre,1.6,ensemble,75,Chla_ugL_mean,11.6628876563385
vera4cast,chlorocast_xgboost,2026-10-02 00:00:00,2026-09-29 00:00:00,P1D,fcre,1.6,ensemble,75,Chla_ugL_mean,12.0927156124638
vera4cast,chlorocast_xgboost,2026-10-03 00:00:00,2026-09-29 00:00:00,P1D,fcre,1.6,ensemble,75,Chla_ugL_mean,12.6164951572033
vera4cast,chlorocast_xgboost,2026-10-04 00:00:00,2026-09-29 00:00:00,P1D,fcre,1.6,ensemble,75,Chla_ugL_mean,12.9575842772903
vera4cast,chlorocast_xgboost,2026-10-05 00:00:00,2026-09-29 00:00:00,P1D,fcre,1.6,ensemble,75,Chla_ugL_mean,12.256527223432
vera4cast,chlorocast_xgboost,2026-10-06 00:00:00,2026-09-29 00:00:00,P1D,fcre,1.6,ensemble,75,Chla_ugL_mean,11.8301682043125
vera4cast,chlorocast_xgboost,2026-10-07 00:00:00,2026-09-29 00:00:00,P1D,fcre,1.6,ensemble,75,Chla_ugL_mean,11.6680776344094
vera4cast,chlorocast_xgboost,2026-10-08 00:00:00,2026-09-29 00:00:00,P1D,fcre,1.6,ensemble,75,Chla_ugL_mean,11.6604721288071
vera4cast,chlorocast_xgboost,2026-10-09 00:00:00,2026-09-29 00:00:00,P1D,fcre,1.6,ensemble,75,Chla_ugL_mean,11.6737000130138
vera4cast,chlorocast_xgboost,2026-10-10 00:00:00,2026-09-29 00:00:00,P1D,fcre,1.6,ensemble,75,Chla_ugL_mean,11.8659028298456
vera4cast,chlorocast_xgboost,2026-10-11 00:00:00,2026-09-29 00:00:00,P1D,fcre,1.6,ensemble,75,Chla_ugL_mean,11.4026457869812
vera4cast,chlorocast_xgboost,2026-10-12 00:00:00,2026-09-29 00:00:00,P1D,fcre,1.6,ensemble,75,Chla_ugL_mean,11.1407692104289
vera4cast,chlorocast_xgboost,2026-10-13 00:00:00,2026-09-29 00:00:00,P1D,fcre,1.6,ensemble,75,Chla_ugL_mean,11.3526158479058
vera4cast,chlorocast_xgboost,2026-10-14 00:00:00,2026-09-29 00:00:00,P1D,fcre,1.6,ensemble,75,Chla_ugL_mean,11.4422193987801
vera4cast,chlorocast_xgboost,2026-10-15 00:00:00,2026-09-29 00:00:00,P1D,fcre,1.6,ensemble,75,Chla_ugL_mean,11.2980556897797
vera4cast,chlorocast_xgboost,2026-10-16 00:00:00,2026-09-29 00:00:00,P1D,fcre,1.6,ensemble,75,Chla_ugL_mean,10.8136146076212
vera4cast,chlorocast_xgboost,2026-10-17 00:00:00,2026-09-29 00:00:00,P1D,fcre,1.6,ensemble,75,Chla_ugL_mean,10.9123389215297
vera4cast,chlorocast_xgboost,2026-10-18 00:00:00,2026-09-29 00:00:00,P1D,fcre,1.6,ensemble,75,Chla_ugL_mean,10.8528000596053
vera4cast,chlorocast_xgboost,2026-10-19 00:00:00,2026-09-29 00:00:00,P1D,fcre,1.6,ensemble,75,Chla_ugL_mean,10.8094607817412
vera4cast,chlorocast_xgboost,2026-10-20 00:00:00,2026-09-29 00:00:00,P1D,fcre,1.6,ensemble,75,Chla_ugL_mean,10.7135095957822
vera4cast,chlorocast_xgboost,2026-10-21 00:00:00,2026-09-29 00:00:00,P1D,fcre,1.6,ensemble,75,Chla_ugL_mean,10.5757577358015
vera4cast,chlorocast_xgboost,2026-10-22 00:00:00,2026-09-29 00:00:00,P1D,fcre,1.6,ensemble,75,Chla_ugL_mean,10.4697651982349
vera4cast,chlorocast_xgboost,2026-10-23 00:00:00,2026-09-29 00:00:00,P1D,fcre,1.6,ensemble,75,Chla_ugL_mean,10.3651944620221
vera4cast,chlorocast_xgboost,2026-10-24 00:00:00,2026-09-29 00:00:00,P1D,fcre,1.6,ensemble,75,Chla_ugL_mean,10.4166278119189
vera4cast,chlorocast_xgboost,2026-10-25 00:00:00,2026-09-29 00:00:00,P1D,fcre,1.6,ensemble,75,Chla_ugL_mean,10.9684962973523
vera4cast,chlorocast_xgboost,2026-10-26 00:00:00,2026-09-29 00:00:00,P1D,fcre,1.6,ensemble,75,Chla_ugL_mean,10.4670783759095
vera4cast,chlorocast_xgboost,2026-10-27 00:00:00,2026-09-29 00:00:00,P1D,fcre,1.6,ensemble,75,Chla_ugL_mean,10.245204130251
vera4cast,chlorocast_xgboost,2026-10-28 00:00:00,2026-09-29 00:00:00,P1D,fcre,1.6,ensemble,75,Chla_ugL_mean,10.257647195961
vera4cast,chlorocast_xgboost,2026-10-29 00:00:00,2026-09-29 00:00:00,P1D,fcre,1.6,ensemble,75,Chla_ugL_mean,10.3397792116954
vera4cast,chlorocast_xgboost,2026-10-30 00:00:00,2026-09-29 00:00:00,P1D,fcre,1.6,ensemble,75,Chla_ugL_mean,10.4222190931581
vera4cast,chlorocast_xgboost,2026-10-31 00:00:00,2026-09-29 00:00:00,P1D,fcre,1.6,ensemble,75,Chla_ugL_mean,10.6909397606396
vera4cast,chlorocast_xgboost,2026-11-01 00:00:00,2026-09-29 00:00:00,P1D,fcre,1.6,ensemble,75,Chla_ugL_mean,10.6861357626469
vera4cast,chlorocast_xgboost,2026-11-02 00:00:00,2026-09-29 00:00:00,P1D,fcre,1.6,ensemble,75,Chla_ugL_mean,11.0365492421531
vera4cast,chlorocast_xgboost,2026-11-03 00:00:00,2026-09-29 00:00:00,P1D,fcre,1.6,ensemble,75,Chla_ugL_mean,10.9153995292483
vera4cast,chlorocast_xgboost,2026-09-30 00:00:00,2026-09-29 00:00:00,P1D,fcre,1.6,ensemble,76,Chla_ugL_mean,11.414039306574
vera4cast,chlorocast_xgboost,2026-10-01 00:00:00,2026-09-29 00:00:00,P1D,fcre,1.6,ensemble,76,Chla_ugL_mean,11.7169193179168
vera4cast,chlorocast_xgboost,2026-10-02 00:00:00,2026-09-29 00:00:00,P1D,fcre,1.6,ensemble,76,Chla_ugL_mean,12.1399283442444
vera4cast,chlorocast_xgboost,2026-10-03 00:00:00,2026-09-29 00:00:00,P1D,fcre,1.6,ensemble,76,Chla_ugL_mean,12.6736919398621
vera4cast,chlorocast_xgboost,2026-10-04 00:00:00,2026-09-29 00:00:00,P1D,fcre,1.6,ensemble,76,Chla_ugL_mean,13.0188144494739
vera4cast,chlorocast_xgboost,2026-10-05 00:00:00,2026-09-29 00:00:00,P1D,fcre,1.6,ensemble,76,Chla_ugL_mean,12.297379465332
vera4cast,chlorocast_xgboost,2026-10-06 00:00:00,2026-09-29 00:00:00,P1D,fcre,1.6,ensemble,76,Chla_ugL_mean,11.8821655377785
vera4cast,chlorocast_xgboost,2026-10-07 00:00:00,2026-09-29 00:00:00,P1D,fcre,1.6,ensemble,76,Chla_ugL_mean,11.7206919611625
vera4cast,chlorocast_xgboost,2026-10-08 00:00:00,2026-09-29 00:00:00,P1D,fcre,1.6,ensemble,76,Chla_ugL_mean,11.7142202502395
vera4cast,chlorocast_xgboost,2026-10-09 00:00:00,2026-09-29 00:00:00,P1D,fcre,1.6,ensemble,76,Chla_ugL_mean,11.7102840773086
vera4cast,chlorocast_xgboost,2026-10-10 00:00:00,2026-09-29 00:00:00,P1D,fcre,1.6,ensemble,76,Chla_ugL_mean,11.9061061391245
vera4cast,chlorocast_xgboost,2026-10-11 00:00:00,2026-09-29 00:00:00,P1D,fcre,1.6,ensemble,76,Chla_ugL_mean,11.452120064647
vera4cast,chlorocast_xgboost,2026-10-12 00:00:00,2026-09-29 00:00:00,P1D,fcre,1.6,ensemble,76,Chla_ugL_mean,11.1794213272174
vera4cast,chlorocast_xgboost,2026-10-13 00:00:00,2026-09-29 00:00:00,P1D,fcre,1.6,ensemble,76,Chla_ugL_mean,11.4169211626568
vera4cast,chlorocast_xgboost,2026-10-14 00:00:00,2026-09-29 00:00:00,P1D,fcre,1.6,ensemble,76,Chla_ugL_mean,11.4967228568411
vera4cast,chlorocast_xgboost,2026-10-15 00:00:00,2026-09-29 00:00:00,P1D,fcre,1.6,ensemble,76,Chla_ugL_mean,11.3623023585954
vera4cast,chlorocast_xgboost,2026-10-16 00:00:00,2026-09-29 00:00:00,P1D,fcre,1.6,ensemble,76,Chla_ugL_mean,10.8553731840875
vera4cast,chlorocast_xgboost,2026-10-17 00:00:00,2026-09-29 00:00:00,P1D,fcre,1.6,ensemble,76,Chla_ugL_mean,10.9579473913893
vera4cast,chlorocast_xgboost,2026-10-18 00:00:00,2026-09-29 00:00:00,P1D,fcre,1.6,ensemble,76,Chla_ugL_mean,10.8967765219296
vera4cast,chlorocast_xgboost,2026-10-19 00:00:00,2026-09-29 00:00:00,P1D,fcre,1.6,ensemble,76,Chla_ugL_mean,10.8565081697931
vera4cast,chlorocast_xgboost,2026-10-20 00:00:00,2026-09-29 00:00:00,P1D,fcre,1.6,ensemble,76,Chla_ugL_mean,10.7746411155813
vera4cast,chlorocast_xgboost,2026-10-21 00:00:00,2026-09-29 00:00:00,P1D,fcre,1.6,ensemble,76,Chla_ugL_mean,10.6197481536841
vera4cast,chlorocast_xgboost,2026-10-22 00:00:00,2026-09-29 00:00:00,P1D,fcre,1.6,ensemble,76,Chla_ugL_mean,10.5257803020278
vera4cast,chlorocast_xgboost,2026-10-23 00:00:00,2026-09-29 00:00:00,P1D,fcre,1.6,ensemble,76,Chla_ugL_mean,10.3966933508804
vera4cast,chlorocast_xgboost,2026-10-24 00:00:00,2026-09-29 00:00:00,P1D,fcre,1.6,ensemble,76,Chla_ugL_mean,10.4628245881132
vera4cast,chlorocast_xgboost,2026-10-25 00:00:00,2026-09-29 00:00:00,P1D,fcre,1.6,ensemble,76,Chla_ugL_mean,11.0350846965669
vera4cast,chlorocast_xgboost,2026-10-26 00:00:00,2026-09-29 00:00:00,P1D,fcre,1.6,ensemble,76,Chla_ugL_mean,10.5098459242695
vera4cast,chlorocast_xgboost,2026-10-27 00:00:00,2026-09-29 00:00:00,P1D,fcre,1.6,ensemble,76,Chla_ugL_mean,10.2883902227249
vera4cast,chlorocast_xgboost,2026-10-28 00:00:00,2026-09-29 00:00:00,P1D,fcre,1.6,ensemble,76,Chla_ugL_mean,10.2912013123348
vera4cast,chlorocast_xgboost,2026-10-29 00:00:00,2026-09-29 00:00:00,P1D,fcre,1.6,ensemble,76,Chla_ugL_mean,10.3687836718897
vera4cast,chlorocast_xgboost,2026-10-30 00:00:00,2026-09-29 00:00:00,P1D,fcre,1.6,ensemble,76,Chla_ugL_mean,10.4575780260961
vera4cast,chlorocast_xgboost,2026-10-31 00:00:00,2026-09-29 00:00:00,P1D,fcre,1.6,ensemble,76,Chla_ugL_mean,10.7453022259302
vera4cast,chlorocast_xgboost,2026-11-01 00:00:00,2026-09-29 00:00:00,P1D,fcre,1.6,ensemble,76,Chla_ugL_mean,10.7305725744265
vera4cast,chlorocast_xgboost,2026-11-02 00:00:00,2026-09-29 00:00:00,P1D,fcre,1.6,ensemble,76,Chla_ugL_mean,11.0932085265728
vera4cast,chlorocast_xgboost,2026-11-03 00:00:00,2026-09-29 00:00:00,P1D,fcre,1.6,ensemble,76,Chla_ugL_mean,10.9548623695851
vera4cast,chlorocast_xgboost,2026-09-30 00:00:00,2026-09-29 00:00:00,P1D,fcre,1.6,ensemble,77,Chla_ugL_mean,11.4606502533477
vera4cast,chlorocast_xgboost,2026-10-01 00:00:00,2026-09-29 00:00:00,P1D,fcre,1.6,ensemble,77,Chla_ugL_mean,11.7711815288399
vera4cast,chlorocast_xgboost,2026-10-02 00:00:00,2026-09-29 00:00:00,P1D,fcre,1.6,ensemble,77,Chla_ugL_mean,12.1873113265756
vera4cast,chlorocast_xgboost,2026-10-03 00:00:00,2026-09-29 00:00:00,P1D,fcre,1.6,ensemble,77,Chla_ugL_mean,12.7311289805248
vera4cast,chlorocast_xgboost,2026-10-04 00:00:00,2026-09-29 00:00:00,P1D,fcre,1.6,ensemble,77,Chla_ugL_mean,13.0803132307456
vera4cast,chlorocast_xgboost,2026-10-05 00:00:00,2026-09-29 00:00:00,P1D,fcre,1.6,ensemble,77,Chla_ugL_mean,12.3383576003591
vera4cast,chlorocast_xgboost,2026-10-06 00:00:00,2026-09-29 00:00:00,P1D,fcre,1.6,ensemble,77,Chla_ugL_mean,11.934373602908
vera4cast,chlorocast_xgboost,2026-10-07 00:00:00,2026-09-29 00:00:00,P1D,fcre,1.6,ensemble,77,Chla_ugL_mean,11.7735248109985
vera4cast,chlorocast_xgboost,2026-10-08 00:00:00,2026-09-29 00:00:00,P1D,fcre,1.6,ensemble,77,Chla_ugL_mean,11.7681965512
vera4cast,chlorocast_xgboost,2026-10-09 00:00:00,2026-09-29 00:00:00,P1D,fcre,1.6,ensemble,77,Chla_ugL_mean,11.7469737456305
vera4cast,chlorocast_xgboost,2026-10-10 00:00:00,2026-09-29 00:00:00,P1D,fcre,1.6,ensemble,77,Chla_ugL_mean,11.9464350755045
vera4cast,chlorocast_xgboost,2026-10-11 00:00:00,2026-09-29 00:00:00,P1D,fcre,1.6,ensemble,77,Chla_ugL_mean,11.5017916956995
vera4cast,chlorocast_xgboost,2026-10-12 00:00:00,2026-09-29 00:00:00,P1D,fcre,1.6,ensemble,77,Chla_ugL_mean,11.2181964993171
vera4cast,chlorocast_xgboost,2026-10-13 00:00:00,2026-09-29 00:00:00,P1D,fcre,1.6,ensemble,77,Chla_ugL_mean,11.481561238365
vera4cast,chlorocast_xgboost,2026-10-14 00:00:00,2026-09-29 00:00:00,P1D,fcre,1.6,ensemble,77,Chla_ugL_mean,11.5514650686843
vera4cast,chlorocast_xgboost,2026-10-15 00:00:00,2026-09-29 00:00:00,P1D,fcre,1.6,ensemble,77,Chla_ugL_mean,11.4268846605029
vera4cast,chlorocast_xgboost,2026-10-16 00:00:00,2026-09-29 00:00:00,P1D,fcre,1.6,ensemble,77,Chla_ugL_mean,10.8972793681038
vera4cast,chlorocast_xgboost,2026-10-17 00:00:00,2026-09-29 00:00:00,P1D,fcre,1.6,ensemble,77,Chla_ugL_mean,11.0037304812405
vera4cast,chlorocast_xgboost,2026-10-18 00:00:00,2026-09-29 00:00:00,P1D,fcre,1.6,ensemble,77,Chla_ugL_mean,10.9409161464796
vera4cast,chlorocast_xgboost,2026-10-19 00:00:00,2026-09-29 00:00:00,P1D,fcre,1.6,ensemble,77,Chla_ugL_mean,10.9037429886484
vera4cast,chlorocast_xgboost,2026-10-20 00:00:00,2026-09-29 00:00:00,P1D,fcre,1.6,ensemble,77,Chla_ugL_mean,10.8360916740666
vera4cast,chlorocast_xgboost,2026-10-21 00:00:00,2026-09-29 00:00:00,P1D,fcre,1.6,ensemble,77,Chla_ugL_mean,10.6639057448014
vera4cast,chlorocast_xgboost,2026-10-22 00:00:00,2026-09-29 00:00:00,P1D,fcre,1.6,ensemble,77,Chla_ugL_mean,10.582068967816
vera4cast,chlorocast_xgboost,2026-10-23 00:00:00,2026-09-29 00:00:00,P1D,fcre,1.6,ensemble,77,Chla_ugL_mean,10.4282795396087
vera4cast,chlorocast_xgboost,2026-10-24 00:00:00,2026-09-29 00:00:00,P1D,fcre,1.6,ensemble,77,Chla_ugL_mean,10.5092082971011
vera4cast,chlorocast_xgboost,2026-10-25 00:00:00,2026-09-29 00:00:00,P1D,fcre,1.6,ensemble,77,Chla_ugL_mean,11.1020435696321
vera4cast,chlorocast_xgboost,2026-10-26 00:00:00,2026-09-29 00:00:00,P1D,fcre,1.6,ensemble,77,Chla_ugL_mean,10.5527729782275
vera4cast,chlorocast_xgboost,2026-10-27 00:00:00,2026-09-29 00:00:00,P1D,fcre,1.6,ensemble,77,Chla_ugL_mean,10.3317421671088
vera4cast,chlorocast_xgboost,2026-10-28 00:00:00,2026-09-29 00:00:00,P1D,fcre,1.6,ensemble,77,Chla_ugL_mean,10.3248554388356
vera4cast,chlorocast_xgboost,2026-10-29 00:00:00,2026-09-29 00:00:00,P1D,fcre,1.6,ensemble,77,Chla_ugL_mean,10.3978623186
vera4cast,chlorocast_xgboost,2026-10-30 00:00:00,2026-09-29 00:00:00,P1D,fcre,1.6,ensemble,77,Chla_ugL_mean,10.4930464171113
vera4cast,chlorocast_xgboost,2026-10-31 00:00:00,2026-09-29 00:00:00,P1D,fcre,1.6,ensemble,77,Chla_ugL_mean,10.7999174748029
vera4cast,chlorocast_xgboost,2026-11-01 00:00:00,2026-09-29 00:00:00,P1D,fcre,1.6,ensemble,77,Chla_ugL_mean,10.7751783582498
vera4cast,chlorocast_xgboost,2026-11-02 00:00:00,2026-09-29 00:00:00,P1D,fcre,1.6,ensemble,77,Chla_ugL_mean,11.1501345215294
vera4cast,chlorocast_xgboost,2026-11-03 00:00:00,2026-09-29 00:00:00,P1D,fcre,1.6,ensemble,77,Chla_ugL_mean,10.99445590766
vera4cast,chlorocast_xgboost,2026-09-30 00:00:00,2026-09-29 00:00:00,P1D,fcre,1.6,ensemble,78,Chla_ugL_mean,11.5074362100683
vera4cast,chlorocast_xgboost,2026-10-01 00:00:00,2026-09-29 00:00:00,P1D,fcre,1.6,ensemble,78,Chla_ugL_mean,11.8256752728459
vera4cast,chlorocast_xgboost,2026-10-02 00:00:00,2026-09-29 00:00:00,P1D,fcre,1.6,ensemble,78,Chla_ugL_mean,12.2348651733861
vera4cast,chlorocast_xgboost,2026-10-03 00:00:00,2026-09-29 00:00:00,P1D,fcre,1.6,ensemble,78,Chla_ugL_mean,12.7888072884073
vera4cast,chlorocast_xgboost,2026-10-04 00:00:00,2026-09-29 00:00:00,P1D,fcre,1.6,ensemble,78,Chla_ugL_mean,13.1420817994599
vera4cast,chlorocast_xgboost,2026-10-05 00:00:00,2026-09-29 00:00:00,P1D,fcre,1.6,ensemble,78,Chla_ugL_mean,12.3794620164746
vera4cast,chlorocast_xgboost,2026-10-06 00:00:00,2026-09-29 00:00:00,P1D,fcre,1.6,ensemble,78,Chla_ugL_mean,11.9867932537415
vera4cast,chlorocast_xgboost,2026-10-07 00:00:00,2026-09-29 00:00:00,P1D,fcre,1.6,ensemble,78,Chla_ugL_mean,11.8265770915095
vera4cast,chlorocast_xgboost,2026-10-08 00:00:00,2026-09-29 00:00:00,P1D,fcre,1.6,ensemble,78,Chla_ugL_mean,11.8224020003905
vera4cast,chlorocast_xgboost,2026-10-09 00:00:00,2026-09-29 00:00:00,P1D,fcre,1.6,ensemble,78,Chla_ugL_mean,11.7837693228175
vera4cast,chlorocast_xgboost,2026-10-10 00:00:00,2026-09-29 00:00:00,P1D,fcre,1.6,ensemble,78,Chla_ugL_mean,11.9868900315447
vera4cast,chlorocast_xgboost,2026-10-11 00:00:00,2026-09-29 00:00:00,P1D,fcre,1.6,ensemble,78,Chla_ugL_mean,11.5516614673834
vera4cast,chlorocast_xgboost,2026-10-12 00:00:00,2026-09-29 00:00:00,P1D,fcre,1.6,ensemble,78,Chla_ugL_mean,11.2570951184944
vera4cast,chlorocast_xgboost,2026-10-13 00:00:00,2026-09-29 00:00:00,P1D,fcre,1.6,ensemble,78,Chla_ugL_mean,11.5465378177308
vera4cast,chlorocast_xgboost,2026-10-14 00:00:00,2026-09-29 00:00:00,P1D,fcre,1.6,ensemble,78,Chla_ugL_mean,11.6064470801767
vera4cast,chlorocast_xgboost,2026-10-15 00:00:00,2026-09-29 00:00:00,P1D,fcre,1.6,ensemble,78,Chla_ugL_mean,11.4918043488938
vera4cast,chlorocast_xgboost,2026-10-16 00:00:00,2026-09-29 00:00:00,P1D,fcre,1.6,ensemble,78,Chla_ugL_mean,10.9393336814309
vera4cast,chlorocast_xgboost,2026-10-17 00:00:00,2026-09-29 00:00:00,P1D,fcre,1.6,ensemble,78,Chla_ugL_mean,11.0496888596465
vera4cast,chlorocast_xgboost,2026-10-18 00:00:00,2026-09-29 00:00:00,P1D,fcre,1.6,ensemble,78,Chla_ugL_mean,10.9852195386226
vera4cast,chlorocast_xgboost,2026-10-19 00:00:00,2026-09-29 00:00:00,P1D,fcre,1.6,ensemble,78,Chla_ugL_mean,10.9511659850076
vera4cast,chlorocast_xgboost,2026-10-20 00:00:00,2026-09-29 00:00:00,P1D,fcre,1.6,ensemble,78,Chla_ugL_mean,10.8978629362661
vera4cast,chlorocast_xgboost,2026-10-21 00:00:00,2026-09-29 00:00:00,P1D,fcre,1.6,ensemble,78,Chla_ugL_mean,10.7082311444484
vera4cast,chlorocast_xgboost,2026-10-22 00:00:00,2026-09-29 00:00:00,P1D,fcre,1.6,ensemble,78,Chla_ugL_mean,10.6386325315992
vera4cast,chlorocast_xgboost,2026-10-23 00:00:00,2026-09-29 00:00:00,P1D,fcre,1.6,ensemble,78,Chla_ugL_mean,10.4599532701606
vera4cast,chlorocast_xgboost,2026-10-24 00:00:00,2026-09-29 00:00:00,P1D,fcre,1.6,ensemble,78,Chla_ugL_mean,10.5557796952963
vera4cast,chlorocast_xgboost,2026-10-25 00:00:00,2026-09-29 00:00:00,P1D,fcre,1.6,ensemble,78,Chla_ugL_mean,11.1693749777309
vera4cast,chlorocast_xgboost,2026-10-26 00:00:00,2026-09-29 00:00:00,P1D,fcre,1.6,ensemble,78,Chla_ugL_mean,10.5958601326745
vera4cast,chlorocast_xgboost,2026-10-27 00:00:00,2026-09-29 00:00:00,P1D,fcre,1.6,ensemble,78,Chla_ugL_mean,10.3752606003405
vera4cast,chlorocast_xgboost,2026-10-28 00:00:00,2026-09-29 00:00:00,P1D,fcre,1.6,ensemble,78,Chla_ugL_mean,10.3586098735498
vera4cast,chlorocast_xgboost,2026-10-29 00:00:00,2026-09-29 00:00:00,P1D,fcre,1.6,ensemble,78,Chla_ugL_mean,10.4270153415776
vera4cast,chlorocast_xgboost,2026-10-30 00:00:00,2026-09-29 00:00:00,P1D,fcre,1.6,ensemble,78,Chla_ugL_mean,10.528624605045
vera4cast,chlorocast_xgboost,2026-10-31 00:00:00,2026-09-29 00:00:00,P1D,fcre,1.6,ensemble,78,Chla_ugL_mean,10.8547866826928
vera4cast,chlorocast_xgboost,2026-11-01 00:00:00,2026-09-29 00:00:00,P1D,fcre,1.6,ensemble,78,Chla_ugL_mean,10.8199537566368
vera4cast,chlorocast_xgboost,2026-11-02 00:00:00,2026-09-29 00:00:00,P1D,fcre,1.6,ensemble,78,Chla_ugL_mean,11.2073284825014
vera4cast,chlorocast_xgboost,2026-11-03 00:00:00,2026-09-29 00:00:00,P1D,fcre,1.6,ensemble,78,Chla_ugL_mean,11.0341805763334
vera4cast,chlorocast_xgboost,2026-09-30 00:00:00,2026-09-29 00:00:00,P1D,fcre,1.6,ensemble,79,Chla_ugL_mean,11.5543978338449
vera4cast,chlorocast_xgboost,2026-10-01 00:00:00,2026-09-29 00:00:00,P1D,fcre,1.6,ensemble,79,Chla_ugL_mean,11.8804015378703
vera4cast,chlorocast_xgboost,2026-10-02 00:00:00,2026-09-29 00:00:00,P1D,fcre,1.6,ensemble,79,Chla_ugL_mean,12.2825905008185
vera4cast,chlorocast_xgboost,2026-10-03 00:00:00,2026-09-29 00:00:00,P1D,fcre,1.6,ensemble,79,Chla_ugL_mean,12.8467278769651
vera4cast,chlorocast_xgboost,2026-10-04 00:00:00,2026-09-29 00:00:00,P1D,fcre,1.6,ensemble,79,Chla_ugL_mean,13.2041213391405
vera4cast,chlorocast_xgboost,2026-10-05 00:00:00,2026-09-29 00:00:00,P1D,fcre,1.6,ensemble,79,Chla_ugL_mean,12.4206931028349
vera4cast,chlorocast_xgboost,2026-10-06 00:00:00,2026-09-29 00:00:00,P1D,fcre,1.6,ensemble,79,Chla_ugL_mean,12.0394253477807
vera4cast,chlorocast_xgboost,2026-10-07 00:00:00,2026-09-29 00:00:00,P1D,fcre,1.6,ensemble,79,Chla_ugL_mean,11.8798497140567
vera4cast,chlorocast_xgboost,2026-10-08 00:00:00,2026-09-29 00:00:00,P1D,fcre,1.6,ensemble,79,Chla_ugL_mean,11.8768375706252
vera4cast,chlorocast_xgboost,2026-10-09 00:00:00,2026-09-29 00:00:00,P1D,fcre,1.6,ensemble,79,Chla_ugL_mean,11.8206711145874
vera4cast,chlorocast_xgboost,2026-10-10 00:00:00,2026-09-29 00:00:00,P1D,fcre,1.6,ensemble,79,Chla_ugL_mean,12.0274714010306
vera4cast,chlorocast_xgboost,2026-10-11 00:00:00,2026-09-29 00:00:00,P1D,fcre,1.6,ensemble,79,Chla_ugL_mean,11.6017301700836
vera4cast,chlorocast_xgboost,2026-10-12 00:00:00,2026-09-29 00:00:00,P1D,fcre,1.6,ensemble,79,Chla_ugL_mean,11.2961175777634
vera4cast,chlorocast_xgboost,2026-10-13 00:00:00,2026-09-29 00:00:00,P1D,fcre,1.6,ensemble,79,Chla_ugL_mean,11.6118526525269
vera4cast,chlorocast_xgboost,2026-10-14 00:00:00,2026-09-29 00:00:00,P1D,fcre,1.6,ensemble,79,Chla_ugL_mean,11.6616699417669
vera4cast,chlorocast_xgboost,2026-10-15 00:00:00,2026-09-29 00:00:00,P1D,fcre,1.6,ensemble,79,Chla_ugL_mean,11.5570631863198
vera4cast,chlorocast_xgboost,2026-10-16 00:00:00,2026-09-29 00:00:00,P1D,fcre,1.6,ensemble,79,Chla_ugL_mean,10.9815366476739
vera4cast,chlorocast_xgboost,2026-10-17 00:00:00,2026-09-29 00:00:00,P1D,fcre,1.6,ensemble,79,Chla_ugL_mean,11.0958231977301
vera4cast,chlorocast_xgboost,2026-10-18 00:00:00,2026-09-29 00:00:00,P1D,fcre,1.6,ensemble,79,Chla_ugL_mean,11.0296873059719
vera4cast,chlorocast_xgboost,2026-10-19 00:00:00,2026-09-29 00:00:00,P1D,fcre,1.6,ensemble,79,Chla_ugL_mean,10.9987779085459
vera4cast,chlorocast_xgboost,2026-10-20 00:00:00,2026-09-29 00:00:00,P1D,fcre,1.6,ensemble,79,Chla_ugL_mean,10.9599565758971
vera4cast,chlorocast_xgboost,2026-10-21 00:00:00,2026-09-29 00:00:00,P1D,fcre,1.6,ensemble,79,Chla_ugL_mean,10.7527249903343
vera4cast,chlorocast_xgboost,2026-10-22 00:00:00,2026-09-29 00:00:00,P1D,fcre,1.6,ensemble,79,Chla_ugL_mean,10.6954723359018
vera4cast,chlorocast_xgboost,2026-10-23 00:00:00,2026-09-29 00:00:00,P1D,fcre,1.6,ensemble,79,Chla_ugL_mean,10.4917147851602
vera4cast,chlorocast_xgboost,2026-10-24 00:00:00,2026-09-29 00:00:00,P1D,fcre,1.6,ensemble,79,Chla_ugL_mean,10.602539542173
vera4cast,chlorocast_xgboost,2026-10-25 00:00:00,2026-09-29 00:00:00,P1D,fcre,1.6,ensemble,79,Chla_ugL_mean,11.237080993514
vera4cast,chlorocast_xgboost,2026-10-26 00:00:00,2026-09-29 00:00:00,P1D,fcre,1.6,ensemble,79,Chla_ugL_mean,10.6391079847203
vera4cast,chlorocast_xgboost,2026-10-27 00:00:00,2026-09-29 00:00:00,P1D,fcre,1.6,ensemble,79,Chla_ugL_mean,10.418946161804
vera4cast,chlorocast_xgboost,2026-10-28 00:00:00,2026-09-29 00:00:00,P1D,fcre,1.6,ensemble,79,Chla_ugL_mean,10.3924649154523
vera4cast,chlorocast_xgboost,2026-10-29 00:00:00,2026-09-29 00:00:00,P1D,fcre,1.6,ensemble,79,Chla_ugL_mean,10.4562429310595
vera4cast,chlorocast_xgboost,2026-10-30 00:00:00,2026-09-29 00:00:00,P1D,fcre,1.6,ensemble,79,Chla_ugL_mean,10.5643129297875
vera4cast,chlorocast_xgboost,2026-10-31 00:00:00,2026-09-29 00:00:00,P1D,fcre,1.6,ensemble,79,Chla_ugL_mean,10.9099110305006
vera4cast,chlorocast_xgboost,2026-11-01 00:00:00,2026-09-29 00:00:00,P1D,fcre,1.6,ensemble,79,Chla_ugL_mean,10.8648994145511
vera4cast,chlorocast_xgboost,2026-11-02 00:00:00,2026-09-29 00:00:00,P1D,fcre,1.6,ensemble,79,Chla_ugL_mean,11.2647916708771
vera4cast,chlorocast_xgboost,2026-11-03 00:00:00,2026-09-29 00:00:00,P1D,fcre,1.6,ensemble,79,Chla_ugL_mean,11.0740368098993
vera4cast,chlorocast_xgboost,2026-09-30 00:00:00,2026-09-29 00:00:00,P1D,fcre,1.6,ensemble,80,Chla_ugL_mean,11.601535784254
vera4cast,chlorocast_xgboost,2026-10-01 00:00:00,2026-09-29 00:00:00,P1D,fcre,1.6,ensemble,80,Chla_ugL_mean,11.9353613160643
vera4cast,chlorocast_xgboost,2026-10-02 00:00:00,2026-09-29 00:00:00,P1D,fcre,1.6,ensemble,80,Chla_ugL_mean,12.330487927237
vera4cast,chlorocast_xgboost,2026-10-03 00:00:00,2026-09-29 00:00:00,P1D,fcre,1.6,ensemble,80,Chla_ugL_mean,12.9048917639103
vera4cast,chlorocast_xgboost,2026-10-04 00:00:00,2026-09-29 00:00:00,P1D,fcre,1.6,ensemble,80,Chla_ugL_mean,13.2664330385029
vera4cast,chlorocast_xgboost,2026-10-05 00:00:00,2026-09-29 00:00:00,P1D,fcre,1.6,ensemble,80,Chla_ugL_mean,12.4620512497961
vera4cast,chlorocast_xgboost,2026-10-06 00:00:00,2026-09-29 00:00:00,P1D,fcre,1.6,ensemble,80,Chla_ugL_mean,12.0922707460029
vera4cast,chlorocast_xgboost,2026-10-07 00:00:00,2026-09-29 00:00:00,P1D,fcre,1.6,ensemble,80,Chla_ugL_mean,11.9333435937867
vera4cast,chlorocast_xgboost,2026-10-08 00:00:00,2026-09-29 00:00:00,P1D,fcre,1.6,ensemble,80,Chla_ugL_mean,11.9315042388481
vera4cast,chlorocast_xgboost,2026-10-09 00:00:00,2026-09-29 00:00:00,P1D,fcre,1.6,ensemble,80,Chla_ugL_mean,11.8576794275407
vera4cast,chlorocast_xgboost,2026-10-10 00:00:00,2026-09-29 00:00:00,P1D,fcre,1.6,ensemble,80,Chla_ugL_mean,12.0681795789784
vera4cast,chlorocast_xgboost,2026-10-11 00:00:00,2026-09-29 00:00:00,P1D,fcre,1.6,ensemble,80,Chla_ugL_mean,11.6519985973379
vera4cast,chlorocast_xgboost,2026-10-12 00:00:00,2026-09-29 00:00:00,P1D,fcre,1.6,ensemble,80,Chla_ugL_mean,11.3352642713891
vera4cast,chlorocast_xgboost,2026-10-13 00:00:00,2026-09-29 00:00:00,P1D,fcre,1.6,ensemble,80,Chla_ugL_mean,11.677507503645
vera4cast,chlorocast_xgboost,2026-10-14 00:00:00,2026-09-29 00:00:00,P1D,fcre,1.6,ensemble,80,Chla_ugL_mean,11.7171347085046
vera4cast,chlorocast_xgboost,2026-10-15 00:00:00,2026-09-29 00:00:00,P1D,fcre,1.6,ensemble,80,Chla_ugL_mean,11.6226629445401
vera4cast,chlorocast_xgboost,2026-10-16 00:00:00,2026-09-29 00:00:00,P1D,fcre,1.6,ensemble,80,Chla_ugL_mean,11.0238887922887
vera4cast,chlorocast_xgboost,2026-10-17 00:00:00,2026-09-29 00:00:00,P1D,fcre,1.6,ensemble,80,Chla_ugL_mean,11.1421341691837
vera4cast,chlorocast_xgboost,2026-10-18 00:00:00,2026-09-29 00:00:00,P1D,fcre,1.6,ensemble,80,Chla_ugL_mean,11.0743200583953
vera4cast,chlorocast_xgboost,2026-10-19 00:00:00,2026-09-29 00:00:00,P1D,fcre,1.6,ensemble,80,Chla_ugL_mean,11.0465795119251
vera4cast,chlorocast_xgboost,2026-10-20 00:00:00,2026-09-29 00:00:00,P1D,fcre,1.6,ensemble,80,Chla_ugL_mean,11.0223742754121
vera4cast,chlorocast_xgboost,2026-10-21 00:00:00,2026-09-29 00:00:00,P1D,fcre,1.6,ensemble,80,Chla_ugL_mean,10.7973879225918
vera4cast,chlorocast_xgboost,2026-10-22 00:00:00,2026-09-29 00:00:00,P1D,fcre,1.6,ensemble,80,Chla_ugL_mean,10.7525897298048
vera4cast,chlorocast_xgboost,2026-10-23 00:00:00,2026-09-29 00:00:00,P1D,fcre,1.6,ensemble,80,Chla_ugL_mean,10.5235643279039
vera4cast,chlorocast_xgboost,2026-10-24 00:00:00,2026-09-29 00:00:00,P1D,fcre,1.6,ensemble,80,Chla_ugL_mean,10.6494886002789
vera4cast,chlorocast_xgboost,2026-10-25 00:00:00,2026-09-29 00:00:00,P1D,fcre,1.6,ensemble,80,Chla_ugL_mean,11.3051637011636
vera4cast,chlorocast_xgboost,2026-10-26 00:00:00,2026-09-29 00:00:00,P1D,fcre,1.6,ensemble,80,Chla_ugL_mean,10.682517133702
vera4cast,chlorocast_xgboost,2026-10-27 00:00:00,2026-09-29 00:00:00,P1D,fcre,1.6,ensemble,80,Chla_ugL_mean,10.4627994933386
vera4cast,chlorocast_xgboost,2026-10-28 00:00:00,2026-09-29 00:00:00,P1D,fcre,1.6,ensemble,80,Chla_ugL_mean,10.4264208644089
vera4cast,chlorocast_xgboost,2026-10-29 00:00:00,2026-09-29 00:00:00,P1D,fcre,1.6,ensemble,80,Chla_ugL_mean,10.485545277769
vera4cast,chlorocast_xgboost,2026-10-30 00:00:00,2026-09-29 00:00:00,P1D,fcre,1.6,ensemble,80,Chla_ugL_mean,10.6001117322815
vera4cast,chlorocast_xgboost,2026-10-31 00:00:00,2026-09-29 00:00:00,P1D,fcre,1.6,ensemble,80,Chla_ugL_mean,10.9652917046178
vera4cast,chlorocast_xgboost,2026-11-01 00:00:00,2026-09-29 00:00:00,P1D,fcre,1.6,ensemble,80,Chla_ugL_mean,10.9100159794086
vera4cast,chlorocast_xgboost,2026-11-02 00:00:00,2026-09-29 00:00:00,P1D,fcre,1.6,ensemble,80,Chla_ugL_mean,11.3225253539825
vera4cast,chlorocast_xgboost,2026-11-03 00:00:00,2026-09-29 00:00:00,P1D,fcre,1.6,ensemble,80,Chla_ugL_mean,11.1140250440898
vera4cast,chlorocast_xgboost,2026-09-30 00:00:00,2026-09-29 00:00:00,P1D,fcre,1.6,ensemble,81,Chla_ugL_mean,11.6500939156993
vera4cast,chlorocast_xgboost,2026-10-01 00:00:00,2026-09-29 00:00:00,P1D,fcre,1.6,ensemble,81,Chla_ugL_mean,11.9939335340581
vera4cast,chlorocast_xgboost,2026-10-02 00:00:00,2026-09-29 00:00:00,P1D,fcre,1.6,ensemble,81,Chla_ugL_mean,12.3932268519767
vera4cast,chlorocast_xgboost,2026-10-03 00:00:00,2026-09-29 00:00:00,P1D,fcre,1.6,ensemble,81,Chla_ugL_mean,12.943399478518
vera4cast,chlorocast_xgboost,2026-10-04 00:00:00,2026-09-29 00:00:00,P1D,fcre,1.6,ensemble,81,Chla_ugL_mean,13.3056017811134
vera4cast,chlorocast_xgboost,2026-10-05 00:00:00,2026-09-29 00:00:00,P1D,fcre,1.6,ensemble,81,Chla_ugL_mean,12.5270050962017
vera4cast,chlorocast_xgboost,2026-10-06 00:00:00,2026-09-29 00:00:00,P1D,fcre,1.6,ensemble,81,Chla_ugL_mean,12.1485192977174
vera4cast,chlorocast_xgboost,2026-10-07 00:00:00,2026-09-29 00:00:00,P1D,fcre,1.6,ensemble,81,Chla_ugL_mean,11.9754828139708
vera4cast,chlorocast_xgboost,2026-10-08 00:00:00,2026-09-29 00:00:00,P1D,fcre,1.6,ensemble,81,Chla_ugL_mean,11.9744730386916
vera4cast,chlorocast_xgboost,2026-10-09 00:00:00,2026-09-29 00:00:00,P1D,fcre,1.6,ensemble,81,Chla_ugL_mean,11.8978505553765
vera4cast,chlorocast_xgboost,2026-10-10 00:00:00,2026-09-29 00:00:00,P1D,fcre,1.6,ensemble,81,Chla_ugL_mean,12.1058667010645
vera4cast,chlorocast_xgboost,2026-10-11 00:00:00,2026-09-29 00:00:00,P1D,fcre,1.6,ensemble,81,Chla_ugL_mean,11.702302682249
vera4cast,chlorocast_xgboost,2026-10-12 00:00:00,2026-09-29 00:00:00,P1D,fcre,1.6,ensemble,81,Chla_ugL_mean,11.382673040936
vera4cast,chlorocast_xgboost,2026-10-13 00:00:00,2026-09-29 00:00:00,P1D,fcre,1.6,ensemble,81,Chla_ugL_mean,11.7139540078457
vera4cast,chlorocast_xgboost,2026-10-14 00:00:00,2026-09-29 00:00:00,P1D,fcre,1.6,ensemble,81,Chla_ugL_mean,11.7561202356924
vera4cast,chlorocast_xgboost,2026-10-15 00:00:00,2026-09-29 00:00:00,P1D,fcre,1.6,ensemble,81,Chla_ugL_mean,11.6632434463376
vera4cast,chlorocast_xgboost,2026-10-16 00:00:00,2026-09-29 00:00:00,P1D,fcre,1.6,ensemble,81,Chla_ugL_mean,11.0721641126764
vera4cast,chlorocast_xgboost,2026-10-17 00:00:00,2026-09-29 00:00:00,P1D,fcre,1.6,ensemble,81,Chla_ugL_mean,11.1964327017494
vera4cast,chlorocast_xgboost,2026-10-18 00:00:00,2026-09-29 00:00:00,P1D,fcre,1.6,ensemble,81,Chla_ugL_mean,11.1254023608444
vera4cast,chlorocast_xgboost,2026-10-19 00:00:00,2026-09-29 00:00:00,P1D,fcre,1.6,ensemble,81,Chla_ugL_mean,11.0933483474809
vera4cast,chlorocast_xgboost,2026-10-20 00:00:00,2026-09-29 00:00:00,P1D,fcre,1.6,ensemble,81,Chla_ugL_mean,11.058699699055
vera4cast,chlorocast_xgboost,2026-10-21 00:00:00,2026-09-29 00:00:00,P1D,fcre,1.6,ensemble,81,Chla_ugL_mean,10.8455732525119
vera4cast,chlorocast_xgboost,2026-10-22 00:00:00,2026-09-29 00:00:00,P1D,fcre,1.6,ensemble,81,Chla_ugL_mean,10.7958293291623
vera4cast,chlorocast_xgboost,2026-10-23 00:00:00,2026-09-29 00:00:00,P1D,fcre,1.6,ensemble,81,Chla_ugL_mean,10.5675984249911
vera4cast,chlorocast_xgboost,2026-10-24 00:00:00,2026-09-29 00:00:00,P1D,fcre,1.6,ensemble,81,Chla_ugL_mean,10.7021558414117
vera4cast,chlorocast_xgboost,2026-10-25 00:00:00,2026-09-29 00:00:00,P1D,fcre,1.6,ensemble,81,Chla_ugL_mean,11.3432040426281
vera4cast,chlorocast_xgboost,2026-10-26 00:00:00,2026-09-29 00:00:00,P1D,fcre,1.6,ensemble,81,Chla_ugL_mean,10.7282589929003
vera4cast,chlorocast_xgboost,2026-10-27 00:00:00,2026-09-29 00:00:00,P1D,fcre,1.6,ensemble,81,Chla_ugL_mean,10.5249453892913
vera4cast,chlorocast_xgboost,2026-10-28 00:00:00,2026-09-29 00:00:00,P1D,fcre,1.6,ensemble,81,Chla_ugL_mean,10.4732548321792
vera4cast,chlorocast_xgboost,2026-10-29 00:00:00,2026-09-29 00:00:00,P1D,fcre,1.6,ensemble,81,Chla_ugL_mean,10.5281599231282
vera4cast,chlorocast_xgboost,2026-10-30 00:00:00,2026-09-29 00:00:00,P1D,fcre,1.6,ensemble,81,Chla_ugL_mean,10.6540556562051
vera4cast,chlorocast_xgboost,2026-10-31 00:00:00,2026-09-29 00:00:00,P1D,fcre,1.6,ensemble,81,Chla_ugL_mean,11.0220998212164
vera4cast,chlorocast_xgboost,2026-11-01 00:00:00,2026-09-29 00:00:00,P1D,fcre,1.6,ensemble,81,Chla_ugL_mean,10.94353142718
vera4cast,chlorocast_xgboost,2026-11-02 00:00:00,2026-09-29 00:00:00,P1D,fcre,1.6,ensemble,81,Chla_ugL_mean,11.35653971903
vera4cast,chlorocast_xgboost,2026-11-03 00:00:00,2026-09-29 00:00:00,P1D,fcre,1.6,ensemble,81,Chla_ugL_mean,11.1546427106618
vera4cast,chlorocast_xgboost,2026-09-30 00:00:00,2026-09-29 00:00:00,P1D,fcre,1.6,ensemble,82,Chla_ugL_mean,11.6989778309615
vera4cast,chlorocast_xgboost,2026-10-01 00:00:00,2026-09-29 00:00:00,P1D,fcre,1.6,ensemble,82,Chla_ugL_mean,12.0531480506837
vera4cast,chlorocast_xgboost,2026-10-02 00:00:00,2026-09-29 00:00:00,P1D,fcre,1.6,ensemble,82,Chla_ugL_mean,12.4578995849701
vera4cast,chlorocast_xgboost,2026-10-03 00:00:00,2026-09-29 00:00:00,P1D,fcre,1.6,ensemble,82,Chla_ugL_mean,12.9797983019871
vera4cast,chlorocast_xgboost,2026-10-04 00:00:00,2026-09-29 00:00:00,P1D,fcre,1.6,ensemble,82,Chla_ugL_mean,13.3422714763834
vera4cast,chlorocast_xgboost,2026-10-05 00:00:00,2026-09-29 00:00:00,P1D,fcre,1.6,ensemble,82,Chla_ugL_mean,12.5948950352871
vera4cast,chlorocast_xgboost,2026-10-06 00:00:00,2026-09-29 00:00:00,P1D,fcre,1.6,ensemble,82,Chla_ugL_mean,12.2053654129952
vera4cast,chlorocast_xgboost,2026-10-07 00:00:00,2026-09-29 00:00:00,P1D,fcre,1.6,ensemble,82,Chla_ugL_mean,12.0164694646493
vera4cast,chlorocast_xgboost,2026-10-08 00:00:00,2026-09-29 00:00:00,P1D,fcre,1.6,ensemble,82,Chla_ugL_mean,12.0162553399421
vera4cast,chlorocast_xgboost,2026-10-09 00:00:00,2026-09-29 00:00:00,P1D,fcre,1.6,ensemble,82,Chla_ugL_mean,11.9384878492246
vera4cast,chlorocast_xgboost,2026-10-10 00:00:00,2026-09-29 00:00:00,P1D,fcre,1.6,ensemble,82,Chla_ugL_mean,12.1433117397394
vera4cast,chlorocast_xgboost,2026-10-11 00:00:00,2026-09-29 00:00:00,P1D,fcre,1.6,ensemble,82,Chla_ugL_mean,11.7527883842841
vera4cast,chlorocast_xgboost,2026-10-12 00:00:00,2026-09-29 00:00:00,P1D,fcre,1.6,ensemble,82,Chla_ugL_mean,11.4311719863017
vera4cast,chlorocast_xgboost,2026-10-13 00:00:00,2026-09-29 00:00:00,P1D,fcre,1.6,ensemble,82,Chla_ugL_mean,11.7472167493276
vera4cast,chlorocast_xgboost,2026-10-14 00:00:00,2026-09-29 00:00:00,P1D,fcre,1.6,ensemble,82,Chla_ugL_mean,11.7933629139678
vera4cast,chlorocast_xgboost,2026-10-15 00:00:00,2026-09-29 00:00:00,P1D,fcre,1.6,ensemble,82,Chla_ugL_mean,11.7011304963119
vera4cast,chlorocast_xgboost,2026-10-16 00:00:00,2026-09-29 00:00:00,P1D,fcre,1.6,ensemble,82,Chla_ugL_mean,11.1212774995307
vera4cast,chlorocast_xgboost,2026-10-17 00:00:00,2026-09-29 00:00:00,P1D,fcre,1.6,ensemble,82,Chla_ugL_mean,11.2518460491929
vera4cast,chlorocast_xgboost,2026-10-18 00:00:00,2026-09-29 00:00:00,P1D,fcre,1.6,ensemble,82,Chla_ugL_mean,11.1774021478237
vera4cast,chlorocast_xgboost,2026-10-19 00:00:00,2026-09-29 00:00:00,P1D,fcre,1.6,ensemble,82,Chla_ugL_mean,11.1401623237717
vera4cast,chlorocast_xgboost,2026-10-20 00:00:00,2026-09-29 00:00:00,P1D,fcre,1.6,ensemble,82,Chla_ugL_mean,11.0921942519008
vera4cast,chlorocast_xgboost,2026-10-21 00:00:00,2026-09-29 00:00:00,P1D,fcre,1.6,ensemble,82,Chla_ugL_mean,10.894329490006
vera4cast,chlorocast_xgboost,2026-10-22 00:00:00,2026-09-29 00:00:00,P1D,fcre,1.6,ensemble,82,Chla_ugL_mean,10.8376503071603
vera4cast,chlorocast_xgboost,2026-10-23 00:00:00,2026-09-29 00:00:00,P1D,fcre,1.6,ensemble,82,Chla_ugL_mean,10.613150737754
vera4cast,chlorocast_xgboost,2026-10-24 00:00:00,2026-09-29 00:00:00,P1D,fcre,1.6,ensemble,82,Chla_ugL_mean,10.7556783748214
vera4cast,chlorocast_xgboost,2026-10-25 00:00:00,2026-09-29 00:00:00,P1D,fcre,1.6,ensemble,82,Chla_ugL_mean,11.3779760393509
vera4cast,chlorocast_xgboost,2026-10-26 00:00:00,2026-09-29 00:00:00,P1D,fcre,1.6,ensemble,82,Chla_ugL_mean,10.7744221208957
vera4cast,chlorocast_xgboost,2026-10-27 00:00:00,2026-09-29 00:00:00,P1D,fcre,1.6,ensemble,82,Chla_ugL_mean,10.589454694179
vera4cast,chlorocast_xgboost,2026-10-28 00:00:00,2026-09-29 00:00:00,P1D,fcre,1.6,ensemble,82,Chla_ugL_mean,10.521707107391
vera4cast,chlorocast_xgboost,2026-10-29 00:00:00,2026-09-29 00:00:00,P1D,fcre,1.6,ensemble,82,Chla_ugL_mean,10.5724098973136
vera4cast,chlorocast_xgboost,2026-10-30 00:00:00,2026-09-29 00:00:00,P1D,fcre,1.6,ensemble,82,Chla_ugL_mean,10.7102652974003
vera4cast,chlorocast_xgboost,2026-10-31 00:00:00,2026-09-29 00:00:00,P1D,fcre,1.6,ensemble,82,Chla_ugL_mean,11.0793082639025
vera4cast,chlorocast_xgboost,2026-11-01 00:00:00,2026-09-29 00:00:00,P1D,fcre,1.6,ensemble,82,Chla_ugL_mean,10.9758301512429
vera4cast,chlorocast_xgboost,2026-11-02 00:00:00,2026-09-29 00:00:00,P1D,fcre,1.6,ensemble,82,Chla_ugL_mean,11.387977820235
vera4cast,chlorocast_xgboost,2026-11-03 00:00:00,2026-09-29 00:00:00,P1D,fcre,1.6,ensemble,82,Chla_ugL_mean,11.1954519740927
vera4cast,chlorocast_xgboost,2026-09-30 00:00:00,2026-09-29 00:00:00,P1D,fcre,1.6,ensemble,83,Chla_ugL_mean,11.7480506489456
vera4cast,chlorocast_xgboost,2026-10-01 00:00:00,2026-09-29 00:00:00,P1D,fcre,1.6,ensemble,83,Chla_ugL_mean,12.1126324131547
vera4cast,chlorocast_xgboost,2026-10-02 00:00:00,2026-09-29 00:00:00,P1D,fcre,1.6,ensemble,83,Chla_ugL_mean,12.5228846073348
vera4cast,chlorocast_xgboost,2026-10-03 00:00:00,2026-09-29 00:00:00,P1D,fcre,1.6,ensemble,83,Chla_ugL_mean,13.0162921434861
vera4cast,chlorocast_xgboost,2026-10-04 00:00:00,2026-09-29 00:00:00,P1D,fcre,1.6,ensemble,83,Chla_ugL_mean,13.3790351674581
vera4cast,chlorocast_xgboost,2026-10-05 00:00:00,2026-09-29 00:00:00,P1D,fcre,1.6,ensemble,83,Chla_ugL_mean,12.6631257034397
vera4cast,chlorocast_xgboost,2026-10-06 00:00:00,2026-09-29 00:00:00,P1D,fcre,1.6,ensemble,83,Chla_ugL_mean,12.2624572959332
vera4cast,chlorocast_xgboost,2026-10-07 00:00:00,2026-09-29 00:00:00,P1D,fcre,1.6,ensemble,83,Chla_ugL_mean,12.0575855829984
vera4cast,chlorocast_xgboost,2026-10-08 00:00:00,2026-09-29 00:00:00,P1D,fcre,1.6,ensemble,83,Chla_ugL_mean,12.0581721946881
vera4cast,chlorocast_xgboost,2026-10-09 00:00:00,2026-09-29 00:00:00,P1D,fcre,1.6,ensemble,83,Chla_ugL_mean,11.9792531791081
vera4cast,chlorocast_xgboost,2026-10-10 00:00:00,2026-09-29 00:00:00,P1D,fcre,1.6,ensemble,83,Chla_ugL_mean,12.180863763397
vera4cast,chlorocast_xgboost,2026-10-11 00:00:00,2026-09-29 00:00:00,P1D,fcre,1.6,ensemble,83,Chla_ugL_mean,11.8034747433319
vera4cast,chlorocast_xgboost,2026-10-12 00:00:00,2026-09-29 00:00:00,P1D,fcre,1.6,ensemble,83,Chla_ugL_mean,11.4798608864286
vera4cast,chlorocast_xgboost,2026-10-13 00:00:00,2026-09-29 00:00:00,P1D,fcre,1.6,ensemble,83,Chla_ugL_mean,11.7805665140889
vera4cast,chlorocast_xgboost,2026-10-14 00:00:00,2026-09-29 00:00:00,P1D,fcre,1.6,ensemble,83,Chla_ugL_mean,11.8307143257028
vera4cast,chlorocast_xgboost,2026-10-15 00:00:00,2026-09-29 00:00:00,P1D,fcre,1.6,ensemble,83,Chla_ugL_mean,11.7391309002276
vera4cast,chlorocast_xgboost,2026-10-16 00:00:00,2026-09-29 00:00:00,P1D,fcre,1.6,ensemble,83,Chla_ugL_mean,11.1705906951969
vera4cast,chlorocast_xgboost,2026-10-17 00:00:00,2026-09-29 00:00:00,P1D,fcre,1.6,ensemble,83,Chla_ugL_mean,11.3075111619803
vera4cast,chlorocast_xgboost,2026-10-18 00:00:00,2026-09-29 00:00:00,P1D,fcre,1.6,ensemble,83,Chla_ugL_mean,11.229624935885
vera4cast,chlorocast_xgboost,2026-10-19 00:00:00,2026-09-29 00:00:00,P1D,fcre,1.6,ensemble,83,Chla_ugL_mean,11.1871575193834
vera4cast,chlorocast_xgboost,2026-10-20 00:00:00,2026-09-29 00:00:00,P1D,fcre,1.6,ensemble,83,Chla_ugL_mean,11.1257818400737
vera4cast,chlorocast_xgboost,2026-10-21 00:00:00,2026-09-29 00:00:00,P1D,fcre,1.6,ensemble,83,Chla_ugL_mean,10.943286407589
vera4cast,chlorocast_xgboost,2026-10-22 00:00:00,2026-09-29 00:00:00,P1D,fcre,1.6,ensemble,83,Chla_ugL_mean,10.8796195574121
vera4cast,chlorocast_xgboost,2026-10-23 00:00:00,2026-09-29 00:00:00,P1D,fcre,1.6,ensemble,83,Chla_ugL_mean,10.6588824320205
vera4cast,chlorocast_xgboost,2026-10-24 00:00:00,2026-09-29 00:00:00,P1D,fcre,1.6,ensemble,83,Chla_ugL_mean,10.8094457059951
vera4cast,chlorocast_xgboost,2026-10-25 00:00:00,2026-09-29 00:00:00,P1D,fcre,1.6,ensemble,83,Chla_ugL_mean,11.4128459921435
vera4cast,chlorocast_xgboost,2026-10-26 00:00:00,2026-09-29 00:00:00,P1D,fcre,1.6,ensemble,83,Chla_ugL_mean,10.8207669497204
vera4cast,chlorocast_xgboost,2026-10-27 00:00:00,2026-09-29 00:00:00,P1D,fcre,1.6,ensemble,83,Chla_ugL_mean,10.6543250810743
vera4cast,chlorocast_xgboost,2026-10-28 00:00:00,2026-09-29 00:00:00,P1D,fcre,1.6,ensemble,83,Chla_ugL_mean,10.5703639996018
vera4cast,chlorocast_xgboost,2026-10-29 00:00:00,2026-09-29 00:00:00,P1D,fcre,1.6,ensemble,83,Chla_ugL_mean,10.6168297216944
vera4cast,chlorocast_xgboost,2026-10-30 00:00:00,2026-09-29 00:00:00,P1D,fcre,1.6,ensemble,83,Chla_ugL_mean,10.7667460479721
vera4cast,chlorocast_xgboost,2026-10-31 00:00:00,2026-09-29 00:00:00,P1D,fcre,1.6,ensemble,83,Chla_ugL_mean,11.1367889390574
vera4cast,chlorocast_xgboost,2026-11-01 00:00:00,2026-09-29 00:00:00,P1D,fcre,1.6,ensemble,83,Chla_ugL_mean,11.008216220291
vera4cast,chlorocast_xgboost,2026-11-02 00:00:00,2026-09-29 00:00:00,P1D,fcre,1.6,ensemble,83,Chla_ugL_mean,11.4194959077654
vera4cast,chlorocast_xgboost,2026-11-03 00:00:00,2026-09-29 00:00:00,P1D,fcre,1.6,ensemble,83,Chla_ugL_mean,11.2363982547953
vera4cast,chlorocast_xgboost,2026-09-30 00:00:00,2026-09-29 00:00:00,P1D,fcre,1.6,ensemble,84,Chla_ugL_mean,11.7973130996305
vera4cast,chlorocast_xgboost,2026-10-01 00:00:00,2026-09-29 00:00:00,P1D,fcre,1.6,ensemble,84,Chla_ugL_mean,12.1723878511826
vera4cast,chlorocast_xgboost,2026-10-02 00:00:00,2026-09-29 00:00:00,P1D,fcre,1.6,ensemble,84,Chla_ugL_mean,12.5881834270424
vera4cast,chlorocast_xgboost,2026-10-03 00:00:00,2026-09-29 00:00:00,P1D,fcre,1.6,ensemble,84,Chla_ugL_mean,13.0528812510569
vera4cast,chlorocast_xgboost,2026-10-04 00:00:00,2026-09-29 00:00:00,P1D,fcre,1.6,ensemble,84,Chla_ugL_mean,13.4158930952779
vera4cast,chlorocast_xgboost,2026-10-05 00:00:00,2026-09-29 00:00:00,P1D,fcre,1.6,ensemble,84,Chla_ugL_mean,12.7316988107259
vera4cast,chlorocast_xgboost,2026-10-06 00:00:00,2026-09-29 00:00:00,P1D,fcre,1.6,ensemble,84,Chla_ugL_mean,12.3197960090797
vera4cast,chlorocast_xgboost,2026-10-07 00:00:00,2026-09-29 00:00:00,P1D,fcre,1.6,ensemble,84,Chla_ugL_mean,12.0988315779774
vera4cast,chlorocast_xgboost,2026-10-08 00:00:00,2026-09-29 00:00:00,P1D,fcre,1.6,ensemble,84,Chla_ugL_mean,12.1002240362382
vera4cast,chlorocast_xgboost,2026-10-09 00:00:00,2026-09-29 00:00:00,P1D,fcre,1.6,ensemble,84,Chla_ugL_mean,12.0201469484306
vera4cast,chlorocast_xgboost,2026-10-10 00:00:00,2026-09-29 00:00:00,P1D,fcre,1.6,ensemble,84,Chla_ugL_mean,12.2185230777062
vera4cast,chlorocast_xgboost,2026-10-11 00:00:00,2026-09-29 00:00:00,P1D,fcre,1.6,ensemble,84,Chla_ugL_mean,11.8543625569099
vera4cast,chlorocast_xgboost,2026-10-12 00:00:00,2026-09-29 00:00:00,P1D,fcre,1.6,ensemble,84,Chla_ugL_mean,11.5287404853085
vera4cast,chlorocast_xgboost,2026-10-13 00:00:00,2026-09-29 00:00:00,P1D,fcre,1.6,ensemble,84,Chla_ugL_mean,11.8140035298033
vera4cast,chlorocast_xgboost,2026-10-14 00:00:00,2026-09-29 00:00:00,P1D,fcre,1.6,ensemble,84,Chla_ugL_mean,11.868174788355
vera4cast,chlorocast_xgboost,2026-10-15 00:00:00,2026-09-29 00:00:00,P1D,fcre,1.6,ensemble,84,Chla_ugL_mean,11.7772449972274
vera4cast,chlorocast_xgboost,2026-10-16 00:00:00,2026-09-29 00:00:00,P1D,fcre,1.6,ensemble,84,Chla_ugL_mean,11.2201045125606
vera4cast,chlorocast_xgboost,2026-10-17 00:00:00,2026-09-29 00:00:00,P1D,fcre,1.6,ensemble,84,Chla_ugL_mean,11.3634291839841
vera4cast,chlorocast_xgboost,2026-10-18 00:00:00,2026-09-29 00:00:00,P1D,fcre,1.6,ensemble,84,Chla_ugL_mean,11.2820716813684
vera4cast,chlorocast_xgboost,2026-10-19 00:00:00,2026-09-29 00:00:00,P1D,fcre,1.6,ensemble,84,Chla_ugL_mean,11.2343346358256
vera4cast,chlorocast_xgboost,2026-10-20 00:00:00,2026-09-29 00:00:00,P1D,fcre,1.6,ensemble,84,Chla_ugL_mean,11.1594627219909
vera4cast,chlorocast_xgboost,2026-10-21 00:00:00,2026-09-29 00:00:00,P1D,fcre,1.6,ensemble,84,Chla_ugL_mean,10.9924448312579
vera4cast,chlorocast_xgboost,2026-10-22 00:00:00,2026-09-29 00:00:00,P1D,fcre,1.6,ensemble,84,Chla_ugL_mean,10.9217376056029
vera4cast,chlorocast_xgboost,2026-10-23 00:00:00,2026-09-29 00:00:00,P1D,fcre,1.6,ensemble,84,Chla_ugL_mean,10.7047942141811
vera4cast,chlorocast_xgboost,2026-10-24 00:00:00,2026-09-29 00:00:00,P1D,fcre,1.6,ensemble,84,Chla_ugL_mean,10.8634589545721
vera4cast,chlorocast_xgboost,2026-10-25 00:00:00,2026-09-29 00:00:00,P1D,fcre,1.6,ensemble,84,Chla_ugL_mean,11.4478141769575
vera4cast,chlorocast_xgboost,2026-10-26 00:00:00,2026-09-29 00:00:00,P1D,fcre,1.6,ensemble,84,Chla_ugL_mean,10.8672941945599
vera4cast,chlorocast_xgboost,2026-10-27 00:00:00,2026-09-29 00:00:00,P1D,fcre,1.6,ensemble,84,Chla_ugL_mean,10.7195585710841
vera4cast,chlorocast_xgboost,2026-10-28 00:00:00,2026-09-29 00:00:00,P1D,fcre,1.6,ensemble,84,Chla_ugL_mean,10.6192263729221
vera4cast,chlorocast_xgboost,2026-10-29 00:00:00,2026-09-29 00:00:00,P1D,fcre,1.6,ensemble,84,Chla_ugL_mean,10.6614200482277
vera4cast,chlorocast_xgboost,2026-10-30 00:00:00,2026-09-29 00:00:00,P1D,fcre,1.6,ensemble,84,Chla_ugL_mean,10.8234992155305
vera4cast,chlorocast_xgboost,2026-10-31 00:00:00,2026-09-29 00:00:00,P1D,fcre,1.6,ensemble,84,Chla_ugL_mean,11.1945431421283
vera4cast,chlorocast_xgboost,2026-11-01 00:00:00,2026-09-29 00:00:00,P1D,fcre,1.6,ensemble,84,Chla_ugL_mean,11.0406898705301
vera4cast,chlorocast_xgboost,2026-11-02 00:00:00,2026-09-29 00:00:00,P1D,fcre,1.6,ensemble,84,Chla_ugL_mean,11.4510941851264
vera4cast,chlorocast_xgboost,2026-11-03 00:00:00,2026-09-29 00:00:00,P1D,fcre,1.6,ensemble,84,Chla_ugL_mean,11.2774820128056
vera4cast,chlorocast_xgboost,2026-09-30 00:00:00,2026-09-29 00:00:00,P1D,fcre,1.6,ensemble,85,Chla_ugL_mean,11.8467659158163
vera4cast,chlorocast_xgboost,2026-10-01 00:00:00,2026-09-29 00:00:00,P1D,fcre,1.6,ensemble,85,Chla_ugL_mean,12.2324156000832
vera4cast,chlorocast_xgboost,2026-10-02 00:00:00,2026-09-29 00:00:00,P1D,fcre,1.6,ensemble,85,Chla_ugL_mean,12.6537975593464
vera4cast,chlorocast_xgboost,2026-10-03 00:00:00,2026-09-29 00:00:00,P1D,fcre,1.6,ensemble,85,Chla_ugL_mean,13.0895658733885
vera4cast,chlorocast_xgboost,2026-10-04 00:00:00,2026-09-29 00:00:00,P1D,fcre,1.6,ensemble,85,Chla_ugL_mean,13.4528455014008
vera4cast,chlorocast_xgboost,2026-10-05 00:00:00,2026-09-29 00:00:00,P1D,fcre,1.6,ensemble,85,Chla_ugL_mean,12.8006160757945
vera4cast,chlorocast_xgboost,2026-10-06 00:00:00,2026-09-29 00:00:00,P1D,fcre,1.6,ensemble,85,Chla_ugL_mean,12.3773826195766
vera4cast,chlorocast_xgboost,2026-10-07 00:00:00,2026-09-29 00:00:00,P1D,fcre,1.6,ensemble,85,Chla_ugL_mean,12.1402078598376
vera4cast,chlorocast_xgboost,2026-10-08 00:00:00,2026-09-29 00:00:00,P1D,fcre,1.6,ensemble,85,Chla_ugL_mean,12.142411299297
vera4cast,chlorocast_xgboost,2026-10-09 00:00:00,2026-09-29 00:00:00,P1D,fcre,1.6,ensemble,85,Chla_ugL_mean,12.0611695618666
vera4cast,chlorocast_xgboost,2026-10-10 00:00:00,2026-09-29 00:00:00,P1D,fcre,1.6,ensemble,85,Chla_ugL_mean,12.2562899892093
vera4cast,chlorocast_xgboost,2026-10-11 00:00:00,2026-09-29 00:00:00,P1D,fcre,1.6,ensemble,85,Chla_ugL_mean,11.9054526257056
vera4cast,chlorocast_xgboost,2026-10-12 00:00:00,2026-09-29 00:00:00,P1D,fcre,1.6,ensemble,85,Chla_ugL_mean,11.577811529847
vera4cast,chlorocast_xgboost,2026-10-13 00:00:00,2026-09-29 00:00:00,P1D,fcre,1.6,ensemble,85,Chla_ugL_mean,11.8475280247399
vera4cast,chlorocast_xgboost,2026-10-14 00:00:00,2026-09-29 00:00:00,P1D,fcre,1.6,ensemble,85,Chla_ugL_mean,11.9057446203085
vera4cast,chlorocast_xgboost,2026-10-15 00:00:00,2026-09-29 00:00:00,P1D,fcre,1.6,ensemble,85,Chla_ugL_mean,11.8154731274687
vera4cast,chlorocast_xgboost,2026-10-16 00:00:00,2026-09-29 00:00:00,P1D,fcre,1.6,ensemble,85,Chla_ugL_mean,11.2698197678143
vera4cast,chlorocast_xgboost,2026-10-17 00:00:00,2026-09-29 00:00:00,P1D,fcre,1.6,ensemble,85,Chla_ugL_mean,11.4196012642733
vera4cast,chlorocast_xgboost,2026-10-18 00:00:00,2026-09-29 00:00:00,P1D,fcre,1.6,ensemble,85,Chla_ugL_mean,11.3347433447152
vera4cast,chlorocast_xgboost,2026-10-19 00:00:00,2026-09-29 00:00:00,P1D,fcre,1.6,ensemble,85,Chla_ugL_mean,11.281694377323
vera4cast,chlorocast_xgboost,2026-10-20 00:00:00,2026-09-29 00:00:00,P1D,fcre,1.6,ensemble,85,Chla_ugL_mean,11.1932371567876
vera4cast,chlorocast_xgboost,2026-10-21 00:00:00,2026-09-29 00:00:00,P1D,fcre,1.6,ensemble,85,Chla_ugL_mean,11.0418055904093
vera4cast,chlorocast_xgboost,2026-10-22 00:00:00,2026-09-29 00:00:00,P1D,fcre,1.6,ensemble,85,Chla_ugL_mean,10.9640049792812
vera4cast,chlorocast_xgboost,2026-10-23 00:00:00,2026-09-29 00:00:00,P1D,fcre,1.6,ensemble,85,Chla_ugL_mean,10.7508867934081
vera4cast,chlorocast_xgboost,2026-10-24 00:00:00,2026-09-29 00:00:00,P1D,fcre,1.6,ensemble,85,Chla_ugL_mean,10.9177192453131
vera4cast,chlorocast_xgboost,2026-10-25 00:00:00,2026-09-29 00:00:00,P1D,fcre,1.6,ensemble,85,Chla_ugL_mean,11.482880870522
vera4cast,chlorocast_xgboost,2026-10-26 00:00:00,2026-09-29 00:00:00,P1D,fcre,1.6,ensemble,85,Chla_ugL_mean,10.9140045734143
vera4cast,chlorocast_xgboost,2026-10-27 00:00:00,2026-09-29 00:00:00,P1D,fcre,1.6,ensemble,85,Chla_ugL_mean,10.7851571966285
vera4cast,chlorocast_xgboost,2026-10-28 00:00:00,2026-09-29 00:00:00,P1D,fcre,1.6,ensemble,85,Chla_ugL_mean,10.6682950951115
vera4cast,chlorocast_xgboost,2026-10-29 00:00:00,2026-09-29 00:00:00,P1D,fcre,1.6,ensemble,85,Chla_ugL_mean,10.7061815313733
vera4cast,chlorocast_xgboost,2026-10-30 00:00:00,2026-09-29 00:00:00,P1D,fcre,1.6,ensemble,85,Chla_ugL_mean,10.8805261139925
vera4cast,chlorocast_xgboost,2026-10-31 00:00:00,2026-09-29 00:00:00,P1D,fcre,1.6,ensemble,85,Chla_ugL_mean,11.2525721747269
vera4cast,chlorocast_xgboost,2026-11-01 00:00:00,2026-09-29 00:00:00,P1D,fcre,1.6,ensemble,85,Chla_ugL_mean,11.0732513388048
vera4cast,chlorocast_xgboost,2026-11-02 00:00:00,2026-09-29 00:00:00,P1D,fcre,1.6,ensemble,85,Chla_ugL_mean,11.4827728563406
vera4cast,chlorocast_xgboost,2026-11-03 00:00:00,2026-09-29 00:00:00,P1D,fcre,1.6,ensemble,85,Chla_ugL_mean,11.3187037097042
vera4cast,chlorocast_xgboost,2026-09-30 00:00:00,2026-09-29 00:00:00,P1D,fcre,1.6,ensemble,86,Chla_ugL_mean,11.8964098331348
vera4cast,chlorocast_xgboost,2026-10-01 00:00:00,2026-09-29 00:00:00,P1D,fcre,1.6,ensemble,86,Chla_ugL_mean,12.2927169008012
vera4cast,chlorocast_xgboost,2026-10-02 00:00:00,2026-09-29 00:00:00,P1D,fcre,1.6,ensemble,86,Chla_ugL_mean,12.7197285268168
vera4cast,chlorocast_xgboost,2026-10-03 00:00:00,2026-09-29 00:00:00,P1D,fcre,1.6,ensemble,86,Chla_ugL_mean,13.1263462598195
vera4cast,chlorocast_xgboost,2026-10-04 00:00:00,2026-09-29 00:00:00,P1D,fcre,1.6,ensemble,86,Chla_ugL_mean,13.4898926280041
vera4cast,chlorocast_xgboost,2026-10-05 00:00:00,2026-09-29 00:00:00,P1D,fcre,1.6,ensemble,86,Chla_ugL_mean,12.86987922592
vera4cast,chlorocast_xgboost,2026-10-06 00:00:00,2026-09-29 00:00:00,P1D,fcre,1.6,ensemble,86,Chla_ugL_mean,12.4352181991799
vera4cast,chlorocast_xgboost,2026-10-07 00:00:00,2026-09-29 00:00:00,P1D,fcre,1.6,ensemble,86,Chla_ugL_mean,12.1817148401262
vera4cast,chlorocast_xgboost,2026-10-08 00:00:00,2026-09-29 00:00:00,P1D,fcre,1.6,ensemble,86,Chla_ugL_mean,12.1847344199685
vera4cast,chlorocast_xgboost,2026-10-09 00:00:00,2026-09-29 00:00:00,P1D,fcre,1.6,ensemble,86,Chla_ugL_mean,12.1023214253656
vera4cast,chlorocast_xgboost,2026-10-10 00:00:00,2026-09-29 00:00:00,P1D,fcre,1.6,ensemble,86,Chla_ugL_mean,12.2941648053244
vera4cast,chlorocast_xgboost,2026-10-11 00:00:00,2026-09-29 00:00:00,P1D,fcre,1.6,ensemble,86,Chla_ugL_mean,11.9567457535886
vera4cast,chlorocast_xgboost,2026-10-12 00:00:00,2026-09-29 00:00:00,P1D,fcre,1.6,ensemble,86,Chla_ugL_mean,11.6270747698751
vera4cast,chlorocast_xgboost,2026-10-13 00:00:00,2026-09-29 00:00:00,P1D,fcre,1.6,ensemble,86,Chla_ugL_mean,11.8811402277655
vera4cast,chlorocast_xgboost,2026-10-14 00:00:00,2026-09-29 00:00:00,P1D,fcre,1.6,ensemble,86,Chla_ugL_mean,11.9434241408773
vera4cast,chlorocast_xgboost,2026-10-15 00:00:00,2026-09-29 00:00:00,P1D,fcre,1.6,ensemble,86,Chla_ugL_mean,11.8538156321265
vera4cast,chlorocast_xgboost,2026-10-16 00:00:00,2026-09-29 00:00:00,P1D,fcre,1.6,ensemble,86,Chla_ugL_mean,11.3197372804711
vera4cast,chlorocast_xgboost,2026-10-17 00:00:00,2026-09-29 00:00:00,P1D,fcre,1.6,ensemble,86,Chla_ugL_mean,11.476028557138
vera4cast,chlorocast_xgboost,2026-10-18 00:00:00,2026-09-29 00:00:00,P1D,fcre,1.6,ensemble,86,Chla_ugL_mean,11.3876408904858
vera4cast,chlorocast_xgboost,2026-10-19 00:00:00,2026-09-29 00:00:00,P1D,fcre,1.6,ensemble,86,Chla_ugL_mean,11.3292374508268
vera4cast,chlorocast_xgboost,2026-10-20 00:00:00,2026-09-29 00:00:00,P1D,fcre,1.6,ensemble,86,Chla_ugL_mean,11.2271054043185
vera4cast,chlorocast_xgboost,2026-10-21 00:00:00,2026-09-29 00:00:00,P1D,fcre,1.6,ensemble,86,Chla_ugL_mean,11.0913695178536
vera4cast,chlorocast_xgboost,2026-10-22 00:00:00,2026-09-29 00:00:00,P1D,fcre,1.6,ensemble,86,Chla_ugL_mean,11.0064222078664
vera4cast,chlorocast_xgboost,2026-10-23 00:00:00,2026-09-29 00:00:00,P1D,fcre,1.6,ensemble,86,Chla_ugL_mean,10.7971608816664
vera4cast,chlorocast_xgboost,2026-10-24 00:00:00,2026-09-29 00:00:00,P1D,fcre,1.6,ensemble,86,Chla_ugL_mean,10.9722277081228
vera4cast,chlorocast_xgboost,2026-10-25 00:00:00,2026-09-29 00:00:00,P1D,fcre,1.6,ensemble,86,Chla_ugL_mean,11.5180463503457
vera4cast,chlorocast_xgboost,2026-10-26 00:00:00,2026-09-29 00:00:00,P1D,fcre,1.6,ensemble,86,Chla_ugL_mean,10.9608988071103
vera4cast,chlorocast_xgboost,2026-10-27 00:00:00,2026-09-29 00:00:00,P1D,fcre,1.6,ensemble,86,Chla_ugL_mean,10.8511230015037
vera4cast,chlorocast_xgboost,2026-10-28 00:00:00,2026-09-29 00:00:00,P1D,fcre,1.6,ensemble,86,Chla_ugL_mean,10.7175710375943
vera4cast,chlorocast_xgboost,2026-10-29 00:00:00,2026-09-29 00:00:00,P1D,fcre,1.6,ensemble,86,Chla_ugL_mean,10.7511148281029
vera4cast,chlorocast_xgboost,2026-10-30 00:00:00,2026-09-29 00:00:00,P1D,fcre,1.6,ensemble,86,Chla_ugL_mean,10.9378280636123
vera4cast,chlorocast_xgboost,2026-10-31 00:00:00,2026-09-29 00:00:00,P1D,fcre,1.6,ensemble,86,Chla_ugL_mean,11.3108773446589
vera4cast,chlorocast_xgboost,2026-11-01 00:00:00,2026-09-29 00:00:00,P1D,fcre,1.6,ensemble,86,Chla_ugL_mean,11.1059008626003
vera4cast,chlorocast_xgboost,2026-11-02 00:00:00,2026-09-29 00:00:00,P1D,fcre,1.6,ensemble,86,Chla_ugL_mean,11.5145321259501
vera4cast,chlorocast_xgboost,2026-11-03 00:00:00,2026-09-29 00:00:00,P1D,fcre,1.6,ensemble,86,Chla_ugL_mean,11.3600638086215
vera4cast,chlorocast_xgboost,2026-09-30 00:00:00,2026-09-29 00:00:00,P1D,fcre,1.6,ensemble,87,Chla_ugL_mean,11.9462455900605
vera4cast,chlorocast_xgboost,2026-10-01 00:00:00,2026-09-29 00:00:00,P1D,fcre,1.6,ensemble,87,Chla_ugL_mean,12.3532929999369
vera4cast,chlorocast_xgboost,2026-10-02 00:00:00,2026-09-29 00:00:00,P1D,fcre,1.6,ensemble,87,Chla_ugL_mean,12.785977859376
vera4cast,chlorocast_xgboost,2026-10-03 00:00:00,2026-09-29 00:00:00,P1D,fcre,1.6,ensemble,87,Chla_ugL_mean,13.163222660339
vera4cast,chlorocast_xgboost,2026-10-04 00:00:00,2026-09-29 00:00:00,P1D,fcre,1.6,ensemble,87,Chla_ugL_mean,13.5270347178856
vera4cast,chlorocast_xgboost,2026-10-05 00:00:00,2026-09-29 00:00:00,P1D,fcre,1.6,ensemble,87,Chla_ugL_mean,12.9394899970458
vera4cast,chlorocast_xgboost,2026-10-06 00:00:00,2026-09-29 00:00:00,P1D,fcre,1.6,ensemble,87,Chla_ugL_mean,12.4933038242789
vera4cast,chlorocast_xgboost,2026-10-07 00:00:00,2026-09-29 00:00:00,P1D,fcre,1.6,ensemble,87,Chla_ugL_mean,12.2233529316902
vera4cast,chlorocast_xgboost,2026-10-08 00:00:00,2026-09-29 00:00:00,P1D,fcre,1.6,ensemble,87,Chla_ugL_mean,12.2271938357615
vera4cast,chlorocast_xgboost,2026-10-09 00:00:00,2026-09-29 00:00:00,P1D,fcre,1.6,ensemble,87,Chla_ugL_mean,12.1436029461561
vera4cast,chlorocast_xgboost,2026-10-10 00:00:00,2026-09-29 00:00:00,P1D,fcre,1.6,ensemble,87,Chla_ugL_mean,12.3321478343481
vera4cast,chlorocast_xgboost,2026-10-11 00:00:00,2026-09-29 00:00:00,P1D,fcre,1.6,ensemble,87,Chla_ugL_mean,12.0082427476237
vera4cast,chlorocast_xgboost,2026-10-12 00:00:00,2026-09-29 00:00:00,P1D,fcre,1.6,ensemble,87,Chla_ugL_mean,11.6765309581608
vera4cast,chlorocast_xgboost,2026-10-13 00:00:00,2026-09-29 00:00:00,P1D,fcre,1.6,ensemble,87,Chla_ugL_mean,11.9148403683453
vera4cast,chlorocast_xgboost,2026-10-14 00:00:00,2026-09-29 00:00:00,P1D,fcre,1.6,ensemble,87,Chla_ugL_mean,11.9812136703074
vera4cast,chlorocast_xgboost,2026-10-15 00:00:00,2026-09-29 00:00:00,P1D,fcre,1.6,ensemble,87,Chla_ugL_mean,11.8922728533968
vera4cast,chlorocast_xgboost,2026-10-16 00:00:00,2026-09-29 00:00:00,P1D,fcre,1.6,ensemble,87,Chla_ugL_mean,11.3698578733782
vera4cast,chlorocast_xgboost,2026-10-17 00:00:00,2026-09-29 00:00:00,P1D,fcre,1.6,ensemble,87,Chla_ugL_mean,11.5327122221126
vera4cast,chlorocast_xgboost,2026-10-18 00:00:00,2026-09-29 00:00:00,P1D,fcre,1.6,ensemble,87,Chla_ugL_mean,11.4407652873769
vera4cast,chlorocast_xgboost,2026-10-19 00:00:00,2026-09-29 00:00:00,P1D,fcre,1.6,ensemble,87,Chla_ugL_mean,11.3769645660245
vera4cast,chlorocast_xgboost,2026-10-20 00:00:00,2026-09-29 00:00:00,P1D,fcre,1.6,ensemble,87,Chla_ugL_mean,11.2610677251605
vera4cast,chlorocast_xgboost,2026-10-21 00:00:00,2026-09-29 00:00:00,P1D,fcre,1.6,ensemble,87,Chla_ugL_mean,11.141137449829
vera4cast,chlorocast_xgboost,2026-10-22 00:00:00,2026-09-29 00:00:00,P1D,fcre,1.6,ensemble,87,Chla_ugL_mean,11.0489898226545
vera4cast,chlorocast_xgboost,2026-10-23 00:00:00,2026-09-29 00:00:00,P1D,fcre,1.6,ensemble,87,Chla_ugL_mean,10.8436171937247
vera4cast,chlorocast_xgboost,2026-10-24 00:00:00,2026-09-29 00:00:00,P1D,fcre,1.6,ensemble,87,Chla_ugL_mean,11.026985478074
vera4cast,chlorocast_xgboost,2026-10-25 00:00:00,2026-09-29 00:00:00,P1D,fcre,1.6,ensemble,87,Chla_ugL_mean,11.5533108947191
vera4cast,chlorocast_xgboost,2026-10-26 00:00:00,2026-09-29 00:00:00,P1D,fcre,1.6,ensemble,87,Chla_ugL_mean,11.0079776193113
vera4cast,chlorocast_xgboost,2026-10-27 00:00:00,2026-09-29 00:00:00,P1D,fcre,1.6,ensemble,87,Chla_ugL_mean,10.9174580409457
vera4cast,chlorocast_xgboost,2026-10-28 00:00:00,2026-09-29 00:00:00,P1D,fcre,1.6,ensemble,87,Chla_ugL_mean,10.7670550754747
vera4cast,chlorocast_xgboost,2026-10-29 00:00:00,2026-09-29 00:00:00,P1D,fcre,1.6,ensemble,87,Chla_ugL_mean,10.7962205979101
vera4cast,chlorocast_xgboost,2026-10-30 00:00:00,2026-09-29 00:00:00,P1D,fcre,1.6,ensemble,87,Chla_ugL_mean,10.9954063910119
vera4cast,chlorocast_xgboost,2026-10-31 00:00:00,2026-09-29 00:00:00,P1D,fcre,1.6,ensemble,87,Chla_ugL_mean,11.3694599659531
vera4cast,chlorocast_xgboost,2026-11-01 00:00:00,2026-09-29 00:00:00,P1D,fcre,1.6,ensemble,87,Chla_ugL_mean,11.1386386800438
vera4cast,chlorocast_xgboost,2026-11-02 00:00:00,2026-09-29 00:00:00,P1D,fcre,1.6,ensemble,87,Chla_ugL_mean,11.546372199017
vera4cast,chlorocast_xgboost,2026-11-03 00:00:00,2026-09-29 00:00:00,P1D,fcre,1.6,ensemble,87,Chla_ugL_mean,11.4015627742428
vera4cast,chlorocast_xgboost,2026-09-30 00:00:00,2026-09-29 00:00:00,P1D,fcre,1.6,ensemble,88,Chla_ugL_mean,11.9962739279215
vera4cast,chlorocast_xgboost,2026-10-01 00:00:00,2026-09-29 00:00:00,P1D,fcre,1.6,ensemble,88,Chla_ugL_mean,12.4141451497712
vera4cast,chlorocast_xgboost,2026-10-02 00:00:00,2026-09-29 00:00:00,P1D,fcre,1.6,ensemble,88,Chla_ugL_mean,12.8525470943338
vera4cast,chlorocast_xgboost,2026-10-03 00:00:00,2026-09-29 00:00:00,P1D,fcre,1.6,ensemble,88,Chla_ugL_mean,13.2001953255891
vera4cast,chlorocast_xgboost,2026-10-04 00:00:00,2026-09-29 00:00:00,P1D,fcre,1.6,ensemble,88,Chla_ugL_mean,13.5642720144658
vera4cast,chlorocast_xgboost,2026-10-05 00:00:00,2026-09-29 00:00:00,P1D,fcre,1.6,ensemble,88,Chla_ugL_mean,13.0094501338277
vera4cast,chlorocast_xgboost,2026-10-06 00:00:00,2026-09-29 00:00:00,P1D,fcre,1.6,ensemble,88,Chla_ugL_mean,12.5516405759165
vera4cast,chlorocast_xgboost,2026-10-07 00:00:00,2026-09-29 00:00:00,P1D,fcre,1.6,ensemble,88,Chla_ugL_mean,12.265122548681
vera4cast,chlorocast_xgboost,2026-10-08 00:00:00,2026-09-29 00:00:00,P1D,fcre,1.6,ensemble,88,Chla_ugL_mean,12.2697899855933
vera4cast,chlorocast_xgboost,2026-10-09 00:00:00,2026-09-29 00:00:00,P1D,fcre,1.6,ensemble,88,Chla_ugL_mean,12.1850145327497
vera4cast,chlorocast_xgboost,2026-10-10 00:00:00,2026-09-29 00:00:00,P1D,fcre,1.6,ensemble,88,Chla_ugL_mean,12.3702393854576
vera4cast,chlorocast_xgboost,2026-10-11 00:00:00,2026-09-29 00:00:00,P1D,fcre,1.6,ensemble,88,Chla_ugL_mean,12.0599444180834
vera4cast,chlorocast_xgboost,2026-10-12 00:00:00,2026-09-29 00:00:00,P1D,fcre,1.6,ensemble,88,Chla_ugL_mean,11.7261808504202
vera4cast,chlorocast_xgboost,2026-10-13 00:00:00,2026-09-29 00:00:00,P1D,fcre,1.6,ensemble,88,Chla_ugL_mean,11.9486286765449
vera4cast,chlorocast_xgboost,2026-10-14 00:00:00,2026-09-29 00:00:00,P1D,fcre,1.6,ensemble,88,Chla_ugL_mean,12.0191135297799
vera4cast,chlorocast_xgboost,2026-10-15 00:00:00,2026-09-29 00:00:00,P1D,fcre,1.6,ensemble,88,Chla_ugL_mean,11.930845134499
vera4cast,chlorocast_xgboost,2026-10-16 00:00:00,2026-09-29 00:00:00,P1D,fcre,1.6,ensemble,88,Chla_ugL_mean,11.4201823727305
vera4cast,chlorocast_xgboost,2026-10-17 00:00:00,2026-09-29 00:00:00,P1D,fcre,1.6,ensemble,88,Chla_ugL_mean,11.5896534239998
vera4cast,chlorocast_xgboost,2026-10-18 00:00:00,2026-09-29 00:00:00,P1D,fcre,1.6,ensemble,88,Chla_ugL_mean,11.4941175082395
vera4cast,chlorocast_xgboost,2026-10-19 00:00:00,2026-09-29 00:00:00,P1D,fcre,1.6,ensemble,88,Chla_ugL_mean,11.4248764353511
vera4cast,chlorocast_xgboost,2026-10-20 00:00:00,2026-09-29 00:00:00,P1D,fcre,1.6,ensemble,88,Chla_ugL_mean,11.2951243806139
vera4cast,chlorocast_xgboost,2026-10-21 00:00:00,2026-09-29 00:00:00,P1D,fcre,1.6,ensemble,88,Chla_ugL_mean,11.1911102260158
vera4cast,chlorocast_xgboost,2026-10-22 00:00:00,2026-09-29 00:00:00,P1D,fcre,1.6,ensemble,88,Chla_ugL_mean,11.0917083568253
vera4cast,chlorocast_xgboost,2026-10-23 00:00:00,2026-09-29 00:00:00,P1D,fcre,1.6,ensemble,88,Chla_ugL_mean,10.8902564471662
vera4cast,chlorocast_xgboost,2026-10-24 00:00:00,2026-09-29 00:00:00,P1D,fcre,1.6,ensemble,88,Chla_ugL_mean,11.0819936954309
vera4cast,chlorocast_xgboost,2026-10-25 00:00:00,2026-09-29 00:00:00,P1D,fcre,1.6,ensemble,88,Chla_ugL_mean,11.5886747827164
vera4cast,chlorocast_xgboost,2026-10-26 00:00:00,2026-09-29 00:00:00,P1D,fcre,1.6,ensemble,88,Chla_ugL_mean,11.0552417365295
vera4cast,chlorocast_xgboost,2026-10-27 00:00:00,2026-09-29 00:00:00,P1D,fcre,1.6,ensemble,88,Chla_ugL_mean,10.9841643816946
vera4cast,chlorocast_xgboost,2026-10-28 00:00:00,2026-09-29 00:00:00,P1D,fcre,1.6,ensemble,88,Chla_ugL_mean,10.8167480875526
vera4cast,chlorocast_xgboost,2026-10-29 00:00:00,2026-09-29 00:00:00,P1D,fcre,1.6,ensemble,88,Chla_ugL_mean,10.8414995028197
vera4cast,chlorocast_xgboost,2026-10-30 00:00:00,2026-09-29 00:00:00,P1D,fcre,1.6,ensemble,88,Chla_ugL_mean,11.0532624292118
vera4cast,chlorocast_xgboost,2026-10-31 00:00:00,2026-09-29 00:00:00,P1D,fcre,1.6,ensemble,88,Chla_ugL_mean,11.4283213588914
vera4cast,chlorocast_xgboost,2026-11-01 00:00:00,2026-09-29 00:00:00,P1D,fcre,1.6,ensemble,88,Chla_ugL_mean,11.1714650299065
vera4cast,chlorocast_xgboost,2026-11-02 00:00:00,2026-09-29 00:00:00,P1D,fcre,1.6,ensemble,88,Chla_ugL_mean,11.5782932811255
vera4cast,chlorocast_xgboost,2026-11-03 00:00:00,2026-09-29 00:00:00,P1D,fcre,1.6,ensemble,88,Chla_ugL_mean,11.4432010728138
vera4cast,chlorocast_xgboost,2026-09-30 00:00:00,2026-09-29 00:00:00,P1D,fcre,1.6,ensemble,89,Chla_ugL_mean,12.0464955909108
vera4cast,chlorocast_xgboost,2026-10-01 00:00:00,2026-09-29 00:00:00,P1D,fcre,1.6,ensemble,89,Chla_ugL_mean,12.4752746082917
vera4cast,chlorocast_xgboost,2026-10-02 00:00:00,2026-09-29 00:00:00,P1D,fcre,1.6,ensemble,89,Chla_ugL_mean,12.9194377764235
vera4cast,chlorocast_xgboost,2026-10-03 00:00:00,2026-09-29 00:00:00,P1D,fcre,1.6,ensemble,89,Chla_ugL_mean,13.2372645068657
vera4cast,chlorocast_xgboost,2026-10-04 00:00:00,2026-09-29 00:00:00,P1D,fcre,1.6,ensemble,89,Chla_ugL_mean,13.601604761789
vera4cast,chlorocast_xgboost,2026-10-05 00:00:00,2026-09-29 00:00:00,P1D,fcre,1.6,ensemble,89,Chla_ugL_mean,13.0797613896779
vera4cast,chlorocast_xgboost,2026-10-06 00:00:00,2026-09-29 00:00:00,P1D,fcre,1.6,ensemble,89,Chla_ugL_mean,12.6102295398097
vera4cast,chlorocast_xgboost,2026-10-07 00:00:00,2026-09-29 00:00:00,P1D,fcre,1.6,ensemble,89,Chla_ugL_mean,12.3070241065579
vera4cast,chlorocast_xgboost,2026-10-08 00:00:00,2026-09-29 00:00:00,P1D,fcre,1.6,ensemble,89,Chla_ugL_mean,12.3125233097951
vera4cast,chlorocast_xgboost,2026-10-09 00:00:00,2026-09-29 00:00:00,P1D,fcre,1.6,ensemble,89,Chla_ugL_mean,12.2265565949451
vera4cast,chlorocast_xgboost,2026-10-10 00:00:00,2026-09-29 00:00:00,P1D,fcre,1.6,ensemble,89,Chla_ugL_mean,12.4084397687135
vera4cast,chlorocast_xgboost,2026-10-11 00:00:00,2026-09-29 00:00:00,P1D,fcre,1.6,ensemble,89,Chla_ugL_mean,12.1118515784605
vera4cast,chlorocast_xgboost,2026-10-12 00:00:00,2026-09-29 00:00:00,P1D,fcre,1.6,ensemble,89,Chla_ugL_mean,11.7760252053294
vera4cast,chlorocast_xgboost,2026-10-13 00:00:00,2026-09-29 00:00:00,P1D,fcre,1.6,ensemble,89,Chla_ugL_mean,11.982505383032
vera4cast,chlorocast_xgboost,2026-10-14 00:00:00,2026-09-29 00:00:00,P1D,fcre,1.6,ensemble,89,Chla_ugL_mean,12.0571240414136
vera4cast,chlorocast_xgboost,2026-10-15 00:00:00,2026-09-29 00:00:00,P1D,fcre,1.6,ensemble,89,Chla_ugL_mean,11.9695328196799
vera4cast,chlorocast_xgboost,2026-10-16 00:00:00,2026-09-29 00:00:00,P1D,fcre,1.6,ensemble,89,Chla_ugL_mean,11.4707116080838
vera4cast,chlorocast_xgboost,2026-10-17 00:00:00,2026-09-29 00:00:00,P1D,fcre,1.6,ensemble,89,Chla_ugL_mean,11.6468533328942
vera4cast,chlorocast_xgboost,2026-10-18 00:00:00,2026-09-29 00:00:00,P1D,fcre,1.6,ensemble,89,Chla_ugL_mean,11.5476985300966
vera4cast,chlorocast_xgboost,2026-10-19 00:00:00,2026-09-29 00:00:00,P1D,fcre,1.6,ensemble,89,Chla_ugL_mean,11.4729737739994
vera4cast,chlorocast_xgboost,2026-10-20 00:00:00,2026-09-29 00:00:00,P1D,fcre,1.6,ensemble,89,Chla_ugL_mean,11.3292756327049
vera4cast,chlorocast_xgboost,2026-10-21 00:00:00,2026-09-29 00:00:00,P1D,fcre,1.6,ensemble,89,Chla_ugL_mean,11.2412886895502
vera4cast,chlorocast_xgboost,2026-10-22 00:00:00,2026-09-29 00:00:00,P1D,fcre,1.6,ensemble,89,Chla_ugL_mean,11.1345783454491
vera4cast,chlorocast_xgboost,2026-10-23 00:00:00,2026-09-29 00:00:00,P1D,fcre,1.6,ensemble,89,Chla_ugL_mean,10.9370793624
vera4cast,chlorocast_xgboost,2026-10-24 00:00:00,2026-09-29 00:00:00,P1D,fcre,1.6,ensemble,89,Chla_ugL_mean,11.137253505673
vera4cast,chlorocast_xgboost,2026-10-25 00:00:00,2026-09-29 00:00:00,P1D,fcre,1.6,ensemble,89,Chla_ugL_mean,11.6241382941983
vera4cast,chlorocast_xgboost,2026-10-26 00:00:00,2026-09-29 00:00:00,P1D,fcre,1.6,ensemble,89,Chla_ugL_mean,11.1026918881364
vera4cast,chlorocast_xgboost,2026-10-27 00:00:00,2026-09-29 00:00:00,P1D,fcre,1.6,ensemble,89,Chla_ugL_mean,11.0512441020586
vera4cast,chlorocast_xgboost,2026-10-28 00:00:00,2026-09-29 00:00:00,P1D,fcre,1.6,ensemble,89,Chla_ugL_mean,10.8666509563393
vera4cast,chlorocast_xgboost,2026-10-29 00:00:00,2026-09-29 00:00:00,P1D,fcre,1.6,ensemble,89,Chla_ugL_mean,10.8869522073979
vera4cast,chlorocast_xgboost,2026-10-30 00:00:00,2026-09-29 00:00:00,P1D,fcre,1.6,ensemble,89,Chla_ugL_mean,11.1113975176621
vera4cast,chlorocast_xgboost,2026-10-31 00:00:00,2026-09-29 00:00:00,P1D,fcre,1.6,ensemble,89,Chla_ugL_mean,11.4874628500383
vera4cast,chlorocast_xgboost,2026-11-01 00:00:00,2026-09-29 00:00:00,P1D,fcre,1.6,ensemble,89,Chla_ugL_mean,11.2043801516055
vera4cast,chlorocast_xgboost,2026-11-02 00:00:00,2026-09-29 00:00:00,P1D,fcre,1.6,ensemble,89,Chla_ugL_mean,11.6102955783827
vera4cast,chlorocast_xgboost,2026-11-03 00:00:00,2026-09-29 00:00:00,P1D,fcre,1.6,ensemble,89,Chla_ugL_mean,11.4849791721453
vera4cast,chlorocast_xgboost,2026-09-30 00:00:00,2026-09-29 00:00:00,P1D,fcre,1.6,ensemble,90,Chla_ugL_mean,12.0969113260971
vera4cast,chlorocast_xgboost,2026-10-01 00:00:00,2026-09-29 00:00:00,P1D,fcre,1.6,ensemble,90,Chla_ugL_mean,12.536682639219
vera4cast,chlorocast_xgboost,2026-10-02 00:00:00,2026-09-29 00:00:00,P1D,fcre,1.6,ensemble,90,Chla_ugL_mean,12.9866514578374
vera4cast,chlorocast_xgboost,2026-10-03 00:00:00,2026-09-29 00:00:00,P1D,fcre,1.6,ensemble,90,Chla_ugL_mean,13.2744304561212
vera4cast,chlorocast_xgboost,2026-10-04 00:00:00,2026-09-29 00:00:00,P1D,fcre,1.6,ensemble,90,Chla_ugL_mean,13.6390332045249
vera4cast,chlorocast_xgboost,2026-10-05 00:00:00,2026-09-29 00:00:00,P1D,fcre,1.6,ensemble,90,Chla_ugL_mean,13.1504255268083
vera4cast,chlorocast_xgboost,2026-10-06 00:00:00,2026-09-29 00:00:00,P1D,fcre,1.6,ensemble,90,Chla_ugL_mean,12.6690718063691
vera4cast,chlorocast_xgboost,2026-10-07 00:00:00,2026-09-29 00:00:00,P1D,fcre,1.6,ensemble,90,Chla_ugL_mean,12.3490580220927
vera4cast,chlorocast_xgboost,2026-10-08 00:00:00,2026-09-29 00:00:00,P1D,fcre,1.6,ensemble,90,Chla_ugL_mean,12.3553942501159
vera4cast,chlorocast_xgboost,2026-10-09 00:00:00,2026-09-29 00:00:00,P1D,fcre,1.6,ensemble,90,Chla_ugL_mean,12.2682295438321
vera4cast,chlorocast_xgboost,2026-10-10 00:00:00,2026-09-29 00:00:00,P1D,fcre,1.6,ensemble,90,Chla_ugL_mean,12.4467492950624
vera4cast,chlorocast_xgboost,2026-10-11 00:00:00,2026-09-29 00:00:00,P1D,fcre,1.6,ensemble,90,Chla_ugL_mean,12.1639650454813
vera4cast,chlorocast_xgboost,2026-10-12 00:00:00,2026-09-29 00:00:00,P1D,fcre,1.6,ensemble,90,Chla_ugL_mean,11.8260647845362
vera4cast,chlorocast_xgboost,2026-10-13 00:00:00,2026-09-29 00:00:00,P1D,fcre,1.6,ensemble,90,Chla_ugL_mean,12.0164707190776
vera4cast,chlorocast_xgboost,2026-10-14 00:00:00,2026-09-29 00:00:00,P1D,fcre,1.6,ensemble,90,Chla_ugL_mean,12.0952455282679
vera4cast,chlorocast_xgboost,2026-10-15 00:00:00,2026-09-29 00:00:00,P1D,fcre,1.6,ensemble,90,Chla_ugL_mean,12.0083362542158
vera4cast,chlorocast_xgboost,2026-10-16 00:00:00,2026-09-29 00:00:00,P1D,fcre,1.6,ensemble,90,Chla_ugL_mean,11.5214464123691
vera4cast,chlorocast_xgboost,2026-10-17 00:00:00,2026-09-29 00:00:00,P1D,fcre,1.6,ensemble,90,Chla_ugL_mean,11.7043131242069
vera4cast,chlorocast_xgboost,2026-10-18 00:00:00,2026-09-29 00:00:00,P1D,fcre,1.6,ensemble,90,Chla_ugL_mean,11.6015093341614
vera4cast,chlorocast_xgboost,2026-10-19 00:00:00,2026-09-29 00:00:00,P1D,fcre,1.6,ensemble,90,Chla_ugL_mean,11.5212572999307
vera4cast,chlorocast_xgboost,2026-10-20 00:00:00,2026-09-29 00:00:00,P1D,fcre,1.6,ensemble,90,Chla_ugL_mean,11.3635217441876
vera4cast,chlorocast_xgboost,2026-10-21 00:00:00,2026-09-29 00:00:00,P1D,fcre,1.6,ensemble,90,Chla_ugL_mean,11.291673687039
vera4cast,chlorocast_xgboost,2026-10-22 00:00:00,2026-09-29 00:00:00,P1D,fcre,1.6,ensemble,90,Chla_ugL_mean,11.1776003254929
vera4cast,chlorocast_xgboost,2026-10-23 00:00:00,2026-09-29 00:00:00,P1D,fcre,1.6,ensemble,90,Chla_ugL_mean,10.9840866626722
vera4cast,chlorocast_xgboost,2026-10-24 00:00:00,2026-09-29 00:00:00,P1D,fcre,1.6,ensemble,90,Chla_ugL_mean,11.1927660595189
vera4cast,chlorocast_xgboost,2026-10-25 00:00:00,2026-09-29 00:00:00,P1D,fcre,1.6,ensemble,90,Chla_ugL_mean,11.6597017098138
vera4cast,chlorocast_xgboost,2026-10-26 00:00:00,2026-09-29 00:00:00,P1D,fcre,1.6,ensemble,90,Chla_ugL_mean,11.1503288063745
vera4cast,chlorocast_xgboost,2026-10-27 00:00:00,2026-09-29 00:00:00,P1D,fcre,1.6,ensemble,90,Chla_ugL_mean,11.1186992919789
vera4cast,chlorocast_xgboost,2026-10-28 00:00:00,2026-09-29 00:00:00,P1D,fcre,1.6,ensemble,90,Chla_ugL_mean,10.9167645680727
vera4cast,chlorocast_xgboost,2026-10-29 00:00:00,2026-09-29 00:00:00,P1D,fcre,1.6,ensemble,90,Chla_ugL_mean,10.9325793787616
vera4cast,chlorocast_xgboost,2026-10-30 00:00:00,2026-09-29 00:00:00,P1D,fcre,1.6,ensemble,90,Chla_ugL_mean,11.1698130022731
vera4cast,chlorocast_xgboost,2026-10-31 00:00:00,2026-09-29 00:00:00,P1D,fcre,1.6,ensemble,90,Chla_ugL_mean,11.5468857722711
vera4cast,chlorocast_xgboost,2026-11-01 00:00:00,2026-09-29 00:00:00,P1D,fcre,1.6,ensemble,90,Chla_ugL_mean,11.2373842852052
vera4cast,chlorocast_xgboost,2026-11-02 00:00:00,2026-09-29 00:00:00,P1D,fcre,1.6,ensemble,90,Chla_ugL_mean,11.6423792974199
vera4cast,chlorocast_xgboost,2026-11-03 00:00:00,2026-09-29 00:00:00,P1D,fcre,1.6,ensemble,90,Chla_ugL_mean,11.5268975416189
vera4cast,chlorocast_xgboost,2026-09-30 00:00:00,2026-09-29 00:00:00,P1D,fcre,1.6,ensemble,91,Chla_ugL_mean,12.1475218834359
vera4cast,chlorocast_xgboost,2026-10-01 00:00:00,2026-09-29 00:00:00,P1D,fcre,1.6,ensemble,91,Chla_ugL_mean,12.5983705120325
vera4cast,chlorocast_xgboost,2026-10-02 00:00:00,2026-09-29 00:00:00,P1D,fcre,1.6,ensemble,91,Chla_ugL_mean,13.0541896982631
vera4cast,chlorocast_xgboost,2026-10-03 00:00:00,2026-09-29 00:00:00,P1D,fcre,1.6,ensemble,91,Chla_ugL_mean,13.3116934259654
vera4cast,chlorocast_xgboost,2026-10-04 00:00:00,2026-09-29 00:00:00,P1D,fcre,1.6,ensemble,91,Chla_ugL_mean,13.6765575879707
vera4cast,chlorocast_xgboost,2026-10-05 00:00:00,2026-09-29 00:00:00,P1D,fcre,1.6,ensemble,91,Chla_ugL_mean,13.2214443162754
vera4cast,chlorocast_xgboost,2026-10-06 00:00:00,2026-09-29 00:00:00,P1D,fcre,1.6,ensemble,91,Chla_ugL_mean,12.7281684707199
vera4cast,chlorocast_xgboost,2026-10-07 00:00:00,2026-09-29 00:00:00,P1D,fcre,1.6,ensemble,91,Chla_ugL_mean,12.3912247133737
vera4cast,chlorocast_xgboost,2026-10-08 00:00:00,2026-09-29 00:00:00,P1D,fcre,1.6,ensemble,91,Chla_ugL_mean,12.3984032497272
vera4cast,chlorocast_xgboost,2026-10-09 00:00:00,2026-09-29 00:00:00,P1D,fcre,1.6,ensemble,91,Chla_ugL_mean,12.3100337917959
vera4cast,chlorocast_xgboost,2026-10-10 00:00:00,2026-09-29 00:00:00,P1D,fcre,1.6,ensemble,91,Chla_ugL_mean,12.4851682763394
vera4cast,chlorocast_xgboost,2026-10-11 00:00:00,2026-09-29 00:00:00,P1D,fcre,1.6,ensemble,91,Chla_ugL_mean,12.2162856391178
vera4cast,chlorocast_xgboost,2026-10-12 00:00:00,2026-09-29 00:00:00,P1D,fcre,1.6,ensemble,91,Chla_ugL_mean,11.8763003526712
vera4cast,chlorocast_xgboost,2026-10-13 00:00:00,2026-09-29 00:00:00,P1D,fcre,1.6,ensemble,91,Chla_ugL_mean,12.0505249165577
vera4cast,chlorocast_xgboost,2026-10-14 00:00:00,2026-09-29 00:00:00,P1D,fcre,1.6,ensemble,91,Chla_ugL_mean,12.1334783143451
vera4cast,chlorocast_xgboost,2026-10-15 00:00:00,2026-09-29 00:00:00,P1D,fcre,1.6,ensemble,91,Chla_ugL_mean,12.0472557844163
vera4cast,chlorocast_xgboost,2026-10-16 00:00:00,2026-09-29 00:00:00,P1D,fcre,1.6,ensemble,91,Chla_ugL_mean,11.5723876219059
vera4cast,chlorocast_xgboost,2026-10-17 00:00:00,2026-09-29 00:00:00,P1D,fcre,1.6,ensemble,91,Chla_ugL_mean,11.7620339786893
vera4cast,chlorocast_xgboost,2026-10-18 00:00:00,2026-09-29 00:00:00,P1D,fcre,1.6,ensemble,91,Chla_ugL_mean,11.6555509058547
vera4cast,chlorocast_xgboost,2026-10-19 00:00:00,2026-09-29 00:00:00,P1D,fcre,1.6,ensemble,91,Chla_ugL_mean,11.5697277338855
vera4cast,chlorocast_xgboost,2026-10-20 00:00:00,2026-09-29 00:00:00,P1D,fcre,1.6,ensemble,91,Chla_ugL_mean,11.3978629785458
vera4cast,chlorocast_xgboost,2026-10-21 00:00:00,2026-09-29 00:00:00,P1D,fcre,1.6,ensemble,91,Chla_ugL_mean,11.3422660685734
vera4cast,chlorocast_xgboost,2026-10-22 00:00:00,2026-09-29 00:00:00,P1D,fcre,1.6,ensemble,91,Chla_ugL_mean,11.2207748358278
vera4cast,chlorocast_xgboost,2026-10-23 00:00:00,2026-09-29 00:00:00,P1D,fcre,1.6,ensemble,91,Chla_ugL_mean,11.0312790740768
vera4cast,chlorocast_xgboost,2026-10-24 00:00:00,2026-09-29 00:00:00,P1D,fcre,1.6,ensemble,91,Chla_ugL_mean,11.2485325129503
vera4cast,chlorocast_xgboost,2026-10-25 00:00:00,2026-09-29 00:00:00,P1D,fcre,1.6,ensemble,91,Chla_ugL_mean,11.6953653110023
vera4cast,chlorocast_xgboost,2026-10-26 00:00:00,2026-09-29 00:00:00,P1D,fcre,1.6,ensemble,91,Chla_ugL_mean,11.1981532263684
vera4cast,chlorocast_xgboost,2026-10-27 00:00:00,2026-09-29 00:00:00,P1D,fcre,1.6,ensemble,91,Chla_ugL_mean,11.1865320530951
vera4cast,chlorocast_xgboost,2026-10-28 00:00:00,2026-09-29 00:00:00,P1D,fcre,1.6,ensemble,91,Chla_ugL_mean,10.9670898127336
vera4cast,chlorocast_xgboost,2026-10-29 00:00:00,2026-09-29 00:00:00,P1D,fcre,1.6,ensemble,91,Chla_ugL_mean,10.9783816865883
vera4cast,chlorocast_xgboost,2026-10-30 00:00:00,2026-09-29 00:00:00,P1D,fcre,1.6,ensemble,91,Chla_ugL_mean,11.2285102354467
vera4cast,chlorocast_xgboost,2026-10-31 00:00:00,2026-09-29 00:00:00,P1D,fcre,1.6,ensemble,91,Chla_ugL_mean,11.6065914648096
vera4cast,chlorocast_xgboost,2026-11-01 00:00:00,2026-09-29 00:00:00,P1D,fcre,1.6,ensemble,91,Chla_ugL_mean,11.2704776714192
vera4cast,chlorocast_xgboost,2026-11-02 00:00:00,2026-09-29 00:00:00,P1D,fcre,1.6,ensemble,91,Chla_ugL_mean,11.6745446453945
vera4cast,chlorocast_xgboost,2026-11-03 00:00:00,2026-09-29 00:00:00,P1D,fcre,1.6,ensemble,91,Chla_ugL_mean,11.5689566521924
vera4cast,chlorocast_xgboost,2026-09-30 00:00:00,2026-09-29 00:00:00,P1D,fcre,1.6,ensemble,92,Chla_ugL_mean,12.1983280157809
vera4cast,chlorocast_xgboost,2026-10-01 00:00:00,2026-09-29 00:00:00,P1D,fcre,1.6,ensemble,92,Chla_ugL_mean,12.6603395019965
vera4cast,chlorocast_xgboost,2026-10-02 00:00:00,2026-09-29 00:00:00,P1D,fcre,1.6,ensemble,92,Chla_ugL_mean,13.1220540649195
vera4cast,chlorocast_xgboost,2026-10-03 00:00:00,2026-09-29 00:00:00,P1D,fcre,1.6,ensemble,92,Chla_ugL_mean,13.3490536696677
vera4cast,chlorocast_xgboost,2026-10-04 00:00:00,2026-09-29 00:00:00,P1D,fcre,1.6,ensemble,92,Chla_ugL_mean,13.7141781580521
vera4cast,chlorocast_xgboost,2026-10-05 00:00:00,2026-09-29 00:00:00,P1D,fcre,1.6,ensemble,92,Chla_ugL_mean,13.2928195380242
vera4cast,chlorocast_xgboost,2026-10-06 00:00:00,2026-09-29 00:00:00,P1D,fcre,1.6,ensemble,92,Chla_ugL_mean,12.7875206327215
vera4cast,chlorocast_xgboost,2026-10-07 00:00:00,2026-09-29 00:00:00,P1D,fcre,1.6,ensemble,92,Chla_ugL_mean,12.4335245998098
vera4cast,chlorocast_xgboost,2026-10-08 00:00:00,2026-09-29 00:00:00,P1D,fcre,1.6,ensemble,92,Chla_ugL_mean,12.4415507532279
vera4cast,chlorocast_xgboost,2026-10-09 00:00:00,2026-09-29 00:00:00,P1D,fcre,1.6,ensemble,92,Chla_ugL_mean,12.3519697525207
vera4cast,chlorocast_xgboost,2026-10-10 00:00:00,2026-09-29 00:00:00,P1D,fcre,1.6,ensemble,92,Chla_ugL_mean,12.5236970252702
vera4cast,chlorocast_xgboost,2026-10-11 00:00:00,2026-09-29 00:00:00,P1D,fcre,1.6,ensemble,92,Chla_ugL_mean,12.2688141826015
vera4cast,chlorocast_xgboost,2026-10-12 00:00:00,2026-09-29 00:00:00,P1D,fcre,1.6,ensemble,92,Chla_ugL_mean,11.92673267736
vera4cast,chlorocast_xgboost,2026-10-13 00:00:00,2026-09-29 00:00:00,P1D,fcre,1.6,ensemble,92,Chla_ugL_mean,12.0846682079551
vera4cast,chlorocast_xgboost,2026-10-14 00:00:00,2026-09-29 00:00:00,P1D,fcre,1.6,ensemble,92,Chla_ugL_mean,12.1718227245937
vera4cast,chlorocast_xgboost,2026-10-15 00:00:00,2026-09-29 00:00:00,P1D,fcre,1.6,ensemble,92,Chla_ugL_mean,12.086291757627
vera4cast,chlorocast_xgboost,2026-10-16 00:00:00,2026-09-29 00:00:00,P1D,fcre,1.6,ensemble,92,Chla_ugL_mean,11.6235360764162
vera4cast,chlorocast_xgboost,2026-10-17 00:00:00,2026-09-29 00:00:00,P1D,fcre,1.6,ensemble,92,Chla_ugL_mean,11.8200170824575
vera4cast,chlorocast_xgboost,2026-10-18 00:00:00,2026-09-29 00:00:00,P1D,fcre,1.6,ensemble,92,Chla_ugL_mean,11.7098242348236
vera4cast,chlorocast_xgboost,2026-10-19 00:00:00,2026-09-29 00:00:00,P1D,fcre,1.6,ensemble,92,Chla_ugL_mean,11.6183857993946
vera4cast,chlorocast_xgboost,2026-10-20 00:00:00,2026-09-29 00:00:00,P1D,fcre,1.6,ensemble,92,Chla_ugL_mean,11.4322995999953
vera4cast,chlorocast_xgboost,2026-10-21 00:00:00,2026-09-29 00:00:00,P1D,fcre,1.6,ensemble,92,Chla_ugL_mean,11.3930666877437
vera4cast,chlorocast_xgboost,2026-10-22 00:00:00,2026-09-29 00:00:00,P1D,fcre,1.6,ensemble,92,Chla_ugL_mean,11.2641024172353
vera4cast,chlorocast_xgboost,2026-10-23 00:00:00,2026-09-29 00:00:00,P1D,fcre,1.6,ensemble,92,Chla_ugL_mean,11.0786573255673
vera4cast,chlorocast_xgboost,2026-10-24 00:00:00,2026-09-29 00:00:00,P1D,fcre,1.6,ensemble,92,Chla_ugL_mean,11.3045540272362
vera4cast,chlorocast_xgboost,2026-10-25 00:00:00,2026-09-29 00:00:00,P1D,fcre,1.6,ensemble,92,Chla_ugL_mean,11.7311293799965
vera4cast,chlorocast_xgboost,2026-10-26 00:00:00,2026-09-29 00:00:00,P1D,fcre,1.6,ensemble,92,Chla_ugL_mean,11.2461658861363
vera4cast,chlorocast_xgboost,2026-10-27 00:00:00,2026-09-29 00:00:00,P1D,fcre,1.6,ensemble,92,Chla_ugL_mean,11.2547444988103
vera4cast,chlorocast_xgboost,2026-10-28 00:00:00,2026-09-29 00:00:00,P1D,fcre,1.6,ensemble,92,Chla_ugL_mean,11.0176275840611
vera4cast,chlorocast_xgboost,2026-10-29 00:00:00,2026-09-29 00:00:00,P1D,fcre,1.6,ensemble,92,Chla_ugL_mean,11.0243598031263
vera4cast,chlorocast_xgboost,2026-10-30 00:00:00,2026-09-29 00:00:00,P1D,fcre,1.6,ensemble,92,Chla_ugL_mean,11.2874905761078
vera4cast,chlorocast_xgboost,2026-10-31 00:00:00,2026-09-29 00:00:00,P1D,fcre,1.6,ensemble,92,Chla_ugL_mean,11.6665812732463
vera4cast,chlorocast_xgboost,2026-11-01 00:00:00,2026-09-29 00:00:00,P1D,fcre,1.6,ensemble,92,Chla_ugL_mean,11.3036605516122
vera4cast,chlorocast_xgboost,2026-11-02 00:00:00,2026-09-29 00:00:00,P1D,fcre,1.6,ensemble,92,Chla_ugL_mean,11.7067918299906
vera4cast,chlorocast_xgboost,2026-11-03 00:00:00,2026-09-29 00:00:00,P1D,fcre,1.6,ensemble,92,Chla_ugL_mean,11.6111569764044
vera4cast,chlorocast_xgboost,2026-09-30 00:00:00,2026-09-29 00:00:00,P1D,fcre,1.6,ensemble,93,Chla_ugL_mean,12.2493304788951
vera4cast,chlorocast_xgboost,2026-10-01 00:00:00,2026-09-29 00:00:00,P1D,fcre,1.6,ensemble,93,Chla_ugL_mean,12.7225908901872
vera4cast,chlorocast_xgboost,2026-10-02 00:00:00,2026-09-29 00:00:00,P1D,fcre,1.6,ensemble,93,Chla_ugL_mean,13.1902461325932
vera4cast,chlorocast_xgboost,2026-10-03 00:00:00,2026-09-29 00:00:00,P1D,fcre,1.6,ensemble,93,Chla_ugL_mean,13.3865114411584
vera4cast,chlorocast_xgboost,2026-10-04 00:00:00,2026-09-29 00:00:00,P1D,fcre,1.6,ensemble,93,Chla_ugL_mean,13.7518951613254
vera4cast,chlorocast_xgboost,2026-10-05 00:00:00,2026-09-29 00:00:00,P1D,fcre,1.6,ensemble,93,Chla_ugL_mean,13.3645529809329
vera4cast,chlorocast_xgboost,2026-10-06 00:00:00,2026-09-29 00:00:00,P1D,fcre,1.6,ensemble,93,Chla_ugL_mean,12.847129396989
vera4cast,chlorocast_xgboost,2026-10-07 00:00:00,2026-09-29 00:00:00,P1D,fcre,1.6,ensemble,93,Chla_ugL_mean,12.4759581021348
vera4cast,chlorocast_xgboost,2026-10-08 00:00:00,2026-09-29 00:00:00,P1D,fcre,1.6,ensemble,93,Chla_ugL_mean,12.4848372066485
vera4cast,chlorocast_xgboost,2026-10-09 00:00:00,2026-09-29 00:00:00,P1D,fcre,1.6,ensemble,93,Chla_ugL_mean,12.3940378409944
vera4cast,chlorocast_xgboost,2026-10-10 00:00:00,2026-09-29 00:00:00,P1D,fcre,1.6,ensemble,93,Chla_ugL_mean,12.5623358554742
vera4cast,chlorocast_xgboost,2026-10-11 00:00:00,2026-09-29 00:00:00,P1D,fcre,1.6,ensemble,93,Chla_ugL_mean,12.3215515024355
vera4cast,chlorocast_xgboost,2026-10-12 00:00:00,2026-09-29 00:00:00,P1D,fcre,1.6,ensemble,93,Chla_ugL_mean,11.9773625292347
vera4cast,chlorocast_xgboost,2026-10-13 00:00:00,2026-09-29 00:00:00,P1D,fcre,1.6,ensemble,93,Chla_ugL_mean,12.1189008263609
vera4cast,chlorocast_xgboost,2026-10-14 00:00:00,2026-09-29 00:00:00,P1D,fcre,1.6,ensemble,93,Chla_ugL_mean,12.2102790849108
vera4cast,chlorocast_xgboost,2026-10-15 00:00:00,2026-09-29 00:00:00,P1D,fcre,1.6,ensemble,93,Chla_ugL_mean,12.1254445222327
vera4cast,chlorocast_xgboost,2026-10-16 00:00:00,2026-09-29 00:00:00,P1D,fcre,1.6,ensemble,93,Chla_ugL_mean,11.674892619038
vera4cast,chlorocast_xgboost,2026-10-17 00:00:00,2026-09-29 00:00:00,P1D,fcre,1.6,ensemble,93,Chla_ugL_mean,11.8782636270163
vera4cast,chlorocast_xgboost,2026-10-18 00:00:00,2026-09-29 00:00:00,P1D,fcre,1.6,ensemble,93,Chla_ugL_mean,11.7643303149591
vera4cast,chlorocast_xgboost,2026-10-19 00:00:00,2026-09-29 00:00:00,P1D,fcre,1.6,ensemble,93,Chla_ugL_mean,11.6672322227893
vera4cast,chlorocast_xgboost,2026-10-20 00:00:00,2026-09-29 00:00:00,P1D,fcre,1.6,ensemble,93,Chla_ugL_mean,11.4668318734858
vera4cast,chlorocast_xgboost,2026-10-21 00:00:00,2026-09-29 00:00:00,P1D,fcre,1.6,ensemble,93,Chla_ugL_mean,11.4440764016534
vera4cast,chlorocast_xgboost,2026-10-22 00:00:00,2026-09-29 00:00:00,P1D,fcre,1.6,ensemble,93,Chla_ugL_mean,11.307583612414
vera4cast,chlorocast_xgboost,2026-10-23 00:00:00,2026-09-29 00:00:00,P1D,fcre,1.6,ensemble,93,Chla_ugL_mean,11.1262221489676
vera4cast,chlorocast_xgboost,2026-10-24 00:00:00,2026-09-29 00:00:00,P1D,fcre,1.6,ensemble,93,Chla_ugL_mean,11.3608317689566
vera4cast,chlorocast_xgboost,2026-10-25 00:00:00,2026-09-29 00:00:00,P1D,fcre,1.6,ensemble,93,Chla_ugL_mean,11.7669941998237
vera4cast,chlorocast_xgboost,2026-10-26 00:00:00,2026-09-29 00:00:00,P1D,fcre,1.6,ensemble,93,Chla_ugL_mean,11.2943675266011
vera4cast,chlorocast_xgboost,2026-10-27 00:00:00,2026-09-29 00:00:00,P1D,fcre,1.6,ensemble,93,Chla_ugL_mean,11.3233387543571
vera4cast,chlorocast_xgboost,2026-10-28 00:00:00,2026-09-29 00:00:00,P1D,fcre,1.6,ensemble,93,Chla_ugL_mean,11.0683787795686
vera4cast,chlorocast_xgboost,2026-10-29 00:00:00,2026-09-29 00:00:00,P1D,fcre,1.6,ensemble,93,Chla_ugL_mean,11.070514403204
vera4cast,chlorocast_xgboost,2026-10-30 00:00:00,2026-09-29 00:00:00,P1D,fcre,1.6,ensemble,93,Chla_ugL_mean,11.3467553897356
vera4cast,chlorocast_xgboost,2026-10-31 00:00:00,2026-09-29 00:00:00,P1D,fcre,1.6,ensemble,93,Chla_ugL_mean,11.726856549577
vera4cast,chlorocast_xgboost,2026-11-01 00:00:00,2026-09-29 00:00:00,P1D,fcre,1.6,ensemble,93,Chla_ugL_mean,11.3369331678013
vera4cast,chlorocast_xgboost,2026-11-02 00:00:00,2026-09-29 00:00:00,P1D,fcre,1.6,ensemble,93,Chla_ugL_mean,11.739121059421
vera4cast,chlorocast_xgboost,2026-11-03 00:00:00,2026-09-29 00:00:00,P1D,fcre,1.6,ensemble,93,Chla_ugL_mean,11.6534989883805
vera4cast,chlorocast_xgboost,2026-09-30 00:00:00,2026-09-29 00:00:00,P1D,fcre,1.6,ensemble,94,Chla_ugL_mean,12.3005300314619
vera4cast,chlorocast_xgboost,2026-10-01 00:00:00,2026-09-29 00:00:00,P1D,fcre,1.6,ensemble,94,Chla_ugL_mean,12.7851259635184
vera4cast,chlorocast_xgboost,2026-10-02 00:00:00,2026-09-29 00:00:00,P1D,fcre,1.6,ensemble,94,Chla_ugL_mean,13.2587674836751
vera4cast,chlorocast_xgboost,2026-10-03 00:00:00,2026-09-29 00:00:00,P1D,fcre,1.6,ensemble,94,Chla_ugL_mean,13.424066995031
vera4cast,chlorocast_xgboost,2026-10-04 00:00:00,2026-09-29 00:00:00,P1D,fcre,1.6,ensemble,94,Chla_ugL_mean,13.7897088449786
vera4cast,chlorocast_xgboost,2026-10-05 00:00:00,2026-09-29 00:00:00,P1D,fcre,1.6,ensemble,94,Chla_ugL_mean,13.4366464428581
vera4cast,chlorocast_xgboost,2026-10-06 00:00:00,2026-09-29 00:00:00,P1D,fcre,1.6,ensemble,94,Chla_ugL_mean,12.9069958729126
vera4cast,chlorocast_xgboost,2026-10-07 00:00:00,2026-09-29 00:00:00,P1D,fcre,1.6,ensemble,94,Chla_ugL_mean,12.5185256424112
vera4cast,chlorocast_xgboost,2026-10-08 00:00:00,2026-09-29 00:00:00,P1D,fcre,1.6,ensemble,94,Chla_ugL_mean,12.528263057456
vera4cast,chlorocast_xgboost,2026-10-09 00:00:00,2026-09-29 00:00:00,P1D,fcre,1.6,ensemble,94,Chla_ugL_mean,12.4362384735121
vera4cast,chlorocast_xgboost,2026-10-10 00:00:00,2026-09-29 00:00:00,P1D,fcre,1.6,ensemble,94,Chla_ugL_mean,12.601085081467
vera4cast,chlorocast_xgboost,2026-10-11 00:00:00,2026-09-29 00:00:00,P1D,fcre,1.6,ensemble,94,Chla_ugL_mean,12.374498428408
vera4cast,chlorocast_xgboost,2026-10-12 00:00:00,2026-09-29 00:00:00,P1D,fcre,1.6,ensemble,94,Chla_ugL_mean,12.0281906819458
vera4cast,chlorocast_xgboost,2026-10-13 00:00:00,2026-09-29 00:00:00,P1D,fcre,1.6,ensemble,94,Chla_ugL_mean,12.1532230054757
vera4cast,chlorocast_xgboost,2026-10-14 00:00:00,2026-09-29 00:00:00,P1D,fcre,1.6,ensemble,94,Chla_ugL_mean,12.2488477221451
vera4cast,chlorocast_xgboost,2026-10-15 00:00:00,2026-09-29 00:00:00,P1D,fcre,1.6,ensemble,94,Chla_ugL_mean,12.1647144276607
vera4cast,chlorocast_xgboost,2026-10-16 00:00:00,2026-09-29 00:00:00,P1D,fcre,1.6,ensemble,94,Chla_ugL_mean,11.7264580963398
vera4cast,chlorocast_xgboost,2026-10-17 00:00:00,2026-09-29 00:00:00,P1D,fcre,1.6,ensemble,94,Chla_ugL_mean,11.9367748092844
vera4cast,chlorocast_xgboost,2026-10-18 00:00:00,2026-09-29 00:00:00,P1D,fcre,1.6,ensemble,94,Chla_ugL_mean,11.8190701444146
vera4cast,chlorocast_xgboost,2026-10-19 00:00:00,2026-09-29 00:00:00,P1D,fcre,1.6,ensemble,94,Chla_ugL_mean,11.7162677332128
vera4cast,chlorocast_xgboost,2026-10-20 00:00:00,2026-09-29 00:00:00,P1D,fcre,1.6,ensemble,94,Chla_ugL_mean,11.5014600647027
vera4cast,chlorocast_xgboost,2026-10-21 00:00:00,2026-09-29 00:00:00,P1D,fcre,1.6,ensemble,94,Chla_ugL_mean,11.495296070934
vera4cast,chlorocast_xgboost,2026-10-22 00:00:00,2026-09-29 00:00:00,P1D,fcre,1.6,ensemble,94,Chla_ugL_mean,11.3512189659869
vera4cast,chlorocast_xgboost,2026-10-23 00:00:00,2026-09-29 00:00:00,P1D,fcre,1.6,ensemble,94,Chla_ugL_mean,11.1739742789835
vera4cast,chlorocast_xgboost,2026-10-24 00:00:00,2026-09-29 00:00:00,P1D,fcre,1.6,ensemble,94,Chla_ugL_mean,11.4173669100273
vera4cast,chlorocast_xgboost,2026-10-25 00:00:00,2026-09-29 00:00:00,P1D,fcre,1.6,ensemble,94,Chla_ugL_mean,11.8029600543087
vera4cast,chlorocast_xgboost,2026-10-26 00:00:00,2026-09-29 00:00:00,P1D,fcre,1.6,ensemble,94,Chla_ugL_mean,11.3427588916021
vera4cast,chlorocast_xgboost,2026-10-27 00:00:00,2026-09-29 00:00:00,P1D,fcre,1.6,ensemble,94,Chla_ugL_mean,11.3923169568636
vera4cast,chlorocast_xgboost,2026-10-28 00:00:00,2026-09-29 00:00:00,P1D,fcre,1.6,ensemble,94,Chla_ugL_mean,11.1193443005598
vera4cast,chlorocast_xgboost,2026-10-29 00:00:00,2026-09-29 00:00:00,P1D,fcre,1.6,ensemble,94,Chla_ugL_mean,11.1168461642402
vera4cast,chlorocast_xgboost,2026-10-30 00:00:00,2026-09-29 00:00:00,P1D,fcre,1.6,ensemble,94,Chla_ugL_mean,11.4063060483952
vera4cast,chlorocast_xgboost,2026-10-31 00:00:00,2026-09-29 00:00:00,P1D,fcre,1.6,ensemble,94,Chla_ugL_mean,11.7874186522311
vera4cast,chlorocast_xgboost,2026-11-01 00:00:00,2026-09-29 00:00:00,P1D,fcre,1.6,ensemble,94,Chla_ugL_mean,11.3702957626585
vera4cast,chlorocast_xgboost,2026-11-02 00:00:00,2026-09-29 00:00:00,P1D,fcre,1.6,ensemble,94,Chla_ugL_mean,11.771532542428
vera4cast,chlorocast_xgboost,2026-11-03 00:00:00,2026-09-29 00:00:00,P1D,fcre,1.6,ensemble,94,Chla_ugL_mean,11.6959831638378
vera4cast,chlorocast_xgboost,2026-09-30 00:00:00,2026-09-29 00:00:00,P1D,fcre,1.6,ensemble,95,Chla_ugL_mean,12.3519274350965
vera4cast,chlorocast_xgboost,2026-10-01 00:00:00,2026-09-29 00:00:00,P1D,fcre,1.6,ensemble,95,Chla_ugL_mean,12.8479460147687
vera4cast,chlorocast_xgboost,2026-10-02 00:00:00,2026-09-29 00:00:00,P1D,fcre,1.6,ensemble,95,Chla_ugL_mean,13.3276197081971
vera4cast,chlorocast_xgboost,2026-10-03 00:00:00,2026-09-29 00:00:00,P1D,fcre,1.6,ensemble,95,Chla_ugL_mean,13.4617205865433
vera4cast,chlorocast_xgboost,2026-10-04 00:00:00,2026-09-29 00:00:00,P1D,fcre,1.6,ensemble,95,Chla_ugL_mean,13.8276194568337
vera4cast,chlorocast_xgboost,2026-10-05 00:00:00,2026-09-29 00:00:00,P1D,fcre,1.6,ensemble,95,Chla_ugL_mean,13.5091017306792
vera4cast,chlorocast_xgboost,2026-10-06 00:00:00,2026-09-29 00:00:00,P1D,fcre,1.6,ensemble,95,Chla_ugL_mean,12.9671211746793
vera4cast,chlorocast_xgboost,2026-10-07 00:00:00,2026-09-29 00:00:00,P1D,fcre,1.6,ensemble,95,Chla_ugL_mean,12.5612276440352
vera4cast,chlorocast_xgboost,2026-10-08 00:00:00,2026-09-29 00:00:00,P1D,fcre,1.6,ensemble,95,Chla_ugL_mean,12.5718287545581
vera4cast,chlorocast_xgboost,2026-10-09 00:00:00,2026-09-29 00:00:00,P1D,fcre,1.6,ensemble,95,Chla_ugL_mean,12.4785720676809
vera4cast,chlorocast_xgboost,2026-10-10 00:00:00,2026-09-29 00:00:00,P1D,fcre,1.6,ensemble,95,Chla_ugL_mean,12.6399450186626
vera4cast,chlorocast_xgboost,2026-10-11 00:00:00,2026-09-29 00:00:00,P1D,fcre,1.6,ensemble,95,Chla_ugL_mean,12.4276557936052
vera4cast,chlorocast_xgboost,2026-10-12 00:00:00,2026-09-29 00:00:00,P1D,fcre,1.6,ensemble,95,Chla_ugL_mean,12.0792179121737
vera4cast,chlorocast_xgboost,2026-10-13 00:00:00,2026-09-29 00:00:00,P1D,fcre,1.6,ensemble,95,Chla_ugL_mean,12.1876349796118
vera4cast,chlorocast_xgboost,2026-10-14 00:00:00,2026-09-29 00:00:00,P1D,fcre,1.6,ensemble,95,Chla_ugL_mean,12.2875289640994
vera4cast,chlorocast_xgboost,2026-10-15 00:00:00,2026-09-29 00:00:00,P1D,fcre,1.6,ensemble,95,Chla_ugL_mean,12.2041018243835
vera4cast,chlorocast_xgboost,2026-10-16 00:00:00,2026-09-29 00:00:00,P1D,fcre,1.6,ensemble,95,Chla_ugL_mean,11.7782333583341
vera4cast,chlorocast_xgboost,2026-10-17 00:00:00,2026-09-29 00:00:00,P1D,fcre,1.6,ensemble,95,Chla_ugL_mean,11.9955518316183
vera4cast,chlorocast_xgboost,2026-10-18 00:00:00,2026-09-29 00:00:00,P1D,fcre,1.6,ensemble,95,Chla_ugL_mean,11.874044725624
vera4cast,chlorocast_xgboost,2026-10-19 00:00:00,2026-09-29 00:00:00,P1D,fcre,1.6,ensemble,95,Chla_ugL_mean,11.7654930626307
vera4cast,chlorocast_xgboost,2026-10-20 00:00:00,2026-09-29 00:00:00,P1D,fcre,1.6,ensemble,95,Chla_ugL_mean,11.5361844400696
vera4cast,chlorocast_xgboost,2026-10-21 00:00:00,2026-09-29 00:00:00,P1D,fcre,1.6,ensemble,95,Chla_ugL_mean,11.5467265597593
vera4cast,chlorocast_xgboost,2026-10-22 00:00:00,2026-09-29 00:00:00,P1D,fcre,1.6,ensemble,95,Chla_ugL_mean,11.3950090245077
vera4cast,chlorocast_xgboost,2026-10-23 00:00:00,2026-09-29 00:00:00,P1D,fcre,1.6,ensemble,95,Chla_ugL_mean,11.2219144532142
vera4cast,chlorocast_xgboost,2026-10-24 00:00:00,2026-09-29 00:00:00,P1D,fcre,1.6,ensemble,95,Chla_ugL_mean,11.4741606277242
vera4cast,chlorocast_xgboost,2026-10-25 00:00:00,2026-09-29 00:00:00,P1D,fcre,1.6,ensemble,95,Chla_ugL_mean,11.839027228076
vera4cast,chlorocast_xgboost,2026-10-26 00:00:00,2026-09-29 00:00:00,P1D,fcre,1.6,ensemble,95,Chla_ugL_mean,11.3913407279065
vera4cast,chlorocast_xgboost,2026-10-27 00:00:00,2026-09-29 00:00:00,P1D,fcre,1.6,ensemble,95,Chla_ugL_mean,11.4616812554206
vera4cast,chlorocast_xgboost,2026-10-28 00:00:00,2026-09-29 00:00:00,P1D,fcre,1.6,ensemble,95,Chla_ugL_mean,11.1705250521448
vera4cast,chlorocast_xgboost,2026-10-29 00:00:00,2026-09-29 00:00:00,P1D,fcre,1.6,ensemble,95,Chla_ugL_mean,11.163355766254
vera4cast,chlorocast_xgboost,2026-10-30 00:00:00,2026-09-29 00:00:00,P1D,fcre,1.6,ensemble,95,Chla_ugL_mean,11.4661439307694
vera4cast,chlorocast_xgboost,2026-10-31 00:00:00,2026-09-29 00:00:00,P1D,fcre,1.6,ensemble,95,Chla_ugL_mean,11.8482689461022
vera4cast,chlorocast_xgboost,2026-11-01 00:00:00,2026-09-29 00:00:00,P1D,fcre,1.6,ensemble,95,Chla_ugL_mean,11.4037485795117
vera4cast,chlorocast_xgboost,2026-11-02 00:00:00,2026-09-29 00:00:00,P1D,fcre,1.6,ensemble,95,Chla_ugL_mean,11.8040264882851
vera4cast,chlorocast_xgboost,2026-11-03 00:00:00,2026-09-29 00:00:00,P1D,fcre,1.6,ensemble,95,Chla_ugL_mean,11.7386099800907
vera4cast,chlorocast_xgboost,2026-09-30 00:00:00,2026-09-29 00:00:00,P1D,fcre,1.6,ensemble,96,Chla_ugL_mean,12.4035234543572
vera4cast,chlorocast_xgboost,2026-10-01 00:00:00,2026-09-29 00:00:00,P1D,fcre,1.6,ensemble,96,Chla_ugL_mean,12.9110523426079
vera4cast,chlorocast_xgboost,2026-10-02 00:00:00,2026-09-29 00:00:00,P1D,fcre,1.6,ensemble,96,Chla_ugL_mean,13.3968044038691
vera4cast,chlorocast_xgboost,2026-10-03 00:00:00,2026-09-29 00:00:00,P1D,fcre,1.6,ensemble,96,Chla_ugL_mean,13.4994724716198
vera4cast,chlorocast_xgboost,2026-10-04 00:00:00,2026-09-29 00:00:00,P1D,fcre,1.6,ensemble,96,Chla_ugL_mean,13.8656272453477
vera4cast,chlorocast_xgboost,2026-10-05 00:00:00,2026-09-29 00:00:00,P1D,fcre,1.6,ensemble,96,Chla_ugL_mean,13.5819206603442
vera4cast,chlorocast_xgboost,2026-10-06 00:00:00,2026-09-29 00:00:00,P1D,fcre,1.6,ensemble,96,Chla_ugL_mean,13.0275064212928
vera4cast,chlorocast_xgboost,2026-10-07 00:00:00,2026-09-29 00:00:00,P1D,fcre,1.6,ensemble,96,Chla_ugL_mean,12.60406453174
vera4cast,chlorocast_xgboost,2026-10-08 00:00:00,2026-09-29 00:00:00,P1D,fcre,1.6,ensemble,96,Chla_ugL_mean,12.6155347483085
vera4cast,chlorocast_xgboost,2026-10-09 00:00:00,2026-09-29 00:00:00,P1D,fcre,1.6,ensemble,96,Chla_ugL_mean,12.5210390424233
vera4cast,chlorocast_xgboost,2026-10-10 00:00:00,2026-09-29 00:00:00,P1D,fcre,1.6,ensemble,96,Chla_ugL_mean,12.6789159833762
vera4cast,chlorocast_xgboost,2026-10-11 00:00:00,2026-09-29 00:00:00,P1D,fcre,1.6,ensemble,96,Chla_ugL_mean,12.4810244344244
vera4cast,chlorocast_xgboost,2026-10-12 00:00:00,2026-09-29 00:00:00,P1D,fcre,1.6,ensemble,96,Chla_ugL_mean,12.1304449996411
vera4cast,chlorocast_xgboost,2026-10-13 00:00:00,2026-09-29 00:00:00,P1D,fcre,1.6,ensemble,96,Chla_ugL_mean,12.2221369836945
vera4cast,chlorocast_xgboost,2026-10-14 00:00:00,2026-09-29 00:00:00,P1D,fcre,1.6,ensemble,96,Chla_ugL_mean,12.3263231395338
vera4cast,chlorocast_xgboost,2026-10-15 00:00:00,2026-09-29 00:00:00,P1D,fcre,1.6,ensemble,96,Chla_ugL_mean,12.2436070639223
vera4cast,chlorocast_xgboost,2026-10-16 00:00:00,2026-09-29 00:00:00,P1D,fcre,1.6,ensemble,96,Chla_ugL_mean,11.8302192584913
vera4cast,chlorocast_xgboost,2026-10-17 00:00:00,2026-09-29 00:00:00,P1D,fcre,1.6,ensemble,96,Chla_ugL_mean,12.0545959018375
vera4cast,chlorocast_xgboost,2026-10-18 00:00:00,2026-09-29 00:00:00,P1D,fcre,1.6,ensemble,96,Chla_ugL_mean,11.9292550653201
vera4cast,chlorocast_xgboost,2026-10-19 00:00:00,2026-09-29 00:00:00,P1D,fcre,1.6,ensemble,96,Chla_ugL_mean,11.8149089458421
vera4cast,chlorocast_xgboost,2026-10-20 00:00:00,2026-09-29 00:00:00,P1D,fcre,1.6,ensemble,96,Chla_ugL_mean,11.5710052667501
vera4cast,chlorocast_xgboost,2026-10-21 00:00:00,2026-09-29 00:00:00,P1D,fcre,1.6,ensemble,96,Chla_ugL_mean,11.5983687358601
vera4cast,chlorocast_xgboost,2026-10-22 00:00:00,2026-09-29 00:00:00,P1D,fcre,1.6,ensemble,96,Chla_ugL_mean,11.4389543364678
vera4cast,chlorocast_xgboost,2026-10-23 00:00:00,2026-09-29 00:00:00,P1D,fcre,1.6,ensemble,96,Chla_ugL_mean,11.2700434121631
vera4cast,chlorocast_xgboost,2026-10-24 00:00:00,2026-09-29 00:00:00,P1D,fcre,1.6,ensemble,96,Chla_ugL_mean,11.5312141047078
vera4cast,chlorocast_xgboost,2026-10-25 00:00:00,2026-09-29 00:00:00,P1D,fcre,1.6,ensemble,96,Chla_ugL_mean,11.8751960065518
vera4cast,chlorocast_xgboost,2026-10-26 00:00:00,2026-09-29 00:00:00,P1D,fcre,1.6,ensemble,96,Chla_ugL_mean,11.4401137852207
vera4cast,chlorocast_xgboost,2026-10-27 00:00:00,2026-09-29 00:00:00,P1D,fcre,1.6,ensemble,96,Chla_ugL_mean,11.5314338111479
vera4cast,chlorocast_xgboost,2026-10-28 00:00:00,2026-09-29 00:00:00,P1D,fcre,1.6,ensemble,96,Chla_ugL_mean,11.2219219432558
vera4cast,chlorocast_xgboost,2026-10-29 00:00:00,2026-09-29 00:00:00,P1D,fcre,1.6,ensemble,96,Chla_ugL_mean,11.2100438918745
vera4cast,chlorocast_xgboost,2026-10-30 00:00:00,2026-09-29 00:00:00,P1D,fcre,1.6,ensemble,96,Chla_ugL_mean,11.5262704221907
vera4cast,chlorocast_xgboost,2026-10-31 00:00:00,2026-09-29 00:00:00,P1D,fcre,1.6,ensemble,96,Chla_ugL_mean,11.909408802579
vera4cast,chlorocast_xgboost,2026-11-01 00:00:00,2026-09-29 00:00:00,P1D,fcre,1.6,ensemble,96,Chla_ugL_mean,11.437291862347
vera4cast,chlorocast_xgboost,2026-11-02 00:00:00,2026-09-29 00:00:00,P1D,fcre,1.6,ensemble,96,Chla_ugL_mean,11.8366031067983
vera4cast,chlorocast_xgboost,2026-11-03 00:00:00,2026-09-29 00:00:00,P1D,fcre,1.6,ensemble,96,Chla_ugL_mean,11.7813799160565
vera4cast,chlorocast_xgboost,2026-09-30 00:00:00,2026-09-29 00:00:00,P1D,fcre,1.6,ensemble,97,Chla_ugL_mean,12.455318856757
vera4cast,chlorocast_xgboost,2026-10-01 00:00:00,2026-09-29 00:00:00,P1D,fcre,1.6,ensemble,97,Chla_ugL_mean,12.9744462516241
vera4cast,chlorocast_xgboost,2026-10-02 00:00:00,2026-09-29 00:00:00,P1D,fcre,1.6,ensemble,97,Chla_ugL_mean,13.4663231761157
vera4cast,chlorocast_xgboost,2026-10-03 00:00:00,2026-09-29 00:00:00,P1D,fcre,1.6,ensemble,97,Chla_ugL_mean,13.5373229068528
vera4cast,chlorocast_xgboost,2026-10-04 00:00:00,2026-09-29 00:00:00,P1D,fcre,1.6,ensemble,97,Chla_ugL_mean,13.9037324596144
vera4cast,chlorocast_xgboost,2026-10-05 00:00:00,2026-09-29 00:00:00,P1D,fcre,1.6,ensemble,97,Chla_ugL_mean,13.6551050569153
vera4cast,chlorocast_xgboost,2026-10-06 00:00:00,2026-09-29 00:00:00,P1D,fcre,1.6,ensemble,97,Chla_ugL_mean,13.088152736595
vera4cast,chlorocast_xgboost,2026-10-07 00:00:00,2026-09-29 00:00:00,P1D,fcre,1.6,ensemble,97,Chla_ugL_mean,12.6470367316007
vera4cast,chlorocast_xgboost,2026-10-08 00:00:00,2026-09-29 00:00:00,P1D,fcre,1.6,ensemble,97,Chla_ugL_mean,12.6593814905111
vera4cast,chlorocast_xgboost,2026-10-09 00:00:00,2026-09-29 00:00:00,P1D,fcre,1.6,ensemble,97,Chla_ugL_mean,12.5636398179819
vera4cast,chlorocast_xgboost,2026-10-10 00:00:00,2026-09-29 00:00:00,P1D,fcre,1.6,ensemble,97,Chla_ugL_mean,12.7179982928268
vera4cast,chlorocast_xgboost,2026-10-11 00:00:00,2026-09-29 00:00:00,P1D,fcre,1.6,ensemble,97,Chla_ugL_mean,12.5346051905873
vera4cast,chlorocast_xgboost,2026-10-12 00:00:00,2026-09-29 00:00:00,P1D,fcre,1.6,ensemble,97,Chla_ugL_mean,12.1818727271244
vera4cast,chlorocast_xgboost,2026-10-13 00:00:00,2026-09-29 00:00:00,P1D,fcre,1.6,ensemble,97,Chla_ugL_mean,12.2567292532636
vera4cast,chlorocast_xgboost,2026-10-14 00:00:00,2026-09-29 00:00:00,P1D,fcre,1.6,ensemble,97,Chla_ugL_mean,12.3652305781679
vera4cast,chlorocast_xgboost,2026-10-15 00:00:00,2026-09-29 00:00:00,P1D,fcre,1.6,ensemble,97,Chla_ugL_mean,12.2832304988501
vera4cast,chlorocast_xgboost,2026-10-16 00:00:00,2026-09-29 00:00:00,P1D,fcre,1.6,ensemble,97,Chla_ugL_mean,11.8824166537542
vera4cast,chlorocast_xgboost,2026-10-17 00:00:00,2026-09-29 00:00:00,P1D,fcre,1.6,ensemble,97,Chla_ugL_mean,12.1139082332488
vera4cast,chlorocast_xgboost,2026-10-18 00:00:00,2026-09-29 00:00:00,P1D,fcre,1.6,ensemble,97,Chla_ugL_mean,11.9847021745533
vera4cast,chlorocast_xgboost,2026-10-19 00:00:00,2026-09-29 00:00:00,P1D,fcre,1.6,ensemble,97,Chla_ugL_mean,11.8645161204907
vera4cast,chlorocast_xgboost,2026-10-20 00:00:00,2026-09-29 00:00:00,P1D,fcre,1.6,ensemble,97,Chla_ugL_mean,11.6059228126497
vera4cast,chlorocast_xgboost,2026-10-21 00:00:00,2026-09-29 00:00:00,P1D,fcre,1.6,ensemble,97,Chla_ugL_mean,11.6502234705386
vera4cast,chlorocast_xgboost,2026-10-22 00:00:00,2026-09-29 00:00:00,P1D,fcre,1.6,ensemble,97,Chla_ugL_mean,11.4830554523035
vera4cast,chlorocast_xgboost,2026-10-23 00:00:00,2026-09-29 00:00:00,P1D,fcre,1.6,ensemble,97,Chla_ugL_mean,11.3183618992501
vera4cast,chlorocast_xgboost,2026-10-24 00:00:00,2026-09-29 00:00:00,P1D,fcre,1.6,ensemble,97,Chla_ugL_mean,11.5885285290475
vera4cast,chlorocast_xgboost,2026-10-25 00:00:00,2026-09-29 00:00:00,P1D,fcre,1.6,ensemble,97,Chla_ugL_mean,11.9114666759662
vera4cast,chlorocast_xgboost,2026-10-26 00:00:00,2026-09-29 00:00:00,P1D,fcre,1.6,ensemble,97,Chla_ugL_mean,11.489078816202
vera4cast,chlorocast_xgboost,2026-10-27 00:00:00,2026-09-29 00:00:00,P1D,fcre,1.6,ensemble,97,Chla_ugL_mean,11.6015767972617
vera4cast,chlorocast_xgboost,2026-10-28 00:00:00,2026-09-29 00:00:00,P1D,fcre,1.6,ensemble,97,Chla_ugL_mean,11.2735358866636
vera4cast,chlorocast_xgboost,2026-10-29 00:00:00,2026-09-29 00:00:00,P1D,fcre,1.6,ensemble,97,Chla_ugL_mean,11.2569112263512
vera4cast,chlorocast_xgboost,2026-10-30 00:00:00,2026-09-29 00:00:00,P1D,fcre,1.6,ensemble,97,Chla_ugL_mean,11.5866869146734
vera4cast,chlorocast_xgboost,2026-10-31 00:00:00,2026-09-29 00:00:00,P1D,fcre,1.6,ensemble,97,Chla_ugL_mean,11.9708395995759
vera4cast,chlorocast_xgboost,2026-11-01 00:00:00,2026-09-29 00:00:00,P1D,fcre,1.6,ensemble,97,Chla_ugL_mean,11.4709258558103
vera4cast,chlorocast_xgboost,2026-11-02 00:00:00,2026-09-29 00:00:00,P1D,fcre,1.6,ensemble,97,Chla_ugL_mean,11.8692626083074
vera4cast,chlorocast_xgboost,2026-11-03 00:00:00,2026-09-29 00:00:00,P1D,fcre,1.6,ensemble,97,Chla_ugL_mean,11.8242934522601
vera4cast,chlorocast_xgboost,2026-09-30 00:00:00,2026-09-29 00:00:00,P1D,fcre,1.6,ensemble,98,Chla_ugL_mean,12.5073144127744
vera4cast,chlorocast_xgboost,2026-10-01 00:00:00,2026-09-29 00:00:00,P1D,fcre,1.6,ensemble,98,Chla_ugL_mean,13.0381290523504
vera4cast,chlorocast_xgboost,2026-10-02 00:00:00,2026-09-29 00:00:00,P1D,fcre,1.6,ensemble,98,Chla_ugL_mean,13.5361776381139
vera4cast,chlorocast_xgboost,2026-10-03 00:00:00,2026-09-29 00:00:00,P1D,fcre,1.6,ensemble,98,Chla_ugL_mean,13.5752721495044
vera4cast,chlorocast_xgboost,2026-10-04 00:00:00,2026-09-29 00:00:00,P1D,fcre,1.6,ensemble,98,Chla_ugL_mean,13.9419353493664
vera4cast,chlorocast_xgboost,2026-10-05 00:00:00,2026-09-29 00:00:00,P1D,fcre,1.6,ensemble,98,Chla_ugL_mean,13.7286567546139
vera4cast,chlorocast_xgboost,2026-10-06 00:00:00,2026-09-29 00:00:00,P1D,fcre,1.6,ensemble,98,Chla_ugL_mean,13.1490612492862
vera4cast,chlorocast_xgboost,2026-10-07 00:00:00,2026-09-29 00:00:00,P1D,fcre,1.6,ensemble,98,Chla_ugL_mean,12.690144671038
vera4cast,chlorocast_xgboost,2026-10-08 00:00:00,2026-09-29 00:00:00,P1D,fcre,1.6,ensemble,98,Chla_ugL_mean,12.7033694344246
vera4cast,chlorocast_xgboost,2026-10-09 00:00:00,2026-09-29 00:00:00,P1D,fcre,1.6,ensemble,98,Chla_ugL_mean,12.6063748159233
vera4cast,chlorocast_xgboost,2026-10-10 00:00:00,2026-09-29 00:00:00,P1D,fcre,1.6,ensemble,98,Chla_ugL_mean,12.7571922651396
vera4cast,chlorocast_xgboost,2026-10-11 00:00:00,2026-09-29 00:00:00,P1D,fcre,1.6,ensemble,98,Chla_ugL_mean,12.5883989051529
vera4cast,chlorocast_xgboost,2026-10-12 00:00:00,2026-09-29 00:00:00,P1D,fcre,1.6,ensemble,98,Chla_ugL_mean,12.233501880466
vera4cast,chlorocast_xgboost,2026-10-13 00:00:00,2026-09-29 00:00:00,P1D,fcre,1.6,ensemble,98,Chla_ugL_mean,12.2914120244751
vera4cast,chlorocast_xgboost,2026-10-14 00:00:00,2026-09-29 00:00:00,P1D,fcre,1.6,ensemble,98,Chla_ugL_mean,12.4042516106842
vera4cast,chlorocast_xgboost,2026-10-15 00:00:00,2026-09-29 00:00:00,P1D,fcre,1.6,ensemble,98,Chla_ugL_mean,12.3229724827946
vera4cast,chlorocast_xgboost,2026-10-16 00:00:00,2026-09-29 00:00:00,P1D,fcre,1.6,ensemble,98,Chla_ugL_mean,11.9348264045519
vera4cast,chlorocast_xgboost,2026-10-17 00:00:00,2026-09-29 00:00:00,P1D,fcre,1.6,ensemble,98,Chla_ugL_mean,12.173490044672
vera4cast,chlorocast_xgboost,2026-10-18 00:00:00,2026-09-29 00:00:00,P1D,fcre,1.6,ensemble,98,Chla_ugL_mean,12.0403870687096
vera4cast,chlorocast_xgboost,2026-10-19 00:00:00,2026-09-29 00:00:00,P1D,fcre,1.6,ensemble,98,Chla_ugL_mean,11.9143153270754
vera4cast,chlorocast_xgboost,2026-10-20 00:00:00,2026-09-29 00:00:00,P1D,fcre,1.6,ensemble,98,Chla_ugL_mean,11.6409373464184
vera4cast,chlorocast_xgboost,2026-10-21 00:00:00,2026-09-29 00:00:00,P1D,fcre,1.6,ensemble,98,Chla_ugL_mean,11.7022916386833
vera4cast,chlorocast_xgboost,2026-10-22 00:00:00,2026-09-29 00:00:00,P1D,fcre,1.6,ensemble,98,Chla_ugL_mean,11.5273129244024
vera4cast,chlorocast_xgboost,2026-10-23 00:00:00,2026-09-29 00:00:00,P1D,fcre,1.6,ensemble,98,Chla_ugL_mean,11.3668706608223
vera4cast,chlorocast_xgboost,2026-10-24 00:00:00,2026-09-29 00:00:00,P1D,fcre,1.6,ensemble,98,Chla_ugL_mean,11.6461050942468
vera4cast,chlorocast_xgboost,2026-10-25 00:00:00,2026-09-29 00:00:00,P1D,fcre,1.6,ensemble,98,Chla_ugL_mean,11.947839523356
vera4cast,chlorocast_xgboost,2026-10-26 00:00:00,2026-09-29 00:00:00,P1D,fcre,1.6,ensemble,98,Chla_ugL_mean,11.5382365764702
vera4cast,chlorocast_xgboost,2026-10-27 00:00:00,2026-09-29 00:00:00,P1D,fcre,1.6,ensemble,98,Chla_ugL_mean,11.6721123991429
vera4cast,chlorocast_xgboost,2026-10-28 00:00:00,2026-09-29 00:00:00,P1D,fcre,1.6,ensemble,98,Chla_ugL_mean,11.3253677989937
vera4cast,chlorocast_xgboost,2026-10-29 00:00:00,2026-09-29 00:00:00,P1D,fcre,1.6,ensemble,98,Chla_ugL_mean,11.3039584575637
vera4cast,chlorocast_xgboost,2026-10-30 00:00:00,2026-09-29 00:00:00,P1D,fcre,1.6,ensemble,98,Chla_ugL_mean,11.6473948069456
vera4cast,chlorocast_xgboost,2026-10-31 00:00:00,2026-09-29 00:00:00,P1D,fcre,1.6,ensemble,98,Chla_ugL_mean,12.0325627215644
vera4cast,chlorocast_xgboost,2026-11-01 00:00:00,2026-09-29 00:00:00,P1D,fcre,1.6,ensemble,98,Chla_ugL_mean,11.5046508052092
vera4cast,chlorocast_xgboost,2026-11-02 00:00:00,2026-09-29 00:00:00,P1D,fcre,1.6,ensemble,98,Chla_ugL_mean,11.9020052036871
vera4cast,chlorocast_xgboost,2026-11-03 00:00:00,2026-09-29 00:00:00,P1D,fcre,1.6,ensemble,98,Chla_ugL_mean,11.8673510708399
vera4cast,chlorocast_xgboost,2026-09-30 00:00:00,2026-09-29 00:00:00,P1D,fcre,1.6,ensemble,99,Chla_ugL_mean,12.5595108958658
vera4cast,chlorocast_xgboost,2026-10-01 00:00:00,2026-09-29 00:00:00,P1D,fcre,1.6,ensemble,99,Chla_ugL_mean,13.1021020612921
vera4cast,chlorocast_xgboost,2026-10-02 00:00:00,2026-09-29 00:00:00,P1D,fcre,1.6,ensemble,99,Chla_ugL_mean,13.6063694108305
vera4cast,chlorocast_xgboost,2026-10-03 00:00:00,2026-09-29 00:00:00,P1D,fcre,1.6,ensemble,99,Chla_ugL_mean,13.6133204575085
vera4cast,chlorocast_xgboost,2026-10-04 00:00:00,2026-09-29 00:00:00,P1D,fcre,1.6,ensemble,99,Chla_ugL_mean,13.9802361649762
vera4cast,chlorocast_xgboost,2026-10-05 00:00:00,2026-09-29 00:00:00,P1D,fcre,1.6,ensemble,99,Chla_ugL_mean,13.8025775968675
vera4cast,chlorocast_xgboost,2026-10-06 00:00:00,2026-09-29 00:00:00,P1D,fcre,1.6,ensemble,99,Chla_ugL_mean,13.210233092947
vera4cast,chlorocast_xgboost,2026-10-07 00:00:00,2026-09-29 00:00:00,P1D,fcre,1.6,ensemble,99,Chla_ugL_mean,12.733388778823
vera4cast,chlorocast_xgboost,2026-10-08 00:00:00,2026-09-29 00:00:00,P1D,fcre,1.6,ensemble,99,Chla_ugL_mean,12.7474990347674
vera4cast,chlorocast_xgboost,2026-10-09 00:00:00,2026-09-29 00:00:00,P1D,fcre,1.6,ensemble,99,Chla_ugL_mean,12.6492444591424
vera4cast,chlorocast_xgboost,2026-10-10 00:00:00,2026-09-29 00:00:00,P1D,fcre,1.6,ensemble,99,Chla_ugL_mean,12.7964982193491
vera4cast,chlorocast_xgboost,2026-10-11 00:00:00,2026-09-29 00:00:00,P1D,fcre,1.6,ensemble,99,Chla_ugL_mean,12.6424064245311
vera4cast,chlorocast_xgboost,2026-10-12 00:00:00,2026-09-29 00:00:00,P1D,fcre,1.6,ensemble,99,Chla_ugL_mean,12.2853332485862
vera4cast,chlorocast_xgboost,2026-10-13 00:00:00,2026-09-29 00:00:00,P1D,fcre,1.6,ensemble,99,Chla_ugL_mean,12.326185534103
vera4cast,chlorocast_xgboost,2026-10-14 00:00:00,2026-09-29 00:00:00,P1D,fcre,1.6,ensemble,99,Chla_ugL_mean,12.4433865687306
vera4cast,chlorocast_xgboost,2026-10-15 00:00:00,2026-09-29 00:00:00,P1D,fcre,1.6,ensemble,99,Chla_ugL_mean,12.3628333704417
vera4cast,chlorocast_xgboost,2026-10-16 00:00:00,2026-09-29 00:00:00,P1D,fcre,1.6,ensemble,99,Chla_ugL_mean,11.987449374814
vera4cast,chlorocast_xgboost,2026-10-17 00:00:00,2026-09-29 00:00:00,P1D,fcre,1.6,ensemble,99,Chla_ugL_mean,12.2333425604641
vera4cast,chlorocast_xgboost,2026-10-18 00:00:00,2026-09-29 00:00:00,P1D,fcre,1.6,ensemble,99,Chla_ugL_mean,12.0963107675297
vera4cast,chlorocast_xgboost,2026-10-19 00:00:00,2026-09-29 00:00:00,P1D,fcre,1.6,ensemble,99,Chla_ugL_mean,11.9643073089618
vera4cast,chlorocast_xgboost,2026-10-20 00:00:00,2026-09-29 00:00:00,P1D,fcre,1.6,ensemble,99,Chla_ugL_mean,11.676049137452
vera4cast,chlorocast_xgboost,2026-10-21 00:00:00,2026-09-29 00:00:00,P1D,fcre,1.6,ensemble,99,Chla_ugL_mean,11.7545741187839
vera4cast,chlorocast_xgboost,2026-10-22 00:00:00,2026-09-29 00:00:00,P1D,fcre,1.6,ensemble,99,Chla_ugL_mean,11.5717273071106
vera4cast,chlorocast_xgboost,2026-10-23 00:00:00,2026-09-29 00:00:00,P1D,fcre,1.6,ensemble,99,Chla_ugL_mean,11.4155704461661
vera4cast,chlorocast_xgboost,2026-10-24 00:00:00,2026-09-29 00:00:00,P1D,fcre,1.6,ensemble,99,Chla_ugL_mean,11.7039449992679
vera4cast,chlorocast_xgboost,2026-10-25 00:00:00,2026-09-29 00:00:00,P1D,fcre,1.6,ensemble,99,Chla_ugL_mean,11.9843148365663
vera4cast,chlorocast_xgboost,2026-10-26 00:00:00,2026-09-29 00:00:00,P1D,fcre,1.6,ensemble,99,Chla_ugL_mean,11.5875878246193
vera4cast,chlorocast_xgboost,2026-10-27 00:00:00,2026-09-29 00:00:00,P1D,fcre,1.6,ensemble,99,Chla_ugL_mean,11.7430428144043
vera4cast,chlorocast_xgboost,2026-10-28 00:00:00,2026-09-29 00:00:00,P1D,fcre,1.6,ensemble,99,Chla_ugL_mean,11.3774186007424
vera4cast,chlorocast_xgboost,2026-10-29 00:00:00,2026-09-29 00:00:00,P1D,fcre,1.6,ensemble,99,Chla_ugL_mean,11.3511862760322
vera4cast,chlorocast_xgboost,2026-10-30 00:00:00,2026-09-29 00:00:00,P1D,fcre,1.6,ensemble,99,Chla_ugL_mean,11.7083955044816
vera4cast,chlorocast_xgboost,2026-10-31 00:00:00,2026-09-29 00:00:00,P1D,fcre,1.6,ensemble,99,Chla_ugL_mean,12.0945795596041
vera4cast,chlorocast_xgboost,2026-11-01 00:00:00,2026-09-29 00:00:00,P1D,fcre,1.6,ensemble,99,Chla_ugL_mean,11.5384669565144
vera4cast,chlorocast_xgboost,2026-11-02 00:00:00,2026-09-29 00:00:00,P1D,fcre,1.6,ensemble,99,Chla_ugL_mean,11.9348311043489
vera4cast,chlorocast_xgboost,2026-11-03 00:00:00,2026-09-29 00:00:00,P1D,fcre,1.6,ensemble,99,Chla_ugL_mean,11.910553255553
vera4cast,chlorocast_xgboost,2026-09-30 00:00:00,2026-09-29 00:00:00,P1D,fcre,1.6,ensemble,100,Chla_ugL_mean,12.6119090824759
vera4cast,chlorocast_xgboost,2026-10-01 00:00:00,2026-09-29 00:00:00,P1D,fcre,1.6,ensemble,100,Chla_ugL_mean,13.1663666009541
vera4cast,chlorocast_xgboost,2026-10-02 00:00:00,2026-09-29 00:00:00,P1D,fcre,1.6,ensemble,100,Chla_ugL_mean,13.6769001230591
vera4cast,chlorocast_xgboost,2026-10-03 00:00:00,2026-09-29 00:00:00,P1D,fcre,1.6,ensemble,100,Chla_ugL_mean,13.6514680894722
vera4cast,chlorocast_xgboost,2026-10-04 00:00:00,2026-09-29 00:00:00,P1D,fcre,1.6,ensemble,100,Chla_ugL_mean,14.0186351574581
vera4cast,chlorocast_xgboost,2026-10-05 00:00:00,2026-09-29 00:00:00,P1D,fcre,1.6,ensemble,100,Chla_ugL_mean,13.8768694363554
vera4cast,chlorocast_xgboost,2026-10-06 00:00:00,2026-09-29 00:00:00,P1D,fcre,1.6,ensemble,100,Chla_ugL_mean,13.2716694060585
vera4cast,chlorocast_xgboost,2026-10-07 00:00:00,2026-09-29 00:00:00,P1D,fcre,1.6,ensemble,100,Chla_ugL_mean,12.7767694850811
vera4cast,chlorocast_xgboost,2026-10-08 00:00:00,2026-09-29 00:00:00,P1D,fcre,1.6,ensemble,100,Chla_ugL_mean,12.7917707477225
vera4cast,chlorocast_xgboost,2026-10-09 00:00:00,2026-09-29 00:00:00,P1D,fcre,1.6,ensemble,100,Chla_ugL_mean,12.6922491718663
vera4cast,chlorocast_xgboost,2026-10-10 00:00:00,2026-09-29 00:00:00,P1D,fcre,1.6,ensemble,100,Chla_ugL_mean,12.8359164754008
vera4cast,chlorocast_xgboost,2026-10-11 00:00:00,2026-09-29 00:00:00,P1D,fcre,1.6,ensemble,100,Chla_ugL_mean,12.6966285984959
vera4cast,chlorocast_xgboost,2026-10-12 00:00:00,2026-09-29 00:00:00,P1D,fcre,1.6,ensemble,100,Chla_ugL_mean,12.3373676234952
vera4cast,chlorocast_xgboost,2026-10-13 00:00:00,2026-09-29 00:00:00,P1D,fcre,1.6,ensemble,100,Chla_ugL_mean,12.3610500195407
vera4cast,chlorocast_xgboost,2026-10-14 00:00:00,2026-09-29 00:00:00,P1D,fcre,1.6,ensemble,100,Chla_ugL_mean,12.4826357849233
vera4cast,chlorocast_xgboost,2026-10-15 00:00:00,2026-09-29 00:00:00,P1D,fcre,1.6,ensemble,100,Chla_ugL_mean,12.4028135175382
vera4cast,chlorocast_xgboost,2026-10-16 00:00:00,2026-09-29 00:00:00,P1D,fcre,1.6,ensemble,100,Chla_ugL_mean,12.0402864319848
vera4cast,chlorocast_xgboost,2026-10-17 00:00:00,2026-09-29 00:00:00,P1D,fcre,1.6,ensemble,100,Chla_ugL_mean,12.293467010545
vera4cast,chlorocast_xgboost,2026-10-18 00:00:00,2026-09-29 00:00:00,P1D,fcre,1.6,ensemble,100,Chla_ugL_mean,12.1524742951274
vera4cast,chlorocast_xgboost,2026-10-19 00:00:00,2026-09-29 00:00:00,P1D,fcre,1.6,ensemble,100,Chla_ugL_mean,12.0144928123931
vera4cast,chlorocast_xgboost,2026-10-20 00:00:00,2026-09-29 00:00:00,P1D,fcre,1.6,ensemble,100,Chla_ugL_mean,11.7112584558948
vera4cast,chlorocast_xgboost,2026-10-21 00:00:00,2026-09-29 00:00:00,P1D,fcre,1.6,ensemble,100,Chla_ugL_mean,11.8070717929457
vera4cast,chlorocast_xgboost,2026-10-22 00:00:00,2026-09-29 00:00:00,P1D,fcre,1.6,ensemble,100,Chla_ugL_mean,11.6162991567395
vera4cast,chlorocast_xgboost,2026-10-23 00:00:00,2026-09-29 00:00:00,P1D,fcre,1.6,ensemble,100,Chla_ugL_mean,11.4644620075184
vera4cast,chlorocast_xgboost,2026-10-24 00:00:00,2026-09-29 00:00:00,P1D,fcre,1.6,ensemble,100,Chla_ugL_mean,11.7620494485569
vera4cast,chlorocast_xgboost,2026-10-25 00:00:00,2026-09-29 00:00:00,P1D,fcre,1.6,ensemble,100,Chla_ugL_mean,12.0208929042533
vera4cast,chlorocast_xgboost,2026-10-26 00:00:00,2026-09-29 00:00:00,P1D,fcre,1.6,ensemble,100,Chla_ugL_mean,11.6371333222291
vera4cast,chlorocast_xgboost,2026-10-27 00:00:00,2026-09-29 00:00:00,P1D,fcre,1.6,ensemble,100,Chla_ugL_mean,11.81437025296
vera4cast,chlorocast_xgboost,2026-10-28 00:00:00,2026-09-29 00:00:00,P1D,fcre,1.6,ensemble,100,Chla_ugL_mean,11.4296892162937
vera4cast,chlorocast_xgboost,2026-10-29 00:00:00,2026-09-29 00:00:00,P1D,fcre,1.6,ensemble,100,Chla_ugL_mean,11.3985953749272
vera4cast,chlorocast_xgboost,2026-10-30 00:00:00,2026-09-29 00:00:00,P1D,fcre,1.6,ensemble,100,Chla_ugL_mean,11.769690419535
vera4cast,chlorocast_xgboost,2026-10-31 00:00:00,2026-09-29 00:00:00,P1D,fcre,1.6,ensemble,100,Chla_ugL_mean,12.1568915113741
vera4cast,chlorocast_xgboost,2026-11-01 00:00:00,2026-09-29 00:00:00,P1D,fcre,1.6,ensemble,100,Chla_ugL_mean,11.5723745563619
vera4cast,chlorocast_xgboost,2026-11-02 00:00:00,2026-09-29 00:00:00,P1D,fcre,1.6,ensemble,100,Chla_ugL_mean,11.9677405222421
vera4cast,chlorocast_xgboost,2026-11-03 00:00:00,2026-09-29 00:00:00,P1D,fcre,1.6,ensemble,100,Chla_ugL_mean,11.953900491781
vera4cast,chlorocast_xgboost,2026-09-30 00:00:00,2026-09-29 00:00:00,P1D,fcre,1.6,ensemble,101,Chla_ugL_mean,12.6749261011215
vera4cast,chlorocast_xgboost,2026-10-01 00:00:00,2026-09-29 00:00:00,P1D,fcre,1.6,ensemble,101,Chla_ugL_mean,13.2237704460237
vera4cast,chlorocast_xgboost,2026-10-02 00:00:00,2026-09-29 00:00:00,P1D,fcre,1.6,ensemble,101,Chla_ugL_mean,13.7180587365997
vera4cast,chlorocast_xgboost,2026-10-03 00:00:00,2026-09-29 00:00:00,P1D,fcre,1.6,ensemble,101,Chla_ugL_mean,13.6902659738705
vera4cast,chlorocast_xgboost,2026-10-04 00:00:00,2026-09-29 00:00:00,P1D,fcre,1.6,ensemble,101,Chla_ugL_mean,14.0965994756899
vera4cast,chlorocast_xgboost,2026-10-05 00:00:00,2026-09-29 00:00:00,P1D,fcre,1.6,ensemble,101,Chla_ugL_mean,13.9868680330198
vera4cast,chlorocast_xgboost,2026-10-06 00:00:00,2026-09-29 00:00:00,P1D,fcre,1.6,ensemble,101,Chla_ugL_mean,13.36963607904
vera4cast,chlorocast_xgboost,2026-10-07 00:00:00,2026-09-29 00:00:00,P1D,fcre,1.6,ensemble,101,Chla_ugL_mean,12.8622673203583
vera4cast,chlorocast_xgboost,2026-10-08 00:00:00,2026-09-29 00:00:00,P1D,fcre,1.6,ensemble,101,Chla_ugL_mean,12.8572714320212
vera4cast,chlorocast_xgboost,2026-10-09 00:00:00,2026-09-29 00:00:00,P1D,fcre,1.6,ensemble,101,Chla_ugL_mean,12.7523947644707
vera4cast,chlorocast_xgboost,2026-10-10 00:00:00,2026-09-29 00:00:00,P1D,fcre,1.6,ensemble,101,Chla_ugL_mean,12.8903051274503
vera4cast,chlorocast_xgboost,2026-10-11 00:00:00,2026-09-29 00:00:00,P1D,fcre,1.6,ensemble,101,Chla_ugL_mean,12.7390777444837
vera4cast,chlorocast_xgboost,2026-10-12 00:00:00,2026-09-29 00:00:00,P1D,fcre,1.6,ensemble,101,Chla_ugL_mean,12.3888229654501
vera4cast,chlorocast_xgboost,2026-10-13 00:00:00,2026-09-29 00:00:00,P1D,fcre,1.6,ensemble,101,Chla_ugL_mean,12.4192953411216
vera4cast,chlorocast_xgboost,2026-10-14 00:00:00,2026-09-29 00:00:00,P1D,fcre,1.6,ensemble,101,Chla_ugL_mean,12.5269344031547
vera4cast,chlorocast_xgboost,2026-10-15 00:00:00,2026-09-29 00:00:00,P1D,fcre,1.6,ensemble,101,Chla_ugL_mean,12.4505590336207
vera4cast,chlorocast_xgboost,2026-10-16 00:00:00,2026-09-29 00:00:00,P1D,fcre,1.6,ensemble,101,Chla_ugL_mean,12.0932088767952
vera4cast,chlorocast_xgboost,2026-10-17 00:00:00,2026-09-29 00:00:00,P1D,fcre,1.6,ensemble,101,Chla_ugL_mean,12.3457869439437
vera4cast,chlorocast_xgboost,2026-10-18 00:00:00,2026-09-29 00:00:00,P1D,fcre,1.6,ensemble,101,Chla_ugL_mean,12.2161831888787
vera4cast,chlorocast_xgboost,2026-10-19 00:00:00,2026-09-29 00:00:00,P1D,fcre,1.6,ensemble,101,Chla_ugL_mean,12.0620075679326
vera4cast,chlorocast_xgboost,2026-10-20 00:00:00,2026-09-29 00:00:00,P1D,fcre,1.6,ensemble,101,Chla_ugL_mean,11.7518448949023
vera4cast,chlorocast_xgboost,2026-10-21 00:00:00,2026-09-29 00:00:00,P1D,fcre,1.6,ensemble,101,Chla_ugL_mean,11.8596533392936
vera4cast,chlorocast_xgboost,2026-10-22 00:00:00,2026-09-29 00:00:00,P1D,fcre,1.6,ensemble,101,Chla_ugL_mean,11.675294281099
vera4cast,chlorocast_xgboost,2026-10-23 00:00:00,2026-09-29 00:00:00,P1D,fcre,1.6,ensemble,101,Chla_ugL_mean,11.5130708680217
vera4cast,chlorocast_xgboost,2026-10-24 00:00:00,2026-09-29 00:00:00,P1D,fcre,1.6,ensemble,101,Chla_ugL_mean,11.8179032359903
vera4cast,chlorocast_xgboost,2026-10-25 00:00:00,2026-09-29 00:00:00,P1D,fcre,1.6,ensemble,101,Chla_ugL_mean,12.066687167163
vera4cast,chlorocast_xgboost,2026-10-26 00:00:00,2026-09-29 00:00:00,P1D,fcre,1.6,ensemble,101,Chla_ugL_mean,11.70686338061
vera4cast,chlorocast_xgboost,2026-10-27 00:00:00,2026-09-29 00:00:00,P1D,fcre,1.6,ensemble,101,Chla_ugL_mean,11.8682246842999
vera4cast,chlorocast_xgboost,2026-10-28 00:00:00,2026-09-29 00:00:00,P1D,fcre,1.6,ensemble,101,Chla_ugL_mean,11.4829129896908
vera4cast,chlorocast_xgboost,2026-10-29 00:00:00,2026-09-29 00:00:00,P1D,fcre,1.6,ensemble,101,Chla_ugL_mean,11.4499849986839
vera4cast,chlorocast_xgboost,2026-10-30 00:00:00,2026-09-29 00:00:00,P1D,fcre,1.6,ensemble,101,Chla_ugL_mean,11.8107065846867
vera4cast,chlorocast_xgboost,2026-10-31 00:00:00,2026-09-29 00:00:00,P1D,fcre,1.6,ensemble,101,Chla_ugL_mean,12.2081482420396
vera4cast,chlorocast_xgboost,2026-11-01 00:00:00,2026-09-29 00:00:00,P1D,fcre,1.6,ensemble,101,Chla_ugL_mean,11.6116421061604
vera4cast,chlorocast_xgboost,2026-11-02 00:00:00,2026-09-29 00:00:00,P1D,fcre,1.6,ensemble,101,Chla_ugL_mean,12.0159285462358
vera4cast,chlorocast_xgboost,2026-11-03 00:00:00,2026-09-29 00:00:00,P1D,fcre,1.6,ensemble,101,Chla_ugL_mean,12.0029109988513
vera4cast,chlorocast_xgboost,2026-09-30 00:00:00,2026-09-29 00:00:00,P1D,fcre,1.6,ensemble,102,Chla_ugL_mean,12.7382348602287
vera4cast,chlorocast_xgboost,2026-10-01 00:00:00,2026-09-29 00:00:00,P1D,fcre,1.6,ensemble,102,Chla_ugL_mean,13.2814068984741
vera4cast,chlorocast_xgboost,2026-10-02 00:00:00,2026-09-29 00:00:00,P1D,fcre,1.6,ensemble,102,Chla_ugL_mean,13.7593327717521
vera4cast,chlorocast_xgboost,2026-10-03 00:00:00,2026-09-29 00:00:00,P1D,fcre,1.6,ensemble,102,Chla_ugL_mean,13.7291665971768
vera4cast,chlorocast_xgboost,2026-10-04 00:00:00,2026-09-29 00:00:00,P1D,fcre,1.6,ensemble,102,Chla_ugL_mean,14.1749685201072
vera4cast,chlorocast_xgboost,2026-10-05 00:00:00,2026-09-29 00:00:00,P1D,fcre,1.6,ensemble,102,Chla_ugL_mean,14.0976799520919
vera4cast,chlorocast_xgboost,2026-10-06 00:00:00,2026-09-29 00:00:00,P1D,fcre,1.6,ensemble,102,Chla_ugL_mean,13.4682752359995
vera4cast,chlorocast_xgboost,2026-10-07 00:00:00,2026-09-29 00:00:00,P1D,fcre,1.6,ensemble,102,Chla_ugL_mean,12.9482957502604
vera4cast,chlorocast_xgboost,2026-10-08 00:00:00,2026-09-29 00:00:00,P1D,fcre,1.6,ensemble,102,Chla_ugL_mean,12.9230831960007
vera4cast,chlorocast_xgboost,2026-10-09 00:00:00,2026-09-29 00:00:00,P1D,fcre,1.6,ensemble,102,Chla_ugL_mean,12.8128045570807
vera4cast,chlorocast_xgboost,2026-10-10 00:00:00,2026-09-29 00:00:00,P1D,fcre,1.6,ensemble,102,Chla_ugL_mean,12.9449075799718
vera4cast,chlorocast_xgboost,2026-10-11 00:00:00,2026-09-29 00:00:00,P1D,fcre,1.6,ensemble,102,Chla_ugL_mean,12.7816584505836
vera4cast,chlorocast_xgboost,2026-10-12 00:00:00,2026-09-29 00:00:00,P1D,fcre,1.6,ensemble,102,Chla_ugL_mean,12.4404768212565
vera4cast,chlorocast_xgboost,2026-10-13 00:00:00,2026-09-29 00:00:00,P1D,fcre,1.6,ensemble,102,Chla_ugL_mean,12.4777945736962
vera4cast,chlorocast_xgboost,2026-10-14 00:00:00,2026-09-29 00:00:00,P1D,fcre,1.6,ensemble,102,Chla_ugL_mean,12.5713785691564
vera4cast,chlorocast_xgboost,2026-10-15 00:00:00,2026-09-29 00:00:00,P1D,fcre,1.6,ensemble,102,Chla_ugL_mean,12.4984746359543
vera4cast,chlorocast_xgboost,2026-10-16 00:00:00,2026-09-29 00:00:00,P1D,fcre,1.6,ensemble,102,Chla_ugL_mean,12.1463461010262
vera4cast,chlorocast_xgboost,2026-10-17 00:00:00,2026-09-29 00:00:00,P1D,fcre,1.6,ensemble,102,Chla_ugL_mean,12.3983127961917
vera4cast,chlorocast_xgboost,2026-10-18 00:00:00,2026-09-29 00:00:00,P1D,fcre,1.6,ensemble,102,Chla_ugL_mean,12.2802006803167
vera4cast,chlorocast_xgboost,2026-10-19 00:00:00,2026-09-29 00:00:00,P1D,fcre,1.6,ensemble,102,Chla_ugL_mean,12.1096957956178
vera4cast,chlorocast_xgboost,2026-10-20 00:00:00,2026-09-29 00:00:00,P1D,fcre,1.6,ensemble,102,Chla_ugL_mean,11.7925609244644
vera4cast,chlorocast_xgboost,2026-10-21 00:00:00,2026-09-29 00:00:00,P1D,fcre,1.6,ensemble,102,Chla_ugL_mean,11.9124507678557
vera4cast,chlorocast_xgboost,2026-10-22 00:00:00,2026-09-29 00:00:00,P1D,fcre,1.6,ensemble,102,Chla_ugL_mean,11.7345652727835
vera4cast,chlorocast_xgboost,2026-10-23 00:00:00,2026-09-29 00:00:00,P1D,fcre,1.6,ensemble,102,Chla_ugL_mean,11.5618692931703
vera4cast,chlorocast_xgboost,2026-10-24 00:00:00,2026-09-29 00:00:00,P1D,fcre,1.6,ensemble,102,Chla_ugL_mean,11.8740014704919
vera4cast,chlorocast_xgboost,2026-10-25 00:00:00,2026-09-29 00:00:00,P1D,fcre,1.6,ensemble,102,Chla_ugL_mean,12.1126424877306
vera4cast,chlorocast_xgboost,2026-10-26 00:00:00,2026-09-29 00:00:00,P1D,fcre,1.6,ensemble,102,Chla_ugL_mean,11.7769782003855
vera4cast,chlorocast_xgboost,2026-10-27 00:00:00,2026-09-29 00:00:00,P1D,fcre,1.6,ensemble,102,Chla_ugL_mean,11.9223054474624
vera4cast,chlorocast_xgboost,2026-10-28 00:00:00,2026-09-29 00:00:00,P1D,fcre,1.6,ensemble,102,Chla_ugL_mean,11.5363646666184
vera4cast,chlorocast_xgboost,2026-10-29 00:00:00,2026-09-29 00:00:00,P1D,fcre,1.6,ensemble,102,Chla_ugL_mean,11.5015876218451
vera4cast,chlorocast_xgboost,2026-10-30 00:00:00,2026-09-29 00:00:00,P1D,fcre,1.6,ensemble,102,Chla_ugL_mean,11.8518544935025
vera4cast,chlorocast_xgboost,2026-10-31 00:00:00,2026-09-29 00:00:00,P1D,fcre,1.6,ensemble,102,Chla_ugL_mean,12.2596046591155
vera4cast,chlorocast_xgboost,2026-11-01 00:00:00,2026-09-29 00:00:00,P1D,fcre,1.6,ensemble,102,Chla_ugL_mean,11.6510323010852
vera4cast,chlorocast_xgboost,2026-11-02 00:00:00,2026-09-29 00:00:00,P1D,fcre,1.6,ensemble,102,Chla_ugL_mean,12.0642956365557
vera4cast,chlorocast_xgboost,2026-11-03 00:00:00,2026-09-29 00:00:00,P1D,fcre,1.6,ensemble,102,Chla_ugL_mean,12.052106934998
vera4cast,chlorocast_xgboost,2026-09-30 00:00:00,2026-09-29 00:00:00,P1D,fcre,1.6,ensemble,103,Chla_ugL_mean,12.8018367104246
vera4cast,chlorocast_xgboost,2026-10-01 00:00:00,2026-09-29 00:00:00,P1D,fcre,1.6,ensemble,103,Chla_ugL_mean,13.3392769008586
vera4cast,chlorocast_xgboost,2026-10-02 00:00:00,2026-09-29 00:00:00,P1D,fcre,1.6,ensemble,103,Chla_ugL_mean,13.8007225521946
vera4cast,chlorocast_xgboost,2026-10-03 00:00:00,2026-09-29 00:00:00,P1D,fcre,1.6,ensemble,103,Chla_ugL_mean,13.7681702314494
vera4cast,chlorocast_xgboost,2026-10-04 00:00:00,2026-09-29 00:00:00,P1D,fcre,1.6,ensemble,103,Chla_ugL_mean,14.2537443917131
vera4cast,chlorocast_xgboost,2026-10-05 00:00:00,2026-09-29 00:00:00,P1D,fcre,1.6,ensemble,103,Chla_ugL_mean,14.2093112072241
vera4cast,chlorocast_xgboost,2026-10-06 00:00:00,2026-09-29 00:00:00,P1D,fcre,1.6,ensemble,103,Chla_ugL_mean,13.5675914931467
vera4cast,chlorocast_xgboost,2026-10-07 00:00:00,2026-09-29 00:00:00,P1D,fcre,1.6,ensemble,103,Chla_ugL_mean,13.0348580676269
vera4cast,chlorocast_xgboost,2026-10-08 00:00:00,2026-09-29 00:00:00,P1D,fcre,1.6,ensemble,103,Chla_ugL_mean,12.9892075170589
vera4cast,chlorocast_xgboost,2026-10-09 00:00:00,2026-09-29 00:00:00,P1D,fcre,1.6,ensemble,103,Chla_ugL_mean,12.8734797102412
vera4cast,chlorocast_xgboost,2026-10-10 00:00:00,2026-09-29 00:00:00,P1D,fcre,1.6,ensemble,103,Chla_ugL_mean,12.9997246734096
vera4cast,chlorocast_xgboost,2026-10-11 00:00:00,2026-09-29 00:00:00,P1D,fcre,1.6,ensemble,103,Chla_ugL_mean,12.8243711245322
vera4cast,chlorocast_xgboost,2026-10-12 00:00:00,2026-09-29 00:00:00,P1D,fcre,1.6,ensemble,103,Chla_ugL_mean,12.4923299567776
vera4cast,chlorocast_xgboost,2026-10-13 00:00:00,2026-09-29 00:00:00,P1D,fcre,1.6,ensemble,103,Chla_ugL_mean,12.5365488241479
vera4cast,chlorocast_xgboost,2026-10-14 00:00:00,2026-09-29 00:00:00,P1D,fcre,1.6,ensemble,103,Chla_ugL_mean,12.615968761141
vera4cast,chlorocast_xgboost,2026-10-15 00:00:00,2026-09-29 00:00:00,P1D,fcre,1.6,ensemble,103,Chla_ugL_mean,12.5465609304458
vera4cast,chlorocast_xgboost,2026-10-16 00:00:00,2026-09-29 00:00:00,P1D,fcre,1.6,ensemble,103,Chla_ugL_mean,12.1996989763345
vera4cast,chlorocast_xgboost,2026-10-17 00:00:00,2026-09-29 00:00:00,P1D,fcre,1.6,ensemble,103,Chla_ugL_mean,12.4510453777369
vera4cast,chlorocast_xgboost,2026-10-18 00:00:00,2026-09-29 00:00:00,P1D,fcre,1.6,ensemble,103,Chla_ugL_mean,12.3445282642491
vera4cast,chlorocast_xgboost,2026-10-19 00:00:00,2026-09-29 00:00:00,P1D,fcre,1.6,ensemble,103,Chla_ugL_mean,12.1575581287802
vera4cast,chlorocast_xgboost,2026-10-20 00:00:00,2026-09-29 00:00:00,P1D,fcre,1.6,ensemble,103,Chla_ugL_mean,11.8334069583573
vera4cast,chlorocast_xgboost,2026-10-21 00:00:00,2026-09-29 00:00:00,P1D,fcre,1.6,ensemble,103,Chla_ugL_mean,11.965464964972
vera4cast,chlorocast_xgboost,2026-10-22 00:00:00,2026-09-29 00:00:00,P1D,fcre,1.6,ensemble,103,Chla_ugL_mean,11.7941134217771
vera4cast,chlorocast_xgboost,2026-10-23 00:00:00,2026-09-29 00:00:00,P1D,fcre,1.6,ensemble,103,Chla_ugL_mean,11.6108580222278
vera4cast,chlorocast_xgboost,2026-10-24 00:00:00,2026-09-29 00:00:00,P1D,fcre,1.6,ensemble,103,Chla_ugL_mean,11.9303452218971
vera4cast,chlorocast_xgboost,2026-10-25 00:00:00,2026-09-29 00:00:00,P1D,fcre,1.6,ensemble,103,Chla_ugL_mean,12.1587594323932
vera4cast,chlorocast_xgboost,2026-10-26 00:00:00,2026-09-29 00:00:00,P1D,fcre,1.6,ensemble,103,Chla_ugL_mean,11.8474799046191
vera4cast,chlorocast_xgboost,2026-10-27 00:00:00,2026-09-29 00:00:00,P1D,fcre,1.6,ensemble,103,Chla_ugL_mean,11.976613493643
vera4cast,chlorocast_xgboost,2026-10-28 00:00:00,2026-09-29 00:00:00,P1D,fcre,1.6,ensemble,103,Chla_ugL_mean,11.5900452229564
vera4cast,chlorocast_xgboost,2026-10-29 00:00:00,2026-09-29 00:00:00,P1D,fcre,1.6,ensemble,103,Chla_ugL_mean,11.5534041272492
vera4cast,chlorocast_xgboost,2026-10-30 00:00:00,2026-09-29 00:00:00,P1D,fcre,1.6,ensemble,103,Chla_ugL_mean,11.8931345691421
vera4cast,chlorocast_xgboost,2026-10-31 00:00:00,2026-09-29 00:00:00,P1D,fcre,1.6,ensemble,103,Chla_ugL_mean,12.3112615405419
vera4cast,chlorocast_xgboost,2026-11-01 00:00:00,2026-09-29 00:00:00,P1D,fcre,1.6,ensemble,103,Chla_ugL_mean,11.6905455241965
vera4cast,chlorocast_xgboost,2026-11-02 00:00:00,2026-09-29 00:00:00,P1D,fcre,1.6,ensemble,103,Chla_ugL_mean,12.1128424586111
vera4cast,chlorocast_xgboost,2026-11-03 00:00:00,2026-09-29 00:00:00,P1D,fcre,1.6,ensemble,103,Chla_ugL_mean,12.1014890017838
vera4cast,chlorocast_xgboost,2026-09-30 00:00:00,2026-09-29 00:00:00,P1D,fcre,1.6,ensemble,104,Chla_ugL_mean,12.8657330085892
vera4cast,chlorocast_xgboost,2026-10-01 00:00:00,2026-09-29 00:00:00,P1D,fcre,1.6,ensemble,104,Chla_ugL_mean,13.3973813995501
vera4cast,chlorocast_xgboost,2026-10-02 00:00:00,2026-09-29 00:00:00,P1D,fcre,1.6,ensemble,104,Chla_ugL_mean,13.8422284025131
vera4cast,chlorocast_xgboost,2026-10-03 00:00:00,2026-09-29 00:00:00,P1D,fcre,1.6,ensemble,104,Chla_ugL_mean,13.8072771494671
vera4cast,chlorocast_xgboost,2026-10-04 00:00:00,2026-09-29 00:00:00,P1D,fcre,1.6,ensemble,104,Chla_ugL_mean,14.3329292024176
vera4cast,chlorocast_xgboost,2026-10-05 00:00:00,2026-09-29 00:00:00,P1D,fcre,1.6,ensemble,104,Chla_ugL_mean,14.3217678565336
vera4cast,chlorocast_xgboost,2026-10-06 00:00:00,2026-09-29 00:00:00,P1D,fcre,1.6,ensemble,104,Chla_ugL_mean,13.6675894983788
vera4cast,chlorocast_xgboost,2026-10-07 00:00:00,2026-09-29 00:00:00,P1D,fcre,1.6,ensemble,104,Chla_ugL_mean,13.1219575857327
vera4cast,chlorocast_xgboost,2026-10-08 00:00:00,2026-09-29 00:00:00,P1D,fcre,1.6,ensemble,104,Chla_ugL_mean,13.0556458796103
vera4cast,chlorocast_xgboost,2026-10-09 00:00:00,2026-09-29 00:00:00,P1D,fcre,1.6,ensemble,104,Chla_ugL_mean,12.9344213895944
vera4cast,chlorocast_xgboost,2026-10-10 00:00:00,2026-09-29 00:00:00,P1D,fcre,1.6,ensemble,104,Chla_ugL_mean,13.0547572515121
vera4cast,chlorocast_xgboost,2026-10-11 00:00:00,2026-09-29 00:00:00,P1D,fcre,1.6,ensemble,104,Chla_ugL_mean,12.8672161753295
vera4cast,chlorocast_xgboost,2026-10-12 00:00:00,2026-09-29 00:00:00,P1D,fcre,1.6,ensemble,104,Chla_ugL_mean,12.544383140831
vera4cast,chlorocast_xgboost,2026-10-13 00:00:00,2026-09-29 00:00:00,P1D,fcre,1.6,ensemble,104,Chla_ugL_mean,12.5955592041858
vera4cast,chlorocast_xgboost,2026-10-14 00:00:00,2026-09-29 00:00:00,P1D,fcre,1.6,ensemble,104,Chla_ugL_mean,12.6607054588922
vera4cast,chlorocast_xgboost,2026-10-15 00:00:00,2026-09-29 00:00:00,P1D,fcre,1.6,ensemble,104,Chla_ugL_mean,12.5948185251605
vera4cast,chlorocast_xgboost,2026-10-16 00:00:00,2026-09-29 00:00:00,P1D,fcre,1.6,ensemble,104,Chla_ugL_mean,12.2532683779141
vera4cast,chlorocast_xgboost,2026-10-17 00:00:00,2026-09-29 00:00:00,P1D,fcre,1.6,ensemble,104,Chla_ugL_mean,12.5039855022166
vera4cast,chlorocast_xgboost,2026-10-18 00:00:00,2026-09-29 00:00:00,P1D,fcre,1.6,ensemble,104,Chla_ugL_mean,12.4091674427238
vera4cast,chlorocast_xgboost,2026-10-19 00:00:00,2026-09-29 00:00:00,P1D,fcre,1.6,ensemble,104,Chla_ugL_mean,12.2055952030633
vera4cast,chlorocast_xgboost,2026-10-20 00:00:00,2026-09-29 00:00:00,P1D,fcre,1.6,ensemble,104,Chla_ugL_mean,11.8743834116787
vera4cast,chlorocast_xgboost,2026-10-21 00:00:00,2026-09-29 00:00:00,P1D,fcre,1.6,ensemble,104,Chla_ugL_mean,12.0186968206217
vera4cast,chlorocast_xgboost,2026-10-22 00:00:00,2026-09-29 00:00:00,P1D,fcre,1.6,ensemble,104,Chla_ugL_mean,11.8539400240961
vera4cast,chlorocast_xgboost,2026-10-23 00:00:00,2026-09-29 00:00:00,P1D,fcre,1.6,ensemble,104,Chla_ugL_mean,11.6600377973404
vera4cast,chlorocast_xgboost,2026-10-24 00:00:00,2026-09-29 00:00:00,P1D,fcre,1.6,ensemble,104,Chla_ugL_mean,11.9869355647238
vera4cast,chlorocast_xgboost,2026-10-25 00:00:00,2026-09-29 00:00:00,P1D,fcre,1.6,ensemble,104,Chla_ugL_mean,12.2050385695801
vera4cast,chlorocast_xgboost,2026-10-26 00:00:00,2026-09-29 00:00:00,P1D,fcre,1.6,ensemble,104,Chla_ugL_mean,11.9183706280888
vera4cast,chlorocast_xgboost,2026-10-27 00:00:00,2026-09-29 00:00:00,P1D,fcre,1.6,ensemble,104,Chla_ugL_mean,12.0311497780349
vera4cast,chlorocast_xgboost,2026-10-28 00:00:00,2026-09-29 00:00:00,P1D,fcre,1.6,ensemble,104,Chla_ugL_mean,11.6439556387637
vera4cast,chlorocast_xgboost,2026-10-29 00:00:00,2026-09-29 00:00:00,P1D,fcre,1.6,ensemble,104,Chla_ugL_mean,11.6054354013943
vera4cast,chlorocast_xgboost,2026-10-30 00:00:00,2026-09-29 00:00:00,P1D,fcre,1.6,ensemble,104,Chla_ugL_mean,11.9345472361244
vera4cast,chlorocast_xgboost,2026-10-31 00:00:00,2026-09-29 00:00:00,P1D,fcre,1.6,ensemble,104,Chla_ugL_mean,12.3631196672894
vera4cast,chlorocast_xgboost,2026-11-01 00:00:00,2026-09-29 00:00:00,P1D,fcre,1.6,ensemble,104,Chla_ugL_mean,11.7301821597506
vera4cast,chlorocast_xgboost,2026-11-02 00:00:00,2026-09-29 00:00:00,P1D,fcre,1.6,ensemble,104,Chla_ugL_mean,12.1615696802837
vera4cast,chlorocast_xgboost,2026-11-03 00:00:00,2026-09-29 00:00:00,P1D,fcre,1.6,ensemble,104,Chla_ugL_mean,12.1510579034255
vera4cast,chlorocast_xgboost,2026-09-30 00:00:00,2026-09-29 00:00:00,P1D,fcre,1.6,ensemble,105,Chla_ugL_mean,12.9299251178843
vera4cast,chlorocast_xgboost,2026-10-01 00:00:00,2026-09-29 00:00:00,P1D,fcre,1.6,ensemble,105,Chla_ugL_mean,13.4557213447562
vera4cast,chlorocast_xgboost,2026-10-02 00:00:00,2026-09-29 00:00:00,P1D,fcre,1.6,ensemble,105,Chla_ugL_mean,13.8838506482039
vera4cast,chlorocast_xgboost,2026-10-03 00:00:00,2026-09-29 00:00:00,P1D,fcre,1.6,ensemble,105,Chla_ugL_mean,13.8464876247306
vera4cast,chlorocast_xgboost,2026-10-04 00:00:00,2026-09-29 00:00:00,P1D,fcre,1.6,ensemble,105,Chla_ugL_mean,14.4125250750939
vera4cast,chlorocast_xgboost,2026-10-05 00:00:00,2026-09-29 00:00:00,P1D,fcre,1.6,ensemble,105,Chla_ugL_mean,14.4350560029308
vera4cast,chlorocast_xgboost,2026-10-06 00:00:00,2026-09-29 00:00:00,P1D,fcre,1.6,ensemble,105,Chla_ugL_mean,13.7682739314981
vera4cast,chlorocast_xgboost,2026-10-07 00:00:00,2026-09-29 00:00:00,P1D,fcre,1.6,ensemble,105,Chla_ugL_mean,13.2095976384144
vera4cast,chlorocast_xgboost,2026-10-08 00:00:00,2026-09-29 00:00:00,P1D,fcre,1.6,ensemble,105,Chla_ugL_mean,13.122399775119
vera4cast,chlorocast_xgboost,2026-10-09 00:00:00,2026-09-29 00:00:00,P1D,fcre,1.6,ensemble,105,Chla_ugL_mean,12.9956307659033
vera4cast,chlorocast_xgboost,2026-10-10 00:00:00,2026-09-29 00:00:00,P1D,fcre,1.6,ensemble,105,Chla_ugL_mean,13.1100061613441
vera4cast,chlorocast_xgboost,2026-10-11 00:00:00,2026-09-29 00:00:00,P1D,fcre,1.6,ensemble,105,Chla_ugL_mean,12.9101940132432
vera4cast,chlorocast_xgboost,2026-10-12 00:00:00,2026-09-29 00:00:00,P1D,fcre,1.6,ensemble,105,Chla_ugL_mean,12.5966371452008
vera4cast,chlorocast_xgboost,2026-10-13 00:00:00,2026-09-29 00:00:00,P1D,fcre,1.6,ensemble,105,Chla_ugL_mean,12.6548268303651
vera4cast,chlorocast_xgboost,2026-10-14 00:00:00,2026-09-29 00:00:00,P1D,fcre,1.6,ensemble,105,Chla_ugL_mean,12.7055891437702
vera4cast,chlorocast_xgboost,2026-10-15 00:00:00,2026-09-29 00:00:00,P1D,fcre,1.6,ensemble,105,Chla_ugL_mean,12.6432480303299
vera4cast,chlorocast_xgboost,2026-10-16 00:00:00,2026-09-29 00:00:00,P1D,fcre,1.6,ensemble,105,Chla_ugL_mean,12.3070551845112
vera4cast,chlorocast_xgboost,2026-10-17 00:00:00,2026-09-29 00:00:00,P1D,fcre,1.6,ensemble,105,Chla_ugL_mean,12.5571339864707
vera4cast,chlorocast_xgboost,2026-10-18 00:00:00,2026-09-29 00:00:00,P1D,fcre,1.6,ensemble,105,Chla_ugL_mean,12.474119725065
vera4cast,chlorocast_xgboost,2026-10-19 00:00:00,2026-09-29 00:00:00,P1D,fcre,1.6,ensemble,105,Chla_ugL_mean,12.2538076564314
vera4cast,chlorocast_xgboost,2026-10-20 00:00:00,2026-09-29 00:00:00,P1D,fcre,1.6,ensemble,105,Chla_ugL_mean,11.9154907008516
vera4cast,chlorocast_xgboost,2026-10-21 00:00:00,2026-09-29 00:00:00,P1D,fcre,1.6,ensemble,105,Chla_ugL_mean,12.0721472284378
vera4cast,chlorocast_xgboost,2026-10-22 00:00:00,2026-09-29 00:00:00,P1D,fcre,1.6,ensemble,105,Chla_ugL_mean,11.9140463818173
vera4cast,chlorocast_xgboost,2026-10-23 00:00:00,2026-09-29 00:00:00,P1D,fcre,1.6,ensemble,105,Chla_ugL_mean,11.7094093635489
vera4cast,chlorocast_xgboost,2026-10-24 00:00:00,2026-09-29 00:00:00,P1D,fcre,1.6,ensemble,105,Chla_ugL_mean,12.0437735781924
vera4cast,chlorocast_xgboost,2026-10-25 00:00:00,2026-09-29 00:00:00,P1D,fcre,1.6,ensemble,105,Chla_ugL_mean,12.2514804697197
vera4cast,chlorocast_xgboost,2026-10-26 00:00:00,2026-09-29 00:00:00,P1D,fcre,1.6,ensemble,105,Chla_ugL_mean,11.9896525173522
vera4cast,chlorocast_xgboost,2026-10-27 00:00:00,2026-09-29 00:00:00,P1D,fcre,1.6,ensemble,105,Chla_ugL_mean,12.0859152598453
vera4cast,chlorocast_xgboost,2026-10-28 00:00:00,2026-09-29 00:00:00,P1D,fcre,1.6,ensemble,105,Chla_ugL_mean,11.6980968982957
vera4cast,chlorocast_xgboost,2026-10-29 00:00:00,2026-09-29 00:00:00,P1D,fcre,1.6,ensemble,105,Chla_ugL_mean,11.6576823344524
vera4cast,chlorocast_xgboost,2026-10-30 00:00:00,2026-09-29 00:00:00,P1D,fcre,1.6,ensemble,105,Chla_ugL_mean,11.9760929203321
vera4cast,chlorocast_xgboost,2026-10-31 00:00:00,2026-09-29 00:00:00,P1D,fcre,1.6,ensemble,105,Chla_ugL_mean,12.4151798233715
vera4cast,chlorocast_xgboost,2026-11-01 00:00:00,2026-09-29 00:00:00,P1D,fcre,1.6,ensemble,105,Chla_ugL_mean,11.7699425932042
vera4cast,chlorocast_xgboost,2026-11-02 00:00:00,2026-09-29 00:00:00,P1D,fcre,1.6,ensemble,105,Chla_ugL_mean,12.2104779719371
vera4cast,chlorocast_xgboost,2026-11-03 00:00:00,2026-09-29 00:00:00,P1D,fcre,1.6,ensemble,105,Chla_ugL_mean,12.2008143468046
vera4cast,chlorocast_xgboost,2026-09-30 00:00:00,2026-09-29 00:00:00,P1D,fcre,1.6,ensemble,106,Chla_ugL_mean,12.9944144077823
vera4cast,chlorocast_xgboost,2026-10-01 00:00:00,2026-09-29 00:00:00,P1D,fcre,1.6,ensemble,106,Chla_ugL_mean,13.5142976905348
vera4cast,chlorocast_xgboost,2026-10-02 00:00:00,2026-09-29 00:00:00,P1D,fcre,1.6,ensemble,106,Chla_ugL_mean,13.9255896156758
vera4cast,chlorocast_xgboost,2026-10-03 00:00:00,2026-09-29 00:00:00,P1D,fcre,1.6,ensemble,106,Chla_ugL_mean,13.8858019314654
vera4cast,chlorocast_xgboost,2026-10-04 00:00:00,2026-09-29 00:00:00,P1D,fcre,1.6,ensemble,106,Chla_ugL_mean,14.4925341436352
vera4cast,chlorocast_xgboost,2026-10-05 00:00:00,2026-09-29 00:00:00,P1D,fcre,1.6,ensemble,106,Chla_ugL_mean,14.5491817944505
vera4cast,chlorocast_xgboost,2026-10-06 00:00:00,2026-09-29 00:00:00,P1D,fcre,1.6,ensemble,106,Chla_ugL_mean,13.8696495044311
vera4cast,chlorocast_xgboost,2026-10-07 00:00:00,2026-09-29 00:00:00,P1D,fcre,1.6,ensemble,106,Chla_ugL_mean,13.2977815801984
vera4cast,chlorocast_xgboost,2026-10-08 00:00:00,2026-09-29 00:00:00,P1D,fcre,1.6,ensemble,106,Chla_ugL_mean,13.1894707021326
vera4cast,chlorocast_xgboost,2026-10-09 00:00:00,2026-09-29 00:00:00,P1D,fcre,1.6,ensemble,106,Chla_ugL_mean,13.0571090150734
vera4cast,chlorocast_xgboost,2026-10-10 00:00:00,2026-09-29 00:00:00,P1D,fcre,1.6,ensemble,106,Chla_ugL_mean,13.1654722533006
vera4cast,chlorocast_xgboost,2026-10-11 00:00:00,2026-09-29 00:00:00,P1D,fcre,1.6,ensemble,106,Chla_ugL_mean,12.9533050498125
vera4cast,chlorocast_xgboost,2026-10-12 00:00:00,2026-09-29 00:00:00,P1D,fcre,1.6,ensemble,106,Chla_ugL_mean,12.6490927446484
vera4cast,chlorocast_xgboost,2026-10-13 00:00:00,2026-09-29 00:00:00,P1D,fcre,1.6,ensemble,106,Chla_ugL_mean,12.7143528241084
vera4cast,chlorocast_xgboost,2026-10-14 00:00:00,2026-09-29 00:00:00,P1D,fcre,1.6,ensemble,106,Chla_ugL_mean,12.7506202987165
vera4cast,chlorocast_xgboost,2026-10-15 00:00:00,2026-09-29 00:00:00,P1D,fcre,1.6,ensemble,106,Chla_ugL_mean,12.691850058359
vera4cast,chlorocast_xgboost,2026-10-16 00:00:00,2026-09-29 00:00:00,P1D,fcre,1.6,ensemble,106,Chla_ugL_mean,12.3610602784379
vera4cast,chlorocast_xgboost,2026-10-17 00:00:00,2026-09-29 00:00:00,P1D,fcre,1.6,ensemble,106,Chla_ugL_mean,12.6104916505539
vera4cast,chlorocast_xgboost,2026-10-18 00:00:00,2026-09-29 00:00:00,P1D,fcre,1.6,ensemble,106,Chla_ugL_mean,12.5393866279073
vera4cast,chlorocast_xgboost,2026-10-19 00:00:00,2026-09-29 00:00:00,P1D,fcre,1.6,ensemble,106,Chla_ugL_mean,12.302196129178
vera4cast,chlorocast_xgboost,2026-10-20 00:00:00,2026-09-29 00:00:00,P1D,fcre,1.6,ensemble,106,Chla_ugL_mean,11.9567292436286
vera4cast,chlorocast_xgboost,2026-10-21 00:00:00,2026-09-29 00:00:00,P1D,fcre,1.6,ensemble,106,Chla_ugL_mean,12.1258170857222
vera4cast,chlorocast_xgboost,2026-10-22 00:00:00,2026-09-29 00:00:00,P1D,fcre,1.6,ensemble,106,Chla_ugL_mean,11.9744338031059
vera4cast,chlorocast_xgboost,2026-10-23 00:00:00,2026-09-29 00:00:00,P1D,fcre,1.6,ensemble,106,Chla_ugL_mean,11.7589734687995
vera4cast,chlorocast_xgboost,2026-10-24 00:00:00,2026-09-29 00:00:00,P1D,fcre,1.6,ensemble,106,Chla_ugL_mean,12.1008603462467
vera4cast,chlorocast_xgboost,2026-10-25 00:00:00,2026-09-29 00:00:00,P1D,fcre,1.6,ensemble,106,Chla_ugL_mean,12.2980857052466
vera4cast,chlorocast_xgboost,2026-10-26 00:00:00,2026-09-29 00:00:00,P1D,fcre,1.6,ensemble,106,Chla_ugL_mean,12.0613277308113
vera4cast,chlorocast_xgboost,2026-10-27 00:00:00,2026-09-29 00:00:00,P1D,fcre,1.6,ensemble,106,Chla_ugL_mean,12.1409109023131
vera4cast,chlorocast_xgboost,2026-10-28 00:00:00,2026-09-29 00:00:00,P1D,fcre,1.6,ensemble,106,Chla_ugL_mean,11.7524699900222
vera4cast,chlorocast_xgboost,2026-10-29 00:00:00,2026-09-29 00:00:00,P1D,fcre,1.6,ensemble,106,Chla_ugL_mean,11.7101458202852
vera4cast,chlorocast_xgboost,2026-10-30 00:00:00,2026-09-29 00:00:00,P1D,fcre,1.6,ensemble,106,Chla_ugL_mean,12.0177720490157
vera4cast,chlorocast_xgboost,2026-10-31 00:00:00,2026-09-29 00:00:00,P1D,fcre,1.6,ensemble,106,Chla_ugL_mean,12.4674427958556
vera4cast,chlorocast_xgboost,2026-11-01 00:00:00,2026-09-29 00:00:00,P1D,fcre,1.6,ensemble,106,Chla_ugL_mean,11.8098272112175
vera4cast,chlorocast_xgboost,2026-11-02 00:00:00,2026-09-29 00:00:00,P1D,fcre,1.6,ensemble,106,Chla_ugL_mean,12.2595680064259
vera4cast,chlorocast_xgboost,2026-11-03 00:00:00,2026-09-29 00:00:00,P1D,fcre,1.6,ensemble,106,Chla_ugL_mean,12.250759041477
vera4cast,chlorocast_xgboost,2026-09-30 00:00:00,2026-09-29 00:00:00,P1D,fcre,1.6,ensemble,107,Chla_ugL_mean,13.0592022540958
vera4cast,chlorocast_xgboost,2026-10-01 00:00:00,2026-09-29 00:00:00,P1D,fcre,1.6,ensemble,107,Chla_ugL_mean,13.57311139481
vera4cast,chlorocast_xgboost,2026-10-02 00:00:00,2026-09-29 00:00:00,P1D,fcre,1.6,ensemble,107,Chla_ugL_mean,13.9674456322533
vera4cast,chlorocast_xgboost,2026-10-03 00:00:00,2026-09-29 00:00:00,P1D,fcre,1.6,ensemble,107,Chla_ugL_mean,13.9252203446227
vera4cast,chlorocast_xgboost,2026-10-04 00:00:00,2026-09-29 00:00:00,P1D,fcre,1.6,ensemble,107,Chla_ugL_mean,14.5729585530126
vera4cast,chlorocast_xgboost,2026-10-05 00:00:00,2026-09-29 00:00:00,P1D,fcre,1.6,ensemble,107,Chla_ugL_mean,14.6641514245858
vera4cast,chlorocast_xgboost,2026-10-06 00:00:00,2026-09-29 00:00:00,P1D,fcre,1.6,ensemble,107,Chla_ugL_mean,13.9717209614487
vera4cast,chlorocast_xgboost,2026-10-07 00:00:00,2026-09-29 00:00:00,P1D,fcre,1.6,ensemble,107,Chla_ugL_mean,13.386512786429
vera4cast,chlorocast_xgboost,2026-10-08 00:00:00,2026-09-29 00:00:00,P1D,fcre,1.6,ensemble,107,Chla_ugL_mean,13.2568601663157
vera4cast,chlorocast_xgboost,2026-10-09 00:00:00,2026-09-29 00:00:00,P1D,fcre,1.6,ensemble,107,Chla_ugL_mean,13.1188573181756
vera4cast,chlorocast_xgboost,2026-10-10 00:00:00,2026-09-29 00:00:00,P1D,fcre,1.6,ensemble,107,Chla_ugL_mean,13.2211563811191
vera4cast,chlorocast_xgboost,2026-10-11 00:00:00,2026-09-29 00:00:00,P1D,fcre,1.6,ensemble,107,Chla_ugL_mean,12.9965496978522
vera4cast,chlorocast_xgboost,2026-10-12 00:00:00,2026-09-29 00:00:00,P1D,fcre,1.6,ensemble,107,Chla_ugL_mean,12.7017507169242
vera4cast,chlorocast_xgboost,2026-10-13 00:00:00,2026-09-29 00:00:00,P1D,fcre,1.6,ensemble,107,Chla_ugL_mean,12.774138311727
vera4cast,chlorocast_xgboost,2026-10-14 00:00:00,2026-09-29 00:00:00,P1D,fcre,1.6,ensemble,107,Chla_ugL_mean,12.7957994082597
vera4cast,chlorocast_xgboost,2026-10-15 00:00:00,2026-09-29 00:00:00,P1D,fcre,1.6,ensemble,107,Chla_ugL_mean,12.7406252238349
vera4cast,chlorocast_xgboost,2026-10-16 00:00:00,2026-09-29 00:00:00,P1D,fcre,1.6,ensemble,107,Chla_ugL_mean,12.4152845455874
vera4cast,chlorocast_xgboost,2026-10-17 00:00:00,2026-09-29 00:00:00,P1D,fcre,1.6,ensemble,107,Chla_ugL_mean,12.6640593177483
vera4cast,chlorocast_xgboost,2026-10-18 00:00:00,2026-09-29 00:00:00,P1D,fcre,1.6,ensemble,107,Chla_ugL_mean,12.604969675232
vera4cast,chlorocast_xgboost,2026-10-19 00:00:00,2026-09-29 00:00:00,P1D,fcre,1.6,ensemble,107,Chla_ugL_mean,12.3507612639341
vera4cast,chlorocast_xgboost,2026-10-20 00:00:00,2026-09-29 00:00:00,P1D,fcre,1.6,ensemble,107,Chla_ugL_mean,11.9980994590962
vera4cast,chlorocast_xgboost,2026-10-21 00:00:00,2026-09-29 00:00:00,P1D,fcre,1.6,ensemble,107,Chla_ugL_mean,12.1797072934609
vera4cast,chlorocast_xgboost,2026-10-22 00:00:00,2026-09-29 00:00:00,P1D,fcre,1.6,ensemble,107,Chla_ugL_mean,12.0351036022443
vera4cast,chlorocast_xgboost,2026-10-23 00:00:00,2026-09-29 00:00:00,P1D,fcre,1.6,ensemble,107,Chla_ugL_mean,11.8087308639552
vera4cast,chlorocast_xgboost,2026-10-24 00:00:00,2026-09-29 00:00:00,P1D,fcre,1.6,ensemble,107,Chla_ugL_mean,12.1581969575742
vera4cast,chlorocast_xgboost,2026-10-25 00:00:00,2026-09-29 00:00:00,P1D,fcre,1.6,ensemble,107,Chla_ugL_mean,12.3448548506085
vera4cast,chlorocast_xgboost,2026-10-26 00:00:00,2026-09-29 00:00:00,P1D,fcre,1.6,ensemble,107,Chla_ugL_mean,12.1333984387779
vera4cast,chlorocast_xgboost,2026-10-27 00:00:00,2026-09-29 00:00:00,P1D,fcre,1.6,ensemble,107,Chla_ugL_mean,12.1961376727249
vera4cast,chlorocast_xgboost,2026-10-28 00:00:00,2026-09-29 00:00:00,P1D,fcre,1.6,ensemble,107,Chla_ugL_mean,11.8070759066458
vera4cast,chlorocast_xgboost,2026-10-29 00:00:00,2026-09-29 00:00:00,P1D,fcre,1.6,ensemble,107,Chla_ugL_mean,11.7628267564596
vera4cast,chlorocast_xgboost,2026-10-30 00:00:00,2026-09-29 00:00:00,P1D,fcre,1.6,ensemble,107,Chla_ugL_mean,12.0595850507979
vera4cast,chlorocast_xgboost,2026-10-31 00:00:00,2026-09-29 00:00:00,P1D,fcre,1.6,ensemble,107,Chla_ugL_mean,12.5199093748756
vera4cast,chlorocast_xgboost,2026-11-01 00:00:00,2026-09-29 00:00:00,P1D,fcre,1.6,ensemble,107,Chla_ugL_mean,11.8498364016589
vera4cast,chlorocast_xgboost,2026-11-02 00:00:00,2026-09-29 00:00:00,P1D,fcre,1.6,ensemble,107,Chla_ugL_mean,12.3088404591051
vera4cast,chlorocast_xgboost,2026-11-03 00:00:00,2026-09-29 00:00:00,P1D,fcre,1.6,ensemble,107,Chla_ugL_mean,12.3008926996831
vera4cast,chlorocast_xgboost,2026-09-30 00:00:00,2026-09-29 00:00:00,P1D,fcre,1.6,ensemble,108,Chla_ugL_mean,13.1242900390068
vera4cast,chlorocast_xgboost,2026-10-01 00:00:00,2026-09-29 00:00:00,P1D,fcre,1.6,ensemble,108,Chla_ugL_mean,13.6321634193873
vera4cast,chlorocast_xgboost,2026-10-02 00:00:00,2026-09-29 00:00:00,P1D,fcre,1.6,ensemble,108,Chla_ugL_mean,14.0094190261787
vera4cast,chlorocast_xgboost,2026-10-03 00:00:00,2026-09-29 00:00:00,P1D,fcre,1.6,ensemble,108,Chla_ugL_mean,13.964743139882
vera4cast,chlorocast_xgboost,2026-10-04 00:00:00,2026-09-29 00:00:00,P1D,fcre,1.6,ensemble,108,Chla_ugL_mean,14.6538004593316
vera4cast,chlorocast_xgboost,2026-10-05 00:00:00,2026-09-29 00:00:00,P1D,fcre,1.6,ensemble,108,Chla_ugL_mean,14.7799711326242
vera4cast,chlorocast_xgboost,2026-10-06 00:00:00,2026-09-29 00:00:00,P1D,fcre,1.6,ensemble,108,Chla_ugL_mean,14.0744930793888
vera4cast,chlorocast_xgboost,2026-10-07 00:00:00,2026-09-29 00:00:00,P1D,fcre,1.6,ensemble,108,Chla_ugL_mean,13.4757946533979
vera4cast,chlorocast_xgboost,2026-10-08 00:00:00,2026-09-29 00:00:00,P1D,fcre,1.6,ensemble,108,Chla_ugL_mean,13.3245696804836
vera4cast,chlorocast_xgboost,2026-10-09 00:00:00,2026-09-29 00:00:00,P1D,fcre,1.6,ensemble,108,Chla_ugL_mean,13.1808768614689
vera4cast,chlorocast_xgboost,2026-10-10 00:00:00,2026-09-29 00:00:00,P1D,fcre,1.6,ensemble,108,Chla_ugL_mean,13.2770594018933
vera4cast,chlorocast_xgboost,2026-10-11 00:00:00,2026-09-29 00:00:00,P1D,fcre,1.6,ensemble,108,Chla_ugL_mean,13.0399283714561
vera4cast,chlorocast_xgboost,2026-10-12 00:00:00,2026-09-29 00:00:00,P1D,fcre,1.6,ensemble,108,Chla_ugL_mean,12.7546118427792
vera4cast,chlorocast_xgboost,2026-10-13 00:00:00,2026-09-29 00:00:00,P1D,fcre,1.6,ensemble,108,Chla_ugL_mean,12.8341844244422
vera4cast,chlorocast_xgboost,2026-10-14 00:00:00,2026-09-29 00:00:00,P1D,fcre,1.6,ensemble,108,Chla_ugL_mean,12.84112695852
vera4cast,chlorocast_xgboost,2026-10-15 00:00:00,2026-09-29 00:00:00,P1D,fcre,1.6,ensemble,108,Chla_ugL_mean,12.7895741435336
vera4cast,chlorocast_xgboost,2026-10-16 00:00:00,2026-09-29 00:00:00,P1D,fcre,1.6,ensemble,108,Chla_ugL_mean,12.469728875448
vera4cast,chlorocast_xgboost,2026-10-17 00:00:00,2026-09-29 00:00:00,P1D,fcre,1.6,ensemble,108,Chla_ugL_mean,12.7178378145763
vera4cast,chlorocast_xgboost,2026-10-18 00:00:00,2026-09-29 00:00:00,P1D,fcre,1.6,ensemble,108,Chla_ugL_mean,12.6708703984023
vera4cast,chlorocast_xgboost,2026-10-19 00:00:00,2026-09-29 00:00:00,P1D,fcre,1.6,ensemble,108,Chla_ugL_mean,12.399503705677
vera4cast,chlorocast_xgboost,2026-10-20 00:00:00,2026-09-29 00:00:00,P1D,fcre,1.6,ensemble,108,Chla_ugL_mean,12.0396017676788
vera4cast,chlorocast_xgboost,2026-10-21 00:00:00,2026-09-29 00:00:00,P1D,fcre,1.6,ensemble,108,Chla_ugL_mean,12.2338187563391
vera4cast,chlorocast_xgboost,2026-10-22 00:00:00,2026-09-29 00:00:00,P1D,fcre,1.6,ensemble,108,Chla_ugL_mean,12.0960570996607
vera4cast,chlorocast_xgboost,2026-10-23 00:00:00,2026-09-29 00:00:00,P1D,fcre,1.6,ensemble,108,Chla_ugL_mean,11.8586823028071
vera4cast,chlorocast_xgboost,2026-10-24 00:00:00,2026-09-29 00:00:00,P1D,fcre,1.6,ensemble,108,Chla_ugL_mean,12.2157845056274
vera4cast,chlorocast_xgboost,2026-10-25 00:00:00,2026-09-29 00:00:00,P1D,fcre,1.6,ensemble,108,Chla_ugL_mean,12.3917884822737
vera4cast,chlorocast_xgboost,2026-10-26 00:00:00,2026-09-29 00:00:00,P1D,fcre,1.6,ensemble,108,Chla_ugL_mean,12.2058668235392
vera4cast,chlorocast_xgboost,2026-10-27 00:00:00,2026-09-29 00:00:00,P1D,fcre,1.6,ensemble,108,Chla_ugL_mean,12.2515965424328
vera4cast,chlorocast_xgboost,2026-10-28 00:00:00,2026-09-29 00:00:00,P1D,fcre,1.6,ensemble,108,Chla_ugL_mean,11.8619156451198
vera4cast,chlorocast_xgboost,2026-10-29 00:00:00,2026-09-29 00:00:00,P1D,fcre,1.6,ensemble,108,Chla_ugL_mean,11.8157260442623
vera4cast,chlorocast_xgboost,2026-10-30 00:00:00,2026-09-29 00:00:00,P1D,fcre,1.6,ensemble,108,Chla_ugL_mean,12.1015323556784
vera4cast,chlorocast_xgboost,2026-10-31 00:00:00,2026-09-29 00:00:00,P1D,fcre,1.6,ensemble,108,Chla_ugL_mean,12.5725803536437
vera4cast,chlorocast_xgboost,2026-11-01 00:00:00,2026-09-29 00:00:00,P1D,fcre,1.6,ensemble,108,Chla_ugL_mean,11.8899705536078
vera4cast,chlorocast_xgboost,2026-11-02 00:00:00,2026-09-29 00:00:00,P1D,fcre,1.6,ensemble,108,Chla_ugL_mean,12.3582960078393
vera4cast,chlorocast_xgboost,2026-11-03 00:00:00,2026-09-29 00:00:00,P1D,fcre,1.6,ensemble,108,Chla_ugL_mean,12.3512160363579
vera4cast,chlorocast_xgboost,2026-09-30 00:00:00,2026-09-29 00:00:00,P1D,fcre,1.6,ensemble,109,Chla_ugL_mean,13.1896791510962
vera4cast,chlorocast_xgboost,2026-10-01 00:00:00,2026-09-29 00:00:00,P1D,fcre,1.6,ensemble,109,Chla_ugL_mean,13.6914547299697
vera4cast,chlorocast_xgboost,2026-10-02 00:00:00,2026-09-29 00:00:00,P1D,fcre,1.6,ensemble,109,Chla_ugL_mean,14.0515101266146
vera4cast,chlorocast_xgboost,2026-10-03 00:00:00,2026-09-29 00:00:00,P1D,fcre,1.6,ensemble,109,Chla_ugL_mean,14.0043705936528
vera4cast,chlorocast_xgboost,2026-10-04 00:00:00,2026-09-29 00:00:00,P1D,fcre,1.6,ensemble,109,Chla_ugL_mean,14.7350620298907
vera4cast,chlorocast_xgboost,2026-10-05 00:00:00,2026-09-29 00:00:00,P1D,fcre,1.6,ensemble,109,Chla_ugL_mean,14.8966472039859
vera4cast,chlorocast_xgboost,2026-10-06 00:00:00,2026-09-29 00:00:00,P1D,fcre,1.6,ensemble,109,Chla_ugL_mean,14.1779706678792
vera4cast,chlorocast_xgboost,2026-10-07 00:00:00,2026-09-29 00:00:00,P1D,fcre,1.6,ensemble,109,Chla_ugL_mean,13.5656305984736
vera4cast,chlorocast_xgboost,2026-10-08 00:00:00,2026-09-29 00:00:00,P1D,fcre,1.6,ensemble,109,Chla_ugL_mean,13.3926007646364
vera4cast,chlorocast_xgboost,2026-10-09 00:00:00,2026-09-29 00:00:00,P1D,fcre,1.6,ensemble,109,Chla_ugL_mean,13.2431688364232
vera4cast,chlorocast_xgboost,2026-10-10 00:00:00,2026-09-29 00:00:00,P1D,fcre,1.6,ensemble,109,Chla_ugL_mean,13.3331821760861
vera4cast,chlorocast_xgboost,2026-10-11 00:00:00,2026-09-29 00:00:00,P1D,fcre,1.6,ensemble,109,Chla_ugL_mean,13.0834414860019
vera4cast,chlorocast_xgboost,2026-10-12 00:00:00,2026-09-29 00:00:00,P1D,fcre,1.6,ensemble,109,Chla_ugL_mean,12.8076769059766
vera4cast,chlorocast_xgboost,2026-10-13 00:00:00,2026-09-29 00:00:00,P1D,fcre,1.6,ensemble,109,Chla_ugL_mean,12.8944922984067
vera4cast,chlorocast_xgboost,2026-10-14 00:00:00,2026-09-29 00:00:00,P1D,fcre,1.6,ensemble,109,Chla_ugL_mean,12.8866034372151
vera4cast,chlorocast_xgboost,2026-10-15 00:00:00,2026-09-29 00:00:00,P1D,fcre,1.6,ensemble,109,Chla_ugL_mean,12.8386974364287
vera4cast,chlorocast_xgboost,2026-10-16 00:00:00,2026-09-29 00:00:00,P1D,fcre,1.6,ensemble,109,Chla_ugL_mean,12.5243941611179
vera4cast,chlorocast_xgboost,2026-10-17 00:00:00,2026-09-29 00:00:00,P1D,fcre,1.6,ensemble,109,Chla_ugL_mean,12.7718279708134
vera4cast,chlorocast_xgboost,2026-10-18 00:00:00,2026-09-29 00:00:00,P1D,fcre,1.6,ensemble,109,Chla_ugL_mean,12.7370903361992
vera4cast,chlorocast_xgboost,2026-10-19 00:00:00,2026-09-29 00:00:00,P1D,fcre,1.6,ensemble,109,Chla_ugL_mean,12.4484241017389
vera4cast,chlorocast_xgboost,2026-10-20 00:00:00,2026-09-29 00:00:00,P1D,fcre,1.6,ensemble,109,Chla_ugL_mean,12.0812365911437
vera4cast,chlorocast_xgboost,2026-10-21 00:00:00,2026-09-29 00:00:00,P1D,fcre,1.6,ensemble,109,Chla_ugL_mean,12.2881523827562
vera4cast,chlorocast_xgboost,2026-10-22 00:00:00,2026-09-29 00:00:00,P1D,fcre,1.6,ensemble,109,Chla_ugL_mean,12.1572956219576
vera4cast,chlorocast_xgboost,2026-10-23 00:00:00,2026-09-29 00:00:00,P1D,fcre,1.6,ensemble,109,Chla_ugL_mean,11.9088285420862
vera4cast,chlorocast_xgboost,2026-10-24 00:00:00,2026-09-29 00:00:00,P1D,fcre,1.6,ensemble,109,Chla_ugL_mean,12.2736240886441
vera4cast,chlorocast_xgboost,2026-10-25 00:00:00,2026-09-29 00:00:00,P1D,fcre,1.6,ensemble,109,Chla_ugL_mean,12.4388871787377
vera4cast,chlorocast_xgboost,2026-10-26 00:00:00,2026-09-29 00:00:00,P1D,fcre,1.6,ensemble,109,Chla_ugL_mean,12.2787350794241
vera4cast,chlorocast_xgboost,2026-10-27 00:00:00,2026-09-29 00:00:00,P1D,fcre,1.6,ensemble,109,Chla_ugL_mean,12.307288486871
vera4cast,chlorocast_xgboost,2026-10-28 00:00:00,2026-09-29 00:00:00,P1D,fcre,1.6,ensemble,109,Chla_ugL_mean,11.9169902066665
vera4cast,chlorocast_xgboost,2026-10-29 00:00:00,2026-09-29 00:00:00,P1D,fcre,1.6,ensemble,109,Chla_ugL_mean,11.8688445887158
vera4cast,chlorocast_xgboost,2026-10-30 00:00:00,2026-09-29 00:00:00,P1D,fcre,1.6,ensemble,109,Chla_ugL_mean,12.1436143950377
vera4cast,chlorocast_xgboost,2026-10-31 00:00:00,2026-09-29 00:00:00,P1D,fcre,1.6,ensemble,109,Chla_ugL_mean,12.6254565284621
vera4cast,chlorocast_xgboost,2026-11-01 00:00:00,2026-09-29 00:00:00,P1D,fcre,1.6,ensemble,109,Chla_ugL_mean,11.9302300573591
vera4cast,chlorocast_xgboost,2026-11-02 00:00:00,2026-09-29 00:00:00,P1D,fcre,1.6,ensemble,109,Chla_ugL_mean,12.407935333012
vera4cast,chlorocast_xgboost,2026-11-03 00:00:00,2026-09-29 00:00:00,P1D,fcre,1.6,ensemble,109,Chla_ugL_mean,12.4017297691415
vera4cast,chlorocast_xgboost,2026-09-30 00:00:00,2026-09-29 00:00:00,P1D,fcre,1.6,ensemble,110,Chla_ugL_mean,13.2553709853731
vera4cast,chlorocast_xgboost,2026-10-01 00:00:00,2026-09-29 00:00:00,P1D,fcre,1.6,ensemble,110,Chla_ugL_mean,13.7509862961732
vera4cast,chlorocast_xgboost,2026-10-02 00:00:00,2026-09-29 00:00:00,P1D,fcre,1.6,ensemble,110,Chla_ugL_mean,14.0937192636469
vera4cast,chlorocast_xgboost,2026-10-03 00:00:00,2026-09-29 00:00:00,P1D,fcre,1.6,ensemble,110,Chla_ugL_mean,14.0441029830765
vera4cast,chlorocast_xgboost,2026-10-04 00:00:00,2026-09-29 00:00:00,P1D,fcre,1.6,ensemble,110,Chla_ugL_mean,14.8167454432392
vera4cast,chlorocast_xgboost,2026-10-05 00:00:00,2026-09-29 00:00:00,P1D,fcre,1.6,ensemble,110,Chla_ugL_mean,15.014185970565
vera4cast,chlorocast_xgboost,2026-10-06 00:00:00,2026-09-29 00:00:00,P1D,fcre,1.6,ensemble,110,Chla_ugL_mean,14.2821585695631
vera4cast,chlorocast_xgboost,2026-10-07 00:00:00,2026-09-29 00:00:00,P1D,fcre,1.6,ensemble,110,Chla_ugL_mean,13.6560240602329
vera4cast,chlorocast_xgboost,2026-10-08 00:00:00,2026-09-29 00:00:00,P1D,fcre,1.6,ensemble,110,Chla_ugL_mean,13.4609549459931
vera4cast,chlorocast_xgboost,2026-10-09 00:00:00,2026-09-29 00:00:00,P1D,fcre,1.6,ensemble,110,Chla_ugL_mean,13.3057344397421
vera4cast,chlorocast_xgboost,2026-10-10 00:00:00,2026-09-29 00:00:00,P1D,fcre,1.6,ensemble,110,Chla_ugL_mean,13.389525567543
vera4cast,chlorocast_xgboost,2026-10-11 00:00:00,2026-09-29 00:00:00,P1D,fcre,1.6,ensemble,110,Chla_ugL_mean,13.1270894581544
vera4cast,chlorocast_xgboost,2026-10-12 00:00:00,2026-09-29 00:00:00,P1D,fcre,1.6,ensemble,110,Chla_ugL_mean,12.8609466933031
vera4cast,chlorocast_xgboost,2026-10-13 00:00:00,2026-09-29 00:00:00,P1D,fcre,1.6,ensemble,110,Chla_ugL_mean,12.955063074726
vera4cast,chlorocast_xgboost,2026-10-14 00:00:00,2026-09-29 00:00:00,P1D,fcre,1.6,ensemble,110,Chla_ugL_mean,12.9322293336651
vera4cast,chlorocast_xgboost,2026-10-15 00:00:00,2026-09-29 00:00:00,P1D,fcre,1.6,ensemble,110,Chla_ugL_mean,12.8879957236985
vera4cast,chlorocast_xgboost,2026-10-16 00:00:00,2026-09-29 00:00:00,P1D,fcre,1.6,ensemble,110,Chla_ugL_mean,12.5792812993198
vera4cast,chlorocast_xgboost,2026-10-17 00:00:00,2026-09-29 00:00:00,P1D,fcre,1.6,ensemble,110,Chla_ugL_mean,12.8260306195009
vera4cast,chlorocast_xgboost,2026-10-18 00:00:00,2026-09-29 00:00:00,P1D,fcre,1.6,ensemble,110,Chla_ugL_mean,12.8036310348573
vera4cast,chlorocast_xgboost,2026-10-19 00:00:00,2026-09-29 00:00:00,P1D,fcre,1.6,ensemble,110,Chla_ugL_mean,12.4975231018149
vera4cast,chlorocast_xgboost,2026-10-20 00:00:00,2026-09-29 00:00:00,P1D,fcre,1.6,ensemble,110,Chla_ugL_mean,12.1230043526043
vera4cast,chlorocast_xgboost,2026-10-21 00:00:00,2026-09-29 00:00:00,P1D,fcre,1.6,ensemble,110,Chla_ugL_mean,12.3427090848414
vera4cast,chlorocast_xgboost,2026-10-22 00:00:00,2026-09-29 00:00:00,P1D,fcre,1.6,ensemble,110,Chla_ugL_mean,12.218820501941
vera4cast,chlorocast_xgboost,2026-10-23 00:00:00,2026-09-29 00:00:00,P1D,fcre,1.6,ensemble,110,Chla_ugL_mean,11.9591703414743
vera4cast,chlorocast_xgboost,2026-10-24 00:00:00,2026-09-29 00:00:00,P1D,fcre,1.6,ensemble,110,Chla_ugL_mean,12.3317168096689
vera4cast,chlorocast_xgboost,2026-10-25 00:00:00,2026-09-29 00:00:00,P1D,fcre,1.6,ensemble,110,Chla_ugL_mean,12.4861515205307
vera4cast,chlorocast_xgboost,2026-10-26 00:00:00,2026-09-29 00:00:00,P1D,fcre,1.6,ensemble,110,Chla_ugL_mean,12.3520054128694
vera4cast,chlorocast_xgboost,2026-10-27 00:00:00,2026-09-29 00:00:00,P1D,fcre,1.6,ensemble,110,Chla_ugL_mean,12.3632144855732
vera4cast,chlorocast_xgboost,2026-10-28 00:00:00,2026-09-29 00:00:00,P1D,fcre,1.6,ensemble,110,Chla_ugL_mean,11.9723005967952
vera4cast,chlorocast_xgboost,2026-10-29 00:00:00,2026-09-29 00:00:00,P1D,fcre,1.6,ensemble,110,Chla_ugL_mean,11.9221832985939
vera4cast,chlorocast_xgboost,2026-10-30 00:00:00,2026-09-29 00:00:00,P1D,fcre,1.6,ensemble,110,Chla_ugL_mean,12.1858316016423
vera4cast,chlorocast_xgboost,2026-10-31 00:00:00,2026-09-29 00:00:00,P1D,fcre,1.6,ensemble,110,Chla_ugL_mean,12.6785386987353
vera4cast,chlorocast_xgboost,2026-11-01 00:00:00,2026-09-29 00:00:00,P1D,fcre,1.6,ensemble,110,Chla_ugL_mean,11.9706153044264
vera4cast,chlorocast_xgboost,2026-11-02 00:00:00,2026-09-29 00:00:00,P1D,fcre,1.6,ensemble,110,Chla_ugL_mean,12.4577591175351
vera4cast,chlorocast_xgboost,2026-11-03 00:00:00,2026-09-29 00:00:00,P1D,fcre,1.6,ensemble,110,Chla_ugL_mean,12.4524346183892
vera4cast,chlorocast_xgboost,2026-09-30 00:00:00,2026-09-29 00:00:00,P1D,fcre,1.6,ensemble,111,Chla_ugL_mean,13.3213669433054
vera4cast,chlorocast_xgboost,2026-10-01 00:00:00,2026-09-29 00:00:00,P1D,fcre,1.6,ensemble,111,Chla_ugL_mean,13.8107590915428
vera4cast,chlorocast_xgboost,2026-10-02 00:00:00,2026-09-29 00:00:00,P1D,fcre,1.6,ensemble,111,Chla_ugL_mean,14.1360467682871
vera4cast,chlorocast_xgboost,2026-10-03 00:00:00,2026-09-29 00:00:00,P1D,fcre,1.6,ensemble,111,Chla_ugL_mean,14.0839405860285
vera4cast,chlorocast_xgboost,2026-10-04 00:00:00,2026-09-29 00:00:00,P1D,fcre,1.6,ensemble,111,Chla_ugL_mean,14.8988528892355
vera4cast,chlorocast_xgboost,2026-10-05 00:00:00,2026-09-29 00:00:00,P1D,fcre,1.6,ensemble,111,Chla_ugL_mean,15.1325938110735
vera4cast,chlorocast_xgboost,2026-10-06 00:00:00,2026-09-29 00:00:00,P1D,fcre,1.6,ensemble,111,Chla_ugL_mean,14.3870616603256
vera4cast,chlorocast_xgboost,2026-10-07 00:00:00,2026-09-29 00:00:00,P1D,fcre,1.6,ensemble,111,Chla_ugL_mean,13.7469784985921
vera4cast,chlorocast_xgboost,2026-10-08 00:00:00,2026-09-29 00:00:00,P1D,fcre,1.6,ensemble,111,Chla_ugL_mean,13.5296337590259
vera4cast,chlorocast_xgboost,2026-10-09 00:00:00,2026-09-29 00:00:00,P1D,fcre,1.6,ensemble,111,Chla_ugL_mean,13.3685748733859
vera4cast,chlorocast_xgboost,2026-10-10 00:00:00,2026-09-29 00:00:00,P1D,fcre,1.6,ensemble,111,Chla_ugL_mean,13.4460904435049
vera4cast,chlorocast_xgboost,2026-10-11 00:00:00,2026-09-29 00:00:00,P1D,fcre,1.6,ensemble,111,Chla_ugL_mean,13.1708727058696
vera4cast,chlorocast_xgboost,2026-10-12 00:00:00,2026-09-29 00:00:00,P1D,fcre,1.6,ensemble,111,Chla_ugL_mean,12.9144219945812
vera4cast,chlorocast_xgboost,2026-10-13 00:00:00,2026-09-29 00:00:00,P1D,fcre,1.6,ensemble,111,Chla_ugL_mean,13.0158978994801
vera4cast,chlorocast_xgboost,2026-10-14 00:00:00,2026-09-29 00:00:00,P1D,fcre,1.6,ensemble,111,Chla_ugL_mean,12.9780051387976
vera4cast,chlorocast_xgboost,2026-10-15 00:00:00,2026-09-29 00:00:00,P1D,fcre,1.6,ensemble,111,Chla_ugL_mean,12.9374696287343
vera4cast,chlorocast_xgboost,2026-10-16 00:00:00,2026-09-29 00:00:00,P1D,fcre,1.6,ensemble,111,Chla_ugL_mean,12.6343911904159
vera4cast,chlorocast_xgboost,2026-10-17 00:00:00,2026-09-29 00:00:00,P1D,fcre,1.6,ensemble,111,Chla_ugL_mean,12.8804465969586
vera4cast,chlorocast_xgboost,2026-10-18 00:00:00,2026-09-29 00:00:00,P1D,fcre,1.6,ensemble,111,Chla_ugL_mean,12.8704940481009
vera4cast,chlorocast_xgboost,2026-10-19 00:00:00,2026-09-29 00:00:00,P1D,fcre,1.6,ensemble,111,Chla_ugL_mean,12.5468013579726
vera4cast,chlorocast_xgboost,2026-10-20 00:00:00,2026-09-29 00:00:00,P1D,fcre,1.6,ensemble,111,Chla_ugL_mean,12.1649054765253
vera4cast,chlorocast_xgboost,2026-10-21 00:00:00,2026-09-29 00:00:00,P1D,fcre,1.6,ensemble,111,Chla_ugL_mean,12.3974897784686
vera4cast,chlorocast_xgboost,2026-10-22 00:00:00,2026-09-29 00:00:00,P1D,fcre,1.6,ensemble,111,Chla_ugL_mean,12.2806330786492
vera4cast,chlorocast_xgboost,2026-10-23 00:00:00,2026-09-29 00:00:00,P1D,fcre,1.6,ensemble,111,Chla_ugL_mean,12.0097084636161
vera4cast,chlorocast_xgboost,2026-10-24 00:00:00,2026-09-29 00:00:00,P1D,fcre,1.6,ensemble,111,Chla_ugL_mean,12.3900637765735
vera4cast,chlorocast_xgboost,2026-10-25 00:00:00,2026-09-29 00:00:00,P1D,fcre,1.6,ensemble,111,Chla_ugL_mean,12.5335820902245
vera4cast,chlorocast_xgboost,2026-10-26 00:00:00,2026-09-29 00:00:00,P1D,fcre,1.6,ensemble,111,Chla_ugL_mean,12.4256800424868
vera4cast,chlorocast_xgboost,2026-10-27 00:00:00,2026-09-29 00:00:00,P1D,fcre,1.6,ensemble,111,Chla_ugL_mean,12.4193755221897
vera4cast,chlorocast_xgboost,2026-10-28 00:00:00,2026-09-29 00:00:00,P1D,fcre,1.6,ensemble,111,Chla_ugL_mean,12.0278478253211
vera4cast,chlorocast_xgboost,2026-10-29 00:00:00,2026-09-29 00:00:00,P1D,fcre,1.6,ensemble,111,Chla_ugL_mean,11.9757430864368
vera4cast,chlorocast_xgboost,2026-10-30 00:00:00,2026-09-29 00:00:00,P1D,fcre,1.6,ensemble,111,Chla_ugL_mean,12.2281844096485
vera4cast,chlorocast_xgboost,2026-10-31 00:00:00,2026-09-29 00:00:00,P1D,fcre,1.6,ensemble,111,Chla_ugL_mean,12.7318276669822
vera4cast,chlorocast_xgboost,2026-11-01 00:00:00,2026-09-29 00:00:00,P1D,fcre,1.6,ensemble,111,Chla_ugL_mean,12.0111266875466
vera4cast,chlorocast_xgboost,2026-11-02 00:00:00,2026-09-29 00:00:00,P1D,fcre,1.6,ensemble,111,Chla_ugL_mean,12.5077680468582
vera4cast,chlorocast_xgboost,2026-11-03 00:00:00,2026-09-29 00:00:00,P1D,fcre,1.6,ensemble,111,Chla_ugL_mean,12.5033313071816
vera4cast,chlorocast_xgboost,2026-09-30 00:00:00,2026-09-29 00:00:00,P1D,fcre,1.6,ensemble,112,Chla_ugL_mean,13.3876684328487
vera4cast,chlorocast_xgboost,2026-10-01 00:00:00,2026-09-29 00:00:00,P1D,fcre,1.6,ensemble,112,Chla_ugL_mean,13.8707740935687
vera4cast,chlorocast_xgboost,2026-10-02 00:00:00,2026-09-29 00:00:00,P1D,fcre,1.6,ensemble,112,Chla_ugL_mean,14.178492972475
vera4cast,chlorocast_xgboost,2026-10-03 00:00:00,2026-09-29 00:00:00,P1D,fcre,1.6,ensemble,112,Chla_ugL_mean,14.1238836811199
vera4cast,chlorocast_xgboost,2026-10-04 00:00:00,2026-09-29 00:00:00,P1D,fcre,1.6,ensemble,112,Chla_ugL_mean,14.981386569106
vera4cast,chlorocast_xgboost,2026-10-05 00:00:00,2026-09-29 00:00:00,P1D,fcre,1.6,ensemble,112,Chla_ugL_mean,15.2518771513869
vera4cast,chlorocast_xgboost,2026-10-06 00:00:00,2026-09-29 00:00:00,P1D,fcre,1.6,ensemble,112,Chla_ugL_mean,14.4926848495219
vera4cast,chlorocast_xgboost,2026-10-07 00:00:00,2026-09-29 00:00:00,P1D,fcre,1.6,ensemble,112,Chla_ugL_mean,13.8384973949396
vera4cast,chlorocast_xgboost,2026-10-08 00:00:00,2026-09-29 00:00:00,P1D,fcre,1.6,ensemble,112,Chla_ugL_mean,13.5986387454945
vera4cast,chlorocast_xgboost,2026-10-09 00:00:00,2026-09-29 00:00:00,P1D,fcre,1.6,ensemble,112,Chla_ugL_mean,13.4316913445947
vera4cast,chlorocast_xgboost,2026-10-10 00:00:00,2026-09-29 00:00:00,P1D,fcre,1.6,ensemble,112,Chla_ugL_mean,13.5028776746222
vera4cast,chlorocast_xgboost,2026-10-11 00:00:00,2026-09-29 00:00:00,P1D,fcre,1.6,ensemble,112,Chla_ugL_mean,13.2147916483991
vera4cast,chlorocast_xgboost,2026-10-12 00:00:00,2026-09-29 00:00:00,P1D,fcre,1.6,ensemble,112,Chla_ugL_mean,12.9681036026801
vera4cast,chlorocast_xgboost,2026-10-13 00:00:00,2026-09-29 00:00:00,P1D,fcre,1.6,ensemble,112,Chla_ugL_mean,13.0769979237452
vera4cast,chlorocast_xgboost,2026-10-14 00:00:00,2026-09-29 00:00:00,P1D,fcre,1.6,ensemble,112,Chla_ugL_mean,13.0239313451535
vera4cast,chlorocast_xgboost,2026-10-15 00:00:00,2026-09-29 00:00:00,P1D,fcre,1.6,ensemble,112,Chla_ugL_mean,12.9871197771481
vera4cast,chlorocast_xgboost,2026-10-16 00:00:00,2026-09-29 00:00:00,P1D,fcre,1.6,ensemble,112,Chla_ugL_mean,12.689724738422
vera4cast,chlorocast_xgboost,2026-10-17 00:00:00,2026-09-29 00:00:00,P1D,fcre,1.6,ensemble,112,Chla_ugL_mean,12.9350767427979
vera4cast,chlorocast_xgboost,2026-10-18 00:00:00,2026-09-29 00:00:00,P1D,fcre,1.6,ensemble,112,Chla_ugL_mean,12.9376809371805
vera4cast,chlorocast_xgboost,2026-10-19 00:00:00,2026-09-29 00:00:00,P1D,fcre,1.6,ensemble,112,Chla_ugL_mean,12.5962595246599
vera4cast,chlorocast_xgboost,2026-10-20 00:00:00,2026-09-29 00:00:00,P1D,fcre,1.6,ensemble,112,Chla_ugL_mean,12.2069403887267
vera4cast,chlorocast_xgboost,2026-10-21 00:00:00,2026-09-29 00:00:00,P1D,fcre,1.6,ensemble,112,Chla_ugL_mean,12.452495383272
vera4cast,chlorocast_xgboost,2026-10-22 00:00:00,2026-09-29 00:00:00,P1D,fcre,1.6,ensemble,112,Chla_ugL_mean,12.3427346973818
vera4cast,chlorocast_xgboost,2026-10-23 00:00:00,2026-09-29 00:00:00,P1D,fcre,1.6,ensemble,112,Chla_ugL_mean,12.0604436741303
vera4cast,chlorocast_xgboost,2026-10-24 00:00:00,2026-09-29 00:00:00,P1D,fcre,1.6,ensemble,112,Chla_ugL_mean,12.4486661020787
vera4cast,chlorocast_xgboost,2026-10-25 00:00:00,2026-09-29 00:00:00,P1D,fcre,1.6,ensemble,112,Chla_ugL_mean,12.5811794724399
vera4cast,chlorocast_xgboost,2026-10-26 00:00:00,2026-09-29 00:00:00,P1D,fcre,1.6,ensemble,112,Chla_ugL_mean,12.49976119913
vera4cast,chlorocast_xgboost,2026-10-27 00:00:00,2026-09-29 00:00:00,P1D,fcre,1.6,ensemble,112,Chla_ugL_mean,12.4757725845047
vera4cast,chlorocast_xgboost,2026-10-28 00:00:00,2026-09-29 00:00:00,P1D,fcre,1.6,ensemble,112,Chla_ugL_mean,12.0836329063831
vera4cast,chlorocast_xgboost,2026-10-29 00:00:00,2026-09-29 00:00:00,P1D,fcre,1.6,ensemble,112,Chla_ugL_mean,12.0295248685671
vera4cast,chlorocast_xgboost,2026-10-30 00:00:00,2026-09-29 00:00:00,P1D,fcre,1.6,ensemble,112,Chla_ugL_mean,12.270673254607
vera4cast,chlorocast_xgboost,2026-10-31 00:00:00,2026-09-29 00:00:00,P1D,fcre,1.6,ensemble,112,Chla_ugL_mean,12.7853242388482
vera4cast,chlorocast_xgboost,2026-11-01 00:00:00,2026-09-29 00:00:00,P1D,fcre,1.6,ensemble,112,Chla_ugL_mean,12.0517646006827
vera4cast,chlorocast_xgboost,2026-11-02 00:00:00,2026-09-29 00:00:00,P1D,fcre,1.6,ensemble,112,Chla_ugL_mean,12.5579628089777
vera4cast,chlorocast_xgboost,2026-11-03 00:00:00,2026-09-29 00:00:00,P1D,fcre,1.6,ensemble,112,Chla_ugL_mean,12.5544205613351
vera4cast,chlorocast_xgboost,2026-09-30 00:00:00,2026-09-29 00:00:00,P1D,fcre,1.6,ensemble,113,Chla_ugL_mean,13.4542768684771
vera4cast,chlorocast_xgboost,2026-10-01 00:00:00,2026-09-29 00:00:00,P1D,fcre,1.6,ensemble,113,Chla_ugL_mean,13.9310322837016
vera4cast,chlorocast_xgboost,2026-10-02 00:00:00,2026-09-29 00:00:00,P1D,fcre,1.6,ensemble,113,Chla_ugL_mean,14.2210582090811
vera4cast,chlorocast_xgboost,2026-10-03 00:00:00,2026-09-29 00:00:00,P1D,fcre,1.6,ensemble,113,Chla_ugL_mean,14.1639325476996
vera4cast,chlorocast_xgboost,2026-10-04 00:00:00,2026-09-29 00:00:00,P1D,fcre,1.6,ensemble,113,Chla_ugL_mean,15.0643486955041
vera4cast,chlorocast_xgboost,2026-10-05 00:00:00,2026-09-29 00:00:00,P1D,fcre,1.6,ensemble,113,Chla_ugL_mean,15.3720424648935
vera4cast,chlorocast_xgboost,2026-10-06 00:00:00,2026-09-29 00:00:00,P1D,fcre,1.6,ensemble,113,Chla_ugL_mean,14.5990330802071
vera4cast,chlorocast_xgboost,2026-10-07 00:00:00,2026-09-29 00:00:00,P1D,fcre,1.6,ensemble,113,Chla_ugL_mean,13.9305842522691
vera4cast,chlorocast_xgboost,2026-10-08 00:00:00,2026-09-29 00:00:00,P1D,fcre,1.6,ensemble,113,Chla_ugL_mean,13.6679714544808
vera4cast,chlorocast_xgboost,2026-10-09 00:00:00,2026-09-29 00:00:00,P1D,fcre,1.6,ensemble,113,Chla_ugL_mean,13.4950850659116
vera4cast,chlorocast_xgboost,2026-10-10 00:00:00,2026-09-29 00:00:00,P1D,fcre,1.6,ensemble,113,Chla_ugL_mean,13.5598881349675
vera4cast,chlorocast_xgboost,2026-10-11 00:00:00,2026-09-29 00:00:00,P1D,fcre,1.6,ensemble,113,Chla_ugL_mean,13.2588467062938
vera4cast,chlorocast_xgboost,2026-10-12 00:00:00,2026-09-29 00:00:00,P1D,fcre,1.6,ensemble,113,Chla_ugL_mean,13.0219923135283
vera4cast,chlorocast_xgboost,2026-10-13 00:00:00,2026-09-29 00:00:00,P1D,fcre,1.6,ensemble,113,Chla_ugL_mean,13.1383643036153
vera4cast,chlorocast_xgboost,2026-10-14 00:00:00,2026-09-29 00:00:00,P1D,fcre,1.6,ensemble,113,Chla_ugL_mean,13.0700084468918
vera4cast,chlorocast_xgboost,2026-10-15 00:00:00,2026-09-29 00:00:00,P1D,fcre,1.6,ensemble,113,Chla_ugL_mean,13.0369467967804
vera4cast,chlorocast_xgboost,2026-10-16 00:00:00,2026-09-29 00:00:00,P1D,fcre,1.6,ensemble,113,Chla_ugL_mean,12.7452828510231
vera4cast,chlorocast_xgboost,2026-10-17 00:00:00,2026-09-29 00:00:00,P1D,fcre,1.6,ensemble,113,Chla_ugL_mean,12.9899218999349
vera4cast,chlorocast_xgboost,2026-10-18 00:00:00,2026-09-29 00:00:00,P1D,fcre,1.6,ensemble,113,Chla_ugL_mean,13.0051932709088
vera4cast,chlorocast_xgboost,2026-10-19 00:00:00,2026-09-29 00:00:00,P1D,fcre,1.6,ensemble,113,Chla_ugL_mean,12.6458982587142
vera4cast,chlorocast_xgboost,2026-10-20 00:00:00,2026-09-29 00:00:00,P1D,fcre,1.6,ensemble,113,Chla_ugL_mean,12.2491095163881
vera4cast,chlorocast_xgboost,2026-10-21 00:00:00,2026-09-29 00:00:00,P1D,fcre,1.6,ensemble,113,Chla_ugL_mean,12.5077268226616
vera4cast,chlorocast_xgboost,2026-10-22 00:00:00,2026-09-29 00:00:00,P1D,fcre,1.6,ensemble,113,Chla_ugL_mean,12.4051267097295
vera4cast,chlorocast_xgboost,2026-10-23 00:00:00,2026-09-29 00:00:00,P1D,fcre,1.6,ensemble,113,Chla_ugL_mean,12.1113767416212
vera4cast,chlorocast_xgboost,2026-10-24 00:00:00,2026-09-29 00:00:00,P1D,fcre,1.6,ensemble,113,Chla_ugL_mean,12.5075249037748
vera4cast,chlorocast_xgboost,2026-10-25 00:00:00,2026-09-29 00:00:00,P1D,fcre,1.6,ensemble,113,Chla_ugL_mean,12.6289442538537
vera4cast,chlorocast_xgboost,2026-10-26 00:00:00,2026-09-29 00:00:00,P1D,fcre,1.6,ensemble,113,Chla_ugL_mean,12.5742511259623
vera4cast,chlorocast_xgboost,2026-10-27 00:00:00,2026-09-29 00:00:00,P1D,fcre,1.6,ensemble,113,Chla_ugL_mean,12.5324066644538
vera4cast,chlorocast_xgboost,2026-10-28 00:00:00,2026-09-29 00:00:00,P1D,fcre,1.6,ensemble,113,Chla_ugL_mean,12.1396568584629
vera4cast,chlorocast_xgboost,2026-10-29 00:00:00,2026-09-29 00:00:00,P1D,fcre,1.6,ensemble,113,Chla_ugL_mean,12.0835295651055
vera4cast,chlorocast_xgboost,2026-10-30 00:00:00,2026-09-29 00:00:00,P1D,fcre,1.6,ensemble,113,Chla_ugL_mean,12.3132985734678
vera4cast,chlorocast_xgboost,2026-10-31 00:00:00,2026-09-29 00:00:00,P1D,fcre,1.6,ensemble,113,Chla_ugL_mean,12.8390292231171
vera4cast,chlorocast_xgboost,2026-11-01 00:00:00,2026-09-29 00:00:00,P1D,fcre,1.6,ensemble,113,Chla_ugL_mean,12.0925294390287
vera4cast,chlorocast_xgboost,2026-11-02 00:00:00,2026-09-29 00:00:00,P1D,fcre,1.6,ensemble,113,Chla_ugL_mean,12.608344094447
vera4cast,chlorocast_xgboost,2026-11-03 00:00:00,2026-09-29 00:00:00,P1D,fcre,1.6,ensemble,113,Chla_ugL_mean,12.6057031094122
vera4cast,chlorocast_xgboost,2026-09-30 00:00:00,2026-09-29 00:00:00,P1D,fcre,1.6,ensemble,114,Chla_ugL_mean,13.5211936712128
vera4cast,chlorocast_xgboost,2026-10-01 00:00:00,2026-09-29 00:00:00,P1D,fcre,1.6,ensemble,114,Chla_ugL_mean,13.9915346473695
vera4cast,chlorocast_xgboost,2026-10-02 00:00:00,2026-09-29 00:00:00,P1D,fcre,1.6,ensemble,114,Chla_ugL_mean,14.2637428119097
vera4cast,chlorocast_xgboost,2026-10-03 00:00:00,2026-09-29 00:00:00,P1D,fcre,1.6,ensemble,114,Chla_ugL_mean,14.2040874658563
vera4cast,chlorocast_xgboost,2026-10-04 00:00:00,2026-09-29 00:00:00,P1D,fcre,1.6,ensemble,114,Chla_ugL_mean,15.1477414925694
vera4cast,chlorocast_xgboost,2026-10-05 00:00:00,2026-09-29 00:00:00,P1D,fcre,1.6,ensemble,114,Chla_ugL_mean,15.493096272845
vera4cast,chlorocast_xgboost,2026-10-06 00:00:00,2026-09-29 00:00:00,P1D,fcre,1.6,ensemble,114,Chla_ugL_mean,14.7061113293676
vera4cast,chlorocast_xgboost,2026-10-07 00:00:00,2026-09-29 00:00:00,P1D,fcre,1.6,ensemble,114,Chla_ugL_mean,14.0232425953135
vera4cast,chlorocast_xgboost,2026-10-08 00:00:00,2026-09-29 00:00:00,P1D,fcre,1.6,ensemble,114,Chla_ugL_mean,13.7376334424238
vera4cast,chlorocast_xgboost,2026-10-09 00:00:00,2026-09-29 00:00:00,P1D,fcre,1.6,ensemble,114,Chla_ugL_mean,13.5587572552062
vera4cast,chlorocast_xgboost,2026-10-10 00:00:00,2026-09-29 00:00:00,P1D,fcre,1.6,ensemble,114,Chla_ugL_mean,13.6171227020496
vera4cast,chlorocast_xgboost,2026-10-11 00:00:00,2026-09-29 00:00:00,P1D,fcre,1.6,ensemble,114,Chla_ugL_mean,13.3030383014079
vera4cast,chlorocast_xgboost,2026-10-12 00:00:00,2026-09-29 00:00:00,P1D,fcre,1.6,ensemble,114,Chla_ugL_mean,13.0760889261245
vera4cast,chlorocast_xgboost,2026-10-13 00:00:00,2026-09-29 00:00:00,P1D,fcre,1.6,ensemble,114,Chla_ugL_mean,13.1999982002244
vera4cast,chlorocast_xgboost,2026-10-14 00:00:00,2026-09-29 00:00:00,P1D,fcre,1.6,ensemble,114,Chla_ugL_mean,13.1162369397951
vera4cast,chlorocast_xgboost,2026-10-15 00:00:00,2026-09-29 00:00:00,P1D,fcre,1.6,ensemble,114,Chla_ugL_mean,13.0869513177086
vera4cast,chlorocast_xgboost,2026-10-16 00:00:00,2026-09-29 00:00:00,P1D,fcre,1.6,ensemble,114,Chla_ugL_mean,12.8010664395877
vera4cast,chlorocast_xgboost,2026-10-17 00:00:00,2026-09-29 00:00:00,P1D,fcre,1.6,ensemble,114,Chla_ugL_mean,13.044982914603
vera4cast,chlorocast_xgboost,2026-10-18 00:00:00,2026-09-29 00:00:00,P1D,fcre,1.6,ensemble,114,Chla_ugL_mean,13.0730326256979
vera4cast,chlorocast_xgboost,2026-10-19 00:00:00,2026-09-29 00:00:00,P1D,fcre,1.6,ensemble,114,Chla_ugL_mean,12.6957182193709
vera4cast,chlorocast_xgboost,2026-10-20 00:00:00,2026-09-29 00:00:00,P1D,fcre,1.6,ensemble,114,Chla_ugL_mean,12.291413288053
vera4cast,chlorocast_xgboost,2026-10-21 00:00:00,2026-09-29 00:00:00,P1D,fcre,1.6,ensemble,114,Chla_ugL_mean,12.5631850238385
vera4cast,chlorocast_xgboost,2026-10-22 00:00:00,2026-09-29 00:00:00,P1D,fcre,1.6,ensemble,114,Chla_ugL_mean,12.4678104736029
vera4cast,chlorocast_xgboost,2026-10-23 00:00:00,2026-09-29 00:00:00,P1D,fcre,1.6,ensemble,114,Chla_ugL_mean,12.1625084376909
vera4cast,chlorocast_xgboost,2026-10-24 00:00:00,2026-09-29 00:00:00,P1D,fcre,1.6,ensemble,114,Chla_ugL_mean,12.5666413041436
vera4cast,chlorocast_xgboost,2026-10-25 00:00:00,2026-09-29 00:00:00,P1D,fcre,1.6,ensemble,114,Chla_ugL_mean,12.6768770232061
vera4cast,chlorocast_xgboost,2026-10-26 00:00:00,2026-09-29 00:00:00,P1D,fcre,1.6,ensemble,114,Chla_ugL_mean,12.6491520785244
vera4cast,chlorocast_xgboost,2026-10-27 00:00:00,2026-09-29 00:00:00,P1D,fcre,1.6,ensemble,114,Chla_ugL_mean,12.5892787581415
vera4cast,chlorocast_xgboost,2026-10-28 00:00:00,2026-09-29 00:00:00,P1D,fcre,1.6,ensemble,114,Chla_ugL_mean,12.1959207044032
vera4cast,chlorocast_xgboost,2026-10-29 00:00:00,2026-09-29 00:00:00,P1D,fcre,1.6,ensemble,114,Chla_ugL_mean,12.1377580999862
vera4cast,chlorocast_xgboost,2026-10-30 00:00:00,2026-09-29 00:00:00,P1D,fcre,1.6,ensemble,114,Chla_ugL_mean,12.3560608045841
vera4cast,chlorocast_xgboost,2026-10-31 00:00:00,2026-09-29 00:00:00,P1D,fcre,1.6,ensemble,114,Chla_ugL_mean,12.8929434317239
vera4cast,chlorocast_xgboost,2026-11-01 00:00:00,2026-09-29 00:00:00,P1D,fcre,1.6,ensemble,114,Chla_ugL_mean,12.1334215990124
vera4cast,chlorocast_xgboost,2026-11-02 00:00:00,2026-09-29 00:00:00,P1D,fcre,1.6,ensemble,114,Chla_ugL_mean,12.6589125963855
vera4cast,chlorocast_xgboost,2026-11-03 00:00:00,2026-09-29 00:00:00,P1D,fcre,1.6,ensemble,114,Chla_ugL_mean,12.6571796827319
vera4cast,chlorocast_xgboost,2026-09-30 00:00:00,2026-09-29 00:00:00,P1D,fcre,1.6,ensemble,115,Chla_ugL_mean,13.588420268657
vera4cast,chlorocast_xgboost,2026-10-01 00:00:00,2026-09-29 00:00:00,P1D,fcre,1.6,ensemble,115,Chla_ugL_mean,14.0522821739934
vera4cast,chlorocast_xgboost,2026-10-02 00:00:00,2026-09-29 00:00:00,P1D,fcre,1.6,ensemble,115,Chla_ugL_mean,14.3065471157007
vera4cast,chlorocast_xgboost,2026-10-03 00:00:00,2026-09-29 00:00:00,P1D,fcre,1.6,ensemble,115,Chla_ugL_mean,14.2443487164203
vera4cast,chlorocast_xgboost,2026-10-04 00:00:00,2026-09-29 00:00:00,P1D,fcre,1.6,ensemble,115,Chla_ugL_mean,15.2315671959874
vera4cast,chlorocast_xgboost,2026-10-05 00:00:00,2026-09-29 00:00:00,P1D,fcre,1.6,ensemble,115,Chla_ugL_mean,15.6150451447112
vera4cast,chlorocast_xgboost,2026-10-06 00:00:00,2026-09-29 00:00:00,P1D,fcre,1.6,ensemble,115,Chla_ugL_mean,14.8139246081535
vera4cast,chlorocast_xgboost,2026-10-07 00:00:00,2026-09-29 00:00:00,P1D,fcre,1.6,ensemble,115,Chla_ugL_mean,14.1164759706802
vera4cast,chlorocast_xgboost,2026-10-08 00:00:00,2026-09-29 00:00:00,P1D,fcre,1.6,ensemble,115,Chla_ugL_mean,13.8076262731544
vera4cast,chlorocast_xgboost,2026-10-09 00:00:00,2026-09-29 00:00:00,P1D,fcre,1.6,ensemble,115,Chla_ugL_mean,13.6227091356975
vera4cast,chlorocast_xgboost,2026-10-10 00:00:00,2026-09-29 00:00:00,P1D,fcre,1.6,ensemble,115,Chla_ugL_mean,13.6745822568265
vera4cast,chlorocast_xgboost,2026-10-11 00:00:00,2026-09-29 00:00:00,P1D,fcre,1.6,ensemble,115,Chla_ugL_mean,13.347366856903
vera4cast,chlorocast_xgboost,2026-10-12 00:00:00,2026-09-29 00:00:00,P1D,fcre,1.6,ensemble,115,Chla_ugL_mean,13.1303942425503
vera4cast,chlorocast_xgboost,2026-10-13 00:00:00,2026-09-29 00:00:00,P1D,fcre,1.6,ensemble,115,Chla_ugL_mean,13.261900779768
vera4cast,chlorocast_xgboost,2026-10-14 00:00:00,2026-09-29 00:00:00,P1D,fcre,1.6,ensemble,115,Chla_ugL_mean,13.162617321275
vera4cast,chlorocast_xgboost,2026-10-15 00:00:00,2026-09-29 00:00:00,P1D,fcre,1.6,ensemble,115,Chla_ugL_mean,13.1371339722544
vera4cast,chlorocast_xgboost,2026-10-16 00:00:00,2026-09-29 00:00:00,P1D,fcre,1.6,ensemble,115,Chla_ugL_mean,12.8570764191831
vera4cast,chlorocast_xgboost,2026-10-17 00:00:00,2026-09-29 00:00:00,P1D,fcre,1.6,ensemble,115,Chla_ugL_mean,13.1002606363662
vera4cast,chlorocast_xgboost,2026-10-18 00:00:00,2026-09-29 00:00:00,P1D,fcre,1.6,ensemble,115,Chla_ugL_mean,13.1412005855958
vera4cast,chlorocast_xgboost,2026-10-19 00:00:00,2026-09-29 00:00:00,P1D,fcre,1.6,ensemble,115,Chla_ugL_mean,12.7457200682721
vera4cast,chlorocast_xgboost,2026-10-20 00:00:00,2026-09-29 00:00:00,P1D,fcre,1.6,ensemble,115,Chla_ugL_mean,12.3338521336332
vera4cast,chlorocast_xgboost,2026-10-21 00:00:00,2026-09-29 00:00:00,P1D,fcre,1.6,ensemble,115,Chla_ugL_mean,12.6188709178106
vera4cast,chlorocast_xgboost,2026-10-22 00:00:00,2026-09-29 00:00:00,P1D,fcre,1.6,ensemble,115,Chla_ugL_mean,12.5307873532623
vera4cast,chlorocast_xgboost,2026-10-23 00:00:00,2026-09-29 00:00:00,P1D,fcre,1.6,ensemble,115,Chla_ugL_mean,12.2138395369502
vera4cast,chlorocast_xgboost,2026-10-24 00:00:00,2026-09-29 00:00:00,P1D,fcre,1.6,ensemble,115,Chla_ugL_mean,12.6260164305794
vera4cast,chlorocast_xgboost,2026-10-25 00:00:00,2026-09-29 00:00:00,P1D,fcre,1.6,ensemble,115,Chla_ugL_mean,12.7249783713079
vera4cast,chlorocast_xgboost,2026-10-26 00:00:00,2026-09-29 00:00:00,P1D,fcre,1.6,ensemble,115,Chla_ugL_mean,12.724466324803
vera4cast,chlorocast_xgboost,2026-10-27 00:00:00,2026-09-29 00:00:00,P1D,fcre,1.6,ensemble,115,Chla_ugL_mean,12.6463898658582
vera4cast,chlorocast_xgboost,2026-10-28 00:00:00,2026-09-29 00:00:00,P1D,fcre,1.6,ensemble,115,Chla_ugL_mean,12.2524254714264
vera4cast,chlorocast_xgboost,2026-10-29 00:00:00,2026-09-29 00:00:00,P1D,fcre,1.6,ensemble,115,Chla_ugL_mean,12.1922114009731
vera4cast,chlorocast_xgboost,2026-10-30 00:00:00,2026-09-29 00:00:00,P1D,fcre,1.6,ensemble,115,Chla_ugL_mean,12.3989603877173
vera4cast,chlorocast_xgboost,2026-10-31 00:00:00,2026-09-29 00:00:00,P1D,fcre,1.6,ensemble,115,Chla_ugL_mean,12.9470676797664
vera4cast,chlorocast_xgboost,2026-11-01 00:00:00,2026-09-29 00:00:00,P1D,fcre,1.6,ensemble,115,Chla_ugL_mean,12.1744414783002
vera4cast,chlorocast_xgboost,2026-11-02 00:00:00,2026-09-29 00:00:00,P1D,fcre,1.6,ensemble,115,Chla_ugL_mean,12.709669010488
vera4cast,chlorocast_xgboost,2026-11-03 00:00:00,2026-09-29 00:00:00,P1D,fcre,1.6,ensemble,115,Chla_ugL_mean,12.70885101538
vera4cast,chlorocast_xgboost,2026-09-30 00:00:00,2026-09-29 00:00:00,P1D,fcre,1.6,ensemble,116,Chla_ugL_mean,13.6559580950199
vera4cast,chlorocast_xgboost,2026-10-01 00:00:00,2026-09-29 00:00:00,P1D,fcre,1.6,ensemble,116,Chla_ugL_mean,14.1132758570033
vera4cast,chlorocast_xgboost,2026-10-02 00:00:00,2026-09-29 00:00:00,P1D,fcre,1.6,ensemble,116,Chla_ugL_mean,14.3494714561332
vera4cast,chlorocast_xgboost,2026-10-03 00:00:00,2026-09-29 00:00:00,P1D,fcre,1.6,ensemble,116,Chla_ugL_mean,14.2847165809656
vera4cast,chlorocast_xgboost,2026-10-04 00:00:00,2026-09-29 00:00:00,P1D,fcre,1.6,ensemble,116,Chla_ugL_mean,15.3158280530495
vera4cast,chlorocast_xgboost,2026-10-05 00:00:00,2026-09-29 00:00:00,P1D,fcre,1.6,ensemble,116,Chla_ugL_mean,15.737895698536
vera4cast,chlorocast_xgboost,2026-10-06 00:00:00,2026-09-29 00:00:00,P1D,fcre,1.6,ensemble,116,Chla_ugL_mean,14.9224779621139
vera4cast,chlorocast_xgboost,2026-10-07 00:00:00,2026-09-29 00:00:00,P1D,fcre,1.6,ensemble,116,Chla_ugL_mean,14.2102879469866
vera4cast,chlorocast_xgboost,2026-10-08 00:00:00,2026-09-29 00:00:00,P1D,fcre,1.6,ensemble,116,Chla_ugL_mean,13.8779515179306
vera4cast,chlorocast_xgboost,2026-10-09 00:00:00,2026-09-29 00:00:00,P1D,fcre,1.6,ensemble,116,Chla_ugL_mean,13.686941935978
vera4cast,chlorocast_xgboost,2026-10-10 00:00:00,2026-09-29 00:00:00,P1D,fcre,1.6,ensemble,116,Chla_ugL_mean,13.7322676837195
vera4cast,chlorocast_xgboost,2026-10-11 00:00:00,2026-09-29 00:00:00,P1D,fcre,1.6,ensemble,116,Chla_ugL_mean,13.3918327972524
vera4cast,chlorocast_xgboost,2026-10-12 00:00:00,2026-09-29 00:00:00,P1D,fcre,1.6,ensemble,116,Chla_ugL_mean,13.1849090679816
vera4cast,chlorocast_xgboost,2026-10-13 00:00:00,2026-09-29 00:00:00,P1D,fcre,1.6,ensemble,116,Chla_ugL_mean,13.3240732135257
vera4cast,chlorocast_xgboost,2026-10-14 00:00:00,2026-09-29 00:00:00,P1D,fcre,1.6,ensemble,116,Chla_ugL_mean,13.2091500903774
vera4cast,chlorocast_xgboost,2026-10-15 00:00:00,2026-09-29 00:00:00,P1D,fcre,1.6,ensemble,116,Chla_ugL_mean,13.1874953949921
vera4cast,chlorocast_xgboost,2026-10-16 00:00:00,2026-09-29 00:00:00,P1D,fcre,1.6,ensemble,116,Chla_ugL_mean,12.9133137085902
vera4cast,chlorocast_xgboost,2026-10-17 00:00:00,2026-09-29 00:00:00,P1D,fcre,1.6,ensemble,116,Chla_ugL_mean,13.1557559181323
vera4cast,chlorocast_xgboost,2026-10-18 00:00:00,2026-09-29 00:00:00,P1D,fcre,1.6,ensemble,116,Chla_ugL_mean,13.2096987423234
vera4cast,chlorocast_xgboost,2026-10-19 00:00:00,2026-09-29 00:00:00,P1D,fcre,1.6,ensemble,116,Chla_ugL_mean,12.7959044694757
vera4cast,chlorocast_xgboost,2026-10-20 00:00:00,2026-09-29 00:00:00,P1D,fcre,1.6,ensemble,116,Chla_ugL_mean,12.3764264844133
vera4cast,chlorocast_xgboost,2026-10-21 00:00:00,2026-09-29 00:00:00,P1D,fcre,1.6,ensemble,116,Chla_ugL_mean,12.6747854394084
vera4cast,chlorocast_xgboost,2026-10-22 00:00:00,2026-09-29 00:00:00,P1D,fcre,1.6,ensemble,116,Chla_ugL_mean,12.5940587193477
vera4cast,chlorocast_xgboost,2026-10-23 00:00:00,2026-09-29 00:00:00,P1D,fcre,1.6,ensemble,116,Chla_ugL_mean,12.2653708170309
vera4cast,chlorocast_xgboost,2026-10-24 00:00:00,2026-09-29 00:00:00,P1D,fcre,1.6,ensemble,116,Chla_ugL_mean,12.6856514154105
vera4cast,chlorocast_xgboost,2026-10-25 00:00:00,2026-09-29 00:00:00,P1D,fcre,1.6,ensemble,116,Chla_ugL_mean,12.7732488910478
vera4cast,chlorocast_xgboost,2026-10-26 00:00:00,2026-09-29 00:00:00,P1D,fcre,1.6,ensemble,116,Chla_ugL_mean,12.8001961452988
vera4cast,chlorocast_xgboost,2026-10-27 00:00:00,2026-09-29 00:00:00,P1D,fcre,1.6,ensemble,116,Chla_ugL_mean,12.7037409920986
vera4cast,chlorocast_xgboost,2026-10-28 00:00:00,2026-09-29 00:00:00,P1D,fcre,1.6,ensemble,116,Chla_ugL_mean,12.3091721911536
vera4cast,chlorocast_xgboost,2026-10-29 00:00:00,2026-09-29 00:00:00,P1D,fcre,1.6,ensemble,116,Chla_ugL_mean,12.2468903996754
vera4cast,chlorocast_xgboost,2026-10-30 00:00:00,2026-09-29 00:00:00,P1D,fcre,1.6,ensemble,116,Chla_ugL_mean,12.4419977640412
vera4cast,chlorocast_xgboost,2026-10-31 00:00:00,2026-09-29 00:00:00,P1D,fcre,1.6,ensemble,116,Chla_ugL_mean,13.0014027855182
vera4cast,chlorocast_xgboost,2026-11-01 00:00:00,2026-09-29 00:00:00,P1D,fcre,1.6,ensemble,116,Chla_ugL_mean,12.2155894758003
vera4cast,chlorocast_xgboost,2026-11-02 00:00:00,2026-09-29 00:00:00,P1D,fcre,1.6,ensemble,116,Chla_ugL_mean,12.7606140350348
vera4cast,chlorocast_xgboost,2026-11-03 00:00:00,2026-09-29 00:00:00,P1D,fcre,1.6,ensemble,116,Chla_ugL_mean,12.7607178442199
vera4cast,chlorocast_xgboost,2026-09-30 00:00:00,2026-09-29 00:00:00,P1D,fcre,1.6,ensemble,117,Chla_ugL_mean,13.7238085911514
vera4cast,chlorocast_xgboost,2026-10-01 00:00:00,2026-09-29 00:00:00,P1D,fcre,1.6,ensemble,117,Chla_ugL_mean,14.174516693855
vera4cast,chlorocast_xgboost,2026-10-02 00:00:00,2026-09-29 00:00:00,P1D,fcre,1.6,ensemble,117,Chla_ugL_mean,14.3925161698274
vera4cast,chlorocast_xgboost,2026-10-03 00:00:00,2026-09-29 00:00:00,P1D,fcre,1.6,ensemble,117,Chla_ugL_mean,14.3251913418118
vera4cast,chlorocast_xgboost,2026-10-04 00:00:00,2026-09-29 00:00:00,P1D,fcre,1.6,ensemble,117,Chla_ugL_mean,15.400526322713
vera4cast,chlorocast_xgboost,2026-10-05 00:00:00,2026-09-29 00:00:00,P1D,fcre,1.6,ensemble,117,Chla_ugL_mean,15.8616546012965
vera4cast,chlorocast_xgboost,2026-10-06 00:00:00,2026-09-29 00:00:00,P1D,fcre,1.6,ensemble,117,Chla_ugL_mean,15.0317764714325
vera4cast,chlorocast_xgboost,2026-10-07 00:00:00,2026-09-29 00:00:00,P1D,fcre,1.6,ensemble,117,Chla_ugL_mean,14.3046821149966
vera4cast,chlorocast_xgboost,2026-10-08 00:00:00,2026-09-29 00:00:00,P1D,fcre,1.6,ensemble,117,Chla_ugL_mean,13.9486107554724
vera4cast,chlorocast_xgboost,2026-10-09 00:00:00,2026-09-29 00:00:00,P1D,fcre,1.6,ensemble,117,Chla_ugL_mean,13.7514568900369
vera4cast,chlorocast_xgboost,2026-10-10 00:00:00,2026-09-29 00:00:00,P1D,fcre,1.6,ensemble,117,Chla_ugL_mean,13.7901798706263
vera4cast,chlorocast_xgboost,2026-10-11 00:00:00,2026-09-29 00:00:00,P1D,fcre,1.6,ensemble,117,Chla_ugL_mean,13.4364365482448
vera4cast,chlorocast_xgboost,2026-10-12 00:00:00,2026-09-29 00:00:00,P1D,fcre,1.6,ensemble,117,Chla_ugL_mean,13.2396342107007
vera4cast,chlorocast_xgboost,2026-10-13 00:00:00,2026-09-29 00:00:00,P1D,fcre,1.6,ensemble,117,Chla_ugL_mean,13.3865166778829
vera4cast,chlorocast_xgboost,2026-10-14 00:00:00,2026-09-29 00:00:00,P1D,fcre,1.6,ensemble,117,Chla_ugL_mean,13.2558357477879
vera4cast,chlorocast_xgboost,2026-10-15 00:00:00,2026-09-29 00:00:00,P1D,fcre,1.6,ensemble,117,Chla_ugL_mean,13.2380362227568
vera4cast,chlorocast_xgboost,2026-10-16 00:00:00,2026-09-29 00:00:00,P1D,fcre,1.6,ensemble,117,Chla_ugL_mean,12.9697792303188
vera4cast,chlorocast_xgboost,2026-10-17 00:00:00,2026-09-29 00:00:00,P1D,fcre,1.6,ensemble,117,Chla_ugL_mean,13.2114696161659
vera4cast,chlorocast_xgboost,2026-10-18 00:00:00,2026-09-29 00:00:00,P1D,fcre,1.6,ensemble,117,Chla_ugL_mean,13.2785286953116
vera4cast,chlorocast_xgboost,2026-10-19 00:00:00,2026-09-29 00:00:00,P1D,fcre,1.6,ensemble,117,Chla_ugL_mean,12.8462720894639
vera4cast,chlorocast_xgboost,2026-10-20 00:00:00,2026-09-29 00:00:00,P1D,fcre,1.6,ensemble,117,Chla_ugL_mean,12.4191367730548
vera4cast,chlorocast_xgboost,2026-10-21 00:00:00,2026-09-29 00:00:00,P1D,fcre,1.6,ensemble,117,Chla_ugL_mean,12.7309295273002
vera4cast,chlorocast_xgboost,2026-10-22 00:00:00,2026-09-29 00:00:00,P1D,fcre,1.6,ensemble,117,Chla_ugL_mean,12.6576259489081
vera4cast,chlorocast_xgboost,2026-10-23 00:00:00,2026-09-29 00:00:00,P1D,fcre,1.6,ensemble,117,Chla_ugL_mean,12.3171030585975
vera4cast,chlorocast_xgboost,2026-10-24 00:00:00,2026-09-29 00:00:00,P1D,fcre,1.6,ensemble,117,Chla_ugL_mean,12.745547395921
vera4cast,chlorocast_xgboost,2026-10-25 00:00:00,2026-09-29 00:00:00,P1D,fcre,1.6,ensemble,117,Chla_ugL_mean,12.8216891773995
vera4cast,chlorocast_xgboost,2026-10-26 00:00:00,2026-09-29 00:00:00,P1D,fcre,1.6,ensemble,117,Chla_ugL_mean,12.8763438330965
vera4cast,chlorocast_xgboost,2026-10-27 00:00:00,2026-09-29 00:00:00,P1D,fcre,1.6,ensemble,117,Chla_ugL_mean,12.7613331455786
vera4cast,chlorocast_xgboost,2026-10-28 00:00:00,2026-09-29 00:00:00,P1D,fcre,1.6,ensemble,117,Chla_ugL_mean,12.3661618996232
vera4cast,chlorocast_xgboost,2026-10-29 00:00:00,2026-09-29 00:00:00,P1D,fcre,1.6,ensemble,117,Chla_ugL_mean,12.3017960315636
vera4cast,chlorocast_xgboost,2026-10-30 00:00:00,2026-09-29 00:00:00,P1D,fcre,1.6,ensemble,117,Chla_ugL_mean,12.4851733761466
vera4cast,chlorocast_xgboost,2026-10-31 00:00:00,2026-09-29 00:00:00,P1D,fcre,1.6,ensemble,117,Chla_ugL_mean,13.0559495704404
vera4cast,chlorocast_xgboost,2026-11-01 00:00:00,2026-09-29 00:00:00,P1D,fcre,1.6,ensemble,117,Chla_ugL_mean,12.2568659916669
vera4cast,chlorocast_xgboost,2026-11-02 00:00:00,2026-09-29 00:00:00,P1D,fcre,1.6,ensemble,117,Chla_ugL_mean,12.8117483709008
vera4cast,chlorocast_xgboost,2026-11-03 00:00:00,2026-09-29 00:00:00,P1D,fcre,1.6,ensemble,117,Chla_ugL_mean,12.8127809089026
vera4cast,chlorocast_xgboost,2026-09-30 00:00:00,2026-09-29 00:00:00,P1D,fcre,1.6,ensemble,118,Chla_ugL_mean,13.7919732045719
vera4cast,chlorocast_xgboost,2026-10-01 00:00:00,2026-09-29 00:00:00,P1D,fcre,1.6,ensemble,118,Chla_ugL_mean,14.236005686046
vera4cast,chlorocast_xgboost,2026-10-02 00:00:00,2026-09-29 00:00:00,P1D,fcre,1.6,ensemble,118,Chla_ugL_mean,14.4356815943476
vera4cast,chlorocast_xgboost,2026-10-03 00:00:00,2026-09-29 00:00:00,P1D,fcre,1.6,ensemble,118,Chla_ugL_mean,14.3657732820262
vera4cast,chlorocast_xgboost,2026-10-04 00:00:00,2026-09-29 00:00:00,P1D,fcre,1.6,ensemble,118,Chla_ugL_mean,15.485664275662
vera4cast,chlorocast_xgboost,2026-10-05 00:00:00,2026-09-29 00:00:00,P1D,fcre,1.6,ensemble,118,Chla_ugL_mean,15.9863285692652
vera4cast,chlorocast_xgboost,2026-10-06 00:00:00,2026-09-29 00:00:00,P1D,fcre,1.6,ensemble,118,Chla_ugL_mean,15.1418252511655
vera4cast,chlorocast_xgboost,2026-10-07 00:00:00,2026-09-29 00:00:00,P1D,fcre,1.6,ensemble,118,Chla_ugL_mean,14.3996620877583
vera4cast,chlorocast_xgboost,2026-10-08 00:00:00,2026-09-29 00:00:00,P1D,fcre,1.6,ensemble,118,Chla_ugL_mean,14.0196055719979
vera4cast,chlorocast_xgboost,2026-10-09 00:00:00,2026-09-29 00:00:00,P1D,fcre,1.6,ensemble,118,Chla_ugL_mean,13.8162552372837
vera4cast,chlorocast_xgboost,2026-10-10 00:00:00,2026-09-29 00:00:00,P1D,fcre,1.6,ensemble,118,Chla_ugL_mean,13.8483197089351
vera4cast,chlorocast_xgboost,2026-10-11 00:00:00,2026-09-29 00:00:00,P1D,fcre,1.6,ensemble,118,Chla_ugL_mean,13.4811785369884
vera4cast,chlorocast_xgboost,2026-10-12 00:00:00,2026-09-29 00:00:00,P1D,fcre,1.6,ensemble,118,Chla_ugL_mean,13.2945704821081
vera4cast,chlorocast_xgboost,2026-10-13 00:00:00,2026-09-29 00:00:00,P1D,fcre,1.6,ensemble,118,Chla_ugL_mean,13.4492323543535
vera4cast,chlorocast_xgboost,2026-10-14 00:00:00,2026-09-29 00:00:00,P1D,fcre,1.6,ensemble,118,Chla_ugL_mean,13.3026747958372
vera4cast,chlorocast_xgboost,2026-10-15 00:00:00,2026-09-29 00:00:00,P1D,fcre,1.6,ensemble,118,Chla_ugL_mean,13.2887570946518
vera4cast,chlorocast_xgboost,2026-10-16 00:00:00,2026-09-29 00:00:00,P1D,fcre,1.6,ensemble,118,Chla_ugL_mean,13.0264739106225
vera4cast,chlorocast_xgboost,2026-10-17 00:00:00,2026-09-29 00:00:00,P1D,fcre,1.6,ensemble,118,Chla_ugL_mean,13.2674025901015
vera4cast,chlorocast_xgboost,2026-10-18 00:00:00,2026-09-29 00:00:00,P1D,fcre,1.6,ensemble,118,Chla_ugL_mean,13.3476920517388
vera4cast,chlorocast_xgboost,2026-10-19 00:00:00,2026-09-29 00:00:00,P1D,fcre,1.6,ensemble,118,Chla_ugL_mean,12.8968235971521
vera4cast,chlorocast_xgboost,2026-10-20 00:00:00,2026-09-29 00:00:00,P1D,fcre,1.6,ensemble,118,Chla_ugL_mean,12.4619834336009
vera4cast,chlorocast_xgboost,2026-10-21 00:00:00,2026-09-29 00:00:00,P1D,fcre,1.6,ensemble,118,Chla_ugL_mean,12.7873041240083
vera4cast,chlorocast_xgboost,2026-10-22 00:00:00,2026-09-29 00:00:00,P1D,fcre,1.6,ensemble,118,Chla_ugL_mean,12.7214904254319
vera4cast,chlorocast_xgboost,2026-10-23 00:00:00,2026-09-29 00:00:00,P1D,fcre,1.6,ensemble,118,Chla_ugL_mean,12.3690370453587
vera4cast,chlorocast_xgboost,2026-10-24 00:00:00,2026-09-29 00:00:00,P1D,fcre,1.6,ensemble,118,Chla_ugL_mean,12.8057055143723
vera4cast,chlorocast_xgboost,2026-10-25 00:00:00,2026-09-29 00:00:00,P1D,fcre,1.6,ensemble,118,Chla_ugL_mean,12.8702998274294
vera4cast,chlorocast_xgboost,2026-10-26 00:00:00,2026-09-29 00:00:00,P1D,fcre,1.6,ensemble,118,Chla_ugL_mean,12.9529116939335
vera4cast,chlorocast_xgboost,2026-10-27 00:00:00,2026-09-29 00:00:00,P1D,fcre,1.6,ensemble,118,Chla_ugL_mean,12.8191673392537
vera4cast,chlorocast_xgboost,2026-10-28 00:00:00,2026-09-29 00:00:00,P1D,fcre,1.6,ensemble,118,Chla_ugL_mean,12.4233956373101
vera4cast,chlorocast_xgboost,2026-10-29 00:00:00,2026-09-29 00:00:00,P1D,fcre,1.6,ensemble,118,Chla_ugL_mean,12.3569292359856
vera4cast,chlorocast_xgboost,2026-10-30 00:00:00,2026-09-29 00:00:00,P1D,fcre,1.6,ensemble,118,Chla_ugL_mean,12.528487668046
vera4cast,chlorocast_xgboost,2026-10-31 00:00:00,2026-09-29 00:00:00,P1D,fcre,1.6,ensemble,118,Chla_ugL_mean,13.1107088591946
vera4cast,chlorocast_xgboost,2026-11-01 00:00:00,2026-09-29 00:00:00,P1D,fcre,1.6,ensemble,118,Chla_ugL_mean,12.298271427304
vera4cast,chlorocast_xgboost,2026-11-02 00:00:00,2026-09-29 00:00:00,P1D,fcre,1.6,ensemble,118,Chla_ugL_mean,12.8630727215653
vera4cast,chlorocast_xgboost,2026-11-03 00:00:00,2026-09-29 00:00:00,P1D,fcre,1.6,ensemble,118,Chla_ugL_mean,12.8650409518778
vera4cast,chlorocast_xgboost,2026-09-30 00:00:00,2026-09-29 00:00:00,P1D,fcre,1.6,ensemble,119,Chla_ugL_mean,13.8604533895033
vera4cast,chlorocast_xgboost,2026-10-01 00:00:00,2026-09-29 00:00:00,P1D,fcre,1.6,ensemble,119,Chla_ugL_mean,14.2977438391321
vera4cast,chlorocast_xgboost,2026-10-02 00:00:00,2026-09-29 00:00:00,P1D,fcre,1.6,ensemble,119,Chla_ugL_mean,14.4789680682045
vera4cast,chlorocast_xgboost,2026-10-03 00:00:00,2026-09-29 00:00:00,P1D,fcre,1.6,ensemble,119,Chla_ugL_mean,14.4064626854256
vera4cast,chlorocast_xgboost,2026-10-04 00:00:00,2026-09-29 00:00:00,P1D,fcre,1.6,ensemble,119,Chla_ugL_mean,15.5712441943681
vera4cast,chlorocast_xgboost,2026-10-05 00:00:00,2026-09-29 00:00:00,P1D,fcre,1.6,ensemble,119,Chla_ugL_mean,16.1119243683743
vera4cast,chlorocast_xgboost,2026-10-06 00:00:00,2026-09-29 00:00:00,P1D,fcre,1.6,ensemble,119,Chla_ugL_mean,15.252629451481
vera4cast,chlorocast_xgboost,2026-10-07 00:00:00,2026-09-29 00:00:00,P1D,fcre,1.6,ensemble,119,Chla_ugL_mean,14.4952315007422
vera4cast,chlorocast_xgboost,2026-10-08 00:00:00,2026-09-29 00:00:00,P1D,fcre,1.6,ensemble,119,Chla_ugL_mean,14.0909375612585
vera4cast,chlorocast_xgboost,2026-10-09 00:00:00,2026-09-29 00:00:00,P1D,fcre,1.6,ensemble,119,Chla_ugL_mean,13.8813382225725
vera4cast,chlorocast_xgboost,2026-10-10 00:00:00,2026-09-29 00:00:00,P1D,fcre,1.6,ensemble,119,Chla_ugL_mean,13.906688093538
vera4cast,chlorocast_xgboost,2026-10-11 00:00:00,2026-09-29 00:00:00,P1D,fcre,1.6,ensemble,119,Chla_ugL_mean,13.5260591919153
vera4cast,chlorocast_xgboost,2026-10-12 00:00:00,2026-09-29 00:00:00,P1D,fcre,1.6,ensemble,119,Chla_ugL_mean,13.3497186967347
vera4cast,chlorocast_xgboost,2026-10-13 00:00:00,2026-09-29 00:00:00,P1D,fcre,1.6,ensemble,119,Chla_ugL_mean,13.5122214296018
vera4cast,chlorocast_xgboost,2026-10-14 00:00:00,2026-09-29 00:00:00,P1D,fcre,1.6,ensemble,119,Chla_ugL_mean,13.3496677385062
vera4cast,chlorocast_xgboost,2026-10-15 00:00:00,2026-09-29 00:00:00,P1D,fcre,1.6,ensemble,119,Chla_ugL_mean,13.3396586520575
vera4cast,chlorocast_xgboost,2026-10-16 00:00:00,2026-09-29 00:00:00,P1D,fcre,1.6,ensemble,119,Chla_ugL_mean,13.0833986795139
vera4cast,chlorocast_xgboost,2026-10-17 00:00:00,2026-09-29 00:00:00,P1D,fcre,1.6,ensemble,119,Chla_ugL_mean,13.3235557029572
vera4cast,chlorocast_xgboost,2026-10-18 00:00:00,2026-09-29 00:00:00,P1D,fcre,1.6,ensemble,119,Chla_ugL_mean,13.4171904265684
vera4cast,chlorocast_xgboost,2026-10-19 00:00:00,2026-09-29 00:00:00,P1D,fcre,1.6,ensemble,119,Chla_ugL_mean,12.9475596638981
vera4cast,chlorocast_xgboost,2026-10-20 00:00:00,2026-09-29 00:00:00,P1D,fcre,1.6,ensemble,119,Chla_ugL_mean,12.5049669014806
vera4cast,chlorocast_xgboost,2026-10-21 00:00:00,2026-09-29 00:00:00,P1D,fcre,1.6,ensemble,119,Chla_ugL_mean,12.8439101759247
vera4cast,chlorocast_xgboost,2026-10-22 00:00:00,2026-09-29 00:00:00,P1D,fcre,1.6,ensemble,119,Chla_ugL_mean,12.7856535388767
vera4cast,chlorocast_xgboost,2026-10-23 00:00:00,2026-09-29 00:00:00,P1D,fcre,1.6,ensemble,119,Chla_ugL_mean,12.4211735640797
vera4cast,chlorocast_xgboost,2026-10-24 00:00:00,2026-09-29 00:00:00,P1D,fcre,1.6,ensemble,119,Chla_ugL_mean,12.8661269180252
vera4cast,chlorocast_xgboost,2026-10-25 00:00:00,2026-09-29 00:00:00,P1D,fcre,1.6,ensemble,119,Chla_ugL_mean,12.9190814403037
vera4cast,chlorocast_xgboost,2026-10-26 00:00:00,2026-09-29 00:00:00,P1D,fcre,1.6,ensemble,119,Chla_ugL_mean,13.0299020462699
vera4cast,chlorocast_xgboost,2026-10-27 00:00:00,2026-09-29 00:00:00,P1D,fcre,1.6,ensemble,119,Chla_ugL_mean,12.8772445903363
vera4cast,chlorocast_xgboost,2026-10-28 00:00:00,2026-09-29 00:00:00,P1D,fcre,1.6,ensemble,119,Chla_ugL_mean,12.4808744491442
vera4cast,chlorocast_xgboost,2026-10-29 00:00:00,2026-09-29 00:00:00,P1D,fcre,1.6,ensemble,119,Chla_ugL_mean,12.4122909561827
vera4cast,chlorocast_xgboost,2026-10-30 00:00:00,2026-09-29 00:00:00,P1D,fcre,1.6,ensemble,119,Chla_ugL_mean,12.5719410851779
vera4cast,chlorocast_xgboost,2026-10-31 00:00:00,2026-09-29 00:00:00,P1D,fcre,1.6,ensemble,119,Chla_ugL_mean,13.1656814796551
vera4cast,chlorocast_xgboost,2026-11-01 00:00:00,2026-09-29 00:00:00,P1D,fcre,1.6,ensemble,119,Chla_ugL_mean,12.3398061853693
vera4cast,chlorocast_xgboost,2026-11-02 00:00:00,2026-09-29 00:00:00,P1D,fcre,1.6,ensemble,119,Chla_ugL_mean,12.914587793122
vera4cast,chlorocast_xgboost,2026-11-03 00:00:00,2026-09-29 00:00:00,P1D,fcre,1.6,ensemble,119,Chla_ugL_mean,12.9174987184041
vera4cast,chlorocast_xgboost,2026-09-30 00:00:00,2026-09-29 00:00:00,P1D,fcre,1.6,ensemble,120,Chla_ugL_mean,13.9262536860719
vera4cast,chlorocast_xgboost,2026-10-01 00:00:00,2026-09-29 00:00:00,P1D,fcre,1.6,ensemble,120,Chla_ugL_mean,14.3610655067556
vera4cast,chlorocast_xgboost,2026-10-02 00:00:00,2026-09-29 00:00:00,P1D,fcre,1.6,ensemble,120,Chla_ugL_mean,14.5279436289285
vera4cast,chlorocast_xgboost,2026-10-03 00:00:00,2026-09-29 00:00:00,P1D,fcre,1.6,ensemble,120,Chla_ugL_mean,14.4525136433251
vera4cast,chlorocast_xgboost,2026-10-04 00:00:00,2026-09-29 00:00:00,P1D,fcre,1.6,ensemble,120,Chla_ugL_mean,15.6575494655936
vera4cast,chlorocast_xgboost,2026-10-05 00:00:00,2026-09-29 00:00:00,P1D,fcre,1.6,ensemble,120,Chla_ugL_mean,16.2328173552707
vera4cast,chlorocast_xgboost,2026-10-06 00:00:00,2026-09-29 00:00:00,P1D,fcre,1.6,ensemble,120,Chla_ugL_mean,15.3625320660675
vera4cast,chlorocast_xgboost,2026-10-07 00:00:00,2026-09-29 00:00:00,P1D,fcre,1.6,ensemble,120,Chla_ugL_mean,14.5901886206932
vera4cast,chlorocast_xgboost,2026-10-08 00:00:00,2026-09-29 00:00:00,P1D,fcre,1.6,ensemble,120,Chla_ugL_mean,14.1630797338656
vera4cast,chlorocast_xgboost,2026-10-09 00:00:00,2026-09-29 00:00:00,P1D,fcre,1.6,ensemble,120,Chla_ugL_mean,13.9504129599709
vera4cast,chlorocast_xgboost,2026-10-10 00:00:00,2026-09-29 00:00:00,P1D,fcre,1.6,ensemble,120,Chla_ugL_mean,13.9653294268929
vera4cast,chlorocast_xgboost,2026-10-11 00:00:00,2026-09-29 00:00:00,P1D,fcre,1.6,ensemble,120,Chla_ugL_mean,13.5713618531396
vera4cast,chlorocast_xgboost,2026-10-12 00:00:00,2026-09-29 00:00:00,P1D,fcre,1.6,ensemble,120,Chla_ugL_mean,13.4039497673
vera4cast,chlorocast_xgboost,2026-10-13 00:00:00,2026-09-29 00:00:00,P1D,fcre,1.6,ensemble,120,Chla_ugL_mean,13.576656430115
vera4cast,chlorocast_xgboost,2026-10-14 00:00:00,2026-09-29 00:00:00,P1D,fcre,1.6,ensemble,120,Chla_ugL_mean,13.3978664285994
vera4cast,chlorocast_xgboost,2026-10-15 00:00:00,2026-09-29 00:00:00,P1D,fcre,1.6,ensemble,120,Chla_ugL_mean,13.3926032901819
vera4cast,chlorocast_xgboost,2026-10-16 00:00:00,2026-09-29 00:00:00,P1D,fcre,1.6,ensemble,120,Chla_ugL_mean,13.1445164304917
vera4cast,chlorocast_xgboost,2026-10-17 00:00:00,2026-09-29 00:00:00,P1D,fcre,1.6,ensemble,120,Chla_ugL_mean,13.3827222437242
vera4cast,chlorocast_xgboost,2026-10-18 00:00:00,2026-09-29 00:00:00,P1D,fcre,1.6,ensemble,120,Chla_ugL_mean,13.4883285613821
vera4cast,chlorocast_xgboost,2026-10-19 00:00:00,2026-09-29 00:00:00,P1D,fcre,1.6,ensemble,120,Chla_ugL_mean,12.9989958844054
vera4cast,chlorocast_xgboost,2026-10-20 00:00:00,2026-09-29 00:00:00,P1D,fcre,1.6,ensemble,120,Chla_ugL_mean,12.5505937773061
vera4cast,chlorocast_xgboost,2026-10-21 00:00:00,2026-09-29 00:00:00,P1D,fcre,1.6,ensemble,120,Chla_ugL_mean,12.9006222694956
vera4cast,chlorocast_xgboost,2026-10-22 00:00:00,2026-09-29 00:00:00,P1D,fcre,1.6,ensemble,120,Chla_ugL_mean,12.8491852525507
vera4cast,chlorocast_xgboost,2026-10-23 00:00:00,2026-09-29 00:00:00,P1D,fcre,1.6,ensemble,120,Chla_ugL_mean,12.4765239717719
vera4cast,chlorocast_xgboost,2026-10-24 00:00:00,2026-09-29 00:00:00,P1D,fcre,1.6,ensemble,120,Chla_ugL_mean,12.9272997229175
vera4cast,chlorocast_xgboost,2026-10-25 00:00:00,2026-09-29 00:00:00,P1D,fcre,1.6,ensemble,120,Chla_ugL_mean,12.9694640923366
vera4cast,chlorocast_xgboost,2026-10-26 00:00:00,2026-09-29 00:00:00,P1D,fcre,1.6,ensemble,120,Chla_ugL_mean,13.1061627329679
vera4cast,chlorocast_xgboost,2026-10-27 00:00:00,2026-09-29 00:00:00,P1D,fcre,1.6,ensemble,120,Chla_ugL_mean,12.9390170451671
vera4cast,chlorocast_xgboost,2026-10-28 00:00:00,2026-09-29 00:00:00,P1D,fcre,1.6,ensemble,120,Chla_ugL_mean,12.5400351067209
vera4cast,chlorocast_xgboost,2026-10-29 00:00:00,2026-09-29 00:00:00,P1D,fcre,1.6,ensemble,120,Chla_ugL_mean,12.4695191051462
vera4cast,chlorocast_xgboost,2026-10-30 00:00:00,2026-09-29 00:00:00,P1D,fcre,1.6,ensemble,120,Chla_ugL_mean,12.6169065139997
vera4cast,chlorocast_xgboost,2026-10-31 00:00:00,2026-09-29 00:00:00,P1D,fcre,1.6,ensemble,120,Chla_ugL_mean,13.2201072286683
vera4cast,chlorocast_xgboost,2026-11-01 00:00:00,2026-09-29 00:00:00,P1D,fcre,1.6,ensemble,120,Chla_ugL_mean,12.3874026989227
vera4cast,chlorocast_xgboost,2026-11-02 00:00:00,2026-09-29 00:00:00,P1D,fcre,1.6,ensemble,120,Chla_ugL_mean,12.9661596373712
vera4cast,chlorocast_xgboost,2026-11-03 00:00:00,2026-09-29 00:00:00,P1D,fcre,1.6,ensemble,120,Chla_ugL_mean,12.9723667610319
vera4cast,chlorocast_xgboost,2026-09-30 00:00:00,2026-09-29 00:00:00,P1D,fcre,1.6,ensemble,121,Chla_ugL_mean,13.9652807985491
vera4cast,chlorocast_xgboost,2026-10-01 00:00:00,2026-09-29 00:00:00,P1D,fcre,1.6,ensemble,121,Chla_ugL_mean,14.4367042797474
vera4cast,chlorocast_xgboost,2026-10-02 00:00:00,2026-09-29 00:00:00,P1D,fcre,1.6,ensemble,121,Chla_ugL_mean,14.6274322161563
vera4cast,chlorocast_xgboost,2026-10-03 00:00:00,2026-09-29 00:00:00,P1D,fcre,1.6,ensemble,121,Chla_ugL_mean,14.5462085706116
vera4cast,chlorocast_xgboost,2026-10-04 00:00:00,2026-09-29 00:00:00,P1D,fcre,1.6,ensemble,121,Chla_ugL_mean,15.7468474485549
vera4cast,chlorocast_xgboost,2026-10-05 00:00:00,2026-09-29 00:00:00,P1D,fcre,1.6,ensemble,121,Chla_ugL_mean,16.3036065278077
vera4cast,chlorocast_xgboost,2026-10-06 00:00:00,2026-09-29 00:00:00,P1D,fcre,1.6,ensemble,121,Chla_ugL_mean,15.4581246185772
vera4cast,chlorocast_xgboost,2026-10-07 00:00:00,2026-09-29 00:00:00,P1D,fcre,1.6,ensemble,121,Chla_ugL_mean,14.6748168676581
vera4cast,chlorocast_xgboost,2026-10-08 00:00:00,2026-09-29 00:00:00,P1D,fcre,1.6,ensemble,121,Chla_ugL_mean,14.2398304103591
vera4cast,chlorocast_xgboost,2026-10-09 00:00:00,2026-09-29 00:00:00,P1D,fcre,1.6,ensemble,121,Chla_ugL_mean,14.0533574756365
vera4cast,chlorocast_xgboost,2026-10-10 00:00:00,2026-09-29 00:00:00,P1D,fcre,1.6,ensemble,121,Chla_ugL_mean,14.0245945314557
vera4cast,chlorocast_xgboost,2026-10-11 00:00:00,2026-09-29 00:00:00,P1D,fcre,1.6,ensemble,121,Chla_ugL_mean,13.6193601825318
vera4cast,chlorocast_xgboost,2026-10-12 00:00:00,2026-09-29 00:00:00,P1D,fcre,1.6,ensemble,121,Chla_ugL_mean,13.4481822164625
vera4cast,chlorocast_xgboost,2026-10-13 00:00:00,2026-09-29 00:00:00,P1D,fcre,1.6,ensemble,121,Chla_ugL_mean,13.6519705998958
vera4cast,chlorocast_xgboost,2026-10-14 00:00:00,2026-09-29 00:00:00,P1D,fcre,1.6,ensemble,121,Chla_ugL_mean,13.45572438567
vera4cast,chlorocast_xgboost,2026-10-15 00:00:00,2026-09-29 00:00:00,P1D,fcre,1.6,ensemble,121,Chla_ugL_mean,13.4625719211659
vera4cast,chlorocast_xgboost,2026-10-16 00:00:00,2026-09-29 00:00:00,P1D,fcre,1.6,ensemble,121,Chla_ugL_mean,13.2417620030192
vera4cast,chlorocast_xgboost,2026-10-17 00:00:00,2026-09-29 00:00:00,P1D,fcre,1.6,ensemble,121,Chla_ugL_mean,13.4673933152734
vera4cast,chlorocast_xgboost,2026-10-18 00:00:00,2026-09-29 00:00:00,P1D,fcre,1.6,ensemble,121,Chla_ugL_mean,13.5716089506138
vera4cast,chlorocast_xgboost,2026-10-19 00:00:00,2026-09-29 00:00:00,P1D,fcre,1.6,ensemble,121,Chla_ugL_mean,13.0552740270042
vera4cast,chlorocast_xgboost,2026-10-20 00:00:00,2026-09-29 00:00:00,P1D,fcre,1.6,ensemble,121,Chla_ugL_mean,12.6190274257715
vera4cast,chlorocast_xgboost,2026-10-21 00:00:00,2026-09-29 00:00:00,P1D,fcre,1.6,ensemble,121,Chla_ugL_mean,12.9564248048026
vera4cast,chlorocast_xgboost,2026-10-22 00:00:00,2026-09-29 00:00:00,P1D,fcre,1.6,ensemble,121,Chla_ugL_mean,12.9045910545877
vera4cast,chlorocast_xgboost,2026-10-23 00:00:00,2026-09-29 00:00:00,P1D,fcre,1.6,ensemble,121,Chla_ugL_mean,12.5593399125666
vera4cast,chlorocast_xgboost,2026-10-24 00:00:00,2026-09-29 00:00:00,P1D,fcre,1.6,ensemble,121,Chla_ugL_mean,12.993145180565
vera4cast,chlorocast_xgboost,2026-10-25 00:00:00,2026-09-29 00:00:00,P1D,fcre,1.6,ensemble,121,Chla_ugL_mean,13.0329475658662
vera4cast,chlorocast_xgboost,2026-10-26 00:00:00,2026-09-29 00:00:00,P1D,fcre,1.6,ensemble,121,Chla_ugL_mean,13.1723953412581
vera4cast,chlorocast_xgboost,2026-10-27 00:00:00,2026-09-29 00:00:00,P1D,fcre,1.6,ensemble,121,Chla_ugL_mean,13.0323015105744
vera4cast,chlorocast_xgboost,2026-10-28 00:00:00,2026-09-29 00:00:00,P1D,fcre,1.6,ensemble,121,Chla_ugL_mean,12.6124404791259
vera4cast,chlorocast_xgboost,2026-10-29 00:00:00,2026-09-29 00:00:00,P1D,fcre,1.6,ensemble,121,Chla_ugL_mean,12.5417959869468
vera4cast,chlorocast_xgboost,2026-10-30 00:00:00,2026-09-29 00:00:00,P1D,fcre,1.6,ensemble,121,Chla_ugL_mean,12.6744200459776
vera4cast,chlorocast_xgboost,2026-10-31 00:00:00,2026-09-29 00:00:00,P1D,fcre,1.6,ensemble,121,Chla_ugL_mean,13.2678683016162
vera4cast,chlorocast_xgboost,2026-11-01 00:00:00,2026-09-29 00:00:00,P1D,fcre,1.6,ensemble,121,Chla_ugL_mean,12.4888666873679
vera4cast,chlorocast_xgboost,2026-11-02 00:00:00,2026-09-29 00:00:00,P1D,fcre,1.6,ensemble,121,Chla_ugL_mean,13.0167062777725
vera4cast,chlorocast_xgboost,2026-11-03 00:00:00,2026-09-29 00:00:00,P1D,fcre,1.6,ensemble,121,Chla_ugL_mean,13.047451659345
vera4cast,chlorocast_xgboost,2026-09-30 00:00:00,2026-09-29 00:00:00,P1D,fcre,1.6,ensemble,122,Chla_ugL_mean,14.0044099537452
vera4cast,chlorocast_xgboost,2026-10-01 00:00:00,2026-09-29 00:00:00,P1D,fcre,1.6,ensemble,122,Chla_ugL_mean,14.5127155024223
vera4cast,chlorocast_xgboost,2026-10-02 00:00:00,2026-09-29 00:00:00,P1D,fcre,1.6,ensemble,122,Chla_ugL_mean,14.7275582335053
vera4cast,chlorocast_xgboost,2026-10-03 00:00:00,2026-09-29 00:00:00,P1D,fcre,1.6,ensemble,122,Chla_ugL_mean,14.6404716086665
vera4cast,chlorocast_xgboost,2026-10-04 00:00:00,2026-09-29 00:00:00,P1D,fcre,1.6,ensemble,122,Chla_ugL_mean,15.8366241411715
vera4cast,chlorocast_xgboost,2026-10-05 00:00:00,2026-09-29 00:00:00,P1D,fcre,1.6,ensemble,122,Chla_ugL_mean,16.3746864889514
vera4cast,chlorocast_xgboost,2026-10-06 00:00:00,2026-09-29 00:00:00,P1D,fcre,1.6,ensemble,122,Chla_ugL_mean,15.5542756382029
vera4cast,chlorocast_xgboost,2026-10-07 00:00:00,2026-09-29 00:00:00,P1D,fcre,1.6,ensemble,122,Chla_ugL_mean,14.7599045022776
vera4cast,chlorocast_xgboost,2026-10-08 00:00:00,2026-09-29 00:00:00,P1D,fcre,1.6,ensemble,122,Chla_ugL_mean,14.3169695743134
vera4cast,chlorocast_xgboost,2026-10-09 00:00:00,2026-09-29 00:00:00,P1D,fcre,1.6,ensemble,122,Chla_ugL_mean,14.1570108395015
vera4cast,chlorocast_xgboost,2026-10-10 00:00:00,2026-09-29 00:00:00,P1D,fcre,1.6,ensemble,122,Chla_ugL_mean,14.084094335337
vera4cast,chlorocast_xgboost,2026-10-11 00:00:00,2026-09-29 00:00:00,P1D,fcre,1.6,ensemble,122,Chla_ugL_mean,13.6675166192889
vera4cast,chlorocast_xgboost,2026-10-12 00:00:00,2026-09-29 00:00:00,P1D,fcre,1.6,ensemble,122,Chla_ugL_mean,13.4925504970873
vera4cast,chlorocast_xgboost,2026-10-13 00:00:00,2026-09-29 00:00:00,P1D,fcre,1.6,ensemble,122,Chla_ugL_mean,13.7276739003526
vera4cast,chlorocast_xgboost,2026-10-14 00:00:00,2026-09-29 00:00:00,P1D,fcre,1.6,ensemble,122,Chla_ugL_mean,13.5138148454668
vera4cast,chlorocast_xgboost,2026-10-15 00:00:00,2026-09-29 00:00:00,P1D,fcre,1.6,ensemble,122,Chla_ugL_mean,13.5328806997397
vera4cast,chlorocast_xgboost,2026-10-16 00:00:00,2026-09-29 00:00:00,P1D,fcre,1.6,ensemble,122,Chla_ugL_mean,13.3396761527599
vera4cast,chlorocast_xgboost,2026-10-17 00:00:00,2026-09-29 00:00:00,P1D,fcre,1.6,ensemble,122,Chla_ugL_mean,13.5525628453366
vera4cast,chlorocast_xgboost,2026-10-18 00:00:00,2026-09-29 00:00:00,P1D,fcre,1.6,ensemble,122,Chla_ugL_mean,13.6553680440108
vera4cast,chlorocast_xgboost,2026-10-19 00:00:00,2026-09-29 00:00:00,P1D,fcre,1.6,ensemble,122,Chla_ugL_mean,13.1117784164967
vera4cast,chlorocast_xgboost,2026-10-20 00:00:00,2026-09-29 00:00:00,P1D,fcre,1.6,ensemble,122,Chla_ugL_mean,12.6878066800694
vera4cast,chlorocast_xgboost,2026-10-21 00:00:00,2026-09-29 00:00:00,P1D,fcre,1.6,ensemble,122,Chla_ugL_mean,13.0124513533146
vera4cast,chlorocast_xgboost,2026-10-22 00:00:00,2026-09-29 00:00:00,P1D,fcre,1.6,ensemble,122,Chla_ugL_mean,12.9602185160829
vera4cast,chlorocast_xgboost,2026-10-23 00:00:00,2026-09-29 00:00:00,P1D,fcre,1.6,ensemble,122,Chla_ugL_mean,12.6426647739156
vera4cast,chlorocast_xgboost,2026-10-24 00:00:00,2026-09-29 00:00:00,P1D,fcre,1.6,ensemble,122,Chla_ugL_mean,13.0593019422254
vera4cast,chlorocast_xgboost,2026-10-25 00:00:00,2026-09-29 00:00:00,P1D,fcre,1.6,ensemble,122,Chla_ugL_mean,13.0967195366055
vera4cast,chlorocast_xgboost,2026-10-26 00:00:00,2026-09-29 00:00:00,P1D,fcre,1.6,ensemble,122,Chla_ugL_mean,13.2389389312437
vera4cast,chlorocast_xgboost,2026-10-27 00:00:00,2026-09-29 00:00:00,P1D,fcre,1.6,ensemble,122,Chla_ugL_mean,13.1262102661636
vera4cast,chlorocast_xgboost,2026-10-28 00:00:00,2026-09-29 00:00:00,P1D,fcre,1.6,ensemble,122,Chla_ugL_mean,12.6852330394453
vera4cast,chlorocast_xgboost,2026-10-29 00:00:00,2026-09-29 00:00:00,P1D,fcre,1.6,ensemble,122,Chla_ugL_mean,12.6144607035025
vera4cast,chlorocast_xgboost,2026-10-30 00:00:00,2026-09-29 00:00:00,P1D,fcre,1.6,ensemble,122,Chla_ugL_mean,12.7321764970324
vera4cast,chlorocast_xgboost,2026-10-31 00:00:00,2026-09-29 00:00:00,P1D,fcre,1.6,ensemble,122,Chla_ugL_mean,13.3157897896757
vera4cast,chlorocast_xgboost,2026-11-01 00:00:00,2026-09-29 00:00:00,P1D,fcre,1.6,ensemble,122,Chla_ugL_mean,12.5910996779251
vera4cast,chlorocast_xgboost,2026-11-02 00:00:00,2026-09-29 00:00:00,P1D,fcre,1.6,ensemble,122,Chla_ugL_mean,13.0674358577165
vera4cast,chlorocast_xgboost,2026-11-03 00:00:00,2026-09-29 00:00:00,P1D,fcre,1.6,ensemble,122,Chla_ugL_mean,13.1229400499262
vera4cast,chlorocast_xgboost,2026-09-30 00:00:00,2026-09-29 00:00:00,P1D,fcre,1.6,ensemble,123,Chla_ugL_mean,14.0436414184673
vera4cast,chlorocast_xgboost,2026-10-01 00:00:00,2026-09-29 00:00:00,P1D,fcre,1.6,ensemble,123,Chla_ugL_mean,14.589101008744
vera4cast,chlorocast_xgboost,2026-10-02 00:00:00,2026-09-29 00:00:00,P1D,fcre,1.6,ensemble,123,Chla_ugL_mean,14.8283257650334
vera4cast,chlorocast_xgboost,2026-10-03 00:00:00,2026-09-29 00:00:00,P1D,fcre,1.6,ensemble,123,Chla_ugL_mean,14.7353062021783
vera4cast,chlorocast_xgboost,2026-10-04 00:00:00,2026-09-29 00:00:00,P1D,fcre,1.6,ensemble,123,Chla_ugL_mean,15.9268821097154
vera4cast,chlorocast_xgboost,2026-10-05 00:00:00,2026-09-29 00:00:00,P1D,fcre,1.6,ensemble,123,Chla_ugL_mean,16.4460584332066
vera4cast,chlorocast_xgboost,2026-10-06 00:00:00,2026-09-29 00:00:00,P1D,fcre,1.6,ensemble,123,Chla_ugL_mean,15.6509883875998
vera4cast,chlorocast_xgboost,2026-10-07 00:00:00,2026-09-29 00:00:00,P1D,fcre,1.6,ensemble,123,Chla_ugL_mean,14.8454540182464
vera4cast,chlorocast_xgboost,2026-10-08 00:00:00,2026-09-29 00:00:00,P1D,fcre,1.6,ensemble,123,Chla_ugL_mean,14.394499192128
vera4cast,chlorocast_xgboost,2026-10-09 00:00:00,2026-09-29 00:00:00,P1D,fcre,1.6,ensemble,123,Chla_ugL_mean,14.2613779325035
vera4cast,chlorocast_xgboost,2026-10-10 00:00:00,2026-09-29 00:00:00,P1D,fcre,1.6,ensemble,123,Chla_ugL_mean,14.1438297679839
vera4cast,chlorocast_xgboost,2026-10-11 00:00:00,2026-09-29 00:00:00,P1D,fcre,1.6,ensemble,123,Chla_ugL_mean,13.7158316842193
vera4cast,chlorocast_xgboost,2026-10-12 00:00:00,2026-09-29 00:00:00,P1D,fcre,1.6,ensemble,123,Chla_ugL_mean,13.5370550262931
vera4cast,chlorocast_xgboost,2026-10-13 00:00:00,2026-09-29 00:00:00,P1D,fcre,1.6,ensemble,123,Chla_ugL_mean,13.8037683420324
vera4cast,chlorocast_xgboost,2026-10-14 00:00:00,2026-09-29 00:00:00,P1D,fcre,1.6,ensemble,123,Chla_ugL_mean,13.5721387423041
vera4cast,chlorocast_xgboost,2026-10-15 00:00:00,2026-09-29 00:00:00,P1D,fcre,1.6,ensemble,123,Chla_ugL_mean,13.6035312795071
vera4cast,chlorocast_xgboost,2026-10-16 00:00:00,2026-09-29 00:00:00,P1D,fcre,1.6,ensemble,123,Chla_ugL_mean,13.4382634762776
vera4cast,chlorocast_xgboost,2026-10-17 00:00:00,2026-09-29 00:00:00,P1D,fcre,1.6,ensemble,123,Chla_ugL_mean,13.6382337683386
vera4cast,chlorocast_xgboost,2026-10-18 00:00:00,2026-09-29 00:00:00,P1D,fcre,1.6,ensemble,123,Chla_ugL_mean,13.7396085932134
vera4cast,chlorocast_xgboost,2026-10-19 00:00:00,2026-09-29 00:00:00,P1D,fcre,1.6,ensemble,123,Chla_ugL_mean,13.1685099624306
vera4cast,chlorocast_xgboost,2026-10-20 00:00:00,2026-09-29 00:00:00,P1D,fcre,1.6,ensemble,123,Chla_ugL_mean,12.7569332855895
vera4cast,chlorocast_xgboost,2026-10-21 00:00:00,2026-09-29 00:00:00,P1D,fcre,1.6,ensemble,123,Chla_ugL_mean,13.0687028143084
vera4cast,chlorocast_xgboost,2026-10-22 00:00:00,2026-09-29 00:00:00,P1D,fcre,1.6,ensemble,123,Chla_ugL_mean,13.0160685238192
vera4cast,chlorocast_xgboost,2026-10-23 00:00:00,2026-09-29 00:00:00,P1D,fcre,1.6,ensemble,123,Chla_ugL_mean,12.7265016832378
vera4cast,chlorocast_xgboost,2026-10-24 00:00:00,2026-09-29 00:00:00,P1D,fcre,1.6,ensemble,123,Chla_ugL_mean,13.1257714796812
vera4cast,chlorocast_xgboost,2026-10-25 00:00:00,2026-09-29 00:00:00,P1D,fcre,1.6,ensemble,123,Chla_ugL_mean,13.1607813156144
vera4cast,chlorocast_xgboost,2026-10-26 00:00:00,2026-09-29 00:00:00,P1D,fcre,1.6,ensemble,123,Chla_ugL_mean,13.3057949630757
vera4cast,chlorocast_xgboost,2026-10-27 00:00:00,2026-09-29 00:00:00,P1D,fcre,1.6,ensemble,123,Chla_ugL_mean,13.220747489889
vera4cast,chlorocast_xgboost,2026-10-28 00:00:00,2026-09-29 00:00:00,P1D,fcre,1.6,ensemble,123,Chla_ugL_mean,12.7584148581673
vera4cast,chlorocast_xgboost,2026-10-29 00:00:00,2026-09-29 00:00:00,P1D,fcre,1.6,ensemble,123,Chla_ugL_mean,12.6875153359185
vera4cast,chlorocast_xgboost,2026-10-30 00:00:00,2026-09-29 00:00:00,P1D,fcre,1.6,ensemble,123,Chla_ugL_mean,12.790176893178
vera4cast,chlorocast_xgboost,2026-10-31 00:00:00,2026-09-29 00:00:00,P1D,fcre,1.6,ensemble,123,Chla_ugL_mean,13.3638722316331
vera4cast,chlorocast_xgboost,2026-11-01 00:00:00,2026-09-29 00:00:00,P1D,fcre,1.6,ensemble,123,Chla_ugL_mean,12.6941074989111
vera4cast,chlorocast_xgboost,2026-11-02 00:00:00,2026-09-29 00:00:00,P1D,fcre,1.6,ensemble,123,Chla_ugL_mean,13.1183490393019
vera4cast,chlorocast_xgboost,2026-11-03 00:00:00,2026-09-29 00:00:00,P1D,fcre,1.6,ensemble,123,Chla_ugL_mean,13.1988341010678
vera4cast,chlorocast_xgboost,2026-09-30 00:00:00,2026-09-29 00:00:00,P1D,fcre,1.6,ensemble,124,Chla_ugL_mean,14.0829754602204
vera4cast,chlorocast_xgboost,2026-10-01 00:00:00,2026-09-29 00:00:00,P1D,fcre,1.6,ensemble,124,Chla_ugL_mean,14.6658626417067
vera4cast,chlorocast_xgboost,2026-10-02 00:00:00,2026-09-29 00:00:00,P1D,fcre,1.6,ensemble,124,Chla_ugL_mean,14.9297389209654
vera4cast,chlorocast_xgboost,2026-10-03 00:00:00,2026-09-29 00:00:00,P1D,fcre,1.6,ensemble,124,Chla_ugL_mean,14.8307158167222
vera4cast,chlorocast_xgboost,2026-10-04 00:00:00,2026-09-29 00:00:00,P1D,fcre,1.6,ensemble,124,Chla_ugL_mean,16.0176239342163
vera4cast,chlorocast_xgboost,2026-10-05 00:00:00,2026-09-29 00:00:00,P1D,fcre,1.6,ensemble,124,Chla_ugL_mean,16.5177235599852
vera4cast,chlorocast_xgboost,2026-10-06 00:00:00,2026-09-29 00:00:00,P1D,fcre,1.6,ensemble,124,Chla_ugL_mean,15.7482661484838
vera4cast,chlorocast_xgboost,2026-10-07 00:00:00,2026-09-29 00:00:00,P1D,fcre,1.6,ensemble,124,Chla_ugL_mean,14.9314679227958
vera4cast,chlorocast_xgboost,2026-10-08 00:00:00,2026-09-29 00:00:00,P1D,fcre,1.6,ensemble,124,Chla_ugL_mean,14.4724212401561
vera4cast,chlorocast_xgboost,2026-10-09 00:00:00,2026-09-29 00:00:00,P1D,fcre,1.6,ensemble,124,Chla_ugL_mean,14.366463669189
vera4cast,chlorocast_xgboost,2026-10-10 00:00:00,2026-09-29 00:00:00,P1D,fcre,1.6,ensemble,124,Chla_ugL_mean,14.203801762524
vera4cast,chlorocast_xgboost,2026-10-11 00:00:00,2026-09-29 00:00:00,P1D,fcre,1.6,ensemble,124,Chla_ugL_mean,13.7643058998471
vera4cast,chlorocast_xgboost,2026-10-12 00:00:00,2026-09-29 00:00:00,P1D,fcre,1.6,ensemble,124,Chla_ugL_mean,13.5816962224797
vera4cast,chlorocast_xgboost,2026-10-13 00:00:00,2026-09-29 00:00:00,P1D,fcre,1.6,ensemble,124,Chla_ugL_mean,13.8802559458704
vera4cast,chlorocast_xgboost,2026-10-14 00:00:00,2026-09-29 00:00:00,P1D,fcre,1.6,ensemble,124,Chla_ugL_mean,13.6306970142508
vera4cast,chlorocast_xgboost,2026-10-15 00:00:00,2026-09-29 00:00:00,P1D,fcre,1.6,ensemble,124,Chla_ugL_mean,13.6745253221106
vera4cast,chlorocast_xgboost,2026-10-16 00:00:00,2026-09-29 00:00:00,P1D,fcre,1.6,ensemble,124,Chla_ugL_mean,13.5375286017383
vera4cast,chlorocast_xgboost,2026-10-17 00:00:00,2026-09-29 00:00:00,P1D,fcre,1.6,ensemble,124,Chla_ugL_mean,13.7244090359791
vera4cast,chlorocast_xgboost,2026-10-18 00:00:00,2026-09-29 00:00:00,P1D,fcre,1.6,ensemble,124,Chla_ugL_mean,13.8243333656786
vera4cast,chlorocast_xgboost,2026-10-19 00:00:00,2026-09-29 00:00:00,P1D,fcre,1.6,ensemble,124,Chla_ugL_mean,13.2254695780103
vera4cast,chlorocast_xgboost,2026-10-20 00:00:00,2026-09-29 00:00:00,P1D,fcre,1.6,ensemble,124,Chla_ugL_mean,12.8264089965363
vera4cast,chlorocast_xgboost,2026-10-21 00:00:00,2026-09-29 00:00:00,P1D,fcre,1.6,ensemble,124,Chla_ugL_mean,13.1251800906704
vera4cast,chlorocast_xgboost,2026-10-22 00:00:00,2026-09-29 00:00:00,P1D,fcre,1.6,ensemble,124,Chla_ugL_mean,13.072141968127
vera4cast,chlorocast_xgboost,2026-10-23 00:00:00,2026-09-29 00:00:00,P1D,fcre,1.6,ensemble,124,Chla_ugL_mean,12.8108537871704
vera4cast,chlorocast_xgboost,2026-10-24 00:00:00,2026-09-29 00:00:00,P1D,fcre,1.6,ensemble,124,Chla_ugL_mean,13.192555271673
vera4cast,chlorocast_xgboost,2026-10-25 00:00:00,2026-09-29 00:00:00,P1D,fcre,1.6,ensemble,124,Chla_ugL_mean,13.2251342199109
vera4cast,chlorocast_xgboost,2026-10-26 00:00:00,2026-09-29 00:00:00,P1D,fcre,1.6,ensemble,124,Chla_ugL_mean,13.372964903761
vera4cast,chlorocast_xgboost,2026-10-27 00:00:00,2026-09-29 00:00:00,P1D,fcre,1.6,ensemble,124,Chla_ugL_mean,13.315917387665
vera4cast,chlorocast_xgboost,2026-10-28 00:00:00,2026-09-29 00:00:00,P1D,fcre,1.6,ensemble,124,Chla_ugL_mean,12.8319880168524
vera4cast,chlorocast_xgboost,2026-10-29 00:00:00,2026-09-29 00:00:00,P1D,fcre,1.6,ensemble,124,Chla_ugL_mean,12.7609619764672
vera4cast,chlorocast_xgboost,2026-10-30 00:00:00,2026-09-29 00:00:00,P1D,fcre,1.6,ensemble,124,Chla_ugL_mean,12.8484222647615
vera4cast,chlorocast_xgboost,2026-10-31 00:00:00,2026-09-29 00:00:00,P1D,fcre,1.6,ensemble,124,Chla_ugL_mean,13.4121161680843
vera4cast,chlorocast_xgboost,2026-11-01 00:00:00,2026-09-29 00:00:00,P1D,fcre,1.6,ensemble,124,Chla_ugL_mean,12.7978960228156
vera4cast,chlorocast_xgboost,2026-11-02 00:00:00,2026-09-29 00:00:00,P1D,fcre,1.6,ensemble,124,Chla_ugL_mean,13.1694464870241
vera4cast,chlorocast_xgboost,2026-11-03 00:00:00,2026-09-29 00:00:00,P1D,fcre,1.6,ensemble,124,Chla_ugL_mean,13.2751359927142
vera4cast,chlorocast_xgboost,2026-09-30 00:00:00,2026-09-29 00:00:00,P1D,fcre,1.6,ensemble,125,Chla_ugL_mean,14.1224123472088
vera4cast,chlorocast_xgboost,2026-10-01 00:00:00,2026-09-29 00:00:00,P1D,fcre,1.6,ensemble,125,Chla_ugL_mean,14.7430022533799
vera4cast,chlorocast_xgboost,2026-10-02 00:00:00,2026-09-29 00:00:00,P1D,fcre,1.6,ensemble,125,Chla_ugL_mean,15.0318018378607
vera4cast,chlorocast_xgboost,2026-10-03 00:00:00,2026-09-29 00:00:00,P1D,fcre,1.6,ensemble,125,Chla_ugL_mean,14.9267039388865
vera4cast,chlorocast_xgboost,2026-10-04 00:00:00,2026-09-29 00:00:00,P1D,fcre,1.6,ensemble,125,Chla_ugL_mean,16.1088522085348
vera4cast,chlorocast_xgboost,2026-10-05 00:00:00,2026-09-29 00:00:00,P1D,fcre,1.6,ensemble,125,Chla_ugL_mean,16.5896830736258
vera4cast,chlorocast_xgboost,2026-10-06 00:00:00,2026-09-29 00:00:00,P1D,fcre,1.6,ensemble,125,Chla_ugL_mean,15.8461122217431
vera4cast,chlorocast_xgboost,2026-10-07 00:00:00,2026-09-29 00:00:00,P1D,fcre,1.6,ensemble,125,Chla_ugL_mean,15.0179487367671
vera4cast,chlorocast_xgboost,2026-10-08 00:00:00,2026-09-29 00:00:00,P1D,fcre,1.6,ensemble,125,Chla_ugL_mean,14.5507377047542
vera4cast,chlorocast_xgboost,2026-10-09 00:00:00,2026-09-29 00:00:00,P1D,fcre,1.6,ensemble,125,Chla_ugL_mean,14.472272997945
vera4cast,chlorocast_xgboost,2026-10-10 00:00:00,2026-09-29 00:00:00,P1D,fcre,1.6,ensemble,125,Chla_ugL_mean,14.2640112557803
vera4cast,chlorocast_xgboost,2026-10-11 00:00:00,2026-09-29 00:00:00,P1D,fcre,1.6,ensemble,125,Chla_ugL_mean,13.8129397904176
vera4cast,chlorocast_xgboost,2026-10-12 00:00:00,2026-09-29 00:00:00,P1D,fcre,1.6,ensemble,125,Chla_ugL_mean,13.6264745053316
vera4cast,chlorocast_xgboost,2026-10-13 00:00:00,2026-09-29 00:00:00,P1D,fcre,1.6,ensemble,125,Chla_ugL_mean,13.9571387432432
vera4cast,chlorocast_xgboost,2026-10-14 00:00:00,2026-09-29 00:00:00,P1D,fcre,1.6,ensemble,125,Chla_ugL_mean,13.6894906031454
vera4cast,chlorocast_xgboost,2026-10-15 00:00:00,2026-09-29 00:00:00,P1D,fcre,1.6,ensemble,125,Chla_ugL_mean,13.7458644972707
vera4cast,chlorocast_xgboost,2026-10-16 00:00:00,2026-09-29 00:00:00,P1D,fcre,1.6,ensemble,125,Chla_ugL_mean,13.6374761891273
vera4cast,chlorocast_xgboost,2026-10-17 00:00:00,2026-09-29 00:00:00,P1D,fcre,1.6,ensemble,125,Chla_ugL_mean,13.8110916173345
vera4cast,chlorocast_xgboost,2026-10-18 00:00:00,2026-09-29 00:00:00,P1D,fcre,1.6,ensemble,125,Chla_ugL_mean,13.9095451447713
vera4cast,chlorocast_xgboost,2026-10-19 00:00:00,2026-09-29 00:00:00,P1D,fcre,1.6,ensemble,125,Chla_ugL_mean,13.2826581801112
vera4cast,chlorocast_xgboost,2026-10-20 00:00:00,2026-09-29 00:00:00,P1D,fcre,1.6,ensemble,125,Chla_ugL_mean,12.8962355759732
vera4cast,chlorocast_xgboost,2026-10-21 00:00:00,2026-09-29 00:00:00,P1D,fcre,1.6,ensemble,125,Chla_ugL_mean,13.1818840889121
vera4cast,chlorocast_xgboost,2026-10-22 00:00:00,2026-09-29 00:00:00,P1D,fcre,1.6,ensemble,125,Chla_ugL_mean,13.128439742899
vera4cast,chlorocast_xgboost,2026-10-23 00:00:00,2026-09-29 00:00:00,P1D,fcre,1.6,ensemble,125,Chla_ugL_mean,12.8957242516877
vera4cast,chlorocast_xgboost,2026-10-24 00:00:00,2026-09-29 00:00:00,P1D,fcre,1.6,ensemble,125,Chla_ugL_mean,13.2596548039329
vera4cast,chlorocast_xgboost,2026-10-25 00:00:00,2026-09-29 00:00:00,P1D,fcre,1.6,ensemble,125,Chla_ugL_mean,13.2897795724983
vera4cast,chlorocast_xgboost,2026-10-26 00:00:00,2026-09-29 00:00:00,P1D,fcre,1.6,ensemble,125,Chla_ugL_mean,13.4404502271945
vera4cast,chlorocast_xgboost,2026-10-27 00:00:00,2026-09-29 00:00:00,P1D,fcre,1.6,ensemble,125,Chla_ugL_mean,13.4117241935536
vera4cast,chlorocast_xgboost,2026-10-28 00:00:00,2026-09-29 00:00:00,P1D,fcre,1.6,ensemble,125,Chla_ugL_mean,12.9059546081919
vera4cast,chlorocast_xgboost,2026-10-29 00:00:00,2026-09-29 00:00:00,P1D,fcre,1.6,ensemble,125,Chla_ugL_mean,12.8348027286479
vera4cast,chlorocast_xgboost,2026-10-30 00:00:00,2026-09-29 00:00:00,P1D,fcre,1.6,ensemble,125,Chla_ugL_mean,12.9069136464824
vera4cast,chlorocast_xgboost,2026-10-31 00:00:00,2026-09-29 00:00:00,P1D,fcre,1.6,ensemble,125,Chla_ugL_mean,13.4605221414408
vera4cast,chlorocast_xgboost,2026-11-01 00:00:00,2026-09-29 00:00:00,P1D,fcre,1.6,ensemble,125,Chla_ugL_mean,12.9024711666363
vera4cast,chlorocast_xgboost,2026-11-02 00:00:00,2026-09-29 00:00:00,P1D,fcre,1.6,ensemble,125,Chla_ugL_mean,13.2207288677832
vera4cast,chlorocast_xgboost,2026-11-03 00:00:00,2026-09-29 00:00:00,P1D,fcre,1.6,ensemble,125,Chla_ugL_mean,13.3518479165242
vera4cast,chlorocast_xgboost,2026-09-30 00:00:00,2026-09-29 00:00:00,P1D,fcre,1.6,ensemble,126,Chla_ugL_mean,14.1619523483379
vera4cast,chlorocast_xgboost,2026-10-01 00:00:00,2026-09-29 00:00:00,P1D,fcre,1.6,ensemble,126,Chla_ugL_mean,14.8205217049524
vera4cast,chlorocast_xgboost,2026-10-02 00:00:00,2026-09-29 00:00:00,P1D,fcre,1.6,ensemble,126,Chla_ugL_mean,15.1345186787819
vera4cast,chlorocast_xgboost,2026-10-03 00:00:00,2026-09-29 00:00:00,P1D,fcre,1.6,ensemble,126,Chla_ugL_mean,15.0232740764002
vera4cast,chlorocast_xgboost,2026-10-04 00:00:00,2026-09-29 00:00:00,P1D,fcre,1.6,ensemble,126,Chla_ugL_mean,16.2005695404365
vera4cast,chlorocast_xgboost,2026-10-05 00:00:00,2026-09-29 00:00:00,P1D,fcre,1.6,ensemble,126,Chla_ugL_mean,16.6619381834143
vera4cast,chlorocast_xgboost,2026-10-06 00:00:00,2026-09-29 00:00:00,P1D,fcre,1.6,ensemble,126,Chla_ugL_mean,15.9445299275504
vera4cast,chlorocast_xgboost,2026-10-07 00:00:00,2026-09-29 00:00:00,P1D,fcre,1.6,ensemble,126,Chla_ugL_mean,15.1048989946855
vera4cast,chlorocast_xgboost,2026-10-08 00:00:00,2026-09-29 00:00:00,P1D,fcre,1.6,ensemble,126,Chla_ugL_mean,14.6294505823333
vera4cast,chlorocast_xgboost,2026-10-09 00:00:00,2026-09-29 00:00:00,P1D,fcre,1.6,ensemble,126,Chla_ugL_mean,14.5788109012313
vera4cast,chlorocast_xgboost,2026-10-10 00:00:00,2026-09-29 00:00:00,P1D,fcre,1.6,ensemble,126,Chla_ugL_mean,14.3244591882859
vera4cast,chlorocast_xgboost,2026-10-11 00:00:00,2026-09-29 00:00:00,P1D,fcre,1.6,ensemble,126,Chla_ugL_mean,13.861733881903
vera4cast,chlorocast_xgboost,2026-10-12 00:00:00,2026-09-29 00:00:00,P1D,fcre,1.6,ensemble,126,Chla_ugL_mean,13.6713902958221
vera4cast,chlorocast_xgboost,2026-10-13 00:00:00,2026-09-29 00:00:00,P1D,fcre,1.6,ensemble,126,Chla_ugL_mean,14.0344187760234
vera4cast,chlorocast_xgboost,2026-10-14 00:00:00,2026-09-29 00:00:00,P1D,fcre,1.6,ensemble,126,Chla_ugL_mean,13.7485204546113
vera4cast,chlorocast_xgboost,2026-10-15 00:00:00,2026-09-29 00:00:00,P1D,fcre,1.6,ensemble,126,Chla_ugL_mean,13.817550482825
vera4cast,chlorocast_xgboost,2026-10-16 00:00:00,2026-09-29 00:00:00,P1D,fcre,1.6,ensemble,126,Chla_ugL_mean,13.7381109304679
vera4cast,chlorocast_xgboost,2026-10-17 00:00:00,2026-09-29 00:00:00,P1D,fcre,1.6,ensemble,126,Chla_ugL_mean,13.8982844989602
vera4cast,chlorocast_xgboost,2026-10-18 00:00:00,2026-09-29 00:00:00,P1D,fcre,1.6,ensemble,126,Chla_ugL_mean,13.995246729855
vera4cast,chlorocast_xgboost,2026-10-19 00:00:00,2026-09-29 00:00:00,P1D,fcre,1.6,ensemble,126,Chla_ugL_mean,13.3400766892947
vera4cast,chlorocast_xgboost,2026-10-20 00:00:00,2026-09-29 00:00:00,P1D,fcre,1.6,ensemble,126,Chla_ugL_mean,12.9664147958678
vera4cast,chlorocast_xgboost,2026-10-21 00:00:00,2026-09-29 00:00:00,P1D,fcre,1.6,ensemble,126,Chla_ugL_mean,13.2388157191836
vera4cast,chlorocast_xgboost,2026-10-22 00:00:00,2026-09-29 00:00:00,P1D,fcre,1.6,ensemble,126,Chla_ugL_mean,13.1849627456036
vera4cast,chlorocast_xgboost,2026-10-23 00:00:00,2026-09-29 00:00:00,P1D,fcre,1.6,ensemble,126,Chla_ugL_mean,12.9811162622194
vera4cast,chlorocast_xgboost,2026-10-24 00:00:00,2026-09-29 00:00:00,P1D,fcre,1.6,ensemble,126,Chla_ugL_mean,13.3270715692169
vera4cast,chlorocast_xgboost,2026-10-25 00:00:00,2026-09-29 00:00:00,P1D,fcre,1.6,ensemble,126,Chla_ugL_mean,13.3547187023917
vera4cast,chlorocast_xgboost,2026-10-26 00:00:00,2026-09-29 00:00:00,P1D,fcre,1.6,ensemble,126,Chla_ugL_mean,13.5082524141917
vera4cast,chlorocast_xgboost,2026-10-27 00:00:00,2026-09-29 00:00:00,P1D,fcre,1.6,ensemble,126,Chla_ugL_mean,13.5081721699523
vera4cast,chlorocast_xgboost,2026-10-28 00:00:00,2026-09-29 00:00:00,P1D,fcre,1.6,ensemble,126,Chla_ugL_mean,12.9803167360681
vera4cast,chlorocast_xgboost,2026-10-29 00:00:00,2026-09-29 00:00:00,P1D,fcre,1.6,ensemble,126,Chla_ugL_mean,12.9090397072474
vera4cast,chlorocast_xgboost,2026-10-30 00:00:00,2026-09-29 00:00:00,P1D,fcre,1.6,ensemble,126,Chla_ugL_mean,12.9656520774101
vera4cast,chlorocast_xgboost,2026-10-31 00:00:00,2026-09-29 00:00:00,P1D,fcre,1.6,ensemble,126,Chla_ugL_mean,13.5090906959359
vera4cast,chlorocast_xgboost,2026-11-01 00:00:00,2026-09-29 00:00:00,P1D,fcre,1.6,ensemble,126,Chla_ugL_mean,13.0078388922164
vera4cast,chlorocast_xgboost,2026-11-02 00:00:00,2026-09-29 00:00:00,P1D,fcre,1.6,ensemble,126,Chla_ugL_mean,13.272196850893
vera4cast,chlorocast_xgboost,2026-11-03 00:00:00,2026-09-29 00:00:00,P1D,fcre,1.6,ensemble,126,Chla_ugL_mean,13.4289720759346
vera4cast,chlorocast_xgboost,2026-09-30 00:00:00,2026-09-29 00:00:00,P1D,fcre,1.6,ensemble,127,Chla_ugL_mean,14.2015957332165
vera4cast,chlorocast_xgboost,2026-10-01 00:00:00,2026-09-29 00:00:00,P1D,fcre,1.6,ensemble,127,Chla_ugL_mean,14.8984228667778
vera4cast,chlorocast_xgboost,2026-10-02 00:00:00,2026-09-29 00:00:00,P1D,fcre,1.6,ensemble,127,Chla_ugL_mean,15.2378936334643
vera4cast,chlorocast_xgboost,2026-10-03 00:00:00,2026-09-29 00:00:00,P1D,fcre,1.6,ensemble,127,Chla_ugL_mean,15.1204297582609
vera4cast,chlorocast_xgboost,2026-10-04 00:00:00,2026-09-29 00:00:00,P1D,fcre,1.6,ensemble,127,Chla_ugL_mean,16.2927785516671
vera4cast,chlorocast_xgboost,2026-10-05 00:00:00,2026-09-29 00:00:00,P1D,fcre,1.6,ensemble,127,Chla_ugL_mean,16.7344901036039
vera4cast,chlorocast_xgboost,2026-10-06 00:00:00,2026-09-29 00:00:00,P1D,fcre,1.6,ensemble,127,Chla_ugL_mean,16.0435226054752
vera4cast,chlorocast_xgboost,2026-10-07 00:00:00,2026-09-29 00:00:00,P1D,fcre,1.6,ensemble,127,Chla_ugL_mean,15.1923212448345
vera4cast,chlorocast_xgboost,2026-10-08 00:00:00,2026-09-29 00:00:00,P1D,fcre,1.6,ensemble,127,Chla_ugL_mean,14.7085618794095
vera4cast,chlorocast_xgboost,2026-10-09 00:00:00,2026-09-29 00:00:00,P1D,fcre,1.6,ensemble,127,Chla_ugL_mean,14.686082395816
vera4cast,chlorocast_xgboost,2026-10-10 00:00:00,2026-09-29 00:00:00,P1D,fcre,1.6,ensemble,127,Chla_ugL_mean,14.3851465042985
vera4cast,chlorocast_xgboost,2026-10-11 00:00:00,2026-09-29 00:00:00,P1D,fcre,1.6,ensemble,127,Chla_ugL_mean,13.9106887020078
vera4cast,chlorocast_xgboost,2026-10-12 00:00:00,2026-09-29 00:00:00,P1D,fcre,1.6,ensemble,127,Chla_ugL_mean,13.7164440162174
vera4cast,chlorocast_xgboost,2026-10-13 00:00:00,2026-09-29 00:00:00,P1D,fcre,1.6,ensemble,127,Chla_ugL_mean,14.1120980966332
vera4cast,chlorocast_xgboost,2026-10-14 00:00:00,2026-09-29 00:00:00,P1D,fcre,1.6,ensemble,127,Chla_ugL_mean,13.8077875180716
vera4cast,chlorocast_xgboost,2026-10-15 00:00:00,2026-09-29 00:00:00,P1D,fcre,1.6,ensemble,127,Chla_ugL_mean,13.889584964768
vera4cast,chlorocast_xgboost,2026-10-16 00:00:00,2026-09-29 00:00:00,P1D,fcre,1.6,ensemble,127,Chla_ugL_mean,13.8394375500417
vera4cast,chlorocast_xgboost,2026-10-17 00:00:00,2026-09-29 00:00:00,P1D,fcre,1.6,ensemble,127,Chla_ugL_mean,13.9859906849934
vera4cast,chlorocast_xgboost,2026-10-18 00:00:00,2026-09-29 00:00:00,P1D,fcre,1.6,ensemble,127,Chla_ugL_mean,14.0814409363845
vera4cast,chlorocast_xgboost,2026-10-19 00:00:00,2026-09-29 00:00:00,P1D,fcre,1.6,ensemble,127,Chla_ugL_mean,13.3977260298232
vera4cast,chlorocast_xgboost,2026-10-20 00:00:00,2026-09-29 00:00:00,P1D,fcre,1.6,ensemble,127,Chla_ugL_mean,13.0369484371362
vera4cast,chlorocast_xgboost,2026-10-21 00:00:00,2026-09-29 00:00:00,P1D,fcre,1.6,ensemble,127,Chla_ugL_mean,13.2959758952891
vera4cast,chlorocast_xgboost,2026-10-22 00:00:00,2026-09-29 00:00:00,P1D,fcre,1.6,ensemble,127,Chla_ugL_mean,13.2417118773001
vera4cast,chlorocast_xgboost,2026-10-23 00:00:00,2026-09-29 00:00:00,P1D,fcre,1.6,ensemble,127,Chla_ugL_mean,13.0670330237702
vera4cast,chlorocast_xgboost,2026-10-24 00:00:00,2026-09-29 00:00:00,P1D,fcre,1.6,ensemble,127,Chla_ugL_mean,13.3948070673387
vera4cast,chlorocast_xgboost,2026-10-25 00:00:00,2026-09-29 00:00:00,P1D,fcre,1.6,ensemble,127,Chla_ugL_mean,13.4199529446465
vera4cast,chlorocast_xgboost,2026-10-26 00:00:00,2026-09-29 00:00:00,P1D,fcre,1.6,ensemble,127,Chla_ugL_mean,13.5763729525206
vera4cast,chlorocast_xgboost,2026-10-27 00:00:00,2026-09-29 00:00:00,P1D,fcre,1.6,ensemble,127,Chla_ugL_mean,13.6052656077842
vera4cast,chlorocast_xgboost,2026-10-28 00:00:00,2026-09-29 00:00:00,P1D,fcre,1.6,ensemble,127,Chla_ugL_mean,13.0550765156134
vera4cast,chlorocast_xgboost,2026-10-29 00:00:00,2026-09-29 00:00:00,P1D,fcre,1.6,ensemble,127,Chla_ugL_mean,12.9836750384002
vera4cast,chlorocast_xgboost,2026-10-30 00:00:00,2026-09-29 00:00:00,P1D,fcre,1.6,ensemble,127,Chla_ugL_mean,13.0246386010027
vera4cast,chlorocast_xgboost,2026-10-31 00:00:00,2026-09-29 00:00:00,P1D,fcre,1.6,ensemble,127,Chla_ugL_mean,13.5578223776308
vera4cast,chlorocast_xgboost,2026-11-01 00:00:00,2026-09-29 00:00:00,P1D,fcre,1.6,ensemble,127,Chla_ugL_mean,13.1140052065841
vera4cast,chlorocast_xgboost,2026-11-02 00:00:00,2026-09-29 00:00:00,P1D,fcre,1.6,ensemble,127,Chla_ugL_mean,13.3238511080897
vera4cast,chlorocast_xgboost,2026-11-03 00:00:00,2026-09-29 00:00:00,P1D,fcre,1.6,ensemble,127,Chla_ugL_mean,13.5065106862226
vera4cast,chlorocast_xgboost,2026-09-30 00:00:00,2026-09-29 00:00:00,P1D,fcre,1.6,ensemble,128,Chla_ugL_mean,14.2413427721582
vera4cast,chlorocast_xgboost,2026-10-01 00:00:00,2026-09-29 00:00:00,P1D,fcre,1.6,ensemble,128,Chla_ugL_mean,14.9767076184195
vera4cast,chlorocast_xgboost,2026-10-02 00:00:00,2026-09-29 00:00:00,P1D,fcre,1.6,ensemble,128,Chla_ugL_mean,15.3419309184876
vera4cast,chlorocast_xgboost,2026-10-03 00:00:00,2026-09-29 00:00:00,P1D,fcre,1.6,ensemble,128,Chla_ugL_mean,15.2181745348643
vera4cast,chlorocast_xgboost,2026-10-04 00:00:00,2026-09-29 00:00:00,P1D,fcre,1.6,ensemble,128,Chla_ugL_mean,16.3854818780268
vera4cast,chlorocast_xgboost,2026-10-05 00:00:00,2026-09-29 00:00:00,P1D,fcre,1.6,ensemble,128,Chla_ugL_mean,16.8073400534361
vera4cast,chlorocast_xgboost,2026-10-06 00:00:00,2026-09-29 00:00:00,P1D,fcre,1.6,ensemble,128,Chla_ugL_mean,16.1430936145975
vera4cast,chlorocast_xgboost,2026-10-07 00:00:00,2026-09-29 00:00:00,P1D,fcre,1.6,ensemble,128,Chla_ugL_mean,15.2802180493301
vera4cast,chlorocast_xgboost,2026-10-08 00:00:00,2026-09-29 00:00:00,P1D,fcre,1.6,ensemble,128,Chla_ugL_mean,14.7880736126554
vera4cast,chlorocast_xgboost,2026-10-09 00:00:00,2026-09-29 00:00:00,P1D,fcre,1.6,ensemble,128,Chla_ugL_mean,14.794092533011
vera4cast,chlorocast_xgboost,2026-10-10 00:00:00,2026-09-29 00:00:00,P1D,fcre,1.6,ensemble,128,Chla_ugL_mean,14.446074151815
vera4cast,chlorocast_xgboost,2026-10-11 00:00:00,2026-09-29 00:00:00,P1D,fcre,1.6,ensemble,128,Chla_ugL_mean,13.9598047801752
vera4cast,chlorocast_xgboost,2026-10-12 00:00:00,2026-09-29 00:00:00,P1D,fcre,1.6,ensemble,128,Chla_ugL_mean,13.7616360900802
vera4cast,chlorocast_xgboost,2026-10-13 00:00:00,2026-09-29 00:00:00,P1D,fcre,1.6,ensemble,128,Chla_ugL_mean,14.1901787680993
vera4cast,chlorocast_xgboost,2026-10-14 00:00:00,2026-09-29 00:00:00,P1D,fcre,1.6,ensemble,128,Chla_ugL_mean,13.867292746765
vera4cast,chlorocast_xgboost,2026-10-15 00:00:00,2026-09-29 00:00:00,P1D,fcre,1.6,ensemble,128,Chla_ugL_mean,13.9619696372903
vera4cast,chlorocast_xgboost,2026-10-16 00:00:00,2026-09-29 00:00:00,P1D,fcre,1.6,ensemble,128,Chla_ugL_mean,13.9414608046105
vera4cast,chlorocast_xgboost,2026-10-17 00:00:00,2026-09-29 00:00:00,P1D,fcre,1.6,ensemble,128,Chla_ugL_mean,14.0742131972565
vera4cast,chlorocast_xgboost,2026-10-18 00:00:00,2026-09-29 00:00:00,P1D,fcre,1.6,ensemble,128,Chla_ugL_mean,14.1681305959981
vera4cast,chlorocast_xgboost,2026-10-19 00:00:00,2026-09-29 00:00:00,P1D,fcre,1.6,ensemble,128,Chla_ugL_mean,13.4556071296745
vera4cast,chlorocast_xgboost,2026-10-20 00:00:00,2026-09-29 00:00:00,P1D,fcre,1.6,ensemble,128,Chla_ugL_mean,13.107838289689
vera4cast,chlorocast_xgboost,2026-10-21 00:00:00,2026-09-29 00:00:00,P1D,fcre,1.6,ensemble,128,Chla_ugL_mean,13.3533655347008
vera4cast,chlorocast_xgboost,2026-10-22 00:00:00,2026-09-29 00:00:00,P1D,fcre,1.6,ensemble,128,Chla_ugL_mean,13.2986880426522
vera4cast,chlorocast_xgboost,2026-10-23 00:00:00,2026-09-29 00:00:00,P1D,fcre,1.6,ensemble,128,Chla_ugL_mean,13.1534777610403
vera4cast,chlorocast_xgboost,2026-10-24 00:00:00,2026-09-29 00:00:00,P1D,fcre,1.6,ensemble,128,Chla_ugL_mean,13.4628628052027
vera4cast,chlorocast_xgboost,2026-10-25 00:00:00,2026-09-29 00:00:00,P1D,fcre,1.6,ensemble,128,Chla_ugL_mean,13.4854836403846
vera4cast,chlorocast_xgboost,2026-10-26 00:00:00,2026-09-29 00:00:00,P1D,fcre,1.6,ensemble,128,Chla_ugL_mean,13.6448133369351
vera4cast,chlorocast_xgboost,2026-10-27 00:00:00,2026-09-29 00:00:00,P1D,fcre,1.6,ensemble,128,Chla_ugL_mean,13.7030088266883
vera4cast,chlorocast_xgboost,2026-10-28 00:00:00,2026-09-29 00:00:00,P1D,fcre,1.6,ensemble,128,Chla_ugL_mean,13.1302360732713
vera4cast,chlorocast_xgboost,2026-10-29 00:00:00,2026-09-29 00:00:00,P1D,fcre,1.6,ensemble,128,Chla_ugL_mean,13.0587108596496
vera4cast,chlorocast_xgboost,2026-10-30 00:00:00,2026-09-29 00:00:00,P1D,fcre,1.6,ensemble,128,Chla_ugL_mean,13.0838742651257
vera4cast,chlorocast_xgboost,2026-10-31 00:00:00,2026-09-29 00:00:00,P1D,fcre,1.6,ensemble,128,Chla_ugL_mean,13.606717734421
vera4cast,chlorocast_xgboost,2026-11-01 00:00:00,2026-09-29 00:00:00,P1D,fcre,1.6,ensemble,128,Chla_ugL_mean,13.2209761622954
vera4cast,chlorocast_xgboost,2026-11-02 00:00:00,2026-09-29 00:00:00,P1D,fcre,1.6,ensemble,128,Chla_ugL_mean,13.3756923135408
vera4cast,chlorocast_xgboost,2026-11-03 00:00:00,2026-09-29 00:00:00,P1D,fcre,1.6,ensemble,128,Chla_ugL_mean,13.5844659745701
vera4cast,chlorocast_xgboost,2026-09-30 00:00:00,2026-09-29 00:00:00,P1D,fcre,1.6,ensemble,129,Chla_ugL_mean,14.2811937361832
vera4cast,chlorocast_xgboost,2026-10-01 00:00:00,2026-09-29 00:00:00,P1D,fcre,1.6,ensemble,129,Chla_ugL_mean,15.0553778486958
vera4cast,chlorocast_xgboost,2026-10-02 00:00:00,2026-09-29 00:00:00,P1D,fcre,1.6,ensemble,129,Chla_ugL_mean,15.4466347774472
vera4cast,chlorocast_xgboost,2026-10-03 00:00:00,2026-09-29 00:00:00,P1D,fcre,1.6,ensemble,129,Chla_ugL_mean,15.3165119781333
vera4cast,chlorocast_xgboost,2026-10-04 00:00:00,2026-09-29 00:00:00,P1D,fcre,1.6,ensemble,129,Chla_ugL_mean,16.4786821694457
vera4cast,chlorocast_xgboost,2026-10-05 00:00:00,2026-09-29 00:00:00,P1D,fcre,1.6,ensemble,129,Chla_ugL_mean,16.8804892571606
vera4cast,chlorocast_xgboost,2026-10-06 00:00:00,2026-09-29 00:00:00,P1D,fcre,1.6,ensemble,129,Chla_ugL_mean,16.2432463336213
vera4cast,chlorocast_xgboost,2026-10-07 00:00:00,2026-09-29 00:00:00,P1D,fcre,1.6,ensemble,129,Chla_ugL_mean,15.3685919841966
vera4cast,chlorocast_xgboost,2026-10-08 00:00:00,2026-09-29 00:00:00,P1D,fcre,1.6,ensemble,129,Chla_ugL_mean,14.8679878089512
vera4cast,chlorocast_xgboost,2026-10-09 00:00:00,2026-09-29 00:00:00,P1D,fcre,1.6,ensemble,129,Chla_ugL_mean,14.9028463989104
vera4cast,chlorocast_xgboost,2026-10-10 00:00:00,2026-09-29 00:00:00,P1D,fcre,1.6,ensemble,129,Chla_ugL_mean,14.5072430825868
vera4cast,chlorocast_xgboost,2026-10-11 00:00:00,2026-09-29 00:00:00,P1D,fcre,1.6,ensemble,129,Chla_ugL_mean,14.0090826475921
vera4cast,chlorocast_xgboost,2026-10-12 00:00:00,2026-09-29 00:00:00,P1D,fcre,1.6,ensemble,129,Chla_ugL_mean,13.8069669422742
vera4cast,chlorocast_xgboost,2026-10-13 00:00:00,2026-09-29 00:00:00,P1D,fcre,1.6,ensemble,129,Chla_ugL_mean,14.2686628641077
vera4cast,chlorocast_xgboost,2026-10-14 00:00:00,2026-09-29 00:00:00,P1D,fcre,1.6,ensemble,129,Chla_ugL_mean,13.9270370977606
vera4cast,chlorocast_xgboost,2026-10-15 00:00:00,2026-09-29 00:00:00,P1D,fcre,1.6,ensemble,129,Chla_ugL_mean,14.034706202819
vera4cast,chlorocast_xgboost,2026-10-16 00:00:00,2026-09-29 00:00:00,P1D,fcre,1.6,ensemble,129,Chla_ugL_mean,14.0441854836395
vera4cast,chlorocast_xgboost,2026-10-17 00:00:00,2026-09-29 00:00:00,P1D,fcre,1.6,ensemble,129,Chla_ugL_mean,14.1629550753616
vera4cast,chlorocast_xgboost,2026-10-18 00:00:00,2026-09-29 00:00:00,P1D,fcre,1.6,ensemble,129,Chla_ugL_mean,14.2553185566107
vera4cast,chlorocast_xgboost,2026-10-19 00:00:00,2026-09-29 00:00:00,P1D,fcre,1.6,ensemble,129,Chla_ugL_mean,13.5137209205573
vera4cast,chlorocast_xgboost,2026-10-20 00:00:00,2026-09-29 00:00:00,P1D,fcre,1.6,ensemble,129,Chla_ugL_mean,13.1790861524757
vera4cast,chlorocast_xgboost,2026-10-21 00:00:00,2026-09-29 00:00:00,P1D,fcre,1.6,ensemble,129,Chla_ugL_mean,13.4109855585743
vera4cast,chlorocast_xgboost,2026-10-22 00:00:00,2026-09-29 00:00:00,P1D,fcre,1.6,ensemble,129,Chla_ugL_mean,13.3558921499433
vera4cast,chlorocast_xgboost,2026-10-23 00:00:00,2026-09-29 00:00:00,P1D,fcre,1.6,ensemble,129,Chla_ugL_mean,13.2404537185464
vera4cast,chlorocast_xgboost,2026-10-24 00:00:00,2026-09-29 00:00:00,P1D,fcre,1.6,ensemble,129,Chla_ugL_mean,13.5312402968377
vera4cast,chlorocast_xgboost,2026-10-25 00:00:00,2026-09-29 00:00:00,P1D,fcre,1.6,ensemble,129,Chla_ugL_mean,13.551312136823
vera4cast,chlorocast_xgboost,2026-10-26 00:00:00,2026-09-29 00:00:00,P1D,fcre,1.6,ensemble,129,Chla_ugL_mean,13.7135750692071
vera4cast,chlorocast_xgboost,2026-10-27 00:00:00,2026-09-29 00:00:00,P1D,fcre,1.6,ensemble,129,Chla_ugL_mean,13.8014061752124
vera4cast,chlorocast_xgboost,2026-10-28 00:00:00,2026-09-29 00:00:00,P1D,fcre,1.6,ensemble,129,Chla_ugL_mean,13.2057975468563
vera4cast,chlorocast_xgboost,2026-10-29 00:00:00,2026-09-29 00:00:00,P1D,fcre,1.6,ensemble,129,Chla_ugL_mean,13.1341493200089
vera4cast,chlorocast_xgboost,2026-10-30 00:00:00,2026-09-29 00:00:00,P1D,fcre,1.6,ensemble,129,Chla_ugL_mean,13.1433601220703
vera4cast,chlorocast_xgboost,2026-10-31 00:00:00,2026-09-29 00:00:00,P1D,fcre,1.6,ensemble,129,Chla_ugL_mean,13.6557773160419
vera4cast,chlorocast_xgboost,2026-11-01 00:00:00,2026-09-29 00:00:00,P1D,fcre,1.6,ensemble,129,Chla_ugL_mean,13.3287578577789
vera4cast,chlorocast_xgboost,2026-11-02 00:00:00,2026-09-29 00:00:00,P1D,fcre,1.6,ensemble,129,Chla_ugL_mean,13.4277211438535
vera4cast,chlorocast_xgboost,2026-11-03 00:00:00,2026-09-29 00:00:00,P1D,fcre,1.6,ensemble,129,Chla_ugL_mean,13.6628401801274
vera4cast,chlorocast_xgboost,2026-09-30 00:00:00,2026-09-29 00:00:00,P1D,fcre,1.6,ensemble,130,Chla_ugL_mean,14.3211488970207
vera4cast,chlorocast_xgboost,2026-10-01 00:00:00,2026-09-29 00:00:00,P1D,fcre,1.6,ensemble,130,Chla_ugL_mean,15.1344354557258
vera4cast,chlorocast_xgboost,2026-10-02 00:00:00,2026-09-29 00:00:00,P1D,fcre,1.6,ensemble,130,Chla_ugL_mean,15.5520094811273
vera4cast,chlorocast_xgboost,2026-10-03 00:00:00,2026-09-29 00:00:00,P1D,fcre,1.6,ensemble,130,Chla_ugL_mean,15.415445681649
vera4cast,chlorocast_xgboost,2026-10-04 00:00:00,2026-09-29 00:00:00,P1D,fcre,1.6,ensemble,130,Chla_ugL_mean,16.57238209006
vera4cast,chlorocast_xgboost,2026-10-05 00:00:00,2026-09-29 00:00:00,P1D,fcre,1.6,ensemble,130,Chla_ugL_mean,16.953938944056
vera4cast,chlorocast_xgboost,2026-10-06 00:00:00,2026-09-29 00:00:00,P1D,fcre,1.6,ensemble,130,Chla_ugL_mean,16.3439841609898
vera4cast,chlorocast_xgboost,2026-10-07 00:00:00,2026-09-29 00:00:00,P1D,fcre,1.6,ensemble,130,Chla_ugL_mean,15.4574456394415
vera4cast,chlorocast_xgboost,2026-10-08 00:00:00,2026-09-29 00:00:00,P1D,fcre,1.6,ensemble,130,Chla_ugL_mean,14.9483065054367
vera4cast,chlorocast_xgboost,2026-10-09 00:00:00,2026-09-29 00:00:00,P1D,fcre,1.6,ensemble,130,Chla_ugL_mean,15.0123491146296
vera4cast,chlorocast_xgboost,2026-10-10 00:00:00,2026-09-29 00:00:00,P1D,fcre,1.6,ensemble,130,Chla_ugL_mean,14.5686542521344
vera4cast,chlorocast_xgboost,2026-10-11 00:00:00,2026-09-29 00:00:00,P1D,fcre,1.6,ensemble,130,Chla_ugL_mean,14.0585228371952
vera4cast,chlorocast_xgboost,2026-10-12 00:00:00,2026-09-29 00:00:00,P1D,fcre,1.6,ensemble,130,Chla_ugL_mean,13.8524369989674
vera4cast,chlorocast_xgboost,2026-10-13 00:00:00,2026-09-29 00:00:00,P1D,fcre,1.6,ensemble,130,Chla_ugL_mean,14.3475524690584
vera4cast,chlorocast_xgboost,2026-10-14 00:00:00,2026-09-29 00:00:00,P1D,fcre,1.6,ensemble,130,Chla_ugL_mean,13.9870215319735
vera4cast,chlorocast_xgboost,2026-10-15 00:00:00,2026-09-29 00:00:00,P1D,fcre,1.6,ensemble,130,Chla_ugL_mean,14.1077963720572
vera4cast,chlorocast_xgboost,2026-10-16 00:00:00,2026-09-29 00:00:00,P1D,fcre,1.6,ensemble,130,Chla_ugL_mean,14.147616409522
vera4cast,chlorocast_xgboost,2026-10-17 00:00:00,2026-09-29 00:00:00,P1D,fcre,1.6,ensemble,130,Chla_ugL_mean,14.2522193768149
vera4cast,chlorocast_xgboost,2026-10-18 00:00:00,2026-09-29 00:00:00,P1D,fcre,1.6,ensemble,130,Chla_ugL_mean,14.3430076825071
vera4cast,chlorocast_xgboost,2026-10-19 00:00:00,2026-09-29 00:00:00,P1D,fcre,1.6,ensemble,130,Chla_ugL_mean,13.5720683379256
vera4cast,chlorocast_xgboost,2026-10-20 00:00:00,2026-09-29 00:00:00,P1D,fcre,1.6,ensemble,130,Chla_ugL_mean,13.2506938335313
vera4cast,chlorocast_xgboost,2026-10-21 00:00:00,2026-09-29 00:00:00,P1D,fcre,1.6,ensemble,130,Chla_ugL_mean,13.4688368917629
vera4cast,chlorocast_xgboost,2026-10-22 00:00:00,2026-09-29 00:00:00,P1D,fcre,1.6,ensemble,130,Chla_ugL_mean,13.4133251110901
vera4cast,chlorocast_xgboost,2026-10-23 00:00:00,2026-09-29 00:00:00,P1D,fcre,1.6,ensemble,130,Chla_ugL_mean,13.3279641607431
vera4cast,chlorocast_xgboost,2026-10-24 00:00:00,2026-09-29 00:00:00,P1D,fcre,1.6,ensemble,130,Chla_ugL_mean,13.5999410634304
vera4cast,chlorocast_xgboost,2026-10-25 00:00:00,2026-09-29 00:00:00,P1D,fcre,1.6,ensemble,130,Chla_ugL_mean,13.6174397873007
vera4cast,chlorocast_xgboost,2026-10-26 00:00:00,2026-09-29 00:00:00,P1D,fcre,1.6,ensemble,130,Chla_ugL_mean,13.7826596581599
vera4cast,chlorocast_xgboost,2026-10-27 00:00:00,2026-09-29 00:00:00,P1D,fcre,1.6,ensemble,130,Chla_ugL_mean,13.9004620310061
vera4cast,chlorocast_xgboost,2026-10-28 00:00:00,2026-09-29 00:00:00,P1D,fcre,1.6,ensemble,130,Chla_ugL_mean,13.2817630856147
vera4cast,chlorocast_xgboost,2026-10-29 00:00:00,2026-09-29 00:00:00,P1D,fcre,1.6,ensemble,130,Chla_ugL_mean,13.2099925800229
vera4cast,chlorocast_xgboost,2026-10-30 00:00:00,2026-09-29 00:00:00,P1D,fcre,1.6,ensemble,130,Chla_ugL_mean,13.2030972285724
vera4cast,chlorocast_xgboost,2026-10-31 00:00:00,2026-09-29 00:00:00,P1D,fcre,1.6,ensemble,130,Chla_ugL_mean,13.7050016740754
vera4cast,chlorocast_xgboost,2026-11-01 00:00:00,2026-09-29 00:00:00,P1D,fcre,1.6,ensemble,130,Chla_ugL_mean,13.4373564376835
vera4cast,chlorocast_xgboost,2026-11-02 00:00:00,2026-09-29 00:00:00,P1D,fcre,1.6,ensemble,130,Chla_ugL_mean,13.479938278084
vera4cast,chlorocast_xgboost,2026-11-03 00:00:00,2026-09-29 00:00:00,P1D,fcre,1.6,ensemble,130,Chla_ugL_mean,13.7416355540777
vera4cast,chlorocast_xgboost,2026-09-30 00:00:00,2026-09-29 00:00:00,P1D,fcre,1.6,ensemble,131,Chla_ugL_mean,14.3612085271101
vera4cast,chlorocast_xgboost,2026-10-01 00:00:00,2026-09-29 00:00:00,P1D,fcre,1.6,ensemble,131,Chla_ugL_mean,15.213882346975
vera4cast,chlorocast_xgboost,2026-10-02 00:00:00,2026-09-29 00:00:00,P1D,fcre,1.6,ensemble,131,Chla_ugL_mean,15.6580593276756
vera4cast,chlorocast_xgboost,2026-10-03 00:00:00,2026-09-29 00:00:00,P1D,fcre,1.6,ensemble,131,Chla_ugL_mean,15.5149792607817
vera4cast,chlorocast_xgboost,2026-10-04 00:00:00,2026-09-29 00:00:00,P1D,fcre,1.6,ensemble,131,Chla_ugL_mean,16.6665843182875
vera4cast,chlorocast_xgboost,2026-10-05 00:00:00,2026-09-29 00:00:00,P1D,fcre,1.6,ensemble,131,Chla_ugL_mean,17.0276903484507
vera4cast,chlorocast_xgboost,2026-10-06 00:00:00,2026-09-29 00:00:00,P1D,fcre,1.6,ensemble,131,Chla_ugL_mean,16.4453105150004
vera4cast,chlorocast_xgboost,2026-10-07 00:00:00,2026-09-29 00:00:00,P1D,fcre,1.6,ensemble,131,Chla_ugL_mean,15.5467816191318
vera4cast,chlorocast_xgboost,2026-10-08 00:00:00,2026-09-29 00:00:00,P1D,fcre,1.6,ensemble,131,Chla_ugL_mean,15.0290317495627
vera4cast,chlorocast_xgboost,2026-10-09 00:00:00,2026-09-29 00:00:00,P1D,fcre,1.6,ensemble,131,Chla_ugL_mean,15.1226058365468
vera4cast,chlorocast_xgboost,2026-10-10 00:00:00,2026-09-29 00:00:00,P1D,fcre,1.6,ensemble,131,Chla_ugL_mean,14.630308619762
vera4cast,chlorocast_xgboost,2026-10-11 00:00:00,2026-09-29 00:00:00,P1D,fcre,1.6,ensemble,131,Chla_ugL_mean,14.1081258836768
vera4cast,chlorocast_xgboost,2026-10-12 00:00:00,2026-09-29 00:00:00,P1D,fcre,1.6,ensemble,131,Chla_ugL_mean,13.8980466876368
vera4cast,chlorocast_xgboost,2026-10-13 00:00:00,2026-09-29 00:00:00,P1D,fcre,1.6,ensemble,131,Chla_ugL_mean,14.4268496781212
vera4cast,chlorocast_xgboost,2026-10-14 00:00:00,2026-09-29 00:00:00,P1D,fcre,1.6,ensemble,131,Chla_ugL_mean,14.0472470141804
vera4cast,chlorocast_xgboost,2026-10-15 00:00:00,2026-09-29 00:00:00,P1D,fcre,1.6,ensemble,131,Chla_ugL_mean,14.1812418640244
vera4cast,chlorocast_xgboost,2026-10-16 00:00:00,2026-09-29 00:00:00,P1D,fcre,1.6,ensemble,131,Chla_ugL_mean,14.2517584378063
vera4cast,chlorocast_xgboost,2026-10-17 00:00:00,2026-09-29 00:00:00,P1D,fcre,1.6,ensemble,131,Chla_ugL_mean,14.3420091771221
vera4cast,chlorocast_xgboost,2026-10-18 00:00:00,2026-09-29 00:00:00,P1D,fcre,1.6,ensemble,131,Chla_ugL_mean,14.4312008544365
vera4cast,chlorocast_xgboost,2026-10-19 00:00:00,2026-09-29 00:00:00,P1D,fcre,1.6,ensemble,131,Chla_ugL_mean,13.6306503209944
vera4cast,chlorocast_xgboost,2026-10-20 00:00:00,2026-09-29 00:00:00,P1D,fcre,1.6,ensemble,131,Chla_ugL_mean,13.3226631500218
vera4cast,chlorocast_xgboost,2026-10-21 00:00:00,2026-09-29 00:00:00,P1D,fcre,1.6,ensemble,131,Chla_ugL_mean,13.5269204628326
vera4cast,chlorocast_xgboost,2026-10-22 00:00:00,2026-09-29 00:00:00,P1D,fcre,1.6,ensemble,131,Chla_ugL_mean,13.4709878416578
vera4cast,chlorocast_xgboost,2026-10-23 00:00:00,2026-09-29 00:00:00,P1D,fcre,1.6,ensemble,131,Chla_ugL_mean,13.4160123721462
vera4cast,chlorocast_xgboost,2026-10-24 00:00:00,2026-09-29 00:00:00,P1D,fcre,1.6,ensemble,131,Chla_ugL_mean,13.6689666333595
vera4cast,chlorocast_xgboost,2026-10-25 00:00:00,2026-09-29 00:00:00,P1D,fcre,1.6,ensemble,131,Chla_ugL_mean,13.6838679513071
vera4cast,chlorocast_xgboost,2026-10-26 00:00:00,2026-09-29 00:00:00,P1D,fcre,1.6,ensemble,131,Chla_ugL_mean,13.8520686197011
vera4cast,chlorocast_xgboost,2026-10-27 00:00:00,2026-09-29 00:00:00,P1D,fcre,1.6,ensemble,131,Chla_ugL_mean,14.0001808010155
vera4cast,chlorocast_xgboost,2026-10-28 00:00:00,2026-09-29 00:00:00,P1D,fcre,1.6,ensemble,131,Chla_ugL_mean,13.3581348502862
vera4cast,chlorocast_xgboost,2026-10-29 00:00:00,2026-09-29 00:00:00,P1D,fcre,1.6,ensemble,131,Chla_ugL_mean,13.2862428118298
vera4cast,chlorocast_xgboost,2026-10-30 00:00:00,2026-09-29 00:00:00,P1D,fcre,1.6,ensemble,131,Chla_ugL_mean,13.2630866458311
vera4cast,chlorocast_xgboost,2026-10-31 00:00:00,2026-09-29 00:00:00,P1D,fcre,1.6,ensemble,131,Chla_ugL_mean,13.7543913619561
vera4cast,chlorocast_xgboost,2026-11-01 00:00:00,2026-09-29 00:00:00,P1D,fcre,1.6,ensemble,131,Chla_ugL_mean,13.5467780932291
vera4cast,chlorocast_xgboost,2026-11-02 00:00:00,2026-09-29 00:00:00,P1D,fcre,1.6,ensemble,131,Chla_ugL_mean,13.5323443977461
vera4cast,chlorocast_xgboost,2026-11-03 00:00:00,2026-09-29 00:00:00,P1D,fcre,1.6,ensemble,131,Chla_ugL_mean,13.8208543597015
vera4cast,chlorocast_xgboost,2026-09-30 00:00:00,2026-09-29 00:00:00,P1D,fcre,1.6,ensemble,132,Chla_ugL_mean,14.4013728996032
vera4cast,chlorocast_xgboost,2026-10-01 00:00:00,2026-09-29 00:00:00,P1D,fcre,1.6,ensemble,132,Chla_ugL_mean,15.2937204393013
vera4cast,chlorocast_xgboost,2026-10-02 00:00:00,2026-09-29 00:00:00,P1D,fcre,1.6,ensemble,132,Chla_ugL_mean,15.7647886427782
vera4cast,chlorocast_xgboost,2026-10-03 00:00:00,2026-09-29 00:00:00,P1D,fcre,1.6,ensemble,132,Chla_ugL_mean,15.6151163528234
vera4cast,chlorocast_xgboost,2026-10-04 00:00:00,2026-09-29 00:00:00,P1D,fcre,1.6,ensemble,132,Chla_ugL_mean,16.7612915469046
vera4cast,chlorocast_xgboost,2026-10-05 00:00:00,2026-09-29 00:00:00,P1D,fcre,1.6,ensemble,132,Chla_ugL_mean,17.1017447097434
vera4cast,chlorocast_xgboost,2026-10-06 00:00:00,2026-09-29 00:00:00,P1D,fcre,1.6,ensemble,132,Chla_ugL_mean,16.5472288339207
vera4cast,chlorocast_xgboost,2026-10-07 00:00:00,2026-09-29 00:00:00,P1D,fcre,1.6,ensemble,132,Chla_ugL_mean,15.6366025414701
vera4cast,chlorocast_xgboost,2026-10-08 00:00:00,2026-09-29 00:00:00,P1D,fcre,1.6,ensemble,132,Chla_ugL_mean,15.1101655991439
vera4cast,chlorocast_xgboost,2026-10-09 00:00:00,2026-09-29 00:00:00,P1D,fcre,1.6,ensemble,132,Chla_ugL_mean,15.2336217565455
vera4cast,chlorocast_xgboost,2026-10-10 00:00:00,2026-09-29 00:00:00,P1D,fcre,1.6,ensemble,132,Chla_ugL_mean,14.6922071485731
vera4cast,chlorocast_xgboost,2026-10-11 00:00:00,2026-09-29 00:00:00,P1D,fcre,1.6,ensemble,132,Chla_ugL_mean,14.1578923234902
vera4cast,chlorocast_xgboost,2026-10-12 00:00:00,2026-09-29 00:00:00,P1D,fcre,1.6,ensemble,132,Chla_ugL_mean,13.9437964370721
vera4cast,chlorocast_xgboost,2026-10-13 00:00:00,2026-09-29 00:00:00,P1D,fcre,1.6,ensemble,132,Chla_ugL_mean,14.506556597291
vera4cast,chlorocast_xgboost,2026-10-14 00:00:00,2026-09-29 00:00:00,P1D,fcre,1.6,ensemble,132,Chla_ugL_mean,14.1077145130347
vera4cast,chlorocast_xgboost,2026-10-15 00:00:00,2026-09-29 00:00:00,P1D,fcre,1.6,ensemble,132,Chla_ugL_mean,14.2550444060973
vera4cast,chlorocast_xgboost,2026-10-16 00:00:00,2026-09-29 00:00:00,P1D,fcre,1.6,ensemble,132,Chla_ugL_mean,14.356616457423
vera4cast,chlorocast_xgboost,2026-10-17 00:00:00,2026-09-29 00:00:00,P1D,fcre,1.6,ensemble,132,Chla_ugL_mean,14.4323275698944
vera4cast,chlorocast_xgboost,2026-10-18 00:00:00,2026-09-29 00:00:00,P1D,fcre,1.6,ensemble,132,Chla_ugL_mean,14.5199009697069
vera4cast,chlorocast_xgboost,2026-10-19 00:00:00,2026-09-29 00:00:00,P1D,fcre,1.6,ensemble,132,Chla_ugL_mean,13.6894678127543
vera4cast,chlorocast_xgboost,2026-10-20 00:00:00,2026-09-29 00:00:00,P1D,fcre,1.6,ensemble,132,Chla_ugL_mean,13.3949959282901
vera4cast,chlorocast_xgboost,2026-10-21 00:00:00,2026-09-29 00:00:00,P1D,fcre,1.6,ensemble,132,Chla_ugL_mean,13.5852372040772
vera4cast,chlorocast_xgboost,2026-10-22 00:00:00,2026-09-29 00:00:00,P1D,fcre,1.6,ensemble,132,Chla_ugL_mean,13.5288812608744
vera4cast,chlorocast_xgboost,2026-10-23 00:00:00,2026-09-29 00:00:00,P1D,fcre,1.6,ensemble,132,Chla_ugL_mean,13.5046016574551
vera4cast,chlorocast_xgboost,2026-10-24 00:00:00,2026-09-29 00:00:00,P1D,fcre,1.6,ensemble,132,Chla_ugL_mean,13.7383185422296
vera4cast,chlorocast_xgboost,2026-10-25 00:00:00,2026-09-29 00:00:00,P1D,fcre,1.6,ensemble,132,Chla_ugL_mean,13.7505979945097
vera4cast,chlorocast_xgboost,2026-10-26 00:00:00,2026-09-29 00:00:00,P1D,fcre,1.6,ensemble,132,Chla_ugL_mean,13.9218034768562
vera4cast,chlorocast_xgboost,2026-10-27 00:00:00,2026-09-29 00:00:00,P1D,fcre,1.6,ensemble,132,Chla_ugL_mean,14.1005669216797
vera4cast,chlorocast_xgboost,2026-10-28 00:00:00,2026-09-29 00:00:00,P1D,fcre,1.6,ensemble,132,Chla_ugL_mean,13.4349150131648
vera4cast,chlorocast_xgboost,2026-10-29 00:00:00,2026-09-29 00:00:00,P1D,fcre,1.6,ensemble,132,Chla_ugL_mean,13.3629021992233
vera4cast,chlorocast_xgboost,2026-10-30 00:00:00,2026-09-29 00:00:00,P1D,fcre,1.6,ensemble,132,Chla_ugL_mean,13.3233294395277
vera4cast,chlorocast_xgboost,2026-10-31 00:00:00,2026-09-29 00:00:00,P1D,fcre,1.6,ensemble,132,Chla_ugL_mean,13.8039469349773
vera4cast,chlorocast_xgboost,2026-11-01 00:00:00,2026-09-29 00:00:00,P1D,fcre,1.6,ensemble,132,Chla_ugL_mean,13.657029062559
vera4cast,chlorocast_xgboost,2026-11-02 00:00:00,2026-09-29 00:00:00,P1D,fcre,1.6,ensemble,132,Chla_ugL_mean,13.5849401868201
vera4cast,chlorocast_xgboost,2026-11-03 00:00:00,2026-09-29 00:00:00,P1D,fcre,1.6,ensemble,132,Chla_ugL_mean,13.9004988724419
vera4cast,chlorocast_xgboost,2026-09-30 00:00:00,2026-09-29 00:00:00,P1D,fcre,1.6,ensemble,133,Chla_ugL_mean,14.4416422883659
vera4cast,chlorocast_xgboost,2026-10-01 00:00:00,2026-09-29 00:00:00,P1D,fcre,1.6,ensemble,133,Chla_ugL_mean,15.3739516590014
vera4cast,chlorocast_xgboost,2026-10-02 00:00:00,2026-09-29 00:00:00,P1D,fcre,1.6,ensemble,133,Chla_ugL_mean,15.8722017798361
vera4cast,chlorocast_xgboost,2026-10-03 00:00:00,2026-09-29 00:00:00,P1D,fcre,1.6,ensemble,133,Chla_ugL_mean,15.7158606171203
vera4cast,chlorocast_xgboost,2026-10-04 00:00:00,2026-09-29 00:00:00,P1D,fcre,1.6,ensemble,133,Chla_ugL_mean,16.8565064831233
vera4cast,chlorocast_xgboost,2026-10-05 00:00:00,2026-09-29 00:00:00,P1D,fcre,1.6,ensemble,133,Chla_ugL_mean,17.1761032724242
vera4cast,chlorocast_xgboost,2026-10-06 00:00:00,2026-09-29 00:00:00,P1D,fcre,1.6,ensemble,133,Chla_ugL_mean,16.6497425761051
vera4cast,chlorocast_xgboost,2026-10-07 00:00:00,2026-09-29 00:00:00,P1D,fcre,1.6,ensemble,133,Chla_ugL_mean,15.7269110388714
vera4cast,chlorocast_xgboost,2026-10-08 00:00:00,2026-09-29 00:00:00,P1D,fcre,1.6,ensemble,133,Chla_ugL_mean,15.1917101224109
vera4cast,chlorocast_xgboost,2026-10-09 00:00:00,2026-09-29 00:00:00,P1D,fcre,1.6,ensemble,133,Chla_ugL_mean,15.3454021022591
vera4cast,chlorocast_xgboost,2026-10-10 00:00:00,2026-09-29 00:00:00,P1D,fcre,1.6,ensemble,133,Chla_ugL_mean,14.7543508054852
vera4cast,chlorocast_xgboost,2026-10-11 00:00:00,2026-09-29 00:00:00,P1D,fcre,1.6,ensemble,133,Chla_ugL_mean,14.2078226948562
vera4cast,chlorocast_xgboost,2026-10-12 00:00:00,2026-09-29 00:00:00,P1D,fcre,1.6,ensemble,133,Chla_ugL_mean,13.9896866773796
vera4cast,chlorocast_xgboost,2026-10-13 00:00:00,2026-09-29 00:00:00,P1D,fcre,1.6,ensemble,133,Chla_ugL_mean,14.5866753434441
vera4cast,chlorocast_xgboost,2026-10-14 00:00:00,2026-09-29 00:00:00,P1D,fcre,1.6,ensemble,133,Chla_ugL_mean,14.1684250010827
vera4cast,chlorocast_xgboost,2026-10-15 00:00:00,2026-09-29 00:00:00,P1D,fcre,1.6,ensemble,133,Chla_ugL_mean,14.3292057340498
vera4cast,chlorocast_xgboost,2026-10-16 00:00:00,2026-09-29 00:00:00,P1D,fcre,1.6,ensemble,133,Chla_ugL_mean,14.4621953909147
vera4cast,chlorocast_xgboost,2026-10-17 00:00:00,2026-09-29 00:00:00,P1D,fcre,1.6,ensemble,133,Chla_ugL_mean,14.5231776669552
vera4cast,chlorocast_xgboost,2026-10-18 00:00:00,2026-09-29 00:00:00,P1D,fcre,1.6,ensemble,133,Chla_ugL_mean,14.6091109422802
vera4cast,chlorocast_xgboost,2026-10-19 00:00:00,2026-09-29 00:00:00,P1D,fcre,1.6,ensemble,133,Chla_ugL_mean,13.7485217599868
vera4cast,chlorocast_xgboost,2026-10-20 00:00:00,2026-09-29 00:00:00,P1D,fcre,1.6,ensemble,133,Chla_ugL_mean,13.4676940039027
vera4cast,chlorocast_xgboost,2026-10-21 00:00:00,2026-09-29 00:00:00,P1D,fcre,1.6,ensemble,133,Chla_ugL_mean,13.643788051533
vera4cast,chlorocast_xgboost,2026-10-22 00:00:00,2026-09-29 00:00:00,P1D,fcre,1.6,ensemble,133,Chla_ugL_mean,13.5870062916456
vera4cast,chlorocast_xgboost,2026-10-23 00:00:00,2026-09-29 00:00:00,P1D,fcre,1.6,ensemble,133,Chla_ugL_mean,13.5937353416775
vera4cast,chlorocast_xgboost,2026-10-24 00:00:00,2026-09-29 00:00:00,P1D,fcre,1.6,ensemble,133,Chla_ugL_mean,13.8079983329051
vera4cast,chlorocast_xgboost,2026-10-25 00:00:00,2026-09-29 00:00:00,P1D,fcre,1.6,ensemble,133,Chla_ugL_mean,13.8176312887822
vera4cast,chlorocast_xgboost,2026-10-26 00:00:00,2026-09-29 00:00:00,P1D,fcre,1.6,ensemble,133,Chla_ugL_mean,13.9918657598013
vera4cast,chlorocast_xgboost,2026-10-27 00:00:00,2026-09-29 00:00:00,P1D,fcre,1.6,ensemble,133,Chla_ugL_mean,14.2016248591277
vera4cast,chlorocast_xgboost,2026-10-28 00:00:00,2026-09-29 00:00:00,P1D,fcre,1.6,ensemble,133,Chla_ugL_mean,13.512105758161
vera4cast,chlorocast_xgboost,2026-10-29 00:00:00,2026-09-29 00:00:00,P1D,fcre,1.6,ensemble,133,Chla_ugL_mean,13.4399729377155
vera4cast,chlorocast_xgboost,2026-10-30 00:00:00,2026-09-29 00:00:00,P1D,fcre,1.6,ensemble,133,Chla_ugL_mean,13.3838266798446
vera4cast,chlorocast_xgboost,2026-10-31 00:00:00,2026-09-29 00:00:00,P1D,fcre,1.6,ensemble,133,Chla_ugL_mean,13.8536689502974
vera4cast,chlorocast_xgboost,2026-11-01 00:00:00,2026-09-29 00:00:00,P1D,fcre,1.6,ensemble,133,Chla_ugL_mean,13.7681156310957
vera4cast,chlorocast_xgboost,2026-11-02 00:00:00,2026-09-29 00:00:00,P1D,fcre,1.6,ensemble,133,Chla_ugL_mean,13.6377263317619
vera4cast,chlorocast_xgboost,2026-11-03 00:00:00,2026-09-29 00:00:00,P1D,fcre,1.6,ensemble,133,Chla_ugL_mean,13.9805713799695
vera4cast,chlorocast_xgboost,2026-09-30 00:00:00,2026-09-29 00:00:00,P1D,fcre,1.6,ensemble,134,Chla_ugL_mean,14.4820169679805
vera4cast,chlorocast_xgboost,2026-10-01 00:00:00,2026-09-29 00:00:00,P1D,fcre,1.6,ensemble,134,Chla_ugL_mean,15.4545779418572
vera4cast,chlorocast_xgboost,2026-10-02 00:00:00,2026-09-29 00:00:00,P1D,fcre,1.6,ensemble,134,Chla_ugL_mean,15.9803031201431
vera4cast,chlorocast_xgboost,2026-10-03 00:00:00,2026-09-29 00:00:00,P1D,fcre,1.6,ensemble,134,Chla_ugL_mean,15.8172157352068
vera4cast,chlorocast_xgboost,2026-10-04 00:00:00,2026-09-29 00:00:00,P1D,fcre,1.6,ensemble,134,Chla_ugL_mean,16.9522318486684
vera4cast,chlorocast_xgboost,2026-10-05 00:00:00,2026-09-29 00:00:00,P1D,fcre,1.6,ensemble,134,Chla_ugL_mean,17.250767286095
vera4cast,chlorocast_xgboost,2026-10-06 00:00:00,2026-09-29 00:00:00,P1D,fcre,1.6,ensemble,134,Chla_ugL_mean,16.7528552201125
vera4cast,chlorocast_xgboost,2026-10-07 00:00:00,2026-09-29 00:00:00,P1D,fcre,1.6,ensemble,134,Chla_ugL_mean,15.8177097580401
vera4cast,chlorocast_xgboost,2026-10-08 00:00:00,2026-09-29 00:00:00,P1D,fcre,1.6,ensemble,134,Chla_ugL_mean,15.273667398063
vera4cast,chlorocast_xgboost,2026-10-09 00:00:00,2026-09-29 00:00:00,P1D,fcre,1.6,ensemble,134,Chla_ugL_mean,15.4579521373172
vera4cast,chlorocast_xgboost,2026-10-10 00:00:00,2026-09-29 00:00:00,P1D,fcre,1.6,ensemble,134,Chla_ugL_mean,14.8167405612448
vera4cast,chlorocast_xgboost,2026-10-11 00:00:00,2026-09-29 00:00:00,P1D,fcre,1.6,ensemble,134,Chla_ugL_mean,14.2579175377682
vera4cast,chlorocast_xgboost,2026-10-12 00:00:00,2026-09-29 00:00:00,P1D,fcre,1.6,ensemble,134,Chla_ugL_mean,14.0357178399864
vera4cast,chlorocast_xgboost,2026-10-13 00:00:00,2026-09-29 00:00:00,P1D,fcre,1.6,ensemble,134,Chla_ugL_mean,14.6672080443939
vera4cast,chlorocast_xgboost,2026-10-14 00:00:00,2026-09-29 00:00:00,P1D,fcre,1.6,ensemble,134,Chla_ugL_mean,14.2293794547785
vera4cast,chlorocast_xgboost,2026-10-15 00:00:00,2026-09-29 00:00:00,P1D,fcre,1.6,ensemble,134,Chla_ugL_mean,14.4037275920944
vera4cast,chlorocast_xgboost,2026-10-16 00:00:00,2026-09-29 00:00:00,P1D,fcre,1.6,ensemble,134,Chla_ugL_mean,14.5685001946676
vera4cast,chlorocast_xgboost,2026-10-17 00:00:00,2026-09-29 00:00:00,P1D,fcre,1.6,ensemble,134,Chla_ugL_mean,14.614562598447
vera4cast,chlorocast_xgboost,2026-10-18 00:00:00,2026-09-29 00:00:00,P1D,fcre,1.6,ensemble,134,Chla_ugL_mean,14.6988337028683
vera4cast,chlorocast_xgboost,2026-10-19 00:00:00,2026-09-29 00:00:00,P1D,fcre,1.6,ensemble,134,Chla_ugL_mean,13.8078131132797
vera4cast,chlorocast_xgboost,2026-10-20 00:00:00,2026-09-29 00:00:00,P1D,fcre,1.6,ensemble,134,Chla_ugL_mean,13.5407592216961
vera4cast,chlorocast_xgboost,2026-10-21 00:00:00,2026-09-29 00:00:00,P1D,fcre,1.6,ensemble,134,Chla_ugL_mean,13.7025739449938
vera4cast,chlorocast_xgboost,2026-10-22 00:00:00,2026-09-29 00:00:00,P1D,fcre,1.6,ensemble,134,Chla_ugL_mean,13.6453638605689
vera4cast,chlorocast_xgboost,2026-10-23 00:00:00,2026-09-29 00:00:00,P1D,fcre,1.6,ensemble,134,Chla_ugL_mean,13.6834167702538
vera4cast,chlorocast_xgboost,2026-10-24 00:00:00,2026-09-29 00:00:00,P1D,fcre,1.6,ensemble,134,Chla_ugL_mean,13.8780075555449
vera4cast,chlorocast_xgboost,2026-10-25 00:00:00,2026-09-29 00:00:00,P1D,fcre,1.6,ensemble,134,Chla_ugL_mean,13.8849692122326
vera4cast,chlorocast_xgboost,2026-10-26 00:00:00,2026-09-29 00:00:00,P1D,fcre,1.6,ensemble,134,Chla_ugL_mean,14.0622570058975
vera4cast,chlorocast_xgboost,2026-10-27 00:00:00,2026-09-29 00:00:00,P1D,fcre,1.6,ensemble,134,Chla_ugL_mean,14.3033591093773
vera4cast,chlorocast_xgboost,2026-10-28 00:00:00,2026-09-29 00:00:00,P1D,fcre,1.6,ensemble,134,Chla_ugL_mean,13.5897092808638
vera4cast,chlorocast_xgboost,2026-10-29 00:00:00,2026-09-29 00:00:00,P1D,fcre,1.6,ensemble,134,Chla_ugL_mean,13.5174572345992
vera4cast,chlorocast_xgboost,2026-10-30 00:00:00,2026-09-29 00:00:00,P1D,fcre,1.6,ensemble,134,Chla_ugL_mean,13.4445794414843
vera4cast,chlorocast_xgboost,2026-10-31 00:00:00,2026-09-29 00:00:00,P1D,fcre,1.6,ensemble,134,Chla_ugL_mean,13.9035579669462
vera4cast,chlorocast_xgboost,2026-11-01 00:00:00,2026-09-29 00:00:00,P1D,fcre,1.6,ensemble,134,Chla_ugL_mean,13.8800441318997
vera4cast,chlorocast_xgboost,2026-11-02 00:00:00,2026-09-29 00:00:00,P1D,fcre,1.6,ensemble,134,Chla_ugL_mean,13.6907035215117
vera4cast,chlorocast_xgboost,2026-11-03 00:00:00,2026-09-29 00:00:00,P1D,fcre,1.6,ensemble,134,Chla_ugL_mean,14.0610741822489
vera4cast,chlorocast_xgboost,2026-09-30 00:00:00,2026-09-29 00:00:00,P1D,fcre,1.6,ensemble,135,Chla_ugL_mean,14.5224972137469
vera4cast,chlorocast_xgboost,2026-10-01 00:00:00,2026-09-29 00:00:00,P1D,fcre,1.6,ensemble,135,Chla_ugL_mean,15.5356012331825
vera4cast,chlorocast_xgboost,2026-10-02 00:00:00,2026-09-29 00:00:00,P1D,fcre,1.6,ensemble,135,Chla_ugL_mean,16.0890970730639
vera4cast,chlorocast_xgboost,2026-10-03 00:00:00,2026-09-29 00:00:00,P1D,fcre,1.6,ensemble,135,Chla_ugL_mean,15.9191854109399
vera4cast,chlorocast_xgboost,2026-10-04 00:00:00,2026-09-29 00:00:00,P1D,fcre,1.6,ensemble,135,Chla_ugL_mean,17.0484703798552
vera4cast,chlorocast_xgboost,2026-10-05 00:00:00,2026-09-29 00:00:00,P1D,fcre,1.6,ensemble,135,Chla_ugL_mean,17.3257380054912
vera4cast,chlorocast_xgboost,2026-10-06 00:00:00,2026-09-29 00:00:00,P1D,fcre,1.6,ensemble,135,Chla_ugL_mean,16.856570264824
vera4cast,chlorocast_xgboost,2026-10-07 00:00:00,2026-09-29 00:00:00,P1D,fcre,1.6,ensemble,135,Chla_ugL_mean,15.909001360048
vera4cast,chlorocast_xgboost,2026-10-08 00:00:00,2026-09-29 00:00:00,P1D,fcre,1.6,ensemble,135,Chla_ugL_mean,15.3560395153211
vera4cast,chlorocast_xgboost,2026-10-09 00:00:00,2026-09-29 00:00:00,P1D,fcre,1.6,ensemble,135,Chla_ugL_mean,15.5712771615932
vera4cast,chlorocast_xgboost,2026-10-10 00:00:00,2026-09-29 00:00:00,P1D,fcre,1.6,ensemble,135,Chla_ugL_mean,14.8793773904428
vera4cast,chlorocast_xgboost,2026-10-11 00:00:00,2026-09-29 00:00:00,P1D,fcre,1.6,ensemble,135,Chla_ugL_mean,14.3081773939984
vera4cast,chlorocast_xgboost,2026-10-12 00:00:00,2026-09-29 00:00:00,P1D,fcre,1.6,ensemble,135,Chla_ugL_mean,14.0818903576447
vera4cast,chlorocast_xgboost,2026-10-13 00:00:00,2026-09-29 00:00:00,P1D,fcre,1.6,ensemble,135,Chla_ugL_mean,14.748156838948
vera4cast,chlorocast_xgboost,2026-10-14 00:00:00,2026-09-29 00:00:00,P1D,fcre,1.6,ensemble,135,Chla_ugL_mean,14.2905788545004
vera4cast,chlorocast_xgboost,2026-10-15 00:00:00,2026-09-29 00:00:00,P1D,fcre,1.6,ensemble,135,Chla_ugL_mean,14.4786117329228
vera4cast,chlorocast_xgboost,2026-10-16 00:00:00,2026-09-29 00:00:00,P1D,fcre,1.6,ensemble,135,Chla_ugL_mean,14.6755358591433
vera4cast,chlorocast_xgboost,2026-10-17 00:00:00,2026-09-29 00:00:00,P1D,fcre,1.6,ensemble,135,Chla_ugL_mean,14.7064855129397
vera4cast,chlorocast_xgboost,2026-10-18 00:00:00,2026-09-29 00:00:00,P1D,fcre,1.6,ensemble,135,Chla_ugL_mean,14.7890721990287
vera4cast,chlorocast_xgboost,2026-10-19 00:00:00,2026-09-29 00:00:00,P1D,fcre,1.6,ensemble,135,Chla_ugL_mean,13.8673428270425
vera4cast,chlorocast_xgboost,2026-10-20 00:00:00,2026-09-29 00:00:00,P1D,fcre,1.6,ensemble,135,Chla_ugL_mean,13.6141934358237
vera4cast,chlorocast_xgboost,2026-10-21 00:00:00,2026-09-29 00:00:00,P1D,fcre,1.6,ensemble,135,Chla_ugL_mean,13.7615958280263
vera4cast,chlorocast_xgboost,2026-10-22 00:00:00,2026-09-29 00:00:00,P1D,fcre,1.6,ensemble,135,Chla_ugL_mean,13.7039548979492
vera4cast,chlorocast_xgboost,2026-10-23 00:00:00,2026-09-29 00:00:00,P1D,fcre,1.6,ensemble,135,Chla_ugL_mean,13.7736493091827
vera4cast,chlorocast_xgboost,2026-10-24 00:00:00,2026-09-29 00:00:00,P1D,fcre,1.6,ensemble,135,Chla_ugL_mean,13.9483477676368
vera4cast,chlorocast_xgboost,2026-10-25 00:00:00,2026-09-29 00:00:00,P1D,fcre,1.6,ensemble,135,Chla_ugL_mean,13.9526131492317
vera4cast,chlorocast_xgboost,2026-10-26 00:00:00,2026-09-29 00:00:00,P1D,fcre,1.6,ensemble,135,Chla_ugL_mean,14.1329787597241
vera4cast,chlorocast_xgboost,2026-10-27 00:00:00,2026-09-29 00:00:00,P1D,fcre,1.6,ensemble,135,Chla_ugL_mean,14.4057741985352
vera4cast,chlorocast_xgboost,2026-10-28 00:00:00,2026-09-29 00:00:00,P1D,fcre,1.6,ensemble,135,Chla_ugL_mean,13.6677277886029
vera4cast,chlorocast_xgboost,2026-10-29 00:00:00,2026-09-29 00:00:00,P1D,fcre,1.6,ensemble,135,Chla_ugL_mean,13.5953573090117
vera4cast,chlorocast_xgboost,2026-10-30 00:00:00,2026-09-29 00:00:00,P1D,fcre,1.6,ensemble,135,Chla_ugL_mean,13.5055888036887
vera4cast,chlorocast_xgboost,2026-10-31 00:00:00,2026-09-29 00:00:00,P1D,fcre,1.6,ensemble,135,Chla_ugL_mean,13.953614545831
vera4cast,chlorocast_xgboost,2026-11-01 00:00:00,2026-09-29 00:00:00,P1D,fcre,1.6,ensemble,135,Chla_ugL_mean,13.9928209460299
vera4cast,chlorocast_xgboost,2026-11-02 00:00:00,2026-09-29 00:00:00,P1D,fcre,1.6,ensemble,135,Chla_ugL_mean,13.7438724475032
vera4cast,chlorocast_xgboost,2026-11-03 00:00:00,2026-09-29 00:00:00,P1D,fcre,1.6,ensemble,135,Chla_ugL_mean,14.1420095916037
vera4cast,chlorocast_xgboost,2026-09-30 00:00:00,2026-09-29 00:00:00,P1D,fcre,1.6,ensemble,136,Chla_ugL_mean,14.5630833016849
vera4cast,chlorocast_xgboost,2026-10-01 00:00:00,2026-09-29 00:00:00,P1D,fcre,1.6,ensemble,136,Chla_ugL_mean,15.6170234878698
vera4cast,chlorocast_xgboost,2026-10-02 00:00:00,2026-09-29 00:00:00,P1D,fcre,1.6,ensemble,136,Chla_ugL_mean,16.1985880762146
vera4cast,chlorocast_xgboost,2026-10-03 00:00:00,2026-09-29 00:00:00,P1D,fcre,1.6,ensemble,136,Chla_ugL_mean,16.0217733706347
vera4cast,chlorocast_xgboost,2026-10-04 00:00:00,2026-09-29 00:00:00,P1D,fcre,1.6,ensemble,136,Chla_ugL_mean,17.1452248276681
vera4cast,chlorocast_xgboost,2026-10-05 00:00:00,2026-09-29 00:00:00,P1D,fcre,1.6,ensemble,136,Chla_ugL_mean,17.4010166905021
vera4cast,chlorocast_xgboost,2026-10-06 00:00:00,2026-09-29 00:00:00,P1D,fcre,1.6,ensemble,136,Chla_ugL_mean,16.9608912295616
vera4cast,chlorocast_xgboost,2026-10-07 00:00:00,2026-09-29 00:00:00,P1D,fcre,1.6,ensemble,136,Chla_ugL_mean,16.0007885204117
vera4cast,chlorocast_xgboost,2026-10-08 00:00:00,2026-09-29 00:00:00,P1D,fcre,1.6,ensemble,136,Chla_ugL_mean,15.4388285739813
vera4cast,chlorocast_xgboost,2026-10-09 00:00:00,2026-09-29 00:00:00,P1D,fcre,1.6,ensemble,136,Chla_ugL_mean,15.685382511454
vera4cast,chlorocast_xgboost,2026-10-10 00:00:00,2026-09-29 00:00:00,P1D,fcre,1.6,ensemble,136,Chla_ugL_mean,14.9422622715297
vera4cast,chlorocast_xgboost,2026-10-11 00:00:00,2026-09-29 00:00:00,P1D,fcre,1.6,ensemble,136,Chla_ugL_mean,14.3586028071038
vera4cast,chlorocast_xgboost,2026-10-12 00:00:00,2026-09-29 00:00:00,P1D,fcre,1.6,ensemble,136,Chla_ugL_mean,14.1282046644353
vera4cast,chlorocast_xgboost,2026-10-13 00:00:00,2026-09-29 00:00:00,P1D,fcre,1.6,ensemble,136,Chla_ugL_mean,14.8295238769647
vera4cast,chlorocast_xgboost,2026-10-14 00:00:00,2026-09-29 00:00:00,P1D,fcre,1.6,ensemble,136,Chla_ugL_mean,14.3520241845661
vera4cast,chlorocast_xgboost,2026-10-15 00:00:00,2026-09-29 00:00:00,P1D,fcre,1.6,ensemble,136,Chla_ugL_mean,14.5538599177472
vera4cast,chlorocast_xgboost,2026-10-16 00:00:00,2026-09-29 00:00:00,P1D,fcre,1.6,ensemble,136,Chla_ugL_mean,14.7833074091139
vera4cast,chlorocast_xgboost,2026-10-17 00:00:00,2026-09-29 00:00:00,P1D,fcre,1.6,ensemble,136,Chla_ugL_mean,14.7989495775386
vera4cast,chlorocast_xgboost,2026-10-18 00:00:00,2026-09-29 00:00:00,P1D,fcre,1.6,ensemble,136,Chla_ugL_mean,14.8798293952623
vera4cast,chlorocast_xgboost,2026-10-19 00:00:00,2026-09-29 00:00:00,P1D,fcre,1.6,ensemble,136,Chla_ugL_mean,13.9271118595212
vera4cast,chlorocast_xgboost,2026-10-20 00:00:00,2026-09-29 00:00:00,P1D,fcre,1.6,ensemble,136,Chla_ugL_mean,13.6879985098027
vera4cast,chlorocast_xgboost,2026-10-21 00:00:00,2026-09-29 00:00:00,P1D,fcre,1.6,ensemble,136,Chla_ugL_mean,13.820854647985
vera4cast,chlorocast_xgboost,2026-10-22 00:00:00,2026-09-29 00:00:00,P1D,fcre,1.6,ensemble,136,Chla_ugL_mean,13.762780337813
vera4cast,chlorocast_xgboost,2026-10-23 00:00:00,2026-09-29 00:00:00,P1D,fcre,1.6,ensemble,136,Chla_ugL_mean,13.8644363451479
vera4cast,chlorocast_xgboost,2026-10-24 00:00:00,2026-09-29 00:00:00,P1D,fcre,1.6,ensemble,136,Chla_ugL_mean,14.019020534032
vera4cast,chlorocast_xgboost,2026-10-25 00:00:00,2026-09-29 00:00:00,P1D,fcre,1.6,ensemble,136,Chla_ugL_mean,14.0205644904416
vera4cast,chlorocast_xgboost,2026-10-26 00:00:00,2026-09-29 00:00:00,P1D,fcre,1.6,ensemble,136,Chla_ugL_mean,14.2040325731127
vera4cast,chlorocast_xgboost,2026-10-27 00:00:00,2026-09-29 00:00:00,P1D,fcre,1.6,ensemble,136,Chla_ugL_mean,14.5088746829983
vera4cast,chlorocast_xgboost,2026-10-28 00:00:00,2026-09-29 00:00:00,P1D,fcre,1.6,ensemble,136,Chla_ugL_mean,13.7461635005119
vera4cast,chlorocast_xgboost,2026-10-29 00:00:00,2026-09-29 00:00:00,P1D,fcre,1.6,ensemble,136,Chla_ugL_mean,13.673675391998
vera4cast,chlorocast_xgboost,2026-10-30 00:00:00,2026-09-29 00:00:00,P1D,fcre,1.6,ensemble,136,Chla_ugL_mean,13.5668558502577
vera4cast,chlorocast_xgboost,2026-10-31 00:00:00,2026-09-29 00:00:00,P1D,fcre,1.6,ensemble,136,Chla_ugL_mean,14.0038392497431
vera4cast,chlorocast_xgboost,2026-11-01 00:00:00,2026-09-29 00:00:00,P1D,fcre,1.6,ensemble,136,Chla_ugL_mean,14.1064525029077
vera4cast,chlorocast_xgboost,2026-11-02 00:00:00,2026-09-29 00:00:00,P1D,fcre,1.6,ensemble,136,Chla_ugL_mean,13.7972338036725
vera4cast,chlorocast_xgboost,2026-11-03 00:00:00,2026-09-29 00:00:00,P1D,fcre,1.6,ensemble,136,Chla_ugL_mean,14.2233799327841
vera4cast,chlorocast_xgboost,2026-09-30 00:00:00,2026-09-29 00:00:00,P1D,fcre,1.6,ensemble,137,Chla_ugL_mean,14.6037755085361
vera4cast,chlorocast_xgboost,2026-10-01 00:00:00,2026-09-29 00:00:00,P1D,fcre,1.6,ensemble,137,Chla_ugL_mean,15.6988466704378
vera4cast,chlorocast_xgboost,2026-10-02 00:00:00,2026-09-29 00:00:00,P1D,fcre,1.6,ensemble,137,Chla_ugL_mean,16.3087805956431
vera4cast,chlorocast_xgboost,2026-10-03 00:00:00,2026-09-29 00:00:00,P1D,fcre,1.6,ensemble,137,Chla_ugL_mean,16.1249833632004
vera4cast,chlorocast_xgboost,2026-10-04 00:00:00,2026-09-29 00:00:00,P1D,fcre,1.6,ensemble,137,Chla_ugL_mean,17.2424979578387
vera4cast,chlorocast_xgboost,2026-10-05 00:00:00,2026-09-29 00:00:00,P1D,fcre,1.6,ensemble,137,Chla_ugL_mean,17.4766046061925
vera4cast,chlorocast_xgboost,2026-10-06 00:00:00,2026-09-29 00:00:00,P1D,fcre,1.6,ensemble,137,Chla_ugL_mean,17.0658216542079
vera4cast,chlorocast_xgboost,2026-10-07 00:00:00,2026-09-29 00:00:00,P1D,fcre,1.6,ensemble,137,Chla_ugL_mean,16.0930739291715
vera4cast,chlorocast_xgboost,2026-10-08 00:00:00,2026-09-29 00:00:00,P1D,fcre,1.6,ensemble,137,Chla_ugL_mean,15.5220366844681
vera4cast,chlorocast_xgboost,2026-10-09 00:00:00,2026-09-29 00:00:00,P1D,fcre,1.6,ensemble,137,Chla_ugL_mean,15.8002735600114
vera4cast,chlorocast_xgboost,2026-10-10 00:00:00,2026-09-29 00:00:00,P1D,fcre,1.6,ensemble,137,Chla_ugL_mean,15.0053961868307
vera4cast,chlorocast_xgboost,2026-10-11 00:00:00,2026-09-29 00:00:00,P1D,fcre,1.6,ensemble,137,Chla_ugL_mean,14.4091943224316
vera4cast,chlorocast_xgboost,2026-10-12 00:00:00,2026-09-29 00:00:00,P1D,fcre,1.6,ensemble,137,Chla_ugL_mean,14.1746611957723
vera4cast,chlorocast_xgboost,2026-10-13 00:00:00,2026-09-29 00:00:00,P1D,fcre,1.6,ensemble,137,Chla_ugL_mean,14.9113113194097
vera4cast,chlorocast_xgboost,2026-10-14 00:00:00,2026-09-29 00:00:00,P1D,fcre,1.6,ensemble,137,Chla_ugL_mean,14.413716433249
vera4cast,chlorocast_xgboost,2026-10-15 00:00:00,2026-09-29 00:00:00,P1D,fcre,1.6,ensemble,137,Chla_ugL_mean,14.6294739163421
vera4cast,chlorocast_xgboost,2026-10-16 00:00:00,2026-09-29 00:00:00,P1D,fcre,1.6,ensemble,137,Chla_ugL_mean,14.8918199038973
vera4cast,chlorocast_xgboost,2026-10-17 00:00:00,2026-09-29 00:00:00,P1D,fcre,1.6,ensemble,137,Chla_ugL_mean,14.8919579779939
vera4cast,chlorocast_xgboost,2026-10-18 00:00:00,2026-09-29 00:00:00,P1D,fcre,1.6,ensemble,137,Chla_ugL_mean,14.9711082731099
vera4cast,chlorocast_xgboost,2026-10-19 00:00:00,2026-09-29 00:00:00,P1D,fcre,1.6,ensemble,137,Chla_ugL_mean,13.9871211728144
vera4cast,chlorocast_xgboost,2026-10-20 00:00:00,2026-09-29 00:00:00,P1D,fcre,1.6,ensemble,137,Chla_ugL_mean,13.7621763165616
vera4cast,chlorocast_xgboost,2026-10-21 00:00:00,2026-09-29 00:00:00,P1D,fcre,1.6,ensemble,137,Chla_ugL_mean,13.8803513560272
vera4cast,chlorocast_xgboost,2026-10-22 00:00:00,2026-09-29 00:00:00,P1D,fcre,1.6,ensemble,137,Chla_ugL_mean,13.8218411179237
vera4cast,chlorocast_xgboost,2026-10-23 00:00:00,2026-09-29 00:00:00,P1D,fcre,1.6,ensemble,137,Chla_ugL_mean,13.9557812856449
vera4cast,chlorocast_xgboost,2026-10-24 00:00:00,2026-09-29 00:00:00,P1D,fcre,1.6,ensemble,137,Chla_ugL_mean,14.0900274269801
vera4cast,chlorocast_xgboost,2026-10-25 00:00:00,2026-09-29 00:00:00,P1D,fcre,1.6,ensemble,137,Chla_ugL_mean,14.0888246328441
vera4cast,chlorocast_xgboost,2026-10-26 00:00:00,2026-09-29 00:00:00,P1D,fcre,1.6,ensemble,137,Chla_ugL_mean,14.2754200051813
vera4cast,chlorocast_xgboost,2026-10-27 00:00:00,2026-09-29 00:00:00,P1D,fcre,1.6,ensemble,137,Chla_ugL_mean,14.6126651496564
vera4cast,chlorocast_xgboost,2026-10-28 00:00:00,2026-09-29 00:00:00,P1D,fcre,1.6,ensemble,137,Chla_ugL_mean,13.8250186475912
vera4cast,chlorocast_xgboost,2026-10-29 00:00:00,2026-09-29 00:00:00,P1D,fcre,1.6,ensemble,137,Chla_ugL_mean,13.7524137265747
vera4cast,chlorocast_xgboost,2026-10-30 00:00:00,2026-09-29 00:00:00,P1D,fcre,1.6,ensemble,137,Chla_ugL_mean,13.6283816695692
vera4cast,chlorocast_xgboost,2026-10-31 00:00:00,2026-09-29 00:00:00,P1D,fcre,1.6,ensemble,137,Chla_ugL_mean,14.054232643364
vera4cast,chlorocast_xgboost,2026-11-01 00:00:00,2026-09-29 00:00:00,P1D,fcre,1.6,ensemble,137,Chla_ugL_mean,14.2209452806834
vera4cast,chlorocast_xgboost,2026-11-02 00:00:00,2026-09-29 00:00:00,P1D,fcre,1.6,ensemble,137,Chla_ugL_mean,13.8507882864673
vera4cast,chlorocast_xgboost,2026-11-03 00:00:00,2026-09-29 00:00:00,P1D,fcre,1.6,ensemble,137,Chla_ugL_mean,14.3051875430325
vera4cast,chlorocast_xgboost,2026-09-30 00:00:00,2026-09-29 00:00:00,P1D,fcre,1.6,ensemble,138,Chla_ugL_mean,14.6445741117656
vera4cast,chlorocast_xgboost,2026-10-01 00:00:00,2026-09-29 00:00:00,P1D,fcre,1.6,ensemble,138,Chla_ugL_mean,15.7810727550785
vera4cast,chlorocast_xgboost,2026-10-02 00:00:00,2026-09-29 00:00:00,P1D,fcre,1.6,ensemble,138,Chla_ugL_mean,16.4196791260118
vera4cast,chlorocast_xgboost,2026-10-03 00:00:00,2026-09-29 00:00:00,P1D,fcre,1.6,ensemble,138,Chla_ugL_mean,16.2288191602774
vera4cast,chlorocast_xgboost,2026-10-04 00:00:00,2026-09-29 00:00:00,P1D,fcre,1.6,ensemble,138,Chla_ugL_mean,17.3402925509256
vera4cast,chlorocast_xgboost,2026-10-05 00:00:00,2026-09-29 00:00:00,P1D,fcre,1.6,ensemble,138,Chla_ugL_mean,17.552503022824
vera4cast,chlorocast_xgboost,2026-10-06 00:00:00,2026-09-29 00:00:00,P1D,fcre,1.6,ensemble,138,Chla_ugL_mean,17.1713650993261
vera4cast,chlorocast_xgboost,2026-10-07 00:00:00,2026-09-29 00:00:00,P1D,fcre,1.6,ensemble,138,Chla_ugL_mean,16.1858602909701
vera4cast,chlorocast_xgboost,2026-10-08 00:00:00,2026-09-29 00:00:00,P1D,fcre,1.6,ensemble,138,Chla_ugL_mean,15.6056659678881
vera4cast,chlorocast_xgboost,2026-10-09 00:00:00,2026-09-29 00:00:00,P1D,fcre,1.6,ensemble,138,Chla_ugL_mean,15.915955717375
vera4cast,chlorocast_xgboost,2026-10-10 00:00:00,2026-09-29 00:00:00,P1D,fcre,1.6,ensemble,138,Chla_ugL_mean,15.0687801225612
vera4cast,chlorocast_xgboost,2026-10-11 00:00:00,2026-09-29 00:00:00,P1D,fcre,1.6,ensemble,138,Chla_ugL_mean,14.4599524871256
vera4cast,chlorocast_xgboost,2026-10-12 00:00:00,2026-09-29 00:00:00,P1D,fcre,1.6,ensemble,138,Chla_ugL_mean,14.2212603884065
vera4cast,chlorocast_xgboost,2026-10-13 00:00:00,2026-09-29 00:00:00,P1D,fcre,1.6,ensemble,138,Chla_ugL_mean,14.9935213384145
vera4cast,chlorocast_xgboost,2026-10-14 00:00:00,2026-09-29 00:00:00,P1D,fcre,1.6,ensemble,138,Chla_ugL_mean,14.4756565927939
vera4cast,chlorocast_xgboost,2026-10-15 00:00:00,2026-09-29 00:00:00,P1D,fcre,1.6,ensemble,138,Chla_ugL_mean,14.7054555070855
vera4cast,chlorocast_xgboost,2026-10-16 00:00:00,2026-09-29 00:00:00,P1D,fcre,1.6,ensemble,138,Chla_ugL_mean,15.001078437595
vera4cast,chlorocast_xgboost,2026-10-17 00:00:00,2026-09-29 00:00:00,P1D,fcre,1.6,ensemble,138,Chla_ugL_mean,14.9855139188102
vera4cast,chlorocast_xgboost,2026-10-18 00:00:00,2026-09-29 00:00:00,P1D,fcre,1.6,ensemble,138,Chla_ugL_mean,15.0629118312506
vera4cast,chlorocast_xgboost,2026-10-19 00:00:00,2026-09-29 00:00:00,P1D,fcre,1.6,ensemble,138,Chla_ugL_mean,14.0473717328883
vera4cast,chlorocast_xgboost,2026-10-20 00:00:00,2026-09-29 00:00:00,P1D,fcre,1.6,ensemble,138,Chla_ugL_mean,13.8367287384876
vera4cast,chlorocast_xgboost,2026-10-21 00:00:00,2026-09-29 00:00:00,P1D,fcre,1.6,ensemble,138,Chla_ugL_mean,13.940086907129
vera4cast,chlorocast_xgboost,2026-10-22 00:00:00,2026-09-29 00:00:00,P1D,fcre,1.6,ensemble,138,Chla_ugL_mean,13.8811381797962
vera4cast,chlorocast_xgboost,2026-10-23 00:00:00,2026-09-29 00:00:00,P1D,fcre,1.6,ensemble,138,Chla_ugL_mean,14.0476875591087
vera4cast,chlorocast_xgboost,2026-10-24 00:00:00,2026-09-29 00:00:00,P1D,fcre,1.6,ensemble,138,Chla_ugL_mean,14.1613700261637
vera4cast,chlorocast_xgboost,2026-10-25 00:00:00,2026-09-29 00:00:00,P1D,fcre,1.6,ensemble,138,Chla_ugL_mean,14.1573949797694
vera4cast,chlorocast_xgboost,2026-10-26 00:00:00,2026-09-29 00:00:00,P1D,fcre,1.6,ensemble,138,Chla_ugL_mean,14.3471426223682
vera4cast,chlorocast_xgboost,2026-10-27 00:00:00,2026-09-29 00:00:00,P1D,fcre,1.6,ensemble,138,Chla_ugL_mean,14.7171502160962
vera4cast,chlorocast_xgboost,2026-10-28 00:00:00,2026-09-29 00:00:00,P1D,fcre,1.6,ensemble,138,Chla_ugL_mean,13.9042954727715
vera4cast,chlorocast_xgboost,2026-10-29 00:00:00,2026-09-29 00:00:00,P1D,fcre,1.6,ensemble,138,Chla_ugL_mean,13.8315745677945
vera4cast,chlorocast_xgboost,2026-10-30 00:00:00,2026-09-29 00:00:00,P1D,fcre,1.6,ensemble,138,Chla_ugL_mean,13.6901673545978
vera4cast,chlorocast_xgboost,2026-10-31 00:00:00,2026-09-29 00:00:00,P1D,fcre,1.6,ensemble,138,Chla_ugL_mean,14.1047952932717
vera4cast,chlorocast_xgboost,2026-11-01 00:00:00,2026-09-29 00:00:00,P1D,fcre,1.6,ensemble,138,Chla_ugL_mean,14.3363058066058
vera4cast,chlorocast_xgboost,2026-11-02 00:00:00,2026-09-29 00:00:00,P1D,fcre,1.6,ensemble,138,Chla_ugL_mean,13.9045365948558
vera4cast,chlorocast_xgboost,2026-11-03 00:00:00,2026-09-29 00:00:00,P1D,fcre,1.6,ensemble,138,Chla_ugL_mean,14.3874347721517
vera4cast,chlorocast_xgboost,2026-09-30 00:00:00,2026-09-29 00:00:00,P1D,fcre,1.6,ensemble,139,Chla_ugL_mean,14.6854793895639
vera4cast,chlorocast_xgboost,2026-10-01 00:00:00,2026-09-29 00:00:00,P1D,fcre,1.6,ensemble,139,Chla_ugL_mean,15.863703725705
vera4cast,chlorocast_xgboost,2026-10-02 00:00:00,2026-09-29 00:00:00,P1D,fcre,1.6,ensemble,139,Chla_ugL_mean,16.5312881907807
vera4cast,chlorocast_xgboost,2026-10-03 00:00:00,2026-09-29 00:00:00,P1D,fcre,1.6,ensemble,139,Chla_ugL_mean,16.3332845563751
vera4cast,chlorocast_xgboost,2026-10-04 00:00:00,2026-09-29 00:00:00,P1D,fcre,1.6,ensemble,139,Chla_ugL_mean,17.438611402393
vera4cast,chlorocast_xgboost,2026-10-05 00:00:00,2026-09-29 00:00:00,P1D,fcre,1.6,ensemble,139,Chla_ugL_mean,17.628713215876
vera4cast,chlorocast_xgboost,2026-10-06 00:00:00,2026-09-29 00:00:00,P1D,fcre,1.6,ensemble,139,Chla_ugL_mean,17.2775251462807
vera4cast,chlorocast_xgboost,2026-10-07 00:00:00,2026-09-29 00:00:00,P1D,fcre,1.6,ensemble,139,Chla_ugL_mean,16.2791503251316
vera4cast,chlorocast_xgboost,2026-10-08 00:00:00,2026-09-29 00:00:00,P1D,fcre,1.6,ensemble,139,Chla_ugL_mean,15.6897185560846
vera4cast,chlorocast_xgboost,2026-10-09 00:00:00,2026-09-29 00:00:00,P1D,fcre,1.6,ensemble,139,Chla_ugL_mean,16.0324344309068
vera4cast,chlorocast_xgboost,2026-10-10 00:00:00,2026-09-29 00:00:00,P1D,fcre,1.6,ensemble,139,Chla_ugL_mean,15.1324150688424
vera4cast,chlorocast_xgboost,2026-10-11 00:00:00,2026-09-29 00:00:00,P1D,fcre,1.6,ensemble,139,Chla_ugL_mean,14.5108778501318
vera4cast,chlorocast_xgboost,2026-10-12 00:00:00,2026-09-29 00:00:00,P1D,fcre,1.6,ensemble,139,Chla_ugL_mean,14.2680026804304
vera4cast,chlorocast_xgboost,2026-10-13 00:00:00,2026-09-29 00:00:00,P1D,fcre,1.6,ensemble,139,Chla_ugL_mean,15.0761561173331
vera4cast,chlorocast_xgboost,2026-10-14 00:00:00,2026-09-29 00:00:00,P1D,fcre,1.6,ensemble,139,Chla_ugL_mean,14.5378456594327
vera4cast,chlorocast_xgboost,2026-10-15 00:00:00,2026-09-29 00:00:00,P1D,fcre,1.6,ensemble,139,Chla_ugL_mean,14.7818064770007
vera4cast,chlorocast_xgboost,2026-10-16 00:00:00,2026-09-29 00:00:00,P1D,fcre,1.6,ensemble,139,Chla_ugL_mean,15.1110881393313
vera4cast,chlorocast_xgboost,2026-10-17 00:00:00,2026-09-29 00:00:00,P1D,fcre,1.6,ensemble,139,Chla_ugL_mean,15.079620623357
vera4cast,chlorocast_xgboost,2026-10-18 00:00:00,2026-09-29 00:00:00,P1D,fcre,1.6,ensemble,139,Chla_ugL_mean,15.1552430856001
vera4cast,chlorocast_xgboost,2026-10-19 00:00:00,2026-09-29 00:00:00,P1D,fcre,1.6,ensemble,139,Chla_ugL_mean,14.1078645095926
vera4cast,chlorocast_xgboost,2026-10-20 00:00:00,2026-09-29 00:00:00,P1D,fcre,1.6,ensemble,139,Chla_ugL_mean,13.9116576674742
vera4cast,chlorocast_xgboost,2026-10-21 00:00:00,2026-09-29 00:00:00,P1D,fcre,1.6,ensemble,139,Chla_ugL_mean,14.0000622600996
vera4cast,chlorocast_xgboost,2026-10-22 00:00:00,2026-09-29 00:00:00,P1D,fcre,1.6,ensemble,139,Chla_ugL_mean,13.9406724687121
vera4cast,chlorocast_xgboost,2026-10-23 00:00:00,2026-09-29 00:00:00,P1D,fcre,1.6,ensemble,139,Chla_ugL_mean,14.1401586150429
vera4cast,chlorocast_xgboost,2026-10-24 00:00:00,2026-09-29 00:00:00,P1D,fcre,1.6,ensemble,139,Chla_ugL_mean,14.2330499187342
vera4cast,chlorocast_xgboost,2026-10-25 00:00:00,2026-09-29 00:00:00,P1D,fcre,1.6,ensemble,139,Chla_ugL_mean,14.2262769409252
vera4cast,chlorocast_xgboost,2026-10-26 00:00:00,2026-09-29 00:00:00,P1D,fcre,1.6,ensemble,139,Chla_ugL_mean,14.4192019984667
vera4cast,chlorocast_xgboost,2026-10-27 00:00:00,2026-09-29 00:00:00,P1D,fcre,1.6,ensemble,139,Chla_ugL_mean,14.8223345308068
vera4cast,chlorocast_xgboost,2026-10-28 00:00:00,2026-09-29 00:00:00,P1D,fcre,1.6,ensemble,139,Chla_ugL_mean,13.9839962309774
vera4cast,chlorocast_xgboost,2026-10-29 00:00:00,2026-09-29 00:00:00,P1D,fcre,1.6,ensemble,139,Chla_ugL_mean,13.9111601828106
vera4cast,chlorocast_xgboost,2026-10-30 00:00:00,2026-09-29 00:00:00,P1D,fcre,1.6,ensemble,139,Chla_ugL_mean,13.7522140029346
vera4cast,chlorocast_xgboost,2026-10-31 00:00:00,2026-09-29 00:00:00,P1D,fcre,1.6,ensemble,139,Chla_ugL_mean,14.1555277679474
vera4cast,chlorocast_xgboost,2026-11-01 00:00:00,2026-09-29 00:00:00,P1D,fcre,1.6,ensemble,139,Chla_ugL_mean,14.4525406573942
vera4cast,chlorocast_xgboost,2026-11-02 00:00:00,2026-09-29 00:00:00,P1D,fcre,1.6,ensemble,139,Chla_ugL_mean,13.958479430336
vera4cast,chlorocast_xgboost,2026-11-03 00:00:00,2026-09-29 00:00:00,P1D,fcre,1.6,ensemble,139,Chla_ugL_mean,14.4701239825716
vera4cast,chlorocast_xgboost,2026-09-30 00:00:00,2026-09-29 00:00:00,P1D,fcre,1.6,ensemble,140,Chla_ugL_mean,14.7416573703328
vera4cast,chlorocast_xgboost,2026-10-01 00:00:00,2026-09-29 00:00:00,P1D,fcre,1.6,ensemble,140,Chla_ugL_mean,15.9482664662738
vera4cast,chlorocast_xgboost,2026-10-02 00:00:00,2026-09-29 00:00:00,P1D,fcre,1.6,ensemble,140,Chla_ugL_mean,16.6436061562641
vera4cast,chlorocast_xgboost,2026-10-03 00:00:00,2026-09-29 00:00:00,P1D,fcre,1.6,ensemble,140,Chla_ugL_mean,16.4374770203267
vera4cast,chlorocast_xgboost,2026-10-04 00:00:00,2026-09-29 00:00:00,P1D,fcre,1.6,ensemble,140,Chla_ugL_mean,17.5394269510564
vera4cast,chlorocast_xgboost,2026-10-05 00:00:00,2026-09-29 00:00:00,P1D,fcre,1.6,ensemble,140,Chla_ugL_mean,17.71203197858
vera4cast,chlorocast_xgboost,2026-10-06 00:00:00,2026-09-29 00:00:00,P1D,fcre,1.6,ensemble,140,Chla_ugL_mean,17.3839282926713
vera4cast,chlorocast_xgboost,2026-10-07 00:00:00,2026-09-29 00:00:00,P1D,fcre,1.6,ensemble,140,Chla_ugL_mean,16.3813090139806
vera4cast,chlorocast_xgboost,2026-10-08 00:00:00,2026-09-29 00:00:00,P1D,fcre,1.6,ensemble,140,Chla_ugL_mean,15.7783829865154
vera4cast,chlorocast_xgboost,2026-10-09 00:00:00,2026-09-29 00:00:00,P1D,fcre,1.6,ensemble,140,Chla_ugL_mean,16.1503922078034
vera4cast,chlorocast_xgboost,2026-10-10 00:00:00,2026-09-29 00:00:00,P1D,fcre,1.6,ensemble,140,Chla_ugL_mean,15.2036800756653
vera4cast,chlorocast_xgboost,2026-10-11 00:00:00,2026-09-29 00:00:00,P1D,fcre,1.6,ensemble,140,Chla_ugL_mean,14.5725102455204
vera4cast,chlorocast_xgboost,2026-10-12 00:00:00,2026-09-29 00:00:00,P1D,fcre,1.6,ensemble,140,Chla_ugL_mean,14.3360845181952
vera4cast,chlorocast_xgboost,2026-10-13 00:00:00,2026-09-29 00:00:00,P1D,fcre,1.6,ensemble,140,Chla_ugL_mean,15.158497550745
vera4cast,chlorocast_xgboost,2026-10-14 00:00:00,2026-09-29 00:00:00,P1D,fcre,1.6,ensemble,140,Chla_ugL_mean,14.6102319044318
vera4cast,chlorocast_xgboost,2026-10-15 00:00:00,2026-09-29 00:00:00,P1D,fcre,1.6,ensemble,140,Chla_ugL_mean,14.8616222194943
vera4cast,chlorocast_xgboost,2026-10-16 00:00:00,2026-09-29 00:00:00,P1D,fcre,1.6,ensemble,140,Chla_ugL_mean,15.2180763165782
vera4cast,chlorocast_xgboost,2026-10-17 00:00:00,2026-09-29 00:00:00,P1D,fcre,1.6,ensemble,140,Chla_ugL_mean,15.1775914342977
vera4cast,chlorocast_xgboost,2026-10-18 00:00:00,2026-09-29 00:00:00,P1D,fcre,1.6,ensemble,140,Chla_ugL_mean,15.2487620288413
vera4cast,chlorocast_xgboost,2026-10-19 00:00:00,2026-09-29 00:00:00,P1D,fcre,1.6,ensemble,140,Chla_ugL_mean,14.177219337842
vera4cast,chlorocast_xgboost,2026-10-20 00:00:00,2026-09-29 00:00:00,P1D,fcre,1.6,ensemble,140,Chla_ugL_mean,13.9941850012041
vera4cast,chlorocast_xgboost,2026-10-21 00:00:00,2026-09-29 00:00:00,P1D,fcre,1.6,ensemble,140,Chla_ugL_mean,14.0694318702739
vera4cast,chlorocast_xgboost,2026-10-22 00:00:00,2026-09-29 00:00:00,P1D,fcre,1.6,ensemble,140,Chla_ugL_mean,14.0089266205932
vera4cast,chlorocast_xgboost,2026-10-23 00:00:00,2026-09-29 00:00:00,P1D,fcre,1.6,ensemble,140,Chla_ugL_mean,14.234621012562
vera4cast,chlorocast_xgboost,2026-10-24 00:00:00,2026-09-29 00:00:00,P1D,fcre,1.6,ensemble,140,Chla_ugL_mean,14.3089903829917
vera4cast,chlorocast_xgboost,2026-10-25 00:00:00,2026-09-29 00:00:00,P1D,fcre,1.6,ensemble,140,Chla_ugL_mean,14.2992246383067
vera4cast,chlorocast_xgboost,2026-10-26 00:00:00,2026-09-29 00:00:00,P1D,fcre,1.6,ensemble,140,Chla_ugL_mean,14.4934536033397
vera4cast,chlorocast_xgboost,2026-10-27 00:00:00,2026-09-29 00:00:00,P1D,fcre,1.6,ensemble,140,Chla_ugL_mean,14.9194223734283
vera4cast,chlorocast_xgboost,2026-10-28 00:00:00,2026-09-29 00:00:00,P1D,fcre,1.6,ensemble,140,Chla_ugL_mean,14.069158051937
vera4cast,chlorocast_xgboost,2026-10-29 00:00:00,2026-09-29 00:00:00,P1D,fcre,1.6,ensemble,140,Chla_ugL_mean,13.9898353142026
vera4cast,chlorocast_xgboost,2026-10-30 00:00:00,2026-09-29 00:00:00,P1D,fcre,1.6,ensemble,140,Chla_ugL_mean,13.8246963381487
vera4cast,chlorocast_xgboost,2026-10-31 00:00:00,2026-09-29 00:00:00,P1D,fcre,1.6,ensemble,140,Chla_ugL_mean,14.2113021346243
vera4cast,chlorocast_xgboost,2026-11-01 00:00:00,2026-09-29 00:00:00,P1D,fcre,1.6,ensemble,140,Chla_ugL_mean,14.5677388591236
vera4cast,chlorocast_xgboost,2026-11-02 00:00:00,2026-09-29 00:00:00,P1D,fcre,1.6,ensemble,140,Chla_ugL_mean,14.0221424474975
vera4cast,chlorocast_xgboost,2026-11-03 00:00:00,2026-09-29 00:00:00,P1D,fcre,1.6,ensemble,140,Chla_ugL_mean,14.5582543390098
vera4cast,chlorocast_xgboost,2026-09-30 00:00:00,2026-09-29 00:00:00,P1D,fcre,1.6,ensemble,141,Chla_ugL_mean,14.8590637336699
vera4cast,chlorocast_xgboost,2026-10-01 00:00:00,2026-09-29 00:00:00,P1D,fcre,1.6,ensemble,141,Chla_ugL_mean,16.0393847715513
vera4cast,chlorocast_xgboost,2026-10-02 00:00:00,2026-09-29 00:00:00,P1D,fcre,1.6,ensemble,141,Chla_ugL_mean,16.7566188079122
vera4cast,chlorocast_xgboost,2026-10-03 00:00:00,2026-09-29 00:00:00,P1D,fcre,1.6,ensemble,141,Chla_ugL_mean,16.5386490842008
vera4cast,chlorocast_xgboost,2026-10-04 00:00:00,2026-09-29 00:00:00,P1D,fcre,1.6,ensemble,141,Chla_ugL_mean,17.6487174167748
vera4cast,chlorocast_xgboost,2026-10-05 00:00:00,2026-09-29 00:00:00,P1D,fcre,1.6,ensemble,141,Chla_ugL_mean,17.8230518243139
vera4cast,chlorocast_xgboost,2026-10-06 00:00:00,2026-09-29 00:00:00,P1D,fcre,1.6,ensemble,141,Chla_ugL_mean,17.4894337458329
vera4cast,chlorocast_xgboost,2026-10-07 00:00:00,2026-09-29 00:00:00,P1D,fcre,1.6,ensemble,141,Chla_ugL_mean,16.5177589506459
vera4cast,chlorocast_xgboost,2026-10-08 00:00:00,2026-09-29 00:00:00,P1D,fcre,1.6,ensemble,141,Chla_ugL_mean,15.8843634950765
vera4cast,chlorocast_xgboost,2026-10-09 00:00:00,2026-09-29 00:00:00,P1D,fcre,1.6,ensemble,141,Chla_ugL_mean,16.2718940121249
vera4cast,chlorocast_xgboost,2026-10-10 00:00:00,2026-09-29 00:00:00,P1D,fcre,1.6,ensemble,141,Chla_ugL_mean,15.3049362639128
vera4cast,chlorocast_xgboost,2026-10-11 00:00:00,2026-09-29 00:00:00,P1D,fcre,1.6,ensemble,141,Chla_ugL_mean,14.6767838903887
vera4cast,chlorocast_xgboost,2026-10-12 00:00:00,2026-09-29 00:00:00,P1D,fcre,1.6,ensemble,141,Chla_ugL_mean,14.4899271023977
vera4cast,chlorocast_xgboost,2026-10-13 00:00:00,2026-09-29 00:00:00,P1D,fcre,1.6,ensemble,141,Chla_ugL_mean,15.2383650987998
vera4cast,chlorocast_xgboost,2026-10-14 00:00:00,2026-09-29 00:00:00,P1D,fcre,1.6,ensemble,141,Chla_ugL_mean,14.722993588673
vera4cast,chlorocast_xgboost,2026-10-15 00:00:00,2026-09-29 00:00:00,P1D,fcre,1.6,ensemble,141,Chla_ugL_mean,14.954284666555
vera4cast,chlorocast_xgboost,2026-10-16 00:00:00,2026-09-29 00:00:00,P1D,fcre,1.6,ensemble,141,Chla_ugL_mean,15.3105720424512
vera4cast,chlorocast_xgboost,2026-10-17 00:00:00,2026-09-29 00:00:00,P1D,fcre,1.6,ensemble,141,Chla_ugL_mean,15.2894870572549
vera4cast,chlorocast_xgboost,2026-10-18 00:00:00,2026-09-29 00:00:00,P1D,fcre,1.6,ensemble,141,Chla_ugL_mean,15.3454656483279
vera4cast,chlorocast_xgboost,2026-10-19 00:00:00,2026-09-29 00:00:00,P1D,fcre,1.6,ensemble,141,Chla_ugL_mean,14.2815754840822
vera4cast,chlorocast_xgboost,2026-10-20 00:00:00,2026-09-29 00:00:00,P1D,fcre,1.6,ensemble,141,Chla_ugL_mean,14.1062438862552
vera4cast,chlorocast_xgboost,2026-10-21 00:00:00,2026-09-29 00:00:00,P1D,fcre,1.6,ensemble,141,Chla_ugL_mean,14.1759615104149
vera4cast,chlorocast_xgboost,2026-10-22 00:00:00,2026-09-29 00:00:00,P1D,fcre,1.6,ensemble,141,Chla_ugL_mean,14.1116225218012
vera4cast,chlorocast_xgboost,2026-10-23 00:00:00,2026-09-29 00:00:00,P1D,fcre,1.6,ensemble,141,Chla_ugL_mean,14.3354019865984
vera4cast,chlorocast_xgboost,2026-10-24 00:00:00,2026-09-29 00:00:00,P1D,fcre,1.6,ensemble,141,Chla_ugL_mean,14.4010844671164
vera4cast,chlorocast_xgboost,2026-10-25 00:00:00,2026-09-29 00:00:00,P1D,fcre,1.6,ensemble,141,Chla_ugL_mean,14.3876138139763
vera4cast,chlorocast_xgboost,2026-10-26 00:00:00,2026-09-29 00:00:00,P1D,fcre,1.6,ensemble,141,Chla_ugL_mean,14.5755162629676
vera4cast,chlorocast_xgboost,2026-10-27 00:00:00,2026-09-29 00:00:00,P1D,fcre,1.6,ensemble,141,Chla_ugL_mean,14.9817372518733
vera4cast,chlorocast_xgboost,2026-10-28 00:00:00,2026-09-29 00:00:00,P1D,fcre,1.6,ensemble,141,Chla_ugL_mean,14.1750747348696
vera4cast,chlorocast_xgboost,2026-10-29 00:00:00,2026-09-29 00:00:00,P1D,fcre,1.6,ensemble,141,Chla_ugL_mean,14.0635483797515
vera4cast,chlorocast_xgboost,2026-10-30 00:00:00,2026-09-29 00:00:00,P1D,fcre,1.6,ensemble,141,Chla_ugL_mean,13.9384994896848
vera4cast,chlorocast_xgboost,2026-10-31 00:00:00,2026-09-29 00:00:00,P1D,fcre,1.6,ensemble,141,Chla_ugL_mean,14.2868551254944
vera4cast,chlorocast_xgboost,2026-11-01 00:00:00,2026-09-29 00:00:00,P1D,fcre,1.6,ensemble,141,Chla_ugL_mean,14.676070654323
vera4cast,chlorocast_xgboost,2026-11-02 00:00:00,2026-09-29 00:00:00,P1D,fcre,1.6,ensemble,141,Chla_ugL_mean,14.124399095588
vera4cast,chlorocast_xgboost,2026-11-03 00:00:00,2026-09-29 00:00:00,P1D,fcre,1.6,ensemble,141,Chla_ugL_mean,14.6670039285613
vera4cast,chlorocast_xgboost,2026-09-30 00:00:00,2026-09-29 00:00:00,P1D,fcre,1.6,ensemble,142,Chla_ugL_mean,14.977345751573
vera4cast,chlorocast_xgboost,2026-10-01 00:00:00,2026-09-29 00:00:00,P1D,fcre,1.6,ensemble,142,Chla_ugL_mean,16.1309929526265
vera4cast,chlorocast_xgboost,2026-10-02 00:00:00,2026-09-29 00:00:00,P1D,fcre,1.6,ensemble,142,Chla_ugL_mean,16.8703553398894
vera4cast,chlorocast_xgboost,2026-10-03 00:00:00,2026-09-29 00:00:00,P1D,fcre,1.6,ensemble,142,Chla_ugL_mean,16.640408147358
vera4cast,chlorocast_xgboost,2026-10-04 00:00:00,2026-09-29 00:00:00,P1D,fcre,1.6,ensemble,142,Chla_ugL_mean,17.7586521529944
vera4cast,chlorocast_xgboost,2026-10-05 00:00:00,2026-09-29 00:00:00,P1D,fcre,1.6,ensemble,142,Chla_ugL_mean,17.9347303588614
vera4cast,chlorocast_xgboost,2026-10-06 00:00:00,2026-09-29 00:00:00,P1D,fcre,1.6,ensemble,142,Chla_ugL_mean,17.5955446952992
vera4cast,chlorocast_xgboost,2026-10-07 00:00:00,2026-09-29 00:00:00,P1D,fcre,1.6,ensemble,142,Chla_ugL_mean,16.6552800716047
vera4cast,chlorocast_xgboost,2026-10-08 00:00:00,2026-09-29 00:00:00,P1D,fcre,1.6,ensemble,142,Chla_ugL_mean,15.9910134285879
vera4cast,chlorocast_xgboost,2026-10-09 00:00:00,2026-09-29 00:00:00,P1D,fcre,1.6,ensemble,142,Chla_ugL_mean,16.3942565949216
vera4cast,chlorocast_xgboost,2026-10-10 00:00:00,2026-09-29 00:00:00,P1D,fcre,1.6,ensemble,142,Chla_ugL_mean,15.4068251982778
vera4cast,chlorocast_xgboost,2026-10-11 00:00:00,2026-09-29 00:00:00,P1D,fcre,1.6,ensemble,142,Chla_ugL_mean,14.7817557523614
vera4cast,chlorocast_xgboost,2026-10-12 00:00:00,2026-09-29 00:00:00,P1D,fcre,1.6,ensemble,142,Chla_ugL_mean,14.6453129449649
vera4cast,chlorocast_xgboost,2026-10-13 00:00:00,2026-09-29 00:00:00,P1D,fcre,1.6,ensemble,142,Chla_ugL_mean,15.3186274128414
vera4cast,chlorocast_xgboost,2026-10-14 00:00:00,2026-09-29 00:00:00,P1D,fcre,1.6,ensemble,142,Chla_ugL_mean,14.8365698154214
vera4cast,chlorocast_xgboost,2026-10-15 00:00:00,2026-09-29 00:00:00,P1D,fcre,1.6,ensemble,142,Chla_ugL_mean,15.0474884409137
vera4cast,chlorocast_xgboost,2026-10-16 00:00:00,2026-09-29 00:00:00,P1D,fcre,1.6,ensemble,142,Chla_ugL_mean,15.4035952944709
vera4cast,chlorocast_xgboost,2026-10-17 00:00:00,2026-09-29 00:00:00,P1D,fcre,1.6,ensemble,142,Chla_ugL_mean,15.402156629195
vera4cast,chlorocast_xgboost,2026-10-18 00:00:00,2026-09-29 00:00:00,P1D,fcre,1.6,ensemble,142,Chla_ugL_mean,15.4427447941225
vera4cast,chlorocast_xgboost,2026-10-19 00:00:00,2026-09-29 00:00:00,P1D,fcre,1.6,ensemble,142,Chla_ugL_mean,14.3866491665863
vera4cast,chlorocast_xgboost,2026-10-20 00:00:00,2026-09-29 00:00:00,P1D,fcre,1.6,ensemble,142,Chla_ugL_mean,14.2191402422137
vera4cast,chlorocast_xgboost,2026-10-21 00:00:00,2026-09-29 00:00:00,P1D,fcre,1.6,ensemble,142,Chla_ugL_mean,14.2832442356307
vera4cast,chlorocast_xgboost,2026-10-22 00:00:00,2026-09-29 00:00:00,P1D,fcre,1.6,ensemble,142,Chla_ugL_mean,14.2150211013813
vera4cast,chlorocast_xgboost,2026-10-23 00:00:00,2026-09-29 00:00:00,P1D,fcre,1.6,ensemble,142,Chla_ugL_mean,14.4368496529482
vera4cast,chlorocast_xgboost,2026-10-24 00:00:00,2026-09-29 00:00:00,P1D,fcre,1.6,ensemble,142,Chla_ugL_mean,14.4937325603638
vera4cast,chlorocast_xgboost,2026-10-25 00:00:00,2026-09-29 00:00:00,P1D,fcre,1.6,ensemble,142,Chla_ugL_mean,14.4765136460067
vera4cast,chlorocast_xgboost,2026-10-26 00:00:00,2026-09-29 00:00:00,P1D,fcre,1.6,ensemble,142,Chla_ugL_mean,14.6580135758547
vera4cast,chlorocast_xgboost,2026-10-27 00:00:00,2026-09-29 00:00:00,P1D,fcre,1.6,ensemble,142,Chla_ugL_mean,15.0442960552539
vera4cast,chlorocast_xgboost,2026-10-28 00:00:00,2026-09-29 00:00:00,P1D,fcre,1.6,ensemble,142,Chla_ugL_mean,14.2817358750363
vera4cast,chlorocast_xgboost,2026-10-29 00:00:00,2026-09-29 00:00:00,P1D,fcre,1.6,ensemble,142,Chla_ugL_mean,14.1376239320069
vera4cast,chlorocast_xgboost,2026-10-30 00:00:00,2026-09-29 00:00:00,P1D,fcre,1.6,ensemble,142,Chla_ugL_mean,14.0531762616313
vera4cast,chlorocast_xgboost,2026-10-31 00:00:00,2026-09-29 00:00:00,P1D,fcre,1.6,ensemble,142,Chla_ugL_mean,14.3627833803872
vera4cast,chlorocast_xgboost,2026-11-01 00:00:00,2026-09-29 00:00:00,P1D,fcre,1.6,ensemble,142,Chla_ugL_mean,14.7851563019578
vera4cast,chlorocast_xgboost,2026-11-02 00:00:00,2026-09-29 00:00:00,P1D,fcre,1.6,ensemble,142,Chla_ugL_mean,14.2273518109748
vera4cast,chlorocast_xgboost,2026-11-03 00:00:00,2026-09-29 00:00:00,P1D,fcre,1.6,ensemble,142,Chla_ugL_mean,14.7765136595122
vera4cast,chlorocast_xgboost,2026-09-30 00:00:00,2026-09-29 00:00:00,P1D,fcre,1.6,ensemble,143,Chla_ugL_mean,15.0965099549566
vera4cast,chlorocast_xgboost,2026-10-01 00:00:00,2026-09-29 00:00:00,P1D,fcre,1.6,ensemble,143,Chla_ugL_mean,16.2230936431997
vera4cast,chlorocast_xgboost,2026-10-02 00:00:00,2026-09-29 00:00:00,P1D,fcre,1.6,ensemble,143,Chla_ugL_mean,16.984820388869
vera4cast,chlorocast_xgboost,2026-10-03 00:00:00,2026-09-29 00:00:00,P1D,fcre,1.6,ensemble,143,Chla_ugL_mean,16.742757615562
vera4cast,chlorocast_xgboost,2026-10-04 00:00:00,2026-09-29 00:00:00,P1D,fcre,1.6,ensemble,143,Chla_ugL_mean,17.869234957709
vera4cast,chlorocast_xgboost,2026-10-05 00:00:00,2026-09-29 00:00:00,P1D,fcre,1.6,ensemble,143,Chla_ugL_mean,18.0470714902714
vera4cast,chlorocast_xgboost,2026-10-06 00:00:00,2026-09-29 00:00:00,P1D,fcre,1.6,ensemble,143,Chla_ugL_mean,17.7022646160164
vera4cast,chlorocast_xgboost,2026-10-07 00:00:00,2026-09-29 00:00:00,P1D,fcre,1.6,ensemble,143,Chla_ugL_mean,16.7938807860642
vera4cast,chlorocast_xgboost,2026-10-08 00:00:00,2026-09-29 00:00:00,P1D,fcre,1.6,ensemble,143,Chla_ugL_mean,16.0983370154662
vera4cast,chlorocast_xgboost,2026-10-09 00:00:00,2026-09-29 00:00:00,P1D,fcre,1.6,ensemble,143,Chla_ugL_mean,16.5174860543712
vera4cast,chlorocast_xgboost,2026-10-10 00:00:00,2026-09-29 00:00:00,P1D,fcre,1.6,ensemble,143,Chla_ugL_mean,15.5093508327671
vera4cast,chlorocast_xgboost,2026-10-11 00:00:00,2026-09-29 00:00:00,P1D,fcre,1.6,ensemble,143,Chla_ugL_mean,14.8874305067056
vera4cast,chlorocast_xgboost,2026-10-12 00:00:00,2026-09-29 00:00:00,P1D,fcre,1.6,ensemble,143,Chla_ugL_mean,14.8022575269574
vera4cast,chlorocast_xgboost,2026-10-13 00:00:00,2026-09-29 00:00:00,P1D,fcre,1.6,ensemble,143,Chla_ugL_mean,15.3992864441028
vera4cast,chlorocast_xgboost,2026-10-14 00:00:00,2026-09-29 00:00:00,P1D,fcre,1.6,ensemble,143,Chla_ugL_mean,14.9509664685859
vera4cast,chlorocast_xgboost,2026-10-15 00:00:00,2026-09-29 00:00:00,P1D,fcre,1.6,ensemble,143,Chla_ugL_mean,15.1412367049649
vera4cast,chlorocast_xgboost,2026-10-16 00:00:00,2026-09-29 00:00:00,P1D,fcre,1.6,ensemble,143,Chla_ugL_mean,15.49714908125
vera4cast,chlorocast_xgboost,2026-10-17 00:00:00,2026-09-29 00:00:00,P1D,fcre,1.6,ensemble,143,Chla_ugL_mean,15.5156055032946
vera4cast,chlorocast_xgboost,2026-10-18 00:00:00,2026-09-29 00:00:00,P1D,fcre,1.6,ensemble,143,Chla_ugL_mean,15.5406028914386
vera4cast,chlorocast_xgboost,2026-10-19 00:00:00,2026-09-29 00:00:00,P1D,fcre,1.6,ensemble,143,Chla_ugL_mean,14.4924453190193
vera4cast,chlorocast_xgboost,2026-10-20 00:00:00,2026-09-29 00:00:00,P1D,fcre,1.6,ensemble,143,Chla_ugL_mean,14.3328803279096
vera4cast,chlorocast_xgboost,2026-10-21 00:00:00,2026-09-29 00:00:00,P1D,fcre,1.6,ensemble,143,Chla_ugL_mean,14.391285369671
vera4cast,chlorocast_xgboost,2026-10-22 00:00:00,2026-09-29 00:00:00,P1D,fcre,1.6,ensemble,143,Chla_ugL_mean,14.3191271672849
vera4cast,chlorocast_xgboost,2026-10-23 00:00:00,2026-09-29 00:00:00,P1D,fcre,1.6,ensemble,143,Chla_ugL_mean,14.5389684219543
vera4cast,chlorocast_xgboost,2026-10-24 00:00:00,2026-09-29 00:00:00,P1D,fcre,1.6,ensemble,143,Chla_ugL_mean,14.586937995479
vera4cast,chlorocast_xgboost,2026-10-25 00:00:00,2026-09-29 00:00:00,P1D,fcre,1.6,ensemble,143,Chla_ugL_mean,14.5659270846449
vera4cast,chlorocast_xgboost,2026-10-26 00:00:00,2026-09-29 00:00:00,P1D,fcre,1.6,ensemble,143,Chla_ugL_mean,14.7409478441864
vera4cast,chlorocast_xgboost,2026-10-27 00:00:00,2026-09-29 00:00:00,P1D,fcre,1.6,ensemble,143,Chla_ugL_mean,15.1070997383881
vera4cast,chlorocast_xgboost,2026-10-28 00:00:00,2026-09-29 00:00:00,P1D,fcre,1.6,ensemble,143,Chla_ugL_mean,14.3891467050082
vera4cast,chlorocast_xgboost,2026-10-29 00:00:00,2026-09-29 00:00:00,P1D,fcre,1.6,ensemble,143,Chla_ugL_mean,14.2120637535103
vera4cast,chlorocast_xgboost,2026-10-30 00:00:00,2026-09-29 00:00:00,P1D,fcre,1.6,ensemble,143,Chla_ugL_mean,14.1687333604162
vera4cast,chlorocast_xgboost,2026-10-31 00:00:00,2026-09-29 00:00:00,P1D,fcre,1.6,ensemble,143,Chla_ugL_mean,14.4390887632009
vera4cast,chlorocast_xgboost,2026-11-01 00:00:00,2026-09-29 00:00:00,P1D,fcre,1.6,ensemble,143,Chla_ugL_mean,14.8950010478884
vera4cast,chlorocast_xgboost,2026-11-02 00:00:00,2026-09-29 00:00:00,P1D,fcre,1.6,ensemble,143,Chla_ugL_mean,14.3310053318309
vera4cast,chlorocast_xgboost,2026-11-03 00:00:00,2026-09-29 00:00:00,P1D,fcre,1.6,ensemble,143,Chla_ugL_mean,14.8867888451236
vera4cast,chlorocast_xgboost,2026-09-30 00:00:00,2026-09-29 00:00:00,P1D,fcre,1.6,ensemble,144,Chla_ugL_mean,15.2165629234447
vera4cast,chlorocast_xgboost,2026-10-01 00:00:00,2026-09-29 00:00:00,P1D,fcre,1.6,ensemble,144,Chla_ugL_mean,16.3156894911306
vera4cast,chlorocast_xgboost,2026-10-02 00:00:00,2026-09-29 00:00:00,P1D,fcre,1.6,ensemble,144,Chla_ugL_mean,17.1000186212235
vera4cast,chlorocast_xgboost,2026-10-03 00:00:00,2026-09-29 00:00:00,P1D,fcre,1.6,ensemble,144,Chla_ugL_mean,16.8457009143369
vera4cast,chlorocast_xgboost,2026-10-04 00:00:00,2026-09-29 00:00:00,P1D,fcre,1.6,ensemble,144,Chla_ugL_mean,17.9804696513012
vera4cast,chlorocast_xgboost,2026-10-05 00:00:00,2026-09-29 00:00:00,P1D,fcre,1.6,ensemble,144,Chla_ugL_mean,18.160079149779
vera4cast,chlorocast_xgboost,2026-10-06 00:00:00,2026-09-29 00:00:00,P1D,fcre,1.6,ensemble,144,Chla_ugL_mean,17.8095970028734
vera4cast,chlorocast_xgboost,2026-10-07 00:00:00,2026-09-29 00:00:00,P1D,fcre,1.6,ensemble,144,Chla_ugL_mean,16.9335695692471
vera4cast,chlorocast_xgboost,2026-10-08 00:00:00,2026-09-29 00:00:00,P1D,fcre,1.6,ensemble,144,Chla_ugL_mean,16.2063385108371
vera4cast,chlorocast_xgboost,2026-10-09 00:00:00,2026-09-29 00:00:00,P1D,fcre,1.6,ensemble,144,Chla_ugL_mean,16.6415885318536
vera4cast,chlorocast_xgboost,2026-10-10 00:00:00,2026-09-29 00:00:00,P1D,fcre,1.6,ensemble,144,Chla_ugL_mean,15.6125171460959
vera4cast,chlorocast_xgboost,2026-10-11 00:00:00,2026-09-29 00:00:00,P1D,fcre,1.6,ensemble,144,Chla_ugL_mean,14.9938128599939
vera4cast,chlorocast_xgboost,2026-10-12 00:00:00,2026-09-29 00:00:00,P1D,fcre,1.6,ensemble,144,Chla_ugL_mean,14.9607764847329
vera4cast,chlorocast_xgboost,2026-10-13 00:00:00,2026-09-29 00:00:00,P1D,fcre,1.6,ensemble,144,Chla_ugL_mean,15.4803441534613
vera4cast,chlorocast_xgboost,2026-10-14 00:00:00,2026-09-29 00:00:00,P1D,fcre,1.6,ensemble,144,Chla_ugL_mean,15.0661894745786
vera4cast,chlorocast_xgboost,2026-10-15 00:00:00,2026-09-29 00:00:00,P1D,fcre,1.6,ensemble,144,Chla_ugL_mean,15.2355326395782
vera4cast,chlorocast_xgboost,2026-10-16 00:00:00,2026-09-29 00:00:00,P1D,fcre,1.6,ensemble,144,Chla_ugL_mean,15.5912364285605
vera4cast,chlorocast_xgboost,2026-10-17 00:00:00,2026-09-29 00:00:00,P1D,fcre,1.6,ensemble,144,Chla_ugL_mean,15.6298390697566
vera4cast,chlorocast_xgboost,2026-10-18 00:00:00,2026-09-29 00:00:00,P1D,fcre,1.6,ensemble,144,Chla_ugL_mean,15.6390433858746
vera4cast,chlorocast_xgboost,2026-10-19 00:00:00,2026-09-29 00:00:00,P1D,fcre,1.6,ensemble,144,Chla_ugL_mean,14.5989689089697
vera4cast,chlorocast_xgboost,2026-10-20 00:00:00,2026-09-29 00:00:00,P1D,fcre,1.6,ensemble,144,Chla_ugL_mean,14.4474704489485
vera4cast,chlorocast_xgboost,2026-10-21 00:00:00,2026-09-29 00:00:00,P1D,fcre,1.6,ensemble,144,Chla_ugL_mean,14.5000902739204
vera4cast,chlorocast_xgboost,2026-10-22 00:00:00,2026-09-29 00:00:00,P1D,fcre,1.6,ensemble,144,Chla_ugL_mean,14.4239455603608
vera4cast,chlorocast_xgboost,2026-10-23 00:00:00,2026-09-29 00:00:00,P1D,fcre,1.6,ensemble,144,Chla_ugL_mean,14.6417627331349
vera4cast,chlorocast_xgboost,2026-10-24 00:00:00,2026-09-29 00:00:00,P1D,fcre,1.6,ensemble,144,Chla_ugL_mean,14.6807041252557
vera4cast,chlorocast_xgboost,2026-10-25 00:00:00,2026-09-29 00:00:00,P1D,fcre,1.6,ensemble,144,Chla_ugL_mean,14.655857097183
vera4cast,chlorocast_xgboost,2026-10-26 00:00:00,2026-09-29 00:00:00,P1D,fcre,1.6,ensemble,144,Chla_ugL_mean,14.8243213823418
vera4cast,chlorocast_xgboost,2026-10-27 00:00:00,2026-09-29 00:00:00,P1D,fcre,1.6,ensemble,144,Chla_ugL_mean,15.1701492598315
vera4cast,chlorocast_xgboost,2026-10-28 00:00:00,2026-09-29 00:00:00,P1D,fcre,1.6,ensemble,144,Chla_ugL_mean,14.4973124941346
vera4cast,chlorocast_xgboost,2026-10-29 00:00:00,2026-09-29 00:00:00,P1D,fcre,1.6,ensemble,144,Chla_ugL_mean,14.2868696355692
vera4cast,chlorocast_xgboost,2026-10-30 00:00:00,2026-09-29 00:00:00,P1D,fcre,1.6,ensemble,144,Chla_ugL_mean,14.2851775439496
vera4cast,chlorocast_xgboost,2026-10-31 00:00:00,2026-09-29 00:00:00,P1D,fcre,1.6,ensemble,144,Chla_ugL_mean,14.5157731470916
vera4cast,chlorocast_xgboost,2026-11-01 00:00:00,2026-09-29 00:00:00,P1D,fcre,1.6,ensemble,144,Chla_ugL_mean,15.0056101744801
vera4cast,chlorocast_xgboost,2026-11-02 00:00:00,2026-09-29 00:00:00,P1D,fcre,1.6,ensemble,144,Chla_ugL_mean,14.4353644285822
vera4cast,chlorocast_xgboost,2026-11-03 00:00:00,2026-09-29 00:00:00,P1D,fcre,1.6,ensemble,144,Chla_ugL_mean,14.9978348357953
vera4cast,chlorocast_xgboost,2026-09-30 00:00:00,2026-09-29 00:00:00,P1D,fcre,1.6,ensemble,145,Chla_ugL_mean,15.3375112857345
vera4cast,chlorocast_xgboost,2026-10-01 00:00:00,2026-09-29 00:00:00,P1D,fcre,1.6,ensemble,145,Chla_ugL_mean,16.4087831585144
vera4cast,chlorocast_xgboost,2026-10-02 00:00:00,2026-09-29 00:00:00,P1D,fcre,1.6,ensemble,145,Chla_ugL_mean,17.2159547332148
vera4cast,chlorocast_xgboost,2026-10-03 00:00:00,2026-09-29 00:00:00,P1D,fcre,1.6,ensemble,145,Chla_ugL_mean,16.9492414890818
vera4cast,chlorocast_xgboost,2026-10-04 00:00:00,2026-09-29 00:00:00,P1D,fcre,1.6,ensemble,145,Chla_ugL_mean,18.0923600766752
vera4cast,chlorocast_xgboost,2026-10-05 00:00:00,2026-09-29 00:00:00,P1D,fcre,1.6,ensemble,145,Chla_ugL_mean,18.273757291944
vera4cast,chlorocast_xgboost,2026-10-06 00:00:00,2026-09-29 00:00:00,P1D,fcre,1.6,ensemble,145,Chla_ugL_mean,17.9175453708164
vera4cast,chlorocast_xgboost,2026-10-07 00:00:00,2026-09-29 00:00:00,P1D,fcre,1.6,ensemble,145,Chla_ugL_mean,17.0743549629099
vera4cast,chlorocast_xgboost,2026-10-08 00:00:00,2026-09-29 00:00:00,P1D,fcre,1.6,ensemble,145,Chla_ugL_mean,16.3150221967036
vera4cast,chlorocast_xgboost,2026-10-09 00:00:00,2026-09-29 00:00:00,P1D,fcre,1.6,ensemble,145,Chla_ugL_mean,16.7665702122576
vera4cast,chlorocast_xgboost,2026-10-10 00:00:00,2026-09-29 00:00:00,P1D,fcre,1.6,ensemble,145,Chla_ugL_mean,15.7163281418421
vera4cast,chlorocast_xgboost,2026-10-11 00:00:00,2026-09-29 00:00:00,P1D,fcre,1.6,ensemble,145,Chla_ugL_mean,15.1009075503141
vera4cast,chlorocast_xgboost,2026-10-12 00:00:00,2026-09-29 00:00:00,P1D,fcre,1.6,ensemble,145,Chla_ugL_mean,15.1208856115036
vera4cast,chlorocast_xgboost,2026-10-13 00:00:00,2026-09-29 00:00:00,P1D,fcre,1.6,ensemble,145,Chla_ugL_mean,15.5618025114864
vera4cast,chlorocast_xgboost,2026-10-14 00:00:00,2026-09-29 00:00:00,P1D,fcre,1.6,ensemble,145,Chla_ugL_mean,15.1822448026213
vera4cast,chlorocast_xgboost,2026-10-15 00:00:00,2026-09-29 00:00:00,P1D,fcre,1.6,ensemble,145,Chla_ugL_mean,15.3303794442051
vera4cast,chlorocast_xgboost,2026-10-16 00:00:00,2026-09-29 00:00:00,P1D,fcre,1.6,ensemble,145,Chla_ugL_mean,15.6858603794308
vera4cast,chlorocast_xgboost,2026-10-17 00:00:00,2026-09-29 00:00:00,P1D,fcre,1.6,ensemble,145,Chla_ugL_mean,15.7448627560665
vera4cast,chlorocast_xgboost,2026-10-18 00:00:00,2026-09-29 00:00:00,P1D,fcre,1.6,ensemble,145,Chla_ugL_mean,15.738069743535
vera4cast,chlorocast_xgboost,2026-10-19 00:00:00,2026-09-29 00:00:00,P1D,fcre,1.6,ensemble,145,Chla_ugL_mean,14.706224938182
vera4cast,chlorocast_xgboost,2026-10-20 00:00:00,2026-09-29 00:00:00,P1D,fcre,1.6,ensemble,145,Chla_ugL_mean,14.5629169580605
vera4cast,chlorocast_xgboost,2026-10-21 00:00:00,2026-09-29 00:00:00,P1D,fcre,1.6,ensemble,145,Chla_ugL_mean,14.6096643476644
vera4cast,chlorocast_xgboost,2026-10-22 00:00:00,2026-09-29 00:00:00,P1D,fcre,1.6,ensemble,145,Chla_ugL_mean,14.5294811545805
vera4cast,chlorocast_xgboost,2026-10-23 00:00:00,2026-09-29 00:00:00,P1D,fcre,1.6,ensemble,145,Chla_ugL_mean,14.7452370553771
vera4cast,chlorocast_xgboost,2026-10-24 00:00:00,2026-09-29 00:00:00,P1D,fcre,1.6,ensemble,145,Chla_ugL_mean,14.7750343226573
vera4cast,chlorocast_xgboost,2026-10-25 00:00:00,2026-09-29 00:00:00,P1D,fcre,1.6,ensemble,145,Chla_ugL_mean,14.7463066680558
vera4cast,chlorocast_xgboost,2026-10-26 00:00:00,2026-09-29 00:00:00,P1D,fcre,1.6,ensemble,145,Chla_ugL_mean,14.9081365169585
vera4cast,chlorocast_xgboost,2026-10-27 00:00:00,2026-09-29 00:00:00,P1D,fcre,1.6,ensemble,145,Chla_ugL_mean,15.233445581892
vera4cast,chlorocast_xgboost,2026-10-28 00:00:00,2026-09-29 00:00:00,P1D,fcre,1.6,ensemble,145,Chla_ugL_mean,14.6062385488015
vera4cast,chlorocast_xgboost,2026-10-29 00:00:00,2026-09-29 00:00:00,P1D,fcre,1.6,ensemble,145,Chla_ugL_mean,14.3620433782998
vera4cast,chlorocast_xgboost,2026-10-30 00:00:00,2026-09-29 00:00:00,P1D,fcre,1.6,ensemble,145,Chla_ugL_mean,14.4025156220196
vera4cast,chlorocast_xgboost,2026-10-31 00:00:00,2026-09-29 00:00:00,P1D,fcre,1.6,ensemble,145,Chla_ugL_mean,14.5928384145191
vera4cast,chlorocast_xgboost,2026-11-01 00:00:00,2026-09-29 00:00:00,P1D,fcre,1.6,ensemble,145,Chla_ugL_mean,15.1169890008565
vera4cast,chlorocast_xgboost,2026-11-02 00:00:00,2026-09-29 00:00:00,P1D,fcre,1.6,ensemble,145,Chla_ugL_mean,14.5404339041272
vera4cast,chlorocast_xgboost,2026-11-03 00:00:00,2026-09-29 00:00:00,P1D,fcre,1.6,ensemble,145,Chla_ugL_mean,15.1096570193253
vera4cast,chlorocast_xgboost,2026-09-30 00:00:00,2026-09-29 00:00:00,P1D,fcre,1.6,ensemble,146,Chla_ugL_mean,15.4593617199622
vera4cast,chlorocast_xgboost,2026-10-01 00:00:00,2026-09-29 00:00:00,P1D,fcre,1.6,ensemble,146,Chla_ugL_mean,16.5023773217583
vera4cast,chlorocast_xgboost,2026-10-02 00:00:00,2026-09-29 00:00:00,P1D,fcre,1.6,ensemble,146,Chla_ugL_mean,17.332633451186
vera4cast,chlorocast_xgboost,2026-10-03 00:00:00,2026-09-29 00:00:00,P1D,fcre,1.6,ensemble,146,Chla_ugL_mean,17.0533828051855
vera4cast,chlorocast_xgboost,2026-10-04 00:00:00,2026-09-29 00:00:00,P1D,fcre,1.6,ensemble,146,Chla_ugL_mean,18.2049100993889
vera4cast,chlorocast_xgboost,2026-10-05 00:00:00,2026-09-29 00:00:00,P1D,fcre,1.6,ensemble,146,Chla_ugL_mean,18.3881098947886
vera4cast,chlorocast_xgboost,2026-10-06 00:00:00,2026-09-29 00:00:00,P1D,fcre,1.6,ensemble,146,Chla_ugL_mean,18.0261132549638
vera4cast,chlorocast_xgboost,2026-10-07 00:00:00,2026-09-29 00:00:00,P1D,fcre,1.6,ensemble,146,Chla_ugL_mean,17.216245575865
vera4cast,chlorocast_xgboost,2026-10-08 00:00:00,2026-09-29 00:00:00,P1D,fcre,1.6,ensemble,146,Chla_ugL_mean,16.424392382116
vera4cast,chlorocast_xgboost,2026-10-09 00:00:00,2026-09-29 00:00:00,P1D,fcre,1.6,ensemble,146,Chla_ugL_mean,16.8924373242885
vera4cast,chlorocast_xgboost,2026-10-10 00:00:00,2026-09-29 00:00:00,P1D,fcre,1.6,ensemble,146,Chla_ugL_mean,15.8207878486021
vera4cast,chlorocast_xgboost,2026-10-11 00:00:00,2026-09-29 00:00:00,P1D,fcre,1.6,ensemble,146,Chla_ugL_mean,15.2087193474802
vera4cast,chlorocast_xgboost,2026-10-12 00:00:00,2026-09-29 00:00:00,P1D,fcre,1.6,ensemble,146,Chla_ugL_mean,15.2826008589101
vera4cast,chlorocast_xgboost,2026-10-13 00:00:00,2026-09-29 00:00:00,P1D,fcre,1.6,ensemble,146,Chla_ugL_mean,15.6436634984875
vera4cast,chlorocast_xgboost,2026-10-14 00:00:00,2026-09-29 00:00:00,P1D,fcre,1.6,ensemble,146,Chla_ugL_mean,15.2991384650549
vera4cast,chlorocast_xgboost,2026-10-15 00:00:00,2026-09-29 00:00:00,P1D,fcre,1.6,ensemble,146,Chla_ugL_mean,15.4257803369884
vera4cast,chlorocast_xgboost,2026-10-16 00:00:00,2026-09-29 00:00:00,P1D,fcre,1.6,ensemble,146,Chla_ugL_mean,15.7810239942445
vera4cast,chlorocast_xgboost,2026-10-17 00:00:00,2026-09-29 00:00:00,P1D,fcre,1.6,ensemble,146,Chla_ugL_mean,15.8606820272498
vera4cast,chlorocast_xgboost,2026-10-18 00:00:00,2026-09-29 00:00:00,P1D,fcre,1.6,ensemble,146,Chla_ugL_mean,15.8376854511529
vera4cast,chlorocast_xgboost,2026-10-19 00:00:00,2026-09-29 00:00:00,P1D,fcre,1.6,ensemble,146,Chla_ugL_mean,14.8142184427922
vera4cast,chlorocast_xgboost,2026-10-20 00:00:00,2026-09-29 00:00:00,P1D,fcre,1.6,ensemble,146,Chla_ugL_mean,14.6792262554529
vera4cast,chlorocast_xgboost,2026-10-21 00:00:00,2026-09-29 00:00:00,P1D,fcre,1.6,ensemble,146,Chla_ugL_mean,14.7200130283574
vera4cast,chlorocast_xgboost,2026-10-22 00:00:00,2026-09-29 00:00:00,P1D,fcre,1.6,ensemble,146,Chla_ugL_mean,14.6357388572649
vera4cast,chlorocast_xgboost,2026-10-23 00:00:00,2026-09-29 00:00:00,P1D,fcre,1.6,ensemble,146,Chla_ugL_mean,14.8493958871305
vera4cast,chlorocast_xgboost,2026-10-24 00:00:00,2026-09-29 00:00:00,P1D,fcre,1.6,ensemble,146,Chla_ugL_mean,14.8699319809376
vera4cast,chlorocast_xgboost,2026-10-25 00:00:00,2026-09-29 00:00:00,P1D,fcre,1.6,ensemble,146,Chla_ugL_mean,14.8372787989405
vera4cast,chlorocast_xgboost,2026-10-26 00:00:00,2026-09-29 00:00:00,P1D,fcre,1.6,ensemble,146,Chla_ugL_mean,14.9923955869972
vera4cast,chlorocast_xgboost,2026-10-27 00:00:00,2026-09-29 00:00:00,P1D,fcre,1.6,ensemble,146,Chla_ugL_mean,15.2969896706442
vera4cast,chlorocast_xgboost,2026-10-28 00:00:00,2026-09-29 00:00:00,P1D,fcre,1.6,ensemble,146,Chla_ugL_mean,14.7159302126919
vera4cast,chlorocast_xgboost,2026-10-29 00:00:00,2026-09-29 00:00:00,P1D,fcre,1.6,ensemble,146,Chla_ugL_mean,14.4375867906705
vera4cast,chlorocast_xgboost,2026-10-30 00:00:00,2026-09-29 00:00:00,P1D,fcre,1.6,ensemble,146,Chla_ugL_mean,14.5207544566904
vera4cast,chlorocast_xgboost,2026-10-31 00:00:00,2026-09-29 00:00:00,P1D,fcre,1.6,ensemble,146,Chla_ugL_mean,14.6702864572931
vera4cast,chlorocast_xgboost,2026-11-01 00:00:00,2026-09-29 00:00:00,P1D,fcre,1.6,ensemble,146,Chla_ugL_mean,15.2291428831559
vera4cast,chlorocast_xgboost,2026-11-02 00:00:00,2026-09-29 00:00:00,P1D,fcre,1.6,ensemble,146,Chla_ugL_mean,14.6462185940582
vera4cast,chlorocast_xgboost,2026-11-03 00:00:00,2026-09-29 00:00:00,P1D,fcre,1.6,ensemble,146,Chla_ugL_mean,15.2222608211717
vera4cast,chlorocast_xgboost,2026-09-30 00:00:00,2026-09-29 00:00:00,P1D,fcre,1.6,ensemble,147,Chla_ugL_mean,15.5821209540713
vera4cast,chlorocast_xgboost,2026-10-01 00:00:00,2026-09-29 00:00:00,P1D,fcre,1.6,ensemble,147,Chla_ugL_mean,16.5964746716589
vera4cast,chlorocast_xgboost,2026-10-02 00:00:00,2026-09-29 00:00:00,P1D,fcre,1.6,ensemble,147,Chla_ugL_mean,17.4500595317537
vera4cast,chlorocast_xgboost,2026-10-03 00:00:00,2026-09-29 00:00:00,P1D,fcre,1.6,ensemble,147,Chla_ugL_mean,17.1581283481434
vera4cast,chlorocast_xgboost,2026-10-04 00:00:00,2026-09-29 00:00:00,P1D,fcre,1.6,ensemble,147,Chla_ugL_mean,18.3181236077881
vera4cast,chlorocast_xgboost,2026-10-05 00:00:00,2026-09-29 00:00:00,P1D,fcre,1.6,ensemble,147,Chla_ugL_mean,18.5031409599372
vera4cast,chlorocast_xgboost,2026-10-06 00:00:00,2026-09-29 00:00:00,P1D,fcre,1.6,ensemble,147,Chla_ugL_mean,18.1353042107221
vera4cast,chlorocast_xgboost,2026-10-07 00:00:00,2026-09-29 00:00:00,P1D,fcre,1.6,ensemble,147,Chla_ugL_mean,17.3592500845074
vera4cast,chlorocast_xgboost,2026-10-08 00:00:00,2026-09-29 00:00:00,P1D,fcre,1.6,ensemble,147,Chla_ugL_mean,16.5344534033425
vera4cast,chlorocast_xgboost,2026-10-09 00:00:00,2026-09-29 00:00:00,P1D,fcre,1.6,ensemble,147,Chla_ugL_mean,17.0191961407792
vera4cast,chlorocast_xgboost,2026-10-10 00:00:00,2026-09-29 00:00:00,P1D,fcre,1.6,ensemble,147,Chla_ugL_mean,15.9259003201465
vera4cast,chlorocast_xgboost,2026-10-11 00:00:00,2026-09-29 00:00:00,P1D,fcre,1.6,ensemble,147,Chla_ugL_mean,15.317253053245
vera4cast,chlorocast_xgboost,2026-10-12 00:00:00,2026-09-29 00:00:00,P1D,fcre,1.6,ensemble,147,Chla_ugL_mean,15.4459383386103
vera4cast,chlorocast_xgboost,2026-10-13 00:00:00,2026-09-29 00:00:00,P1D,fcre,1.6,ensemble,147,Chla_ugL_mean,15.7259291045625
vera4cast,chlorocast_xgboost,2026-10-14 00:00:00,2026-09-29 00:00:00,P1D,fcre,1.6,ensemble,147,Chla_ugL_mean,15.4168765176509
vera4cast,chlorocast_xgboost,2026-10-15 00:00:00,2026-09-29 00:00:00,P1D,fcre,1.6,ensemble,147,Chla_ugL_mean,15.5217385548709
vera4cast,chlorocast_xgboost,2026-10-16 00:00:00,2026-09-29 00:00:00,P1D,fcre,1.6,ensemble,147,Chla_ugL_mean,15.8767303508396
vera4cast,chlorocast_xgboost,2026-10-17 00:00:00,2026-09-29 00:00:00,P1D,fcre,1.6,ensemble,147,Chla_ugL_mean,15.9773023861323
vera4cast,chlorocast_xgboost,2026-10-18 00:00:00,2026-09-29 00:00:00,P1D,fcre,1.6,ensemble,147,Chla_ugL_mean,15.9378940162123
vera4cast,chlorocast_xgboost,2026-10-19 00:00:00,2026-09-29 00:00:00,P1D,fcre,1.6,ensemble,147,Chla_ugL_mean,14.9229544935638
vera4cast,chlorocast_xgboost,2026-10-20 00:00:00,2026-09-29 00:00:00,P1D,fcre,1.6,ensemble,147,Chla_ugL_mean,14.7964047891651
vera4cast,chlorocast_xgboost,2026-10-21 00:00:00,2026-09-29 00:00:00,P1D,fcre,1.6,ensemble,147,Chla_ugL_mean,14.8311417918927
vera4cast,chlorocast_xgboost,2026-10-22 00:00:00,2026-09-29 00:00:00,P1D,fcre,1.6,ensemble,147,Chla_ugL_mean,14.7427236093122
vera4cast,chlorocast_xgboost,2026-10-23 00:00:00,2026-09-29 00:00:00,P1D,fcre,1.6,ensemble,147,Chla_ugL_mean,14.9542437566033
vera4cast,chlorocast_xgboost,2026-10-24 00:00:00,2026-09-29 00:00:00,P1D,fcre,1.6,ensemble,147,Chla_ugL_mean,14.9654005137633
vera4cast,chlorocast_xgboost,2026-10-25 00:00:00,2026-09-29 00:00:00,P1D,fcre,1.6,ensemble,147,Chla_ugL_mean,14.928776508856
vera4cast,chlorocast_xgboost,2026-10-26 00:00:00,2026-09-29 00:00:00,P1D,fcre,1.6,ensemble,147,Chla_ugL_mean,15.0771009438072
vera4cast,chlorocast_xgboost,2026-10-27 00:00:00,2026-09-29 00:00:00,P1D,fcre,1.6,ensemble,147,Chla_ugL_mean,15.3607824959443
vera4cast,chlorocast_xgboost,2026-10-28 00:00:00,2026-09-29 00:00:00,P1D,fcre,1.6,ensemble,147,Chla_ugL_mean,14.826392867048
vera4cast,chlorocast_xgboost,2026-10-29 00:00:00,2026-09-29 00:00:00,P1D,fcre,1.6,ensemble,147,Chla_ugL_mean,14.5135016905453
vera4cast,chlorocast_xgboost,2026-10-30 00:00:00,2026-09-29 00:00:00,P1D,fcre,1.6,ensemble,147,Chla_ugL_mean,14.6399009627031
vera4cast,chlorocast_xgboost,2026-10-31 00:00:00,2026-09-29 00:00:00,P1D,fcre,1.6,ensemble,147,Chla_ugL_mean,14.7481191766199
vera4cast,chlorocast_xgboost,2026-11-01 00:00:00,2026-09-29 00:00:00,P1D,fcre,1.6,ensemble,147,Chla_ugL_mean,15.3420772147881
vera4cast,chlorocast_xgboost,2026-11-02 00:00:00,2026-09-29 00:00:00,P1D,fcre,1.6,ensemble,147,Chla_ugL_mean,14.7527233668835
vera4cast,chlorocast_xgboost,2026-11-03 00:00:00,2026-09-29 00:00:00,P1D,fcre,1.6,ensemble,147,Chla_ugL_mean,15.3356517047155
vera4cast,chlorocast_xgboost,2026-09-30 00:00:00,2026-09-29 00:00:00,P1D,fcre,1.6,ensemble,148,Chla_ugL_mean,15.705795766185
vera4cast,chlorocast_xgboost,2026-10-01 00:00:00,2026-09-29 00:00:00,P1D,fcre,1.6,ensemble,148,Chla_ugL_mean,16.6910779134789
vera4cast,chlorocast_xgboost,2026-10-02 00:00:00,2026-09-29 00:00:00,P1D,fcre,1.6,ensemble,148,Chla_ugL_mean,17.5682377620022
vera4cast,chlorocast_xgboost,2026-10-03 00:00:00,2026-09-29 00:00:00,P1D,fcre,1.6,ensemble,148,Chla_ugL_mean,17.2634816236736
vera4cast,chlorocast_xgboost,2026-10-04 00:00:00,2026-09-29 00:00:00,P1D,fcre,1.6,ensemble,148,Chla_ugL_mean,18.4320045131404
vera4cast,chlorocast_xgboost,2026-10-05 00:00:00,2026-09-29 00:00:00,P1D,fcre,1.6,ensemble,148,Chla_ugL_mean,18.6188545127558
vera4cast,chlorocast_xgboost,2026-10-06 00:00:00,2026-09-29 00:00:00,P1D,fcre,1.6,ensemble,148,Chla_ugL_mean,18.2451218139023
vera4cast,chlorocast_xgboost,2026-10-07 00:00:00,2026-09-29 00:00:00,P1D,fcre,1.6,ensemble,148,Chla_ugL_mean,17.5033772333452
vera4cast,chlorocast_xgboost,2026-10-08 00:00:00,2026-09-29 00:00:00,P1D,fcre,1.6,ensemble,148,Chla_ugL_mean,16.6452096240416
vera4cast,chlorocast_xgboost,2026-10-09 00:00:00,2026-09-29 00:00:00,P1D,fcre,1.6,ensemble,148,Chla_ugL_mean,17.1468529790019
vera4cast,chlorocast_xgboost,2026-10-10 00:00:00,2026-09-29 00:00:00,P1D,fcre,1.6,ensemble,148,Chla_ugL_mean,16.031669635578
vera4cast,chlorocast_xgboost,2026-10-11 00:00:00,2026-09-29 00:00:00,P1D,fcre,1.6,ensemble,148,Chla_ugL_mean,15.426513501514
vera4cast,chlorocast_xgboost,2026-10-12 00:00:00,2026-09-29 00:00:00,P1D,fcre,1.6,ensemble,148,Chla_ugL_mean,15.6109143238851
vera4cast,chlorocast_xgboost,2026-10-13 00:00:00,2026-09-29 00:00:00,P1D,fcre,1.6,ensemble,148,Chla_ugL_mean,15.8086013296455
vera4cast,chlorocast_xgboost,2026-10-14 00:00:00,2026-09-29 00:00:00,P1D,fcre,1.6,ensemble,148,Chla_ugL_mean,15.5354650599252
vera4cast,chlorocast_xgboost,2026-10-15 00:00:00,2026-09-29 00:00:00,P1D,fcre,1.6,ensemble,148,Chla_ugL_mean,15.6182573537055
vera4cast,chlorocast_xgboost,2026-10-16 00:00:00,2026-09-29 00:00:00,P1D,fcre,1.6,ensemble,148,Chla_ugL_mean,15.9729825446074
vera4cast,chlorocast_xgboost,2026-10-17 00:00:00,2026-09-29 00:00:00,P1D,fcre,1.6,ensemble,148,Chla_ugL_mean,16.094729373601
vera4cast,chlorocast_xgboost,2026-10-18 00:00:00,2026-09-29 00:00:00,P1D,fcre,1.6,ensemble,148,Chla_ugL_mean,16.0386989670719
vera4cast,chlorocast_xgboost,2026-10-19 00:00:00,2026-09-29 00:00:00,P1D,fcre,1.6,ensemble,148,Chla_ugL_mean,15.0324381961262
vera4cast,chlorocast_xgboost,2026-10-20 00:00:00,2026-09-29 00:00:00,P1D,fcre,1.6,ensemble,148,Chla_ugL_mean,14.9144590554254
vera4cast,chlorocast_xgboost,2026-10-21 00:00:00,2026-09-29 00:00:00,P1D,fcre,1.6,ensemble,148,Chla_ugL_mean,14.9430561528738
vera4cast,chlorocast_xgboost,2026-10-22 00:00:00,2026-09-29 00:00:00,P1D,fcre,1.6,ensemble,148,Chla_ugL_mean,14.8504403854279
vera4cast,chlorocast_xgboost,2026-10-23 00:00:00,2026-09-29 00:00:00,P1D,fcre,1.6,ensemble,148,Chla_ugL_mean,15.0597852219589
vera4cast,chlorocast_xgboost,2026-10-24 00:00:00,2026-09-29 00:00:00,P1D,fcre,1.6,ensemble,148,Chla_ugL_mean,15.0614433553365
vera4cast,chlorocast_xgboost,2026-10-25 00:00:00,2026-09-29 00:00:00,P1D,fcre,1.6,ensemble,148,Chla_ugL_mean,15.0208028342632
vera4cast,chlorocast_xgboost,2026-10-26 00:00:00,2026-09-29 00:00:00,P1D,fcre,1.6,ensemble,148,Chla_ugL_mean,15.162254951192
vera4cast,chlorocast_xgboost,2026-10-27 00:00:00,2026-09-29 00:00:00,P1D,fcre,1.6,ensemble,148,Chla_ugL_mean,15.424825031445
vera4cast,chlorocast_xgboost,2026-10-28 00:00:00,2026-09-29 00:00:00,P1D,fcre,1.6,ensemble,148,Chla_ugL_mean,14.9376319309352
vera4cast,chlorocast_xgboost,2026-10-29 00:00:00,2026-09-29 00:00:00,P1D,fcre,1.6,ensemble,148,Chla_ugL_mean,14.5897899047277
vera4cast,chlorocast_xgboost,2026-10-30 00:00:00,2026-09-29 00:00:00,P1D,fcre,1.6,ensemble,148,Chla_ugL_mean,14.7599621078807
vera4cast,chlorocast_xgboost,2026-10-31 00:00:00,2026-09-29 00:00:00,P1D,fcre,1.6,ensemble,148,Chla_ugL_mean,14.8263384831488
vera4cast,chlorocast_xgboost,2026-11-01 00:00:00,2026-09-29 00:00:00,P1D,fcre,1.6,ensemble,148,Chla_ugL_mean,15.4557974266947
vera4cast,chlorocast_xgboost,2026-11-02 00:00:00,2026-09-29 00:00:00,P1D,fcre,1.6,ensemble,148,Chla_ugL_mean,14.8599531242516
vera4cast,chlorocast_xgboost,2026-11-03 00:00:00,2026-09-29 00:00:00,P1D,fcre,1.6,ensemble,148,Chla_ugL_mean,15.4498351715256
vera4cast,chlorocast_xgboost,2026-09-30 00:00:00,2026-09-29 00:00:00,P1D,fcre,1.6,ensemble,149,Chla_ugL_mean,15.8303929849796
vera4cast,chlorocast_xgboost,2026-10-01 00:00:00,2026-09-29 00:00:00,P1D,fcre,1.6,ensemble,149,Chla_ugL_mean,16.7861897670254
vera4cast,chlorocast_xgboost,2026-10-02 00:00:00,2026-09-29 00:00:00,P1D,fcre,1.6,ensemble,149,Chla_ugL_mean,17.6871729596783
vera4cast,chlorocast_xgboost,2026-10-03 00:00:00,2026-09-29 00:00:00,P1D,fcre,1.6,ensemble,149,Chla_ugL_mean,17.3694461578341
vera4cast,chlorocast_xgboost,2026-10-04 00:00:00,2026-09-29 00:00:00,P1D,fcre,1.6,ensemble,149,Chla_ugL_mean,18.5465567497704
vera4cast,chlorocast_xgboost,2026-10-05 00:00:00,2026-09-29 00:00:00,P1D,fcre,1.6,ensemble,149,Chla_ugL_mean,18.7352546024935
vera4cast,chlorocast_xgboost,2026-10-06 00:00:00,2026-09-29 00:00:00,P1D,fcre,1.6,ensemble,149,Chla_ugL_mean,18.3555696608369
vera4cast,chlorocast_xgboost,2026-10-07 00:00:00,2026-09-29 00:00:00,P1D,fcre,1.6,ensemble,149,Chla_ugL_mean,17.6486358355342
vera4cast,chlorocast_xgboost,2026-10-08 00:00:00,2026-09-29 00:00:00,P1D,fcre,1.6,ensemble,149,Chla_ugL_mean,16.7566654354346
vera4cast,chlorocast_xgboost,2026-10-09 00:00:00,2026-09-29 00:00:00,P1D,fcre,1.6,ensemble,149,Chla_ugL_mean,17.275414200984
vera4cast,chlorocast_xgboost,2026-10-10 00:00:00,2026-09-29 00:00:00,P1D,fcre,1.6,ensemble,149,Chla_ugL_mean,16.1380998994893
vera4cast,chlorocast_xgboost,2026-10-11 00:00:00,2026-09-29 00:00:00,P1D,fcre,1.6,ensemble,149,Chla_ugL_mean,15.5365055585603
vera4cast,chlorocast_xgboost,2026-10-12 00:00:00,2026-09-29 00:00:00,P1D,fcre,1.6,ensemble,149,Chla_ugL_mean,15.7775452512591
vera4cast,chlorocast_xgboost,2026-10-13 00:00:00,2026-09-29 00:00:00,P1D,fcre,1.6,ensemble,149,Chla_ugL_mean,15.8916821835562
vera4cast,chlorocast_xgboost,2026-10-14 00:00:00,2026-09-29 00:00:00,P1D,fcre,1.6,ensemble,149,Chla_ugL_mean,15.6549102354539
vera4cast,chlorocast_xgboost,2026-10-15 00:00:00,2026-09-29 00:00:00,P1D,fcre,1.6,ensemble,149,Chla_ugL_mean,15.7153400083653
vera4cast,chlorocast_xgboost,2026-10-16 00:00:00,2026-09-29 00:00:00,P1D,fcre,1.6,ensemble,149,Chla_ugL_mean,16.0697836885932
vera4cast,chlorocast_xgboost,2026-10-17 00:00:00,2026-09-29 00:00:00,P1D,fcre,1.6,ensemble,149,Chla_ugL_mean,16.2129685688675
vera4cast,chlorocast_xgboost,2026-10-18 00:00:00,2026-09-29 00:00:00,P1D,fcre,1.6,ensemble,149,Chla_ugL_mean,16.1401038530892
vera4cast,chlorocast_xgboost,2026-10-19 00:00:00,2026-09-29 00:00:00,P1D,fcre,1.6,ensemble,149,Chla_ugL_mean,15.142674691214
vera4cast,chlorocast_xgboost,2026-10-20 00:00:00,2026-09-29 00:00:00,P1D,fcre,1.6,ensemble,149,Chla_ugL_mean,15.033395599012
vera4cast,chlorocast_xgboost,2026-10-21 00:00:00,2026-09-29 00:00:00,P1D,fcre,1.6,ensemble,149,Chla_ugL_mean,15.0557616648887
vera4cast,chlorocast_xgboost,2026-10-22 00:00:00,2026-09-29 00:00:00,P1D,fcre,1.6,ensemble,149,Chla_ugL_mean,14.958894194356
vera4cast,chlorocast_xgboost,2026-10-23 00:00:00,2026-09-29 00:00:00,P1D,fcre,1.6,ensemble,149,Chla_ugL_mean,15.1660248715143
vera4cast,chlorocast_xgboost,2026-10-24 00:00:00,2026-09-29 00:00:00,P1D,fcre,1.6,ensemble,149,Chla_ugL_mean,15.1580639605186
vera4cast,chlorocast_xgboost,2026-10-25 00:00:00,2026-09-29 00:00:00,P1D,fcre,1.6,ensemble,149,Chla_ugL_mean,15.1133608291658
vera4cast,chlorocast_xgboost,2026-10-26 00:00:00,2026-09-29 00:00:00,P1D,fcre,1.6,ensemble,149,Chla_ugL_mean,15.2478599854751
vera4cast,chlorocast_xgboost,2026-10-27 00:00:00,2026-09-29 00:00:00,P1D,fcre,1.6,ensemble,149,Chla_ugL_mean,15.4891182546102
vera4cast,chlorocast_xgboost,2026-10-28 00:00:00,2026-09-29 00:00:00,P1D,fcre,1.6,ensemble,149,Chla_ugL_mean,15.049652861508
vera4cast,chlorocast_xgboost,2026-10-29 00:00:00,2026-09-29 00:00:00,P1D,fcre,1.6,ensemble,149,Chla_ugL_mean,14.6664532690045
vera4cast,chlorocast_xgboost,2026-10-30 00:00:00,2026-09-29 00:00:00,P1D,fcre,1.6,ensemble,149,Chla_ugL_mean,14.8809449135352
vera4cast,chlorocast_xgboost,2026-10-31 00:00:00,2026-09-29 00:00:00,P1D,fcre,1.6,ensemble,149,Chla_ugL_mean,14.9049462970192
vera4cast,chlorocast_xgboost,2026-11-01 00:00:00,2026-09-29 00:00:00,P1D,fcre,1.6,ensemble,149,Chla_ugL_mean,15.5703089876095
vera4cast,chlorocast_xgboost,2026-11-02 00:00:00,2026-09-29 00:00:00,P1D,fcre,1.6,ensemble,149,Chla_ugL_mean,14.9679128011769
vera4cast,chlorocast_xgboost,2026-11-03 00:00:00,2026-09-29 00:00:00,P1D,fcre,1.6,ensemble,149,Chla_ugL_mean,15.5648167616264
vera4cast,chlorocast_xgboost,2026-09-30 00:00:00,2026-09-29 00:00:00,P1D,fcre,1.6,ensemble,150,Chla_ugL_mean,15.9559194900619
vera4cast,chlorocast_xgboost,2026-10-01 00:00:00,2026-09-29 00:00:00,P1D,fcre,1.6,ensemble,150,Chla_ugL_mean,16.8818129667278
vera4cast,chlorocast_xgboost,2026-10-02 00:00:00,2026-09-29 00:00:00,P1D,fcre,1.6,ensemble,150,Chla_ugL_mean,17.8068699733883
vera4cast,chlorocast_xgboost,2026-10-03 00:00:00,2026-09-29 00:00:00,P1D,fcre,1.6,ensemble,150,Chla_ugL_mean,17.4760254971415
vera4cast,chlorocast_xgboost,2026-10-04 00:00:00,2026-09-29 00:00:00,P1D,fcre,1.6,ensemble,150,Chla_ugL_mean,18.6617842751956
vera4cast,chlorocast_xgboost,2026-10-05 00:00:00,2026-09-29 00:00:00,P1D,fcre,1.6,ensemble,150,Chla_ugL_mean,18.8523453024236
vera4cast,chlorocast_xgboost,2026-10-06 00:00:00,2026-09-29 00:00:00,P1D,fcre,1.6,ensemble,150,Chla_ugL_mean,18.4666513684979
vera4cast,chlorocast_xgboost,2026-10-07 00:00:00,2026-09-29 00:00:00,P1D,fcre,1.6,ensemble,150,Chla_ugL_mean,17.7950347734166
vera4cast,chlorocast_xgboost,2026-10-08 00:00:00,2026-09-29 00:00:00,P1D,fcre,1.6,ensemble,150,Chla_ugL_mean,16.86882525648
vera4cast,chlorocast_xgboost,2026-10-09 00:00:00,2026-09-29 00:00:00,P1D,fcre,1.6,ensemble,150,Chla_ugL_mean,17.4048862138242
vera4cast,chlorocast_xgboost,2026-10-10 00:00:00,2026-09-29 00:00:00,P1D,fcre,1.6,ensemble,150,Chla_ugL_mean,16.2451952421227
vera4cast,chlorocast_xgboost,2026-10-11 00:00:00,2026-09-29 00:00:00,P1D,fcre,1.6,ensemble,150,Chla_ugL_mean,15.6472341232418
vera4cast,chlorocast_xgboost,2026-10-12 00:00:00,2026-09-29 00:00:00,P1D,fcre,1.6,ensemble,150,Chla_ugL_mean,15.9458477221386
vera4cast,chlorocast_xgboost,2026-10-13 00:00:00,2026-09-29 00:00:00,P1D,fcre,1.6,ensemble,150,Chla_ugL_mean,15.9751736860479
vera4cast,chlorocast_xgboost,2026-10-14 00:00:00,2026-09-29 00:00:00,P1D,fcre,1.6,ensemble,150,Chla_ugL_mean,15.7752182321917
vera4cast,chlorocast_xgboost,2026-10-15 00:00:00,2026-09-29 00:00:00,P1D,fcre,1.6,ensemble,150,Chla_ugL_mean,15.8129898128554
vera4cast,chlorocast_xgboost,2026-10-16 00:00:00,2026-09-29 00:00:00,P1D,fcre,1.6,ensemble,150,Chla_ugL_mean,16.1671369135967
vera4cast,chlorocast_xgboost,2026-10-17 00:00:00,2026-09-29 00:00:00,P1D,fcre,1.6,ensemble,150,Chla_ugL_mean,16.3320255897336
vera4cast,chlorocast_xgboost,2026-10-18 00:00:00,2026-09-29 00:00:00,P1D,fcre,1.6,ensemble,150,Chla_ugL_mean,16.2421122447455
vera4cast,chlorocast_xgboost,2026-10-19 00:00:00,2026-09-29 00:00:00,P1D,fcre,1.6,ensemble,150,Chla_ugL_mean,15.253669154909
vera4cast,chlorocast_xgboost,2026-10-20 00:00:00,2026-09-29 00:00:00,P1D,fcre,1.6,ensemble,150,Chla_ugL_mean,15.1532210136153
vera4cast,chlorocast_xgboost,2026-10-21 00:00:00,2026-09-29 00:00:00,P1D,fcre,1.6,ensemble,150,Chla_ugL_mean,15.1692639207849
vera4cast,chlorocast_xgboost,2026-10-22 00:00:00,2026-09-29 00:00:00,P1D,fcre,1.6,ensemble,150,Chla_ugL_mean,15.0680900791119
vera4cast,chlorocast_xgboost,2026-10-23 00:00:00,2026-09-29 00:00:00,P1D,fcre,1.6,ensemble,150,Chla_ugL_mean,15.2729673239392
vera4cast,chlorocast_xgboost,2026-10-24 00:00:00,2026-09-29 00:00:00,P1D,fcre,1.6,ensemble,150,Chla_ugL_mean,15.2552658049541
vera4cast,chlorocast_xgboost,2026-10-25 00:00:00,2026-09-29 00:00:00,P1D,fcre,1.6,ensemble,150,Chla_ugL_mean,15.2064535652115
vera4cast,chlorocast_xgboost,2026-10-26 00:00:00,2026-09-29 00:00:00,P1D,fcre,1.6,ensemble,150,Chla_ugL_mean,15.3339184355667
vera4cast,chlorocast_xgboost,2026-10-27 00:00:00,2026-09-29 00:00:00,P1D,fcre,1.6,ensemble,150,Chla_ugL_mean,15.55366314673
vera4cast,chlorocast_xgboost,2026-10-28 00:00:00,2026-09-29 00:00:00,P1D,fcre,1.6,ensemble,150,Chla_ugL_mean,15.1624611542774
vera4cast,chlorocast_xgboost,2026-10-29 00:00:00,2026-09-29 00:00:00,P1D,fcre,1.6,ensemble,150,Chla_ugL_mean,14.7434936281899
vera4cast,chlorocast_xgboost,2026-10-30 00:00:00,2026-09-29 00:00:00,P1D,fcre,1.6,ensemble,150,Chla_ugL_mean,15.0028564548787
vera4cast,chlorocast_xgboost,2026-10-31 00:00:00,2026-09-29 00:00:00,P1D,fcre,1.6,ensemble,150,Chla_ugL_mean,14.9839445479075
vera4cast,chlorocast_xgboost,2026-11-01 00:00:00,2026-09-29 00:00:00,P1D,fcre,1.6,ensemble,150,Chla_ugL_mean,15.6856174043219
vera4cast,chlorocast_xgboost,2026-11-02 00:00:00,2026-09-29 00:00:00,P1D,fcre,1.6,ensemble,150,Chla_ugL_mean,15.0766073662668
vera4cast,chlorocast_xgboost,2026-11-03 00:00:00,2026-09-29 00:00:00,P1D,fcre,1.6,ensemble,150,Chla_ugL_mean,15.6806020537658
vera4cast,chlorocast_xgboost,2026-09-30 00:00:00,2026-09-29 00:00:00,P1D,fcre,1.6,ensemble,151,Chla_ugL_mean,16.0823822123492
vera4cast,chlorocast_xgboost,2026-10-01 00:00:00,2026-09-29 00:00:00,P1D,fcre,1.6,ensemble,151,Chla_ugL_mean,16.9779502617165
vera4cast,chlorocast_xgboost,2026-10-02 00:00:00,2026-09-29 00:00:00,P1D,fcre,1.6,ensemble,151,Chla_ugL_mean,17.9273336827949
vera4cast,chlorocast_xgboost,2026-10-03 00:00:00,2026-09-29 00:00:00,P1D,fcre,1.6,ensemble,151,Chla_ugL_mean,17.5832232086887
vera4cast,chlorocast_xgboost,2026-10-04 00:00:00,2026-09-29 00:00:00,P1D,fcre,1.6,ensemble,151,Chla_ugL_mean,18.7776910702633
vera4cast,chlorocast_xgboost,2026-10-05 00:00:00,2026-09-29 00:00:00,P1D,fcre,1.6,ensemble,151,Chla_ugL_mean,18.9701307099867
vera4cast,chlorocast_xgboost,2026-10-06 00:00:00,2026-09-29 00:00:00,P1D,fcre,1.6,ensemble,151,Chla_ugL_mean,18.5783705746151
vera4cast,chlorocast_xgboost,2026-10-07 00:00:00,2026-09-29 00:00:00,P1D,fcre,1.6,ensemble,151,Chla_ugL_mean,17.9425829990648
vera4cast,chlorocast_xgboost,2026-10-08 00:00:00,2026-09-29 00:00:00,P1D,fcre,1.6,ensemble,151,Chla_ugL_mean,16.9816935340484
vera4cast,chlorocast_xgboost,2026-10-09 00:00:00,2026-09-29 00:00:00,P1D,fcre,1.6,ensemble,151,Chla_ugL_mean,17.5352754700124
vera4cast,chlorocast_xgboost,2026-10-10 00:00:00,2026-09-29 00:00:00,P1D,fcre,1.6,ensemble,151,Chla_ugL_mean,16.3529598195302
vera4cast,chlorocast_xgboost,2026-10-11 00:00:00,2026-09-29 00:00:00,P1D,fcre,1.6,ensemble,151,Chla_ugL_mean,15.7587041272191
vera4cast,chlorocast_xgboost,2026-10-12 00:00:00,2026-09-29 00:00:00,P1D,fcre,1.6,ensemble,151,Chla_ugL_mean,16.1158385044653
vera4cast,chlorocast_xgboost,2026-10-13 00:00:00,2026-09-29 00:00:00,P1D,fcre,1.6,ensemble,151,Chla_ugL_mean,16.0590778668575
vera4cast,chlorocast_xgboost,2026-10-14 00:00:00,2026-09-29 00:00:00,P1D,fcre,1.6,ensemble,151,Chla_ugL_mean,15.8963952827926
vera4cast,chlorocast_xgboost,2026-10-15 00:00:00,2026-09-29 00:00:00,P1D,fcre,1.6,ensemble,151,Chla_ugL_mean,15.9112100804237
vera4cast,chlorocast_xgboost,2026-10-16 00:00:00,2026-09-29 00:00:00,P1D,fcre,1.6,ensemble,151,Chla_ugL_mean,16.2650453682733
vera4cast,chlorocast_xgboost,2026-10-17 00:00:00,2026-09-29 00:00:00,P1D,fcre,1.6,ensemble,151,Chla_ugL_mean,16.4519060928572
vera4cast,chlorocast_xgboost,2026-10-18 00:00:00,2026-09-29 00:00:00,P1D,fcre,1.6,ensemble,151,Chla_ugL_mean,16.3447277337717
vera4cast,chlorocast_xgboost,2026-10-19 00:00:00,2026-09-29 00:00:00,P1D,fcre,1.6,ensemble,151,Chla_ugL_mean,15.3654267988828
vera4cast,chlorocast_xgboost,2026-10-20 00:00:00,2026-09-29 00:00:00,P1D,fcre,1.6,ensemble,151,Chla_ugL_mean,15.2739419422036
vera4cast,chlorocast_xgboost,2026-10-21 00:00:00,2026-09-29 00:00:00,P1D,fcre,1.6,ensemble,151,Chla_ugL_mean,15.2835685529471
vera4cast,chlorocast_xgboost,2026-10-22 00:00:00,2026-09-29 00:00:00,P1D,fcre,1.6,ensemble,151,Chla_ugL_mean,15.1780331172172
vera4cast,chlorocast_xgboost,2026-10-23 00:00:00,2026-09-29 00:00:00,P1D,fcre,1.6,ensemble,151,Chla_ugL_mean,15.3806172284571
vera4cast,chlorocast_xgboost,2026-10-24 00:00:00,2026-09-29 00:00:00,P1D,fcre,1.6,ensemble,151,Chla_ugL_mean,15.3530523851962
vera4cast,chlorocast_xgboost,2026-10-25 00:00:00,2026-09-29 00:00:00,P1D,fcre,1.6,ensemble,151,Chla_ugL_mean,15.300084131794
vera4cast,chlorocast_xgboost,2026-10-26 00:00:00,2026-09-29 00:00:00,P1D,fcre,1.6,ensemble,151,Chla_ugL_mean,15.4204327030299
vera4cast,chlorocast_xgboost,2026-10-27 00:00:00,2026-09-29 00:00:00,P1D,fcre,1.6,ensemble,151,Chla_ugL_mean,15.6184606929357
vera4cast,chlorocast_xgboost,2026-10-28 00:00:00,2026-09-29 00:00:00,P1D,fcre,1.6,ensemble,151,Chla_ugL_mean,15.2760623433808
vera4cast,chlorocast_xgboost,2026-10-29 00:00:00,2026-09-29 00:00:00,P1D,fcre,1.6,ensemble,151,Chla_ugL_mean,14.8209128361704
vera4cast,chlorocast_xgboost,2026-10-30 00:00:00,2026-09-29 00:00:00,P1D,fcre,1.6,ensemble,151,Chla_ugL_mean,15.1257038614363
vera4cast,chlorocast_xgboost,2026-10-31 00:00:00,2026-09-29 00:00:00,P1D,fcre,1.6,ensemble,151,Chla_ugL_mean,15.0633351750746
vera4cast,chlorocast_xgboost,2026-11-01 00:00:00,2026-09-29 00:00:00,P1D,fcre,1.6,ensemble,151,Chla_ugL_mean,15.8017282219415
vera4cast,chlorocast_xgboost,2026-11-02 00:00:00,2026-09-29 00:00:00,P1D,fcre,1.6,ensemble,151,Chla_ugL_mean,15.1860418219503
vera4cast,chlorocast_xgboost,2026-11-03 00:00:00,2026-09-29 00:00:00,P1D,fcre,1.6,ensemble,151,Chla_ugL_mean,15.7971966656863
vera4cast,chlorocast_xgboost,2026-09-30 00:00:00,2026-09-29 00:00:00,P1D,fcre,1.6,ensemble,152,Chla_ugL_mean,16.2097881344516
vera4cast,chlorocast_xgboost,2026-10-01 00:00:00,2026-09-29 00:00:00,P1D,fcre,1.6,ensemble,152,Chla_ugL_mean,17.0746044159021
vera4cast,chlorocast_xgboost,2026-10-02 00:00:00,2026-09-29 00:00:00,P1D,fcre,1.6,ensemble,152,Chla_ugL_mean,18.0485689988168
vera4cast,chlorocast_xgboost,2026-10-03 00:00:00,2026-09-29 00:00:00,P1D,fcre,1.6,ensemble,152,Chla_ugL_mean,17.6910428802654
vera4cast,chlorocast_xgboost,2026-10-04 00:00:00,2026-09-29 00:00:00,P1D,fcre,1.6,ensemble,152,Chla_ugL_mean,18.894281139288
vera4cast,chlorocast_xgboost,2026-10-05 00:00:00,2026-09-29 00:00:00,P1D,fcre,1.6,ensemble,152,Chla_ugL_mean,19.0886149469335
vera4cast,chlorocast_xgboost,2026-10-06 00:00:00,2026-09-29 00:00:00,P1D,fcre,1.6,ensemble,152,Chla_ugL_mean,18.6907309377951
vera4cast,chlorocast_xgboost,2026-10-07 00:00:00,2026-09-29 00:00:00,P1D,fcre,1.6,ensemble,152,Chla_ugL_mean,18.0912895348281
vera4cast,chlorocast_xgboost,2026-10-08 00:00:00,2026-09-29 00:00:00,P1D,fcre,1.6,ensemble,152,Chla_ugL_mean,17.0952747430995
vera4cast,chlorocast_xgboost,2026-10-09 00:00:00,2026-09-29 00:00:00,P1D,fcre,1.6,ensemble,152,Chla_ugL_mean,17.6665884677512
vera4cast,chlorocast_xgboost,2026-10-10 00:00:00,2026-09-29 00:00:00,P1D,fcre,1.6,ensemble,152,Chla_ugL_mean,16.4613978137347
vera4cast,chlorocast_xgboost,2026-10-11 00:00:00,2026-09-29 00:00:00,P1D,fcre,1.6,ensemble,152,Chla_ugL_mean,15.8709205351752
vera4cast,chlorocast_xgboost,2026-10-12 00:00:00,2026-09-29 00:00:00,P1D,fcre,1.6,ensemble,152,Chla_ugL_mean,16.2875345343871
vera4cast,chlorocast_xgboost,2026-10-13 00:00:00,2026-09-29 00:00:00,P1D,fcre,1.6,ensemble,152,Chla_ugL_mean,16.143396765754
vera4cast,chlorocast_xgboost,2026-10-14 00:00:00,2026-09-29 00:00:00,P1D,fcre,1.6,ensemble,152,Chla_ugL_mean,16.0184476649325
vera4cast,chlorocast_xgboost,2026-10-15 00:00:00,2026-09-29 00:00:00,P1D,fcre,1.6,ensemble,152,Chla_ugL_mean,16.0100041436744
vera4cast,chlorocast_xgboost,2026-10-16 00:00:00,2026-09-29 00:00:00,P1D,fcre,1.6,ensemble,152,Chla_ugL_mean,16.3635122192362
vera4cast,chlorocast_xgboost,2026-10-17 00:00:00,2026-09-29 00:00:00,P1D,fcre,1.6,ensemble,152,Chla_ugL_mean,16.5726157740221
vera4cast,chlorocast_xgboost,2026-10-18 00:00:00,2026-09-29 00:00:00,P1D,fcre,1.6,ensemble,152,Chla_ugL_mean,16.4479539332746
vera4cast,chlorocast_xgboost,2026-10-19 00:00:00,2026-09-29 00:00:00,P1D,fcre,1.6,ensemble,152,Chla_ugL_mean,15.4779528706415
vera4cast,chlorocast_xgboost,2026-10-20 00:00:00,2026-09-29 00:00:00,P1D,fcre,1.6,ensemble,152,Chla_ugL_mean,15.3955650773911
vera4cast,chlorocast_xgboost,2026-10-21 00:00:00,2026-09-29 00:00:00,P1D,fcre,1.6,ensemble,152,Chla_ugL_mean,15.398681233577
vera4cast,chlorocast_xgboost,2026-10-22 00:00:00,2026-09-29 00:00:00,P1D,fcre,1.6,ensemble,152,Chla_ugL_mean,15.288728420935
vera4cast,chlorocast_xgboost,2026-10-23 00:00:00,2026-09-29 00:00:00,P1D,fcre,1.6,ensemble,152,Chla_ugL_mean,15.4889792650472
vera4cast,chlorocast_xgboost,2026-10-24 00:00:00,2026-09-29 00:00:00,P1D,fcre,1.6,ensemble,152,Chla_ugL_mean,15.451427218832
vera4cast,chlorocast_xgboost,2026-10-25 00:00:00,2026-09-29 00:00:00,P1D,fcre,1.6,ensemble,152,Chla_ugL_mean,15.3942556361555
vera4cast,chlorocast_xgboost,2026-10-26 00:00:00,2026-09-29 00:00:00,P1D,fcre,1.6,ensemble,152,Chla_ugL_mean,15.5074052021479
vera4cast,chlorocast_xgboost,2026-10-27 00:00:00,2026-09-29 00:00:00,P1D,fcre,1.6,ensemble,152,Chla_ugL_mean,15.6835118822146
vera4cast,chlorocast_xgboost,2026-10-28 00:00:00,2026-09-29 00:00:00,P1D,fcre,1.6,ensemble,152,Chla_ugL_mean,15.3904620018537
vera4cast,chlorocast_xgboost,2026-10-29 00:00:00,2026-09-29 00:00:00,P1D,fcre,1.6,ensemble,152,Chla_ugL_mean,14.8987127559488
vera4cast,chlorocast_xgboost,2026-10-30 00:00:00,2026-09-29 00:00:00,P1D,fcre,1.6,ensemble,152,Chla_ugL_mean,15.2494943174638
vera4cast,chlorocast_xgboost,2026-10-31 00:00:00,2026-09-29 00:00:00,P1D,fcre,1.6,ensemble,152,Chla_ugL_mean,15.1431201274136
vera4cast,chlorocast_xgboost,2026-11-01 00:00:00,2026-09-29 00:00:00,P1D,fcre,1.6,ensemble,152,Chla_ugL_mean,15.918647024165
vera4cast,chlorocast_xgboost,2026-11-02 00:00:00,2026-09-29 00:00:00,P1D,fcre,1.6,ensemble,152,Chla_ugL_mean,15.2962212047081
vera4cast,chlorocast_xgboost,2026-11-03 00:00:00,2026-09-29 00:00:00,P1D,fcre,1.6,ensemble,152,Chla_ugL_mean,15.9146062543975
vera4cast,chlorocast_xgboost,2026-09-30 00:00:00,2026-09-29 00:00:00,P1D,fcre,1.6,ensemble,153,Chla_ugL_mean,16.3381442910578
vera4cast,chlorocast_xgboost,2026-10-01 00:00:00,2026-09-29 00:00:00,P1D,fcre,1.6,ensemble,153,Chla_ugL_mean,17.1717782080545
vera4cast,chlorocast_xgboost,2026-10-02 00:00:00,2026-09-29 00:00:00,P1D,fcre,1.6,ensemble,153,Chla_ugL_mean,18.1705808638284
vera4cast,chlorocast_xgboost,2026-10-03 00:00:00,2026-09-29 00:00:00,P1D,fcre,1.6,ensemble,153,Chla_ugL_mean,17.7994881204771
vera4cast,chlorocast_xgboost,2026-10-04 00:00:00,2026-09-29 00:00:00,P1D,fcre,1.6,ensemble,153,Chla_ugL_mean,19.0115585101897
vera4cast,chlorocast_xgboost,2026-10-05 00:00:00,2026-09-29 00:00:00,P1D,fcre,1.6,ensemble,153,Chla_ugL_mean,19.2078021594697
vera4cast,chlorocast_xgboost,2026-10-06 00:00:00,2026-09-29 00:00:00,P1D,fcre,1.6,ensemble,153,Chla_ugL_mean,18.8037361376415
vera4cast,chlorocast_xgboost,2026-10-07 00:00:00,2026-09-29 00:00:00,P1D,fcre,1.6,ensemble,153,Chla_ugL_mean,18.2411634738848
vera4cast,chlorocast_xgboost,2026-10-08 00:00:00,2026-09-29 00:00:00,P1D,fcre,1.6,ensemble,153,Chla_ugL_mean,17.2095733868585
vera4cast,chlorocast_xgboost,2026-10-09 00:00:00,2026-09-29 00:00:00,P1D,fcre,1.6,ensemble,153,Chla_ugL_mean,17.7988317512796
vera4cast,chlorocast_xgboost,2026-10-10 00:00:00,2026-09-29 00:00:00,P1D,fcre,1.6,ensemble,153,Chla_ugL_mean,16.5705134328925
vera4cast,chlorocast_xgboost,2026-10-11 00:00:00,2026-09-29 00:00:00,P1D,fcre,1.6,ensemble,153,Chla_ugL_mean,15.9838883450369
vera4cast,chlorocast_xgboost,2026-10-12 00:00:00,2026-09-29 00:00:00,P1D,fcre,1.6,ensemble,153,Chla_ugL_mean,16.4609529179455
vera4cast,chlorocast_xgboost,2026-10-13 00:00:00,2026-09-29 00:00:00,P1D,fcre,1.6,ensemble,153,Chla_ugL_mean,16.2281324325888
vera4cast,chlorocast_xgboost,2026-10-14 00:00:00,2026-09-29 00:00:00,P1D,fcre,1.6,ensemble,153,Chla_ugL_mean,16.1413817016346
vera4cast,chlorocast_xgboost,2026-10-15 00:00:00,2026-09-29 00:00:00,P1D,fcre,1.6,ensemble,153,Chla_ugL_mean,16.1093753546802
vera4cast,chlorocast_xgboost,2026-10-16 00:00:00,2026-09-29 00:00:00,P1D,fcre,1.6,ensemble,153,Chla_ugL_mean,16.4625406511583
vera4cast,chlorocast_xgboost,2026-10-17 00:00:00,2026-09-29 00:00:00,P1D,fcre,1.6,ensemble,153,Chla_ugL_mean,16.6941603684079
vera4cast,chlorocast_xgboost,2026-10-18 00:00:00,2026-09-29 00:00:00,P1D,fcre,1.6,ensemble,153,Chla_ugL_mean,16.5517944778642
vera4cast,chlorocast_xgboost,2026-10-19 00:00:00,2026-09-29 00:00:00,P1D,fcre,1.6,ensemble,153,Chla_ugL_mean,15.5912526537725
vera4cast,chlorocast_xgboost,2026-10-20 00:00:00,2026-09-29 00:00:00,P1D,fcre,1.6,ensemble,153,Chla_ugL_mean,15.5180971618097
vera4cast,chlorocast_xgboost,2026-10-21 00:00:00,2026-09-29 00:00:00,P1D,fcre,1.6,ensemble,153,Chla_ugL_mean,15.5146076749742
vera4cast,chlorocast_xgboost,2026-10-22 00:00:00,2026-09-29 00:00:00,P1D,fcre,1.6,ensemble,153,Chla_ugL_mean,15.4001811375087
vera4cast,chlorocast_xgboost,2026-10-23 00:00:00,2026-09-29 00:00:00,P1D,fcre,1.6,ensemble,153,Chla_ugL_mean,15.5980581446483
vera4cast,chlorocast_xgboost,2026-10-24 00:00:00,2026-09-29 00:00:00,P1D,fcre,1.6,ensemble,153,Chla_ugL_mean,15.5503938446094
vera4cast,chlorocast_xgboost,2026-10-25 00:00:00,2026-09-29 00:00:00,P1D,fcre,1.6,ensemble,153,Chla_ugL_mean,15.4889712034901
vera4cast,chlorocast_xgboost,2026-10-26 00:00:00,2026-09-29 00:00:00,P1D,fcre,1.6,ensemble,153,Chla_ugL_mean,15.5948383599915
vera4cast,chlorocast_xgboost,2026-10-27 00:00:00,2026-09-29 00:00:00,P1D,fcre,1.6,ensemble,153,Chla_ugL_mean,15.7488177074255
vera4cast,chlorocast_xgboost,2026-10-28 00:00:00,2026-09-29 00:00:00,P1D,fcre,1.6,ensemble,153,Chla_ugL_mean,15.5056657419025
vera4cast,chlorocast_xgboost,2026-10-29 00:00:00,2026-09-29 00:00:00,P1D,fcre,1.6,ensemble,153,Chla_ugL_mean,14.9768952596893
vera4cast,chlorocast_xgboost,2026-10-30 00:00:00,2026-09-29 00:00:00,P1D,fcre,1.6,ensemble,153,Chla_ugL_mean,15.3742350623678
vera4cast,chlorocast_xgboost,2026-10-31 00:00:00,2026-09-29 00:00:00,P1D,fcre,1.6,ensemble,153,Chla_ugL_mean,15.2233013634976
vera4cast,chlorocast_xgboost,2026-11-01 00:00:00,2026-09-29 00:00:00,P1D,fcre,1.6,ensemble,153,Chla_ugL_mean,16.0363794335443
vera4cast,chlorocast_xgboost,2026-11-02 00:00:00,2026-09-29 00:00:00,P1D,fcre,1.6,ensemble,153,Chla_ugL_mean,15.4071505853046
vera4cast,chlorocast_xgboost,2026-11-03 00:00:00,2026-09-29 00:00:00,P1D,fcre,1.6,ensemble,153,Chla_ugL_mean,16.0328365164506
vera4cast,chlorocast_xgboost,2026-09-30 00:00:00,2026-09-29 00:00:00,P1D,fcre,1.6,ensemble,154,Chla_ugL_mean,16.4674577693237
vera4cast,chlorocast_xgboost,2026-10-01 00:00:00,2026-09-29 00:00:00,P1D,fcre,1.6,ensemble,154,Chla_ugL_mean,17.2694744318831
vera4cast,chlorocast_xgboost,2026-10-02 00:00:00,2026-09-29 00:00:00,P1D,fcre,1.6,ensemble,154,Chla_ugL_mean,18.2933742518618
vera4cast,chlorocast_xgboost,2026-10-03 00:00:00,2026-09-29 00:00:00,P1D,fcre,1.6,ensemble,154,Chla_ugL_mean,17.9085625588669
vera4cast,chlorocast_xgboost,2026-10-04 00:00:00,2026-09-29 00:00:00,P1D,fcre,1.6,ensemble,154,Chla_ugL_mean,19.1295272346331
vera4cast,chlorocast_xgboost,2026-10-05 00:00:00,2026-09-29 00:00:00,P1D,fcre,1.6,ensemble,154,Chla_ugL_mean,19.3276965184005
vera4cast,chlorocast_xgboost,2026-10-06 00:00:00,2026-09-29 00:00:00,P1D,fcre,1.6,ensemble,154,Chla_ugL_mean,18.917389874875
vera4cast,chlorocast_xgboost,2026-10-07 00:00:00,2026-09-29 00:00:00,P1D,fcre,1.6,ensemble,154,Chla_ugL_mean,18.3922139807981
vera4cast,chlorocast_xgboost,2026-10-08 00:00:00,2026-09-29 00:00:00,P1D,fcre,1.6,ensemble,154,Chla_ugL_mean,17.3245939969954
vera4cast,chlorocast_xgboost,2026-10-09 00:00:00,2026-09-29 00:00:00,P1D,fcre,1.6,ensemble,154,Chla_ugL_mean,17.9320119111991
vera4cast,chlorocast_xgboost,2026-10-10 00:00:00,2026-09-29 00:00:00,P1D,fcre,1.6,ensemble,154,Chla_ugL_mean,16.6803109114564
vera4cast,chlorocast_xgboost,2026-10-11 00:00:00,2026-09-29 00:00:00,P1D,fcre,1.6,ensemble,154,Chla_ugL_mean,16.0976125881968
vera4cast,chlorocast_xgboost,2026-10-12 00:00:00,2026-09-29 00:00:00,P1D,fcre,1.6,ensemble,154,Chla_ugL_mean,16.6361109327796
vera4cast,chlorocast_xgboost,2026-10-13 00:00:00,2026-09-29 00:00:00,P1D,fcre,1.6,ensemble,154,Chla_ugL_mean,16.313286927345
vera4cast,chlorocast_xgboost,2026-10-14 00:00:00,2026-09-29 00:00:00,P1D,fcre,1.6,ensemble,154,Chla_ugL_mean,16.265203761597
vera4cast,chlorocast_xgboost,2026-10-15 00:00:00,2026-09-29 00:00:00,P1D,fcre,1.6,ensemble,154,Chla_ugL_mean,16.2093270850964
vera4cast,chlorocast_xgboost,2026-10-16 00:00:00,2026-09-29 00:00:00,P1D,fcre,1.6,ensemble,154,Chla_ugL_mean,16.5621338668755
vera4cast,chlorocast_xgboost,2026-10-17 00:00:00,2026-09-29 00:00:00,P1D,fcre,1.6,ensemble,154,Chla_ugL_mean,16.8165456508629
vera4cast,chlorocast_xgboost,2026-10-18 00:00:00,2026-09-29 00:00:00,P1D,fcre,1.6,ensemble,154,Chla_ugL_mean,16.6562530237817
vera4cast,chlorocast_xgboost,2026-10-19 00:00:00,2026-09-29 00:00:00,P1D,fcre,1.6,ensemble,154,Chla_ugL_mean,15.705331468192
vera4cast,chlorocast_xgboost,2026-10-20 00:00:00,2026-09-29 00:00:00,P1D,fcre,1.6,ensemble,154,Chla_ugL_mean,15.6415449884817
vera4cast,chlorocast_xgboost,2026-10-21 00:00:00,2026-09-29 00:00:00,P1D,fcre,1.6,ensemble,154,Chla_ugL_mean,15.6313536298204
vera4cast,chlorocast_xgboost,2026-10-22 00:00:00,2026-09-29 00:00:00,P1D,fcre,1.6,ensemble,154,Chla_ugL_mean,15.5123964494006
vera4cast,chlorocast_xgboost,2026-10-23 00:00:00,2026-09-29 00:00:00,P1D,fcre,1.6,ensemble,154,Chla_ugL_mean,15.7078586093628
vera4cast,chlorocast_xgboost,2026-10-24 00:00:00,2026-09-29 00:00:00,P1D,fcre,1.6,ensemble,154,Chla_ugL_mean,15.6499558225643
vera4cast,chlorocast_xgboost,2026-10-25 00:00:00,2026-09-29 00:00:00,P1D,fcre,1.6,ensemble,154,Chla_ugL_mean,15.5842339770471
vera4cast,chlorocast_xgboost,2026-10-26 00:00:00,2026-09-29 00:00:00,P1D,fcre,1.6,ensemble,154,Chla_ugL_mean,15.6827346164867
vera4cast,chlorocast_xgboost,2026-10-27 00:00:00,2026-09-29 00:00:00,P1D,fcre,1.6,ensemble,154,Chla_ugL_mean,15.8143791653135
vera4cast,chlorocast_xgboost,2026-10-28 00:00:00,2026-09-29 00:00:00,P1D,fcre,1.6,ensemble,154,Chla_ugL_mean,15.6216792151803
vera4cast,chlorocast_xgboost,2026-10-29 00:00:00,2026-09-29 00:00:00,P1D,fcre,1.6,ensemble,154,Chla_ugL_mean,15.0554622287627
vera4cast,chlorocast_xgboost,2026-10-30 00:00:00,2026-09-29 00:00:00,P1D,fcre,1.6,ensemble,154,Chla_ugL_mean,15.4999333911285
vera4cast,chlorocast_xgboost,2026-10-31 00:00:00,2026-09-29 00:00:00,P1D,fcre,1.6,ensemble,154,Chla_ugL_mean,15.3038808516276
vera4cast,chlorocast_xgboost,2026-11-01 00:00:00,2026-09-29 00:00:00,P1D,fcre,1.6,ensemble,154,Chla_ugL_mean,16.1549311117576
vera4cast,chlorocast_xgboost,2026-11-02 00:00:00,2026-09-29 00:00:00,P1D,fcre,1.6,ensemble,154,Chla_ugL_mean,15.5188350690214
vera4cast,chlorocast_xgboost,2026-11-03 00:00:00,2026-09-29 00:00:00,P1D,fcre,1.6,ensemble,154,Chla_ugL_mean,16.1518931882146
vera4cast,chlorocast_xgboost,2026-09-30 00:00:00,2026-09-29 00:00:00,P1D,fcre,1.6,ensemble,155,Chla_ugL_mean,16.5977357092633
vera4cast,chlorocast_xgboost,2026-10-01 00:00:00,2026-09-29 00:00:00,P1D,fcre,1.6,ensemble,155,Chla_ugL_mean,17.3676958961169
vera4cast,chlorocast_xgboost,2026-10-02 00:00:00,2026-09-29 00:00:00,P1D,fcre,1.6,ensemble,155,Chla_ugL_mean,18.4169541688091
vera4cast,chlorocast_xgboost,2026-10-03 00:00:00,2026-09-29 00:00:00,P1D,fcre,1.6,ensemble,155,Chla_ugL_mean,18.018269846036
vera4cast,chlorocast_xgboost,2026-10-04 00:00:00,2026-09-29 00:00:00,P1D,fcre,1.6,ensemble,155,Chla_ugL_mean,19.2481913881676
vera4cast,chlorocast_xgboost,2026-10-05 00:00:00,2026-09-29 00:00:00,P1D,fcre,1.6,ensemble,155,Chla_ugL_mean,19.4483022192768
vera4cast,chlorocast_xgboost,2026-10-06 00:00:00,2026-09-29 00:00:00,P1D,fcre,1.6,ensemble,155,Chla_ugL_mean,19.0316958714548
vera4cast,chlorocast_xgboost,2026-10-07 00:00:00,2026-09-29 00:00:00,P1D,fcre,1.6,ensemble,155,Chla_ugL_mean,18.5444502920766
vera4cast,chlorocast_xgboost,2026-10-08 00:00:00,2026-09-29 00:00:00,P1D,fcre,1.6,ensemble,155,Chla_ugL_mean,17.4403411338047
vera4cast,chlorocast_xgboost,2026-10-09 00:00:00,2026-09-29 00:00:00,P1D,fcre,1.6,ensemble,155,Chla_ugL_mean,18.0661355848024
vera4cast,chlorocast_xgboost,2026-10-10 00:00:00,2026-09-29 00:00:00,P1D,fcre,1.6,ensemble,155,Chla_ugL_mean,16.7907945103404
vera4cast,chlorocast_xgboost,2026-10-11 00:00:00,2026-09-29 00:00:00,P1D,fcre,1.6,ensemble,155,Chla_ugL_mean,16.2120983297379
vera4cast,chlorocast_xgboost,2026-10-12 00:00:00,2026-09-29 00:00:00,P1D,fcre,1.6,ensemble,155,Chla_ugL_mean,16.8130260298477
vera4cast,chlorocast_xgboost,2026-10-13 00:00:00,2026-09-29 00:00:00,P1D,fcre,1.6,ensemble,155,Chla_ugL_mean,16.3988623201879
vera4cast,chlorocast_xgboost,2026-10-14 00:00:00,2026-09-29 00:00:00,P1D,fcre,1.6,ensemble,155,Chla_ugL_mean,16.3899202595224
vera4cast,chlorocast_xgboost,2026-10-15 00:00:00,2026-09-29 00:00:00,P1D,fcre,1.6,ensemble,155,Chla_ugL_mean,16.3098627262753
vera4cast,chlorocast_xgboost,2026-10-16 00:00:00,2026-09-29 00:00:00,P1D,fcre,1.6,ensemble,155,Chla_ugL_mean,16.6622950874905
vera4cast,chlorocast_xgboost,2026-10-17 00:00:00,2026-09-29 00:00:00,P1D,fcre,1.6,ensemble,155,Chla_ugL_mean,16.939777436178
vera4cast,chlorocast_xgboost,2026-10-18 00:00:00,2026-09-29 00:00:00,P1D,fcre,1.6,ensemble,155,Chla_ugL_mean,16.7613332490284
vera4cast,chlorocast_xgboost,2026-10-19 00:00:00,2026-09-29 00:00:00,P1D,fcre,1.6,ensemble,155,Chla_ugL_mean,15.8201946703954
vera4cast,chlorocast_xgboost,2026-10-20 00:00:00,2026-09-29 00:00:00,P1D,fcre,1.6,ensemble,155,Chla_ugL_mean,15.7659154011975
vera4cast,chlorocast_xgboost,2026-10-21 00:00:00,2026-09-29 00:00:00,P1D,fcre,1.6,ensemble,155,Chla_ugL_mean,15.7489248914641
vera4cast,chlorocast_xgboost,2026-10-22 00:00:00,2026-09-29 00:00:00,P1D,fcre,1.6,ensemble,155,Chla_ugL_mean,15.6253795745328
vera4cast,chlorocast_xgboost,2026-10-23 00:00:00,2026-09-29 00:00:00,P1D,fcre,1.6,ensemble,155,Chla_ugL_mean,15.8183854326639
vera4cast,chlorocast_xgboost,2026-10-24 00:00:00,2026-09-29 00:00:00,P1D,fcre,1.6,ensemble,155,Chla_ugL_mean,15.7501167341486
vera4cast,chlorocast_xgboost,2026-10-25 00:00:00,2026-09-29 00:00:00,P1D,fcre,1.6,ensemble,155,Chla_ugL_mean,15.6800471182355
vera4cast,chlorocast_xgboost,2026-10-26 00:00:00,2026-09-29 00:00:00,P1D,fcre,1.6,ensemble,155,Chla_ugL_mean,15.7710964244828
vera4cast,chlorocast_xgboost,2026-10-27 00:00:00,2026-09-29 00:00:00,P1D,fcre,1.6,ensemble,155,Chla_ugL_mean,15.8801972565254
vera4cast,chlorocast_xgboost,2026-10-28 00:00:00,2026-09-29 00:00:00,P1D,fcre,1.6,ensemble,155,Chla_ugL_mean,15.7385081130639
vera4cast,chlorocast_xgboost,2026-10-29 00:00:00,2026-09-29 00:00:00,P1D,fcre,1.6,ensemble,155,Chla_ugL_mean,15.1344155537913
vera4cast,chlorocast_xgboost,2026-10-30 00:00:00,2026-09-29 00:00:00,P1D,fcre,1.6,ensemble,155,Chla_ugL_mean,15.626596654727
vera4cast,chlorocast_xgboost,2026-10-31 00:00:00,2026-09-29 00:00:00,P1D,fcre,1.6,ensemble,155,Chla_ugL_mean,15.3848605698811
vera4cast,chlorocast_xgboost,2026-11-01 00:00:00,2026-09-29 00:00:00,P1D,fcre,1.6,ensemble,155,Chla_ugL_mean,16.2743077598808
vera4cast,chlorocast_xgboost,2026-11-02 00:00:00,2026-09-29 00:00:00,P1D,fcre,1.6,ensemble,155,Chla_ugL_mean,15.6312797958919
vera4cast,chlorocast_xgboost,2026-11-03 00:00:00,2026-09-29 00:00:00,P1D,fcre,1.6,ensemble,155,Chla_ugL_mean,16.2717820461548
vera4cast,chlorocast_xgboost,2026-09-30 00:00:00,2026-09-29 00:00:00,P1D,fcre,1.6,ensemble,156,Chla_ugL_mean,16.7289853041431
vera4cast,chlorocast_xgboost,2026-10-01 00:00:00,2026-09-29 00:00:00,P1D,fcre,1.6,ensemble,156,Chla_ugL_mean,17.4664454245856
vera4cast,chlorocast_xgboost,2026-10-02 00:00:00,2026-09-29 00:00:00,P1D,fcre,1.6,ensemble,156,Chla_ugL_mean,18.5413256526266
vera4cast,chlorocast_xgboost,2026-10-03 00:00:00,2026-09-29 00:00:00,P1D,fcre,1.6,ensemble,156,Chla_ugL_mean,18.1286136537666
vera4cast,chlorocast_xgboost,2026-10-04 00:00:00,2026-09-29 00:00:00,P1D,fcre,1.6,ensemble,156,Chla_ugL_mean,19.3675550703682
vera4cast,chlorocast_xgboost,2026-10-05 00:00:00,2026-09-29 00:00:00,P1D,fcre,1.6,ensemble,156,Chla_ugL_mean,19.5696234825422
vera4cast,chlorocast_xgboost,2026-10-06 00:00:00,2026-09-29 00:00:00,P1D,fcre,1.6,ensemble,156,Chla_ugL_mean,19.1466578707004
vera4cast,chlorocast_xgboost,2026-10-07 00:00:00,2026-09-29 00:00:00,P1D,fcre,1.6,ensemble,156,Chla_ugL_mean,18.697881716739
vera4cast,chlorocast_xgboost,2026-10-08 00:00:00,2026-09-29 00:00:00,P1D,fcre,1.6,ensemble,156,Chla_ugL_mean,17.5568193863856
vera4cast,chlorocast_xgboost,2026-10-09 00:00:00,2026-09-29 00:00:00,P1D,fcre,1.6,ensemble,156,Chla_ugL_mean,18.2012094564039
vera4cast,chlorocast_xgboost,2026-10-10 00:00:00,2026-09-29 00:00:00,P1D,fcre,1.6,ensemble,156,Chla_ugL_mean,16.9019685170844
vera4cast,chlorocast_xgboost,2026-10-11 00:00:00,2026-09-29 00:00:00,P1D,fcre,1.6,ensemble,156,Chla_ugL_mean,16.3273506686592
vera4cast,chlorocast_xgboost,2026-10-12 00:00:00,2026-09-29 00:00:00,P1D,fcre,1.6,ensemble,156,Chla_ugL_mean,16.9917158351658
vera4cast,chlorocast_xgboost,2026-10-13 00:00:00,2026-09-29 00:00:00,P1D,fcre,1.6,ensemble,156,Chla_ugL_mean,16.4848606915149
vera4cast,chlorocast_xgboost,2026-10-14 00:00:00,2026-09-29 00:00:00,P1D,fcre,1.6,ensemble,156,Chla_ugL_mean,16.5155376564508
vera4cast,chlorocast_xgboost,2026-10-15 00:00:00,2026-09-29 00:00:00,P1D,fcre,1.6,ensemble,156,Chla_ugL_mean,16.4109856893812
vera4cast,chlorocast_xgboost,2026-10-16 00:00:00,2026-09-29 00:00:00,P1D,fcre,1.6,ensemble,156,Chla_ugL_mean,16.7630275524766
vera4cast,chlorocast_xgboost,2026-10-17 00:00:00,2026-09-29 00:00:00,P1D,fcre,1.6,ensemble,156,Chla_ugL_mean,17.0638615793638
vera4cast,chlorocast_xgboost,2026-10-18 00:00:00,2026-09-29 00:00:00,P1D,fcre,1.6,ensemble,156,Chla_ugL_mean,16.8670388534946
vera4cast,chlorocast_xgboost,2026-10-19 00:00:00,2026-09-29 00:00:00,P1D,fcre,1.6,ensemble,156,Chla_ugL_mean,15.9358476537081
vera4cast,chlorocast_xgboost,2026-10-20 00:00:00,2026-09-29 00:00:00,P1D,fcre,1.6,ensemble,156,Chla_ugL_mean,15.8912152948941
vera4cast,chlorocast_xgboost,2026-10-21 00:00:00,2026-09-29 00:00:00,P1D,fcre,1.6,ensemble,156,Chla_ugL_mean,15.8673272942086
vera4cast,chlorocast_xgboost,2026-10-22 00:00:00,2026-09-29 00:00:00,P1D,fcre,1.6,ensemble,156,Chla_ugL_mean,15.7391357665306
vera4cast,chlorocast_xgboost,2026-10-23 00:00:00,2026-09-29 00:00:00,P1D,fcre,1.6,ensemble,156,Chla_ugL_mean,15.929643419602
vera4cast,chlorocast_xgboost,2026-10-24 00:00:00,2026-09-29 00:00:00,P1D,fcre,1.6,ensemble,156,Chla_ugL_mean,15.8508801823593
vera4cast,chlorocast_xgboost,2026-10-25 00:00:00,2026-09-29 00:00:00,P1D,fcre,1.6,ensemble,156,Chla_ugL_mean,15.776413806729
vera4cast,chlorocast_xgboost,2026-10-26 00:00:00,2026-09-29 00:00:00,P1D,fcre,1.6,ensemble,156,Chla_ugL_mean,15.8599262498209
vera4cast,chlorocast_xgboost,2026-10-27 00:00:00,2026-09-29 00:00:00,P1D,fcre,1.6,ensemble,156,Chla_ugL_mean,15.9462729856251
vera4cast,chlorocast_xgboost,2026-10-28 00:00:00,2026-09-29 00:00:00,P1D,fcre,1.6,ensemble,156,Chla_ugL_mean,15.8561581669333
vera4cast,chlorocast_xgboost,2026-10-29 00:00:00,2026-09-29 00:00:00,P1D,fcre,1.6,ensemble,156,Chla_ugL_mean,15.2137571346946
vera4cast,chlorocast_xgboost,2026-10-30 00:00:00,2026-09-29 00:00:00,P1D,fcre,1.6,ensemble,156,Chla_ugL_mean,15.7542322605747
vera4cast,chlorocast_xgboost,2026-10-31 00:00:00,2026-09-29 00:00:00,P1D,fcre,1.6,ensemble,156,Chla_ugL_mean,15.4662425061603
vera4cast,chlorocast_xgboost,2026-11-01 00:00:00,2026-09-29 00:00:00,P1D,fcre,1.6,ensemble,156,Chla_ugL_mean,16.3945151186623
vera4cast,chlorocast_xgboost,2026-11-02 00:00:00,2026-09-29 00:00:00,P1D,fcre,1.6,ensemble,156,Chla_ugL_mean,15.7444899409379
vera4cast,chlorocast_xgboost,2026-11-03 00:00:00,2026-09-29 00:00:00,P1D,fcre,1.6,ensemble,156,Chla_ugL_mean,16.3925089071132
vera4cast,chlorocast_xgboost,2026-09-30 00:00:00,2026-09-29 00:00:00,P1D,fcre,1.6,ensemble,157,Chla_ugL_mean,16.8612138008794
vera4cast,chlorocast_xgboost,2026-10-01 00:00:00,2026-09-29 00:00:00,P1D,fcre,1.6,ensemble,157,Chla_ugL_mean,17.5657258563002
vera4cast,chlorocast_xgboost,2026-10-02 00:00:00,2026-09-29 00:00:00,P1D,fcre,1.6,ensemble,157,Chla_ugL_mean,18.6664937735403
vera4cast,chlorocast_xgboost,2026-10-03 00:00:00,2026-09-29 00:00:00,P1D,fcre,1.6,ensemble,157,Chla_ugL_mean,18.2395976751446
vera4cast,chlorocast_xgboost,2026-10-04 00:00:00,2026-09-29 00:00:00,P1D,fcre,1.6,ensemble,157,Chla_ugL_mean,19.4876224049767
vera4cast,chlorocast_xgboost,2026-10-05 00:00:00,2026-09-29 00:00:00,P1D,fcre,1.6,ensemble,157,Chla_ugL_mean,19.6916645536802
vera4cast,chlorocast_xgboost,2026-10-06 00:00:00,2026-09-29 00:00:00,P1D,fcre,1.6,ensemble,157,Chla_ugL_mean,19.2622796374142
vera4cast,chlorocast_xgboost,2026-10-07 00:00:00,2026-09-29 00:00:00,P1D,fcre,1.6,ensemble,157,Chla_ugL_mean,18.8525176368833
vera4cast,chlorocast_xgboost,2026-10-08 00:00:00,2026-09-29 00:00:00,P1D,fcre,1.6,ensemble,157,Chla_ugL_mean,17.6740333728244
vera4cast,chlorocast_xgboost,2026-10-09 00:00:00,2026-09-29 00:00:00,P1D,fcre,1.6,ensemble,157,Chla_ugL_mean,18.3372402576732
vera4cast,chlorocast_xgboost,2026-10-10 00:00:00,2026-09-29 00:00:00,P1D,fcre,1.6,ensemble,157,Chla_ugL_mean,17.0138372460213
vera4cast,chlorocast_xgboost,2026-10-11 00:00:00,2026-09-29 00:00:00,P1D,fcre,1.6,ensemble,157,Chla_ugL_mean,16.4433747381024
vera4cast,chlorocast_xgboost,2026-10-12 00:00:00,2026-09-29 00:00:00,P1D,fcre,1.6,ensemble,157,Chla_ugL_mean,17.1721981515637
vera4cast,chlorocast_xgboost,2026-10-13 00:00:00,2026-09-29 00:00:00,P1D,fcre,1.6,ensemble,157,Chla_ugL_mean,16.5712841320065
vera4cast,chlorocast_xgboost,2026-10-14 00:00:00,2026-09-29 00:00:00,P1D,fcre,1.6,ensemble,157,Chla_ugL_mean,16.6420624600939
vera4cast,chlorocast_xgboost,2026-10-15 00:00:00,2026-09-29 00:00:00,P1D,fcre,1.6,ensemble,157,Chla_ugL_mean,16.5126994055064
vera4cast,chlorocast_xgboost,2026-10-16 00:00:00,2026-09-29 00:00:00,P1D,fcre,1.6,ensemble,157,Chla_ugL_mean,16.8643345197825
vera4cast,chlorocast_xgboost,2026-10-17 00:00:00,2026-09-29 00:00:00,P1D,fcre,1.6,ensemble,157,Chla_ugL_mean,17.1888039759278
vera4cast,chlorocast_xgboost,2026-10-18 00:00:00,2026-09-29 00:00:00,P1D,fcre,1.6,ensemble,157,Chla_ugL_mean,16.9733735590908
vera4cast,chlorocast_xgboost,2026-10-19 00:00:00,2026-09-29 00:00:00,P1D,fcre,1.6,ensemble,157,Chla_ugL_mean,16.0522958485396
vera4cast,chlorocast_xgboost,2026-10-20 00:00:00,2026-09-29 00:00:00,P1D,fcre,1.6,ensemble,157,Chla_ugL_mean,16.0174516160381
vera4cast,chlorocast_xgboost,2026-10-21 00:00:00,2026-09-29 00:00:00,P1D,fcre,1.6,ensemble,157,Chla_ugL_mean,15.9865667136015
vera4cast,chlorocast_xgboost,2026-10-22 00:00:00,2026-09-29 00:00:00,P1D,fcre,1.6,ensemble,157,Chla_ugL_mean,15.8536703149658
vera4cast,chlorocast_xgboost,2026-10-23 00:00:00,2026-09-29 00:00:00,P1D,fcre,1.6,ensemble,157,Chla_ugL_mean,16.0416374070145
vera4cast,chlorocast_xgboost,2026-10-24 00:00:00,2026-09-29 00:00:00,P1D,fcre,1.6,ensemble,157,Chla_ugL_mean,15.9522497918676
vera4cast,chlorocast_xgboost,2026-10-25 00:00:00,2026-09-29 00:00:00,P1D,fcre,1.6,ensemble,157,Chla_ugL_mean,15.8733372405713
vera4cast,chlorocast_xgboost,2026-10-26 00:00:00,2026-09-29 00:00:00,P1D,fcre,1.6,ensemble,157,Chla_ugL_mean,15.9492265714026
vera4cast,chlorocast_xgboost,2026-10-27 00:00:00,2026-09-29 00:00:00,P1D,fcre,1.6,ensemble,157,Chla_ugL_mean,16.0126073611084
vera4cast,chlorocast_xgboost,2026-10-28 00:00:00,2026-09-29 00:00:00,P1D,fcre,1.6,ensemble,157,Chla_ugL_mean,15.9746351484525
vera4cast,chlorocast_xgboost,2026-10-29 00:00:00,2026-09-29 00:00:00,P1D,fcre,1.6,ensemble,157,Chla_ugL_mean,15.2934888807353
vera4cast,chlorocast_xgboost,2026-10-30 00:00:00,2026-09-29 00:00:00,P1D,fcre,1.6,ensemble,157,Chla_ugL_mean,15.8828476729468
vera4cast,chlorocast_xgboost,2026-10-31 00:00:00,2026-09-29 00:00:00,P1D,fcre,1.6,ensemble,157,Chla_ugL_mean,15.5480286582414
vera4cast,chlorocast_xgboost,2026-11-01 00:00:00,2026-09-29 00:00:00,P1D,fcre,1.6,ensemble,157,Chla_ugL_mean,16.5155589687989
vera4cast,chlorocast_xgboost,2026-11-02 00:00:00,2026-09-29 00:00:00,P1D,fcre,1.6,ensemble,157,Chla_ugL_mean,15.8584707144081
vera4cast,chlorocast_xgboost,2026-11-03 00:00:00,2026-09-29 00:00:00,P1D,fcre,1.6,ensemble,157,Chla_ugL_mean,16.5140796285903
vera4cast,chlorocast_xgboost,2026-09-30 00:00:00,2026-09-29 00:00:00,P1D,fcre,1.6,ensemble,158,Chla_ugL_mean,16.9944285004383
vera4cast,chlorocast_xgboost,2026-10-01 00:00:00,2026-09-29 00:00:00,P1D,fcre,1.6,ensemble,158,Chla_ugL_mean,17.6655400455353
vera4cast,chlorocast_xgboost,2026-10-02 00:00:00,2026-09-29 00:00:00,P1D,fcre,1.6,ensemble,158,Chla_ugL_mean,18.7924636342527
vera4cast,chlorocast_xgboost,2026-10-03 00:00:00,2026-09-29 00:00:00,P1D,fcre,1.6,ensemble,158,Chla_ugL_mean,18.3512256246831
vera4cast,chlorocast_xgboost,2026-10-04 00:00:00,2026-09-29 00:00:00,P1D,fcre,1.6,ensemble,158,Chla_ugL_mean,19.6083975400449
vera4cast,chlorocast_xgboost,2026-10-05 00:00:00,2026-09-29 00:00:00,P1D,fcre,1.6,ensemble,158,Chla_ugL_mean,19.8144297033633
vera4cast,chlorocast_xgboost,2026-10-06 00:00:00,2026-09-29 00:00:00,P1D,fcre,1.6,ensemble,158,Chla_ugL_mean,19.3785649580051
vera4cast,chlorocast_xgboost,2026-10-07 00:00:00,2026-09-29 00:00:00,P1D,fcre,1.6,ensemble,158,Chla_ugL_mean,19.0083675082608
vera4cast,chlorocast_xgboost,2026-10-08 00:00:00,2026-09-29 00:00:00,P1D,fcre,1.6,ensemble,158,Chla_ugL_mean,17.7919877403776
vera4cast,chlorocast_xgboost,2026-10-09 00:00:00,2026-09-29 00:00:00,P1D,fcre,1.6,ensemble,158,Chla_ugL_mean,18.47423476797
vera4cast,chlorocast_xgboost,2026-10-10 00:00:00,2026-09-29 00:00:00,P1D,fcre,1.6,ensemble,158,Chla_ugL_mean,17.126405038444
vera4cast,chlorocast_xgboost,2026-10-11 00:00:00,2026-09-29 00:00:00,P1D,fcre,1.6,ensemble,158,Chla_ugL_mean,16.5601757055807
vera4cast,chlorocast_xgboost,2026-10-12 00:00:00,2026-09-29 00:00:00,P1D,fcre,1.6,ensemble,158,Chla_ugL_mean,17.354490960459
vera4cast,chlorocast_xgboost,2026-10-13 00:00:00,2026-09-29 00:00:00,P1D,fcre,1.6,ensemble,158,Chla_ugL_mean,16.6581347426768
vera4cast,chlorocast_xgboost,2026-10-14 00:00:00,2026-09-29 00:00:00,P1D,fcre,1.6,ensemble,158,Chla_ugL_mean,16.7695012251723
vera4cast,chlorocast_xgboost,2026-10-15 00:00:00,2026-09-29 00:00:00,P1D,fcre,1.6,ensemble,158,Chla_ugL_mean,16.6150073257871
vera4cast,chlorocast_xgboost,2026-10-16 00:00:00,2026-09-29 00:00:00,P1D,fcre,1.6,ensemble,158,Chla_ugL_mean,16.966219265938
vera4cast,chlorocast_xgboost,2026-10-17 00:00:00,2026-09-29 00:00:00,P1D,fcre,1.6,ensemble,158,Chla_ugL_mean,17.3146105621553
vera4cast,chlorocast_xgboost,2026-10-18 00:00:00,2026-09-29 00:00:00,P1D,fcre,1.6,ensemble,158,Chla_ugL_mean,17.0803411098779
vera4cast,chlorocast_xgboost,2026-10-19 00:00:00,2026-09-29 00:00:00,P1D,fcre,1.6,ensemble,158,Chla_ugL_mean,16.1695447226378
vera4cast,chlorocast_xgboost,2026-10-20 00:00:00,2026-09-29 00:00:00,P1D,fcre,1.6,ensemble,158,Chla_ugL_mean,16.14463136301
vera4cast,chlorocast_xgboost,2026-10-21 00:00:00,2026-09-29 00:00:00,P1D,fcre,1.6,ensemble,158,Chla_ugL_mean,16.1066490667259
vera4cast,chlorocast_xgboost,2026-10-22 00:00:00,2026-09-29 00:00:00,P1D,fcre,1.6,ensemble,158,Chla_ugL_mean,15.9689885456035
vera4cast,chlorocast_xgboost,2026-10-23 00:00:00,2026-09-29 00:00:00,P1D,fcre,1.6,ensemble,158,Chla_ugL_mean,16.1543722637357
vera4cast,chlorocast_xgboost,2026-10-24 00:00:00,2026-09-29 00:00:00,P1D,fcre,1.6,ensemble,158,Chla_ugL_mean,16.0542292091497
vera4cast,chlorocast_xgboost,2026-10-25 00:00:00,2026-09-29 00:00:00,P1D,fcre,1.6,ensemble,158,Chla_ugL_mean,15.9708206362824
vera4cast,chlorocast_xgboost,2026-10-26 00:00:00,2026-09-29 00:00:00,P1D,fcre,1.6,ensemble,158,Chla_ugL_mean,16.0389998812594
vera4cast,chlorocast_xgboost,2026-10-27 00:00:00,2026-09-29 00:00:00,P1D,fcre,1.6,ensemble,158,Chla_ugL_mean,16.079201395419
vera4cast,chlorocast_xgboost,2026-10-28 00:00:00,2026-09-29 00:00:00,P1D,fcre,1.6,ensemble,158,Chla_ugL_mean,16.0939448698529
vera4cast,chlorocast_xgboost,2026-10-29 00:00:00,2026-09-29 00:00:00,P1D,fcre,1.6,ensemble,158,Chla_ugL_mean,15.3736127105648
vera4cast,chlorocast_xgboost,2026-10-30 00:00:00,2026-09-29 00:00:00,P1D,fcre,1.6,ensemble,158,Chla_ugL_mean,16.0124504134185
vera4cast,chlorocast_xgboost,2026-10-31 00:00:00,2026-09-29 00:00:00,P1D,fcre,1.6,ensemble,158,Chla_ugL_mean,15.6302210338229
vera4cast,chlorocast_xgboost,2026-11-01 00:00:00,2026-09-29 00:00:00,P1D,fcre,1.6,ensemble,158,Chla_ugL_mean,16.6374451312135
vera4cast,chlorocast_xgboost,2026-11-02 00:00:00,2026-09-29 00:00:00,P1D,fcre,1.6,ensemble,158,Chla_ugL_mean,15.9732273620175
vera4cast,chlorocast_xgboost,2026-11-03 00:00:00,2026-09-29 00:00:00,P1D,fcre,1.6,ensemble,158,Chla_ugL_mean,16.6365001090297
vera4cast,chlorocast_xgboost,2026-09-30 00:00:00,2026-09-29 00:00:00,P1D,fcre,1.6,ensemble,159,Chla_ugL_mean,17.1286367582389
vera4cast,chlorocast_xgboost,2026-10-01 00:00:00,2026-09-29 00:00:00,P1D,fcre,1.6,ensemble,159,Chla_ugL_mean,17.7658908619107
vera4cast,chlorocast_xgboost,2026-10-02 00:00:00,2026-09-29 00:00:00,P1D,fcre,1.6,ensemble,159,Chla_ugL_mean,18.9192403701503
vera4cast,chlorocast_xgboost,2026-10-03 00:00:00,2026-09-29 00:00:00,P1D,fcre,1.6,ensemble,159,Chla_ugL_mean,18.4635012384465
vera4cast,chlorocast_xgboost,2026-10-04 00:00:00,2026-09-29 00:00:00,P1D,fcre,1.6,ensemble,159,Chla_ugL_mean,19.7298846480772
vera4cast,chlorocast_xgboost,2026-10-05 00:00:00,2026-09-29 00:00:00,P1D,fcre,1.6,ensemble,159,Chla_ugL_mean,19.9379232276022
vera4cast,chlorocast_xgboost,2026-10-06 00:00:00,2026-09-29 00:00:00,P1D,fcre,1.6,ensemble,159,Chla_ugL_mean,19.4955176406118
vera4cast,chlorocast_xgboost,2026-10-07 00:00:00,2026-09-29 00:00:00,P1D,fcre,1.6,ensemble,159,Chla_ugL_mean,19.1654408608536
vera4cast,chlorocast_xgboost,2026-10-08 00:00:00,2026-09-29 00:00:00,P1D,fcre,1.6,ensemble,159,Chla_ugL_mean,17.9106871656561
vera4cast,chlorocast_xgboost,2026-10-09 00:00:00,2026-09-29 00:00:00,P1D,fcre,1.6,ensemble,159,Chla_ugL_mean,18.6121998146826
vera4cast,chlorocast_xgboost,2026-10-10 00:00:00,2026-09-29 00:00:00,P1D,fcre,1.6,ensemble,159,Chla_ugL_mean,17.239676262774
vera4cast,chlorocast_xgboost,2026-10-11 00:00:00,2026-09-29 00:00:00,P1D,fcre,1.6,ensemble,159,Chla_ugL_mean,16.6777587732094
vera4cast,chlorocast_xgboost,2026-10-12 00:00:00,2026-09-29 00:00:00,P1D,fcre,1.6,ensemble,159,Chla_ugL_mean,17.5386124236479
vera4cast,chlorocast_xgboost,2026-10-13 00:00:00,2026-09-29 00:00:00,P1D,fcre,1.6,ensemble,159,Chla_ugL_mean,16.7454146349248
vera4cast,chlorocast_xgboost,2026-10-14 00:00:00,2026-09-29 00:00:00,P1D,fcre,1.6,ensemble,159,Chla_ugL_mean,16.8978605537552
vera4cast,chlorocast_xgboost,2026-10-15 00:00:00,2026-09-29 00:00:00,P1D,fcre,1.6,ensemble,159,Chla_ugL_mean,16.7179129215209
vera4cast,chlorocast_xgboost,2026-10-16 00:00:00,2026-09-29 00:00:00,P1D,fcre,1.6,ensemble,159,Chla_ugL_mean,17.0686850861597
vera4cast,chlorocast_xgboost,2026-10-17 00:00:00,2026-09-29 00:00:00,P1D,fcre,1.6,ensemble,159,Chla_ugL_mean,17.441287315391
vera4cast,chlorocast_xgboost,2026-10-18 00:00:00,2026-09-29 00:00:00,P1D,fcre,1.6,ensemble,159,Chla_ugL_mean,17.1879452721995
vera4cast,chlorocast_xgboost,2026-10-19 00:00:00,2026-09-29 00:00:00,P1D,fcre,1.6,ensemble,159,Chla_ugL_mean,16.2875997813458
vera4cast,chlorocast_xgboost,2026-10-20 00:00:00,2026-09-29 00:00:00,P1D,fcre,1.6,ensemble,159,Chla_ugL_mean,16.272761586493
vera4cast,chlorocast_xgboost,2026-10-21 00:00:00,2026-09-29 00:00:00,P1D,fcre,1.6,ensemble,159,Chla_ugL_mean,16.2275803124944
vera4cast,chlorocast_xgboost,2026-10-22 00:00:00,2026-09-29 00:00:00,P1D,fcre,1.6,ensemble,159,Chla_ugL_mean,16.0850958206493
vera4cast,chlorocast_xgboost,2026-10-23 00:00:00,2026-09-29 00:00:00,P1D,fcre,1.6,ensemble,159,Chla_ugL_mean,16.2678528908085
vera4cast,chlorocast_xgboost,2026-10-24 00:00:00,2026-09-29 00:00:00,P1D,fcre,1.6,ensemble,159,Chla_ugL_mean,16.1568221026181
vera4cast,chlorocast_xgboost,2026-10-25 00:00:00,2026-09-29 00:00:00,P1D,fcre,1.6,ensemble,159,Chla_ugL_mean,16.0688672289654
vera4cast,chlorocast_xgboost,2026-10-26 00:00:00,2026-09-29 00:00:00,P1D,fcre,1.6,ensemble,159,Chla_ugL_mean,16.129248684622
vera4cast,chlorocast_xgboost,2026-10-27 00:00:00,2026-09-29 00:00:00,P1D,fcre,1.6,ensemble,159,Chla_ugL_mean,16.1460561049637
vera4cast,chlorocast_xgboost,2026-10-28 00:00:00,2026-09-29 00:00:00,P1D,fcre,1.6,ensemble,159,Chla_ugL_mean,16.2140931842184
vera4cast,chlorocast_xgboost,2026-10-29 00:00:00,2026-09-29 00:00:00,P1D,fcre,1.6,ensemble,159,Chla_ugL_mean,15.4541305522693
vera4cast,chlorocast_xgboost,2026-10-30 00:00:00,2026-09-29 00:00:00,P1D,fcre,1.6,ensemble,159,Chla_ugL_mean,16.1430480613054
vera4cast,chlorocast_xgboost,2026-10-31 00:00:00,2026-09-29 00:00:00,P1D,fcre,1.6,ensemble,159,Chla_ugL_mean,15.7128216505759
vera4cast,chlorocast_xgboost,2026-11-01 00:00:00,2026-09-29 00:00:00,P1D,fcre,1.6,ensemble,159,Chla_ugL_mean,16.7601794673356
vera4cast,chlorocast_xgboost,2026-11-02 00:00:00,2026-09-29 00:00:00,P1D,fcre,1.6,ensemble,159,Chla_ugL_mean,16.0887651651893
vera4cast,chlorocast_xgboost,2026-11-03 00:00:00,2026-09-29 00:00:00,P1D,fcre,1.6,ensemble,159,Chla_ugL_mean,16.7597762881041
vera4cast,chlorocast_xgboost,2026-09-30 00:00:00,2026-09-29 00:00:00,P1D,fcre,1.6,ensemble,160,Chla_ugL_mean,17.2659613959724
vera4cast,chlorocast_xgboost,2026-10-01 00:00:00,2026-09-29 00:00:00,P1D,fcre,1.6,ensemble,160,Chla_ugL_mean,17.8751508161547
vera4cast,chlorocast_xgboost,2026-10-02 00:00:00,2026-09-29 00:00:00,P1D,fcre,1.6,ensemble,160,Chla_ugL_mean,19.0506257845697
vera4cast,chlorocast_xgboost,2026-10-03 00:00:00,2026-09-29 00:00:00,P1D,fcre,1.6,ensemble,160,Chla_ugL_mean,18.6006993717114
vera4cast,chlorocast_xgboost,2026-10-04 00:00:00,2026-09-29 00:00:00,P1D,fcre,1.6,ensemble,160,Chla_ugL_mean,19.8585462284559
vera4cast,chlorocast_xgboost,2026-10-05 00:00:00,2026-09-29 00:00:00,P1D,fcre,1.6,ensemble,160,Chla_ugL_mean,20.0764067103882
vera4cast,chlorocast_xgboost,2026-10-06 00:00:00,2026-09-29 00:00:00,P1D,fcre,1.6,ensemble,160,Chla_ugL_mean,19.6241364477151
vera4cast,chlorocast_xgboost,2026-10-07 00:00:00,2026-09-29 00:00:00,P1D,fcre,1.6,ensemble,160,Chla_ugL_mean,19.3202666019752
vera4cast,chlorocast_xgboost,2026-10-08 00:00:00,2026-09-29 00:00:00,P1D,fcre,1.6,ensemble,160,Chla_ugL_mean,18.052494097297
vera4cast,chlorocast_xgboost,2026-10-09 00:00:00,2026-09-29 00:00:00,P1D,fcre,1.6,ensemble,160,Chla_ugL_mean,18.741789982742
vera4cast,chlorocast_xgboost,2026-10-10 00:00:00,2026-09-29 00:00:00,P1D,fcre,1.6,ensemble,160,Chla_ugL_mean,17.3618043401652
vera4cast,chlorocast_xgboost,2026-10-11 00:00:00,2026-09-29 00:00:00,P1D,fcre,1.6,ensemble,160,Chla_ugL_mean,16.8176354486063
vera4cast,chlorocast_xgboost,2026-10-12 00:00:00,2026-09-29 00:00:00,P1D,fcre,1.6,ensemble,160,Chla_ugL_mean,17.7104834214325
vera4cast,chlorocast_xgboost,2026-10-13 00:00:00,2026-09-29 00:00:00,P1D,fcre,1.6,ensemble,160,Chla_ugL_mean,16.8510960774289
vera4cast,chlorocast_xgboost,2026-10-14 00:00:00,2026-09-29 00:00:00,P1D,fcre,1.6,ensemble,160,Chla_ugL_mean,17.0189845435422
vera4cast,chlorocast_xgboost,2026-10-15 00:00:00,2026-09-29 00:00:00,P1D,fcre,1.6,ensemble,160,Chla_ugL_mean,16.8235115111337
vera4cast,chlorocast_xgboost,2026-10-16 00:00:00,2026-09-29 00:00:00,P1D,fcre,1.6,ensemble,160,Chla_ugL_mean,17.1739961182813
vera4cast,chlorocast_xgboost,2026-10-17 00:00:00,2026-09-29 00:00:00,P1D,fcre,1.6,ensemble,160,Chla_ugL_mean,17.5643538851309
vera4cast,chlorocast_xgboost,2026-10-18 00:00:00,2026-09-29 00:00:00,P1D,fcre,1.6,ensemble,160,Chla_ugL_mean,17.2957163630477
vera4cast,chlorocast_xgboost,2026-10-19 00:00:00,2026-09-29 00:00:00,P1D,fcre,1.6,ensemble,160,Chla_ugL_mean,16.4040721634472
vera4cast,chlorocast_xgboost,2026-10-20 00:00:00,2026-09-29 00:00:00,P1D,fcre,1.6,ensemble,160,Chla_ugL_mean,16.404181798216
vera4cast,chlorocast_xgboost,2026-10-21 00:00:00,2026-09-29 00:00:00,P1D,fcre,1.6,ensemble,160,Chla_ugL_mean,16.3505313925434
vera4cast,chlorocast_xgboost,2026-10-22 00:00:00,2026-09-29 00:00:00,P1D,fcre,1.6,ensemble,160,Chla_ugL_mean,16.201416602868
vera4cast,chlorocast_xgboost,2026-10-23 00:00:00,2026-09-29 00:00:00,P1D,fcre,1.6,ensemble,160,Chla_ugL_mean,16.3845886541055
vera4cast,chlorocast_xgboost,2026-10-24 00:00:00,2026-09-29 00:00:00,P1D,fcre,1.6,ensemble,160,Chla_ugL_mean,16.2602105502877
vera4cast,chlorocast_xgboost,2026-10-25 00:00:00,2026-09-29 00:00:00,P1D,fcre,1.6,ensemble,160,Chla_ugL_mean,16.1820507127677
vera4cast,chlorocast_xgboost,2026-10-26 00:00:00,2026-09-29 00:00:00,P1D,fcre,1.6,ensemble,160,Chla_ugL_mean,16.2301504339075
vera4cast,chlorocast_xgboost,2026-10-27 00:00:00,2026-09-29 00:00:00,P1D,fcre,1.6,ensemble,160,Chla_ugL_mean,16.2268583037553
vera4cast,chlorocast_xgboost,2026-10-28 00:00:00,2026-09-29 00:00:00,P1D,fcre,1.6,ensemble,160,Chla_ugL_mean,16.3259064873704
vera4cast,chlorocast_xgboost,2026-10-29 00:00:00,2026-09-29 00:00:00,P1D,fcre,1.6,ensemble,160,Chla_ugL_mean,15.5524357667817
vera4cast,chlorocast_xgboost,2026-10-30 00:00:00,2026-09-29 00:00:00,P1D,fcre,1.6,ensemble,160,Chla_ugL_mean,16.2724138843718
vera4cast,chlorocast_xgboost,2026-10-31 00:00:00,2026-09-29 00:00:00,P1D,fcre,1.6,ensemble,160,Chla_ugL_mean,15.8087320619517
vera4cast,chlorocast_xgboost,2026-11-01 00:00:00,2026-09-29 00:00:00,P1D,fcre,1.6,ensemble,160,Chla_ugL_mean,16.8754130722494
vera4cast,chlorocast_xgboost,2026-11-02 00:00:00,2026-09-29 00:00:00,P1D,fcre,1.6,ensemble,160,Chla_ugL_mean,16.2029996791576
vera4cast,chlorocast_xgboost,2026-11-03 00:00:00,2026-09-29 00:00:00,P1D,fcre,1.6,ensemble,160,Chla_ugL_mean,16.8754347358808
vera4cast,chlorocast_xgboost,2026-09-30 00:00:00,2026-09-29 00:00:00,P1D,fcre,1.6,ensemble,161,Chla_ugL_mean,17.4093005794928
vera4cast,chlorocast_xgboost,2026-10-01 00:00:00,2026-09-29 00:00:00,P1D,fcre,1.6,ensemble,161,Chla_ugL_mean,18.0047042669233
vera4cast,chlorocast_xgboost,2026-10-02 00:00:00,2026-09-29 00:00:00,P1D,fcre,1.6,ensemble,161,Chla_ugL_mean,19.1917978666565
vera4cast,chlorocast_xgboost,2026-10-03 00:00:00,2026-09-29 00:00:00,P1D,fcre,1.6,ensemble,161,Chla_ugL_mean,18.796014290341
vera4cast,chlorocast_xgboost,2026-10-04 00:00:00,2026-09-29 00:00:00,P1D,fcre,1.6,ensemble,161,Chla_ugL_mean,20.0031770858943
vera4cast,chlorocast_xgboost,2026-10-05 00:00:00,2026-09-29 00:00:00,P1D,fcre,1.6,ensemble,161,Chla_ugL_mean,20.2493308878364
vera4cast,chlorocast_xgboost,2026-10-06 00:00:00,2026-09-29 00:00:00,P1D,fcre,1.6,ensemble,161,Chla_ugL_mean,19.7794011909264
vera4cast,chlorocast_xgboost,2026-10-07 00:00:00,2026-09-29 00:00:00,P1D,fcre,1.6,ensemble,161,Chla_ugL_mean,19.4680994128217
vera4cast,chlorocast_xgboost,2026-10-08 00:00:00,2026-09-29 00:00:00,P1D,fcre,1.6,ensemble,161,Chla_ugL_mean,18.2480266390413
vera4cast,chlorocast_xgboost,2026-10-09 00:00:00,2026-09-29 00:00:00,P1D,fcre,1.6,ensemble,161,Chla_ugL_mean,18.8502875626002
vera4cast,chlorocast_xgboost,2026-10-10 00:00:00,2026-09-29 00:00:00,P1D,fcre,1.6,ensemble,161,Chla_ugL_mean,17.5039060307763
vera4cast,chlorocast_xgboost,2026-10-11 00:00:00,2026-09-29 00:00:00,P1D,fcre,1.6,ensemble,161,Chla_ugL_mean,17.0092991974047
vera4cast,chlorocast_xgboost,2026-10-12 00:00:00,2026-09-29 00:00:00,P1D,fcre,1.6,ensemble,161,Chla_ugL_mean,17.8507904332126
vera4cast,chlorocast_xgboost,2026-10-13 00:00:00,2026-09-29 00:00:00,P1D,fcre,1.6,ensemble,161,Chla_ugL_mean,16.9996578250946
vera4cast,chlorocast_xgboost,2026-10-14 00:00:00,2026-09-29 00:00:00,P1D,fcre,1.6,ensemble,161,Chla_ugL_mean,17.1217678603289
vera4cast,chlorocast_xgboost,2026-10-15 00:00:00,2026-09-29 00:00:00,P1D,fcre,1.6,ensemble,161,Chla_ugL_mean,16.9346504475156
vera4cast,chlorocast_xgboost,2026-10-16 00:00:00,2026-09-29 00:00:00,P1D,fcre,1.6,ensemble,161,Chla_ugL_mean,17.2852280443976
vera4cast,chlorocast_xgboost,2026-10-17 00:00:00,2026-09-29 00:00:00,P1D,fcre,1.6,ensemble,161,Chla_ugL_mean,17.6777079200305
vera4cast,chlorocast_xgboost,2026-10-18 00:00:00,2026-09-29 00:00:00,P1D,fcre,1.6,ensemble,161,Chla_ugL_mean,17.4030147764111
vera4cast,chlorocast_xgboost,2026-10-19 00:00:00,2026-09-29 00:00:00,P1D,fcre,1.6,ensemble,161,Chla_ugL_mean,16.5157059638961
vera4cast,chlorocast_xgboost,2026-10-20 00:00:00,2026-09-29 00:00:00,P1D,fcre,1.6,ensemble,161,Chla_ugL_mean,16.5420868426796
vera4cast,chlorocast_xgboost,2026-10-21 00:00:00,2026-09-29 00:00:00,P1D,fcre,1.6,ensemble,161,Chla_ugL_mean,16.4770978595492
vera4cast,chlorocast_xgboost,2026-10-22 00:00:00,2026-09-29 00:00:00,P1D,fcre,1.6,ensemble,161,Chla_ugL_mean,16.3171646644563
vera4cast,chlorocast_xgboost,2026-10-23 00:00:00,2026-09-29 00:00:00,P1D,fcre,1.6,ensemble,161,Chla_ugL_mean,16.5079981789248
vera4cast,chlorocast_xgboost,2026-10-24 00:00:00,2026-09-29 00:00:00,P1D,fcre,1.6,ensemble,161,Chla_ugL_mean,16.3646407784835
vera4cast,chlorocast_xgboost,2026-10-25 00:00:00,2026-09-29 00:00:00,P1D,fcre,1.6,ensemble,161,Chla_ugL_mean,16.3302562758247
vera4cast,chlorocast_xgboost,2026-10-26 00:00:00,2026-09-29 00:00:00,P1D,fcre,1.6,ensemble,161,Chla_ugL_mean,16.3555514452299
vera4cast,chlorocast_xgboost,2026-10-27 00:00:00,2026-09-29 00:00:00,P1D,fcre,1.6,ensemble,161,Chla_ugL_mean,16.3401678277856
vera4cast,chlorocast_xgboost,2026-10-28 00:00:00,2026-09-29 00:00:00,P1D,fcre,1.6,ensemble,161,Chla_ugL_mean,16.4169071354137
vera4cast,chlorocast_xgboost,2026-10-29 00:00:00,2026-09-29 00:00:00,P1D,fcre,1.6,ensemble,161,Chla_ugL_mean,15.6922223335035
vera4cast,chlorocast_xgboost,2026-10-30 00:00:00,2026-09-29 00:00:00,P1D,fcre,1.6,ensemble,161,Chla_ugL_mean,16.3975041953172
vera4cast,chlorocast_xgboost,2026-10-31 00:00:00,2026-09-29 00:00:00,P1D,fcre,1.6,ensemble,161,Chla_ugL_mean,15.9355032623324
vera4cast,chlorocast_xgboost,2026-11-01 00:00:00,2026-09-29 00:00:00,P1D,fcre,1.6,ensemble,161,Chla_ugL_mean,16.97178858633
vera4cast,chlorocast_xgboost,2026-11-02 00:00:00,2026-09-29 00:00:00,P1D,fcre,1.6,ensemble,161,Chla_ugL_mean,16.3130901111962
vera4cast,chlorocast_xgboost,2026-11-03 00:00:00,2026-09-29 00:00:00,P1D,fcre,1.6,ensemble,161,Chla_ugL_mean,16.9719479870267
vera4cast,chlorocast_xgboost,2026-09-30 00:00:00,2026-09-29 00:00:00,P1D,fcre,1.6,ensemble,162,Chla_ugL_mean,17.5537645941176
vera4cast,chlorocast_xgboost,2026-10-01 00:00:00,2026-09-29 00:00:00,P1D,fcre,1.6,ensemble,162,Chla_ugL_mean,18.135146934248
vera4cast,chlorocast_xgboost,2026-10-02 00:00:00,2026-09-29 00:00:00,P1D,fcre,1.6,ensemble,162,Chla_ugL_mean,19.3339639105763
vera4cast,chlorocast_xgboost,2026-10-03 00:00:00,2026-09-29 00:00:00,P1D,fcre,1.6,ensemble,162,Chla_ugL_mean,18.9932754618423
vera4cast,chlorocast_xgboost,2026-10-04 00:00:00,2026-09-29 00:00:00,P1D,fcre,1.6,ensemble,162,Chla_ugL_mean,20.1488107977356
vera4cast,chlorocast_xgboost,2026-10-05 00:00:00,2026-09-29 00:00:00,P1D,fcre,1.6,ensemble,162,Chla_ugL_mean,20.4236738446598
vera4cast,chlorocast_xgboost,2026-10-06 00:00:00,2026-09-29 00:00:00,P1D,fcre,1.6,ensemble,162,Chla_ugL_mean,19.9358348141316
vera4cast,chlorocast_xgboost,2026-10-07 00:00:00,2026-09-29 00:00:00,P1D,fcre,1.6,ensemble,162,Chla_ugL_mean,19.6170077282564
vera4cast,chlorocast_xgboost,2026-10-08 00:00:00,2026-09-29 00:00:00,P1D,fcre,1.6,ensemble,162,Chla_ugL_mean,18.4455658983675
vera4cast,chlorocast_xgboost,2026-10-09 00:00:00,2026-09-29 00:00:00,P1D,fcre,1.6,ensemble,162,Chla_ugL_mean,18.9593814270326
vera4cast,chlorocast_xgboost,2026-10-10 00:00:00,2026-09-29 00:00:00,P1D,fcre,1.6,ensemble,162,Chla_ugL_mean,17.6471074439473
vera4cast,chlorocast_xgboost,2026-10-11 00:00:00,2026-09-29 00:00:00,P1D,fcre,1.6,ensemble,162,Chla_ugL_mean,17.203024667171
vera4cast,chlorocast_xgboost,2026-10-12 00:00:00,2026-09-29 00:00:00,P1D,fcre,1.6,ensemble,162,Chla_ugL_mean,17.992149585502
vera4cast,chlorocast_xgboost,2026-10-13 00:00:00,2026-09-29 00:00:00,P1D,fcre,1.6,ensemble,162,Chla_ugL_mean,17.1494559446208
vera4cast,chlorocast_xgboost,2026-10-14 00:00:00,2026-09-29 00:00:00,P1D,fcre,1.6,ensemble,162,Chla_ugL_mean,17.2251374704322
vera4cast,chlorocast_xgboost,2026-10-15 00:00:00,2026-09-29 00:00:00,P1D,fcre,1.6,ensemble,162,Chla_ugL_mean,17.0464823934188
vera4cast,chlorocast_xgboost,2026-10-16 00:00:00,2026-09-29 00:00:00,P1D,fcre,1.6,ensemble,162,Chla_ugL_mean,17.397140753172
vera4cast,chlorocast_xgboost,2026-10-17 00:00:00,2026-09-29 00:00:00,P1D,fcre,1.6,ensemble,162,Chla_ugL_mean,17.7917540952173
vera4cast,chlorocast_xgboost,2026-10-18 00:00:00,2026-09-29 00:00:00,P1D,fcre,1.6,ensemble,162,Chla_ugL_mean,17.5109424599972
vera4cast,chlorocast_xgboost,2026-10-19 00:00:00,2026-09-29 00:00:00,P1D,fcre,1.6,ensemble,162,Chla_ugL_mean,16.6280558097215
vera4cast,chlorocast_xgboost,2026-10-20 00:00:00,2026-09-29 00:00:00,P1D,fcre,1.6,ensemble,162,Chla_ugL_mean,16.6810846016132
vera4cast,chlorocast_xgboost,2026-10-21 00:00:00,2026-09-29 00:00:00,P1D,fcre,1.6,ensemble,162,Chla_ugL_mean,16.6045875876476
vera4cast,chlorocast_xgboost,2026-10-22 00:00:00,2026-09-29 00:00:00,P1D,fcre,1.6,ensemble,162,Chla_ugL_mean,16.4336915929293
vera4cast,chlorocast_xgboost,2026-10-23 00:00:00,2026-09-29 00:00:00,P1D,fcre,1.6,ensemble,162,Chla_ugL_mean,16.6322837619079
vera4cast,chlorocast_xgboost,2026-10-24 00:00:00,2026-09-29 00:00:00,P1D,fcre,1.6,ensemble,162,Chla_ugL_mean,16.4697028455858
vera4cast,chlorocast_xgboost,2026-10-25 00:00:00,2026-09-29 00:00:00,P1D,fcre,1.6,ensemble,162,Chla_ugL_mean,16.4797402013593
vera4cast,chlorocast_xgboost,2026-10-26 00:00:00,2026-09-29 00:00:00,P1D,fcre,1.6,ensemble,162,Chla_ugL_mean,16.4818651249414
vera4cast,chlorocast_xgboost,2026-10-27 00:00:00,2026-09-29 00:00:00,P1D,fcre,1.6,ensemble,162,Chla_ugL_mean,16.4542226443126
vera4cast,chlorocast_xgboost,2026-10-28 00:00:00,2026-09-29 00:00:00,P1D,fcre,1.6,ensemble,162,Chla_ugL_mean,16.5083857450546
vera4cast,chlorocast_xgboost,2026-10-29 00:00:00,2026-09-29 00:00:00,P1D,fcre,1.6,ensemble,162,Chla_ugL_mean,15.8331894083096
vera4cast,chlorocast_xgboost,2026-10-30 00:00:00,2026-09-29 00:00:00,P1D,fcre,1.6,ensemble,162,Chla_ugL_mean,16.5235004355668
vera4cast,chlorocast_xgboost,2026-10-31 00:00:00,2026-09-29 00:00:00,P1D,fcre,1.6,ensemble,162,Chla_ugL_mean,16.0632305691693
vera4cast,chlorocast_xgboost,2026-11-01 00:00:00,2026-09-29 00:00:00,P1D,fcre,1.6,ensemble,162,Chla_ugL_mean,17.0686837102051
vera4cast,chlorocast_xgboost,2026-11-02 00:00:00,2026-09-29 00:00:00,P1D,fcre,1.6,ensemble,162,Chla_ugL_mean,16.4238850659026
vera4cast,chlorocast_xgboost,2026-11-03 00:00:00,2026-09-29 00:00:00,P1D,fcre,1.6,ensemble,162,Chla_ugL_mean,17.0689823336191
vera4cast,chlorocast_xgboost,2026-09-30 00:00:00,2026-09-29 00:00:00,P1D,fcre,1.6,ensemble,163,Chla_ugL_mean,17.6993622667775
vera4cast,chlorocast_xgboost,2026-10-01 00:00:00,2026-09-29 00:00:00,P1D,fcre,1.6,ensemble,163,Chla_ugL_mean,18.2664849214483
vera4cast,chlorocast_xgboost,2026-10-02 00:00:00,2026-09-29 00:00:00,P1D,fcre,1.6,ensemble,163,Chla_ugL_mean,19.4771309145978
vera4cast,chlorocast_xgboost,2026-10-03 00:00:00,2026-09-29 00:00:00,P1D,fcre,1.6,ensemble,163,Chla_ugL_mean,19.1925022800243
vera4cast,chlorocast_xgboost,2026-10-04 00:00:00,2026-09-29 00:00:00,P1D,fcre,1.6,ensemble,163,Chla_ugL_mean,20.2954543176615
vera4cast,chlorocast_xgboost,2026-10-05 00:00:00,2026-09-29 00:00:00,P1D,fcre,1.6,ensemble,163,Chla_ugL_mean,20.5994472214223
vera4cast,chlorocast_xgboost,2026-10-06 00:00:00,2026-09-29 00:00:00,P1D,fcre,1.6,ensemble,163,Chla_ugL_mean,20.0934461170132
vera4cast,chlorocast_xgboost,2026-10-07 00:00:00,2026-09-29 00:00:00,P1D,fcre,1.6,ensemble,163,Chla_ugL_mean,19.7669993727271
vera4cast,chlorocast_xgboost,2026-10-08 00:00:00,2026-09-29 00:00:00,P1D,fcre,1.6,ensemble,163,Chla_ugL_mean,18.6451324698803
vera4cast,chlorocast_xgboost,2026-10-09 00:00:00,2026-09-29 00:00:00,P1D,fcre,1.6,ensemble,163,Chla_ugL_mean,19.0690748531197
vera4cast,chlorocast_xgboost,2026-10-10 00:00:00,2026-09-29 00:00:00,P1D,fcre,1.6,ensemble,163,Chla_ugL_mean,17.7914170904124
vera4cast,chlorocast_xgboost,2026-10-11 00:00:00,2026-09-29 00:00:00,P1D,fcre,1.6,ensemble,163,Chla_ugL_mean,17.3988340357734
vera4cast,chlorocast_xgboost,2026-10-12 00:00:00,2026-09-29 00:00:00,P1D,fcre,1.6,ensemble,163,Chla_ugL_mean,18.134568768139
vera4cast,chlorocast_xgboost,2026-10-13 00:00:00,2026-09-29 00:00:00,P1D,fcre,1.6,ensemble,163,Chla_ugL_mean,17.3005007254354
vera4cast,chlorocast_xgboost,2026-10-14 00:00:00,2026-09-29 00:00:00,P1D,fcre,1.6,ensemble,163,Chla_ugL_mean,17.3290967181677
vera4cast,chlorocast_xgboost,2026-10-15 00:00:00,2026-09-29 00:00:00,P1D,fcre,1.6,ensemble,163,Chla_ugL_mean,17.159011670121
vera4cast,chlorocast_xgboost,2026-10-16 00:00:00,2026-09-29 00:00:00,P1D,fcre,1.6,ensemble,163,Chla_ugL_mean,17.5097384112594
vera4cast,chlorocast_xgboost,2026-10-17 00:00:00,2026-09-29 00:00:00,P1D,fcre,1.6,ensemble,163,Chla_ugL_mean,17.9064966369031
vera4cast,chlorocast_xgboost,2026-10-18 00:00:00,2026-09-29 00:00:00,P1D,fcre,1.6,ensemble,163,Chla_ugL_mean,17.6195031042708
vera4cast,chlorocast_xgboost,2026-10-19 00:00:00,2026-09-29 00:00:00,P1D,fcre,1.6,ensemble,163,Chla_ugL_mean,16.7411262938061
vera4cast,chlorocast_xgboost,2026-10-20 00:00:00,2026-09-29 00:00:00,P1D,fcre,1.6,ensemble,163,Chla_ugL_mean,16.8211837333288
vera4cast,chlorocast_xgboost,2026-10-21 00:00:00,2026-09-29 00:00:00,P1D,fcre,1.6,ensemble,163,Chla_ugL_mean,16.733007311727
vera4cast,chlorocast_xgboost,2026-10-22 00:00:00,2026-09-29 00:00:00,P1D,fcre,1.6,ensemble,163,Chla_ugL_mean,16.55100262927
vera4cast,chlorocast_xgboost,2026-10-23 00:00:00,2026-09-29 00:00:00,P1D,fcre,1.6,ensemble,163,Chla_ugL_mean,16.7574516220069
vera4cast,chlorocast_xgboost,2026-10-24 00:00:00,2026-09-29 00:00:00,P1D,fcre,1.6,ensemble,163,Chla_ugL_mean,16.5754005744381
vera4cast,chlorocast_xgboost,2026-10-25 00:00:00,2026-09-29 00:00:00,P1D,fcre,1.6,ensemble,163,Chla_ugL_mean,16.63051351602
vera4cast,chlorocast_xgboost,2026-10-26 00:00:00,2026-09-29 00:00:00,P1D,fcre,1.6,ensemble,163,Chla_ugL_mean,16.6090981154412
vera4cast,chlorocast_xgboost,2026-10-27 00:00:00,2026-09-29 00:00:00,P1D,fcre,1.6,ensemble,163,Chla_ugL_mean,16.5690276554918
vera4cast,chlorocast_xgboost,2026-10-28 00:00:00,2026-09-29 00:00:00,P1D,fcre,1.6,ensemble,163,Chla_ugL_mean,16.6003448266849
vera4cast,chlorocast_xgboost,2026-10-29 00:00:00,2026-09-29 00:00:00,P1D,fcre,1.6,ensemble,163,Chla_ugL_mean,15.9753469606795
vera4cast,chlorocast_xgboost,2026-10-30 00:00:00,2026-09-29 00:00:00,P1D,fcre,1.6,ensemble,163,Chla_ugL_mean,16.6504091660436
vera4cast,chlorocast_xgboost,2026-10-31 00:00:00,2026-09-29 00:00:00,P1D,fcre,1.6,ensemble,163,Chla_ugL_mean,16.1919211934028
vera4cast,chlorocast_xgboost,2026-11-01 00:00:00,2026-09-29 00:00:00,P1D,fcre,1.6,ensemble,163,Chla_ugL_mean,17.1661012453576
vera4cast,chlorocast_xgboost,2026-11-02 00:00:00,2026-09-29 00:00:00,P1D,fcre,1.6,ensemble,163,Chla_ugL_mean,16.5353890518627
vera4cast,chlorocast_xgboost,2026-11-03 00:00:00,2026-09-29 00:00:00,P1D,fcre,1.6,ensemble,163,Chla_ugL_mean,17.1665405891626
vera4cast,chlorocast_xgboost,2026-09-30 00:00:00,2026-09-29 00:00:00,P1D,fcre,1.6,ensemble,164,Chla_ugL_mean,17.8461024936709
vera4cast,chlorocast_xgboost,2026-10-01 00:00:00,2026-09-29 00:00:00,P1D,fcre,1.6,ensemble,164,Chla_ugL_mean,18.3987243737349
vera4cast,chlorocast_xgboost,2026-10-02 00:00:00,2026-09-29 00:00:00,P1D,fcre,1.6,ensemble,164,Chla_ugL_mean,19.6213059262626
vera4cast,chlorocast_xgboost,2026-10-03 00:00:00,2026-09-29 00:00:00,P1D,fcre,1.6,ensemble,164,Chla_ugL_mean,19.3937143319495
vera4cast,chlorocast_xgboost,2026-10-04 00:00:00,2026-09-29 00:00:00,P1D,fcre,1.6,ensemble,164,Chla_ugL_mean,20.4431146475699
vera4cast,chlorocast_xgboost,2026-10-05 00:00:00,2026-09-29 00:00:00,P1D,fcre,1.6,ensemble,164,Chla_ugL_mean,20.7766627541942
vera4cast,chlorocast_xgboost,2026-10-06 00:00:00,2026-09-29 00:00:00,P1D,fcre,1.6,ensemble,164,Chla_ugL_mean,20.2522439655002
vera4cast,chlorocast_xgboost,2026-10-07 00:00:00,2026-09-29 00:00:00,P1D,fcre,1.6,ensemble,164,Chla_ugL_mean,19.9180822276055
vera4cast,chlorocast_xgboost,2026-10-08 00:00:00,2026-09-29 00:00:00,P1D,fcre,1.6,ensemble,164,Chla_ugL_mean,18.8467471595437
vera4cast,chlorocast_xgboost,2026-10-09 00:00:00,2026-09-29 00:00:00,P1D,fcre,1.6,ensemble,164,Chla_ugL_mean,19.1793711359522
vera4cast,chlorocast_xgboost,2026-10-10 00:00:00,2026-09-29 00:00:00,P1D,fcre,1.6,ensemble,164,Chla_ugL_mean,17.9368435467702
vera4cast,chlorocast_xgboost,2026-10-11 00:00:00,2026-09-29 00:00:00,P1D,fcre,1.6,ensemble,164,Chla_ugL_mean,17.5967497196467
vera4cast,chlorocast_xgboost,2026-10-12 00:00:00,2026-09-29 00:00:00,P1D,fcre,1.6,ensemble,164,Chla_ugL_mean,18.2780559301267
vera4cast,chlorocast_xgboost,2026-10-13 00:00:00,2026-09-29 00:00:00,P1D,fcre,1.6,ensemble,164,Chla_ugL_mean,17.4528025425975
vera4cast,chlorocast_xgboost,2026-10-14 00:00:00,2026-09-29 00:00:00,P1D,fcre,1.6,ensemble,164,Chla_ugL_mean,17.4336489669276
vera4cast,chlorocast_xgboost,2026-10-15 00:00:00,2026-09-29 00:00:00,P1D,fcre,1.6,ensemble,164,Chla_ugL_mean,17.272242625845
vera4cast,chlorocast_xgboost,2026-10-16 00:00:00,2026-09-29 00:00:00,P1D,fcre,1.6,ensemble,164,Chla_ugL_mean,17.6230252108159
vera4cast,chlorocast_xgboost,2026-10-17 00:00:00,2026-09-29 00:00:00,P1D,fcre,1.6,ensemble,164,Chla_ugL_mean,18.0219397971052
vera4cast,chlorocast_xgboost,2026-10-18 00:00:00,2026-09-29 00:00:00,P1D,fcre,1.6,ensemble,164,Chla_ugL_mean,17.7287004213399
vera4cast,chlorocast_xgboost,2026-10-19 00:00:00,2026-09-29 00:00:00,P1D,fcre,1.6,ensemble,164,Chla_ugL_mean,16.8549220384929
vera4cast,chlorocast_xgboost,2026-10-20 00:00:00,2026-09-29 00:00:00,P1D,fcre,1.6,ensemble,164,Chla_ugL_mean,16.9623929647441
vera4cast,chlorocast_xgboost,2026-10-21 00:00:00,2026-09-29 00:00:00,P1D,fcre,1.6,ensemble,164,Chla_ugL_mean,16.8623638158049
vera4cast,chlorocast_xgboost,2026-10-22 00:00:00,2026-09-29 00:00:00,P1D,fcre,1.6,ensemble,164,Chla_ugL_mean,16.6691030497278
vera4cast,chlorocast_xgboost,2026-10-23 00:00:00,2026-09-29 00:00:00,P1D,fcre,1.6,ensemble,164,Chla_ugL_mean,16.8835080223207
vera4cast,chlorocast_xgboost,2026-10-24 00:00:00,2026-09-29 00:00:00,P1D,fcre,1.6,ensemble,164,Chla_ugL_mean,16.6817378110131
vera4cast,chlorocast_xgboost,2026-10-25 00:00:00,2026-09-29 00:00:00,P1D,fcre,1.6,ensemble,164,Chla_ugL_mean,16.7825873415665
vera4cast,chlorocast_xgboost,2026-10-26 00:00:00,2026-09-29 00:00:00,P1D,fcre,1.6,ensemble,164,Chla_ugL_mean,16.7372571074722
vera4cast,chlorocast_xgboost,2026-10-27 00:00:00,2026-09-29 00:00:00,P1D,fcre,1.6,ensemble,164,Chla_ugL_mean,16.6845877957227
vera4cast,chlorocast_xgboost,2026-10-28 00:00:00,2026-09-29 00:00:00,P1D,fcre,1.6,ensemble,164,Chla_ugL_mean,16.6927869038819
vera4cast,chlorocast_xgboost,2026-10-29 00:00:00,2026-09-29 00:00:00,P1D,fcre,1.6,ensemble,164,Chla_ugL_mean,16.118705044286
vera4cast,chlorocast_xgboost,2026-10-30 00:00:00,2026-09-29 00:00:00,P1D,fcre,1.6,ensemble,164,Chla_ugL_mean,16.7782369951863
vera4cast,chlorocast_xgboost,2026-10-31 00:00:00,2026-09-29 00:00:00,P1D,fcre,1.6,ensemble,164,Chla_ugL_mean,16.321582400358
vera4cast,chlorocast_xgboost,2026-11-01 00:00:00,2026-09-29 00:00:00,P1D,fcre,1.6,ensemble,164,Chla_ugL_mean,17.2640440083743
vera4cast,chlorocast_xgboost,2026-11-02 00:00:00,2026-09-29 00:00:00,P1D,fcre,1.6,ensemble,164,Chla_ugL_mean,16.6476066065153
vera4cast,chlorocast_xgboost,2026-11-03 00:00:00,2026-09-29 00:00:00,P1D,fcre,1.6,ensemble,164,Chla_ugL_mean,17.2646255823523
vera4cast,chlorocast_xgboost,2026-09-30 00:00:00,2026-09-29 00:00:00,P1D,fcre,1.6,ensemble,165,Chla_ugL_mean,17.9939942408077
vera4cast,chlorocast_xgboost,2026-10-01 00:00:00,2026-09-29 00:00:00,P1D,fcre,1.6,ensemble,165,Chla_ugL_mean,18.5318714784974
vera4cast,chlorocast_xgboost,2026-10-02 00:00:00,2026-09-29 00:00:00,P1D,fcre,1.6,ensemble,165,Chla_ugL_mean,19.7664960427326
vera4cast,chlorocast_xgboost,2026-10-03 00:00:00,2026-09-29 00:00:00,P1D,fcre,1.6,ensemble,165,Chla_ugL_mean,19.5969313998592
vera4cast,chlorocast_xgboost,2026-10-04 00:00:00,2026-09-29 00:00:00,P1D,fcre,1.6,ensemble,165,Chla_ugL_mean,20.591798837909
vera4cast,chlorocast_xgboost,2026-10-05 00:00:00,2026-09-29 00:00:00,P1D,fcre,1.6,ensemble,165,Chla_ugL_mean,20.955332275336
vera4cast,chlorocast_xgboost,2026-10-06 00:00:00,2026-09-29 00:00:00,P1D,fcre,1.6,ensemble,165,Chla_ugL_mean,20.4122372922672
vera4cast,chlorocast_xgboost,2026-10-07 00:00:00,2026-09-29 00:00:00,P1D,fcre,1.6,ensemble,165,Chla_ugL_mean,20.0702642316017
vera4cast,chlorocast_xgboost,2026-10-08 00:00:00,2026-09-29 00:00:00,P1D,fcre,1.6,ensemble,165,Chla_ugL_mean,19.0504309868497
vera4cast,chlorocast_xgboost,2026-10-09 00:00:00,2026-09-29 00:00:00,P1D,fcre,1.6,ensemble,165,Chla_ugL_mean,19.29027358873
vera4cast,chlorocast_xgboost,2026-10-10 00:00:00,2026-09-29 00:00:00,P1D,fcre,1.6,ensemble,165,Chla_ugL_mean,18.0833954559933
vera4cast,chlorocast_xgboost,2026-10-11 00:00:00,2026-09-29 00:00:00,P1D,fcre,1.6,ensemble,165,Chla_ugL_mean,17.7967943763585
vera4cast,chlorocast_xgboost,2026-10-12 00:00:00,2026-09-29 00:00:00,P1D,fcre,1.6,ensemble,165,Chla_ugL_mean,18.4226190800766
vera4cast,chlorocast_xgboost,2026-10-13 00:00:00,2026-09-29 00:00:00,P1D,fcre,1.6,ensemble,165,Chla_ugL_mean,17.6063718575105
vera4cast,chlorocast_xgboost,2026-10-14 00:00:00,2026-09-29 00:00:00,P1D,fcre,1.6,ensemble,165,Chla_ugL_mean,17.5387975992895
vera4cast,chlorocast_xgboost,2026-10-15 00:00:00,2026-09-29 00:00:00,P1D,fcre,1.6,ensemble,165,Chla_ugL_mean,17.3861796359275
vera4cast,chlorocast_xgboost,2026-10-16 00:00:00,2026-09-29 00:00:00,P1D,fcre,1.6,ensemble,165,Chla_ugL_mean,17.7370053696554
vera4cast,chlorocast_xgboost,2026-10-17 00:00:00,2026-09-29 00:00:00,P1D,fcre,1.6,ensemble,165,Chla_ugL_mean,18.1380878538036
vera4cast,chlorocast_xgboost,2026-10-18 00:00:00,2026-09-29 00:00:00,P1D,fcre,1.6,ensemble,165,Chla_ugL_mean,17.8385381450831
vera4cast,chlorocast_xgboost,2026-10-19 00:00:00,2026-09-29 00:00:00,P1D,fcre,1.6,ensemble,165,Chla_ugL_mean,16.9694476957735
vera4cast,chlorocast_xgboost,2026-10-20 00:00:00,2026-09-29 00:00:00,P1D,fcre,1.6,ensemble,165,Chla_ugL_mean,17.1047210919262
vera4cast,chlorocast_xgboost,2026-10-21 00:00:00,2026-09-29 00:00:00,P1D,fcre,1.6,ensemble,165,Chla_ugL_mean,16.9926639333857
vera4cast,chlorocast_xgboost,2026-10-22 00:00:00,2026-09-29 00:00:00,P1D,fcre,1.6,ensemble,165,Chla_ugL_mean,16.7879981660562
vera4cast,chlorocast_xgboost,2026-10-23 00:00:00,2026-09-29 00:00:00,P1D,fcre,1.6,ensemble,165,Chla_ugL_mean,17.0104592704087
vera4cast,chlorocast_xgboost,2026-10-24 00:00:00,2026-09-29 00:00:00,P1D,fcre,1.6,ensemble,165,Chla_ugL_mean,16.7887184245533
vera4cast,chlorocast_xgboost,2026-10-25 00:00:00,2026-09-29 00:00:00,P1D,fcre,1.6,ensemble,165,Chla_ugL_mean,16.9359728956906
vera4cast,chlorocast_xgboost,2026-10-26 00:00:00,2026-09-29 00:00:00,P1D,fcre,1.6,ensemble,165,Chla_ugL_mean,16.8663488404721
vera4cast,chlorocast_xgboost,2026-10-27 00:00:00,2026-09-29 00:00:00,P1D,fcre,1.6,ensemble,165,Chla_ugL_mean,16.8009080318605
vera4cast,chlorocast_xgboost,2026-10-28 00:00:00,2026-09-29 00:00:00,P1D,fcre,1.6,ensemble,165,Chla_ugL_mean,16.7857145134773
vera4cast,chlorocast_xgboost,2026-10-29 00:00:00,2026-09-29 00:00:00,P1D,fcre,1.6,ensemble,165,Chla_ugL_mean,16.2632737977058
vera4cast,chlorocast_xgboost,2026-10-30 00:00:00,2026-09-29 00:00:00,P1D,fcre,1.6,ensemble,165,Chla_ugL_mean,16.9069905792931
vera4cast,chlorocast_xgboost,2026-10-31 00:00:00,2026-09-29 00:00:00,P1D,fcre,1.6,ensemble,165,Chla_ugL_mean,16.4522215101548
vera4cast,chlorocast_xgboost,2026-11-01 00:00:00,2026-09-29 00:00:00,P1D,fcre,1.6,ensemble,165,Chla_ugL_mean,17.3625148310279
vera4cast,chlorocast_xgboost,2026-11-02 00:00:00,2026-09-29 00:00:00,P1D,fcre,1.6,ensemble,165,Chla_ugL_mean,16.7605422963364
vera4cast,chlorocast_xgboost,2026-11-03 00:00:00,2026-09-29 00:00:00,P1D,fcre,1.6,ensemble,165,Chla_ugL_mean,17.3632401571563
vera4cast,chlorocast_xgboost,2026-09-30 00:00:00,2026-09-29 00:00:00,P1D,fcre,1.6,ensemble,166,Chla_ugL_mean,18.143046544557
vera4cast,chlorocast_xgboost,2026-10-01 00:00:00,2026-09-29 00:00:00,P1D,fcre,1.6,ensemble,166,Chla_ugL_mean,18.6659324655939
vera4cast,chlorocast_xgboost,2026-10-02 00:00:00,2026-09-29 00:00:00,P1D,fcre,1.6,ensemble,166,Chla_ugL_mean,19.9127084111393
vera4cast,chlorocast_xgboost,2026-10-03 00:00:00,2026-09-29 00:00:00,P1D,fcre,1.6,ensemble,166,Chla_ugL_mean,19.8021734631189
vera4cast,chlorocast_xgboost,2026-10-04 00:00:00,2026-09-29 00:00:00,P1D,fcre,1.6,ensemble,166,Chla_ugL_mean,20.741513988014
vera4cast,chlorocast_xgboost,2026-10-05 00:00:00,2026-09-29 00:00:00,P1D,fcre,1.6,ensemble,166,Chla_ugL_mean,21.1354677142883
vera4cast,chlorocast_xgboost,2026-10-06 00:00:00,2026-09-29 00:00:00,P1D,fcre,1.6,ensemble,166,Chla_ugL_mean,20.5734350972368
vera4cast,chlorocast_xgboost,2026-10-07 00:00:00,2026-09-29 00:00:00,P1D,fcre,1.6,ensemble,166,Chla_ugL_mean,20.2235533811808
vera4cast,chlorocast_xgboost,2026-10-08 00:00:00,2026-09-29 00:00:00,P1D,fcre,1.6,ensemble,166,Chla_ugL_mean,19.25620518701
vera4cast,chlorocast_xgboost,2026-10-09 00:00:00,2026-09-29 00:00:00,P1D,fcre,1.6,ensemble,166,Chla_ugL_mean,19.401785542862
vera4cast,chlorocast_xgboost,2026-10-10 00:00:00,2026-09-29 00:00:00,P1D,fcre,1.6,ensemble,166,Chla_ugL_mean,18.2310815279424
vera4cast,chlorocast_xgboost,2026-10-11 00:00:00,2026-09-29 00:00:00,P1D,fcre,1.6,ensemble,166,Chla_ugL_mean,17.9989909072033
vera4cast,chlorocast_xgboost,2026-10-12 00:00:00,2026-09-29 00:00:00,P1D,fcre,1.6,ensemble,166,Chla_ugL_mean,18.5682662866553
vera4cast,chlorocast_xgboost,2026-10-13 00:00:00,2026-09-29 00:00:00,P1D,fcre,1.6,ensemble,166,Chla_ugL_mean,17.7612192186406
vera4cast,chlorocast_xgboost,2026-10-14 00:00:00,2026-09-29 00:00:00,P1D,fcre,1.6,ensemble,166,Chla_ugL_mean,17.6445460171256
vera4cast,chlorocast_xgboost,2026-10-15 00:00:00,2026-09-29 00:00:00,P1D,fcre,1.6,ensemble,166,Chla_ugL_mean,17.5008271029873
vera4cast,chlorocast_xgboost,2026-10-16 00:00:00,2026-09-29 00:00:00,P1D,fcre,1.6,ensemble,166,Chla_ugL_mean,17.8516831314065
vera4cast,chlorocast_xgboost,2026-10-17 00:00:00,2026-09-29 00:00:00,P1D,fcre,1.6,ensemble,166,Chla_ugL_mean,18.2549451110998
vera4cast,chlorocast_xgboost,2026-10-18 00:00:00,2026-09-29 00:00:00,P1D,fcre,1.6,ensemble,166,Chla_ugL_mean,17.9490200312767
vera4cast,chlorocast_xgboost,2026-10-19 00:00:00,2026-09-29 00:00:00,P1D,fcre,1.6,ensemble,166,Chla_ugL_mean,17.0847079474783
vera4cast,chlorocast_xgboost,2026-10-20 00:00:00,2026-09-29 00:00:00,P1D,fcre,1.6,ensemble,166,Chla_ugL_mean,17.2481769806391
vera4cast,chlorocast_xgboost,2026-10-21 00:00:00,2026-09-29 00:00:00,P1D,fcre,1.6,ensemble,166,Chla_ugL_mean,17.1239145478222
vera4cast,chlorocast_xgboost,2026-10-22 00:00:00,2026-09-29 00:00:00,P1D,fcre,1.6,ensemble,166,Chla_ugL_mean,16.907693325751
vera4cast,chlorocast_xgboost,2026-10-23 00:00:00,2026-09-29 00:00:00,P1D,fcre,1.6,ensemble,166,Chla_ugL_mean,17.1383117186065
vera4cast,chlorocast_xgboost,2026-10-24 00:00:00,2026-09-29 00:00:00,P1D,fcre,1.6,ensemble,166,Chla_ugL_mean,16.8963463077111
vera4cast,chlorocast_xgboost,2026-10-25 00:00:00,2026-09-29 00:00:00,P1D,fcre,1.6,ensemble,166,Chla_ugL_mean,17.0906814928434
vera4cast,chlorocast_xgboost,2026-10-26 00:00:00,2026-09-29 00:00:00,P1D,fcre,1.6,ensemble,166,Chla_ugL_mean,16.9963801029284
vera4cast,chlorocast_xgboost,2026-10-27 00:00:00,2026-09-29 00:00:00,P1D,fcre,1.6,ensemble,166,Chla_ugL_mean,16.9179933634301
vera4cast,chlorocast_xgboost,2026-10-28 00:00:00,2026-09-29 00:00:00,P1D,fcre,1.6,ensemble,166,Chla_ugL_mean,16.8791302056271
vera4cast,chlorocast_xgboost,2026-10-29 00:00:00,2026-09-29 00:00:00,P1D,fcre,1.6,ensemble,166,Chla_ugL_mean,16.4090634451366
vera4cast,chlorocast_xgboost,2026-10-30 00:00:00,2026-09-29 00:00:00,P1D,fcre,1.6,ensemble,166,Chla_ugL_mean,17.0366766228684
vera4cast,chlorocast_xgboost,2026-10-31 00:00:00,2026-09-29 00:00:00,P1D,fcre,1.6,ensemble,166,Chla_ugL_mean,16.5838458981216
vera4cast,chlorocast_xgboost,2026-11-01 00:00:00,2026-09-29 00:00:00,P1D,fcre,1.6,ensemble,166,Chla_ugL_mean,17.4615165603586
vera4cast,chlorocast_xgboost,2026-11-02 00:00:00,2026-09-29 00:00:00,P1D,fcre,1.6,ensemble,166,Chla_ugL_mean,16.8742007170253
vera4cast,chlorocast_xgboost,2026-11-03 00:00:00,2026-09-29 00:00:00,P1D,fcre,1.6,ensemble,166,Chla_ugL_mean,17.4623871728975
vera4cast,chlorocast_xgboost,2026-09-30 00:00:00,2026-09-29 00:00:00,P1D,fcre,1.6,ensemble,167,Chla_ugL_mean,18.2932685121997
vera4cast,chlorocast_xgboost,2026-10-01 00:00:00,2026-09-29 00:00:00,P1D,fcre,1.6,ensemble,167,Chla_ugL_mean,18.8009136076422
vera4cast,chlorocast_xgboost,2026-10-02 00:00:00,2026-09-29 00:00:00,P1D,fcre,1.6,ensemble,167,Chla_ugL_mean,20.0599502289356
vera4cast,chlorocast_xgboost,2026-10-03 00:00:00,2026-09-29 00:00:00,P1D,fcre,1.6,ensemble,167,Chla_ugL_mean,20.0094607001821
vera4cast,chlorocast_xgboost,2026-10-04 00:00:00,2026-09-29 00:00:00,P1D,fcre,1.6,ensemble,167,Chla_ugL_mean,20.892267246446
vera4cast,chlorocast_xgboost,2026-10-05 00:00:00,2026-09-29 00:00:00,P1D,fcre,1.6,ensemble,167,Chla_ugL_mean,21.3170810983684
vera4cast,chlorocast_xgboost,2026-10-06 00:00:00,2026-09-29 00:00:00,P1D,fcre,1.6,ensemble,167,Chla_ugL_mean,20.7358464480854
vera4cast,chlorocast_xgboost,2026-10-07 00:00:00,2026-09-29 00:00:00,P1D,fcre,1.6,ensemble,167,Chla_ugL_mean,20.3779577309833
vera4cast,chlorocast_xgboost,2026-10-08 00:00:00,2026-09-29 00:00:00,P1D,fcre,1.6,ensemble,167,Chla_ugL_mean,19.4640912131693
vera4cast,chlorocast_xgboost,2026-10-09 00:00:00,2026-09-29 00:00:00,P1D,fcre,1.6,ensemble,167,Chla_ugL_mean,19.5139103480656
vera4cast,chlorocast_xgboost,2026-10-10 00:00:00,2026-09-29 00:00:00,P1D,fcre,1.6,ensemble,167,Chla_ugL_mean,18.3799105398833
vera4cast,chlorocast_xgboost,2026-10-11 00:00:00,2026-09-29 00:00:00,P1D,fcre,1.6,ensemble,167,Chla_ugL_mean,18.203362459824
vera4cast,chlorocast_xgboost,2026-10-12 00:00:00,2026-09-29 00:00:00,P1D,fcre,1.6,ensemble,167,Chla_ugL_mean,18.7150056790354
vera4cast,chlorocast_xgboost,2026-10-13 00:00:00,2026-09-29 00:00:00,P1D,fcre,1.6,ensemble,167,Chla_ugL_mean,17.917355262241
vera4cast,chlorocast_xgboost,2026-10-14 00:00:00,2026-09-29 00:00:00,P1D,fcre,1.6,ensemble,167,Chla_ugL_mean,17.750897641713
vera4cast,chlorocast_xgboost,2026-10-15 00:00:00,2026-09-29 00:00:00,P1D,fcre,1.6,ensemble,167,Chla_ugL_mean,17.6161894570962
vera4cast,chlorocast_xgboost,2026-10-16 00:00:00,2026-09-29 00:00:00,P1D,fcre,1.6,ensemble,167,Chla_ugL_mean,17.9670627656703
vera4cast,chlorocast_xgboost,2026-10-17 00:00:00,2026-09-29 00:00:00,P1D,fcre,1.6,ensemble,167,Chla_ugL_mean,18.3725158993761
vera4cast,chlorocast_xgboost,2026-10-18 00:00:00,2026-09-29 00:00:00,P1D,fcre,1.6,ensemble,167,Chla_ugL_mean,18.0601498577236
vera4cast,chlorocast_xgboost,2026-10-19 00:00:00,2026-09-29 00:00:00,P1D,fcre,1.6,ensemble,167,Chla_ugL_mean,17.2007075054683
vera4cast,chlorocast_xgboost,2026-10-20 00:00:00,2026-09-29 00:00:00,P1D,fcre,1.6,ensemble,167,Chla_ugL_mean,17.3927695668963
vera4cast,chlorocast_xgboost,2026-10-21 00:00:00,2026-09-29 00:00:00,P1D,fcre,1.6,ensemble,167,Chla_ugL_mean,17.2561225926789
vera4cast,chlorocast_xgboost,2026-10-22 00:00:00,2026-09-29 00:00:00,P1D,fcre,1.6,ensemble,167,Chla_ugL_mean,17.0281939122915
vera4cast,chlorocast_xgboost,2026-10-23 00:00:00,2026-09-29 00:00:00,P1D,fcre,1.6,ensemble,167,Chla_ugL_mean,17.2670717643432
vera4cast,chlorocast_xgboost,2026-10-24 00:00:00,2026-09-29 00:00:00,P1D,fcre,1.6,ensemble,167,Chla_ugL_mean,17.0046253766912
vera4cast,chlorocast_xgboost,2026-10-25 00:00:00,2026-09-29 00:00:00,P1D,fcre,1.6,ensemble,167,Chla_ugL_mean,17.2467245450699
vera4cast,chlorocast_xgboost,2026-10-26 00:00:00,2026-09-29 00:00:00,P1D,fcre,1.6,ensemble,167,Chla_ugL_mean,17.1273577327353
vera4cast,chlorocast_xgboost,2026-10-27 00:00:00,2026-09-29 00:00:00,P1D,fcre,1.6,ensemble,167,Chla_ugL_mean,17.0358488228406
vera4cast,chlorocast_xgboost,2026-10-28 00:00:00,2026-09-29 00:00:00,P1D,fcre,1.6,ensemble,167,Chla_ugL_mean,16.9730365438812
vera4cast,chlorocast_xgboost,2026-10-29 00:00:00,2026-09-29 00:00:00,P1D,fcre,1.6,ensemble,167,Chla_ugL_mean,16.5560842971204
vera4cast,chlorocast_xgboost,2026-10-30 00:00:00,2026-09-29 00:00:00,P1D,fcre,1.6,ensemble,167,Chla_ugL_mean,17.1673018789722
vera4cast,chlorocast_xgboost,2026-10-31 00:00:00,2026-09-29 00:00:00,P1D,fcre,1.6,ensemble,167,Chla_ugL_mean,16.7164629952112
vera4cast,chlorocast_xgboost,2026-11-01 00:00:00,2026-09-29 00:00:00,P1D,fcre,1.6,ensemble,167,Chla_ugL_mean,17.5610520587563
vera4cast,chlorocast_xgboost,2026-11-02 00:00:00,2026-09-29 00:00:00,P1D,fcre,1.6,ensemble,167,Chla_ugL_mean,16.9885864936911
vera4cast,chlorocast_xgboost,2026-11-03 00:00:00,2026-09-29 00:00:00,P1D,fcre,1.6,ensemble,167,Chla_ugL_mean,17.5620695043371
vera4cast,chlorocast_xgboost,2026-09-30 00:00:00,2026-09-29 00:00:00,P1D,fcre,1.6,ensemble,168,Chla_ugL_mean,18.4446693224843
vera4cast,chlorocast_xgboost,2026-10-01 00:00:00,2026-09-29 00:00:00,P1D,fcre,1.6,ensemble,168,Chla_ugL_mean,18.9368212203139
vera4cast,chlorocast_xgboost,2026-10-02 00:00:00,2026-09-29 00:00:00,P1D,fcre,1.6,ensemble,168,Chla_ugL_mean,20.2082287442501
vera4cast,chlorocast_xgboost,2026-10-03 00:00:00,2026-09-29 00:00:00,P1D,fcre,1.6,ensemble,168,Chla_ugL_mean,20.2188134905743
vera4cast,chlorocast_xgboost,2026-10-04 00:00:00,2026-09-29 00:00:00,P1D,fcre,1.6,ensemble,168,Chla_ugL_mean,21.0440658113338
vera4cast,chlorocast_xgboost,2026-10-05 00:00:00,2026-09-29 00:00:00,P1D,fcre,1.6,ensemble,168,Chla_ugL_mean,21.5001845535735
vera4cast,chlorocast_xgboost,2026-10-06 00:00:00,2026-09-29 00:00:00,P1D,fcre,1.6,ensemble,168,Chla_ugL_mean,20.8994804807537
vera4cast,chlorocast_xgboost,2026-10-07 00:00:00,2026-09-29 00:00:00,P1D,fcre,1.6,ensemble,168,Chla_ugL_mean,20.5334853942484
vera4cast,chlorocast_xgboost,2026-10-08 00:00:00,2026-09-29 00:00:00,P1D,fcre,1.6,ensemble,168,Chla_ugL_mean,19.6741107386427
vera4cast,chlorocast_xgboost,2026-10-09 00:00:00,2026-09-29 00:00:00,P1D,fcre,1.6,ensemble,168,Chla_ugL_mean,19.6266513724681
vera4cast,chlorocast_xgboost,2026-10-10 00:00:00,2026-09-29 00:00:00,P1D,fcre,1.6,ensemble,168,Chla_ugL_mean,18.5298913370092
vera4cast,chlorocast_xgboost,2026-10-11 00:00:00,2026-09-29 00:00:00,P1D,fcre,1.6,ensemble,168,Chla_ugL_mean,18.409932430862
vera4cast,chlorocast_xgboost,2026-10-12 00:00:00,2026-09-29 00:00:00,P1D,fcre,1.6,ensemble,168,Chla_ugL_mean,18.8628454473487
vera4cast,chlorocast_xgboost,2026-10-13 00:00:00,2026-09-29 00:00:00,P1D,fcre,1.6,ensemble,168,Chla_ugL_mean,18.0747907130829
vera4cast,chlorocast_xgboost,2026-10-14 00:00:00,2026-09-29 00:00:00,P1D,fcre,1.6,ensemble,168,Chla_ugL_mean,17.8578559138446
vera4cast,chlorocast_xgboost,2026-10-15 00:00:00,2026-09-29 00:00:00,P1D,fcre,1.6,ensemble,168,Chla_ugL_mean,17.7322711559497
vera4cast,chlorocast_xgboost,2026-10-16 00:00:00,2026-09-29 00:00:00,P1D,fcre,1.6,ensemble,168,Chla_ugL_mean,18.0831485681797
vera4cast,chlorocast_xgboost,2026-10-17 00:00:00,2026-09-29 00:00:00,P1D,fcre,1.6,ensemble,168,Chla_ugL_mean,18.490804575456
vera4cast,chlorocast_xgboost,2026-10-18 00:00:00,2026-09-29 00:00:00,P1D,fcre,1.6,ensemble,168,Chla_ugL_mean,18.1719314243822
vera4cast,chlorocast_xgboost,2026-10-19 00:00:00,2026-09-29 00:00:00,P1D,fcre,1.6,ensemble,168,Chla_ugL_mean,17.3174511118275
vera4cast,chlorocast_xgboost,2026-10-20 00:00:00,2026-09-29 00:00:00,P1D,fcre,1.6,ensemble,168,Chla_ugL_mean,17.5385078575175
vera4cast,chlorocast_xgboost,2026-10-21 00:00:00,2026-09-29 00:00:00,P1D,fcre,1.6,ensemble,168,Chla_ugL_mean,17.3892950520984
vera4cast,chlorocast_xgboost,2026-10-22 00:00:00,2026-09-29 00:00:00,P1D,fcre,1.6,ensemble,168,Chla_ugL_mean,17.1495053453824
vera4cast,chlorocast_xgboost,2026-10-23 00:00:00,2026-09-29 00:00:00,P1D,fcre,1.6,ensemble,168,Chla_ugL_mean,17.3967458504622
vera4cast,chlorocast_xgboost,2026-10-24 00:00:00,2026-09-29 00:00:00,P1D,fcre,1.6,ensemble,168,Chla_ugL_mean,17.1135595713923
vera4cast,chlorocast_xgboost,2026-10-25 00:00:00,2026-09-29 00:00:00,P1D,fcre,1.6,ensemble,168,Chla_ugL_mean,17.404113562851
vera4cast,chlorocast_xgboost,2026-10-26 00:00:00,2026-09-29 00:00:00,P1D,fcre,1.6,ensemble,168,Chla_ugL_mean,17.259288617553
vera4cast,chlorocast_xgboost,2026-10-27 00:00:00,2026-09-29 00:00:00,P1D,fcre,1.6,ensemble,168,Chla_ugL_mean,17.1544794756017
vera4cast,chlorocast_xgboost,2026-10-28 00:00:00,2026-09-29 00:00:00,P1D,fcre,1.6,ensemble,168,Chla_ugL_mean,17.0674361052543
vera4cast,chlorocast_xgboost,2026-10-29 00:00:00,2026-09-29 00:00:00,P1D,fcre,1.6,ensemble,168,Chla_ugL_mean,16.7043467512722
vera4cast,chlorocast_xgboost,2026-10-30 00:00:00,2026-09-29 00:00:00,P1D,fcre,1.6,ensemble,168,Chla_ugL_mean,17.2988731495712
vera4cast,chlorocast_xgboost,2026-10-31 00:00:00,2026-09-29 00:00:00,P1D,fcre,1.6,ensemble,168,Chla_ugL_mean,16.8500802884208
vera4cast,chlorocast_xgboost,2026-11-01 00:00:00,2026-09-29 00:00:00,P1D,fcre,1.6,ensemble,168,Chla_ugL_mean,17.6611242040437
vera4cast,chlorocast_xgboost,2026-11-02 00:00:00,2026-09-29 00:00:00,P1D,fcre,1.6,ensemble,168,Chla_ugL_mean,17.1037042810415
vera4cast,chlorocast_xgboost,2026-11-03 00:00:00,2026-09-29 00:00:00,P1D,fcre,1.6,ensemble,168,Chla_ugL_mean,17.6622900417578
vera4cast,chlorocast_xgboost,2026-09-30 00:00:00,2026-09-29 00:00:00,P1D,fcre,1.6,ensemble,169,Chla_ugL_mean,18.5972582261881
vera4cast,chlorocast_xgboost,2026-10-01 00:00:00,2026-09-29 00:00:00,P1D,fcre,1.6,ensemble,169,Chla_ugL_mean,19.0736616626291
vera4cast,chlorocast_xgboost,2026-10-02 00:00:00,2026-09-29 00:00:00,P1D,fcre,1.6,ensemble,169,Chla_ugL_mean,20.3575512562438
vera4cast,chlorocast_xgboost,2026-10-03 00:00:00,2026-09-29 00:00:00,P1D,fcre,1.6,ensemble,169,Chla_ugL_mean,20.430252416897
vera4cast,chlorocast_xgboost,2026-10-04 00:00:00,2026-09-29 00:00:00,P1D,fcre,1.6,ensemble,169,Chla_ugL_mean,21.1969169307168
vera4cast,chlorocast_xgboost,2026-10-05 00:00:00,2026-09-29 00:00:00,P1D,fcre,1.6,ensemble,169,Chla_ugL_mean,21.6847903053898
vera4cast,chlorocast_xgboost,2026-10-06 00:00:00,2026-09-29 00:00:00,P1D,fcre,1.6,ensemble,169,Chla_ugL_mean,21.0643463999609
vera4cast,chlorocast_xgboost,2026-10-07 00:00:00,2026-09-29 00:00:00,P1D,fcre,1.6,ensemble,169,Chla_ugL_mean,20.6901445432403
vera4cast,chlorocast_xgboost,2026-10-08 00:00:00,2026-09-29 00:00:00,P1D,fcre,1.6,ensemble,169,Chla_ugL_mean,19.8862856591748
vera4cast,chlorocast_xgboost,2026-10-09 00:00:00,2026-09-29 00:00:00,P1D,fcre,1.6,ensemble,169,Chla_ugL_mean,19.7400120027071
vera4cast,chlorocast_xgboost,2026-10-10 00:00:00,2026-09-29 00:00:00,P1D,fcre,1.6,ensemble,169,Chla_ugL_mean,18.6810328329661
vera4cast,chlorocast_xgboost,2026-10-11 00:00:00,2026-09-29 00:00:00,P1D,fcre,1.6,ensemble,169,Chla_ugL_mean,18.6187244686357
vera4cast,chlorocast_xgboost,2026-10-12 00:00:00,2026-09-29 00:00:00,P1D,fcre,1.6,ensemble,169,Chla_ugL_mean,19.0117938431436
vera4cast,chlorocast_xgboost,2026-10-13 00:00:00,2026-09-29 00:00:00,P1D,fcre,1.6,ensemble,169,Chla_ugL_mean,18.2335363851918
vera4cast,chlorocast_xgboost,2026-10-14 00:00:00,2026-09-29 00:00:00,P1D,fcre,1.6,ensemble,169,Chla_ugL_mean,17.9654242939399
vera4cast,chlorocast_xgboost,2026-10-15 00:00:00,2026-09-29 00:00:00,P1D,fcre,1.6,ensemble,169,Chla_ugL_mean,17.8490766850391
vera4cast,chlorocast_xgboost,2026-10-16 00:00:00,2026-09-29 00:00:00,P1D,fcre,1.6,ensemble,169,Chla_ugL_mean,18.1999448609591
vera4cast,chlorocast_xgboost,2026-10-17 00:00:00,2026-09-29 00:00:00,P1D,fcre,1.6,ensemble,169,Chla_ugL_mean,18.609815522766
vera4cast,chlorocast_xgboost,2026-10-18 00:00:00,2026-09-29 00:00:00,P1D,fcre,1.6,ensemble,169,Chla_ugL_mean,18.2843685534963
vera4cast,chlorocast_xgboost,2026-10-19 00:00:00,2026-09-29 00:00:00,P1D,fcre,1.6,ensemble,169,Chla_ugL_mean,17.4349435390564
vera4cast,chlorocast_xgboost,2026-10-20 00:00:00,2026-09-29 00:00:00,P1D,fcre,1.6,ensemble,169,Chla_ugL_mean,17.6854009306892
vera4cast,chlorocast_xgboost,2026-10-21 00:00:00,2026-09-29 00:00:00,P1D,fcre,1.6,ensemble,169,Chla_ugL_mean,17.5234389611703
vera4cast,chlorocast_xgboost,2026-10-22 00:00:00,2026-09-29 00:00:00,P1D,fcre,1.6,ensemble,169,Chla_ugL_mean,17.2716330811971
vera4cast,chlorocast_xgboost,2026-10-23 00:00:00,2026-09-29 00:00:00,P1D,fcre,1.6,ensemble,169,Chla_ugL_mean,17.5273404655433
vera4cast,chlorocast_xgboost,2026-10-24 00:00:00,2026-09-29 00:00:00,P1D,fcre,1.6,ensemble,169,Chla_ugL_mean,17.2231528555511
vera4cast,chlorocast_xgboost,2026-10-25 00:00:00,2026-09-29 00:00:00,P1D,fcre,1.6,ensemble,169,Chla_ugL_mean,17.5628601559523
vera4cast,chlorocast_xgboost,2026-10-26 00:00:00,2026-09-29 00:00:00,P1D,fcre,1.6,ensemble,169,Chla_ugL_mean,17.3921796951702
vera4cast,chlorocast_xgboost,2026-10-27 00:00:00,2026-09-29 00:00:00,P1D,fcre,1.6,ensemble,169,Chla_ugL_mean,17.2738904205417
vera4cast,chlorocast_xgboost,2026-10-28 00:00:00,2026-09-29 00:00:00,P1D,fcre,1.6,ensemble,169,Chla_ugL_mean,17.1623314802961
vera4cast,chlorocast_xgboost,2026-10-29 00:00:00,2026-09-29 00:00:00,P1D,fcre,1.6,ensemble,169,Chla_ugL_mean,16.853861293016
vera4cast,chlorocast_xgboost,2026-10-30 00:00:00,2026-09-29 00:00:00,P1D,fcre,1.6,ensemble,169,Chla_ugL_mean,17.4313972858937
vera4cast,chlorocast_xgboost,2026-10-31 00:00:00,2026-09-29 00:00:00,P1D,fcre,1.6,ensemble,169,Chla_ugL_mean,16.9847053212142
vera4cast,chlorocast_xgboost,2026-11-01 00:00:00,2026-09-29 00:00:00,P1D,fcre,1.6,ensemble,169,Chla_ugL_mean,17.7617358895593
vera4cast,chlorocast_xgboost,2026-11-02 00:00:00,2026-09-29 00:00:00,P1D,fcre,1.6,ensemble,169,Chla_ugL_mean,17.2195587635719
vera4cast,chlorocast_xgboost,2026-11-03 00:00:00,2026-09-29 00:00:00,P1D,fcre,1.6,ensemble,169,Chla_ugL_mean,17.7630516910474
vera4cast,chlorocast_xgboost,2026-09-30 00:00:00,2026-09-29 00:00:00,P1D,fcre,1.6,ensemble,170,Chla_ugL_mean,18.7510445466825
vera4cast,chlorocast_xgboost,2026-10-01 00:00:00,2026-09-29 00:00:00,P1D,fcre,1.6,ensemble,170,Chla_ugL_mean,19.2114413372545
vera4cast,chlorocast_xgboost,2026-10-02 00:00:00,2026-09-29 00:00:00,P1D,fcre,1.6,ensemble,170,Chla_ugL_mean,20.5079251154696
vera4cast,chlorocast_xgboost,2026-10-03 00:00:00,2026-09-29 00:00:00,P1D,fcre,1.6,ensemble,170,Chla_ugL_mean,20.6437982668506
vera4cast,chlorocast_xgboost,2026-10-04 00:00:00,2026-09-29 00:00:00,P1D,fcre,1.6,ensemble,170,Chla_ugL_mean,21.3508279028918
vera4cast,chlorocast_xgboost,2026-10-05 00:00:00,2026-09-29 00:00:00,P1D,fcre,1.6,ensemble,170,Chla_ugL_mean,21.8709106796094
vera4cast,chlorocast_xgboost,2026-10-06 00:00:00,2026-09-29 00:00:00,P1D,fcre,1.6,ensemble,170,Chla_ugL_mean,21.2304534797215
vera4cast,chlorocast_xgboost,2026-10-07 00:00:00,2026-09-29 00:00:00,P1D,fcre,1.6,ensemble,170,Chla_ugL_mean,20.8479434096776
vera4cast,chlorocast_xgboost,2026-10-08 00:00:00,2026-09-29 00:00:00,P1D,fcre,1.6,ensemble,170,Chla_ugL_mean,20.1006380952223
vera4cast,chlorocast_xgboost,2026-10-09 00:00:00,2026-09-29 00:00:00,P1D,fcre,1.6,ensemble,170,Chla_ugL_mean,19.853995644033
vera4cast,chlorocast_xgboost,2026-10-10 00:00:00,2026-09-29 00:00:00,P1D,fcre,1.6,ensemble,170,Chla_ugL_mean,18.8333440103822
vera4cast,chlorocast_xgboost,2026-10-11 00:00:00,2026-09-29 00:00:00,P1D,fcre,1.6,ensemble,170,Chla_ugL_mean,18.8297624758475
vera4cast,chlorocast_xgboost,2026-10-12 00:00:00,2026-09-29 00:00:00,P1D,fcre,1.6,ensemble,170,Chla_ugL_mean,19.1618591798455
vera4cast,chlorocast_xgboost,2026-10-13 00:00:00,2026-09-29 00:00:00,P1D,fcre,1.6,ensemble,170,Chla_ugL_mean,18.3936031825908
vera4cast,chlorocast_xgboost,2026-10-14 00:00:00,2026-09-29 00:00:00,P1D,fcre,1.6,ensemble,170,Chla_ugL_mean,18.0736062621572
vera4cast,chlorocast_xgboost,2026-10-15 00:00:00,2026-09-29 00:00:00,P1D,fcre,1.6,ensemble,170,Chla_ugL_mean,17.9666105578255
vera4cast,chlorocast_xgboost,2026-10-16 00:00:00,2026-09-29 00:00:00,P1D,fcre,1.6,ensemble,170,Chla_ugL_mean,18.3174559924852
vera4cast,chlorocast_xgboost,2026-10-17 00:00:00,2026-09-29 00:00:00,P1D,fcre,1.6,ensemble,170,Chla_ugL_mean,18.7295531514978
vera4cast,chlorocast_xgboost,2026-10-18 00:00:00,2026-09-29 00:00:00,P1D,fcre,1.6,ensemble,170,Chla_ugL_mean,18.3974650897262
vera4cast,chlorocast_xgboost,2026-10-19 00:00:00,2026-09-29 00:00:00,P1D,fcre,1.6,ensemble,170,Chla_ugL_mean,17.5531895902679
vera4cast,chlorocast_xgboost,2026-10-20 00:00:00,2026-09-29 00:00:00,P1D,fcre,1.6,ensemble,170,Chla_ugL_mean,17.8334579365309
vera4cast,chlorocast_xgboost,2026-10-21 00:00:00,2026-09-29 00:00:00,P1D,fcre,1.6,ensemble,170,Chla_ugL_mean,17.658561406303
vera4cast,chlorocast_xgboost,2026-10-22 00:00:00,2026-09-29 00:00:00,P1D,fcre,1.6,ensemble,170,Chla_ugL_mean,17.394582612624
vera4cast,chlorocast_xgboost,2026-10-23 00:00:00,2026-09-29 00:00:00,P1D,fcre,1.6,ensemble,170,Chla_ugL_mean,17.6588621442272
vera4cast,chlorocast_xgboost,2026-10-24 00:00:00,2026-09-29 00:00:00,P1D,fcre,1.6,ensemble,170,Chla_ugL_mean,17.3334092168862
vera4cast,chlorocast_xgboost,2026-10-25 00:00:00,2026-09-29 00:00:00,P1D,fcre,1.6,ensemble,170,Chla_ugL_mean,17.7229760342809
vera4cast,chlorocast_xgboost,2026-10-26 00:00:00,2026-09-29 00:00:00,P1D,fcre,1.6,ensemble,170,Chla_ugL_mean,17.5260379538687
vera4cast,chlorocast_xgboost,2026-10-27 00:00:00,2026-09-29 00:00:00,P1D,fcre,1.6,ensemble,170,Chla_ugL_mean,17.3940867900261
vera4cast,chlorocast_xgboost,2026-10-28 00:00:00,2026-09-29 00:00:00,P1D,fcre,1.6,ensemble,170,Chla_ugL_mean,17.2577252731628
vera4cast,chlorocast_xgboost,2026-10-29 00:00:00,2026-09-29 00:00:00,P1D,fcre,1.6,ensemble,170,Chla_ugL_mean,17.0046384963257
vera4cast,chlorocast_xgboost,2026-10-30 00:00:00,2026-09-29 00:00:00,P1D,fcre,1.6,ensemble,170,Chla_ugL_mean,17.5648811887856
vera4cast,chlorocast_xgboost,2026-10-31 00:00:00,2026-09-29 00:00:00,P1D,fcre,1.6,ensemble,170,Chla_ugL_mean,17.1203456939478
vera4cast,chlorocast_xgboost,2026-11-01 00:00:00,2026-09-29 00:00:00,P1D,fcre,1.6,ensemble,170,Chla_ugL_mean,17.862890024241
vera4cast,chlorocast_xgboost,2026-11-02 00:00:00,2026-09-29 00:00:00,P1D,fcre,1.6,ensemble,170,Chla_ugL_mean,17.3361546557561
vera4cast,chlorocast_xgboost,2026-11-03 00:00:00,2026-09-29 00:00:00,P1D,fcre,1.6,ensemble,170,Chla_ugL_mean,17.8643573737834
vera4cast,chlorocast_xgboost,2026-09-30 00:00:00,2026-09-29 00:00:00,P1D,fcre,1.6,ensemble,171,Chla_ugL_mean,18.9060376805024
vera4cast,chlorocast_xgboost,2026-10-01 00:00:00,2026-09-29 00:00:00,P1D,fcre,1.6,ensemble,171,Chla_ugL_mean,19.3501666908028
vera4cast,chlorocast_xgboost,2026-10-02 00:00:00,2026-09-29 00:00:00,P1D,fcre,1.6,ensemble,171,Chla_ugL_mean,20.659357724234
vera4cast,chlorocast_xgboost,2026-10-03 00:00:00,2026-09-29 00:00:00,P1D,fcre,1.6,ensemble,171,Chla_ugL_mean,20.8594720352788
vera4cast,chlorocast_xgboost,2026-10-04 00:00:00,2026-09-29 00:00:00,P1D,fcre,1.6,ensemble,171,Chla_ugL_mean,21.505806076761
vera4cast,chlorocast_xgboost,2026-10-05 00:00:00,2026-09-29 00:00:00,P1D,fcre,1.6,ensemble,171,Chla_ugL_mean,22.058558103153
vera4cast,chlorocast_xgboost,2026-10-06 00:00:00,2026-09-29 00:00:00,P1D,fcre,1.6,ensemble,171,Chla_ugL_mean,21.3978110638682
vera4cast,chlorocast_xgboost,2026-10-07 00:00:00,2026-09-29 00:00:00,P1D,fcre,1.6,ensemble,171,Chla_ugL_mean,21.0068902851656
vera4cast,chlorocast_xgboost,2026-10-08 00:00:00,2026-09-29 00:00:00,P1D,fcre,1.6,ensemble,171,Chla_ugL_mean,20.3171903942608
vera4cast,chlorocast_xgboost,2026-10-09 00:00:00,2026-09-29 00:00:00,P1D,fcre,1.6,ensemble,171,Chla_ugL_mean,19.9686057204105
vera4cast,chlorocast_xgboost,2026-10-10 00:00:00,2026-09-29 00:00:00,P1D,fcre,1.6,ensemble,171,Chla_ugL_mean,18.9868339214026
vera4cast,chlorocast_xgboost,2026-10-11 00:00:00,2026-09-29 00:00:00,P1D,fcre,1.6,ensemble,171,Chla_ugL_mean,19.0430706123208
vera4cast,chlorocast_xgboost,2026-10-12 00:00:00,2026-09-29 00:00:00,P1D,fcre,1.6,ensemble,171,Chla_ugL_mean,19.3130498332209
vera4cast,chlorocast_xgboost,2026-10-13 00:00:00,2026-09-29 00:00:00,P1D,fcre,1.6,ensemble,171,Chla_ugL_mean,18.5550021000491
vera4cast,chlorocast_xgboost,2026-10-14 00:00:00,2026-09-29 00:00:00,P1D,fcre,1.6,ensemble,171,Chla_ugL_mean,18.1824053185064
vera4cast,chlorocast_xgboost,2026-10-15 00:00:00,2026-09-29 00:00:00,P1D,fcre,1.6,ensemble,171,Chla_ugL_mean,18.0848773159136
vera4cast,chlorocast_xgboost,2026-10-16 00:00:00,2026-09-29 00:00:00,P1D,fcre,1.6,ensemble,171,Chla_ugL_mean,18.4356863378493
vera4cast,chlorocast_xgboost,2026-10-17 00:00:00,2026-09-29 00:00:00,P1D,fcre,1.6,ensemble,171,Chla_ugL_mean,18.8500218987716
vera4cast,chlorocast_xgboost,2026-10-18 00:00:00,2026-09-29 00:00:00,P1D,fcre,1.6,ensemble,171,Chla_ugL_mean,18.5112249002796
vera4cast,chlorocast_xgboost,2026-10-19 00:00:00,2026-09-29 00:00:00,P1D,fcre,1.6,ensemble,171,Chla_ugL_mean,17.6721940993828
vera4cast,chlorocast_xgboost,2026-10-20 00:00:00,2026-09-29 00:00:00,P1D,fcre,1.6,ensemble,171,Chla_ugL_mean,17.9826880976642
vera4cast,chlorocast_xgboost,2026-10-21 00:00:00,2026-09-29 00:00:00,P1D,fcre,1.6,ensemble,171,Chla_ugL_mean,17.7946695255979
vera4cast,chlorocast_xgboost,2026-10-22 00:00:00,2026-09-29 00:00:00,P1D,fcre,1.6,ensemble,171,Chla_ugL_mean,17.5183594695128
vera4cast,chlorocast_xgboost,2026-10-23 00:00:00,2026-09-29 00:00:00,P1D,fcre,1.6,ensemble,171,Chla_ugL_mean,17.7913174675428
vera4cast,chlorocast_xgboost,2026-10-24 00:00:00,2026-09-29 00:00:00,P1D,fcre,1.6,ensemble,171,Chla_ugL_mean,17.4443326672432
vera4cast,chlorocast_xgboost,2026-10-25 00:00:00,2026-09-29 00:00:00,P1D,fcre,1.6,ensemble,171,Chla_ugL_mean,17.8844730087486
vera4cast,chlorocast_xgboost,2026-10-26 00:00:00,2026-09-29 00:00:00,P1D,fcre,1.6,ensemble,171,Chla_ugL_mean,17.6608704327912
vera4cast,chlorocast_xgboost,2026-10-27 00:00:00,2026-09-29 00:00:00,P1D,fcre,1.6,ensemble,171,Chla_ugL_mean,17.5150737501786
vera4cast,chlorocast_xgboost,2026-10-28 00:00:00,2026-09-29 00:00:00,P1D,fcre,1.6,ensemble,171,Chla_ugL_mean,17.3536201016882
vera4cast,chlorocast_xgboost,2026-10-29 00:00:00,2026-09-29 00:00:00,P1D,fcre,1.6,ensemble,171,Chla_ugL_mean,17.1566890244734
vera4cast,chlorocast_xgboost,2026-10-30 00:00:00,2026-09-29 00:00:00,P1D,fcre,1.6,ensemble,171,Chla_ugL_mean,17.6993318090703
vera4cast,chlorocast_xgboost,2026-10-31 00:00:00,2026-09-29 00:00:00,P1D,fcre,1.6,ensemble,171,Chla_ugL_mean,17.2570090643001
vera4cast,chlorocast_xgboost,2026-11-01 00:00:00,2026-09-29 00:00:00,P1D,fcre,1.6,ensemble,171,Chla_ugL_mean,17.9645895327102
vera4cast,chlorocast_xgboost,2026-11-02 00:00:00,2026-09-29 00:00:00,P1D,fcre,1.6,ensemble,171,Chla_ugL_mean,17.4534967022379
vera4cast,chlorocast_xgboost,2026-11-03 00:00:00,2026-09-29 00:00:00,P1D,fcre,1.6,ensemble,171,Chla_ugL_mean,17.9662100273172
vera4cast,chlorocast_xgboost,2026-09-30 00:00:00,2026-09-29 00:00:00,P1D,fcre,1.6,ensemble,172,Chla_ugL_mean,19.0622470979206
vera4cast,chlorocast_xgboost,2026-10-01 00:00:00,2026-09-29 00:00:00,P1D,fcre,1.6,ensemble,172,Chla_ugL_mean,19.4898442141343
vera4cast,chlorocast_xgboost,2026-10-02 00:00:00,2026-09-29 00:00:00,P1D,fcre,1.6,ensemble,172,Chla_ugL_mean,20.8118565369615
vera4cast,chlorocast_xgboost,2026-10-03 00:00:00,2026-09-29 00:00:00,P1D,fcre,1.6,ensemble,172,Chla_ugL_mean,21.0772949262323
vera4cast,chlorocast_xgboost,2026-10-04 00:00:00,2026-09-29 00:00:00,P1D,fcre,1.6,ensemble,172,Chla_ugL_mean,21.6618588521833
vera4cast,chlorocast_xgboost,2026-10-05 00:00:00,2026-09-29 00:00:00,P1D,fcre,1.6,ensemble,172,Chla_ugL_mean,22.2477451048995
vera4cast,chlorocast_xgboost,2026-10-06 00:00:00,2026-09-29 00:00:00,P1D,fcre,1.6,ensemble,172,Chla_ugL_mean,21.5664285665764
vera4cast,chlorocast_xgboost,2026-10-07 00:00:00,2026-09-29 00:00:00,P1D,fcre,1.6,ensemble,172,Chla_ugL_mean,21.1669935216326
vera4cast,chlorocast_xgboost,2026-10-08 00:00:00,2026-09-29 00:00:00,P1D,fcre,1.6,ensemble,172,Chla_ugL_mean,20.535965133114
vera4cast,chlorocast_xgboost,2026-10-09 00:00:00,2026-09-29 00:00:00,P1D,fcre,1.6,ensemble,172,Chla_ugL_mean,20.083845674622
vera4cast,chlorocast_xgboost,2026-10-10 00:00:00,2026-09-29 00:00:00,P1D,fcre,1.6,ensemble,172,Chla_ugL_mean,19.1415116882265
vera4cast,chlorocast_xgboost,2026-10-11 00:00:00,2026-09-29 00:00:00,P1D,fcre,1.6,ensemble,172,Chla_ugL_mean,19.2586732977652
vera4cast,chlorocast_xgboost,2026-10-12 00:00:00,2026-09-29 00:00:00,P1D,fcre,1.6,ensemble,172,Chla_ugL_mean,19.465374241845
vera4cast,chlorocast_xgboost,2026-10-13 00:00:00,2026-09-29 00:00:00,P1D,fcre,1.6,ensemble,172,Chla_ugL_mean,18.7177442238374
vera4cast,chlorocast_xgboost,2026-10-14 00:00:00,2026-09-29 00:00:00,P1D,fcre,1.6,ensemble,172,Chla_ugL_mean,18.2918249829619
vera4cast,chlorocast_xgboost,2026-10-15 00:00:00,2026-09-29 00:00:00,P1D,fcre,1.6,ensemble,172,Chla_ugL_mean,18.2038815292273
vera4cast,chlorocast_xgboost,2026-10-16 00:00:00,2026-09-29 00:00:00,P1D,fcre,1.6,ensemble,172,Chla_ugL_mean,18.5546402989198
vera4cast,chlorocast_xgboost,2026-10-17 00:00:00,2026-09-29 00:00:00,P1D,fcre,1.6,ensemble,172,Chla_ugL_mean,18.9712262288008
vera4cast,chlorocast_xgboost,2026-10-18 00:00:00,2026-09-29 00:00:00,P1D,fcre,1.6,ensemble,172,Chla_ugL_mean,18.6256518750443
vera4cast,chlorocast_xgboost,2026-10-19 00:00:00,2026-09-29 00:00:00,P1D,fcre,1.6,ensemble,172,Chla_ugL_mean,17.791961931328
vera4cast,chlorocast_xgboost,2026-10-20 00:00:00,2026-09-29 00:00:00,P1D,fcre,1.6,ensemble,172,Chla_ugL_mean,18.133100709788
vera4cast,chlorocast_xgboost,2026-10-21 00:00:00,2026-09-29 00:00:00,P1D,fcre,1.6,ensemble,172,Chla_ugL_mean,17.9317705092265
vera4cast,chlorocast_xgboost,2026-10-22 00:00:00,2026-09-29 00:00:00,P1D,fcre,1.6,ensemble,172,Chla_ugL_mean,17.6429692189235
vera4cast,chlorocast_xgboost,2026-10-23 00:00:00,2026-09-29 00:00:00,P1D,fcre,1.6,ensemble,172,Chla_ugL_mean,17.9247130632361
vera4cast,chlorocast_xgboost,2026-10-24 00:00:00,2026-09-29 00:00:00,P1D,fcre,1.6,ensemble,172,Chla_ugL_mean,17.5559272427408
vera4cast,chlorocast_xgboost,2026-10-25 00:00:00,2026-09-29 00:00:00,P1D,fcre,1.6,ensemble,172,Chla_ugL_mean,18.0473629921436
vera4cast,chlorocast_xgboost,2026-10-26 00:00:00,2026-09-29 00:00:00,P1D,fcre,1.6,ensemble,172,Chla_ugL_mean,17.7966842223112
vera4cast,chlorocast_xgboost,2026-10-27 00:00:00,2026-09-29 00:00:00,P1D,fcre,1.6,ensemble,172,Chla_ugL_mean,17.6368565011031
vera4cast,chlorocast_xgboost,2026-10-28 00:00:00,2026-09-29 00:00:00,P1D,fcre,1.6,ensemble,172,Chla_ugL_mean,17.4500185974559
vera4cast,chlorocast_xgboost,2026-10-29 00:00:00,2026-09-29 00:00:00,P1D,fcre,1.6,ensemble,172,Chla_ugL_mean,17.3100236307831
vera4cast,chlorocast_xgboost,2026-10-30 00:00:00,2026-09-29 00:00:00,P1D,fcre,1.6,ensemble,172,Chla_ugL_mean,17.8347561479107
vera4cast,chlorocast_xgboost,2026-10-31 00:00:00,2026-09-29 00:00:00,P1D,fcre,1.6,ensemble,172,Chla_ugL_mean,17.3947031477035
vera4cast,chlorocast_xgboost,2026-11-01 00:00:00,2026-09-29 00:00:00,P1D,fcre,1.6,ensemble,172,Chla_ugL_mean,18.0668373553566
vera4cast,chlorocast_xgboost,2026-11-02 00:00:00,2026-09-29 00:00:00,P1D,fcre,1.6,ensemble,172,Chla_ugL_mean,17.5715896780248
vera4cast,chlorocast_xgboost,2026-11-03 00:00:00,2026-09-29 00:00:00,P1D,fcre,1.6,ensemble,172,Chla_ugL_mean,18.06861260486
vera4cast,chlorocast_xgboost,2026-09-30 00:00:00,2026-09-29 00:00:00,P1D,fcre,1.6,ensemble,173,Chla_ugL_mean,19.2196823435263
vera4cast,chlorocast_xgboost,2026-10-01 00:00:00,2026-09-29 00:00:00,P1D,fcre,1.6,ensemble,173,Chla_ugL_mean,19.6304804426608
vera4cast,chlorocast_xgboost,2026-10-02 00:00:00,2026-09-29 00:00:00,P1D,fcre,1.6,ensemble,173,Chla_ugL_mean,20.9654290605618
vera4cast,chlorocast_xgboost,2026-10-03 00:00:00,2026-09-29 00:00:00,P1D,fcre,1.6,ensemble,173,Chla_ugL_mean,21.2972883550536
vera4cast,chlorocast_xgboost,2026-10-04 00:00:00,2026-09-29 00:00:00,P1D,fcre,1.6,ensemble,173,Chla_ugL_mean,21.8189936803271
vera4cast,chlorocast_xgboost,2026-10-05 00:00:00,2026-09-29 00:00:00,P1D,fcre,1.6,ensemble,173,Chla_ugL_mean,22.4384843165227
vera4cast,chlorocast_xgboost,2026-10-06 00:00:00,2026-09-29 00:00:00,P1D,fcre,1.6,ensemble,173,Chla_ugL_mean,21.7363154728945
vera4cast,chlorocast_xgboost,2026-10-07 00:00:00,2026-09-29 00:00:00,P1D,fcre,1.6,ensemble,173,Chla_ugL_mean,21.3282615317679
vera4cast,chlorocast_xgboost,2026-10-08 00:00:00,2026-09-29 00:00:00,P1D,fcre,1.6,ensemble,173,Chla_ugL_mean,20.7569851203079
vera4cast,chlorocast_xgboost,2026-10-09 00:00:00,2026-09-29 00:00:00,P1D,fcre,1.6,ensemble,173,Chla_ugL_mean,20.199718968371
vera4cast,chlorocast_xgboost,2026-10-10 00:00:00,2026-09-29 00:00:00,P1D,fcre,1.6,ensemble,173,Chla_ugL_mean,19.2973865036497
vera4cast,chlorocast_xgboost,2026-10-11 00:00:00,2026-09-29 00:00:00,P1D,fcre,1.6,ensemble,173,Chla_ugL_mean,19.4765952145724
vera4cast,chlorocast_xgboost,2026-10-12 00:00:00,2026-09-29 00:00:00,P1D,fcre,1.6,ensemble,173,Chla_ugL_mean,19.6188409075724
vera4cast,chlorocast_xgboost,2026-10-13 00:00:00,2026-09-29 00:00:00,P1D,fcre,1.6,ensemble,173,Chla_ugL_mean,18.8818407324894
vera4cast,chlorocast_xgboost,2026-10-14 00:00:00,2026-09-29 00:00:00,P1D,fcre,1.6,ensemble,173,Chla_ugL_mean,18.4018687955767
vera4cast,chlorocast_xgboost,2026-10-15 00:00:00,2026-09-29 00:00:00,P1D,fcre,1.6,ensemble,173,Chla_ugL_mean,18.3236277961865
vera4cast,chlorocast_xgboost,2026-10-16 00:00:00,2026-09-29 00:00:00,P1D,fcre,1.6,ensemble,173,Chla_ugL_mean,18.6743223045065
vera4cast,chlorocast_xgboost,2026-10-17 00:00:00,2026-09-29 00:00:00,P1D,fcre,1.6,ensemble,173,Chla_ugL_mean,19.0931706330572
vera4cast,chlorocast_xgboost,2026-10-18 00:00:00,2026-09-29 00:00:00,P1D,fcre,1.6,ensemble,173,Chla_ugL_mean,18.7407499267209
vera4cast,chlorocast_xgboost,2026-10-19 00:00:00,2026-09-29 00:00:00,P1D,fcre,1.6,ensemble,173,Chla_ugL_mean,17.9124979822352
vera4cast,chlorocast_xgboost,2026-10-20 00:00:00,2026-09-29 00:00:00,P1D,fcre,1.6,ensemble,173,Chla_ugL_mean,18.2847051422573
vera4cast,chlorocast_xgboost,2026-10-21 00:00:00,2026-09-29 00:00:00,P1D,fcre,1.6,ensemble,173,Chla_ugL_mean,18.0698715998102
vera4cast,chlorocast_xgboost,2026-10-22 00:00:00,2026-09-29 00:00:00,P1D,fcre,1.6,ensemble,173,Chla_ugL_mean,17.7684174653767
vera4cast,chlorocast_xgboost,2026-10-23 00:00:00,2026-09-29 00:00:00,P1D,fcre,1.6,ensemble,173,Chla_ugL_mean,18.0590556061022
vera4cast,chlorocast_xgboost,2026-10-24 00:00:00,2026-09-29 00:00:00,P1D,fcre,1.6,ensemble,173,Chla_ugL_mean,17.6681970039177
vera4cast,chlorocast_xgboost,2026-10-25 00:00:00,2026-09-29 00:00:00,P1D,fcre,1.6,ensemble,173,Chla_ugL_mean,18.2116580000092
vera4cast,chlorocast_xgboost,2026-10-26 00:00:00,2026-09-29 00:00:00,P1D,fcre,1.6,ensemble,173,Chla_ugL_mean,17.9334864644058
vera4cast,chlorocast_xgboost,2026-10-27 00:00:00,2026-09-29 00:00:00,P1D,fcre,1.6,ensemble,173,Chla_ugL_mean,17.7594402771072
vera4cast,chlorocast_xgboost,2026-10-28 00:00:00,2026-09-29 00:00:00,P1D,fcre,1.6,ensemble,173,Chla_ugL_mean,17.5469234058711
vera4cast,chlorocast_xgboost,2026-10-29 00:00:00,2026-09-29 00:00:00,P1D,fcre,1.6,ensemble,173,Chla_ugL_mean,17.4646531593918
vera4cast,chlorocast_xgboost,2026-10-30 00:00:00,2026-09-29 00:00:00,P1D,fcre,1.6,ensemble,173,Chla_ugL_mean,17.971161257173
vera4cast,chlorocast_xgboost,2026-10-31 00:00:00,2026-09-29 00:00:00,P1D,fcre,1.6,ensemble,173,Chla_ugL_mean,17.5334357177799
vera4cast,chlorocast_xgboost,2026-11-01 00:00:00,2026-09-29 00:00:00,P1D,fcre,1.6,ensemble,173,Chla_ugL_mean,18.1696364484229
vera4cast,chlorocast_xgboost,2026-11-02 00:00:00,2026-09-29 00:00:00,P1D,fcre,1.6,ensemble,173,Chla_ugL_mean,17.6904383886816
vera4cast,chlorocast_xgboost,2026-11-03 00:00:00,2026-09-29 00:00:00,P1D,fcre,1.6,ensemble,173,Chla_ugL_mean,18.1715680755676
vera4cast,chlorocast_xgboost,2026-09-30 00:00:00,2026-09-29 00:00:00,P1D,fcre,1.6,ensemble,174,Chla_ugL_mean,19.3783530368083
vera4cast,chlorocast_xgboost,2026-10-01 00:00:00,2026-09-29 00:00:00,P1D,fcre,1.6,ensemble,174,Chla_ugL_mean,19.772081956651
vera4cast,chlorocast_xgboost,2026-10-02 00:00:00,2026-09-29 00:00:00,P1D,fcre,1.6,ensemble,174,Chla_ugL_mean,21.1200828547987
vera4cast,chlorocast_xgboost,2026-10-03 00:00:00,2026-09-29 00:00:00,P1D,fcre,1.6,ensemble,174,Chla_ugL_mean,21.5194739504826
vera4cast,chlorocast_xgboost,2026-10-04 00:00:00,2026-09-29 00:00:00,P1D,fcre,1.6,ensemble,174,Chla_ugL_mean,21.9772180640267
vera4cast,chlorocast_xgboost,2026-10-05 00:00:00,2026-09-29 00:00:00,P1D,fcre,1.6,ensemble,174,Chla_ugL_mean,22.6307884733346
vera4cast,chlorocast_xgboost,2026-10-06 00:00:00,2026-09-29 00:00:00,P1D,fcre,1.6,ensemble,174,Chla_ugL_mean,21.9074813392774
vera4cast,chlorocast_xgboost,2026-10-07 00:00:00,2026-09-29 00:00:00,P1D,fcre,1.6,ensemble,174,Chla_ugL_mean,21.4907027894646
vera4cast,chlorocast_xgboost,2026-10-08 00:00:00,2026-09-29 00:00:00,P1D,fcre,1.6,ensemble,174,Chla_ugL_mean,20.9802733984485
vera4cast,chlorocast_xgboost,2026-10-09 00:00:00,2026-09-29 00:00:00,P1D,fcre,1.6,ensemble,174,Chla_ugL_mean,20.3162290823856
vera4cast,chlorocast_xgboost,2026-10-10 00:00:00,2026-09-29 00:00:00,P1D,fcre,1.6,ensemble,174,Chla_ugL_mean,19.4544676316108
vera4cast,chlorocast_xgboost,2026-10-11 00:00:00,2026-09-29 00:00:00,P1D,fcre,1.6,ensemble,174,Chla_ugL_mean,19.6968613106417
vera4cast,chlorocast_xgboost,2026-10-12 00:00:00,2026-09-29 00:00:00,P1D,fcre,1.6,ensemble,174,Chla_ugL_mean,19.773458396012
vera4cast,chlorocast_xgboost,2026-10-13 00:00:00,2026-09-29 00:00:00,P1D,fcre,1.6,ensemble,174,Chla_ugL_mean,19.0473028975698
vera4cast,chlorocast_xgboost,2026-10-14 00:00:00,2026-09-29 00:00:00,P1D,fcre,1.6,ensemble,174,Chla_ugL_mean,18.5125403165967
vera4cast,chlorocast_xgboost,2026-10-15 00:00:00,2026-09-29 00:00:00,P1D,fcre,1.6,ensemble,174,Chla_ugL_mean,18.4441207438846
vera4cast,chlorocast_xgboost,2026-10-16 00:00:00,2026-09-29 00:00:00,P1D,fcre,1.6,ensemble,174,Chla_ugL_mean,18.7947368105248
vera4cast,chlorocast_xgboost,2026-10-17 00:00:00,2026-09-29 00:00:00,P1D,fcre,1.6,ensemble,174,Chla_ugL_mean,19.2158596304378
vera4cast,chlorocast_xgboost,2026-10-18 00:00:00,2026-09-29 00:00:00,P1D,fcre,1.6,ensemble,174,Chla_ugL_mean,18.8565229909568
vera4cast,chlorocast_xgboost,2026-10-19 00:00:00,2026-09-29 00:00:00,P1D,fcre,1.6,ensemble,174,Chla_ugL_mean,18.033807179641
vera4cast,chlorocast_xgboost,2026-10-20 00:00:00,2026-09-29 00:00:00,P1D,fcre,1.6,ensemble,174,Chla_ugL_mean,18.4375108386666
vera4cast,chlorocast_xgboost,2026-10-21 00:00:00,2026-09-29 00:00:00,P1D,fcre,1.6,ensemble,174,Chla_ugL_mean,18.208980092803
vera4cast,chlorocast_xgboost,2026-10-22 00:00:00,2026-09-29 00:00:00,P1D,fcre,1.6,ensemble,174,Chla_ugL_mean,17.8947098511058
vera4cast,chlorocast_xgboost,2026-10-23 00:00:00,2026-09-29 00:00:00,P1D,fcre,1.6,ensemble,174,Chla_ugL_mean,18.1943518183193
vera4cast,chlorocast_xgboost,2026-10-24 00:00:00,2026-09-29 00:00:00,P1D,fcre,1.6,ensemble,174,Chla_ugL_mean,17.7811460358801
vera4cast,chlorocast_xgboost,2026-10-25 00:00:00,2026-09-29 00:00:00,P1D,fcre,1.6,ensemble,174,Chla_ugL_mean,18.3773701515298
vera4cast,chlorocast_xgboost,2026-10-26 00:00:00,2026-09-29 00:00:00,P1D,fcre,1.6,ensemble,174,Chla_ugL_mean,18.0712843530314
vera4cast,chlorocast_xgboost,2026-10-27 00:00:00,2026-09-29 00:00:00,P1D,fcre,1.6,ensemble,174,Chla_ugL_mean,17.8828303469268
vera4cast,chlorocast_xgboost,2026-10-28 00:00:00,2026-09-29 00:00:00,P1D,fcre,1.6,ensemble,174,Chla_ugL_mean,17.6443371862337
vera4cast,chlorocast_xgboost,2026-10-29 00:00:00,2026-09-29 00:00:00,P1D,fcre,1.6,ensemble,174,Chla_ugL_mean,17.6205885460158
vera4cast,chlorocast_xgboost,2026-10-30 00:00:00,2026-09-29 00:00:00,P1D,fcre,1.6,ensemble,174,Chla_ugL_mean,18.108554239795
vera4cast,chlorocast_xgboost,2026-10-31 00:00:00,2026-09-29 00:00:00,P1D,fcre,1.6,ensemble,174,Chla_ugL_mean,17.6732146067801
vera4cast,chlorocast_xgboost,2026-11-01 00:00:00,2026-09-29 00:00:00,P1D,fcre,1.6,ensemble,174,Chla_ugL_mean,18.2729897840906
vera4cast,chlorocast_xgboost,2026-11-02 00:00:00,2026-09-29 00:00:00,P1D,fcre,1.6,ensemble,174,Chla_ugL_mean,17.8100476705265
vera4cast,chlorocast_xgboost,2026-11-03 00:00:00,2026-09-29 00:00:00,P1D,fcre,1.6,ensemble,174,Chla_ugL_mean,18.2750794246271
vera4cast,chlorocast_xgboost,2026-09-30 00:00:00,2026-09-29 00:00:00,P1D,fcre,1.6,ensemble,175,Chla_ugL_mean,19.5382688727428
vera4cast,chlorocast_xgboost,2026-10-01 00:00:00,2026-09-29 00:00:00,P1D,fcre,1.6,ensemble,175,Chla_ugL_mean,19.9146553815387
vera4cast,chlorocast_xgboost,2026-10-02 00:00:00,2026-09-29 00:00:00,P1D,fcre,1.6,ensemble,175,Chla_ugL_mean,21.2758255326629
vera4cast,chlorocast_xgboost,2026-10-03 00:00:00,2026-09-29 00:00:00,P1D,fcre,1.6,ensemble,175,Chla_ugL_mean,21.7438735567827
vera4cast,chlorocast_xgboost,2026-10-04 00:00:00,2026-09-29 00:00:00,P1D,fcre,1.6,ensemble,175,Chla_ugL_mean,22.1365395581401
vera4cast,chlorocast_xgboost,2026-10-05 00:00:00,2026-09-29 00:00:00,P1D,fcre,1.6,ensemble,175,Chla_ugL_mean,22.8246704151358
vera4cast,chlorocast_xgboost,2026-10-06 00:00:00,2026-09-29 00:00:00,P1D,fcre,1.6,ensemble,175,Chla_ugL_mean,22.0799357941234
vera4cast,chlorocast_xgboost,2026-10-07 00:00:00,2026-09-29 00:00:00,P1D,fcre,1.6,ensemble,175,Chla_ugL_mean,21.6543258302645
vera4cast,chlorocast_xgboost,2026-10-08 00:00:00,2026-09-29 00:00:00,P1D,fcre,1.6,ensemble,175,Chla_ugL_mean,21.2058532466241
vera4cast,chlorocast_xgboost,2026-10-09 00:00:00,2026-09-29 00:00:00,P1D,fcre,1.6,ensemble,175,Chla_ugL_mean,20.4333795165237
vera4cast,chlorocast_xgboost,2026-10-10 00:00:00,2026-09-29 00:00:00,P1D,fcre,1.6,ensemble,175,Chla_ugL_mean,19.612764407742
vera4cast,chlorocast_xgboost,2026-10-11 00:00:00,2026-09-29 00:00:00,P1D,fcre,1.6,ensemble,175,Chla_ugL_mean,19.9194968022366
vera4cast,chlorocast_xgboost,2026-10-12 00:00:00,2026-09-29 00:00:00,P1D,fcre,1.6,ensemble,175,Chla_ugL_mean,19.9292353370046
vera4cast,chlorocast_xgboost,2026-10-13 00:00:00,2026-09-29 00:00:00,P1D,fcre,1.6,ensemble,175,Chla_ugL_mean,19.2141420844482
vera4cast,chlorocast_xgboost,2026-10-14 00:00:00,2026-09-29 00:00:00,P1D,fcre,1.6,ensemble,175,Chla_ugL_mean,18.6238431265762
vera4cast,chlorocast_xgboost,2026-10-15 00:00:00,2026-09-29 00:00:00,P1D,fcre,1.6,ensemble,175,Chla_ugL_mean,18.5653650282675
vera4cast,chlorocast_xgboost,2026-10-16 00:00:00,2026-09-29 00:00:00,P1D,fcre,1.6,ensemble,175,Chla_ugL_mean,18.9158883001625
vera4cast,chlorocast_xgboost,2026-10-17 00:00:00,2026-09-29 00:00:00,P1D,fcre,1.6,ensemble,175,Chla_ugL_mean,19.3392977674316
vera4cast,chlorocast_xgboost,2026-10-18 00:00:00,2026-09-29 00:00:00,P1D,fcre,1.6,ensemble,175,Chla_ugL_mean,18.9729750264806
vera4cast,chlorocast_xgboost,2026-10-19 00:00:00,2026-09-29 00:00:00,P1D,fcre,1.6,ensemble,175,Chla_ugL_mean,18.1558944826883
vera4cast,chlorocast_xgboost,2026-10-20 00:00:00,2026-09-29 00:00:00,P1D,fcre,1.6,ensemble,175,Chla_ugL_mean,18.5915273174385
vera4cast,chlorocast_xgboost,2026-10-21 00:00:00,2026-09-29 00:00:00,P1D,fcre,1.6,ensemble,175,Chla_ugL_mean,18.349103336877
vera4cast,chlorocast_xgboost,2026-10-22 00:00:00,2026-09-29 00:00:00,P1D,fcre,1.6,ensemble,175,Chla_ugL_mean,18.0218520563109
vera4cast,chlorocast_xgboost,2026-10-23 00:00:00,2026-09-29 00:00:00,P1D,fcre,1.6,ensemble,175,Chla_ugL_mean,18.3306084697847
vera4cast,chlorocast_xgboost,2026-10-24 00:00:00,2026-09-29 00:00:00,P1D,fcre,1.6,ensemble,175,Chla_ugL_mean,17.8947784484507
vera4cast,chlorocast_xgboost,2026-10-25 00:00:00,2026-09-29 00:00:00,P1D,fcre,1.6,ensemble,175,Chla_ugL_mean,18.5445116704252
vera4cast,chlorocast_xgboost,2026-10-26 00:00:00,2026-09-29 00:00:00,P1D,fcre,1.6,ensemble,175,Chla_ugL_mean,18.2100851345023
vera4cast,chlorocast_xgboost,2026-10-27 00:00:00,2026-09-29 00:00:00,P1D,fcre,1.6,ensemble,175,Chla_ugL_mean,18.0070320139533
vera4cast,chlorocast_xgboost,2026-10-28 00:00:00,2026-09-29 00:00:00,P1D,fcre,1.6,ensemble,175,Chla_ugL_mean,17.7422626118108
vera4cast,chlorocast_xgboost,2026-10-29 00:00:00,2026-09-29 00:00:00,P1D,fcre,1.6,ensemble,175,Chla_ugL_mean,17.7778408187243
vera4cast,chlorocast_xgboost,2026-10-30 00:00:00,2026-09-29 00:00:00,P1D,fcre,1.6,ensemble,175,Chla_ugL_mean,18.246942250155
vera4cast,chlorocast_xgboost,2026-10-31 00:00:00,2026-09-29 00:00:00,P1D,fcre,1.6,ensemble,175,Chla_ugL_mean,17.8140477060253
vera4cast,chlorocast_xgboost,2026-11-01 00:00:00,2026-09-29 00:00:00,P1D,fcre,1.6,ensemble,175,Chla_ugL_mean,18.3769003505656
vera4cast,chlorocast_xgboost,2026-11-02 00:00:00,2026-09-29 00:00:00,P1D,fcre,1.6,ensemble,175,Chla_ugL_mean,17.9304223908274
vera4cast,chlorocast_xgboost,2026-11-03 00:00:00,2026-09-29 00:00:00,P1D,fcre,1.6,ensemble,175,Chla_ugL_mean,18.3791496533433
vera4cast,chlorocast_xgboost,2026-09-30 00:00:00,2026-09-29 00:00:00,P1D,fcre,1.6,ensemble,176,Chla_ugL_mean,19.6994396223859
vera4cast,chlorocast_xgboost,2026-10-01 00:00:00,2026-09-29 00:00:00,P1D,fcre,1.6,ensemble,176,Chla_ugL_mean,20.0582073882329
vera4cast,chlorocast_xgboost,2026-10-02 00:00:00,2026-09-29 00:00:00,P1D,fcre,1.6,ensemble,176,Chla_ugL_mean,21.4326647607466
vera4cast,chlorocast_xgboost,2026-10-03 00:00:00,2026-09-29 00:00:00,P1D,fcre,1.6,ensemble,176,Chla_ugL_mean,21.970509235889
vera4cast,chlorocast_xgboost,2026-10-04 00:00:00,2026-09-29 00:00:00,P1D,fcre,1.6,ensemble,176,Chla_ugL_mean,22.2969657699096
vera4cast,chlorocast_xgboost,2026-10-05 00:00:00,2026-09-29 00:00:00,P1D,fcre,1.6,ensemble,176,Chla_ugL_mean,23.0201430870728
vera4cast,chlorocast_xgboost,2026-10-06 00:00:00,2026-09-29 00:00:00,P1D,fcre,1.6,ensemble,176,Chla_ugL_mean,22.2536885383167
vera4cast,chlorocast_xgboost,2026-10-07 00:00:00,2026-09-29 00:00:00,P1D,fcre,1.6,ensemble,176,Chla_ugL_mean,21.8191392518067
vera4cast,chlorocast_xgboost,2026-10-08 00:00:00,2026-09-29 00:00:00,P1D,fcre,1.6,ensemble,176,Chla_ugL_mean,21.4337481828325
vera4cast,chlorocast_xgboost,2026-10-09 00:00:00,2026-09-29 00:00:00,P1D,fcre,1.6,ensemble,176,Chla_ugL_mean,20.5511737898777
vera4cast,chlorocast_xgboost,2026-10-10 00:00:00,2026-09-29 00:00:00,P1D,fcre,1.6,ensemble,176,Chla_ugL_mean,19.7722862399239
vera4cast,chlorocast_xgboost,2026-10-11 00:00:00,2026-09-29 00:00:00,P1D,fcre,1.6,ensemble,176,Chla_ugL_mean,20.1445271768706
vera4cast,chlorocast_xgboost,2026-10-12 00:00:00,2026-09-29 00:00:00,P1D,fcre,1.6,ensemble,176,Chla_ugL_mean,20.0861804251051
vera4cast,chlorocast_xgboost,2026-10-13 00:00:00,2026-09-29 00:00:00,P1D,fcre,1.6,ensemble,176,Chla_ugL_mean,19.38236975308
vera4cast,chlorocast_xgboost,2026-10-14 00:00:00,2026-09-29 00:00:00,P1D,fcre,1.6,ensemble,176,Chla_ugL_mean,18.7357808264936
vera4cast,chlorocast_xgboost,2026-10-15 00:00:00,2026-09-29 00:00:00,P1D,fcre,1.6,ensemble,176,Chla_ugL_mean,18.6873653343131
vera4cast,chlorocast_xgboost,2026-10-16 00:00:00,2026-09-29 00:00:00,P1D,fcre,1.6,ensemble,176,Chla_ugL_mean,19.0377812840459
vera4cast,chlorocast_xgboost,2026-10-17 00:00:00,2026-09-29 00:00:00,P1D,fcre,1.6,ensemble,176,Chla_ugL_mean,19.4634896182888
vera4cast,chlorocast_xgboost,2026-10-18 00:00:00,2026-09-29 00:00:00,P1D,fcre,1.6,ensemble,176,Chla_ugL_mean,19.0901100152377
vera4cast,chlorocast_xgboost,2026-10-19 00:00:00,2026-09-29 00:00:00,P1D,fcre,1.6,ensemble,176,Chla_ugL_mean,18.2787648823292
vera4cast,chlorocast_xgboost,2026-10-20 00:00:00,2026-09-29 00:00:00,P1D,fcre,1.6,ensemble,176,Chla_ugL_mean,18.7467641724166
vera4cast,chlorocast_xgboost,2026-10-21 00:00:00,2026-09-29 00:00:00,P1D,fcre,1.6,ensemble,176,Chla_ugL_mean,18.4902487343102
vera4cast,chlorocast_xgboost,2026-10-22 00:00:00,2026-09-29 00:00:00,P1D,fcre,1.6,ensemble,176,Chla_ugL_mean,18.1498497994137
vera4cast,chlorocast_xgboost,2026-10-23 00:00:00,2026-09-29 00:00:00,P1D,fcre,1.6,ensemble,176,Chla_ugL_mean,18.467832378454
vera4cast,chlorocast_xgboost,2026-10-24 00:00:00,2026-09-29 00:00:00,P1D,fcre,1.6,ensemble,176,Chla_ugL_mean,18.0090983763179
vera4cast,chlorocast_xgboost,2026-10-25 00:00:00,2026-09-29 00:00:00,P1D,fcre,1.6,ensemble,176,Chla_ugL_mean,18.7130948858523
vera4cast,chlorocast_xgboost,2026-10-26 00:00:00,2026-09-29 00:00:00,P1D,fcre,1.6,ensemble,176,Chla_ugL_mean,18.3498961078711
vera4cast,chlorocast_xgboost,2026-10-27 00:00:00,2026-09-29 00:00:00,P1D,fcre,1.6,ensemble,176,Chla_ugL_mean,18.1320506164608
vera4cast,chlorocast_xgboost,2026-10-28 00:00:00,2026-09-29 00:00:00,P1D,fcre,1.6,ensemble,176,Chla_ugL_mean,17.8407023699103
vera4cast,chlorocast_xgboost,2026-10-29 00:00:00,2026-09-29 00:00:00,P1D,fcre,1.6,ensemble,176,Chla_ugL_mean,17.9364210987195
vera4cast,chlorocast_xgboost,2026-10-30 00:00:00,2026-09-29 00:00:00,P1D,fcre,1.6,ensemble,176,Chla_ugL_mean,18.386332494445
vera4cast,chlorocast_xgboost,2026-10-31 00:00:00,2026-09-29 00:00:00,P1D,fcre,1.6,ensemble,176,Chla_ugL_mean,17.9559429663532
vera4cast,chlorocast_xgboost,2026-11-01 00:00:00,2026-09-29 00:00:00,P1D,fcre,1.6,ensemble,176,Chla_ugL_mean,18.4813711521647
vera4cast,chlorocast_xgboost,2026-11-02 00:00:00,2026-09-29 00:00:00,P1D,fcre,1.6,ensemble,176,Chla_ugL_mean,18.0515674480004
vera4cast,chlorocast_xgboost,2026-11-03 00:00:00,2026-09-29 00:00:00,P1D,fcre,1.6,ensemble,176,Chla_ugL_mean,18.4837817792257
vera4cast,chlorocast_xgboost,2026-09-30 00:00:00,2026-09-29 00:00:00,P1D,fcre,1.6,ensemble,177,Chla_ugL_mean,19.8618751334702
vera4cast,chlorocast_xgboost,2026-10-01 00:00:00,2026-09-29 00:00:00,P1D,fcre,1.6,ensemble,177,Chla_ugL_mean,20.2027446934295
vera4cast,chlorocast_xgboost,2026-10-02 00:00:00,2026-09-29 00:00:00,P1D,fcre,1.6,ensemble,177,Chla_ugL_mean,21.5906082596206
vera4cast,chlorocast_xgboost,2026-10-03 00:00:00,2026-09-29 00:00:00,P1D,fcre,1.6,ensemble,177,Chla_ugL_mean,22.1994032695765
vera4cast,chlorocast_xgboost,2026-10-04 00:00:00,2026-09-29 00:00:00,P1D,fcre,1.6,ensemble,177,Chla_ugL_mean,22.4585043593257
vera4cast,chlorocast_xgboost,2026-10-05 00:00:00,2026-09-29 00:00:00,P1D,fcre,1.6,ensemble,177,Chla_ugL_mean,23.2172195405021
vera4cast,chlorocast_xgboost,2026-10-06 00:00:00,2026-09-29 00:00:00,P1D,fcre,1.6,ensemble,177,Chla_ugL_mean,22.4287493457727
vera4cast,chlorocast_xgboost,2026-10-07 00:00:00,2026-09-29 00:00:00,P1D,fcre,1.6,ensemble,177,Chla_ugL_mean,21.9851517142792
vera4cast,chlorocast_xgboost,2026-10-08 00:00:00,2026-09-29 00:00:00,P1D,fcre,1.6,ensemble,177,Chla_ugL_mean,21.6639819664327
vera4cast,chlorocast_xgboost,2026-10-09 00:00:00,2026-09-29 00:00:00,P1D,fcre,1.6,ensemble,177,Chla_ugL_mean,20.6696154408804
vera4cast,chlorocast_xgboost,2026-10-10 00:00:00,2026-09-29 00:00:00,P1D,fcre,1.6,ensemble,177,Chla_ugL_mean,19.9330426088441
vera4cast,chlorocast_xgboost,2026-10-11 00:00:00,2026-09-29 00:00:00,P1D,fcre,1.6,ensemble,177,Chla_ugL_mean,20.371978196226
vera4cast,chlorocast_xgboost,2026-10-12 00:00:00,2026-09-29 00:00:00,P1D,fcre,1.6,ensemble,177,Chla_ugL_mean,20.2443024200672
vera4cast,chlorocast_xgboost,2026-10-13 00:00:00,2026-09-29 00:00:00,P1D,fcre,1.6,ensemble,177,Chla_ugL_mean,19.5519974587935
vera4cast,chlorocast_xgboost,2026-10-14 00:00:00,2026-09-29 00:00:00,P1D,fcre,1.6,ensemble,177,Chla_ugL_mean,18.8483570378678
vera4cast,chlorocast_xgboost,2026-10-15 00:00:00,2026-09-29 00:00:00,P1D,fcre,1.6,ensemble,177,Chla_ugL_mean,18.8101263762128
vera4cast,chlorocast_xgboost,2026-10-16 00:00:00,2026-09-29 00:00:00,P1D,fcre,1.6,ensemble,177,Chla_ugL_mean,19.1604203004084
vera4cast,chlorocast_xgboost,2026-10-17 00:00:00,2026-09-29 00:00:00,P1D,fcre,1.6,ensemble,177,Chla_ugL_mean,19.58843978519
vera4cast,chlorocast_xgboost,2026-10-18 00:00:00,2026-09-29 00:00:00,P1D,fcre,1.6,ensemble,177,Chla_ugL_mean,19.2079319625261
vera4cast,chlorocast_xgboost,2026-10-19 00:00:00,2026-09-29 00:00:00,P1D,fcre,1.6,ensemble,177,Chla_ugL_mean,18.4024234015289
vera4cast,chlorocast_xgboost,2026-10-20 00:00:00,2026-09-29 00:00:00,P1D,fcre,1.6,ensemble,177,Chla_ugL_mean,18.9032310734627
vera4cast,chlorocast_xgboost,2026-10-21 00:00:00,2026-09-29 00:00:00,P1D,fcre,1.6,ensemble,177,Chla_ugL_mean,18.6324237413781
vera4cast,chlorocast_xgboost,2026-10-22 00:00:00,2026-09-29 00:00:00,P1D,fcre,1.6,ensemble,177,Chla_ugL_mean,18.2787088373152
vera4cast,chlorocast_xgboost,2026-10-23 00:00:00,2026-09-29 00:00:00,P1D,fcre,1.6,ensemble,177,Chla_ugL_mean,18.6060304106817
vera4cast,chlorocast_xgboost,2026-10-24 00:00:00,2026-09-29 00:00:00,P1D,fcre,1.6,ensemble,177,Chla_ugL_mean,18.1241099791863
vera4cast,chlorocast_xgboost,2026-10-25 00:00:00,2026-09-29 00:00:00,P1D,fcre,1.6,ensemble,177,Chla_ugL_mean,18.883132233314
vera4cast,chlorocast_xgboost,2026-10-26 00:00:00,2026-09-29 00:00:00,P1D,fcre,1.6,ensemble,177,Chla_ugL_mean,18.4907246253131
vera4cast,chlorocast_xgboost,2026-10-27 00:00:00,2026-09-29 00:00:00,P1D,fcre,1.6,ensemble,177,Chla_ugL_mean,18.2578915278359
vera4cast,chlorocast_xgboost,2026-10-28 00:00:00,2026-09-29 00:00:00,P1D,fcre,1.6,ensemble,177,Chla_ugL_mean,17.9396591619548
vera4cast,chlorocast_xgboost,2026-10-29 00:00:00,2026-09-29 00:00:00,P1D,fcre,1.6,ensemble,177,Chla_ugL_mean,18.0963406011229
vera4cast,chlorocast_xgboost,2026-10-30 00:00:00,2026-09-29 00:00:00,P1D,fcre,1.6,ensemble,177,Chla_ugL_mean,18.5267322310455
vera4cast,chlorocast_xgboost,2026-10-31 00:00:00,2026-09-29 00:00:00,P1D,fcre,1.6,ensemble,177,Chla_ugL_mean,18.0989083985664
vera4cast,chlorocast_xgboost,2026-11-01 00:00:00,2026-09-29 00:00:00,P1D,fcre,1.6,ensemble,177,Chla_ugL_mean,18.5864052094028
vera4cast,chlorocast_xgboost,2026-11-02 00:00:00,2026-09-29 00:00:00,P1D,fcre,1.6,ensemble,177,Chla_ugL_mean,18.1734877718091
vera4cast,chlorocast_xgboost,2026-11-03 00:00:00,2026-09-29 00:00:00,P1D,fcre,1.6,ensemble,177,Chla_ugL_mean,18.5889788360757
vera4cast,chlorocast_xgboost,2026-09-30 00:00:00,2026-09-29 00:00:00,P1D,fcre,1.6,ensemble,178,Chla_ugL_mean,20.025585331007
vera4cast,chlorocast_xgboost,2026-10-01 00:00:00,2026-09-29 00:00:00,P1D,fcre,1.6,ensemble,178,Chla_ugL_mean,20.3482740599259
vera4cast,chlorocast_xgboost,2026-10-02 00:00:00,2026-09-29 00:00:00,P1D,fcre,1.6,ensemble,178,Chla_ugL_mean,21.7496638042147
vera4cast,chlorocast_xgboost,2026-10-03 00:00:00,2026-09-29 00:00:00,P1D,fcre,1.6,ensemble,178,Chla_ugL_mean,22.4305781616516
vera4cast,chlorocast_xgboost,2026-10-04 00:00:00,2026-09-29 00:00:00,P1D,fcre,1.6,ensemble,178,Chla_ugL_mean,22.6211630394922
vera4cast,chlorocast_xgboost,2026-10-05 00:00:00,2026-09-29 00:00:00,P1D,fcre,1.6,ensemble,178,Chla_ugL_mean,23.4159129338621
vera4cast,chlorocast_xgboost,2026-10-06 00:00:00,2026-09-29 00:00:00,P1D,fcre,1.6,ensemble,178,Chla_ugL_mean,22.6051280639874
vera4cast,chlorocast_xgboost,2026-10-07 00:00:00,2026-09-29 00:00:00,P1D,fcre,1.6,ensemble,178,Chla_ugL_mean,22.1523719408744
vera4cast,chlorocast_xgboost,2026-10-08 00:00:00,2026-09-29 00:00:00,P1D,fcre,1.6,ensemble,178,Chla_ugL_mean,21.8965786006222
vera4cast,chlorocast_xgboost,2026-10-09 00:00:00,2026-09-29 00:00:00,P1D,fcre,1.6,ensemble,178,Chla_ugL_mean,20.7887080274112
vera4cast,chlorocast_xgboost,2026-10-10 00:00:00,2026-09-29 00:00:00,P1D,fcre,1.6,ensemble,178,Chla_ugL_mean,20.0950430685617
vera4cast,chlorocast_xgboost,2026-10-11 00:00:00,2026-09-29 00:00:00,P1D,fcre,1.6,ensemble,178,Chla_ugL_mean,20.6018758991025
vera4cast,chlorocast_xgboost,2026-10-12 00:00:00,2026-09-29 00:00:00,P1D,fcre,1.6,ensemble,178,Chla_ugL_mean,20.4036101473331
vera4cast,chlorocast_xgboost,2026-10-13 00:00:00,2026-09-29 00:00:00,P1D,fcre,1.6,ensemble,178,Chla_ugL_mean,19.7230368530837
vera4cast,chlorocast_xgboost,2026-10-14 00:00:00,2026-09-29 00:00:00,P1D,fcre,1.6,ensemble,178,Chla_ugL_mean,18.9615754028755
vera4cast,chlorocast_xgboost,2026-10-15 00:00:00,2026-09-29 00:00:00,P1D,fcre,1.6,ensemble,178,Chla_ugL_mean,18.9336528975533
vera4cast,chlorocast_xgboost,2026-10-16 00:00:00,2026-09-29 00:00:00,P1D,fcre,1.6,ensemble,178,Chla_ugL_mean,19.2838099152588
vera4cast,chlorocast_xgboost,2026-10-17 00:00:00,2026-09-29 00:00:00,P1D,fcre,1.6,ensemble,178,Chla_ugL_mean,19.7141528984166
vera4cast,chlorocast_xgboost,2026-10-18 00:00:00,2026-09-29 00:00:00,P1D,fcre,1.6,ensemble,178,Chla_ugL_mean,19.3264448971338
vera4cast,chlorocast_xgboost,2026-10-19 00:00:00,2026-09-29 00:00:00,P1D,fcre,1.6,ensemble,178,Chla_ugL_mean,18.5268750954711
vera4cast,chlorocast_xgboost,2026-10-20 00:00:00,2026-09-29 00:00:00,P1D,fcre,1.6,ensemble,178,Chla_ugL_mean,19.0609377670596
vera4cast,chlorocast_xgboost,2026-10-21 00:00:00,2026-09-29 00:00:00,P1D,fcre,1.6,ensemble,178,Chla_ugL_mean,18.7756358687469
vera4cast,chlorocast_xgboost,2026-10-22 00:00:00,2026-09-29 00:00:00,P1D,fcre,1.6,ensemble,178,Chla_ugL_mean,18.4084349656547
vera4cast,chlorocast_xgboost,2026-10-23 00:00:00,2026-09-29 00:00:00,P1D,fcre,1.6,ensemble,178,Chla_ugL_mean,18.7452094815654
vera4cast,chlorocast_xgboost,2026-10-24 00:00:00,2026-09-29 00:00:00,P1D,fcre,1.6,ensemble,178,Chla_ugL_mean,18.2398174419283
vera4cast,chlorocast_xgboost,2026-10-25 00:00:00,2026-09-29 00:00:00,P1D,fcre,1.6,ensemble,178,Chla_ugL_mean,19.0546362555775
vera4cast,chlorocast_xgboost,2026-10-26 00:00:00,2026-09-29 00:00:00,P1D,fcre,1.6,ensemble,178,Chla_ugL_mean,18.6325780925127
vera4cast,chlorocast_xgboost,2026-10-27 00:00:00,2026-09-29 00:00:00,P1D,fcre,1.6,ensemble,178,Chla_ugL_mean,18.3845601568088
vera4cast,chlorocast_xgboost,2026-10-28 00:00:00,2026-09-29 00:00:00,P1D,fcre,1.6,ensemble,178,Chla_ugL_mean,18.0391357035553
vera4cast,chlorocast_xgboost,2026-10-29 00:00:00,2026-09-29 00:00:00,P1D,fcre,1.6,ensemble,178,Chla_ugL_mean,18.2576106357688
vera4cast,chlorocast_xgboost,2026-10-30 00:00:00,2026-09-29 00:00:00,P1D,fcre,1.6,ensemble,178,Chla_ugL_mean,18.6681487709038
vera4cast,chlorocast_xgboost,2026-10-31 00:00:00,2026-09-29 00:00:00,P1D,fcre,1.6,ensemble,178,Chla_ugL_mean,18.2429520738849
vera4cast,chlorocast_xgboost,2026-11-01 00:00:00,2026-09-29 00:00:00,P1D,fcre,1.6,ensemble,178,Chla_ugL_mean,18.6920055590796
vera4cast,chlorocast_xgboost,2026-11-02 00:00:00,2026-09-29 00:00:00,P1D,fcre,1.6,ensemble,178,Chla_ugL_mean,18.2961883235648
vera4cast,chlorocast_xgboost,2026-11-03 00:00:00,2026-09-29 00:00:00,P1D,fcre,1.6,ensemble,178,Chla_ugL_mean,18.6947438740751
vera4cast,chlorocast_xgboost,2026-09-30 00:00:00,2026-09-29 00:00:00,P1D,fcre,1.6,ensemble,179,Chla_ugL_mean,20.1905802178925
vera4cast,chlorocast_xgboost,2026-10-01 00:00:00,2026-09-29 00:00:00,P1D,fcre,1.6,ensemble,179,Chla_ugL_mean,20.4948022969374
vera4cast,chlorocast_xgboost,2026-10-02 00:00:00,2026-09-29 00:00:00,P1D,fcre,1.6,ensemble,179,Chla_ugL_mean,21.9098392242001
vera4cast,chlorocast_xgboost,2026-10-03 00:00:00,2026-09-29 00:00:00,P1D,fcre,1.6,ensemble,179,Chla_ugL_mean,22.6640566401641
vera4cast,chlorocast_xgboost,2026-10-04 00:00:00,2026-09-29 00:00:00,P1D,fcre,1.6,ensemble,179,Chla_ugL_mean,22.7849495769946
vera4cast,chlorocast_xgboost,2026-10-05 00:00:00,2026-09-29 00:00:00,P1D,fcre,1.6,ensemble,179,Chla_ugL_mean,23.6162365335511
vera4cast,chlorocast_xgboost,2026-10-06 00:00:00,2026-09-29 00:00:00,P1D,fcre,1.6,ensemble,179,Chla_ugL_mean,22.7828346145921
vera4cast,chlorocast_xgboost,2026-10-07 00:00:00,2026-09-29 00:00:00,P1D,fcre,1.6,ensemble,179,Chla_ugL_mean,22.3208087182467
vera4cast,chlorocast_xgboost,2026-10-08 00:00:00,2026-09-29 00:00:00,P1D,fcre,1.6,ensemble,179,Chla_ugL_mean,22.1315623349389
vera4cast,chlorocast_xgboost,2026-10-09 00:00:00,2026-09-29 00:00:00,P1D,fcre,1.6,ensemble,179,Chla_ugL_mean,20.9084551269031
vera4cast,chlorocast_xgboost,2026-10-10 00:00:00,2026-09-29 00:00:00,P1D,fcre,1.6,ensemble,179,Chla_ugL_mean,20.2582972470739
vera4cast,chlorocast_xgboost,2026-10-11 00:00:00,2026-09-29 00:00:00,P1D,fcre,1.6,ensemble,179,Chla_ugL_mean,20.8342466043985
vera4cast,chlorocast_xgboost,2026-10-12 00:00:00,2026-09-29 00:00:00,P1D,fcre,1.6,ensemble,179,Chla_ugL_mean,20.5641124985251
vera4cast,chlorocast_xgboost,2026-10-13 00:00:00,2026-09-29 00:00:00,P1D,fcre,1.6,ensemble,179,Chla_ugL_mean,19.8954996844124
vera4cast,chlorocast_xgboost,2026-10-14 00:00:00,2026-09-29 00:00:00,P1D,fcre,1.6,ensemble,179,Chla_ugL_mean,19.0754395844689
vera4cast,chlorocast_xgboost,2026-10-15 00:00:00,2026-09-29 00:00:00,P1D,fcre,1.6,ensemble,179,Chla_ugL_mean,19.0579496715003
vera4cast,chlorocast_xgboost,2026-10-16 00:00:00,2026-09-29 00:00:00,P1D,fcre,1.6,ensemble,179,Chla_ugL_mean,19.4079547225519
vera4cast,chlorocast_xgboost,2026-10-17 00:00:00,2026-09-29 00:00:00,P1D,fcre,1.6,ensemble,179,Chla_ugL_mean,19.8406336165225
vera4cast,chlorocast_xgboost,2026-10-18 00:00:00,2026-09-29 00:00:00,P1D,fcre,1.6,ensemble,179,Chla_ugL_mean,19.4456528714761
vera4cast,chlorocast_xgboost,2026-10-19 00:00:00,2026-09-29 00:00:00,P1D,fcre,1.6,ensemble,179,Chla_ugL_mean,18.6521250517645
vera4cast,chlorocast_xgboost,2026-10-20 00:00:00,2026-09-29 00:00:00,P1D,fcre,1.6,ensemble,179,Chla_ugL_mean,19.219894076918
vera4cast,chlorocast_xgboost,2026-10-21 00:00:00,2026-09-29 00:00:00,P1D,fcre,1.6,ensemble,179,Chla_ugL_mean,18.9198926818712
vera4cast,chlorocast_xgboost,2026-10-22 00:00:00,2026-09-29 00:00:00,P1D,fcre,1.6,ensemble,179,Chla_ugL_mean,18.5390340190701
vera4cast,chlorocast_xgboost,2026-10-23 00:00:00,2026-09-29 00:00:00,P1D,fcre,1.6,ensemble,179,Chla_ugL_mean,18.8853765552915
vera4cast,chlorocast_xgboost,2026-10-24 00:00:00,2026-09-29 00:00:00,P1D,fcre,1.6,ensemble,179,Chla_ugL_mean,18.3562249747364
vera4cast,chlorocast_xgboost,2026-10-25 00:00:00,2026-09-29 00:00:00,P1D,fcre,1.6,ensemble,179,Chla_ugL_mean,19.2276196035984
vera4cast,chlorocast_xgboost,2026-10-26 00:00:00,2026-09-29 00:00:00,P1D,fcre,1.6,ensemble,179,Chla_ugL_mean,18.7754639690527
vera4cast,chlorocast_xgboost,2026-10-27 00:00:00,2026-09-29 00:00:00,P1D,fcre,1.6,ensemble,179,Chla_ugL_mean,18.5120619476853
vera4cast,chlorocast_xgboost,2026-10-28 00:00:00,2026-09-29 00:00:00,P1D,fcre,1.6,ensemble,179,Chla_ugL_mean,18.139134724586
vera4cast,chlorocast_xgboost,2026-10-29 00:00:00,2026-09-29 00:00:00,P1D,fcre,1.6,ensemble,179,Chla_ugL_mean,18.4202426080035
vera4cast,chlorocast_xgboost,2026-10-30 00:00:00,2026-09-29 00:00:00,P1D,fcre,1.6,ensemble,179,Chla_ugL_mean,18.8105894779145
vera4cast,chlorocast_xgboost,2026-10-31 00:00:00,2026-09-29 00:00:00,P1D,fcre,1.6,ensemble,179,Chla_ugL_mean,18.3880821244017
vera4cast,chlorocast_xgboost,2026-11-01 00:00:00,2026-09-29 00:00:00,P1D,fcre,1.6,ensemble,179,Chla_ugL_mean,18.7981752543679
vera4cast,chlorocast_xgboost,2026-11-02 00:00:00,2026-09-29 00:00:00,P1D,fcre,1.6,ensemble,179,Chla_ugL_mean,18.4196740963288
vera4cast,chlorocast_xgboost,2026-11-03 00:00:00,2026-09-29 00:00:00,P1D,fcre,1.6,ensemble,179,Chla_ugL_mean,18.8010799598743
vera4cast,chlorocast_xgboost,2026-09-30 00:00:00,2026-09-29 00:00:00,P1D,fcre,1.6,ensemble,180,Chla_ugL_mean,20.3761131011106
vera4cast,chlorocast_xgboost,2026-10-01 00:00:00,2026-09-29 00:00:00,P1D,fcre,1.6,ensemble,180,Chla_ugL_mean,20.6651766558026
vera4cast,chlorocast_xgboost,2026-10-02 00:00:00,2026-09-29 00:00:00,P1D,fcre,1.6,ensemble,180,Chla_ugL_mean,22.0997838320625
vera4cast,chlorocast_xgboost,2026-10-03 00:00:00,2026-09-29 00:00:00,P1D,fcre,1.6,ensemble,180,Chla_ugL_mean,22.9095161780573
vera4cast,chlorocast_xgboost,2026-10-04 00:00:00,2026-09-29 00:00:00,P1D,fcre,1.6,ensemble,180,Chla_ugL_mean,22.9837329060055
vera4cast,chlorocast_xgboost,2026-10-05 00:00:00,2026-09-29 00:00:00,P1D,fcre,1.6,ensemble,180,Chla_ugL_mean,23.8507334220012
vera4cast,chlorocast_xgboost,2026-10-06 00:00:00,2026-09-29 00:00:00,P1D,fcre,1.6,ensemble,180,Chla_ugL_mean,23.0011723188485
vera4cast,chlorocast_xgboost,2026-10-07 00:00:00,2026-09-29 00:00:00,P1D,fcre,1.6,ensemble,180,Chla_ugL_mean,22.5346456534076
vera4cast,chlorocast_xgboost,2026-10-08 00:00:00,2026-09-29 00:00:00,P1D,fcre,1.6,ensemble,180,Chla_ugL_mean,22.3836128402427
vera4cast,chlorocast_xgboost,2026-10-09 00:00:00,2026-09-29 00:00:00,P1D,fcre,1.6,ensemble,180,Chla_ugL_mean,21.0744930367719
vera4cast,chlorocast_xgboost,2026-10-10 00:00:00,2026-09-29 00:00:00,P1D,fcre,1.6,ensemble,180,Chla_ugL_mean,20.4404920081527
vera4cast,chlorocast_xgboost,2026-10-11 00:00:00,2026-09-29 00:00:00,P1D,fcre,1.6,ensemble,180,Chla_ugL_mean,21.0686010021499
vera4cast,chlorocast_xgboost,2026-10-12 00:00:00,2026-09-29 00:00:00,P1D,fcre,1.6,ensemble,180,Chla_ugL_mean,20.7557744416096
vera4cast,chlorocast_xgboost,2026-10-13 00:00:00,2026-09-29 00:00:00,P1D,fcre,1.6,ensemble,180,Chla_ugL_mean,20.0853310602097
vera4cast,chlorocast_xgboost,2026-10-14 00:00:00,2026-09-29 00:00:00,P1D,fcre,1.6,ensemble,180,Chla_ugL_mean,19.2170221512703
vera4cast,chlorocast_xgboost,2026-10-15 00:00:00,2026-09-29 00:00:00,P1D,fcre,1.6,ensemble,180,Chla_ugL_mean,19.2067909125027
vera4cast,chlorocast_xgboost,2026-10-16 00:00:00,2026-09-29 00:00:00,P1D,fcre,1.6,ensemble,180,Chla_ugL_mean,19.56624816788
vera4cast,chlorocast_xgboost,2026-10-17 00:00:00,2026-09-29 00:00:00,P1D,fcre,1.6,ensemble,180,Chla_ugL_mean,20.0024323804806
vera4cast,chlorocast_xgboost,2026-10-18 00:00:00,2026-09-29 00:00:00,P1D,fcre,1.6,ensemble,180,Chla_ugL_mean,19.599821649013
vera4cast,chlorocast_xgboost,2026-10-19 00:00:00,2026-09-29 00:00:00,P1D,fcre,1.6,ensemble,180,Chla_ugL_mean,18.8016810236918
vera4cast,chlorocast_xgboost,2026-10-20 00:00:00,2026-09-29 00:00:00,P1D,fcre,1.6,ensemble,180,Chla_ugL_mean,19.4018247012114
vera4cast,chlorocast_xgboost,2026-10-21 00:00:00,2026-09-29 00:00:00,P1D,fcre,1.6,ensemble,180,Chla_ugL_mean,19.0874674999842
vera4cast,chlorocast_xgboost,2026-10-22 00:00:00,2026-09-29 00:00:00,P1D,fcre,1.6,ensemble,180,Chla_ugL_mean,18.6959432267769
vera4cast,chlorocast_xgboost,2026-10-23 00:00:00,2026-09-29 00:00:00,P1D,fcre,1.6,ensemble,180,Chla_ugL_mean,19.0548826448029
vera4cast,chlorocast_xgboost,2026-10-24 00:00:00,2026-09-29 00:00:00,P1D,fcre,1.6,ensemble,180,Chla_ugL_mean,18.5000349092959
vera4cast,chlorocast_xgboost,2026-10-25 00:00:00,2026-09-29 00:00:00,P1D,fcre,1.6,ensemble,180,Chla_ugL_mean,19.413869720601
vera4cast,chlorocast_xgboost,2026-10-26 00:00:00,2026-09-29 00:00:00,P1D,fcre,1.6,ensemble,180,Chla_ugL_mean,18.9427157859164
vera4cast,chlorocast_xgboost,2026-10-27 00:00:00,2026-09-29 00:00:00,P1D,fcre,1.6,ensemble,180,Chla_ugL_mean,18.6639599117993
vera4cast,chlorocast_xgboost,2026-10-28 00:00:00,2026-09-29 00:00:00,P1D,fcre,1.6,ensemble,180,Chla_ugL_mean,18.2746925070187
vera4cast,chlorocast_xgboost,2026-10-29 00:00:00,2026-09-29 00:00:00,P1D,fcre,1.6,ensemble,180,Chla_ugL_mean,18.5983886070962
vera4cast,chlorocast_xgboost,2026-10-30 00:00:00,2026-09-29 00:00:00,P1D,fcre,1.6,ensemble,180,Chla_ugL_mean,18.976150884872
vera4cast,chlorocast_xgboost,2026-10-31 00:00:00,2026-09-29 00:00:00,P1D,fcre,1.6,ensemble,180,Chla_ugL_mean,18.5445827977955
vera4cast,chlorocast_xgboost,2026-11-01 00:00:00,2026-09-29 00:00:00,P1D,fcre,1.6,ensemble,180,Chla_ugL_mean,18.9441017839731
vera4cast,chlorocast_xgboost,2026-11-02 00:00:00,2026-09-29 00:00:00,P1D,fcre,1.6,ensemble,180,Chla_ugL_mean,18.565825327788
vera4cast,chlorocast_xgboost,2026-11-03 00:00:00,2026-09-29 00:00:00,P1D,fcre,1.6,ensemble,180,Chla_ugL_mean,18.941778431452
vera4cast,chlorocast_xgboost,2026-09-30 00:00:00,2026-09-29 00:00:00,P1D,fcre,1.6,ensemble,181,Chla_ugL_mean,20.5983011146995
vera4cast,chlorocast_xgboost,2026-10-01 00:00:00,2026-09-29 00:00:00,P1D,fcre,1.6,ensemble,181,Chla_ugL_mean,20.8770858247441
vera4cast,chlorocast_xgboost,2026-10-02 00:00:00,2026-09-29 00:00:00,P1D,fcre,1.6,ensemble,181,Chla_ugL_mean,22.341074915884
vera4cast,chlorocast_xgboost,2026-10-03 00:00:00,2026-09-29 00:00:00,P1D,fcre,1.6,ensemble,181,Chla_ugL_mean,23.1793043359858
vera4cast,chlorocast_xgboost,2026-10-04 00:00:00,2026-09-29 00:00:00,P1D,fcre,1.6,ensemble,181,Chla_ugL_mean,23.2423294678238
vera4cast,chlorocast_xgboost,2026-10-05 00:00:00,2026-09-29 00:00:00,P1D,fcre,1.6,ensemble,181,Chla_ugL_mean,24.144586617853
vera4cast,chlorocast_xgboost,2026-10-06 00:00:00,2026-09-29 00:00:00,P1D,fcre,1.6,ensemble,181,Chla_ugL_mean,23.2887338093616
vera4cast,chlorocast_xgboost,2026-10-07 00:00:00,2026-09-29 00:00:00,P1D,fcre,1.6,ensemble,181,Chla_ugL_mean,22.8251663102252
vera4cast,chlorocast_xgboost,2026-10-08 00:00:00,2026-09-29 00:00:00,P1D,fcre,1.6,ensemble,181,Chla_ugL_mean,22.6681873713379
vera4cast,chlorocast_xgboost,2026-10-09 00:00:00,2026-09-29 00:00:00,P1D,fcre,1.6,ensemble,181,Chla_ugL_mean,21.3173654012513
vera4cast,chlorocast_xgboost,2026-10-10 00:00:00,2026-09-29 00:00:00,P1D,fcre,1.6,ensemble,181,Chla_ugL_mean,20.656741179231
vera4cast,chlorocast_xgboost,2026-10-11 00:00:00,2026-09-29 00:00:00,P1D,fcre,1.6,ensemble,181,Chla_ugL_mean,21.3111086054566
vera4cast,chlorocast_xgboost,2026-10-12 00:00:00,2026-09-29 00:00:00,P1D,fcre,1.6,ensemble,181,Chla_ugL_mean,21.0010454124799
vera4cast,chlorocast_xgboost,2026-10-13 00:00:00,2026-09-29 00:00:00,P1D,fcre,1.6,ensemble,181,Chla_ugL_mean,20.3068908733871
vera4cast,chlorocast_xgboost,2026-10-14 00:00:00,2026-09-29 00:00:00,P1D,fcre,1.6,ensemble,181,Chla_ugL_mean,19.4055483559568
vera4cast,chlorocast_xgboost,2026-10-15 00:00:00,2026-09-29 00:00:00,P1D,fcre,1.6,ensemble,181,Chla_ugL_mean,19.3977600406202
vera4cast,chlorocast_xgboost,2026-10-16 00:00:00,2026-09-29 00:00:00,P1D,fcre,1.6,ensemble,181,Chla_ugL_mean,19.7820554807657
vera4cast,chlorocast_xgboost,2026-10-17 00:00:00,2026-09-29 00:00:00,P1D,fcre,1.6,ensemble,181,Chla_ugL_mean,20.2236714192249
vera4cast,chlorocast_xgboost,2026-10-18 00:00:00,2026-09-29 00:00:00,P1D,fcre,1.6,ensemble,181,Chla_ugL_mean,19.8126739390836
vera4cast,chlorocast_xgboost,2026-10-19 00:00:00,2026-09-29 00:00:00,P1D,fcre,1.6,ensemble,181,Chla_ugL_mean,18.9930120680825
vera4cast,chlorocast_xgboost,2026-10-20 00:00:00,2026-09-29 00:00:00,P1D,fcre,1.6,ensemble,181,Chla_ugL_mean,19.6241877180515
vera4cast,chlorocast_xgboost,2026-10-21 00:00:00,2026-09-29 00:00:00,P1D,fcre,1.6,ensemble,181,Chla_ugL_mean,19.2956889013516
vera4cast,chlorocast_xgboost,2026-10-22 00:00:00,2026-09-29 00:00:00,P1D,fcre,1.6,ensemble,181,Chla_ugL_mean,18.8979745687561
vera4cast,chlorocast_xgboost,2026-10-23 00:00:00,2026-09-29 00:00:00,P1D,fcre,1.6,ensemble,181,Chla_ugL_mean,19.2746045693713
vera4cast,chlorocast_xgboost,2026-10-24 00:00:00,2026-09-29 00:00:00,P1D,fcre,1.6,ensemble,181,Chla_ugL_mean,18.6903627481508
vera4cast,chlorocast_xgboost,2026-10-25 00:00:00,2026-09-29 00:00:00,P1D,fcre,1.6,ensemble,181,Chla_ugL_mean,19.6252669434733
vera4cast,chlorocast_xgboost,2026-10-26 00:00:00,2026-09-29 00:00:00,P1D,fcre,1.6,ensemble,181,Chla_ugL_mean,19.152264899595
vera4cast,chlorocast_xgboost,2026-10-27 00:00:00,2026-09-29 00:00:00,P1D,fcre,1.6,ensemble,181,Chla_ugL_mean,18.8578348638616
vera4cast,chlorocast_xgboost,2026-10-28 00:00:00,2026-09-29 00:00:00,P1D,fcre,1.6,ensemble,181,Chla_ugL_mean,18.4694059025448
vera4cast,chlorocast_xgboost,2026-10-29 00:00:00,2026-09-29 00:00:00,P1D,fcre,1.6,ensemble,181,Chla_ugL_mean,18.8050637376272
vera4cast,chlorocast_xgboost,2026-10-30 00:00:00,2026-09-29 00:00:00,P1D,fcre,1.6,ensemble,181,Chla_ugL_mean,19.1820004473143
vera4cast,chlorocast_xgboost,2026-10-31 00:00:00,2026-09-29 00:00:00,P1D,fcre,1.6,ensemble,181,Chla_ugL_mean,18.7226039956984
vera4cast,chlorocast_xgboost,2026-11-01 00:00:00,2026-09-29 00:00:00,P1D,fcre,1.6,ensemble,181,Chla_ugL_mean,19.1560699991354
vera4cast,chlorocast_xgboost,2026-11-02 00:00:00,2026-09-29 00:00:00,P1D,fcre,1.6,ensemble,181,Chla_ugL_mean,18.7510832978601
vera4cast,chlorocast_xgboost,2026-11-03 00:00:00,2026-09-29 00:00:00,P1D,fcre,1.6,ensemble,181,Chla_ugL_mean,19.1398689057813
vera4cast,chlorocast_xgboost,2026-09-30 00:00:00,2026-09-29 00:00:00,P1D,fcre,1.6,ensemble,182,Chla_ugL_mean,20.83200772155
vera4cast,chlorocast_xgboost,2026-10-01 00:00:00,2026-09-29 00:00:00,P1D,fcre,1.6,ensemble,182,Chla_ugL_mean,21.0998426905449
vera4cast,chlorocast_xgboost,2026-10-02 00:00:00,2026-09-29 00:00:00,P1D,fcre,1.6,ensemble,182,Chla_ugL_mean,22.5948880978757
vera4cast,chlorocast_xgboost,2026-10-03 00:00:00,2026-09-29 00:00:00,P1D,fcre,1.6,ensemble,182,Chla_ugL_mean,23.4633336939057
vera4cast,chlorocast_xgboost,2026-10-04 00:00:00,2026-09-29 00:00:00,P1D,fcre,1.6,ensemble,182,Chla_ugL_mean,23.5144386773312
vera4cast,chlorocast_xgboost,2026-10-05 00:00:00,2026-09-29 00:00:00,P1D,fcre,1.6,ensemble,182,Chla_ugL_mean,24.4541202190891
vera4cast,chlorocast_xgboost,2026-10-06 00:00:00,2026-09-29 00:00:00,P1D,fcre,1.6,ensemble,182,Chla_ugL_mean,23.5916877556383
vera4cast,chlorocast_xgboost,2026-10-07 00:00:00,2026-09-29 00:00:00,P1D,fcre,1.6,ensemble,182,Chla_ugL_mean,23.1313499312066
vera4cast,chlorocast_xgboost,2026-10-08 00:00:00,2026-09-29 00:00:00,P1D,fcre,1.6,ensemble,182,Chla_ugL_mean,22.9680515177917
vera4cast,chlorocast_xgboost,2026-10-09 00:00:00,2026-09-29 00:00:00,P1D,fcre,1.6,ensemble,182,Chla_ugL_mean,21.5729855881758
vera4cast,chlorocast_xgboost,2026-10-10 00:00:00,2026-09-29 00:00:00,P1D,fcre,1.6,ensemble,182,Chla_ugL_mean,20.8841302615465
vera4cast,chlorocast_xgboost,2026-10-11 00:00:00,2026-09-29 00:00:00,P1D,fcre,1.6,ensemble,182,Chla_ugL_mean,21.5663413842911
vera4cast,chlorocast_xgboost,2026-10-12 00:00:00,2026-09-29 00:00:00,P1D,fcre,1.6,ensemble,182,Chla_ugL_mean,21.2592608295753
vera4cast,chlorocast_xgboost,2026-10-13 00:00:00,2026-09-29 00:00:00,P1D,fcre,1.6,ensemble,182,Chla_ugL_mean,20.5399634393633
vera4cast,chlorocast_xgboost,2026-10-14 00:00:00,2026-09-29 00:00:00,P1D,fcre,1.6,ensemble,182,Chla_ugL_mean,19.6036339570052
vera4cast,chlorocast_xgboost,2026-10-15 00:00:00,2026-09-29 00:00:00,P1D,fcre,1.6,ensemble,182,Chla_ugL_mean,19.5984379195318
vera4cast,chlorocast_xgboost,2026-10-16 00:00:00,2026-09-29 00:00:00,P1D,fcre,1.6,ensemble,182,Chla_ugL_mean,20.0090733104285
vera4cast,chlorocast_xgboost,2026-10-17 00:00:00,2026-09-29 00:00:00,P1D,fcre,1.6,ensemble,182,Chla_ugL_mean,20.4564127008644
vera4cast,chlorocast_xgboost,2026-10-18 00:00:00,2026-09-29 00:00:00,P1D,fcre,1.6,ensemble,182,Chla_ugL_mean,20.0365469379329
vera4cast,chlorocast_xgboost,2026-10-19 00:00:00,2026-09-29 00:00:00,P1D,fcre,1.6,ensemble,182,Chla_ugL_mean,19.1941132759498
vera4cast,chlorocast_xgboost,2026-10-20 00:00:00,2026-09-29 00:00:00,P1D,fcre,1.6,ensemble,182,Chla_ugL_mean,19.8581976833347
vera4cast,chlorocast_xgboost,2026-10-21 00:00:00,2026-09-29 00:00:00,P1D,fcre,1.6,ensemble,182,Chla_ugL_mean,19.5146985433545
vera4cast,chlorocast_xgboost,2026-10-22 00:00:00,2026-09-29 00:00:00,P1D,fcre,1.6,ensemble,182,Chla_ugL_mean,19.1104502077743
vera4cast,chlorocast_xgboost,2026-10-23 00:00:00,2026-09-29 00:00:00,P1D,fcre,1.6,ensemble,182,Chla_ugL_mean,19.505848379
vera4cast,chlorocast_xgboost,2026-10-24 00:00:00,2026-09-29 00:00:00,P1D,fcre,1.6,ensemble,182,Chla_ugL_mean,18.8904293412242
vera4cast,chlorocast_xgboost,2026-10-25 00:00:00,2026-09-29 00:00:00,P1D,fcre,1.6,ensemble,182,Chla_ugL_mean,19.8476146671371
vera4cast,chlorocast_xgboost,2026-10-26 00:00:00,2026-09-29 00:00:00,P1D,fcre,1.6,ensemble,182,Chla_ugL_mean,19.3727026140782
vera4cast,chlorocast_xgboost,2026-10-27 00:00:00,2026-09-29 00:00:00,P1D,fcre,1.6,ensemble,182,Chla_ugL_mean,19.0616504639299
vera4cast,chlorocast_xgboost,2026-10-28 00:00:00,2026-09-29 00:00:00,P1D,fcre,1.6,ensemble,182,Chla_ugL_mean,18.6741531211167
vera4cast,chlorocast_xgboost,2026-10-29 00:00:00,2026-09-29 00:00:00,P1D,fcre,1.6,ensemble,182,Chla_ugL_mean,19.0224864664553
vera4cast,chlorocast_xgboost,2026-10-30 00:00:00,2026-09-29 00:00:00,P1D,fcre,1.6,ensemble,182,Chla_ugL_mean,19.3985020290119
vera4cast,chlorocast_xgboost,2026-10-31 00:00:00,2026-09-29 00:00:00,P1D,fcre,1.6,ensemble,182,Chla_ugL_mean,18.9096109518553
vera4cast,chlorocast_xgboost,2026-11-01 00:00:00,2026-09-29 00:00:00,P1D,fcre,1.6,ensemble,182,Chla_ugL_mean,19.3790796653686
vera4cast,chlorocast_xgboost,2026-11-02 00:00:00,2026-09-29 00:00:00,P1D,fcre,1.6,ensemble,182,Chla_ugL_mean,18.94576315167
vera4cast,chlorocast_xgboost,2026-11-03 00:00:00,2026-09-29 00:00:00,P1D,fcre,1.6,ensemble,182,Chla_ugL_mean,19.3481317523622
vera4cast,chlorocast_xgboost,2026-09-30 00:00:00,2026-09-29 00:00:00,P1D,fcre,1.6,ensemble,183,Chla_ugL_mean,21.078594620142
vera4cast,chlorocast_xgboost,2026-10-01 00:00:00,2026-09-29 00:00:00,P1D,fcre,1.6,ensemble,183,Chla_ugL_mean,21.3347246900478
vera4cast,chlorocast_xgboost,2026-10-02 00:00:00,2026-09-29 00:00:00,P1D,fcre,1.6,ensemble,183,Chla_ugL_mean,22.8627041905426
vera4cast,chlorocast_xgboost,2026-10-03 00:00:00,2026-09-29 00:00:00,P1D,fcre,1.6,ensemble,183,Chla_ugL_mean,23.7632973873093
vera4cast,chlorocast_xgboost,2026-10-04 00:00:00,2026-09-29 00:00:00,P1D,fcre,1.6,ensemble,183,Chla_ugL_mean,23.8016619081614
vera4cast,chlorocast_xgboost,2026-10-05 00:00:00,2026-09-29 00:00:00,P1D,fcre,1.6,ensemble,183,Chla_ugL_mean,24.7812049737739
vera4cast,chlorocast_xgboost,2026-10-06 00:00:00,2026-09-29 00:00:00,P1D,fcre,1.6,ensemble,183,Chla_ugL_mean,23.9118724105253
vera4cast,chlorocast_xgboost,2026-10-07 00:00:00,2026-09-29 00:00:00,P1D,fcre,1.6,ensemble,183,Chla_ugL_mean,23.4550714879431
vera4cast,chlorocast_xgboost,2026-10-08 00:00:00,2026-09-29 00:00:00,P1D,fcre,1.6,ensemble,183,Chla_ugL_mean,23.2850334848465
vera4cast,chlorocast_xgboost,2026-10-09 00:00:00,2026-09-29 00:00:00,P1D,fcre,1.6,ensemble,183,Chla_ugL_mean,21.8428664573524
vera4cast,chlorocast_xgboost,2026-10-10 00:00:00,2026-09-29 00:00:00,P1D,fcre,1.6,ensemble,183,Chla_ugL_mean,21.1239736230617
vera4cast,chlorocast_xgboost,2026-10-11 00:00:00,2026-09-29 00:00:00,P1D,fcre,1.6,ensemble,183,Chla_ugL_mean,21.8358093796359
vera4cast,chlorocast_xgboost,2026-10-12 00:00:00,2026-09-29 00:00:00,P1D,fcre,1.6,ensemble,183,Chla_ugL_mean,21.5319595598363
vera4cast,chlorocast_xgboost,2026-10-13 00:00:00,2026-09-29 00:00:00,P1D,fcre,1.6,ensemble,183,Chla_ugL_mean,20.7859107467043
vera4cast,chlorocast_xgboost,2026-10-14 00:00:00,2026-09-29 00:00:00,P1D,fcre,1.6,ensemble,183,Chla_ugL_mean,19.8124014736433
vera4cast,chlorocast_xgboost,2026-10-15 00:00:00,2026-09-29 00:00:00,P1D,fcre,1.6,ensemble,183,Chla_ugL_mean,19.8099655001664
vera4cast,chlorocast_xgboost,2026-10-16 00:00:00,2026-09-29 00:00:00,P1D,fcre,1.6,ensemble,183,Chla_ugL_mean,20.2486277681243
vera4cast,chlorocast_xgboost,2026-10-17 00:00:00,2026-09-29 00:00:00,P1D,fcre,1.6,ensemble,183,Chla_ugL_mean,20.7020171969999
vera4cast,chlorocast_xgboost,2026-10-18 00:00:00,2026-09-29 00:00:00,P1D,fcre,1.6,ensemble,183,Chla_ugL_mean,20.2727429780309
vera4cast,chlorocast_xgboost,2026-10-19 00:00:00,2026-09-29 00:00:00,P1D,fcre,1.6,ensemble,183,Chla_ugL_mean,19.4061343361542
vera4cast,chlorocast_xgboost,2026-10-20 00:00:00,2026-09-29 00:00:00,P1D,fcre,1.6,ensemble,183,Chla_ugL_mean,20.1052358985255
vera4cast,chlorocast_xgboost,2026-10-21 00:00:00,2026-09-29 00:00:00,P1D,fcre,1.6,ensemble,183,Chla_ugL_mean,19.7457715539314
vera4cast,chlorocast_xgboost,2026-10-22 00:00:00,2026-09-29 00:00:00,P1D,fcre,1.6,ensemble,183,Chla_ugL_mean,19.3346037736494
vera4cast,chlorocast_xgboost,2026-10-23 00:00:00,2026-09-29 00:00:00,P1D,fcre,1.6,ensemble,183,Chla_ugL_mean,19.7499810391447
vera4cast,chlorocast_xgboost,2026-10-24 00:00:00,2026-09-29 00:00:00,P1D,fcre,1.6,ensemble,183,Chla_ugL_mean,19.1013813859609
vera4cast,chlorocast_xgboost,2026-10-25 00:00:00,2026-09-29 00:00:00,P1D,fcre,1.6,ensemble,183,Chla_ugL_mean,20.0822071146885
vera4cast,chlorocast_xgboost,2026-10-26 00:00:00,2026-09-29 00:00:00,P1D,fcre,1.6,ensemble,183,Chla_ugL_mean,19.6053170773415
vera4cast,chlorocast_xgboost,2026-10-27 00:00:00,2026-09-29 00:00:00,P1D,fcre,1.6,ensemble,183,Chla_ugL_mean,19.276577909755
vera4cast,chlorocast_xgboost,2026-10-28 00:00:00,2026-09-29 00:00:00,P1D,fcre,1.6,ensemble,183,Chla_ugL_mean,18.8901181458944
vera4cast,chlorocast_xgboost,2026-10-29 00:00:00,2026-09-29 00:00:00,P1D,fcre,1.6,ensemble,183,Chla_ugL_mean,19.2519285671474
vera4cast,chlorocast_xgboost,2026-10-30 00:00:00,2026-09-29 00:00:00,P1D,fcre,1.6,ensemble,183,Chla_ugL_mean,19.6269141711254
vera4cast,chlorocast_xgboost,2026-10-31 00:00:00,2026-09-29 00:00:00,P1D,fcre,1.6,ensemble,183,Chla_ugL_mean,19.1066574047444
vera4cast,chlorocast_xgboost,2026-11-01 00:00:00,2026-09-29 00:00:00,P1D,fcre,1.6,ensemble,183,Chla_ugL_mean,19.6144380141208
vera4cast,chlorocast_xgboost,2026-11-02 00:00:00,2026-09-29 00:00:00,P1D,fcre,1.6,ensemble,183,Chla_ugL_mean,19.1509722506072
vera4cast,chlorocast_xgboost,2026-11-03 00:00:00,2026-09-29 00:00:00,P1D,fcre,1.6,ensemble,183,Chla_ugL_mean,19.5677660286598
vera4cast,chlorocast_xgboost,2026-09-30 00:00:00,2026-09-29 00:00:00,P1D,fcre,1.6,ensemble,184,Chla_ugL_mean,21.3396794506573
vera4cast,chlorocast_xgboost,2026-10-01 00:00:00,2026-09-29 00:00:00,P1D,fcre,1.6,ensemble,184,Chla_ugL_mean,21.5832486919448
vera4cast,chlorocast_xgboost,2026-10-02 00:00:00,2026-09-29 00:00:00,P1D,fcre,1.6,ensemble,184,Chla_ugL_mean,23.1462824019423
vera4cast,chlorocast_xgboost,2026-10-03 00:00:00,2026-09-29 00:00:00,P1D,fcre,1.6,ensemble,184,Chla_ugL_mean,24.0812080889141
vera4cast,chlorocast_xgboost,2026-10-04 00:00:00,2026-09-29 00:00:00,P1D,fcre,1.6,ensemble,184,Chla_ugL_mean,24.1059020595101
vera4cast,chlorocast_xgboost,2026-10-05 00:00:00,2026-09-29 00:00:00,P1D,fcre,1.6,ensemble,184,Chla_ugL_mean,25.1280655646907
vera4cast,chlorocast_xgboost,2026-10-06 00:00:00,2026-09-29 00:00:00,P1D,fcre,1.6,ensemble,184,Chla_ugL_mean,24.2514740635753
vera4cast,chlorocast_xgboost,2026-10-07 00:00:00,2026-09-29 00:00:00,P1D,fcre,1.6,ensemble,184,Chla_ugL_mean,23.7985615336584
vera4cast,chlorocast_xgboost,2026-10-08 00:00:00,2026-09-29 00:00:00,P1D,fcre,1.6,ensemble,184,Chla_ugL_mean,23.6213079122894
vera4cast,chlorocast_xgboost,2026-10-09 00:00:00,2026-09-29 00:00:00,P1D,fcre,1.6,ensemble,184,Chla_ugL_mean,22.128806015292
vera4cast,chlorocast_xgboost,2026-10-10 00:00:00,2026-09-29 00:00:00,P1D,fcre,1.6,ensemble,184,Chla_ugL_mean,21.3778323292519
vera4cast,chlorocast_xgboost,2026-10-11 00:00:00,2026-09-29 00:00:00,P1D,fcre,1.6,ensemble,184,Chla_ugL_mean,22.1213072301538
vera4cast,chlorocast_xgboost,2026-10-12 00:00:00,2026-09-29 00:00:00,P1D,fcre,1.6,ensemble,184,Chla_ugL_mean,21.8209708799154
vera4cast,chlorocast_xgboost,2026-10-13 00:00:00,2026-09-29 00:00:00,P1D,fcre,1.6,ensemble,184,Chla_ugL_mean,21.0463509132772
vera4cast,chlorocast_xgboost,2026-10-14 00:00:00,2026-09-29 00:00:00,P1D,fcre,1.6,ensemble,184,Chla_ugL_mean,20.0331833828602
vera4cast,chlorocast_xgboost,2026-10-15 00:00:00,2026-09-29 00:00:00,P1D,fcre,1.6,ensemble,184,Chla_ugL_mean,20.0336972611154
vera4cast,chlorocast_xgboost,2026-10-16 00:00:00,2026-09-29 00:00:00,P1D,fcre,1.6,ensemble,184,Chla_ugL_mean,20.5022943309438
vera4cast,chlorocast_xgboost,2026-10-17 00:00:00,2026-09-29 00:00:00,P1D,fcre,1.6,ensemble,184,Chla_ugL_mean,20.9621018479873
vera4cast,chlorocast_xgboost,2026-10-18 00:00:00,2026-09-29 00:00:00,P1D,fcre,1.6,ensemble,184,Chla_ugL_mean,20.5228091063823
vera4cast,chlorocast_xgboost,2026-10-19 00:00:00,2026-09-29 00:00:00,P1D,fcre,1.6,ensemble,184,Chla_ugL_mean,19.6304403085562
vera4cast,chlorocast_xgboost,2026-10-20 00:00:00,2026-09-29 00:00:00,P1D,fcre,1.6,ensemble,184,Chla_ugL_mean,20.366943892309
vera4cast,chlorocast_xgboost,2026-10-21 00:00:00,2026-09-29 00:00:00,P1D,fcre,1.6,ensemble,184,Chla_ugL_mean,19.9904226998884
vera4cast,chlorocast_xgboost,2026-10-22 00:00:00,2026-09-29 00:00:00,P1D,fcre,1.6,ensemble,184,Chla_ugL_mean,19.5719006214219
vera4cast,chlorocast_xgboost,2026-10-23 00:00:00,2026-09-29 00:00:00,P1D,fcre,1.6,ensemble,184,Chla_ugL_mean,20.0086271087808
vera4cast,chlorocast_xgboost,2026-10-24 00:00:00,2026-09-29 00:00:00,P1D,fcre,1.6,ensemble,184,Chla_ugL_mean,19.32458048664
vera4cast,chlorocast_xgboost,2026-10-25 00:00:00,2026-09-29 00:00:00,P1D,fcre,1.6,ensemble,184,Chla_ugL_mean,20.3305817253881
vera4cast,chlorocast_xgboost,2026-10-26 00:00:00,2026-09-29 00:00:00,P1D,fcre,1.6,ensemble,184,Chla_ugL_mean,19.8516386802976
vera4cast,chlorocast_xgboost,2026-10-27 00:00:00,2026-09-29 00:00:00,P1D,fcre,1.6,ensemble,184,Chla_ugL_mean,19.5040079969593
vera4cast,chlorocast_xgboost,2026-10-28 00:00:00,2026-09-29 00:00:00,P1D,fcre,1.6,ensemble,184,Chla_ugL_mean,19.1187072015174
vera4cast,chlorocast_xgboost,2026-10-29 00:00:00,2026-09-29 00:00:00,P1D,fcre,1.6,ensemble,184,Chla_ugL_mean,19.4949010184821
vera4cast,chlorocast_xgboost,2026-10-30 00:00:00,2026-09-29 00:00:00,P1D,fcre,1.6,ensemble,184,Chla_ugL_mean,19.8687318705023
vera4cast,chlorocast_xgboost,2026-10-31 00:00:00,2026-09-29 00:00:00,P1D,fcre,1.6,ensemble,184,Chla_ugL_mean,19.3149939910015
vera4cast,chlorocast_xgboost,2026-11-01 00:00:00,2026-09-29 00:00:00,P1D,fcre,1.6,ensemble,184,Chla_ugL_mean,19.8636982442479
vera4cast,chlorocast_xgboost,2026-11-02 00:00:00,2026-09-29 00:00:00,P1D,fcre,1.6,ensemble,184,Chla_ugL_mean,19.3680252142341
vera4cast,chlorocast_xgboost,2026-11-03 00:00:00,2026-09-29 00:00:00,P1D,fcre,1.6,ensemble,184,Chla_ugL_mean,19.8001956897569
vera4cast,chlorocast_xgboost,2026-09-30 00:00:00,2026-09-29 00:00:00,P1D,fcre,1.6,ensemble,185,Chla_ugL_mean,21.6172043152855
vera4cast,chlorocast_xgboost,2026-10-01 00:00:00,2026-09-29 00:00:00,P1D,fcre,1.6,ensemble,185,Chla_ugL_mean,21.8472349643036
vera4cast,chlorocast_xgboost,2026-10-02 00:00:00,2026-09-29 00:00:00,P1D,fcre,1.6,ensemble,185,Chla_ugL_mean,23.4477348802694
vera4cast,chlorocast_xgboost,2026-10-03 00:00:00,2026-09-29 00:00:00,P1D,fcre,1.6,ensemble,185,Chla_ugL_mean,24.4194838131607
vera4cast,chlorocast_xgboost,2026-10-04 00:00:00,2026-09-29 00:00:00,P1D,fcre,1.6,ensemble,185,Chla_ugL_mean,24.4294443862748
vera4cast,chlorocast_xgboost,2026-10-05 00:00:00,2026-09-29 00:00:00,P1D,fcre,1.6,ensemble,185,Chla_ugL_mean,25.49737582555
vera4cast,chlorocast_xgboost,2026-10-06 00:00:00,2026-09-29 00:00:00,P1D,fcre,1.6,ensemble,185,Chla_ugL_mean,24.613120720444
vera4cast,chlorocast_xgboost,2026-10-07 00:00:00,2026-09-29 00:00:00,P1D,fcre,1.6,ensemble,185,Chla_ugL_mean,24.1645020320076
vera4cast,chlorocast_xgboost,2026-10-08 00:00:00,2026-09-29 00:00:00,P1D,fcre,1.6,ensemble,185,Chla_ugL_mean,23.979489182573
vera4cast,chlorocast_xgboost,2026-10-09 00:00:00,2026-09-29 00:00:00,P1D,fcre,1.6,ensemble,185,Chla_ugL_mean,22.4329639117962
vera4cast,chlorocast_xgboost,2026-10-10 00:00:00,2026-09-29 00:00:00,P1D,fcre,1.6,ensemble,185,Chla_ugL_mean,21.6475801197194
vera4cast,chlorocast_xgboost,2026-10-11 00:00:00,2026-09-29 00:00:00,P1D,fcre,1.6,ensemble,185,Chla_ugL_mean,22.4249905179656
vera4cast,chlorocast_xgboost,2026-10-12 00:00:00,2026-09-29 00:00:00,P1D,fcre,1.6,ensemble,185,Chla_ugL_mean,22.1284924565218
vera4cast,chlorocast_xgboost,2026-10-13 00:00:00,2026-09-29 00:00:00,P1D,fcre,1.6,ensemble,185,Chla_ugL_mean,21.3232267831568
vera4cast,chlorocast_xgboost,2026-10-14 00:00:00,2026-09-29 00:00:00,P1D,fcre,1.6,ensemble,185,Chla_ugL_mean,20.2675781262705
vera4cast,chlorocast_xgboost,2026-10-15 00:00:00,2026-09-29 00:00:00,P1D,fcre,1.6,ensemble,185,Chla_ugL_mean,20.271258191916
vera4cast,chlorocast_xgboost,2026-10-16 00:00:00,2026-09-29 00:00:00,P1D,fcre,1.6,ensemble,185,Chla_ugL_mean,20.7719646240384
vera4cast,chlorocast_xgboost,2026-10-17 00:00:00,2026-09-29 00:00:00,P1D,fcre,1.6,ensemble,185,Chla_ugL_mean,21.2386081229318
vera4cast,chlorocast_xgboost,2026-10-18 00:00:00,2026-09-29 00:00:00,P1D,fcre,1.6,ensemble,185,Chla_ugL_mean,20.7886025854725
vera4cast,chlorocast_xgboost,2026-10-19 00:00:00,2026-09-29 00:00:00,P1D,fcre,1.6,ensemble,185,Chla_ugL_mean,19.8686691402859
vera4cast,chlorocast_xgboost,2026-10-20 00:00:00,2026-09-29 00:00:00,P1D,fcre,1.6,ensemble,185,Chla_ugL_mean,20.6452932075522
vera4cast,chlorocast_xgboost,2026-10-21 00:00:00,2026-09-29 00:00:00,P1D,fcre,1.6,ensemble,185,Chla_ugL_mean,20.2504705364475
vera4cast,chlorocast_xgboost,2026-10-22 00:00:00,2026-09-29 00:00:00,P1D,fcre,1.6,ensemble,185,Chla_ugL_mean,19.8240998397574
vera4cast,chlorocast_xgboost,2026-10-23 00:00:00,2026-09-29 00:00:00,P1D,fcre,1.6,ensemble,185,Chla_ugL_mean,20.2837378343966
vera4cast,chlorocast_xgboost,2026-10-24 00:00:00,2026-09-29 00:00:00,P1D,fcre,1.6,ensemble,185,Chla_ugL_mean,19.5616605656892
vera4cast,chlorocast_xgboost,2026-10-25 00:00:00,2026-09-29 00:00:00,P1D,fcre,1.6,ensemble,185,Chla_ugL_mean,20.5945842595843
vera4cast,chlorocast_xgboost,2026-10-26 00:00:00,2026-09-29 00:00:00,P1D,fcre,1.6,ensemble,185,Chla_ugL_mean,20.1135049345894
vera4cast,chlorocast_xgboost,2026-10-27 00:00:00,2026-09-29 00:00:00,P1D,fcre,1.6,ensemble,185,Chla_ugL_mean,19.7456098031672
vera4cast,chlorocast_xgboost,2026-10-28 00:00:00,2026-09-29 00:00:00,P1D,fcre,1.6,ensemble,185,Chla_ugL_mean,19.3616081934319
vera4cast,chlorocast_xgboost,2026-10-29 00:00:00,2026-09-29 00:00:00,P1D,fcre,1.6,ensemble,185,Chla_ugL_mean,19.7532180769169
vera4cast,chlorocast_xgboost,2026-10-30 00:00:00,2026-09-29 00:00:00,P1D,fcre,1.6,ensemble,185,Chla_ugL_mean,20.1257498640489
vera4cast,chlorocast_xgboost,2026-10-31 00:00:00,2026-09-29 00:00:00,P1D,fcre,1.6,ensemble,185,Chla_ugL_mean,19.53612073026
vera4cast,chlorocast_xgboost,2026-11-01 00:00:00,2026-09-29 00:00:00,P1D,fcre,1.6,ensemble,185,Chla_ugL_mean,20.1287254242167
vera4cast,chlorocast_xgboost,2026-11-02 00:00:00,2026-09-29 00:00:00,P1D,fcre,1.6,ensemble,185,Chla_ugL_mean,19.5984992337597
vera4cast,chlorocast_xgboost,2026-11-03 00:00:00,2026-09-29 00:00:00,P1D,fcre,1.6,ensemble,185,Chla_ugL_mean,20.0471297037985
vera4cast,chlorocast_xgboost,2026-09-30 00:00:00,2026-09-29 00:00:00,P1D,fcre,1.6,ensemble,186,Chla_ugL_mean,21.9135288836582
vera4cast,chlorocast_xgboost,2026-10-01 00:00:00,2026-09-29 00:00:00,P1D,fcre,1.6,ensemble,186,Chla_ugL_mean,22.1288940552008
vera4cast,chlorocast_xgboost,2026-10-02 00:00:00,2026-09-29 00:00:00,P1D,fcre,1.6,ensemble,186,Chla_ugL_mean,23.7696280088498
vera4cast,chlorocast_xgboost,2026-10-03 00:00:00,2026-09-29 00:00:00,P1D,fcre,1.6,ensemble,186,Chla_ugL_mean,24.7810645826649
vera4cast,chlorocast_xgboost,2026-10-04 00:00:00,2026-09-29 00:00:00,P1D,fcre,1.6,ensemble,186,Chla_ugL_mean,24.7750663619661
vera4cast,chlorocast_xgboost,2026-10-05 00:00:00,2026-09-29 00:00:00,P1D,fcre,1.6,ensemble,186,Chla_ugL_mean,25.892388255343
vera4cast,chlorocast_xgboost,2026-10-06 00:00:00,2026-09-29 00:00:00,P1D,fcre,1.6,ensemble,186,Chla_ugL_mean,25.0000095413945
vera4cast,chlorocast_xgboost,2026-10-07 00:00:00,2026-09-29 00:00:00,P1D,fcre,1.6,ensemble,186,Chla_ugL_mean,24.5561567541575
vera4cast,chlorocast_xgboost,2026-10-08 00:00:00,2026-09-29 00:00:00,P1D,fcre,1.6,ensemble,186,Chla_ugL_mean,24.362758371737
vera4cast,chlorocast_xgboost,2026-10-09 00:00:00,2026-09-29 00:00:00,P1D,fcre,1.6,ensemble,186,Chla_ugL_mean,22.7579654293929
vera4cast,chlorocast_xgboost,2026-10-10 00:00:00,2026-09-29 00:00:00,P1D,fcre,1.6,ensemble,186,Chla_ugL_mean,21.9354930372872
vera4cast,chlorocast_xgboost,2026-10-11 00:00:00,2026-09-29 00:00:00,P1D,fcre,1.6,ensemble,186,Chla_ugL_mean,22.7494795520523
vera4cast,chlorocast_xgboost,2026-10-12 00:00:00,2026-09-29 00:00:00,P1D,fcre,1.6,ensemble,186,Chla_ugL_mean,22.457196373786
vera4cast,chlorocast_xgboost,2026-10-13 00:00:00,2026-09-29 00:00:00,P1D,fcre,1.6,ensemble,186,Chla_ugL_mean,21.6188991438061
vera4cast,chlorocast_xgboost,2026-10-14 00:00:00,2026-09-29 00:00:00,P1D,fcre,1.6,ensemble,186,Chla_ugL_mean,20.5175261536119
vera4cast,chlorocast_xgboost,2026-10-15 00:00:00,2026-09-29 00:00:00,P1D,fcre,1.6,ensemble,186,Chla_ugL_mean,20.5246211692747
vera4cast,chlorocast_xgboost,2026-10-16 00:00:00,2026-09-29 00:00:00,P1D,fcre,1.6,ensemble,186,Chla_ugL_mean,21.0599371708563
vera4cast,chlorocast_xgboost,2026-10-17 00:00:00,2026-09-29 00:00:00,P1D,fcre,1.6,ensemble,186,Chla_ugL_mean,21.5338951884757
vera4cast,chlorocast_xgboost,2026-10-18 00:00:00,2026-09-29 00:00:00,P1D,fcre,1.6,ensemble,186,Chla_ugL_mean,21.0723798920355
vera4cast,chlorocast_xgboost,2026-10-19 00:00:00,2026-09-29 00:00:00,P1D,fcre,1.6,ensemble,186,Chla_ugL_mean,20.1228097776022
vera4cast,chlorocast_xgboost,2026-10-20 00:00:00,2026-09-29 00:00:00,P1D,fcre,1.6,ensemble,186,Chla_ugL_mean,20.9426802625715
vera4cast,chlorocast_xgboost,2026-10-21 00:00:00,2026-09-29 00:00:00,P1D,fcre,1.6,ensemble,186,Chla_ugL_mean,20.528124571899
vera4cast,chlorocast_xgboost,2026-10-22 00:00:00,2026-09-29 00:00:00,P1D,fcre,1.6,ensemble,186,Chla_ugL_mean,20.0933384996743
vera4cast,chlorocast_xgboost,2026-10-23 00:00:00,2026-09-29 00:00:00,P1D,fcre,1.6,ensemble,186,Chla_ugL_mean,20.5776850731851
vera4cast,chlorocast_xgboost,2026-10-24 00:00:00,2026-09-29 00:00:00,P1D,fcre,1.6,ensemble,186,Chla_ugL_mean,19.8146058385101
vera4cast,chlorocast_xgboost,2026-10-25 00:00:00,2026-09-29 00:00:00,P1D,fcre,1.6,ensemble,186,Chla_ugL_mean,20.8764572608511
vera4cast,chlorocast_xgboost,2026-10-26 00:00:00,2026-09-29 00:00:00,P1D,fcre,1.6,ensemble,186,Chla_ugL_mean,20.3931486358072
vera4cast,chlorocast_xgboost,2026-10-27 00:00:00,2026-09-29 00:00:00,P1D,fcre,1.6,ensemble,186,Chla_ugL_mean,20.0034103972347
vera4cast,chlorocast_xgboost,2026-10-28 00:00:00,2026-09-29 00:00:00,P1D,fcre,1.6,ensemble,186,Chla_ugL_mean,19.6208714570272
vera4cast,chlorocast_xgboost,2026-10-29 00:00:00,2026-09-29 00:00:00,P1D,fcre,1.6,ensemble,186,Chla_ugL_mean,20.029084347831
vera4cast,chlorocast_xgboost,2026-10-30 00:00:00,2026-09-29 00:00:00,P1D,fcre,1.6,ensemble,186,Chla_ugL_mean,20.4001486140089
vera4cast,chlorocast_xgboost,2026-10-31 00:00:00,2026-09-29 00:00:00,P1D,fcre,1.6,ensemble,186,Chla_ugL_mean,19.7718582755135
vera4cast,chlorocast_xgboost,2026-11-01 00:00:00,2026-09-29 00:00:00,P1D,fcre,1.6,ensemble,186,Chla_ugL_mean,20.4117860552255
vera4cast,chlorocast_xgboost,2026-11-02 00:00:00,2026-09-29 00:00:00,P1D,fcre,1.6,ensemble,186,Chla_ugL_mean,19.8443091818252
vera4cast,chlorocast_xgboost,2026-11-03 00:00:00,2026-09-29 00:00:00,P1D,fcre,1.6,ensemble,186,Chla_ugL_mean,20.3106437097031
vera4cast,chlorocast_xgboost,2026-09-30 00:00:00,2026-09-29 00:00:00,P1D,fcre,1.6,ensemble,187,Chla_ugL_mean,22.2315594911626
vera4cast,chlorocast_xgboost,2026-10-01 00:00:00,2026-09-29 00:00:00,P1D,fcre,1.6,ensemble,187,Chla_ugL_mean,22.4309472032498
vera4cast,chlorocast_xgboost,2026-10-02 00:00:00,2026-09-29 00:00:00,P1D,fcre,1.6,ensemble,187,Chla_ugL_mean,24.1151228654915
vera4cast,chlorocast_xgboost,2026-10-03 00:00:00,2026-09-29 00:00:00,P1D,fcre,1.6,ensemble,187,Chla_ugL_mean,25.169574306571
vera4cast,chlorocast_xgboost,2026-10-04 00:00:00,2026-09-29 00:00:00,P1D,fcre,1.6,ensemble,187,Chla_ugL_mean,25.1461900580559
vera4cast,chlorocast_xgboost,2026-10-05 00:00:00,2026-09-29 00:00:00,P1D,fcre,1.6,ensemble,187,Chla_ugL_mean,26.3171137986718
vera4cast,chlorocast_xgboost,2026-10-06 00:00:00,2026-09-29 00:00:00,P1D,fcre,1.6,ensemble,187,Chla_ugL_mean,25.4160837615296
vera4cast,chlorocast_xgboost,2026-10-07 00:00:00,2026-09-29 00:00:00,P1D,fcre,1.6,ensemble,187,Chla_ugL_mean,24.9775523573081
vera4cast,chlorocast_xgboost,2026-10-08 00:00:00,2026-09-29 00:00:00,P1D,fcre,1.6,ensemble,187,Chla_ugL_mean,24.7750395184987
vera4cast,chlorocast_xgboost,2026-10-09 00:00:00,2026-09-29 00:00:00,P1D,fcre,1.6,ensemble,187,Chla_ugL_mean,23.1070457406536
vera4cast,chlorocast_xgboost,2026-10-10 00:00:00,2026-09-29 00:00:00,P1D,fcre,1.6,ensemble,187,Chla_ugL_mean,22.244373676708
vera4cast,chlorocast_xgboost,2026-10-11 00:00:00,2026-09-29 00:00:00,P1D,fcre,1.6,ensemble,187,Chla_ugL_mean,23.0980033382495
vera4cast,chlorocast_xgboost,2026-10-12 00:00:00,2026-09-29 00:00:00,P1D,fcre,1.6,ensemble,187,Chla_ugL_mean,22.8103762484248
vera4cast,chlorocast_xgboost,2026-10-13 00:00:00,2026-09-29 00:00:00,P1D,fcre,1.6,ensemble,187,Chla_ugL_mean,21.9362759906047
vera4cast,chlorocast_xgboost,2026-10-14 00:00:00,2026-09-29 00:00:00,P1D,fcre,1.6,ensemble,187,Chla_ugL_mean,20.7854152770452
vera4cast,chlorocast_xgboost,2026-10-15 00:00:00,2026-09-29 00:00:00,P1D,fcre,1.6,ensemble,187,Chla_ugL_mean,20.7962141680707
vera4cast,chlorocast_xgboost,2026-10-16 00:00:00,2026-09-29 00:00:00,P1D,fcre,1.6,ensemble,187,Chla_ugL_mean,21.3690432353534
vera4cast,chlorocast_xgboost,2026-10-17 00:00:00,2026-09-29 00:00:00,P1D,fcre,1.6,ensemble,187,Chla_ugL_mean,21.850869108822
vera4cast,chlorocast_xgboost,2026-10-18 00:00:00,2026-09-29 00:00:00,P1D,fcre,1.6,ensemble,187,Chla_ugL_mean,21.3769201153145
vera4cast,chlorocast_xgboost,2026-10-19 00:00:00,2026-09-29 00:00:00,P1D,fcre,1.6,ensemble,187,Chla_ugL_mean,20.3953104136773
vera4cast,chlorocast_xgboost,2026-10-20 00:00:00,2026-09-29 00:00:00,P1D,fcre,1.6,ensemble,187,Chla_ugL_mean,21.262057935117
vera4cast,chlorocast_xgboost,2026-10-21 00:00:00,2026-09-29 00:00:00,P1D,fcre,1.6,ensemble,187,Chla_ugL_mean,20.8261061258913
vera4cast,chlorocast_xgboost,2026-10-22 00:00:00,2026-09-29 00:00:00,P1D,fcre,1.6,ensemble,187,Chla_ugL_mean,20.3822484600522
vera4cast,chlorocast_xgboost,2026-10-23 00:00:00,2026-09-29 00:00:00,P1D,fcre,1.6,ensemble,187,Chla_ugL_mean,20.8933915815072
vera4cast,chlorocast_xgboost,2026-10-24 00:00:00,2026-09-29 00:00:00,P1D,fcre,1.6,ensemble,187,Chla_ugL_mean,20.0858588794651
vera4cast,chlorocast_xgboost,2026-10-25 00:00:00,2026-09-29 00:00:00,P1D,fcre,1.6,ensemble,187,Chla_ugL_mean,21.1789627123516
vera4cast,chlorocast_xgboost,2026-10-26 00:00:00,2026-09-29 00:00:00,P1D,fcre,1.6,ensemble,187,Chla_ugL_mean,20.6933201196528
vera4cast,chlorocast_xgboost,2026-10-27 00:00:00,2026-09-29 00:00:00,P1D,fcre,1.6,ensemble,187,Chla_ugL_mean,20.2799053173305
vera4cast,chlorocast_xgboost,2026-10-28 00:00:00,2026-09-29 00:00:00,P1D,fcre,1.6,ensemble,187,Chla_ugL_mean,19.8990216978392
vera4cast,chlorocast_xgboost,2026-10-29 00:00:00,2026-09-29 00:00:00,P1D,fcre,1.6,ensemble,187,Chla_ugL_mean,20.3252155309669
vera4cast,chlorocast_xgboost,2026-10-30 00:00:00,2026-09-29 00:00:00,P1D,fcre,1.6,ensemble,187,Chla_ugL_mean,20.6946135254153
vera4cast,chlorocast_xgboost,2026-10-31 00:00:00,2026-09-29 00:00:00,P1D,fcre,1.6,ensemble,187,Chla_ugL_mean,20.0244466104693
vera4cast,chlorocast_xgboost,2026-11-01 00:00:00,2026-09-29 00:00:00,P1D,fcre,1.6,ensemble,187,Chla_ugL_mean,20.7156722801235
vera4cast,chlorocast_xgboost,2026-11-02 00:00:00,2026-09-29 00:00:00,P1D,fcre,1.6,ensemble,187,Chla_ugL_mean,20.1078116845835
vera4cast,chlorocast_xgboost,2026-11-03 00:00:00,2026-09-29 00:00:00,P1D,fcre,1.6,ensemble,187,Chla_ugL_mean,20.5932932022809
vera4cast,chlorocast_xgboost,2026-09-30 00:00:00,2026-09-29 00:00:00,P1D,fcre,1.6,ensemble,188,Chla_ugL_mean,22.5749323335187
vera4cast,chlorocast_xgboost,2026-10-01 00:00:00,2026-09-29 00:00:00,P1D,fcre,1.6,ensemble,188,Chla_ugL_mean,22.7567971184088
vera4cast,chlorocast_xgboost,2026-10-02 00:00:00,2026-09-29 00:00:00,P1D,fcre,1.6,ensemble,188,Chla_ugL_mean,24.4881745471078
vera4cast,chlorocast_xgboost,2026-10-03 00:00:00,2026-09-29 00:00:00,P1D,fcre,1.6,ensemble,188,Chla_ugL_mean,25.5895506586138
vera4cast,chlorocast_xgboost,2026-10-04 00:00:00,2026-09-29 00:00:00,P1D,fcre,1.6,ensemble,188,Chla_ugL_mean,25.5470984437693
vera4cast,chlorocast_xgboost,2026-10-05 00:00:00,2026-09-29 00:00:00,P1D,fcre,1.6,ensemble,188,Chla_ugL_mean,26.7765772594944
vera4cast,chlorocast_xgboost,2026-10-06 00:00:00,2026-09-29 00:00:00,P1D,fcre,1.6,ensemble,188,Chla_ugL_mean,25.8662840736098
vera4cast,chlorocast_xgboost,2026-10-07 00:00:00,2026-09-29 00:00:00,P1D,fcre,1.6,ensemble,188,Chla_ugL_mean,25.4337357530996
vera4cast,chlorocast_xgboost,2026-10-08 00:00:00,2026-09-29 00:00:00,P1D,fcre,1.6,ensemble,188,Chla_ugL_mean,25.2212501208648
vera4cast,chlorocast_xgboost,2026-10-09 00:00:00,2026-09-29 00:00:00,P1D,fcre,1.6,ensemble,188,Chla_ugL_mean,23.4842547158917
vera4cast,chlorocast_xgboost,2026-10-10 00:00:00,2026-09-29 00:00:00,P1D,fcre,1.6,ensemble,188,Chla_ugL_mean,22.5777274530943
vera4cast,chlorocast_xgboost,2026-10-11 00:00:00,2026-09-29 00:00:00,P1D,fcre,1.6,ensemble,188,Chla_ugL_mean,23.4746039767423
vera4cast,chlorocast_xgboost,2026-10-12 00:00:00,2026-09-29 00:00:00,P1D,fcre,1.6,ensemble,188,Chla_ugL_mean,23.1921561413951
vera4cast,chlorocast_xgboost,2026-10-13 00:00:00,2026-09-29 00:00:00,P1D,fcre,1.6,ensemble,188,Chla_ugL_mean,22.2789959743336
vera4cast,chlorocast_xgboost,2026-10-14 00:00:00,2026-09-29 00:00:00,P1D,fcre,1.6,ensemble,188,Chla_ugL_mean,21.074230041926
vera4cast,chlorocast_xgboost,2026-10-15 00:00:00,2026-09-29 00:00:00,P1D,fcre,1.6,ensemble,188,Chla_ugL_mean,21.0890722800859
vera4cast,chlorocast_xgboost,2026-10-16 00:00:00,2026-09-29 00:00:00,P1D,fcre,1.6,ensemble,188,Chla_ugL_mean,21.7028254105287
vera4cast,chlorocast_xgboost,2026-10-17 00:00:00,2026-09-29 00:00:00,P1D,fcre,1.6,ensemble,188,Chla_ugL_mean,22.1931662056063
vera4cast,chlorocast_xgboost,2026-10-18 00:00:00,2026-09-29 00:00:00,P1D,fcre,1.6,ensemble,188,Chla_ugL_mean,21.7057000542772
vera4cast,chlorocast_xgboost,2026-10-19 00:00:00,2026-09-29 00:00:00,P1D,fcre,1.6,ensemble,188,Chla_ugL_mean,20.6892320038725
vera4cast,chlorocast_xgboost,2026-10-20 00:00:00,2026-09-29 00:00:00,P1D,fcre,1.6,ensemble,188,Chla_ugL_mean,21.6071223614313
vera4cast,chlorocast_xgboost,2026-10-21 00:00:00,2026-09-29 00:00:00,P1D,fcre,1.6,ensemble,188,Chla_ugL_mean,21.147819827158
vera4cast,chlorocast_xgboost,2026-10-22 00:00:00,2026-09-29 00:00:00,P1D,fcre,1.6,ensemble,188,Chla_ugL_mean,20.6941220998064
vera4cast,chlorocast_xgboost,2026-10-23 00:00:00,2026-09-29 00:00:00,P1D,fcre,1.6,ensemble,188,Chla_ugL_mean,21.2345159834314
vera4cast,chlorocast_xgboost,2026-10-24 00:00:00,2026-09-29 00:00:00,P1D,fcre,1.6,ensemble,188,Chla_ugL_mean,20.3784738915704
vera4cast,chlorocast_xgboost,2026-10-25 00:00:00,2026-09-29 00:00:00,P1D,fcre,1.6,ensemble,188,Chla_ugL_mean,21.5055560845829
vera4cast,chlorocast_xgboost,2026-10-26 00:00:00,2026-09-29 00:00:00,P1D,fcre,1.6,ensemble,188,Chla_ugL_mean,21.0174607633762
vera4cast,chlorocast_xgboost,2026-10-27 00:00:00,2026-09-29 00:00:00,P1D,fcre,1.6,ensemble,188,Chla_ugL_mean,20.5782152743498
vera4cast,chlorocast_xgboost,2026-10-28 00:00:00,2026-09-29 00:00:00,P1D,fcre,1.6,ensemble,188,Chla_ugL_mean,20.1992168002989
vera4cast,chlorocast_xgboost,2026-10-29 00:00:00,2026-09-29 00:00:00,P1D,fcre,1.6,ensemble,188,Chla_ugL_mean,20.6450097832318
vera4cast,chlorocast_xgboost,2026-10-30 00:00:00,2026-09-29 00:00:00,P1D,fcre,1.6,ensemble,188,Chla_ugL_mean,21.0125041070375
vera4cast,chlorocast_xgboost,2026-10-31 00:00:00,2026-09-29 00:00:00,P1D,fcre,1.6,ensemble,188,Chla_ugL_mean,20.2966849574975
vera4cast,chlorocast_xgboost,2026-11-01 00:00:00,2026-09-29 00:00:00,P1D,fcre,1.6,ensemble,188,Chla_ugL_mean,21.0438781735255
vera4cast,chlorocast_xgboost,2026-11-02 00:00:00,2026-09-29 00:00:00,P1D,fcre,1.6,ensemble,188,Chla_ugL_mean,20.3919526917492
vera4cast,chlorocast_xgboost,2026-11-03 00:00:00,2026-09-29 00:00:00,P1D,fcre,1.6,ensemble,188,Chla_ugL_mean,20.8982740850363
vera4cast,chlorocast_xgboost,2026-09-30 00:00:00,2026-09-29 00:00:00,P1D,fcre,1.6,ensemble,189,Chla_ugL_mean,22.9482804612393
vera4cast,chlorocast_xgboost,2026-10-01 00:00:00,2026-09-29 00:00:00,P1D,fcre,1.6,ensemble,189,Chla_ugL_mean,23.1107767507343
vera4cast,chlorocast_xgboost,2026-10-02 00:00:00,2026-09-29 00:00:00,P1D,fcre,1.6,ensemble,189,Chla_ugL_mean,24.8938226857723
vera4cast,chlorocast_xgboost,2026-10-03 00:00:00,2026-09-29 00:00:00,P1D,fcre,1.6,ensemble,189,Chla_ugL_mean,26.0467803715206
vera4cast,chlorocast_xgboost,2026-10-04 00:00:00,2026-09-29 00:00:00,P1D,fcre,1.6,ensemble,189,Chla_ugL_mean,25.983250736541
vera4cast,chlorocast_xgboost,2026-10-05 00:00:00,2026-09-29 00:00:00,P1D,fcre,1.6,ensemble,189,Chla_ugL_mean,27.2771900188523
vera4cast,chlorocast_xgboost,2026-10-06 00:00:00,2026-09-29 00:00:00,P1D,fcre,1.6,ensemble,189,Chla_ugL_mean,26.3569155142093
vera4cast,chlorocast_xgboost,2026-10-07 00:00:00,2026-09-29 00:00:00,P1D,fcre,1.6,ensemble,189,Chla_ugL_mean,25.9311498501568
vera4cast,chlorocast_xgboost,2026-10-08 00:00:00,2026-09-29 00:00:00,P1D,fcre,1.6,ensemble,189,Chla_ugL_mean,25.7076667898318
vera4cast,chlorocast_xgboost,2026-10-09 00:00:00,2026-09-29 00:00:00,P1D,fcre,1.6,ensemble,189,Chla_ugL_mean,23.8947555766774
vera4cast,chlorocast_xgboost,2026-10-10 00:00:00,2026-09-29 00:00:00,P1D,fcre,1.6,ensemble,189,Chla_ugL_mean,22.9400194326705
vera4cast,chlorocast_xgboost,2026-10-11 00:00:00,2026-09-29 00:00:00,P1D,fcre,1.6,ensemble,189,Chla_ugL_mean,23.8844347138577
vera4cast,chlorocast_xgboost,2026-10-12 00:00:00,2026-09-29 00:00:00,P1D,fcre,1.6,ensemble,189,Chla_ugL_mean,23.6077952685657
vera4cast,chlorocast_xgboost,2026-10-13 00:00:00,2026-09-29 00:00:00,P1D,fcre,1.6,ensemble,189,Chla_ugL_mean,22.6516957908318
vera4cast,chlorocast_xgboost,2026-10-14 00:00:00,2026-09-29 00:00:00,P1D,fcre,1.6,ensemble,189,Chla_ugL_mean,21.3877692220108
vera4cast,chlorocast_xgboost,2026-10-15 00:00:00,2026-09-29 00:00:00,P1D,fcre,1.6,ensemble,189,Chla_ugL_mean,21.4070590890698
vera4cast,chlorocast_xgboost,2026-10-16 00:00:00,2026-09-29 00:00:00,P1D,fcre,1.6,ensemble,189,Chla_ugL_mean,22.0657979224625
vera4cast,chlorocast_xgboost,2026-10-17 00:00:00,2026-09-29 00:00:00,P1D,fcre,1.6,ensemble,189,Chla_ugL_mean,22.5654203259911
vera4cast,chlorocast_xgboost,2026-10-18 00:00:00,2026-09-29 00:00:00,P1D,fcre,1.6,ensemble,189,Chla_ugL_mean,22.0631493969428
vera4cast,chlorocast_xgboost,2026-10-19 00:00:00,2026-09-29 00:00:00,P1D,fcre,1.6,ensemble,189,Chla_ugL_mean,21.0084718613894
vera4cast,chlorocast_xgboost,2026-10-20 00:00:00,2026-09-29 00:00:00,P1D,fcre,1.6,ensemble,189,Chla_ugL_mean,21.9825853046114
vera4cast,chlorocast_xgboost,2026-10-21 00:00:00,2026-09-29 00:00:00,P1D,fcre,1.6,ensemble,189,Chla_ugL_mean,21.4976035543291
vera4cast,chlorocast_xgboost,2026-10-22 00:00:00,2026-09-29 00:00:00,P1D,fcre,1.6,ensemble,189,Chla_ugL_mean,21.0331538330913
vera4cast,chlorocast_xgboost,2026-10-23 00:00:00,2026-09-29 00:00:00,P1D,fcre,1.6,ensemble,189,Chla_ugL_mean,21.6057224835172
vera4cast,chlorocast_xgboost,2026-10-24 00:00:00,2026-09-29 00:00:00,P1D,fcre,1.6,ensemble,189,Chla_ugL_mean,20.6963399635567
vera4cast,chlorocast_xgboost,2026-10-25 00:00:00,2026-09-29 00:00:00,P1D,fcre,1.6,ensemble,189,Chla_ugL_mean,21.8606399903223
vera4cast,chlorocast_xgboost,2026-10-26 00:00:00,2026-09-29 00:00:00,P1D,fcre,1.6,ensemble,189,Chla_ugL_mean,21.3699558782125
vera4cast,chlorocast_xgboost,2026-10-27 00:00:00,2026-09-29 00:00:00,P1D,fcre,1.6,ensemble,189,Chla_ugL_mean,20.9023144303689
vera4cast,chlorocast_xgboost,2026-10-28 00:00:00,2026-09-29 00:00:00,P1D,fcre,1.6,ensemble,189,Chla_ugL_mean,20.5254792222086
vera4cast,chlorocast_xgboost,2026-10-29 00:00:00,2026-09-29 00:00:00,P1D,fcre,1.6,ensemble,189,Chla_ugL_mean,20.992797502209
vera4cast,chlorocast_xgboost,2026-10-30 00:00:00,2026-09-29 00:00:00,P1D,fcre,1.6,ensemble,189,Chla_ugL_mean,21.3581004934044
vera4cast,chlorocast_xgboost,2026-10-31 00:00:00,2026-09-29 00:00:00,P1D,fcre,1.6,ensemble,189,Chla_ugL_mean,20.5921354558296
vera4cast,chlorocast_xgboost,2026-11-01 00:00:00,2026-09-29 00:00:00,P1D,fcre,1.6,ensemble,189,Chla_ugL_mean,21.4008567261342
vera4cast,chlorocast_xgboost,2026-11-02 00:00:00,2026-09-29 00:00:00,P1D,fcre,1.6,ensemble,189,Chla_ugL_mean,20.7004823766562
vera4cast,chlorocast_xgboost,2026-11-03 00:00:00,2026-09-29 00:00:00,P1D,fcre,1.6,ensemble,189,Chla_ugL_mean,21.2296565713681
vera4cast,chlorocast_xgboost,2026-09-30 00:00:00,2026-09-29 00:00:00,P1D,fcre,1.6,ensemble,190,Chla_ugL_mean,23.3576352341381
vera4cast,chlorocast_xgboost,2026-10-01 00:00:00,2026-09-29 00:00:00,P1D,fcre,1.6,ensemble,190,Chla_ugL_mean,23.4985231245896
vera4cast,chlorocast_xgboost,2026-10-02 00:00:00,2026-09-29 00:00:00,P1D,fcre,1.6,ensemble,190,Chla_ugL_mean,25.3386282916224
vera4cast,chlorocast_xgboost,2026-10-03 00:00:00,2026-09-29 00:00:00,P1D,fcre,1.6,ensemble,190,Chla_ugL_mean,26.5488038119832
vera4cast,chlorocast_xgboost,2026-10-04 00:00:00,2026-09-29 00:00:00,P1D,fcre,1.6,ensemble,190,Chla_ugL_mean,26.4617567386702
vera4cast,chlorocast_xgboost,2026-10-05 00:00:00,2026-09-29 00:00:00,P1D,fcre,1.6,ensemble,190,Chla_ugL_mean,27.8273112151644
vera4cast,chlorocast_xgboost,2026-10-06 00:00:00,2026-09-29 00:00:00,P1D,fcre,1.6,ensemble,190,Chla_ugL_mean,26.8961999458718
vera4cast,chlorocast_xgboost,2026-10-07 00:00:00,2026-09-29 00:00:00,P1D,fcre,1.6,ensemble,190,Chla_ugL_mean,26.4781995684195
vera4cast,chlorocast_xgboost,2026-10-08 00:00:00,2026-09-29 00:00:00,P1D,fcre,1.6,ensemble,190,Chla_ugL_mean,26.2424759744663
vera4cast,chlorocast_xgboost,2026-10-09 00:00:00,2026-09-29 00:00:00,P1D,fcre,1.6,ensemble,190,Chla_ugL_mean,24.3452742112609
vera4cast,chlorocast_xgboost,2026-10-10 00:00:00,2026-09-29 00:00:00,P1D,fcre,1.6,ensemble,190,Chla_ugL_mean,23.3370603928606
vera4cast,chlorocast_xgboost,2026-10-11 00:00:00,2026-09-29 00:00:00,P1D,fcre,1.6,ensemble,190,Chla_ugL_mean,24.3342083464453
vera4cast,chlorocast_xgboost,2026-10-12 00:00:00,2026-09-29 00:00:00,P1D,fcre,1.6,ensemble,190,Chla_ugL_mean,24.0641465468154
vera4cast,chlorocast_xgboost,2026-10-13 00:00:00,2026-09-29 00:00:00,P1D,fcre,1.6,ensemble,190,Chla_ugL_mean,23.060412272819
vera4cast,chlorocast_xgboost,2026-10-14 00:00:00,2026-09-29 00:00:00,P1D,fcre,1.6,ensemble,190,Chla_ugL_mean,21.7309725177205
vera4cast,chlorocast_xgboost,2026-10-15 00:00:00,2026-09-29 00:00:00,P1D,fcre,1.6,ensemble,190,Chla_ugL_mean,21.7551992361347
vera4cast,chlorocast_xgboost,2026-10-16 00:00:00,2026-09-29 00:00:00,P1D,fcre,1.6,ensemble,190,Chla_ugL_mean,22.4638380616596
vera4cast,chlorocast_xgboost,2026-10-17 00:00:00,2026-09-29 00:00:00,P1D,fcre,1.6,ensemble,190,Chla_ugL_mean,22.9736647616286
vera4cast,chlorocast_xgboost,2026-10-18 00:00:00,2026-09-29 00:00:00,P1D,fcre,1.6,ensemble,190,Chla_ugL_mean,22.4550343873222
vera4cast,chlorocast_xgboost,2026-10-19 00:00:00,2026-09-29 00:00:00,P1D,fcre,1.6,ensemble,190,Chla_ugL_mean,21.3580996253896
vera4cast,chlorocast_xgboost,2026-10-20 00:00:00,2026-09-29 00:00:00,P1D,fcre,1.6,ensemble,190,Chla_ugL_mean,22.3945838847715
vera4cast,chlorocast_xgboost,2026-10-21 00:00:00,2026-09-29 00:00:00,P1D,fcre,1.6,ensemble,190,Chla_ugL_mean,21.8811042383658
vera4cast,chlorocast_xgboost,2026-10-22 00:00:00,2026-09-29 00:00:00,P1D,fcre,1.6,ensemble,190,Chla_ugL_mean,21.4048032062162
vera4cast,chlorocast_xgboost,2026-10-23 00:00:00,2026-09-29 00:00:00,P1D,fcre,1.6,ensemble,190,Chla_ugL_mean,22.0130866239548
vera4cast,chlorocast_xgboost,2026-10-24 00:00:00,2026-09-29 00:00:00,P1D,fcre,1.6,ensemble,190,Chla_ugL_mean,21.0445165601566
vera4cast,chlorocast_xgboost,2026-10-25 00:00:00,2026-09-29 00:00:00,P1D,fcre,1.6,ensemble,190,Chla_ugL_mean,22.2499455678513
vera4cast,chlorocast_xgboost,2026-10-26 00:00:00,2026-09-29 00:00:00,P1D,fcre,1.6,ensemble,190,Chla_ugL_mean,21.7565150006766
vera4cast,chlorocast_xgboost,2026-10-27 00:00:00,2026-09-29 00:00:00,P1D,fcre,1.6,ensemble,190,Chla_ugL_mean,21.257373466586
vera4cast,chlorocast_xgboost,2026-10-28 00:00:00,2026-09-29 00:00:00,P1D,fcre,1.6,ensemble,190,Chla_ugL_mean,20.8830438250486
vera4cast,chlorocast_xgboost,2026-10-29 00:00:00,2026-09-29 00:00:00,P1D,fcre,1.6,ensemble,190,Chla_ugL_mean,21.3742169558223
vera4cast,chlorocast_xgboost,2026-10-30 00:00:00,2026-09-29 00:00:00,P1D,fcre,1.6,ensemble,190,Chla_ugL_mean,21.7369740855515
vera4cast,chlorocast_xgboost,2026-10-31 00:00:00,2026-09-29 00:00:00,P1D,fcre,1.6,ensemble,190,Chla_ugL_mean,20.9154290432047
vera4cast,chlorocast_xgboost,2026-11-01 00:00:00,2026-09-29 00:00:00,P1D,fcre,1.6,ensemble,190,Chla_ugL_mean,21.7924063332828
vera4cast,chlorocast_xgboost,2026-11-02 00:00:00,2026-09-29 00:00:00,P1D,fcre,1.6,ensemble,190,Chla_ugL_mean,21.038277979804
vera4cast,chlorocast_xgboost,2026-11-03 00:00:00,2026-09-29 00:00:00,P1D,fcre,1.6,ensemble,190,Chla_ugL_mean,21.5927367271417
vera4cast,chlorocast_xgboost,2026-09-30 00:00:00,2026-09-29 00:00:00,P1D,fcre,1.6,ensemble,191,Chla_ugL_mean,23.8110526575234
vera4cast,chlorocast_xgboost,2026-10-01 00:00:00,2026-09-29 00:00:00,P1D,fcre,1.6,ensemble,191,Chla_ugL_mean,23.9275602170996
vera4cast,chlorocast_xgboost,2026-10-02 00:00:00,2026-09-29 00:00:00,P1D,fcre,1.6,ensemble,191,Chla_ugL_mean,25.8313553367249
vera4cast,chlorocast_xgboost,2026-10-03 00:00:00,2026-09-29 00:00:00,P1D,fcre,1.6,ensemble,191,Chla_ugL_mean,27.1057029207358
vera4cast,chlorocast_xgboost,2026-10-04 00:00:00,2026-09-29 00:00:00,P1D,fcre,1.6,ensemble,191,Chla_ugL_mean,26.9921171761063
vera4cast,chlorocast_xgboost,2026-10-05 00:00:00,2026-09-29 00:00:00,P1D,fcre,1.6,ensemble,191,Chla_ugL_mean,28.4381245668559
vera4cast,chlorocast_xgboost,2026-10-06 00:00:00,2026-09-29 00:00:00,P1D,fcre,1.6,ensemble,191,Chla_ugL_mean,27.4951394284456
vera4cast,chlorocast_xgboost,2026-10-07 00:00:00,2026-09-29 00:00:00,P1D,fcre,1.6,ensemble,191,Chla_ugL_mean,27.0861366890817
vera4cast,chlorocast_xgboost,2026-10-08 00:00:00,2026-09-29 00:00:00,P1D,fcre,1.6,ensemble,191,Chla_ugL_mean,26.8366347549944
vera4cast,chlorocast_xgboost,2026-10-09 00:00:00,2026-09-29 00:00:00,P1D,fcre,1.6,ensemble,191,Chla_ugL_mean,24.8448006190373
vera4cast,chlorocast_xgboost,2026-10-10 00:00:00,2026-09-29 00:00:00,P1D,fcre,1.6,ensemble,191,Chla_ugL_mean,23.7766089507317
vera4cast,chlorocast_xgboost,2026-10-11 00:00:00,2026-09-29 00:00:00,P1D,fcre,1.6,ensemble,191,Chla_ugL_mean,24.8328972343107
vera4cast,chlorocast_xgboost,2026-10-12 00:00:00,2026-09-29 00:00:00,P1D,fcre,1.6,ensemble,191,Chla_ugL_mean,24.5703726485274
vera4cast,chlorocast_xgboost,2026-10-13 00:00:00,2026-09-29 00:00:00,P1D,fcre,1.6,ensemble,191,Chla_ugL_mean,23.5132097933569
vera4cast,chlorocast_xgboost,2026-10-14 00:00:00,2026-09-29 00:00:00,P1D,fcre,1.6,ensemble,191,Chla_ugL_mean,22.1104297039431
vera4cast,chlorocast_xgboost,2026-10-15 00:00:00,2026-09-29 00:00:00,P1D,fcre,1.6,ensemble,191,Chla_ugL_mean,22.1401967776133
vera4cast,chlorocast_xgboost,2026-10-16 00:00:00,2026-09-29 00:00:00,P1D,fcre,1.6,ensemble,191,Chla_ugL_mean,22.9047969433776
vera4cast,chlorocast_xgboost,2026-10-17 00:00:00,2026-09-29 00:00:00,P1D,fcre,1.6,ensemble,191,Chla_ugL_mean,23.4259593992337
vera4cast,chlorocast_xgboost,2026-10-18 00:00:00,2026-09-29 00:00:00,P1D,fcre,1.6,ensemble,191,Chla_ugL_mean,22.889056372353
vera4cast,chlorocast_xgboost,2026-10-19 00:00:00,2026-09-29 00:00:00,P1D,fcre,1.6,ensemble,191,Chla_ugL_mean,21.7448810355678
vera4cast,chlorocast_xgboost,2026-10-20 00:00:00,2026-09-29 00:00:00,P1D,fcre,1.6,ensemble,191,Chla_ugL_mean,22.8513201575885
vera4cast,chlorocast_xgboost,2026-10-21 00:00:00,2026-09-29 00:00:00,P1D,fcre,1.6,ensemble,191,Chla_ugL_mean,22.3058641601349
vera4cast,chlorocast_xgboost,2026-10-22 00:00:00,2026-09-29 00:00:00,P1D,fcre,1.6,ensemble,191,Chla_ugL_mean,21.8163613103227
vera4cast,chlorocast_xgboost,2026-10-23 00:00:00,2026-09-29 00:00:00,P1D,fcre,1.6,ensemble,191,Chla_ugL_mean,22.4647286982825
vera4cast,chlorocast_xgboost,2026-10-24 00:00:00,2026-09-29 00:00:00,P1D,fcre,1.6,ensemble,191,Chla_ugL_mean,21.4297566040529
vera4cast,chlorocast_xgboost,2026-10-25 00:00:00,2026-09-29 00:00:00,P1D,fcre,1.6,ensemble,191,Chla_ugL_mean,22.6811274790469
vera4cast,chlorocast_xgboost,2026-10-26 00:00:00,2026-09-29 00:00:00,P1D,fcre,1.6,ensemble,191,Chla_ugL_mean,22.1847652794693
vera4cast,chlorocast_xgboost,2026-10-27 00:00:00,2026-09-29 00:00:00,P1D,fcre,1.6,ensemble,191,Chla_ugL_mean,21.6502945340935
vera4cast,chlorocast_xgboost,2026-10-28 00:00:00,2026-09-29 00:00:00,P1D,fcre,1.6,ensemble,191,Chla_ugL_mean,21.2789003852466
vera4cast,chlorocast_xgboost,2026-10-29 00:00:00,2026-09-29 00:00:00,P1D,fcre,1.6,ensemble,191,Chla_ugL_mean,21.7968004182656
vera4cast,chlorocast_xgboost,2026-10-30 00:00:00,2026-09-29 00:00:00,P1D,fcre,1.6,ensemble,191,Chla_ugL_mean,22.1565657596479
vera4cast,chlorocast_xgboost,2026-10-31 00:00:00,2026-09-29 00:00:00,P1D,fcre,1.6,ensemble,191,Chla_ugL_mean,21.2727420565815
vera4cast,chlorocast_xgboost,2026-11-01 00:00:00,2026-09-29 00:00:00,P1D,fcre,1.6,ensemble,191,Chla_ugL_mean,22.2262739262059
vera4cast,chlorocast_xgboost,2026-11-02 00:00:00,2026-09-29 00:00:00,P1D,fcre,1.6,ensemble,191,Chla_ugL_mean,21.4118470226949
vera4cast,chlorocast_xgboost,2026-11-03 00:00:00,2026-09-29 00:00:00,P1D,fcre,1.6,ensemble,191,Chla_ugL_mean,21.9945846775281
vera4cast,chlorocast_xgboost,2026-09-30 00:00:00,2026-09-29 00:00:00,P1D,fcre,1.6,ensemble,192,Chla_ugL_mean,24.3196349905636
vera4cast,chlorocast_xgboost,2026-10-01 00:00:00,2026-09-29 00:00:00,P1D,fcre,1.6,ensemble,192,Chla_ugL_mean,24.4082490312142
vera4cast,chlorocast_xgboost,2026-10-02 00:00:00,2026-09-29 00:00:00,P1D,fcre,1.6,ensemble,192,Chla_ugL_mean,26.3840825411716
vera4cast,chlorocast_xgboost,2026-10-03 00:00:00,2026-09-29 00:00:00,P1D,fcre,1.6,ensemble,192,Chla_ugL_mean,27.7313876948927
vera4cast,chlorocast_xgboost,2026-10-04 00:00:00,2026-09-29 00:00:00,P1D,fcre,1.6,ensemble,192,Chla_ugL_mean,27.5874317803495
vera4cast,chlorocast_xgboost,2026-10-05 00:00:00,2026-09-29 00:00:00,P1D,fcre,1.6,ensemble,192,Chla_ugL_mean,29.1250708472497
vera4cast,chlorocast_xgboost,2026-10-06 00:00:00,2026-09-29 00:00:00,P1D,fcre,1.6,ensemble,192,Chla_ugL_mean,28.1689269673336
vera4cast,chlorocast_xgboost,2026-10-07 00:00:00,2026-09-29 00:00:00,P1D,fcre,1.6,ensemble,192,Chla_ugL_mean,27.7705062920677
vera4cast,chlorocast_xgboost,2026-10-08 00:00:00,2026-09-29 00:00:00,P1D,fcre,1.6,ensemble,192,Chla_ugL_mean,27.5052776778185
vera4cast,chlorocast_xgboost,2026-10-09 00:00:00,2026-09-29 00:00:00,P1D,fcre,1.6,ensemble,192,Chla_ugL_mean,25.4057338079674
vera4cast,chlorocast_xgboost,2026-10-10 00:00:00,2026-09-29 00:00:00,P1D,fcre,1.6,ensemble,192,Chla_ugL_mean,24.269353347576
vera4cast,chlorocast_xgboost,2026-10-11 00:00:00,2026-09-29 00:00:00,P1D,fcre,1.6,ensemble,192,Chla_ugL_mean,25.3928758428265
vera4cast,chlorocast_xgboost,2026-10-12 00:00:00,2026-09-29 00:00:00,P1D,fcre,1.6,ensemble,192,Chla_ugL_mean,25.1391151021951
vera4cast,chlorocast_xgboost,2026-10-13 00:00:00,2026-09-29 00:00:00,P1D,fcre,1.6,ensemble,192,Chla_ugL_mean,24.0212037452618
vera4cast,chlorocast_xgboost,2026-10-14 00:00:00,2026-09-29 00:00:00,P1D,fcre,1.6,ensemble,192,Chla_ugL_mean,22.5352101022807
vera4cast,chlorocast_xgboost,2026-10-15 00:00:00,2026-09-29 00:00:00,P1D,fcre,1.6,ensemble,192,Chla_ugL_mean,22.5712797800728
vera4cast,chlorocast_xgboost,2026-10-16 00:00:00,2026-09-29 00:00:00,P1D,fcre,1.6,ensemble,192,Chla_ugL_mean,23.3994958210112
vera4cast,chlorocast_xgboost,2026-10-17 00:00:00,2026-09-29 00:00:00,P1D,fcre,1.6,ensemble,192,Chla_ugL_mean,23.933413817515
vera4cast,chlorocast_xgboost,2026-10-18 00:00:00,2026-09-29 00:00:00,P1D,fcre,1.6,ensemble,192,Chla_ugL_mean,23.3758280163302
vera4cast,chlorocast_xgboost,2026-10-19 00:00:00,2026-09-29 00:00:00,P1D,fcre,1.6,ensemble,192,Chla_ugL_mean,22.1781315545794
vera4cast,chlorocast_xgboost,2026-10-20 00:00:00,2026-09-29 00:00:00,P1D,fcre,1.6,ensemble,192,Chla_ugL_mean,23.3641049131514
vera4cast,chlorocast_xgboost,2026-10-21 00:00:00,2026-09-29 00:00:00,P1D,fcre,1.6,ensemble,192,Chla_ugL_mean,22.7822772218147
vera4cast,chlorocast_xgboost,2026-10-22 00:00:00,2026-09-29 00:00:00,P1D,fcre,1.6,ensemble,192,Chla_ugL_mean,22.2778745078674
vera4cast,chlorocast_xgboost,2026-10-23 00:00:00,2026-09-29 00:00:00,P1D,fcre,1.6,ensemble,192,Chla_ugL_mean,22.9718475551927
vera4cast,chlorocast_xgboost,2026-10-24 00:00:00,2026-09-29 00:00:00,P1D,fcre,1.6,ensemble,192,Chla_ugL_mean,21.8613590628381
vera4cast,chlorocast_xgboost,2026-10-25 00:00:00,2026-09-29 00:00:00,P1D,fcre,1.6,ensemble,192,Chla_ugL_mean,23.1647343605738
vera4cast,chlorocast_xgboost,2026-10-26 00:00:00,2026-09-29 00:00:00,P1D,fcre,1.6,ensemble,192,Chla_ugL_mean,22.6652194636527
vera4cast,chlorocast_xgboost,2026-10-27 00:00:00,2026-09-29 00:00:00,P1D,fcre,1.6,ensemble,192,Chla_ugL_mean,22.0905832826761
vera4cast,chlorocast_xgboost,2026-10-28 00:00:00,2026-09-29 00:00:00,P1D,fcre,1.6,ensemble,192,Chla_ugL_mean,21.7226781873979
vera4cast,chlorocast_xgboost,2026-10-29 00:00:00,2026-09-29 00:00:00,P1D,fcre,1.6,ensemble,192,Chla_ugL_mean,22.270930370411
vera4cast,chlorocast_xgboost,2026-10-30 00:00:00,2026-09-29 00:00:00,P1D,fcre,1.6,ensemble,192,Chla_ugL_mean,22.6271288806482
vera4cast,chlorocast_xgboost,2026-10-31 00:00:00,2026-09-29 00:00:00,P1D,fcre,1.6,ensemble,192,Chla_ugL_mean,21.6725724932392
vera4cast,chlorocast_xgboost,2026-11-01 00:00:00,2026-09-29 00:00:00,P1D,fcre,1.6,ensemble,192,Chla_ugL_mean,22.713138989159
vera4cast,chlorocast_xgboost,2026-11-02 00:00:00,2026-09-29 00:00:00,P1D,fcre,1.6,ensemble,192,Chla_ugL_mean,21.8301472438849
vera4cast,chlorocast_xgboost,2026-11-03 00:00:00,2026-09-29 00:00:00,P1D,fcre,1.6,ensemble,192,Chla_ugL_mean,22.444938318616
vera4cast,chlorocast_xgboost,2026-09-30 00:00:00,2026-09-29 00:00:00,P1D,fcre,1.6,ensemble,193,Chla_ugL_mean,24.8992906205639
vera4cast,chlorocast_xgboost,2026-10-01 00:00:00,2026-09-29 00:00:00,P1D,fcre,1.6,ensemble,193,Chla_ugL_mean,24.9554229977695
vera4cast,chlorocast_xgboost,2026-10-02 00:00:00,2026-09-29 00:00:00,P1D,fcre,1.6,ensemble,193,Chla_ugL_mean,27.0141187140872
vera4cast,chlorocast_xgboost,2026-10-03 00:00:00,2026-09-29 00:00:00,P1D,fcre,1.6,ensemble,193,Chla_ugL_mean,28.4458147974351
vera4cast,chlorocast_xgboost,2026-10-04 00:00:00,2026-09-29 00:00:00,P1D,fcre,1.6,ensemble,193,Chla_ugL_mean,28.2664813934637
vera4cast,chlorocast_xgboost,2026-10-05 00:00:00,2026-09-29 00:00:00,P1D,fcre,1.6,ensemble,193,Chla_ugL_mean,29.910319931973
vera4cast,chlorocast_xgboost,2026-10-06 00:00:00,2026-09-29 00:00:00,P1D,fcre,1.6,ensemble,193,Chla_ugL_mean,28.9393815420258
vera4cast,chlorocast_xgboost,2026-10-07 00:00:00,2026-09-29 00:00:00,P1D,fcre,1.6,ensemble,193,Chla_ugL_mean,28.5536445191267
vera4cast,chlorocast_xgboost,2026-10-08 00:00:00,2026-09-29 00:00:00,P1D,fcre,1.6,ensemble,193,Chla_ugL_mean,28.2701456017533
vera4cast,chlorocast_xgboost,2026-10-09 00:00:00,2026-09-29 00:00:00,P1D,fcre,1.6,ensemble,193,Chla_ugL_mean,26.0458555423859
vera4cast,chlorocast_xgboost,2026-10-10 00:00:00,2026-09-29 00:00:00,P1D,fcre,1.6,ensemble,193,Chla_ugL_mean,24.8306020750648
vera4cast,chlorocast_xgboost,2026-10-11 00:00:00,2026-09-29 00:00:00,P1D,fcre,1.6,ensemble,193,Chla_ugL_mean,26.0318903978908
vera4cast,chlorocast_xgboost,2026-10-12 00:00:00,2026-09-29 00:00:00,P1D,fcre,1.6,ensemble,193,Chla_ugL_mean,25.7885104458658
vera4cast,chlorocast_xgboost,2026-10-13 00:00:00,2026-09-29 00:00:00,P1D,fcre,1.6,ensemble,193,Chla_ugL_mean,24.6003238868144
vera4cast,chlorocast_xgboost,2026-10-14 00:00:00,2026-09-29 00:00:00,P1D,fcre,1.6,ensemble,193,Chla_ugL_mean,23.0182895837957
vera4cast,chlorocast_xgboost,2026-10-15 00:00:00,2026-09-29 00:00:00,P1D,fcre,1.6,ensemble,193,Chla_ugL_mean,23.061653565172
vera4cast,chlorocast_xgboost,2026-10-16 00:00:00,2026-09-29 00:00:00,P1D,fcre,1.6,ensemble,193,Chla_ugL_mean,23.9634425967767
vera4cast,chlorocast_xgboost,2026-10-17 00:00:00,2026-09-29 00:00:00,P1D,fcre,1.6,ensemble,193,Chla_ugL_mean,24.5119500312008
vera4cast,chlorocast_xgboost,2026-10-18 00:00:00,2026-09-29 00:00:00,P1D,fcre,1.6,ensemble,193,Chla_ugL_mean,23.9305548491086
vera4cast,chlorocast_xgboost,2026-10-19 00:00:00,2026-09-29 00:00:00,P1D,fcre,1.6,ensemble,193,Chla_ugL_mean,22.6711855298014
vera4cast,chlorocast_xgboost,2026-10-20 00:00:00,2026-09-29 00:00:00,P1D,fcre,1.6,ensemble,193,Chla_ugL_mean,23.9491569039011
vera4cast,chlorocast_xgboost,2026-10-21 00:00:00,2026-09-29 00:00:00,P1D,fcre,1.6,ensemble,193,Chla_ugL_mean,23.3252362102535
vera4cast,chlorocast_xgboost,2026-10-22 00:00:00,2026-09-29 00:00:00,P1D,fcre,1.6,ensemble,193,Chla_ugL_mean,22.8037354210234
vera4cast,chlorocast_xgboost,2026-10-23 00:00:00,2026-09-29 00:00:00,P1D,fcre,1.6,ensemble,193,Chla_ugL_mean,23.5505027236136
vera4cast,chlorocast_xgboost,2026-10-24 00:00:00,2026-09-29 00:00:00,P1D,fcre,1.6,ensemble,193,Chla_ugL_mean,22.3526365064298
vera4cast,chlorocast_xgboost,2026-10-25 00:00:00,2026-09-29 00:00:00,P1D,fcre,1.6,ensemble,193,Chla_ugL_mean,23.7158804921272
vera4cast,chlorocast_xgboost,2026-10-26 00:00:00,2026-09-29 00:00:00,P1D,fcre,1.6,ensemble,193,Chla_ugL_mean,23.2129436424344
vera4cast,chlorocast_xgboost,2026-10-27 00:00:00,2026-09-29 00:00:00,P1D,fcre,1.6,ensemble,193,Chla_ugL_mean,22.5918500672509
vera4cast,chlorocast_xgboost,2026-10-28 00:00:00,2026-09-29 00:00:00,P1D,fcre,1.6,ensemble,193,Chla_ugL_mean,22.2281693177645
vera4cast,chlorocast_xgboost,2026-10-29 00:00:00,2026-09-29 00:00:00,P1D,fcre,1.6,ensemble,193,Chla_ugL_mean,22.8114870081155
vera4cast,chlorocast_xgboost,2026-10-30 00:00:00,2026-09-29 00:00:00,P1D,fcre,1.6,ensemble,193,Chla_ugL_mean,23.1633536052273
vera4cast,chlorocast_xgboost,2026-10-31 00:00:00,2026-09-29 00:00:00,P1D,fcre,1.6,ensemble,193,Chla_ugL_mean,22.1270751136624
vera4cast,chlorocast_xgboost,2026-11-01 00:00:00,2026-09-29 00:00:00,P1D,fcre,1.6,ensemble,193,Chla_ugL_mean,23.2683091689617
vera4cast,chlorocast_xgboost,2026-11-02 00:00:00,2026-09-29 00:00:00,P1D,fcre,1.6,ensemble,193,Chla_ugL_mean,22.3059974454538
vera4cast,chlorocast_xgboost,2026-11-03 00:00:00,2026-09-29 00:00:00,P1D,fcre,1.6,ensemble,193,Chla_ugL_mean,22.9577419919466
vera4cast,chlorocast_xgboost,2026-09-30 00:00:00,2026-09-29 00:00:00,P1D,fcre,1.6,ensemble,194,Chla_ugL_mean,25.5739818516848
vera4cast,chlorocast_xgboost,2026-10-01 00:00:00,2026-09-29 00:00:00,P1D,fcre,1.6,ensemble,194,Chla_ugL_mean,25.591403484735
vera4cast,chlorocast_xgboost,2026-10-02 00:00:00,2026-09-29 00:00:00,P1D,fcre,1.6,ensemble,194,Chla_ugL_mean,27.747537703685
vera4cast,chlorocast_xgboost,2026-10-03 00:00:00,2026-09-29 00:00:00,P1D,fcre,1.6,ensemble,194,Chla_ugL_mean,29.2790870058894
vera4cast,chlorocast_xgboost,2026-10-04 00:00:00,2026-09-29 00:00:00,P1D,fcre,1.6,ensemble,194,Chla_ugL_mean,29.0575724990046
vera4cast,chlorocast_xgboost,2026-10-05 00:00:00,2026-09-29 00:00:00,P1D,fcre,1.6,ensemble,194,Chla_ugL_mean,30.8273419949594
vera4cast,chlorocast_xgboost,2026-10-06 00:00:00,2026-09-29 00:00:00,P1D,fcre,1.6,ensemble,194,Chla_ugL_mean,29.8394518345535
vera4cast,chlorocast_xgboost,2026-10-07 00:00:00,2026-09-29 00:00:00,P1D,fcre,1.6,ensemble,194,Chla_ugL_mean,29.4693006856788
vera4cast,chlorocast_xgboost,2026-10-08 00:00:00,2026-09-29 00:00:00,P1D,fcre,1.6,ensemble,194,Chla_ugL_mean,29.1640791795046
vera4cast,chlorocast_xgboost,2026-10-09 00:00:00,2026-09-29 00:00:00,P1D,fcre,1.6,ensemble,194,Chla_ugL_mean,26.7919759155022
vera4cast,chlorocast_xgboost,2026-10-10 00:00:00,2026-09-29 00:00:00,P1D,fcre,1.6,ensemble,194,Chla_ugL_mean,25.4834025321501
vera4cast,chlorocast_xgboost,2026-10-11 00:00:00,2026-09-29 00:00:00,P1D,fcre,1.6,ensemble,194,Chla_ugL_mean,26.7766968298439
vera4cast,chlorocast_xgboost,2026-10-12 00:00:00,2026-09-29 00:00:00,P1D,fcre,1.6,ensemble,194,Chla_ugL_mean,26.5459155350771
vera4cast,chlorocast_xgboost,2026-10-13 00:00:00,2026-09-29 00:00:00,P1D,fcre,1.6,ensemble,194,Chla_ugL_mean,25.2745690511742
vera4cast,chlorocast_xgboost,2026-10-14 00:00:00,2026-09-29 00:00:00,P1D,fcre,1.6,ensemble,194,Chla_ugL_mean,23.5791801490215
vera4cast,chlorocast_xgboost,2026-10-15 00:00:00,2026-09-29 00:00:00,P1D,fcre,1.6,ensemble,194,Chla_ugL_mean,23.6311791128694
vera4cast,chlorocast_xgboost,2026-10-16 00:00:00,2026-09-29 00:00:00,P1D,fcre,1.6,ensemble,194,Chla_ugL_mean,24.6200000210849
vera4cast,chlorocast_xgboost,2026-10-17 00:00:00,2026-09-29 00:00:00,P1D,fcre,1.6,ensemble,194,Chla_ugL_mean,25.185556208566
vera4cast,chlorocast_xgboost,2026-10-18 00:00:00,2026-09-29 00:00:00,P1D,fcre,1.6,ensemble,194,Chla_ugL_mean,24.5761382412253
vera4cast,chlorocast_xgboost,2026-10-19 00:00:00,2026-09-29 00:00:00,P1D,fcre,1.6,ensemble,194,Chla_ugL_mean,23.2441047267578
vera4cast,chlorocast_xgboost,2026-10-20 00:00:00,2026-09-29 00:00:00,P1D,fcre,1.6,ensemble,194,Chla_ugL_mean,24.6309255952541
vera4cast,chlorocast_xgboost,2026-10-21 00:00:00,2026-09-29 00:00:00,P1D,fcre,1.6,ensemble,194,Chla_ugL_mean,23.9571726455712
vera4cast,chlorocast_xgboost,2026-10-22 00:00:00,2026-09-29 00:00:00,P1D,fcre,1.6,ensemble,194,Chla_ugL_mean,23.4156184889464
vera4cast,chlorocast_xgboost,2026-10-23 00:00:00,2026-09-29 00:00:00,P1D,fcre,1.6,ensemble,194,Chla_ugL_mean,24.224905839327
vera4cast,chlorocast_xgboost,2026-10-24 00:00:00,2026-09-29 00:00:00,P1D,fcre,1.6,ensemble,194,Chla_ugL_mean,22.9236210506877
vera4cast,chlorocast_xgboost,2026-10-25 00:00:00,2026-09-29 00:00:00,P1D,fcre,1.6,ensemble,194,Chla_ugL_mean,24.3573306380039
vera4cast,chlorocast_xgboost,2026-10-26 00:00:00,2026-09-29 00:00:00,P1D,fcre,1.6,ensemble,194,Chla_ugL_mean,23.8506354882438
vera4cast,chlorocast_xgboost,2026-10-27 00:00:00,2026-09-29 00:00:00,P1D,fcre,1.6,ensemble,194,Chla_ugL_mean,23.1745783153981
vera4cast,chlorocast_xgboost,2026-10-28 00:00:00,2026-09-29 00:00:00,P1D,fcre,1.6,ensemble,194,Chla_ugL_mean,22.8161387092039
vera4cast,chlorocast_xgboost,2026-10-29 00:00:00,2026-09-29 00:00:00,P1D,fcre,1.6,ensemble,194,Chla_ugL_mean,23.4408893036194
vera4cast,chlorocast_xgboost,2026-10-30 00:00:00,2026-09-29 00:00:00,P1D,fcre,1.6,ensemble,194,Chla_ugL_mean,23.78736410517
vera4cast,chlorocast_xgboost,2026-10-31 00:00:00,2026-09-29 00:00:00,P1D,fcre,1.6,ensemble,194,Chla_ugL_mean,22.6545209371725
vera4cast,chlorocast_xgboost,2026-11-01 00:00:00,2026-09-29 00:00:00,P1D,fcre,1.6,ensemble,194,Chla_ugL_mean,23.9148504842993
vera4cast,chlorocast_xgboost,2026-11-02 00:00:00,2026-09-29 00:00:00,P1D,fcre,1.6,ensemble,194,Chla_ugL_mean,22.8586778176696
vera4cast,chlorocast_xgboost,2026-11-03 00:00:00,2026-09-29 00:00:00,P1D,fcre,1.6,ensemble,194,Chla_ugL_mean,23.5539842384621
vera4cast,chlorocast_xgboost,2026-09-30 00:00:00,2026-09-29 00:00:00,P1D,fcre,1.6,ensemble,195,Chla_ugL_mean,26.3822820535593
vera4cast,chlorocast_xgboost,2026-10-01 00:00:00,2026-09-29 00:00:00,P1D,fcre,1.6,ensemble,195,Chla_ugL_mean,26.3520820511426
vera4cast,chlorocast_xgboost,2026-10-02 00:00:00,2026-09-29 00:00:00,P1D,fcre,1.6,ensemble,195,Chla_ugL_mean,28.626315896356
vera4cast,chlorocast_xgboost,2026-10-03 00:00:00,2026-09-29 00:00:00,P1D,fcre,1.6,ensemble,195,Chla_ugL_mean,30.2797415751171
vera4cast,chlorocast_xgboost,2026-10-04 00:00:00,2026-09-29 00:00:00,P1D,fcre,1.6,ensemble,195,Chla_ugL_mean,30.0063039668026
vera4cast,chlorocast_xgboost,2026-10-05 00:00:00,2026-09-29 00:00:00,P1D,fcre,1.6,ensemble,195,Chla_ugL_mean,31.9301576604852
vera4cast,chlorocast_xgboost,2026-10-06 00:00:00,2026-09-29 00:00:00,P1D,fcre,1.6,ensemble,195,Chla_ugL_mean,30.9223321388201
vera4cast,chlorocast_xgboost,2026-10-07 00:00:00,2026-09-29 00:00:00,P1D,fcre,1.6,ensemble,195,Chla_ugL_mean,30.5719982560448
vera4cast,chlorocast_xgboost,2026-10-08 00:00:00,2026-09-29 00:00:00,P1D,fcre,1.6,ensemble,195,Chla_ugL_mean,30.2401167764043
vera4cast,chlorocast_xgboost,2026-10-09 00:00:00,2026-09-29 00:00:00,P1D,fcre,1.6,ensemble,195,Chla_ugL_mean,27.6873007447399
vera4cast,chlorocast_xgboost,2026-10-10 00:00:00,2026-09-29 00:00:00,P1D,fcre,1.6,ensemble,195,Chla_ugL_mean,26.2648343753708
vera4cast,chlorocast_xgboost,2026-10-11 00:00:00,2026-09-29 00:00:00,P1D,fcre,1.6,ensemble,195,Chla_ugL_mean,27.6704125926421
vera4cast,chlorocast_xgboost,2026-10-12 00:00:00,2026-09-29 00:00:00,P1D,fcre,1.6,ensemble,195,Chla_ugL_mean,27.4554393401099
vera4cast,chlorocast_xgboost,2026-10-13 00:00:00,2026-09-29 00:00:00,P1D,fcre,1.6,ensemble,195,Chla_ugL_mean,26.0825794557863
vera4cast,chlorocast_xgboost,2026-10-14 00:00:00,2026-09-29 00:00:00,P1D,fcre,1.6,ensemble,195,Chla_ugL_mean,24.2492299306737
vera4cast,chlorocast_xgboost,2026-10-15 00:00:00,2026-09-29 00:00:00,P1D,fcre,1.6,ensemble,195,Chla_ugL_mean,24.3117725441383
vera4cast,chlorocast_xgboost,2026-10-16 00:00:00,2026-09-29 00:00:00,P1D,fcre,1.6,ensemble,195,Chla_ugL_mean,25.4067831625566
vera4cast,chlorocast_xgboost,2026-10-17 00:00:00,2026-09-29 00:00:00,P1D,fcre,1.6,ensemble,195,Chla_ugL_mean,25.9928572521011
vera4cast,chlorocast_xgboost,2026-10-18 00:00:00,2026-09-29 00:00:00,P1D,fcre,1.6,ensemble,195,Chla_ugL_mean,25.3494395667765
vera4cast,chlorocast_xgboost,2026-10-19 00:00:00,2026-09-29 00:00:00,P1D,fcre,1.6,ensemble,195,Chla_ugL_mean,23.9291403859676
vera4cast,chlorocast_xgboost,2026-10-20 00:00:00,2026-09-29 00:00:00,P1D,fcre,1.6,ensemble,195,Chla_ugL_mean,25.4488050593064
vera4cast,chlorocast_xgboost,2026-10-21 00:00:00,2026-09-29 00:00:00,P1D,fcre,1.6,ensemble,195,Chla_ugL_mean,24.7141938291773
vera4cast,chlorocast_xgboost,2026-10-22 00:00:00,2026-09-29 00:00:00,P1D,fcre,1.6,ensemble,195,Chla_ugL_mean,24.1484054448797
vera4cast,chlorocast_xgboost,2026-10-23 00:00:00,2026-09-29 00:00:00,P1D,fcre,1.6,ensemble,195,Chla_ugL_mean,25.0340718491784
vera4cast,chlorocast_xgboost,2026-10-24 00:00:00,2026-09-29 00:00:00,P1D,fcre,1.6,ensemble,195,Chla_ugL_mean,23.6065220408626
vera4cast,chlorocast_xgboost,2026-10-25 00:00:00,2026-09-29 00:00:00,P1D,fcre,1.6,ensemble,195,Chla_ugL_mean,25.1257278291136
vera4cast,chlorocast_xgboost,2026-10-26 00:00:00,2026-09-29 00:00:00,P1D,fcre,1.6,ensemble,195,Chla_ugL_mean,24.6148402214497
vera4cast,chlorocast_xgboost,2026-10-27 00:00:00,2026-09-29 00:00:00,P1D,fcre,1.6,ensemble,195,Chla_ugL_mean,23.8717089932984
vera4cast,chlorocast_xgboost,2026-10-28 00:00:00,2026-09-29 00:00:00,P1D,fcre,1.6,ensemble,195,Chla_ugL_mean,23.5199948666608
vera4cast,chlorocast_xgboost,2026-10-29 00:00:00,2026-09-29 00:00:00,P1D,fcre,1.6,ensemble,195,Chla_ugL_mean,24.195236259818
vera4cast,chlorocast_xgboost,2026-10-30 00:00:00,2026-09-29 00:00:00,P1D,fcre,1.6,ensemble,195,Chla_ugL_mean,24.5347689736328
vera4cast,chlorocast_xgboost,2026-10-31 00:00:00,2026-09-29 00:00:00,P1D,fcre,1.6,ensemble,195,Chla_ugL_mean,23.2842527327994
vera4cast,chlorocast_xgboost,2026-11-01 00:00:00,2026-09-29 00:00:00,P1D,fcre,1.6,ensemble,195,Chla_ugL_mean,24.6899094411076
vera4cast,chlorocast_xgboost,2026-11-02 00:00:00,2026-09-29 00:00:00,P1D,fcre,1.6,ensemble,195,Chla_ugL_mean,23.5191721677558
vera4cast,chlorocast_xgboost,2026-11-03 00:00:00,2026-09-29 00:00:00,P1D,fcre,1.6,ensemble,195,Chla_ugL_mean,24.2674229069808
vera4cast,chlorocast_xgboost,2026-09-30 00:00:00,2026-09-29 00:00:00,P1D,fcre,1.6,ensemble,196,Chla_ugL_mean,27.392345786121
vera4cast,chlorocast_xgboost,2026-10-01 00:00:00,2026-09-29 00:00:00,P1D,fcre,1.6,ensemble,196,Chla_ugL_mean,27.3007904546291
vera4cast,chlorocast_xgboost,2026-10-02 00:00:00,2026-09-29 00:00:00,P1D,fcre,1.6,ensemble,196,Chla_ugL_mean,29.724628863947
vera4cast,chlorocast_xgboost,2026-10-03 00:00:00,2026-09-29 00:00:00,P1D,fcre,1.6,ensemble,196,Chla_ugL_mean,31.5337043744138
vera4cast,chlorocast_xgboost,2026-10-04 00:00:00,2026-09-29 00:00:00,P1D,fcre,1.6,ensemble,196,Chla_ugL_mean,31.1933116148522
vera4cast,chlorocast_xgboost,2026-10-05 00:00:00,2026-09-29 00:00:00,P1D,fcre,1.6,ensemble,196,Chla_ugL_mean,33.3145131377251
vera4cast,chlorocast_xgboost,2026-10-06 00:00:00,2026-09-29 00:00:00,P1D,fcre,1.6,ensemble,196,Chla_ugL_mean,32.2823363407246
vera4cast,chlorocast_xgboost,2026-10-07 00:00:00,2026-09-29 00:00:00,P1D,fcre,1.6,ensemble,196,Chla_ugL_mean,31.9584846708226
vera4cast,chlorocast_xgboost,2026-10-08 00:00:00,2026-09-29 00:00:00,P1D,fcre,1.6,ensemble,196,Chla_ugL_mean,31.5923346653579
vera4cast,chlorocast_xgboost,2026-10-09 00:00:00,2026-09-29 00:00:00,P1D,fcre,1.6,ensemble,196,Chla_ugL_mean,28.808270704896
vera4cast,chlorocast_xgboost,2026-10-10 00:00:00,2026-09-29 00:00:00,P1D,fcre,1.6,ensemble,196,Chla_ugL_mean,27.2403690976347
vera4cast,chlorocast_xgboost,2026-10-11 00:00:00,2026-09-29 00:00:00,P1D,fcre,1.6,ensemble,196,Chla_ugL_mean,28.7893197669
vera4cast,chlorocast_xgboost,2026-10-12 00:00:00,2026-09-29 00:00:00,P1D,fcre,1.6,ensemble,196,Chla_ugL_mean,28.5951666209222
vera4cast,chlorocast_xgboost,2026-10-13 00:00:00,2026-09-29 00:00:00,P1D,fcre,1.6,ensemble,196,Chla_ugL_mean,27.0926446324433
vera4cast,chlorocast_xgboost,2026-10-14 00:00:00,2026-09-29 00:00:00,P1D,fcre,1.6,ensemble,196,Chla_ugL_mean,25.083699064472
vera4cast,chlorocast_xgboost,2026-10-15 00:00:00,2026-09-29 00:00:00,P1D,fcre,1.6,ensemble,196,Chla_ugL_mean,25.1597105378057
vera4cast,chlorocast_xgboost,2026-10-16 00:00:00,2026-09-29 00:00:00,P1D,fcre,1.6,ensemble,196,Chla_ugL_mean,26.3902676938751
vera4cast,chlorocast_xgboost,2026-10-17 00:00:00,2026-09-29 00:00:00,P1D,fcre,1.6,ensemble,196,Chla_ugL_mean,27.002119517821
vera4cast,chlorocast_xgboost,2026-10-18 00:00:00,2026-09-29 00:00:00,P1D,fcre,1.6,ensemble,196,Chla_ugL_mean,26.3155797876862
vera4cast,chlorocast_xgboost,2026-10-19 00:00:00,2026-09-29 00:00:00,P1D,fcre,1.6,ensemble,196,Chla_ugL_mean,24.7831861663475
vera4cast,chlorocast_xgboost,2026-10-20 00:00:00,2026-09-29 00:00:00,P1D,fcre,1.6,ensemble,196,Chla_ugL_mean,26.4724764723447
vera4cast,chlorocast_xgboost,2026-10-21 00:00:00,2026-09-29 00:00:00,P1D,fcre,1.6,ensemble,196,Chla_ugL_mean,25.6600931214978
vera4cast,chlorocast_xgboost,2026-10-22 00:00:00,2026-09-29 00:00:00,P1D,fcre,1.6,ensemble,196,Chla_ugL_mean,25.0637098568308
vera4cast,chlorocast_xgboost,2026-10-23 00:00:00,2026-09-29 00:00:00,P1D,fcre,1.6,ensemble,196,Chla_ugL_mean,26.0470198736667
vera4cast,chlorocast_xgboost,2026-10-24 00:00:00,2026-09-29 00:00:00,P1D,fcre,1.6,ensemble,196,Chla_ugL_mean,24.4581713032221
vera4cast,chlorocast_xgboost,2026-10-25 00:00:00,2026-09-29 00:00:00,P1D,fcre,1.6,ensemble,196,Chla_ugL_mean,26.0858105067087
vera4cast,chlorocast_xgboost,2026-10-26 00:00:00,2026-09-29 00:00:00,P1D,fcre,1.6,ensemble,196,Chla_ugL_mean,25.5701448181688
vera4cast,chlorocast_xgboost,2026-10-27 00:00:00,2026-09-29 00:00:00,P1D,fcre,1.6,ensemble,196,Chla_ugL_mean,24.7413773188915
vera4cast,chlorocast_xgboost,2026-10-28 00:00:00,2026-09-29 00:00:00,P1D,fcre,1.6,ensemble,196,Chla_ugL_mean,24.3987291863571
vera4cast,chlorocast_xgboost,2026-10-29 00:00:00,2026-09-29 00:00:00,P1D,fcre,1.6,ensemble,196,Chla_ugL_mean,25.1383315140388
vera4cast,chlorocast_xgboost,2026-10-30 00:00:00,2026-09-29 00:00:00,P1D,fcre,1.6,ensemble,196,Chla_ugL_mean,25.468472131057
vera4cast,chlorocast_xgboost,2026-10-31 00:00:00,2026-09-29 00:00:00,P1D,fcre,1.6,ensemble,196,Chla_ugL_mean,24.0679713708631
vera4cast,chlorocast_xgboost,2026-11-01 00:00:00,2026-09-29 00:00:00,P1D,fcre,1.6,ensemble,196,Chla_ugL_mean,25.6591528994025
vera4cast,chlorocast_xgboost,2026-11-02 00:00:00,2026-09-29 00:00:00,P1D,fcre,1.6,ensemble,196,Chla_ugL_mean,24.3421153499921
vera4cast,chlorocast_xgboost,2026-11-03 00:00:00,2026-09-29 00:00:00,P1D,fcre,1.6,ensemble,196,Chla_ugL_mean,25.1576444440659
vera4cast,chlorocast_xgboost,2026-09-30 00:00:00,2026-09-29 00:00:00,P1D,fcre,1.6,ensemble,197,Chla_ugL_mean,28.7428532671614
vera4cast,chlorocast_xgboost,2026-10-01 00:00:00,2026-09-29 00:00:00,P1D,fcre,1.6,ensemble,197,Chla_ugL_mean,28.5661826608469
vera4cast,chlorocast_xgboost,2026-10-02 00:00:00,2026-09-29 00:00:00,P1D,fcre,1.6,ensemble,197,Chla_ugL_mean,31.1934292574439
vera4cast,chlorocast_xgboost,2026-10-03 00:00:00,2026-09-29 00:00:00,P1D,fcre,1.6,ensemble,197,Chla_ugL_mean,33.2162375774315
vera4cast,chlorocast_xgboost,2026-10-04 00:00:00,2026-09-29 00:00:00,P1D,fcre,1.6,ensemble,197,Chla_ugL_mean,32.7828444568465
vera4cast,chlorocast_xgboost,2026-10-05 00:00:00,2026-09-29 00:00:00,P1D,fcre,1.6,ensemble,197,Chla_ugL_mean,35.1759877681207
vera4cast,chlorocast_xgboost,2026-10-06 00:00:00,2026-09-29 00:00:00,P1D,fcre,1.6,ensemble,197,Chla_ugL_mean,34.1121998335219
vera4cast,chlorocast_xgboost,2026-10-07 00:00:00,2026-09-29 00:00:00,P1D,fcre,1.6,ensemble,197,Chla_ugL_mean,33.826663698754
vera4cast,chlorocast_xgboost,2026-10-08 00:00:00,2026-09-29 00:00:00,P1D,fcre,1.6,ensemble,197,Chla_ugL_mean,33.4130812462312
vera4cast,chlorocast_xgboost,2026-10-09 00:00:00,2026-09-29 00:00:00,P1D,fcre,1.6,ensemble,197,Chla_ugL_mean,30.3106824021128
vera4cast,chlorocast_xgboost,2026-10-10 00:00:00,2026-09-29 00:00:00,P1D,fcre,1.6,ensemble,197,Chla_ugL_mean,28.54311671038
vera4cast,chlorocast_xgboost,2026-10-11 00:00:00,2026-09-29 00:00:00,P1D,fcre,1.6,ensemble,197,Chla_ugL_mean,30.2888860044287
vera4cast,chlorocast_xgboost,2026-10-12 00:00:00,2026-09-29 00:00:00,P1D,fcre,1.6,ensemble,197,Chla_ugL_mean,30.1243618522989
vera4cast,chlorocast_xgboost,2026-10-13 00:00:00,2026-09-29 00:00:00,P1D,fcre,1.6,ensemble,197,Chla_ugL_mean,28.4437620494066
vera4cast,chlorocast_xgboost,2026-10-14 00:00:00,2026-09-29 00:00:00,P1D,fcre,1.6,ensemble,197,Chla_ugL_mean,26.1947069567151
vera4cast,chlorocast_xgboost,2026-10-15 00:00:00,2026-09-29 00:00:00,P1D,fcre,1.6,ensemble,197,Chla_ugL_mean,26.2892135748405
vera4cast,chlorocast_xgboost,2026-10-16 00:00:00,2026-09-29 00:00:00,P1D,fcre,1.6,ensemble,197,Chla_ugL_mean,27.7057538326338
vera4cast,chlorocast_xgboost,2026-10-17 00:00:00,2026-09-29 00:00:00,P1D,fcre,1.6,ensemble,197,Chla_ugL_mean,28.3523031354819
vera4cast,chlorocast_xgboost,2026-10-18 00:00:00,2026-09-29 00:00:00,P1D,fcre,1.6,ensemble,197,Chla_ugL_mean,27.6070443937737
vera4cast,chlorocast_xgboost,2026-10-19 00:00:00,2026-09-29 00:00:00,P1D,fcre,1.6,ensemble,197,Chla_ugL_mean,25.9217805534785
vera4cast,chlorocast_xgboost,2026-10-20 00:00:00,2026-09-29 00:00:00,P1D,fcre,1.6,ensemble,197,Chla_ugL_mean,27.8439199968226
vera4cast,chlorocast_xgboost,2026-10-21 00:00:00,2026-09-29 00:00:00,P1D,fcre,1.6,ensemble,197,Chla_ugL_mean,26.9246666350879
vera4cast,chlorocast_xgboost,2026-10-22 00:00:00,2026-09-29 00:00:00,P1D,fcre,1.6,ensemble,197,Chla_ugL_mean,26.286856149598
vera4cast,chlorocast_xgboost,2026-10-23 00:00:00,2026-09-29 00:00:00,P1D,fcre,1.6,ensemble,197,Chla_ugL_mean,27.4044027238837
vera4cast,chlorocast_xgboost,2026-10-24 00:00:00,2026-09-29 00:00:00,P1D,fcre,1.6,ensemble,197,Chla_ugL_mean,25.5940122158616
vera4cast,chlorocast_xgboost,2026-10-25 00:00:00,2026-09-29 00:00:00,P1D,fcre,1.6,ensemble,197,Chla_ugL_mean,27.3692940612792
vera4cast,chlorocast_xgboost,2026-10-26 00:00:00,2026-09-29 00:00:00,P1D,fcre,1.6,ensemble,197,Chla_ugL_mean,26.8480104354118
vera4cast,chlorocast_xgboost,2026-10-27 00:00:00,2026-09-29 00:00:00,P1D,fcre,1.6,ensemble,197,Chla_ugL_mean,25.9017057685284
vera4cast,chlorocast_xgboost,2026-10-28 00:00:00,2026-09-29 00:00:00,P1D,fcre,1.6,ensemble,197,Chla_ugL_mean,25.572282179534
vera4cast,chlorocast_xgboost,2026-10-29 00:00:00,2026-09-29 00:00:00,P1D,fcre,1.6,ensemble,197,Chla_ugL_mean,26.4000551230706
vera4cast,chlorocast_xgboost,2026-10-30 00:00:00,2026-09-29 00:00:00,P1D,fcre,1.6,ensemble,197,Chla_ugL_mean,26.7164389462206
vera4cast,chlorocast_xgboost,2026-10-31 00:00:00,2026-09-29 00:00:00,P1D,fcre,1.6,ensemble,197,Chla_ugL_mean,25.1105136830194
vera4cast,chlorocast_xgboost,2026-11-01 00:00:00,2026-09-29 00:00:00,P1D,fcre,1.6,ensemble,197,Chla_ugL_mean,26.9562835646715
vera4cast,chlorocast_xgboost,2026-11-02 00:00:00,2026-09-29 00:00:00,P1D,fcre,1.6,ensemble,197,Chla_ugL_mean,25.4384008401161
vera4cast,chlorocast_xgboost,2026-11-03 00:00:00,2026-09-29 00:00:00,P1D,fcre,1.6,ensemble,197,Chla_ugL_mean,26.3457441681965
vera4cast,chlorocast_xgboost,2026-09-30 00:00:00,2026-09-29 00:00:00,P1D,fcre,1.6,ensemble,198,Chla_ugL_mean,30.794327187908
vera4cast,chlorocast_xgboost,2026-10-01 00:00:00,2026-09-29 00:00:00,P1D,fcre,1.6,ensemble,198,Chla_ugL_mean,30.4819683067736
vera4cast,chlorocast_xgboost,2026-10-02 00:00:00,2026-09-29 00:00:00,P1D,fcre,1.6,ensemble,198,Chla_ugL_mean,33.4252177722395
vera4cast,chlorocast_xgboost,2026-10-03 00:00:00,2026-09-29 00:00:00,P1D,fcre,1.6,ensemble,198,Chla_ugL_mean,35.78445153552
vera4cast,chlorocast_xgboost,2026-10-04 00:00:00,2026-09-29 00:00:00,P1D,fcre,1.6,ensemble,198,Chla_ugL_mean,35.2025021424467
vera4cast,chlorocast_xgboost,2026-10-05 00:00:00,2026-09-29 00:00:00,P1D,fcre,1.6,ensemble,198,Chla_ugL_mean,38.0256964571866
vera4cast,chlorocast_xgboost,2026-10-06 00:00:00,2026-09-29 00:00:00,P1D,fcre,1.6,ensemble,198,Chla_ugL_mean,36.9158950315814
vera4cast,chlorocast_xgboost,2026-10-07 00:00:00,2026-09-29 00:00:00,P1D,fcre,1.6,ensemble,198,Chla_ugL_mean,36.6947143405398
vera4cast,chlorocast_xgboost,2026-10-08 00:00:00,2026-09-29 00:00:00,P1D,fcre,1.6,ensemble,198,Chla_ugL_mean,36.2056662114451
vera4cast,chlorocast_xgboost,2026-10-09 00:00:00,2026-09-29 00:00:00,P1D,fcre,1.6,ensemble,198,Chla_ugL_mean,32.6004581459501
vera4cast,chlorocast_xgboost,2026-10-10 00:00:00,2026-09-29 00:00:00,P1D,fcre,1.6,ensemble,198,Chla_ugL_mean,30.5187296897409
vera4cast,chlorocast_xgboost,2026-10-11 00:00:00,2026-09-29 00:00:00,P1D,fcre,1.6,ensemble,198,Chla_ugL_mean,32.5741563633573
vera4cast,chlorocast_xgboost,2026-10-12 00:00:00,2026-09-29 00:00:00,P1D,fcre,1.6,ensemble,198,Chla_ugL_mean,32.4583959026005
vera4cast,chlorocast_xgboost,2026-10-13 00:00:00,2026-09-29 00:00:00,P1D,fcre,1.6,ensemble,198,Chla_ugL_mean,30.4974292343279
vera4cast,chlorocast_xgboost,2026-10-14 00:00:00,2026-09-29 00:00:00,P1D,fcre,1.6,ensemble,198,Chla_ugL_mean,27.8725920576165
vera4cast,chlorocast_xgboost,2026-10-15 00:00:00,2026-09-29 00:00:00,P1D,fcre,1.6,ensemble,198,Chla_ugL_mean,27.9961963131449
vera4cast,chlorocast_xgboost,2026-10-16 00:00:00,2026-09-29 00:00:00,P1D,fcre,1.6,ensemble,198,Chla_ugL_mean,29.7051048296886
vera4cast,chlorocast_xgboost,2026-10-17 00:00:00,2026-09-29 00:00:00,P1D,fcre,1.6,ensemble,198,Chla_ugL_mean,30.4048431666272
vera4cast,chlorocast_xgboost,2026-10-18 00:00:00,2026-09-29 00:00:00,P1D,fcre,1.6,ensemble,198,Chla_ugL_mean,29.5681744073445
vera4cast,chlorocast_xgboost,2026-10-19 00:00:00,2026-09-29 00:00:00,P1D,fcre,1.6,ensemble,198,Chla_ugL_mean,27.6444837869097
vera4cast,chlorocast_xgboost,2026-10-20 00:00:00,2026-09-29 00:00:00,P1D,fcre,1.6,ensemble,198,Chla_ugL_mean,29.9329198290688
vera4cast,chlorocast_xgboost,2026-10-21 00:00:00,2026-09-29 00:00:00,P1D,fcre,1.6,ensemble,198,Chla_ugL_mean,28.8453061886412
vera4cast,chlorocast_xgboost,2026-10-22 00:00:00,2026-09-29 00:00:00,P1D,fcre,1.6,ensemble,198,Chla_ugL_mean,28.143483594364
vera4cast,chlorocast_xgboost,2026-10-23 00:00:00,2026-09-29 00:00:00,P1D,fcre,1.6,ensemble,198,Chla_ugL_mean,29.4726238536416
vera4cast,chlorocast_xgboost,2026-10-24 00:00:00,2026-09-29 00:00:00,P1D,fcre,1.6,ensemble,198,Chla_ugL_mean,27.3134654535033
vera4cast,chlorocast_xgboost,2026-10-25 00:00:00,2026-09-29 00:00:00,P1D,fcre,1.6,ensemble,198,Chla_ugL_mean,29.3185465516551
vera4cast,chlorocast_xgboost,2026-10-26 00:00:00,2026-09-29 00:00:00,P1D,fcre,1.6,ensemble,198,Chla_ugL_mean,28.7903342733503
vera4cast,chlorocast_xgboost,2026-10-27 00:00:00,2026-09-29 00:00:00,P1D,fcre,1.6,ensemble,198,Chla_ugL_mean,27.6591743872668
vera4cast,chlorocast_xgboost,2026-10-28 00:00:00,2026-09-29 00:00:00,P1D,fcre,1.6,ensemble,198,Chla_ugL_mean,27.3521267247559
vera4cast,chlorocast_xgboost,2026-10-29 00:00:00,2026-09-29 00:00:00,P1D,fcre,1.6,ensemble,198,Chla_ugL_mean,28.3182391615973
vera4cast,chlorocast_xgboost,2026-10-30 00:00:00,2026-09-29 00:00:00,P1D,fcre,1.6,ensemble,198,Chla_ugL_mean,28.6112282739557
vera4cast,chlorocast_xgboost,2026-10-31 00:00:00,2026-09-29 00:00:00,P1D,fcre,1.6,ensemble,198,Chla_ugL_mean,26.6831455206393
vera4cast,chlorocast_xgboost,2026-11-01 00:00:00,2026-09-29 00:00:00,P1D,fcre,1.6,ensemble,198,Chla_ugL_mean,28.9291817582182
vera4cast,chlorocast_xgboost,2026-11-02 00:00:00,2026-09-29 00:00:00,P1D,fcre,1.6,ensemble,198,Chla_ugL_mean,27.0953424530771
vera4cast,chlorocast_xgboost,2026-11-03 00:00:00,2026-09-29 00:00:00,P1D,fcre,1.6,ensemble,198,Chla_ugL_mean,28.1460003558799
vera4cast,chlorocast_xgboost,2026-09-30 00:00:00,2026-09-29 00:00:00,P1D,fcre,1.6,ensemble,199,Chla_ugL_mean,35.238577047091
vera4cast,chlorocast_xgboost,2026-10-01 00:00:00,2026-09-29 00:00:00,P1D,fcre,1.6,ensemble,199,Chla_ugL_mean,34.6080263676772
vera4cast,chlorocast_xgboost,2026-10-02 00:00:00,2026-09-29 00:00:00,P1D,fcre,1.6,ensemble,199,Chla_ugL_mean,38.2624695987762
vera4cast,chlorocast_xgboost,2026-10-03 00:00:00,2026-09-29 00:00:00,P1D,fcre,1.6,ensemble,199,Chla_ugL_mean,41.3956357683505
vera4cast,chlorocast_xgboost,2026-10-04 00:00:00,2026-09-29 00:00:00,P1D,fcre,1.6,ensemble,199,Chla_ugL_mean,40.4638391788523
vera4cast,chlorocast_xgboost,2026-10-05 00:00:00,2026-09-29 00:00:00,P1D,fcre,1.6,ensemble,199,Chla_ugL_mean,44.2841740973441
vera4cast,chlorocast_xgboost,2026-10-06 00:00:00,2026-09-29 00:00:00,P1D,fcre,1.6,ensemble,199,Chla_ugL_mean,43.0825276150711
vera4cast,chlorocast_xgboost,2026-10-07 00:00:00,2026-09-29 00:00:00,P1D,fcre,1.6,ensemble,199,Chla_ugL_mean,43.0248256716953
vera4cast,chlorocast_xgboost,2026-10-08 00:00:00,2026-09-29 00:00:00,P1D,fcre,1.6,ensemble,199,Chla_ugL_mean,42.358945290703
vera4cast,chlorocast_xgboost,2026-10-09 00:00:00,2026-09-29 00:00:00,P1D,fcre,1.6,ensemble,199,Chla_ugL_mean,37.5898656835763
vera4cast,chlorocast_xgboost,2026-10-10 00:00:00,2026-09-29 00:00:00,P1D,fcre,1.6,ensemble,199,Chla_ugL_mean,34.7860525562392
vera4cast,chlorocast_xgboost,2026-10-11 00:00:00,2026-09-29 00:00:00,P1D,fcre,1.6,ensemble,199,Chla_ugL_mean,37.5531001202821
vera4cast,chlorocast_xgboost,2026-10-12 00:00:00,2026-09-29 00:00:00,P1D,fcre,1.6,ensemble,199,Chla_ugL_mean,37.5574487267805
vera4cast,chlorocast_xgboost,2026-10-13 00:00:00,2026-09-29 00:00:00,P1D,fcre,1.6,ensemble,199,Chla_ugL_mean,34.9512598074037
vera4cast,chlorocast_xgboost,2026-10-14 00:00:00,2026-09-29 00:00:00,P1D,fcre,1.6,ensemble,199,Chla_ugL_mean,31.4705715196897
vera4cast,chlorocast_xgboost,2026-10-15 00:00:00,2026-09-29 00:00:00,P1D,fcre,1.6,ensemble,199,Chla_ugL_mean,31.6609670566108
vera4cast,chlorocast_xgboost,2026-10-16 00:00:00,2026-09-29 00:00:00,P1D,fcre,1.6,ensemble,199,Chla_ugL_mean,34.0405383326664
vera4cast,chlorocast_xgboost,2026-10-17 00:00:00,2026-09-29 00:00:00,P1D,fcre,1.6,ensemble,199,Chla_ugL_mean,34.8573437600442
vera4cast,chlorocast_xgboost,2026-10-18 00:00:00,2026-09-29 00:00:00,P1D,fcre,1.6,ensemble,199,Chla_ugL_mean,33.8142105881091
vera4cast,chlorocast_xgboost,2026-10-19 00:00:00,2026-09-29 00:00:00,P1D,fcre,1.6,ensemble,199,Chla_ugL_mean,31.3504907870795
vera4cast,chlorocast_xgboost,2026-10-20 00:00:00,2026-09-29 00:00:00,P1D,fcre,1.6,ensemble,199,Chla_ugL_mean,34.4803507522029
vera4cast,chlorocast_xgboost,2026-10-21 00:00:00,2026-09-29 00:00:00,P1D,fcre,1.6,ensemble,199,Chla_ugL_mean,33.0049883762569
vera4cast,chlorocast_xgboost,2026-10-22 00:00:00,2026-09-29 00:00:00,P1D,fcre,1.6,ensemble,199,Chla_ugL_mean,32.1603739695361
vera4cast,chlorocast_xgboost,2026-10-23 00:00:00,2026-09-29 00:00:00,P1D,fcre,1.6,ensemble,199,Chla_ugL_mean,33.977269200733
vera4cast,chlorocast_xgboost,2026-10-24 00:00:00,2026-09-29 00:00:00,P1D,fcre,1.6,ensemble,199,Chla_ugL_mean,31.015946568061
vera4cast,chlorocast_xgboost,2026-10-25 00:00:00,2026-09-29 00:00:00,P1D,fcre,1.6,ensemble,199,Chla_ugL_mean,33.5397879359765
vera4cast,chlorocast_xgboost,2026-10-26 00:00:00,2026-09-29 00:00:00,P1D,fcre,1.6,ensemble,199,Chla_ugL_mean,33.0026834225673
vera4cast,chlorocast_xgboost,2026-10-27 00:00:00,2026-09-29 00:00:00,P1D,fcre,1.6,ensemble,199,Chla_ugL_mean,31.4470955237009
vera4cast,chlorocast_xgboost,2026-10-28 00:00:00,2026-09-29 00:00:00,P1D,fcre,1.6,ensemble,199,Chla_ugL_mean,31.1971778538529
vera4cast,chlorocast_xgboost,2026-10-29 00:00:00,2026-09-29 00:00:00,P1D,fcre,1.6,ensemble,199,Chla_ugL_mean,32.4797451541614
vera4cast,chlorocast_xgboost,2026-10-30 00:00:00,2026-09-29 00:00:00,P1D,fcre,1.6,ensemble,199,Chla_ugL_mean,32.7125347478295
vera4cast,chlorocast_xgboost,2026-10-31 00:00:00,2026-09-29 00:00:00,P1D,fcre,1.6,ensemble,199,Chla_ugL_mean,30.0484516253632
vera4cast,chlorocast_xgboost,2026-11-01 00:00:00,2026-09-29 00:00:00,P1D,fcre,1.6,ensemble,199,Chla_ugL_mean,33.2127694261845
vera4cast,chlorocast_xgboost,2026-11-02 00:00:00,2026-09-29 00:00:00,P1D,fcre,1.6,ensemble,199,Chla_ugL_mean,30.6532802910916
vera4cast,chlorocast_xgboost,2026-11-03 00:00:00,2026-09-29 00:00:00,P1D,fcre,1.6,ensemble,199,Chla_ugL_mean,32.0288882956697
