project_id,model_id,datetime,reference_datetime,duration,site_id,depth_m,family,parameter,variable,prediction
vera4cast,chlorocast_ens3,2026-10-05 00:00:00,2026-10-04 00:00:00,P1D,fcre,1.6,ensemble,1,Chla_ugL_mean,0.812618411796811
vera4cast,chlorocast_ens3,2026-10-06 00:00:00,2026-10-04 00:00:00,P1D,fcre,1.6,ensemble,1,Chla_ugL_mean,0.806754774824945
vera4cast,chlorocast_ens3,2026-10-07 00:00:00,2026-10-04 00:00:00,P1D,fcre,1.6,ensemble,1,Chla_ugL_mean,0.739118472287302
vera4cast,chlorocast_ens3,2026-10-08 00:00:00,2026-10-04 00:00:00,P1D,fcre,1.6,ensemble,1,Chla_ugL_mean,0.729020664952595
vera4cast,chlorocast_ens3,2026-10-09 00:00:00,2026-10-04 00:00:00,P1D,fcre,1.6,ensemble,1,Chla_ugL_mean,0.666168020438092
vera4cast,chlorocast_ens3,2026-10-10 00:00:00,2026-10-04 00:00:00,P1D,fcre,1.6,ensemble,1,Chla_ugL_mean,0.618120067138464
vera4cast,chlorocast_ens3,2026-10-11 00:00:00,2026-10-04 00:00:00,P1D,fcre,1.6,ensemble,1,Chla_ugL_mean,0.600934220361572
vera4cast,chlorocast_ens3,2026-10-12 00:00:00,2026-10-04 00:00:00,P1D,fcre,1.6,ensemble,1,Chla_ugL_mean,0.59702244205008
vera4cast,chlorocast_ens3,2026-10-13 00:00:00,2026-10-04 00:00:00,P1D,fcre,1.6,ensemble,1,Chla_ugL_mean,0.579508736671593
vera4cast,chlorocast_ens3,2026-10-14 00:00:00,2026-10-04 00:00:00,P1D,fcre,1.6,ensemble,1,Chla_ugL_mean,0.565834979453965
vera4cast,chlorocast_ens3,2026-10-15 00:00:00,2026-10-04 00:00:00,P1D,fcre,1.6,ensemble,1,Chla_ugL_mean,0.574654572542017
vera4cast,chlorocast_ens3,2026-10-16 00:00:00,2026-10-04 00:00:00,P1D,fcre,1.6,ensemble,1,Chla_ugL_mean,0.543586421837573
vera4cast,chlorocast_ens3,2026-10-17 00:00:00,2026-10-04 00:00:00,P1D,fcre,1.6,ensemble,1,Chla_ugL_mean,0.623322406732013
vera4cast,chlorocast_ens3,2026-10-18 00:00:00,2026-10-04 00:00:00,P1D,fcre,1.6,ensemble,1,Chla_ugL_mean,0.584953442991711
vera4cast,chlorocast_ens3,2026-10-19 00:00:00,2026-10-04 00:00:00,P1D,fcre,1.6,ensemble,1,Chla_ugL_mean,0.560154514620138
vera4cast,chlorocast_ens3,2026-10-20 00:00:00,2026-10-04 00:00:00,P1D,fcre,1.6,ensemble,1,Chla_ugL_mean,0.599717295896052
vera4cast,chlorocast_ens3,2026-10-21 00:00:00,2026-10-04 00:00:00,P1D,fcre,1.6,ensemble,1,Chla_ugL_mean,0.599145989021186
vera4cast,chlorocast_ens3,2026-10-22 00:00:00,2026-10-04 00:00:00,P1D,fcre,1.6,ensemble,1,Chla_ugL_mean,0.603465008907567
vera4cast,chlorocast_ens3,2026-10-23 00:00:00,2026-10-04 00:00:00,P1D,fcre,1.6,ensemble,1,Chla_ugL_mean,0.626948988575517
vera4cast,chlorocast_ens3,2026-10-24 00:00:00,2026-10-04 00:00:00,P1D,fcre,1.6,ensemble,1,Chla_ugL_mean,0.639305701794921
vera4cast,chlorocast_ens3,2026-10-25 00:00:00,2026-10-04 00:00:00,P1D,fcre,1.6,ensemble,1,Chla_ugL_mean,0.620570835991285
vera4cast,chlorocast_ens3,2026-10-26 00:00:00,2026-10-04 00:00:00,P1D,fcre,1.6,ensemble,1,Chla_ugL_mean,0.599950883459114
vera4cast,chlorocast_ens3,2026-10-27 00:00:00,2026-10-04 00:00:00,P1D,fcre,1.6,ensemble,1,Chla_ugL_mean,0.595592848593346
vera4cast,chlorocast_ens3,2026-10-28 00:00:00,2026-10-04 00:00:00,P1D,fcre,1.6,ensemble,1,Chla_ugL_mean,0.590774244306963
vera4cast,chlorocast_ens3,2026-10-29 00:00:00,2026-10-04 00:00:00,P1D,fcre,1.6,ensemble,1,Chla_ugL_mean,0.595391206595711
vera4cast,chlorocast_ens3,2026-10-30 00:00:00,2026-10-04 00:00:00,P1D,fcre,1.6,ensemble,1,Chla_ugL_mean,0.583311448399026
vera4cast,chlorocast_ens3,2026-10-31 00:00:00,2026-10-04 00:00:00,P1D,fcre,1.6,ensemble,1,Chla_ugL_mean,0.60668041392656
vera4cast,chlorocast_ens3,2026-11-01 00:00:00,2026-10-04 00:00:00,P1D,fcre,1.6,ensemble,1,Chla_ugL_mean,0.666789836765812
vera4cast,chlorocast_ens3,2026-11-02 00:00:00,2026-10-04 00:00:00,P1D,fcre,1.6,ensemble,1,Chla_ugL_mean,0.675299175272105
vera4cast,chlorocast_ens3,2026-11-03 00:00:00,2026-10-04 00:00:00,P1D,fcre,1.6,ensemble,1,Chla_ugL_mean,0.653364800738377
vera4cast,chlorocast_ens3,2026-11-04 00:00:00,2026-10-04 00:00:00,P1D,fcre,1.6,ensemble,1,Chla_ugL_mean,0.671063388129291
vera4cast,chlorocast_ens3,2026-11-05 00:00:00,2026-10-04 00:00:00,P1D,fcre,1.6,ensemble,1,Chla_ugL_mean,0.667102203191087
vera4cast,chlorocast_ens3,2026-11-06 00:00:00,2026-10-04 00:00:00,P1D,fcre,1.6,ensemble,1,Chla_ugL_mean,0.709752651755945
vera4cast,chlorocast_ens3,2026-11-07 00:00:00,2026-10-04 00:00:00,P1D,fcre,1.6,ensemble,1,Chla_ugL_mean,0.740288204305559
vera4cast,chlorocast_ens3,2026-11-08 00:00:00,2026-10-04 00:00:00,P1D,fcre,1.6,ensemble,1,Chla_ugL_mean,0.750285055633597
vera4cast,chlorocast_ens3,2026-10-05 00:00:00,2026-10-04 00:00:00,P1D,fcre,1.6,ensemble,2,Chla_ugL_mean,1.26517148688109
vera4cast,chlorocast_ens3,2026-10-06 00:00:00,2026-10-04 00:00:00,P1D,fcre,1.6,ensemble,2,Chla_ugL_mean,1.25706541203442
vera4cast,chlorocast_ens3,2026-10-07 00:00:00,2026-10-04 00:00:00,P1D,fcre,1.6,ensemble,2,Chla_ugL_mean,1.17970363652531
vera4cast,chlorocast_ens3,2026-10-08 00:00:00,2026-10-04 00:00:00,P1D,fcre,1.6,ensemble,2,Chla_ugL_mean,1.16637104760916
vera4cast,chlorocast_ens3,2026-10-09 00:00:00,2026-10-04 00:00:00,P1D,fcre,1.6,ensemble,2,Chla_ugL_mean,1.09699371391963
vera4cast,chlorocast_ens3,2026-10-10 00:00:00,2026-10-04 00:00:00,P1D,fcre,1.6,ensemble,2,Chla_ugL_mean,1.04042304736996
vera4cast,chlorocast_ens3,2026-10-11 00:00:00,2026-10-04 00:00:00,P1D,fcre,1.6,ensemble,2,Chla_ugL_mean,1.01957646963652
vera4cast,chlorocast_ens3,2026-10-12 00:00:00,2026-10-04 00:00:00,P1D,fcre,1.6,ensemble,2,Chla_ugL_mean,1.0132370637585
vera4cast,chlorocast_ens3,2026-10-13 00:00:00,2026-10-04 00:00:00,P1D,fcre,1.6,ensemble,2,Chla_ugL_mean,0.99489937238579
vera4cast,chlorocast_ens3,2026-10-14 00:00:00,2026-10-04 00:00:00,P1D,fcre,1.6,ensemble,2,Chla_ugL_mean,0.980692869888538
vera4cast,chlorocast_ens3,2026-10-15 00:00:00,2026-10-04 00:00:00,P1D,fcre,1.6,ensemble,2,Chla_ugL_mean,0.990179898967629
vera4cast,chlorocast_ens3,2026-10-16 00:00:00,2026-10-04 00:00:00,P1D,fcre,1.6,ensemble,2,Chla_ugL_mean,0.956146673455169
vera4cast,chlorocast_ens3,2026-10-17 00:00:00,2026-10-04 00:00:00,P1D,fcre,1.6,ensemble,2,Chla_ugL_mean,1.04163917388225
vera4cast,chlorocast_ens3,2026-10-18 00:00:00,2026-10-04 00:00:00,P1D,fcre,1.6,ensemble,2,Chla_ugL_mean,0.999690658576829
vera4cast,chlorocast_ens3,2026-10-19 00:00:00,2026-10-04 00:00:00,P1D,fcre,1.6,ensemble,2,Chla_ugL_mean,0.972043668408749
vera4cast,chlorocast_ens3,2026-10-20 00:00:00,2026-10-04 00:00:00,P1D,fcre,1.6,ensemble,2,Chla_ugL_mean,1.01520545547131
vera4cast,chlorocast_ens3,2026-10-21 00:00:00,2026-10-04 00:00:00,P1D,fcre,1.6,ensemble,2,Chla_ugL_mean,1.01512903950198
vera4cast,chlorocast_ens3,2026-10-22 00:00:00,2026-10-04 00:00:00,P1D,fcre,1.6,ensemble,2,Chla_ugL_mean,1.01767532355955
vera4cast,chlorocast_ens3,2026-10-23 00:00:00,2026-10-04 00:00:00,P1D,fcre,1.6,ensemble,2,Chla_ugL_mean,1.04178998685593
vera4cast,chlorocast_ens3,2026-10-24 00:00:00,2026-10-04 00:00:00,P1D,fcre,1.6,ensemble,2,Chla_ugL_mean,1.05560765056207
vera4cast,chlorocast_ens3,2026-10-25 00:00:00,2026-10-04 00:00:00,P1D,fcre,1.6,ensemble,2,Chla_ugL_mean,1.03652183958057
vera4cast,chlorocast_ens3,2026-10-26 00:00:00,2026-10-04 00:00:00,P1D,fcre,1.6,ensemble,2,Chla_ugL_mean,1.01639667116417
vera4cast,chlorocast_ens3,2026-10-27 00:00:00,2026-10-04 00:00:00,P1D,fcre,1.6,ensemble,2,Chla_ugL_mean,1.01314829398048
vera4cast,chlorocast_ens3,2026-10-28 00:00:00,2026-10-04 00:00:00,P1D,fcre,1.6,ensemble,2,Chla_ugL_mean,1.01041111801465
vera4cast,chlorocast_ens3,2026-10-29 00:00:00,2026-10-04 00:00:00,P1D,fcre,1.6,ensemble,2,Chla_ugL_mean,1.01701564783639
vera4cast,chlorocast_ens3,2026-10-30 00:00:00,2026-10-04 00:00:00,P1D,fcre,1.6,ensemble,2,Chla_ugL_mean,1.00452004032626
vera4cast,chlorocast_ens3,2026-10-31 00:00:00,2026-10-04 00:00:00,P1D,fcre,1.6,ensemble,2,Chla_ugL_mean,1.03294229741223
vera4cast,chlorocast_ens3,2026-11-01 00:00:00,2026-10-04 00:00:00,P1D,fcre,1.6,ensemble,2,Chla_ugL_mean,1.10155829757718
vera4cast,chlorocast_ens3,2026-11-02 00:00:00,2026-10-04 00:00:00,P1D,fcre,1.6,ensemble,2,Chla_ugL_mean,1.11318395608905
vera4cast,chlorocast_ens3,2026-11-03 00:00:00,2026-10-04 00:00:00,P1D,fcre,1.6,ensemble,2,Chla_ugL_mean,1.09201572554414
vera4cast,chlorocast_ens3,2026-11-04 00:00:00,2026-10-04 00:00:00,P1D,fcre,1.6,ensemble,2,Chla_ugL_mean,1.11386190251184
vera4cast,chlorocast_ens3,2026-11-05 00:00:00,2026-10-04 00:00:00,P1D,fcre,1.6,ensemble,2,Chla_ugL_mean,1.11571244706946
vera4cast,chlorocast_ens3,2026-11-06 00:00:00,2026-10-04 00:00:00,P1D,fcre,1.6,ensemble,2,Chla_ugL_mean,1.16723766754999
vera4cast,chlorocast_ens3,2026-11-07 00:00:00,2026-10-04 00:00:00,P1D,fcre,1.6,ensemble,2,Chla_ugL_mean,1.20766001508068
vera4cast,chlorocast_ens3,2026-11-08 00:00:00,2026-10-04 00:00:00,P1D,fcre,1.6,ensemble,2,Chla_ugL_mean,1.22404475284496
vera4cast,chlorocast_ens3,2026-10-05 00:00:00,2026-10-04 00:00:00,P1D,fcre,1.6,ensemble,3,Chla_ugL_mean,1.53773354929354
vera4cast,chlorocast_ens3,2026-10-06 00:00:00,2026-10-04 00:00:00,P1D,fcre,1.6,ensemble,3,Chla_ugL_mean,1.52820759660214
vera4cast,chlorocast_ens3,2026-10-07 00:00:00,2026-10-04 00:00:00,P1D,fcre,1.6,ensemble,3,Chla_ugL_mean,1.44563500727972
vera4cast,chlorocast_ens3,2026-10-08 00:00:00,2026-10-04 00:00:00,P1D,fcre,1.6,ensemble,3,Chla_ugL_mean,1.43028887006678
vera4cast,chlorocast_ens3,2026-10-09 00:00:00,2026-10-04 00:00:00,P1D,fcre,1.6,ensemble,3,Chla_ugL_mean,1.35783857485809
vera4cast,chlorocast_ens3,2026-10-10 00:00:00,2026-10-04 00:00:00,P1D,fcre,1.6,ensemble,3,Chla_ugL_mean,1.29647048599126
vera4cast,chlorocast_ens3,2026-10-11 00:00:00,2026-10-04 00:00:00,P1D,fcre,1.6,ensemble,3,Chla_ugL_mean,1.27348113452066
vera4cast,chlorocast_ens3,2026-10-12 00:00:00,2026-10-04 00:00:00,P1D,fcre,1.6,ensemble,3,Chla_ugL_mean,1.2655390193734
vera4cast,chlorocast_ens3,2026-10-13 00:00:00,2026-10-04 00:00:00,P1D,fcre,1.6,ensemble,3,Chla_ugL_mean,1.24705205679632
vera4cast,chlorocast_ens3,2026-10-14 00:00:00,2026-10-04 00:00:00,P1D,fcre,1.6,ensemble,3,Chla_ugL_mean,1.23281094242605
vera4cast,chlorocast_ens3,2026-10-15 00:00:00,2026-10-04 00:00:00,P1D,fcre,1.6,ensemble,3,Chla_ugL_mean,1.2425468728705
vera4cast,chlorocast_ens3,2026-10-16 00:00:00,2026-10-04 00:00:00,P1D,fcre,1.6,ensemble,3,Chla_ugL_mean,1.2072102953046
vera4cast,chlorocast_ens3,2026-10-17 00:00:00,2026-10-04 00:00:00,P1D,fcre,1.6,ensemble,3,Chla_ugL_mean,1.29477911810133
vera4cast,chlorocast_ens3,2026-10-18 00:00:00,2026-10-04 00:00:00,P1D,fcre,1.6,ensemble,3,Chla_ugL_mean,1.25125245804338
vera4cast,chlorocast_ens3,2026-10-19 00:00:00,2026-10-04 00:00:00,P1D,fcre,1.6,ensemble,3,Chla_ugL_mean,1.22222009580667
vera4cast,chlorocast_ens3,2026-10-20 00:00:00,2026-10-04 00:00:00,P1D,fcre,1.6,ensemble,3,Chla_ugL_mean,1.26693486555499
vera4cast,chlorocast_ens3,2026-10-21 00:00:00,2026-10-04 00:00:00,P1D,fcre,1.6,ensemble,3,Chla_ugL_mean,1.26721789144332
vera4cast,chlorocast_ens3,2026-10-22 00:00:00,2026-10-04 00:00:00,P1D,fcre,1.6,ensemble,3,Chla_ugL_mean,1.26842333448672
vera4cast,chlorocast_ens3,2026-10-23 00:00:00,2026-10-04 00:00:00,P1D,fcre,1.6,ensemble,3,Chla_ugL_mean,1.29242564629764
vera4cast,chlorocast_ens3,2026-10-24 00:00:00,2026-10-04 00:00:00,P1D,fcre,1.6,ensemble,3,Chla_ugL_mean,1.30697289481128
vera4cast,chlorocast_ens3,2026-10-25 00:00:00,2026-10-04 00:00:00,P1D,fcre,1.6,ensemble,3,Chla_ugL_mean,1.2880785862629
vera4cast,chlorocast_ens3,2026-10-26 00:00:00,2026-10-04 00:00:00,P1D,fcre,1.6,ensemble,3,Chla_ugL_mean,1.26878943406808
vera4cast,chlorocast_ens3,2026-10-27 00:00:00,2026-10-04 00:00:00,P1D,fcre,1.6,ensemble,3,Chla_ugL_mean,1.2664226972122
vera4cast,chlorocast_ens3,2026-10-28 00:00:00,2026-10-04 00:00:00,P1D,fcre,1.6,ensemble,3,Chla_ugL_mean,1.26526187247436
vera4cast,chlorocast_ens3,2026-10-29 00:00:00,2026-10-04 00:00:00,P1D,fcre,1.6,ensemble,3,Chla_ugL_mean,1.27314584770954
vera4cast,chlorocast_ens3,2026-10-30 00:00:00,2026-10-04 00:00:00,P1D,fcre,1.6,ensemble,3,Chla_ugL_mean,1.26066035487807
vera4cast,chlorocast_ens3,2026-10-31 00:00:00,2026-10-04 00:00:00,P1D,fcre,1.6,ensemble,3,Chla_ugL_mean,1.29204576991737
vera4cast,chlorocast_ens3,2026-11-01 00:00:00,2026-10-04 00:00:00,P1D,fcre,1.6,ensemble,3,Chla_ugL_mean,1.36514173736227
vera4cast,chlorocast_ens3,2026-11-02 00:00:00,2026-10-04 00:00:00,P1D,fcre,1.6,ensemble,3,Chla_ugL_mean,1.37874016327134
vera4cast,chlorocast_ens3,2026-11-03 00:00:00,2026-10-04 00:00:00,P1D,fcre,1.6,ensemble,3,Chla_ugL_mean,1.35865020265488
vera4cast,chlorocast_ens3,2026-11-04 00:00:00,2026-10-04 00:00:00,P1D,fcre,1.6,ensemble,3,Chla_ugL_mean,1.38296584688896
vera4cast,chlorocast_ens3,2026-11-05 00:00:00,2026-10-04 00:00:00,P1D,fcre,1.6,ensemble,3,Chla_ugL_mean,1.38900479831906
vera4cast,chlorocast_ens3,2026-11-06 00:00:00,2026-10-04 00:00:00,P1D,fcre,1.6,ensemble,3,Chla_ugL_mean,1.44568904738256
vera4cast,chlorocast_ens3,2026-11-07 00:00:00,2026-10-04 00:00:00,P1D,fcre,1.6,ensemble,3,Chla_ugL_mean,1.49229288213937
vera4cast,chlorocast_ens3,2026-11-08 00:00:00,2026-10-04 00:00:00,P1D,fcre,1.6,ensemble,3,Chla_ugL_mean,1.51292399529841
vera4cast,chlorocast_ens3,2026-10-05 00:00:00,2026-10-04 00:00:00,P1D,fcre,1.6,ensemble,4,Chla_ugL_mean,1.74678520746456
vera4cast,chlorocast_ens3,2026-10-06 00:00:00,2026-10-04 00:00:00,P1D,fcre,1.6,ensemble,4,Chla_ugL_mean,1.73613939125766
vera4cast,chlorocast_ens3,2026-10-07 00:00:00,2026-10-04 00:00:00,P1D,fcre,1.6,ensemble,4,Chla_ugL_mean,1.6498583581468
vera4cast,chlorocast_ens3,2026-10-08 00:00:00,2026-10-04 00:00:00,P1D,fcre,1.6,ensemble,4,Chla_ugL_mean,1.63293869462346
vera4cast,chlorocast_ens3,2026-10-09 00:00:00,2026-10-04 00:00:00,P1D,fcre,1.6,ensemble,4,Chla_ugL_mean,1.55851498674012
vera4cast,chlorocast_ens3,2026-10-10 00:00:00,2026-10-04 00:00:00,P1D,fcre,1.6,ensemble,4,Chla_ugL_mean,1.49361822125576
vera4cast,chlorocast_ens3,2026-10-11 00:00:00,2026-10-04 00:00:00,P1D,fcre,1.6,ensemble,4,Chla_ugL_mean,1.46901332848047
vera4cast,chlorocast_ens3,2026-10-12 00:00:00,2026-10-04 00:00:00,P1D,fcre,1.6,ensemble,4,Chla_ugL_mean,1.45977871441757
vera4cast,chlorocast_ens3,2026-10-13 00:00:00,2026-10-04 00:00:00,P1D,fcre,1.6,ensemble,4,Chla_ugL_mean,1.44133351477408
vera4cast,chlorocast_ens3,2026-10-14 00:00:00,2026-10-04 00:00:00,P1D,fcre,1.6,ensemble,4,Chla_ugL_mean,1.42719502057293
vera4cast,chlorocast_ens3,2026-10-15 00:00:00,2026-10-04 00:00:00,P1D,fcre,1.6,ensemble,4,Chla_ugL_mean,1.43705274276156
vera4cast,chlorocast_ens3,2026-10-16 00:00:00,2026-10-04 00:00:00,P1D,fcre,1.6,ensemble,4,Chla_ugL_mean,1.40093459027118
vera4cast,chlorocast_ens3,2026-10-17 00:00:00,2026-10-04 00:00:00,P1D,fcre,1.6,ensemble,4,Chla_ugL_mean,1.48946926439117
vera4cast,chlorocast_ens3,2026-10-18 00:00:00,2026-10-04 00:00:00,P1D,fcre,1.6,ensemble,4,Chla_ugL_mean,1.44499181854258
vera4cast,chlorocast_ens3,2026-10-19 00:00:00,2026-10-04 00:00:00,P1D,fcre,1.6,ensemble,4,Chla_ugL_mean,1.41504564668664
vera4cast,chlorocast_ens3,2026-10-20 00:00:00,2026-10-04 00:00:00,P1D,fcre,1.6,ensemble,4,Chla_ugL_mean,1.46067473414502
vera4cast,chlorocast_ens3,2026-10-21 00:00:00,2026-10-04 00:00:00,P1D,fcre,1.6,ensemble,4,Chla_ugL_mean,1.46126103127452
vera4cast,chlorocast_ens3,2026-10-22 00:00:00,2026-10-04 00:00:00,P1D,fcre,1.6,ensemble,4,Chla_ugL_mean,1.46131538702465
vera4cast,chlorocast_ens3,2026-10-23 00:00:00,2026-10-04 00:00:00,P1D,fcre,1.6,ensemble,4,Chla_ugL_mean,1.4850110058221
vera4cast,chlorocast_ens3,2026-10-24 00:00:00,2026-10-04 00:00:00,P1D,fcre,1.6,ensemble,4,Chla_ugL_mean,1.5000506335862
vera4cast,chlorocast_ens3,2026-10-25 00:00:00,2026-10-04 00:00:00,P1D,fcre,1.6,ensemble,4,Chla_ugL_mean,1.4814834667676
vera4cast,chlorocast_ens3,2026-10-26 00:00:00,2026-10-04 00:00:00,P1D,fcre,1.6,ensemble,4,Chla_ugL_mean,1.46307700198019
vera4cast,chlorocast_ens3,2026-10-27 00:00:00,2026-10-04 00:00:00,P1D,fcre,1.6,ensemble,4,Chla_ugL_mean,1.46148243752562
vera4cast,chlorocast_ens3,2026-10-28 00:00:00,2026-10-04 00:00:00,P1D,fcre,1.6,ensemble,4,Chla_ugL_mean,1.46167608680371
vera4cast,chlorocast_ens3,2026-10-29 00:00:00,2026-10-04 00:00:00,P1D,fcre,1.6,ensemble,4,Chla_ugL_mean,1.47057852214599
vera4cast,chlorocast_ens3,2026-10-30 00:00:00,2026-10-04 00:00:00,P1D,fcre,1.6,ensemble,4,Chla_ugL_mean,1.45821850211551
vera4cast,chlorocast_ens3,2026-10-31 00:00:00,2026-10-04 00:00:00,P1D,fcre,1.6,ensemble,4,Chla_ugL_mean,1.49184022047365
vera4cast,chlorocast_ens3,2026-11-01 00:00:00,2026-10-04 00:00:00,P1D,fcre,1.6,ensemble,4,Chla_ugL_mean,1.56808211554074
vera4cast,chlorocast_ens3,2026-11-02 00:00:00,2026-10-04 00:00:00,P1D,fcre,1.6,ensemble,4,Chla_ugL_mean,1.5832367411371
vera4cast,chlorocast_ens3,2026-11-03 00:00:00,2026-10-04 00:00:00,P1D,fcre,1.6,ensemble,4,Chla_ugL_mean,1.56425194741572
vera4cast,chlorocast_ens3,2026-11-04 00:00:00,2026-10-04 00:00:00,P1D,fcre,1.6,ensemble,4,Chla_ugL_mean,1.59044867781001
vera4cast,chlorocast_ens3,2026-11-05 00:00:00,2026-10-04 00:00:00,P1D,fcre,1.6,ensemble,4,Chla_ugL_mean,1.6000113649285
vera4cast,chlorocast_ens3,2026-11-06 00:00:00,2026-10-04 00:00:00,P1D,fcre,1.6,ensemble,4,Chla_ugL_mean,1.66056798904478
vera4cast,chlorocast_ens3,2026-11-07 00:00:00,2026-10-04 00:00:00,P1D,fcre,1.6,ensemble,4,Chla_ugL_mean,1.71201547264877
vera4cast,chlorocast_ens3,2026-11-08 00:00:00,2026-10-04 00:00:00,P1D,fcre,1.6,ensemble,4,Chla_ugL_mean,1.73608436419692
vera4cast,chlorocast_ens3,2026-10-05 00:00:00,2026-10-04 00:00:00,P1D,fcre,1.6,ensemble,5,Chla_ugL_mean,1.92161739815549
vera4cast,chlorocast_ens3,2026-10-06 00:00:00,2026-10-04 00:00:00,P1D,fcre,1.6,ensemble,5,Chla_ugL_mean,1.91001613333105
vera4cast,chlorocast_ens3,2026-10-07 00:00:00,2026-10-04 00:00:00,P1D,fcre,1.6,ensemble,5,Chla_ugL_mean,1.82081047157008
vera4cast,chlorocast_ens3,2026-10-08 00:00:00,2026-10-04 00:00:00,P1D,fcre,1.6,ensemble,5,Chla_ugL_mean,1.80255694383189
vera4cast,chlorocast_ens3,2026-10-09 00:00:00,2026-10-04 00:00:00,P1D,fcre,1.6,ensemble,5,Chla_ugL_mean,1.72671874998617
vera4cast,chlorocast_ens3,2026-10-10 00:00:00,2026-10-04 00:00:00,P1D,fcre,1.6,ensemble,5,Chla_ugL_mean,1.65896397113871
vera4cast,chlorocast_ens3,2026-10-11 00:00:00,2026-10-04 00:00:00,P1D,fcre,1.6,ensemble,5,Chla_ugL_mean,1.63302523940413
vera4cast,chlorocast_ens3,2026-10-12 00:00:00,2026-10-04 00:00:00,P1D,fcre,1.6,ensemble,5,Chla_ugL_mean,1.62267068094876
vera4cast,chlorocast_ens3,2026-10-13 00:00:00,2026-10-04 00:00:00,P1D,fcre,1.6,ensemble,5,Chla_ugL_mean,1.60435686882241
vera4cast,chlorocast_ens3,2026-10-14 00:00:00,2026-10-04 00:00:00,P1D,fcre,1.6,ensemble,5,Chla_ugL_mean,1.59038403955288
vera4cast,chlorocast_ens3,2026-10-15 00:00:00,2026-10-04 00:00:00,P1D,fcre,1.6,ensemble,5,Chla_ugL_mean,1.60030088286771
vera4cast,chlorocast_ens3,2026-10-16 00:00:00,2026-10-04 00:00:00,P1D,fcre,1.6,ensemble,5,Chla_ugL_mean,1.56366403811276
vera4cast,chlorocast_ens3,2026-10-17 00:00:00,2026-10-04 00:00:00,P1D,fcre,1.6,ensemble,5,Chla_ugL_mean,1.65261943465359
vera4cast,chlorocast_ens3,2026-10-18 00:00:00,2026-10-04 00:00:00,P1D,fcre,1.6,ensemble,5,Chla_ugL_mean,1.60750691924888
vera4cast,chlorocast_ens3,2026-10-19 00:00:00,2026-10-04 00:00:00,P1D,fcre,1.6,ensemble,5,Chla_ugL_mean,1.57688841724727
vera4cast,chlorocast_ens3,2026-10-20 00:00:00,2026-10-04 00:00:00,P1D,fcre,1.6,ensemble,5,Chla_ugL_mean,1.62311126320181
vera4cast,chlorocast_ens3,2026-10-21 00:00:00,2026-10-04 00:00:00,P1D,fcre,1.6,ensemble,5,Chla_ugL_mean,1.62396819689027
vera4cast,chlorocast_ens3,2026-10-22 00:00:00,2026-10-04 00:00:00,P1D,fcre,1.6,ensemble,5,Chla_ugL_mean,1.62298427451552
vera4cast,chlorocast_ens3,2026-10-23 00:00:00,2026-10-04 00:00:00,P1D,fcre,1.6,ensemble,5,Chla_ugL_mean,1.64628768795565
vera4cast,chlorocast_ens3,2026-10-24 00:00:00,2026-10-04 00:00:00,P1D,fcre,1.6,ensemble,5,Chla_ugL_mean,1.66169779276071
vera4cast,chlorocast_ens3,2026-10-25 00:00:00,2026-10-04 00:00:00,P1D,fcre,1.6,ensemble,5,Chla_ugL_mean,1.64351506660671
vera4cast,chlorocast_ens3,2026-10-26 00:00:00,2026-10-04 00:00:00,P1D,fcre,1.6,ensemble,5,Chla_ugL_mean,1.62599557290822
vera4cast,chlorocast_ens3,2026-10-27 00:00:00,2026-10-04 00:00:00,P1D,fcre,1.6,ensemble,5,Chla_ugL_mean,1.62510599305933
vera4cast,chlorocast_ens3,2026-10-28 00:00:00,2026-10-04 00:00:00,P1D,fcre,1.6,ensemble,5,Chla_ugL_mean,1.62652222163019
vera4cast,chlorocast_ens3,2026-10-29 00:00:00,2026-10-04 00:00:00,P1D,fcre,1.6,ensemble,5,Chla_ugL_mean,1.63629935283905
vera4cast,chlorocast_ens3,2026-10-30 00:00:00,2026-10-04 00:00:00,P1D,fcre,1.6,ensemble,5,Chla_ugL_mean,1.62411708185446
vera4cast,chlorocast_ens3,2026-10-31 00:00:00,2026-10-04 00:00:00,P1D,fcre,1.6,ensemble,5,Chla_ugL_mean,1.65958648459445
vera4cast,chlorocast_ens3,2026-11-01 00:00:00,2026-10-04 00:00:00,P1D,fcre,1.6,ensemble,5,Chla_ugL_mean,1.73828005949509
vera4cast,chlorocast_ens3,2026-11-02 00:00:00,2026-10-04 00:00:00,P1D,fcre,1.6,ensemble,5,Chla_ugL_mean,1.75476274280771
vera4cast,chlorocast_ens3,2026-11-03 00:00:00,2026-10-04 00:00:00,P1D,fcre,1.6,ensemble,5,Chla_ugL_mean,1.73687407040104
vera4cast,chlorocast_ens3,2026-11-04 00:00:00,2026-10-04 00:00:00,P1D,fcre,1.6,ensemble,5,Chla_ugL_mean,1.76463592586718
vera4cast,chlorocast_ens3,2026-11-05 00:00:00,2026-10-04 00:00:00,P1D,fcre,1.6,ensemble,5,Chla_ugL_mean,1.77733825578865
vera4cast,chlorocast_ens3,2026-11-06 00:00:00,2026-10-04 00:00:00,P1D,fcre,1.6,ensemble,5,Chla_ugL_mean,1.84108091279603
vera4cast,chlorocast_ens3,2026-11-07 00:00:00,2026-10-04 00:00:00,P1D,fcre,1.6,ensemble,5,Chla_ugL_mean,1.89664262100331
vera4cast,chlorocast_ens3,2026-11-08 00:00:00,2026-10-04 00:00:00,P1D,fcre,1.6,ensemble,5,Chla_ugL_mean,1.92369865544806
vera4cast,chlorocast_ens3,2026-10-05 00:00:00,2026-10-04 00:00:00,P1D,fcre,1.6,ensemble,6,Chla_ugL_mean,2.07461563914988
vera4cast,chlorocast_ens3,2026-10-06 00:00:00,2026-10-04 00:00:00,P1D,fcre,1.6,ensemble,6,Chla_ugL_mean,2.06216499892727
vera4cast,chlorocast_ens3,2026-10-07 00:00:00,2026-10-04 00:00:00,P1D,fcre,1.6,ensemble,6,Chla_ugL_mean,1.97052400956607
vera4cast,chlorocast_ens3,2026-10-08 00:00:00,2026-10-04 00:00:00,P1D,fcre,1.6,ensemble,6,Chla_ugL_mean,1.95109062120655
vera4cast,chlorocast_ens3,2026-10-09 00:00:00,2026-10-04 00:00:00,P1D,fcre,1.6,ensemble,6,Chla_ugL_mean,1.87418047399496
vera4cast,chlorocast_ens3,2026-10-10 00:00:00,2026-10-04 00:00:00,P1D,fcre,1.6,ensemble,6,Chla_ugL_mean,1.80399017377304
vera4cast,chlorocast_ens3,2026-10-11 00:00:00,2026-10-04 00:00:00,P1D,fcre,1.6,ensemble,6,Chla_ugL_mean,1.77689635146707
vera4cast,chlorocast_ens3,2026-10-12 00:00:00,2026-10-04 00:00:00,P1D,fcre,1.6,ensemble,6,Chla_ugL_mean,1.76553421887793
vera4cast,chlorocast_ens3,2026-10-13 00:00:00,2026-10-04 00:00:00,P1D,fcre,1.6,ensemble,6,Chla_ugL_mean,1.74740340201508
vera4cast,chlorocast_ens3,2026-10-14 00:00:00,2026-10-04 00:00:00,P1D,fcre,1.6,ensemble,6,Chla_ugL_mean,1.7336319014462
vera4cast,chlorocast_ens3,2026-10-15 00:00:00,2026-10-04 00:00:00,P1D,fcre,1.6,ensemble,6,Chla_ugL_mean,1.74357031306475
vera4cast,chlorocast_ens3,2026-10-16 00:00:00,2026-10-04 00:00:00,P1D,fcre,1.6,ensemble,6,Chla_ugL_mean,1.70657487593158
vera4cast,chlorocast_ens3,2026-10-17 00:00:00,2026-10-04 00:00:00,P1D,fcre,1.6,ensemble,6,Chla_ugL_mean,1.79562546315607
vera4cast,chlorocast_ens3,2026-10-18 00:00:00,2026-10-04 00:00:00,P1D,fcre,1.6,ensemble,6,Chla_ugL_mean,1.75006996120741
vera4cast,chlorocast_ens3,2026-10-19 00:00:00,2026-10-04 00:00:00,P1D,fcre,1.6,ensemble,6,Chla_ugL_mean,1.71892792840189
vera4cast,chlorocast_ens3,2026-10-20 00:00:00,2026-10-04 00:00:00,P1D,fcre,1.6,ensemble,6,Chla_ugL_mean,1.76554987178305
vera4cast,chlorocast_ens3,2026-10-21 00:00:00,2026-10-04 00:00:00,P1D,fcre,1.6,ensemble,6,Chla_ugL_mean,1.76665562459207
vera4cast,chlorocast_ens3,2026-10-22 00:00:00,2026-10-04 00:00:00,P1D,fcre,1.6,ensemble,6,Chla_ugL_mean,1.76470984046335
vera4cast,chlorocast_ens3,2026-10-23 00:00:00,2026-10-04 00:00:00,P1D,fcre,1.6,ensemble,6,Chla_ugL_mean,1.78757455807513
vera4cast,chlorocast_ens3,2026-10-24 00:00:00,2026-10-04 00:00:00,P1D,fcre,1.6,ensemble,6,Chla_ugL_mean,1.80327984431729
vera4cast,chlorocast_ens3,2026-10-25 00:00:00,2026-10-04 00:00:00,P1D,fcre,1.6,ensemble,6,Chla_ugL_mean,1.78551147885063
vera4cast,chlorocast_ens3,2026-10-26 00:00:00,2026-10-04 00:00:00,P1D,fcre,1.6,ensemble,6,Chla_ugL_mean,1.76887292703196
vera4cast,chlorocast_ens3,2026-10-27 00:00:00,2026-10-04 00:00:00,P1D,fcre,1.6,ensemble,6,Chla_ugL_mean,1.76864201993746
vera4cast,chlorocast_ens3,2026-10-28 00:00:00,2026-10-04 00:00:00,P1D,fcre,1.6,ensemble,6,Chla_ugL_mean,1.77119149725504
vera4cast,chlorocast_ens3,2026-10-29 00:00:00,2026-10-04 00:00:00,P1D,fcre,1.6,ensemble,6,Chla_ugL_mean,1.78175027708746
vera4cast,chlorocast_ens3,2026-10-30 00:00:00,2026-10-04 00:00:00,P1D,fcre,1.6,ensemble,6,Chla_ugL_mean,1.76977497676088
vera4cast,chlorocast_ens3,2026-10-31 00:00:00,2026-10-04 00:00:00,P1D,fcre,1.6,ensemble,6,Chla_ugL_mean,1.80684536060046
vera4cast,chlorocast_ens3,2026-11-01 00:00:00,2026-10-04 00:00:00,P1D,fcre,1.6,ensemble,6,Chla_ugL_mean,1.88755792222074
vera4cast,chlorocast_ens3,2026-11-02 00:00:00,2026-10-04 00:00:00,P1D,fcre,1.6,ensemble,6,Chla_ugL_mean,1.90522154552556
vera4cast,chlorocast_ens3,2026-11-03 00:00:00,2026-10-04 00:00:00,P1D,fcre,1.6,ensemble,6,Chla_ugL_mean,1.88841336311785
vera4cast,chlorocast_ens3,2026-11-04 00:00:00,2026-10-04 00:00:00,P1D,fcre,1.6,ensemble,6,Chla_ugL_mean,1.91753918431819
vera4cast,chlorocast_ens3,2026-11-05 00:00:00,2026-10-04 00:00:00,P1D,fcre,1.6,ensemble,6,Chla_ugL_mean,1.93312522763122
vera4cast,chlorocast_ens3,2026-11-06 00:00:00,2026-10-04 00:00:00,P1D,fcre,1.6,ensemble,6,Chla_ugL_mean,1.99961887257665
vera4cast,chlorocast_ens3,2026-11-07 00:00:00,2026-10-04 00:00:00,P1D,fcre,1.6,ensemble,6,Chla_ugL_mean,2.05882579562854
vera4cast,chlorocast_ens3,2026-11-08 00:00:00,2026-10-04 00:00:00,P1D,fcre,1.6,ensemble,6,Chla_ugL_mean,2.08857519385219
vera4cast,chlorocast_ens3,2026-10-05 00:00:00,2026-10-04 00:00:00,P1D,fcre,1.6,ensemble,7,Chla_ugL_mean,2.2123043184583
vera4cast,chlorocast_ens3,2026-10-06 00:00:00,2026-10-04 00:00:00,P1D,fcre,1.6,ensemble,7,Chla_ugL_mean,2.19907925956193
vera4cast,chlorocast_ens3,2026-10-07 00:00:00,2026-10-04 00:00:00,P1D,fcre,1.6,ensemble,7,Chla_ugL_mean,2.10534066319357
vera4cast,chlorocast_ens3,2026-10-08 00:00:00,2026-10-04 00:00:00,P1D,fcre,1.6,ensemble,7,Chla_ugL_mean,2.08483593666917
vera4cast,chlorocast_ens3,2026-10-09 00:00:00,2026-10-04 00:00:00,P1D,fcre,1.6,ensemble,7,Chla_ugL_mean,2.00708704635571
vera4cast,chlorocast_ens3,2026-10-10 00:00:00,2026-10-04 00:00:00,P1D,fcre,1.6,ensemble,7,Chla_ugL_mean,1.93475479550509
vera4cast,chlorocast_ens3,2026-10-11 00:00:00,2026-10-04 00:00:00,P1D,fcre,1.6,ensemble,7,Chla_ugL_mean,1.9066307296527
vera4cast,chlorocast_ens3,2026-10-12 00:00:00,2026-10-04 00:00:00,P1D,fcre,1.6,ensemble,7,Chla_ugL_mean,1.89434093234686
vera4cast,chlorocast_ens3,2026-10-13 00:00:00,2026-10-04 00:00:00,P1D,fcre,1.6,ensemble,7,Chla_ugL_mean,1.87642655539812
vera4cast,chlorocast_ens3,2026-10-14 00:00:00,2026-10-04 00:00:00,P1D,fcre,1.6,ensemble,7,Chla_ugL_mean,1.86287915251634
vera4cast,chlorocast_ens3,2026-10-15 00:00:00,2026-10-04 00:00:00,P1D,fcre,1.6,ensemble,7,Chla_ugL_mean,1.87281399456679
vera4cast,chlorocast_ens3,2026-10-16 00:00:00,2026-10-04 00:00:00,P1D,fcre,1.6,ensemble,7,Chla_ugL_mean,1.83556848663023
vera4cast,chlorocast_ens3,2026-10-17 00:00:00,2026-10-04 00:00:00,P1D,fcre,1.6,ensemble,7,Chla_ugL_mean,1.92449695693243
vera4cast,chlorocast_ens3,2026-10-18 00:00:00,2026-10-04 00:00:00,P1D,fcre,1.6,ensemble,7,Chla_ugL_mean,1.87862854256394
vera4cast,chlorocast_ens3,2026-10-19 00:00:00,2026-10-04 00:00:00,P1D,fcre,1.6,ensemble,7,Chla_ugL_mean,1.84706472297836
vera4cast,chlorocast_ens3,2026-10-20 00:00:00,2026-10-04 00:00:00,P1D,fcre,1.6,ensemble,7,Chla_ugL_mean,1.89395412375204
vera4cast,chlorocast_ens3,2026-10-21 00:00:00,2026-10-04 00:00:00,P1D,fcre,1.6,ensemble,7,Chla_ugL_mean,1.8952929077881
vera4cast,chlorocast_ens3,2026-10-22 00:00:00,2026-10-04 00:00:00,P1D,fcre,1.6,ensemble,7,Chla_ugL_mean,1.89244103075015
vera4cast,chlorocast_ens3,2026-10-23 00:00:00,2026-10-04 00:00:00,P1D,fcre,1.6,ensemble,7,Chla_ugL_mean,1.91483844110163
vera4cast,chlorocast_ens3,2026-10-24 00:00:00,2026-10-04 00:00:00,P1D,fcre,1.6,ensemble,7,Chla_ugL_mean,1.9307873426775
vera4cast,chlorocast_ens3,2026-10-25 00:00:00,2026-10-04 00:00:00,P1D,fcre,1.6,ensemble,7,Chla_ugL_mean,1.91345103347353
vera4cast,chlorocast_ens3,2026-10-26 00:00:00,2026-10-04 00:00:00,P1D,fcre,1.6,ensemble,7,Chla_ugL_mean,1.89768487486196
vera4cast,chlorocast_ens3,2026-10-27 00:00:00,2026-10-04 00:00:00,P1D,fcre,1.6,ensemble,7,Chla_ugL_mean,1.89807847385585
vera4cast,chlorocast_ens3,2026-10-28 00:00:00,2026-10-04 00:00:00,P1D,fcre,1.6,ensemble,7,Chla_ugL_mean,1.90169602131419
vera4cast,chlorocast_ens3,2026-10-29 00:00:00,2026-10-04 00:00:00,P1D,fcre,1.6,ensemble,7,Chla_ugL_mean,1.91297055995909
vera4cast,chlorocast_ens3,2026-10-30 00:00:00,2026-10-04 00:00:00,P1D,fcre,1.6,ensemble,7,Chla_ugL_mean,1.90122069491009
vera4cast,chlorocast_ens3,2026-10-31 00:00:00,2026-10-04 00:00:00,P1D,fcre,1.6,ensemble,7,Chla_ugL_mean,1.93971969004969
vera4cast,chlorocast_ens3,2026-11-01 00:00:00,2026-10-04 00:00:00,P1D,fcre,1.6,ensemble,7,Chla_ugL_mean,2.02215288512477
vera4cast,chlorocast_ens3,2026-11-02 00:00:00,2026-10-04 00:00:00,P1D,fcre,1.6,ensemble,7,Chla_ugL_mean,2.04089352905459
vera4cast,chlorocast_ens3,2026-11-03 00:00:00,2026-10-04 00:00:00,P1D,fcre,1.6,ensemble,7,Chla_ugL_mean,2.02515003663029
vera4cast,chlorocast_ens3,2026-11-04 00:00:00,2026-10-04 00:00:00,P1D,fcre,1.6,ensemble,7,Chla_ugL_mean,2.05549898937023
vera4cast,chlorocast_ens3,2026-11-05 00:00:00,2026-10-04 00:00:00,P1D,fcre,1.6,ensemble,7,Chla_ugL_mean,2.07378398217671
vera4cast,chlorocast_ens3,2026-11-06 00:00:00,2026-10-04 00:00:00,P1D,fcre,1.6,ensemble,7,Chla_ugL_mean,2.14272497153952
vera4cast,chlorocast_ens3,2026-11-07 00:00:00,2026-10-04 00:00:00,P1D,fcre,1.6,ensemble,7,Chla_ugL_mean,2.20524648734275
vera4cast,chlorocast_ens3,2026-11-08 00:00:00,2026-10-04 00:00:00,P1D,fcre,1.6,ensemble,7,Chla_ugL_mean,2.23748020647387
vera4cast,chlorocast_ens3,2026-10-05 00:00:00,2026-10-04 00:00:00,P1D,fcre,1.6,ensemble,8,Chla_ugL_mean,2.33858695065658
vera4cast,chlorocast_ens3,2026-10-06 00:00:00,2026-10-04 00:00:00,P1D,fcre,1.6,ensemble,8,Chla_ugL_mean,2.3246436310645
vera4cast,chlorocast_ens3,2026-10-07 00:00:00,2026-10-04 00:00:00,P1D,fcre,1.6,ensemble,8,Chla_ugL_mean,2.22905614825438
vera4cast,chlorocast_ens3,2026-10-08 00:00:00,2026-10-04 00:00:00,P1D,fcre,1.6,ensemble,8,Chla_ugL_mean,2.20756122479882
vera4cast,chlorocast_ens3,2026-10-09 00:00:00,2026-10-04 00:00:00,P1D,fcre,1.6,ensemble,8,Chla_ugL_mean,2.12914361126783
vera4cast,chlorocast_ens3,2026-10-10 00:00:00,2026-10-04 00:00:00,P1D,fcre,1.6,ensemble,8,Chla_ugL_mean,2.05488670726237
vera4cast,chlorocast_ens3,2026-10-11 00:00:00,2026-10-04 00:00:00,P1D,fcre,1.6,ensemble,8,Chla_ugL_mean,2.02582515388826
vera4cast,chlorocast_ens3,2026-10-12 00:00:00,2026-10-04 00:00:00,P1D,fcre,1.6,ensemble,8,Chla_ugL_mean,2.0126678202282
vera4cast,chlorocast_ens3,2026-10-13 00:00:00,2026-10-04 00:00:00,P1D,fcre,1.6,ensemble,8,Chla_ugL_mean,1.99499334661592
vera4cast,chlorocast_ens3,2026-10-14 00:00:00,2026-10-04 00:00:00,P1D,fcre,1.6,ensemble,8,Chla_ugL_mean,1.98168582253686
vera4cast,chlorocast_ens3,2026-10-15 00:00:00,2026-10-04 00:00:00,P1D,fcre,1.6,ensemble,8,Chla_ugL_mean,1.9915989966513
vera4cast,chlorocast_ens3,2026-10-16 00:00:00,2026-10-04 00:00:00,P1D,fcre,1.6,ensemble,8,Chla_ugL_mean,1.9541823006264
vera4cast,chlorocast_ens3,2026-10-17 00:00:00,2026-10-04 00:00:00,P1D,fcre,1.6,ensemble,8,Chla_ugL_mean,2.04283255265664
vera4cast,chlorocast_ens3,2026-10-18 00:00:00,2026-10-04 00:00:00,P1D,fcre,1.6,ensemble,8,Chla_ugL_mean,1.99674568189636
vera4cast,chlorocast_ens3,2026-10-19 00:00:00,2026-10-04 00:00:00,P1D,fcre,1.6,ensemble,8,Chla_ugL_mean,1.9648345063478
vera4cast,chlorocast_ens3,2026-10-20 00:00:00,2026-10-04 00:00:00,P1D,fcre,1.6,ensemble,8,Chla_ugL_mean,2.01189586149719
vera4cast,chlorocast_ens3,2026-10-21 00:00:00,2026-10-04 00:00:00,P1D,fcre,1.6,ensemble,8,Chla_ugL_mean,2.01345565373022
vera4cast,chlorocast_ens3,2026-10-22 00:00:00,2026-10-04 00:00:00,P1D,fcre,1.6,ensemble,8,Chla_ugL_mean,2.00974039772959
vera4cast,chlorocast_ens3,2026-10-23 00:00:00,2026-10-04 00:00:00,P1D,fcre,1.6,ensemble,8,Chla_ugL_mean,2.03165131523625
vera4cast,chlorocast_ens3,2026-10-24 00:00:00,2026-10-04 00:00:00,P1D,fcre,1.6,ensemble,8,Chla_ugL_mean,2.04780607325191
vera4cast,chlorocast_ens3,2026-10-25 00:00:00,2026-10-04 00:00:00,P1D,fcre,1.6,ensemble,8,Chla_ugL_mean,2.03091324559902
vera4cast,chlorocast_ens3,2026-10-26 00:00:00,2026-10-04 00:00:00,P1D,fcre,1.6,ensemble,8,Chla_ugL_mean,2.01601080797167
vera4cast,chlorocast_ens3,2026-10-27 00:00:00,2026-10-04 00:00:00,P1D,fcre,1.6,ensemble,8,Chla_ugL_mean,2.01700255850971
vera4cast,chlorocast_ens3,2026-10-28 00:00:00,2026-10-04 00:00:00,P1D,fcre,1.6,ensemble,8,Chla_ugL_mean,2.02163827003663
vera4cast,chlorocast_ens3,2026-10-29 00:00:00,2026-10-04 00:00:00,P1D,fcre,1.6,ensemble,8,Chla_ugL_mean,2.03357913551798
vera4cast,chlorocast_ens3,2026-10-30 00:00:00,2026-10-04 00:00:00,P1D,fcre,1.6,ensemble,8,Chla_ugL_mean,2.02206739451301
vera4cast,chlorocast_ens3,2026-10-31 00:00:00,2026-10-04 00:00:00,P1D,fcre,1.6,ensemble,8,Chla_ugL_mean,2.06186690266676
vera4cast,chlorocast_ens3,2026-11-01 00:00:00,2026-10-04 00:00:00,P1D,fcre,1.6,ensemble,8,Chla_ugL_mean,2.14580111687585
vera4cast,chlorocast_ens3,2026-11-02 00:00:00,2026-10-04 00:00:00,P1D,fcre,1.6,ensemble,8,Chla_ugL_mean,2.16554095303163
vera4cast,chlorocast_ens3,2026-11-03 00:00:00,2026-10-04 00:00:00,P1D,fcre,1.6,ensemble,8,Chla_ugL_mean,2.15084781893165
vera4cast,chlorocast_ens3,2026-11-04 00:00:00,2026-10-04 00:00:00,P1D,fcre,1.6,ensemble,8,Chla_ugL_mean,2.1823150900543
vera4cast,chlorocast_ens3,2026-11-05 00:00:00,2026-10-04 00:00:00,P1D,fcre,1.6,ensemble,8,Chla_ugL_mean,2.20315858403103
vera4cast,chlorocast_ens3,2026-11-06 00:00:00,2026-10-04 00:00:00,P1D,fcre,1.6,ensemble,8,Chla_ugL_mean,2.27432142656206
vera4cast,chlorocast_ens3,2026-11-07 00:00:00,2026-10-04 00:00:00,P1D,fcre,1.6,ensemble,8,Chla_ugL_mean,2.33991028423276
vera4cast,chlorocast_ens3,2026-11-08 00:00:00,2026-10-04 00:00:00,P1D,fcre,1.6,ensemble,8,Chla_ugL_mean,2.37447098207054
vera4cast,chlorocast_ens3,2026-10-05 00:00:00,2026-10-04 00:00:00,P1D,fcre,1.6,ensemble,9,Chla_ugL_mean,2.45600409015095
vera4cast,chlorocast_ens3,2026-10-06 00:00:00,2026-10-04 00:00:00,P1D,fcre,1.6,ensemble,9,Chla_ugL_mean,2.44138633433193
vera4cast,chlorocast_ens3,2026-10-07 00:00:00,2026-10-04 00:00:00,P1D,fcre,1.6,ensemble,9,Chla_ugL_mean,2.34414167730863
vera4cast,chlorocast_ens3,2026-10-08 00:00:00,2026-10-04 00:00:00,P1D,fcre,1.6,ensemble,9,Chla_ugL_mean,2.32171978520267
vera4cast,chlorocast_ens3,2026-10-09 00:00:00,2026-10-04 00:00:00,P1D,fcre,1.6,ensemble,9,Chla_ugL_mean,2.24276354443057
vera4cast,chlorocast_ens3,2026-10-10 00:00:00,2026-10-04 00:00:00,P1D,fcre,1.6,ensemble,9,Chla_ugL_mean,2.16675011008654
vera4cast,chlorocast_ens3,2026-10-11 00:00:00,2026-10-04 00:00:00,P1D,fcre,1.6,ensemble,9,Chla_ugL_mean,2.13682302499365
vera4cast,chlorocast_ens3,2026-10-12 00:00:00,2026-10-04 00:00:00,P1D,fcre,1.6,ensemble,9,Chla_ugL_mean,2.1228452136638
vera4cast,chlorocast_ens3,2026-10-13 00:00:00,2026-10-04 00:00:00,P1D,fcre,1.6,ensemble,9,Chla_ugL_mean,2.10542809170951
vera4cast,chlorocast_ens3,2026-10-14 00:00:00,2026-10-04 00:00:00,P1D,fcre,1.6,ensemble,9,Chla_ugL_mean,2.09237207461111
vera4cast,chlorocast_ens3,2026-10-15 00:00:00,2026-10-04 00:00:00,P1D,fcre,1.6,ensemble,9,Chla_ugL_mean,2.10224985298627
vera4cast,chlorocast_ens3,2026-10-16 00:00:00,2026-10-04 00:00:00,P1D,fcre,1.6,ensemble,9,Chla_ugL_mean,2.06472222472558
vera4cast,chlorocast_ens3,2026-10-17 00:00:00,2026-10-04 00:00:00,P1D,fcre,1.6,ensemble,9,Chla_ugL_mean,2.15297606741576
vera4cast,chlorocast_ens3,2026-10-18 00:00:00,2026-10-04 00:00:00,P1D,fcre,1.6,ensemble,9,Chla_ugL_mean,2.10674281912535
vera4cast,chlorocast_ens3,2026-10-19 00:00:00,2026-10-04 00:00:00,P1D,fcre,1.6,ensemble,9,Chla_ugL_mean,2.07454139820177
vera4cast,chlorocast_ens3,2026-10-20 00:00:00,2026-10-04 00:00:00,P1D,fcre,1.6,ensemble,9,Chla_ugL_mean,2.12170187224263
vera4cast,chlorocast_ens3,2026-10-21 00:00:00,2026-10-04 00:00:00,P1D,fcre,1.6,ensemble,9,Chla_ugL_mean,2.12347318542561
vera4cast,chlorocast_ens3,2026-10-22 00:00:00,2026-10-04 00:00:00,P1D,fcre,1.6,ensemble,9,Chla_ugL_mean,2.11892838690863
vera4cast,chlorocast_ens3,2026-10-23 00:00:00,2026-10-04 00:00:00,P1D,fcre,1.6,ensemble,9,Chla_ugL_mean,2.14033907088929
vera4cast,chlorocast_ens3,2026-10-24 00:00:00,2026-10-04 00:00:00,P1D,fcre,1.6,ensemble,9,Chla_ugL_mean,2.15667070111058
vera4cast,chlorocast_ens3,2026-10-25 00:00:00,2026-10-04 00:00:00,P1D,fcre,1.6,ensemble,9,Chla_ugL_mean,2.14022926553163
vera4cast,chlorocast_ens3,2026-10-26 00:00:00,2026-10-04 00:00:00,P1D,fcre,1.6,ensemble,9,Chla_ugL_mean,2.12618254745265
vera4cast,chlorocast_ens3,2026-10-27 00:00:00,2026-10-04 00:00:00,P1D,fcre,1.6,ensemble,9,Chla_ugL_mean,2.12775147576632
vera4cast,chlorocast_ens3,2026-10-28 00:00:00,2026-10-04 00:00:00,P1D,fcre,1.6,ensemble,9,Chla_ugL_mean,2.13336583204037
vera4cast,chlorocast_ens3,2026-10-29 00:00:00,2026-10-04 00:00:00,P1D,fcre,1.6,ensemble,9,Chla_ugL_mean,2.14593441766075
vera4cast,chlorocast_ens3,2026-10-30 00:00:00,2026-10-04 00:00:00,P1D,fcre,1.6,ensemble,9,Chla_ugL_mean,2.13467008901607
vera4cast,chlorocast_ens3,2026-10-31 00:00:00,2026-10-04 00:00:00,P1D,fcre,1.6,ensemble,9,Chla_ugL_mean,2.17567071567641
vera4cast,chlorocast_ens3,2026-11-01 00:00:00,2026-10-04 00:00:00,P1D,fcre,1.6,ensemble,9,Chla_ugL_mean,2.2609366921059
vera4cast,chlorocast_ens3,2026-11-02 00:00:00,2026-10-04 00:00:00,P1D,fcre,1.6,ensemble,9,Chla_ugL_mean,2.28161500642065
vera4cast,chlorocast_ens3,2026-11-03 00:00:00,2026-10-04 00:00:00,P1D,fcre,1.6,ensemble,9,Chla_ugL_mean,2.26795970722059
vera4cast,chlorocast_ens3,2026-11-04 00:00:00,2026-10-04 00:00:00,P1D,fcre,1.6,ensemble,9,Chla_ugL_mean,2.30046388865521
vera4cast,chlorocast_ens3,2026-11-05 00:00:00,2026-10-04 00:00:00,P1D,fcre,1.6,ensemble,9,Chla_ugL_mean,2.32375522223414
vera4cast,chlorocast_ens3,2026-11-06 00:00:00,2026-10-04 00:00:00,P1D,fcre,1.6,ensemble,9,Chla_ugL_mean,2.39696503833262
vera4cast,chlorocast_ens3,2026-11-07 00:00:00,2026-10-04 00:00:00,P1D,fcre,1.6,ensemble,9,Chla_ugL_mean,2.46542856030651
vera4cast,chlorocast_ens3,2026-11-08 00:00:00,2026-10-04 00:00:00,P1D,fcre,1.6,ensemble,9,Chla_ugL_mean,2.50219308896493
vera4cast,chlorocast_ens3,2026-10-05 00:00:00,2026-10-04 00:00:00,P1D,fcre,1.6,ensemble,10,Chla_ugL_mean,2.56631168883126
vera4cast,chlorocast_ens3,2026-10-06 00:00:00,2026-10-04 00:00:00,P1D,fcre,1.6,ensemble,10,Chla_ugL_mean,2.55105473808345
vera4cast,chlorocast_ens3,2026-10-07 00:00:00,2026-10-04 00:00:00,P1D,fcre,1.6,ensemble,10,Chla_ugL_mean,2.45230576184549
vera4cast,chlorocast_ens3,2026-10-08 00:00:00,2026-10-04 00:00:00,P1D,fcre,1.6,ensemble,10,Chla_ugL_mean,2.42900769360885
vera4cast,chlorocast_ens3,2026-10-09 00:00:00,2026-10-04 00:00:00,P1D,fcre,1.6,ensemble,10,Chla_ugL_mean,2.34961604360074
vera4cast,chlorocast_ens3,2026-10-10 00:00:00,2026-10-04 00:00:00,P1D,fcre,1.6,ensemble,10,Chla_ugL_mean,2.27198049194831
vera4cast,chlorocast_ens3,2026-10-11 00:00:00,2026-10-04 00:00:00,P1D,fcre,1.6,ensemble,10,Chla_ugL_mean,2.24124550563121
vera4cast,chlorocast_ens3,2026-10-12 00:00:00,2026-10-04 00:00:00,P1D,fcre,1.6,ensemble,10,Chla_ugL_mean,2.22648512550285
vera4cast,chlorocast_ens3,2026-10-13 00:00:00,2026-10-04 00:00:00,P1D,fcre,1.6,ensemble,10,Chla_ugL_mean,2.20933893281923
vera4cast,chlorocast_ens3,2026-10-14 00:00:00,2026-10-04 00:00:00,P1D,fcre,1.6,ensemble,10,Chla_ugL_mean,2.19654341604957
vera4cast,chlorocast_ens3,2026-10-15 00:00:00,2026-10-04 00:00:00,P1D,fcre,1.6,ensemble,10,Chla_ugL_mean,2.20637496584643
vera4cast,chlorocast_ens3,2026-10-16 00:00:00,2026-10-04 00:00:00,P1D,fcre,1.6,ensemble,10,Chla_ugL_mean,2.16878418249006
vera4cast,chlorocast_ens3,2026-10-17 00:00:00,2026-10-04 00:00:00,P1D,fcre,1.6,ensemble,10,Chla_ugL_mean,2.2565484795818
vera4cast,chlorocast_ens3,2026-10-18 00:00:00,2026-10-04 00:00:00,P1D,fcre,1.6,ensemble,10,Chla_ugL_mean,2.21022594554651
vera4cast,chlorocast_ens3,2026-10-19 00:00:00,2026-10-04 00:00:00,P1D,fcre,1.6,ensemble,10,Chla_ugL_mean,2.17777969063661
vera4cast,chlorocast_ens3,2026-10-20 00:00:00,2026-10-04 00:00:00,P1D,fcre,1.6,ensemble,10,Chla_ugL_mean,2.22498160743627
vera4cast,chlorocast_ens3,2026-10-21 00:00:00,2026-10-04 00:00:00,P1D,fcre,1.6,ensemble,10,Chla_ugL_mean,2.22695675790245
vera4cast,chlorocast_ens3,2026-10-22 00:00:00,2026-10-04 00:00:00,P1D,fcre,1.6,ensemble,10,Chla_ugL_mean,2.22160989054217
vera4cast,chlorocast_ens3,2026-10-23 00:00:00,2026-10-04 00:00:00,P1D,fcre,1.6,ensemble,10,Chla_ugL_mean,2.24250995286708
vera4cast,chlorocast_ens3,2026-10-24 00:00:00,2026-10-04 00:00:00,P1D,fcre,1.6,ensemble,10,Chla_ugL_mean,2.25899540986615
vera4cast,chlorocast_ens3,2026-10-25 00:00:00,2026-10-04 00:00:00,P1D,fcre,1.6,ensemble,10,Chla_ugL_mean,2.24301118468662
vera4cast,chlorocast_ens3,2026-10-26 00:00:00,2026-10-04 00:00:00,P1D,fcre,1.6,ensemble,10,Chla_ugL_mean,2.22981309584874
vera4cast,chlorocast_ens3,2026-10-27 00:00:00,2026-10-04 00:00:00,P1D,fcre,1.6,ensemble,10,Chla_ugL_mean,2.23194212380826
vera4cast,chlorocast_ens3,2026-10-28 00:00:00,2026-10-04 00:00:00,P1D,fcre,1.6,ensemble,10,Chla_ugL_mean,2.23850305086348
vera4cast,chlorocast_ens3,2026-10-29 00:00:00,2026-10-04 00:00:00,P1D,fcre,1.6,ensemble,10,Chla_ugL_mean,2.25166829992597
vera4cast,chlorocast_ens3,2026-10-30 00:00:00,2026-10-04 00:00:00,P1D,fcre,1.6,ensemble,10,Chla_ugL_mean,2.24065853559891
vera4cast,chlorocast_ens3,2026-10-31 00:00:00,2026-10-04 00:00:00,P1D,fcre,1.6,ensemble,10,Chla_ugL_mean,2.28278065989565
vera4cast,chlorocast_ens3,2026-11-01 00:00:00,2026-10-04 00:00:00,P1D,fcre,1.6,ensemble,10,Chla_ugL_mean,2.36924341713337
vera4cast,chlorocast_ens3,2026-11-02 00:00:00,2026-10-04 00:00:00,P1D,fcre,1.6,ensemble,10,Chla_ugL_mean,2.39081140389439
vera4cast,chlorocast_ens3,2026-11-03 00:00:00,2026-10-04 00:00:00,P1D,fcre,1.6,ensemble,10,Chla_ugL_mean,2.37818317427652
vera4cast,chlorocast_ens3,2026-11-04 00:00:00,2026-10-04 00:00:00,P1D,fcre,1.6,ensemble,10,Chla_ugL_mean,2.4116590116739
vera4cast,chlorocast_ens3,2026-11-05 00:00:00,2026-10-04 00:00:00,P1D,fcre,1.6,ensemble,10,Chla_ugL_mean,2.43730867440302
vera4cast,chlorocast_ens3,2026-11-06 00:00:00,2026-10-04 00:00:00,P1D,fcre,1.6,ensemble,10,Chla_ugL_mean,2.51242541473181
vera4cast,chlorocast_ens3,2026-11-07 00:00:00,2026-10-04 00:00:00,P1D,fcre,1.6,ensemble,10,Chla_ugL_mean,2.58360882901927
vera4cast,chlorocast_ens3,2026-11-08 00:00:00,2026-10-04 00:00:00,P1D,fcre,1.6,ensemble,10,Chla_ugL_mean,2.62247800021682
vera4cast,chlorocast_ens3,2026-10-05 00:00:00,2026-10-04 00:00:00,P1D,fcre,1.6,ensemble,11,Chla_ugL_mean,2.67077955373102
vera4cast,chlorocast_ens3,2026-10-06 00:00:00,2026-10-04 00:00:00,P1D,fcre,1.6,ensemble,11,Chla_ugL_mean,2.65491240509345
vera4cast,chlorocast_ens3,2026-10-07 00:00:00,2026-10-04 00:00:00,P1D,fcre,1.6,ensemble,11,Chla_ugL_mean,2.55478421295629
vera4cast,chlorocast_ens3,2026-10-08 00:00:00,2026-10-04 00:00:00,P1D,fcre,1.6,ensemble,11,Chla_ugL_mean,2.53065173323667
vera4cast,chlorocast_ens3,2026-10-09 00:00:00,2026-10-04 00:00:00,P1D,fcre,1.6,ensemble,11,Chla_ugL_mean,2.45090891250838
vera4cast,chlorocast_ens3,2026-10-10 00:00:00,2026-10-04 00:00:00,P1D,fcre,1.6,ensemble,11,Chla_ugL_mean,2.37176145725861
vera4cast,chlorocast_ens3,2026-10-11 00:00:00,2026-10-04 00:00:00,P1D,fcre,1.6,ensemble,11,Chla_ugL_mean,2.34026587363828
vera4cast,chlorocast_ens3,2026-10-12 00:00:00,2026-10-04 00:00:00,P1D,fcre,1.6,ensemble,11,Chla_ugL_mean,2.32475414253937
vera4cast,chlorocast_ens3,2026-10-13 00:00:00,2026-10-04 00:00:00,P1D,fcre,1.6,ensemble,11,Chla_ugL_mean,2.30788984089529
vera4cast,chlorocast_ens3,2026-10-14 00:00:00,2026-10-04 00:00:00,P1D,fcre,1.6,ensemble,11,Chla_ugL_mean,2.29536206302499
vera4cast,chlorocast_ens3,2026-10-15 00:00:00,2026-10-04 00:00:00,P1D,fcre,1.6,ensemble,11,Chla_ugL_mean,2.30513856442996
vera4cast,chlorocast_ens3,2026-10-16 00:00:00,2026-10-04 00:00:00,P1D,fcre,1.6,ensemble,11,Chla_ugL_mean,2.26752363218833
vera4cast,chlorocast_ens3,2026-10-17 00:00:00,2026-10-04 00:00:00,P1D,fcre,1.6,ensemble,11,Chla_ugL_mean,2.35472263222193
vera4cast,chlorocast_ens3,2026-10-18 00:00:00,2026-10-04 00:00:00,P1D,fcre,1.6,ensemble,11,Chla_ugL_mean,2.30835737259381
vera4cast,chlorocast_ens3,2026-10-19 00:00:00,2026-10-04 00:00:00,P1D,fcre,1.6,ensemble,11,Chla_ugL_mean,2.27570340873309
vera4cast,chlorocast_ens3,2026-10-20 00:00:00,2026-10-04 00:00:00,P1D,fcre,1.6,ensemble,11,Chla_ugL_mean,2.32289973008817
vera4cast,chlorocast_ens3,2026-10-21 00:00:00,2026-10-04 00:00:00,P1D,fcre,1.6,ensemble,11,Chla_ugL_mean,2.32507237095134
vera4cast,chlorocast_ens3,2026-10-22 00:00:00,2026-10-04 00:00:00,P1D,fcre,1.6,ensemble,11,Chla_ugL_mean,2.31894616227637
vera4cast,chlorocast_ens3,2026-10-23 00:00:00,2026-10-04 00:00:00,P1D,fcre,1.6,ensemble,11,Chla_ugL_mean,2.33932737692818
vera4cast,chlorocast_ens3,2026-10-24 00:00:00,2026-10-04 00:00:00,P1D,fcre,1.6,ensemble,11,Chla_ugL_mean,2.35594782950327
vera4cast,chlorocast_ens3,2026-10-25 00:00:00,2026-10-04 00:00:00,P1D,fcre,1.6,ensemble,11,Chla_ugL_mean,2.34042533525158
vera4cast,chlorocast_ens3,2026-10-26 00:00:00,2026-10-04 00:00:00,P1D,fcre,1.6,ensemble,11,Chla_ugL_mean,2.32806973001927
vera4cast,chlorocast_ens3,2026-10-27 00:00:00,2026-10-04 00:00:00,P1D,fcre,1.6,ensemble,11,Chla_ugL_mean,2.33074470944764
vera4cast,chlorocast_ens3,2026-10-28 00:00:00,2026-10-04 00:00:00,P1D,fcre,1.6,ensemble,11,Chla_ugL_mean,2.33822568761988
vera4cast,chlorocast_ens3,2026-10-29 00:00:00,2026-10-04 00:00:00,P1D,fcre,1.6,ensemble,11,Chla_ugL_mean,2.35196204657373
vera4cast,chlorocast_ens3,2026-10-30 00:00:00,2026-10-04 00:00:00,P1D,fcre,1.6,ensemble,11,Chla_ugL_mean,2.34121259041578
vera4cast,chlorocast_ens3,2026-10-31 00:00:00,2026-10-04 00:00:00,P1D,fcre,1.6,ensemble,11,Chla_ugL_mean,2.38439084875687
vera4cast,chlorocast_ens3,2026-11-01 00:00:00,2026-10-04 00:00:00,P1D,fcre,1.6,ensemble,11,Chla_ugL_mean,2.47193985276435
vera4cast,chlorocast_ens3,2026-11-02 00:00:00,2026-10-04 00:00:00,P1D,fcre,1.6,ensemble,11,Chla_ugL_mean,2.49435736848578
vera4cast,chlorocast_ens3,2026-11-03 00:00:00,2026-10-04 00:00:00,P1D,fcre,1.6,ensemble,11,Chla_ugL_mean,2.48274703941232
vera4cast,chlorocast_ens3,2026-11-04 00:00:00,2026-10-04 00:00:00,P1D,fcre,1.6,ensemble,11,Chla_ugL_mean,2.51714094508349
vera4cast,chlorocast_ens3,2026-11-05 00:00:00,2026-10-04 00:00:00,P1D,fcre,1.6,ensemble,11,Chla_ugL_mean,2.54507508219569
vera4cast,chlorocast_ens3,2026-11-06 00:00:00,2026-10-04 00:00:00,P1D,fcre,1.6,ensemble,11,Chla_ugL_mean,2.62198378811647
vera4cast,chlorocast_ens3,2026-11-07 00:00:00,2026-10-04 00:00:00,P1D,fcre,1.6,ensemble,11,Chla_ugL_mean,2.69575985300351
vera4cast,chlorocast_ens3,2026-11-08 00:00:00,2026-10-04 00:00:00,P1D,fcre,1.6,ensemble,11,Chla_ugL_mean,2.7366520130144
vera4cast,chlorocast_ens3,2026-10-05 00:00:00,2026-10-04 00:00:00,P1D,fcre,1.6,ensemble,12,Chla_ugL_mean,2.77035894860777
vera4cast,chlorocast_ens3,2026-10-06 00:00:00,2026-10-04 00:00:00,P1D,fcre,1.6,ensemble,12,Chla_ugL_mean,2.75390589611738
vera4cast,chlorocast_ens3,2026-10-07 00:00:00,2026-10-04 00:00:00,P1D,fcre,1.6,ensemble,12,Chla_ugL_mean,2.65250303571587
vera4cast,chlorocast_ens3,2026-10-08 00:00:00,2026-10-04 00:00:00,P1D,fcre,1.6,ensemble,12,Chla_ugL_mean,2.62757112241939
vera4cast,chlorocast_ens3,2026-10-09 00:00:00,2026-10-04 00:00:00,P1D,fcre,1.6,ensemble,12,Chla_ugL_mean,2.54754745941591
vera4cast,chlorocast_ens3,2026-10-10 00:00:00,2026-10-04 00:00:00,P1D,fcre,1.6,ensemble,12,Chla_ugL_mean,2.46698030552519
vera4cast,chlorocast_ens3,2026-10-11 00:00:00,2026-10-04 00:00:00,P1D,fcre,1.6,ensemble,12,Chla_ugL_mean,2.43476371454268
vera4cast,chlorocast_ens3,2026-10-12 00:00:00,2026-10-04 00:00:00,P1D,fcre,1.6,ensemble,12,Chla_ugL_mean,2.41852678755624
vera4cast,chlorocast_ens3,2026-10-13 00:00:00,2026-10-04 00:00:00,P1D,fcre,1.6,ensemble,12,Chla_ugL_mean,2.40195350277737
vera4cast,chlorocast_ens3,2026-10-14 00:00:00,2026-10-04 00:00:00,P1D,fcre,1.6,ensemble,12,Chla_ugL_mean,2.38969948949622
vera4cast,chlorocast_ens3,2026-10-15 00:00:00,2026-10-04 00:00:00,P1D,fcre,1.6,ensemble,12,Chla_ugL_mean,2.3994135763971
vera4cast,chlorocast_ens3,2026-10-16 00:00:00,2026-10-04 00:00:00,P1D,fcre,1.6,ensemble,12,Chla_ugL_mean,2.36180710173123
vera4cast,chlorocast_ens3,2026-10-17 00:00:00,2026-10-04 00:00:00,P1D,fcre,1.6,ensemble,12,Chla_ugL_mean,2.44837758173028
vera4cast,chlorocast_ens3,2026-10-18 00:00:00,2026-10-04 00:00:00,P1D,fcre,1.6,ensemble,12,Chla_ugL_mean,2.40200847359047
vera4cast,chlorocast_ens3,2026-10-19 00:00:00,2026-10-04 00:00:00,P1D,fcre,1.6,ensemble,12,Chla_ugL_mean,2.36917783556136
vera4cast,chlorocast_ens3,2026-10-20 00:00:00,2026-10-04 00:00:00,P1D,fcre,1.6,ensemble,12,Chla_ugL_mean,2.4163292735357
vera4cast,chlorocast_ens3,2026-10-21 00:00:00,2026-10-04 00:00:00,P1D,fcre,1.6,ensemble,12,Chla_ugL_mean,2.4186940812965
vera4cast,chlorocast_ens3,2026-10-22 00:00:00,2026-10-04 00:00:00,P1D,fcre,1.6,ensemble,12,Chla_ugL_mean,2.41180760552195
vera4cast,chlorocast_ens3,2026-10-23 00:00:00,2026-10-04 00:00:00,P1D,fcre,1.6,ensemble,12,Chla_ugL_mean,2.43166318935406
vera4cast,chlorocast_ens3,2026-10-24 00:00:00,2026-10-04 00:00:00,P1D,fcre,1.6,ensemble,12,Chla_ugL_mean,2.44840290916436
vera4cast,chlorocast_ens3,2026-10-25 00:00:00,2026-10-04 00:00:00,P1D,fcre,1.6,ensemble,12,Chla_ugL_mean,2.43334583919036
vera4cast,chlorocast_ens3,2026-10-26 00:00:00,2026-10-04 00:00:00,P1D,fcre,1.6,ensemble,12,Chla_ugL_mean,2.42182747240852
vera4cast,chlorocast_ens3,2026-10-27 00:00:00,2026-10-04 00:00:00,P1D,fcre,1.6,ensemble,12,Chla_ugL_mean,2.42503652623185
vera4cast,chlorocast_ens3,2026-10-28 00:00:00,2026-10-04 00:00:00,P1D,fcre,1.6,ensemble,12,Chla_ugL_mean,2.43341531173725
vera4cast,chlorocast_ens3,2026-10-29 00:00:00,2026-10-04 00:00:00,P1D,fcre,1.6,ensemble,12,Chla_ugL_mean,2.44770137896763
vera4cast,chlorocast_ens3,2026-10-30 00:00:00,2026-10-04 00:00:00,P1D,fcre,1.6,ensemble,12,Chla_ugL_mean,2.43721701236141
vera4cast,chlorocast_ens3,2026-10-31 00:00:00,2026-10-04 00:00:00,P1D,fcre,1.6,ensemble,12,Chla_ugL_mean,2.48139669352244
vera4cast,chlorocast_ens3,2026-11-01 00:00:00,2026-10-04 00:00:00,P1D,fcre,1.6,ensemble,12,Chla_ugL_mean,2.56993949602382
vera4cast,chlorocast_ens3,2026-11-02 00:00:00,2026-10-04 00:00:00,P1D,fcre,1.6,ensemble,12,Chla_ugL_mean,2.59317292070167
vera4cast,chlorocast_ens3,2026-11-03 00:00:00,2026-10-04 00:00:00,P1D,fcre,1.6,ensemble,12,Chla_ugL_mean,2.58257273836294
vera4cast,chlorocast_ens3,2026-11-04 00:00:00,2026-10-04 00:00:00,P1D,fcre,1.6,ensemble,12,Chla_ugL_mean,2.61783985456528
vera4cast,chlorocast_ens3,2026-11-05 00:00:00,2026-10-04 00:00:00,P1D,fcre,1.6,ensemble,12,Chla_ugL_mean,2.64799658309256
vera4cast,chlorocast_ens3,2026-11-06 00:00:00,2026-10-04 00:00:00,P1D,fcre,1.6,ensemble,12,Chla_ugL_mean,2.72660102707917
vera4cast,chlorocast_ens3,2026-11-07 00:00:00,2026-10-04 00:00:00,P1D,fcre,1.6,ensemble,12,Chla_ugL_mean,2.80286320532467
vera4cast,chlorocast_ens3,2026-11-08 00:00:00,2026-10-04 00:00:00,P1D,fcre,1.6,ensemble,12,Chla_ugL_mean,2.84570997706363
vera4cast,chlorocast_ens3,2026-10-05 00:00:00,2026-10-04 00:00:00,P1D,fcre,1.6,ensemble,13,Chla_ugL_mean,2.86578301758578
vera4cast,chlorocast_ens3,2026-10-06 00:00:00,2026-10-04 00:00:00,P1D,fcre,1.6,ensemble,13,Chla_ugL_mean,2.84876471292662
vera4cast,chlorocast_ens3,2026-10-07 00:00:00,2026-10-04 00:00:00,P1D,fcre,1.6,ensemble,13,Chla_ugL_mean,2.74617605448436
vera4cast,chlorocast_ens3,2026-10-08 00:00:00,2026-10-04 00:00:00,P1D,fcre,1.6,ensemble,13,Chla_ugL_mean,2.72047443831276
vera4cast,chlorocast_ens3,2026-10-09 00:00:00,2026-10-04 00:00:00,P1D,fcre,1.6,ensemble,13,Chla_ugL_mean,2.64022975820814
vera4cast,chlorocast_ens3,2026-10-10 00:00:00,2026-10-04 00:00:00,P1D,fcre,1.6,ensemble,13,Chla_ugL_mean,2.55832131582077
vera4cast,chlorocast_ens3,2026-10-11 00:00:00,2026-10-04 00:00:00,P1D,fcre,1.6,ensemble,13,Chla_ugL_mean,2.52541737779595
vera4cast,chlorocast_ens3,2026-10-12 00:00:00,2026-10-04 00:00:00,P1D,fcre,1.6,ensemble,13,Chla_ugL_mean,2.50847747268253
vera4cast,chlorocast_ens3,2026-10-13 00:00:00,2026-10-04 00:00:00,P1D,fcre,1.6,ensemble,13,Chla_ugL_mean,2.49220300293941
vera4cast,chlorocast_ens3,2026-10-14 00:00:00,2026-10-04 00:00:00,P1D,fcre,1.6,ensemble,13,Chla_ugL_mean,2.48022791698621
vera4cast,chlorocast_ens3,2026-10-15 00:00:00,2026-10-04 00:00:00,P1D,fcre,1.6,ensemble,13,Chla_ugL_mean,2.48987330526497
vera4cast,chlorocast_ens3,2026-10-16 00:00:00,2026-10-04 00:00:00,P1D,fcre,1.6,ensemble,13,Chla_ugL_mean,2.45230308307092
vera4cast,chlorocast_ens3,2026-10-17 00:00:00,2026-10-04 00:00:00,P1D,fcre,1.6,ensemble,13,Chla_ugL_mean,2.53819112621959
vera4cast,chlorocast_ens3,2026-10-18 00:00:00,2026-10-04 00:00:00,P1D,fcre,1.6,ensemble,13,Chla_ugL_mean,2.49185127104163
vera4cast,chlorocast_ens3,2026-10-19 00:00:00,2026-10-04 00:00:00,P1D,fcre,1.6,ensemble,13,Chla_ugL_mean,2.45887038272599
vera4cast,chlorocast_ens3,2026-10-20 00:00:00,2026-10-04 00:00:00,P1D,fcre,1.6,ensemble,13,Chla_ugL_mean,2.50594346792927
vera4cast,chlorocast_ens3,2026-10-21 00:00:00,2026-10-04 00:00:00,P1D,fcre,1.6,ensemble,13,Chla_ugL_mean,2.50849592330615
vera4cast,chlorocast_ens3,2026-10-22 00:00:00,2026-10-04 00:00:00,P1D,fcre,1.6,ensemble,13,Chla_ugL_mean,2.50086537003229
vera4cast,chlorocast_ens3,2026-10-23 00:00:00,2026-10-04 00:00:00,P1D,fcre,1.6,ensemble,13,Chla_ugL_mean,2.52018952722433
vera4cast,chlorocast_ens3,2026-10-24 00:00:00,2026-10-04 00:00:00,P1D,fcre,1.6,ensemble,13,Chla_ugL_mean,2.53703513913155
vera4cast,chlorocast_ens3,2026-10-25 00:00:00,2026-10-04 00:00:00,P1D,fcre,1.6,ensemble,13,Chla_ugL_mean,2.52244665152264
vera4cast,chlorocast_ens3,2026-10-26 00:00:00,2026-10-04 00:00:00,P1D,fcre,1.6,ensemble,13,Chla_ugL_mean,2.51176110803235
vera4cast,chlorocast_ens3,2026-10-27 00:00:00,2026-10-04 00:00:00,P1D,fcre,1.6,ensemble,13,Chla_ugL_mean,2.51549416327724
vera4cast,chlorocast_ens3,2026-10-28 00:00:00,2026-10-04 00:00:00,P1D,fcre,1.6,ensemble,13,Chla_ugL_mean,2.52475188891882
vera4cast,chlorocast_ens3,2026-10-29 00:00:00,2026-10-04 00:00:00,P1D,fcre,1.6,ensemble,13,Chla_ugL_mean,2.53956948342473
vera4cast,chlorocast_ens3,2026-10-30 00:00:00,2026-10-04 00:00:00,P1D,fcre,1.6,ensemble,13,Chla_ugL_mean,2.52935431124938
vera4cast,chlorocast_ens3,2026-10-31 00:00:00,2026-10-04 00:00:00,P1D,fcre,1.6,ensemble,13,Chla_ugL_mean,2.57448889381053
vera4cast,chlorocast_ens3,2026-11-01 00:00:00,2026-10-04 00:00:00,P1D,fcre,1.6,ensemble,13,Chla_ugL_mean,2.66394682378476
vera4cast,chlorocast_ens3,2026-11-02 00:00:00,2026-10-04 00:00:00,P1D,fcre,1.6,ensemble,13,Chla_ugL_mean,2.68796758927292
vera4cast,chlorocast_ens3,2026-11-03 00:00:00,2026-10-04 00:00:00,P1D,fcre,1.6,ensemble,13,Chla_ugL_mean,2.6783710455054
vera4cast,chlorocast_ens3,2026-11-04 00:00:00,2026-10-04 00:00:00,P1D,fcre,1.6,ensemble,13,Chla_ugL_mean,2.71447323562451
vera4cast,chlorocast_ens3,2026-11-05 00:00:00,2026-10-04 00:00:00,P1D,fcre,1.6,ensemble,13,Chla_ugL_mean,2.7468000713999
vera4cast,chlorocast_ens3,2026-11-06 00:00:00,2026-10-04 00:00:00,P1D,fcre,1.6,ensemble,13,Chla_ugL_mean,2.82701841586873
vera4cast,chlorocast_ens3,2026-11-07 00:00:00,2026-10-04 00:00:00,P1D,fcre,1.6,ensemble,13,Chla_ugL_mean,2.90567618410475
vera4cast,chlorocast_ens3,2026-11-08 00:00:00,2026-10-04 00:00:00,P1D,fcre,1.6,ensemble,13,Chla_ugL_mean,2.95041952240587
vera4cast,chlorocast_ens3,2026-10-05 00:00:00,2026-10-04 00:00:00,P1D,fcre,1.6,ensemble,14,Chla_ugL_mean,2.95763013435441
vera4cast,chlorocast_ens3,2026-10-06 00:00:00,2026-10-04 00:00:00,P1D,fcre,1.6,ensemble,14,Chla_ugL_mean,2.94006434282502
vera4cast,chlorocast_ens3,2026-10-07 00:00:00,2026-10-04 00:00:00,P1D,fcre,1.6,ensemble,14,Chla_ugL_mean,2.83636650933629
vera4cast,chlorocast_ens3,2026-10-08 00:00:00,2026-10-04 00:00:00,P1D,fcre,1.6,ensemble,14,Chla_ugL_mean,2.80992076933832
vera4cast,chlorocast_ens3,2026-10-09 00:00:00,2026-10-04 00:00:00,P1D,fcre,1.6,ensemble,14,Chla_ugL_mean,2.7295067703629
vera4cast,chlorocast_ens3,2026-10-10 00:00:00,2026-10-04 00:00:00,P1D,fcre,1.6,ensemble,14,Chla_ugL_mean,2.64632462897371
vera4cast,chlorocast_ens3,2026-10-11 00:00:00,2026-10-04 00:00:00,P1D,fcre,1.6,ensemble,14,Chla_ugL_mean,2.61276233780387
vera4cast,chlorocast_ens3,2026-10-12 00:00:00,2026-10-04 00:00:00,P1D,fcre,1.6,ensemble,14,Chla_ugL_mean,2.59513854022324
vera4cast,chlorocast_ens3,2026-10-13 00:00:00,2026-10-04 00:00:00,P1D,fcre,1.6,ensemble,14,Chla_ugL_mean,2.5791697003062
vera4cast,chlorocast_ens3,2026-10-14 00:00:00,2026-10-04 00:00:00,P1D,fcre,1.6,ensemble,14,Chla_ugL_mean,2.56747807631479
vera4cast,chlorocast_ens3,2026-10-15 00:00:00,2026-10-04 00:00:00,P1D,fcre,1.6,ensemble,14,Chla_ugL_mean,2.57704930728159
vera4cast,chlorocast_ens3,2026-10-16 00:00:00,2026-10-04 00:00:00,P1D,fcre,1.6,ensemble,14,Chla_ugL_mean,2.5395394252361
vera4cast,chlorocast_ens3,2026-10-17 00:00:00,2026-10-04 00:00:00,P1D,fcre,1.6,ensemble,14,Chla_ugL_mean,2.6246982000016
vera4cast,chlorocast_ens3,2026-10-18 00:00:00,2026-10-04 00:00:00,P1D,fcre,1.6,ensemble,14,Chla_ugL_mean,2.57841624970626
vera4cast,chlorocast_ens3,2026-10-19 00:00:00,2026-10-04 00:00:00,P1D,fcre,1.6,ensemble,14,Chla_ugL_mean,2.54530795824492
vera4cast,chlorocast_ens3,2026-10-20 00:00:00,2026-10-04 00:00:00,P1D,fcre,1.6,ensemble,14,Chla_ugL_mean,2.59227369816677
vera4cast,chlorocast_ens3,2026-10-21 00:00:00,2026-10-04 00:00:00,P1D,fcre,1.6,ensemble,14,Chla_ugL_mean,2.59500992766801
vera4cast,chlorocast_ens3,2026-10-22 00:00:00,2026-10-04 00:00:00,P1D,fcre,1.6,ensemble,14,Chla_ugL_mean,2.5866491603065
vera4cast,chlorocast_ens3,2026-10-23 00:00:00,2026-10-04 00:00:00,P1D,fcre,1.6,ensemble,14,Chla_ugL_mean,2.60543678264919
vera4cast,chlorocast_ens3,2026-10-24 00:00:00,2026-10-04 00:00:00,P1D,fcre,1.6,ensemble,14,Chla_ugL_mean,2.62237674000368
vera4cast,chlorocast_ens3,2026-10-25 00:00:00,2026-10-04 00:00:00,P1D,fcre,1.6,ensemble,14,Chla_ugL_mean,2.60825964540579
vera4cast,chlorocast_ens3,2026-10-26 00:00:00,2026-10-04 00:00:00,P1D,fcre,1.6,ensemble,14,Chla_ugL_mean,2.59840326442134
vera4cast,chlorocast_ens3,2026-10-27 00:00:00,2026-10-04 00:00:00,P1D,fcre,1.6,ensemble,14,Chla_ugL_mean,2.60265171074681
vera4cast,chlorocast_ens3,2026-10-28 00:00:00,2026-10-04 00:00:00,P1D,fcre,1.6,ensemble,14,Chla_ugL_mean,2.61277223258548
vera4cast,chlorocast_ens3,2026-10-29 00:00:00,2026-10-04 00:00:00,P1D,fcre,1.6,ensemble,14,Chla_ugL_mean,2.62810572926504
vera4cast,chlorocast_ens3,2026-10-30 00:00:00,2026-10-04 00:00:00,P1D,fcre,1.6,ensemble,14,Chla_ugL_mean,2.61816337059573
vera4cast,chlorocast_ens3,2026-10-31 00:00:00,2026-10-04 00:00:00,P1D,fcre,1.6,ensemble,14,Chla_ugL_mean,2.66421277932441
vera4cast,chlorocast_ens3,2026-11-01 00:00:00,2026-10-04 00:00:00,P1D,fcre,1.6,ensemble,14,Chla_ugL_mean,2.75451791610464
vera4cast,chlorocast_ens3,2026-11-02 00:00:00,2026-10-04 00:00:00,P1D,fcre,1.6,ensemble,14,Chla_ugL_mean,2.77930145735514
vera4cast,chlorocast_ens3,2026-11-03 00:00:00,2026-10-04 00:00:00,P1D,fcre,1.6,ensemble,14,Chla_ugL_mean,2.77070314027368
vera4cast,chlorocast_ens3,2026-11-04 00:00:00,2026-10-04 00:00:00,P1D,fcre,1.6,ensemble,14,Chla_ugL_mean,2.80760756475094
vera4cast,chlorocast_ens3,2026-11-05 00:00:00,2026-10-04 00:00:00,P1D,fcre,1.6,ensemble,14,Chla_ugL_mean,2.84205956454759
vera4cast,chlorocast_ens3,2026-11-06 00:00:00,2026-10-04 00:00:00,P1D,fcre,1.6,ensemble,14,Chla_ugL_mean,2.9238212901037
vera4cast,chlorocast_ens3,2026-11-07 00:00:00,2026-10-04 00:00:00,P1D,fcre,1.6,ensemble,14,Chla_ugL_mean,3.00479679991387
vera4cast,chlorocast_ens3,2026-11-08 00:00:00,2026-10-04 00:00:00,P1D,fcre,1.6,ensemble,14,Chla_ugL_mean,3.0513868834935
vera4cast,chlorocast_ens3,2026-10-05 00:00:00,2026-10-04 00:00:00,P1D,fcre,1.6,ensemble,15,Chla_ugL_mean,3.04636557379952
vera4cast,chlorocast_ens3,2026-10-06 00:00:00,2026-10-04 00:00:00,P1D,fcre,1.6,ensemble,15,Chla_ugL_mean,3.02826772896246
vera4cast,chlorocast_ens3,2026-10-07 00:00:00,2026-10-04 00:00:00,P1D,fcre,1.6,ensemble,15,Chla_ugL_mean,2.92352758213033
vera4cast,chlorocast_ens3,2026-10-08 00:00:00,2026-10-04 00:00:00,P1D,fcre,1.6,ensemble,15,Chla_ugL_mean,2.89635994835844
vera4cast,chlorocast_ens3,2026-10-09 00:00:00,2026-10-04 00:00:00,P1D,fcre,1.6,ensemble,15,Chla_ugL_mean,2.81582191118691
vera4cast,chlorocast_ens3,2026-10-10 00:00:00,2026-10-04 00:00:00,P1D,fcre,1.6,ensemble,15,Chla_ugL_mean,2.73142500249972
vera4cast,chlorocast_ens3,2026-10-11 00:00:00,2026-10-04 00:00:00,P1D,fcre,1.6,ensemble,15,Chla_ugL_mean,2.69722960681232
vera4cast,chlorocast_ens3,2026-10-12 00:00:00,2026-10-04 00:00:00,P1D,fcre,1.6,ensemble,15,Chla_ugL_mean,2.67893846314265
vera4cast,chlorocast_ens3,2026-10-13 00:00:00,2026-10-04 00:00:00,P1D,fcre,1.6,ensemble,15,Chla_ugL_mean,2.66328132520861
vera4cast,chlorocast_ens3,2026-10-14 00:00:00,2026-10-04 00:00:00,P1D,fcre,1.6,ensemble,15,Chla_ugL_mean,2.65187723243064
vera4cast,chlorocast_ens3,2026-10-15 00:00:00,2026-10-04 00:00:00,P1D,fcre,1.6,ensemble,15,Chla_ugL_mean,2.66136949008648
vera4cast,chlorocast_ens3,2026-10-16 00:00:00,2026-10-04 00:00:00,P1D,fcre,1.6,ensemble,15,Chla_ugL_mean,2.62394112072801
vera4cast,chlorocast_ens3,2026-10-17 00:00:00,2026-10-04 00:00:00,P1D,fcre,1.6,ensemble,15,Chla_ugL_mean,2.70832930129251
vera4cast,chlorocast_ens3,2026-10-18 00:00:00,2026-10-04 00:00:00,P1D,fcre,1.6,ensemble,15,Chla_ugL_mean,2.6621304091424
vera4cast,chlorocast_ens3,2026-10-19 00:00:00,2026-10-04 00:00:00,P1D,fcre,1.6,ensemble,15,Chla_ugL_mean,2.62891473037812
vera4cast,chlorocast_ens3,2026-10-20 00:00:00,2026-10-04 00:00:00,P1D,fcre,1.6,ensemble,15,Chla_ugL_mean,2.67574764814395
vera4cast,chlorocast_ens3,2026-10-21 00:00:00,2026-10-04 00:00:00,P1D,fcre,1.6,ensemble,15,Chla_ugL_mean,2.67866430637057
vera4cast,chlorocast_ens3,2026-10-22 00:00:00,2026-10-04 00:00:00,P1D,fcre,1.6,ensemble,15,Chla_ugL_mean,2.6695852787974
vera4cast,chlorocast_ens3,2026-10-23 00:00:00,2026-10-04 00:00:00,P1D,fcre,1.6,ensemble,15,Chla_ugL_mean,2.68783174222473
vera4cast,chlorocast_ens3,2026-10-24 00:00:00,2026-10-04 00:00:00,P1D,fcre,1.6,ensemble,15,Chla_ugL_mean,2.70485594820148
vera4cast,chlorocast_ens3,2026-10-25 00:00:00,2026-10-04 00:00:00,P1D,fcre,1.6,ensemble,15,Chla_ugL_mean,2.69121283430348
vera4cast,chlorocast_ens3,2026-10-26 00:00:00,2026-10-04 00:00:00,P1D,fcre,1.6,ensemble,15,Chla_ugL_mean,2.68218263722291
vera4cast,chlorocast_ens3,2026-10-27 00:00:00,2026-10-04 00:00:00,P1D,fcre,1.6,ensemble,15,Chla_ugL_mean,2.68693907071711
vera4cast,chlorocast_ens3,2026-10-28 00:00:00,2026-10-04 00:00:00,P1D,fcre,1.6,ensemble,15,Chla_ugL_mean,2.69790848059001
vera4cast,chlorocast_ens3,2026-10-29 00:00:00,2026-10-04 00:00:00,P1D,fcre,1.6,ensemble,15,Chla_ugL_mean,2.7137443219348
vera4cast,chlorocast_ens3,2026-10-30 00:00:00,2026-10-04 00:00:00,P1D,fcre,1.6,ensemble,15,Chla_ugL_mean,2.70407804132552
vera4cast,chlorocast_ens3,2026-10-31 00:00:00,2026-10-04 00:00:00,P1D,fcre,1.6,ensemble,15,Chla_ugL_mean,2.75100737549322
vera4cast,chlorocast_ens3,2026-11-01 00:00:00,2026-10-04 00:00:00,P1D,fcre,1.6,ensemble,15,Chla_ugL_mean,2.84210035686236
vera4cast,chlorocast_ens3,2026-11-02 00:00:00,2026-10-04 00:00:00,P1D,fcre,1.6,ensemble,15,Chla_ugL_mean,2.86762534253833
vera4cast,chlorocast_ens3,2026-11-03 00:00:00,2026-10-04 00:00:00,P1D,fcre,1.6,ensemble,15,Chla_ugL_mean,2.86002080819251
vera4cast,chlorocast_ens3,2026-11-04 00:00:00,2026-10-04 00:00:00,P1D,fcre,1.6,ensemble,15,Chla_ugL_mean,2.8976988847524
vera4cast,chlorocast_ens3,2026-11-05 00:00:00,2026-10-04 00:00:00,P1D,fcre,1.6,ensemble,15,Chla_ugL_mean,2.93423726740159
vera4cast,chlorocast_ens3,2026-11-06 00:00:00,2026-10-04 00:00:00,P1D,fcre,1.6,ensemble,15,Chla_ugL_mean,3.01748093382894
vera4cast,chlorocast_ens3,2026-11-07 00:00:00,2026-10-04 00:00:00,P1D,fcre,1.6,ensemble,15,Chla_ugL_mean,3.10070656480049
vera4cast,chlorocast_ens3,2026-11-08 00:00:00,2026-10-04 00:00:00,P1D,fcre,1.6,ensemble,15,Chla_ugL_mean,3.1491002435382
vera4cast,chlorocast_ens3,2026-10-05 00:00:00,2026-10-04 00:00:00,P1D,fcre,1.6,ensemble,16,Chla_ugL_mean,3.13236989489033
vera4cast,chlorocast_ens3,2026-10-06 00:00:00,2026-10-04 00:00:00,P1D,fcre,1.6,ensemble,16,Chla_ugL_mean,3.1137535155461
vera4cast,chlorocast_ens3,2026-10-07 00:00:00,2026-10-04 00:00:00,P1D,fcre,1.6,ensemble,16,Chla_ugL_mean,3.00803000376106
vera4cast,chlorocast_ens3,2026-10-08 00:00:00,2026-10-04 00:00:00,P1D,fcre,1.6,ensemble,16,Chla_ugL_mean,2.98015995991443
vera4cast,chlorocast_ens3,2026-10-09 00:00:00,2026-10-04 00:00:00,P1D,fcre,1.6,ensemble,16,Chla_ugL_mean,2.89953800958362
vera4cast,chlorocast_ens3,2026-10-10 00:00:00,2026-10-04 00:00:00,P1D,fcre,1.6,ensemble,16,Chla_ugL_mean,2.8139782204171
vera4cast,chlorocast_ens3,2026-10-11 00:00:00,2026-10-04 00:00:00,P1D,fcre,1.6,ensemble,16,Chla_ugL_mean,2.77917191223631
vera4cast,chlorocast_ens3,2026-10-12 00:00:00,2026-10-04 00:00:00,P1D,fcre,1.6,ensemble,16,Chla_ugL_mean,2.76022787662199
vera4cast,chlorocast_ens3,2026-10-13 00:00:00,2026-10-04 00:00:00,P1D,fcre,1.6,ensemble,16,Chla_ugL_mean,2.74488794314017
vera4cast,chlorocast_ens3,2026-10-14 00:00:00,2026-10-04 00:00:00,P1D,fcre,1.6,ensemble,16,Chla_ugL_mean,2.73377510127136
vera4cast,chlorocast_ens3,2026-10-15 00:00:00,2026-10-04 00:00:00,P1D,fcre,1.6,ensemble,16,Chla_ugL_mean,2.7431840786666
vera4cast,chlorocast_ens3,2026-10-16 00:00:00,2026-10-04 00:00:00,P1D,fcre,1.6,ensemble,16,Chla_ugL_mean,2.70585606252875
vera4cast,chlorocast_ens3,2026-10-17 00:00:00,2026-10-04 00:00:00,P1D,fcre,1.6,ensemble,16,Chla_ugL_mean,2.78943667516723
vera4cast,chlorocast_ens3,2026-10-18 00:00:00,2026-10-04 00:00:00,P1D,fcre,1.6,ensemble,16,Chla_ugL_mean,2.74334319567416
vera4cast,chlorocast_ens3,2026-10-19 00:00:00,2026-10-04 00:00:00,P1D,fcre,1.6,ensemble,16,Chla_ugL_mean,2.71003786552001
vera4cast,chlorocast_ens3,2026-10-20 00:00:00,2026-10-04 00:00:00,P1D,fcre,1.6,ensemble,16,Chla_ugL_mean,2.75671529295165
vera4cast,chlorocast_ens3,2026-10-21 00:00:00,2026-10-04 00:00:00,P1D,fcre,1.6,ensemble,16,Chla_ugL_mean,2.75980947312462
vera4cast,chlorocast_ens3,2026-10-22 00:00:00,2026-10-04 00:00:00,P1D,fcre,1.6,ensemble,16,Chla_ugL_mean,2.75002254762147
vera4cast,chlorocast_ens3,2026-10-23 00:00:00,2026-10-04 00:00:00,P1D,fcre,1.6,ensemble,16,Chla_ugL_mean,2.76772357040549
vera4cast,chlorocast_ens3,2026-10-24 00:00:00,2026-10-04 00:00:00,P1D,fcre,1.6,ensemble,16,Chla_ugL_mean,2.78482309762172
vera4cast,chlorocast_ens3,2026-10-25 00:00:00,2026-10-04 00:00:00,P1D,fcre,1.6,ensemble,16,Chla_ugL_mean,2.77165641369587
vera4cast,chlorocast_ens3,2026-10-26 00:00:00,2026-10-04 00:00:00,P1D,fcre,1.6,ensemble,16,Chla_ugL_mean,2.76345003848793
vera4cast,chlorocast_ens3,2026-10-27 00:00:00,2026-10-04 00:00:00,P1D,fcre,1.6,ensemble,16,Chla_ugL_mean,2.7687080652107
vera4cast,chlorocast_ens3,2026-10-28 00:00:00,2026-10-04 00:00:00,P1D,fcre,1.6,ensemble,16,Chla_ugL_mean,2.78051431872924
vera4cast,chlorocast_ens3,2026-10-29 00:00:00,2026-10-04 00:00:00,P1D,fcre,1.6,ensemble,16,Chla_ugL_mean,2.79684064731443
vera4cast,chlorocast_ens3,2026-10-30 00:00:00,2026-10-04 00:00:00,P1D,fcre,1.6,ensemble,16,Chla_ugL_mean,2.78745344763343
vera4cast,chlorocast_ens3,2026-10-31 00:00:00,2026-10-04 00:00:00,P1D,fcre,1.6,ensemble,16,Chla_ugL_mean,2.83523203015221
vera4cast,chlorocast_ens3,2026-11-01 00:00:00,2026-10-04 00:00:00,P1D,fcre,1.6,ensemble,16,Chla_ugL_mean,2.92706042414937
vera4cast,chlorocast_ens3,2026-11-02 00:00:00,2026-10-04 00:00:00,P1D,fcre,1.6,ensemble,16,Chla_ugL_mean,2.9533081782732
vera4cast,chlorocast_ens3,2026-11-03 00:00:00,2026-10-04 00:00:00,P1D,fcre,1.6,ensemble,16,Chla_ugL_mean,2.94669384143061
vera4cast,chlorocast_ens3,2026-11-04 00:00:00,2026-10-04 00:00:00,P1D,fcre,1.6,ensemble,16,Chla_ugL_mean,2.98512046683935
vera4cast,chlorocast_ens3,2026-11-05 00:00:00,2026-10-04 00:00:00,P1D,fcre,1.6,ensemble,16,Chla_ugL_mean,3.02371156590848
vera4cast,chlorocast_ens3,2026-11-06 00:00:00,2026-10-04 00:00:00,P1D,fcre,1.6,ensemble,16,Chla_ugL_mean,3.1083831389249
vera4cast,chlorocast_ens3,2026-11-07 00:00:00,2026-10-04 00:00:00,P1D,fcre,1.6,ensemble,16,Chla_ugL_mean,3.19379966099104
vera4cast,chlorocast_ens3,2026-11-08 00:00:00,2026-10-04 00:00:00,P1D,fcre,1.6,ensemble,16,Chla_ugL_mean,3.2439592845165
vera4cast,chlorocast_ens3,2026-10-05 00:00:00,2026-10-04 00:00:00,P1D,fcre,1.6,ensemble,17,Chla_ugL_mean,3.21595884930269
vera4cast,chlorocast_ens3,2026-10-06 00:00:00,2026-10-04 00:00:00,P1D,fcre,1.6,ensemble,17,Chla_ugL_mean,3.19683585953452
vera4cast,chlorocast_ens3,2026-10-07 00:00:00,2026-10-04 00:00:00,P1D,fcre,1.6,ensemble,17,Chla_ugL_mean,3.09018142170623
vera4cast,chlorocast_ens3,2026-10-08 00:00:00,2026-10-04 00:00:00,P1D,fcre,1.6,ensemble,17,Chla_ugL_mean,3.06162616714244
vera4cast,chlorocast_ens3,2026-10-09 00:00:00,2026-10-04 00:00:00,P1D,fcre,1.6,ensemble,17,Chla_ugL_mean,2.98095622547958
vera4cast,chlorocast_ens3,2026-10-10 00:00:00,2026-10-04 00:00:00,P1D,fcre,1.6,ensemble,17,Chla_ugL_mean,2.89427962661928
vera4cast,chlorocast_ens3,2026-10-11 00:00:00,2026-10-04 00:00:00,P1D,fcre,1.6,ensemble,17,Chla_ugL_mean,2.85888206727189
vera4cast,chlorocast_ens3,2026-10-12 00:00:00,2026-10-04 00:00:00,P1D,fcre,1.6,ensemble,17,Chla_ugL_mean,2.83929784571144
vera4cast,chlorocast_ens3,2026-10-13 00:00:00,2026-10-04 00:00:00,P1D,fcre,1.6,ensemble,17,Chla_ugL_mean,2.82428017660255
vera4cast,chlorocast_ens3,2026-10-14 00:00:00,2026-10-04 00:00:00,P1D,fcre,1.6,ensemble,17,Chla_ugL_mean,2.81346204015199
vera4cast,chlorocast_ens3,2026-10-15 00:00:00,2026-10-04 00:00:00,P1D,fcre,1.6,ensemble,17,Chla_ugL_mean,2.82278383941412
vera4cast,chlorocast_ens3,2026-10-16 00:00:00,2026-10-04 00:00:00,P1D,fcre,1.6,ensemble,17,Chla_ugL_mean,2.78557312401038
vera4cast,chlorocast_ens3,2026-10-17 00:00:00,2026-10-04 00:00:00,P1D,fcre,1.6,ensemble,17,Chla_ugL_mean,2.86831268523289
vera4cast,chlorocast_ens3,2026-10-18 00:00:00,2026-10-04 00:00:00,P1D,fcre,1.6,ensemble,17,Chla_ugL_mean,2.82234470094389
vera4cast,chlorocast_ens3,2026-10-19 00:00:00,2026-10-04 00:00:00,P1D,fcre,1.6,ensemble,17,Chla_ugL_mean,2.78896559228233
vera4cast,chlorocast_ens3,2026-10-20 00:00:00,2026-10-04 00:00:00,P1D,fcre,1.6,ensemble,17,Chla_ugL_mean,2.8354671382351
vera4cast,chlorocast_ens3,2026-10-21 00:00:00,2026-10-04 00:00:00,P1D,fcre,1.6,ensemble,17,Chla_ugL_mean,2.83873630283114
vera4cast,chlorocast_ens3,2026-10-22 00:00:00,2026-10-04 00:00:00,P1D,fcre,1.6,ensemble,17,Chla_ugL_mean,2.82825049740071
vera4cast,chlorocast_ens3,2026-10-23 00:00:00,2026-10-04 00:00:00,P1D,fcre,1.6,ensemble,17,Chla_ugL_mean,2.84540203908662
vera4cast,chlorocast_ens3,2026-10-24 00:00:00,2026-10-04 00:00:00,P1D,fcre,1.6,ensemble,17,Chla_ugL_mean,2.86256891738652
vera4cast,chlorocast_ens3,2026-10-25 00:00:00,2026-10-04 00:00:00,P1D,fcre,1.6,ensemble,17,Chla_ugL_mean,2.84988103287277
vera4cast,chlorocast_ens3,2026-10-26 00:00:00,2026-10-04 00:00:00,P1D,fcre,1.6,ensemble,17,Chla_ugL_mean,2.84249667581186
vera4cast,chlorocast_ens3,2026-10-27 00:00:00,2026-10-04 00:00:00,P1D,fcre,1.6,ensemble,17,Chla_ugL_mean,2.84825075832384
vera4cast,chlorocast_ens3,2026-10-28 00:00:00,2026-10-04 00:00:00,P1D,fcre,1.6,ensemble,17,Chla_ugL_mean,2.86088338549892
vera4cast,chlorocast_ens3,2026-10-29 00:00:00,2026-10-04 00:00:00,P1D,fcre,1.6,ensemble,17,Chla_ugL_mean,2.87768976161782
vera4cast,chlorocast_ens3,2026-10-30 00:00:00,2026-10-04 00:00:00,P1D,fcre,1.6,ensemble,17,Chla_ugL_mean,2.8685844512204
vera4cast,chlorocast_ens3,2026-10-31 00:00:00,2026-10-04 00:00:00,P1D,fcre,1.6,ensemble,17,Chla_ugL_mean,2.9171851024126
vera4cast,chlorocast_ens3,2026-11-01 00:00:00,2026-10-04 00:00:00,P1D,fcre,1.6,ensemble,17,Chla_ugL_mean,3.00970217130835
vera4cast,chlorocast_ens3,2026-11-02 00:00:00,2026-10-04 00:00:00,P1D,fcre,1.6,ensemble,17,Chla_ugL_mean,3.03665622939321
vera4cast,chlorocast_ens3,2026-11-03 00:00:00,2026-10-04 00:00:00,P1D,fcre,1.6,ensemble,17,Chla_ugL_mean,3.03102927084202
vera4cast,chlorocast_ens3,2026-11-04 00:00:00,2026-10-04 00:00:00,P1D,fcre,1.6,ensemble,17,Chla_ugL_mean,3.07018222597134
vera4cast,chlorocast_ens3,2026-11-05 00:00:00,2026-10-04 00:00:00,P1D,fcre,1.6,ensemble,17,Chla_ugL_mean,3.110796678445
vera4cast,chlorocast_ens3,2026-11-06 00:00:00,2026-10-04 00:00:00,P1D,fcre,1.6,ensemble,17,Chla_ugL_mean,3.19684825238234
vera4cast,chlorocast_ens3,2026-11-07 00:00:00,2026-10-04 00:00:00,P1D,fcre,1.6,ensemble,17,Chla_ugL_mean,3.28440341667552
vera4cast,chlorocast_ens3,2026-11-08 00:00:00,2026-10-04 00:00:00,P1D,fcre,1.6,ensemble,17,Chla_ugL_mean,3.3362959323999
vera4cast,chlorocast_ens3,2026-10-05 00:00:00,2026-10-04 00:00:00,P1D,fcre,1.6,ensemble,18,Chla_ugL_mean,3.29739770197674
vera4cast,chlorocast_ens3,2026-10-06 00:00:00,2026-10-04 00:00:00,P1D,fcre,1.6,ensemble,18,Chla_ugL_mean,3.2777786812338
vera4cast,chlorocast_ens3,2026-10-07 00:00:00,2026-10-04 00:00:00,P1D,fcre,1.6,ensemble,18,Chla_ugL_mean,3.17024033336402
vera4cast,chlorocast_ens3,2026-10-08 00:00:00,2026-10-04 00:00:00,P1D,fcre,1.6,ensemble,18,Chla_ugL_mean,3.14101514372869
vera4cast,chlorocast_ens3,2026-10-09 00:00:00,2026-10-04 00:00:00,P1D,fcre,1.6,ensemble,18,Chla_ugL_mean,3.06032966207681
vera4cast,chlorocast_ens3,2026-10-10 00:00:00,2026-10-04 00:00:00,P1D,fcre,1.6,ensemble,18,Chla_ugL_mean,2.97257746200395
vera4cast,chlorocast_ens3,2026-10-11 00:00:00,2026-10-04 00:00:00,P1D,fcre,1.6,ensemble,18,Chla_ugL_mean,2.93660619115734
vera4cast,chlorocast_ens3,2026-10-12 00:00:00,2026-10-04 00:00:00,P1D,fcre,1.6,ensemble,18,Chla_ugL_mean,2.91639301105689
vera4cast,chlorocast_ens3,2026-10-13 00:00:00,2026-10-04 00:00:00,P1D,fcre,1.6,ensemble,18,Chla_ugL_mean,2.90170231904961
vera4cast,chlorocast_ens3,2026-10-14 00:00:00,2026-10-04 00:00:00,P1D,fcre,1.6,ensemble,18,Chla_ugL_mean,2.89118214003959
vera4cast,chlorocast_ens3,2026-10-15 00:00:00,2026-10-04 00:00:00,P1D,fcre,1.6,ensemble,18,Chla_ugL_mean,2.90041319610816
vera4cast,chlorocast_ens3,2026-10-16 00:00:00,2026-10-04 00:00:00,P1D,fcre,1.6,ensemble,18,Chla_ugL_mean,2.86333517283676
vera4cast,chlorocast_ens3,2026-10-17 00:00:00,2026-10-04 00:00:00,P1D,fcre,1.6,ensemble,18,Chla_ugL_mean,2.94520303273253
vera4cast,chlorocast_ens3,2026-10-18 00:00:00,2026-10-04 00:00:00,P1D,fcre,1.6,ensemble,18,Chla_ugL_mean,2.89937875843804
vera4cast,chlorocast_ens3,2026-10-19 00:00:00,2026-10-04 00:00:00,P1D,fcre,1.6,ensemble,18,Chla_ugL_mean,2.86594020240077
vera4cast,chlorocast_ens3,2026-10-20 00:00:00,2026-10-04 00:00:00,P1D,fcre,1.6,ensemble,18,Chla_ugL_mean,2.91224734511377
vera4cast,chlorocast_ens3,2026-10-21 00:00:00,2026-10-04 00:00:00,P1D,fcre,1.6,ensemble,18,Chla_ugL_mean,2.91568927117268
vera4cast,chlorocast_ens3,2026-10-22 00:00:00,2026-10-04 00:00:00,P1D,fcre,1.6,ensemble,18,Chla_ugL_mean,2.90451245512806
vera4cast,chlorocast_ens3,2026-10-23 00:00:00,2026-10-04 00:00:00,P1D,fcre,1.6,ensemble,18,Chla_ugL_mean,2.9211106431013
vera4cast,chlorocast_ens3,2026-10-24 00:00:00,2026-10-04 00:00:00,P1D,fcre,1.6,ensemble,18,Chla_ugL_mean,2.93833769586114
vera4cast,chlorocast_ens3,2026-10-25 00:00:00,2026-10-04 00:00:00,P1D,fcre,1.6,ensemble,18,Chla_ugL_mean,2.92613094165411
vera4cast,chlorocast_ens3,2026-10-26 00:00:00,2026-10-04 00:00:00,P1D,fcre,1.6,ensemble,18,Chla_ugL_mean,2.91956730616264
vera4cast,chlorocast_ens3,2026-10-27 00:00:00,2026-10-04 00:00:00,P1D,fcre,1.6,ensemble,18,Chla_ugL_mean,2.92581264169374
vera4cast,chlorocast_ens3,2026-10-28 00:00:00,2026-10-04 00:00:00,P1D,fcre,1.6,ensemble,18,Chla_ugL_mean,2.93926251807959
vera4cast,chlorocast_ens3,2026-10-29 00:00:00,2026-10-04 00:00:00,P1D,fcre,1.6,ensemble,18,Chla_ugL_mean,2.95653969890006
vera4cast,chlorocast_ens3,2026-10-30 00:00:00,2026-10-04 00:00:00,P1D,fcre,1.6,ensemble,18,Chla_ugL_mean,2.94771894121164
vera4cast,chlorocast_ens3,2026-10-31 00:00:00,2026-10-04 00:00:00,P1D,fcre,1.6,ensemble,18,Chla_ugL_mean,2.99711741389513
vera4cast,chlorocast_ens3,2026-11-01 00:00:00,2026-10-04 00:00:00,P1D,fcre,1.6,ensemble,18,Chla_ugL_mean,3.0902811581039
vera4cast,chlorocast_ens3,2026-11-02 00:00:00,2026-10-04 00:00:00,P1D,fcre,1.6,ensemble,18,Chla_ugL_mean,3.1179269203444
vera4cast,chlorocast_ens3,2026-11-03 00:00:00,2026-10-04 00:00:00,P1D,fcre,1.6,ensemble,18,Chla_ugL_mean,3.11328520814613
vera4cast,chlorocast_ens3,2026-11-04 00:00:00,2026-10-04 00:00:00,P1D,fcre,1.6,ensemble,18,Chla_ugL_mean,3.15314469479693
vera4cast,chlorocast_ens3,2026-11-05 00:00:00,2026-10-04 00:00:00,P1D,fcre,1.6,ensemble,18,Chla_ugL_mean,3.19575680180875
vera4cast,chlorocast_ens3,2026-11-06 00:00:00,2026-10-04 00:00:00,P1D,fcre,1.6,ensemble,18,Chla_ugL_mean,3.28314560647471
vera4cast,chlorocast_ens3,2026-11-07 00:00:00,2026-10-04 00:00:00,P1D,fcre,1.6,ensemble,18,Chla_ugL_mean,3.37279304517102
vera4cast,chlorocast_ens3,2026-11-08 00:00:00,2026-10-04 00:00:00,P1D,fcre,1.6,ensemble,18,Chla_ugL_mean,3.42638929145653
vera4cast,chlorocast_ens3,2026-10-05 00:00:00,2026-10-04 00:00:00,P1D,fcre,1.6,ensemble,19,Chla_ugL_mean,3.37691175923614
vera4cast,chlorocast_ens3,2026-10-06 00:00:00,2026-10-04 00:00:00,P1D,fcre,1.6,ensemble,19,Chla_ugL_mean,3.35680614081911
vera4cast,chlorocast_ens3,2026-10-07 00:00:00,2026-10-04 00:00:00,P1D,fcre,1.6,ensemble,19,Chla_ugL_mean,3.24842633085486
vera4cast,chlorocast_ens3,2026-10-08 00:00:00,2026-10-04 00:00:00,P1D,fcre,1.6,ensemble,19,Chla_ugL_mean,3.21854484402472
vera4cast,chlorocast_ens3,2026-10-09 00:00:00,2026-10-04 00:00:00,P1D,fcre,1.6,ensemble,19,Chla_ugL_mean,3.13787337644497
vera4cast,chlorocast_ens3,2026-10-10 00:00:00,2026-10-04 00:00:00,P1D,fcre,1.6,ensemble,19,Chla_ugL_mean,3.04908267357679
vera4cast,chlorocast_ens3,2026-10-11 00:00:00,2026-10-04 00:00:00,P1D,fcre,1.6,ensemble,19,Chla_ugL_mean,3.01255343250098
vera4cast,chlorocast_ens3,2026-10-12 00:00:00,2026-10-04 00:00:00,P1D,fcre,1.6,ensemble,19,Chla_ugL_mean,2.9917212571073
vera4cast,chlorocast_ens3,2026-10-13 00:00:00,2026-10-04 00:00:00,P1D,fcre,1.6,ensemble,19,Chla_ugL_mean,2.97736198052778
vera4cast,chlorocast_ens3,2026-10-14 00:00:00,2026-10-04 00:00:00,P1D,fcre,1.6,ensemble,19,Chla_ugL_mean,2.96714285591888
vera4cast,chlorocast_ens3,2026-10-15 00:00:00,2026-10-04 00:00:00,P1D,fcre,1.6,ensemble,19,Chla_ugL_mean,2.97627987735889
vera4cast,chlorocast_ens3,2026-10-16 00:00:00,2026-10-04 00:00:00,P1D,fcre,1.6,ensemble,19,Chla_ugL_mean,2.93934864446236
vera4cast,chlorocast_ens3,2026-10-17 00:00:00,2026-10-04 00:00:00,P1D,fcre,1.6,ensemble,19,Chla_ugL_mean,3.02031647770639
vera4cast,chlorocast_ens3,2026-10-18 00:00:00,2026-10-04 00:00:00,P1D,fcre,1.6,ensemble,19,Chla_ugL_mean,2.9746525758682
vera4cast,chlorocast_ens3,2026-10-19 00:00:00,2026-10-04 00:00:00,P1D,fcre,1.6,ensemble,19,Chla_ugL_mean,2.9411676135767
vera4cast,chlorocast_ens3,2026-10-20 00:00:00,2026-10-04 00:00:00,P1D,fcre,1.6,ensemble,19,Chla_ugL_mean,2.98726338277993
vera4cast,chlorocast_ens3,2026-10-21 00:00:00,2026-10-04 00:00:00,P1D,fcre,1.6,ensemble,19,Chla_ugL_mean,2.99087611814017
vera4cast,chlorocast_ens3,2026-10-22 00:00:00,2026-10-04 00:00:00,P1D,fcre,1.6,ensemble,19,Chla_ugL_mean,2.97901516903394
vera4cast,chlorocast_ens3,2026-10-23 00:00:00,2026-10-04 00:00:00,P1D,fcre,1.6,ensemble,19,Chla_ugL_mean,2.99505624425634
vera4cast,chlorocast_ens3,2026-10-24 00:00:00,2026-10-04 00:00:00,P1D,fcre,1.6,ensemble,19,Chla_ugL_mean,3.01233696000922
vera4cast,chlorocast_ens3,2026-10-25 00:00:00,2026-10-04 00:00:00,P1D,fcre,1.6,ensemble,19,Chla_ugL_mean,3.00061365796862
vera4cast,chlorocast_ens3,2026-10-26 00:00:00,2026-10-04 00:00:00,P1D,fcre,1.6,ensemble,19,Chla_ugL_mean,2.99486990993195
vera4cast,chlorocast_ens3,2026-10-27 00:00:00,2026-10-04 00:00:00,P1D,fcre,1.6,ensemble,19,Chla_ugL_mean,3.00160233230259
vera4cast,chlorocast_ens3,2026-10-28 00:00:00,2026-10-04 00:00:00,P1D,fcre,1.6,ensemble,19,Chla_ugL_mean,3.0158614953743
vera4cast,chlorocast_ens3,2026-10-29 00:00:00,2026-10-04 00:00:00,P1D,fcre,1.6,ensemble,19,Chla_ugL_mean,3.03360125951358
vera4cast,chlorocast_ens3,2026-10-30 00:00:00,2026-10-04 00:00:00,P1D,fcre,1.6,ensemble,19,Chla_ugL_mean,3.02506761027689
vera4cast,chlorocast_ens3,2026-10-31 00:00:00,2026-10-04 00:00:00,P1D,fcre,1.6,ensemble,19,Chla_ugL_mean,3.07524214326338
vera4cast,chlorocast_ens3,2026-11-01 00:00:00,2026-10-04 00:00:00,P1D,fcre,1.6,ensemble,19,Chla_ugL_mean,3.1690145495825
vera4cast,chlorocast_ens3,2026-11-02 00:00:00,2026-10-04 00:00:00,P1D,fcre,1.6,ensemble,19,Chla_ugL_mean,3.19733900562234
vera4cast,chlorocast_ens3,2026-11-03 00:00:00,2026-10-04 00:00:00,P1D,fcre,1.6,ensemble,19,Chla_ugL_mean,3.19368102803627
vera4cast,chlorocast_ens3,2026-11-04 00:00:00,2026-10-04 00:00:00,P1D,fcre,1.6,ensemble,19,Chla_ugL_mean,3.2342293025646
vera4cast,chlorocast_ens3,2026-11-05 00:00:00,2026-10-04 00:00:00,P1D,fcre,1.6,ensemble,19,Chla_ugL_mean,3.27881651818512
vera4cast,chlorocast_ens3,2026-11-06 00:00:00,2026-10-04 00:00:00,P1D,fcre,1.6,ensemble,19,Chla_ugL_mean,3.36750413422853
vera4cast,chlorocast_ens3,2026-11-07 00:00:00,2026-10-04 00:00:00,P1D,fcre,1.6,ensemble,19,Chla_ugL_mean,3.4592024880731
vera4cast,chlorocast_ens3,2026-11-08 00:00:00,2026-10-04 00:00:00,P1D,fcre,1.6,ensemble,19,Chla_ugL_mean,3.51447663176932
vera4cast,chlorocast_ens3,2026-10-05 00:00:00,2026-10-04 00:00:00,P1D,fcre,1.6,ensemble,20,Chla_ugL_mean,3.45469425792253
vera4cast,chlorocast_ens3,2026-10-06 00:00:00,2026-10-04 00:00:00,P1D,fcre,1.6,ensemble,20,Chla_ugL_mean,3.43411048869033
vera4cast,chlorocast_ens3,2026-10-07 00:00:00,2026-10-04 00:00:00,P1D,fcre,1.6,ensemble,20,Chla_ugL_mean,3.32492777880675
vera4cast,chlorocast_ens3,2026-10-08 00:00:00,2026-10-04 00:00:00,P1D,fcre,1.6,ensemble,20,Chla_ugL_mean,3.29440222475977
vera4cast,chlorocast_ens3,2026-10-09 00:00:00,2026-10-04 00:00:00,P1D,fcre,1.6,ensemble,20,Chla_ugL_mean,3.21377188309733
vera4cast,chlorocast_ens3,2026-10-10 00:00:00,2026-10-04 00:00:00,P1D,fcre,1.6,ensemble,20,Chla_ugL_mean,3.12397626758787
vera4cast,chlorocast_ens3,2026-10-11 00:00:00,2026-10-04 00:00:00,P1D,fcre,1.6,ensemble,20,Chla_ugL_mean,3.0869032582423
vera4cast,chlorocast_ens3,2026-10-12 00:00:00,2026-10-04 00:00:00,P1D,fcre,1.6,ensemble,20,Chla_ugL_mean,3.06546095954437
vera4cast,chlorocast_ens3,2026-10-13 00:00:00,2026-10-04 00:00:00,P1D,fcre,1.6,ensemble,20,Chla_ugL_mean,3.05143731875577
vera4cast,chlorocast_ens3,2026-10-14 00:00:00,2026-10-04 00:00:00,P1D,fcre,1.6,ensemble,20,Chla_ugL_mean,3.04152222688604
vera4cast,chlorocast_ens3,2026-10-15 00:00:00,2026-10-04 00:00:00,P1D,fcre,1.6,ensemble,20,Chla_ugL_mean,3.05056214925304
vera4cast,chlorocast_ens3,2026-10-16 00:00:00,2026-10-04 00:00:00,P1D,fcre,1.6,ensemble,20,Chla_ugL_mean,3.01379072014048
vera4cast,chlorocast_ens3,2026-10-17 00:00:00,2026-10-04 00:00:00,P1D,fcre,1.6,ensemble,20,Chla_ugL_mean,3.09383212540695
vera4cast,chlorocast_ens3,2026-10-18 00:00:00,2026-10-04 00:00:00,P1D,fcre,1.6,ensemble,20,Chla_ugL_mean,3.04834395599649
vera4cast,chlorocast_ens3,2026-10-19 00:00:00,2026-10-04 00:00:00,P1D,fcre,1.6,ensemble,20,Chla_ugL_mean,3.01482453872561
vera4cast,chlorocast_ens3,2026-10-20 00:00:00,2026-10-04 00:00:00,P1D,fcre,1.6,ensemble,20,Chla_ugL_mean,3.0606932640132
vera4cast,chlorocast_ens3,2026-10-21 00:00:00,2026-10-04 00:00:00,P1D,fcre,1.6,ensemble,20,Chla_ugL_mean,3.0644750918359
vera4cast,chlorocast_ens3,2026-10-22 00:00:00,2026-10-04 00:00:00,P1D,fcre,1.6,ensemble,20,Chla_ugL_mean,3.0519360229761
vera4cast,chlorocast_ens3,2026-10-23 00:00:00,2026-10-04 00:00:00,P1D,fcre,1.6,ensemble,20,Chla_ugL_mean,3.06741629928281
vera4cast,chlorocast_ens3,2026-10-24 00:00:00,2026-10-04 00:00:00,P1D,fcre,1.6,ensemble,20,Chla_ugL_mean,3.08474472956353
vera4cast,chlorocast_ens3,2026-10-25 00:00:00,2026-10-04 00:00:00,P1D,fcre,1.6,ensemble,20,Chla_ugL_mean,3.07350721385916
vera4cast,chlorocast_ens3,2026-10-26 00:00:00,2026-10-04 00:00:00,P1D,fcre,1.6,ensemble,20,Chla_ugL_mean,3.06858294266554
vera4cast,chlorocast_ens3,2026-10-27 00:00:00,2026-10-04 00:00:00,P1D,fcre,1.6,ensemble,20,Chla_ugL_mean,3.07579884235191
vera4cast,chlorocast_ens3,2026-10-28 00:00:00,2026-10-04 00:00:00,P1D,fcre,1.6,ensemble,20,Chla_ugL_mean,3.09086034229886
vera4cast,chlorocast_ens3,2026-10-29 00:00:00,2026-10-04 00:00:00,P1D,fcre,1.6,ensemble,20,Chla_ugL_mean,3.109055348565
vera4cast,chlorocast_ens3,2026-10-30 00:00:00,2026-10-04 00:00:00,P1D,fcre,1.6,ensemble,20,Chla_ugL_mean,3.10081128426141
vera4cast,chlorocast_ens3,2026-10-31 00:00:00,2026-10-04 00:00:00,P1D,fcre,1.6,ensemble,20,Chla_ugL_mean,3.1517422444582
vera4cast,chlorocast_ens3,2026-11-01 00:00:00,2026-10-04 00:00:00,P1D,fcre,1.6,ensemble,20,Chla_ugL_mean,3.24608868638148
vera4cast,chlorocast_ens3,2026-11-02 00:00:00,2026-10-04 00:00:00,P1D,fcre,1.6,ensemble,20,Chla_ugL_mean,3.27508019387185
vera4cast,chlorocast_ens3,2026-11-03 00:00:00,2026-10-04 00:00:00,P1D,fcre,1.6,ensemble,20,Chla_ugL_mean,3.27240500201867
vera4cast,chlorocast_ens3,2026-11-04 00:00:00,2026-10-04 00:00:00,P1D,fcre,1.6,ensemble,20,Chla_ugL_mean,3.31362608145428
vera4cast,chlorocast_ens3,2026-11-05 00:00:00,2026-10-04 00:00:00,P1D,fcre,1.6,ensemble,20,Chla_ugL_mean,3.3601685985366
vera4cast,chlorocast_ens3,2026-11-06 00:00:00,2026-10-04 00:00:00,P1D,fcre,1.6,ensemble,20,Chla_ugL_mean,3.45012032875805
vera4cast,chlorocast_ens3,2026-11-07 00:00:00,2026-10-04 00:00:00,P1D,fcre,1.6,ensemble,20,Chla_ugL_mean,3.54383254556461
vera4cast,chlorocast_ens3,2026-11-08 00:00:00,2026-10-04 00:00:00,P1D,fcre,1.6,ensemble,20,Chla_ugL_mean,3.60076162836015
vera4cast,chlorocast_ens3,2026-10-05 00:00:00,2026-10-04 00:00:00,P1D,fcre,1.6,ensemble,21,Chla_ugL_mean,3.52092441400753
vera4cast,chlorocast_ens3,2026-10-06 00:00:00,2026-10-04 00:00:00,P1D,fcre,1.6,ensemble,21,Chla_ugL_mean,3.5002686925796
vera4cast,chlorocast_ens3,2026-10-07 00:00:00,2026-10-04 00:00:00,P1D,fcre,1.6,ensemble,21,Chla_ugL_mean,3.38955874549229
vera4cast,chlorocast_ens3,2026-10-08 00:00:00,2026-10-04 00:00:00,P1D,fcre,1.6,ensemble,21,Chla_ugL_mean,3.35901073339274
vera4cast,chlorocast_ens3,2026-10-09 00:00:00,2026-10-04 00:00:00,P1D,fcre,1.6,ensemble,21,Chla_ugL_mean,3.27944316130745
vera4cast,chlorocast_ens3,2026-10-10 00:00:00,2026-10-04 00:00:00,P1D,fcre,1.6,ensemble,21,Chla_ugL_mean,3.18965019059924
vera4cast,chlorocast_ens3,2026-10-11 00:00:00,2026-10-04 00:00:00,P1D,fcre,1.6,ensemble,21,Chla_ugL_mean,3.15181705662796
vera4cast,chlorocast_ens3,2026-10-12 00:00:00,2026-10-04 00:00:00,P1D,fcre,1.6,ensemble,21,Chla_ugL_mean,3.1280461554867
vera4cast,chlorocast_ens3,2026-10-13 00:00:00,2026-10-04 00:00:00,P1D,fcre,1.6,ensemble,21,Chla_ugL_mean,3.11504824319039
vera4cast,chlorocast_ens3,2026-10-14 00:00:00,2026-10-04 00:00:00,P1D,fcre,1.6,ensemble,21,Chla_ugL_mean,3.10617645902146
vera4cast,chlorocast_ens3,2026-10-15 00:00:00,2026-10-04 00:00:00,P1D,fcre,1.6,ensemble,21,Chla_ugL_mean,3.1141629449017
vera4cast,chlorocast_ens3,2026-10-16 00:00:00,2026-10-04 00:00:00,P1D,fcre,1.6,ensemble,21,Chla_ugL_mean,3.07838775349658
vera4cast,chlorocast_ens3,2026-10-17 00:00:00,2026-10-04 00:00:00,P1D,fcre,1.6,ensemble,21,Chla_ugL_mean,3.15622828127984
vera4cast,chlorocast_ens3,2026-10-18 00:00:00,2026-10-04 00:00:00,P1D,fcre,1.6,ensemble,21,Chla_ugL_mean,3.11086899889637
vera4cast,chlorocast_ens3,2026-10-19 00:00:00,2026-10-04 00:00:00,P1D,fcre,1.6,ensemble,21,Chla_ugL_mean,3.07846542668931
vera4cast,chlorocast_ens3,2026-10-20 00:00:00,2026-10-04 00:00:00,P1D,fcre,1.6,ensemble,21,Chla_ugL_mean,3.12366392293125
vera4cast,chlorocast_ens3,2026-10-21 00:00:00,2026-10-04 00:00:00,P1D,fcre,1.6,ensemble,21,Chla_ugL_mean,3.12622417320754
vera4cast,chlorocast_ens3,2026-10-22 00:00:00,2026-10-04 00:00:00,P1D,fcre,1.6,ensemble,21,Chla_ugL_mean,3.1135924863071
vera4cast,chlorocast_ens3,2026-10-23 00:00:00,2026-10-04 00:00:00,P1D,fcre,1.6,ensemble,21,Chla_ugL_mean,3.12873865092851
vera4cast,chlorocast_ens3,2026-10-24 00:00:00,2026-10-04 00:00:00,P1D,fcre,1.6,ensemble,21,Chla_ugL_mean,3.14584228620404
vera4cast,chlorocast_ens3,2026-10-25 00:00:00,2026-10-04 00:00:00,P1D,fcre,1.6,ensemble,21,Chla_ugL_mean,3.13608192287338
vera4cast,chlorocast_ens3,2026-10-26 00:00:00,2026-10-04 00:00:00,P1D,fcre,1.6,ensemble,21,Chla_ugL_mean,3.13197177512951
vera4cast,chlorocast_ens3,2026-10-27 00:00:00,2026-10-04 00:00:00,P1D,fcre,1.6,ensemble,21,Chla_ugL_mean,3.13954495964485
vera4cast,chlorocast_ens3,2026-10-28 00:00:00,2026-10-04 00:00:00,P1D,fcre,1.6,ensemble,21,Chla_ugL_mean,3.15508302003601
vera4cast,chlorocast_ens3,2026-10-29 00:00:00,2026-10-04 00:00:00,P1D,fcre,1.6,ensemble,21,Chla_ugL_mean,3.17368116186286
vera4cast,chlorocast_ens3,2026-10-30 00:00:00,2026-10-04 00:00:00,P1D,fcre,1.6,ensemble,21,Chla_ugL_mean,3.16649316935433
vera4cast,chlorocast_ens3,2026-10-31 00:00:00,2026-10-04 00:00:00,P1D,fcre,1.6,ensemble,21,Chla_ugL_mean,3.21804565052715
vera4cast,chlorocast_ens3,2026-11-01 00:00:00,2026-10-04 00:00:00,P1D,fcre,1.6,ensemble,21,Chla_ugL_mean,3.3124764819723
vera4cast,chlorocast_ens3,2026-11-02 00:00:00,2026-10-04 00:00:00,P1D,fcre,1.6,ensemble,21,Chla_ugL_mean,3.34274515732266
vera4cast,chlorocast_ens3,2026-11-03 00:00:00,2026-10-04 00:00:00,P1D,fcre,1.6,ensemble,21,Chla_ugL_mean,3.34131826290185
vera4cast,chlorocast_ens3,2026-11-04 00:00:00,2026-10-04 00:00:00,P1D,fcre,1.6,ensemble,21,Chla_ugL_mean,3.38262917878307
vera4cast,chlorocast_ens3,2026-11-05 00:00:00,2026-10-04 00:00:00,P1D,fcre,1.6,ensemble,21,Chla_ugL_mean,3.43031638523007
vera4cast,chlorocast_ens3,2026-11-06 00:00:00,2026-10-04 00:00:00,P1D,fcre,1.6,ensemble,21,Chla_ugL_mean,3.52003185241892
vera4cast,chlorocast_ens3,2026-11-07 00:00:00,2026-10-04 00:00:00,P1D,fcre,1.6,ensemble,21,Chla_ugL_mean,3.61682918921522
vera4cast,chlorocast_ens3,2026-11-08 00:00:00,2026-10-04 00:00:00,P1D,fcre,1.6,ensemble,21,Chla_ugL_mean,3.67420404772496
vera4cast,chlorocast_ens3,2026-10-05 00:00:00,2026-10-04 00:00:00,P1D,fcre,1.6,ensemble,22,Chla_ugL_mean,3.58082511045023
vera4cast,chlorocast_ens3,2026-10-06 00:00:00,2026-10-04 00:00:00,P1D,fcre,1.6,ensemble,22,Chla_ugL_mean,3.56037171091
vera4cast,chlorocast_ens3,2026-10-07 00:00:00,2026-10-04 00:00:00,P1D,fcre,1.6,ensemble,22,Chla_ugL_mean,3.44760725590019
vera4cast,chlorocast_ens3,2026-10-08 00:00:00,2026-10-04 00:00:00,P1D,fcre,1.6,ensemble,22,Chla_ugL_mean,3.41745854721055
vera4cast,chlorocast_ens3,2026-10-09 00:00:00,2026-10-04 00:00:00,P1D,fcre,1.6,ensemble,22,Chla_ugL_mean,3.33967320851635
vera4cast,chlorocast_ens3,2026-10-10 00:00:00,2026-10-04 00:00:00,P1D,fcre,1.6,ensemble,22,Chla_ugL_mean,3.25056990574966
vera4cast,chlorocast_ens3,2026-10-11 00:00:00,2026-10-04 00:00:00,P1D,fcre,1.6,ensemble,22,Chla_ugL_mean,3.21181142750876
vera4cast,chlorocast_ens3,2026-10-12 00:00:00,2026-10-04 00:00:00,P1D,fcre,1.6,ensemble,22,Chla_ugL_mean,3.18448766383668
vera4cast,chlorocast_ens3,2026-10-13 00:00:00,2026-10-04 00:00:00,P1D,fcre,1.6,ensemble,22,Chla_ugL_mean,3.17300872642402
vera4cast,chlorocast_ens3,2026-10-14 00:00:00,2026-10-04 00:00:00,P1D,fcre,1.6,ensemble,22,Chla_ugL_mean,3.16570843741634
vera4cast,chlorocast_ens3,2026-10-15 00:00:00,2026-10-04 00:00:00,P1D,fcre,1.6,ensemble,22,Chla_ugL_mean,3.17196523387345
vera4cast,chlorocast_ens3,2026-10-16 00:00:00,2026-10-04 00:00:00,P1D,fcre,1.6,ensemble,22,Chla_ugL_mean,3.13777961324568
vera4cast,chlorocast_ens3,2026-10-17 00:00:00,2026-10-04 00:00:00,P1D,fcre,1.6,ensemble,22,Chla_ugL_mean,3.21250047798982
vera4cast,chlorocast_ens3,2026-10-18 00:00:00,2026-10-04 00:00:00,P1D,fcre,1.6,ensemble,22,Chla_ugL_mean,3.16724082056741
vera4cast,chlorocast_ens3,2026-10-19 00:00:00,2026-10-04 00:00:00,P1D,fcre,1.6,ensemble,22,Chla_ugL_mean,3.13676205102026
vera4cast,chlorocast_ens3,2026-10-20 00:00:00,2026-10-04 00:00:00,P1D,fcre,1.6,ensemble,22,Chla_ugL_mean,3.18097287019947
vera4cast,chlorocast_ens3,2026-10-21 00:00:00,2026-10-04 00:00:00,P1D,fcre,1.6,ensemble,22,Chla_ugL_mean,3.18133774842749
vera4cast,chlorocast_ens3,2026-10-22 00:00:00,2026-10-04 00:00:00,P1D,fcre,1.6,ensemble,22,Chla_ugL_mean,3.16900943681144
vera4cast,chlorocast_ens3,2026-10-23 00:00:00,2026-10-04 00:00:00,P1D,fcre,1.6,ensemble,22,Chla_ugL_mean,3.18396822858313
vera4cast,chlorocast_ens3,2026-10-24 00:00:00,2026-10-04 00:00:00,P1D,fcre,1.6,ensemble,22,Chla_ugL_mean,3.20065694440785
vera4cast,chlorocast_ens3,2026-10-25 00:00:00,2026-10-04 00:00:00,P1D,fcre,1.6,ensemble,22,Chla_ugL_mean,3.19308131473692
vera4cast,chlorocast_ens3,2026-10-26 00:00:00,2026-10-04 00:00:00,P1D,fcre,1.6,ensemble,22,Chla_ugL_mean,3.18980048633602
vera4cast,chlorocast_ens3,2026-10-27 00:00:00,2026-10-04 00:00:00,P1D,fcre,1.6,ensemble,22,Chla_ugL_mean,3.19765332260574
vera4cast,chlorocast_ens3,2026-10-28 00:00:00,2026-10-04 00:00:00,P1D,fcre,1.6,ensemble,22,Chla_ugL_mean,3.21345713520896
vera4cast,chlorocast_ens3,2026-10-29 00:00:00,2026-10-04 00:00:00,P1D,fcre,1.6,ensemble,22,Chla_ugL_mean,3.23243226745304
vera4cast,chlorocast_ens3,2026-10-30 00:00:00,2026-10-04 00:00:00,P1D,fcre,1.6,ensemble,22,Chla_ugL_mean,3.22684730906978
vera4cast,chlorocast_ens3,2026-10-31 00:00:00,2026-10-04 00:00:00,P1D,fcre,1.6,ensemble,22,Chla_ugL_mean,3.27894377694116
vera4cast,chlorocast_ens3,2026-11-01 00:00:00,2026-10-04 00:00:00,P1D,fcre,1.6,ensemble,22,Chla_ugL_mean,3.37312711121964
vera4cast,chlorocast_ens3,2026-11-02 00:00:00,2026-10-04 00:00:00,P1D,fcre,1.6,ensemble,22,Chla_ugL_mean,3.40511836854437
vera4cast,chlorocast_ens3,2026-11-03 00:00:00,2026-10-04 00:00:00,P1D,fcre,1.6,ensemble,22,Chla_ugL_mean,3.40515056091733
vera4cast,chlorocast_ens3,2026-11-04 00:00:00,2026-10-04 00:00:00,P1D,fcre,1.6,ensemble,22,Chla_ugL_mean,3.4461556675788
vera4cast,chlorocast_ens3,2026-11-05 00:00:00,2026-10-04 00:00:00,P1D,fcre,1.6,ensemble,22,Chla_ugL_mean,3.49446175649204
vera4cast,chlorocast_ens3,2026-11-06 00:00:00,2026-10-04 00:00:00,P1D,fcre,1.6,ensemble,22,Chla_ugL_mean,3.58291338559124
vera4cast,chlorocast_ens3,2026-11-07 00:00:00,2026-10-04 00:00:00,P1D,fcre,1.6,ensemble,22,Chla_ugL_mean,3.68359729929937
vera4cast,chlorocast_ens3,2026-11-08 00:00:00,2026-10-04 00:00:00,P1D,fcre,1.6,ensemble,22,Chla_ugL_mean,3.74060409902127
vera4cast,chlorocast_ens3,2026-10-05 00:00:00,2026-10-04 00:00:00,P1D,fcre,1.6,ensemble,23,Chla_ugL_mean,3.64151947055677
vera4cast,chlorocast_ens3,2026-10-06 00:00:00,2026-10-04 00:00:00,P1D,fcre,1.6,ensemble,23,Chla_ugL_mean,3.6212774308254
vera4cast,chlorocast_ens3,2026-10-07 00:00:00,2026-10-04 00:00:00,P1D,fcre,1.6,ensemble,23,Chla_ugL_mean,3.50642341284295
vera4cast,chlorocast_ens3,2026-10-08 00:00:00,2026-10-04 00:00:00,P1D,fcre,1.6,ensemble,23,Chla_ugL_mean,3.47669005878665
vera4cast,chlorocast_ens3,2026-10-09 00:00:00,2026-10-04 00:00:00,P1D,fcre,1.6,ensemble,23,Chla_ugL_mean,3.40075094979433
vera4cast,chlorocast_ens3,2026-10-10 00:00:00,2026-10-04 00:00:00,P1D,fcre,1.6,ensemble,23,Chla_ugL_mean,3.31237542556758
vera4cast,chlorocast_ens3,2026-10-11 00:00:00,2026-10-04 00:00:00,P1D,fcre,1.6,ensemble,23,Chla_ugL_mean,3.27267272592713
vera4cast,chlorocast_ens3,2026-10-12 00:00:00,2026-10-04 00:00:00,P1D,fcre,1.6,ensemble,23,Chla_ugL_mean,3.24170087961065
vera4cast,chlorocast_ens3,2026-10-13 00:00:00,2026-10-04 00:00:00,P1D,fcre,1.6,ensemble,23,Chla_ugL_mean,3.23178558346864
vera4cast,chlorocast_ens3,2026-10-14 00:00:00,2026-10-04 00:00:00,P1D,fcre,1.6,ensemble,23,Chla_ugL_mean,3.22610351959815
vera4cast,chlorocast_ens3,2026-10-15 00:00:00,2026-10-04 00:00:00,P1D,fcre,1.6,ensemble,23,Chla_ugL_mean,3.23057962111527
vera4cast,chlorocast_ens3,2026-10-16 00:00:00,2026-10-04 00:00:00,P1D,fcre,1.6,ensemble,23,Chla_ugL_mean,3.19803637187581
vera4cast,chlorocast_ens3,2026-10-17 00:00:00,2026-10-04 00:00:00,P1D,fcre,1.6,ensemble,23,Chla_ugL_mean,3.2695345578083
vera4cast,chlorocast_ens3,2026-10-18 00:00:00,2026-10-04 00:00:00,P1D,fcre,1.6,ensemble,23,Chla_ugL_mean,3.22438566183099
vera4cast,chlorocast_ens3,2026-10-19 00:00:00,2026-10-04 00:00:00,P1D,fcre,1.6,ensemble,23,Chla_ugL_mean,3.19589195357054
vera4cast,chlorocast_ens3,2026-10-20 00:00:00,2026-10-04 00:00:00,P1D,fcre,1.6,ensemble,23,Chla_ugL_mean,3.23907827311936
vera4cast,chlorocast_ens3,2026-10-21 00:00:00,2026-10-04 00:00:00,P1D,fcre,1.6,ensemble,23,Chla_ugL_mean,3.23718747031472
vera4cast,chlorocast_ens3,2026-10-22 00:00:00,2026-10-04 00:00:00,P1D,fcre,1.6,ensemble,23,Chla_ugL_mean,3.22517294605086
vera4cast,chlorocast_ens3,2026-10-23 00:00:00,2026-10-04 00:00:00,P1D,fcre,1.6,ensemble,23,Chla_ugL_mean,3.23993660481664
vera4cast,chlorocast_ens3,2026-10-24 00:00:00,2026-10-04 00:00:00,P1D,fcre,1.6,ensemble,23,Chla_ugL_mean,3.25619633996213
vera4cast,chlorocast_ens3,2026-10-25 00:00:00,2026-10-04 00:00:00,P1D,fcre,1.6,ensemble,23,Chla_ugL_mean,3.25086621586585
vera4cast,chlorocast_ens3,2026-10-26 00:00:00,2026-10-04 00:00:00,P1D,fcre,1.6,ensemble,23,Chla_ugL_mean,3.24843853507477
vera4cast,chlorocast_ens3,2026-10-27 00:00:00,2026-10-04 00:00:00,P1D,fcre,1.6,ensemble,23,Chla_ugL_mean,3.25657737470129
vera4cast,chlorocast_ens3,2026-10-28 00:00:00,2026-10-04 00:00:00,P1D,fcre,1.6,ensemble,23,Chla_ugL_mean,3.27265133924796
vera4cast,chlorocast_ens3,2026-10-29 00:00:00,2026-10-04 00:00:00,P1D,fcre,1.6,ensemble,23,Chla_ugL_mean,3.29201038696072
vera4cast,chlorocast_ens3,2026-10-30 00:00:00,2026-10-04 00:00:00,P1D,fcre,1.6,ensemble,23,Chla_ugL_mean,3.28807571451249
vera4cast,chlorocast_ens3,2026-10-31 00:00:00,2026-10-04 00:00:00,P1D,fcre,1.6,ensemble,23,Chla_ugL_mean,3.34072112138835
vera4cast,chlorocast_ens3,2026-11-01 00:00:00,2026-10-04 00:00:00,P1D,fcre,1.6,ensemble,23,Chla_ugL_mean,3.43463073035421
vera4cast,chlorocast_ens3,2026-11-02 00:00:00,2026-10-04 00:00:00,P1D,fcre,1.6,ensemble,23,Chla_ugL_mean,3.46838742268045
vera4cast,chlorocast_ens3,2026-11-03 00:00:00,2026-10-04 00:00:00,P1D,fcre,1.6,ensemble,23,Chla_ugL_mean,3.46992141308231
vera4cast,chlorocast_ens3,2026-11-04 00:00:00,2026-10-04 00:00:00,P1D,fcre,1.6,ensemble,23,Chla_ugL_mean,3.51060297687156
vera4cast,chlorocast_ens3,2026-11-05 00:00:00,2026-10-04 00:00:00,P1D,fcre,1.6,ensemble,23,Chla_ugL_mean,3.55953587150425
vera4cast,chlorocast_ens3,2026-11-06 00:00:00,2026-10-04 00:00:00,P1D,fcre,1.6,ensemble,23,Chla_ugL_mean,3.64666971065513
vera4cast,chlorocast_ens3,2026-11-07 00:00:00,2026-10-04 00:00:00,P1D,fcre,1.6,ensemble,23,Chla_ugL_mean,3.75133100294168
vera4cast,chlorocast_ens3,2026-11-08 00:00:00,2026-10-04 00:00:00,P1D,fcre,1.6,ensemble,23,Chla_ugL_mean,3.8079474054188
vera4cast,chlorocast_ens3,2026-10-05 00:00:00,2026-10-04 00:00:00,P1D,fcre,1.6,ensemble,24,Chla_ugL_mean,3.70301801009821
vera4cast,chlorocast_ens3,2026-10-06 00:00:00,2026-10-04 00:00:00,P1D,fcre,1.6,ensemble,24,Chla_ugL_mean,3.68299657274969
vera4cast,chlorocast_ens3,2026-10-07 00:00:00,2026-10-04 00:00:00,P1D,fcre,1.6,ensemble,24,Chla_ugL_mean,3.56601736785071
vera4cast,chlorocast_ens3,2026-10-08 00:00:00,2026-10-04 00:00:00,P1D,fcre,1.6,ensemble,24,Chla_ugL_mean,3.53671577633572
vera4cast,chlorocast_ens3,2026-10-09 00:00:00,2026-10-04 00:00:00,P1D,fcre,1.6,ensemble,24,Chla_ugL_mean,3.46268831581831
vera4cast,chlorocast_ens3,2026-10-10 00:00:00,2026-10-04 00:00:00,P1D,fcre,1.6,ensemble,24,Chla_ugL_mean,3.37507963011829
vera4cast,chlorocast_ens3,2026-10-11 00:00:00,2026-10-04 00:00:00,P1D,fcre,1.6,ensemble,24,Chla_ugL_mean,3.3344134791143
vera4cast,chlorocast_ens3,2026-10-12 00:00:00,2026-10-04 00:00:00,P1D,fcre,1.6,ensemble,24,Chla_ugL_mean,3.29969635412744
vera4cast,chlorocast_ens3,2026-10-13 00:00:00,2026-10-04 00:00:00,P1D,fcre,1.6,ensemble,24,Chla_ugL_mean,3.29139031295507
vera4cast,chlorocast_ens3,2026-10-14 00:00:00,2026-10-04 00:00:00,P1D,fcre,1.6,ensemble,24,Chla_ugL_mean,3.28737421897846
vera4cast,chlorocast_ens3,2026-10-15 00:00:00,2026-10-04 00:00:00,P1D,fcre,1.6,ensemble,24,Chla_ugL_mean,3.29001751627222
vera4cast,chlorocast_ens3,2026-10-16 00:00:00,2026-10-04 00:00:00,P1D,fcre,1.6,ensemble,24,Chla_ugL_mean,3.25917062454864
vera4cast,chlorocast_ens3,2026-10-17 00:00:00,2026-10-04 00:00:00,P1D,fcre,1.6,ensemble,24,Chla_ugL_mean,3.32734083605802
vera4cast,chlorocast_ens3,2026-10-18 00:00:00,2026-10-04 00:00:00,P1D,fcre,1.6,ensemble,24,Chla_ugL_mean,3.28231412300608
vera4cast,chlorocast_ens3,2026-10-19 00:00:00,2026-10-04 00:00:00,P1D,fcre,1.6,ensemble,24,Chla_ugL_mean,3.2558670450228
vera4cast,chlorocast_ens3,2026-10-20 00:00:00,2026-10-04 00:00:00,P1D,fcre,1.6,ensemble,24,Chla_ugL_mean,3.29799120049667
vera4cast,chlorocast_ens3,2026-10-21 00:00:00,2026-10-04 00:00:00,P1D,fcre,1.6,ensemble,24,Chla_ugL_mean,3.2937831715087
vera4cast,chlorocast_ens3,2026-10-22 00:00:00,2026-10-04 00:00:00,P1D,fcre,1.6,ensemble,24,Chla_ugL_mean,3.28209307141646
vera4cast,chlorocast_ens3,2026-10-23 00:00:00,2026-10-04 00:00:00,P1D,fcre,1.6,ensemble,24,Chla_ugL_mean,3.29665366243754
vera4cast,chlorocast_ens3,2026-10-24 00:00:00,2026-10-04 00:00:00,P1D,fcre,1.6,ensemble,24,Chla_ugL_mean,3.31247005505247
vera4cast,chlorocast_ens3,2026-10-25 00:00:00,2026-10-04 00:00:00,P1D,fcre,1.6,ensemble,24,Chla_ugL_mean,3.30944745137225
vera4cast,chlorocast_ens3,2026-10-26 00:00:00,2026-10-04 00:00:00,P1D,fcre,1.6,ensemble,24,Chla_ugL_mean,3.3078972483705
vera4cast,chlorocast_ens3,2026-10-27 00:00:00,2026-10-04 00:00:00,P1D,fcre,1.6,ensemble,24,Chla_ugL_mean,3.31632856606931
vera4cast,chlorocast_ens3,2026-10-28 00:00:00,2026-10-04 00:00:00,P1D,fcre,1.6,ensemble,24,Chla_ugL_mean,3.33267715345394
vera4cast,chlorocast_ens3,2026-10-29 00:00:00,2026-10-04 00:00:00,P1D,fcre,1.6,ensemble,24,Chla_ugL_mean,3.35242716190333
vera4cast,chlorocast_ens3,2026-10-30 00:00:00,2026-10-04 00:00:00,P1D,fcre,1.6,ensemble,24,Chla_ugL_mean,3.35019104994318
vera4cast,chlorocast_ens3,2026-10-31 00:00:00,2026-10-04 00:00:00,P1D,fcre,1.6,ensemble,24,Chla_ugL_mean,3.40339037759833
vera4cast,chlorocast_ens3,2026-11-01 00:00:00,2026-10-04 00:00:00,P1D,fcre,1.6,ensemble,24,Chla_ugL_mean,3.49699933581789
vera4cast,chlorocast_ens3,2026-11-02 00:00:00,2026-10-04 00:00:00,P1D,fcre,1.6,ensemble,24,Chla_ugL_mean,3.5325651863849
vera4cast,chlorocast_ens3,2026-11-03 00:00:00,2026-10-04 00:00:00,P1D,fcre,1.6,ensemble,24,Chla_ugL_mean,3.53564461936825
vera4cast,chlorocast_ens3,2026-11-04 00:00:00,2026-10-04 00:00:00,P1D,fcre,1.6,ensemble,24,Chla_ugL_mean,3.57598445401304
vera4cast,chlorocast_ens3,2026-11-05 00:00:00,2026-10-04 00:00:00,P1D,fcre,1.6,ensemble,24,Chla_ugL_mean,3.62555217730015
vera4cast,chlorocast_ens3,2026-11-06 00:00:00,2026-10-04 00:00:00,P1D,fcre,1.6,ensemble,24,Chla_ugL_mean,3.71131299749282
vera4cast,chlorocast_ens3,2026-11-07 00:00:00,2026-10-04 00:00:00,P1D,fcre,1.6,ensemble,24,Chla_ugL_mean,3.82004426445712
vera4cast,chlorocast_ens3,2026-11-08 00:00:00,2026-10-04 00:00:00,P1D,fcre,1.6,ensemble,24,Chla_ugL_mean,3.87624736645819
vera4cast,chlorocast_ens3,2026-10-05 00:00:00,2026-10-04 00:00:00,P1D,fcre,1.6,ensemble,25,Chla_ugL_mean,3.765331384176
vera4cast,chlorocast_ens3,2026-10-06 00:00:00,2026-10-04 00:00:00,P1D,fcre,1.6,ensemble,25,Chla_ugL_mean,3.74554000028265
vera4cast,chlorocast_ens3,2026-10-07 00:00:00,2026-10-04 00:00:00,P1D,fcre,1.6,ensemble,25,Chla_ugL_mean,3.62639940669971
vera4cast,chlorocast_ens3,2026-10-08 00:00:00,2026-10-04 00:00:00,P1D,fcre,1.6,ensemble,25,Chla_ugL_mean,3.59754634897191
vera4cast,chlorocast_ens3,2026-10-09 00:00:00,2026-10-04 00:00:00,P1D,fcre,1.6,ensemble,25,Chla_ugL_mean,3.52549740518082
vera4cast,chlorocast_ens3,2026-10-10 00:00:00,2026-10-04 00:00:00,P1D,fcre,1.6,ensemble,25,Chla_ugL_mean,3.43869558675001
vera4cast,chlorocast_ens3,2026-10-11 00:00:00,2026-10-04 00:00:00,P1D,fcre,1.6,ensemble,25,Chla_ugL_mean,3.39704639532181
vera4cast,chlorocast_ens3,2026-10-12 00:00:00,2026-10-04 00:00:00,P1D,fcre,1.6,ensemble,25,Chla_ugL_mean,3.35848478297077
vera4cast,chlorocast_ens3,2026-10-13 00:00:00,2026-10-04 00:00:00,P1D,fcre,1.6,ensemble,25,Chla_ugL_mean,3.35183457547243
vera4cast,chlorocast_ens3,2026-10-14 00:00:00,2026-10-04 00:00:00,P1D,fcre,1.6,ensemble,25,Chla_ugL_mean,3.34953323039021
vera4cast,chlorocast_ens3,2026-10-15 00:00:00,2026-10-04 00:00:00,P1D,fcre,1.6,ensemble,25,Chla_ugL_mean,3.35029048929015
vera4cast,chlorocast_ens3,2026-10-16 00:00:00,2026-10-04 00:00:00,P1D,fcre,1.6,ensemble,25,Chla_ugL_mean,3.32119514984391
vera4cast,chlorocast_ens3,2026-10-17 00:00:00,2026-10-04 00:00:00,P1D,fcre,1.6,ensemble,25,Chla_ugL_mean,3.38592976772343
vera4cast,chlorocast_ens3,2026-10-18 00:00:00,2026-10-04 00:00:00,P1D,fcre,1.6,ensemble,25,Chla_ugL_mean,3.34103694977246
vera4cast,chlorocast_ens3,2026-10-19 00:00:00,2026-10-04 00:00:00,P1D,fcre,1.6,ensemble,25,Chla_ugL_mean,3.31669940630814
vera4cast,chlorocast_ens3,2026-10-20 00:00:00,2026-10-04 00:00:00,P1D,fcre,1.6,ensemble,25,Chla_ugL_mean,3.35772287496676
vera4cast,chlorocast_ens3,2026-10-21 00:00:00,2026-10-04 00:00:00,P1D,fcre,1.6,ensemble,25,Chla_ugL_mean,3.35113481598253
vera4cast,chlorocast_ens3,2026-10-22 00:00:00,2026-10-04 00:00:00,P1D,fcre,1.6,ensemble,25,Chla_ugL_mean,3.33978000578917
vera4cast,chlorocast_ens3,2026-10-23 00:00:00,2026-10-04 00:00:00,P1D,fcre,1.6,ensemble,25,Chla_ugL_mean,3.35412941645535
vera4cast,chlorocast_ens3,2026-10-24 00:00:00,2026-10-04 00:00:00,P1D,fcre,1.6,ensemble,25,Chla_ugL_mean,3.36948779855623
vera4cast,chlorocast_ens3,2026-10-25 00:00:00,2026-10-04 00:00:00,P1D,fcre,1.6,ensemble,25,Chla_ugL_mean,3.36883599554922
vera4cast,chlorocast_ens3,2026-10-26 00:00:00,2026-10-04 00:00:00,P1D,fcre,1.6,ensemble,25,Chla_ugL_mean,3.36818811177445
vera4cast,chlorocast_ens3,2026-10-27 00:00:00,2026-10-04 00:00:00,P1D,fcre,1.6,ensemble,25,Chla_ugL_mean,3.37691850757755
vera4cast,chlorocast_ens3,2026-10-28 00:00:00,2026-10-04 00:00:00,P1D,fcre,1.6,ensemble,25,Chla_ugL_mean,3.39354626098882
vera4cast,chlorocast_ens3,2026-10-29 00:00:00,2026-10-04 00:00:00,P1D,fcre,1.6,ensemble,25,Chla_ugL_mean,3.41369439767091
vera4cast,chlorocast_ens3,2026-10-30 00:00:00,2026-10-04 00:00:00,P1D,fcre,1.6,ensemble,25,Chla_ugL_mean,3.41320616307197
vera4cast,chlorocast_ens3,2026-10-31 00:00:00,2026-10-04 00:00:00,P1D,fcre,1.6,ensemble,25,Chla_ugL_mean,3.4669644225667
vera4cast,chlorocast_ens3,2026-11-01 00:00:00,2026-10-04 00:00:00,P1D,fcre,1.6,ensemble,25,Chla_ugL_mean,3.56024509277039
vera4cast,chlorocast_ens3,2026-11-02 00:00:00,2026-10-04 00:00:00,P1D,fcre,1.6,ensemble,25,Chla_ugL_mean,3.5976647111106
vera4cast,chlorocast_ens3,2026-11-03 00:00:00,2026-10-04 00:00:00,P1D,fcre,1.6,ensemble,25,Chla_ugL_mean,3.60233418265365
vera4cast,chlorocast_ens3,2026-11-04 00:00:00,2026-10-04 00:00:00,P1D,fcre,1.6,ensemble,25,Chla_ugL_mean,3.64231363982565
vera4cast,chlorocast_ens3,2026-11-05 00:00:00,2026-10-04 00:00:00,P1D,fcre,1.6,ensemble,25,Chla_ugL_mean,3.69252431560921
vera4cast,chlorocast_ens3,2026-11-06 00:00:00,2026-10-04 00:00:00,P1D,fcre,1.6,ensemble,25,Chla_ugL_mean,3.77685558529085
vera4cast,chlorocast_ens3,2026-11-07 00:00:00,2026-10-04 00:00:00,P1D,fcre,1.6,ensemble,25,Chla_ugL_mean,3.88975125011116
vera4cast,chlorocast_ens3,2026-11-08 00:00:00,2026-10-04 00:00:00,P1D,fcre,1.6,ensemble,25,Chla_ugL_mean,3.94551757202911
vera4cast,chlorocast_ens3,2026-10-05 00:00:00,2026-10-04 00:00:00,P1D,fcre,1.6,ensemble,26,Chla_ugL_mean,3.828470389068
vera4cast,chlorocast_ens3,2026-10-06 00:00:00,2026-10-04 00:00:00,P1D,fcre,1.6,ensemble,26,Chla_ugL_mean,3.80891872211207
vera4cast,chlorocast_ens3,2026-10-07 00:00:00,2026-10-04 00:00:00,P1D,fcre,1.6,ensemble,26,Chla_ugL_mean,3.68757995118762
vera4cast,chlorocast_ens3,2026-10-08 00:00:00,2026-10-04 00:00:00,P1D,fcre,1.6,ensemble,26,Chla_ugL_mean,3.65919256859806
vera4cast,chlorocast_ens3,2026-10-09 00:00:00,2026-10-04 00:00:00,P1D,fcre,1.6,ensemble,26,Chla_ugL_mean,3.58919048675327
vera4cast,chlorocast_ens3,2026-10-10 00:00:00,2026-10-04 00:00:00,P1D,fcre,1.6,ensemble,26,Chla_ugL_mean,3.50323655281705
vera4cast,chlorocast_ens3,2026-10-11 00:00:00,2026-10-04 00:00:00,P1D,fcre,1.6,ensemble,26,Chla_ugL_mean,3.46058436643734
vera4cast,chlorocast_ens3,2026-10-12 00:00:00,2026-10-04 00:00:00,P1D,fcre,1.6,ensemble,26,Chla_ugL_mean,3.41807700796184
vera4cast,chlorocast_ens3,2026-10-13 00:00:00,2026-10-04 00:00:00,P1D,fcre,1.6,ensemble,26,Chla_ugL_mean,3.41313019584932
vera4cast,chlorocast_ens3,2026-10-14 00:00:00,2026-10-04 00:00:00,P1D,fcre,1.6,ensemble,26,Chla_ugL_mean,3.41259343271797
vera4cast,chlorocast_ens3,2026-10-15 00:00:00,2026-10-04 00:00:00,P1D,fcre,1.6,ensemble,26,Chla_ugL_mean,3.41141027266786
vera4cast,chlorocast_ens3,2026-10-16 00:00:00,2026-10-04 00:00:00,P1D,fcre,1.6,ensemble,26,Chla_ugL_mean,3.38412291243047
vera4cast,chlorocast_ens3,2026-10-17 00:00:00,2026-10-04 00:00:00,P1D,fcre,1.6,ensemble,26,Chla_ugL_mean,3.44531194934159
vera4cast,chlorocast_ens3,2026-10-18 00:00:00,2026-10-04 00:00:00,P1D,fcre,1.6,ensemble,26,Chla_ugL_mean,3.40056503516405
vera4cast,chlorocast_ens3,2026-10-19 00:00:00,2026-10-04 00:00:00,P1D,fcre,1.6,ensemble,26,Chla_ugL_mean,3.37840129103968
vera4cast,chlorocast_ens3,2026-10-20 00:00:00,2026-10-04 00:00:00,P1D,fcre,1.6,ensemble,26,Chla_ugL_mean,3.41828467513244
vera4cast,chlorocast_ens3,2026-10-21 00:00:00,2026-10-04 00:00:00,P1D,fcre,1.6,ensemble,26,Chla_ugL_mean,3.40925250079712
vera4cast,chlorocast_ens3,2026-10-22 00:00:00,2026-10-04 00:00:00,P1D,fcre,1.6,ensemble,26,Chla_ugL_mean,3.39824407936503
vera4cast,chlorocast_ens3,2026-10-23 00:00:00,2026-10-04 00:00:00,P1D,fcre,1.6,ensemble,26,Chla_ugL_mean,3.412374015849
vera4cast,chlorocast_ens3,2026-10-24 00:00:00,2026-10-04 00:00:00,P1D,fcre,1.6,ensemble,26,Chla_ugL_mean,3.42725940771767
vera4cast,chlorocast_ens3,2026-10-25 00:00:00,2026-10-04 00:00:00,P1D,fcre,1.6,ensemble,26,Chla_ugL_mean,3.42904297392668
vera4cast,chlorocast_ens3,2026-10-26 00:00:00,2026-10-04 00:00:00,P1D,fcre,1.6,ensemble,26,Chla_ugL_mean,3.4293227715831
vera4cast,chlorocast_ens3,2026-10-27 00:00:00,2026-10-04 00:00:00,P1D,fcre,1.6,ensemble,26,Chla_ugL_mean,3.43835897307992
vera4cast,chlorocast_ens3,2026-10-28 00:00:00,2026-10-04 00:00:00,P1D,fcre,1.6,ensemble,26,Chla_ugL_mean,3.45527050914944
vera4cast,chlorocast_ens3,2026-10-29 00:00:00,2026-10-04 00:00:00,P1D,fcre,1.6,ensemble,26,Chla_ugL_mean,3.47582406583287
vera4cast,chlorocast_ens3,2026-10-30 00:00:00,2026-10-04 00:00:00,P1D,fcre,1.6,ensemble,26,Chla_ugL_mean,3.47713408771571
vera4cast,chlorocast_ens3,2026-10-31 00:00:00,2026-10-04 00:00:00,P1D,fcre,1.6,ensemble,26,Chla_ugL_mean,3.53145631920095
vera4cast,chlorocast_ens3,2026-11-01 00:00:00,2026-10-04 00:00:00,P1D,fcre,1.6,ensemble,26,Chla_ugL_mean,3.62438033746211
vera4cast,chlorocast_ens3,2026-11-02 00:00:00,2026-10-04 00:00:00,P1D,fcre,1.6,ensemble,26,Chla_ugL_mean,3.66369923576355
vera4cast,chlorocast_ens3,2026-11-03 00:00:00,2026-10-04 00:00:00,P1D,fcre,1.6,ensemble,26,Chla_ugL_mean,3.6700043117074
vera4cast,chlorocast_ens3,2026-11-04 00:00:00,2026-10-04 00:00:00,P1D,fcre,1.6,ensemble,26,Chla_ugL_mean,3.70960427140687
vera4cast,chlorocast_ens3,2026-11-05 00:00:00,2026-10-04 00:00:00,P1D,fcre,1.6,ensemble,26,Chla_ugL_mean,3.76046612567589
vera4cast,chlorocast_ens3,2026-11-06 00:00:00,2026-10-04 00:00:00,P1D,fcre,1.6,ensemble,26,Chla_ugL_mean,3.84330998489539
vera4cast,chlorocast_ens3,2026-11-07 00:00:00,2026-10-04 00:00:00,P1D,fcre,1.6,ensemble,26,Chla_ugL_mean,3.96046633104034
vera4cast,chlorocast_ens3,2026-11-08 00:00:00,2026-10-04 00:00:00,P1D,fcre,1.6,ensemble,26,Chla_ugL_mean,4.01577180507428
vera4cast,chlorocast_ens3,2026-10-05 00:00:00,2026-10-04 00:00:00,P1D,fcre,1.6,ensemble,27,Chla_ugL_mean,3.89244596409908
vera4cast,chlorocast_ens3,2026-10-06 00:00:00,2026-10-04 00:00:00,P1D,fcre,1.6,ensemble,27,Chla_ugL_mean,3.8731438939515
vera4cast,chlorocast_ens3,2026-10-07 00:00:00,2026-10-04 00:00:00,P1D,fcre,1.6,ensemble,27,Chla_ugL_mean,3.74956956093229
vera4cast,chlorocast_ens3,2026-10-08 00:00:00,2026-10-04 00:00:00,P1D,fcre,1.6,ensemble,27,Chla_ugL_mean,3.72166537182027
vera4cast,chlorocast_ens3,2026-10-09 00:00:00,2026-10-04 00:00:00,P1D,fcre,1.6,ensemble,27,Chla_ugL_mean,3.65378000208249
vera4cast,chlorocast_ens3,2026-10-10 00:00:00,2026-10-04 00:00:00,P1D,fcre,1.6,ensemble,27,Chla_ugL_mean,3.56871597844264
vera4cast,chlorocast_ens3,2026-10-11 00:00:00,2026-10-04 00:00:00,P1D,fcre,1.6,ensemble,27,Chla_ugL_mean,3.52504047063825
vera4cast,chlorocast_ens3,2026-10-12 00:00:00,2026-10-04 00:00:00,P1D,fcre,1.6,ensemble,27,Chla_ugL_mean,3.47848401915872
vera4cast,chlorocast_ens3,2026-10-13 00:00:00,2026-10-04 00:00:00,P1D,fcre,1.6,ensemble,27,Chla_ugL_mean,3.47528916546714
vera4cast,chlorocast_ens3,2026-10-14 00:00:00,2026-10-04 00:00:00,P1D,fcre,1.6,ensemble,27,Chla_ugL_mean,3.47656789156637
vera4cast,chlorocast_ens3,2026-10-15 00:00:00,2026-10-04 00:00:00,P1D,fcre,1.6,ensemble,27,Chla_ugL_mean,3.47338876374091
vera4cast,chlorocast_ens3,2026-10-16 00:00:00,2026-10-04 00:00:00,P1D,fcre,1.6,ensemble,27,Chla_ugL_mean,3.44796706577627
vera4cast,chlorocast_ens3,2026-10-17 00:00:00,2026-10-04 00:00:00,P1D,fcre,1.6,ensemble,27,Chla_ugL_mean,3.50549812091865
vera4cast,chlorocast_ens3,2026-10-18 00:00:00,2026-10-04 00:00:00,P1D,fcre,1.6,ensemble,27,Chla_ugL_mean,3.46090942158957
vera4cast,chlorocast_ens3,2026-10-19 00:00:00,2026-10-04 00:00:00,P1D,fcre,1.6,ensemble,27,Chla_ugL_mean,3.44098512798079
vera4cast,chlorocast_ens3,2026-10-20 00:00:00,2026-10-04 00:00:00,P1D,fcre,1.6,ensemble,27,Chla_ugL_mean,3.47968813773159
vera4cast,chlorocast_ens3,2026-10-21 00:00:00,2026-10-04 00:00:00,P1D,fcre,1.6,ensemble,27,Chla_ugL_mean,3.46814645787885
vera4cast,chlorocast_ens3,2026-10-22 00:00:00,2026-10-04 00:00:00,P1D,fcre,1.6,ensemble,27,Chla_ugL_mean,3.45749576150504
vera4cast,chlorocast_ens3,2026-10-23 00:00:00,2026-10-04 00:00:00,P1D,fcre,1.6,ensemble,27,Chla_ugL_mean,3.47139774535892
vera4cast,chlorocast_ens3,2026-10-24 00:00:00,2026-10-04 00:00:00,P1D,fcre,1.6,ensemble,27,Chla_ugL_mean,3.48579484984512
vera4cast,chlorocast_ens3,2026-10-25 00:00:00,2026-10-04 00:00:00,P1D,fcre,1.6,ensemble,27,Chla_ugL_mean,3.49007966535564
vera4cast,chlorocast_ens3,2026-10-26 00:00:00,2026-10-04 00:00:00,P1D,fcre,1.6,ensemble,27,Chla_ugL_mean,3.49131303708783
vera4cast,chlorocast_ens3,2026-10-27 00:00:00,2026-10-04 00:00:00,P1D,fcre,1.6,ensemble,27,Chla_ugL_mean,3.50066190170438
vera4cast,chlorocast_ens3,2026-10-28 00:00:00,2026-10-04 00:00:00,P1D,fcre,1.6,ensemble,27,Chla_ugL_mean,3.51786191167345
vera4cast,chlorocast_ens3,2026-10-29 00:00:00,2026-10-04 00:00:00,P1D,fcre,1.6,ensemble,27,Chla_ugL_mean,3.53882830647723
vera4cast,chlorocast_ens3,2026-10-30 00:00:00,2026-10-04 00:00:00,P1D,fcre,1.6,ensemble,27,Chla_ugL_mean,3.54198804649388
vera4cast,chlorocast_ens3,2026-10-31 00:00:00,2026-10-04 00:00:00,P1D,fcre,1.6,ensemble,27,Chla_ugL_mean,3.59687931900461
vera4cast,chlorocast_ens3,2026-11-01 00:00:00,2026-10-04 00:00:00,P1D,fcre,1.6,ensemble,27,Chla_ugL_mean,3.68941757964037
vera4cast,chlorocast_ens3,2026-11-02 00:00:00,2026-10-04 00:00:00,P1D,fcre,1.6,ensemble,27,Chla_ugL_mean,3.73068218939515
vera4cast,chlorocast_ens3,2026-11-03 00:00:00,2026-10-04 00:00:00,P1D,fcre,1.6,ensemble,27,Chla_ugL_mean,3.73866942421616
vera4cast,chlorocast_ens3,2026-11-04 00:00:00,2026-10-04 00:00:00,P1D,fcre,1.6,ensemble,27,Chla_ugL_mean,3.7778702849743
vera4cast,chlorocast_ens3,2026-11-05 00:00:00,2026-10-04 00:00:00,P1D,fcre,1.6,ensemble,27,Chla_ugL_mean,3.82939164711936
vera4cast,chlorocast_ens3,2026-11-06 00:00:00,2026-10-04 00:00:00,P1D,fcre,1.6,ensemble,27,Chla_ugL_mean,3.91068888120031
vera4cast,chlorocast_ens3,2026-11-07 00:00:00,2026-10-04 00:00:00,P1D,fcre,1.6,ensemble,27,Chla_ugL_mean,4.03220408621511
vera4cast,chlorocast_ens3,2026-11-08 00:00:00,2026-10-04 00:00:00,P1D,fcre,1.6,ensemble,27,Chla_ugL_mean,4.08702404433192
vera4cast,chlorocast_ens3,2026-10-05 00:00:00,2026-10-04 00:00:00,P1D,fcre,1.6,ensemble,28,Chla_ugL_mean,3.95726919353636
vera4cast,chlorocast_ens3,2026-10-06 00:00:00,2026-10-04 00:00:00,P1D,fcre,1.6,ensemble,28,Chla_ugL_mean,3.93822682050382
vera4cast,chlorocast_ens3,2026-10-07 00:00:00,2026-10-04 00:00:00,P1D,fcre,1.6,ensemble,28,Chla_ugL_mean,3.81237893519432
vera4cast,chlorocast_ens3,2026-10-08 00:00:00,2026-10-04 00:00:00,P1D,fcre,1.6,ensemble,28,Chla_ugL_mean,3.78497584188818
vera4cast,chlorocast_ens3,2026-10-09 00:00:00,2026-10-04 00:00:00,P1D,fcre,1.6,ensemble,28,Chla_ugL_mean,3.71927856782104
vera4cast,chlorocast_ens3,2026-10-10 00:00:00,2026-10-04 00:00:00,P1D,fcre,1.6,ensemble,28,Chla_ugL_mean,3.63514750932186
vera4cast,chlorocast_ens3,2026-10-11 00:00:00,2026-10-04 00:00:00,P1D,fcre,1.6,ensemble,28,Chla_ugL_mean,3.59042797508348
vera4cast,chlorocast_ens3,2026-10-12 00:00:00,2026-10-04 00:00:00,P1D,fcre,1.6,ensemble,28,Chla_ugL_mean,3.53971695688317
vera4cast,chlorocast_ens3,2026-10-13 00:00:00,2026-10-04 00:00:00,P1D,fcre,1.6,ensemble,28,Chla_ugL_mean,3.53832364460599
vera4cast,chlorocast_ens3,2026-10-14 00:00:00,2026-10-04 00:00:00,P1D,fcre,1.6,ensemble,28,Chla_ugL_mean,3.54146986196718
vera4cast,chlorocast_ens3,2026-10-15 00:00:00,2026-10-04 00:00:00,P1D,fcre,1.6,ensemble,28,Chla_ugL_mean,3.53623802699752
vera4cast,chlorocast_ens3,2026-10-16 00:00:00,2026-10-04 00:00:00,P1D,fcre,1.6,ensemble,28,Chla_ugL_mean,3.51274095489769
vera4cast,chlorocast_ens3,2026-10-17 00:00:00,2026-10-04 00:00:00,P1D,fcre,1.6,ensemble,28,Chla_ugL_mean,3.56649916787238
vera4cast,chlorocast_ens3,2026-10-18 00:00:00,2026-10-04 00:00:00,P1D,fcre,1.6,ensemble,28,Chla_ugL_mean,3.52208130288085
vera4cast,chlorocast_ens3,2026-10-19 00:00:00,2026-10-04 00:00:00,P1D,fcre,1.6,ensemble,28,Chla_ugL_mean,3.50446352354865
vera4cast,chlorocast_ens3,2026-10-20 00:00:00,2026-10-04 00:00:00,P1D,fcre,1.6,ensemble,28,Chla_ugL_mean,3.5419449598348
vera4cast,chlorocast_ens3,2026-10-21 00:00:00,2026-10-04 00:00:00,P1D,fcre,1.6,ensemble,28,Chla_ugL_mean,3.52782705582093
vera4cast,chlorocast_ens3,2026-10-22 00:00:00,2026-10-04 00:00:00,P1D,fcre,1.6,ensemble,28,Chla_ugL_mean,3.51754566260995
vera4cast,chlorocast_ens3,2026-10-23 00:00:00,2026-10-04 00:00:00,P1D,fcre,1.6,ensemble,28,Chla_ugL_mean,3.53121102730314
vera4cast,chlorocast_ens3,2026-10-24 00:00:00,2026-10-04 00:00:00,P1D,fcre,1.6,ensemble,28,Chla_ugL_mean,3.54510422403065
vera4cast,chlorocast_ens3,2026-10-25 00:00:00,2026-10-04 00:00:00,P1D,fcre,1.6,ensemble,28,Chla_ugL_mean,3.55195750412106
vera4cast,chlorocast_ens3,2026-10-26 00:00:00,2026-10-04 00:00:00,P1D,fcre,1.6,ensemble,28,Chla_ugL_mean,3.55417088285606
vera4cast,chlorocast_ens3,2026-10-27 00:00:00,2026-10-04 00:00:00,P1D,fcre,1.6,ensemble,28,Chla_ugL_mean,3.56383940017294
vera4cast,chlorocast_ens3,2026-10-28 00:00:00,2026-10-04 00:00:00,P1D,fcre,1.6,ensemble,28,Chla_ugL_mean,3.58133265107764
vera4cast,chlorocast_ens3,2026-10-29 00:00:00,2026-10-04 00:00:00,P1D,fcre,1.6,ensemble,28,Chla_ugL_mean,3.60271943058277
vera4cast,chlorocast_ens3,2026-10-30 00:00:00,2026-10-04 00:00:00,P1D,fcre,1.6,ensemble,28,Chla_ugL_mean,3.60778145356347
vera4cast,chlorocast_ens3,2026-10-31 00:00:00,2026-10-04 00:00:00,P1D,fcre,1.6,ensemble,28,Chla_ugL_mean,3.66324686480006
vera4cast,chlorocast_ens3,2026-11-01 00:00:00,2026-10-04 00:00:00,P1D,fcre,1.6,ensemble,28,Chla_ugL_mean,3.75536950498944
vera4cast,chlorocast_ens3,2026-11-02 00:00:00,2026-10-04 00:00:00,P1D,fcre,1.6,ensemble,28,Chla_ugL_mean,3.79862719393321
vera4cast,chlorocast_ens3,2026-11-03 00:00:00,2026-10-04 00:00:00,P1D,fcre,1.6,ensemble,28,Chla_ugL_mean,3.80834414985611
vera4cast,chlorocast_ens3,2026-11-04 00:00:00,2026-10-04 00:00:00,P1D,fcre,1.6,ensemble,28,Chla_ugL_mean,3.84712581875189
vera4cast,chlorocast_ens3,2026-11-05 00:00:00,2026-10-04 00:00:00,P1D,fcre,1.6,ensemble,28,Chla_ugL_mean,3.89931512283471
vera4cast,chlorocast_ens3,2026-11-06 00:00:00,2026-10-04 00:00:00,P1D,fcre,1.6,ensemble,28,Chla_ugL_mean,3.9790051355685
vera4cast,chlorocast_ens3,2026-11-07 00:00:00,2026-10-04 00:00:00,P1D,fcre,1.6,ensemble,28,Chla_ugL_mean,4.10497930544548
vera4cast,chlorocast_ens3,2026-11-08 00:00:00,2026-10-04 00:00:00,P1D,fcre,1.6,ensemble,28,Chla_ugL_mean,4.15928846711714
vera4cast,chlorocast_ens3,2026-10-05 00:00:00,2026-10-04 00:00:00,P1D,fcre,1.6,ensemble,29,Chla_ugL_mean,4.02295130850973
vera4cast,chlorocast_ens3,2026-10-06 00:00:00,2026-10-04 00:00:00,P1D,fcre,1.6,ensemble,29,Chla_ugL_mean,4.00417895745107
vera4cast,chlorocast_ens3,2026-10-07 00:00:00,2026-10-04 00:00:00,P1D,fcre,1.6,ensemble,29,Chla_ugL_mean,3.87601891472375
vera4cast,chlorocast_ens3,2026-10-08 00:00:00,2026-10-04 00:00:00,P1D,fcre,1.6,ensemble,29,Chla_ugL_mean,3.84913521066122
vera4cast,chlorocast_ens3,2026-10-09 00:00:00,2026-10-04 00:00:00,P1D,fcre,1.6,ensemble,29,Chla_ugL_mean,3.78569897819166
vera4cast,chlorocast_ens3,2026-10-10 00:00:00,2026-10-04 00:00:00,P1D,fcre,1.6,ensemble,29,Chla_ugL_mean,3.70254498956535
vera4cast,chlorocast_ens3,2026-10-11 00:00:00,2026-10-04 00:00:00,P1D,fcre,1.6,ensemble,29,Chla_ugL_mean,3.65676033864442
vera4cast,chlorocast_ens3,2026-10-12 00:00:00,2026-10-04 00:00:00,P1D,fcre,1.6,ensemble,29,Chla_ugL_mean,3.60178711377516
vera4cast,chlorocast_ens3,2026-10-13 00:00:00,2026-10-04 00:00:00,P1D,fcre,1.6,ensemble,29,Chla_ugL_mean,3.60224596482356
vera4cast,chlorocast_ens3,2026-10-14 00:00:00,2026-10-04 00:00:00,P1D,fcre,1.6,ensemble,29,Chla_ugL_mean,3.60731279112567
vera4cast,chlorocast_ens3,2026-10-15 00:00:00,2026-10-04 00:00:00,P1D,fcre,1.6,ensemble,29,Chla_ugL_mean,3.59997029642698
vera4cast,chlorocast_ens3,2026-10-16 00:00:00,2026-10-04 00:00:00,P1D,fcre,1.6,ensemble,29,Chla_ugL_mean,3.57845811914905
vera4cast,chlorocast_ens3,2026-10-17 00:00:00,2026-10-04 00:00:00,P1D,fcre,1.6,ensemble,29,Chla_ugL_mean,3.62832612300087
vera4cast,chlorocast_ens3,2026-10-18 00:00:00,2026-10-04 00:00:00,P1D,fcre,1.6,ensemble,29,Chla_ugL_mean,3.58409202636934
vera4cast,chlorocast_ens3,2026-10-19 00:00:00,2026-10-04 00:00:00,P1D,fcre,1.6,ensemble,29,Chla_ugL_mean,3.5688492643536
vera4cast,chlorocast_ens3,2026-10-20 00:00:00,2026-10-04 00:00:00,P1D,fcre,1.6,ensemble,29,Chla_ugL_mean,3.60506700107363
vera4cast,chlorocast_ens3,2026-10-21 00:00:00,2026-10-04 00:00:00,P1D,fcre,1.6,ensemble,29,Chla_ugL_mean,3.58830480170887
vera4cast,chlorocast_ens3,2026-10-22 00:00:00,2026-10-04 00:00:00,P1D,fcre,1.6,ensemble,29,Chla_ugL_mean,3.57840453602031
vera4cast,chlorocast_ens3,2026-10-23 00:00:00,2026-10-04 00:00:00,P1D,fcre,1.6,ensemble,29,Chla_ugL_mean,3.59182442341762
vera4cast,chlorocast_ens3,2026-10-24 00:00:00,2026-10-04 00:00:00,P1D,fcre,1.6,ensemble,29,Chla_ugL_mean,3.60519776289245
vera4cast,chlorocast_ens3,2026-10-25 00:00:00,2026-10-04 00:00:00,P1D,fcre,1.6,ensemble,29,Chla_ugL_mean,3.61468808208392
vera4cast,chlorocast_ens3,2026-10-26 00:00:00,2026-10-04 00:00:00,P1D,fcre,1.6,ensemble,29,Chla_ugL_mean,3.61790845104444
vera4cast,chlorocast_ens3,2026-10-27 00:00:00,2026-10-04 00:00:00,P1D,fcre,1.6,ensemble,29,Chla_ugL_mean,3.62790374515428
vera4cast,chlorocast_ens3,2026-10-28 00:00:00,2026-10-04 00:00:00,P1D,fcre,1.6,ensemble,29,Chla_ugL_mean,3.64569508102911
vera4cast,chlorocast_ens3,2026-10-29 00:00:00,2026-10-04 00:00:00,P1D,fcre,1.6,ensemble,29,Chla_ugL_mean,3.66750992242461
vera4cast,chlorocast_ens3,2026-10-30 00:00:00,2026-10-04 00:00:00,P1D,fcre,1.6,ensemble,29,Chla_ugL_mean,3.67452791739357
vera4cast,chlorocast_ens3,2026-10-31 00:00:00,2026-10-04 00:00:00,P1D,fcre,1.6,ensemble,29,Chla_ugL_mean,3.73057259349075
vera4cast,chlorocast_ens3,2026-11-01 00:00:00,2026-10-04 00:00:00,P1D,fcre,1.6,ensemble,29,Chla_ugL_mean,3.82224897760497
vera4cast,chlorocast_ens3,2026-11-02 00:00:00,2026-10-04 00:00:00,P1D,fcre,1.6,ensemble,29,Chla_ugL_mean,3.86754806695214
vera4cast,chlorocast_ens3,2026-11-03 00:00:00,2026-10-04 00:00:00,P1D,fcre,1.6,ensemble,29,Chla_ugL_mean,3.87904333340997
vera4cast,chlorocast_ens3,2026-11-04 00:00:00,2026-10-04 00:00:00,P1D,fcre,1.6,ensemble,29,Chla_ugL_mean,3.91738521589804
vera4cast,chlorocast_ens3,2026-11-05 00:00:00,2026-10-04 00:00:00,P1D,fcre,1.6,ensemble,29,Chla_ugL_mean,3.97025100193611
vera4cast,chlorocast_ens3,2026-11-06 00:00:00,2026-10-04 00:00:00,P1D,fcre,1.6,ensemble,29,Chla_ugL_mean,4.04827178828686
vera4cast,chlorocast_ens3,2026-11-07 00:00:00,2026-10-04 00:00:00,P1D,fcre,1.6,ensemble,29,Chla_ugL_mean,4.1788069924302
vera4cast,chlorocast_ens3,2026-11-08 00:00:00,2026-10-04 00:00:00,P1D,fcre,1.6,ensemble,29,Chla_ugL_mean,4.23257945214288
vera4cast,chlorocast_ens3,2026-10-05 00:00:00,2026-10-04 00:00:00,P1D,fcre,1.6,ensemble,30,Chla_ugL_mean,4.0895036889577
vera4cast,chlorocast_ens3,2026-10-06 00:00:00,2026-10-04 00:00:00,P1D,fcre,1.6,ensemble,30,Chla_ugL_mean,4.07101191347084
vera4cast,chlorocast_ens3,2026-10-07 00:00:00,2026-10-04 00:00:00,P1D,fcre,1.6,ensemble,30,Chla_ugL_mean,3.94050048363112
vera4cast,chlorocast_ens3,2026-10-08 00:00:00,2026-10-04 00:00:00,P1D,fcre,1.6,ensemble,30,Chla_ugL_mean,3.91415486060127
vera4cast,chlorocast_ens3,2026-10-09 00:00:00,2026-10-04 00:00:00,P1D,fcre,1.6,ensemble,30,Chla_ugL_mean,3.8530542074865
vera4cast,chlorocast_ens3,2026-10-10 00:00:00,2026-10-04 00:00:00,P1D,fcre,1.6,ensemble,30,Chla_ugL_mean,3.77092246458443
vera4cast,chlorocast_ens3,2026-10-11 00:00:00,2026-10-04 00:00:00,P1D,fcre,1.6,ensemble,30,Chla_ugL_mean,3.7240512146751
vera4cast,chlorocast_ens3,2026-10-12 00:00:00,2026-10-04 00:00:00,P1D,fcre,1.6,ensemble,30,Chla_ugL_mean,3.66470593687546
vera4cast,chlorocast_ens3,2026-10-13 00:00:00,2026-10-04 00:00:00,P1D,fcre,1.6,ensemble,30,Chla_ugL_mean,3.66706863136766
vera4cast,chlorocast_ens3,2026-10-14 00:00:00,2026-10-04 00:00:00,P1D,fcre,1.6,ensemble,30,Chla_ugL_mean,3.67411032120676
vera4cast,chlorocast_ens3,2026-10-15 00:00:00,2026-10-04 00:00:00,P1D,fcre,1.6,ensemble,30,Chla_ugL_mean,3.66459797790104
vera4cast,chlorocast_ens3,2026-10-16 00:00:00,2026-10-04 00:00:00,P1D,fcre,1.6,ensemble,30,Chla_ugL_mean,3.64513229505262
vera4cast,chlorocast_ens3,2026-10-17 00:00:00,2026-10-04 00:00:00,P1D,fcre,1.6,ensemble,30,Chla_ugL_mean,3.690990168478
vera4cast,chlorocast_ens3,2026-10-18 00:00:00,2026-10-04 00:00:00,P1D,fcre,1.6,ensemble,30,Chla_ugL_mean,3.64695309499096
vera4cast,chlorocast_ens3,2026-10-19 00:00:00,2026-10-04 00:00:00,P1D,fcre,1.6,ensemble,30,Chla_ugL_mean,3.63415531977478
vera4cast,chlorocast_ens3,2026-10-20 00:00:00,2026-10-04 00:00:00,P1D,fcre,1.6,ensemble,30,Chla_ugL_mean,3.66906628589983
vera4cast,chlorocast_ens3,2026-10-21 00:00:00,2026-10-04 00:00:00,P1D,fcre,1.6,ensemble,30,Chla_ugL_mean,3.64959034297031
vera4cast,chlorocast_ens3,2026-10-22 00:00:00,2026-10-04 00:00:00,P1D,fcre,1.6,ensemble,30,Chla_ugL_mean,3.64008327994209
vera4cast,chlorocast_ens3,2026-10-23 00:00:00,2026-10-04 00:00:00,P1D,fcre,1.6,ensemble,30,Chla_ugL_mean,3.65324863672123
vera4cast,chlorocast_ens3,2026-10-24 00:00:00,2026-10-04 00:00:00,P1D,fcre,1.6,ensemble,30,Chla_ugL_mean,3.6660858343403
vera4cast,chlorocast_ens3,2026-10-25 00:00:00,2026-10-04 00:00:00,P1D,fcre,1.6,ensemble,30,Chla_ugL_mean,3.67828315085277
vera4cast,chlorocast_ens3,2026-10-26 00:00:00,2026-10-04 00:00:00,P1D,fcre,1.6,ensemble,30,Chla_ugL_mean,3.68253805374427
vera4cast,chlorocast_ens3,2026-10-27 00:00:00,2026-10-04 00:00:00,P1D,fcre,1.6,ensemble,30,Chla_ugL_mean,3.69286738564934
vera4cast,chlorocast_ens3,2026-10-28 00:00:00,2026-10-04 00:00:00,P1D,fcre,1.6,ensemble,30,Chla_ugL_mean,3.71096172874968
vera4cast,chlorocast_ens3,2026-10-29 00:00:00,2026-10-04 00:00:00,P1D,fcre,1.6,ensemble,30,Chla_ugL_mean,3.73321244201363
vera4cast,chlorocast_ens3,2026-10-30 00:00:00,2026-10-04 00:00:00,P1D,fcre,1.6,ensemble,30,Chla_ugL_mean,3.74224124358003
vera4cast,chlorocast_ens3,2026-10-31 00:00:00,2026-10-04 00:00:00,P1D,fcre,1.6,ensemble,30,Chla_ugL_mean,3.7988703388632
vera4cast,chlorocast_ens3,2026-11-01 00:00:00,2026-10-04 00:00:00,P1D,fcre,1.6,ensemble,30,Chla_ugL_mean,3.89006904250311
vera4cast,chlorocast_ens3,2026-11-02 00:00:00,2026-10-04 00:00:00,P1D,fcre,1.6,ensemble,30,Chla_ugL_mean,3.93745882448299
vera4cast,chlorocast_ens3,2026-11-03 00:00:00,2026-10-04 00:00:00,P1D,fcre,1.6,ensemble,30,Chla_ugL_mean,3.95078203792975
vera4cast,chlorocast_ens3,2026-11-04 00:00:00,2026-10-04 00:00:00,P1D,fcre,1.6,ensemble,30,Chla_ugL_mean,3.98866302747614
vera4cast,chlorocast_ens3,2026-11-05 00:00:00,2026-10-04 00:00:00,P1D,fcre,1.6,ensemble,30,Chla_ugL_mean,4.04221394274261
vera4cast,chlorocast_ens3,2026-11-06 00:00:00,2026-10-04 00:00:00,P1D,fcre,1.6,ensemble,30,Chla_ugL_mean,4.11850206105545
vera4cast,chlorocast_ens3,2026-11-07 00:00:00,2026-10-04 00:00:00,P1D,fcre,1.6,ensemble,30,Chla_ugL_mean,4.25370236784996
vera4cast,chlorocast_ens3,2026-11-08 00:00:00,2026-10-04 00:00:00,P1D,fcre,1.6,ensemble,30,Chla_ugL_mean,4.30691158238084
vera4cast,chlorocast_ens3,2026-10-05 00:00:00,2026-10-04 00:00:00,P1D,fcre,1.6,ensemble,31,Chla_ugL_mean,4.15693786559903
vera4cast,chlorocast_ens3,2026-10-06 00:00:00,2026-10-04 00:00:00,P1D,fcre,1.6,ensemble,31,Chla_ugL_mean,4.13873745227957
vera4cast,chlorocast_ens3,2026-10-07 00:00:00,2026-10-04 00:00:00,P1D,fcre,1.6,ensemble,31,Chla_ugL_mean,4.00583477128333
vera4cast,chlorocast_ens3,2026-10-08 00:00:00,2026-10-04 00:00:00,P1D,fcre,1.6,ensemble,31,Chla_ugL_mean,3.98004632679199
vera4cast,chlorocast_ens3,2026-10-09 00:00:00,2026-10-04 00:00:00,P1D,fcre,1.6,ensemble,31,Chla_ugL_mean,3.92135741260138
vera4cast,chlorocast_ens3,2026-10-10 00:00:00,2026-10-04 00:00:00,P1D,fcre,1.6,ensemble,31,Chla_ugL_mean,3.84029418401804
vera4cast,chlorocast_ens3,2026-10-11 00:00:00,2026-10-04 00:00:00,P1D,fcre,1.6,ensemble,31,Chla_ugL_mean,3.79231445382255
vera4cast,chlorocast_ens3,2026-10-12 00:00:00,2026-10-04 00:00:00,P1D,fcre,1.6,ensemble,31,Chla_ugL_mean,3.72848502973671
vera4cast,chlorocast_ens3,2026-10-13 00:00:00,2026-10-04 00:00:00,P1D,fcre,1.6,ensemble,31,Chla_ugL_mean,3.73280432562257
vera4cast,chlorocast_ens3,2026-10-14 00:00:00,2026-10-04 00:00:00,P1D,fcre,1.6,ensemble,31,Chla_ugL_mean,3.74187629216156
vera4cast,chlorocast_ens3,2026-10-15 00:00:00,2026-10-04 00:00:00,P1D,fcre,1.6,ensemble,31,Chla_ugL_mean,3.73013365158888
vera4cast,chlorocast_ens3,2026-10-16 00:00:00,2026-10-04 00:00:00,P1D,fcre,1.6,ensemble,31,Chla_ugL_mean,3.71277741916992
vera4cast,chlorocast_ens3,2026-10-17 00:00:00,2026-10-04 00:00:00,P1D,fcre,1.6,ensemble,31,Chla_ugL_mean,3.75450263787582
vera4cast,chlorocast_ens3,2026-10-18 00:00:00,2026-10-04 00:00:00,P1D,fcre,1.6,ensemble,31,Chla_ugL_mean,3.71067616941995
vera4cast,chlorocast_ens3,2026-10-19 00:00:00,2026-10-04 00:00:00,P1D,fcre,1.6,ensemble,31,Chla_ugL_mean,3.70039484457258
vera4cast,chlorocast_ens3,2026-10-20 00:00:00,2026-10-04 00:00:00,P1D,fcre,1.6,ensemble,31,Chla_ugL_mean,3.73395500587589
vera4cast,chlorocast_ens3,2026-10-21 00:00:00,2026-10-04 00:00:00,P1D,fcre,1.6,ensemble,31,Chla_ugL_mean,3.71169446924954
vera4cast,chlorocast_ens3,2026-10-22 00:00:00,2026-10-04 00:00:00,P1D,fcre,1.6,ensemble,31,Chla_ugL_mean,3.70259293939827
vera4cast,chlorocast_ens3,2026-10-23 00:00:00,2026-10-04 00:00:00,P1D,fcre,1.6,ensemble,31,Chla_ugL_mean,3.71549451340569
vera4cast,chlorocast_ens3,2026-10-24 00:00:00,2026-10-04 00:00:00,P1D,fcre,1.6,ensemble,31,Chla_ugL_mean,3.72777894336427
vera4cast,chlorocast_ens3,2026-10-25 00:00:00,2026-10-04 00:00:00,P1D,fcre,1.6,ensemble,31,Chla_ugL_mean,3.7427546239852
vera4cast,chlorocast_ens3,2026-10-26 00:00:00,2026-10-04 00:00:00,P1D,fcre,1.6,ensemble,31,Chla_ugL_mean,3.74807217535984
vera4cast,chlorocast_ens3,2026-10-27 00:00:00,2026-10-04 00:00:00,P1D,fcre,1.6,ensemble,31,Chla_ugL_mean,3.75874294541039
vera4cast,chlorocast_ens3,2026-10-28 00:00:00,2026-10-04 00:00:00,P1D,fcre,1.6,ensemble,31,Chla_ugL_mean,3.77714529745417
vera4cast,chlorocast_ens3,2026-10-29 00:00:00,2026-10-04 00:00:00,P1D,fcre,1.6,ensemble,31,Chla_ugL_mean,3.79983982757017
vera4cast,chlorocast_ens3,2026-10-30 00:00:00,2026-10-04 00:00:00,P1D,fcre,1.6,ensemble,31,Chla_ugL_mean,3.81093543770102
vera4cast,chlorocast_ens3,2026-10-31 00:00:00,2026-10-04 00:00:00,P1D,fcre,1.6,ensemble,31,Chla_ugL_mean,3.86815413442952
vera4cast,chlorocast_ens3,2026-11-01 00:00:00,2026-10-04 00:00:00,P1D,fcre,1.6,ensemble,31,Chla_ugL_mean,3.95884292816499
vera4cast,chlorocast_ens3,2026-11-02 00:00:00,2026-10-04 00:00:00,P1D,fcre,1.6,ensemble,31,Chla_ugL_mean,4.00837368386374
vera4cast,chlorocast_ens3,2026-11-03 00:00:00,2026-10-04 00:00:00,P1D,fcre,1.6,ensemble,31,Chla_ugL_mean,4.02357554794613
vera4cast,chlorocast_ens3,2026-11-04 00:00:00,2026-10-04 00:00:00,P1D,fcre,1.6,ensemble,31,Chla_ugL_mean,4.0609740154682
vera4cast,chlorocast_ens3,2026-11-05 00:00:00,2026-10-04 00:00:00,P1D,fcre,1.6,ensemble,31,Chla_ugL_mean,4.11521881580717
vera4cast,chlorocast_ens3,2026-11-06 00:00:00,2026-10-04 00:00:00,P1D,fcre,1.6,ensemble,31,Chla_ugL_mean,4.18970935951124
vera4cast,chlorocast_ens3,2026-11-07 00:00:00,2026-10-04 00:00:00,P1D,fcre,1.6,ensemble,31,Chla_ugL_mean,4.32968087250536
vera4cast,chlorocast_ens3,2026-11-08 00:00:00,2026-10-04 00:00:00,P1D,fcre,1.6,ensemble,31,Chla_ugL_mean,4.38229964796317
vera4cast,chlorocast_ens3,2026-10-05 00:00:00,2026-10-04 00:00:00,P1D,fcre,1.6,ensemble,32,Chla_ugL_mean,4.22526552193055
vera4cast,chlorocast_ens3,2026-10-06 00:00:00,2026-10-04 00:00:00,P1D,fcre,1.6,ensemble,32,Chla_ugL_mean,4.20736749470321
vera4cast,chlorocast_ens3,2026-10-07 00:00:00,2026-10-04 00:00:00,P1D,fcre,1.6,ensemble,32,Chla_ugL_mean,4.07203305422451
vera4cast,chlorocast_ens3,2026-10-08 00:00:00,2026-10-04 00:00:00,P1D,fcre,1.6,ensemble,32,Chla_ugL_mean,4.04682129898524
vera4cast,chlorocast_ens3,2026-10-09 00:00:00,2026-10-04 00:00:00,P1D,fcre,1.6,ensemble,32,Chla_ugL_mean,3.99062193560589
vera4cast,chlorocast_ens3,2026-10-10 00:00:00,2026-10-04 00:00:00,P1D,fcre,1.6,ensemble,32,Chla_ugL_mean,3.91067460470239
vera4cast,chlorocast_ens3,2026-10-11 00:00:00,2026-10-04 00:00:00,P1D,fcre,1.6,ensemble,32,Chla_ugL_mean,3.86156410687772
vera4cast,chlorocast_ens3,2026-10-12 00:00:00,2026-10-04 00:00:00,P1D,fcre,1.6,ensemble,32,Chla_ugL_mean,3.79313615456338
vera4cast,chlorocast_ens3,2026-10-13 00:00:00,2026-10-04 00:00:00,P1D,fcre,1.6,ensemble,32,Chla_ugL_mean,3.79946590758999
vera4cast,chlorocast_ens3,2026-10-14 00:00:00,2026-10-04 00:00:00,P1D,fcre,1.6,ensemble,32,Chla_ugL_mean,3.81062474459495
vera4cast,chlorocast_ens3,2026-10-15 00:00:00,2026-10-04 00:00:00,P1D,fcre,1.6,ensemble,32,Chla_ugL_mean,3.7965900744058
vera4cast,chlorocast_ens3,2026-10-16 00:00:00,2026-10-04 00:00:00,P1D,fcre,1.6,ensemble,32,Chla_ugL_mean,3.7814076310148
vera4cast,chlorocast_ens3,2026-10-17 00:00:00,2026-10-04 00:00:00,P1D,fcre,1.6,ensemble,32,Chla_ugL_mean,3.81887501821444
vera4cast,chlorocast_ens3,2026-10-18 00:00:00,2026-10-04 00:00:00,P1D,fcre,1.6,ensemble,32,Chla_ugL_mean,3.77527307023188
vera4cast,chlorocast_ens3,2026-10-19 00:00:00,2026-10-04 00:00:00,P1D,fcre,1.6,ensemble,32,Chla_ugL_mean,3.76758118153845
vera4cast,chlorocast_ens3,2026-10-20 00:00:00,2026-10-04 00:00:00,P1D,fcre,1.6,ensemble,32,Chla_ugL_mean,3.79974552199754
vera4cast,chlorocast_ens3,2026-10-21 00:00:00,2026-10-04 00:00:00,P1D,fcre,1.6,ensemble,32,Chla_ugL_mean,3.77462811430707
vera4cast,chlorocast_ens3,2026-10-22 00:00:00,2026-10-04 00:00:00,P1D,fcre,1.6,ensemble,32,Chla_ugL_mean,3.76594470820672
vera4cast,chlorocast_ens3,2026-10-23 00:00:00,2026-10-04 00:00:00,P1D,fcre,1.6,ensemble,32,Chla_ugL_mean,3.77857304475073
vera4cast,chlorocast_ens3,2026-10-24 00:00:00,2026-10-04 00:00:00,P1D,fcre,1.6,ensemble,32,Chla_ugL_mean,3.79028773384721
vera4cast,chlorocast_ens3,2026-10-25 00:00:00,2026-10-04 00:00:00,P1D,fcre,1.6,ensemble,32,Chla_ugL_mean,3.80811457921969
vera4cast,chlorocast_ens3,2026-10-26 00:00:00,2026-10-04 00:00:00,P1D,fcre,1.6,ensemble,32,Chla_ugL_mean,3.81452347502002
vera4cast,chlorocast_ens3,2026-10-27 00:00:00,2026-10-04 00:00:00,P1D,fcre,1.6,ensemble,32,Chla_ugL_mean,3.82554322539412
vera4cast,chlorocast_ens3,2026-10-28 00:00:00,2026-10-04 00:00:00,P1D,fcre,1.6,ensemble,32,Chla_ugL_mean,3.84425866882288
vera4cast,chlorocast_ens3,2026-10-29 00:00:00,2026-10-04 00:00:00,P1D,fcre,1.6,ensemble,32,Chla_ugL_mean,3.86740509803267
vera4cast,chlorocast_ens3,2026-10-30 00:00:00,2026-10-04 00:00:00,P1D,fcre,1.6,ensemble,32,Chla_ugL_mean,3.88062470821387
vera4cast,chlorocast_ens3,2026-10-31 00:00:00,2026-10-04 00:00:00,P1D,fcre,1.6,ensemble,32,Chla_ugL_mean,3.93843821631098
vera4cast,chlorocast_ens3,2026-11-01 00:00:00,2026-10-04 00:00:00,P1D,fcre,1.6,ensemble,32,Chla_ugL_mean,4.02858404911699
vera4cast,chlorocast_ens3,2026-11-02 00:00:00,2026-10-04 00:00:00,P1D,fcre,1.6,ensemble,32,Chla_ugL_mean,4.08030706663066
vera4cast,chlorocast_ens3,2026-11-03 00:00:00,2026-10-04 00:00:00,P1D,fcre,1.6,ensemble,32,Chla_ugL_mean,4.09743937272488
vera4cast,chlorocast_ens3,2026-11-04 00:00:00,2026-10-04 00:00:00,P1D,fcre,1.6,ensemble,32,Chla_ugL_mean,4.13433315583206
vera4cast,chlorocast_ens3,2026-11-05 00:00:00,2026-10-04 00:00:00,P1D,fcre,1.6,ensemble,32,Chla_ugL_mean,4.18928070698949
vera4cast,chlorocast_ens3,2026-11-06 00:00:00,2026-10-04 00:00:00,P1D,fcre,1.6,ensemble,32,Chla_ugL_mean,4.26190727578703
vera4cast,chlorocast_ens3,2026-11-07 00:00:00,2026-10-04 00:00:00,P1D,fcre,1.6,ensemble,32,Chla_ugL_mean,4.40675817050029
vera4cast,chlorocast_ens3,2026-11-08 00:00:00,2026-10-04 00:00:00,P1D,fcre,1.6,ensemble,32,Chla_ugL_mean,4.45875864912527
vera4cast,chlorocast_ens3,2026-10-05 00:00:00,2026-10-04 00:00:00,P1D,fcre,1.6,ensemble,33,Chla_ugL_mean,4.29449849625145
vera4cast,chlorocast_ens3,2026-10-06 00:00:00,2026-10-04 00:00:00,P1D,fcre,1.6,ensemble,33,Chla_ugL_mean,4.27691412077542
vera4cast,chlorocast_ens3,2026-10-07 00:00:00,2026-10-04 00:00:00,P1D,fcre,1.6,ensemble,33,Chla_ugL_mean,4.13910675812236
vera4cast,chlorocast_ens3,2026-10-08 00:00:00,2026-10-04 00:00:00,P1D,fcre,1.6,ensemble,33,Chla_ugL_mean,4.11449162367501
vera4cast,chlorocast_ens3,2026-10-09 00:00:00,2026-10-04 00:00:00,P1D,fcre,1.6,ensemble,33,Chla_ugL_mean,4.06086130634951
vera4cast,chlorocast_ens3,2026-10-10 00:00:00,2026-10-04 00:00:00,P1D,fcre,1.6,ensemble,33,Chla_ugL_mean,3.98207839368366
vera4cast,chlorocast_ens3,2026-10-11 00:00:00,2026-10-04 00:00:00,P1D,fcre,1.6,ensemble,33,Chla_ugL_mean,3.93181442766755
vera4cast,chlorocast_ens3,2026-10-12 00:00:00,2026-10-04 00:00:00,P1D,fcre,1.6,ensemble,33,Chla_ugL_mean,3.85867123438092
vera4cast,chlorocast_ens3,2026-10-13 00:00:00,2026-10-04 00:00:00,P1D,fcre,1.6,ensemble,33,Chla_ugL_mean,3.8670664184048
vera4cast,chlorocast_ens3,2026-10-14 00:00:00,2026-10-04 00:00:00,P1D,fcre,1.6,ensemble,33,Chla_ugL_mean,3.88036992267464
vera4cast,chlorocast_ens3,2026-10-15 00:00:00,2026-10-04 00:00:00,P1D,fcre,1.6,ensemble,33,Chla_ugL_mean,3.86398018249654
vera4cast,chlorocast_ens3,2026-10-16 00:00:00,2026-10-04 00:00:00,P1D,fcre,1.6,ensemble,33,Chla_ugL_mean,3.85103727600895
vera4cast,chlorocast_ens3,2026-10-17 00:00:00,2026-10-04 00:00:00,P1D,fcre,1.6,ensemble,33,Chla_ugL_mean,3.88411895203952
vera4cast,chlorocast_ens3,2026-10-18 00:00:00,2026-10-04 00:00:00,P1D,fcre,1.6,ensemble,33,Chla_ugL_mean,3.84075578009636
vera4cast,chlorocast_ens3,2026-10-19 00:00:00,2026-10-04 00:00:00,P1D,fcre,1.6,ensemble,33,Chla_ugL_mean,3.83572786418253
vera4cast,chlorocast_ens3,2026-10-20 00:00:00,2026-10-04 00:00:00,P1D,fcre,1.6,ensemble,33,Chla_ugL_mean,3.86645036704843
vera4cast,chlorocast_ens3,2026-10-21 00:00:00,2026-10-04 00:00:00,P1D,fcre,1.6,ensemble,33,Chla_ugL_mean,3.83840235794459
vera4cast,chlorocast_ens3,2026-10-22 00:00:00,2026-10-04 00:00:00,P1D,fcre,1.6,ensemble,33,Chla_ugL_mean,3.83014993098469
vera4cast,chlorocast_ens3,2026-10-23 00:00:00,2026-10-04 00:00:00,P1D,fcre,1.6,ensemble,33,Chla_ugL_mean,3.84249536906495
vera4cast,chlorocast_ens3,2026-10-24 00:00:00,2026-10-04 00:00:00,P1D,fcre,1.6,ensemble,33,Chla_ugL_mean,3.85362299040111
vera4cast,chlorocast_ens3,2026-10-25 00:00:00,2026-10-04 00:00:00,P1D,fcre,1.6,ensemble,33,Chla_ugL_mean,3.87437526073814
vera4cast,chlorocast_ens3,2026-10-26 00:00:00,2026-10-04 00:00:00,P1D,fcre,1.6,ensemble,33,Chla_ugL_mean,3.88190478902359
vera4cast,chlorocast_ens3,2026-10-27 00:00:00,2026-10-04 00:00:00,P1D,fcre,1.6,ensemble,33,Chla_ugL_mean,3.89328120624908
vera4cast,chlorocast_ens3,2026-10-28 00:00:00,2026-10-04 00:00:00,P1D,fcre,1.6,ensemble,33,Chla_ugL_mean,3.91231490550886
vera4cast,chlorocast_ens3,2026-10-29 00:00:00,2026-10-04 00:00:00,P1D,fcre,1.6,ensemble,33,Chla_ugL_mean,3.93592145560155
vera4cast,chlorocast_ens3,2026-10-30 00:00:00,2026-10-04 00:00:00,P1D,fcre,1.6,ensemble,33,Chla_ugL_mean,3.95132346939386
vera4cast,chlorocast_ens3,2026-10-31 00:00:00,2026-10-04 00:00:00,P1D,fcre,1.6,ensemble,33,Chla_ugL_mean,4.00973702616314
vera4cast,chlorocast_ens3,2026-11-01 00:00:00,2026-10-04 00:00:00,P1D,fcre,1.6,ensemble,33,Chla_ugL_mean,4.09930600854726
vera4cast,chlorocast_ens3,2026-11-02 00:00:00,2026-10-04 00:00:00,P1D,fcre,1.6,ensemble,33,Chla_ugL_mean,4.1532736014511
vera4cast,chlorocast_ens3,2026-11-03 00:00:00,2026-10-04 00:00:00,P1D,fcre,1.6,ensemble,33,Chla_ugL_mean,4.1723892495713
vera4cast,chlorocast_ens3,2026-11-04 00:00:00,2026-10-04 00:00:00,P1D,fcre,1.6,ensemble,33,Chla_ugL_mean,4.20875564160304
vera4cast,chlorocast_ens3,2026-11-05 00:00:00,2026-10-04 00:00:00,P1D,fcre,1.6,ensemble,33,Chla_ugL_mean,4.26441492057346
vera4cast,chlorocast_ens3,2026-11-06 00:00:00,2026-10-04 00:00:00,P1D,fcre,1.6,ensemble,33,Chla_ugL_mean,4.3351095911059
vera4cast,chlorocast_ens3,2026-11-07 00:00:00,2026-10-04 00:00:00,P1D,fcre,1.6,ensemble,33,Chla_ugL_mean,4.48495015247131
vera4cast,chlorocast_ens3,2026-11-08 00:00:00,2026-10-04 00:00:00,P1D,fcre,1.6,ensemble,33,Chla_ugL_mean,4.53630379919044
vera4cast,chlorocast_ens3,2026-10-05 00:00:00,2026-10-04 00:00:00,P1D,fcre,1.6,ensemble,34,Chla_ugL_mean,4.36464878371427
vera4cast,chlorocast_ens3,2026-10-06 00:00:00,2026-10-04 00:00:00,P1D,fcre,1.6,ensemble,34,Chla_ugL_mean,4.3473895718639
vera4cast,chlorocast_ens3,2026-10-07 00:00:00,2026-10-04 00:00:00,P1D,fcre,1.6,ensemble,34,Chla_ugL_mean,4.20706745974014
vera4cast,chlorocast_ens3,2026-10-08 00:00:00,2026-10-04 00:00:00,P1D,fcre,1.6,ensemble,34,Chla_ugL_mean,4.183069306199
vera4cast,chlorocast_ens3,2026-10-09 00:00:00,2026-10-04 00:00:00,P1D,fcre,1.6,ensemble,34,Chla_ugL_mean,4.13208924510451
vera4cast,chlorocast_ens3,2026-10-10 00:00:00,2026-10-04 00:00:00,P1D,fcre,1.6,ensemble,34,Chla_ugL_mean,4.0545204312746
vera4cast,chlorocast_ens3,2026-10-11 00:00:00,2026-10-04 00:00:00,P1D,fcre,1.6,ensemble,34,Chla_ugL_mean,4.00307987598888
vera4cast,chlorocast_ens3,2026-10-12 00:00:00,2026-10-04 00:00:00,P1D,fcre,1.6,ensemble,34,Chla_ugL_mean,3.9251023552347
vera4cast,chlorocast_ens3,2026-10-13 00:00:00,2026-10-04 00:00:00,P1D,fcre,1.6,ensemble,34,Chla_ugL_mean,3.93561908288637
vera4cast,chlorocast_ens3,2026-10-14 00:00:00,2026-10-04 00:00:00,P1D,fcre,1.6,ensemble,34,Chla_ugL_mean,3.95112627708248
vera4cast,chlorocast_ens3,2026-10-15 00:00:00,2026-10-04 00:00:00,P1D,fcre,1.6,ensemble,34,Chla_ugL_mean,3.93231709375328
vera4cast,chlorocast_ens3,2026-10-16 00:00:00,2026-10-04 00:00:00,P1D,fcre,1.6,ensemble,34,Chla_ugL_mean,3.92168090848047
vera4cast,chlorocast_ens3,2026-10-17 00:00:00,2026-10-04 00:00:00,P1D,fcre,1.6,ensemble,34,Chla_ugL_mean,3.95024623952803
vera4cast,chlorocast_ens3,2026-10-18 00:00:00,2026-10-04 00:00:00,P1D,fcre,1.6,ensemble,34,Chla_ugL_mean,3.90713644599983
vera4cast,chlorocast_ens3,2026-10-19 00:00:00,2026-10-04 00:00:00,P1D,fcre,1.6,ensemble,34,Chla_ugL_mean,3.90484861945978
vera4cast,chlorocast_ens3,2026-10-20 00:00:00,2026-10-04 00:00:00,P1D,fcre,1.6,ensemble,34,Chla_ugL_mean,3.93408224798755
vera4cast,chlorocast_ens3,2026-10-21 00:00:00,2026-10-04 00:00:00,P1D,fcre,1.6,ensemble,34,Chla_ugL_mean,3.90302842795564
vera4cast,chlorocast_ens3,2026-10-22 00:00:00,2026-10-04 00:00:00,P1D,fcre,1.6,ensemble,34,Chla_ugL_mean,3.89522010518035
vera4cast,chlorocast_ens3,2026-10-23 00:00:00,2026-10-04 00:00:00,P1D,fcre,1.6,ensemble,34,Chla_ugL_mean,3.90727277365261
vera4cast,chlorocast_ens3,2026-10-24 00:00:00,2026-10-04 00:00:00,P1D,fcre,1.6,ensemble,34,Chla_ugL_mean,3.91779564022773
vera4cast,chlorocast_ens3,2026-10-25 00:00:00,2026-10-04 00:00:00,P1D,fcre,1.6,ensemble,34,Chla_ugL_mean,3.9415490814597
vera4cast,chlorocast_ens3,2026-10-26 00:00:00,2026-10-04 00:00:00,P1D,fcre,1.6,ensemble,34,Chla_ugL_mean,3.95022913331882
vera4cast,chlorocast_ens3,2026-10-27 00:00:00,2026-10-04 00:00:00,P1D,fcre,1.6,ensemble,34,Chla_ugL_mean,3.96197005083813
vera4cast,chlorocast_ens3,2026-10-28 00:00:00,2026-10-04 00:00:00,P1D,fcre,1.6,ensemble,34,Chla_ugL_mean,3.9813272536803
vera4cast,chlorocast_ens3,2026-10-29 00:00:00,2026-10-04 00:00:00,P1D,fcre,1.6,ensemble,34,Chla_ugL_mean,4.00540228831889
vera4cast,chlorocast_ens3,2026-10-30 00:00:00,2026-10-04 00:00:00,P1D,fcre,1.6,ensemble,34,Chla_ugL_mean,4.02304634431567
vera4cast,chlorocast_ens3,2026-10-31 00:00:00,2026-10-04 00:00:00,P1D,fcre,1.6,ensemble,34,Chla_ugL_mean,4.0820652141433
vera4cast,chlorocast_ens3,2026-11-01 00:00:00,2026-10-04 00:00:00,P1D,fcre,1.6,ensemble,34,Chla_ugL_mean,4.17102260095906
vera4cast,chlorocast_ens3,2026-11-02 00:00:00,2026-10-04 00:00:00,P1D,fcre,1.6,ensemble,34,Chla_ugL_mean,4.22728812709845
vera4cast,chlorocast_ens3,2026-11-03 00:00:00,2026-10-04 00:00:00,P1D,fcre,1.6,ensemble,34,Chla_ugL_mean,4.24844114718316
vera4cast,chlorocast_ens3,2026-11-04 00:00:00,2026-10-04 00:00:00,P1D,fcre,1.6,ensemble,34,Chla_ugL_mean,4.28425688604048
vera4cast,chlorocast_ens3,2026-11-05 00:00:00,2026-10-04 00:00:00,P1D,fcre,1.6,ensemble,34,Chla_ugL_mean,4.3406369824296
vera4cast,chlorocast_ens3,2026-11-06 00:00:00,2026-10-04 00:00:00,P1D,fcre,1.6,ensemble,34,Chla_ugL_mean,4.40933027841181
vera4cast,chlorocast_ens3,2026-11-07 00:00:00,2026-10-04 00:00:00,P1D,fcre,1.6,ensemble,34,Chla_ugL_mean,4.5642729388637
vera4cast,chlorocast_ens3,2026-11-08 00:00:00,2026-10-04 00:00:00,P1D,fcre,1.6,ensemble,34,Chla_ugL_mean,4.61495052759699
vera4cast,chlorocast_ens3,2026-10-05 00:00:00,2026-10-04 00:00:00,P1D,fcre,1.6,ensemble,35,Chla_ugL_mean,4.43572853840323
vera4cast,chlorocast_ens3,2026-10-06 00:00:00,2026-10-04 00:00:00,P1D,fcre,1.6,ensemble,35,Chla_ugL_mean,4.41880625282508
vera4cast,chlorocast_ens3,2026-10-07 00:00:00,2026-10-04 00:00:00,P1D,fcre,1.6,ensemble,35,Chla_ugL_mean,4.27592688893487
vera4cast,chlorocast_ens3,2026-10-08 00:00:00,2026-10-04 00:00:00,P1D,fcre,1.6,ensemble,35,Chla_ugL_mean,4.25256651286859
vera4cast,chlorocast_ens3,2026-10-09 00:00:00,2026-10-04 00:00:00,P1D,fcre,1.6,ensemble,35,Chla_ugL_mean,4.20431966524602
vera4cast,chlorocast_ens3,2026-10-10 00:00:00,2026-10-04 00:00:00,P1D,fcre,1.6,ensemble,35,Chla_ugL_mean,4.12801581415553
vera4cast,chlorocast_ens3,2026-10-11 00:00:00,2026-10-04 00:00:00,P1D,fcre,1.6,ensemble,35,Chla_ugL_mean,4.07537512058477
vera4cast,chlorocast_ens3,2026-10-12 00:00:00,2026-10-04 00:00:00,P1D,fcre,1.6,ensemble,35,Chla_ugL_mean,3.99244176841882
vera4cast,chlorocast_ens3,2026-10-13 00:00:00,2026-10-04 00:00:00,P1D,fcre,1.6,ensemble,35,Chla_ugL_mean,4.00513731212575
vera4cast,chlorocast_ens3,2026-10-14 00:00:00,2026-10-04 00:00:00,P1D,fcre,1.6,ensemble,35,Chla_ugL_mean,4.02290846800854
vera4cast,chlorocast_ens3,2026-10-15 00:00:00,2026-10-04 00:00:00,P1D,fcre,1.6,ensemble,35,Chla_ugL_mean,4.00161411036919
vera4cast,chlorocast_ens3,2026-10-16 00:00:00,2026-10-04 00:00:00,P1D,fcre,1.6,ensemble,35,Chla_ugL_mean,3.99335329470604
vera4cast,chlorocast_ens3,2026-10-17 00:00:00,2026-10-04 00:00:00,P1D,fcre,1.6,ensemble,35,Chla_ugL_mean,4.01726884062245
vera4cast,chlorocast_ens3,2026-10-18 00:00:00,2026-10-04 00:00:00,P1D,fcre,1.6,ensemble,35,Chla_ugL_mean,3.97442738149878
vera4cast,chlorocast_ens3,2026-10-19 00:00:00,2026-10-04 00:00:00,P1D,fcre,1.6,ensemble,35,Chla_ugL_mean,3.97495737053504
vera4cast,chlorocast_ens3,2026-10-20 00:00:00,2026-10-04 00:00:00,P1D,fcre,1.6,ensemble,35,Chla_ugL_mean,4.00265404836986
vera4cast,chlorocast_ens3,2026-10-21 00:00:00,2026-10-04 00:00:00,P1D,fcre,1.6,ensemble,35,Chla_ugL_mean,3.96851770210229
vera4cast,chlorocast_ens3,2026-10-22 00:00:00,2026-10-04 00:00:00,P1D,fcre,1.6,ensemble,35,Chla_ugL_mean,3.96116688313165
vera4cast,chlorocast_ens3,2026-10-23 00:00:00,2026-10-04 00:00:00,P1D,fcre,1.6,ensemble,35,Chla_ugL_mean,3.9729166968067
vera4cast,chlorocast_ens3,2026-10-24 00:00:00,2026-10-04 00:00:00,P1D,fcre,1.6,ensemble,35,Chla_ugL_mean,3.98281675500392
vera4cast,chlorocast_ens3,2026-10-25 00:00:00,2026-10-04 00:00:00,P1D,fcre,1.6,ensemble,35,Chla_ugL_mean,4.00964862536607
vera4cast,chlorocast_ens3,2026-10-26 00:00:00,2026-10-04 00:00:00,P1D,fcre,1.6,ensemble,35,Chla_ugL_mean,4.01950970601774
vera4cast,chlorocast_ens3,2026-10-27 00:00:00,2026-10-04 00:00:00,P1D,fcre,1.6,ensemble,35,Chla_ugL_mean,4.03162310679622
vera4cast,chlorocast_ens3,2026-10-28 00:00:00,2026-10-04 00:00:00,P1D,fcre,1.6,ensemble,35,Chla_ugL_mean,4.05130914559879
vera4cast,chlorocast_ens3,2026-10-29 00:00:00,2026-10-04 00:00:00,P1D,fcre,1.6,ensemble,35,Chla_ugL_mean,4.07586117268444
vera4cast,chlorocast_ens3,2026-10-30 00:00:00,2026-10-04 00:00:00,P1D,fcre,1.6,ensemble,35,Chla_ugL_mean,4.09580816787796
vera4cast,chlorocast_ens3,2026-10-31 00:00:00,2026-10-04 00:00:00,P1D,fcre,1.6,ensemble,35,Chla_ugL_mean,4.15543764192072
vera4cast,chlorocast_ens3,2026-11-01 00:00:00,2026-10-04 00:00:00,P1D,fcre,1.6,ensemble,35,Chla_ugL_mean,4.24374781486143
vera4cast,chlorocast_ens3,2026-11-02 00:00:00,2026-10-04 00:00:00,P1D,fcre,1.6,ensemble,35,Chla_ugL_mean,4.3023656954698
vera4cast,chlorocast_ens3,2026-11-03 00:00:00,2026-10-04 00:00:00,P1D,fcre,1.6,ensemble,35,Chla_ugL_mean,4.32561126905295
vera4cast,chlorocast_ens3,2026-11-04 00:00:00,2026-10-04 00:00:00,P1D,fcre,1.6,ensemble,35,Chla_ugL_mean,4.36085252581989
vera4cast,chlorocast_ens3,2026-11-05 00:00:00,2026-10-04 00:00:00,P1D,fcre,1.6,ensemble,35,Chla_ugL_mean,4.41796264322337
vera4cast,chlorocast_ens3,2026-11-06 00:00:00,2026-10-04 00:00:00,P1D,fcre,1.6,ensemble,35,Chla_ugL_mean,4.48458350503675
vera4cast,chlorocast_ens3,2026-11-07 00:00:00,2026-10-04 00:00:00,P1D,fcre,1.6,ensemble,35,Chla_ugL_mean,4.64474288325501
vera4cast,chlorocast_ens3,2026-11-08 00:00:00,2026-10-04 00:00:00,P1D,fcre,1.6,ensemble,35,Chla_ugL_mean,4.69471448296821
vera4cast,chlorocast_ens3,2026-10-05 00:00:00,2026-10-04 00:00:00,P1D,fcre,1.6,ensemble,36,Chla_ugL_mean,4.50775007543998
vera4cast,chlorocast_ens3,2026-10-06 00:00:00,2026-10-04 00:00:00,P1D,fcre,1.6,ensemble,36,Chla_ugL_mean,4.49117673418755
vera4cast,chlorocast_ens3,2026-10-07 00:00:00,2026-10-04 00:00:00,P1D,fcre,1.6,ensemble,36,Chla_ugL_mean,4.34569693068181
vera4cast,chlorocast_ens3,2026-10-08 00:00:00,2026-10-04 00:00:00,P1D,fcre,1.6,ensemble,36,Chla_ugL_mean,4.32299557312714
vera4cast,chlorocast_ens3,2026-10-09 00:00:00,2026-10-04 00:00:00,P1D,fcre,1.6,ensemble,36,Chla_ugL_mean,4.27756667596977
vera4cast,chlorocast_ens3,2026-10-10 00:00:00,2026-10-04 00:00:00,P1D,fcre,1.6,ensemble,36,Chla_ugL_mean,4.20257985852042
vera4cast,chlorocast_ens3,2026-10-11 00:00:00,2026-10-04 00:00:00,P1D,fcre,1.6,ensemble,36,Chla_ugL_mean,4.14871504216379
vera4cast,chlorocast_ens3,2026-10-12 00:00:00,2026-10-04 00:00:00,P1D,fcre,1.6,ensemble,36,Chla_ugL_mean,4.06070189273561
vera4cast,chlorocast_ens3,2026-10-13 00:00:00,2026-10-04 00:00:00,P1D,fcre,1.6,ensemble,36,Chla_ugL_mean,4.0756347061093
vera4cast,chlorocast_ens3,2026-10-14 00:00:00,2026-10-04 00:00:00,P1D,fcre,1.6,ensemble,36,Chla_ugL_mean,4.09573136818858
vera4cast,chlorocast_ens3,2026-10-15 00:00:00,2026-10-04 00:00:00,P1D,fcre,1.6,ensemble,36,Chla_ugL_mean,4.07188472142775
vera4cast,chlorocast_ens3,2026-10-16 00:00:00,2026-10-04 00:00:00,P1D,fcre,1.6,ensemble,36,Chla_ugL_mean,4.0660694159975
vera4cast,chlorocast_ens3,2026-10-17 00:00:00,2026-10-04 00:00:00,P1D,fcre,1.6,ensemble,36,Chla_ugL_mean,4.08519887719383
vera4cast,chlorocast_ens3,2026-10-18 00:00:00,2026-10-04 00:00:00,P1D,fcre,1.6,ensemble,36,Chla_ugL_mean,4.04264106900394
vera4cast,chlorocast_ens3,2026-10-19 00:00:00,2026-10-04 00:00:00,P1D,fcre,1.6,ensemble,36,Chla_ugL_mean,4.04606823958757
vera4cast,chlorocast_ens3,2026-10-20 00:00:00,2026-10-04 00:00:00,P1D,fcre,1.6,ensemble,36,Chla_ugL_mean,4.07217883080058
vera4cast,chlorocast_ens3,2026-10-21 00:00:00,2026-10-04 00:00:00,P1D,fcre,1.6,ensemble,36,Chla_ugL_mean,4.03488171011827
vera4cast,chlorocast_ens3,2026-10-22 00:00:00,2026-10-04 00:00:00,P1D,fcre,1.6,ensemble,36,Chla_ugL_mean,4.02800207415299
vera4cast,chlorocast_ens3,2026-10-23 00:00:00,2026-10-04 00:00:00,P1D,fcre,1.6,ensemble,36,Chla_ugL_mean,4.03943872982869
vera4cast,chlorocast_ens3,2026-10-24 00:00:00,2026-10-04 00:00:00,P1D,fcre,1.6,ensemble,36,Chla_ugL_mean,4.04869755279177
vera4cast,chlorocast_ens3,2026-10-25 00:00:00,2026-10-04 00:00:00,P1D,fcre,1.6,ensemble,36,Chla_ugL_mean,4.07868664985895
vera4cast,chlorocast_ens3,2026-10-26 00:00:00,2026-10-04 00:00:00,P1D,fcre,1.6,ensemble,36,Chla_ugL_mean,4.0897598899456
vera4cast,chlorocast_ens3,2026-10-27 00:00:00,2026-10-04 00:00:00,P1D,fcre,1.6,ensemble,36,Chla_ugL_mean,4.10225390912412
vera4cast,chlorocast_ens3,2026-10-28 00:00:00,2026-10-04 00:00:00,P1D,fcre,1.6,ensemble,36,Chla_ugL_mean,4.12227420223364
vera4cast,chlorocast_ens3,2026-10-29 00:00:00,2026-10-04 00:00:00,P1D,fcre,1.6,ensemble,36,Chla_ugL_mean,4.14731187630847
vera4cast,chlorocast_ens3,2026-10-30 00:00:00,2026-10-04 00:00:00,P1D,fcre,1.6,ensemble,36,Chla_ugL_mean,4.16962398987172
vera4cast,chlorocast_ens3,2026-10-31 00:00:00,2026-10-04 00:00:00,P1D,fcre,1.6,ensemble,36,Chla_ugL_mean,4.22986938573032
vera4cast,chlorocast_ens3,2026-11-01 00:00:00,2026-10-04 00:00:00,P1D,fcre,1.6,ensemble,36,Chla_ugL_mean,4.31749583549764
vera4cast,chlorocast_ens3,2026-11-02 00:00:00,2026-10-04 00:00:00,P1D,fcre,1.6,ensemble,36,Chla_ugL_mean,4.37852157464696
vera4cast,chlorocast_ens3,2026-11-03 00:00:00,2026-10-04 00:00:00,P1D,fcre,1.6,ensemble,36,Chla_ugL_mean,4.40391605692021
vera4cast,chlorocast_ens3,2026-11-04 00:00:00,2026-10-04 00:00:00,P1D,fcre,1.6,ensemble,36,Chla_ugL_mean,4.43855842427137
vera4cast,chlorocast_ens3,2026-11-05 00:00:00,2026-10-04 00:00:00,P1D,fcre,1.6,ensemble,36,Chla_ugL_mean,4.49640788166993
vera4cast,chlorocast_ens3,2026-11-06 00:00:00,2026-10-04 00:00:00,P1D,fcre,1.6,ensemble,36,Chla_ugL_mean,4.56088363540503
vera4cast,chlorocast_ens3,2026-11-07 00:00:00,2026-10-04 00:00:00,P1D,fcre,1.6,ensemble,36,Chla_ugL_mean,4.72637657572653
vera4cast,chlorocast_ens3,2026-11-08 00:00:00,2026-10-04 00:00:00,P1D,fcre,1.6,ensemble,36,Chla_ugL_mean,4.77561153622607
vera4cast,chlorocast_ens3,2026-10-05 00:00:00,2026-10-04 00:00:00,P1D,fcre,1.6,ensemble,37,Chla_ugL_mean,4.58072587311733
vera4cast,chlorocast_ens3,2026-10-06 00:00:00,2026-10-04 00:00:00,P1D,fcre,1.6,ensemble,37,Chla_ugL_mean,4.56451375436472
vera4cast,chlorocast_ens3,2026-10-07 00:00:00,2026-10-04 00:00:00,P1D,fcre,1.6,ensemble,37,Chla_ugL_mean,4.41638962712579
vera4cast,chlorocast_ens3,2026-10-08 00:00:00,2026-10-04 00:00:00,P1D,fcre,1.6,ensemble,37,Chla_ugL_mean,4.39436898173745
vera4cast,chlorocast_ens3,2026-10-09 00:00:00,2026-10-04 00:00:00,P1D,fcre,1.6,ensemble,37,Chla_ugL_mean,4.35184458504817
vera4cast,chlorocast_ens3,2026-10-10 00:00:00,2026-10-04 00:00:00,P1D,fcre,1.6,ensemble,37,Chla_ugL_mean,4.27822810326876
vera4cast,chlorocast_ens3,2026-10-11 00:00:00,2026-10-04 00:00:00,P1D,fcre,1.6,ensemble,37,Chla_ugL_mean,4.22311473646293
vera4cast,chlorocast_ens3,2026-10-12 00:00:00,2026-10-04 00:00:00,P1D,fcre,1.6,ensemble,37,Chla_ugL_mean,4.12989531678585
vera4cast,chlorocast_ens3,2026-10-13 00:00:00,2026-10-04 00:00:00,P1D,fcre,1.6,ensemble,37,Chla_ugL_mean,4.14712505637926
vera4cast,chlorocast_ens3,2026-10-14 00:00:00,2026-10-04 00:00:00,P1D,fcre,1.6,ensemble,37,Chla_ugL_mean,4.16961006598555
vera4cast,chlorocast_ens3,2026-10-15 00:00:00,2026-10-04 00:00:00,P1D,fcre,1.6,ensemble,37,Chla_ugL_mean,4.14314260552848
vera4cast,chlorocast_ens3,2026-10-16 00:00:00,2026-10-04 00:00:00,P1D,fcre,1.6,ensemble,37,Chla_ugL_mean,4.13984447183326
vera4cast,chlorocast_ens3,2026-10-17 00:00:00,2026-10-04 00:00:00,P1D,fcre,1.6,ensemble,37,Chla_ugL_mean,4.15404863523423
vera4cast,chlorocast_ens3,2026-10-18 00:00:00,2026-10-04 00:00:00,P1D,fcre,1.6,ensemble,37,Chla_ugL_mean,4.11179016209576
vera4cast,chlorocast_ens3,2026-10-19 00:00:00,2026-10-04 00:00:00,P1D,fcre,1.6,ensemble,37,Chla_ugL_mean,4.11819555065573
vera4cast,chlorocast_ens3,2026-10-20 00:00:00,2026-10-04 00:00:00,P1D,fcre,1.6,ensemble,37,Chla_ugL_mean,4.1426698394235
vera4cast,chlorocast_ens3,2026-10-21 00:00:00,2026-10-04 00:00:00,P1D,fcre,1.6,ensemble,37,Chla_ugL_mean,4.10213213573886
vera4cast,chlorocast_ens3,2026-10-22 00:00:00,2026-10-04 00:00:00,P1D,fcre,1.6,ensemble,37,Chla_ugL_mean,4.09573764664992
vera4cast,chlorocast_ens3,2026-10-23 00:00:00,2026-10-04 00:00:00,P1D,fcre,1.6,ensemble,37,Chla_ugL_mean,4.10685061907534
vera4cast,chlorocast_ens3,2026-10-24 00:00:00,2026-10-04 00:00:00,P1D,fcre,1.6,ensemble,37,Chla_ugL_mean,4.11544939997409
vera4cast,chlorocast_ens3,2026-10-25 00:00:00,2026-10-04 00:00:00,P1D,fcre,1.6,ensemble,37,Chla_ugL_mean,4.14867608814995
vera4cast,chlorocast_ens3,2026-10-26 00:00:00,2026-10-04 00:00:00,P1D,fcre,1.6,ensemble,37,Chla_ugL_mean,4.160993255226
vera4cast,chlorocast_ens3,2026-10-27 00:00:00,2026-10-04 00:00:00,P1D,fcre,1.6,ensemble,37,Chla_ugL_mean,4.17387618281854
vera4cast,chlorocast_ens3,2026-10-28 00:00:00,2026-10-04 00:00:00,P1D,fcre,1.6,ensemble,37,Chla_ugL_mean,4.19423623591306
vera4cast,chlorocast_ens3,2026-10-29 00:00:00,2026-10-04 00:00:00,P1D,fcre,1.6,ensemble,37,Chla_ugL_mean,4.21976836060197
vera4cast,chlorocast_ens3,2026-10-30 00:00:00,2026-10-04 00:00:00,P1D,fcre,1.6,ensemble,37,Chla_ugL_mean,4.24450907809315
vera4cast,chlorocast_ens3,2026-10-31 00:00:00,2026-10-04 00:00:00,P1D,fcre,1.6,ensemble,37,Chla_ugL_mean,4.30537573947051
vera4cast,chlorocast_ens3,2026-11-01 00:00:00,2026-10-04 00:00:00,P1D,fcre,1.6,ensemble,37,Chla_ugL_mean,4.39228104761211
vera4cast,chlorocast_ens3,2026-11-02 00:00:00,2026-10-04 00:00:00,P1D,fcre,1.6,ensemble,37,Chla_ugL_mean,4.45577125200146
vera4cast,chlorocast_ens3,2026-11-03 00:00:00,2026-10-04 00:00:00,P1D,fcre,1.6,ensemble,37,Chla_ugL_mean,4.48337219427453
vera4cast,chlorocast_ens3,2026-11-04 00:00:00,2026-10-04 00:00:00,P1D,fcre,1.6,ensemble,37,Chla_ugL_mean,4.51739067466503
vera4cast,chlorocast_ens3,2026-11-05 00:00:00,2026-10-04 00:00:00,P1D,fcre,1.6,ensemble,37,Chla_ugL_mean,4.57598890783599
vera4cast,chlorocast_ens3,2026-11-06 00:00:00,2026-10-04 00:00:00,P1D,fcre,1.6,ensemble,37,Chla_ugL_mean,4.63824523377519
vera4cast,chlorocast_ens3,2026-11-07 00:00:00,2026-10-04 00:00:00,P1D,fcre,1.6,ensemble,37,Chla_ugL_mean,4.80919084628359
vera4cast,chlorocast_ens3,2026-11-08 00:00:00,2026-10-04 00:00:00,P1D,fcre,1.6,ensemble,37,Chla_ugL_mean,4.85765778374914
vera4cast,chlorocast_ens3,2026-10-05 00:00:00,2026-10-04 00:00:00,P1D,fcre,1.6,ensemble,38,Chla_ugL_mean,4.65466857506116
vera4cast,chlorocast_ens3,2026-10-06 00:00:00,2026-10-04 00:00:00,P1D,fcre,1.6,ensemble,38,Chla_ugL_mean,4.63883022189694
vera4cast,chlorocast_ens3,2026-10-07 00:00:00,2026-10-04 00:00:00,P1D,fcre,1.6,ensemble,38,Chla_ugL_mean,4.4880171796597
vera4cast,chlorocast_ens3,2026-10-08 00:00:00,2026-10-04 00:00:00,P1D,fcre,1.6,ensemble,38,Chla_ugL_mean,4.46669940099838
vera4cast,chlorocast_ens3,2026-10-09 00:00:00,2026-10-04 00:00:00,P1D,fcre,1.6,ensemble,38,Chla_ugL_mean,4.42716790162511
vera4cast,chlorocast_ens3,2026-10-10 00:00:00,2026-10-04 00:00:00,P1D,fcre,1.6,ensemble,38,Chla_ugL_mean,4.3549763132438
vera4cast,chlorocast_ens3,2026-10-11 00:00:00,2026-10-04 00:00:00,P1D,fcre,1.6,ensemble,38,Chla_ugL_mean,4.29858951735485
vera4cast,chlorocast_ens3,2026-10-12 00:00:00,2026-10-04 00:00:00,P1D,fcre,1.6,ensemble,38,Chla_ugL_mean,4.20003480129041
vera4cast,chlorocast_ens3,2026-10-13 00:00:00,2026-10-04 00:00:00,P1D,fcre,1.6,ensemble,38,Chla_ugL_mean,4.21962234873187
vera4cast,chlorocast_ens3,2026-10-14 00:00:00,2026-10-04 00:00:00,P1D,fcre,1.6,ensemble,38,Chla_ugL_mean,4.24455986851584
vera4cast,chlorocast_ens3,2026-10-15 00:00:00,2026-10-04 00:00:00,P1D,fcre,1.6,ensemble,38,Chla_ugL_mean,4.2154016334496
vera4cast,chlorocast_ens3,2026-10-16 00:00:00,2026-10-04 00:00:00,P1D,fcre,1.6,ensemble,38,Chla_ugL_mean,4.21469388303541
vera4cast,chlorocast_ens3,2026-10-17 00:00:00,2026-10-04 00:00:00,P1D,fcre,1.6,ensemble,38,Chla_ugL_mean,4.22383056707879
vera4cast,chlorocast_ens3,2026-10-18 00:00:00,2026-10-04 00:00:00,P1D,fcre,1.6,ensemble,38,Chla_ugL_mean,4.18188748787159
vera4cast,chlorocast_ens3,2026-10-19 00:00:00,2026-10-04 00:00:00,P1D,fcre,1.6,ensemble,38,Chla_ugL_mean,4.19135383252232
vera4cast,chlorocast_ens3,2026-10-20 00:00:00,2026-10-04 00:00:00,P1D,fcre,1.6,ensemble,38,Chla_ugL_mean,4.21414050244395
vera4cast,chlorocast_ens3,2026-10-21 00:00:00,2026-10-04 00:00:00,P1D,fcre,1.6,ensemble,38,Chla_ugL_mean,4.17028081875785
vera4cast,chlorocast_ens3,2026-10-22 00:00:00,2026-10-04 00:00:00,P1D,fcre,1.6,ensemble,38,Chla_ugL_mean,4.16438573026236
vera4cast,chlorocast_ens3,2026-10-23 00:00:00,2026-10-04 00:00:00,P1D,fcre,1.6,ensemble,38,Chla_ugL_mean,4.17516426803283
vera4cast,chlorocast_ens3,2026-10-24 00:00:00,2026-10-04 00:00:00,P1D,fcre,1.6,ensemble,38,Chla_ugL_mean,4.1830838132154
vera4cast,chlorocast_ens3,2026-10-25 00:00:00,2026-10-04 00:00:00,P1D,fcre,1.6,ensemble,38,Chla_ugL_mean,4.21963005168339
vera4cast,chlorocast_ens3,2026-10-26 00:00:00,2026-10-04 00:00:00,P1D,fcre,1.6,ensemble,38,Chla_ugL_mean,4.23322356190225
vera4cast,chlorocast_ens3,2026-10-27 00:00:00,2026-10-04 00:00:00,P1D,fcre,1.6,ensemble,38,Chla_ugL_mean,4.24650384553916
vera4cast,chlorocast_ens3,2026-10-28 00:00:00,2026-10-04 00:00:00,P1D,fcre,1.6,ensemble,38,Chla_ugL_mean,4.26720925301251
vera4cast,chlorocast_ens3,2026-10-29 00:00:00,2026-10-04 00:00:00,P1D,fcre,1.6,ensemble,38,Chla_ugL_mean,4.29324478350466
vera4cast,chlorocast_ens3,2026-10-30 00:00:00,2026-10-04 00:00:00,P1D,fcre,1.6,ensemble,38,Chla_ugL_mean,4.32047892150159
vera4cast,chlorocast_ens3,2026-10-31 00:00:00,2026-10-04 00:00:00,P1D,fcre,1.6,ensemble,38,Chla_ugL_mean,4.38197221784568
vera4cast,chlorocast_ens3,2026-11-01 00:00:00,2026-10-04 00:00:00,P1D,fcre,1.6,ensemble,38,Chla_ugL_mean,4.46811803825619
vera4cast,chlorocast_ens3,2026-11-02 00:00:00,2026-10-04 00:00:00,P1D,fcre,1.6,ensemble,38,Chla_ugL_mean,4.53413043734408
vera4cast,chlorocast_ens3,2026-11-03 00:00:00,2026-10-04 00:00:00,P1D,fcre,1.6,ensemble,38,Chla_ugL_mean,4.56399660991016
vera4cast,chlorocast_ens3,2026-11-04 00:00:00,2026-10-04 00:00:00,P1D,fcre,1.6,ensemble,38,Chla_ugL_mean,4.59736560354392
vera4cast,chlorocast_ens3,2026-11-05 00:00:00,2026-10-04 00:00:00,P1D,fcre,1.6,ensemble,38,Chla_ugL_mean,4.65672216648953
vera4cast,chlorocast_ens3,2026-11-06 00:00:00,2026-10-04 00:00:00,P1D,fcre,1.6,ensemble,38,Chla_ugL_mean,4.71668306702002
vera4cast,chlorocast_ens3,2026-11-07 00:00:00,2026-10-04 00:00:00,P1D,fcre,1.6,ensemble,38,Chla_ugL_mean,4.89320276832536
vera4cast,chlorocast_ens3,2026-11-08 00:00:00,2026-10-04 00:00:00,P1D,fcre,1.6,ensemble,38,Chla_ugL_mean,4.9408695505753
vera4cast,chlorocast_ens3,2026-10-05 00:00:00,2026-10-04 00:00:00,P1D,fcre,1.6,ensemble,39,Chla_ugL_mean,4.72959099242106
vera4cast,chlorocast_ens3,2026-10-06 00:00:00,2026-10-04 00:00:00,P1D,fcre,1.6,ensemble,39,Chla_ugL_mean,4.71413921772368
vera4cast,chlorocast_ens3,2026-10-07 00:00:00,2026-10-04 00:00:00,P1D,fcre,1.6,ensemble,39,Chla_ugL_mean,4.56059195103036
vera4cast,chlorocast_ens3,2026-10-08 00:00:00,2026-10-04 00:00:00,P1D,fcre,1.6,ensemble,39,Chla_ugL_mean,4.53999966299126
vera4cast,chlorocast_ens3,2026-10-09 00:00:00,2026-10-04 00:00:00,P1D,fcre,1.6,ensemble,39,Chla_ugL_mean,4.50355133905009
vera4cast,chlorocast_ens3,2026-10-10 00:00:00,2026-10-04 00:00:00,P1D,fcre,1.6,ensemble,39,Chla_ugL_mean,4.4328404825179
vera4cast,chlorocast_ens3,2026-10-11 00:00:00,2026-10-04 00:00:00,P1D,fcre,1.6,ensemble,39,Chla_ugL_mean,4.37515491999989
vera4cast,chlorocast_ens3,2026-10-12 00:00:00,2026-10-04 00:00:00,P1D,fcre,1.6,ensemble,39,Chla_ugL_mean,4.27113328144357
vera4cast,chlorocast_ens3,2026-10-13 00:00:00,2026-10-04 00:00:00,P1D,fcre,1.6,ensemble,39,Chla_ugL_mean,4.29314076595339
vera4cast,chlorocast_ens3,2026-10-14 00:00:00,2026-10-04 00:00:00,P1D,fcre,1.6,ensemble,39,Chla_ugL_mean,4.32059630482075
vera4cast,chlorocast_ens3,2026-10-15 00:00:00,2026-10-04 00:00:00,P1D,fcre,1.6,ensemble,39,Chla_ugL_mean,4.28867587084798
vera4cast,chlorocast_ens3,2026-10-16 00:00:00,2026-10-04 00:00:00,P1D,fcre,1.6,ensemble,39,Chla_ugL_mean,4.29063329499303
vera4cast,chlorocast_ens3,2026-10-17 00:00:00,2026-10-04 00:00:00,P1D,fcre,1.6,ensemble,39,Chla_ugL_mean,4.29455729365785
vera4cast,chlorocast_ens3,2026-10-18 00:00:00,2026-10-04 00:00:00,P1D,fcre,1.6,ensemble,39,Chla_ugL_mean,4.25294604932517
vera4cast,chlorocast_ens3,2026-10-19 00:00:00,2026-10-04 00:00:00,P1D,fcre,1.6,ensemble,39,Chla_ugL_mean,4.26555782164115
vera4cast,chlorocast_ens3,2026-10-20 00:00:00,2026-10-04 00:00:00,P1D,fcre,1.6,ensemble,39,Chla_ugL_mean,4.28660443468683
vera4cast,chlorocast_ens3,2026-10-21 00:00:00,2026-10-04 00:00:00,P1D,fcre,1.6,ensemble,39,Chla_ugL_mean,4.23933975711199
vera4cast,chlorocast_ens3,2026-10-22 00:00:00,2026-10-04 00:00:00,P1D,fcre,1.6,ensemble,39,Chla_ugL_mean,4.23395861803672
vera4cast,chlorocast_ens3,2026-10-23 00:00:00,2026-10-04 00:00:00,P1D,fcre,1.6,ensemble,39,Chla_ugL_mean,4.24439173941866
vera4cast,chlorocast_ens3,2026-10-24 00:00:00,2026-10-04 00:00:00,P1D,fcre,1.6,ensemble,39,Chla_ugL_mean,4.25161246144896
vera4cast,chlorocast_ens3,2026-10-25 00:00:00,2026-10-04 00:00:00,P1D,fcre,1.6,ensemble,39,Chla_ugL_mean,4.29156183259259
vera4cast,chlorocast_ens3,2026-10-26 00:00:00,2026-10-04 00:00:00,P1D,fcre,1.6,ensemble,39,Chla_ugL_mean,4.30646476259532
vera4cast,chlorocast_ens3,2026-10-27 00:00:00,2026-10-04 00:00:00,P1D,fcre,1.6,ensemble,39,Chla_ugL_mean,4.32015101031315
vera4cast,chlorocast_ens3,2026-10-28 00:00:00,2026-10-04 00:00:00,P1D,fcre,1.6,ensemble,39,Chla_ugL_mean,4.34120745668082
vera4cast,chlorocast_ens3,2026-10-29 00:00:00,2026-10-04 00:00:00,P1D,fcre,1.6,ensemble,39,Chla_ugL_mean,4.36775550225145
vera4cast,chlorocast_ens3,2026-10-30 00:00:00,2026-10-04 00:00:00,P1D,fcre,1.6,ensemble,39,Chla_ugL_mean,4.39754923342321
vera4cast,chlorocast_ens3,2026-10-31 00:00:00,2026-10-04 00:00:00,P1D,fcre,1.6,ensemble,39,Chla_ugL_mean,4.45967455955412
vera4cast,chlorocast_ens3,2026-11-01 00:00:00,2026-10-04 00:00:00,P1D,fcre,1.6,ensemble,39,Chla_ugL_mean,4.54502159963335
vera4cast,chlorocast_ens3,2026-11-02 00:00:00,2026-10-04 00:00:00,P1D,fcre,1.6,ensemble,39,Chla_ugL_mean,4.61361506611971
vera4cast,chlorocast_ens3,2026-11-03 00:00:00,2026-10-04 00:00:00,P1D,fcre,1.6,ensemble,39,Chla_ugL_mean,4.64580648153277
vera4cast,chlorocast_ens3,2026-11-04 00:00:00,2026-10-04 00:00:00,P1D,fcre,1.6,ensemble,39,Chla_ugL_mean,4.6784997741054
vera4cast,chlorocast_ens3,2026-11-05 00:00:00,2026-10-04 00:00:00,P1D,fcre,1.6,ensemble,39,Chla_ugL_mean,4.73862434049792
vera4cast,chlorocast_ens3,2026-11-06 00:00:00,2026-10-04 00:00:00,P1D,fcre,1.6,ensemble,39,Chla_ugL_mean,4.79621210744529
vera4cast,chlorocast_ens3,2026-11-07 00:00:00,2026-10-04 00:00:00,P1D,fcre,1.6,ensemble,39,Chla_ugL_mean,4.97842966216474
vera4cast,chlorocast_ens3,2026-11-08 00:00:00,2026-10-04 00:00:00,P1D,fcre,1.6,ensemble,39,Chla_ugL_mean,5.02526339365002
vera4cast,chlorocast_ens3,2026-10-05 00:00:00,2026-10-04 00:00:00,P1D,fcre,1.6,ensemble,40,Chla_ugL_mean,4.80550610608996
vera4cast,chlorocast_ens3,2026-10-06 00:00:00,2026-10-04 00:00:00,P1D,fcre,1.6,ensemble,40,Chla_ugL_mean,4.79045399748597
vera4cast,chlorocast_ens3,2026-10-07 00:00:00,2026-10-04 00:00:00,P1D,fcre,1.6,ensemble,40,Chla_ugL_mean,4.63412646747233
vera4cast,chlorocast_ens3,2026-10-08 00:00:00,2026-10-04 00:00:00,P1D,fcre,1.6,ensemble,40,Chla_ugL_mean,4.61428277185647
vera4cast,chlorocast_ens3,2026-10-09 00:00:00,2026-10-04 00:00:00,P1D,fcre,1.6,ensemble,40,Chla_ugL_mean,4.58100981775234
vera4cast,chlorocast_ens3,2026-10-10 00:00:00,2026-10-04 00:00:00,P1D,fcre,1.6,ensemble,40,Chla_ugL_mean,4.51183683772562
vera4cast,chlorocast_ens3,2026-10-11 00:00:00,2026-10-04 00:00:00,P1D,fcre,1.6,ensemble,40,Chla_ugL_mean,4.45282670404379
vera4cast,chlorocast_ens3,2026-10-12 00:00:00,2026-10-04 00:00:00,P1D,fcre,1.6,ensemble,40,Chla_ugL_mean,4.34320386929855
vera4cast,chlorocast_ens3,2026-10-13 00:00:00,2026-10-04 00:00:00,P1D,fcre,1.6,ensemble,40,Chla_ugL_mean,4.36769469059473
vera4cast,chlorocast_ens3,2026-10-14 00:00:00,2026-10-04 00:00:00,P1D,fcre,1.6,ensemble,40,Chla_ugL_mean,4.39773512908403
vera4cast,chlorocast_ens3,2026-10-15 00:00:00,2026-10-04 00:00:00,P1D,fcre,1.6,ensemble,40,Chla_ugL_mean,4.36297958099721
vera4cast,chlorocast_ens3,2026-10-16 00:00:00,2026-10-04 00:00:00,P1D,fcre,1.6,ensemble,40,Chla_ugL_mean,4.36767858093248
vera4cast,chlorocast_ens3,2026-10-17 00:00:00,2026-10-04 00:00:00,P1D,fcre,1.6,ensemble,40,Chla_ugL_mean,4.36624160677966
vera4cast,chlorocast_ens3,2026-10-18 00:00:00,2026-10-04 00:00:00,P1D,fcre,1.6,ensemble,40,Chla_ugL_mean,4.3249790277586
vera4cast,chlorocast_ens3,2026-10-19 00:00:00,2026-10-04 00:00:00,P1D,fcre,1.6,ensemble,40,Chla_ugL_mean,4.34082246510542
vera4cast,chlorocast_ens3,2026-10-20 00:00:00,2026-10-04 00:00:00,P1D,fcre,1.6,ensemble,40,Chla_ugL_mean,4.36007544019013
vera4cast,chlorocast_ens3,2026-10-21 00:00:00,2026-10-04 00:00:00,P1D,fcre,1.6,ensemble,40,Chla_ugL_mean,4.30932110899332
vera4cast,chlorocast_ens3,2026-10-22 00:00:00,2026-10-04 00:00:00,P1D,fcre,1.6,ensemble,40,Chla_ugL_mean,4.30446876862723
vera4cast,chlorocast_ens3,2026-10-23 00:00:00,2026-10-04 00:00:00,P1D,fcre,1.6,ensemble,40,Chla_ugL_mean,4.31454525731167
vera4cast,chlorocast_ens3,2026-10-24 00:00:00,2026-10-04 00:00:00,P1D,fcre,1.6,ensemble,40,Chla_ugL_mean,4.32104716788994
vera4cast,chlorocast_ens3,2026-10-25 00:00:00,2026-10-04 00:00:00,P1D,fcre,1.6,ensemble,40,Chla_ugL_mean,4.36448490618988
vera4cast,chlorocast_ens3,2026-10-26 00:00:00,2026-10-04 00:00:00,P1D,fcre,1.6,ensemble,40,Chla_ugL_mean,4.38073100519907
vera4cast,chlorocast_ens3,2026-10-27 00:00:00,2026-10-04 00:00:00,P1D,fcre,1.6,ensemble,40,Chla_ugL_mean,4.39483198827759
vera4cast,chlorocast_ens3,2026-10-28 00:00:00,2026-10-04 00:00:00,P1D,fcre,1.6,ensemble,40,Chla_ugL_mean,4.41624524960469
vera4cast,chlorocast_ens3,2026-10-29 00:00:00,2026-10-04 00:00:00,P1D,fcre,1.6,ensemble,40,Chla_ugL_mean,4.44331507617786
vera4cast,chlorocast_ens3,2026-10-30 00:00:00,2026-10-04 00:00:00,P1D,fcre,1.6,ensemble,40,Chla_ugL_mean,4.47573595480107
vera4cast,chlorocast_ens3,2026-10-31 00:00:00,2026-10-04 00:00:00,P1D,fcre,1.6,ensemble,40,Chla_ugL_mean,4.53849873052191
vera4cast,chlorocast_ens3,2026-11-01 00:00:00,2026-10-04 00:00:00,P1D,fcre,1.6,ensemble,40,Chla_ugL_mean,4.6230067319845
vera4cast,chlorocast_ens3,2026-11-02 00:00:00,2026-10-04 00:00:00,P1D,fcre,1.6,ensemble,40,Chla_ugL_mean,4.69424130264801
vera4cast,chlorocast_ens3,2026-11-03 00:00:00,2026-10-04 00:00:00,P1D,fcre,1.6,ensemble,40,Chla_ugL_mean,4.72881923941937
vera4cast,chlorocast_ens3,2026-11-04 00:00:00,2026-10-04 00:00:00,P1D,fcre,1.6,ensemble,40,Chla_ugL_mean,4.76080998963142
vera4cast,chlorocast_ens3,2026-11-05 00:00:00,2026-10-04 00:00:00,P1D,fcre,1.6,ensemble,40,Chla_ugL_mean,4.82171235427532
vera4cast,chlorocast_ens3,2026-11-06 00:00:00,2026-10-04 00:00:00,P1D,fcre,1.6,ensemble,40,Chla_ugL_mean,4.87684753564766
vera4cast,chlorocast_ens3,2026-11-07 00:00:00,2026-10-04 00:00:00,P1D,fcre,1.6,ensemble,40,Chla_ugL_mean,5.06488909859921
vera4cast,chlorocast_ens3,2026-11-08 00:00:00,2026-10-04 00:00:00,P1D,fcre,1.6,ensemble,40,Chla_ugL_mean,5.11085610512072
vera4cast,chlorocast_ens3,2026-10-05 00:00:00,2026-10-04 00:00:00,P1D,fcre,1.6,ensemble,41,Chla_ugL_mean,4.86720928821356
vera4cast,chlorocast_ens3,2026-10-06 00:00:00,2026-10-04 00:00:00,P1D,fcre,1.6,ensemble,41,Chla_ugL_mean,4.8519967597746
vera4cast,chlorocast_ens3,2026-10-07 00:00:00,2026-10-04 00:00:00,P1D,fcre,1.6,ensemble,41,Chla_ugL_mean,4.69511519380154
vera4cast,chlorocast_ens3,2026-10-08 00:00:00,2026-10-04 00:00:00,P1D,fcre,1.6,ensemble,41,Chla_ugL_mean,4.67478500434705
vera4cast,chlorocast_ens3,2026-10-09 00:00:00,2026-10-04 00:00:00,P1D,fcre,1.6,ensemble,41,Chla_ugL_mean,4.64181549163252
vera4cast,chlorocast_ens3,2026-10-10 00:00:00,2026-10-04 00:00:00,P1D,fcre,1.6,ensemble,41,Chla_ugL_mean,4.5717996980723
vera4cast,chlorocast_ens3,2026-10-11 00:00:00,2026-10-04 00:00:00,P1D,fcre,1.6,ensemble,41,Chla_ugL_mean,4.51153784935146
vera4cast,chlorocast_ens3,2026-10-12 00:00:00,2026-10-04 00:00:00,P1D,fcre,1.6,ensemble,41,Chla_ugL_mean,4.4027083523059
vera4cast,chlorocast_ens3,2026-10-13 00:00:00,2026-10-04 00:00:00,P1D,fcre,1.6,ensemble,41,Chla_ugL_mean,4.42689821903396
vera4cast,chlorocast_ens3,2026-10-14 00:00:00,2026-10-04 00:00:00,P1D,fcre,1.6,ensemble,41,Chla_ugL_mean,4.45752184765106
vera4cast,chlorocast_ens3,2026-10-15 00:00:00,2026-10-04 00:00:00,P1D,fcre,1.6,ensemble,41,Chla_ugL_mean,4.42232180401088
vera4cast,chlorocast_ens3,2026-10-16 00:00:00,2026-10-04 00:00:00,P1D,fcre,1.6,ensemble,41,Chla_ugL_mean,4.42732711803679
vera4cast,chlorocast_ens3,2026-10-17 00:00:00,2026-10-04 00:00:00,P1D,fcre,1.6,ensemble,41,Chla_ugL_mean,4.42370035222761
vera4cast,chlorocast_ens3,2026-10-18 00:00:00,2026-10-04 00:00:00,P1D,fcre,1.6,ensemble,41,Chla_ugL_mean,4.38353543844413
vera4cast,chlorocast_ens3,2026-10-19 00:00:00,2026-10-04 00:00:00,P1D,fcre,1.6,ensemble,41,Chla_ugL_mean,4.40009728371001
vera4cast,chlorocast_ens3,2026-10-20 00:00:00,2026-10-04 00:00:00,P1D,fcre,1.6,ensemble,41,Chla_ugL_mean,4.41807740087785
vera4cast,chlorocast_ens3,2026-10-21 00:00:00,2026-10-04 00:00:00,P1D,fcre,1.6,ensemble,41,Chla_ugL_mean,4.36795069174609
vera4cast,chlorocast_ens3,2026-10-22 00:00:00,2026-10-04 00:00:00,P1D,fcre,1.6,ensemble,41,Chla_ugL_mean,4.36250210794987
vera4cast,chlorocast_ens3,2026-10-23 00:00:00,2026-10-04 00:00:00,P1D,fcre,1.6,ensemble,41,Chla_ugL_mean,4.37161908742598
vera4cast,chlorocast_ens3,2026-10-24 00:00:00,2026-10-04 00:00:00,P1D,fcre,1.6,ensemble,41,Chla_ugL_mean,4.37723273174922
vera4cast,chlorocast_ens3,2026-10-25 00:00:00,2026-10-04 00:00:00,P1D,fcre,1.6,ensemble,41,Chla_ugL_mean,4.42319468421629
vera4cast,chlorocast_ens3,2026-10-26 00:00:00,2026-10-04 00:00:00,P1D,fcre,1.6,ensemble,41,Chla_ugL_mean,4.43910145847643
vera4cast,chlorocast_ens3,2026-10-27 00:00:00,2026-10-04 00:00:00,P1D,fcre,1.6,ensemble,41,Chla_ugL_mean,4.45460744700397
vera4cast,chlorocast_ens3,2026-10-28 00:00:00,2026-10-04 00:00:00,P1D,fcre,1.6,ensemble,41,Chla_ugL_mean,4.47571359788359
vera4cast,chlorocast_ens3,2026-10-29 00:00:00,2026-10-04 00:00:00,P1D,fcre,1.6,ensemble,41,Chla_ugL_mean,4.50363782311535
vera4cast,chlorocast_ens3,2026-10-30 00:00:00,2026-10-04 00:00:00,P1D,fcre,1.6,ensemble,41,Chla_ugL_mean,4.53692631931897
vera4cast,chlorocast_ens3,2026-10-31 00:00:00,2026-10-04 00:00:00,P1D,fcre,1.6,ensemble,41,Chla_ugL_mean,4.60092013006354
vera4cast,chlorocast_ens3,2026-11-01 00:00:00,2026-10-04 00:00:00,P1D,fcre,1.6,ensemble,41,Chla_ugL_mean,4.68493487528123
vera4cast,chlorocast_ens3,2026-11-02 00:00:00,2026-10-04 00:00:00,P1D,fcre,1.6,ensemble,41,Chla_ugL_mean,4.75795182893328
vera4cast,chlorocast_ens3,2026-11-03 00:00:00,2026-10-04 00:00:00,P1D,fcre,1.6,ensemble,41,Chla_ugL_mean,4.79394242874787
vera4cast,chlorocast_ens3,2026-11-04 00:00:00,2026-10-04 00:00:00,P1D,fcre,1.6,ensemble,41,Chla_ugL_mean,4.8253231455692
vera4cast,chlorocast_ens3,2026-11-05 00:00:00,2026-10-04 00:00:00,P1D,fcre,1.6,ensemble,41,Chla_ugL_mean,4.88878445420743
vera4cast,chlorocast_ens3,2026-11-06 00:00:00,2026-10-04 00:00:00,P1D,fcre,1.6,ensemble,41,Chla_ugL_mean,4.9449509402347
vera4cast,chlorocast_ens3,2026-11-07 00:00:00,2026-10-04 00:00:00,P1D,fcre,1.6,ensemble,41,Chla_ugL_mean,5.13408708499785
vera4cast,chlorocast_ens3,2026-11-08 00:00:00,2026-10-04 00:00:00,P1D,fcre,1.6,ensemble,41,Chla_ugL_mean,5.18175822155384
vera4cast,chlorocast_ens3,2026-10-05 00:00:00,2026-10-04 00:00:00,P1D,fcre,1.6,ensemble,42,Chla_ugL_mean,4.92298923802064
vera4cast,chlorocast_ens3,2026-10-06 00:00:00,2026-10-04 00:00:00,P1D,fcre,1.6,ensemble,42,Chla_ugL_mean,4.90736717144732
vera4cast,chlorocast_ens3,2026-10-07 00:00:00,2026-10-04 00:00:00,P1D,fcre,1.6,ensemble,42,Chla_ugL_mean,4.75091778552126
vera4cast,chlorocast_ens3,2026-10-08 00:00:00,2026-10-04 00:00:00,P1D,fcre,1.6,ensemble,42,Chla_ugL_mean,4.72954991431057
vera4cast,chlorocast_ens3,2026-10-09 00:00:00,2026-10-04 00:00:00,P1D,fcre,1.6,ensemble,42,Chla_ugL_mean,4.69561389284982
vera4cast,chlorocast_ens3,2026-10-10 00:00:00,2026-10-04 00:00:00,P1D,fcre,1.6,ensemble,42,Chla_ugL_mean,4.62369385871314
vera4cast,chlorocast_ens3,2026-10-11 00:00:00,2026-10-04 00:00:00,P1D,fcre,1.6,ensemble,42,Chla_ugL_mean,4.56220404414744
vera4cast,chlorocast_ens3,2026-10-12 00:00:00,2026-10-04 00:00:00,P1D,fcre,1.6,ensemble,42,Chla_ugL_mean,4.45701354007144
vera4cast,chlorocast_ens3,2026-10-13 00:00:00,2026-10-04 00:00:00,P1D,fcre,1.6,ensemble,42,Chla_ugL_mean,4.47966373561865
vera4cast,chlorocast_ens3,2026-10-14 00:00:00,2026-10-04 00:00:00,P1D,fcre,1.6,ensemble,42,Chla_ugL_mean,4.50998647761455
vera4cast,chlorocast_ens3,2026-10-15 00:00:00,2026-10-04 00:00:00,P1D,fcre,1.6,ensemble,42,Chla_ugL_mean,4.47539987754313
vera4cast,chlorocast_ens3,2026-10-16 00:00:00,2026-10-04 00:00:00,P1D,fcre,1.6,ensemble,42,Chla_ugL_mean,4.4796332131394
vera4cast,chlorocast_ens3,2026-10-17 00:00:00,2026-10-04 00:00:00,P1D,fcre,1.6,ensemble,42,Chla_ugL_mean,4.47520512140957
vera4cast,chlorocast_ens3,2026-10-18 00:00:00,2026-10-04 00:00:00,P1D,fcre,1.6,ensemble,42,Chla_ugL_mean,4.43648059569803
vera4cast,chlorocast_ens3,2026-10-19 00:00:00,2026-10-04 00:00:00,P1D,fcre,1.6,ensemble,42,Chla_ugL_mean,4.45265159289159
vera4cast,chlorocast_ens3,2026-10-20 00:00:00,2026-10-04 00:00:00,P1D,fcre,1.6,ensemble,42,Chla_ugL_mean,4.46957883239928
vera4cast,chlorocast_ens3,2026-10-21 00:00:00,2026-10-04 00:00:00,P1D,fcre,1.6,ensemble,42,Chla_ugL_mean,4.42191260344031
vera4cast,chlorocast_ens3,2026-10-22 00:00:00,2026-10-04 00:00:00,P1D,fcre,1.6,ensemble,42,Chla_ugL_mean,4.41536348662405
vera4cast,chlorocast_ens3,2026-10-23 00:00:00,2026-10-04 00:00:00,P1D,fcre,1.6,ensemble,42,Chla_ugL_mean,4.4232448535564
vera4cast,chlorocast_ens3,2026-10-24 00:00:00,2026-10-04 00:00:00,P1D,fcre,1.6,ensemble,42,Chla_ugL_mean,4.42788732794573
vera4cast,chlorocast_ens3,2026-10-25 00:00:00,2026-10-04 00:00:00,P1D,fcre,1.6,ensemble,42,Chla_ugL_mean,4.47596669154809
vera4cast,chlorocast_ens3,2026-10-26 00:00:00,2026-10-04 00:00:00,P1D,fcre,1.6,ensemble,42,Chla_ugL_mean,4.49078472572822
vera4cast,chlorocast_ens3,2026-10-27 00:00:00,2026-10-04 00:00:00,P1D,fcre,1.6,ensemble,42,Chla_ugL_mean,4.50814651357619
vera4cast,chlorocast_ens3,2026-10-28 00:00:00,2026-10-04 00:00:00,P1D,fcre,1.6,ensemble,42,Chla_ugL_mean,4.52864782684633
vera4cast,chlorocast_ens3,2026-10-29 00:00:00,2026-10-04 00:00:00,P1D,fcre,1.6,ensemble,42,Chla_ugL_mean,4.5575806496337
vera4cast,chlorocast_ens3,2026-10-30 00:00:00,2026-10-04 00:00:00,P1D,fcre,1.6,ensemble,42,Chla_ugL_mean,4.59096243212667
vera4cast,chlorocast_ens3,2026-10-31 00:00:00,2026-10-04 00:00:00,P1D,fcre,1.6,ensemble,42,Chla_ugL_mean,4.65645980020286
vera4cast,chlorocast_ens3,2026-11-01 00:00:00,2026-10-04 00:00:00,P1D,fcre,1.6,ensemble,42,Chla_ugL_mean,4.74012845310475
vera4cast,chlorocast_ens3,2026-11-02 00:00:00,2026-10-04 00:00:00,P1D,fcre,1.6,ensemble,42,Chla_ugL_mean,4.81456015973892
vera4cast,chlorocast_ens3,2026-11-03 00:00:00,2026-10-04 00:00:00,P1D,fcre,1.6,ensemble,42,Chla_ugL_mean,4.85154221570005
vera4cast,chlorocast_ens3,2026-11-04 00:00:00,2026-10-04 00:00:00,P1D,fcre,1.6,ensemble,42,Chla_ugL_mean,4.88234809513755
vera4cast,chlorocast_ens3,2026-11-05 00:00:00,2026-10-04 00:00:00,P1D,fcre,1.6,ensemble,42,Chla_ugL_mean,4.94918028879638
vera4cast,chlorocast_ens3,2026-11-06 00:00:00,2026-10-04 00:00:00,P1D,fcre,1.6,ensemble,42,Chla_ugL_mean,5.00793380773382
vera4cast,chlorocast_ens3,2026-11-07 00:00:00,2026-10-04 00:00:00,P1D,fcre,1.6,ensemble,42,Chla_ugL_mean,5.19606769215946
vera4cast,chlorocast_ens3,2026-11-08 00:00:00,2026-10-04 00:00:00,P1D,fcre,1.6,ensemble,42,Chla_ugL_mean,5.24659947385155
vera4cast,chlorocast_ens3,2026-10-05 00:00:00,2026-10-04 00:00:00,P1D,fcre,1.6,ensemble,43,Chla_ugL_mean,4.97929949152879
vera4cast,chlorocast_ens3,2026-10-06 00:00:00,2026-10-04 00:00:00,P1D,fcre,1.6,ensemble,43,Chla_ugL_mean,4.96326148677458
vera4cast,chlorocast_ens3,2026-10-07 00:00:00,2026-10-04 00:00:00,P1D,fcre,1.6,ensemble,43,Chla_ugL_mean,4.80726714919144
vera4cast,chlorocast_ens3,2026-10-08 00:00:00,2026-10-04 00:00:00,P1D,fcre,1.6,ensemble,43,Chla_ugL_mean,4.78484333687165
vera4cast,chlorocast_ens3,2026-10-09 00:00:00,2026-10-04 00:00:00,P1D,fcre,1.6,ensemble,43,Chla_ugL_mean,4.74992529701411
vera4cast,chlorocast_ens3,2026-10-10 00:00:00,2026-10-04 00:00:00,P1D,fcre,1.6,ensemble,43,Chla_ugL_mean,4.67607134683424
vera4cast,chlorocast_ens3,2026-10-11 00:00:00,2026-10-04 00:00:00,P1D,fcre,1.6,ensemble,43,Chla_ugL_mean,4.61333600065373
vera4cast,chlorocast_ens3,2026-10-12 00:00:00,2026-10-04 00:00:00,P1D,fcre,1.6,ensemble,43,Chla_ugL_mean,4.51186457507246
vera4cast,chlorocast_ens3,2026-10-13 00:00:00,2026-10-04 00:00:00,P1D,fcre,1.6,ensemble,43,Chla_ugL_mean,4.53294228923261
vera4cast,chlorocast_ens3,2026-10-14 00:00:00,2026-10-04 00:00:00,P1D,fcre,1.6,ensemble,43,Chla_ugL_mean,4.56295546422086
vera4cast,chlorocast_ens3,2026-10-15 00:00:00,2026-10-04 00:00:00,P1D,fcre,1.6,ensemble,43,Chla_ugL_mean,4.52899752220961
vera4cast,chlorocast_ens3,2026-10-16 00:00:00,2026-10-04 00:00:00,P1D,fcre,1.6,ensemble,43,Chla_ugL_mean,4.53244341045022
vera4cast,chlorocast_ens3,2026-10-17 00:00:00,2026-10-04 00:00:00,P1D,fcre,1.6,ensemble,43,Chla_ugL_mean,4.52719899232581
vera4cast,chlorocast_ens3,2026-10-18 00:00:00,2026-10-04 00:00:00,P1D,fcre,1.6,ensemble,43,Chla_ugL_mean,4.48994644975214
vera4cast,chlorocast_ens3,2026-10-19 00:00:00,2026-10-04 00:00:00,P1D,fcre,1.6,ensemble,43,Chla_ugL_mean,4.50571736608363
vera4cast,chlorocast_ens3,2026-10-20 00:00:00,2026-10-04 00:00:00,P1D,fcre,1.6,ensemble,43,Chla_ugL_mean,4.52156980979695
vera4cast,chlorocast_ens3,2026-10-21 00:00:00,2026-10-04 00:00:00,P1D,fcre,1.6,ensemble,43,Chla_ugL_mean,4.47641697315638
vera4cast,chlorocast_ens3,2026-10-22 00:00:00,2026-10-04 00:00:00,P1D,fcre,1.6,ensemble,43,Chla_ugL_mean,4.46874595140674
vera4cast,chlorocast_ens3,2026-10-23 00:00:00,2026-10-04 00:00:00,P1D,fcre,1.6,ensemble,43,Chla_ugL_mean,4.4753667866125
vera4cast,chlorocast_ens3,2026-10-24 00:00:00,2026-10-04 00:00:00,P1D,fcre,1.6,ensemble,43,Chla_ugL_mean,4.47901910046023
vera4cast,chlorocast_ens3,2026-10-25 00:00:00,2026-10-04 00:00:00,P1D,fcre,1.6,ensemble,43,Chla_ugL_mean,4.529252212578
vera4cast,chlorocast_ens3,2026-10-26 00:00:00,2026-10-04 00:00:00,P1D,fcre,1.6,ensemble,43,Chla_ugL_mean,4.54295909617677
vera4cast,chlorocast_ens3,2026-10-27 00:00:00,2026-10-04 00:00:00,P1D,fcre,1.6,ensemble,43,Chla_ugL_mean,4.56221108664494
vera4cast,chlorocast_ens3,2026-10-28 00:00:00,2026-10-04 00:00:00,P1D,fcre,1.6,ensemble,43,Chla_ugL_mean,4.58209377588825
vera4cast,chlorocast_ens3,2026-10-29 00:00:00,2026-10-04 00:00:00,P1D,fcre,1.6,ensemble,43,Chla_ugL_mean,4.61205218618463
vera4cast,chlorocast_ens3,2026-10-30 00:00:00,2026-10-04 00:00:00,P1D,fcre,1.6,ensemble,43,Chla_ugL_mean,4.64552589554715
vera4cast,chlorocast_ens3,2026-10-31 00:00:00,2026-10-04 00:00:00,P1D,fcre,1.6,ensemble,43,Chla_ugL_mean,4.71255021109326
vera4cast,chlorocast_ens3,2026-11-01 00:00:00,2026-10-04 00:00:00,P1D,fcre,1.6,ensemble,43,Chla_ugL_mean,4.7958578912503
vera4cast,chlorocast_ens3,2026-11-02 00:00:00,2026-10-04 00:00:00,P1D,fcre,1.6,ensemble,43,Chla_ugL_mean,4.87172502578692
vera4cast,chlorocast_ens3,2026-11-03 00:00:00,2026-10-04 00:00:00,P1D,fcre,1.6,ensemble,43,Chla_ugL_mean,4.90971462405773
vera4cast,chlorocast_ens3,2026-11-04 00:00:00,2026-10-04 00:00:00,P1D,fcre,1.6,ensemble,43,Chla_ugL_mean,4.93993127036858
vera4cast,chlorocast_ens3,2026-11-05 00:00:00,2026-10-04 00:00:00,P1D,fcre,1.6,ensemble,43,Chla_ugL_mean,5.01019554779525
vera4cast,chlorocast_ens3,2026-11-06 00:00:00,2026-10-04 00:00:00,P1D,fcre,1.6,ensemble,43,Chla_ugL_mean,5.07158393752632
vera4cast,chlorocast_ens3,2026-11-07 00:00:00,2026-10-04 00:00:00,P1D,fcre,1.6,ensemble,43,Chla_ugL_mean,5.25867456947519
vera4cast,chlorocast_ens3,2026-11-08 00:00:00,2026-10-04 00:00:00,P1D,fcre,1.6,ensemble,43,Chla_ugL_mean,5.3121208543343
vera4cast,chlorocast_ens3,2026-10-05 00:00:00,2026-10-04 00:00:00,P1D,fcre,1.6,ensemble,44,Chla_ugL_mean,5.03614509037064
vera4cast,chlorocast_ens3,2026-10-06 00:00:00,2026-10-04 00:00:00,P1D,fcre,1.6,ensemble,44,Chla_ugL_mean,5.01968466282696
vera4cast,chlorocast_ens3,2026-10-07 00:00:00,2026-10-04 00:00:00,P1D,fcre,1.6,ensemble,44,Chla_ugL_mean,4.86416864226157
vera4cast,chlorocast_ens3,2026-10-08 00:00:00,2026-10-04 00:00:00,P1D,fcre,1.6,ensemble,44,Chla_ugL_mean,4.84067037247813
vera4cast,chlorocast_ens3,2026-10-09 00:00:00,2026-10-04 00:00:00,P1D,fcre,1.6,ensemble,44,Chla_ugL_mean,4.80475459594405
vera4cast,chlorocast_ens3,2026-10-10 00:00:00,2026-10-04 00:00:00,P1D,fcre,1.6,ensemble,44,Chla_ugL_mean,4.72893666401055
vera4cast,chlorocast_ens3,2026-10-11 00:00:00,2026-10-04 00:00:00,P1D,fcre,1.6,ensemble,44,Chla_ugL_mean,4.66493800050172
vera4cast,chlorocast_ens3,2026-10-12 00:00:00,2026-10-04 00:00:00,P1D,fcre,1.6,ensemble,44,Chla_ugL_mean,4.5672669438788
vera4cast,chlorocast_ens3,2026-10-13 00:00:00,2026-10-04 00:00:00,P1D,fcre,1.6,ensemble,44,Chla_ugL_mean,4.58673886811457
vera4cast,chlorocast_ens3,2026-10-14 00:00:00,2026-10-04 00:00:00,P1D,fcre,1.6,ensemble,44,Chla_ugL_mean,4.61643365598647
vera4cast,chlorocast_ens3,2026-10-15 00:00:00,2026-10-04 00:00:00,P1D,fcre,1.6,ensemble,44,Chla_ugL_mean,4.58311982399303
vera4cast,chlorocast_ens3,2026-10-16 00:00:00,2026-10-04 00:00:00,P1D,fcre,1.6,ensemble,44,Chla_ugL_mean,4.58576256827565
vera4cast,chlorocast_ens3,2026-10-17 00:00:00,2026-10-04 00:00:00,P1D,fcre,1.6,ensemble,44,Chla_ugL_mean,4.57968660960459
vera4cast,chlorocast_ens3,2026-10-18 00:00:00,2026-10-04 00:00:00,P1D,fcre,1.6,ensemble,44,Chla_ugL_mean,4.5439381214744
vera4cast,chlorocast_ens3,2026-10-19 00:00:00,2026-10-04 00:00:00,P1D,fcre,1.6,ensemble,44,Chla_ugL_mean,4.55929958090714
vera4cast,chlorocast_ens3,2026-10-20 00:00:00,2026-10-04 00:00:00,P1D,fcre,1.6,ensemble,44,Chla_ugL_mean,4.57405498643986
vera4cast,chlorocast_ens3,2026-10-21 00:00:00,2026-10-04 00:00:00,P1D,fcre,1.6,ensemble,44,Chla_ugL_mean,4.53146925401294
vera4cast,chlorocast_ens3,2026-10-22 00:00:00,2026-10-04 00:00:00,P1D,fcre,1.6,ensemble,44,Chla_ugL_mean,4.52265463895423
vera4cast,chlorocast_ens3,2026-10-23 00:00:00,2026-10-04 00:00:00,P1D,fcre,1.6,ensemble,44,Chla_ugL_mean,4.52798965517472
vera4cast,chlorocast_ens3,2026-10-24 00:00:00,2026-10-04 00:00:00,P1D,fcre,1.6,ensemble,44,Chla_ugL_mean,4.53063254438802
vera4cast,chlorocast_ens3,2026-10-25 00:00:00,2026-10-04 00:00:00,P1D,fcre,1.6,ensemble,44,Chla_ugL_mean,4.58305624420363
vera4cast,chlorocast_ens3,2026-10-26 00:00:00,2026-10-04 00:00:00,P1D,fcre,1.6,ensemble,44,Chla_ugL_mean,4.59562923636821
vera4cast,chlorocast_ens3,2026-10-27 00:00:00,2026-10-04 00:00:00,P1D,fcre,1.6,ensemble,44,Chla_ugL_mean,4.61680632425827
vera4cast,chlorocast_ens3,2026-10-28 00:00:00,2026-10-04 00:00:00,P1D,fcre,1.6,ensemble,44,Chla_ugL_mean,4.63605639185462
vera4cast,chlorocast_ens3,2026-10-29 00:00:00,2026-10-04 00:00:00,P1D,fcre,1.6,ensemble,44,Chla_ugL_mean,4.66705761481582
vera4cast,chlorocast_ens3,2026-10-30 00:00:00,2026-10-04 00:00:00,P1D,fcre,1.6,ensemble,44,Chla_ugL_mean,4.70062185611396
vera4cast,chlorocast_ens3,2026-10-31 00:00:00,2026-10-04 00:00:00,P1D,fcre,1.6,ensemble,44,Chla_ugL_mean,4.76919682397307
vera4cast,chlorocast_ens3,2026-11-01 00:00:00,2026-10-04 00:00:00,P1D,fcre,1.6,ensemble,44,Chla_ugL_mean,4.8521283922486
vera4cast,chlorocast_ens3,2026-11-02 00:00:00,2026-10-04 00:00:00,P1D,fcre,1.6,ensemble,44,Chla_ugL_mean,4.92945189855951
vera4cast,chlorocast_ens3,2026-11-03 00:00:00,2026-10-04 00:00:00,P1D,fcre,1.6,ensemble,44,Chla_ugL_mean,4.96846534646824
vera4cast,chlorocast_ens3,2026-11-04 00:00:00,2026-10-04 00:00:00,P1D,fcre,1.6,ensemble,44,Chla_ugL_mean,4.99807813581584
vera4cast,chlorocast_ens3,2026-11-05 00:00:00,2026-10-04 00:00:00,P1D,fcre,1.6,ensemble,44,Chla_ugL_mean,5.0718365840693
vera4cast,chlorocast_ens3,2026-11-06 00:00:00,2026-10-04 00:00:00,P1D,fcre,1.6,ensemble,44,Chla_ugL_mean,5.13590839881983
vera4cast,chlorocast_ens3,2026-11-07 00:00:00,2026-10-04 00:00:00,P1D,fcre,1.6,ensemble,44,Chla_ugL_mean,5.32191404496157
vera4cast,chlorocast_ens3,2026-11-08 00:00:00,2026-10-04 00:00:00,P1D,fcre,1.6,ensemble,44,Chla_ugL_mean,5.37832949695356
vera4cast,chlorocast_ens3,2026-10-05 00:00:00,2026-10-04 00:00:00,P1D,fcre,1.6,ensemble,45,Chla_ugL_mean,5.09353112410997
vera4cast,chlorocast_ens3,2026-10-06 00:00:00,2026-10-04 00:00:00,P1D,fcre,1.6,ensemble,45,Chla_ugL_mean,5.07664170357787
vera4cast,chlorocast_ens3,2026-10-07 00:00:00,2026-10-04 00:00:00,P1D,fcre,1.6,ensemble,45,Chla_ugL_mean,4.92162767467515
vera4cast,chlorocast_ens3,2026-10-08 00:00:00,2026-10-04 00:00:00,P1D,fcre,1.6,ensemble,45,Chla_ugL_mean,4.89703617080006
vera4cast,chlorocast_ens3,2026-10-09 00:00:00,2026-10-04 00:00:00,P1D,fcre,1.6,ensemble,45,Chla_ugL_mean,4.86010672810501
vera4cast,chlorocast_ens3,2026-10-10 00:00:00,2026-10-04 00:00:00,P1D,fcre,1.6,ensemble,45,Chla_ugL_mean,4.7822943537434
vera4cast,chlorocast_ens3,2026-10-11 00:00:00,2026-10-04 00:00:00,P1D,fcre,1.6,ensemble,45,Chla_ugL_mean,4.71701436468279
vera4cast,chlorocast_ens3,2026-10-12 00:00:00,2026-10-04 00:00:00,P1D,fcre,1.6,ensemble,45,Chla_ugL_mean,4.62322618820838
vera4cast,chlorocast_ens3,2026-10-13 00:00:00,2026-10-04 00:00:00,P1D,fcre,1.6,ensemble,45,Chla_ugL_mean,4.6410585090037
vera4cast,chlorocast_ens3,2026-10-14 00:00:00,2026-10-04 00:00:00,P1D,fcre,1.6,ensemble,45,Chla_ugL_mean,4.67042594803797
vera4cast,chlorocast_ens3,2026-10-15 00:00:00,2026-10-04 00:00:00,P1D,fcre,1.6,ensemble,45,Chla_ugL_mean,4.63777191866178
vera4cast,chlorocast_ens3,2026-10-16 00:00:00,2026-10-04 00:00:00,P1D,fcre,1.6,ensemble,45,Chla_ugL_mean,4.63959559174421
vera4cast,chlorocast_ens3,2026-10-17 00:00:00,2026-10-04 00:00:00,P1D,fcre,1.6,ensemble,45,Chla_ugL_mean,4.63267266198069
vera4cast,chlorocast_ens3,2026-10-18 00:00:00,2026-10-04 00:00:00,P1D,fcre,1.6,ensemble,45,Chla_ugL_mean,4.59846078209464
vera4cast,chlorocast_ens3,2026-10-19 00:00:00,2026-10-04 00:00:00,P1D,fcre,1.6,ensemble,45,Chla_ugL_mean,4.61340326342586
vera4cast,chlorocast_ens3,2026-10-20 00:00:00,2026-10-04 00:00:00,P1D,fcre,1.6,ensemble,45,Chla_ugL_mean,4.62703905992952
vera4cast,chlorocast_ens3,2026-10-21 00:00:00,2026-10-04 00:00:00,P1D,fcre,1.6,ensemble,45,Chla_ugL_mean,4.58707495394668
vera4cast,chlorocast_ens3,2026-10-22 00:00:00,2026-10-04 00:00:00,P1D,fcre,1.6,ensemble,45,Chla_ugL_mean,4.57709473655786
vera4cast,chlorocast_ens3,2026-10-23 00:00:00,2026-10-04 00:00:00,P1D,fcre,1.6,ensemble,45,Chla_ugL_mean,4.58111827365355
vera4cast,chlorocast_ens3,2026-10-24 00:00:00,2026-10-04 00:00:00,P1D,fcre,1.6,ensemble,45,Chla_ugL_mean,4.58273219716911
vera4cast,chlorocast_ens3,2026-10-25 00:00:00,2026-10-04 00:00:00,P1D,fcre,1.6,ensemble,45,Chla_ugL_mean,4.63738383194642
vera4cast,chlorocast_ens3,2026-10-26 00:00:00,2026-10-04 00:00:00,P1D,fcre,1.6,ensemble,45,Chla_ugL_mean,4.64879985719096
vera4cast,chlorocast_ens3,2026-10-27 00:00:00,2026-10-04 00:00:00,P1D,fcre,1.6,ensemble,45,Chla_ugL_mean,4.67193743509246
vera4cast,chlorocast_ens3,2026-10-28 00:00:00,2026-10-04 00:00:00,P1D,fcre,1.6,ensemble,45,Chla_ugL_mean,4.69054066941228
vera4cast,chlorocast_ens3,2026-10-29 00:00:00,2026-10-04 00:00:00,P1D,fcre,1.6,ensemble,45,Chla_ugL_mean,4.72260216836576
vera4cast,chlorocast_ens3,2026-10-30 00:00:00,2026-10-04 00:00:00,P1D,fcre,1.6,ensemble,45,Chla_ugL_mean,4.75625551058689
vera4cast,chlorocast_ens3,2026-10-31 00:00:00,2026-10-04 00:00:00,P1D,fcre,1.6,ensemble,45,Chla_ugL_mean,4.82640515423517
vera4cast,chlorocast_ens3,2026-11-01 00:00:00,2026-10-04 00:00:00,P1D,fcre,1.6,ensemble,45,Chla_ugL_mean,4.90894520914043
vera4cast,chlorocast_ens3,2026-11-02 00:00:00,2026-10-04 00:00:00,P1D,fcre,1.6,ensemble,45,Chla_ugL_mean,4.98774630333086
vera4cast,chlorocast_ens3,2026-11-03 00:00:00,2026-10-04 00:00:00,P1D,fcre,1.6,ensemble,45,Chla_ugL_mean,5.02780013217172
vera4cast,chlorocast_ens3,2026-11-04 00:00:00,2026-10-04 00:00:00,P1D,fcre,1.6,ensemble,45,Chla_ugL_mean,5.0567942095262
vera4cast,chlorocast_ens3,2026-11-05 00:00:00,2026-10-04 00:00:00,P1D,fcre,1.6,ensemble,45,Chla_ugL_mean,5.13410981563929
vera4cast,chlorocast_ens3,2026-11-06 00:00:00,2026-10-04 00:00:00,P1D,fcre,1.6,ensemble,45,Chla_ugL_mean,5.20091433571565
vera4cast,chlorocast_ens3,2026-11-07 00:00:00,2026-10-04 00:00:00,P1D,fcre,1.6,ensemble,45,Chla_ugL_mean,5.38579251057523
vera4cast,chlorocast_ens3,2026-11-08 00:00:00,2026-10-04 00:00:00,P1D,fcre,1.6,ensemble,45,Chla_ugL_mean,5.44523261048975
vera4cast,chlorocast_ens3,2026-10-05 00:00:00,2026-10-04 00:00:00,P1D,fcre,1.6,ensemble,46,Chla_ugL_mean,5.15146273069737
vera4cast,chlorocast_ens3,2026-10-06 00:00:00,2026-10-04 00:00:00,P1D,fcre,1.6,ensemble,46,Chla_ugL_mean,5.13413766034728
vera4cast,chlorocast_ens3,2026-10-07 00:00:00,2026-10-04 00:00:00,P1D,fcre,1.6,ensemble,46,Chla_ugL_mean,4.97964970938408
vera4cast,chlorocast_ens3,2026-10-08 00:00:00,2026-10-04 00:00:00,P1D,fcre,1.6,ensemble,46,Chla_ugL_mean,4.95394593120474
vera4cast,chlorocast_ens3,2026-10-09 00:00:00,2026-10-04 00:00:00,P1D,fcre,1.6,ensemble,46,Chla_ugL_mean,4.91598667905384
vera4cast,chlorocast_ens3,2026-10-10 00:00:00,2026-10-04 00:00:00,P1D,fcre,1.6,ensemble,46,Chla_ugL_mean,4.83614900185101
vera4cast,chlorocast_ens3,2026-10-11 00:00:00,2026-10-04 00:00:00,P1D,fcre,1.6,ensemble,46,Chla_ugL_mean,4.76956945391012
vera4cast,chlorocast_ens3,2026-10-12 00:00:00,2026-10-04 00:00:00,P1D,fcre,1.6,ensemble,46,Chla_ugL_mean,4.67974790548161
vera4cast,chlorocast_ens3,2026-10-13 00:00:00,2026-10-04 00:00:00,P1D,fcre,1.6,ensemble,46,Chla_ugL_mean,4.69590629761121
vera4cast,chlorocast_ens3,2026-10-14 00:00:00,2026-10-04 00:00:00,P1D,fcre,1.6,ensemble,46,Chla_ugL_mean,4.72493728256011
vera4cast,chlorocast_ens3,2026-10-15 00:00:00,2026-10-04 00:00:00,P1D,fcre,1.6,ensemble,46,Chla_ugL_mean,4.69295899225735
vera4cast,chlorocast_ens3,2026-10-16 00:00:00,2026-10-04 00:00:00,P1D,fcre,1.6,ensemble,46,Chla_ugL_mean,4.69394743325782
vera4cast,chlorocast_ens3,2026-10-17 00:00:00,2026-10-04 00:00:00,P1D,fcre,1.6,ensemble,46,Chla_ugL_mean,4.68616188271422
vera4cast,chlorocast_ens3,2026-10-18 00:00:00,2026-10-04 00:00:00,P1D,fcre,1.6,ensemble,46,Chla_ugL_mean,4.65351965369993
vera4cast,chlorocast_ens3,2026-10-19 00:00:00,2026-10-04 00:00:00,P1D,fcre,1.6,ensemble,46,Chla_ugL_mean,4.66803348861772
vera4cast,chlorocast_ens3,2026-10-20 00:00:00,2026-10-04 00:00:00,P1D,fcre,1.6,ensemble,46,Chla_ugL_mean,4.68052677252041
vera4cast,chlorocast_ens3,2026-10-21 00:00:00,2026-10-04 00:00:00,P1D,fcre,1.6,ensemble,46,Chla_ugL_mean,4.64323963626342
vera4cast,chlorocast_ens3,2026-10-22 00:00:00,2026-10-04 00:00:00,P1D,fcre,1.6,ensemble,46,Chla_ugL_mean,4.63207148264322
vera4cast,chlorocast_ens3,2026-10-23 00:00:00,2026-10-04 00:00:00,P1D,fcre,1.6,ensemble,46,Chla_ugL_mean,4.63475750273
vera4cast,chlorocast_ens3,2026-10-24 00:00:00,2026-10-04 00:00:00,P1D,fcre,1.6,ensemble,46,Chla_ugL_mean,4.63532263898711
vera4cast,chlorocast_ens3,2026-10-25 00:00:00,2026-10-04 00:00:00,P1D,fcre,1.6,ensemble,46,Chla_ugL_mean,4.69224007042473
vera4cast,chlorocast_ens3,2026-10-26 00:00:00,2026-10-04 00:00:00,P1D,fcre,1.6,ensemble,46,Chla_ugL_mean,4.70247571429711
vera4cast,chlorocast_ens3,2026-10-27 00:00:00,2026-10-04 00:00:00,P1D,fcre,1.6,ensemble,46,Chla_ugL_mean,4.72760967894892
vera4cast,chlorocast_ens3,2026-10-28 00:00:00,2026-10-04 00:00:00,P1D,fcre,1.6,ensemble,46,Chla_ugL_mean,4.74555165151202
vera4cast,chlorocast_ens3,2026-10-29 00:00:00,2026-10-04 00:00:00,P1D,fcre,1.6,ensemble,46,Chla_ugL_mean,4.77869113096158
vera4cast,chlorocast_ens3,2026-10-30 00:00:00,2026-10-04 00:00:00,P1D,fcre,1.6,ensemble,46,Chla_ugL_mean,4.81243210644202
vera4cast,chlorocast_ens3,2026-10-31 00:00:00,2026-10-04 00:00:00,P1D,fcre,1.6,ensemble,46,Chla_ugL_mean,4.884180771964
vera4cast,chlorocast_ens3,2026-11-01 00:00:00,2026-10-04 00:00:00,P1D,fcre,1.6,ensemble,46,Chla_ugL_mean,4.96631364596697
vera4cast,chlorocast_ens3,2026-11-02 00:00:00,2026-10-04 00:00:00,P1D,fcre,1.6,ensemble,46,Chla_ugL_mean,5.04661381969597
vera4cast,chlorocast_ens3,2026-11-03 00:00:00,2026-10-04 00:00:00,P1D,fcre,1.6,ensemble,46,Chla_ugL_mean,5.08772478756365
vera4cast,chlorocast_ens3,2026-11-04 00:00:00,2026-10-04 00:00:00,P1D,fcre,1.6,ensemble,46,Chla_ugL_mean,5.11608506356351
vera4cast,chlorocast_ens3,2026-11-05 00:00:00,2026-10-04 00:00:00,P1D,fcre,1.6,ensemble,46,Chla_ugL_mean,5.19702172634967
vera4cast,chlorocast_ens3,2026-11-06 00:00:00,2026-10-04 00:00:00,P1D,fcre,1.6,ensemble,46,Chla_ugL_mean,5.2666089680021
vera4cast,chlorocast_ens3,2026-11-07 00:00:00,2026-10-04 00:00:00,P1D,fcre,1.6,ensemble,46,Chla_ugL_mean,5.45031642285901
vera4cast,chlorocast_ens3,2026-11-08 00:00:00,2026-10-04 00:00:00,P1D,fcre,1.6,ensemble,46,Chla_ugL_mean,5.5128374793371
vera4cast,chlorocast_ens3,2026-10-05 00:00:00,2026-10-04 00:00:00,P1D,fcre,1.6,ensemble,47,Chla_ugL_mean,5.20994509693028
vera4cast,chlorocast_ens3,2026-10-06 00:00:00,2026-10-04 00:00:00,P1D,fcre,1.6,ensemble,47,Chla_ugL_mean,5.19217763224973
vera4cast,chlorocast_ens3,2026-10-07 00:00:00,2026-10-04 00:00:00,P1D,fcre,1.6,ensemble,47,Chla_ugL_mean,5.03824026286804
vera4cast,chlorocast_ens3,2026-10-08 00:00:00,2026-10-04 00:00:00,P1D,fcre,1.6,ensemble,47,Chla_ugL_mean,5.01140490323633
vera4cast,chlorocast_ens3,2026-10-09 00:00:00,2026-10-04 00:00:00,P1D,fcre,1.6,ensemble,47,Chla_ugL_mean,4.97239948188797
vera4cast,chlorocast_ens3,2026-10-10 00:00:00,2026-10-04 00:00:00,P1D,fcre,1.6,ensemble,47,Chla_ugL_mean,4.89050523686259
vera4cast,chlorocast_ens3,2026-10-11 00:00:00,2026-10-04 00:00:00,P1D,fcre,1.6,ensemble,47,Chla_ugL_mean,4.82260766898383
vera4cast,chlorocast_ens3,2026-10-12 00:00:00,2026-10-04 00:00:00,P1D,fcre,1.6,ensemble,47,Chla_ugL_mean,4.73683774938119
vera4cast,chlorocast_ens3,2026-10-13 00:00:00,2026-10-04 00:00:00,P1D,fcre,1.6,ensemble,47,Chla_ugL_mean,4.75128736909644
vera4cast,chlorocast_ens3,2026-10-14 00:00:00,2026-10-04 00:00:00,P1D,fcre,1.6,ensemble,47,Chla_ugL_mean,4.77997264924819
vera4cast,chlorocast_ens3,2026-10-15 00:00:00,2026-10-04 00:00:00,P1D,fcre,1.6,ensemble,47,Chla_ugL_mean,4.74868628158636
vera4cast,chlorocast_ens3,2026-10-16 00:00:00,2026-10-04 00:00:00,P1D,fcre,1.6,ensemble,47,Chla_ugL_mean,4.74882309294736
vera4cast,chlorocast_ens3,2026-10-17 00:00:00,2026-10-04 00:00:00,P1D,fcre,1.6,ensemble,47,Chla_ugL_mean,4.74015905001352
vera4cast,chlorocast_ens3,2026-10-18 00:00:00,2026-10-04 00:00:00,P1D,fcre,1.6,ensemble,47,Chla_ugL_mean,4.70912000973467
vera4cast,chlorocast_ens3,2026-10-19 00:00:00,2026-10-04 00:00:00,P1D,fcre,1.6,ensemble,47,Chla_ugL_mean,4.72319538085084
vera4cast,chlorocast_ens3,2026-10-20 00:00:00,2026-10-04 00:00:00,P1D,fcre,1.6,ensemble,47,Chla_ugL_mean,4.73452291154441
vera4cast,chlorocast_ens3,2026-10-21 00:00:00,2026-10-04 00:00:00,P1D,fcre,1.6,ensemble,47,Chla_ugL_mean,4.69996892019473
vera4cast,chlorocast_ens3,2026-10-22 00:00:00,2026-10-04 00:00:00,P1D,fcre,1.6,ensemble,47,Chla_ugL_mean,4.68759016727416
vera4cast,chlorocast_ens3,2026-10-23 00:00:00,2026-10-04 00:00:00,P1D,fcre,1.6,ensemble,47,Chla_ugL_mean,4.6889122498003
vera4cast,chlorocast_ens3,2026-10-24 00:00:00,2026-10-04 00:00:00,P1D,fcre,1.6,ensemble,47,Chla_ugL_mean,4.68840849317184
vera4cast,chlorocast_ens3,2026-10-25 00:00:00,2026-10-04 00:00:00,P1D,fcre,1.6,ensemble,47,Chla_ugL_mean,4.74763010383162
vera4cast,chlorocast_ens3,2026-10-26 00:00:00,2026-10-04 00:00:00,P1D,fcre,1.6,ensemble,47,Chla_ugL_mean,4.75666160852777
vera4cast,chlorocast_ens3,2026-10-27 00:00:00,2026-10-04 00:00:00,P1D,fcre,1.6,ensemble,47,Chla_ugL_mean,4.78382836725607
vera4cast,chlorocast_ens3,2026-10-28 00:00:00,2026-10-04 00:00:00,P1D,fcre,1.6,ensemble,47,Chla_ugL_mean,4.80109442985527
vera4cast,chlorocast_ens3,2026-10-29 00:00:00,2026-10-04 00:00:00,P1D,fcre,1.6,ensemble,47,Chla_ugL_mean,4.83532983852176
vera4cast,chlorocast_ens3,2026-10-30 00:00:00,2026-10-04 00:00:00,P1D,fcre,1.6,ensemble,47,Chla_ugL_mean,4.86915694236677
vera4cast,chlorocast_ens3,2026-10-31 00:00:00,2026-10-04 00:00:00,P1D,fcre,1.6,ensemble,47,Chla_ugL_mean,4.94252930247792
vera4cast,chlorocast_ens3,2026-11-01 00:00:00,2026-10-04 00:00:00,P1D,fcre,1.6,ensemble,47,Chla_ugL_mean,5.02423905826502
vera4cast,chlorocast_ens3,2026-11-02 00:00:00,2026-10-04 00:00:00,P1D,fcre,1.6,ensemble,47,Chla_ugL_mean,5.10606008210465
vera4cast,chlorocast_ens3,2026-11-03 00:00:00,2026-10-04 00:00:00,P1D,fcre,1.6,ensemble,47,Chla_ugL_mean,5.14824517676312
vera4cast,chlorocast_ens3,2026-11-04 00:00:00,2026-10-04 00:00:00,P1D,fcre,1.6,ensemble,47,Chla_ugL_mean,5.17595632453737
vera4cast,chlorocast_ens3,2026-11-05 00:00:00,2026-10-04 00:00:00,P1D,fcre,1.6,ensemble,47,Chla_ugL_mean,5.26057886654375
vera4cast,chlorocast_ens3,2026-11-06 00:00:00,2026-10-04 00:00:00,P1D,fcre,1.6,ensemble,47,Chla_ugL_mean,5.3329995919565
vera4cast,chlorocast_ens3,2026-11-07 00:00:00,2026-10-04 00:00:00,P1D,fcre,1.6,ensemble,47,Chla_ugL_mean,5.51549230359457
vera4cast,chlorocast_ens3,2026-11-08 00:00:00,2026-10-04 00:00:00,P1D,fcre,1.6,ensemble,47,Chla_ugL_mean,5.5811514642968
vera4cast,chlorocast_ens3,2026-10-05 00:00:00,2026-10-04 00:00:00,P1D,fcre,1.6,ensemble,48,Chla_ugL_mean,5.26898345891735
vera4cast,chlorocast_ens3,2026-10-06 00:00:00,2026-10-04 00:00:00,P1D,fcre,1.6,ensemble,48,Chla_ugL_mean,5.25076676664656
vera4cast,chlorocast_ens3,2026-10-07 00:00:00,2026-10-04 00:00:00,P1D,fcre,1.6,ensemble,48,Chla_ugL_mean,5.09740490565896
vera4cast,chlorocast_ens3,2026-10-08 00:00:00,2026-10-04 00:00:00,P1D,fcre,1.6,ensemble,48,Chla_ugL_mean,5.06941838710009
vera4cast,chlorocast_ens3,2026-10-09 00:00:00,2026-10-04 00:00:00,P1D,fcre,1.6,ensemble,48,Chla_ugL_mean,5.02935021769866
vera4cast,chlorocast_ens3,2026-10-10 00:00:00,2026-10-04 00:00:00,P1D,fcre,1.6,ensemble,48,Chla_ugL_mean,4.94536773041619
vera4cast,chlorocast_ens3,2026-10-11 00:00:00,2026-10-04 00:00:00,P1D,fcre,1.6,ensemble,48,Chla_ugL_mean,4.87613345115949
vera4cast,chlorocast_ens3,2026-10-12 00:00:00,2026-10-04 00:00:00,P1D,fcre,1.6,ensemble,48,Chla_ugL_mean,4.79450143041768
vera4cast,chlorocast_ens3,2026-10-13 00:00:00,2026-10-04 00:00:00,P1D,fcre,1.6,ensemble,48,Chla_ugL_mean,4.80720690854772
vera4cast,chlorocast_ens3,2026-10-14 00:00:00,2026-10-04 00:00:00,P1D,fcre,1.6,ensemble,48,Chla_ugL_mean,4.83553708576481
vera4cast,chlorocast_ens3,2026-10-15 00:00:00,2026-10-04 00:00:00,P1D,fcre,1.6,ensemble,48,Chla_ugL_mean,4.80495907471756
vera4cast,chlorocast_ens3,2026-10-16 00:00:00,2026-10-04 00:00:00,P1D,fcre,1.6,ensemble,48,Chla_ugL_mean,4.80422761913273
vera4cast,chlorocast_ens3,2026-10-17 00:00:00,2026-10-04 00:00:00,P1D,fcre,1.6,ensemble,48,Chla_ugL_mean,4.7946689874619
vera4cast,chlorocast_ens3,2026-10-18 00:00:00,2026-10-04 00:00:00,P1D,fcre,1.6,ensemble,48,Chla_ugL_mean,4.76526717550575
vera4cast,chlorocast_ens3,2026-10-19 00:00:00,2026-10-04 00:00:00,P1D,fcre,1.6,ensemble,48,Chla_ugL_mean,4.77889411436426
vera4cast,chlorocast_ens3,2026-10-20 00:00:00,2026-10-04 00:00:00,P1D,fcre,1.6,ensemble,48,Chla_ugL_mean,4.7890323098393
vera4cast,chlorocast_ens3,2026-10-21 00:00:00,2026-10-04 00:00:00,P1D,fcre,1.6,ensemble,48,Chla_ugL_mean,4.75726848146013
vera4cast,chlorocast_ens3,2026-10-22 00:00:00,2026-10-04 00:00:00,P1D,fcre,1.6,ensemble,48,Chla_ugL_mean,4.74365613266187
vera4cast,chlorocast_ens3,2026-10-23 00:00:00,2026-10-04 00:00:00,P1D,fcre,1.6,ensemble,48,Chla_ugL_mean,4.74358746942489
vera4cast,chlorocast_ens3,2026-10-24 00:00:00,2026-10-04 00:00:00,P1D,fcre,1.6,ensemble,48,Chla_ugL_mean,4.74199442660581
vera4cast,chlorocast_ens3,2026-10-25 00:00:00,2026-10-04 00:00:00,P1D,fcre,1.6,ensemble,48,Chla_ugL_mean,4.80355912641727
vera4cast,chlorocast_ens3,2026-10-26 00:00:00,2026-10-04 00:00:00,P1D,fcre,1.6,ensemble,48,Chla_ugL_mean,4.81136238634246
vera4cast,chlorocast_ens3,2026-10-27 00:00:00,2026-10-04 00:00:00,P1D,fcre,1.6,ensemble,48,Chla_ugL_mean,4.840598863576
vera4cast,chlorocast_ens3,2026-10-28 00:00:00,2026-10-04 00:00:00,P1D,fcre,1.6,ensemble,48,Chla_ugL_mean,4.85717414536544
vera4cast,chlorocast_ens3,2026-10-29 00:00:00,2026-10-04 00:00:00,P1D,fcre,1.6,ensemble,48,Chla_ugL_mean,4.89252367926373
vera4cast,chlorocast_ens3,2026-10-30 00:00:00,2026-10-04 00:00:00,P1D,fcre,1.6,ensemble,48,Chla_ugL_mean,4.92643536875963
vera4cast,chlorocast_ens3,2026-10-31 00:00:00,2026-10-04 00:00:00,P1D,fcre,1.6,ensemble,48,Chla_ugL_mean,5.00145642687687
vera4cast,chlorocast_ens3,2026-11-01 00:00:00,2026-10-04 00:00:00,P1D,fcre,1.6,ensemble,48,Chla_ugL_mean,5.08272685356688
vera4cast,chlorocast_ens3,2026-11-02 00:00:00,2026-10-04 00:00:00,P1D,fcre,1.6,ensemble,48,Chla_ugL_mean,5.16609078040088
vera4cast,chlorocast_ens3,2026-11-03 00:00:00,2026-10-04 00:00:00,P1D,fcre,1.6,ensemble,48,Chla_ugL_mean,5.20936722218666
vera4cast,chlorocast_ens3,2026-11-04 00:00:00,2026-10-04 00:00:00,P1D,fcre,1.6,ensemble,48,Chla_ugL_mean,5.2364136741371
vera4cast,chlorocast_ens3,2026-11-05 00:00:00,2026-10-04 00:00:00,P1D,fcre,1.6,ensemble,48,Chla_ugL_mean,5.32478785374563
vera4cast,chlorocast_ens3,2026-11-06 00:00:00,2026-10-04 00:00:00,P1D,fcre,1.6,ensemble,48,Chla_ugL_mean,5.40009358115541
vera4cast,chlorocast_ens3,2026-11-07 00:00:00,2026-10-04 00:00:00,P1D,fcre,1.6,ensemble,48,Chla_ugL_mean,5.5813267404615
vera4cast,chlorocast_ens3,2026-11-08 00:00:00,2026-10-04 00:00:00,P1D,fcre,1.6,ensemble,48,Chla_ugL_mean,5.65018200337839
vera4cast,chlorocast_ens3,2026-10-05 00:00:00,2026-10-04 00:00:00,P1D,fcre,1.6,ensemble,49,Chla_ugL_mean,5.3285831025473
vera4cast,chlorocast_ens3,2026-10-06 00:00:00,2026-10-04 00:00:00,P1D,fcre,1.6,ensemble,49,Chla_ugL_mean,5.30991025960241
vera4cast,chlorocast_ens3,2026-10-07 00:00:00,2026-10-04 00:00:00,P1D,fcre,1.6,ensemble,49,Chla_ugL_mean,5.15714926287067
vera4cast,chlorocast_ens3,2026-10-08 00:00:00,2026-10-04 00:00:00,P1D,fcre,1.6,ensemble,49,Chla_ugL_mean,5.12799173415127
vera4cast,chlorocast_ens3,2026-10-09 00:00:00,2026-10-04 00:00:00,P1D,fcre,1.6,ensemble,49,Chla_ugL_mean,5.08684401602873
vera4cast,chlorocast_ens3,2026-10-10 00:00:00,2026-10-04 00:00:00,P1D,fcre,1.6,ensemble,49,Chla_ugL_mean,5.00074119766014
vera4cast,chlorocast_ens3,2026-10-11 00:00:00,2026-10-04 00:00:00,P1D,fcre,1.6,ensemble,49,Chla_ugL_mean,4.93015128252006
vera4cast,chlorocast_ens3,2026-10-12 00:00:00,2026-10-04 00:00:00,P1D,fcre,1.6,ensemble,49,Chla_ugL_mean,4.8527447165007
vera4cast,chlorocast_ens3,2026-10-13 00:00:00,2026-10-04 00:00:00,P1D,fcre,1.6,ensemble,49,Chla_ugL_mean,4.86367015146777
vera4cast,chlorocast_ens3,2026-10-14 00:00:00,2026-10-04 00:00:00,P1D,fcre,1.6,ensemble,49,Chla_ugL_mean,4.89163567820098
vera4cast,chlorocast_ens3,2026-10-15 00:00:00,2026-10-04 00:00:00,P1D,fcre,1.6,ensemble,49,Chla_ugL_mean,4.86178271148357
vera4cast,chlorocast_ens3,2026-10-16 00:00:00,2026-10-04 00:00:00,P1D,fcre,1.6,ensemble,49,Chla_ugL_mean,4.86016610878716
vera4cast,chlorocast_ens3,2026-10-17 00:00:00,2026-10-04 00:00:00,P1D,fcre,1.6,ensemble,49,Chla_ugL_mean,4.84969656444862
vera4cast,chlorocast_ens3,2026-10-18 00:00:00,2026-10-04 00:00:00,P1D,fcre,1.6,ensemble,49,Chla_ugL_mean,4.82196652869253
vera4cast,chlorocast_ens3,2026-10-19 00:00:00,2026-10-04 00:00:00,P1D,fcre,1.6,ensemble,49,Chla_ugL_mean,4.83513491375321
vera4cast,chlorocast_ens3,2026-10-20 00:00:00,2026-10-04 00:00:00,P1D,fcre,1.6,ensemble,49,Chla_ugL_mean,4.84405984618128
vera4cast,chlorocast_ens3,2026-10-21 00:00:00,2026-10-04 00:00:00,P1D,fcre,1.6,ensemble,49,Chla_ugL_mean,4.81514405283491
vera4cast,chlorocast_ens3,2026-10-22 00:00:00,2026-10-04 00:00:00,P1D,fcre,1.6,ensemble,49,Chla_ugL_mean,4.80027477367887
vera4cast,chlorocast_ens3,2026-10-23 00:00:00,2026-10-04 00:00:00,P1D,fcre,1.6,ensemble,49,Chla_ugL_mean,4.79878816378169
vera4cast,chlorocast_ens3,2026-10-24 00:00:00,2026-10-04 00:00:00,P1D,fcre,1.6,ensemble,49,Chla_ugL_mean,4.79608515013448
vera4cast,chlorocast_ens3,2026-10-25 00:00:00,2026-10-04 00:00:00,P1D,fcre,1.6,ensemble,49,Chla_ugL_mean,4.86003238297603
vera4cast,chlorocast_ens3,2026-10-26 00:00:00,2026-10-04 00:00:00,P1D,fcre,1.6,ensemble,49,Chla_ugL_mean,4.86658294025256
vera4cast,chlorocast_ens3,2026-10-27 00:00:00,2026-10-04 00:00:00,P1D,fcre,1.6,ensemble,49,Chla_ugL_mean,4.89792658411626
vera4cast,chlorocast_ens3,2026-10-28 00:00:00,2026-10-04 00:00:00,P1D,fcre,1.6,ensemble,49,Chla_ugL_mean,4.91379598866368
vera4cast,chlorocast_ens3,2026-10-29 00:00:00,2026-10-04 00:00:00,P1D,fcre,1.6,ensemble,49,Chla_ugL_mean,4.95027809421646
vera4cast,chlorocast_ens3,2026-10-30 00:00:00,2026-10-04 00:00:00,P1D,fcre,1.6,ensemble,49,Chla_ugL_mean,4.98427278823485
vera4cast,chlorocast_ens3,2026-10-31 00:00:00,2026-10-04 00:00:00,P1D,fcre,1.6,ensemble,49,Chla_ugL_mean,5.06096788259558
vera4cast,chlorocast_ens3,2026-11-01 00:00:00,2026-10-04 00:00:00,P1D,fcre,1.6,ensemble,49,Chla_ugL_mean,5.14178249190521
vera4cast,chlorocast_ens3,2026-11-02 00:00:00,2026-10-04 00:00:00,P1D,fcre,1.6,ensemble,49,Chla_ugL_mean,5.22671166036736
vera4cast,chlorocast_ens3,2026-11-03 00:00:00,2026-10-04 00:00:00,P1D,fcre,1.6,ensemble,49,Chla_ugL_mean,5.27109690512779
vera4cast,chlorocast_ens3,2026-11-04 00:00:00,2026-10-04 00:00:00,P1D,fcre,1.6,ensemble,49,Chla_ugL_mean,5.29746284967092
vera4cast,chlorocast_ens3,2026-11-05 00:00:00,2026-10-04 00:00:00,P1D,fcre,1.6,ensemble,49,Chla_ugL_mean,5.38965537334929
vera4cast,chlorocast_ens3,2026-11-06 00:00:00,2026-10-04 00:00:00,P1D,fcre,1.6,ensemble,49,Chla_ugL_mean,5.46789838729364
vera4cast,chlorocast_ens3,2026-11-07 00:00:00,2026-10-04 00:00:00,P1D,fcre,1.6,ensemble,49,Chla_ugL_mean,5.64782638770329
vera4cast,chlorocast_ens3,2026-11-08 00:00:00,2026-10-04 00:00:00,P1D,fcre,1.6,ensemble,49,Chla_ugL_mean,5.71993661260967
vera4cast,chlorocast_ens3,2026-10-05 00:00:00,2026-10-04 00:00:00,P1D,fcre,1.6,ensemble,50,Chla_ugL_mean,5.3887493639621
vera4cast,chlorocast_ens3,2026-10-06 00:00:00,2026-10-04 00:00:00,P1D,fcre,1.6,ensemble,50,Chla_ugL_mean,5.36961335634602
vera4cast,chlorocast_ens3,2026-10-07 00:00:00,2026-10-04 00:00:00,P1D,fcre,1.6,ensemble,50,Chla_ugL_mean,5.21747901473368
vera4cast,chlorocast_ens3,2026-10-08 00:00:00,2026-10-04 00:00:00,P1D,fcre,1.6,ensemble,50,Chla_ugL_mean,5.18713034738875
vera4cast,chlorocast_ens3,2026-10-09 00:00:00,2026-10-04 00:00:00,P1D,fcre,1.6,ensemble,50,Chla_ugL_mean,5.14488605533454
vera4cast,chlorocast_ens3,2026-10-10 00:00:00,2026-10-04 00:00:00,P1D,fcre,1.6,ensemble,50,Chla_ugL_mean,5.05663039765834
vera4cast,chlorocast_ens3,2026-10-11 00:00:00,2026-10-04 00:00:00,P1D,fcre,1.6,ensemble,50,Chla_ugL_mean,4.98466568635114
vera4cast,chlorocast_ens3,2026-10-12 00:00:00,2026-10-04 00:00:00,P1D,fcre,1.6,ensemble,50,Chla_ugL_mean,4.91157343351588
vera4cast,chlorocast_ens3,2026-10-13 00:00:00,2026-10-04 00:00:00,P1D,fcre,1.6,ensemble,50,Chla_ugL_mean,4.92068238426389
vera4cast,chlorocast_ens3,2026-10-14 00:00:00,2026-10-04 00:00:00,P1D,fcre,1.6,ensemble,50,Chla_ugL_mean,4.94827356154167
vera4cast,chlorocast_ens3,2026-10-15 00:00:00,2026-10-04 00:00:00,P1D,fcre,1.6,ensemble,50,Chla_ugL_mean,4.91916258398764
vera4cast,chlorocast_ens3,2026-10-16 00:00:00,2026-10-04 00:00:00,P1D,fcre,1.6,ensemble,50,Chla_ugL_mean,4.91664370800624
vera4cast,chlorocast_ens3,2026-10-17 00:00:00,2026-10-04 00:00:00,P1D,fcre,1.6,ensemble,50,Chla_ugL_mean,4.90524669660382
vera4cast,chlorocast_ens3,2026-10-18 00:00:00,2026-10-04 00:00:00,P1D,fcre,1.6,ensemble,50,Chla_ugL_mean,4.87922349986195
vera4cast,chlorocast_ens3,2026-10-19 00:00:00,2026-10-04 00:00:00,P1D,fcre,1.6,ensemble,50,Chla_ugL_mean,4.89192305445925
vera4cast,chlorocast_ens3,2026-10-20 00:00:00,2026-10-04 00:00:00,P1D,fcre,1.6,ensemble,50,Chla_ugL_mean,4.89961044572172
vera4cast,chlorocast_ens3,2026-10-21 00:00:00,2026-10-04 00:00:00,P1D,fcre,1.6,ensemble,50,Chla_ugL_mean,4.87360142472372
vera4cast,chlorocast_ens3,2026-10-22 00:00:00,2026-10-04 00:00:00,P1D,fcre,1.6,ensemble,50,Chla_ugL_mean,4.85745153837816
vera4cast,chlorocast_ens3,2026-10-23 00:00:00,2026-10-04 00:00:00,P1D,fcre,1.6,ensemble,50,Chla_ugL_mean,4.85451938312374
vera4cast,chlorocast_ens3,2026-10-24 00:00:00,2026-10-04 00:00:00,P1D,fcre,1.6,ensemble,50,Chla_ugL_mean,4.85068541898042
vera4cast,chlorocast_ens3,2026-10-25 00:00:00,2026-10-04 00:00:00,P1D,fcre,1.6,ensemble,50,Chla_ugL_mean,4.91705516933829
vera4cast,chlorocast_ens3,2026-10-26 00:00:00,2026-10-04 00:00:00,P1D,fcre,1.6,ensemble,50,Chla_ugL_mean,4.92232820925895
vera4cast,chlorocast_ens3,2026-10-27 00:00:00,2026-10-04 00:00:00,P1D,fcre,1.6,ensemble,50,Chla_ugL_mean,4.95581699824652
vera4cast,chlorocast_ens3,2026-10-28 00:00:00,2026-10-04 00:00:00,P1D,fcre,1.6,ensemble,50,Chla_ugL_mean,4.97096520054939
vera4cast,chlorocast_ens3,2026-10-29 00:00:00,2026-10-04 00:00:00,P1D,fcre,1.6,ensemble,50,Chla_ugL_mean,5.00859857773813
vera4cast,chlorocast_ens3,2026-10-30 00:00:00,2026-10-04 00:00:00,P1D,fcre,1.6,ensemble,50,Chla_ugL_mean,5.042674656132
vera4cast,chlorocast_ens3,2026-10-31 00:00:00,2026-10-04 00:00:00,P1D,fcre,1.6,ensemble,50,Chla_ugL_mean,5.12106946396209
vera4cast,chlorocast_ens3,2026-11-01 00:00:00,2026-10-04 00:00:00,P1D,fcre,1.6,ensemble,50,Chla_ugL_mean,5.20141148632273
vera4cast,chlorocast_ens3,2026-11-02 00:00:00,2026-10-04 00:00:00,P1D,fcre,1.6,ensemble,50,Chla_ugL_mean,5.2879285242755
vera4cast,chlorocast_ens3,2026-11-03 00:00:00,2026-10-04 00:00:00,P1D,fcre,1.6,ensemble,50,Chla_ugL_mean,5.33344026634235
vera4cast,chlorocast_ens3,2026-11-04 00:00:00,2026-10-04 00:00:00,P1D,fcre,1.6,ensemble,50,Chla_ugL_mean,5.35910964461038
vera4cast,chlorocast_ens3,2026-11-05 00:00:00,2026-10-04 00:00:00,P1D,fcre,1.6,ensemble,50,Chla_ugL_mean,5.45518817931462
vera4cast,chlorocast_ens3,2026-11-06 00:00:00,2026-10-04 00:00:00,P1D,fcre,1.6,ensemble,50,Chla_ugL_mean,5.5364215410118
vera4cast,chlorocast_ens3,2026-11-07 00:00:00,2026-10-04 00:00:00,P1D,fcre,1.6,ensemble,50,Chla_ugL_mean,5.7149979667998
vera4cast,chlorocast_ens3,2026-11-08 00:00:00,2026-10-04 00:00:00,P1D,fcre,1.6,ensemble,50,Chla_ugL_mean,5.79042288685502
vera4cast,chlorocast_ens3,2026-10-05 00:00:00,2026-10-04 00:00:00,P1D,fcre,1.6,ensemble,51,Chla_ugL_mean,5.44948763003482
vera4cast,chlorocast_ens3,2026-10-06 00:00:00,2026-10-04 00:00:00,P1D,fcre,1.6,ensemble,51,Chla_ugL_mean,5.42988135173542
vera4cast,chlorocast_ens3,2026-10-07 00:00:00,2026-10-04 00:00:00,P1D,fcre,1.6,ensemble,51,Chla_ugL_mean,5.27839989713528
vera4cast,chlorocast_ens3,2026-10-08 00:00:00,2026-10-04 00:00:00,P1D,fcre,1.6,ensemble,51,Chla_ugL_mean,5.24683968195344
vera4cast,chlorocast_ens3,2026-10-09 00:00:00,2026-10-04 00:00:00,P1D,fcre,1.6,ensemble,51,Chla_ugL_mean,5.20348156345241
vera4cast,chlorocast_ens3,2026-10-10 00:00:00,2026-10-04 00:00:00,P1D,fcre,1.6,ensemble,51,Chla_ugL_mean,5.11304013379924
vera4cast,chlorocast_ens3,2026-10-11 00:00:00,2026-10-04 00:00:00,P1D,fcre,1.6,ensemble,51,Chla_ugL_mean,5.03968122751978
vera4cast,chlorocast_ens3,2026-10-12 00:00:00,2026-10-04 00:00:00,P1D,fcre,1.6,ensemble,51,Chla_ugL_mean,4.97099346590756
vera4cast,chlorocast_ens3,2026-10-13 00:00:00,2026-10-04 00:00:00,P1D,fcre,1.6,ensemble,51,Chla_ugL_mean,4.97824894474291
vera4cast,chlorocast_ens3,2026-10-14 00:00:00,2026-10-04 00:00:00,P1D,fcre,1.6,ensemble,51,Chla_ugL_mean,5.00545592013583
vera4cast,chlorocast_ens3,2026-10-15 00:00:00,2026-10-04 00:00:00,P1D,fcre,1.6,ensemble,51,Chla_ugL_mean,4.97710413711528
vera4cast,chlorocast_ens3,2026-10-16 00:00:00,2026-10-04 00:00:00,P1D,fcre,1.6,ensemble,51,Chla_ugL_mean,4.97366561248124
vera4cast,chlorocast_ens3,2026-10-17 00:00:00,2026-10-04 00:00:00,P1D,fcre,1.6,ensemble,51,Chla_ugL_mean,4.96132434623765
vera4cast,chlorocast_ens3,2026-10-18 00:00:00,2026-10-04 00:00:00,P1D,fcre,1.6,ensemble,51,Chla_ugL_mean,4.93704357298865
vera4cast,chlorocast_ens3,2026-10-19 00:00:00,2026-10-04 00:00:00,P1D,fcre,1.6,ensemble,51,Chla_ugL_mean,4.9492638632651
vera4cast,chlorocast_ens3,2026-10-20 00:00:00,2026-10-04 00:00:00,P1D,fcre,1.6,ensemble,51,Chla_ugL_mean,4.95568908042786
vera4cast,chlorocast_ens3,2026-10-21 00:00:00,2026-10-04 00:00:00,P1D,fcre,1.6,ensemble,51,Chla_ugL_mean,4.9326464457399
vera4cast,chlorocast_ens3,2026-10-22 00:00:00,2026-10-04 00:00:00,P1D,fcre,1.6,ensemble,51,Chla_ugL_mean,4.91519192851747
vera4cast,chlorocast_ens3,2026-10-23 00:00:00,2026-10-04 00:00:00,P1D,fcre,1.6,ensemble,51,Chla_ugL_mean,4.91078622624123
vera4cast,chlorocast_ens3,2026-10-24 00:00:00,2026-10-04 00:00:00,P1D,fcre,1.6,ensemble,51,Chla_ugL_mean,4.90580003316132
vera4cast,chlorocast_ens3,2026-10-25 00:00:00,2026-10-04 00:00:00,P1D,fcre,1.6,ensemble,51,Chla_ugL_mean,4.97463283286709
vera4cast,chlorocast_ens3,2026-10-26 00:00:00,2026-10-04 00:00:00,P1D,fcre,1.6,ensemble,51,Chla_ugL_mean,4.97860317929373
vera4cast,chlorocast_ens3,2026-10-27 00:00:00,2026-10-04 00:00:00,P1D,fcre,1.6,ensemble,51,Chla_ugL_mean,5.01427562902045
vera4cast,chlorocast_ens3,2026-10-28 00:00:00,2026-10-04 00:00:00,P1D,fcre,1.6,ensemble,51,Chla_ugL_mean,5.02868707248525
vera4cast,chlorocast_ens3,2026-10-29 00:00:00,2026-10-04 00:00:00,P1D,fcre,1.6,ensemble,51,Chla_ugL_mean,5.06749067803877
vera4cast,chlorocast_ens3,2026-10-30 00:00:00,2026-10-04 00:00:00,P1D,fcre,1.6,ensemble,51,Chla_ugL_mean,5.10164648103054
vera4cast,chlorocast_ens3,2026-10-31 00:00:00,2026-10-04 00:00:00,P1D,fcre,1.6,ensemble,51,Chla_ugL_mean,5.18176702276204
vera4cast,chlorocast_ens3,2026-11-01 00:00:00,2026-10-04 00:00:00,P1D,fcre,1.6,ensemble,51,Chla_ugL_mean,5.26161940338688
vera4cast,chlorocast_ens3,2026-11-02 00:00:00,2026-10-04 00:00:00,P1D,fcre,1.6,ensemble,51,Chla_ugL_mean,5.34974723144075
vera4cast,chlorocast_ens3,2026-11-03 00:00:00,2026-10-04 00:00:00,P1D,fcre,1.6,ensemble,51,Chla_ugL_mean,5.39640340663964
vera4cast,chlorocast_ens3,2026-11-04 00:00:00,2026-10-04 00:00:00,P1D,fcre,1.6,ensemble,51,Chla_ugL_mean,5.42135990914023
vera4cast,chlorocast_ens3,2026-11-05 00:00:00,2026-10-04 00:00:00,P1D,fcre,1.6,ensemble,51,Chla_ugL_mean,5.52139309487064
vera4cast,chlorocast_ens3,2026-11-06 00:00:00,2026-10-04 00:00:00,P1D,fcre,1.6,ensemble,51,Chla_ugL_mean,5.60567065273276
vera4cast,chlorocast_ens3,2026-11-07 00:00:00,2026-10-04 00:00:00,P1D,fcre,1.6,ensemble,51,Chla_ugL_mean,5.78284826714671
vera4cast,chlorocast_ens3,2026-11-08 00:00:00,2026-10-04 00:00:00,P1D,fcre,1.6,ensemble,51,Chla_ugL_mean,5.8616485006423
vera4cast,chlorocast_ens3,2026-10-05 00:00:00,2026-10-04 00:00:00,P1D,fcre,1.6,ensemble,52,Chla_ugL_mean,5.51080333885185
vera4cast,chlorocast_ens3,2026-10-06 00:00:00,2026-10-04 00:00:00,P1D,fcre,1.6,ensemble,52,Chla_ugL_mean,5.49071959072755
vera4cast,chlorocast_ens3,2026-10-07 00:00:00,2026-10-04 00:00:00,P1D,fcre,1.6,ensemble,52,Chla_ugL_mean,5.33991770216481
vera4cast,chlorocast_ens3,2026-10-08 00:00:00,2026-10-04 00:00:00,P1D,fcre,1.6,ensemble,52,Chla_ugL_mean,5.30712524563148
vera4cast,chlorocast_ens3,2026-10-09 00:00:00,2026-10-04 00:00:00,P1D,fcre,1.6,ensemble,52,Chla_ugL_mean,5.26263581806952
vera4cast,chlorocast_ens3,2026-10-10 00:00:00,2026-10-04 00:00:00,P1D,fcre,1.6,ensemble,52,Chla_ugL_mean,5.16997525420873
vera4cast,chlorocast_ens3,2026-10-11 00:00:00,2026-10-04 00:00:00,P1D,fcre,1.6,ensemble,52,Chla_ugL_mean,5.09520251285671
vera4cast,chlorocast_ens3,2026-10-12 00:00:00,2026-10-04 00:00:00,P1D,fcre,1.6,ensemble,52,Chla_ugL_mean,5.03101075726745
vera4cast,chlorocast_ens3,2026-10-13 00:00:00,2026-10-04 00:00:00,P1D,fcre,1.6,ensemble,52,Chla_ugL_mean,5.03637522261097
vera4cast,chlorocast_ens3,2026-10-14 00:00:00,2026-10-04 00:00:00,P1D,fcre,1.6,ensemble,52,Chla_ugL_mean,5.06318798817099
vera4cast,chlorocast_ens3,2026-10-15 00:00:00,2026-10-04 00:00:00,P1D,fcre,1.6,ensemble,52,Chla_ugL_mean,5.03561286905093
vera4cast,chlorocast_ens3,2026-10-16 00:00:00,2026-10-04 00:00:00,P1D,fcre,1.6,ensemble,52,Chla_ugL_mean,5.03123706797711
vera4cast,chlorocast_ens3,2026-10-17 00:00:00,2026-10-04 00:00:00,P1D,fcre,1.6,ensemble,52,Chla_ugL_mean,5.01793452278358
vera4cast,chlorocast_ens3,2026-10-18 00:00:00,2026-10-04 00:00:00,P1D,fcre,1.6,ensemble,52,Chla_ugL_mean,4.9954322859802
vera4cast,chlorocast_ens3,2026-10-19 00:00:00,2026-10-04 00:00:00,P1D,fcre,1.6,ensemble,52,Chla_ugL_mean,5.00716271879425
vera4cast,chlorocast_ens3,2026-10-20 00:00:00,2026-10-04 00:00:00,P1D,fcre,1.6,ensemble,52,Chla_ugL_mean,5.01230076952792
vera4cast,chlorocast_ens3,2026-10-21 00:00:00,2026-10-04 00:00:00,P1D,fcre,1.6,ensemble,52,Chla_ugL_mean,4.9922850232906
vera4cast,chlorocast_ens3,2026-10-22 00:00:00,2026-10-04 00:00:00,P1D,fcre,1.6,ensemble,52,Chla_ugL_mean,4.97350150008859
vera4cast,chlorocast_ens3,2026-10-23 00:00:00,2026-10-04 00:00:00,P1D,fcre,1.6,ensemble,52,Chla_ugL_mean,4.96759384092805
vera4cast,chlorocast_ens3,2026-10-24 00:00:00,2026-10-04 00:00:00,P1D,fcre,1.6,ensemble,52,Chla_ugL_mean,4.96143383791201
vera4cast,chlorocast_ens3,2026-10-25 00:00:00,2026-10-04 00:00:00,P1D,fcre,1.6,ensemble,52,Chla_ugL_mean,5.03277077295958
vera4cast,chlorocast_ens3,2026-10-26 00:00:00,2026-10-04 00:00:00,P1D,fcre,1.6,ensemble,52,Chla_ugL_mean,5.03541288366618
vera4cast,chlorocast_ens3,2026-10-27 00:00:00,2026-10-04 00:00:00,P1D,fcre,1.6,ensemble,52,Chla_ugL_mean,5.07330805370257
vera4cast,chlorocast_ens3,2026-10-28 00:00:00,2026-10-04 00:00:00,P1D,fcre,1.6,ensemble,52,Chla_ugL_mean,5.08696694708698
vera4cast,chlorocast_ens3,2026-10-29 00:00:00,2026-10-04 00:00:00,P1D,fcre,1.6,ensemble,52,Chla_ugL_mean,5.12695999770812
vera4cast,chlorocast_ens3,2026-10-30 00:00:00,2026-10-04 00:00:00,P1D,fcre,1.6,ensemble,52,Chla_ugL_mean,5.1611938252694
vera4cast,chlorocast_ens3,2026-10-31 00:00:00,2026-10-04 00:00:00,P1D,fcre,1.6,ensemble,52,Chla_ugL_mean,5.24306646880832
vera4cast,chlorocast_ens3,2026-11-01 00:00:00,2026-10-04 00:00:00,P1D,fcre,1.6,ensemble,52,Chla_ugL_mean,5.32241186370948
vera4cast,chlorocast_ens3,2026-11-02 00:00:00,2026-10-04 00:00:00,P1D,fcre,1.6,ensemble,52,Chla_ugL_mean,5.41217369878342
vera4cast,chlorocast_ens3,2026-11-03 00:00:00,2026-10-04 00:00:00,P1D,fcre,1.6,ensemble,52,Chla_ugL_mean,5.45999248747941
vera4cast,chlorocast_ens3,2026-11-04 00:00:00,2026-10-04 00:00:00,P1D,fcre,1.6,ensemble,52,Chla_ugL_mean,5.4842195507135
vera4cast,chlorocast_ens3,2026-11-05 00:00:00,2026-10-04 00:00:00,P1D,fcre,1.6,ensemble,52,Chla_ugL_mean,5.58827701322597
vera4cast,chlorocast_ens3,2026-11-06 00:00:00,2026-10-04 00:00:00,P1D,fcre,1.6,ensemble,52,Chla_ugL_mean,5.6756534135068
vera4cast,chlorocast_ens3,2026-11-07 00:00:00,2026-10-04 00:00:00,P1D,fcre,1.6,ensemble,52,Chla_ugL_mean,5.85138414674174
vera4cast,chlorocast_ens3,2026-11-08 00:00:00,2026-10-04 00:00:00,P1D,fcre,1.6,ensemble,52,Chla_ugL_mean,5.93362120899848
vera4cast,chlorocast_ens3,2026-10-05 00:00:00,2026-10-04 00:00:00,P1D,fcre,1.6,ensemble,53,Chla_ugL_mean,5.57270198019988
vera4cast,chlorocast_ens3,2026-10-06 00:00:00,2026-10-04 00:00:00,P1D,fcre,1.6,ensemble,53,Chla_ugL_mean,5.55213346885222
vera4cast,chlorocast_ens3,2026-10-07 00:00:00,2026-10-04 00:00:00,P1D,fcre,1.6,ensemble,53,Chla_ugL_mean,5.4020382786644
vera4cast,chlorocast_ens3,2026-10-08 00:00:00,2026-10-04 00:00:00,P1D,fcre,1.6,ensemble,53,Chla_ugL_mean,5.36799259936224
vera4cast,chlorocast_ens3,2026-10-09 00:00:00,2026-10-04 00:00:00,P1D,fcre,1.6,ensemble,53,Chla_ugL_mean,5.32235414719922
vera4cast,chlorocast_ens3,2026-10-10 00:00:00,2026-10-04 00:00:00,P1D,fcre,1.6,ensemble,53,Chla_ugL_mean,5.22744065216671
vera4cast,chlorocast_ens3,2026-10-11 00:00:00,2026-10-04 00:00:00,P1D,fcre,1.6,ensemble,53,Chla_ugL_mean,5.15123419154213
vera4cast,chlorocast_ens3,2026-10-12 00:00:00,2026-10-04 00:00:00,P1D,fcre,1.6,ensemble,53,Chla_ugL_mean,5.09163131092913
vera4cast,chlorocast_ens3,2026-10-13 00:00:00,2026-10-04 00:00:00,P1D,fcre,1.6,ensemble,53,Chla_ugL_mean,5.09506665997807
vera4cast,chlorocast_ens3,2026-10-14 00:00:00,2026-10-04 00:00:00,P1D,fcre,1.6,ensemble,53,Chla_ugL_mean,5.12147505015231
vera4cast,chlorocast_ens3,2026-10-15 00:00:00,2026-10-04 00:00:00,P1D,fcre,1.6,ensemble,53,Chla_ugL_mean,5.09469433179973
vera4cast,chlorocast_ens3,2026-10-16 00:00:00,2026-10-04 00:00:00,P1D,fcre,1.6,ensemble,53,Chla_ugL_mean,5.08936337081513
vera4cast,chlorocast_ens3,2026-10-17 00:00:00,2026-10-04 00:00:00,P1D,fcre,1.6,ensemble,53,Chla_ugL_mean,5.07508228324583
vera4cast,chlorocast_ens3,2026-10-18 00:00:00,2026-10-04 00:00:00,P1D,fcre,1.6,ensemble,53,Chla_ugL_mean,5.05439523120752
vera4cast,chlorocast_ens3,2026-10-19 00:00:00,2026-10-04 00:00:00,P1D,fcre,1.6,ensemble,53,Chla_ugL_mean,5.06562505201553
vera4cast,chlorocast_ens3,2026-10-20 00:00:00,2026-10-04 00:00:00,P1D,fcre,1.6,ensemble,53,Chla_ugL_mean,5.06945057996028
vera4cast,chlorocast_ens3,2026-10-21 00:00:00,2026-10-04 00:00:00,P1D,fcre,1.6,ensemble,53,Chla_ugL_mean,5.05252312416783
vera4cast,chlorocast_ens3,2026-10-22 00:00:00,2026-10-04 00:00:00,P1D,fcre,1.6,ensemble,53,Chla_ugL_mean,5.03238586385207
vera4cast,chlorocast_ens3,2026-10-23 00:00:00,2026-10-04 00:00:00,P1D,fcre,1.6,ensemble,53,Chla_ugL_mean,5.02494742445267
vera4cast,chlorocast_ens3,2026-10-24 00:00:00,2026-10-04 00:00:00,P1D,fcre,1.6,ensemble,53,Chla_ugL_mean,5.01759172411038
vera4cast,chlorocast_ens3,2026-10-25 00:00:00,2026-10-04 00:00:00,P1D,fcre,1.6,ensemble,53,Chla_ugL_mean,5.09147444155335
vera4cast,chlorocast_ens3,2026-10-26 00:00:00,2026-10-04 00:00:00,P1D,fcre,1.6,ensemble,53,Chla_ugL_mean,5.09276240351293
vera4cast,chlorocast_ens3,2026-10-27 00:00:00,2026-10-04 00:00:00,P1D,fcre,1.6,ensemble,53,Chla_ugL_mean,5.13291990430043
vera4cast,chlorocast_ens3,2026-10-28 00:00:00,2026-10-04 00:00:00,P1D,fcre,1.6,ensemble,53,Chla_ugL_mean,5.14581021861789
vera4cast,chlorocast_ens3,2026-10-29 00:00:00,2026-10-04 00:00:00,P1D,fcre,1.6,ensemble,53,Chla_ugL_mean,5.18701219424858
vera4cast,chlorocast_ens3,2026-10-30 00:00:00,2026-10-04 00:00:00,P1D,fcre,1.6,ensemble,53,Chla_ugL_mean,5.22132230547163
vera4cast,chlorocast_ens3,2026-10-31 00:00:00,2026-10-04 00:00:00,P1D,fcre,1.6,ensemble,53,Chla_ugL_mean,5.30497377051654
vera4cast,chlorocast_ens3,2026-11-01 00:00:00,2026-10-04 00:00:00,P1D,fcre,1.6,ensemble,53,Chla_ugL_mean,5.38379454247143
vera4cast,chlorocast_ens3,2026-11-02 00:00:00,2026-10-04 00:00:00,P1D,fcre,1.6,ensemble,53,Chla_ugL_mean,5.47521390139505
vera4cast,chlorocast_ens3,2026-11-03 00:00:00,2026-10-04 00:00:00,P1D,fcre,1.6,ensemble,53,Chla_ugL_mean,5.52421373157484
vera4cast,chlorocast_ens3,2026-11-04 00:00:00,2026-10-04 00:00:00,P1D,fcre,1.6,ensemble,53,Chla_ugL_mean,5.54769453461217
vera4cast,chlorocast_ens3,2026-11-05 00:00:00,2026-10-04 00:00:00,P1D,fcre,1.6,ensemble,53,Chla_ugL_mean,5.6558468982865
vera4cast,chlorocast_ens3,2026-11-06 00:00:00,2026-10-04 00:00:00,P1D,fcre,1.6,ensemble,53,Chla_ugL_mean,5.74637759586588
vera4cast,chlorocast_ens3,2026-11-07 00:00:00,2026-10-04 00:00:00,P1D,fcre,1.6,ensemble,53,Chla_ugL_mean,5.92061253287781
vera4cast,chlorocast_ens3,2026-11-08 00:00:00,2026-10-04 00:00:00,P1D,fcre,1.6,ensemble,53,Chla_ugL_mean,6.00634884829403
vera4cast,chlorocast_ens3,2026-10-05 00:00:00,2026-10-04 00:00:00,P1D,fcre,1.6,ensemble,54,Chla_ugL_mean,5.63518909605732
vera4cast,chlorocast_ens3,2026-10-06 00:00:00,2026-10-04 00:00:00,P1D,fcre,1.6,ensemble,54,Chla_ugL_mean,5.61412843269066
vera4cast,chlorocast_ens3,2026-10-07 00:00:00,2026-10-04 00:00:00,P1D,fcre,1.6,ensemble,54,Chla_ugL_mean,5.46476753278504
vera4cast,chlorocast_ens3,2026-10-08 00:00:00,2026-10-04 00:00:00,P1D,fcre,1.6,ensemble,54,Chla_ugL_mean,5.42944735775137
vera4cast,chlorocast_ens3,2026-10-09 00:00:00,2026-10-04 00:00:00,P1D,fcre,1.6,ensemble,54,Chla_ugL_mean,5.38264192966097
vera4cast,chlorocast_ens3,2026-10-10 00:00:00,2026-10-04 00:00:00,P1D,fcre,1.6,ensemble,54,Chla_ugL_mean,5.28544126652774
vera4cast,chlorocast_ens3,2026-10-11 00:00:00,2026-10-04 00:00:00,P1D,fcre,1.6,ensemble,54,Chla_ugL_mean,5.20778095549496
vera4cast,chlorocast_ens3,2026-10-12 00:00:00,2026-10-04 00:00:00,P1D,fcre,1.6,ensemble,54,Chla_ugL_mean,5.15286119056852
vera4cast,chlorocast_ens3,2026-10-13 00:00:00,2026-10-04 00:00:00,P1D,fcre,1.6,ensemble,54,Chla_ugL_mean,5.15432875186766
vera4cast,chlorocast_ens3,2026-10-14 00:00:00,2026-10-04 00:00:00,P1D,fcre,1.6,ensemble,54,Chla_ugL_mean,5.18032244138634
vera4cast,chlorocast_ens3,2026-10-15 00:00:00,2026-10-04 00:00:00,P1D,fcre,1.6,ensemble,54,Chla_ugL_mean,5.15435413171433
vera4cast,chlorocast_ens3,2026-10-16 00:00:00,2026-10-04 00:00:00,P1D,fcre,1.6,ensemble,54,Chla_ugL_mean,5.14804986836007
vera4cast,chlorocast_ens3,2026-10-17 00:00:00,2026-10-04 00:00:00,P1D,fcre,1.6,ensemble,54,Chla_ugL_mean,5.13277273265119
vera4cast,chlorocast_ens3,2026-10-18 00:00:00,2026-10-04 00:00:00,P1D,fcre,1.6,ensemble,54,Chla_ugL_mean,5.11393805604052
vera4cast,chlorocast_ens3,2026-10-19 00:00:00,2026-10-04 00:00:00,P1D,fcre,1.6,ensemble,54,Chla_ugL_mean,5.12465634675254
vera4cast,chlorocast_ens3,2026-10-20 00:00:00,2026-10-04 00:00:00,P1D,fcre,1.6,ensemble,54,Chla_ugL_mean,5.12714362682703
vera4cast,chlorocast_ens3,2026-10-21 00:00:00,2026-10-04 00:00:00,P1D,fcre,1.6,ensemble,54,Chla_ugL_mean,5.11336677514542
vera4cast,chlorocast_ens3,2026-10-22 00:00:00,2026-10-04 00:00:00,P1D,fcre,1.6,ensemble,54,Chla_ugL_mean,5.09185068587706
vera4cast,chlorocast_ens3,2026-10-23 00:00:00,2026-10-04 00:00:00,P1D,fcre,1.6,ensemble,54,Chla_ugL_mean,5.08285222403366
vera4cast,chlorocast_ens3,2026-10-24 00:00:00,2026-10-04 00:00:00,P1D,fcre,1.6,ensemble,54,Chla_ugL_mean,5.07427862870734
vera4cast,chlorocast_ens3,2026-10-25 00:00:00,2026-10-04 00:00:00,P1D,fcre,1.6,ensemble,54,Chla_ugL_mean,5.15074934363767
vera4cast,chlorocast_ens3,2026-10-26 00:00:00,2026-10-04 00:00:00,P1D,fcre,1.6,ensemble,54,Chla_ugL_mean,5.15065686825244
vera4cast,chlorocast_ens3,2026-10-27 00:00:00,2026-10-04 00:00:00,P1D,fcre,1.6,ensemble,54,Chla_ugL_mean,5.19311686810189
vera4cast,chlorocast_ens3,2026-10-28 00:00:00,2026-10-04 00:00:00,P1D,fcre,1.6,ensemble,54,Chla_ugL_mean,5.20522233348811
vera4cast,chlorocast_ens3,2026-10-29 00:00:00,2026-10-04 00:00:00,P1D,fcre,1.6,ensemble,54,Chla_ugL_mean,5.24765298061346
vera4cast,chlorocast_ens3,2026-10-30 00:00:00,2026-10-04 00:00:00,P1D,fcre,1.6,ensemble,54,Chla_ugL_mean,5.28203759307417
vera4cast,chlorocast_ens3,2026-10-31 00:00:00,2026-10-04 00:00:00,P1D,fcre,1.6,ensemble,54,Chla_ugL_mean,5.36749495548612
vera4cast,chlorocast_ens3,2026-11-01 00:00:00,2026-10-04 00:00:00,P1D,fcre,1.6,ensemble,54,Chla_ugL_mean,5.44577316995251
vera4cast,chlorocast_ens3,2026-11-02 00:00:00,2026-10-04 00:00:00,P1D,fcre,1.6,ensemble,54,Chla_ugL_mean,5.53887387311027
vera4cast,chlorocast_ens3,2026-11-03 00:00:00,2026-10-04 00:00:00,P1D,fcre,1.6,ensemble,54,Chla_ugL_mean,5.58907342350146
vera4cast,chlorocast_ens3,2026-11-04 00:00:00,2026-10-04 00:00:00,P1D,fcre,1.6,ensemble,54,Chla_ugL_mean,5.61179088451324
vera4cast,chlorocast_ens3,2026-11-05 00:00:00,2026-10-04 00:00:00,P1D,fcre,1.6,ensemble,54,Chla_ugL_mean,5.72410978538047
vera4cast,chlorocast_ens3,2026-11-06 00:00:00,2026-10-04 00:00:00,P1D,fcre,1.6,ensemble,54,Chla_ugL_mean,5.81785105468683
vera4cast,chlorocast_ens3,2026-11-07 00:00:00,2026-10-04 00:00:00,P1D,fcre,1.6,ensemble,54,Chla_ugL_mean,5.99054042284323
vera4cast,chlorocast_ens3,2026-11-08 00:00:00,2026-10-04 00:00:00,P1D,fcre,1.6,ensemble,54,Chla_ugL_mean,6.07983933709607
vera4cast,chlorocast_ens3,2026-10-05 00:00:00,2026-10-04 00:00:00,P1D,fcre,1.6,ensemble,55,Chla_ugL_mean,5.69827028109056
vera4cast,chlorocast_ens3,2026-10-06 00:00:00,2026-10-04 00:00:00,P1D,fcre,1.6,ensemble,55,Chla_ugL_mean,5.67670998035858
vera4cast,chlorocast_ens3,2026-10-07 00:00:00,2026-10-04 00:00:00,P1D,fcre,1.6,ensemble,55,Chla_ugL_mean,5.52811142854813
vera4cast,chlorocast_ens3,2026-10-08 00:00:00,2026-10-04 00:00:00,P1D,fcre,1.6,ensemble,55,Chla_ugL_mean,5.49149518958864
vera4cast,chlorocast_ens3,2026-10-09 00:00:00,2026-10-04 00:00:00,P1D,fcre,1.6,ensemble,55,Chla_ugL_mean,5.4435045955648
vera4cast,chlorocast_ens3,2026-10-10 00:00:00,2026-10-04 00:00:00,P1D,fcre,1.6,ensemble,55,Chla_ugL_mean,5.34398208214546
vera4cast,chlorocast_ens3,2026-10-11 00:00:00,2026-10-04 00:00:00,P1D,fcre,1.6,ensemble,55,Chla_ugL_mean,5.2648475397658
vera4cast,chlorocast_ens3,2026-10-12 00:00:00,2026-10-04 00:00:00,P1D,fcre,1.6,ensemble,55,Chla_ugL_mean,5.21470652081044
vera4cast,chlorocast_ens3,2026-10-13 00:00:00,2026-10-04 00:00:00,P1D,fcre,1.6,ensemble,55,Chla_ugL_mean,5.21416704673107
vera4cast,chlorocast_ens3,2026-10-14 00:00:00,2026-10-04 00:00:00,P1D,fcre,1.6,ensemble,55,Chla_ugL_mean,5.23973554846935
vera4cast,chlorocast_ens3,2026-10-15 00:00:00,2026-10-04 00:00:00,P1D,fcre,1.6,ensemble,55,Chla_ugL_mean,5.21459793002689
vera4cast,chlorocast_ens3,2026-10-16 00:00:00,2026-10-04 00:00:00,P1D,fcre,1.6,ensemble,55,Chla_ugL_mean,5.20730195951214
vera4cast,chlorocast_ens3,2026-10-17 00:00:00,2026-10-04 00:00:00,P1D,fcre,1.6,ensemble,55,Chla_ugL_mean,5.19101102450499
vera4cast,chlorocast_ens3,2026-10-18 00:00:00,2026-10-04 00:00:00,P1D,fcre,1.6,ensemble,55,Chla_ugL_mean,5.17406646338899
vera4cast,chlorocast_ens3,2026-10-19 00:00:00,2026-10-04 00:00:00,P1D,fcre,1.6,ensemble,55,Chla_ugL_mean,5.184262140198
vera4cast,chlorocast_ens3,2026-10-20 00:00:00,2026-10-04 00:00:00,P1D,fcre,1.6,ensemble,55,Chla_ugL_mean,5.18538507385174
vera4cast,chlorocast_ens3,2026-10-21 00:00:00,2026-10-04 00:00:00,P1D,fcre,1.6,ensemble,55,Chla_ugL_mean,5.17482206358203
vera4cast,chlorocast_ens3,2026-10-22 00:00:00,2026-10-04 00:00:00,P1D,fcre,1.6,ensemble,55,Chla_ugL_mean,5.15190168808652
vera4cast,chlorocast_ens3,2026-10-23 00:00:00,2026-10-04 00:00:00,P1D,fcre,1.6,ensemble,55,Chla_ugL_mean,5.14131353731981
vera4cast,chlorocast_ens3,2026-10-24 00:00:00,2026-10-04 00:00:00,P1D,fcre,1.6,ensemble,55,Chla_ugL_mean,5.13149953516087
vera4cast,chlorocast_ens3,2026-10-25 00:00:00,2026-10-04 00:00:00,P1D,fcre,1.6,ensemble,55,Chla_ugL_mean,5.21060103776977
vera4cast,chlorocast_ens3,2026-10-26 00:00:00,2026-10-04 00:00:00,P1D,fcre,1.6,ensemble,55,Chla_ugL_mean,5.20910145604378
vera4cast,chlorocast_ens3,2026-10-27 00:00:00,2026-10-04 00:00:00,P1D,fcre,1.6,ensemble,55,Chla_ugL_mean,5.2539046882177
vera4cast,chlorocast_ens3,2026-10-28 00:00:00,2026-10-04 00:00:00,P1D,fcre,1.6,ensemble,55,Chla_ugL_mean,5.26520879075872
vera4cast,chlorocast_ens3,2026-10-29 00:00:00,2026-10-04 00:00:00,P1D,fcre,1.6,ensemble,55,Chla_ugL_mean,5.30888812575049
vera4cast,chlorocast_ens3,2026-10-30 00:00:00,2026-10-04 00:00:00,P1D,fcre,1.6,ensemble,55,Chla_ugL_mean,5.3433454148628
vera4cast,chlorocast_ens3,2026-10-31 00:00:00,2026-10-04 00:00:00,P1D,fcre,1.6,ensemble,55,Chla_ugL_mean,5.43063611108719
vera4cast,chlorocast_ens3,2026-11-01 00:00:00,2026-10-04 00:00:00,P1D,fcre,1.6,ensemble,55,Chla_ugL_mean,5.50835353206632
vera4cast,chlorocast_ens3,2026-11-02 00:00:00,2026-10-04 00:00:00,P1D,fcre,1.6,ensemble,55,Chla_ugL_mean,5.60315970708432
vera4cast,chlorocast_ens3,2026-11-03 00:00:00,2026-10-04 00:00:00,P1D,fcre,1.6,ensemble,55,Chla_ugL_mean,5.65457791031217
vera4cast,chlorocast_ens3,2026-11-04 00:00:00,2026-10-04 00:00:00,P1D,fcre,1.6,ensemble,55,Chla_ugL_mean,5.67651468306039
vera4cast,chlorocast_ens3,2026-11-05 00:00:00,2026-10-04 00:00:00,P1D,fcre,1.6,ensemble,55,Chla_ugL_mean,5.79307278199102
vera4cast,chlorocast_ens3,2026-11-06 00:00:00,2026-10-04 00:00:00,P1D,fcre,1.6,ensemble,55,Chla_ugL_mean,5.89008172806378
vera4cast,chlorocast_ens3,2026-11-07 00:00:00,2026-10-04 00:00:00,P1D,fcre,1.6,ensemble,55,Chla_ugL_mean,6.06117488462895
vera4cast,chlorocast_ens3,2026-11-08 00:00:00,2026-10-04 00:00:00,P1D,fcre,1.6,ensemble,55,Chla_ugL_mean,6.1541006770306
vera4cast,chlorocast_ens3,2026-10-05 00:00:00,2026-10-04 00:00:00,P1D,fcre,1.6,ensemble,56,Chla_ugL_mean,5.76195118315486
vera4cast,chlorocast_ens3,2026-10-06 00:00:00,2026-10-04 00:00:00,P1D,fcre,1.6,ensemble,56,Chla_ugL_mean,5.7398836619937
vera4cast,chlorocast_ens3,2026-10-07 00:00:00,2026-10-04 00:00:00,P1D,fcre,1.6,ensemble,56,Chla_ugL_mean,5.59207598841245
vera4cast,chlorocast_ens3,2026-10-08 00:00:00,2026-10-04 00:00:00,P1D,fcre,1.6,ensemble,56,Chla_ugL_mean,5.55414181837089
vera4cast,chlorocast_ens3,2026-10-09 00:00:00,2026-10-04 00:00:00,P1D,fcre,1.6,ensemble,56,Chla_ugL_mean,5.50494762680038
vera4cast,chlorocast_ens3,2026-10-10 00:00:00,2026-10-04 00:00:00,P1D,fcre,1.6,ensemble,56,Chla_ugL_mean,5.40306813030102
vera4cast,chlorocast_ens3,2026-10-11 00:00:00,2026-10-04 00:00:00,P1D,fcre,1.6,ensemble,56,Chla_ugL_mean,5.32243872293336
vera4cast,chlorocast_ens3,2026-10-12 00:00:00,2026-10-04 00:00:00,P1D,fcre,1.6,ensemble,56,Chla_ugL_mean,5.2771734878412
vera4cast,chlorocast_ens3,2026-10-13 00:00:00,2026-10-04 00:00:00,P1D,fcre,1.6,ensemble,56,Chla_ugL_mean,5.27458714696701
vera4cast,chlorocast_ens3,2026-10-14 00:00:00,2026-10-04 00:00:00,P1D,fcre,1.6,ensemble,56,Chla_ugL_mean,5.29971980978044
vera4cast,chlorocast_ens3,2026-10-15 00:00:00,2026-10-04 00:00:00,P1D,fcre,1.6,ensemble,56,Chla_ugL_mean,5.27543144338631
vera4cast,chlorocast_ens3,2026-10-16 00:00:00,2026-10-04 00:00:00,P1D,fcre,1.6,ensemble,56,Chla_ugL_mean,5.26712509520371
vera4cast,chlorocast_ens3,2026-10-17 00:00:00,2026-10-04 00:00:00,P1D,fcre,1.6,ensemble,56,Chla_ugL_mean,5.24980236125153
vera4cast,chlorocast_ens3,2026-10-18 00:00:00,2026-10-04 00:00:00,P1D,fcre,1.6,ensemble,56,Chla_ugL_mean,5.23478621224878
vera4cast,chlorocast_ens3,2026-10-19 00:00:00,2026-10-04 00:00:00,P1D,fcre,1.6,ensemble,56,Chla_ugL_mean,5.24444802343317
vera4cast,chlorocast_ens3,2026-10-20 00:00:00,2026-10-04 00:00:00,P1D,fcre,1.6,ensemble,56,Chla_ugL_mean,5.24418013384165
vera4cast,chlorocast_ens3,2026-10-21 00:00:00,2026-10-04 00:00:00,P1D,fcre,1.6,ensemble,56,Chla_ugL_mean,5.23689513803014
vera4cast,chlorocast_ens3,2026-10-22 00:00:00,2026-10-04 00:00:00,P1D,fcre,1.6,ensemble,56,Chla_ugL_mean,5.21254464880781
vera4cast,chlorocast_ens3,2026-10-23 00:00:00,2026-10-04 00:00:00,P1D,fcre,1.6,ensemble,56,Chla_ugL_mean,5.20033671287473
vera4cast,chlorocast_ens3,2026-10-24 00:00:00,2026-10-04 00:00:00,P1D,fcre,1.6,ensemble,56,Chla_ugL_mean,5.18925947387412
vera4cast,chlorocast_ens3,2026-10-25 00:00:00,2026-10-04 00:00:00,P1D,fcre,1.6,ensemble,56,Chla_ugL_mean,5.27103513659605
vera4cast,chlorocast_ens3,2026-10-26 00:00:00,2026-10-04 00:00:00,P1D,fcre,1.6,ensemble,56,Chla_ugL_mean,5.26810139424976
vera4cast,chlorocast_ens3,2026-10-27 00:00:00,2026-10-04 00:00:00,P1D,fcre,1.6,ensemble,56,Chla_ugL_mean,5.31528916412948
vera4cast,chlorocast_ens3,2026-10-28 00:00:00,2026-10-04 00:00:00,P1D,fcre,1.6,ensemble,56,Chla_ugL_mean,5.32577514265076
vera4cast,chlorocast_ens3,2026-10-29 00:00:00,2026-10-04 00:00:00,P1D,fcre,1.6,ensemble,56,Chla_ugL_mean,5.37072345515056
vera4cast,chlorocast_ens3,2026-10-30 00:00:00,2026-10-04 00:00:00,P1D,fcre,1.6,ensemble,56,Chla_ugL_mean,5.40525155351228
vera4cast,chlorocast_ens3,2026-10-31 00:00:00,2026-10-04 00:00:00,P1D,fcre,1.6,ensemble,56,Chla_ugL_mean,5.49440338505325
vera4cast,chlorocast_ens3,2026-11-01 00:00:00,2026-10-04 00:00:00,P1D,fcre,1.6,ensemble,56,Chla_ugL_mean,5.57154147090042
vera4cast,chlorocast_ens3,2026-11-02 00:00:00,2026-10-04 00:00:00,P1D,fcre,1.6,ensemble,56,Chla_ugL_mean,5.66807755637629
vera4cast,chlorocast_ens3,2026-11-03 00:00:00,2026-10-04 00:00:00,P1D,fcre,1.6,ensemble,56,Chla_ugL_mean,5.72073360215833
vera4cast,chlorocast_ens3,2026-11-04 00:00:00,2026-10-04 00:00:00,P1D,fcre,1.6,ensemble,56,Chla_ugL_mean,5.74187207244117
vera4cast,chlorocast_ens3,2026-11-05 00:00:00,2026-10-04 00:00:00,P1D,fcre,1.6,ensemble,56,Chla_ugL_mean,5.86274306849619
vera4cast,chlorocast_ens3,2026-11-06 00:00:00,2026-10-04 00:00:00,P1D,fcre,1.6,ensemble,56,Chla_ugL_mean,5.96307763818976
vera4cast,chlorocast_ens3,2026-11-07 00:00:00,2026-10-04 00:00:00,P1D,fcre,1.6,ensemble,56,Chla_ugL_mean,6.13252305764299
vera4cast,chlorocast_ens3,2026-11-08 00:00:00,2026-10-04 00:00:00,P1D,fcre,1.6,ensemble,56,Chla_ugL_mean,6.22914095365371
vera4cast,chlorocast_ens3,2026-10-05 00:00:00,2026-10-04 00:00:00,P1D,fcre,1.6,ensemble,57,Chla_ugL_mean,5.82623750380001
vera4cast,chlorocast_ens3,2026-10-06 00:00:00,2026-10-04 00:00:00,P1D,fcre,1.6,ensemble,57,Chla_ugL_mean,5.80365508024808
vera4cast,chlorocast_ens3,2026-10-07 00:00:00,2026-10-04 00:00:00,P1D,fcre,1.6,ensemble,57,Chla_ugL_mean,5.65666729384682
vera4cast,chlorocast_ens3,2026-10-08 00:00:00,2026-10-04 00:00:00,P1D,fcre,1.6,ensemble,57,Chla_ugL_mean,5.61739302282996
vera4cast,chlorocast_ens3,2026-10-09 00:00:00,2026-10-04 00:00:00,P1D,fcre,1.6,ensemble,57,Chla_ugL_mean,5.56697655753078
vera4cast,chlorocast_ens3,2026-10-10 00:00:00,2026-10-04 00:00:00,P1D,fcre,1.6,ensemble,57,Chla_ugL_mean,5.4627044891355
vera4cast,chlorocast_ens3,2026-10-11 00:00:00,2026-10-04 00:00:00,P1D,fcre,1.6,ensemble,57,Chla_ugL_mean,5.38055932750464
vera4cast,chlorocast_ens3,2026-10-12 00:00:00,2026-10-04 00:00:00,P1D,fcre,1.6,ensemble,57,Chla_ugL_mean,5.34026834002743
vera4cast,chlorocast_ens3,2026-10-13 00:00:00,2026-10-04 00:00:00,P1D,fcre,1.6,ensemble,57,Chla_ugL_mean,5.3355947094461
vera4cast,chlorocast_ens3,2026-10-14 00:00:00,2026-10-04 00:00:00,P1D,fcre,1.6,ensemble,57,Chla_ugL_mean,5.36028071597929
vera4cast,chlorocast_ens3,2026-10-15 00:00:00,2026-10-04 00:00:00,P1D,fcre,1.6,ensemble,57,Chla_ugL_mean,5.33686044440064
vera4cast,chlorocast_ens3,2026-10-16 00:00:00,2026-10-04 00:00:00,P1D,fcre,1.6,ensemble,57,Chla_ugL_mean,5.32752477890073
vera4cast,chlorocast_ens3,2026-10-17 00:00:00,2026-10-04 00:00:00,P1D,fcre,1.6,ensemble,57,Chla_ugL_mean,5.30915199473874
vera4cast,chlorocast_ens3,2026-10-18 00:00:00,2026-10-04 00:00:00,P1D,fcre,1.6,ensemble,57,Chla_ugL_mean,5.29610311825347
vera4cast,chlorocast_ens3,2026-10-19 00:00:00,2026-10-04 00:00:00,P1D,fcre,1.6,ensemble,57,Chla_ugL_mean,5.30521964195231
vera4cast,chlorocast_ens3,2026-10-20 00:00:00,2026-10-04 00:00:00,P1D,fcre,1.6,ensemble,57,Chla_ugL_mean,5.30353406915428
vera4cast,chlorocast_ens3,2026-10-21 00:00:00,2026-10-04 00:00:00,P1D,fcre,1.6,ensemble,57,Chla_ugL_mean,5.29959220885122
vera4cast,chlorocast_ens3,2026-10-22 00:00:00,2026-10-04 00:00:00,P1D,fcre,1.6,ensemble,57,Chla_ugL_mean,5.27378540332873
vera4cast,chlorocast_ens3,2026-10-23 00:00:00,2026-10-04 00:00:00,P1D,fcre,1.6,ensemble,57,Chla_ugL_mean,5.2599271506662
vera4cast,chlorocast_ens3,2026-10-24 00:00:00,2026-10-04 00:00:00,P1D,fcre,1.6,ensemble,57,Chla_ugL_mean,5.24756352263761
vera4cast,chlorocast_ens3,2026-10-25 00:00:00,2026-10-04 00:00:00,P1D,fcre,1.6,ensemble,57,Chla_ugL_mean,5.33205730737845
vera4cast,chlorocast_ens3,2026-10-26 00:00:00,2026-10-04 00:00:00,P1D,fcre,1.6,ensemble,57,Chla_ugL_mean,5.32766195990449
vera4cast,chlorocast_ens3,2026-10-27 00:00:00,2026-10-04 00:00:00,P1D,fcre,1.6,ensemble,57,Chla_ugL_mean,5.37727615224297
vera4cast,chlorocast_ens3,2026-10-28 00:00:00,2026-10-04 00:00:00,P1D,fcre,1.6,ensemble,57,Chla_ugL_mean,5.38692699505906
vera4cast,chlorocast_ens3,2026-10-29 00:00:00,2026-10-04 00:00:00,P1D,fcre,1.6,ensemble,57,Chla_ugL_mean,5.433164851402
vera4cast,chlorocast_ens3,2026-10-30 00:00:00,2026-10-04 00:00:00,P1D,fcre,1.6,ensemble,57,Chla_ugL_mean,5.46776184813181
vera4cast,chlorocast_ens3,2026-10-31 00:00:00,2026-10-04 00:00:00,P1D,fcre,1.6,ensemble,57,Chla_ugL_mean,5.55880298607978
vera4cast,chlorocast_ens3,2026-11-01 00:00:00,2026-10-04 00:00:00,P1D,fcre,1.6,ensemble,57,Chla_ugL_mean,5.63534288526169
vera4cast,chlorocast_ens3,2026-11-02 00:00:00,2026-10-04 00:00:00,P1D,fcre,1.6,ensemble,57,Chla_ugL_mean,5.73363363453802
vera4cast,chlorocast_ens3,2026-11-03 00:00:00,2026-10-04 00:00:00,P1D,fcre,1.6,ensemble,57,Chla_ugL_mean,5.78754697291706
vera4cast,chlorocast_ens3,2026-11-04 00:00:00,2026-10-04 00:00:00,P1D,fcre,1.6,ensemble,57,Chla_ugL_mean,5.80786925496994
vera4cast,chlorocast_ens3,2026-11-05 00:00:00,2026-10-04 00:00:00,P1D,fcre,1.6,ensemble,57,Chla_ugL_mean,5.93312789891654
vera4cast,chlorocast_ens3,2026-11-06 00:00:00,2026-10-04 00:00:00,P1D,fcre,1.6,ensemble,57,Chla_ugL_mean,6.0368468922477
vera4cast,chlorocast_ens3,2026-11-07 00:00:00,2026-10-04 00:00:00,P1D,fcre,1.6,ensemble,57,Chla_ugL_mean,6.20459215343201
vera4cast,chlorocast_ens3,2026-11-08 00:00:00,2026-10-04 00:00:00,P1D,fcre,1.6,ensemble,57,Chla_ugL_mean,6.3049683373319
vera4cast,chlorocast_ens3,2026-10-05 00:00:00,2026-10-04 00:00:00,P1D,fcre,1.6,ensemble,58,Chla_ugL_mean,5.89113499878082
vera4cast,chlorocast_ens3,2026-10-06 00:00:00,2026-10-04 00:00:00,P1D,fcre,1.6,ensemble,58,Chla_ugL_mean,5.86802989078488
vera4cast,chlorocast_ens3,2026-10-07 00:00:00,2026-10-04 00:00:00,P1D,fcre,1.6,ensemble,58,Chla_ugL_mean,5.72189148590826
vera4cast,chlorocast_ens3,2026-10-08 00:00:00,2026-10-04 00:00:00,P1D,fcre,1.6,ensemble,58,Chla_ugL_mean,5.68125463746573
vera4cast,chlorocast_ens3,2026-10-09 00:00:00,2026-10-04 00:00:00,P1D,fcre,1.6,ensemble,58,Chla_ugL_mean,5.62959697469093
vera4cast,chlorocast_ens3,2026-10-10 00:00:00,2026-10-04 00:00:00,P1D,fcre,1.6,ensemble,58,Chla_ugL_mean,5.52289628408632
vera4cast,chlorocast_ens3,2026-10-11 00:00:00,2026-10-04 00:00:00,P1D,fcre,1.6,ensemble,58,Chla_ugL_mean,5.43921422031876
vera4cast,chlorocast_ens3,2026-10-12 00:00:00,2026-10-04 00:00:00,P1D,fcre,1.6,ensemble,58,Chla_ugL_mean,5.40399738854105
vera4cast,chlorocast_ens3,2026-10-13 00:00:00,2026-10-04 00:00:00,P1D,fcre,1.6,ensemble,58,Chla_ugL_mean,5.39719544604046
vera4cast,chlorocast_ens3,2026-10-14 00:00:00,2026-10-04 00:00:00,P1D,fcre,1.6,ensemble,58,Chla_ugL_mean,5.4214238105088
vera4cast,chlorocast_ens3,2026-10-15 00:00:00,2026-10-04 00:00:00,P1D,fcre,1.6,ensemble,58,Chla_ugL_mean,5.39889076218494
vera4cast,chlorocast_ens3,2026-10-16 00:00:00,2026-10-04 00:00:00,P1D,fcre,1.6,ensemble,58,Chla_ugL_mean,5.38850656710903
vera4cast,chlorocast_ens3,2026-10-17 00:00:00,2026-10-04 00:00:00,P1D,fcre,1.6,ensemble,58,Chla_ugL_mean,5.36906522668738
vera4cast,chlorocast_ens3,2026-10-18 00:00:00,2026-10-04 00:00:00,P1D,fcre,1.6,ensemble,58,Chla_ugL_mean,5.35802305423127
vera4cast,chlorocast_ens3,2026-10-19 00:00:00,2026-10-04 00:00:00,P1D,fcre,1.6,ensemble,58,Chla_ugL_mean,5.3665826961922
vera4cast,chlorocast_ens3,2026-10-20 00:00:00,2026-10-04 00:00:00,P1D,fcre,1.6,ensemble,58,Chla_ugL_mean,5.36345219216834
vera4cast,chlorocast_ens3,2026-10-21 00:00:00,2026-10-04 00:00:00,P1D,fcre,1.6,ensemble,58,Chla_ugL_mean,5.36291954883709
vera4cast,chlorocast_ens3,2026-10-22 00:00:00,2026-10-04 00:00:00,P1D,fcre,1.6,ensemble,58,Chla_ugL_mean,5.33562984445897
vera4cast,chlorocast_ens3,2026-10-23 00:00:00,2026-10-04 00:00:00,P1D,fcre,1.6,ensemble,58,Chla_ugL_mean,5.32009030256024
vera4cast,chlorocast_ens3,2026-10-24 00:00:00,2026-10-04 00:00:00,P1D,fcre,1.6,ensemble,58,Chla_ugL_mean,5.30641680707568
vera4cast,chlorocast_ens3,2026-10-25 00:00:00,2026-10-04 00:00:00,P1D,fcre,1.6,ensemble,58,Chla_ugL_mean,5.39367327252588
vera4cast,chlorocast_ens3,2026-10-26 00:00:00,2026-10-04 00:00:00,P1D,fcre,1.6,ensemble,58,Chla_ugL_mean,5.38778848018534
vera4cast,chlorocast_ens3,2026-10-27 00:00:00,2026-10-04 00:00:00,P1D,fcre,1.6,ensemble,58,Chla_ugL_mean,5.43987156644677
vera4cast,chlorocast_ens3,2026-10-28 00:00:00,2026-10-04 00:00:00,P1D,fcre,1.6,ensemble,58,Chla_ugL_mean,5.44867000807118
vera4cast,chlorocast_ens3,2026-10-29 00:00:00,2026-10-04 00:00:00,P1D,fcre,1.6,ensemble,58,Chla_ugL_mean,5.49621825475016
vera4cast,chlorocast_ens3,2026-10-30 00:00:00,2026-10-04 00:00:00,P1D,fcre,1.6,ensemble,58,Chla_ugL_mean,5.53088219481578
vera4cast,chlorocast_ens3,2026-10-31 00:00:00,2026-10-04 00:00:00,P1D,fcre,1.6,ensemble,58,Chla_ugL_mean,5.62384118442873
vera4cast,chlorocast_ens3,2026-11-01 00:00:00,2026-10-04 00:00:00,P1D,fcre,1.6,ensemble,58,Chla_ugL_mean,5.69976373122702
vera4cast,chlorocast_ens3,2026-11-02 00:00:00,2026-10-04 00:00:00,P1D,fcre,1.6,ensemble,58,Chla_ugL_mean,5.79983421620884
vera4cast,chlorocast_ens3,2026-11-03 00:00:00,2026-10-04 00:00:00,P1D,fcre,1.6,ensemble,58,Chla_ugL_mean,5.85502456082475
vera4cast,chlorocast_ens3,2026-11-04 00:00:00,2026-10-04 00:00:00,P1D,fcre,1.6,ensemble,58,Chla_ugL_mean,5.87451249367643
vera4cast,chlorocast_ens3,2026-11-05 00:00:00,2026-10-04 00:00:00,P1D,fcre,1.6,ensemble,58,Chla_ugL_mean,6.00423460167042
vera4cast,chlorocast_ens3,2026-11-06 00:00:00,2026-10-04 00:00:00,P1D,fcre,1.6,ensemble,58,Chla_ugL_mean,6.11139768331083
vera4cast,chlorocast_ens3,2026-11-07 00:00:00,2026-10-04 00:00:00,P1D,fcre,1.6,ensemble,58,Chla_ugL_mean,6.27738945641025
vera4cast,chlorocast_ens3,2026-11-08 00:00:00,2026-10-04 00:00:00,P1D,fcre,1.6,ensemble,58,Chla_ugL_mean,6.3815910841317
vera4cast,chlorocast_ens3,2026-10-05 00:00:00,2026-10-04 00:00:00,P1D,fcre,1.6,ensemble,59,Chla_ugL_mean,5.95664947857243
vera4cast,chlorocast_ens3,2026-10-06 00:00:00,2026-10-04 00:00:00,P1D,fcre,1.6,ensemble,59,Chla_ugL_mean,5.93301380278007
vera4cast,chlorocast_ens3,2026-10-07 00:00:00,2026-10-04 00:00:00,P1D,fcre,1.6,ensemble,59,Chla_ugL_mean,5.78775476582588
vera4cast,chlorocast_ens3,2026-10-08 00:00:00,2026-10-04 00:00:00,P1D,fcre,1.6,ensemble,59,Chla_ugL_mean,5.74573255308435
vera4cast,chlorocast_ens3,2026-10-09 00:00:00,2026-10-04 00:00:00,P1D,fcre,1.6,ensemble,59,Chla_ugL_mean,5.69281451849087
vera4cast,chlorocast_ens3,2026-10-10 00:00:00,2026-10-04 00:00:00,P1D,fcre,1.6,ensemble,59,Chla_ugL_mean,5.58364868832781
vera4cast,chlorocast_ens3,2026-10-11 00:00:00,2026-10-04 00:00:00,P1D,fcre,1.6,ensemble,59,Chla_ugL_mean,5.49840831295447
vera4cast,chlorocast_ens3,2026-10-12 00:00:00,2026-10-04 00:00:00,P1D,fcre,1.6,ensemble,59,Chla_ugL_mean,5.46836700799058
vera4cast,chlorocast_ens3,2026-10-13 00:00:00,2026-10-04 00:00:00,P1D,fcre,1.6,ensemble,59,Chla_ugL_mean,5.45939512415855
vera4cast,chlorocast_ens3,2026-10-14 00:00:00,2026-10-04 00:00:00,P1D,fcre,1.6,ensemble,59,Chla_ugL_mean,5.48315469010245
vera4cast,chlorocast_ens3,2026-10-15 00:00:00,2026-10-04 00:00:00,P1D,fcre,1.6,ensemble,59,Chla_ugL_mean,5.46152828291431
vera4cast,chlorocast_ens3,2026-10-16 00:00:00,2026-10-04 00:00:00,P1D,fcre,1.6,ensemble,59,Chla_ugL_mean,5.45007606988552
vera4cast,chlorocast_ens3,2026-10-17 00:00:00,2026-10-04 00:00:00,P1D,fcre,1.6,ensemble,59,Chla_ugL_mean,5.42954740916463
vera4cast,chlorocast_ens3,2026-10-18 00:00:00,2026-10-04 00:00:00,P1D,fcre,1.6,ensemble,59,Chla_ugL_mean,5.42055195076761
vera4cast,chlorocast_ens3,2026-10-19 00:00:00,2026-10-04 00:00:00,P1D,fcre,1.6,ensemble,59,Chla_ugL_mean,5.42854294206688
vera4cast,chlorocast_ens3,2026-10-20 00:00:00,2026-10-04 00:00:00,P1D,fcre,1.6,ensemble,59,Chla_ugL_mean,5.4239398657593
vera4cast,chlorocast_ens3,2026-10-21 00:00:00,2026-10-04 00:00:00,P1D,fcre,1.6,ensemble,59,Chla_ugL_mean,5.4268834938375
vera4cast,chlorocast_ens3,2026-10-22 00:00:00,2026-10-04 00:00:00,P1D,fcre,1.6,ensemble,59,Chla_ugL_mean,5.39808392309717
vera4cast,chlorocast_ens3,2026-10-23 00:00:00,2026-10-04 00:00:00,P1D,fcre,1.6,ensemble,59,Chla_ugL_mean,5.38083167281989
vera4cast,chlorocast_ens3,2026-10-24 00:00:00,2026-10-04 00:00:00,P1D,fcre,1.6,ensemble,59,Chla_ugL_mean,5.36582450109702
vera4cast,chlorocast_ens3,2026-10-25 00:00:00,2026-10-04 00:00:00,P1D,fcre,1.6,ensemble,59,Chla_ugL_mean,5.45588881013084
vera4cast,chlorocast_ens3,2026-10-26 00:00:00,2026-10-04 00:00:00,P1D,fcre,1.6,ensemble,59,Chla_ugL_mean,5.44848633288944
vera4cast,chlorocast_ens3,2026-10-27 00:00:00,2026-10-04 00:00:00,P1D,fcre,1.6,ensemble,59,Chla_ugL_mean,5.5030813786766
vera4cast,chlorocast_ens3,2026-10-28 00:00:00,2026-10-04 00:00:00,P1D,fcre,1.6,ensemble,59,Chla_ugL_mean,5.51100989649127
vera4cast,chlorocast_ens3,2026-10-29 00:00:00,2026-10-04 00:00:00,P1D,fcre,1.6,ensemble,59,Chla_ugL_mean,5.55988966366256
vera4cast,chlorocast_ens3,2026-10-30 00:00:00,2026-10-04 00:00:00,P1D,fcre,1.6,ensemble,59,Chla_ugL_mean,5.59461854719987
vera4cast,chlorocast_ens3,2026-10-31 00:00:00,2026-10-04 00:00:00,P1D,fcre,1.6,ensemble,59,Chla_ugL_mean,5.68952431253901
vera4cast,chlorocast_ens3,2026-11-01 00:00:00,2026-10-04 00:00:00,P1D,fcre,1.6,ensemble,59,Chla_ugL_mean,5.76481002269934
vera4cast,chlorocast_ens3,2026-11-02 00:00:00,2026-10-04 00:00:00,P1D,fcre,1.6,ensemble,59,Chla_ugL_mean,5.86668563771613
vera4cast,chlorocast_ens3,2026-11-03 00:00:00,2026-10-04 00:00:00,P1D,fcre,1.6,ensemble,59,Chla_ugL_mean,5.92317296911688
vera4cast,chlorocast_ens3,2026-11-04 00:00:00,2026-10-04 00:00:00,P1D,fcre,1.6,ensemble,59,Chla_ugL_mean,5.94180811290007
vera4cast,chlorocast_ens3,2026-11-05 00:00:00,2026-10-04 00:00:00,P1D,fcre,1.6,ensemble,59,Chla_ugL_mean,6.07607058033703
vera4cast,chlorocast_ens3,2026-11-06 00:00:00,2026-10-04 00:00:00,P1D,fcre,1.6,ensemble,59,Chla_ugL_mean,6.18673829125264
vera4cast,chlorocast_ens3,2026-11-07 00:00:00,2026-10-04 00:00:00,P1D,fcre,1.6,ensemble,59,Chla_ugL_mean,6.3509223245958
vera4cast,chlorocast_ens3,2026-11-08 00:00:00,2026-10-04 00:00:00,P1D,fcre,1.6,ensemble,59,Chla_ugL_mean,6.45901753671859
vera4cast,chlorocast_ens3,2026-10-05 00:00:00,2026-10-04 00:00:00,P1D,fcre,1.6,ensemble,60,Chla_ugL_mean,6.02278680889056
vera4cast,chlorocast_ens3,2026-10-06 00:00:00,2026-10-04 00:00:00,P1D,fcre,1.6,ensemble,60,Chla_ugL_mean,5.99861257942863
vera4cast,chlorocast_ens3,2026-10-07 00:00:00,2026-10-04 00:00:00,P1D,fcre,1.6,ensemble,60,Chla_ugL_mean,5.85426339559042
vera4cast,chlorocast_ens3,2026-10-08 00:00:00,2026-10-04 00:00:00,P1D,fcre,1.6,ensemble,60,Chla_ugL_mean,5.81083271734161
vera4cast,chlorocast_ens3,2026-10-09 00:00:00,2026-10-04 00:00:00,P1D,fcre,1.6,ensemble,60,Chla_ugL_mean,5.7566348829237
vera4cast,chlorocast_ens3,2026-10-10 00:00:00,2026-10-04 00:00:00,P1D,fcre,1.6,ensemble,60,Chla_ugL_mean,5.64496692321574
vera4cast,chlorocast_ens3,2026-10-11 00:00:00,2026-10-04 00:00:00,P1D,fcre,1.6,ensemble,60,Chla_ugL_mean,5.55814656214145
vera4cast,chlorocast_ens3,2026-10-12 00:00:00,2026-10-04 00:00:00,P1D,fcre,1.6,ensemble,60,Chla_ugL_mean,5.53338363705874
vera4cast,chlorocast_ens3,2026-10-13 00:00:00,2026-10-04 00:00:00,P1D,fcre,1.6,ensemble,60,Chla_ugL_mean,5.52219956728509
vera4cast,chlorocast_ens3,2026-10-14 00:00:00,2026-10-04 00:00:00,P1D,fcre,1.6,ensemble,60,Chla_ugL_mean,5.54547900529666
vera4cast,chlorocast_ens3,2026-10-15 00:00:00,2026-10-04 00:00:00,P1D,fcre,1.6,ensemble,60,Chla_ugL_mean,5.52477895038255
vera4cast,chlorocast_ens3,2026-10-16 00:00:00,2026-10-04 00:00:00,P1D,fcre,1.6,ensemble,60,Chla_ugL_mean,5.51223895135424
vera4cast,chlorocast_ens3,2026-10-17 00:00:00,2026-10-04 00:00:00,P1D,fcre,1.6,ensemble,60,Chla_ugL_mean,5.49060394506222
vera4cast,chlorocast_ens3,2026-10-18 00:00:00,2026-10-04 00:00:00,P1D,fcre,1.6,ensemble,60,Chla_ugL_mean,5.4836957967731
vera4cast,chlorocast_ens3,2026-10-19 00:00:00,2026-10-04 00:00:00,P1D,fcre,1.6,ensemble,60,Chla_ugL_mean,5.49110619150752
vera4cast,chlorocast_ens3,2026-10-20 00:00:00,2026-10-04 00:00:00,P1D,fcre,1.6,ensemble,60,Chla_ugL_mean,5.4850025037793
vera4cast,chlorocast_ens3,2026-10-21 00:00:00,2026-10-04 00:00:00,P1D,fcre,1.6,ensemble,60,Chla_ugL_mean,5.49149044339401
vera4cast,chlorocast_ens3,2026-10-22 00:00:00,2026-10-04 00:00:00,P1D,fcre,1.6,ensemble,60,Chla_ugL_mean,5.4611536488035
vera4cast,chlorocast_ens3,2026-10-23 00:00:00,2026-10-04 00:00:00,P1D,fcre,1.6,ensemble,60,Chla_ugL_mean,5.44215681860874
vera4cast,chlorocast_ens3,2026-10-24 00:00:00,2026-10-04 00:00:00,P1D,fcre,1.6,ensemble,60,Chla_ugL_mean,5.42579182734962
vera4cast,chlorocast_ens3,2026-10-25 00:00:00,2026-10-04 00:00:00,P1D,fcre,1.6,ensemble,60,Chla_ugL_mean,5.51870975451129
vera4cast,chlorocast_ens3,2026-10-26 00:00:00,2026-10-04 00:00:00,P1D,fcre,1.6,ensemble,60,Chla_ugL_mean,5.50976094691467
vera4cast,chlorocast_ens3,2026-10-27 00:00:00,2026-10-04 00:00:00,P1D,fcre,1.6,ensemble,60,Chla_ugL_mean,5.566911619485
vera4cast,chlorocast_ens3,2026-10-28 00:00:00,2026-10-04 00:00:00,P1D,fcre,1.6,ensemble,60,Chla_ugL_mean,5.573952430369
vera4cast,chlorocast_ens3,2026-10-29 00:00:00,2026-10-04 00:00:00,P1D,fcre,1.6,ensemble,60,Chla_ugL_mean,5.62418513539949
vera4cast,chlorocast_ens3,2026-10-30 00:00:00,2026-10-04 00:00:00,P1D,fcre,1.6,ensemble,60,Chla_ugL_mean,5.65897691702266
vera4cast,chlorocast_ens3,2026-10-31 00:00:00,2026-10-04 00:00:00,P1D,fcre,1.6,ensemble,60,Chla_ugL_mean,5.75585876564309
vera4cast,chlorocast_ens3,2026-11-01 00:00:00,2026-10-04 00:00:00,P1D,fcre,1.6,ensemble,60,Chla_ugL_mean,5.830487831969
vera4cast,chlorocast_ens3,2026-11-02 00:00:00,2026-10-04 00:00:00,P1D,fcre,1.6,ensemble,60,Chla_ugL_mean,5.9341942976818
vera4cast,chlorocast_ens3,2026-11-03 00:00:00,2026-10-04 00:00:00,P1D,fcre,1.6,ensemble,60,Chla_ugL_mean,5.99199886667424
vera4cast,chlorocast_ens3,2026-11-04 00:00:00,2026-10-04 00:00:00,P1D,fcre,1.6,ensemble,60,Chla_ugL_mean,6.00976249889021
vera4cast,chlorocast_ens3,2026-11-05 00:00:00,2026-10-04 00:00:00,P1D,fcre,1.6,ensemble,60,Chla_ugL_mean,6.14864331442724
vera4cast,chlorocast_ens3,2026-11-06 00:00:00,2026-10-04 00:00:00,P1D,fcre,1.6,ensemble,60,Chla_ugL_mean,6.26287708366645
vera4cast,chlorocast_ens3,2026-11-07 00:00:00,2026-10-04 00:00:00,P1D,fcre,1.6,ensemble,60,Chla_ugL_mean,6.4251981903543
vera4cast,chlorocast_ens3,2026-11-08 00:00:00,2026-10-04 00:00:00,P1D,fcre,1.6,ensemble,60,Chla_ugL_mean,6.5372561252653
vera4cast,chlorocast_ens3,2026-10-05 00:00:00,2026-10-04 00:00:00,P1D,fcre,1.6,ensemble,61,Chla_ugL_mean,6.081478074818
vera4cast,chlorocast_ens3,2026-10-06 00:00:00,2026-10-04 00:00:00,P1D,fcre,1.6,ensemble,61,Chla_ugL_mean,6.05542547499148
vera4cast,chlorocast_ens3,2026-10-07 00:00:00,2026-10-04 00:00:00,P1D,fcre,1.6,ensemble,61,Chla_ugL_mean,5.91118229012066
vera4cast,chlorocast_ens3,2026-10-08 00:00:00,2026-10-04 00:00:00,P1D,fcre,1.6,ensemble,61,Chla_ugL_mean,5.86754332402005
vera4cast,chlorocast_ens3,2026-10-09 00:00:00,2026-10-04 00:00:00,P1D,fcre,1.6,ensemble,61,Chla_ugL_mean,5.81306776734503
vera4cast,chlorocast_ens3,2026-10-10 00:00:00,2026-10-04 00:00:00,P1D,fcre,1.6,ensemble,61,Chla_ugL_mean,5.70246028618366
vera4cast,chlorocast_ens3,2026-10-11 00:00:00,2026-10-04 00:00:00,P1D,fcre,1.6,ensemble,61,Chla_ugL_mean,5.6147912014193
vera4cast,chlorocast_ens3,2026-10-12 00:00:00,2026-10-04 00:00:00,P1D,fcre,1.6,ensemble,61,Chla_ugL_mean,5.58941352241445
vera4cast,chlorocast_ens3,2026-10-13 00:00:00,2026-10-04 00:00:00,P1D,fcre,1.6,ensemble,61,Chla_ugL_mean,5.57900646681447
vera4cast,chlorocast_ens3,2026-10-14 00:00:00,2026-10-04 00:00:00,P1D,fcre,1.6,ensemble,61,Chla_ugL_mean,5.60377105571773
vera4cast,chlorocast_ens3,2026-10-15 00:00:00,2026-10-04 00:00:00,P1D,fcre,1.6,ensemble,61,Chla_ugL_mean,5.58121705599689
vera4cast,chlorocast_ens3,2026-10-16 00:00:00,2026-10-04 00:00:00,P1D,fcre,1.6,ensemble,61,Chla_ugL_mean,5.56831031515844
vera4cast,chlorocast_ens3,2026-10-17 00:00:00,2026-10-04 00:00:00,P1D,fcre,1.6,ensemble,61,Chla_ugL_mean,5.54739730828798
vera4cast,chlorocast_ens3,2026-10-18 00:00:00,2026-10-04 00:00:00,P1D,fcre,1.6,ensemble,61,Chla_ugL_mean,5.53999864512897
vera4cast,chlorocast_ens3,2026-10-19 00:00:00,2026-10-04 00:00:00,P1D,fcre,1.6,ensemble,61,Chla_ugL_mean,5.54777613493691
vera4cast,chlorocast_ens3,2026-10-20 00:00:00,2026-10-04 00:00:00,P1D,fcre,1.6,ensemble,61,Chla_ugL_mean,5.53940213553793
vera4cast,chlorocast_ens3,2026-10-21 00:00:00,2026-10-04 00:00:00,P1D,fcre,1.6,ensemble,61,Chla_ugL_mean,5.54855393365112
vera4cast,chlorocast_ens3,2026-10-22 00:00:00,2026-10-04 00:00:00,P1D,fcre,1.6,ensemble,61,Chla_ugL_mean,5.5183994861388
vera4cast,chlorocast_ens3,2026-10-23 00:00:00,2026-10-04 00:00:00,P1D,fcre,1.6,ensemble,61,Chla_ugL_mean,5.49815949952324
vera4cast,chlorocast_ens3,2026-10-24 00:00:00,2026-10-04 00:00:00,P1D,fcre,1.6,ensemble,61,Chla_ugL_mean,5.48222215304575
vera4cast,chlorocast_ens3,2026-10-25 00:00:00,2026-10-04 00:00:00,P1D,fcre,1.6,ensemble,61,Chla_ugL_mean,5.57253615366331
vera4cast,chlorocast_ens3,2026-10-26 00:00:00,2026-10-04 00:00:00,P1D,fcre,1.6,ensemble,61,Chla_ugL_mean,5.56678109913072
vera4cast,chlorocast_ens3,2026-10-27 00:00:00,2026-10-04 00:00:00,P1D,fcre,1.6,ensemble,61,Chla_ugL_mean,5.62444091932955
vera4cast,chlorocast_ens3,2026-10-28 00:00:00,2026-10-04 00:00:00,P1D,fcre,1.6,ensemble,61,Chla_ugL_mean,5.63167628327814
vera4cast,chlorocast_ens3,2026-10-29 00:00:00,2026-10-04 00:00:00,P1D,fcre,1.6,ensemble,61,Chla_ugL_mean,5.68327242248758
vera4cast,chlorocast_ens3,2026-10-30 00:00:00,2026-10-04 00:00:00,P1D,fcre,1.6,ensemble,61,Chla_ugL_mean,5.7158284855265
vera4cast,chlorocast_ens3,2026-10-31 00:00:00,2026-10-04 00:00:00,P1D,fcre,1.6,ensemble,61,Chla_ugL_mean,5.81511789501293
vera4cast,chlorocast_ens3,2026-11-01 00:00:00,2026-10-04 00:00:00,P1D,fcre,1.6,ensemble,61,Chla_ugL_mean,5.88901188655891
vera4cast,chlorocast_ens3,2026-11-02 00:00:00,2026-10-04 00:00:00,P1D,fcre,1.6,ensemble,61,Chla_ugL_mean,5.99249366243072
vera4cast,chlorocast_ens3,2026-11-03 00:00:00,2026-10-04 00:00:00,P1D,fcre,1.6,ensemble,61,Chla_ugL_mean,6.05102185377288
vera4cast,chlorocast_ens3,2026-11-04 00:00:00,2026-10-04 00:00:00,P1D,fcre,1.6,ensemble,61,Chla_ugL_mean,6.0706219476043
vera4cast,chlorocast_ens3,2026-11-05 00:00:00,2026-10-04 00:00:00,P1D,fcre,1.6,ensemble,61,Chla_ugL_mean,6.20994075935982
vera4cast,chlorocast_ens3,2026-11-06 00:00:00,2026-10-04 00:00:00,P1D,fcre,1.6,ensemble,61,Chla_ugL_mean,6.32600556706839
vera4cast,chlorocast_ens3,2026-11-07 00:00:00,2026-10-04 00:00:00,P1D,fcre,1.6,ensemble,61,Chla_ugL_mean,6.48833199526898
vera4cast,chlorocast_ens3,2026-11-08 00:00:00,2026-10-04 00:00:00,P1D,fcre,1.6,ensemble,61,Chla_ugL_mean,6.6038767451933
vera4cast,chlorocast_ens3,2026-10-05 00:00:00,2026-10-04 00:00:00,P1D,fcre,1.6,ensemble,62,Chla_ugL_mean,6.13862570848572
vera4cast,chlorocast_ens3,2026-10-06 00:00:00,2026-10-04 00:00:00,P1D,fcre,1.6,ensemble,62,Chla_ugL_mean,6.11033080532002
vera4cast,chlorocast_ens3,2026-10-07 00:00:00,2026-10-04 00:00:00,P1D,fcre,1.6,ensemble,62,Chla_ugL_mean,5.96599462287509
vera4cast,chlorocast_ens3,2026-10-08 00:00:00,2026-10-04 00:00:00,P1D,fcre,1.6,ensemble,62,Chla_ugL_mean,5.92245477248921
vera4cast,chlorocast_ens3,2026-10-09 00:00:00,2026-10-04 00:00:00,P1D,fcre,1.6,ensemble,62,Chla_ugL_mean,5.86795776034029
vera4cast,chlorocast_ens3,2026-10-10 00:00:00,2026-10-04 00:00:00,P1D,fcre,1.6,ensemble,62,Chla_ugL_mean,5.75934304368968
vera4cast,chlorocast_ens3,2026-10-11 00:00:00,2026-10-04 00:00:00,P1D,fcre,1.6,ensemble,62,Chla_ugL_mean,5.67100685501517
vera4cast,chlorocast_ens3,2026-10-12 00:00:00,2026-10-04 00:00:00,P1D,fcre,1.6,ensemble,62,Chla_ugL_mean,5.64349540393903
vera4cast,chlorocast_ens3,2026-10-13 00:00:00,2026-10-04 00:00:00,P1D,fcre,1.6,ensemble,62,Chla_ugL_mean,5.63464275094936
vera4cast,chlorocast_ens3,2026-10-14 00:00:00,2026-10-04 00:00:00,P1D,fcre,1.6,ensemble,62,Chla_ugL_mean,5.66141458644778
vera4cast,chlorocast_ens3,2026-10-15 00:00:00,2026-10-04 00:00:00,P1D,fcre,1.6,ensemble,62,Chla_ugL_mean,5.63627066369095
vera4cast,chlorocast_ens3,2026-10-16 00:00:00,2026-10-04 00:00:00,P1D,fcre,1.6,ensemble,62,Chla_ugL_mean,5.6231784795522
vera4cast,chlorocast_ens3,2026-10-17 00:00:00,2026-10-04 00:00:00,P1D,fcre,1.6,ensemble,62,Chla_ugL_mean,5.60346684361784
vera4cast,chlorocast_ens3,2026-10-18 00:00:00,2026-10-04 00:00:00,P1D,fcre,1.6,ensemble,62,Chla_ugL_mean,5.59491005626228
vera4cast,chlorocast_ens3,2026-10-19 00:00:00,2026-10-04 00:00:00,P1D,fcre,1.6,ensemble,62,Chla_ugL_mean,5.60330211032443
vera4cast,chlorocast_ens3,2026-10-20 00:00:00,2026-10-04 00:00:00,P1D,fcre,1.6,ensemble,62,Chla_ugL_mean,5.59243331384477
vera4cast,chlorocast_ens3,2026-10-21 00:00:00,2026-10-04 00:00:00,P1D,fcre,1.6,ensemble,62,Chla_ugL_mean,5.60405441813297
vera4cast,chlorocast_ens3,2026-10-22 00:00:00,2026-10-04 00:00:00,P1D,fcre,1.6,ensemble,62,Chla_ugL_mean,5.57452784761495
vera4cast,chlorocast_ens3,2026-10-23 00:00:00,2026-10-04 00:00:00,P1D,fcre,1.6,ensemble,62,Chla_ugL_mean,5.55315905674078
vera4cast,chlorocast_ens3,2026-10-24 00:00:00,2026-10-04 00:00:00,P1D,fcre,1.6,ensemble,62,Chla_ugL_mean,5.53811396847721
vera4cast,chlorocast_ens3,2026-10-25 00:00:00,2026-10-04 00:00:00,P1D,fcre,1.6,ensemble,62,Chla_ugL_mean,5.62438792819704
vera4cast,chlorocast_ens3,2026-10-26 00:00:00,2026-10-04 00:00:00,P1D,fcre,1.6,ensemble,62,Chla_ugL_mean,5.62308149489165
vera4cast,chlorocast_ens3,2026-10-27 00:00:00,2026-10-04 00:00:00,P1D,fcre,1.6,ensemble,62,Chla_ugL_mean,5.68072830763168
vera4cast,chlorocast_ens3,2026-10-28 00:00:00,2026-10-04 00:00:00,P1D,fcre,1.6,ensemble,62,Chla_ugL_mean,5.68843821843071
vera4cast,chlorocast_ens3,2026-10-29 00:00:00,2026-10-04 00:00:00,P1D,fcre,1.6,ensemble,62,Chla_ugL_mean,5.74141495723272
vera4cast,chlorocast_ens3,2026-10-30 00:00:00,2026-10-04 00:00:00,P1D,fcre,1.6,ensemble,62,Chla_ugL_mean,5.77111589504555
vera4cast,chlorocast_ens3,2026-10-31 00:00:00,2026-10-04 00:00:00,P1D,fcre,1.6,ensemble,62,Chla_ugL_mean,5.87294796412794
vera4cast,chlorocast_ens3,2026-11-01 00:00:00,2026-10-04 00:00:00,P1D,fcre,1.6,ensemble,62,Chla_ugL_mean,5.9460742262284
vera4cast,chlorocast_ens3,2026-11-02 00:00:00,2026-10-04 00:00:00,P1D,fcre,1.6,ensemble,62,Chla_ugL_mean,6.0487963736315
vera4cast,chlorocast_ens3,2026-11-03 00:00:00,2026-10-04 00:00:00,P1D,fcre,1.6,ensemble,62,Chla_ugL_mean,6.10790162311704
vera4cast,chlorocast_ens3,2026-11-04 00:00:00,2026-10-04 00:00:00,P1D,fcre,1.6,ensemble,62,Chla_ugL_mean,6.13005424346385
vera4cast,chlorocast_ens3,2026-11-05 00:00:00,2026-10-04 00:00:00,P1D,fcre,1.6,ensemble,62,Chla_ugL_mean,6.26873629875378
vera4cast,chlorocast_ens3,2026-11-06 00:00:00,2026-10-04 00:00:00,P1D,fcre,1.6,ensemble,62,Chla_ugL_mean,6.38620259923815
vera4cast,chlorocast_ens3,2026-11-07 00:00:00,2026-10-04 00:00:00,P1D,fcre,1.6,ensemble,62,Chla_ugL_mean,6.54900715598718
vera4cast,chlorocast_ens3,2026-11-08 00:00:00,2026-10-04 00:00:00,P1D,fcre,1.6,ensemble,62,Chla_ugL_mean,6.66795227619474
vera4cast,chlorocast_ens3,2026-10-05 00:00:00,2026-10-04 00:00:00,P1D,fcre,1.6,ensemble,63,Chla_ugL_mean,6.19623452440936
vera4cast,chlorocast_ens3,2026-10-06 00:00:00,2026-10-04 00:00:00,P1D,fcre,1.6,ensemble,63,Chla_ugL_mean,6.16566340900141
vera4cast,chlorocast_ens3,2026-10-07 00:00:00,2026-10-04 00:00:00,P1D,fcre,1.6,ensemble,63,Chla_ugL_mean,6.02124167022621
vera4cast,chlorocast_ens3,2026-10-08 00:00:00,2026-10-04 00:00:00,P1D,fcre,1.6,ensemble,63,Chla_ugL_mean,5.97780528148274
vera4cast,chlorocast_ens3,2026-10-09 00:00:00,2026-10-04 00:00:00,P1D,fcre,1.6,ensemble,63,Chla_ugL_mean,5.92328997869334
vera4cast,chlorocast_ens3,2026-10-10 00:00:00,2026-10-04 00:00:00,P1D,fcre,1.6,ensemble,63,Chla_ugL_mean,5.8167085564771
vera4cast,chlorocast_ens3,2026-10-11 00:00:00,2026-10-04 00:00:00,P1D,fcre,1.6,ensemble,63,Chla_ugL_mean,5.7277002560732
vera4cast,chlorocast_ens3,2026-10-12 00:00:00,2026-10-04 00:00:00,P1D,fcre,1.6,ensemble,63,Chla_ugL_mean,5.69802115651514
vera4cast,chlorocast_ens3,2026-10-13 00:00:00,2026-10-04 00:00:00,P1D,fcre,1.6,ensemble,63,Chla_ugL_mean,5.69074953106689
vera4cast,chlorocast_ens3,2026-10-14 00:00:00,2026-10-04 00:00:00,P1D,fcre,1.6,ensemble,63,Chla_ugL_mean,5.71956128068955
vera4cast,chlorocast_ens3,2026-10-15 00:00:00,2026-10-04 00:00:00,P1D,fcre,1.6,ensemble,63,Chla_ugL_mean,5.69178480926035
vera4cast,chlorocast_ens3,2026-10-16 00:00:00,2026-10-04 00:00:00,P1D,fcre,1.6,ensemble,63,Chla_ugL_mean,5.67850498335435
vera4cast,chlorocast_ens3,2026-10-17 00:00:00,2026-10-04 00:00:00,P1D,fcre,1.6,ensemble,63,Chla_ugL_mean,5.66001653810776
vera4cast,chlorocast_ens3,2026-10-18 00:00:00,2026-10-04 00:00:00,P1D,fcre,1.6,ensemble,63,Chla_ugL_mean,5.65028251689058
vera4cast,chlorocast_ens3,2026-10-19 00:00:00,2026-10-04 00:00:00,P1D,fcre,1.6,ensemble,63,Chla_ugL_mean,5.65929895305365
vera4cast,chlorocast_ens3,2026-10-20 00:00:00,2026-10-04 00:00:00,P1D,fcre,1.6,ensemble,63,Chla_ugL_mean,5.6458945476543
vera4cast,chlorocast_ens3,2026-10-21 00:00:00,2026-10-04 00:00:00,P1D,fcre,1.6,ensemble,63,Chla_ugL_mean,5.66002528184799
vera4cast,chlorocast_ens3,2026-10-22 00:00:00,2026-10-04 00:00:00,P1D,fcre,1.6,ensemble,63,Chla_ugL_mean,5.63113951683692
vera4cast,chlorocast_ens3,2026-10-23 00:00:00,2026-10-04 00:00:00,P1D,fcre,1.6,ensemble,63,Chla_ugL_mean,5.60862412289118
vera4cast,chlorocast_ens3,2026-10-24 00:00:00,2026-10-04 00:00:00,P1D,fcre,1.6,ensemble,63,Chla_ugL_mean,5.59448770121395
vera4cast,chlorocast_ens3,2026-10-25 00:00:00,2026-10-04 00:00:00,P1D,fcre,1.6,ensemble,63,Chla_ugL_mean,5.67664876955969
vera4cast,chlorocast_ens3,2026-10-26 00:00:00,2026-10-04 00:00:00,P1D,fcre,1.6,ensemble,63,Chla_ugL_mean,5.67986458293591
vera4cast,chlorocast_ens3,2026-10-27 00:00:00,2026-10-04 00:00:00,P1D,fcre,1.6,ensemble,63,Chla_ugL_mean,5.73749396574111
vera4cast,chlorocast_ens3,2026-10-28 00:00:00,2026-10-04 00:00:00,P1D,fcre,1.6,ensemble,63,Chla_ugL_mean,5.74568599112188
vera4cast,chlorocast_ens3,2026-10-29 00:00:00,2026-10-04 00:00:00,P1D,fcre,1.6,ensemble,63,Chla_ugL_mean,5.80006331519333
vera4cast,chlorocast_ens3,2026-10-30 00:00:00,2026-10-04 00:00:00,P1D,fcre,1.6,ensemble,63,Chla_ugL_mean,5.82685845282485
vera4cast,chlorocast_ens3,2026-10-31 00:00:00,2026-10-04 00:00:00,P1D,fcre,1.6,ensemble,63,Chla_ugL_mean,5.93126875357169
vera4cast,chlorocast_ens3,2026-11-01 00:00:00,2026-10-04 00:00:00,P1D,fcre,1.6,ensemble,63,Chla_ugL_mean,6.00360921867627
vera4cast,chlorocast_ens3,2026-11-02 00:00:00,2026-10-04 00:00:00,P1D,fcre,1.6,ensemble,63,Chla_ugL_mean,6.10555242743673
vera4cast,chlorocast_ens3,2026-11-03 00:00:00,2026-10-04 00:00:00,P1D,fcre,1.6,ensemble,63,Chla_ugL_mean,6.16524023491378
vera4cast,chlorocast_ens3,2026-11-04 00:00:00,2026-10-04 00:00:00,P1D,fcre,1.6,ensemble,63,Chla_ugL_mean,6.18998609902513
vera4cast,chlorocast_ens3,2026-11-05 00:00:00,2026-10-04 00:00:00,P1D,fcre,1.6,ensemble,63,Chla_ugL_mean,6.32801130331507
vera4cast,chlorocast_ens3,2026-11-06 00:00:00,2026-10-04 00:00:00,P1D,fcre,1.6,ensemble,63,Chla_ugL_mean,6.44689426421277
vera4cast,chlorocast_ens3,2026-11-07 00:00:00,2026-10-04 00:00:00,P1D,fcre,1.6,ensemble,63,Chla_ugL_mean,6.61017394489848
vera4cast,chlorocast_ens3,2026-11-08 00:00:00,2026-10-04 00:00:00,P1D,fcre,1.6,ensemble,63,Chla_ugL_mean,6.73256775199154
vera4cast,chlorocast_ens3,2026-10-05 00:00:00,2026-10-04 00:00:00,P1D,fcre,1.6,ensemble,64,Chla_ugL_mean,6.25430824433661
vera4cast,chlorocast_ens3,2026-10-06 00:00:00,2026-10-04 00:00:00,P1D,fcre,1.6,ensemble,64,Chla_ugL_mean,6.22142661107744
vera4cast,chlorocast_ens3,2026-10-07 00:00:00,2026-10-04 00:00:00,P1D,fcre,1.6,ensemble,64,Chla_ugL_mean,6.07692687987953
vera4cast,chlorocast_ens3,2026-10-08 00:00:00,2026-10-04 00:00:00,P1D,fcre,1.6,ensemble,64,Chla_ugL_mean,6.03359836163731
vera4cast,chlorocast_ens3,2026-10-09 00:00:00,2026-10-04 00:00:00,P1D,fcre,1.6,ensemble,64,Chla_ugL_mean,5.97906798522603
vera4cast,chlorocast_ens3,2026-10-10 00:00:00,2026-10-04 00:00:00,P1D,fcre,1.6,ensemble,64,Chla_ugL_mean,5.87456092161631
vera4cast,chlorocast_ens3,2026-10-11 00:00:00,2026-10-04 00:00:00,P1D,fcre,1.6,ensemble,64,Chla_ugL_mean,5.78487546471942
vera4cast,chlorocast_ens3,2026-10-12 00:00:00,2026-10-04 00:00:00,P1D,fcre,1.6,ensemble,64,Chla_ugL_mean,5.75299442316529
vera4cast,chlorocast_ens3,2026-10-13 00:00:00,2026-10-04 00:00:00,P1D,fcre,1.6,ensemble,64,Chla_ugL_mean,5.74733078598184
vera4cast,chlorocast_ens3,2026-10-14 00:00:00,2026-10-04 00:00:00,P1D,fcre,1.6,ensemble,64,Chla_ugL_mean,5.77821553049739
vera4cast,chlorocast_ens3,2026-10-15 00:00:00,2026-10-04 00:00:00,P1D,fcre,1.6,ensemble,64,Chla_ugL_mean,5.74776334522527
vera4cast,chlorocast_ens3,2026-10-16 00:00:00,2026-10-04 00:00:00,P1D,fcre,1.6,ensemble,64,Chla_ugL_mean,5.73429365528808
vera4cast,chlorocast_ens3,2026-10-17 00:00:00,2026-10-04 00:00:00,P1D,fcre,1.6,ensemble,64,Chla_ugL_mean,5.7170505036666
vera4cast,chlorocast_ens3,2026-10-18 00:00:00,2026-10-04 00:00:00,P1D,fcre,1.6,ensemble,64,Chla_ugL_mean,5.706119898097
vera4cast,chlorocast_ens3,2026-10-19 00:00:00,2026-10-04 00:00:00,P1D,fcre,1.6,ensemble,64,Chla_ugL_mean,5.7157706561396
vera4cast,chlorocast_ens3,2026-10-20 00:00:00,2026-10-04 00:00:00,P1D,fcre,1.6,ensemble,64,Chla_ugL_mean,5.6997893244948
vera4cast,chlorocast_ens3,2026-10-21 00:00:00,2026-10-04 00:00:00,P1D,fcre,1.6,ensemble,64,Chla_ugL_mean,5.71647051136721
vera4cast,chlorocast_ens3,2026-10-22 00:00:00,2026-10-04 00:00:00,P1D,fcre,1.6,ensemble,64,Chla_ugL_mean,5.68823865545082
vera4cast,chlorocast_ens3,2026-10-23 00:00:00,2026-10-04 00:00:00,P1D,fcre,1.6,ensemble,64,Chla_ugL_mean,5.66455863798008
vera4cast,chlorocast_ens3,2026-10-24 00:00:00,2026-10-04 00:00:00,P1D,fcre,1.6,ensemble,64,Chla_ugL_mean,5.6513475065028
vera4cast,chlorocast_ens3,2026-10-25 00:00:00,2026-10-04 00:00:00,P1D,fcre,1.6,ensemble,64,Chla_ugL_mean,5.72932190494399
vera4cast,chlorocast_ens3,2026-10-26 00:00:00,2026-10-04 00:00:00,P1D,fcre,1.6,ensemble,64,Chla_ugL_mean,5.73713450163299
vera4cast,chlorocast_ens3,2026-10-27 00:00:00,2026-10-04 00:00:00,P1D,fcre,1.6,ensemble,64,Chla_ugL_mean,5.79474195748127
vera4cast,chlorocast_ens3,2026-10-28 00:00:00,2026-10-04 00:00:00,P1D,fcre,1.6,ensemble,64,Chla_ugL_mean,5.80342375973901
vera4cast,chlorocast_ens3,2026-10-29 00:00:00,2026-10-04 00:00:00,P1D,fcre,1.6,ensemble,64,Chla_ugL_mean,5.8592218968849
vera4cast,chlorocast_ens3,2026-10-30 00:00:00,2026-10-04 00:00:00,P1D,fcre,1.6,ensemble,64,Chla_ugL_mean,5.8830599058285
vera4cast,chlorocast_ens3,2026-10-31 00:00:00,2026-10-04 00:00:00,P1D,fcre,1.6,ensemble,64,Chla_ugL_mean,5.99008442737934
vera4cast,chlorocast_ens3,2026-11-01 00:00:00,2026-10-04 00:00:00,P1D,fcre,1.6,ensemble,64,Chla_ugL_mean,6.06162077893038
vera4cast,chlorocast_ens3,2026-11-02 00:00:00,2026-10-04 00:00:00,P1D,fcre,1.6,ensemble,64,Chla_ugL_mean,6.16276547410611
vera4cast,chlorocast_ens3,2026-11-03 00:00:00,2026-10-04 00:00:00,P1D,fcre,1.6,ensemble,64,Chla_ugL_mean,6.22304139059156
vera4cast,chlorocast_ens3,2026-11-04 00:00:00,2026-10-04 00:00:00,P1D,fcre,1.6,ensemble,64,Chla_ugL_mean,6.25042171335014
vera4cast,chlorocast_ens3,2026-11-05 00:00:00,2026-10-04 00:00:00,P1D,fcre,1.6,ensemble,64,Chla_ugL_mean,6.38776968298055
vera4cast,chlorocast_ens3,2026-11-06 00:00:00,2026-10-04 00:00:00,P1D,fcre,1.6,ensemble,64,Chla_ugL_mean,6.50808462633899
vera4cast,chlorocast_ens3,2026-11-07 00:00:00,2026-10-04 00:00:00,P1D,fcre,1.6,ensemble,64,Chla_ugL_mean,6.67183634548273
vera4cast,chlorocast_ens3,2026-11-08 00:00:00,2026-10-04 00:00:00,P1D,fcre,1.6,ensemble,64,Chla_ugL_mean,6.79772772253244
vera4cast,chlorocast_ens3,2026-10-05 00:00:00,2026-10-04 00:00:00,P1D,fcre,1.6,ensemble,65,Chla_ugL_mean,6.31285062004971
vera4cast,chlorocast_ens3,2026-10-06 00:00:00,2026-10-04 00:00:00,P1D,fcre,1.6,ensemble,65,Chla_ugL_mean,6.27762376246539
vera4cast,chlorocast_ens3,2026-10-07 00:00:00,2026-10-04 00:00:00,P1D,fcre,1.6,ensemble,65,Chla_ugL_mean,6.13305372688416
vera4cast,chlorocast_ens3,2026-10-08 00:00:00,2026-10-04 00:00:00,P1D,fcre,1.6,ensemble,65,Chla_ugL_mean,6.08983755165988
vera4cast,chlorocast_ens3,2026-10-09 00:00:00,2026-10-04 00:00:00,P1D,fcre,1.6,ensemble,65,Chla_ugL_mean,6.03529537146438
vera4cast,chlorocast_ens3,2026-10-10 00:00:00,2026-10-04 00:00:00,P1D,fcre,1.6,ensemble,65,Chla_ugL_mean,5.93290427094892
vera4cast,chlorocast_ens3,2026-10-11 00:00:00,2026-10-04 00:00:00,P1D,fcre,1.6,ensemble,65,Chla_ugL_mean,5.84253657558471
vera4cast,chlorocast_ens3,2026-10-12 00:00:00,2026-10-04 00:00:00,P1D,fcre,1.6,ensemble,65,Chla_ugL_mean,5.80841887681165
vera4cast,chlorocast_ens3,2026-10-13 00:00:00,2026-10-04 00:00:00,P1D,fcre,1.6,ensemble,65,Chla_ugL_mean,5.80439052815637
vera4cast,chlorocast_ens3,2026-10-14 00:00:00,2026-10-04 00:00:00,P1D,fcre,1.6,ensemble,65,Chla_ugL_mean,5.83738176626337
vera4cast,chlorocast_ens3,2026-10-15 00:00:00,2026-10-04 00:00:00,P1D,fcre,1.6,ensemble,65,Chla_ugL_mean,5.80421015633324
vera4cast,chlorocast_ens3,2026-10-16 00:00:00,2026-10-04 00:00:00,P1D,fcre,1.6,ensemble,65,Chla_ugL_mean,5.79054835605967
vera4cast,chlorocast_ens3,2026-10-17 00:00:00,2026-10-04 00:00:00,P1D,fcre,1.6,ensemble,65,Chla_ugL_mean,5.7745728874161
vera4cast,chlorocast_ens3,2026-10-18 00:00:00,2026-10-04 00:00:00,P1D,fcre,1.6,ensemble,65,Chla_ugL_mean,5.76242610346722
vera4cast,chlorocast_ens3,2026-10-19 00:00:00,2026-10-04 00:00:00,P1D,fcre,1.6,ensemble,65,Chla_ugL_mean,5.77272124645855
vera4cast,chlorocast_ens3,2026-10-20 00:00:00,2026-10-04 00:00:00,P1D,fcre,1.6,ensemble,65,Chla_ugL_mean,5.75412116017665
vera4cast,chlorocast_ens3,2026-10-21 00:00:00,2026-10-04 00:00:00,P1D,fcre,1.6,ensemble,65,Chla_ugL_mean,5.77339412704873
vera4cast,chlorocast_ens3,2026-10-22 00:00:00,2026-10-04 00:00:00,P1D,fcre,1.6,ensemble,65,Chla_ugL_mean,5.74582946093768
vera4cast,chlorocast_ens3,2026-10-23 00:00:00,2026-10-04 00:00:00,P1D,fcre,1.6,ensemble,65,Chla_ugL_mean,5.72096657536083
vera4cast,chlorocast_ens3,2026-10-24 00:00:00,2026-10-04 00:00:00,P1D,fcre,1.6,ensemble,65,Chla_ugL_mean,5.70869757541848
vera4cast,chlorocast_ens3,2026-10-25 00:00:00,2026-10-04 00:00:00,P1D,fcre,1.6,ensemble,65,Chla_ugL_mean,5.78241058700253
vera4cast,chlorocast_ens3,2026-10-26 00:00:00,2026-10-04 00:00:00,P1D,fcre,1.6,ensemble,65,Chla_ugL_mean,5.79489542483276
vera4cast,chlorocast_ens3,2026-10-27 00:00:00,2026-10-04 00:00:00,P1D,fcre,1.6,ensemble,65,Chla_ugL_mean,5.85247638120563
vera4cast,chlorocast_ens3,2026-10-28 00:00:00,2026-10-04 00:00:00,P1D,fcre,1.6,ensemble,65,Chla_ugL_mean,5.861655718262
vera4cast,chlorocast_ens3,2026-10-29 00:00:00,2026-10-04 00:00:00,P1D,fcre,1.6,ensemble,65,Chla_ugL_mean,5.91889514110615
vera4cast,chlorocast_ens3,2026-10-30 00:00:00,2026-10-04 00:00:00,P1D,fcre,1.6,ensemble,65,Chla_ugL_mean,5.93972403186713
vera4cast,chlorocast_ens3,2026-10-31 00:00:00,2026-10-04 00:00:00,P1D,fcre,1.6,ensemble,65,Chla_ugL_mean,6.0493991849202
vera4cast,chlorocast_ens3,2026-11-01 00:00:00,2026-10-04 00:00:00,P1D,fcre,1.6,ensemble,65,Chla_ugL_mean,6.12011285444714
vera4cast,chlorocast_ens3,2026-11-02 00:00:00,2026-10-04 00:00:00,P1D,fcre,1.6,ensemble,65,Chla_ugL_mean,6.22043919329076
vera4cast,chlorocast_ens3,2026-11-03 00:00:00,2026-10-04 00:00:00,P1D,fcre,1.6,ensemble,65,Chla_ugL_mean,6.28130882143781
vera4cast,chlorocast_ens3,2026-11-04 00:00:00,2026-10-04 00:00:00,P1D,fcre,1.6,ensemble,65,Chla_ugL_mean,6.31136532079621
vera4cast,chlorocast_ens3,2026-11-05 00:00:00,2026-10-04 00:00:00,P1D,fcre,1.6,ensemble,65,Chla_ugL_mean,6.44801537957179
vera4cast,chlorocast_ens3,2026-11-06 00:00:00,2026-10-04 00:00:00,P1D,fcre,1.6,ensemble,65,Chla_ugL_mean,6.56977778335988
vera4cast,chlorocast_ens3,2026-11-07 00:00:00,2026-10-04 00:00:00,P1D,fcre,1.6,ensemble,65,Chla_ugL_mean,6.73399837349644
vera4cast,chlorocast_ens3,2026-11-08 00:00:00,2026-10-04 00:00:00,P1D,fcre,1.6,ensemble,65,Chla_ugL_mean,6.86343677610722
vera4cast,chlorocast_ens3,2026-10-05 00:00:00,2026-10-04 00:00:00,P1D,fcre,1.6,ensemble,66,Chla_ugL_mean,6.37186543360784
vera4cast,chlorocast_ens3,2026-10-06 00:00:00,2026-10-04 00:00:00,P1D,fcre,1.6,ensemble,66,Chla_ugL_mean,6.33425824015937
vera4cast,chlorocast_ens3,2026-10-07 00:00:00,2026-10-04 00:00:00,P1D,fcre,1.6,ensemble,66,Chla_ugL_mean,6.1896257138497
vera4cast,chlorocast_ens3,2026-10-08 00:00:00,2026-10-04 00:00:00,P1D,fcre,1.6,ensemble,66,Chla_ugL_mean,6.14652641855222
vera4cast,chlorocast_ens3,2026-10-09 00:00:00,2026-10-04 00:00:00,P1D,fcre,1.6,ensemble,66,Chla_ugL_mean,6.09197575786978
vera4cast,chlorocast_ens3,2026-10-10 00:00:00,2026-10-04 00:00:00,P1D,fcre,1.6,ensemble,66,Chla_ugL_mean,5.99174277138283
vera4cast,chlorocast_ens3,2026-10-11 00:00:00,2026-10-04 00:00:00,P1D,fcre,1.6,ensemble,66,Chla_ugL_mean,5.90068771809811
vera4cast,chlorocast_ens3,2026-10-12 00:00:00,2026-10-04 00:00:00,P1D,fcre,1.6,ensemble,66,Chla_ugL_mean,5.86429822052151
vera4cast,chlorocast_ens3,2026-10-13 00:00:00,2026-10-04 00:00:00,P1D,fcre,1.6,ensemble,66,Chla_ugL_mean,5.86193280398463
vera4cast,chlorocast_ens3,2026-10-14 00:00:00,2026-10-04 00:00:00,P1D,fcre,1.6,ensemble,66,Chla_ugL_mean,5.8970644570519
vera4cast,chlorocast_ens3,2026-10-15 00:00:00,2026-10-04 00:00:00,P1D,fcre,1.6,ensemble,66,Chla_ugL_mean,5.86112915982871
vera4cast,chlorocast_ens3,2026-10-16 00:00:00,2026-10-04 00:00:00,P1D,fcre,1.6,ensemble,66,Chla_ugL_mean,5.84727297862573
vera4cast,chlorocast_ens3,2026-10-17 00:00:00,2026-10-04 00:00:00,P1D,fcre,1.6,ensemble,66,Chla_ugL_mean,5.83258787199248
vera4cast,chlorocast_ens3,2026-10-18 00:00:00,2026-10-04 00:00:00,P1D,fcre,1.6,ensemble,66,Chla_ugL_mean,5.81920506936237
vera4cast,chlorocast_ens3,2026-10-19 00:00:00,2026-10-04 00:00:00,P1D,fcre,1.6,ensemble,66,Chla_ugL_mean,5.83015478503523
vera4cast,chlorocast_ens3,2026-10-20 00:00:00,2026-10-04 00:00:00,P1D,fcre,1.6,ensemble,66,Chla_ugL_mean,5.80889359902161
vera4cast,chlorocast_ens3,2026-10-21 00:00:00,2026-10-04 00:00:00,P1D,fcre,1.6,ensemble,66,Chla_ugL_mean,5.83080018332414
vera4cast,chlorocast_ens3,2026-10-22 00:00:00,2026-10-04 00:00:00,P1D,fcre,1.6,ensemble,66,Chla_ugL_mean,5.80391616692205
vera4cast,chlorocast_ens3,2026-10-23 00:00:00,2026-10-04 00:00:00,P1D,fcre,1.6,ensemble,66,Chla_ugL_mean,5.77785194201671
vera4cast,chlorocast_ens3,2026-10-24 00:00:00,2026-10-04 00:00:00,P1D,fcre,1.6,ensemble,66,Chla_ugL_mean,5.76654213517251
vera4cast,chlorocast_ens3,2026-10-25 00:00:00,2026-10-04 00:00:00,P1D,fcre,1.6,ensemble,66,Chla_ugL_mean,5.83591809404856
vera4cast,chlorocast_ens3,2026-10-26 00:00:00,2026-10-04 00:00:00,P1D,fcre,1.6,ensemble,66,Chla_ugL_mean,5.85315156216965
vera4cast,chlorocast_ens3,2026-10-27 00:00:00,2026-10-04 00:00:00,P1D,fcre,1.6,ensemble,66,Chla_ugL_mean,5.91070137009106
vera4cast,chlorocast_ens3,2026-10-28 00:00:00,2026-10-04 00:00:00,P1D,fcre,1.6,ensemble,66,Chla_ugL_mean,5.92038609656791
vera4cast,chlorocast_ens3,2026-10-29 00:00:00,2026-10-04 00:00:00,P1D,fcre,1.6,ensemble,66,Chla_ugL_mean,5.97908752527205
vera4cast,chlorocast_ens3,2026-10-30 00:00:00,2026-10-04 00:00:00,P1D,fcre,1.6,ensemble,66,Chla_ugL_mean,5.99685463985182
vera4cast,chlorocast_ens3,2026-10-31 00:00:00,2026-10-04 00:00:00,P1D,fcre,1.6,ensemble,66,Chla_ugL_mean,6.10921726119758
vera4cast,chlorocast_ens3,2026-11-01 00:00:00,2026-10-04 00:00:00,P1D,fcre,1.6,ensemble,66,Chla_ugL_mean,6.17908942538007
vera4cast,chlorocast_ens3,2026-11-02 00:00:00,2026-10-04 00:00:00,P1D,fcre,1.6,ensemble,66,Chla_ugL_mean,6.27857729426993
vera4cast,chlorocast_ens3,2026-11-03 00:00:00,2026-10-04 00:00:00,P1D,fcre,1.6,ensemble,66,Chla_ugL_mean,6.34004628883984
vera4cast,chlorocast_ens3,2026-11-04 00:00:00,2026-10-04 00:00:00,P1D,fcre,1.6,ensemble,66,Chla_ugL_mean,6.37282119131267
vera4cast,chlorocast_ens3,2026-11-05 00:00:00,2026-10-04 00:00:00,P1D,fcre,1.6,ensemble,66,Chla_ugL_mean,6.50875236705507
vera4cast,chlorocast_ens3,2026-11-06 00:00:00,2026-10-04 00:00:00,P1D,fcre,1.6,ensemble,66,Chla_ugL_mean,6.63197786668922
vera4cast,chlorocast_ens3,2026-11-07 00:00:00,2026-10-04 00:00:00,P1D,fcre,1.6,ensemble,66,Chla_ugL_mean,6.79666407723429
vera4cast,chlorocast_ens3,2026-11-08 00:00:00,2026-10-04 00:00:00,P1D,fcre,1.6,ensemble,66,Chla_ugL_mean,6.92969953966974
vera4cast,chlorocast_ens3,2026-10-05 00:00:00,2026-10-04 00:00:00,P1D,fcre,1.6,ensemble,67,Chla_ugL_mean,6.43135649759145
vera4cast,chlorocast_ens3,2026-10-06 00:00:00,2026-10-04 00:00:00,P1D,fcre,1.6,ensemble,67,Chla_ugL_mean,6.39133344743328
vera4cast,chlorocast_ens3,2026-10-07 00:00:00,2026-10-04 00:00:00,P1D,fcre,1.6,ensemble,67,Chla_ugL_mean,6.24664637116482
vera4cast,chlorocast_ens3,2026-10-08 00:00:00,2026-10-04 00:00:00,P1D,fcre,1.6,ensemble,67,Chla_ugL_mean,6.20366855783706
vera4cast,chlorocast_ens3,2026-10-09 00:00:00,2026-10-04 00:00:00,P1D,fcre,1.6,ensemble,67,Chla_ugL_mean,6.14911279407215
vera4cast,chlorocast_ens3,2026-10-10 00:00:00,2026-10-04 00:00:00,P1D,fcre,1.6,ensemble,67,Chla_ugL_mean,6.05108062518987
vera4cast,chlorocast_ens3,2026-10-11 00:00:00,2026-10-04 00:00:00,P1D,fcre,1.6,ensemble,67,Chla_ugL_mean,5.95933305678253
vera4cast,chlorocast_ens3,2026-10-12 00:00:00,2026-10-04 00:00:00,P1D,fcre,1.6,ensemble,67,Chla_ugL_mean,5.92063618775468
vera4cast,chlorocast_ens3,2026-10-13 00:00:00,2026-10-04 00:00:00,P1D,fcre,1.6,ensemble,67,Chla_ugL_mean,5.91996169407963
vera4cast,chlorocast_ens3,2026-10-14 00:00:00,2026-10-04 00:00:00,P1D,fcre,1.6,ensemble,67,Chla_ugL_mean,5.95726811093735
vera4cast,chlorocast_ens3,2026-10-15 00:00:00,2026-10-04 00:00:00,P1D,fcre,1.6,ensemble,67,Chla_ugL_mean,5.9185243057249
vera4cast,chlorocast_ens3,2026-10-16 00:00:00,2026-10-04 00:00:00,P1D,fcre,1.6,ensemble,67,Chla_ugL_mean,5.90447144846251
vera4cast,chlorocast_ens3,2026-10-17 00:00:00,2026-10-04 00:00:00,P1D,fcre,1.6,ensemble,67,Chla_ugL_mean,5.8910996758505
vera4cast,chlorocast_ens3,2026-10-18 00:00:00,2026-10-04 00:00:00,P1D,fcre,1.6,ensemble,67,Chla_ugL_mean,5.87646076519419
vera4cast,chlorocast_ens3,2026-10-19 00:00:00,2026-10-04 00:00:00,P1D,fcre,1.6,ensemble,67,Chla_ugL_mean,5.88807536733237
vera4cast,chlorocast_ens3,2026-10-20 00:00:00,2026-10-04 00:00:00,P1D,fcre,1.6,ensemble,67,Chla_ugL_mean,5.86411021409408
vera4cast,chlorocast_ens3,2026-10-21 00:00:00,2026-10-04 00:00:00,P1D,fcre,1.6,ensemble,67,Chla_ugL_mean,5.88869276898722
vera4cast,chlorocast_ens3,2026-10-22 00:00:00,2026-10-04 00:00:00,P1D,fcre,1.6,ensemble,67,Chla_ugL_mean,5.86250304348316
vera4cast,chlorocast_ens3,2026-10-23 00:00:00,2026-10-04 00:00:00,P1D,fcre,1.6,ensemble,67,Chla_ugL_mean,5.83521877884556
vera4cast,chlorocast_ens3,2026-10-24 00:00:00,2026-10-04 00:00:00,P1D,fcre,1.6,ensemble,67,Chla_ugL_mean,5.82488544942479
vera4cast,chlorocast_ens3,2026-10-25 00:00:00,2026-10-04 00:00:00,P1D,fcre,1.6,ensemble,67,Chla_ugL_mean,5.88984773025849
vera4cast,chlorocast_ens3,2026-10-26 00:00:00,2026-10-04 00:00:00,P1D,fcre,1.6,ensemble,67,Chla_ugL_mean,5.91190715936946
vera4cast,chlorocast_ens3,2026-10-27 00:00:00,2026-10-04 00:00:00,P1D,fcre,1.6,ensemble,67,Chla_ugL_mean,5.96942109243372
vera4cast,chlorocast_ens3,2026-10-28 00:00:00,2026-10-04 00:00:00,P1D,fcre,1.6,ensemble,67,Chla_ugL_mean,5.97961916073822
vera4cast,chlorocast_ens3,2026-10-29 00:00:00,2026-10-04 00:00:00,P1D,fcre,1.6,ensemble,67,Chla_ugL_mean,6.03980356574979
vera4cast,chlorocast_ens3,2026-10-30 00:00:00,2026-10-04 00:00:00,P1D,fcre,1.6,ensemble,67,Chla_ugL_mean,6.05445557005015
vera4cast,chlorocast_ens3,2026-10-31 00:00:00,2026-10-04 00:00:00,P1D,fcre,1.6,ensemble,67,Chla_ugL_mean,6.16954292715114
vera4cast,chlorocast_ens3,2026-11-01 00:00:00,2026-10-04 00:00:00,P1D,fcre,1.6,ensemble,67,Chla_ugL_mean,6.23855450485075
vera4cast,chlorocast_ens3,2026-11-02 00:00:00,2026-10-04 00:00:00,P1D,fcre,1.6,ensemble,67,Chla_ugL_mean,6.33718351618953
vera4cast,chlorocast_ens3,2026-11-03 00:00:00,2026-10-04 00:00:00,P1D,fcre,1.6,ensemble,67,Chla_ugL_mean,6.3992575845276
vera4cast,chlorocast_ens3,2026-11-04 00:00:00,2026-10-04 00:00:00,P1D,fcre,1.6,ensemble,67,Chla_ugL_mean,6.43479363074003
vera4cast,chlorocast_ens3,2026-11-05 00:00:00,2026-10-04 00:00:00,P1D,fcre,1.6,ensemble,67,Chla_ugL_mean,6.56998465180353
vera4cast,chlorocast_ens3,2026-11-06 00:00:00,2026-10-04 00:00:00,P1D,fcre,1.6,ensemble,67,Chla_ugL_mean,6.69468904168821
vera4cast,chlorocast_ens3,2026-11-07 00:00:00,2026-10-04 00:00:00,P1D,fcre,1.6,ensemble,67,Chla_ugL_mean,6.85983753779278
vera4cast,chlorocast_ens3,2026-11-08 00:00:00,2026-10-04 00:00:00,P1D,fcre,1.6,ensemble,67,Chla_ugL_mean,6.9965206791638
vera4cast,chlorocast_ens3,2026-10-05 00:00:00,2026-10-04 00:00:00,P1D,fcre,1.6,ensemble,68,Chla_ugL_mean,6.49132765534858
vera4cast,chlorocast_ens3,2026-10-06 00:00:00,2026-10-04 00:00:00,P1D,fcre,1.6,ensemble,68,Chla_ugL_mean,6.44885281404528
vera4cast,chlorocast_ens3,2026-10-07 00:00:00,2026-10-04 00:00:00,P1D,fcre,1.6,ensemble,68,Chla_ugL_mean,6.30411925721758
vera4cast,chlorocast_ens3,2026-10-08 00:00:00,2026-10-04 00:00:00,P1D,fcre,1.6,ensemble,68,Chla_ugL_mean,6.26126759378621
vera4cast,chlorocast_ens3,2026-10-09 00:00:00,2026-10-04 00:00:00,P1D,fcre,1.6,ensemble,68,Chla_ugL_mean,6.20671015910495
vera4cast,chlorocast_ens3,2026-10-10 00:00:00,2026-10-04 00:00:00,P1D,fcre,1.6,ensemble,68,Chla_ugL_mean,6.11092207030592
vera4cast,chlorocast_ens3,2026-10-11 00:00:00,2026-10-04 00:00:00,P1D,fcre,1.6,ensemble,68,Chla_ugL_mean,6.01847679155294
vera4cast,chlorocast_ens3,2026-10-12 00:00:00,2026-10-04 00:00:00,P1D,fcre,1.6,ensemble,68,Chla_ugL_mean,5.97743654261293
vera4cast,chlorocast_ens3,2026-10-13 00:00:00,2026-10-04 00:00:00,P1D,fcre,1.6,ensemble,68,Chla_ugL_mean,5.97848131356266
vera4cast,chlorocast_ens3,2026-10-14 00:00:00,2026-10-04 00:00:00,P1D,fcre,1.6,ensemble,68,Chla_ugL_mean,6.01799727534452
vera4cast,chlorocast_ens3,2026-10-15 00:00:00,2026-10-04 00:00:00,P1D,fcre,1.6,ensemble,68,Chla_ugL_mean,5.97639957707796
vera4cast,chlorocast_ens3,2026-10-16 00:00:00,2026-10-04 00:00:00,P1D,fcre,1.6,ensemble,68,Chla_ugL_mean,5.96214772383763
vera4cast,chlorocast_ens3,2026-10-17 00:00:00,2026-10-04 00:00:00,P1D,fcre,1.6,ensemble,68,Chla_ugL_mean,5.95011255357026
vera4cast,chlorocast_ens3,2026-10-18 00:00:00,2026-10-04 00:00:00,P1D,fcre,1.6,ensemble,68,Chla_ugL_mean,5.9341971937026
vera4cast,chlorocast_ens3,2026-10-19 00:00:00,2026-10-04 00:00:00,P1D,fcre,1.6,ensemble,68,Chla_ugL_mean,5.94648712354272
vera4cast,chlorocast_ens3,2026-10-20 00:00:00,2026-10-04 00:00:00,P1D,fcre,1.6,ensemble,68,Chla_ugL_mean,5.91977460743414
vera4cast,chlorocast_ens3,2026-10-21 00:00:00,2026-10-04 00:00:00,P1D,fcre,1.6,ensemble,68,Chla_ugL_mean,5.94707600748522
vera4cast,chlorocast_ens3,2026-10-22 00:00:00,2026-10-04 00:00:00,P1D,fcre,1.6,ensemble,68,Chla_ugL_mean,5.92159439746888
vera4cast,chlorocast_ens3,2026-10-23 00:00:00,2026-10-04 00:00:00,P1D,fcre,1.6,ensemble,68,Chla_ugL_mean,5.89307116094684
vera4cast,chlorocast_ens3,2026-10-24 00:00:00,2026-10-04 00:00:00,P1D,fcre,1.6,ensemble,68,Chla_ugL_mean,5.88373181859788
vera4cast,chlorocast_ens3,2026-10-25 00:00:00,2026-10-04 00:00:00,P1D,fcre,1.6,ensemble,68,Chla_ugL_mean,5.94420282587588
vera4cast,chlorocast_ens3,2026-10-26 00:00:00,2026-10-04 00:00:00,P1D,fcre,1.6,ensemble,68,Chla_ugL_mean,5.97116649855877
vera4cast,chlorocast_ens3,2026-10-27 00:00:00,2026-10-04 00:00:00,P1D,fcre,1.6,ensemble,68,Chla_ugL_mean,6.0286397519475
vera4cast,chlorocast_ens3,2026-10-28 00:00:00,2026-10-04 00:00:00,P1D,fcre,1.6,ensemble,68,Chla_ugL_mean,6.03935921336871
vera4cast,chlorocast_ens3,2026-10-29 00:00:00,2026-10-04 00:00:00,P1D,fcre,1.6,ensemble,68,Chla_ugL_mean,6.10104781819763
vera4cast,chlorocast_ens3,2026-10-30 00:00:00,2026-10-04 00:00:00,P1D,fcre,1.6,ensemble,68,Chla_ugL_mean,6.11253069434432
vera4cast,chlorocast_ens3,2026-10-31 00:00:00,2026-10-04 00:00:00,P1D,fcre,1.6,ensemble,68,Chla_ugL_mean,6.23038048996184
vera4cast,chlorocast_ens3,2026-11-01 00:00:00,2026-10-04 00:00:00,P1D,fcre,1.6,ensemble,68,Chla_ugL_mean,6.29851213922176
vera4cast,chlorocast_ens3,2026-11-02 00:00:00,2026-10-04 00:00:00,P1D,fcre,1.6,ensemble,68,Chla_ugL_mean,6.39626162830262
vera4cast,chlorocast_ens3,2026-11-03 00:00:00,2026-10-04 00:00:00,P1D,fcre,1.6,ensemble,68,Chla_ugL_mean,6.45894653081852
vera4cast,chlorocast_ens3,2026-11-04 00:00:00,2026-10-04 00:00:00,P1D,fcre,1.6,ensemble,68,Chla_ugL_mean,6.49728698111165
vera4cast,chlorocast_ens3,2026-11-05 00:00:00,2026-10-04 00:00:00,P1D,fcre,1.6,ensemble,68,Chla_ugL_mean,6.63171627286145
vera4cast,chlorocast_ens3,2026-11-06 00:00:00,2026-10-04 00:00:00,P1D,fcre,1.6,ensemble,68,Chla_ugL_mean,6.75791550794439
vera4cast,chlorocast_ens3,2026-11-07 00:00:00,2026-10-04 00:00:00,P1D,fcre,1.6,ensemble,68,Chla_ugL_mean,6.92352286933601
vera4cast,chlorocast_ens3,2026-11-08 00:00:00,2026-10-04 00:00:00,P1D,fcre,1.6,ensemble,68,Chla_ugL_mean,7.06390489985166
vera4cast,chlorocast_ens3,2026-10-05 00:00:00,2026-10-04 00:00:00,P1D,fcre,1.6,ensemble,69,Chla_ugL_mean,6.55178278124315
vera4cast,chlorocast_ens3,2026-10-06 00:00:00,2026-10-04 00:00:00,P1D,fcre,1.6,ensemble,69,Chla_ugL_mean,6.50681979644393
vera4cast,chlorocast_ens3,2026-10-07 00:00:00,2026-10-04 00:00:00,P1D,fcre,1.6,ensemble,69,Chla_ugL_mean,6.36204795861747
vera4cast,chlorocast_ens3,2026-10-08 00:00:00,2026-10-04 00:00:00,P1D,fcre,1.6,ensemble,69,Chla_ugL_mean,6.3193271796504
vera4cast,chlorocast_ens3,2026-10-09 00:00:00,2026-10-04 00:00:00,P1D,fcre,1.6,ensemble,69,Chla_ugL_mean,6.26477156164202
vera4cast,chlorocast_ens3,2026-10-10 00:00:00,2026-10-04 00:00:00,P1D,fcre,1.6,ensemble,69,Chla_ugL_mean,6.17127138063354
vera4cast,chlorocast_ens3,2026-10-11 00:00:00,2026-10-04 00:00:00,P1D,fcre,1.6,ensemble,69,Chla_ugL_mean,6.07812315801722
vera4cast,chlorocast_ens3,2026-10-12 00:00:00,2026-10-04 00:00:00,P1D,fcre,1.6,ensemble,69,Chla_ugL_mean,6.03470308009145
vera4cast,chlorocast_ens3,2026-10-13 00:00:00,2026-10-04 00:00:00,P1D,fcre,1.6,ensemble,69,Chla_ugL_mean,6.03749581235513
vera4cast,chlorocast_ens3,2026-10-14 00:00:00,2026-10-04 00:00:00,P1D,fcre,1.6,ensemble,69,Chla_ugL_mean,6.07925653739214
vera4cast,chlorocast_ens3,2026-10-15 00:00:00,2026-10-04 00:00:00,P1D,fcre,1.6,ensemble,69,Chla_ugL_mean,6.03475899026332
vera4cast,chlorocast_ens3,2026-10-16 00:00:00,2026-10-04 00:00:00,P1D,fcre,1.6,ensemble,69,Chla_ugL_mean,6.02030579608394
vera4cast,chlorocast_ens3,2026-10-17 00:00:00,2026-10-04 00:00:00,P1D,fcre,1.6,ensemble,69,Chla_ugL_mean,6.00963079616655
vera4cast,chlorocast_ens3,2026-10-18 00:00:00,2026-10-04 00:00:00,P1D,fcre,1.6,ensemble,69,Chla_ugL_mean,5.99241839123547
vera4cast,chlorocast_ens3,2026-10-19 00:00:00,2026-10-04 00:00:00,P1D,fcre,1.6,ensemble,69,Chla_ugL_mean,6.00539421888361
vera4cast,chlorocast_ens3,2026-10-20 00:00:00,2026-10-04 00:00:00,P1D,fcre,1.6,ensemble,69,Chla_ugL_mean,5.9758904102926
vera4cast,chlorocast_ens3,2026-10-21 00:00:00,2026-10-04 00:00:00,P1D,fcre,1.6,ensemble,69,Chla_ugL_mean,6.00595405721255
vera4cast,chlorocast_ens3,2026-10-22 00:00:00,2026-10-04 00:00:00,P1D,fcre,1.6,ensemble,69,Chla_ugL_mean,5.98119457281231
vera4cast,chlorocast_ens3,2026-10-23 00:00:00,2026-10-04 00:00:00,P1D,fcre,1.6,ensemble,69,Chla_ugL_mean,5.95141319791114
vera4cast,chlorocast_ens3,2026-10-24 00:00:00,2026-10-04 00:00:00,P1D,fcre,1.6,ensemble,69,Chla_ugL_mean,5.94308558019396
vera4cast,chlorocast_ens3,2026-10-25 00:00:00,2026-10-04 00:00:00,P1D,fcre,1.6,ensemble,69,Chla_ugL_mean,5.99898673741712
vera4cast,chlorocast_ens3,2026-10-26 00:00:00,2026-10-04 00:00:00,P1D,fcre,1.6,ensemble,69,Chla_ugL_mean,6.03093389857705
vera4cast,chlorocast_ens3,2026-10-27 00:00:00,2026-10-04 00:00:00,P1D,fcre,1.6,ensemble,69,Chla_ugL_mean,6.08836158806491
vera4cast,chlorocast_ens3,2026-10-28 00:00:00,2026-10-04 00:00:00,P1D,fcre,1.6,ensemble,69,Chla_ugL_mean,6.09961059388202
vera4cast,chlorocast_ens3,2026-10-29 00:00:00,2026-10-04 00:00:00,P1D,fcre,1.6,ensemble,69,Chla_ugL_mean,6.16282487790677
vera4cast,chlorocast_ens3,2026-10-30 00:00:00,2026-10-04 00:00:00,P1D,fcre,1.6,ensemble,69,Chla_ugL_mean,6.17108391649144
vera4cast,chlorocast_ens3,2026-10-31 00:00:00,2026-10-04 00:00:00,P1D,fcre,1.6,ensemble,69,Chla_ugL_mean,6.29173429335947
vera4cast,chlorocast_ens3,2026-11-01 00:00:00,2026-10-04 00:00:00,P1D,fcre,1.6,ensemble,69,Chla_ugL_mean,6.35896640837213
vera4cast,chlorocast_ens3,2026-11-02 00:00:00,2026-10-04 00:00:00,P1D,fcre,1.6,ensemble,69,Chla_ugL_mean,6.45581543021182
vera4cast,chlorocast_ens3,2026-11-03 00:00:00,2026-10-04 00:00:00,P1D,fcre,1.6,ensemble,69,Chla_ugL_mean,6.51911698086418
vera4cast,chlorocast_ens3,2026-11-04 00:00:00,2026-10-04 00:00:00,P1D,fcre,1.6,ensemble,69,Chla_ugL_mean,6.56030562095795
vera4cast,chlorocast_ens3,2026-11-05 00:00:00,2026-10-04 00:00:00,P1D,fcre,1.6,ensemble,69,Chla_ugL_mean,6.69395130221062
vera4cast,chlorocast_ens3,2026-11-06 00:00:00,2026-10-04 00:00:00,P1D,fcre,1.6,ensemble,69,Chla_ugL_mean,6.82166149955287
vera4cast,chlorocast_ens3,2026-11-07 00:00:00,2026-10-04 00:00:00,P1D,fcre,1.6,ensemble,69,Chla_ugL_mean,6.98772421936363
vera4cast,chlorocast_ens3,2026-11-08 00:00:00,2026-10-04 00:00:00,P1D,fcre,1.6,ensemble,69,Chla_ugL_mean,7.13185694664539
vera4cast,chlorocast_ens3,2026-10-05 00:00:00,2026-10-04 00:00:00,P1D,fcre,1.6,ensemble,70,Chla_ugL_mean,6.61272578090523
vera4cast,chlorocast_ens3,2026-10-06 00:00:00,2026-10-04 00:00:00,P1D,fcre,1.6,ensemble,70,Chla_ugL_mean,6.56523787797586
vera4cast,chlorocast_ens3,2026-10-07 00:00:00,2026-10-04 00:00:00,P1D,fcre,1.6,ensemble,70,Chla_ugL_mean,6.42043609041927
vera4cast,chlorocast_ens3,2026-10-08 00:00:00,2026-10-04 00:00:00,P1D,fcre,1.6,ensemble,70,Chla_ugL_mean,6.37785099789099
vera4cast,chlorocast_ens3,2026-10-09 00:00:00,2026-10-04 00:00:00,P1D,fcre,1.6,ensemble,70,Chla_ugL_mean,6.32330074023642
vera4cast,chlorocast_ens3,2026-10-10 00:00:00,2026-10-04 00:00:00,P1D,fcre,1.6,ensemble,70,Chla_ugL_mean,6.23213286634728
vera4cast,chlorocast_ens3,2026-10-11 00:00:00,2026-10-04 00:00:00,P1D,fcre,1.6,ensemble,70,Chla_ugL_mean,6.13827642777949
vera4cast,chlorocast_ens3,2026-10-12 00:00:00,2026-10-04 00:00:00,P1D,fcre,1.6,ensemble,70,Chla_ugL_mean,6.09243962633247
vera4cast,chlorocast_ens3,2026-10-13 00:00:00,2026-10-04 00:00:00,P1D,fcre,1.6,ensemble,70,Chla_ugL_mean,6.0970093754728
vera4cast,chlorocast_ens3,2026-10-14 00:00:00,2026-10-04 00:00:00,P1D,fcre,1.6,ensemble,70,Chla_ugL_mean,6.14105052423936
vera4cast,chlorocast_ens3,2026-10-15 00:00:00,2026-10-04 00:00:00,P1D,fcre,1.6,ensemble,70,Chla_ugL_mean,6.09360659525445
vera4cast,chlorocast_ens3,2026-10-16 00:00:00,2026-10-04 00:00:00,P1D,fcre,1.6,ensemble,70,Chla_ugL_mean,6.07894968987579
vera4cast,chlorocast_ens3,2026-10-17 00:00:00,2026-10-04 00:00:00,P1D,fcre,1.6,ensemble,70,Chla_ugL_mean,6.06965873140082
vera4cast,chlorocast_ens3,2026-10-18 00:00:00,2026-10-04 00:00:00,P1D,fcre,1.6,ensemble,70,Chla_ugL_mean,6.05112842803084
vera4cast,chlorocast_ens3,2026-10-19 00:00:00,2026-10-04 00:00:00,P1D,fcre,1.6,ensemble,70,Chla_ugL_mean,6.06480085389395
vera4cast,chlorocast_ens3,2026-10-20 00:00:00,2026-10-04 00:00:00,P1D,fcre,1.6,ensemble,70,Chla_ugL_mean,6.0324612833678
vera4cast,chlorocast_ens3,2026-10-21 00:00:00,2026-10-04 00:00:00,P1D,fcre,1.6,ensemble,70,Chla_ugL_mean,6.06533111180696
vera4cast,chlorocast_ens3,2026-10-22 00:00:00,2026-10-04 00:00:00,P1D,fcre,1.6,ensemble,70,Chla_ugL_mean,6.04130795085111
vera4cast,chlorocast_ens3,2026-10-23 00:00:00,2026-10-04 00:00:00,P1D,fcre,1.6,ensemble,70,Chla_ugL_mean,6.01024903411204
vera4cast,chlorocast_ens3,2026-10-24 00:00:00,2026-10-04 00:00:00,P1D,fcre,1.6,ensemble,70,Chla_ugL_mean,6.00295110911457
vera4cast,chlorocast_ens3,2026-10-25 00:00:00,2026-10-04 00:00:00,P1D,fcre,1.6,ensemble,70,Chla_ugL_mean,6.05420284787866
vera4cast,chlorocast_ens3,2026-10-26 00:00:00,2026-10-04 00:00:00,P1D,fcre,1.6,ensemble,70,Chla_ugL_mean,6.0912137152914
vera4cast,chlorocast_ens3,2026-10-27 00:00:00,2026-10-04 00:00:00,P1D,fcre,1.6,ensemble,70,Chla_ugL_mean,6.14859087624063
vera4cast,chlorocast_ens3,2026-10-28 00:00:00,2026-10-04 00:00:00,P1D,fcre,1.6,ensemble,70,Chla_ugL_mean,6.16037767884281
vera4cast,chlorocast_ens3,2026-10-29 00:00:00,2026-10-04 00:00:00,P1D,fcre,1.6,ensemble,70,Chla_ugL_mean,6.22513938014608
vera4cast,chlorocast_ens3,2026-10-30 00:00:00,2026-10-04 00:00:00,P1D,fcre,1.6,ensemble,70,Chla_ugL_mean,6.23011917238593
vera4cast,chlorocast_ens3,2026-10-31 00:00:00,2026-10-04 00:00:00,P1D,fcre,1.6,ensemble,70,Chla_ugL_mean,6.35360871793279
vera4cast,chlorocast_ens3,2026-11-01 00:00:00,2026-10-04 00:00:00,P1D,fcre,1.6,ensemble,70,Chla_ugL_mean,6.41992142597489
vera4cast,chlorocast_ens3,2026-11-02 00:00:00,2026-10-04 00:00:00,P1D,fcre,1.6,ensemble,70,Chla_ugL_mean,6.51584875211369
vera4cast,chlorocast_ens3,2026-11-03 00:00:00,2026-10-04 00:00:00,P1D,fcre,1.6,ensemble,70,Chla_ugL_mean,6.57977281889912
vera4cast,chlorocast_ens3,2026-11-04 00:00:00,2026-10-04 00:00:00,P1D,fcre,1.6,ensemble,70,Chla_ugL_mean,6.62385396561321
vera4cast,chlorocast_ens3,2026-11-05 00:00:00,2026-10-04 00:00:00,P1D,fcre,1.6,ensemble,70,Chla_ugL_mean,6.75669384503901
vera4cast,chlorocast_ens3,2026-11-06 00:00:00,2026-10-04 00:00:00,P1D,fcre,1.6,ensemble,70,Chla_ugL_mean,6.8859312853999
vera4cast,chlorocast_ens3,2026-11-07 00:00:00,2026-10-04 00:00:00,P1D,fcre,1.6,ensemble,70,Chla_ugL_mean,7.05244576898092
vera4cast,chlorocast_ens3,2026-11-08 00:00:00,2026-10-04 00:00:00,P1D,fcre,1.6,ensemble,70,Chla_ugL_mean,7.20038160444096
vera4cast,chlorocast_ens3,2026-10-05 00:00:00,2026-10-04 00:00:00,P1D,fcre,1.6,ensemble,71,Chla_ugL_mean,6.67416059148341
vera4cast,chlorocast_ens3,2026-10-06 00:00:00,2026-10-04 00:00:00,P1D,fcre,1.6,ensemble,71,Chla_ugL_mean,6.62411056909514
vera4cast,chlorocast_ens3,2026-10-07 00:00:00,2026-10-04 00:00:00,P1D,fcre,1.6,ensemble,71,Chla_ugL_mean,6.47928729634859
vera4cast,chlorocast_ens3,2026-10-08 00:00:00,2026-10-04 00:00:00,P1D,fcre,1.6,ensemble,71,Chla_ugL_mean,6.43684276041353
vera4cast,chlorocast_ens3,2026-10-09 00:00:00,2026-10-04 00:00:00,P1D,fcre,1.6,ensemble,71,Chla_ugL_mean,6.38230146356116
vera4cast,chlorocast_ens3,2026-10-10 00:00:00,2026-10-04 00:00:00,P1D,fcre,1.6,ensemble,71,Chla_ugL_mean,6.29351087420148
vera4cast,chlorocast_ens3,2026-10-11 00:00:00,2026-10-04 00:00:00,P1D,fcre,1.6,ensemble,71,Chla_ugL_mean,6.19894090874595
vera4cast,chlorocast_ens3,2026-10-12 00:00:00,2026-10-04 00:00:00,P1D,fcre,1.6,ensemble,71,Chla_ugL_mean,6.15065003888083
vera4cast,chlorocast_ens3,2026-10-13 00:00:00,2026-10-04 00:00:00,P1D,fcre,1.6,ensemble,71,Chla_ugL_mean,6.15702622332263
vera4cast,chlorocast_ens3,2026-10-14 00:00:00,2026-10-04 00:00:00,P1D,fcre,1.6,ensemble,71,Chla_ugL_mean,6.20338390343524
vera4cast,chlorocast_ens3,2026-10-15 00:00:00,2026-10-04 00:00:00,P1D,fcre,1.6,ensemble,71,Chla_ugL_mean,6.15294647590392
vera4cast,chlorocast_ens3,2026-10-16 00:00:00,2026-10-04 00:00:00,P1D,fcre,1.6,ensemble,71,Chla_ugL_mean,6.13808346350748
vera4cast,chlorocast_ens3,2026-10-17 00:00:00,2026-10-04 00:00:00,P1D,fcre,1.6,ensemble,71,Chla_ugL_mean,6.13020072409593
vera4cast,chlorocast_ens3,2026-10-18 00:00:00,2026-10-04 00:00:00,P1D,fcre,1.6,ensemble,71,Chla_ugL_mean,6.11033140850144
vera4cast,chlorocast_ens3,2026-10-19 00:00:00,2026-10-04 00:00:00,P1D,fcre,1.6,ensemble,71,Chla_ugL_mean,6.12471126473374
vera4cast,chlorocast_ens3,2026-10-20 00:00:00,2026-10-04 00:00:00,P1D,fcre,1.6,ensemble,71,Chla_ugL_mean,6.08949091704449
vera4cast,chlorocast_ens3,2026-10-21 00:00:00,2026-10-04 00:00:00,P1D,fcre,1.6,ensemble,71,Chla_ugL_mean,6.12521140044823
vera4cast,chlorocast_ens3,2026-10-22 00:00:00,2026-10-04 00:00:00,P1D,fcre,1.6,ensemble,71,Chla_ugL_mean,6.10193895064955
vera4cast,chlorocast_ens3,2026-10-23 00:00:00,2026-10-04 00:00:00,P1D,fcre,1.6,ensemble,71,Chla_ugL_mean,6.06958284900057
vera4cast,chlorocast_ens3,2026-10-24 00:00:00,2026-10-04 00:00:00,P1D,fcre,1.6,ensemble,71,Chla_ugL_mean,6.06333281798307
vera4cast,chlorocast_ens3,2026-10-25 00:00:00,2026-10-04 00:00:00,P1D,fcre,1.6,ensemble,71,Chla_ugL_mean,6.10985456694597
vera4cast,chlorocast_ens3,2026-10-26 00:00:00,2026-10-04 00:00:00,P1D,fcre,1.6,ensemble,71,Chla_ugL_mean,6.15201034191401
vera4cast,chlorocast_ens3,2026-10-27 00:00:00,2026-10-04 00:00:00,P1D,fcre,1.6,ensemble,71,Chla_ugL_mean,6.20933192825756
vera4cast,chlorocast_ens3,2026-10-28 00:00:00,2026-10-04 00:00:00,P1D,fcre,1.6,ensemble,71,Chla_ugL_mean,6.2216648822757
vera4cast,chlorocast_ens3,2026-10-29 00:00:00,2026-10-04 00:00:00,P1D,fcre,1.6,ensemble,71,Chla_ugL_mean,6.28799600050995
vera4cast,chlorocast_ens3,2026-10-30 00:00:00,2026-10-04 00:00:00,P1D,fcre,1.6,ensemble,71,Chla_ugL_mean,6.28964043032405
vera4cast,chlorocast_ens3,2026-10-31 00:00:00,2026-10-04 00:00:00,P1D,fcre,1.6,ensemble,71,Chla_ugL_mean,6.41600818144229
vera4cast,chlorocast_ens3,2026-11-01 00:00:00,2026-10-04 00:00:00,P1D,fcre,1.6,ensemble,71,Chla_ugL_mean,6.48138133977703
vera4cast,chlorocast_ens3,2026-11-02 00:00:00,2026-10-04 00:00:00,P1D,fcre,1.6,ensemble,71,Chla_ugL_mean,6.57636545504509
vera4cast,chlorocast_ens3,2026-11-03 00:00:00,2026-10-04 00:00:00,P1D,fcre,1.6,ensemble,71,Chla_ugL_mean,6.64091796049152
vera4cast,chlorocast_ens3,2026-11-04 00:00:00,2026-10-04 00:00:00,P1D,fcre,1.6,ensemble,71,Chla_ugL_mean,6.68793646752493
vera4cast,chlorocast_ens3,2026-11-05 00:00:00,2026-10-04 00:00:00,P1D,fcre,1.6,ensemble,71,Chla_ugL_mean,6.81994804001153
vera4cast,chlorocast_ens3,2026-11-06 00:00:00,2026-10-04 00:00:00,P1D,fcre,1.6,ensemble,71,Chla_ugL_mean,6.9507291694487
vera4cast,chlorocast_ens3,2026-11-07 00:00:00,2026-10-04 00:00:00,P1D,fcre,1.6,ensemble,71,Chla_ugL_mean,7.1176917331711
vera4cast,chlorocast_ens3,2026-11-08 00:00:00,2026-10-04 00:00:00,P1D,fcre,1.6,ensemble,71,Chla_ugL_mean,7.26948369845519
vera4cast,chlorocast_ens3,2026-10-05 00:00:00,2026-10-04 00:00:00,P1D,fcre,1.6,ensemble,72,Chla_ugL_mean,6.73609118189911
vera4cast,chlorocast_ens3,2026-10-06 00:00:00,2026-10-04 00:00:00,P1D,fcre,1.6,ensemble,72,Chla_ugL_mean,6.68344140757415
vera4cast,chlorocast_ens3,2026-10-07 00:00:00,2026-10-04 00:00:00,P1D,fcre,1.6,ensemble,72,Chla_ugL_mean,6.53860524902934
vera4cast,chlorocast_ens3,2026-10-08 00:00:00,2026-10-04 00:00:00,P1D,fcre,1.6,ensemble,72,Chla_ugL_mean,6.49630620880321
vera4cast,chlorocast_ens3,2026-10-09 00:00:00,2026-10-04 00:00:00,P1D,fcre,1.6,ensemble,72,Chla_ugL_mean,6.44177753065181
vera4cast,chlorocast_ens3,2026-10-10 00:00:00,2026-10-04 00:00:00,P1D,fcre,1.6,ensemble,72,Chla_ugL_mean,6.35540978784069
vera4cast,chlorocast_ens3,2026-10-11 00:00:00,2026-10-04 00:00:00,P1D,fcre,1.6,ensemble,72,Chla_ugL_mean,6.26012094543349
vera4cast,chlorocast_ens3,2026-10-12 00:00:00,2026-10-04 00:00:00,P1D,fcre,1.6,ensemble,72,Chla_ugL_mean,6.20933820694177
vera4cast,chlorocast_ens3,2026-10-13 00:00:00,2026-10-04 00:00:00,P1D,fcre,1.6,ensemble,72,Chla_ugL_mean,6.21755061200202
vera4cast,chlorocast_ens3,2026-10-14 00:00:00,2026-10-04 00:00:00,P1D,fcre,1.6,ensemble,72,Chla_ugL_mean,6.26626138327132
vera4cast,chlorocast_ens3,2026-10-15 00:00:00,2026-10-04 00:00:00,P1D,fcre,1.6,ensemble,72,Chla_ugL_mean,6.2127827502268
vera4cast,chlorocast_ens3,2026-10-16 00:00:00,2026-10-04 00:00:00,P1D,fcre,1.6,ensemble,72,Chla_ugL_mean,6.19771120917417
vera4cast,chlorocast_ens3,2026-10-17 00:00:00,2026-10-04 00:00:00,P1D,fcre,1.6,ensemble,72,Chla_ugL_mean,6.19126117645349
vera4cast,chlorocast_ens3,2026-10-18 00:00:00,2026-10-04 00:00:00,P1D,fcre,1.6,ensemble,72,Chla_ugL_mean,6.17003147152164
vera4cast,chlorocast_ens3,2026-10-19 00:00:00,2026-10-04 00:00:00,P1D,fcre,1.6,ensemble,72,Chla_ugL_mean,6.18512972348616
vera4cast,chlorocast_ens3,2026-10-20 00:00:00,2026-10-04 00:00:00,P1D,fcre,1.6,ensemble,72,Chla_ugL_mean,6.1469830316345
vera4cast,chlorocast_ens3,2026-10-21 00:00:00,2026-10-04 00:00:00,P1D,fcre,1.6,ensemble,72,Chla_ugL_mean,6.1855991881594
vera4cast,chlorocast_ens3,2026-10-22 00:00:00,2026-10-04 00:00:00,P1D,fcre,1.6,ensemble,72,Chla_ugL_mean,6.16309202932343
vera4cast,chlorocast_ens3,2026-10-23 00:00:00,2026-10-04 00:00:00,P1D,fcre,1.6,ensemble,72,Chla_ugL_mean,6.12941885740207
vera4cast,chlorocast_ens3,2026-10-24 00:00:00,2026-10-04 00:00:00,P1D,fcre,1.6,ensemble,72,Chla_ugL_mean,6.12423515746988
vera4cast,chlorocast_ens3,2026-10-25 00:00:00,2026-10-04 00:00:00,P1D,fcre,1.6,ensemble,72,Chla_ugL_mean,6.16594533120406
vera4cast,chlorocast_ens3,2026-10-26 00:00:00,2026-10-04 00:00:00,P1D,fcre,1.6,ensemble,72,Chla_ugL_mean,6.21332820932235
vera4cast,chlorocast_ens3,2026-10-27 00:00:00,2026-10-04 00:00:00,P1D,fcre,1.6,ensemble,72,Chla_ugL_mean,6.27058909253549
vera4cast,chlorocast_ens3,2026-10-28 00:00:00,2026-10-04 00:00:00,P1D,fcre,1.6,ensemble,72,Chla_ugL_mean,6.28347665598591
vera4cast,chlorocast_ens3,2026-10-29 00:00:00,2026-10-04 00:00:00,P1D,fcre,1.6,ensemble,72,Chla_ugL_mean,6.35139945526907
vera4cast,chlorocast_ens3,2026-10-30 00:00:00,2026-10-04 00:00:00,P1D,fcre,1.6,ensemble,72,Chla_ugL_mean,6.34965169127071
vera4cast,chlorocast_ens3,2026-10-31 00:00:00,2026-10-04 00:00:00,P1D,fcre,1.6,ensemble,72,Chla_ugL_mean,6.47893713913561
vera4cast,chlorocast_ens3,2026-11-01 00:00:00,2026-10-04 00:00:00,P1D,fcre,1.6,ensemble,72,Chla_ugL_mean,6.54335033188172
vera4cast,chlorocast_ens3,2026-11-02 00:00:00,2026-10-04 00:00:00,P1D,fcre,1.6,ensemble,72,Chla_ugL_mean,6.63736943113145
vera4cast,chlorocast_ens3,2026-11-03 00:00:00,2026-10-04 00:00:00,P1D,fcre,1.6,ensemble,72,Chla_ugL_mean,6.70255635279601
vera4cast,chlorocast_ens3,2026-11-04 00:00:00,2026-10-04 00:00:00,P1D,fcre,1.6,ensemble,72,Chla_ugL_mean,6.75255761656574
vera4cast,chlorocast_ens3,2026-11-05 00:00:00,2026-10-04 00:00:00,P1D,fcre,1.6,ensemble,72,Chla_ugL_mean,6.88371805954302
vera4cast,chlorocast_ens3,2026-11-06 00:00:00,2026-10-04 00:00:00,P1D,fcre,1.6,ensemble,72,Chla_ugL_mean,7.01605949102773
vera4cast,chlorocast_ens3,2026-11-07 00:00:00,2026-10-04 00:00:00,P1D,fcre,1.6,ensemble,72,Chla_ugL_mean,7.18346636106983
vera4cast,chlorocast_ens3,2026-11-08 00:00:00,2026-10-04 00:00:00,P1D,fcre,1.6,ensemble,72,Chla_ugL_mean,7.33916809456553
vera4cast,chlorocast_ens3,2026-10-05 00:00:00,2026-10-04 00:00:00,P1D,fcre,1.6,ensemble,73,Chla_ugL_mean,6.79852155310302
vera4cast,chlorocast_ens3,2026-10-06 00:00:00,2026-10-04 00:00:00,P1D,fcre,1.6,ensemble,73,Chla_ugL_mean,6.74323395871627
vera4cast,chlorocast_ens3,2026-10-07 00:00:00,2026-10-04 00:00:00,P1D,fcre,1.6,ensemble,73,Chla_ugL_mean,6.59839365021285
vera4cast,chlorocast_ens3,2026-10-08 00:00:00,2026-10-04 00:00:00,P1D,fcre,1.6,ensemble,73,Chla_ugL_mean,6.55624511456213
vera4cast,chlorocast_ens3,2026-10-09 00:00:00,2026-10-04 00:00:00,P1D,fcre,1.6,ensemble,73,Chla_ugL_mean,6.5017327711512
vera4cast,chlorocast_ens3,2026-10-10 00:00:00,2026-10-04 00:00:00,P1D,fcre,1.6,ensemble,73,Chla_ugL_mean,6.41783402811283
vera4cast,chlorocast_ens3,2026-10-11 00:00:00,2026-10-04 00:00:00,P1D,fcre,1.6,ensemble,73,Chla_ugL_mean,6.32182091928074
vera4cast,chlorocast_ens3,2026-10-12 00:00:00,2026-10-04 00:00:00,P1D,fcre,1.6,ensemble,73,Chla_ugL_mean,6.26850805164072
vera4cast,chlorocast_ens3,2026-10-13 00:00:00,2026-10-04 00:00:00,P1D,fcre,1.6,ensemble,73,Chla_ugL_mean,6.27858683360066
vera4cast,chlorocast_ens3,2026-10-14 00:00:00,2026-10-04 00:00:00,P1D,fcre,1.6,ensemble,73,Chla_ugL_mean,6.32968771313727
vera4cast,chlorocast_ens3,2026-10-15 00:00:00,2026-10-04 00:00:00,P1D,fcre,1.6,ensemble,73,Chla_ugL_mean,6.27311957068641
vera4cast,chlorocast_ens3,2026-10-16 00:00:00,2026-10-04 00:00:00,P1D,fcre,1.6,ensemble,73,Chla_ugL_mean,6.25783705325501
vera4cast,chlorocast_ens3,2026-10-17 00:00:00,2026-10-04 00:00:00,P1D,fcre,1.6,ensemble,73,Chla_ugL_mean,6.25284452837396
vera4cast,chlorocast_ens3,2026-10-18 00:00:00,2026-10-04 00:00:00,P1D,fcre,1.6,ensemble,73,Chla_ugL_mean,6.23023279071682
vera4cast,chlorocast_ens3,2026-10-19 00:00:00,2026-10-04 00:00:00,P1D,fcre,1.6,ensemble,73,Chla_ugL_mean,6.24606053846221
vera4cast,chlorocast_ens3,2026-10-20 00:00:00,2026-10-04 00:00:00,P1D,fcre,1.6,ensemble,73,Chla_ugL_mean,6.20494137761951
vera4cast,chlorocast_ens3,2026-10-21 00:00:00,2026-10-04 00:00:00,P1D,fcre,1.6,ensemble,73,Chla_ugL_mean,6.24649877611054
vera4cast,chlorocast_ens3,2026-10-22 00:00:00,2026-10-04 00:00:00,P1D,fcre,1.6,ensemble,73,Chla_ugL_mean,6.22477168236767
vera4cast,chlorocast_ens3,2026-10-23 00:00:00,2026-10-04 00:00:00,P1D,fcre,1.6,ensemble,73,Chla_ugL_mean,6.1897613098156
vera4cast,chlorocast_ens3,2026-10-24 00:00:00,2026-10-04 00:00:00,P1D,fcre,1.6,ensemble,73,Chla_ugL_mean,6.18566261662052
vera4cast,chlorocast_ens3,2026-10-25 00:00:00,2026-10-04 00:00:00,P1D,fcre,1.6,ensemble,73,Chla_ugL_mean,6.2224786043497
vera4cast,chlorocast_ens3,2026-10-26 00:00:00,2026-10-04 00:00:00,P1D,fcre,1.6,ensemble,73,Chla_ugL_mean,6.27517178638206
vera4cast,chlorocast_ens3,2026-10-27 00:00:00,2026-10-04 00:00:00,P1D,fcre,1.6,ensemble,73,Chla_ugL_mean,6.33236675444243
vera4cast,chlorocast_ens3,2026-10-28 00:00:00,2026-10-04 00:00:00,P1D,fcre,1.6,ensemble,73,Chla_ugL_mean,6.34581748988258
vera4cast,chlorocast_ens3,2026-10-29 00:00:00,2026-10-04 00:00:00,P1D,fcre,1.6,ensemble,73,Chla_ugL_mean,6.41535450172433
vera4cast,chlorocast_ens3,2026-10-30 00:00:00,2026-10-04 00:00:00,P1D,fcre,1.6,ensemble,73,Chla_ugL_mean,6.41015698912836
vera4cast,chlorocast_ens3,2026-10-31 00:00:00,2026-10-04 00:00:00,P1D,fcre,1.6,ensemble,73,Chla_ugL_mean,6.54240008406566
vera4cast,chlorocast_ens3,2026-11-01 00:00:00,2026-10-04 00:00:00,P1D,fcre,1.6,ensemble,73,Chla_ugL_mean,6.60583261903288
vera4cast,chlorocast_ens3,2026-11-02 00:00:00,2026-10-04 00:00:00,P1D,fcre,1.6,ensemble,73,Chla_ugL_mean,6.69886460383714
vera4cast,chlorocast_ens3,2026-11-03 00:00:00,2026-10-04 00:00:00,P1D,fcre,1.6,ensemble,73,Chla_ugL_mean,6.76469197480844
vera4cast,chlorocast_ens3,2026-11-04 00:00:00,2026-10-04 00:00:00,P1D,fcre,1.6,ensemble,73,Chla_ugL_mean,6.81772194034805
vera4cast,chlorocast_ens3,2026-11-05 00:00:00,2026-10-04 00:00:00,P1D,fcre,1.6,ensemble,73,Chla_ugL_mean,6.94800811007346
vera4cast,chlorocast_ens3,2026-11-06 00:00:00,2026-10-04 00:00:00,P1D,fcre,1.6,ensemble,73,Chla_ugL_mean,7.08192662512127
vera4cast,chlorocast_ens3,2026-11-07 00:00:00,2026-10-04 00:00:00,P1D,fcre,1.6,ensemble,73,Chla_ugL_mean,7.24977393624192
vera4cast,chlorocast_ens3,2026-11-08 00:00:00,2026-10-04 00:00:00,P1D,fcre,1.6,ensemble,73,Chla_ugL_mean,7.40943969965268
vera4cast,chlorocast_ens3,2026-10-05 00:00:00,2026-10-04 00:00:00,P1D,fcre,1.6,ensemble,74,Chla_ugL_mean,6.86145573833355
vera4cast,chlorocast_ens3,2026-10-06 00:00:00,2026-10-04 00:00:00,P1D,fcre,1.6,ensemble,74,Chla_ugL_mean,6.80349181557004
vera4cast,chlorocast_ens3,2026-10-07 00:00:00,2026-10-04 00:00:00,P1D,fcre,1.6,ensemble,74,Chla_ugL_mean,6.65865623100889
vera4cast,chlorocast_ens3,2026-10-08 00:00:00,2026-10-04 00:00:00,P1D,fcre,1.6,ensemble,74,Chla_ugL_mean,6.61666327934857
vera4cast,chlorocast_ens3,2026-10-09 00:00:00,2026-10-04 00:00:00,P1D,fcre,1.6,ensemble,74,Chla_ugL_mean,6.56217104555592
vera4cast,chlorocast_ens3,2026-10-10 00:00:00,2026-10-04 00:00:00,P1D,fcre,1.6,ensemble,74,Chla_ugL_mean,6.48078805338485
vera4cast,chlorocast_ens3,2026-10-11 00:00:00,2026-10-04 00:00:00,P1D,fcre,1.6,ensemble,74,Chla_ugL_mean,6.38404524896192
vera4cast,chlorocast_ens3,2026-10-12 00:00:00,2026-10-04 00:00:00,P1D,fcre,1.6,ensemble,74,Chla_ugL_mean,6.32816352628533
vera4cast,chlorocast_ens3,2026-10-13 00:00:00,2026-10-04 00:00:00,P1D,fcre,1.6,ensemble,74,Chla_ugL_mean,6.34013921650488
vera4cast,chlorocast_ens3,2026-10-14 00:00:00,2026-10-04 00:00:00,P1D,fcre,1.6,ensemble,74,Chla_ugL_mean,6.3936676838796
vera4cast,chlorocast_ens3,2026-10-15 00:00:00,2026-10-04 00:00:00,P1D,fcre,1.6,ensemble,74,Chla_ugL_mean,6.33396112448256
vera4cast,chlorocast_ens3,2026-10-16 00:00:00,2026-10-04 00:00:00,P1D,fcre,1.6,ensemble,74,Chla_ugL_mean,6.31846515659875
vera4cast,chlorocast_ens3,2026-10-17 00:00:00,2026-10-04 00:00:00,P1D,fcre,1.6,ensemble,74,Chla_ugL_mean,6.3149552577795
vera4cast,chlorocast_ens3,2026-10-18 00:00:00,2026-10-04 00:00:00,P1D,fcre,1.6,ensemble,74,Chla_ugL_mean,6.2909395747551
vera4cast,chlorocast_ens3,2026-10-19 00:00:00,2026-10-04 00:00:00,P1D,fcre,1.6,ensemble,74,Chla_ugL_mean,6.3075080545079
vera4cast,chlorocast_ens3,2026-10-20 00:00:00,2026-10-04 00:00:00,P1D,fcre,1.6,ensemble,74,Chla_ugL_mean,6.26336973589564
vera4cast,chlorocast_ens3,2026-10-21 00:00:00,2026-10-04 00:00:00,P1D,fcre,1.6,ensemble,74,Chla_ugL_mean,6.30791450192514
vera4cast,chlorocast_ens3,2026-10-22 00:00:00,2026-10-04 00:00:00,P1D,fcre,1.6,ensemble,74,Chla_ugL_mean,6.28698244398682
vera4cast,chlorocast_ens3,2026-10-23 00:00:00,2026-10-04 00:00:00,P1D,fcre,1.6,ensemble,74,Chla_ugL_mean,6.25061449271588
vera4cast,chlorocast_ens3,2026-10-24 00:00:00,2026-10-04 00:00:00,P1D,fcre,1.6,ensemble,74,Chla_ugL_mean,6.24761972318654
vera4cast,chlorocast_ens3,2026-10-25 00:00:00,2026-10-04 00:00:00,P1D,fcre,1.6,ensemble,74,Chla_ugL_mean,6.27945787740531
vera4cast,chlorocast_ens3,2026-10-26 00:00:00,2026-10-04 00:00:00,P1D,fcre,1.6,ensemble,74,Chla_ugL_mean,6.3375455802727
vera4cast,chlorocast_ens3,2026-10-27 00:00:00,2026-10-04 00:00:00,P1D,fcre,1.6,ensemble,74,Chla_ugL_mean,6.39466933660852
vera4cast,chlorocast_ens3,2026-10-28 00:00:00,2026-10-04 00:00:00,P1D,fcre,1.6,ensemble,74,Chla_ugL_mean,6.40869191230496
vera4cast,chlorocast_ens3,2026-10-29 00:00:00,2026-10-04 00:00:00,P1D,fcre,1.6,ensemble,74,Chla_ugL_mean,6.47986593856377
vera4cast,chlorocast_ens3,2026-10-30 00:00:00,2026-10-04 00:00:00,P1D,fcre,1.6,ensemble,74,Chla_ugL_mean,6.47116039100816
vera4cast,chlorocast_ens3,2026-10-31 00:00:00,2026-10-04 00:00:00,P1D,fcre,1.6,ensemble,74,Chla_ugL_mean,6.6064015474114
vera4cast,chlorocast_ens3,2026-11-01 00:00:00,2026-10-04 00:00:00,P1D,fcre,1.6,ensemble,74,Chla_ugL_mean,6.66883245290213
vera4cast,chlorocast_ens3,2026-11-02 00:00:00,2026-10-04 00:00:00,P1D,fcre,1.6,ensemble,74,Chla_ugL_mean,6.76085492821779
vera4cast,chlorocast_ens3,2026-11-03 00:00:00,2026-10-04 00:00:00,P1D,fcre,1.6,ensemble,74,Chla_ugL_mean,6.82732883762276
vera4cast,chlorocast_ens3,2026-11-04 00:00:00,2026-10-04 00:00:00,P1D,fcre,1.6,ensemble,74,Chla_ugL_mean,6.8834340045412
vera4cast,chlorocast_ens3,2026-11-05 00:00:00,2026-10-04 00:00:00,P1D,fcre,1.6,ensemble,74,Chla_ugL_mean,7.01282243234548
vera4cast,chlorocast_ens3,2026-11-06 00:00:00,2026-10-04 00:00:00,P1D,fcre,1.6,ensemble,74,Chla_ugL_mean,7.14833498266239
vera4cast,chlorocast_ens3,2026-11-07 00:00:00,2026-10-04 00:00:00,P1D,fcre,1.6,ensemble,74,Chla_ugL_mean,7.31661877696032
vera4cast,chlorocast_ens3,2026-11-08 00:00:00,2026-10-04 00:00:00,P1D,fcre,1.6,ensemble,74,Chla_ugL_mean,7.48030346194609
vera4cast,chlorocast_ens3,2026-10-05 00:00:00,2026-10-04 00:00:00,P1D,fcre,1.6,ensemble,75,Chla_ugL_mean,6.92489780337742
vera4cast,chlorocast_ens3,2026-10-06 00:00:00,2026-10-04 00:00:00,P1D,fcre,1.6,ensemble,75,Chla_ugL_mean,6.86421859914512
vera4cast,chlorocast_ens3,2026-10-07 00:00:00,2026-10-04 00:00:00,P1D,fcre,1.6,ensemble,75,Chla_ugL_mean,6.71939675211856
vera4cast,chlorocast_ens3,2026-10-08 00:00:00,2026-10-04 00:00:00,P1D,fcre,1.6,ensemble,75,Chla_ugL_mean,6.67756453521805
vera4cast,chlorocast_ens3,2026-10-09 00:00:00,2026-10-04 00:00:00,P1D,fcre,1.6,ensemble,75,Chla_ugL_mean,6.623096245465
vera4cast,chlorocast_ens3,2026-10-10 00:00:00,2026-10-04 00:00:00,P1D,fcre,1.6,ensemble,75,Chla_ugL_mean,6.54427635986118
vera4cast,chlorocast_ens3,2026-10-11 00:00:00,2026-10-04 00:00:00,P1D,fcre,1.6,ensemble,75,Chla_ugL_mean,6.44679839070324
vera4cast,chlorocast_ens3,2026-10-12 00:00:00,2026-10-04 00:00:00,P1D,fcre,1.6,ensemble,75,Chla_ugL_mean,6.38830861662959
vera4cast,chlorocast_ens3,2026-10-13 00:00:00,2026-10-04 00:00:00,P1D,fcre,1.6,ensemble,75,Chla_ugL_mean,6.40221212570464
vera4cast,chlorocast_ens3,2026-10-14 00:00:00,2026-10-04 00:00:00,P1D,fcre,1.6,ensemble,75,Chla_ugL_mean,6.45820612816356
vera4cast,chlorocast_ens3,2026-10-15 00:00:00,2026-10-04 00:00:00,P1D,fcre,1.6,ensemble,75,Chla_ugL_mean,6.39531163384205
vera4cast,chlorocast_ens3,2026-10-16 00:00:00,2026-10-04 00:00:00,P1D,fcre,1.6,ensemble,75,Chla_ugL_mean,6.37959971481162
vera4cast,chlorocast_ens3,2026-10-17 00:00:00,2026-10-04 00:00:00,P1D,fcre,1.6,ensemble,75,Chla_ugL_mean,6.37759788093959
vera4cast,chlorocast_ens3,2026-10-18 00:00:00,2026-10-04 00:00:00,P1D,fcre,1.6,ensemble,75,Chla_ugL_mean,6.35215606764163
vera4cast,chlorocast_ens3,2026-10-19 00:00:00,2026-10-04 00:00:00,P1D,fcre,1.6,ensemble,75,Chla_ugL_mean,6.3694766533141
vera4cast,chlorocast_ens3,2026-10-20 00:00:00,2026-10-04 00:00:00,P1D,fcre,1.6,ensemble,75,Chla_ugL_mean,6.32227191802014
vera4cast,chlorocast_ens3,2026-10-21 00:00:00,2026-10-04 00:00:00,P1D,fcre,1.6,ensemble,75,Chla_ugL_mean,6.36985073998902
vera4cast,chlorocast_ens3,2026-10-22 00:00:00,2026-10-04 00:00:00,P1D,fcre,1.6,ensemble,75,Chla_ugL_mean,6.34972888742837
vera4cast,chlorocast_ens3,2026-10-23 00:00:00,2026-10-04 00:00:00,P1D,fcre,1.6,ensemble,75,Chla_ugL_mean,6.31198272885778
vera4cast,chlorocast_ens3,2026-10-24 00:00:00,2026-10-04 00:00:00,P1D,fcre,1.6,ensemble,75,Chla_ugL_mean,6.31011104395921
vera4cast,chlorocast_ens3,2026-10-25 00:00:00,2026-10-04 00:00:00,P1D,fcre,1.6,ensemble,75,Chla_ugL_mean,6.33688666893454
vera4cast,chlorocast_ens3,2026-10-26 00:00:00,2026-10-04 00:00:00,P1D,fcre,1.6,ensemble,75,Chla_ugL_mean,6.40045413681616
vera4cast,chlorocast_ens3,2026-10-27 00:00:00,2026-10-04 00:00:00,P1D,fcre,1.6,ensemble,75,Chla_ugL_mean,6.45750129924269
vera4cast,chlorocast_ens3,2026-10-28 00:00:00,2026-10-04 00:00:00,P1D,fcre,1.6,ensemble,75,Chla_ugL_mean,6.47210449035133
vera4cast,chlorocast_ens3,2026-10-29 00:00:00,2026-10-04 00:00:00,P1D,fcre,1.6,ensemble,75,Chla_ugL_mean,6.54493860622259
vera4cast,chlorocast_ens3,2026-10-30 00:00:00,2026-10-04 00:00:00,P1D,fcre,1.6,ensemble,75,Chla_ugL_mean,6.53266599750338
vera4cast,chlorocast_ens3,2026-10-31 00:00:00,2026-10-04 00:00:00,P1D,fcre,1.6,ensemble,75,Chla_ugL_mean,6.67094609880136
vera4cast,chlorocast_ens3,2026-11-01 00:00:00,2026-10-04 00:00:00,P1D,fcre,1.6,ensemble,75,Chla_ugL_mean,6.73235412037808
vera4cast,chlorocast_ens3,2026-11-02 00:00:00,2026-10-04 00:00:00,P1D,fcre,1.6,ensemble,75,Chla_ugL_mean,6.82334439117466
vera4cast,chlorocast_ens3,2026-11-03 00:00:00,2026-10-04 00:00:00,P1D,fcre,1.6,ensemble,75,Chla_ugL_mean,6.89047098468993
vera4cast,chlorocast_ens3,2026-11-04 00:00:00,2026-10-04 00:00:00,P1D,fcre,1.6,ensemble,75,Chla_ugL_mean,6.94969841319141
vera4cast,chlorocast_ens3,2026-11-05 00:00:00,2026-10-04 00:00:00,P1D,fcre,1.6,ensemble,75,Chla_ugL_mean,7.07816530168406
vera4cast,chlorocast_ens3,2026-11-06 00:00:00,2026-10-04 00:00:00,P1D,fcre,1.6,ensemble,75,Chla_ugL_mean,7.21528901082833
vera4cast,chlorocast_ens3,2026-11-07 00:00:00,2026-10-04 00:00:00,P1D,fcre,1.6,ensemble,75,Chla_ugL_mean,7.38400523648734
vera4cast,chlorocast_ens3,2026-11-08 00:00:00,2026-10-04 00:00:00,P1D,fcre,1.6,ensemble,75,Chla_ugL_mean,7.55176437137247
vera4cast,chlorocast_ens3,2026-10-05 00:00:00,2026-10-04 00:00:00,P1D,fcre,1.6,ensemble,76,Chla_ugL_mean,6.98885184683227
vera4cast,chlorocast_ens3,2026-10-06 00:00:00,2026-10-04 00:00:00,P1D,fcre,1.6,ensemble,76,Chla_ugL_mean,6.92541795862987
vera4cast,chlorocast_ens3,2026-10-07 00:00:00,2026-10-04 00:00:00,P1D,fcre,1.6,ensemble,76,Chla_ugL_mean,6.78061900406891
vera4cast,chlorocast_ens3,2026-10-08 00:00:00,2026-10-04 00:00:00,P1D,fcre,1.6,ensemble,76,Chla_ugL_mean,6.73895274486643
vera4cast,chlorocast_ens3,2026-10-09 00:00:00,2026-10-04 00:00:00,P1D,fcre,1.6,ensemble,76,Chla_ugL_mean,6.68451229383036
vera4cast,chlorocast_ens3,2026-10-10 00:00:00,2026-10-04 00:00:00,P1D,fcre,1.6,ensemble,76,Chla_ugL_mean,6.60830348190487
vera4cast,chlorocast_ens3,2026-10-11 00:00:00,2026-10-04 00:00:00,P1D,fcre,1.6,ensemble,76,Chla_ugL_mean,6.51008483860204
vera4cast,chlorocast_ens3,2026-10-12 00:00:00,2026-10-04 00:00:00,P1D,fcre,1.6,ensemble,76,Chla_ugL_mean,6.44894734114011
vera4cast,chlorocast_ens3,2026-10-13 00:00:00,2026-10-04 00:00:00,P1D,fcre,1.6,ensemble,76,Chla_ugL_mean,6.46480996310301
vera4cast,chlorocast_ens3,2026-10-14 00:00:00,2026-10-04 00:00:00,P1D,fcre,1.6,ensemble,76,Chla_ugL_mean,6.52330792083816
vera4cast,chlorocast_ens3,2026-10-15 00:00:00,2026-10-04 00:00:00,P1D,fcre,1.6,ensemble,76,Chla_ugL_mean,6.45717535631172
vera4cast,chlorocast_ens3,2026-10-16 00:00:00,2026-10-04 00:00:00,P1D,fcre,1.6,ensemble,76,Chla_ugL_mean,6.44124495854775
vera4cast,chlorocast_ens3,2026-10-17 00:00:00,2026-10-04 00:00:00,P1D,fcre,1.6,ensemble,76,Chla_ugL_mean,6.44077695279937
vera4cast,chlorocast_ens3,2026-10-18 00:00:00,2026-10-04 00:00:00,P1D,fcre,1.6,ensemble,76,Chla_ugL_mean,6.41388654901522
vera4cast,chlorocast_ens3,2026-10-19 00:00:00,2026-10-04 00:00:00,P1D,fcre,1.6,ensemble,76,Chla_ugL_mean,6.43197075372897
vera4cast,chlorocast_ens3,2026-10-20 00:00:00,2026-10-04 00:00:00,P1D,fcre,1.6,ensemble,76,Chla_ugL_mean,6.38165176646003
vera4cast,chlorocast_ens3,2026-10-21 00:00:00,2026-10-04 00:00:00,P1D,fcre,1.6,ensemble,76,Chla_ugL_mean,6.43231190176191
vera4cast,chlorocast_ens3,2026-10-22 00:00:00,2026-10-04 00:00:00,P1D,fcre,1.6,ensemble,76,Chla_ugL_mean,6.41301562531893
vera4cast,chlorocast_ens3,2026-10-23 00:00:00,2026-10-04 00:00:00,P1D,fcre,1.6,ensemble,76,Chla_ugL_mean,6.37387037758339
vera4cast,chlorocast_ens3,2026-10-24 00:00:00,2026-10-04 00:00:00,P1D,fcre,1.6,ensemble,76,Chla_ugL_mean,6.37314118510617
vera4cast,chlorocast_ens3,2026-10-25 00:00:00,2026-10-04 00:00:00,P1D,fcre,1.6,ensemble,76,Chla_ugL_mean,6.39476852525953
vera4cast,chlorocast_ens3,2026-10-26 00:00:00,2026-10-04 00:00:00,P1D,fcre,1.6,ensemble,76,Chla_ugL_mean,6.46390204080805
vera4cast,chlorocast_ens3,2026-10-27 00:00:00,2026-10-04 00:00:00,P1D,fcre,1.6,ensemble,76,Chla_ugL_mean,6.52086714045192
vera4cast,chlorocast_ens3,2026-10-28 00:00:00,2026-10-04 00:00:00,P1D,fcre,1.6,ensemble,76,Chla_ugL_mean,6.53605983021072
vera4cast,chlorocast_ens3,2026-10-29 00:00:00,2026-10-04 00:00:00,P1D,fcre,1.6,ensemble,76,Chla_ugL_mean,6.61057738724642
vera4cast,chlorocast_ens3,2026-10-30 00:00:00,2026-10-04 00:00:00,P1D,fcre,1.6,ensemble,76,Chla_ugL_mean,6.59467794296502
vera4cast,chlorocast_ens3,2026-10-31 00:00:00,2026-10-04 00:00:00,P1D,fcre,1.6,ensemble,76,Chla_ugL_mean,6.73603834663992
vera4cast,chlorocast_ens3,2026-11-01 00:00:00,2026-10-04 00:00:00,P1D,fcre,1.6,ensemble,76,Chla_ugL_mean,6.79640194385805
vera4cast,chlorocast_ens3,2026-11-02 00:00:00,2026-10-04 00:00:00,P1D,fcre,1.6,ensemble,76,Chla_ugL_mean,6.88633701171104
vera4cast,chlorocast_ens3,2026-11-03 00:00:00,2026-10-04 00:00:00,P1D,fcre,1.6,ensemble,76,Chla_ugL_mean,6.954122492079
vera4cast,chlorocast_ens3,2026-11-04 00:00:00,2026-10-04 00:00:00,P1D,fcre,1.6,ensemble,76,Chla_ugL_mean,7.0165198090443
vera4cast,chlorocast_ens3,2026-11-05 00:00:00,2026-10-04 00:00:00,P1D,fcre,1.6,ensemble,76,Chla_ugL_mean,7.14404102827856
vera4cast,chlorocast_ens3,2026-11-06 00:00:00,2026-10-04 00:00:00,P1D,fcre,1.6,ensemble,76,Chla_ugL_mean,7.28279319333834
vera4cast,chlorocast_ens3,2026-11-07 00:00:00,2026-10-04 00:00:00,P1D,fcre,1.6,ensemble,76,Chla_ugL_mean,7.45193770335813
vera4cast,chlorocast_ens3,2026-11-08 00:00:00,2026-10-04 00:00:00,P1D,fcre,1.6,ensemble,76,Chla_ugL_mean,7.62382745990704
vera4cast,chlorocast_ens3,2026-10-05 00:00:00,2026-10-04 00:00:00,P1D,fcre,1.6,ensemble,77,Chla_ugL_mean,7.05332200037154
vera4cast,chlorocast_ens3,2026-10-06 00:00:00,2026-10-04 00:00:00,P1D,fcre,1.6,ensemble,77,Chla_ugL_mean,6.98709357161064
vera4cast,chlorocast_ens3,2026-10-07 00:00:00,2026-10-04 00:00:00,P1D,fcre,1.6,ensemble,77,Chla_ugL_mean,6.84232680744953
vera4cast,chlorocast_ens3,2026-10-08 00:00:00,2026-10-04 00:00:00,P1D,fcre,1.6,ensemble,77,Chla_ugL_mean,6.80083180187488
vera4cast,chlorocast_ens3,2026-10-09 00:00:00,2026-10-04 00:00:00,P1D,fcre,1.6,ensemble,77,Chla_ugL_mean,6.74642314520954
vera4cast,chlorocast_ens3,2026-10-10 00:00:00,2026-10-04 00:00:00,P1D,fcre,1.6,ensemble,77,Chla_ugL_mean,6.67287399236139
vera4cast,chlorocast_ens3,2026-10-11 00:00:00,2026-10-04 00:00:00,P1D,fcre,1.6,ensemble,77,Chla_ugL_mean,6.57390912494866
vera4cast,chlorocast_ens3,2026-10-12 00:00:00,2026-10-04 00:00:00,P1D,fcre,1.6,ensemble,77,Chla_ugL_mean,6.51008375126462
vera4cast,chlorocast_ens3,2026-10-13 00:00:00,2026-10-04 00:00:00,P1D,fcre,1.6,ensemble,77,Chla_ugL_mean,6.5279371678284
vera4cast,chlorocast_ens3,2026-10-14 00:00:00,2026-10-04 00:00:00,P1D,fcre,1.6,ensemble,77,Chla_ugL_mean,6.58897797930437
vera4cast,chlorocast_ens3,2026-10-15 00:00:00,2026-10-04 00:00:00,P1D,fcre,1.6,ensemble,77,Chla_ugL_mean,6.51955658505391
vera4cast,chlorocast_ens3,2026-10-16 00:00:00,2026-10-04 00:00:00,P1D,fcre,1.6,ensemble,77,Chla_ugL_mean,6.50340515380187
vera4cast,chlorocast_ens3,2026-10-17 00:00:00,2026-10-04 00:00:00,P1D,fcre,1.6,ensemble,77,Chla_ugL_mean,6.50449706731091
vera4cast,chlorocast_ens3,2026-10-18 00:00:00,2026-10-04 00:00:00,P1D,fcre,1.6,ensemble,77,Chla_ugL_mean,6.47613533444759
vera4cast,chlorocast_ens3,2026-10-19 00:00:00,2026-10-04 00:00:00,P1D,fcre,1.6,ensemble,77,Chla_ugL_mean,6.49499481207306
vera4cast,chlorocast_ens3,2026-10-20 00:00:00,2026-10-04 00:00:00,P1D,fcre,1.6,ensemble,77,Chla_ugL_mean,6.44151315484274
vera4cast,chlorocast_ens3,2026-10-21 00:00:00,2026-10-04 00:00:00,P1D,fcre,1.6,ensemble,77,Chla_ugL_mean,6.49530243609168
vera4cast,chlorocast_ens3,2026-10-22 00:00:00,2026-10-04 00:00:00,P1D,fcre,1.6,ensemble,77,Chla_ugL_mean,6.47684731000335
vera4cast,chlorocast_ens3,2026-10-23 00:00:00,2026-10-04 00:00:00,P1D,fcre,1.6,ensemble,77,Chla_ugL_mean,6.4362818351317
vera4cast,chlorocast_ens3,2026-10-24 00:00:00,2026-10-04 00:00:00,P1D,fcre,1.6,ensemble,77,Chla_ugL_mean,6.43671479251091
vera4cast,chlorocast_ens3,2026-10-25 00:00:00,2026-10-04 00:00:00,P1D,fcre,1.6,ensemble,77,Chla_ugL_mean,6.45310702067993
vera4cast,chlorocast_ens3,2026-10-26 00:00:00,2026-10-04 00:00:00,P1D,fcre,1.6,ensemble,77,Chla_ugL_mean,6.52789391635176
vera4cast,chlorocast_ens3,2026-10-27 00:00:00,2026-10-04 00:00:00,P1D,fcre,1.6,ensemble,77,Chla_ugL_mean,6.58477139656328
vera4cast,chlorocast_ens3,2026-10-28 00:00:00,2026-10-04 00:00:00,P1D,fcre,1.6,ensemble,77,Chla_ugL_mean,6.60056257749754
vera4cast,chlorocast_ens3,2026-10-29 00:00:00,2026-10-04 00:00:00,P1D,fcre,1.6,ensemble,77,Chla_ugL_mean,6.67678720665758
vera4cast,chlorocast_ens3,2026-10-30 00:00:00,2026-10-04 00:00:00,P1D,fcre,1.6,ensemble,77,Chla_ugL_mean,6.65720039577972
vera4cast,chlorocast_ens3,2026-10-31 00:00:00,2026-10-04 00:00:00,P1D,fcre,1.6,ensemble,77,Chla_ugL_mean,6.80168293843633
vera4cast,chlorocast_ens3,2026-11-01 00:00:00,2026-10-04 00:00:00,P1D,fcre,1.6,ensemble,77,Chla_ugL_mean,6.86098028154219
vera4cast,chlorocast_ens3,2026-11-02 00:00:00,2026-10-04 00:00:00,P1D,fcre,1.6,ensemble,77,Chla_ugL_mean,6.94983684119075
vera4cast,chlorocast_ens3,2026-11-03 00:00:00,2026-10-04 00:00:00,P1D,fcre,1.6,ensemble,77,Chla_ugL_mean,7.01828746874016
vera4cast,chlorocast_ens3,2026-11-04 00:00:00,2026-10-04 00:00:00,P1D,fcre,1.6,ensemble,77,Chla_ugL_mean,7.08390287387024
vera4cast,chlorocast_ens3,2026-11-05 00:00:00,2026-10-04 00:00:00,P1D,fcre,1.6,ensemble,77,Chla_ugL_mean,7.21045395746699
vera4cast,chlorocast_ens3,2026-11-06 00:00:00,2026-10-04 00:00:00,P1D,fcre,1.6,ensemble,77,Chla_ugL_mean,7.35085205075393
vera4cast,chlorocast_ens3,2026-11-07 00:00:00,2026-10-04 00:00:00,P1D,fcre,1.6,ensemble,77,Chla_ugL_mean,7.52042060166652
vera4cast,chlorocast_ens3,2026-11-08 00:00:00,2026-10-04 00:00:00,P1D,fcre,1.6,ensemble,77,Chla_ugL_mean,7.69649780192799
vera4cast,chlorocast_ens3,2026-10-05 00:00:00,2026-10-04 00:00:00,P1D,fcre,1.6,ensemble,78,Chla_ugL_mean,7.11831242901129
vera4cast,chlorocast_ens3,2026-10-06 00:00:00,2026-10-04 00:00:00,P1D,fcre,1.6,ensemble,78,Chla_ugL_mean,7.04924914429278
vera4cast,chlorocast_ens3,2026-10-07 00:00:00,2026-10-04 00:00:00,P1D,fcre,1.6,ensemble,78,Chla_ugL_mean,6.90452401315099
vera4cast,chlorocast_ens3,2026-10-08 00:00:00,2026-10-04 00:00:00,P1D,fcre,1.6,ensemble,78,Chla_ugL_mean,6.86320563095683
vera4cast,chlorocast_ens3,2026-10-09 00:00:00,2026-10-04 00:00:00,P1D,fcre,1.6,ensemble,78,Chla_ugL_mean,6.80883278602023
vera4cast,chlorocast_ens3,2026-10-10 00:00:00,2026-10-04 00:00:00,P1D,fcre,1.6,ensemble,78,Chla_ugL_mean,6.73799250288528
vera4cast,chlorocast_ens3,2026-10-11 00:00:00,2026-10-04 00:00:00,P1D,fcre,1.6,ensemble,78,Chla_ugL_mean,6.63827582055099
vera4cast,chlorocast_ens3,2026-10-12 00:00:00,2026-10-04 00:00:00,P1D,fcre,1.6,ensemble,78,Chla_ugL_mean,6.57172193170267
vera4cast,chlorocast_ens3,2026-10-13 00:00:00,2026-10-04 00:00:00,P1D,fcre,1.6,ensemble,78,Chla_ugL_mean,6.59159821654929
vera4cast,chlorocast_ens3,2026-10-14 00:00:00,2026-10-04 00:00:00,P1D,fcre,1.6,ensemble,78,Chla_ugL_mean,6.65522126388658
vera4cast,chlorocast_ens3,2026-10-15 00:00:00,2026-10-04 00:00:00,P1D,fcre,1.6,ensemble,78,Chla_ugL_mean,6.58245964914441
vera4cast,chlorocast_ens3,2026-10-16 00:00:00,2026-10-04 00:00:00,P1D,fcre,1.6,ensemble,78,Chla_ugL_mean,6.56608460220456
vera4cast,chlorocast_ens3,2026-10-17 00:00:00,2026-10-04 00:00:00,P1D,fcre,1.6,ensemble,78,Chla_ugL_mean,6.56876285776719
vera4cast,chlorocast_ens3,2026-10-18 00:00:00,2026-10-04 00:00:00,P1D,fcre,1.6,ensemble,78,Chla_ugL_mean,6.53890677574503
vera4cast,chlorocast_ens3,2026-10-19 00:00:00,2026-10-04 00:00:00,P1D,fcre,1.6,ensemble,78,Chla_ugL_mean,6.5585533224571
vera4cast,chlorocast_ens3,2026-10-20 00:00:00,2026-10-04 00:00:00,P1D,fcre,1.6,ensemble,78,Chla_ugL_mean,6.50185998820884
vera4cast,chlorocast_ens3,2026-10-21 00:00:00,2026-10-04 00:00:00,P1D,fcre,1.6,ensemble,78,Chla_ugL_mean,6.55882682953118
vera4cast,chlorocast_ens3,2026-10-22 00:00:00,2026-10-04 00:00:00,P1D,fcre,1.6,ensemble,78,Chla_ugL_mean,6.54122863388664
vera4cast,chlorocast_ens3,2026-10-23 00:00:00,2026-10-04 00:00:00,P1D,fcre,1.6,ensemble,78,Chla_ugL_mean,6.49922153495087
vera4cast,chlorocast_ens3,2026-10-24 00:00:00,2026-10-04 00:00:00,P1D,fcre,1.6,ensemble,78,Chla_ugL_mean,6.50083655211523
vera4cast,chlorocast_ens3,2026-10-25 00:00:00,2026-10-04 00:00:00,P1D,fcre,1.6,ensemble,78,Chla_ugL_mean,6.5119057576936
vera4cast,chlorocast_ens3,2026-10-26 00:00:00,2026-10-04 00:00:00,P1D,fcre,1.6,ensemble,78,Chla_ugL_mean,6.59243442719551
vera4cast,chlorocast_ens3,2026-10-27 00:00:00,2026-10-04 00:00:00,P1D,fcre,1.6,ensemble,78,Chla_ugL_mean,6.64921864244867
vera4cast,chlorocast_ens3,2026-10-28 00:00:00,2026-10-04 00:00:00,P1D,fcre,1.6,ensemble,78,Chla_ugL_mean,6.665617417589
vera4cast,chlorocast_ens3,2026-10-29 00:00:00,2026-10-04 00:00:00,P1D,fcre,1.6,ensemble,78,Chla_ugL_mean,6.7435730323247
vera4cast,chlorocast_ens3,2026-10-30 00:00:00,2026-10-04 00:00:00,P1D,fcre,1.6,ensemble,78,Chla_ugL_mean,6.72023755864998
vera4cast,chlorocast_ens3,2026-10-31 00:00:00,2026-10-04 00:00:00,P1D,fcre,1.6,ensemble,78,Chla_ugL_mean,6.86788456113656
vera4cast,chlorocast_ens3,2026-11-01 00:00:00,2026-10-04 00:00:00,P1D,fcre,1.6,ensemble,78,Chla_ugL_mean,6.92609352773003
vera4cast,chlorocast_ens3,2026-11-02 00:00:00,2026-10-04 00:00:00,P1D,fcre,1.6,ensemble,78,Chla_ugL_mean,7.01384796359874
vera4cast,chlorocast_ens3,2026-11-03 00:00:00,2026-10-04 00:00:00,P1D,fcre,1.6,ensemble,78,Chla_ugL_mean,7.08297005677001
vera4cast,chlorocast_ens3,2026-11-04 00:00:00,2026-10-04 00:00:00,P1D,fcre,1.6,ensemble,78,Chla_ugL_mean,7.15185232879231
vera4cast,chlorocast_ens3,2026-11-05 00:00:00,2026-10-04 00:00:00,P1D,fcre,1.6,ensemble,78,Chla_ugL_mean,7.27740847002271
vera4cast,chlorocast_ens3,2026-11-06 00:00:00,2026-10-04 00:00:00,P1D,fcre,1.6,ensemble,78,Chla_ugL_mean,7.41947014078158
vera4cast,chlorocast_ens3,2026-11-07 00:00:00,2026-10-04 00:00:00,P1D,fcre,1.6,ensemble,78,Chla_ugL_mean,7.58945839135311
vera4cast,chlorocast_ens3,2026-11-08 00:00:00,2026-10-04 00:00:00,P1D,fcre,1.6,ensemble,78,Chla_ugL_mean,7.7697805145737
vera4cast,chlorocast_ens3,2026-10-05 00:00:00,2026-10-04 00:00:00,P1D,fcre,1.6,ensemble,79,Chla_ugL_mean,7.18382733137934
vera4cast,chlorocast_ens3,2026-10-06 00:00:00,2026-10-04 00:00:00,P1D,fcre,1.6,ensemble,79,Chla_ugL_mean,7.1118884117233
vera4cast,chlorocast_ens3,2026-10-07 00:00:00,2026-10-04 00:00:00,P1D,fcre,1.6,ensemble,79,Chla_ugL_mean,6.96721450260509
vera4cast,chlorocast_ens3,2026-10-08 00:00:00,2026-10-04 00:00:00,P1D,fcre,1.6,ensemble,79,Chla_ugL_mean,6.92607818820688
vera4cast,chlorocast_ens3,2026-10-09 00:00:00,2026-10-04 00:00:00,P1D,fcre,1.6,ensemble,79,Chla_ugL_mean,6.87174523479701
vera4cast,chlorocast_ens3,2026-10-10 00:00:00,2026-10-04 00:00:00,P1D,fcre,1.6,ensemble,79,Chla_ugL_mean,6.80366366426947
vera4cast,chlorocast_ens3,2026-10-11 00:00:00,2026-10-04 00:00:00,P1D,fcre,1.6,ensemble,79,Chla_ugL_mean,6.70318953506184
vera4cast,chlorocast_ens3,2026-10-12 00:00:00,2026-10-04 00:00:00,P1D,fcre,1.6,ensemble,79,Chla_ugL_mean,6.63386600067853
vera4cast,chlorocast_ens3,2026-10-13 00:00:00,2026-10-04 00:00:00,P1D,fcre,1.6,ensemble,79,Chla_ugL_mean,6.65579762379177
vera4cast,chlorocast_ens3,2026-10-14 00:00:00,2026-10-04 00:00:00,P1D,fcre,1.6,ensemble,79,Chla_ugL_mean,6.72204277820726
vera4cast,chlorocast_ens3,2026-10-15 00:00:00,2026-10-04 00:00:00,P1D,fcre,1.6,ensemble,79,Chla_ugL_mean,6.64588891387283
vera4cast,chlorocast_ens3,2026-10-16 00:00:00,2026-10-04 00:00:00,P1D,fcre,1.6,ensemble,79,Chla_ugL_mean,6.62928764131993
vera4cast,chlorocast_ens3,2026-10-17 00:00:00,2026-10-04 00:00:00,P1D,fcre,1.6,ensemble,79,Chla_ugL_mean,6.63357899713905
vera4cast,chlorocast_ens3,2026-10-18 00:00:00,2026-10-04 00:00:00,P1D,fcre,1.6,ensemble,79,Chla_ugL_mean,6.60220526125265
vera4cast,chlorocast_ens3,2026-10-19 00:00:00,2026-10-04 00:00:00,P1D,fcre,1.6,ensemble,79,Chla_ugL_mean,6.62265081710244
vera4cast,chlorocast_ens3,2026-10-20 00:00:00,2026-10-04 00:00:00,P1D,fcre,1.6,ensemble,79,Chla_ugL_mean,6.56269620326674
vera4cast,chlorocast_ens3,2026-10-21 00:00:00,2026-10-04 00:00:00,P1D,fcre,1.6,ensemble,79,Chla_ugL_mean,6.62288960665783
vera4cast,chlorocast_ens3,2026-10-22 00:00:00,2026-10-04 00:00:00,P1D,fcre,1.6,ensemble,79,Chla_ugL_mean,6.60616432977904
vera4cast,chlorocast_ens3,2026-10-23 00:00:00,2026-10-04 00:00:00,P1D,fcre,1.6,ensemble,79,Chla_ugL_mean,6.56269394801319
vera4cast,chlorocast_ens3,2026-10-24 00:00:00,2026-10-04 00:00:00,P1D,fcre,1.6,ensemble,79,Chla_ugL_mean,6.56551119026465
vera4cast,chlorocast_ens3,2026-10-25 00:00:00,2026-10-04 00:00:00,P1D,fcre,1.6,ensemble,79,Chla_ugL_mean,6.57116836721907
vera4cast,chlorocast_ens3,2026-10-26 00:00:00,2026-10-04 00:00:00,P1D,fcre,1.6,ensemble,79,Chla_ugL_mean,6.65752827707222
vera4cast,chlorocast_ens3,2026-10-27 00:00:00,2026-10-04 00:00:00,P1D,fcre,1.6,ensemble,79,Chla_ugL_mean,6.71421349185236
vera4cast,chlorocast_ens3,2026-10-28 00:00:00,2026-10-04 00:00:00,P1D,fcre,1.6,ensemble,79,Chla_ugL_mean,6.73122907596544
vera4cast,chlorocast_ens3,2026-10-29 00:00:00,2026-10-04 00:00:00,P1D,fcre,1.6,ensemble,79,Chla_ugL_mean,6.8109398753354
vera4cast,chlorocast_ens3,2026-10-30 00:00:00,2026-10-04 00:00:00,P1D,fcre,1.6,ensemble,79,Chla_ugL_mean,6.78379366887664
vera4cast,chlorocast_ens3,2026-10-31 00:00:00,2026-10-04 00:00:00,P1D,fcre,1.6,ensemble,79,Chla_ugL_mean,6.93464794145788
vera4cast,chlorocast_ens3,2026-11-01 00:00:00,2026-10-04 00:00:00,P1D,fcre,1.6,ensemble,79,Chla_ugL_mean,6.9917461131195
vera4cast,chlorocast_ens3,2026-11-02 00:00:00,2026-10-04 00:00:00,P1D,fcre,1.6,ensemble,79,Chla_ugL_mean,7.07837449580364
vera4cast,chlorocast_ens3,2026-11-03 00:00:00,2026-10-04 00:00:00,P1D,fcre,1.6,ensemble,79,Chla_ugL_mean,7.14817443167898
vera4cast,chlorocast_ens3,2026-11-04 00:00:00,2026-10-04 00:00:00,P1D,fcre,1.6,ensemble,79,Chla_ugL_mean,7.22037293461714
vera4cast,chlorocast_ens3,2026-11-05 00:00:00,2026-10-04 00:00:00,P1D,fcre,1.6,ensemble,79,Chla_ugL_mean,7.34490898244334
vera4cast,chlorocast_ens3,2026-11-06 00:00:00,2026-10-04 00:00:00,P1D,fcre,1.6,ensemble,79,Chla_ugL_mean,7.48865205857799
vera4cast,chlorocast_ens3,2026-11-07 00:00:00,2026-10-04 00:00:00,P1D,fcre,1.6,ensemble,79,Chla_ugL_mean,7.65905556849575
vera4cast,chlorocast_ens3,2026-11-08 00:00:00,2026-10-04 00:00:00,P1D,fcre,1.6,ensemble,79,Chla_ugL_mean,7.84368075810311
vera4cast,chlorocast_ens3,2026-10-05 00:00:00,2026-10-04 00:00:00,P1D,fcre,1.6,ensemble,80,Chla_ugL_mean,7.24987093998652
vera4cast,chlorocast_ens3,2026-10-06 00:00:00,2026-10-04 00:00:00,P1D,fcre,1.6,ensemble,80,Chla_ugL_mean,7.17501513801537
vera4cast,chlorocast_ens3,2026-10-07 00:00:00,2026-10-04 00:00:00,P1D,fcre,1.6,ensemble,80,Chla_ugL_mean,7.03040218802715
vera4cast,chlorocast_ens3,2026-10-08 00:00:00,2026-10-04 00:00:00,P1D,fcre,1.6,ensemble,80,Chla_ugL_mean,6.98945346135179
vera4cast,chlorocast_ens3,2026-10-09 00:00:00,2026-10-04 00:00:00,P1D,fcre,1.6,ensemble,80,Chla_ugL_mean,6.93516454245008
vera4cast,chlorocast_ens3,2026-10-10 00:00:00,2026-10-04 00:00:00,P1D,fcre,1.6,ensemble,80,Chla_ugL_mean,6.86989216677746
vera4cast,chlorocast_ens3,2026-10-11 00:00:00,2026-10-04 00:00:00,P1D,fcre,1.6,ensemble,80,Chla_ugL_mean,6.76865491730905
vera4cast,chlorocast_ens3,2026-10-12 00:00:00,2026-10-04 00:00:00,P1D,fcre,1.6,ensemble,80,Chla_ugL_mean,6.69652011021633
vera4cast,chlorocast_ens3,2026-10-13 00:00:00,2026-10-04 00:00:00,P1D,fcre,1.6,ensemble,80,Chla_ugL_mean,6.72053994225962
vera4cast,chlorocast_ens3,2026-10-14 00:00:00,2026-10-04 00:00:00,P1D,fcre,1.6,ensemble,80,Chla_ugL_mean,6.78944756956491
vera4cast,chlorocast_ens3,2026-10-15 00:00:00,2026-10-04 00:00:00,P1D,fcre,1.6,ensemble,80,Chla_ugL_mean,6.7098487810456
vera4cast,chlorocast_ens3,2026-10-16 00:00:00,2026-10-04 00:00:00,P1D,fcre,1.6,ensemble,80,Chla_ugL_mean,6.69301864494581
vera4cast,chlorocast_ens3,2026-10-17 00:00:00,2026-10-04 00:00:00,P1D,fcre,1.6,ensemble,80,Chla_ugL_mean,6.69895019841495
vera4cast,chlorocast_ens3,2026-10-18 00:00:00,2026-10-04 00:00:00,P1D,fcre,1.6,ensemble,80,Chla_ugL_mean,6.66603521616117
vera4cast,chlorocast_ens3,2026-10-19 00:00:00,2026-10-04 00:00:00,P1D,fcre,1.6,ensemble,80,Chla_ugL_mean,6.68729186666425
vera4cast,chlorocast_ens3,2026-10-20 00:00:00,2026-10-04 00:00:00,P1D,fcre,1.6,ensemble,80,Chla_ugL_mean,6.62402576864955
vera4cast,chlorocast_ens3,2026-10-21 00:00:00,2026-10-04 00:00:00,P1D,fcre,1.6,ensemble,80,Chla_ugL_mean,6.68749533039587
vera4cast,chlorocast_ens3,2026-10-22 00:00:00,2026-10-04 00:00:00,P1D,fcre,1.6,ensemble,80,Chla_ugL_mean,6.67165917124383
vera4cast,chlorocast_ens3,2026-10-23 00:00:00,2026-10-04 00:00:00,P1D,fcre,1.6,ensemble,80,Chla_ugL_mean,6.62670358313265
vera4cast,chlorocast_ens3,2026-10-24 00:00:00,2026-10-04 00:00:00,P1D,fcre,1.6,ensemble,80,Chla_ugL_mean,6.63074347405674
vera4cast,chlorocast_ens3,2026-10-25 00:00:00,2026-10-04 00:00:00,P1D,fcre,1.6,ensemble,80,Chla_ugL_mean,6.63089850881976
vera4cast,chlorocast_ens3,2026-10-26 00:00:00,2026-10-04 00:00:00,P1D,fcre,1.6,ensemble,80,Chla_ugL_mean,6.72318021004236
vera4cast,chlorocast_ens3,2026-10-27 00:00:00,2026-10-04 00:00:00,P1D,fcre,1.6,ensemble,80,Chla_ugL_mean,6.77976059772124
vera4cast,chlorocast_ens3,2026-10-28 00:00:00,2026-10-04 00:00:00,P1D,fcre,1.6,ensemble,80,Chla_ugL_mean,6.79740231855361
vera4cast,chlorocast_ens3,2026-10-29 00:00:00,2026-10-04 00:00:00,P1D,fcre,1.6,ensemble,80,Chla_ugL_mean,6.87889279037232
vera4cast,chlorocast_ens3,2026-10-30 00:00:00,2026-10-04 00:00:00,P1D,fcre,1.6,ensemble,80,Chla_ugL_mean,6.84787299864368
vera4cast,chlorocast_ens3,2026-10-31 00:00:00,2026-10-04 00:00:00,P1D,fcre,1.6,ensemble,80,Chla_ugL_mean,7.00197784622645
vera4cast,chlorocast_ens3,2026-11-01 00:00:00,2026-10-04 00:00:00,P1D,fcre,1.6,ensemble,80,Chla_ugL_mean,7.05794250510844
vera4cast,chlorocast_ens3,2026-11-02 00:00:00,2026-10-04 00:00:00,P1D,fcre,1.6,ensemble,80,Chla_ugL_mean,7.14342058782267
vera4cast,chlorocast_ens3,2026-11-03 00:00:00,2026-10-04 00:00:00,P1D,fcre,1.6,ensemble,80,Chla_ugL_mean,7.21390480266086
vera4cast,chlorocast_ens3,2026-11-04 00:00:00,2026-10-04 00:00:00,P1D,fcre,1.6,ensemble,80,Chla_ugL_mean,7.28946949216843
vera4cast,chlorocast_ens3,2026-11-05 00:00:00,2026-10-04 00:00:00,P1D,fcre,1.6,ensemble,80,Chla_ugL_mean,7.41295994724208
vera4cast,chlorocast_ens3,2026-11-06 00:00:00,2026-10-04 00:00:00,P1D,fcre,1.6,ensemble,80,Chla_ugL_mean,7.55840243705779
vera4cast,chlorocast_ens3,2026-11-07 00:00:00,2026-10-04 00:00:00,P1D,fcre,1.6,ensemble,80,Chla_ugL_mean,7.72921666560232
vera4cast,chlorocast_ens3,2026-11-08 00:00:00,2026-10-04 00:00:00,P1D,fcre,1.6,ensemble,80,Chla_ugL_mean,7.91820373625907
vera4cast,chlorocast_ens3,2026-10-05 00:00:00,2026-10-04 00:00:00,P1D,fcre,1.6,ensemble,81,Chla_ugL_mean,7.31337953888243
vera4cast,chlorocast_ens3,2026-10-06 00:00:00,2026-10-04 00:00:00,P1D,fcre,1.6,ensemble,81,Chla_ugL_mean,7.23895004945734
vera4cast,chlorocast_ens3,2026-10-07 00:00:00,2026-10-04 00:00:00,P1D,fcre,1.6,ensemble,81,Chla_ugL_mean,7.09486581335672
vera4cast,chlorocast_ens3,2026-10-08 00:00:00,2026-10-04 00:00:00,P1D,fcre,1.6,ensemble,81,Chla_ugL_mean,7.05252769856352
vera4cast,chlorocast_ens3,2026-10-09 00:00:00,2026-10-04 00:00:00,P1D,fcre,1.6,ensemble,81,Chla_ugL_mean,6.99905663846213
vera4cast,chlorocast_ens3,2026-10-10 00:00:00,2026-10-04 00:00:00,P1D,fcre,1.6,ensemble,81,Chla_ugL_mean,6.93118587120772
vera4cast,chlorocast_ens3,2026-10-11 00:00:00,2026-10-04 00:00:00,P1D,fcre,1.6,ensemble,81,Chla_ugL_mean,6.83105470847621
vera4cast,chlorocast_ens3,2026-10-12 00:00:00,2026-10-04 00:00:00,P1D,fcre,1.6,ensemble,81,Chla_ugL_mean,6.75870993774148
vera4cast,chlorocast_ens3,2026-10-13 00:00:00,2026-10-04 00:00:00,P1D,fcre,1.6,ensemble,81,Chla_ugL_mean,6.78307324353503
vera4cast,chlorocast_ens3,2026-10-14 00:00:00,2026-10-04 00:00:00,P1D,fcre,1.6,ensemble,81,Chla_ugL_mean,6.85061189477046
vera4cast,chlorocast_ens3,2026-10-15 00:00:00,2026-10-04 00:00:00,P1D,fcre,1.6,ensemble,81,Chla_ugL_mean,6.773499651947
vera4cast,chlorocast_ens3,2026-10-16 00:00:00,2026-10-04 00:00:00,P1D,fcre,1.6,ensemble,81,Chla_ugL_mean,6.75733116697394
vera4cast,chlorocast_ens3,2026-10-17 00:00:00,2026-10-04 00:00:00,P1D,fcre,1.6,ensemble,81,Chla_ugL_mean,6.76093662786926
vera4cast,chlorocast_ens3,2026-10-18 00:00:00,2026-10-04 00:00:00,P1D,fcre,1.6,ensemble,81,Chla_ugL_mean,6.72903552339211
vera4cast,chlorocast_ens3,2026-10-19 00:00:00,2026-10-04 00:00:00,P1D,fcre,1.6,ensemble,81,Chla_ugL_mean,6.74887824624554
vera4cast,chlorocast_ens3,2026-10-20 00:00:00,2026-10-04 00:00:00,P1D,fcre,1.6,ensemble,81,Chla_ugL_mean,6.68759063189341
vera4cast,chlorocast_ens3,2026-10-21 00:00:00,2026-10-04 00:00:00,P1D,fcre,1.6,ensemble,81,Chla_ugL_mean,6.7496640916487
vera4cast,chlorocast_ens3,2026-10-22 00:00:00,2026-10-04 00:00:00,P1D,fcre,1.6,ensemble,81,Chla_ugL_mean,6.73170923358787
vera4cast,chlorocast_ens3,2026-10-23 00:00:00,2026-10-04 00:00:00,P1D,fcre,1.6,ensemble,81,Chla_ugL_mean,6.68647527904788
vera4cast,chlorocast_ens3,2026-10-24 00:00:00,2026-10-04 00:00:00,P1D,fcre,1.6,ensemble,81,Chla_ugL_mean,6.69097078753415
vera4cast,chlorocast_ens3,2026-10-25 00:00:00,2026-10-04 00:00:00,P1D,fcre,1.6,ensemble,81,Chla_ugL_mean,6.69222706380936
vera4cast,chlorocast_ens3,2026-10-26 00:00:00,2026-10-04 00:00:00,P1D,fcre,1.6,ensemble,81,Chla_ugL_mean,6.78458768191501
vera4cast,chlorocast_ens3,2026-10-27 00:00:00,2026-10-04 00:00:00,P1D,fcre,1.6,ensemble,81,Chla_ugL_mean,6.84096528378371
vera4cast,chlorocast_ens3,2026-10-28 00:00:00,2026-10-04 00:00:00,P1D,fcre,1.6,ensemble,81,Chla_ugL_mean,6.86133856295349
vera4cast,chlorocast_ens3,2026-10-29 00:00:00,2026-10-04 00:00:00,P1D,fcre,1.6,ensemble,81,Chla_ugL_mean,6.94193524150813
vera4cast,chlorocast_ens3,2026-10-30 00:00:00,2026-10-04 00:00:00,P1D,fcre,1.6,ensemble,81,Chla_ugL_mean,6.91272100618458
vera4cast,chlorocast_ens3,2026-10-31 00:00:00,2026-10-04 00:00:00,P1D,fcre,1.6,ensemble,81,Chla_ugL_mean,7.06498122547193
vera4cast,chlorocast_ens3,2026-11-01 00:00:00,2026-10-04 00:00:00,P1D,fcre,1.6,ensemble,81,Chla_ugL_mean,7.12244616701261
vera4cast,chlorocast_ens3,2026-11-02 00:00:00,2026-10-04 00:00:00,P1D,fcre,1.6,ensemble,81,Chla_ugL_mean,7.207581153817
vera4cast,chlorocast_ens3,2026-11-03 00:00:00,2026-10-04 00:00:00,P1D,fcre,1.6,ensemble,81,Chla_ugL_mean,7.27919013929843
vera4cast,chlorocast_ens3,2026-11-04 00:00:00,2026-10-04 00:00:00,P1D,fcre,1.6,ensemble,81,Chla_ugL_mean,7.35545343526088
vera4cast,chlorocast_ens3,2026-11-05 00:00:00,2026-10-04 00:00:00,P1D,fcre,1.6,ensemble,81,Chla_ugL_mean,7.48246795152209
vera4cast,chlorocast_ens3,2026-11-06 00:00:00,2026-10-04 00:00:00,P1D,fcre,1.6,ensemble,81,Chla_ugL_mean,7.62882749362466
vera4cast,chlorocast_ens3,2026-11-07 00:00:00,2026-10-04 00:00:00,P1D,fcre,1.6,ensemble,81,Chla_ugL_mean,7.80244896224307
vera4cast,chlorocast_ens3,2026-11-08 00:00:00,2026-10-04 00:00:00,P1D,fcre,1.6,ensemble,81,Chla_ugL_mean,7.99198814168965
vera4cast,chlorocast_ens3,2026-10-05 00:00:00,2026-10-04 00:00:00,P1D,fcre,1.6,ensemble,82,Chla_ugL_mean,7.37703359464108
vera4cast,chlorocast_ens3,2026-10-06 00:00:00,2026-10-04 00:00:00,P1D,fcre,1.6,ensemble,82,Chla_ugL_mean,7.30342047205319
vera4cast,chlorocast_ens3,2026-10-07 00:00:00,2026-10-04 00:00:00,P1D,fcre,1.6,ensemble,82,Chla_ugL_mean,7.15993370165671
vera4cast,chlorocast_ens3,2026-10-08 00:00:00,2026-10-04 00:00:00,P1D,fcre,1.6,ensemble,82,Chla_ugL_mean,7.11600943124994
vera4cast,chlorocast_ens3,2026-10-09 00:00:00,2026-10-04 00:00:00,P1D,fcre,1.6,ensemble,82,Chla_ugL_mean,7.06345890528118
vera4cast,chlorocast_ens3,2026-10-10 00:00:00,2026-10-04 00:00:00,P1D,fcre,1.6,ensemble,82,Chla_ugL_mean,6.99234167102609
vera4cast,chlorocast_ens3,2026-10-11 00:00:00,2026-10-04 00:00:00,P1D,fcre,1.6,ensemble,82,Chla_ugL_mean,6.89355014361113
vera4cast,chlorocast_ens3,2026-10-12 00:00:00,2026-10-04 00:00:00,P1D,fcre,1.6,ensemble,82,Chla_ugL_mean,6.82129268077095
vera4cast,chlorocast_ens3,2026-10-13 00:00:00,2026-10-04 00:00:00,P1D,fcre,1.6,ensemble,82,Chla_ugL_mean,6.84580433969962
vera4cast,chlorocast_ens3,2026-10-14 00:00:00,2026-10-04 00:00:00,P1D,fcre,1.6,ensemble,82,Chla_ugL_mean,6.91149214668239
vera4cast,chlorocast_ens3,2026-10-15 00:00:00,2026-10-04 00:00:00,P1D,fcre,1.6,ensemble,82,Chla_ugL_mean,6.83758146042639
vera4cast,chlorocast_ens3,2026-10-16 00:00:00,2026-10-04 00:00:00,P1D,fcre,1.6,ensemble,82,Chla_ugL_mean,6.82218683843742
vera4cast,chlorocast_ens3,2026-10-17 00:00:00,2026-10-04 00:00:00,P1D,fcre,1.6,ensemble,82,Chla_ugL_mean,6.82298043611104
vera4cast,chlorocast_ens3,2026-10-18 00:00:00,2026-10-04 00:00:00,P1D,fcre,1.6,ensemble,82,Chla_ugL_mean,6.79240061099209
vera4cast,chlorocast_ens3,2026-10-19 00:00:00,2026-10-04 00:00:00,P1D,fcre,1.6,ensemble,82,Chla_ugL_mean,6.81055460439892
vera4cast,chlorocast_ens3,2026-10-20 00:00:00,2026-10-04 00:00:00,P1D,fcre,1.6,ensemble,82,Chla_ugL_mean,6.75188020307272
vera4cast,chlorocast_ens3,2026-10-21 00:00:00,2026-10-04 00:00:00,P1D,fcre,1.6,ensemble,82,Chla_ugL_mean,6.81200138902119
vera4cast,chlorocast_ens3,2026-10-22 00:00:00,2026-10-04 00:00:00,P1D,fcre,1.6,ensemble,82,Chla_ugL_mean,6.79155676566862
vera4cast,chlorocast_ens3,2026-10-23 00:00:00,2026-10-04 00:00:00,P1D,fcre,1.6,ensemble,82,Chla_ugL_mean,6.74618035928819
vera4cast,chlorocast_ens3,2026-10-24 00:00:00,2026-10-04 00:00:00,P1D,fcre,1.6,ensemble,82,Chla_ugL_mean,6.75105022374157
vera4cast,chlorocast_ens3,2026-10-25 00:00:00,2026-10-04 00:00:00,P1D,fcre,1.6,ensemble,82,Chla_ugL_mean,6.75417476904827
vera4cast,chlorocast_ens3,2026-10-26 00:00:00,2026-10-04 00:00:00,P1D,fcre,1.6,ensemble,82,Chla_ugL_mean,6.8459451982357
vera4cast,chlorocast_ens3,2026-10-27 00:00:00,2026-10-04 00:00:00,P1D,fcre,1.6,ensemble,82,Chla_ugL_mean,6.90210301079692
vera4cast,chlorocast_ens3,2026-10-28 00:00:00,2026-10-04 00:00:00,P1D,fcre,1.6,ensemble,82,Chla_ugL_mean,6.9254850848499
vera4cast,chlorocast_ens3,2026-10-29 00:00:00,2026-10-04 00:00:00,P1D,fcre,1.6,ensemble,82,Chla_ugL_mean,7.00486617581253
vera4cast,chlorocast_ens3,2026-10-30 00:00:00,2026-10-04 00:00:00,P1D,fcre,1.6,ensemble,82,Chla_ugL_mean,6.9781318777536
vera4cast,chlorocast_ens3,2026-10-31 00:00:00,2026-10-04 00:00:00,P1D,fcre,1.6,ensemble,82,Chla_ugL_mean,7.12793235412104
vera4cast,chlorocast_ens3,2026-11-01 00:00:00,2026-10-04 00:00:00,P1D,fcre,1.6,ensemble,82,Chla_ugL_mean,7.18721522001116
vera4cast,chlorocast_ens3,2026-11-02 00:00:00,2026-10-04 00:00:00,P1D,fcre,1.6,ensemble,82,Chla_ugL_mean,7.27208942539622
vera4cast,chlorocast_ens3,2026-11-03 00:00:00,2026-10-04 00:00:00,P1D,fcre,1.6,ensemble,82,Chla_ugL_mean,7.34488515562526
vera4cast,chlorocast_ens3,2026-11-04 00:00:00,2026-10-04 00:00:00,P1D,fcre,1.6,ensemble,82,Chla_ugL_mean,7.42154906502879
vera4cast,chlorocast_ens3,2026-11-05 00:00:00,2026-10-04 00:00:00,P1D,fcre,1.6,ensemble,82,Chla_ugL_mean,7.55265129924232
vera4cast,chlorocast_ens3,2026-11-06 00:00:00,2026-10-04 00:00:00,P1D,fcre,1.6,ensemble,82,Chla_ugL_mean,7.69984343707392
vera4cast,chlorocast_ens3,2026-11-07 00:00:00,2026-10-04 00:00:00,P1D,fcre,1.6,ensemble,82,Chla_ugL_mean,7.87657608505713
vera4cast,chlorocast_ens3,2026-11-08 00:00:00,2026-10-04 00:00:00,P1D,fcre,1.6,ensemble,82,Chla_ugL_mean,8.06622991672516
vera4cast,chlorocast_ens3,2026-10-05 00:00:00,2026-10-04 00:00:00,P1D,fcre,1.6,ensemble,83,Chla_ugL_mean,7.44117503808551
vera4cast,chlorocast_ens3,2026-10-06 00:00:00,2026-10-04 00:00:00,P1D,fcre,1.6,ensemble,83,Chla_ugL_mean,7.36839538070184
vera4cast,chlorocast_ens3,2026-10-07 00:00:00,2026-10-04 00:00:00,P1D,fcre,1.6,ensemble,83,Chla_ugL_mean,7.22552461654977
vera4cast,chlorocast_ens3,2026-10-08 00:00:00,2026-10-04 00:00:00,P1D,fcre,1.6,ensemble,83,Chla_ugL_mean,7.17999161926365
vera4cast,chlorocast_ens3,2026-10-09 00:00:00,2026-10-04 00:00:00,P1D,fcre,1.6,ensemble,83,Chla_ugL_mean,7.12837968974036
vera4cast,chlorocast_ens3,2026-10-10 00:00:00,2026-10-04 00:00:00,P1D,fcre,1.6,ensemble,83,Chla_ugL_mean,7.05396903107672
vera4cast,chlorocast_ens3,2026-10-11 00:00:00,2026-10-04 00:00:00,P1D,fcre,1.6,ensemble,83,Chla_ugL_mean,6.95654432119621
vera4cast,chlorocast_ens3,2026-10-12 00:00:00,2026-10-04 00:00:00,P1D,fcre,1.6,ensemble,83,Chla_ugL_mean,6.88438022418045
vera4cast,chlorocast_ens3,2026-10-13 00:00:00,2026-10-04 00:00:00,P1D,fcre,1.6,ensemble,83,Chla_ugL_mean,6.90904104467745
vera4cast,chlorocast_ens3,2026-10-14 00:00:00,2026-10-04 00:00:00,P1D,fcre,1.6,ensemble,83,Chla_ugL_mean,6.97284451530604
vera4cast,chlorocast_ens3,2026-10-15 00:00:00,2026-10-04 00:00:00,P1D,fcre,1.6,ensemble,83,Chla_ugL_mean,6.90219153524165
vera4cast,chlorocast_ens3,2026-10-16 00:00:00,2026-10-04 00:00:00,P1D,fcre,1.6,ensemble,83,Chla_ugL_mean,6.88758473995793
vera4cast,chlorocast_ens3,2026-10-17 00:00:00,2026-10-04 00:00:00,P1D,fcre,1.6,ensemble,83,Chla_ugL_mean,6.8855202455864
vera4cast,chlorocast_ens3,2026-10-18 00:00:00,2026-10-04 00:00:00,P1D,fcre,1.6,ensemble,83,Chla_ugL_mean,6.85628518570198
vera4cast,chlorocast_ens3,2026-10-19 00:00:00,2026-10-04 00:00:00,P1D,fcre,1.6,ensemble,83,Chla_ugL_mean,6.87272186885308
vera4cast,chlorocast_ens3,2026-10-20 00:00:00,2026-10-04 00:00:00,P1D,fcre,1.6,ensemble,83,Chla_ugL_mean,6.81670741330702
vera4cast,chlorocast_ens3,2026-10-21 00:00:00,2026-10-04 00:00:00,P1D,fcre,1.6,ensemble,83,Chla_ugL_mean,6.8748401195652
vera4cast,chlorocast_ens3,2026-10-22 00:00:00,2026-10-04 00:00:00,P1D,fcre,1.6,ensemble,83,Chla_ugL_mean,6.85186754940408
vera4cast,chlorocast_ens3,2026-10-23 00:00:00,2026-10-04 00:00:00,P1D,fcre,1.6,ensemble,83,Chla_ugL_mean,6.80634920171821
vera4cast,chlorocast_ens3,2026-10-24 00:00:00,2026-10-04 00:00:00,P1D,fcre,1.6,ensemble,83,Chla_ugL_mean,6.81159898154113
vera4cast,chlorocast_ens3,2026-10-25 00:00:00,2026-10-04 00:00:00,P1D,fcre,1.6,ensemble,83,Chla_ugL_mean,6.8166213568803
vera4cast,chlorocast_ens3,2026-10-26 00:00:00,2026-10-04 00:00:00,P1D,fcre,1.6,ensemble,83,Chla_ugL_mean,6.90778632974101
vera4cast,chlorocast_ens3,2026-10-27 00:00:00,2026-10-04 00:00:00,P1D,fcre,1.6,ensemble,83,Chla_ugL_mean,6.96371744208428
vera4cast,chlorocast_ens3,2026-10-28 00:00:00,2026-10-04 00:00:00,P1D,fcre,1.6,ensemble,83,Chla_ugL_mean,6.99015502603916
vera4cast,chlorocast_ens3,2026-10-29 00:00:00,2026-10-04 00:00:00,P1D,fcre,1.6,ensemble,83,Chla_ugL_mean,7.06829576722908
vera4cast,chlorocast_ens3,2026-10-30 00:00:00,2026-10-04 00:00:00,P1D,fcre,1.6,ensemble,83,Chla_ugL_mean,7.04408347129626
vera4cast,chlorocast_ens3,2026-10-31 00:00:00,2026-10-04 00:00:00,P1D,fcre,1.6,ensemble,83,Chla_ugL_mean,7.19137484716239
vera4cast,chlorocast_ens3,2026-11-01 00:00:00,2026-10-04 00:00:00,P1D,fcre,1.6,ensemble,83,Chla_ugL_mean,7.25250074675913
vera4cast,chlorocast_ens3,2026-11-02 00:00:00,2026-10-04 00:00:00,P1D,fcre,1.6,ensemble,83,Chla_ugL_mean,7.33710470592537
vera4cast,chlorocast_ens3,2026-11-03 00:00:00,2026-10-04 00:00:00,P1D,fcre,1.6,ensemble,83,Chla_ugL_mean,7.41110145907047
vera4cast,chlorocast_ens3,2026-11-04 00:00:00,2026-10-04 00:00:00,P1D,fcre,1.6,ensemble,83,Chla_ugL_mean,7.48816754281545
vera4cast,chlorocast_ens3,2026-11-05 00:00:00,2026-10-04 00:00:00,P1D,fcre,1.6,ensemble,83,Chla_ugL_mean,7.62341533908251
vera4cast,chlorocast_ens3,2026-11-06 00:00:00,2026-10-04 00:00:00,P1D,fcre,1.6,ensemble,83,Chla_ugL_mean,7.77144384744267
vera4cast,chlorocast_ens3,2026-11-07 00:00:00,2026-10-04 00:00:00,P1D,fcre,1.6,ensemble,83,Chla_ugL_mean,7.95132744668929
vera4cast,chlorocast_ens3,2026-11-08 00:00:00,2026-10-04 00:00:00,P1D,fcre,1.6,ensemble,83,Chla_ugL_mean,8.14108466422834
vera4cast,chlorocast_ens3,2026-10-05 00:00:00,2026-10-04 00:00:00,P1D,fcre,1.6,ensemble,84,Chla_ugL_mean,7.5058076010558
vera4cast,chlorocast_ens3,2026-10-06 00:00:00,2026-10-04 00:00:00,P1D,fcre,1.6,ensemble,84,Chla_ugL_mean,7.43387872304575
vera4cast,chlorocast_ens3,2026-10-07 00:00:00,2026-10-04 00:00:00,P1D,fcre,1.6,ensemble,84,Chla_ugL_mean,7.29164276221135
vera4cast,chlorocast_ens3,2026-10-08 00:00:00,2026-10-04 00:00:00,P1D,fcre,1.6,ensemble,84,Chla_ugL_mean,7.24447820792125
vera4cast,chlorocast_ens3,2026-10-09 00:00:00,2026-10-04 00:00:00,P1D,fcre,1.6,ensemble,84,Chla_ugL_mean,7.19382316654588
vera4cast,chlorocast_ens3,2026-10-10 00:00:00,2026-10-04 00:00:00,P1D,fcre,1.6,ensemble,84,Chla_ugL_mean,7.11607158746692
vera4cast,chlorocast_ens3,2026-10-11 00:00:00,2026-10-04 00:00:00,P1D,fcre,1.6,ensemble,84,Chla_ugL_mean,7.02004122142667
vera4cast,chlorocast_ens3,2026-10-12 00:00:00,2026-10-04 00:00:00,P1D,fcre,1.6,ensemble,84,Chla_ugL_mean,6.94797663975416
vera4cast,chlorocast_ens3,2026-10-13 00:00:00,2026-10-04 00:00:00,P1D,fcre,1.6,ensemble,84,Chla_ugL_mean,6.97278743364475
vera4cast,chlorocast_ens3,2026-10-14 00:00:00,2026-10-04 00:00:00,P1D,fcre,1.6,ensemble,84,Chla_ugL_mean,7.03467266183176
vera4cast,chlorocast_ens3,2026-10-15 00:00:00,2026-10-04 00:00:00,P1D,fcre,1.6,ensemble,84,Chla_ugL_mean,6.96733423122183
vera4cast,chlorocast_ens3,2026-10-16 00:00:00,2026-10-04 00:00:00,P1D,fcre,1.6,ensemble,84,Chla_ugL_mean,6.95352940488509
vera4cast,chlorocast_ens3,2026-10-17 00:00:00,2026-10-04 00:00:00,P1D,fcre,1.6,ensemble,84,Chla_ugL_mean,6.94856002151332
vera4cast,chlorocast_ens3,2026-10-18 00:00:00,2026-10-04 00:00:00,P1D,fcre,1.6,ensemble,84,Chla_ugL_mean,6.9206935064421
vera4cast,chlorocast_ens3,2026-10-19 00:00:00,2026-10-04 00:00:00,P1D,fcre,1.6,ensemble,84,Chla_ugL_mean,6.93538394692361
vera4cast,chlorocast_ens3,2026-10-20 00:00:00,2026-10-04 00:00:00,P1D,fcre,1.6,ensemble,84,Chla_ugL_mean,6.88207675874938
vera4cast,chlorocast_ens3,2026-10-21 00:00:00,2026-10-04 00:00:00,P1D,fcre,1.6,ensemble,84,Chla_ugL_mean,6.93818431674443
vera4cast,chlorocast_ens3,2026-10-22 00:00:00,2026-10-04 00:00:00,P1D,fcre,1.6,ensemble,84,Chla_ugL_mean,6.91264517060787
vera4cast,chlorocast_ens3,2026-10-23 00:00:00,2026-10-04 00:00:00,P1D,fcre,1.6,ensemble,84,Chla_ugL_mean,6.86698540863387
vera4cast,chlorocast_ens3,2026-10-24 00:00:00,2026-10-04 00:00:00,P1D,fcre,1.6,ensemble,84,Chla_ugL_mean,6.87262072712495
vera4cast,chlorocast_ens3,2026-10-25 00:00:00,2026-10-04 00:00:00,P1D,fcre,1.6,ensemble,84,Chla_ugL_mean,6.87957084494968
vera4cast,chlorocast_ens3,2026-10-26 00:00:00,2026-10-04 00:00:00,P1D,fcre,1.6,ensemble,84,Chla_ugL_mean,6.97011488824833
vera4cast,chlorocast_ens3,2026-10-27 00:00:00,2026-10-04 00:00:00,P1D,fcre,1.6,ensemble,84,Chla_ugL_mean,7.02581229461364
vera4cast,chlorocast_ens3,2026-10-28 00:00:00,2026-10-04 00:00:00,P1D,fcre,1.6,ensemble,84,Chla_ugL_mean,7.05535265748947
vera4cast,chlorocast_ens3,2026-10-29 00:00:00,2026-10-04 00:00:00,P1D,fcre,1.6,ensemble,84,Chla_ugL_mean,7.13222796705643
vera4cast,chlorocast_ens3,2026-10-30 00:00:00,2026-10-04 00:00:00,P1D,fcre,1.6,ensemble,84,Chla_ugL_mean,7.11058025671561
vera4cast,chlorocast_ens3,2026-10-31 00:00:00,2026-10-04 00:00:00,P1D,fcre,1.6,ensemble,84,Chla_ugL_mean,7.25531253993571
vera4cast,chlorocast_ens3,2026-11-01 00:00:00,2026-10-04 00:00:00,P1D,fcre,1.6,ensemble,84,Chla_ugL_mean,7.31830686566062
vera4cast,chlorocast_ens3,2026-11-02 00:00:00,2026-10-04 00:00:00,P1D,fcre,1.6,ensemble,84,Chla_ugL_mean,7.40263098028991
vera4cast,chlorocast_ens3,2026-11-03 00:00:00,2026-10-04 00:00:00,P1D,fcre,1.6,ensemble,84,Chla_ugL_mean,7.47784318602482
vera4cast,chlorocast_ens3,2026-11-04 00:00:00,2026-10-04 00:00:00,P1D,fcre,1.6,ensemble,84,Chla_ugL_mean,7.55531300459857
vera4cast,chlorocast_ens3,2026-11-05 00:00:00,2026-10-04 00:00:00,P1D,fcre,1.6,ensemble,84,Chla_ugL_mean,7.69476487564873
vera4cast,chlorocast_ens3,2026-11-06 00:00:00,2026-10-04 00:00:00,P1D,fcre,1.6,ensemble,84,Chla_ugL_mean,7.84363353494061
vera4cast,chlorocast_ens3,2026-11-07 00:00:00,2026-10-04 00:00:00,P1D,fcre,1.6,ensemble,84,Chla_ugL_mean,8.02670830397522
vera4cast,chlorocast_ens3,2026-11-08 00:00:00,2026-10-04 00:00:00,P1D,fcre,1.6,ensemble,84,Chla_ugL_mean,8.21655744516715
vera4cast,chlorocast_ens3,2026-10-05 00:00:00,2026-10-04 00:00:00,P1D,fcre,1.6,ensemble,85,Chla_ugL_mean,7.57093504396606
vera4cast,chlorocast_ens3,2026-10-06 00:00:00,2026-10-04 00:00:00,P1D,fcre,1.6,ensemble,85,Chla_ugL_mean,7.49987447761799
vera4cast,chlorocast_ens3,2026-10-07 00:00:00,2026-10-04 00:00:00,P1D,fcre,1.6,ensemble,85,Chla_ugL_mean,7.35829237661073
vera4cast,chlorocast_ens3,2026-10-08 00:00:00,2026-10-04 00:00:00,P1D,fcre,1.6,ensemble,85,Chla_ugL_mean,7.30947317364209
vera4cast,chlorocast_ens3,2026-10-09 00:00:00,2026-10-04 00:00:00,P1D,fcre,1.6,ensemble,85,Chla_ugL_mean,7.25979354401548
vera4cast,chlorocast_ens3,2026-10-10 00:00:00,2026-10-04 00:00:00,P1D,fcre,1.6,ensemble,85,Chla_ugL_mean,7.17865300434136
vera4cast,chlorocast_ens3,2026-10-11 00:00:00,2026-10-04 00:00:00,P1D,fcre,1.6,ensemble,85,Chla_ugL_mean,7.08404485626152
vera4cast,chlorocast_ens3,2026-10-12 00:00:00,2026-10-04 00:00:00,P1D,fcre,1.6,ensemble,85,Chla_ugL_mean,7.01208603211981
vera4cast,chlorocast_ens3,2026-10-13 00:00:00,2026-10-04 00:00:00,P1D,fcre,1.6,ensemble,85,Chla_ugL_mean,7.03704761462341
vera4cast,chlorocast_ens3,2026-10-14 00:00:00,2026-10-04 00:00:00,P1D,fcre,1.6,ensemble,85,Chla_ugL_mean,7.09698027584182
vera4cast,chlorocast_ens3,2026-10-15 00:00:00,2026-10-04 00:00:00,P1D,fcre,1.6,ensemble,85,Chla_ugL_mean,7.03301393909556
vera4cast,chlorocast_ens3,2026-10-16 00:00:00,2026-10-04 00:00:00,P1D,fcre,1.6,ensemble,85,Chla_ugL_mean,7.02002540446991
vera4cast,chlorocast_ens3,2026-10-17 00:00:00,2026-10-04 00:00:00,P1D,fcre,1.6,ensemble,85,Chla_ugL_mean,7.01210376080918
vera4cast,chlorocast_ens3,2026-10-18 00:00:00,2026-10-04 00:00:00,P1D,fcre,1.6,ensemble,85,Chla_ugL_mean,6.98562986704871
vera4cast,chlorocast_ens3,2026-10-19 00:00:00,2026-10-04 00:00:00,P1D,fcre,1.6,ensemble,85,Chla_ugL_mean,6.99854477702597
vera4cast,chlorocast_ens3,2026-10-20 00:00:00,2026-10-04 00:00:00,P1D,fcre,1.6,ensemble,85,Chla_ugL_mean,6.9479927731532
vera4cast,chlorocast_ens3,2026-10-21 00:00:00,2026-10-04 00:00:00,P1D,fcre,1.6,ensemble,85,Chla_ugL_mean,7.00203804646722
vera4cast,chlorocast_ens3,2026-10-22 00:00:00,2026-10-04 00:00:00,P1D,fcre,1.6,ensemble,85,Chla_ugL_mean,6.97389324284969
vera4cast,chlorocast_ens3,2026-10-23 00:00:00,2026-10-04 00:00:00,P1D,fcre,1.6,ensemble,85,Chla_ugL_mean,6.92809261031215
vera4cast,chlorocast_ens3,2026-10-24 00:00:00,2026-10-04 00:00:00,P1D,fcre,1.6,ensemble,85,Chla_ugL_mean,6.93411915532431
vera4cast,chlorocast_ens3,2026-10-25 00:00:00,2026-10-04 00:00:00,P1D,fcre,1.6,ensemble,85,Chla_ugL_mean,6.9430272832559
vera4cast,chlorocast_ens3,2026-10-26 00:00:00,2026-10-04 00:00:00,P1D,fcre,1.6,ensemble,85,Chla_ugL_mean,7.03293471561948
vera4cast,chlorocast_ens3,2026-10-27 00:00:00,2026-10-04 00:00:00,P1D,fcre,1.6,ensemble,85,Chla_ugL_mean,7.08839131433486
vera4cast,chlorocast_ens3,2026-10-28 00:00:00,2026-10-04 00:00:00,P1D,fcre,1.6,ensemble,85,Chla_ugL_mean,7.12108228501906
vera4cast,chlorocast_ens3,2026-10-29 00:00:00,2026-10-04 00:00:00,P1D,fcre,1.6,ensemble,85,Chla_ugL_mean,7.19666675790284
vera4cast,chlorocast_ens3,2026-10-30 00:00:00,2026-10-04 00:00:00,P1D,fcre,1.6,ensemble,85,Chla_ugL_mean,7.17762674086532
vera4cast,chlorocast_ens3,2026-10-31 00:00:00,2026-10-04 00:00:00,P1D,fcre,1.6,ensemble,85,Chla_ugL_mean,7.31974929771747
vera4cast,chlorocast_ens3,2026-11-01 00:00:00,2026-10-04 00:00:00,P1D,fcre,1.6,ensemble,85,Chla_ugL_mean,7.38463772796024
vera4cast,chlorocast_ens3,2026-11-02 00:00:00,2026-10-04 00:00:00,P1D,fcre,1.6,ensemble,85,Chla_ugL_mean,7.46867226469494
vera4cast,chlorocast_ens3,2026-11-03 00:00:00,2026-10-04 00:00:00,P1D,fcre,1.6,ensemble,85,Chla_ugL_mean,7.5451145057012
vera4cast,chlorocast_ens3,2026-11-04 00:00:00,2026-10-04 00:00:00,P1D,fcre,1.6,ensemble,85,Chla_ugL_mean,7.6229896190734
vera4cast,chlorocast_ens3,2026-11-05 00:00:00,2026-10-04 00:00:00,P1D,fcre,1.6,ensemble,85,Chla_ugL_mean,7.7667047533
vera4cast,chlorocast_ens3,2026-11-06 00:00:00,2026-10-04 00:00:00,P1D,fcre,1.6,ensemble,85,Chla_ugL_mean,7.91641734936585
vera4cast,chlorocast_ens3,2026-11-07 00:00:00,2026-10-04 00:00:00,P1D,fcre,1.6,ensemble,85,Chla_ugL_mean,8.1027239580194
vera4cast,chlorocast_ens3,2026-11-08 00:00:00,2026-10-04 00:00:00,P1D,fcre,1.6,ensemble,85,Chla_ugL_mean,8.29265336229514
vera4cast,chlorocast_ens3,2026-10-05 00:00:00,2026-10-04 00:00:00,P1D,fcre,1.6,ensemble,86,Chla_ugL_mean,7.63656115602322
vera4cast,chlorocast_ens3,2026-10-06 00:00:00,2026-10-04 00:00:00,P1D,fcre,1.6,ensemble,86,Chla_ugL_mean,7.56638665408395
vera4cast,chlorocast_ens3,2026-10-07 00:00:00,2026-10-04 00:00:00,P1D,fcre,1.6,ensemble,86,Chla_ugL_mean,7.42547773178272
vera4cast,chlorocast_ens3,2026-10-08 00:00:00,2026-10-04 00:00:00,P1D,fcre,1.6,ensemble,86,Chla_ugL_mean,7.37498052419343
vera4cast,chlorocast_ens3,2026-10-09 00:00:00,2026-10-04 00:00:00,P1D,fcre,1.6,ensemble,86,Chla_ugL_mean,7.32629506434904
vera4cast,chlorocast_ens3,2026-10-10 00:00:00,2026-10-04 00:00:00,P1D,fcre,1.6,ensemble,86,Chla_ugL_mean,7.24171697409816
vera4cast,chlorocast_ens3,2026-10-11 00:00:00,2026-10-04 00:00:00,P1D,fcre,1.6,ensemble,86,Chla_ugL_mean,7.14855926967705
vera4cast,chlorocast_ens3,2026-10-12 00:00:00,2026-10-04 00:00:00,P1D,fcre,1.6,ensemble,86,Chla_ugL_mean,7.07671253901357
vera4cast,chlorocast_ens3,2026-10-13 00:00:00,2026-10-04 00:00:00,P1D,fcre,1.6,ensemble,86,Chla_ugL_mean,7.10182572874577
vera4cast,chlorocast_ens3,2026-10-14 00:00:00,2026-10-04 00:00:00,P1D,fcre,1.6,ensemble,86,Chla_ugL_mean,7.15977107553063
vera4cast,chlorocast_ens3,2026-10-15 00:00:00,2026-10-04 00:00:00,P1D,fcre,1.6,ensemble,86,Chla_ugL_mean,7.099235085787
vera4cast,chlorocast_ens3,2026-10-16 00:00:00,2026-10-04 00:00:00,P1D,fcre,1.6,ensemble,86,Chla_ugL_mean,7.08707734818163
vera4cast,chlorocast_ens3,2026-10-17 00:00:00,2026-10-04 00:00:00,P1D,fcre,1.6,ensemble,86,Chla_ugL_mean,7.07615549234424
vera4cast,chlorocast_ens3,2026-10-18 00:00:00,2026-10-04 00:00:00,P1D,fcre,1.6,ensemble,86,Chla_ugL_mean,7.05109859656031
vera4cast,chlorocast_ens3,2026-10-19 00:00:00,2026-10-04 00:00:00,P1D,fcre,1.6,ensemble,86,Chla_ugL_mean,7.06220832892301
vera4cast,chlorocast_ens3,2026-10-20 00:00:00,2026-10-04 00:00:00,P1D,fcre,1.6,ensemble,86,Chla_ugL_mean,7.01446002818658
vera4cast,chlorocast_ens3,2026-10-21 00:00:00,2026-10-04 00:00:00,P1D,fcre,1.6,ensemble,86,Chla_ugL_mean,7.06640540734757
vera4cast,chlorocast_ens3,2026-10-22 00:00:00,2026-10-04 00:00:00,P1D,fcre,1.6,ensemble,86,Chla_ugL_mean,7.03561540767022
vera4cast,chlorocast_ens3,2026-10-23 00:00:00,2026-10-04 00:00:00,P1D,fcre,1.6,ensemble,86,Chla_ugL_mean,6.98967446522836
vera4cast,chlorocast_ens3,2026-10-24 00:00:00,2026-10-04 00:00:00,P1D,fcre,1.6,ensemble,86,Chla_ugL_mean,6.99609798983335
vera4cast,chlorocast_ens3,2026-10-25 00:00:00,2026-10-04 00:00:00,P1D,fcre,1.6,ensemble,86,Chla_ugL_mean,7.00699475441426
vera4cast,chlorocast_ens3,2026-10-26 00:00:00,2026-10-04 00:00:00,P1D,fcre,1.6,ensemble,86,Chla_ugL_mean,7.09624968399753
vera4cast,chlorocast_ens3,2026-10-27 00:00:00,2026-10-04 00:00:00,P1D,fcre,1.6,ensemble,86,Chla_ugL_mean,7.15145827640577
vera4cast,chlorocast_ens3,2026-10-28 00:00:00,2026-10-04 00:00:00,P1D,fcre,1.6,ensemble,86,Chla_ugL_mean,7.18734824958055
vera4cast,chlorocast_ens3,2026-10-29 00:00:00,2026-10-04 00:00:00,P1D,fcre,1.6,ensemble,86,Chla_ugL_mean,7.26161615393427
vera4cast,chlorocast_ens3,2026-10-30 00:00:00,2026-10-04 00:00:00,P1D,fcre,1.6,ensemble,86,Chla_ugL_mean,7.24522746785518
vera4cast,chlorocast_ens3,2026-10-31 00:00:00,2026-10-04 00:00:00,P1D,fcre,1.6,ensemble,86,Chla_ugL_mean,7.38468901595449
vera4cast,chlorocast_ens3,2026-11-01 00:00:00,2026-10-04 00:00:00,P1D,fcre,1.6,ensemble,86,Chla_ugL_mean,7.45149751800495
vera4cast,chlorocast_ens3,2026-11-02 00:00:00,2026-10-04 00:00:00,P1D,fcre,1.6,ensemble,86,Chla_ugL_mean,7.53523260691128
vera4cast,chlorocast_ens3,2026-11-03 00:00:00,2026-10-04 00:00:00,P1D,fcre,1.6,ensemble,86,Chla_ugL_mean,7.61291962039497
vera4cast,chlorocast_ens3,2026-11-04 00:00:00,2026-10-04 00:00:00,P1D,fcre,1.6,ensemble,86,Chla_ugL_mean,7.69120158791156
vera4cast,chlorocast_ens3,2026-11-05 00:00:00,2026-10-04 00:00:00,P1D,fcre,1.6,ensemble,86,Chla_ugL_mean,7.83923985647727
vera4cast,chlorocast_ens3,2026-11-06 00:00:00,2026-10-04 00:00:00,P1D,fcre,1.6,ensemble,86,Chla_ugL_mean,7.98980018043073
vera4cast,chlorocast_ens3,2026-11-07 00:00:00,2026-10-04 00:00:00,P1D,fcre,1.6,ensemble,86,Chla_ugL_mean,8.17937975456793
vera4cast,chlorocast_ens3,2026-11-08 00:00:00,2026-10-04 00:00:00,P1D,fcre,1.6,ensemble,86,Chla_ugL_mean,8.36937756049641
vera4cast,chlorocast_ens3,2026-10-05 00:00:00,2026-10-04 00:00:00,P1D,fcre,1.6,ensemble,87,Chla_ugL_mean,7.70268975544745
vera4cast,chlorocast_ens3,2026-10-06 00:00:00,2026-10-04 00:00:00,P1D,fcre,1.6,ensemble,87,Chla_ugL_mean,7.63341929348496
vera4cast,chlorocast_ens3,2026-10-07 00:00:00,2026-10-04 00:00:00,P1D,fcre,1.6,ensemble,87,Chla_ugL_mean,7.49320313410144
vera4cast,chlorocast_ens3,2026-10-08 00:00:00,2026-10-04 00:00:00,P1D,fcre,1.6,ensemble,87,Chla_ugL_mean,7.44100429893755
vera4cast,chlorocast_ens3,2026-10-09 00:00:00,2026-10-04 00:00:00,P1D,fcre,1.6,ensemble,87,Chla_ugL_mean,7.39333200390138
vera4cast,chlorocast_ens3,2026-10-10 00:00:00,2026-10-04 00:00:00,P1D,fcre,1.6,ensemble,87,Chla_ugL_mean,7.30526721760682
vera4cast,chlorocast_ens3,2026-10-11 00:00:00,2026-10-04 00:00:00,P1D,fcre,1.6,ensemble,87,Chla_ugL_mean,7.21358853792235
vera4cast,chlorocast_ens3,2026-10-12 00:00:00,2026-10-04 00:00:00,P1D,fcre,1.6,ensemble,87,Chla_ugL_mean,7.14186033154713
vera4cast,chlorocast_ens3,2026-10-13 00:00:00,2026-10-04 00:00:00,P1D,fcre,1.6,ensemble,87,Chla_ugL_mean,7.16712595052138
vera4cast,chlorocast_ens3,2026-10-14 00:00:00,2026-10-04 00:00:00,P1D,fcre,1.6,ensemble,87,Chla_ugL_mean,7.22304880792661
vera4cast,chlorocast_ens3,2026-10-15 00:00:00,2026-10-04 00:00:00,P1D,fcre,1.6,ensemble,87,Chla_ugL_mean,7.16600213471418
vera4cast,chlorocast_ens3,2026-10-16 00:00:00,2026-10-04 00:00:00,P1D,fcre,1.6,ensemble,87,Chla_ugL_mean,7.15468988402726
vera4cast,chlorocast_ens3,2026-10-17 00:00:00,2026-10-04 00:00:00,P1D,fcre,1.6,ensemble,87,Chla_ugL_mean,7.14071927719703
vera4cast,chlorocast_ens3,2026-10-18 00:00:00,2026-10-04 00:00:00,P1D,fcre,1.6,ensemble,87,Chla_ugL_mean,7.11710405950624
vera4cast,chlorocast_ens3,2026-10-19 00:00:00,2026-10-04 00:00:00,P1D,fcre,1.6,ensemble,87,Chla_ugL_mean,7.12637860397446
vera4cast,chlorocast_ens3,2026-10-20 00:00:00,2026-10-04 00:00:00,P1D,fcre,1.6,ensemble,87,Chla_ugL_mean,7.0814831337495
vera4cast,chlorocast_ens3,2026-10-21 00:00:00,2026-10-04 00:00:00,P1D,fcre,1.6,ensemble,87,Chla_ugL_mean,7.13129053096819
vera4cast,chlorocast_ens3,2026-10-22 00:00:00,2026-10-04 00:00:00,P1D,fcre,1.6,ensemble,87,Chla_ugL_mean,7.09781533479759
vera4cast,chlorocast_ens3,2026-10-23 00:00:00,2026-10-04 00:00:00,P1D,fcre,1.6,ensemble,87,Chla_ugL_mean,7.0517346602752
vera4cast,chlorocast_ens3,2026-10-24 00:00:00,2026-10-04 00:00:00,P1D,fcre,1.6,ensemble,87,Chla_ugL_mean,7.05856098343453
vera4cast,chlorocast_ens3,2026-10-25 00:00:00,2026-10-04 00:00:00,P1D,fcre,1.6,ensemble,87,Chla_ugL_mean,7.07147737391852
vera4cast,chlorocast_ens3,2026-10-26 00:00:00,2026-10-04 00:00:00,P1D,fcre,1.6,ensemble,87,Chla_ugL_mean,7.1600636960455
vera4cast,chlorocast_ens3,2026-10-27 00:00:00,2026-10-04 00:00:00,P1D,fcre,1.6,ensemble,87,Chla_ugL_mean,7.21501698541996
vera4cast,chlorocast_ens3,2026-10-28 00:00:00,2026-10-04 00:00:00,P1D,fcre,1.6,ensemble,87,Chla_ugL_mean,7.25415492754761
vera4cast,chlorocast_ens3,2026-10-29 00:00:00,2026-10-04 00:00:00,P1D,fcre,1.6,ensemble,87,Chla_ugL_mean,7.32708020112445
vera4cast,chlorocast_ens3,2026-10-30 00:00:00,2026-10-04 00:00:00,P1D,fcre,1.6,ensemble,87,Chla_ugL_mean,7.3133870193591
vera4cast,chlorocast_ens3,2026-10-31 00:00:00,2026-10-04 00:00:00,P1D,fcre,1.6,ensemble,87,Chla_ugL_mean,7.45013562049947
vera4cast,chlorocast_ens3,2026-11-01 00:00:00,2026-10-04 00:00:00,P1D,fcre,1.6,ensemble,87,Chla_ugL_mean,7.51889045350803
vera4cast,chlorocast_ens3,2026-11-02 00:00:00,2026-10-04 00:00:00,P1D,fcre,1.6,ensemble,87,Chla_ugL_mean,7.60231608652359
vera4cast,chlorocast_ens3,2026-11-03 00:00:00,2026-10-04 00:00:00,P1D,fcre,1.6,ensemble,87,Chla_ugL_mean,7.68126276574657
vera4cast,chlorocast_ens3,2026-11-04 00:00:00,2026-10-04 00:00:00,P1D,fcre,1.6,ensemble,87,Chla_ugL_mean,7.75995314602194
vera4cast,chlorocast_ens3,2026-11-05 00:00:00,2026-10-04 00:00:00,P1D,fcre,1.6,ensemble,87,Chla_ugL_mean,7.91237511003498
vera4cast,chlorocast_ens3,2026-11-06 00:00:00,2026-10-04 00:00:00,P1D,fcre,1.6,ensemble,87,Chla_ugL_mean,8.0637869580903
vera4cast,chlorocast_ens3,2026-11-07 00:00:00,2026-10-04 00:00:00,P1D,fcre,1.6,ensemble,87,Chla_ugL_mean,8.25668108438447
vera4cast,chlorocast_ens3,2026-11-08 00:00:00,2026-10-04 00:00:00,P1D,fcre,1.6,ensemble,87,Chla_ugL_mean,8.44673522713346
vera4cast,chlorocast_ens3,2026-10-05 00:00:00,2026-10-04 00:00:00,P1D,fcre,1.6,ensemble,88,Chla_ugL_mean,7.76932468969441
vera4cast,chlorocast_ens3,2026-10-06 00:00:00,2026-10-04 00:00:00,P1D,fcre,1.6,ensemble,88,Chla_ugL_mean,7.70097646848383
vera4cast,chlorocast_ens3,2026-10-07 00:00:00,2026-10-04 00:00:00,P1D,fcre,1.6,ensemble,88,Chla_ugL_mean,7.56147292455639
vera4cast,chlorocast_ens3,2026-10-08 00:00:00,2026-10-04 00:00:00,P1D,fcre,1.6,ensemble,88,Chla_ugL_mean,7.50754856908091
vera4cast,chlorocast_ens3,2026-10-09 00:00:00,2026-10-04 00:00:00,P1D,fcre,1.6,ensemble,88,Chla_ugL_mean,7.46090867345726
vera4cast,chlorocast_ens3,2026-10-10 00:00:00,2026-10-04 00:00:00,P1D,fcre,1.6,ensemble,88,Chla_ugL_mean,7.36930748442769
vera4cast,chlorocast_ens3,2026-10-11 00:00:00,2026-10-04 00:00:00,P1D,fcre,1.6,ensemble,88,Chla_ugL_mean,7.27913676977688
vera4cast,chlorocast_ens3,2026-10-12 00:00:00,2026-10-04 00:00:00,P1D,fcre,1.6,ensemble,88,Chla_ugL_mean,7.20753361447686
vera4cast,chlorocast_ens3,2026-10-13 00:00:00,2026-10-04 00:00:00,P1D,fcre,1.6,ensemble,88,Chla_ugL_mean,7.23295248810614
vera4cast,chlorocast_ens3,2026-10-14 00:00:00,2026-10-04 00:00:00,P1D,fcre,1.6,ensemble,88,Chla_ugL_mean,7.28681724911577
vera4cast,chlorocast_ens3,2026-10-15 00:00:00,2026-10-04 00:00:00,P1D,fcre,1.6,ensemble,88,Chla_ugL_mean,7.23331958608989
vera4cast,chlorocast_ens3,2026-10-16 00:00:00,2026-10-04 00:00:00,P1D,fcre,1.6,ensemble,88,Chla_ugL_mean,7.22286769887378
vera4cast,chlorocast_ens3,2026-10-17 00:00:00,2026-10-04 00:00:00,P1D,fcre,1.6,ensemble,88,Chla_ugL_mean,7.20579920891182
vera4cast,chlorocast_ens3,2026-10-18 00:00:00,2026-10-04 00:00:00,P1D,fcre,1.6,ensemble,88,Chla_ugL_mean,7.18365065619765
vera4cast,chlorocast_ens3,2026-10-19 00:00:00,2026-10-04 00:00:00,P1D,fcre,1.6,ensemble,88,Chla_ugL_mean,7.19105963538847
vera4cast,chlorocast_ens3,2026-10-20 00:00:00,2026-10-04 00:00:00,P1D,fcre,1.6,ensemble,88,Chla_ugL_mean,7.14906673829345
vera4cast,chlorocast_ens3,2026-10-21 00:00:00,2026-10-04 00:00:00,P1D,fcre,1.6,ensemble,88,Chla_ugL_mean,7.19669758214571
vera4cast,chlorocast_ens3,2026-10-22 00:00:00,2026-10-04 00:00:00,P1D,fcre,1.6,ensemble,88,Chla_ugL_mean,7.16049672236555
vera4cast,chlorocast_ens3,2026-10-23 00:00:00,2026-10-04 00:00:00,P1D,fcre,1.6,ensemble,88,Chla_ugL_mean,7.11427691098351
vera4cast,chlorocast_ens3,2026-10-24 00:00:00,2026-10-04 00:00:00,P1D,fcre,1.6,ensemble,88,Chla_ugL_mean,7.12151191822583
vera4cast,chlorocast_ens3,2026-10-25 00:00:00,2026-10-04 00:00:00,P1D,fcre,1.6,ensemble,88,Chla_ugL_mean,7.1364792904057
vera4cast,chlorocast_ens3,2026-10-26 00:00:00,2026-10-04 00:00:00,P1D,fcre,1.6,ensemble,88,Chla_ugL_mean,7.2243806851869
vera4cast,chlorocast_ens3,2026-10-27 00:00:00,2026-10-04 00:00:00,P1D,fcre,1.6,ensemble,88,Chla_ugL_mean,7.27907127563626
vera4cast,chlorocast_ens3,2026-10-28 00:00:00,2026-10-04 00:00:00,P1D,fcre,1.6,ensemble,88,Chla_ugL_mean,7.32150673100402
vera4cast,chlorocast_ens3,2026-10-29 00:00:00,2026-10-04 00:00:00,P1D,fcre,1.6,ensemble,88,Chla_ugL_mean,7.39306297750692
vera4cast,chlorocast_ens3,2026-10-30 00:00:00,2026-10-04 00:00:00,P1D,fcre,1.6,ensemble,88,Chla_ugL_mean,7.38211001492558
vera4cast,chlorocast_ens3,2026-10-31 00:00:00,2026-10-04 00:00:00,P1D,fcre,1.6,ensemble,88,Chla_ugL_mean,7.51609306784832
vera4cast,chlorocast_ens3,2026-11-01 00:00:00,2026-10-04 00:00:00,P1D,fcre,1.6,ensemble,88,Chla_ugL_mean,7.58682078581518
vera4cast,chlorocast_ens3,2026-11-02 00:00:00,2026-10-04 00:00:00,P1D,fcre,1.6,ensemble,88,Chla_ugL_mean,7.66992681518044
vera4cast,chlorocast_ens3,2026-11-03 00:00:00,2026-10-04 00:00:00,P1D,fcre,1.6,ensemble,88,Chla_ugL_mean,7.75014821100602
vera4cast,chlorocast_ens3,2026-11-04 00:00:00,2026-10-04 00:00:00,P1D,fcre,1.6,ensemble,88,Chla_ugL_mean,7.82924856181353
vera4cast,chlorocast_ens3,2026-11-05 00:00:00,2026-10-04 00:00:00,P1D,fcre,1.6,ensemble,88,Chla_ugL_mean,7.98611547957549
vera4cast,chlorocast_ens3,2026-11-06 00:00:00,2026-10-04 00:00:00,P1D,fcre,1.6,ensemble,88,Chla_ugL_mean,8.13838265287357
vera4cast,chlorocast_ens3,2026-11-07 00:00:00,2026-10-04 00:00:00,P1D,fcre,1.6,ensemble,88,Chla_ugL_mean,8.33463338362937
vera4cast,chlorocast_ens3,2026-11-08 00:00:00,2026-10-04 00:00:00,P1D,fcre,1.6,ensemble,88,Chla_ugL_mean,8.52473159239791
vera4cast,chlorocast_ens3,2026-10-05 00:00:00,2026-10-04 00:00:00,P1D,fcre,1.6,ensemble,89,Chla_ugL_mean,7.83646983567899
vera4cast,chlorocast_ens3,2026-10-06 00:00:00,2026-10-04 00:00:00,P1D,fcre,1.6,ensemble,89,Chla_ugL_mean,7.76906228361226
vera4cast,chlorocast_ens3,2026-10-07 00:00:00,2026-10-04 00:00:00,P1D,fcre,1.6,ensemble,89,Chla_ugL_mean,7.63029147903066
vera4cast,chlorocast_ens3,2026-10-08 00:00:00,2026-10-04 00:00:00,P1D,fcre,1.6,ensemble,89,Chla_ugL_mean,7.5746174379251
vera4cast,chlorocast_ens3,2026-10-09 00:00:00,2026-10-04 00:00:00,P1D,fcre,1.6,ensemble,89,Chla_ugL_mean,7.52902941850857
vera4cast,chlorocast_ens3,2026-10-10 00:00:00,2026-10-04 00:00:00,P1D,fcre,1.6,ensemble,89,Chla_ugL_mean,7.43384155303326
vera4cast,chlorocast_ens3,2026-10-11 00:00:00,2026-10-04 00:00:00,P1D,fcre,1.6,ensemble,89,Chla_ugL_mean,7.34520810681002
vera4cast,chlorocast_ens3,2026-10-12 00:00:00,2026-10-04 00:00:00,P1D,fcre,1.6,ensemble,89,Chla_ugL_mean,7.27373662647528
vera4cast,chlorocast_ens3,2026-10-13 00:00:00,2026-10-04 00:00:00,P1D,fcre,1.6,ensemble,89,Chla_ugL_mean,7.2993095835734
vera4cast,chlorocast_ens3,2026-10-14 00:00:00,2026-10-04 00:00:00,P1D,fcre,1.6,ensemble,89,Chla_ugL_mean,7.3510802044671
vera4cast,chlorocast_ens3,2026-10-15 00:00:00,2026-10-04 00:00:00,P1D,fcre,1.6,ensemble,89,Chla_ugL_mean,7.30119197722498
vera4cast,chlorocast_ens3,2026-10-16 00:00:00,2026-10-04 00:00:00,P1D,fcre,1.6,ensemble,89,Chla_ugL_mean,7.29161551877302
vera4cast,chlorocast_ens3,2026-10-17 00:00:00,2026-10-04 00:00:00,P1D,fcre,1.6,ensemble,89,Chla_ugL_mean,7.27139941375824
vera4cast,chlorocast_ens3,2026-10-18 00:00:00,2026-10-04 00:00:00,P1D,fcre,1.6,ensemble,89,Chla_ugL_mean,7.25074282302081
vera4cast,chlorocast_ens3,2026-10-19 00:00:00,2026-10-04 00:00:00,P1D,fcre,1.6,ensemble,89,Chla_ugL_mean,7.25625548847503
vera4cast,chlorocast_ens3,2026-10-20 00:00:00,2026-10-04 00:00:00,P1D,fcre,1.6,ensemble,89,Chla_ugL_mean,7.21721552914387
vera4cast,chlorocast_ens3,2026-10-21 00:00:00,2026-10-04 00:00:00,P1D,fcre,1.6,ensemble,89,Chla_ugL_mean,7.26263075919802
vera4cast,chlorocast_ens3,2026-10-22 00:00:00,2026-10-04 00:00:00,P1D,fcre,1.6,ensemble,89,Chla_ugL_mean,7.2236632971334
vera4cast,chlorocast_ens3,2026-10-23 00:00:00,2026-10-04 00:00:00,P1D,fcre,1.6,ensemble,89,Chla_ugL_mean,7.17730496174469
vera4cast,chlorocast_ens3,2026-10-24 00:00:00,2026-10-04 00:00:00,P1D,fcre,1.6,ensemble,89,Chla_ugL_mean,7.18495460584984
vera4cast,chlorocast_ens3,2026-10-25 00:00:00,2026-10-04 00:00:00,P1D,fcre,1.6,ensemble,89,Chla_ugL_mean,7.20200468592294
vera4cast,chlorocast_ens3,2026-10-26 00:00:00,2026-10-04 00:00:00,P1D,fcre,1.6,ensemble,89,Chla_ugL_mean,7.28920461584815
vera4cast,chlorocast_ens3,2026-10-27 00:00:00,2026-10-04 00:00:00,P1D,fcre,1.6,ensemble,89,Chla_ugL_mean,7.34362501121005
vera4cast,chlorocast_ens3,2026-10-28 00:00:00,2026-10-04 00:00:00,P1D,fcre,1.6,ensemble,89,Chla_ugL_mean,7.38940810803503
vera4cast,chlorocast_ens3,2026-10-29 00:00:00,2026-10-04 00:00:00,P1D,fcre,1.6,ensemble,89,Chla_ugL_mean,7.45956859342905
vera4cast,chlorocast_ens3,2026-10-30 00:00:00,2026-10-04 00:00:00,P1D,fcre,1.6,ensemble,89,Chla_ugL_mean,7.45140111229084
vera4cast,chlorocast_ens3,2026-10-31 00:00:00,2026-10-04 00:00:00,P1D,fcre,1.6,ensemble,89,Chla_ugL_mean,7.58256534537933
vera4cast,chlorocast_ens3,2026-11-01 00:00:00,2026-10-04 00:00:00,P1D,fcre,1.6,ensemble,89,Chla_ugL_mean,7.65529280017265
vera4cast,chlorocast_ens3,2026-11-02 00:00:00,2026-10-04 00:00:00,P1D,fcre,1.6,ensemble,89,Chla_ugL_mean,7.73806893684628
vera4cast,chlorocast_ens3,2026-11-03 00:00:00,2026-10-04 00:00:00,P1D,fcre,1.6,ensemble,89,Chla_ugL_mean,7.81958025929969
vera4cast,chlorocast_ens3,2026-11-04 00:00:00,2026-10-04 00:00:00,P1D,fcre,1.6,ensemble,89,Chla_ugL_mean,7.89909213746051
vera4cast,chlorocast_ens3,2026-11-05 00:00:00,2026-10-04 00:00:00,P1D,fcre,1.6,ensemble,89,Chla_ugL_mean,8.0604659717862
vera4cast,chlorocast_ens3,2026-11-06 00:00:00,2026-10-04 00:00:00,P1D,fcre,1.6,ensemble,89,Chla_ugL_mean,8.21359227621738
vera4cast,chlorocast_ens3,2026-11-07 00:00:00,2026-10-04 00:00:00,P1D,fcre,1.6,ensemble,89,Chla_ugL_mean,8.4132421342419
vera4cast,chlorocast_ens3,2026-11-08 00:00:00,2026-10-04 00:00:00,P1D,fcre,1.6,ensemble,89,Chla_ugL_mean,8.60337192966414
vera4cast,chlorocast_ens3,2026-10-05 00:00:00,2026-10-04 00:00:00,P1D,fcre,1.6,ensemble,90,Chla_ugL_mean,7.90412910000093
vera4cast,chlorocast_ens3,2026-10-06 00:00:00,2026-10-04 00:00:00,P1D,fcre,1.6,ensemble,90,Chla_ugL_mean,7.83768087552022
vera4cast,chlorocast_ens3,2026-10-07 00:00:00,2026-10-04 00:00:00,P1D,fcre,1.6,ensemble,90,Chla_ugL_mean,7.69966320858142
vera4cast,chlorocast_ens3,2026-10-08 00:00:00,2026-10-04 00:00:00,P1D,fcre,1.6,ensemble,90,Chla_ugL_mean,7.6422150411199
vera4cast,chlorocast_ens3,2026-10-09 00:00:00,2026-10-04 00:00:00,P1D,fcre,1.6,ensemble,90,Chla_ugL_mean,7.59769861953375
vera4cast,chlorocast_ens3,2026-10-10 00:00:00,2026-10-04 00:00:00,P1D,fcre,1.6,ensemble,90,Chla_ugL_mean,7.49887323103107
vera4cast,chlorocast_ens3,2026-10-11 00:00:00,2026-10-04 00:00:00,P1D,fcre,1.6,ensemble,90,Chla_ugL_mean,7.41180672364282
vera4cast,chlorocast_ens3,2026-10-12 00:00:00,2026-10-04 00:00:00,P1D,fcre,1.6,ensemble,90,Chla_ugL_mean,7.34047364040455
vera4cast,chlorocast_ens3,2026-10-13 00:00:00,2026-10-04 00:00:00,P1D,fcre,1.6,ensemble,90,Chla_ugL_mean,7.36620151318735
vera4cast,chlorocast_ens3,2026-10-14 00:00:00,2026-10-04 00:00:00,P1D,fcre,1.6,ensemble,90,Chla_ugL_mean,7.4158415088596
vera4cast,chlorocast_ens3,2026-10-15 00:00:00,2026-10-04 00:00:00,P1D,fcre,1.6,ensemble,90,Chla_ugL_mean,7.36962388283418
vera4cast,chlorocast_ens3,2026-10-16 00:00:00,2026-10-04 00:00:00,P1D,fcre,1.6,ensemble,90,Chla_ugL_mean,7.36093810928926
vera4cast,chlorocast_ens3,2026-10-17 00:00:00,2026-10-04 00:00:00,P1D,fcre,1.6,ensemble,90,Chla_ugL_mean,7.33752405099282
vera4cast,chlorocast_ens3,2026-10-18 00:00:00,2026-10-04 00:00:00,P1D,fcre,1.6,ensemble,90,Chla_ugL_mean,7.31838503273291
vera4cast,chlorocast_ens3,2026-10-19 00:00:00,2026-10-04 00:00:00,P1D,fcre,1.6,ensemble,90,Chla_ugL_mean,7.32197026090157
vera4cast,chlorocast_ens3,2026-10-20 00:00:00,2026-10-04 00:00:00,P1D,fcre,1.6,ensemble,90,Chla_ugL_mean,7.28593423282523
vera4cast,chlorocast_ens3,2026-10-21 00:00:00,2026-10-04 00:00:00,P1D,fcre,1.6,ensemble,90,Chla_ugL_mean,7.32909429421372
vera4cast,chlorocast_ens3,2026-10-22 00:00:00,2026-10-04 00:00:00,P1D,fcre,1.6,ensemble,90,Chla_ugL_mean,7.2873188147075
vera4cast,chlorocast_ens3,2026-10-23 00:00:00,2026-10-04 00:00:00,P1D,fcre,1.6,ensemble,90,Chla_ugL_mean,7.24082258603489
vera4cast,chlorocast_ens3,2026-10-24 00:00:00,2026-10-04 00:00:00,P1D,fcre,1.6,ensemble,90,Chla_ugL_mean,7.24889288772447
vera4cast,chlorocast_ens3,2026-10-25 00:00:00,2026-10-04 00:00:00,P1D,fcre,1.6,ensemble,90,Chla_ugL_mean,7.26805777619666
vera4cast,chlorocast_ens3,2026-10-26 00:00:00,2026-10-04 00:00:00,P1D,fcre,1.6,ensemble,90,Chla_ugL_mean,7.354539483703
vera4cast,chlorocast_ens3,2026-10-27 00:00:00,2026-10-04 00:00:00,P1D,fcre,1.6,ensemble,90,Chla_ugL_mean,7.4086820864264
vera4cast,chlorocast_ens3,2026-10-28 00:00:00,2026-10-04 00:00:00,P1D,fcre,1.6,ensemble,90,Chla_ugL_mean,7.45786354302113
vera4cast,chlorocast_ens3,2026-10-29 00:00:00,2026-10-04 00:00:00,P1D,fcre,1.6,ensemble,90,Chla_ugL_mean,7.52660119180813
vera4cast,chlorocast_ens3,2026-10-30 00:00:00,2026-10-04 00:00:00,P1D,fcre,1.6,ensemble,90,Chla_ugL_mean,7.52126500769448
vera4cast,chlorocast_ens3,2026-10-31 00:00:00,2026-10-04 00:00:00,P1D,fcre,1.6,ensemble,90,Chla_ugL_mean,7.64955647159424
vera4cast,chlorocast_ens3,2026-11-01 00:00:00,2026-10-04 00:00:00,P1D,fcre,1.6,ensemble,90,Chla_ugL_mean,7.72431081599762
vera4cast,chlorocast_ens3,2026-11-02 00:00:00,2026-10-04 00:00:00,P1D,fcre,1.6,ensemble,90,Chla_ugL_mean,7.80674662805546
vera4cast,chlorocast_ens3,2026-11-03 00:00:00,2026-10-04 00:00:00,P1D,fcre,1.6,ensemble,90,Chla_ugL_mean,7.88956324789906
vera4cast,chlorocast_ens3,2026-11-04 00:00:00,2026-10-04 00:00:00,P1D,fcre,1.6,ensemble,90,Chla_ugL_mean,7.96948820916931
vera4cast,chlorocast_ens3,2026-11-05 00:00:00,2026-10-04 00:00:00,P1D,fcre,1.6,ensemble,90,Chla_ugL_mean,8.1354316347795
vera4cast,chlorocast_ens3,2026-11-06 00:00:00,2026-10-04 00:00:00,P1D,fcre,1.6,ensemble,90,Chla_ugL_mean,8.2894208808031
vera4cast,chlorocast_ens3,2026-11-07 00:00:00,2026-10-04 00:00:00,P1D,fcre,1.6,ensemble,90,Chla_ugL_mean,8.4925128643258
vera4cast,chlorocast_ens3,2026-11-08 00:00:00,2026-10-04 00:00:00,P1D,fcre,1.6,ensemble,90,Chla_ugL_mean,8.68266155584579
vera4cast,chlorocast_ens3,2026-10-05 00:00:00,2026-10-04 00:00:00,P1D,fcre,1.6,ensemble,91,Chla_ugL_mean,7.97230641917212
vera4cast,chlorocast_ens3,2026-10-06 00:00:00,2026-10-04 00:00:00,P1D,fcre,1.6,ensemble,91,Chla_ugL_mean,7.90683641322731
vera4cast,chlorocast_ens3,2026-10-07 00:00:00,2026-10-04 00:00:00,P1D,fcre,1.6,ensemble,91,Chla_ugL_mean,7.76959255972266
vera4cast,chlorocast_ens3,2026-10-08 00:00:00,2026-10-04 00:00:00,P1D,fcre,1.6,ensemble,91,Chla_ugL_mean,7.71034554691832
vera4cast,chlorocast_ens3,2026-10-09 00:00:00,2026-10-04 00:00:00,P1D,fcre,1.6,ensemble,91,Chla_ugL_mean,7.6669206922795
vera4cast,chlorocast_ens3,2026-10-10 00:00:00,2026-10-04 00:00:00,P1D,fcre,1.6,ensemble,91,Chla_ugL_mean,7.56440635538837
vera4cast,chlorocast_ens3,2026-10-11 00:00:00,2026-10-04 00:00:00,P1D,fcre,1.6,ensemble,91,Chla_ugL_mean,7.47893682821173
vera4cast,chlorocast_ens3,2026-10-12 00:00:00,2026-10-04 00:00:00,P1D,fcre,1.6,ensemble,91,Chla_ugL_mean,7.40774896359229
vera4cast,chlorocast_ens3,2026-10-13 00:00:00,2026-10-04 00:00:00,P1D,fcre,1.6,ensemble,91,Chla_ugL_mean,7.43363258767866
vera4cast,chlorocast_ens3,2026-10-14 00:00:00,2026-10-04 00:00:00,P1D,fcre,1.6,ensemble,91,Chla_ugL_mean,7.48110502691116
vera4cast,chlorocast_ens3,2026-10-15 00:00:00,2026-10-04 00:00:00,P1D,fcre,1.6,ensemble,91,Chla_ugL_mean,7.43861991534445
vera4cast,chlorocast_ens3,2026-10-16 00:00:00,2026-10-04 00:00:00,P1D,fcre,1.6,ensemble,91,Chla_ugL_mean,7.43084027582964
vera4cast,chlorocast_ens3,2026-10-17 00:00:00,2026-10-04 00:00:00,P1D,fcre,1.6,ensemble,91,Chla_ugL_mean,7.40417731312274
vera4cast,chlorocast_ens3,2026-10-18 00:00:00,2026-10-04 00:00:00,P1D,fcre,1.6,ensemble,91,Chla_ugL_mean,7.38658179476022
vera4cast,chlorocast_ens3,2026-10-19 00:00:00,2026-10-04 00:00:00,P1D,fcre,1.6,ensemble,91,Chla_ugL_mean,7.38820808295043
vera4cast,chlorocast_ens3,2026-10-20 00:00:00,2026-10-04 00:00:00,P1D,fcre,1.6,ensemble,91,Chla_ugL_mean,7.35522761538886
vera4cast,chlorocast_ens3,2026-10-21 00:00:00,2026-10-04 00:00:00,P1D,fcre,1.6,ensemble,91,Chla_ugL_mean,7.3960924533238
vera4cast,chlorocast_ens3,2026-10-22 00:00:00,2026-10-04 00:00:00,P1D,fcre,1.6,ensemble,91,Chla_ugL_mean,7.35146705976463
vera4cast,chlorocast_ens3,2026-10-23 00:00:00,2026-10-04 00:00:00,P1D,fcre,1.6,ensemble,91,Chla_ugL_mean,7.30483358664093
vera4cast,chlorocast_ens3,2026-10-24 00:00:00,2026-10-04 00:00:00,P1D,fcre,1.6,ensemble,91,Chla_ugL_mean,7.31333063527556
vera4cast,chlorocast_ens3,2026-10-25 00:00:00,2026-10-04 00:00:00,P1D,fcre,1.6,ensemble,91,Chla_ugL_mean,7.3346428109037
vera4cast,chlorocast_ens3,2026-10-26 00:00:00,2026-10-04 00:00:00,P1D,fcre,1.6,ensemble,91,Chla_ugL_mean,7.42038931591878
vera4cast,chlorocast_ens3,2026-10-27 00:00:00,2026-10-04 00:00:00,P1D,fcre,1.6,ensemble,91,Chla_ugL_mean,7.47424642593494
vera4cast,chlorocast_ens3,2026-10-28 00:00:00,2026-10-04 00:00:00,P1D,fcre,1.6,ensemble,91,Chla_ugL_mean,7.52687755693423
vera4cast,chlorocast_ens3,2026-10-29 00:00:00,2026-10-04 00:00:00,P1D,fcre,1.6,ensemble,91,Chla_ugL_mean,7.59416494838941
vera4cast,chlorocast_ens3,2026-10-30 00:00:00,2026-10-04 00:00:00,P1D,fcre,1.6,ensemble,91,Chla_ugL_mean,7.5917064361978
vera4cast,chlorocast_ens3,2026-10-31 00:00:00,2026-10-04 00:00:00,P1D,fcre,1.6,ensemble,91,Chla_ugL_mean,7.71707049636114
vera4cast,chlorocast_ens3,2026-11-01 00:00:00,2026-10-04 00:00:00,P1D,fcre,1.6,ensemble,91,Chla_ugL_mean,7.79387918715064
vera4cast,chlorocast_ens3,2026-11-02 00:00:00,2026-10-04 00:00:00,P1D,fcre,1.6,ensemble,91,Chla_ugL_mean,7.87596409816818
vera4cast,chlorocast_ens3,2026-11-03 00:00:00,2026-10-04 00:00:00,P1D,fcre,1.6,ensemble,91,Chla_ugL_mean,7.96010154849166
vera4cast,chlorocast_ens3,2026-11-04 00:00:00,2026-10-04 00:00:00,P1D,fcre,1.6,ensemble,91,Chla_ugL_mean,8.0404411474478
vera4cast,chlorocast_ens3,2026-11-05 00:00:00,2026-10-04 00:00:00,P1D,fcre,1.6,ensemble,91,Chla_ugL_mean,8.2110175584355
vera4cast,chlorocast_ens3,2026-11-06 00:00:00,2026-10-04 00:00:00,P1D,fcre,1.6,ensemble,91,Chla_ugL_mean,8.36587356089608
vera4cast,chlorocast_ens3,2026-11-07 00:00:00,2026-10-04 00:00:00,P1D,fcre,1.6,ensemble,91,Chla_ugL_mean,8.57245114853808
vera4cast,chlorocast_ens3,2026-11-08 00:00:00,2026-10-04 00:00:00,P1D,fcre,1.6,ensemble,91,Chla_ugL_mean,8.76260583175528
vera4cast,chlorocast_ens3,2026-10-05 00:00:00,2026-10-04 00:00:00,P1D,fcre,1.6,ensemble,92,Chla_ugL_mean,8.0410057598456
vera4cast,chlorocast_ens3,2026-10-06 00:00:00,2026-10-04 00:00:00,P1D,fcre,1.6,ensemble,92,Chla_ugL_mean,7.976533098376
vera4cast,chlorocast_ens3,2026-10-07 00:00:00,2026-10-04 00:00:00,P1D,fcre,1.6,ensemble,92,Chla_ugL_mean,7.8400840147102
vera4cast,chlorocast_ens3,2026-10-08 00:00:00,2026-10-04 00:00:00,P1D,fcre,1.6,ensemble,92,Chla_ugL_mean,7.77901315643358
vera4cast,chlorocast_ens3,2026-10-09 00:00:00,2026-10-04 00:00:00,P1D,fcre,1.6,ensemble,92,Chla_ugL_mean,7.73670008804473
vera4cast,chlorocast_ens3,2026-10-10 00:00:00,2026-10-04 00:00:00,P1D,fcre,1.6,ensemble,92,Chla_ugL_mean,7.63044479265848
vera4cast,chlorocast_ens3,2026-10-11 00:00:00,2026-10-04 00:00:00,P1D,fcre,1.6,ensemble,92,Chla_ugL_mean,7.54660266203448
vera4cast,chlorocast_ens3,2026-10-12 00:00:00,2026-10-04 00:00:00,P1D,fcre,1.6,ensemble,92,Chla_ugL_mean,7.47556693810958
vera4cast,chlorocast_ens3,2026-10-13 00:00:00,2026-10-04 00:00:00,P1D,fcre,1.6,ensemble,92,Chla_ugL_mean,7.50160715252217
vera4cast,chlorocast_ens3,2026-10-14 00:00:00,2026-10-04 00:00:00,P1D,fcre,1.6,ensemble,92,Chla_ugL_mean,7.54687465320918
vera4cast,chlorocast_ens3,2026-10-15 00:00:00,2026-10-04 00:00:00,P1D,fcre,1.6,ensemble,92,Chla_ugL_mean,7.50818472520586
vera4cast,chlorocast_ens3,2026-10-16 00:00:00,2026-10-04 00:00:00,P1D,fcre,1.6,ensemble,92,Chla_ugL_mean,7.50132686397715
vera4cast,chlorocast_ens3,2026-10-17 00:00:00,2026-10-04 00:00:00,P1D,fcre,1.6,ensemble,92,Chla_ugL_mean,7.47136342617164
vera4cast,chlorocast_ens3,2026-10-18 00:00:00,2026-10-04 00:00:00,P1D,fcre,1.6,ensemble,92,Chla_ugL_mean,7.45533765549873
vera4cast,chlorocast_ens3,2026-10-19 00:00:00,2026-10-04 00:00:00,P1D,fcre,1.6,ensemble,92,Chla_ugL_mean,7.45497311777851
vera4cast,chlorocast_ens3,2026-10-20 00:00:00,2026-10-04 00:00:00,P1D,fcre,1.6,ensemble,92,Chla_ugL_mean,7.42510048274348
vera4cast,chlorocast_ens3,2026-10-21 00:00:00,2026-10-04 00:00:00,P1D,fcre,1.6,ensemble,92,Chla_ugL_mean,7.46362953697544
vera4cast,chlorocast_ens3,2026-10-22 00:00:00,2026-10-04 00:00:00,P1D,fcre,1.6,ensemble,92,Chla_ugL_mean,7.41611184627695
vera4cast,chlorocast_ens3,2026-10-23 00:00:00,2026-10-04 00:00:00,P1D,fcre,1.6,ensemble,92,Chla_ugL_mean,7.36934179588794
vera4cast,chlorocast_ens3,2026-10-24 00:00:00,2026-10-04 00:00:00,P1D,fcre,1.6,ensemble,92,Chla_ugL_mean,7.37827175017133
vera4cast,chlorocast_ens3,2026-10-25 00:00:00,2026-10-04 00:00:00,P1D,fcre,1.6,ensemble,92,Chla_ugL_mean,7.40176407394476
vera4cast,chlorocast_ens3,2026-10-26 00:00:00,2026-10-04 00:00:00,P1D,fcre,1.6,ensemble,92,Chla_ugL_mean,7.48675817140464
vera4cast,chlorocast_ens3,2026-10-27 00:00:00,2026-10-04 00:00:00,P1D,fcre,1.6,ensemble,92,Chla_ugL_mean,7.5403219849867
vera4cast,chlorocast_ens3,2026-10-28 00:00:00,2026-10-04 00:00:00,P1D,fcre,1.6,ensemble,92,Chla_ugL_mean,7.59645470763622
vera4cast,chlorocast_ens3,2026-10-29 00:00:00,2026-10-04 00:00:00,P1D,fcre,1.6,ensemble,92,Chla_ugL_mean,7.66226407200624
vera4cast,chlorocast_ens3,2026-10-30 00:00:00,2026-10-04 00:00:00,P1D,fcre,1.6,ensemble,92,Chla_ugL_mean,7.66273017200468
vera4cast,chlorocast_ens3,2026-10-31 00:00:00,2026-10-04 00:00:00,P1D,fcre,1.6,ensemble,92,Chla_ugL_mean,7.78511150115935
vera4cast,chlorocast_ens3,2026-11-01 00:00:00,2026-10-04 00:00:00,P1D,fcre,1.6,ensemble,92,Chla_ugL_mean,7.86400230221031
vera4cast,chlorocast_ens3,2026-11-02 00:00:00,2026-10-04 00:00:00,P1D,fcre,1.6,ensemble,92,Chla_ugL_mean,7.94572558962853
vera4cast,chlorocast_ens3,2026-11-03 00:00:00,2026-10-04 00:00:00,P1D,fcre,1.6,ensemble,92,Chla_ugL_mean,8.03119956745419
vera4cast,chlorocast_ens3,2026-11-04 00:00:00,2026-10-04 00:00:00,P1D,fcre,1.6,ensemble,92,Chla_ugL_mean,8.11195535737668
vera4cast,chlorocast_ens3,2026-11-05 00:00:00,2026-10-04 00:00:00,P1D,fcre,1.6,ensemble,92,Chla_ugL_mean,8.28722887474762
vera4cast,chlorocast_ens3,2026-11-06 00:00:00,2026-10-04 00:00:00,P1D,fcre,1.6,ensemble,92,Chla_ugL_mean,8.44295545268786
vera4cast,chlorocast_ens3,2026-11-07 00:00:00,2026-10-04 00:00:00,P1D,fcre,1.6,ensemble,92,Chla_ugL_mean,8.65306260848097
vera4cast,chlorocast_ens3,2026-11-08 00:00:00,2026-10-04 00:00:00,P1D,fcre,1.6,ensemble,92,Chla_ugL_mean,8.84321016246621
vera4cast,chlorocast_ens3,2026-10-05 00:00:00,2026-10-04 00:00:00,P1D,fcre,1.6,ensemble,93,Chla_ugL_mean,8.11023111904637
vera4cast,chlorocast_ens3,2026-10-06 00:00:00,2026-10-04 00:00:00,P1D,fcre,1.6,ensemble,93,Chla_ugL_mean,8.04677516548698
vera4cast,chlorocast_ens3,2026-10-07 00:00:00,2026-10-04 00:00:00,P1D,fcre,1.6,ensemble,93,Chla_ugL_mean,7.91114209182898
vera4cast,chlorocast_ens3,2026-10-08 00:00:00,2026-10-04 00:00:00,P1D,fcre,1.6,ensemble,93,Chla_ugL_mean,7.84822210389821
vera4cast,chlorocast_ens3,2026-10-09 00:00:00,2026-10-04 00:00:00,P1D,fcre,1.6,ensemble,93,Chla_ugL_mean,7.80704129396679
vera4cast,chlorocast_ens3,2026-10-10 00:00:00,2026-10-04 00:00:00,P1D,fcre,1.6,ensemble,93,Chla_ugL_mean,7.69699243920896
vera4cast,chlorocast_ens3,2026-10-11 00:00:00,2026-10-04 00:00:00,P1D,fcre,1.6,ensemble,93,Chla_ugL_mean,7.61480850047805
vera4cast,chlorocast_ens3,2026-10-12 00:00:00,2026-10-04 00:00:00,P1D,fcre,1.6,ensemble,93,Chla_ugL_mean,7.54393194105119
vera4cast,chlorocast_ens3,2026-10-13 00:00:00,2026-10-04 00:00:00,P1D,fcre,1.6,ensemble,93,Chla_ugL_mean,7.57012958821702
vera4cast,chlorocast_ens3,2026-10-14 00:00:00,2026-10-04 00:00:00,P1D,fcre,1.6,ensemble,93,Chla_ugL_mean,7.61315431254295
vera4cast,chlorocast_ens3,2026-10-15 00:00:00,2026-10-04 00:00:00,P1D,fcre,1.6,ensemble,93,Chla_ugL_mean,7.57832300120506
vera4cast,chlorocast_ens3,2026-10-16 00:00:00,2026-10-04 00:00:00,P1D,fcre,1.6,ensemble,93,Chla_ugL_mean,7.57240275982663
vera4cast,chlorocast_ens3,2026-10-17 00:00:00,2026-10-04 00:00:00,P1D,fcre,1.6,ensemble,93,Chla_ugL_mean,7.53908664994755
vera4cast,chlorocast_ens3,2026-10-18 00:00:00,2026-10-04 00:00:00,P1D,fcre,1.6,ensemble,93,Chla_ugL_mean,7.52465719861721
vera4cast,chlorocast_ens3,2026-10-19 00:00:00,2026-10-04 00:00:00,P1D,fcre,1.6,ensemble,93,Chla_ugL_mean,7.52226956167888
vera4cast,chlorocast_ens3,2026-10-20 00:00:00,2026-10-04 00:00:00,P1D,fcre,1.6,ensemble,93,Chla_ugL_mean,7.49555768098855
vera4cast,chlorocast_ens3,2026-10-21 00:00:00,2026-10-04 00:00:00,P1D,fcre,1.6,ensemble,93,Chla_ugL_mean,7.53170988020807
vera4cast,chlorocast_ens3,2026-10-22 00:00:00,2026-10-04 00:00:00,P1D,fcre,1.6,ensemble,93,Chla_ugL_mean,7.4812570177388
vera4cast,chlorocast_ens3,2026-10-23 00:00:00,2026-10-04 00:00:00,P1D,fcre,1.6,ensemble,93,Chla_ugL_mean,7.43435107586887
vera4cast,chlorocast_ens3,2026-10-24 00:00:00,2026-10-04 00:00:00,P1D,fcre,1.6,ensemble,93,Chla_ugL_mean,7.4437201645586
vera4cast,chlorocast_ens3,2026-10-25 00:00:00,2026-10-04 00:00:00,P1D,fcre,1.6,ensemble,93,Chla_ugL_mean,7.46942588372003
vera4cast,chlorocast_ens3,2026-10-26 00:00:00,2026-10-04 00:00:00,P1D,fcre,1.6,ensemble,93,Chla_ugL_mean,7.55365014106174
vera4cast,chlorocast_ens3,2026-10-27 00:00:00,2026-10-04 00:00:00,P1D,fcre,1.6,ensemble,93,Chla_ugL_mean,7.60691274967262
vera4cast,chlorocast_ens3,2026-10-28 00:00:00,2026-10-04 00:00:00,P1D,fcre,1.6,ensemble,93,Chla_ugL_mean,7.66659959017995
vera4cast,chlorocast_ens3,2026-10-29 00:00:00,2026-10-04 00:00:00,P1D,fcre,1.6,ensemble,93,Chla_ugL_mean,7.73090280484225
vera4cast,chlorocast_ens3,2026-10-30 00:00:00,2026-10-04 00:00:00,P1D,fcre,1.6,ensemble,93,Chla_ugL_mean,7.73434102878519
vera4cast,chlorocast_ens3,2026-10-31 00:00:00,2026-10-04 00:00:00,P1D,fcre,1.6,ensemble,93,Chla_ugL_mean,7.85368359932613
vera4cast,chlorocast_ens3,2026-11-01 00:00:00,2026-10-04 00:00:00,P1D,fcre,1.6,ensemble,93,Chla_ugL_mean,7.93468458475011
vera4cast,chlorocast_ens3,2026-11-02 00:00:00,2026-10-04 00:00:00,P1D,fcre,1.6,ensemble,93,Chla_ugL_mean,8.01603537822448
vera4cast,chlorocast_ens3,2026-11-03 00:00:00,2026-10-04 00:00:00,P1D,fcre,1.6,ensemble,93,Chla_ugL_mean,8.10286174612775
vera4cast,chlorocast_ens3,2026-11-04 00:00:00,2026-10-04 00:00:00,P1D,fcre,1.6,ensemble,93,Chla_ugL_mean,8.18403527888295
vera4cast,chlorocast_ens3,2026-11-05 00:00:00,2026-10-04 00:00:00,P1D,fcre,1.6,ensemble,93,Chla_ugL_mean,8.36407075817105
vera4cast,chlorocast_ens3,2026-11-06 00:00:00,2026-10-04 00:00:00,P1D,fcre,1.6,ensemble,93,Chla_ugL_mean,8.52067173464128
vera4cast,chlorocast_ens3,2026-11-07 00:00:00,2026-10-04 00:00:00,P1D,fcre,1.6,ensemble,93,Chla_ugL_mean,8.73435291309732
vera4cast,chlorocast_ens3,2026-11-08 00:00:00,2026-10-04 00:00:00,P1D,fcre,1.6,ensemble,93,Chla_ugL_mean,8.92447999767883
vera4cast,chlorocast_ens3,2026-10-05 00:00:00,2026-10-04 00:00:00,P1D,fcre,1.6,ensemble,94,Chla_ugL_mean,8.17998652440392
vera4cast,chlorocast_ens3,2026-10-06 00:00:00,2026-10-04 00:00:00,P1D,fcre,1.6,ensemble,94,Chla_ugL_mean,8.11756688221634
vera4cast,chlorocast_ens3,2026-10-07 00:00:00,2026-10-04 00:00:00,P1D,fcre,1.6,ensemble,94,Chla_ugL_mean,7.98277134568266
vera4cast,chlorocast_ens3,2026-10-08 00:00:00,2026-10-04 00:00:00,P1D,fcre,1.6,ensemble,94,Chla_ugL_mean,7.91797665692507
vera4cast,chlorocast_ens3,2026-10-09 00:00:00,2026-10-04 00:00:00,P1D,fcre,1.6,ensemble,94,Chla_ugL_mean,7.87794883331002
vera4cast,chlorocast_ens3,2026-10-10 00:00:00,2026-10-04 00:00:00,P1D,fcre,1.6,ensemble,94,Chla_ugL_mean,7.7640532214515
vera4cast,chlorocast_ens3,2026-10-11 00:00:00,2026-10-04 00:00:00,P1D,fcre,1.6,ensemble,94,Chla_ugL_mean,7.68355865302884
vera4cast,chlorocast_ens3,2026-10-12 00:00:00,2026-10-04 00:00:00,P1D,fcre,1.6,ensemble,94,Chla_ugL_mean,7.61284838481809
vera4cast,chlorocast_ens3,2026-10-13 00:00:00,2026-10-04 00:00:00,P1D,fcre,1.6,ensemble,94,Chla_ugL_mean,7.63920431056889
vera4cast,chlorocast_ens3,2026-10-14 00:00:00,2026-10-04 00:00:00,P1D,fcre,1.6,ensemble,94,Chla_ugL_mean,7.67994796013788
vera4cast,chlorocast_ens3,2026-10-15 00:00:00,2026-10-04 00:00:00,P1D,fcre,1.6,ensemble,94,Chla_ugL_mean,7.64903947078126
vera4cast,chlorocast_ens3,2026-10-16 00:00:00,2026-10-04 00:00:00,P1D,fcre,1.6,ensemble,94,Chla_ugL_mean,7.64407289032344
vera4cast,chlorocast_ens3,2026-10-17 00:00:00,2026-10-04 00:00:00,P1D,fcre,1.6,ensemble,94,Chla_ugL_mean,7.607351278313
vera4cast,chlorocast_ens3,2026-10-18 00:00:00,2026-10-04 00:00:00,P1D,fcre,1.6,ensemble,94,Chla_ugL_mean,7.59454504536281
vera4cast,chlorocast_ens3,2026-10-19 00:00:00,2026-10-04 00:00:00,P1D,fcre,1.6,ensemble,94,Chla_ugL_mean,7.59010164434458
vera4cast,chlorocast_ens3,2026-10-20 00:00:00,2026-10-04 00:00:00,P1D,fcre,1.6,ensemble,94,Chla_ugL_mean,7.56660409675033
vera4cast,chlorocast_ens3,2026-10-21 00:00:00,2026-10-04 00:00:00,P1D,fcre,1.6,ensemble,94,Chla_ugL_mean,7.60033785293162
vera4cast,chlorocast_ens3,2026-10-22 00:00:00,2026-10-04 00:00:00,P1D,fcre,1.6,ensemble,94,Chla_ugL_mean,7.54690644739521
vera4cast,chlorocast_ens3,2026-10-23 00:00:00,2026-10-04 00:00:00,P1D,fcre,1.6,ensemble,94,Chla_ugL_mean,7.49986531867563
vera4cast,chlorocast_ens3,2026-10-24 00:00:00,2026-10-04 00:00:00,P1D,fcre,1.6,ensemble,94,Chla_ugL_mean,7.50967984130087
vera4cast,chlorocast_ens3,2026-10-25 00:00:00,2026-10-04 00:00:00,P1D,fcre,1.6,ensemble,94,Chla_ugL_mean,7.537632593407
vera4cast,chlorocast_ens3,2026-10-26 00:00:00,2026-10-04 00:00:00,P1D,fcre,1.6,ensemble,94,Chla_ugL_mean,7.6210693480354
vera4cast,chlorocast_ens3,2026-10-27 00:00:00,2026-10-04 00:00:00,P1D,fcre,1.6,ensemble,94,Chla_ugL_mean,7.67402273716411
vera4cast,chlorocast_ens3,2026-10-28 00:00:00,2026-10-04 00:00:00,P1D,fcre,1.6,ensemble,94,Chla_ugL_mean,7.73731683711277
vera4cast,chlorocast_ens3,2026-10-29 00:00:00,2026-10-04 00:00:00,P1D,fcre,1.6,ensemble,94,Chla_ugL_mean,7.80008542269565
vera4cast,chlorocast_ens3,2026-10-30 00:00:00,2026-10-04 00:00:00,P1D,fcre,1.6,ensemble,94,Chla_ugL_mean,7.80654386000182
vera4cast,chlorocast_ens3,2026-10-31 00:00:00,2026-10-04 00:00:00,P1D,fcre,1.6,ensemble,94,Chla_ugL_mean,7.92279093630535
vera4cast,chlorocast_ens3,2026-11-01 00:00:00,2026-10-04 00:00:00,P1D,fcre,1.6,ensemble,94,Chla_ugL_mean,8.00593049361747
vera4cast,chlorocast_ens3,2026-11-02 00:00:00,2026-10-04 00:00:00,P1D,fcre,1.6,ensemble,94,Chla_ugL_mean,8.08689777334998
vera4cast,chlorocast_ens3,2026-11-03 00:00:00,2026-10-04 00:00:00,P1D,fcre,1.6,ensemble,94,Chla_ugL_mean,8.1750925610953
vera4cast,chlorocast_ens3,2026-11-04 00:00:00,2026-10-04 00:00:00,P1D,fcre,1.6,ensemble,94,Chla_ugL_mean,8.25668538701554
vera4cast,chlorocast_ens3,2026-11-05 00:00:00,2026-10-04 00:00:00,P1D,fcre,1.6,ensemble,94,Chla_ugL_mean,8.44154842597404
vera4cast,chlorocast_ens3,2026-11-06 00:00:00,2026-10-04 00:00:00,P1D,fcre,1.6,ensemble,94,Chla_ugL_mean,8.59902762783835
vera4cast,chlorocast_ens3,2026-11-07 00:00:00,2026-10-04 00:00:00,P1D,fcre,1.6,ensemble,94,Chla_ugL_mean,8.81632777906923
vera4cast,chlorocast_ens3,2026-11-08 00:00:00,2026-10-04 00:00:00,P1D,fcre,1.6,ensemble,94,Chla_ugL_mean,9.00642083208852
vera4cast,chlorocast_ens3,2026-10-05 00:00:00,2026-10-04 00:00:00,P1D,fcre,1.6,ensemble,95,Chla_ugL_mean,8.25027603438659
vera4cast,chlorocast_ens3,2026-10-06 00:00:00,2026-10-04 00:00:00,P1D,fcre,1.6,ensemble,95,Chla_ugL_mean,8.18891254961496
vera4cast,chlorocast_ens3,2026-10-07 00:00:00,2026-10-04 00:00:00,P1D,fcre,1.6,ensemble,95,Chla_ugL_mean,8.05497636748559
vera4cast,chlorocast_ens3,2026-10-08 00:00:00,2026-10-04 00:00:00,P1D,fcre,1.6,ensemble,95,Chla_ugL_mean,7.98828111677059
vera4cast,chlorocast_ens3,2026-10-09 00:00:00,2026-10-04 00:00:00,P1D,fcre,1.6,ensemble,95,Chla_ugL_mean,7.94942726575661
vera4cast,chlorocast_ens3,2026-10-10 00:00:00,2026-10-04 00:00:00,P1D,fcre,1.6,ensemble,95,Chla_ugL_mean,7.83163109607355
vera4cast,chlorocast_ens3,2026-10-11 00:00:00,2026-10-04 00:00:00,P1D,fcre,1.6,ensemble,95,Chla_ugL_mean,7.75285746356496
vera4cast,chlorocast_ens3,2026-10-12 00:00:00,2026-10-04 00:00:00,P1D,fcre,1.6,ensemble,95,Chla_ugL_mean,7.68232071740226
vera4cast,chlorocast_ens3,2026-10-13 00:00:00,2026-10-04 00:00:00,P1D,fcre,1.6,ensemble,95,Chla_ugL_mean,7.70883577097459
vera4cast,chlorocast_ens3,2026-10-14 00:00:00,2026-10-04 00:00:00,P1D,fcre,1.6,ensemble,95,Chla_ugL_mean,7.74725958189154
vera4cast,chlorocast_ens3,2026-10-15 00:00:00,2026-10-04 00:00:00,P1D,fcre,1.6,ensemble,95,Chla_ugL_mean,7.72033890034495
vera4cast,chlorocast_ens3,2026-10-16 00:00:00,2026-10-04 00:00:00,P1D,fcre,1.6,ensemble,95,Chla_ugL_mean,7.71634222360497
vera4cast,chlorocast_ens3,2026-10-17 00:00:00,2026-10-04 00:00:00,P1D,fcre,1.6,ensemble,95,Chla_ugL_mean,7.67616163945725
vera4cast,chlorocast_ens3,2026-10-18 00:00:00,2026-10-04 00:00:00,P1D,fcre,1.6,ensemble,95,Chla_ugL_mean,7.66500585486914
vera4cast,chlorocast_ens3,2026-10-19 00:00:00,2026-10-04 00:00:00,P1D,fcre,1.6,ensemble,95,Chla_ugL_mean,7.6584736291344
vera4cast,chlorocast_ens3,2026-10-20 00:00:00,2026-10-04 00:00:00,P1D,fcre,1.6,ensemble,95,Chla_ugL_mean,7.63824465752086
vera4cast,chlorocast_ens3,2026-10-21 00:00:00,2026-10-04 00:00:00,P1D,fcre,1.6,ensemble,95,Chla_ugL_mean,7.66951786020701
vera4cast,chlorocast_ens3,2026-10-22 00:00:00,2026-10-04 00:00:00,P1D,fcre,1.6,ensemble,95,Chla_ugL_mean,7.61306403847217
vera4cast,chlorocast_ens3,2026-10-23 00:00:00,2026-10-04 00:00:00,P1D,fcre,1.6,ensemble,95,Chla_ugL_mean,7.56588844663218
vera4cast,chlorocast_ens3,2026-10-24 00:00:00,2026-10-04 00:00:00,P1D,fcre,1.6,ensemble,95,Chla_ugL_mean,7.57615477421828
vera4cast,chlorocast_ens3,2026-10-25 00:00:00,2026-10-04 00:00:00,P1D,fcre,1.6,ensemble,95,Chla_ugL_mean,7.60638859124056
vera4cast,chlorocast_ens3,2026-10-26 00:00:00,2026-10-04 00:00:00,P1D,fcre,1.6,ensemble,95,Chla_ugL_mean,7.68901994796926
vera4cast,chlorocast_ens3,2026-10-27 00:00:00,2026-10-04 00:00:00,P1D,fcre,1.6,ensemble,95,Chla_ugL_mean,7.74165599595532
vera4cast,chlorocast_ens3,2026-10-28 00:00:00,2026-10-04 00:00:00,P1D,fcre,1.6,ensemble,95,Chla_ugL_mean,7.80861111878243
vera4cast,chlorocast_ens3,2026-10-29 00:00:00,2026-10-04 00:00:00,P1D,fcre,1.6,ensemble,95,Chla_ugL_mean,7.86981623524552
vera4cast,chlorocast_ens3,2026-10-30 00:00:00,2026-10-04 00:00:00,P1D,fcre,1.6,ensemble,95,Chla_ugL_mean,7.87934355923844
vera4cast,chlorocast_ens3,2026-10-31 00:00:00,2026-10-04 00:00:00,P1D,fcre,1.6,ensemble,95,Chla_ugL_mean,7.99243768989809
vera4cast,chlorocast_ens3,2026-11-01 00:00:00,2026-10-04 00:00:00,P1D,fcre,1.6,ensemble,95,Chla_ugL_mean,8.07774452321502
vera4cast,chlorocast_ens3,2026-11-02 00:00:00,2026-10-04 00:00:00,P1D,fcre,1.6,ensemble,95,Chla_ugL_mean,8.15831711826908
vera4cast,chlorocast_ens3,2026-11-03 00:00:00,2026-10-04 00:00:00,P1D,fcre,1.6,ensemble,95,Chla_ugL_mean,8.24789652446126
vera4cast,chlorocast_ens3,2026-11-04 00:00:00,2026-10-04 00:00:00,P1D,fcre,1.6,ensemble,95,Chla_ugL_mean,8.32991019222314
vera4cast,chlorocast_ens3,2026-11-05 00:00:00,2026-10-04 00:00:00,P1D,fcre,1.6,ensemble,95,Chla_ugL_mean,8.5196671385922
vera4cast,chlorocast_ens3,2026-11-06 00:00:00,2026-10-04 00:00:00,P1D,fcre,1.6,ensemble,95,Chla_ugL_mean,8.67802839633096
vera4cast,chlorocast_ens3,2026-11-07 00:00:00,2026-10-04 00:00:00,P1D,fcre,1.6,ensemble,95,Chla_ugL_mean,8.8989929712201
vera4cast,chlorocast_ens3,2026-11-08 00:00:00,2026-10-04 00:00:00,P1D,fcre,1.6,ensemble,95,Chla_ugL_mean,9.08903820575722
vera4cast,chlorocast_ens3,2026-10-05 00:00:00,2026-10-04 00:00:00,P1D,fcre,1.6,ensemble,96,Chla_ugL_mean,8.32110373853768
vera4cast,chlorocast_ens3,2026-10-06 00:00:00,2026-10-04 00:00:00,P1D,fcre,1.6,ensemble,96,Chla_ugL_mean,8.26081650238974
vera4cast,chlorocast_ens3,2026-10-07 00:00:00,2026-10-04 00:00:00,P1D,fcre,1.6,ensemble,96,Chla_ugL_mean,8.12776178535705
vera4cast,chlorocast_ens3,2026-10-08 00:00:00,2026-10-04 00:00:00,P1D,fcre,1.6,ensemble,96,Chla_ugL_mean,8.05913981859996
vera4cast,chlorocast_ens3,2026-10-09 00:00:00,2026-10-04 00:00:00,P1D,fcre,1.6,ensemble,96,Chla_ugL_mean,8.0214811876998
vera4cast,chlorocast_ens3,2026-10-10 00:00:00,2026-10-04 00:00:00,P1D,fcre,1.6,ensemble,96,Chla_ugL_mean,7.8997300502718
vera4cast,chlorocast_ens3,2026-10-11 00:00:00,2026-10-04 00:00:00,P1D,fcre,1.6,ensemble,96,Chla_ugL_mean,7.82270931063063
vera4cast,chlorocast_ens3,2026-10-12 00:00:00,2026-10-04 00:00:00,P1D,fcre,1.6,ensemble,96,Chla_ugL_mean,7.75235342267372
vera4cast,chlorocast_ens3,2026-10-13 00:00:00,2026-10-04 00:00:00,P1D,fcre,1.6,ensemble,96,Chla_ugL_mean,7.77902845670891
vera4cast,chlorocast_ens3,2026-10-14 00:00:00,2026-10-04 00:00:00,P1D,fcre,1.6,ensemble,96,Chla_ugL_mean,7.8150931946115
vera4cast,chlorocast_ens3,2026-10-15 00:00:00,2026-10-04 00:00:00,P1D,fcre,1.6,ensemble,96,Chla_ugL_mean,7.79222609559906
vera4cast,chlorocast_ens3,2026-10-16 00:00:00,2026-10-04 00:00:00,P1D,fcre,1.6,ensemble,96,Chla_ugL_mean,7.78921576934505
vera4cast,chlorocast_ens3,2026-10-17 00:00:00,2026-10-04 00:00:00,P1D,fcre,1.6,ensemble,96,Chla_ugL_mean,7.7455220961707
vera4cast,chlorocast_ens3,2026-10-18 00:00:00,2026-10-04 00:00:00,P1D,fcre,1.6,ensemble,96,Chla_ugL_mean,7.73604432446684
vera4cast,chlorocast_ens3,2026-10-19 00:00:00,2026-10-04 00:00:00,P1D,fcre,1.6,ensemble,96,Chla_ugL_mean,7.72738981334092
vera4cast,chlorocast_ens3,2026-10-20 00:00:00,2026-10-04 00:00:00,P1D,fcre,1.6,ensemble,96,Chla_ugL_mean,7.71048433199964
vera4cast,chlorocast_ens3,2026-10-21 00:00:00,2026-10-04 00:00:00,P1D,fcre,1.6,ensemble,96,Chla_ugL_mean,7.7392543425289
vera4cast,chlorocast_ens3,2026-10-22 00:00:00,2026-10-04 00:00:00,P1D,fcre,1.6,ensemble,96,Chla_ugL_mean,7.67973372440873
vera4cast,chlorocast_ens3,2026-10-23 00:00:00,2026-10-04 00:00:00,P1D,fcre,1.6,ensemble,96,Chla_ugL_mean,7.63242441252929
vera4cast,chlorocast_ens3,2026-10-24 00:00:00,2026-10-04 00:00:00,P1D,fcre,1.6,ensemble,96,Chla_ugL_mean,7.64314898832943
vera4cast,chlorocast_ens3,2026-10-25 00:00:00,2026-10-04 00:00:00,P1D,fcre,1.6,ensemble,96,Chla_ugL_mean,7.6756983007953
vera4cast,chlorocast_ens3,2026-10-26 00:00:00,2026-10-04 00:00:00,P1D,fcre,1.6,ensemble,96,Chla_ugL_mean,7.75750612926141
vera4cast,chlorocast_ens3,2026-10-27 00:00:00,2026-10-04 00:00:00,P1D,fcre,1.6,ensemble,96,Chla_ugL_mean,7.8098166061074
vera4cast,chlorocast_ens3,2026-10-28 00:00:00,2026-10-04 00:00:00,P1D,fcre,1.6,ensemble,96,Chla_ugL_mean,7.88048714364552
vera4cast,chlorocast_ens3,2026-10-29 00:00:00,2026-10-04 00:00:00,P1D,fcre,1.6,ensemble,96,Chla_ugL_mean,7.94009958632033
vera4cast,chlorocast_ens3,2026-10-30 00:00:00,2026-10-04 00:00:00,P1D,fcre,1.6,ensemble,96,Chla_ugL_mean,7.95274506053192
vera4cast,chlorocast_ens3,2026-10-31 00:00:00,2026-10-04 00:00:00,P1D,fcre,1.6,ensemble,96,Chla_ugL_mean,8.06262807051522
vera4cast,chlorocast_ens3,2026-11-01 00:00:00,2026-10-04 00:00:00,P1D,fcre,1.6,ensemble,96,Chla_ugL_mean,8.15013120378414
vera4cast,chlorocast_ens3,2026-11-02 00:00:00,2026-10-04 00:00:00,P1D,fcre,1.6,ensemble,96,Chla_ugL_mean,8.23029779038211
vera4cast,chlorocast_ens3,2026-11-03 00:00:00,2026-10-04 00:00:00,P1D,fcre,1.6,ensemble,96,Chla_ugL_mean,8.32127818413345
vera4cast,chlorocast_ens3,2026-11-04 00:00:00,2026-10-04 00:00:00,P1D,fcre,1.6,ensemble,96,Chla_ugL_mean,8.40371424063428
vera4cast,chlorocast_ens3,2026-11-05 00:00:00,2026-10-04 00:00:00,P1D,fcre,1.6,ensemble,96,Chla_ugL_mean,8.59843219998554
vera4cast,chlorocast_ens3,2026-11-06 00:00:00,2026-10-04 00:00:00,P1D,fcre,1.6,ensemble,96,Chla_ugL_mean,8.7576793474946
vera4cast,chlorocast_ens3,2026-11-07 00:00:00,2026-10-04 00:00:00,P1D,fcre,1.6,ensemble,96,Chla_ugL_mean,8.98235430292001
vera4cast,chlorocast_ens3,2026-11-08 00:00:00,2026-10-04 00:00:00,P1D,fcre,1.6,ensemble,96,Chla_ugL_mean,9.17233770448807
vera4cast,chlorocast_ens3,2026-10-05 00:00:00,2026-10-04 00:00:00,P1D,fcre,1.6,ensemble,97,Chla_ugL_mean,8.39247375771339
vera4cast,chlorocast_ens3,2026-10-06 00:00:00,2026-10-04 00:00:00,P1D,fcre,1.6,ensemble,97,Chla_ugL_mean,8.33328310916703
vera4cast,chlorocast_ens3,2026-10-07 00:00:00,2026-10-04 00:00:00,P1D,fcre,1.6,ensemble,97,Chla_ugL_mean,8.20113226461793
vera4cast,chlorocast_ens3,2026-10-08 00:00:00,2026-10-04 00:00:00,P1D,fcre,1.6,ensemble,97,Chla_ugL_mean,8.13055713175441
vera4cast,chlorocast_ens3,2026-10-09 00:00:00,2026-10-04 00:00:00,P1D,fcre,1.6,ensemble,97,Chla_ugL_mean,8.0941152325395
vera4cast,chlorocast_ens3,2026-10-10 00:00:00,2026-10-04 00:00:00,P1D,fcre,1.6,ensemble,97,Chla_ugL_mean,7.96835410198743
vera4cast,chlorocast_ens3,2026-10-11 00:00:00,2026-10-04 00:00:00,P1D,fcre,1.6,ensemble,97,Chla_ugL_mean,7.89311860771292
vera4cast,chlorocast_ens3,2026-10-12 00:00:00,2026-10-04 00:00:00,P1D,fcre,1.6,ensemble,97,Chla_ugL_mean,7.82295102066999
vera4cast,chlorocast_ens3,2026-10-13 00:00:00,2026-10-04 00:00:00,P1D,fcre,1.6,ensemble,97,Chla_ugL_mean,7.8497868912138
vera4cast,chlorocast_ens3,2026-10-14 00:00:00,2026-10-04 00:00:00,P1D,fcre,1.6,ensemble,97,Chla_ugL_mean,7.88345284625502
vera4cast,chlorocast_ens3,2026-10-15 00:00:00,2026-10-04 00:00:00,P1D,fcre,1.6,ensemble,97,Chla_ugL_mean,7.86470590186296
vera4cast,chlorocast_ens3,2026-10-16 00:00:00,2026-10-04 00:00:00,P1D,fcre,1.6,ensemble,97,Chla_ugL_mean,7.86269857910122
vera4cast,chlorocast_ens3,2026-10-17 00:00:00,2026-10-04 00:00:00,P1D,fcre,1.6,ensemble,97,Chla_ugL_mean,7.81543704612154
vera4cast,chlorocast_ens3,2026-10-18 00:00:00,2026-10-04 00:00:00,P1D,fcre,1.6,ensemble,97,Chla_ugL_mean,7.80766518999679
vera4cast,chlorocast_ens3,2026-10-19 00:00:00,2026-10-04 00:00:00,P1D,fcre,1.6,ensemble,97,Chla_ugL_mean,7.7968545284605
vera4cast,chlorocast_ens3,2026-10-20 00:00:00,2026-10-04 00:00:00,P1D,fcre,1.6,ensemble,97,Chla_ugL_mean,7.78332813043828
vera4cast,chlorocast_ens3,2026-10-21 00:00:00,2026-10-04 00:00:00,P1D,fcre,1.6,ensemble,97,Chla_ugL_mean,7.80955177611072
vera4cast,chlorocast_ens3,2026-10-22 00:00:00,2026-10-04 00:00:00,P1D,fcre,1.6,ensemble,97,Chla_ugL_mean,7.74691946909081
vera4cast,chlorocast_ens3,2026-10-23 00:00:00,2026-10-04 00:00:00,P1D,fcre,1.6,ensemble,97,Chla_ugL_mean,7.69947719986127
vera4cast,chlorocast_ens3,2026-10-24 00:00:00,2026-10-04 00:00:00,P1D,fcre,1.6,ensemble,97,Chla_ugL_mean,7.7106665400951
vera4cast,chlorocast_ens3,2026-10-25 00:00:00,2026-10-04 00:00:00,P1D,fcre,1.6,ensemble,97,Chla_ugL_mean,7.74556618127013
vera4cast,chlorocast_ens3,2026-10-26 00:00:00,2026-10-04 00:00:00,P1D,fcre,1.6,ensemble,97,Chla_ugL_mean,7.82653211332258
vera4cast,chlorocast_ens3,2026-10-27 00:00:00,2026-10-04 00:00:00,P1D,fcre,1.6,ensemble,97,Chla_ugL_mean,7.87850867949465
vera4cast,chlorocast_ens3,2026-10-28 00:00:00,2026-10-04 00:00:00,P1D,fcre,1.6,ensemble,97,Chla_ugL_mean,7.95294965857843
vera4cast,chlorocast_ens3,2026-10-29 00:00:00,2026-10-04 00:00:00,P1D,fcre,1.6,ensemble,97,Chla_ugL_mean,8.01093985416854
vera4cast,chlorocast_ens3,2026-10-30 00:00:00,2026-10-04 00:00:00,P1D,fcre,1.6,ensemble,97,Chla_ugL_mean,8.02675333870664
vera4cast,chlorocast_ens3,2026-10-31 00:00:00,2026-10-04 00:00:00,P1D,fcre,1.6,ensemble,97,Chla_ugL_mean,8.13336632143194
vera4cast,chlorocast_ens3,2026-11-01 00:00:00,2026-10-04 00:00:00,P1D,fcre,1.6,ensemble,97,Chla_ugL_mean,8.22309510169072
vera4cast,chlorocast_ens3,2026-11-02 00:00:00,2026-10-04 00:00:00,P1D,fcre,1.6,ensemble,97,Chla_ugL_mean,8.30284420149401
vera4cast,chlorocast_ens3,2026-11-03 00:00:00,2026-10-04 00:00:00,P1D,fcre,1.6,ensemble,97,Chla_ugL_mean,8.39524212410711
vera4cast,chlorocast_ens3,2026-11-04 00:00:00,2026-10-04 00:00:00,P1D,fcre,1.6,ensemble,97,Chla_ugL_mean,8.47810211433952
vera4cast,chlorocast_ens3,2026-11-05 00:00:00,2026-10-04 00:00:00,P1D,fcre,1.6,ensemble,97,Chla_ugL_mean,8.67784895799874
vera4cast,chlorocast_ens3,2026-11-06 00:00:00,2026-10-04 00:00:00,P1D,fcre,1.6,ensemble,97,Chla_ugL_mean,8.83798583238489
vera4cast,chlorocast_ens3,2026-11-07 00:00:00,2026-10-04 00:00:00,P1D,fcre,1.6,ensemble,97,Chla_ugL_mean,9.06641763649456
vera4cast,chlorocast_ens3,2026-11-08 00:00:00,2026-10-04 00:00:00,P1D,fcre,1.6,ensemble,97,Chla_ugL_mean,9.25632496020301
vera4cast,chlorocast_ens3,2026-10-05 00:00:00,2026-10-04 00:00:00,P1D,fcre,1.6,ensemble,98,Chla_ugL_mean,8.46439024432257
vera4cast,chlorocast_ens3,2026-10-06 00:00:00,2026-10-04 00:00:00,P1D,fcre,1.6,ensemble,98,Chla_ugL_mean,8.40631677275797
vera4cast,chlorocast_ens3,2026-10-07 00:00:00,2026-10-04 00:00:00,P1D,fcre,1.6,ensemble,98,Chla_ugL_mean,8.27509250808975
vera4cast,chlorocast_ens3,2026-10-08 00:00:00,2026-10-04 00:00:00,P1D,fcre,1.6,ensemble,98,Chla_ugL_mean,8.20253746002072
vera4cast,chlorocast_ens3,2026-10-09 00:00:00,2026-10-04 00:00:00,P1D,fcre,1.6,ensemble,98,Chla_ugL_mean,8.16733407098016
vera4cast,chlorocast_ens3,2026-10-10 00:00:00,2026-10-04 00:00:00,P1D,fcre,1.6,ensemble,98,Chla_ugL_mean,8.03750730014314
vera4cast,chlorocast_ens3,2026-10-11 00:00:00,2026-10-04 00:00:00,P1D,fcre,1.6,ensemble,98,Chla_ugL_mean,7.96408980352054
vera4cast,chlorocast_ens3,2026-10-12 00:00:00,2026-10-04 00:00:00,P1D,fcre,1.6,ensemble,98,Chla_ugL_mean,7.89411806788775
vera4cast,chlorocast_ens3,2026-10-13 00:00:00,2026-10-04 00:00:00,P1D,fcre,1.6,ensemble,98,Chla_ugL_mean,7.9211156343899
vera4cast,chlorocast_ens3,2026-10-14 00:00:00,2026-10-04 00:00:00,P1D,fcre,1.6,ensemble,98,Chla_ugL_mean,7.95234261617066
vera4cast,chlorocast_ens3,2026-10-15 00:00:00,2026-10-04 00:00:00,P1D,fcre,1.6,ensemble,98,Chla_ugL_mean,7.93778320439903
vera4cast,chlorocast_ens3,2026-10-16 00:00:00,2026-10-04 00:00:00,P1D,fcre,1.6,ensemble,98,Chla_ugL_mean,7.93679574666488
vera4cast,chlorocast_ens3,2026-10-17 00:00:00,2026-10-04 00:00:00,P1D,fcre,1.6,ensemble,98,Chla_ugL_mean,7.88591092213453
vera4cast,chlorocast_ens3,2026-10-18 00:00:00,2026-10-04 00:00:00,P1D,fcre,1.6,ensemble,98,Chla_ugL_mean,7.87987322612579
vera4cast,chlorocast_ens3,2026-10-19 00:00:00,2026-10-04 00:00:00,P1D,fcre,1.6,ensemble,98,Chla_ugL_mean,7.86687214046561
vera4cast,chlorocast_ens3,2026-10-20 00:00:00,2026-10-04 00:00:00,P1D,fcre,1.6,ensemble,98,Chla_ugL_mean,7.85678110498799
vera4cast,chlorocast_ens3,2026-10-21 00:00:00,2026-10-04 00:00:00,P1D,fcre,1.6,ensemble,98,Chla_ugL_mean,7.88041467317197
vera4cast,chlorocast_ens3,2026-10-22 00:00:00,2026-10-04 00:00:00,P1D,fcre,1.6,ensemble,98,Chla_ugL_mean,7.81462526708695
vera4cast,chlorocast_ens3,2026-10-23 00:00:00,2026-10-04 00:00:00,P1D,fcre,1.6,ensemble,98,Chla_ugL_mean,7.76705082306439
vera4cast,chlorocast_ens3,2026-10-24 00:00:00,2026-10-04 00:00:00,P1D,fcre,1.6,ensemble,98,Chla_ugL_mean,7.77871151766388
vera4cast,chlorocast_ens3,2026-10-25 00:00:00,2026-10-04 00:00:00,P1D,fcre,1.6,ensemble,98,Chla_ugL_mean,7.81599672777514
vera4cast,chlorocast_ens3,2026-10-26 00:00:00,2026-10-04 00:00:00,P1D,fcre,1.6,ensemble,98,Chla_ugL_mean,7.89610215483633
vera4cast,chlorocast_ens3,2026-10-27 00:00:00,2026-10-04 00:00:00,P1D,fcre,1.6,ensemble,98,Chla_ugL_mean,7.94773636005254
vera4cast,chlorocast_ens3,2026-10-28 00:00:00,2026-10-04 00:00:00,P1D,fcre,1.6,ensemble,98,Chla_ugL_mean,8.02600344919087
vera4cast,chlorocast_ens3,2026-10-29 00:00:00,2026-10-04 00:00:00,P1D,fcre,1.6,ensemble,98,Chla_ugL_mean,8.08234145173129
vera4cast,chlorocast_ens3,2026-10-30 00:00:00,2026-10-04 00:00:00,P1D,fcre,1.6,ensemble,98,Chla_ugL_mean,8.10137340971152
vera4cast,chlorocast_ens3,2026-10-31 00:00:00,2026-10-04 00:00:00,P1D,fcre,1.6,ensemble,98,Chla_ugL_mean,8.20465671904429
vera4cast,chlorocast_ens3,2026-11-01 00:00:00,2026-10-04 00:00:00,P1D,fcre,1.6,ensemble,98,Chla_ugL_mean,8.29664081971322
vera4cast,chlorocast_ens3,2026-11-02 00:00:00,2026-10-04 00:00:00,P1D,fcre,1.6,ensemble,98,Chla_ugL_mean,8.37596079808473
vera4cast,chlorocast_ens3,2026-11-03 00:00:00,2026-10-04 00:00:00,P1D,fcre,1.6,ensemble,98,Chla_ugL_mean,8.4697929647513
vera4cast,chlorocast_ens3,2026-11-04 00:00:00,2026-10-04 00:00:00,P1D,fcre,1.6,ensemble,98,Chla_ugL_mean,8.55307843167594
vera4cast,chlorocast_ens3,2026-11-05 00:00:00,2026-10-04 00:00:00,P1D,fcre,1.6,ensemble,98,Chla_ugL_mean,8.75792280472412
vera4cast,chlorocast_ens3,2026-11-06 00:00:00,2026-10-04 00:00:00,P1D,fcre,1.6,ensemble,98,Chla_ugL_mean,8.91895324609707
vera4cast,chlorocast_ens3,2026-11-07 00:00:00,2026-10-04 00:00:00,P1D,fcre,1.6,ensemble,98,Chla_ugL_mean,9.15118888363711
vera4cast,chlorocast_ens3,2026-11-08 00:00:00,2026-10-04 00:00:00,P1D,fcre,1.6,ensemble,98,Chla_ugL_mean,9.34100565132361
vera4cast,chlorocast_ens3,2026-10-05 00:00:00,2026-10-04 00:00:00,P1D,fcre,1.6,ensemble,99,Chla_ugL_mean,8.53685738256833
vera4cast,chlorocast_ens3,2026-10-06 00:00:00,2026-10-04 00:00:00,P1D,fcre,1.6,ensemble,99,Chla_ugL_mean,8.4799219304261
vera4cast,chlorocast_ens3,2026-10-07 00:00:00,2026-10-04 00:00:00,P1D,fcre,1.6,ensemble,99,Chla_ugL_mean,8.34964725639609
vera4cast,chlorocast_ens3,2026-10-08 00:00:00,2026-10-04 00:00:00,P1D,fcre,1.6,ensemble,99,Chla_ugL_mean,8.27508524190268
vera4cast,chlorocast_ens3,2026-10-09 00:00:00,2026-10-04 00:00:00,P1D,fcre,1.6,ensemble,99,Chla_ugL_mean,8.24114241133117
vera4cast,chlorocast_ens3,2026-10-10 00:00:00,2026-10-04 00:00:00,P1D,fcre,1.6,ensemble,99,Chla_ugL_mean,8.1071937248821
vera4cast,chlorocast_ens3,2026-10-11 00:00:00,2026-10-04 00:00:00,P1D,fcre,1.6,ensemble,99,Chla_ugL_mean,8.03562738226496
vera4cast,chlorocast_ens3,2026-10-12 00:00:00,2026-10-04 00:00:00,P1D,fcre,1.6,ensemble,99,Chla_ugL_mean,7.965859157577
vera4cast,chlorocast_ens3,2026-10-13 00:00:00,2026-10-04 00:00:00,P1D,fcre,1.6,ensemble,99,Chla_ugL_mean,7.99301928289034
vera4cast,chlorocast_ens3,2026-10-14 00:00:00,2026-10-04 00:00:00,P1D,fcre,1.6,ensemble,99,Chla_ugL_mean,8.02176661534165
vera4cast,chlorocast_ens3,2026-10-15 00:00:00,2026-10-04 00:00:00,P1D,fcre,1.6,ensemble,99,Chla_ugL_mean,8.01146292874187
vera4cast,chlorocast_ens3,2026-10-16 00:00:00,2026-10-04 00:00:00,P1D,fcre,1.6,ensemble,99,Chla_ugL_mean,8.01151240841442
vera4cast,chlorocast_ens3,2026-10-17 00:00:00,2026-10-04 00:00:00,P1D,fcre,1.6,ensemble,99,Chla_ugL_mean,7.95694819247207
vera4cast,chlorocast_ens3,2026-10-18 00:00:00,2026-10-04 00:00:00,P1D,fcre,1.6,ensemble,99,Chla_ugL_mean,7.95267324666486
vera4cast,chlorocast_ens3,2026-10-19 00:00:00,2026-10-04 00:00:00,P1D,fcre,1.6,ensemble,99,Chla_ugL_mean,7.93744705007921
vera4cast,chlorocast_ens3,2026-10-20 00:00:00,2026-10-04 00:00:00,P1D,fcre,1.6,ensemble,99,Chla_ugL_mean,7.93084835004999
vera4cast,chlorocast_ens3,2026-10-21 00:00:00,2026-10-04 00:00:00,P1D,fcre,1.6,ensemble,99,Chla_ugL_mean,7.95184758222788
vera4cast,chlorocast_ens3,2026-10-22 00:00:00,2026-10-04 00:00:00,P1D,fcre,1.6,ensemble,99,Chla_ugL_mean,7.88285514388575
vera4cast,chlorocast_ens3,2026-10-23 00:00:00,2026-10-04 00:00:00,P1D,fcre,1.6,ensemble,99,Chla_ugL_mean,7.83514932775727
vera4cast,chlorocast_ens3,2026-10-24 00:00:00,2026-10-04 00:00:00,P1D,fcre,1.6,ensemble,99,Chla_ugL_mean,7.84728804111963
vera4cast,chlorocast_ens3,2026-10-25 00:00:00,2026-10-04 00:00:00,P1D,fcre,1.6,ensemble,99,Chla_ugL_mean,7.88699447162086
vera4cast,chlorocast_ens3,2026-10-26 00:00:00,2026-10-04 00:00:00,P1D,fcre,1.6,ensemble,99,Chla_ugL_mean,7.9662205420213
vera4cast,chlorocast_ens3,2026-10-27 00:00:00,2026-10-04 00:00:00,P1D,fcre,1.6,ensemble,99,Chla_ugL_mean,8.01750382402771
vera4cast,chlorocast_ens3,2026-10-28 00:00:00,2026-10-04 00:00:00,P1D,fcre,1.6,ensemble,99,Chla_ugL_mean,8.09965334014189
vera4cast,chlorocast_ens3,2026-10-29 00:00:00,2026-10-04 00:00:00,P1D,fcre,1.6,ensemble,99,Chla_ugL_mean,8.15430882691736
vera4cast,chlorocast_ens3,2026-10-30 00:00:00,2026-10-04 00:00:00,P1D,fcre,1.6,ensemble,99,Chla_ugL_mean,8.1766103309601
vera4cast,chlorocast_ens3,2026-10-31 00:00:00,2026-10-04 00:00:00,P1D,fcre,1.6,ensemble,99,Chla_ugL_mean,8.27650357312764
vera4cast,chlorocast_ens3,2026-11-01 00:00:00,2026-10-04 00:00:00,P1D,fcre,1.6,ensemble,99,Chla_ugL_mean,8.37077299733305
vera4cast,chlorocast_ens3,2026-11-02 00:00:00,2026-10-04 00:00:00,P1D,fcre,1.6,ensemble,99,Chla_ugL_mean,8.44965206158174
vera4cast,chlorocast_ens3,2026-11-03 00:00:00,2026-10-04 00:00:00,P1D,fcre,1.6,ensemble,99,Chla_ugL_mean,8.5449353630975
vera4cast,chlorocast_ens3,2026-11-04 00:00:00,2026-10-04 00:00:00,P1D,fcre,1.6,ensemble,99,Chla_ugL_mean,8.62864784751389
vera4cast,chlorocast_ens3,2026-11-05 00:00:00,2026-10-04 00:00:00,P1D,fcre,1.6,ensemble,99,Chla_ugL_mean,8.83865917686783
vera4cast,chlorocast_ens3,2026-11-06 00:00:00,2026-10-04 00:00:00,P1D,fcre,1.6,ensemble,99,Chla_ugL_mean,9.00058702812843
vera4cast,chlorocast_ens3,2026-11-07 00:00:00,2026-10-04 00:00:00,P1D,fcre,1.6,ensemble,99,Chla_ugL_mean,9.23667400582454
vera4cast,chlorocast_ens3,2026-11-08 00:00:00,2026-10-04 00:00:00,P1D,fcre,1.6,ensemble,99,Chla_ugL_mean,9.42638550315492
vera4cast,chlorocast_ens3,2026-10-05 00:00:00,2026-10-04 00:00:00,P1D,fcre,1.6,ensemble,100,Chla_ugL_mean,8.60987938869147
vera4cast,chlorocast_ens3,2026-10-06 00:00:00,2026-10-04 00:00:00,P1D,fcre,1.6,ensemble,100,Chla_ugL_mean,8.55410305415685
vera4cast,chlorocast_ens3,2026-10-07 00:00:00,2026-10-04 00:00:00,P1D,fcre,1.6,ensemble,100,Chla_ugL_mean,8.42480128826647
vera4cast,chlorocast_ens3,2026-10-08 00:00:00,2026-10-04 00:00:00,P1D,fcre,1.6,ensemble,100,Chla_ugL_mean,8.34820495089483
vera4cast,chlorocast_ens3,2026-10-09 00:00:00,2026-10-04 00:00:00,P1D,fcre,1.6,ensemble,100,Chla_ugL_mean,8.31554499980963
vera4cast,chlorocast_ens3,2026-10-10 00:00:00,2026-10-04 00:00:00,P1D,fcre,1.6,ensemble,100,Chla_ugL_mean,8.17741748780865
vera4cast,chlorocast_ens3,2026-10-11 00:00:00,2026-10-04 00:00:00,P1D,fcre,1.6,ensemble,100,Chla_ugL_mean,8.10773586394373
vera4cast,chlorocast_ens3,2026-10-12 00:00:00,2026-10-04 00:00:00,P1D,fcre,1.6,ensemble,100,Chla_ugL_mean,8.03817892003746
vera4cast,chlorocast_ens3,2026-10-13 00:00:00,2026-10-04 00:00:00,P1D,fcre,1.6,ensemble,100,Chla_ugL_mean,8.06550247041701
vera4cast,chlorocast_ens3,2026-10-14 00:00:00,2026-10-04 00:00:00,P1D,fcre,1.6,ensemble,100,Chla_ugL_mean,8.09172898663126
vera4cast,chlorocast_ens3,2026-10-15 00:00:00,2026-10-04 00:00:00,P1D,fcre,1.6,ensemble,100,Chla_ugL_mean,8.08575004103036
vera4cast,chlorocast_ens3,2026-10-16 00:00:00,2026-10-04 00:00:00,P1D,fcre,1.6,ensemble,100,Chla_ugL_mean,8.08685374367126
vera4cast,chlorocast_ens3,2026-10-17 00:00:00,2026-10-04 00:00:00,P1D,fcre,1.6,ensemble,100,Chla_ugL_mean,8.02855336111753
vera4cast,chlorocast_ens3,2026-10-18 00:00:00,2026-10-04 00:00:00,P1D,fcre,1.6,ensemble,100,Chla_ugL_mean,8.02607010489018
vera4cast,chlorocast_ens3,2026-10-19 00:00:00,2026-10-04 00:00:00,P1D,fcre,1.6,ensemble,100,Chla_ugL_mean,8.00858369305132
vera4cast,chlorocast_ens3,2026-10-20 00:00:00,2026-10-04 00:00:00,P1D,fcre,1.6,ensemble,100,Chla_ugL_mean,8.00553500262879
vera4cast,chlorocast_ens3,2026-10-21 00:00:00,2026-10-04 00:00:00,P1D,fcre,1.6,ensemble,100,Chla_ugL_mean,8.02385508838133
vera4cast,chlorocast_ens3,2026-10-22 00:00:00,2026-10-04 00:00:00,P1D,fcre,1.6,ensemble,100,Chla_ugL_mean,7.95161315613522
vera4cast,chlorocast_ens3,2026-10-23 00:00:00,2026-10-04 00:00:00,P1D,fcre,1.6,ensemble,100,Chla_ugL_mean,7.90377679098308
vera4cast,chlorocast_ens3,2026-10-24 00:00:00,2026-10-04 00:00:00,P1D,fcre,1.6,ensemble,100,Chla_ugL_mean,7.91640026273108
vera4cast,chlorocast_ens3,2026-10-25 00:00:00,2026-10-04 00:00:00,P1D,fcre,1.6,ensemble,100,Chla_ugL_mean,7.95856398060974
vera4cast,chlorocast_ens3,2026-10-26 00:00:00,2026-10-04 00:00:00,P1D,fcre,1.6,ensemble,100,Chla_ugL_mean,8.03689159689554
vera4cast,chlorocast_ens3,2026-10-27 00:00:00,2026-10-04 00:00:00,P1D,fcre,1.6,ensemble,100,Chla_ugL_mean,8.08781528022993
vera4cast,chlorocast_ens3,2026-10-28 00:00:00,2026-10-04 00:00:00,P1D,fcre,1.6,ensemble,100,Chla_ugL_mean,8.17390419545855
vera4cast,chlorocast_ens3,2026-10-29 00:00:00,2026-10-04 00:00:00,P1D,fcre,1.6,ensemble,100,Chla_ugL_mean,8.2268464628802
vera4cast,chlorocast_ens3,2026-10-30 00:00:00,2026-10-04 00:00:00,P1D,fcre,1.6,ensemble,100,Chla_ugL_mean,8.25246920167324
vera4cast,chlorocast_ens3,2026-10-31 00:00:00,2026-10-04 00:00:00,P1D,fcre,1.6,ensemble,100,Chla_ugL_mean,8.34891122709732
vera4cast,chlorocast_ens3,2026-11-01 00:00:00,2026-10-04 00:00:00,P1D,fcre,1.6,ensemble,100,Chla_ugL_mean,8.44549631102721
vera4cast,chlorocast_ens3,2026-11-02 00:00:00,2026-10-04 00:00:00,P1D,fcre,1.6,ensemble,100,Chla_ugL_mean,8.52392250863474
vera4cast,chlorocast_ens3,2026-11-03 00:00:00,2026-10-04 00:00:00,P1D,fcre,1.6,ensemble,100,Chla_ugL_mean,8.62067401313053
vera4cast,chlorocast_ens3,2026-11-04 00:00:00,2026-10-04 00:00:00,P1D,fcre,1.6,ensemble,100,Chla_ugL_mean,8.70481505354596
vera4cast,chlorocast_ens3,2026-11-05 00:00:00,2026-10-04 00:00:00,P1D,fcre,1.6,ensemble,100,Chla_ugL_mean,8.92006355611893
vera4cast,chlorocast_ens3,2026-11-06 00:00:00,2026-10-04 00:00:00,P1D,fcre,1.6,ensemble,100,Chla_ugL_mean,9.08289266274376
vera4cast,chlorocast_ens3,2026-11-07 00:00:00,2026-10-04 00:00:00,P1D,fcre,1.6,ensemble,100,Chla_ugL_mean,9.32287901473649
vera4cast,chlorocast_ens3,2026-11-08 00:00:00,2026-10-04 00:00:00,P1D,fcre,1.6,ensemble,100,Chla_ugL_mean,9.51247028827268
vera4cast,chlorocast_ens3,2026-10-05 00:00:00,2026-10-04 00:00:00,P1D,fcre,1.6,ensemble,101,Chla_ugL_mean,8.68385190226666
vera4cast,chlorocast_ens3,2026-10-06 00:00:00,2026-10-04 00:00:00,P1D,fcre,1.6,ensemble,101,Chla_ugL_mean,8.63244010867155
vera4cast,chlorocast_ens3,2026-10-07 00:00:00,2026-10-04 00:00:00,P1D,fcre,1.6,ensemble,101,Chla_ugL_mean,8.49875250041077
vera4cast,chlorocast_ens3,2026-10-08 00:00:00,2026-10-04 00:00:00,P1D,fcre,1.6,ensemble,101,Chla_ugL_mean,8.42315461398817
vera4cast,chlorocast_ens3,2026-10-09 00:00:00,2026-10-04 00:00:00,P1D,fcre,1.6,ensemble,101,Chla_ugL_mean,8.39181089695675
vera4cast,chlorocast_ens3,2026-10-10 00:00:00,2026-10-04 00:00:00,P1D,fcre,1.6,ensemble,101,Chla_ugL_mean,8.25015318235916
vera4cast,chlorocast_ens3,2026-10-11 00:00:00,2026-10-04 00:00:00,P1D,fcre,1.6,ensemble,101,Chla_ugL_mean,8.17995808978108
vera4cast,chlorocast_ens3,2026-10-12 00:00:00,2026-10-04 00:00:00,P1D,fcre,1.6,ensemble,101,Chla_ugL_mean,8.1100257858196
vera4cast,chlorocast_ens3,2026-10-13 00:00:00,2026-10-04 00:00:00,P1D,fcre,1.6,ensemble,101,Chla_ugL_mean,8.13843483351506
vera4cast,chlorocast_ens3,2026-10-14 00:00:00,2026-10-04 00:00:00,P1D,fcre,1.6,ensemble,101,Chla_ugL_mean,8.16045642220332
vera4cast,chlorocast_ens3,2026-10-15 00:00:00,2026-10-04 00:00:00,P1D,fcre,1.6,ensemble,101,Chla_ugL_mean,8.15812953636521
vera4cast,chlorocast_ens3,2026-10-16 00:00:00,2026-10-04 00:00:00,P1D,fcre,1.6,ensemble,101,Chla_ugL_mean,8.15978735492073
vera4cast,chlorocast_ens3,2026-10-17 00:00:00,2026-10-04 00:00:00,P1D,fcre,1.6,ensemble,101,Chla_ugL_mean,8.10216555552629
vera4cast,chlorocast_ens3,2026-10-18 00:00:00,2026-10-04 00:00:00,P1D,fcre,1.6,ensemble,101,Chla_ugL_mean,8.09865113327767
vera4cast,chlorocast_ens3,2026-10-19 00:00:00,2026-10-04 00:00:00,P1D,fcre,1.6,ensemble,101,Chla_ugL_mean,8.08212853104605
vera4cast,chlorocast_ens3,2026-10-20 00:00:00,2026-10-04 00:00:00,P1D,fcre,1.6,ensemble,101,Chla_ugL_mean,8.08213476815107
vera4cast,chlorocast_ens3,2026-10-21 00:00:00,2026-10-04 00:00:00,P1D,fcre,1.6,ensemble,101,Chla_ugL_mean,8.09619322557043
vera4cast,chlorocast_ens3,2026-10-22 00:00:00,2026-10-04 00:00:00,P1D,fcre,1.6,ensemble,101,Chla_ugL_mean,8.02205713677474
vera4cast,chlorocast_ens3,2026-10-23 00:00:00,2026-10-04 00:00:00,P1D,fcre,1.6,ensemble,101,Chla_ugL_mean,7.97447611500383
vera4cast,chlorocast_ens3,2026-10-24 00:00:00,2026-10-04 00:00:00,P1D,fcre,1.6,ensemble,101,Chla_ugL_mean,7.99048142590172
vera4cast,chlorocast_ens3,2026-10-25 00:00:00,2026-10-04 00:00:00,P1D,fcre,1.6,ensemble,101,Chla_ugL_mean,8.03012341983563
vera4cast,chlorocast_ens3,2026-10-26 00:00:00,2026-10-04 00:00:00,P1D,fcre,1.6,ensemble,101,Chla_ugL_mean,8.10894536609034
vera4cast,chlorocast_ens3,2026-10-27 00:00:00,2026-10-04 00:00:00,P1D,fcre,1.6,ensemble,101,Chla_ugL_mean,8.15870238882758
vera4cast,chlorocast_ens3,2026-10-28 00:00:00,2026-10-04 00:00:00,P1D,fcre,1.6,ensemble,101,Chla_ugL_mean,8.2477271310371
vera4cast,chlorocast_ens3,2026-10-29 00:00:00,2026-10-04 00:00:00,P1D,fcre,1.6,ensemble,101,Chla_ugL_mean,8.29816681351279
vera4cast,chlorocast_ens3,2026-10-30 00:00:00,2026-10-04 00:00:00,P1D,fcre,1.6,ensemble,101,Chla_ugL_mean,8.32799115570062
vera4cast,chlorocast_ens3,2026-10-31 00:00:00,2026-10-04 00:00:00,P1D,fcre,1.6,ensemble,101,Chla_ugL_mean,8.42434200097212
vera4cast,chlorocast_ens3,2026-11-01 00:00:00,2026-10-04 00:00:00,P1D,fcre,1.6,ensemble,101,Chla_ugL_mean,8.52348706179457
vera4cast,chlorocast_ens3,2026-11-02 00:00:00,2026-10-04 00:00:00,P1D,fcre,1.6,ensemble,101,Chla_ugL_mean,8.60145771561183
vera4cast,chlorocast_ens3,2026-11-03 00:00:00,2026-10-04 00:00:00,P1D,fcre,1.6,ensemble,101,Chla_ugL_mean,8.70017739360926
vera4cast,chlorocast_ens3,2026-11-04 00:00:00,2026-10-04 00:00:00,P1D,fcre,1.6,ensemble,101,Chla_ugL_mean,8.78249807917572
vera4cast,chlorocast_ens3,2026-11-05 00:00:00,2026-10-04 00:00:00,P1D,fcre,1.6,ensemble,101,Chla_ugL_mean,9.00235780854268
vera4cast,chlorocast_ens3,2026-11-06 00:00:00,2026-10-04 00:00:00,P1D,fcre,1.6,ensemble,101,Chla_ugL_mean,9.1678139449566
vera4cast,chlorocast_ens3,2026-11-07 00:00:00,2026-10-04 00:00:00,P1D,fcre,1.6,ensemble,101,Chla_ugL_mean,9.40842482248684
vera4cast,chlorocast_ens3,2026-11-08 00:00:00,2026-10-04 00:00:00,P1D,fcre,1.6,ensemble,101,Chla_ugL_mean,9.59563291316219
vera4cast,chlorocast_ens3,2026-10-05 00:00:00,2026-10-04 00:00:00,P1D,fcre,1.6,ensemble,102,Chla_ugL_mean,8.7583938228597
vera4cast,chlorocast_ens3,2026-10-06 00:00:00,2026-10-04 00:00:00,P1D,fcre,1.6,ensemble,102,Chla_ugL_mean,8.71141947299548
vera4cast,chlorocast_ens3,2026-10-07 00:00:00,2026-10-04 00:00:00,P1D,fcre,1.6,ensemble,102,Chla_ugL_mean,8.57328396688727
vera4cast,chlorocast_ens3,2026-10-08 00:00:00,2026-10-04 00:00:00,P1D,fcre,1.6,ensemble,102,Chla_ugL_mean,8.49870518945211
vera4cast,chlorocast_ens3,2026-10-09 00:00:00,2026-10-04 00:00:00,P1D,fcre,1.6,ensemble,102,Chla_ugL_mean,8.46870117915786
vera4cast,chlorocast_ens3,2026-10-10 00:00:00,2026-10-04 00:00:00,P1D,fcre,1.6,ensemble,102,Chla_ugL_mean,8.32346534422946
vera4cast,chlorocast_ens3,2026-10-11 00:00:00,2026-10-04 00:00:00,P1D,fcre,1.6,ensemble,102,Chla_ugL_mean,8.25275302106167
vera4cast,chlorocast_ens3,2026-10-12 00:00:00,2026-10-04 00:00:00,P1D,fcre,1.6,ensemble,102,Chla_ugL_mean,8.18244378126939
vera4cast,chlorocast_ens3,2026-10-13 00:00:00,2026-10-04 00:00:00,P1D,fcre,1.6,ensemble,102,Chla_ugL_mean,8.21195394065784
vera4cast,chlorocast_ens3,2026-10-14 00:00:00,2026-10-04 00:00:00,P1D,fcre,1.6,ensemble,102,Chla_ugL_mean,8.22970339156344
vera4cast,chlorocast_ens3,2026-10-15 00:00:00,2026-10-04 00:00:00,P1D,fcre,1.6,ensemble,102,Chla_ugL_mean,8.23108562596264
vera4cast,chlorocast_ens3,2026-10-16 00:00:00,2026-10-04 00:00:00,P1D,fcre,1.6,ensemble,102,Chla_ugL_mean,8.23330635158522
vera4cast,chlorocast_ens3,2026-10-17 00:00:00,2026-10-04 00:00:00,P1D,fcre,1.6,ensemble,102,Chla_ugL_mean,8.17637792971457
vera4cast,chlorocast_ens3,2026-10-18 00:00:00,2026-10-04 00:00:00,P1D,fcre,1.6,ensemble,102,Chla_ugL_mean,8.17181580500281
vera4cast,chlorocast_ens3,2026-10-19 00:00:00,2026-10-04 00:00:00,P1D,fcre,1.6,ensemble,102,Chla_ugL_mean,8.1562737789809
vera4cast,chlorocast_ens3,2026-10-20 00:00:00,2026-10-04 00:00:00,P1D,fcre,1.6,ensemble,102,Chla_ugL_mean,8.1593860800919
vera4cast,chlorocast_ens3,2026-10-21 00:00:00,2026-10-04 00:00:00,P1D,fcre,1.6,ensemble,102,Chla_ugL_mean,8.16911124863322
vera4cast,chlorocast_ens3,2026-10-22 00:00:00,2026-10-04 00:00:00,P1D,fcre,1.6,ensemble,102,Chla_ugL_mean,8.09305547050367
vera4cast,chlorocast_ens3,2026-10-23 00:00:00,2026-10-04 00:00:00,P1D,fcre,1.6,ensemble,102,Chla_ugL_mean,8.04573681814878
vera4cast,chlorocast_ens3,2026-10-24 00:00:00,2026-10-04 00:00:00,P1D,fcre,1.6,ensemble,102,Chla_ugL_mean,8.06517808619845
vera4cast,chlorocast_ens3,2026-10-25 00:00:00,2026-10-04 00:00:00,P1D,fcre,1.6,ensemble,102,Chla_ugL_mean,8.10225446332236
vera4cast,chlorocast_ens3,2026-10-26 00:00:00,2026-10-04 00:00:00,P1D,fcre,1.6,ensemble,102,Chla_ugL_mean,8.18157364097657
vera4cast,chlorocast_ens3,2026-10-27 00:00:00,2026-10-04 00:00:00,P1D,fcre,1.6,ensemble,102,Chla_ugL_mean,8.23014243363821
vera4cast,chlorocast_ens3,2026-10-28 00:00:00,2026-10-04 00:00:00,P1D,fcre,1.6,ensemble,102,Chla_ugL_mean,8.32214412403126
vera4cast,chlorocast_ens3,2026-10-29 00:00:00,2026-10-04 00:00:00,P1D,fcre,1.6,ensemble,102,Chla_ugL_mean,8.37003844593324
vera4cast,chlorocast_ens3,2026-10-30 00:00:00,2026-10-04 00:00:00,P1D,fcre,1.6,ensemble,102,Chla_ugL_mean,8.40412954685585
vera4cast,chlorocast_ens3,2026-10-31 00:00:00,2026-10-04 00:00:00,P1D,fcre,1.6,ensemble,102,Chla_ugL_mean,8.50038138065235
vera4cast,chlorocast_ens3,2026-11-01 00:00:00,2026-10-04 00:00:00,P1D,fcre,1.6,ensemble,102,Chla_ugL_mean,8.60212177630983
vera4cast,chlorocast_ens3,2026-11-02 00:00:00,2026-10-04 00:00:00,P1D,fcre,1.6,ensemble,102,Chla_ugL_mean,8.67962414447418
vera4cast,chlorocast_ens3,2026-11-03 00:00:00,2026-10-04 00:00:00,P1D,fcre,1.6,ensemble,102,Chla_ugL_mean,8.78033777457454
vera4cast,chlorocast_ens3,2026-11-04 00:00:00,2026-10-04 00:00:00,P1D,fcre,1.6,ensemble,102,Chla_ugL_mean,8.86080292525622
vera4cast,chlorocast_ens3,2026-11-05 00:00:00,2026-10-04 00:00:00,P1D,fcre,1.6,ensemble,102,Chla_ugL_mean,9.08533475255844
vera4cast,chlorocast_ens3,2026-11-06 00:00:00,2026-10-04 00:00:00,P1D,fcre,1.6,ensemble,102,Chla_ugL_mean,9.25345046082449
vera4cast,chlorocast_ens3,2026-11-07 00:00:00,2026-10-04 00:00:00,P1D,fcre,1.6,ensemble,102,Chla_ugL_mean,9.49467954925224
vera4cast,chlorocast_ens3,2026-11-08 00:00:00,2026-10-04 00:00:00,P1D,fcre,1.6,ensemble,102,Chla_ugL_mean,9.6794534254929
vera4cast,chlorocast_ens3,2026-10-05 00:00:00,2026-10-04 00:00:00,P1D,fcre,1.6,ensemble,103,Chla_ugL_mean,8.83350953350879
vera4cast,chlorocast_ens3,2026-10-06 00:00:00,2026-10-04 00:00:00,P1D,fcre,1.6,ensemble,103,Chla_ugL_mean,8.79104641362599
vera4cast,chlorocast_ens3,2026-10-07 00:00:00,2026-10-04 00:00:00,P1D,fcre,1.6,ensemble,103,Chla_ugL_mean,8.64840024063134
vera4cast,chlorocast_ens3,2026-10-08 00:00:00,2026-10-04 00:00:00,P1D,fcre,1.6,ensemble,103,Chla_ugL_mean,8.5748614951292
vera4cast,chlorocast_ens3,2026-10-09 00:00:00,2026-10-04 00:00:00,P1D,fcre,1.6,ensemble,103,Chla_ugL_mean,8.54622095822191
vera4cast,chlorocast_ens3,2026-10-10 00:00:00,2026-10-04 00:00:00,P1D,fcre,1.6,ensemble,103,Chla_ugL_mean,8.39735854221582
vera4cast,chlorocast_ens3,2026-10-11 00:00:00,2026-10-04 00:00:00,P1D,fcre,1.6,ensemble,103,Chla_ugL_mean,8.32612519920638
vera4cast,chlorocast_ens3,2026-10-12 00:00:00,2026-10-04 00:00:00,P1D,fcre,1.6,ensemble,103,Chla_ugL_mean,8.25543744644704
vera4cast,chlorocast_ens3,2026-10-13 00:00:00,2026-10-04 00:00:00,P1D,fcre,1.6,ensemble,103,Chla_ugL_mean,8.28606451222681
vera4cast,chlorocast_ens3,2026-10-14 00:00:00,2026-10-04 00:00:00,P1D,fcre,1.6,ensemble,103,Chla_ugL_mean,8.29947382204214
vera4cast,chlorocast_ens3,2026-10-15 00:00:00,2026-10-04 00:00:00,P1D,fcre,1.6,ensemble,103,Chla_ugL_mean,8.30462290312552
vera4cast,chlorocast_ens3,2026-10-16 00:00:00,2026-10-04 00:00:00,P1D,fcre,1.6,ensemble,103,Chla_ugL_mean,8.30741543213059
vera4cast,chlorocast_ens3,2026-10-17 00:00:00,2026-10-04 00:00:00,P1D,fcre,1.6,ensemble,103,Chla_ugL_mean,8.25119537710758
vera4cast,chlorocast_ens3,2026-10-18 00:00:00,2026-10-04 00:00:00,P1D,fcre,1.6,ensemble,103,Chla_ugL_mean,8.24556881329676
vera4cast,chlorocast_ens3,2026-10-19 00:00:00,2026-10-04 00:00:00,P1D,fcre,1.6,ensemble,103,Chla_ugL_mean,8.23102433852001
vera4cast,chlorocast_ens3,2026-10-20 00:00:00,2026-10-04 00:00:00,P1D,fcre,1.6,ensemble,103,Chla_ugL_mean,8.23729448040996
vera4cast,chlorocast_ens3,2026-10-21 00:00:00,2026-10-04 00:00:00,P1D,fcre,1.6,ensemble,103,Chla_ugL_mean,8.24261380612217
vera4cast,chlorocast_ens3,2026-10-22 00:00:00,2026-10-04 00:00:00,P1D,fcre,1.6,ensemble,103,Chla_ugL_mean,8.16461251975787
vera4cast,chlorocast_ens3,2026-10-23 00:00:00,2026-10-04 00:00:00,P1D,fcre,1.6,ensemble,103,Chla_ugL_mean,8.11756335797854
vera4cast,chlorocast_ens3,2026-10-24 00:00:00,2026-10-04 00:00:00,P1D,fcre,1.6,ensemble,103,Chla_ugL_mean,8.14049535742746
vera4cast,chlorocast_ens3,2026-10-25 00:00:00,2026-10-04 00:00:00,P1D,fcre,1.6,ensemble,103,Chla_ugL_mean,8.1749616769446
vera4cast,chlorocast_ens3,2026-10-26 00:00:00,2026-10-04 00:00:00,P1D,fcre,1.6,ensemble,103,Chla_ugL_mean,8.25478100225544
vera4cast,chlorocast_ens3,2026-10-27 00:00:00,2026-10-04 00:00:00,P1D,fcre,1.6,ensemble,103,Chla_ugL_mean,8.30213972769506
vera4cast,chlorocast_ens3,2026-10-28 00:00:00,2026-10-04 00:00:00,P1D,fcre,1.6,ensemble,103,Chla_ugL_mean,8.39715995485528
vera4cast,chlorocast_ens3,2026-10-29 00:00:00,2026-10-04 00:00:00,P1D,fcre,1.6,ensemble,103,Chla_ugL_mean,8.44246562136022
vera4cast,chlorocast_ens3,2026-10-30 00:00:00,2026-10-04 00:00:00,P1D,fcre,1.6,ensemble,103,Chla_ugL_mean,8.48088940671864
vera4cast,chlorocast_ens3,2026-10-31 00:00:00,2026-10-04 00:00:00,P1D,fcre,1.6,ensemble,103,Chla_ugL_mean,8.57703427661431
vera4cast,chlorocast_ens3,2026-11-01 00:00:00,2026-10-04 00:00:00,P1D,fcre,1.6,ensemble,103,Chla_ugL_mean,8.6814057717331
vera4cast,chlorocast_ens3,2026-11-02 00:00:00,2026-10-04 00:00:00,P1D,fcre,1.6,ensemble,103,Chla_ugL_mean,8.75842693406238
vera4cast,chlorocast_ens3,2026-11-03 00:00:00,2026-10-04 00:00:00,P1D,fcre,1.6,ensemble,103,Chla_ugL_mean,8.86116058535071
vera4cast,chlorocast_ens3,2026-11-04 00:00:00,2026-10-04 00:00:00,P1D,fcre,1.6,ensemble,103,Chla_ugL_mean,8.93973456920267
vera4cast,chlorocast_ens3,2026-11-05 00:00:00,2026-10-04 00:00:00,P1D,fcre,1.6,ensemble,103,Chla_ugL_mean,9.16900005159709
vera4cast,chlorocast_ens3,2026-11-06 00:00:00,2026-10-04 00:00:00,P1D,fcre,1.6,ensemble,103,Chla_ugL_mean,9.33980823426944
vera4cast,chlorocast_ens3,2026-11-07 00:00:00,2026-10-04 00:00:00,P1D,fcre,1.6,ensemble,103,Chla_ugL_mean,9.58164906985208
vera4cast,chlorocast_ens3,2026-11-08 00:00:00,2026-10-04 00:00:00,P1D,fcre,1.6,ensemble,103,Chla_ugL_mean,9.76393702971675
vera4cast,chlorocast_ens3,2026-10-05 00:00:00,2026-10-04 00:00:00,P1D,fcre,1.6,ensemble,104,Chla_ugL_mean,8.90920345099075
vera4cast,chlorocast_ens3,2026-10-06 00:00:00,2026-10-04 00:00:00,P1D,fcre,1.6,ensemble,104,Chla_ugL_mean,8.87132624024211
vera4cast,chlorocast_ens3,2026-10-07 00:00:00,2026-10-04 00:00:00,P1D,fcre,1.6,ensemble,104,Chla_ugL_mean,8.72410591030274
vera4cast,chlorocast_ens3,2026-10-08 00:00:00,2026-10-04 00:00:00,P1D,fcre,1.6,ensemble,104,Chla_ugL_mean,8.65162838748928
vera4cast,chlorocast_ens3,2026-10-09 00:00:00,2026-10-04 00:00:00,P1D,fcre,1.6,ensemble,104,Chla_ugL_mean,8.62437538780797
vera4cast,chlorocast_ens3,2026-10-10 00:00:00,2026-10-04 00:00:00,P1D,fcre,1.6,ensemble,104,Chla_ugL_mean,8.47183738132457
vera4cast,chlorocast_ens3,2026-10-11 00:00:00,2026-10-04 00:00:00,P1D,fcre,1.6,ensemble,104,Chla_ugL_mean,8.40007920164851
vera4cast,chlorocast_ens3,2026-10-12 00:00:00,2026-10-04 00:00:00,P1D,fcre,1.6,ensemble,104,Chla_ugL_mean,8.32901135750291
vera4cast,chlorocast_ens3,2026-10-13 00:00:00,2026-10-04 00:00:00,P1D,fcre,1.6,ensemble,104,Chla_ugL_mean,8.36077130657909
vera4cast,chlorocast_ens3,2026-10-14 00:00:00,2026-10-04 00:00:00,P1D,fcre,1.6,ensemble,104,Chla_ugL_mean,8.36977167065799
vera4cast,chlorocast_ens3,2026-10-15 00:00:00,2026-10-04 00:00:00,P1D,fcre,1.6,ensemble,104,Chla_ugL_mean,8.3787459977482
vera4cast,chlorocast_ens3,2026-10-16 00:00:00,2026-10-04 00:00:00,P1D,fcre,1.6,ensemble,104,Chla_ugL_mean,8.38211933273394
vera4cast,chlorocast_ens3,2026-10-17 00:00:00,2026-10-04 00:00:00,P1D,fcre,1.6,ensemble,104,Chla_ugL_mean,8.32662283102792
vera4cast,chlorocast_ens3,2026-10-18 00:00:00,2026-10-04 00:00:00,P1D,fcre,1.6,ensemble,104,Chla_ugL_mean,8.31991488913024
vera4cast,chlorocast_ens3,2026-10-19 00:00:00,2026-10-04 00:00:00,P1D,fcre,1.6,ensemble,104,Chla_ugL_mean,8.30638515134407
vera4cast,chlorocast_ens3,2026-10-20 00:00:00,2026-10-04 00:00:00,P1D,fcre,1.6,ensemble,104,Chla_ugL_mean,8.31586555820302
vera4cast,chlorocast_ens3,2026-10-21 00:00:00,2026-10-04 00:00:00,P1D,fcre,1.6,ensemble,104,Chla_ugL_mean,8.31670558385406
vera4cast,chlorocast_ens3,2026-10-22 00:00:00,2026-10-04 00:00:00,P1D,fcre,1.6,ensemble,104,Chla_ugL_mean,8.23673268130306
vera4cast,chlorocast_ens3,2026-10-23 00:00:00,2026-10-04 00:00:00,P1D,fcre,1.6,ensemble,104,Chla_ugL_mean,8.18996022744838
vera4cast,chlorocast_ens3,2026-10-24 00:00:00,2026-10-04 00:00:00,P1D,fcre,1.6,ensemble,104,Chla_ugL_mean,8.21643839588261
vera4cast,chlorocast_ens3,2026-10-25 00:00:00,2026-10-04 00:00:00,P1D,fcre,1.6,ensemble,104,Chla_ugL_mean,8.24824966304843
vera4cast,chlorocast_ens3,2026-10-26 00:00:00,2026-10-04 00:00:00,P1D,fcre,1.6,ensemble,104,Chla_ugL_mean,8.32857206715148
vera4cast,chlorocast_ens3,2026-10-27 00:00:00,2026-10-04 00:00:00,P1D,fcre,1.6,ensemble,104,Chla_ugL_mean,8.37469861767405
vera4cast,chlorocast_ens3,2026-10-28 00:00:00,2026-10-04 00:00:00,P1D,fcre,1.6,ensemble,104,Chla_ugL_mean,8.47277944239168
vera4cast,chlorocast_ens3,2026-10-29 00:00:00,2026-10-04 00:00:00,P1D,fcre,1.6,ensemble,104,Chla_ugL_mean,8.51545263395015
vera4cast,chlorocast_ens3,2026-10-30 00:00:00,2026-10-04 00:00:00,P1D,fcre,1.6,ensemble,104,Chla_ugL_mean,8.55827580793826
vera4cast,chlorocast_ens3,2026-10-31 00:00:00,2026-10-04 00:00:00,P1D,fcre,1.6,ensemble,104,Chla_ugL_mean,8.65430563895398
vera4cast,chlorocast_ens3,2026-11-01 00:00:00,2026-10-04 00:00:00,P1D,fcre,1.6,ensemble,104,Chla_ugL_mean,8.76134440912787
vera4cast,chlorocast_ens3,2026-11-02 00:00:00,2026-10-04 00:00:00,P1D,fcre,1.6,ensemble,104,Chla_ugL_mean,8.83787126505283
vera4cast,chlorocast_ens3,2026-11-03 00:00:00,2026-10-04 00:00:00,P1D,fcre,1.6,ensemble,104,Chla_ugL_mean,8.942651300129
vera4cast,chlorocast_ens3,2026-11-04 00:00:00,2026-10-04 00:00:00,P1D,fcre,1.6,ensemble,104,Chla_ugL_mean,9.01929802827243
vera4cast,chlorocast_ens3,2026-11-05 00:00:00,2026-10-04 00:00:00,P1D,fcre,1.6,ensemble,104,Chla_ugL_mean,9.25335941607183
vera4cast,chlorocast_ens3,2026-11-06 00:00:00,2026-10-04 00:00:00,P1D,fcre,1.6,ensemble,104,Chla_ugL_mean,9.42689333994883
vera4cast,chlorocast_ens3,2026-11-07 00:00:00,2026-10-04 00:00:00,P1D,fcre,1.6,ensemble,104,Chla_ugL_mean,9.66933930779044
vera4cast,chlorocast_ens3,2026-11-08 00:00:00,2026-10-04 00:00:00,P1D,fcre,1.6,ensemble,104,Chla_ugL_mean,9.84908897145734
vera4cast,chlorocast_ens3,2026-10-05 00:00:00,2026-10-04 00:00:00,P1D,fcre,1.6,ensemble,105,Chla_ugL_mean,8.98548002608079
vera4cast,chlorocast_ens3,2026-10-06 00:00:00,2026-10-04 00:00:00,P1D,fcre,1.6,ensemble,105,Chla_ugL_mean,8.95226430605854
vera4cast,chlorocast_ens3,2026-10-07 00:00:00,2026-10-04 00:00:00,P1D,fcre,1.6,ensemble,105,Chla_ugL_mean,8.80040560056589
vera4cast,chlorocast_ens3,2026-10-08 00:00:00,2026-10-04 00:00:00,P1D,fcre,1.6,ensemble,105,Chla_ugL_mean,8.72901076193918
vera4cast,chlorocast_ens3,2026-10-09 00:00:00,2026-10-04 00:00:00,P1D,fcre,1.6,ensemble,105,Chla_ugL_mean,8.70316966376786
vera4cast,chlorocast_ens3,2026-10-10 00:00:00,2026-10-04 00:00:00,P1D,fcre,1.6,ensemble,105,Chla_ugL_mean,8.54690650305901
vera4cast,chlorocast_ens3,2026-10-11 00:00:00,2026-10-04 00:00:00,P1D,fcre,1.6,ensemble,105,Chla_ugL_mean,8.47461964211935
vera4cast,chlorocast_ens3,2026-10-12 00:00:00,2026-10-04 00:00:00,P1D,fcre,1.6,ensemble,105,Chla_ugL_mean,8.40317012696438
vera4cast,chlorocast_ens3,2026-10-13 00:00:00,2026-10-04 00:00:00,P1D,fcre,1.6,ensemble,105,Chla_ugL_mean,8.43607912035301
vera4cast,chlorocast_ens3,2026-10-14 00:00:00,2026-10-04 00:00:00,P1D,fcre,1.6,ensemble,105,Chla_ugL_mean,8.44060092434197
vera4cast,chlorocast_ens3,2026-10-15 00:00:00,2026-10-04 00:00:00,P1D,fcre,1.6,ensemble,105,Chla_ugL_mean,8.45345957660797
vera4cast,chlorocast_ens3,2026-10-16 00:00:00,2026-10-04 00:00:00,P1D,fcre,1.6,ensemble,105,Chla_ugL_mean,8.4574228275862
vera4cast,chlorocast_ens3,2026-10-17 00:00:00,2026-10-04 00:00:00,P1D,fcre,1.6,ensemble,105,Chla_ugL_mean,8.40266526502089
vera4cast,chlorocast_ens3,2026-10-18 00:00:00,2026-10-04 00:00:00,P1D,fcre,1.6,ensemble,105,Chla_ugL_mean,8.39485880151693
vera4cast,chlorocast_ens3,2026-10-19 00:00:00,2026-10-04 00:00:00,P1D,fcre,1.6,ensemble,105,Chla_ugL_mean,8.38236119947693
vera4cast,chlorocast_ens3,2026-10-20 00:00:00,2026-10-04 00:00:00,P1D,fcre,1.6,ensemble,105,Chla_ugL_mean,8.39510495010891
vera4cast,chlorocast_ens3,2026-10-21 00:00:00,2026-10-04 00:00:00,P1D,fcre,1.6,ensemble,105,Chla_ugL_mean,8.39139130520867
vera4cast,chlorocast_ens3,2026-10-22 00:00:00,2026-10-04 00:00:00,P1D,fcre,1.6,ensemble,105,Chla_ugL_mean,8.3094203865049
vera4cast,chlorocast_ens3,2026-10-23 00:00:00,2026-10-04 00:00:00,P1D,fcre,1.6,ensemble,105,Chla_ugL_mean,8.26293195518938
vera4cast,chlorocast_ens3,2026-10-24 00:00:00,2026-10-04 00:00:00,P1D,fcre,1.6,ensemble,105,Chla_ugL_mean,8.29301240069837
vera4cast,chlorocast_ens3,2026-10-25 00:00:00,2026-10-04 00:00:00,P1D,fcre,1.6,ensemble,105,Chla_ugL_mean,8.32212306074265
vera4cast,chlorocast_ens3,2026-10-26 00:00:00,2026-10-04 00:00:00,P1D,fcre,1.6,ensemble,105,Chla_ugL_mean,8.40295148970364
vera4cast,chlorocast_ens3,2026-10-27 00:00:00,2026-10-04 00:00:00,P1D,fcre,1.6,ensemble,105,Chla_ugL_mean,8.4478234841562
vera4cast,chlorocast_ens3,2026-10-28 00:00:00,2026-10-04 00:00:00,P1D,fcre,1.6,ensemble,105,Chla_ugL_mean,8.54900744430079
vera4cast,chlorocast_ens3,2026-10-29 00:00:00,2026-10-04 00:00:00,P1D,fcre,1.6,ensemble,105,Chla_ugL_mean,8.58900381105181
vera4cast,chlorocast_ens3,2026-10-30 00:00:00,2026-10-04 00:00:00,P1D,fcre,1.6,ensemble,105,Chla_ugL_mean,8.63629386456877
vera4cast,chlorocast_ens3,2026-10-31 00:00:00,2026-10-04 00:00:00,P1D,fcre,1.6,ensemble,105,Chla_ugL_mean,8.73220045770671
vera4cast,chlorocast_ens3,2026-11-01 00:00:00,2026-10-04 00:00:00,P1D,fcre,1.6,ensemble,105,Chla_ugL_mean,8.84194309382355
vera4cast,chlorocast_ens3,2026-11-02 00:00:00,2026-10-04 00:00:00,P1D,fcre,1.6,ensemble,105,Chla_ugL_mean,8.91796236029833
vera4cast,chlorocast_ens3,2026-11-03 00:00:00,2026-10-04 00:00:00,P1D,fcre,1.6,ensemble,105,Chla_ugL_mean,9.0248154383383
vera4cast,chlorocast_ens3,2026-11-04 00:00:00,2026-10-04 00:00:00,P1D,fcre,1.6,ensemble,105,Chla_ugL_mean,9.09949835988392
vera4cast,chlorocast_ens3,2026-11-05 00:00:00,2026-10-04 00:00:00,P1D,fcre,1.6,ensemble,105,Chla_ugL_mean,9.33841860376798
vera4cast,chlorocast_ens3,2026-11-06 00:00:00,2026-10-04 00:00:00,P1D,fcre,1.6,ensemble,105,Chla_ugL_mean,9.5147119036827
vera4cast,chlorocast_ens3,2026-11-07 00:00:00,2026-10-04 00:00:00,P1D,fcre,1.6,ensemble,105,Chla_ugL_mean,9.75775623565955
vera4cast,chlorocast_ens3,2026-11-08 00:00:00,2026-10-04 00:00:00,P1D,fcre,1.6,ensemble,105,Chla_ugL_mean,9.93491453783567
vera4cast,chlorocast_ens3,2026-10-05 00:00:00,2026-10-04 00:00:00,P1D,fcre,1.6,ensemble,106,Chla_ugL_mean,9.06234374381415
vera4cast,chlorocast_ens3,2026-10-06 00:00:00,2026-10-04 00:00:00,P1D,fcre,1.6,ensemble,106,Chla_ugL_mean,9.03386600818265
vera4cast,chlorocast_ens3,2026-10-07 00:00:00,2026-10-04 00:00:00,P1D,fcre,1.6,ensemble,106,Chla_ugL_mean,8.8773039723724
vera4cast,chlorocast_ens3,2026-10-08 00:00:00,2026-10-04 00:00:00,P1D,fcre,1.6,ensemble,106,Chla_ugL_mean,8.80701355313483
vera4cast,chlorocast_ens3,2026-10-09 00:00:00,2026-10-04 00:00:00,P1D,fcre,1.6,ensemble,106,Chla_ugL_mean,8.78260902449159
vera4cast,chlorocast_ens3,2026-10-10 00:00:00,2026-10-04 00:00:00,P1D,fcre,1.6,ensemble,106,Chla_ugL_mean,8.62257058570877
vera4cast,chlorocast_ens3,2026-10-11 00:00:00,2026-10-04 00:00:00,P1D,fcre,1.6,ensemble,106,Chla_ugL_mean,8.54975117093597
vera4cast,chlorocast_ens3,2026-10-12 00:00:00,2026-10-04 00:00:00,P1D,fcre,1.6,ensemble,106,Chla_ugL_mean,8.47791840402502
vera4cast,chlorocast_ens3,2026-10-13 00:00:00,2026-10-04 00:00:00,P1D,fcre,1.6,ensemble,106,Chla_ugL_mean,8.51199278877605
vera4cast,chlorocast_ens3,2026-10-14 00:00:00,2026-10-04 00:00:00,P1D,fcre,1.6,ensemble,106,Chla_ugL_mean,8.51196560016362
vera4cast,chlorocast_ens3,2026-10-15 00:00:00,2026-10-04 00:00:00,P1D,fcre,1.6,ensemble,106,Chla_ugL_mean,8.52876834365894
vera4cast,chlorocast_ens3,2026-10-16 00:00:00,2026-10-04 00:00:00,P1D,fcre,1.6,ensemble,106,Chla_ugL_mean,8.53333072919731
vera4cast,chlorocast_ens3,2026-10-17 00:00:00,2026-10-04 00:00:00,P1D,fcre,1.6,ensemble,106,Chla_ugL_mean,8.47932769318243
vera4cast,chlorocast_ens3,2026-10-18 00:00:00,2026-10-04 00:00:00,P1D,fcre,1.6,ensemble,106,Chla_ugL_mean,8.47040535781943
vera4cast,chlorocast_ens3,2026-10-19 00:00:00,2026-10-04 00:00:00,P1D,fcre,1.6,ensemble,106,Chla_ugL_mean,8.45895750561502
vera4cast,chlorocast_ens3,2026-10-20 00:00:00,2026-10-04 00:00:00,P1D,fcre,1.6,ensemble,106,Chla_ugL_mean,8.47501834070986
vera4cast,chlorocast_ens3,2026-10-21 00:00:00,2026-10-04 00:00:00,P1D,fcre,1.6,ensemble,106,Chla_ugL_mean,8.46667573142995
vera4cast,chlorocast_ens3,2026-10-22 00:00:00,2026-10-04 00:00:00,P1D,fcre,1.6,ensemble,106,Chla_ugL_mean,8.38268010160134
vera4cast,chlorocast_ens3,2026-10-23 00:00:00,2026-10-04 00:00:00,P1D,fcre,1.6,ensemble,106,Chla_ugL_mean,8.3364831057916
vera4cast,chlorocast_ens3,2026-10-24 00:00:00,2026-10-04 00:00:00,P1D,fcre,1.6,ensemble,106,Chla_ugL_mean,8.37022261420577
vera4cast,chlorocast_ens3,2026-10-25 00:00:00,2026-10-04 00:00:00,P1D,fcre,1.6,ensemble,106,Chla_ugL_mean,8.39658654619248
vera4cast,chlorocast_ens3,2026-10-26 00:00:00,2026-10-04 00:00:00,P1D,fcre,1.6,ensemble,106,Chla_ugL_mean,8.47792396105893
vera4cast,chlorocast_ens3,2026-10-27 00:00:00,2026-10-04 00:00:00,P1D,fcre,1.6,ensemble,106,Chla_ugL_mean,8.5215187418921
vera4cast,chlorocast_ens3,2026-10-28 00:00:00,2026-10-04 00:00:00,P1D,fcre,1.6,ensemble,106,Chla_ugL_mean,8.62584885733284
vera4cast,chlorocast_ens3,2026-10-29 00:00:00,2026-10-04 00:00:00,P1D,fcre,1.6,ensemble,106,Chla_ugL_mean,8.6631235134629
vera4cast,chlorocast_ens3,2026-10-30 00:00:00,2026-10-04 00:00:00,P1D,fcre,1.6,ensemble,106,Chla_ugL_mean,8.71494873240694
vera4cast,chlorocast_ens3,2026-10-31 00:00:00,2026-10-04 00:00:00,P1D,fcre,1.6,ensemble,106,Chla_ugL_mean,8.81072376316946
vera4cast,chlorocast_ens3,2026-11-01 00:00:00,2026-10-04 00:00:00,P1D,fcre,1.6,ensemble,106,Chla_ugL_mean,8.92320727578091
vera4cast,chlorocast_ens3,2026-11-02 00:00:00,2026-10-04 00:00:00,P1D,fcre,1.6,ensemble,106,Chla_ugL_mean,8.99870548517146
vera4cast,chlorocast_ens3,2026-11-03 00:00:00,2026-10-04 00:00:00,P1D,fcre,1.6,ensemble,106,Chla_ugL_mean,9.10765856501897
vera4cast,chlorocast_ens3,2026-11-04 00:00:00,2026-10-04 00:00:00,P1D,fcre,1.6,ensemble,106,Chla_ugL_mean,9.18034066193808
vera4cast,chlorocast_ens3,2026-11-05 00:00:00,2026-10-04 00:00:00,P1D,fcre,1.6,ensemble,106,Chla_ugL_mean,9.42418342023592
vera4cast,chlorocast_ens3,2026-11-06 00:00:00,2026-10-04 00:00:00,P1D,fcre,1.6,ensemble,106,Chla_ugL_mean,9.60327010288467
vera4cast,chlorocast_ens3,2026-11-07 00:00:00,2026-10-04 00:00:00,P1D,fcre,1.6,ensemble,106,Chla_ugL_mean,9.84690587554655
vera4cast,chlorocast_ens3,2026-11-08 00:00:00,2026-10-04 00:00:00,P1D,fcre,1.6,ensemble,106,Chla_ugL_mean,10.0214190577983
vera4cast,chlorocast_ens3,2026-10-05 00:00:00,2026-10-04 00:00:00,P1D,fcre,1.6,ensemble,107,Chla_ugL_mean,9.13979912374987
vera4cast,chlorocast_ens3,2026-10-06 00:00:00,2026-10-04 00:00:00,P1D,fcre,1.6,ensemble,107,Chla_ugL_mean,9.11613678797441
vera4cast,chlorocast_ens3,2026-10-07 00:00:00,2026-10-04 00:00:00,P1D,fcre,1.6,ensemble,107,Chla_ugL_mean,8.95480572324582
vera4cast,chlorocast_ens3,2026-10-08 00:00:00,2026-10-04 00:00:00,P1D,fcre,1.6,ensemble,107,Chla_ugL_mean,8.88564173529605
vera4cast,chlorocast_ens3,2026-10-09 00:00:00,2026-10-04 00:00:00,P1D,fcre,1.6,ensemble,107,Chla_ugL_mean,8.86269875125557
vera4cast,chlorocast_ens3,2026-10-10 00:00:00,2026-10-04 00:00:00,P1D,fcre,1.6,ensemble,107,Chla_ugL_mean,8.69883434464124
vera4cast,chlorocast_ens3,2026-10-11 00:00:00,2026-10-04 00:00:00,P1D,fcre,1.6,ensemble,107,Chla_ugL_mean,8.6254784752914
vera4cast,chlorocast_ens3,2026-10-12 00:00:00,2026-10-04 00:00:00,P1D,fcre,1.6,ensemble,107,Chla_ugL_mean,8.55326087483608
vera4cast,chlorocast_ens3,2026-10-13 00:00:00,2026-10-04 00:00:00,P1D,fcre,1.6,ensemble,107,Chla_ugL_mean,8.5885171859753
vera4cast,chlorocast_ens3,2026-10-14 00:00:00,2026-10-04 00:00:00,P1D,fcre,1.6,ensemble,107,Chla_ugL_mean,8.58386974555888
vera4cast,chlorocast_ens3,2026-10-15 00:00:00,2026-10-04 00:00:00,P1D,fcre,1.6,ensemble,107,Chla_ugL_mean,8.60467704032813
vera4cast,chlorocast_ens3,2026-10-16 00:00:00,2026-10-04 00:00:00,P1D,fcre,1.6,ensemble,107,Chla_ugL_mean,8.60984788870372
vera4cast,chlorocast_ens3,2026-10-17 00:00:00,2026-10-04 00:00:00,P1D,fcre,1.6,ensemble,107,Chla_ugL_mean,8.5566151704897
vera4cast,chlorocast_ens3,2026-10-18 00:00:00,2026-10-04 00:00:00,P1D,fcre,1.6,ensemble,107,Chla_ugL_mean,8.54655940405762
vera4cast,chlorocast_ens3,2026-10-19 00:00:00,2026-10-04 00:00:00,P1D,fcre,1.6,ensemble,107,Chla_ugL_mean,8.53617913345937
vera4cast,chlorocast_ens3,2026-10-20 00:00:00,2026-10-04 00:00:00,P1D,fcre,1.6,ensemble,107,Chla_ugL_mean,8.55561146294034
vera4cast,chlorocast_ens3,2026-10-21 00:00:00,2026-10-04 00:00:00,P1D,fcre,1.6,ensemble,107,Chla_ugL_mean,8.54256366192948
vera4cast,chlorocast_ens3,2026-10-22 00:00:00,2026-10-04 00:00:00,P1D,fcre,1.6,ensemble,107,Chla_ugL_mean,8.45651632797703
vera4cast,chlorocast_ens3,2026-10-23 00:00:00,2026-10-04 00:00:00,P1D,fcre,1.6,ensemble,107,Chla_ugL_mean,8.41061828008967
vera4cast,chlorocast_ens3,2026-10-24 00:00:00,2026-10-04 00:00:00,P1D,fcre,1.6,ensemble,107,Chla_ugL_mean,8.44807432229134
vera4cast,chlorocast_ens3,2026-10-25 00:00:00,2026-10-04 00:00:00,P1D,fcre,1.6,ensemble,107,Chla_ugL_mean,8.4716448329155
vera4cast,chlorocast_ens3,2026-10-26 00:00:00,2026-10-04 00:00:00,P1D,fcre,1.6,ensemble,107,Chla_ugL_mean,8.55349420976819
vera4cast,chlorocast_ens3,2026-10-27 00:00:00,2026-10-04 00:00:00,P1D,fcre,1.6,ensemble,107,Chla_ugL_mean,8.59578884006843
vera4cast,chlorocast_ens3,2026-10-28 00:00:00,2026-10-04 00:00:00,P1D,fcre,1.6,ensemble,107,Chla_ugL_mean,8.70330861764247
vera4cast,chlorocast_ens3,2026-10-29 00:00:00,2026-10-04 00:00:00,P1D,fcre,1.6,ensemble,107,Chla_ugL_mean,8.73781613568857
vera4cast,chlorocast_ens3,2026-10-30 00:00:00,2026-10-04 00:00:00,P1D,fcre,1.6,ensemble,107,Chla_ugL_mean,8.794245609333
vera4cast,chlorocast_ens3,2026-10-31 00:00:00,2026-10-04 00:00:00,P1D,fcre,1.6,ensemble,107,Chla_ugL_mean,8.88988062622564
vera4cast,chlorocast_ens3,2026-11-01 00:00:00,2026-10-04 00:00:00,P1D,fcre,1.6,ensemble,107,Chla_ugL_mean,9.00514244996067
vera4cast,chlorocast_ens3,2026-11-02 00:00:00,2026-10-04 00:00:00,P1D,fcre,1.6,ensemble,107,Chla_ugL_mean,9.08010594791073
vera4cast,chlorocast_ens3,2026-11-03 00:00:00,2026-10-04 00:00:00,P1D,fcre,1.6,ensemble,107,Chla_ugL_mean,9.19118629119981
vera4cast,chlorocast_ens3,2026-11-04 00:00:00,2026-10-04 00:00:00,P1D,fcre,1.6,ensemble,107,Chla_ugL_mean,9.26183007314247
vera4cast,chlorocast_ens3,2026-11-05 00:00:00,2026-10-04 00:00:00,P1D,fcre,1.6,ensemble,107,Chla_ugL_mean,9.51065971918737
vera4cast,chlorocast_ens3,2026-11-06 00:00:00,2026-10-04 00:00:00,P1D,fcre,1.6,ensemble,107,Chla_ugL_mean,9.69257416699647
vera4cast,chlorocast_ens3,2026-11-07 00:00:00,2026-10-04 00:00:00,P1D,fcre,1.6,ensemble,107,Chla_ugL_mean,9.93679429944369
vera4cast,chlorocast_ens3,2026-11-08 00:00:00,2026-10-04 00:00:00,P1D,fcre,1.6,ensemble,107,Chla_ugL_mean,10.1086079024485
vera4cast,chlorocast_ens3,2026-10-05 00:00:00,2026-10-04 00:00:00,P1D,fcre,1.6,ensemble,108,Chla_ugL_mean,9.2178507202365
vera4cast,chlorocast_ens3,2026-10-06 00:00:00,2026-10-04 00:00:00,P1D,fcre,1.6,ensemble,108,Chla_ugL_mean,9.19908213140913
vera4cast,chlorocast_ens3,2026-10-07 00:00:00,2026-10-04 00:00:00,P1D,fcre,1.6,ensemble,108,Chla_ugL_mean,9.03291558756854
vera4cast,chlorocast_ens3,2026-10-08 00:00:00,2026-10-04 00:00:00,P1D,fcre,1.6,ensemble,108,Chla_ugL_mean,8.96490032252364
vera4cast,chlorocast_ens3,2026-10-09 00:00:00,2026-10-04 00:00:00,P1D,fcre,1.6,ensemble,108,Chla_ugL_mean,8.94344416857379
vera4cast,chlorocast_ens3,2026-10-10 00:00:00,2026-10-04 00:00:00,P1D,fcre,1.6,ensemble,108,Chla_ugL_mean,8.77570253259553
vera4cast,chlorocast_ens3,2026-10-11 00:00:00,2026-10-04 00:00:00,P1D,fcre,1.6,ensemble,108,Chla_ugL_mean,8.70180627954702
vera4cast,chlorocast_ens3,2026-10-12 00:00:00,2026-10-04 00:00:00,P1D,fcre,1.6,ensemble,108,Chla_ugL_mean,8.62920226280025
vera4cast,chlorocast_ens3,2026-10-13 00:00:00,2026-10-04 00:00:00,P1D,fcre,1.6,ensemble,108,Chla_ugL_mean,8.66565722529042
vera4cast,chlorocast_ens3,2026-10-14 00:00:00,2026-10-04 00:00:00,P1D,fcre,1.6,ensemble,108,Chla_ugL_mean,8.65631743855957
vera4cast,chlorocast_ens3,2026-10-15 00:00:00,2026-10-04 00:00:00,P1D,fcre,1.6,ensemble,108,Chla_ugL_mean,8.68119044581406
vera4cast,chlorocast_ens3,2026-10-16 00:00:00,2026-10-04 00:00:00,P1D,fcre,1.6,ensemble,108,Chla_ugL_mean,8.68697919617848
vera4cast,chlorocast_ens3,2026-10-17 00:00:00,2026-10-04 00:00:00,P1D,fcre,1.6,ensemble,108,Chla_ugL_mean,8.63453279313447
vera4cast,chlorocast_ens3,2026-10-18 00:00:00,2026-10-04 00:00:00,P1D,fcre,1.6,ensemble,108,Chla_ugL_mean,8.62332582521952
vera4cast,chlorocast_ens3,2026-10-19 00:00:00,2026-10-04 00:00:00,P1D,fcre,1.6,ensemble,108,Chla_ugL_mean,8.61403118805037
vera4cast,chlorocast_ens3,2026-10-20 00:00:00,2026-10-04 00:00:00,P1D,fcre,1.6,ensemble,108,Chla_ugL_mean,8.63689009849832
vera4cast,chlorocast_ens3,2026-10-21 00:00:00,2026-10-04 00:00:00,P1D,fcre,1.6,ensemble,108,Chla_ugL_mean,8.61905993459249
vera4cast,chlorocast_ens3,2026-10-22 00:00:00,2026-10-04 00:00:00,P1D,fcre,1.6,ensemble,108,Chla_ugL_mean,8.53093360243987
vera4cast,chlorocast_ens3,2026-10-23 00:00:00,2026-10-04 00:00:00,P1D,fcre,1.6,ensemble,108,Chla_ugL_mean,8.48534211545058
vera4cast,chlorocast_ens3,2026-10-24 00:00:00,2026-10-04 00:00:00,P1D,fcre,1.6,ensemble,108,Chla_ugL_mean,8.52657285475893
vera4cast,chlorocast_ens3,2026-10-25 00:00:00,2026-10-04 00:00:00,P1D,fcre,1.6,ensemble,108,Chla_ugL_mean,8.54730267208003
vera4cast,chlorocast_ens3,2026-10-26 00:00:00,2026-10-04 00:00:00,P1D,fcre,1.6,ensemble,108,Chla_ugL_mean,8.62966700208441
vera4cast,chlorocast_ens3,2026-10-27 00:00:00,2026-10-04 00:00:00,P1D,fcre,1.6,ensemble,108,Chla_ugL_mean,8.67063826257658
vera4cast,chlorocast_ens3,2026-10-28 00:00:00,2026-10-04 00:00:00,P1D,fcre,1.6,ensemble,108,Chla_ugL_mean,8.78139170110584
vera4cast,chlorocast_ens3,2026-10-29 00:00:00,2026-10-04 00:00:00,P1D,fcre,1.6,ensemble,108,Chla_ugL_mean,8.81308610620201
vera4cast,chlorocast_ens3,2026-10-30 00:00:00,2026-10-04 00:00:00,P1D,fcre,1.6,ensemble,108,Chla_ugL_mean,8.87418973565413
vera4cast,chlorocast_ens3,2026-10-31 00:00:00,2026-10-04 00:00:00,P1D,fcre,1.6,ensemble,108,Chla_ugL_mean,8.96967615867259
vera4cast,chlorocast_ens3,2026-11-01 00:00:00,2026-10-04 00:00:00,P1D,fcre,1.6,ensemble,108,Chla_ugL_mean,9.087754156695
vera4cast,chlorocast_ens3,2026-11-02 00:00:00,2026-10-04 00:00:00,P1D,fcre,1.6,ensemble,108,Chla_ugL_mean,9.16216909996952
vera4cast,chlorocast_ens3,2026-11-03 00:00:00,2026-10-04 00:00:00,P1D,fcre,1.6,ensemble,108,Chla_ugL_mean,9.27540427427802
vera4cast,chlorocast_ens3,2026-11-04 00:00:00,2026-10-04 00:00:00,P1D,fcre,1.6,ensemble,108,Chla_ugL_mean,9.34397177333787
vera4cast,chlorocast_ens3,2026-11-05 00:00:00,2026-10-04 00:00:00,P1D,fcre,1.6,ensemble,108,Chla_ugL_mean,9.59785340289491
vera4cast,chlorocast_ens3,2026-11-06 00:00:00,2026-10-04 00:00:00,P1D,fcre,1.6,ensemble,108,Chla_ugL_mean,9.78263037792613
vera4cast,chlorocast_ens3,2026-11-07 00:00:00,2026-10-04 00:00:00,P1D,fcre,1.6,ensemble,108,Chla_ugL_mean,10.0274276296619
vera4cast,chlorocast_ens3,2026-11-08 00:00:00,2026-10-04 00:00:00,P1D,fcre,1.6,ensemble,108,Chla_ugL_mean,10.1964864853794
vera4cast,chlorocast_ens3,2026-10-05 00:00:00,2026-10-04 00:00:00,P1D,fcre,1.6,ensemble,109,Chla_ugL_mean,9.2965031226799
vera4cast,chlorocast_ens3,2026-10-06 00:00:00,2026-10-04 00:00:00,P1D,fcre,1.6,ensemble,109,Chla_ugL_mean,9.28270756944336
vera4cast,chlorocast_ens3,2026-10-07 00:00:00,2026-10-04 00:00:00,P1D,fcre,1.6,ensemble,109,Chla_ugL_mean,9.11163833687104
vera4cast,chlorocast_ens3,2026-10-08 00:00:00,2026-10-04 00:00:00,P1D,fcre,1.6,ensemble,109,Chla_ugL_mean,9.04479436911923
vera4cast,chlorocast_ens3,2026-10-09 00:00:00,2026-10-04 00:00:00,P1D,fcre,1.6,ensemble,109,Chla_ugL_mean,9.02485064455174
vera4cast,chlorocast_ens3,2026-10-10 00:00:00,2026-10-04 00:00:00,P1D,fcre,1.6,ensemble,109,Chla_ugL_mean,8.85317993997861
vera4cast,chlorocast_ens3,2026-10-11 00:00:00,2026-10-04 00:00:00,P1D,fcre,1.6,ensemble,109,Chla_ugL_mean,8.77873934552729
vera4cast,chlorocast_ens3,2026-10-12 00:00:00,2026-10-04 00:00:00,P1D,fcre,1.6,ensemble,109,Chla_ugL_mean,8.70574732886779
vera4cast,chlorocast_ens3,2026-10-13 00:00:00,2026-10-04 00:00:00,P1D,fcre,1.6,ensemble,109,Chla_ugL_mean,8.74341785958913
vera4cast,chlorocast_ens3,2026-10-14 00:00:00,2026-10-04 00:00:00,P1D,fcre,1.6,ensemble,109,Chla_ugL_mean,8.72931278802477
vera4cast,chlorocast_ens3,2026-10-15 00:00:00,2026-10-04 00:00:00,P1D,fcre,1.6,ensemble,109,Chla_ugL_mean,8.75831337738759
vera4cast,chlorocast_ens3,2026-10-16 00:00:00,2026-10-04 00:00:00,P1D,fcre,1.6,ensemble,109,Chla_ugL_mean,8.76472958094371
vera4cast,chlorocast_ens3,2026-10-17 00:00:00,2026-10-04 00:00:00,P1D,fcre,1.6,ensemble,109,Chla_ugL_mean,8.71308569885912
vera4cast,chlorocast_ens3,2026-10-18 00:00:00,2026-10-04 00:00:00,P1D,fcre,1.6,ensemble,109,Chla_ugL_mean,8.70070954557462
vera4cast,chlorocast_ens3,2026-10-19 00:00:00,2026-10-04 00:00:00,P1D,fcre,1.6,ensemble,109,Chla_ugL_mean,8.69251881610525
vera4cast,chlorocast_ens3,2026-10-20 00:00:00,2026-10-04 00:00:00,P1D,fcre,1.6,ensemble,109,Chla_ugL_mean,8.71886007826004
vera4cast,chlorocast_ens3,2026-10-21 00:00:00,2026-10-04 00:00:00,P1D,fcre,1.6,ensemble,109,Chla_ugL_mean,8.69616942608628
vera4cast,chlorocast_ens3,2026-10-22 00:00:00,2026-10-04 00:00:00,P1D,fcre,1.6,ensemble,109,Chla_ugL_mean,8.6059364974998
vera4cast,chlorocast_ens3,2026-10-23 00:00:00,2026-10-04 00:00:00,P1D,fcre,1.6,ensemble,109,Chla_ugL_mean,8.56065928606374
vera4cast,chlorocast_ens3,2026-10-24 00:00:00,2026-10-04 00:00:00,P1D,fcre,1.6,ensemble,109,Chla_ugL_mean,8.60572358569462
vera4cast,chlorocast_ens3,2026-10-25 00:00:00,2026-10-04 00:00:00,P1D,fcre,1.6,ensemble,109,Chla_ugL_mean,8.62356485280594
vera4cast,chlorocast_ens3,2026-10-26 00:00:00,2026-10-04 00:00:00,P1D,fcre,1.6,ensemble,109,Chla_ugL_mean,8.70644714226328
vera4cast,chlorocast_ens3,2026-10-27 00:00:00,2026-10-04 00:00:00,P1D,fcre,1.6,ensemble,109,Chla_ugL_mean,8.74607152828337
vera4cast,chlorocast_ens3,2026-10-28 00:00:00,2026-10-04 00:00:00,P1D,fcre,1.6,ensemble,109,Chla_ugL_mean,8.86010312364029
vera4cast,chlorocast_ens3,2026-10-29 00:00:00,2026-10-04 00:00:00,P1D,fcre,1.6,ensemble,109,Chla_ugL_mean,8.88893788770696
vera4cast,chlorocast_ens3,2026-10-30 00:00:00,2026-10-04 00:00:00,P1D,fcre,1.6,ensemble,109,Chla_ugL_mean,8.95478639445078
vera4cast,chlorocast_ens3,2026-10-31 00:00:00,2026-10-04 00:00:00,P1D,fcre,1.6,ensemble,109,Chla_ugL_mean,9.0501155135517
vera4cast,chlorocast_ens3,2026-11-01 00:00:00,2026-10-04 00:00:00,P1D,fcre,1.6,ensemble,109,Chla_ugL_mean,9.17104798206219
vera4cast,chlorocast_ens3,2026-11-02 00:00:00,2026-10-04 00:00:00,P1D,fcre,1.6,ensemble,109,Chla_ugL_mean,9.24490033636796
vera4cast,chlorocast_ens3,2026-11-03 00:00:00,2026-10-04 00:00:00,P1D,fcre,1.6,ensemble,109,Chla_ugL_mean,9.36031821840249
vera4cast,chlorocast_ens3,2026-11-04 00:00:00,2026-10-04 00:00:00,P1D,fcre,1.6,ensemble,109,Chla_ugL_mean,9.42677098382752
vera4cast,chlorocast_ens3,2026-11-05 00:00:00,2026-10-04 00:00:00,P1D,fcre,1.6,ensemble,109,Chla_ugL_mean,9.68577042259482
vera4cast,chlorocast_ens3,2026-11-06 00:00:00,2026-10-04 00:00:00,P1D,fcre,1.6,ensemble,109,Chla_ugL_mean,9.8734450704899
vera4cast,chlorocast_ens3,2026-11-07 00:00:00,2026-10-04 00:00:00,P1D,fcre,1.6,ensemble,109,Chla_ugL_mean,10.1188120392478
vera4cast,chlorocast_ens3,2026-11-08 00:00:00,2026-10-04 00:00:00,P1D,fcre,1.6,ensemble,109,Chla_ugL_mean,10.2850602630102
vera4cast,chlorocast_ens3,2026-10-05 00:00:00,2026-10-04 00:00:00,P1D,fcre,1.6,ensemble,110,Chla_ugL_mean,9.37576095581314
vera4cast,chlorocast_ens3,2026-10-06 00:00:00,2026-10-04 00:00:00,P1D,fcre,1.6,ensemble,110,Chla_ugL_mean,9.3670186783837
vera4cast,chlorocast_ens3,2026-10-07 00:00:00,2026-10-04 00:00:00,P1D,fcre,1.6,ensemble,110,Chla_ugL_mean,9.1909787801234
vera4cast,chlorocast_ens3,2026-10-08 00:00:00,2026-10-04 00:00:00,P1D,fcre,1.6,ensemble,110,Chla_ugL_mean,9.12532896990752
vera4cast,chlorocast_ens3,2026-10-09 00:00:00,2026-10-04 00:00:00,P1D,fcre,1.6,ensemble,110,Chla_ugL_mean,9.10692359124334
vera4cast,chlorocast_ens3,2026-10-10 00:00:00,2026-10-04 00:00:00,P1D,fcre,1.6,ensemble,110,Chla_ugL_mean,8.93127139516386
vera4cast,chlorocast_ens3,2026-10-11 00:00:00,2026-10-04 00:00:00,P1D,fcre,1.6,ensemble,110,Chla_ugL_mean,8.85628247281681
vera4cast,chlorocast_ens3,2026-10-12 00:00:00,2026-10-04 00:00:00,P1D,fcre,1.6,ensemble,110,Chla_ugL_mean,8.78290087183501
vera4cast,chlorocast_ens3,2026-10-13 00:00:00,2026-10-04 00:00:00,P1D,fcre,1.6,ensemble,110,Chla_ugL_mean,8.82180408158514
vera4cast,chlorocast_ens3,2026-10-14 00:00:00,2026-10-04 00:00:00,P1D,fcre,1.6,ensemble,110,Chla_ugL_mean,8.80285993387378
vera4cast,chlorocast_ens3,2026-10-15 00:00:00,2026-10-04 00:00:00,P1D,fcre,1.6,ensemble,110,Chla_ugL_mean,8.83605069069525
vera4cast,chlorocast_ens3,2026-10-16 00:00:00,2026-10-04 00:00:00,P1D,fcre,1.6,ensemble,110,Chla_ugL_mean,8.84310401188564
vera4cast,chlorocast_ens3,2026-10-17 00:00:00,2026-10-04 00:00:00,P1D,fcre,1.6,ensemble,110,Chla_ugL_mean,8.79227906729538
vera4cast,chlorocast_ens3,2026-10-18 00:00:00,2026-10-04 00:00:00,P1D,fcre,1.6,ensemble,110,Chla_ugL_mean,8.77871552898979
vera4cast,chlorocast_ens3,2026-10-19 00:00:00,2026-10-04 00:00:00,P1D,fcre,1.6,ensemble,110,Chla_ugL_mean,8.77164720635833
vera4cast,chlorocast_ens3,2026-10-20 00:00:00,2026-10-04 00:00:00,P1D,fcre,1.6,ensemble,110,Chla_ugL_mean,8.80152728269835
vera4cast,chlorocast_ens3,2026-10-21 00:00:00,2026-10-04 00:00:00,P1D,fcre,1.6,ensemble,110,Chla_ugL_mean,8.77389705217106
vera4cast,chlorocast_ens3,2026-10-22 00:00:00,2026-10-04 00:00:00,P1D,fcre,1.6,ensemble,110,Chla_ugL_mean,8.68152962164978
vera4cast,chlorocast_ens3,2026-10-23 00:00:00,2026-10-04 00:00:00,P1D,fcre,1.6,ensemble,110,Chla_ugL_mean,8.63657450323337
vera4cast,chlorocast_ens3,2026-10-24 00:00:00,2026-10-04 00:00:00,P1D,fcre,1.6,ensemble,110,Chla_ugL_mean,8.68553193383466
vera4cast,chlorocast_ens3,2026-10-25 00:00:00,2026-10-04 00:00:00,P1D,fcre,1.6,ensemble,110,Chla_ugL_mean,8.70043620246771
vera4cast,chlorocast_ens3,2026-10-26 00:00:00,2026-10-04 00:00:00,P1D,fcre,1.6,ensemble,110,Chla_ugL_mean,8.78383947286626
vera4cast,chlorocast_ens3,2026-10-27 00:00:00,2026-10-04 00:00:00,P1D,fcre,1.6,ensemble,110,Chla_ugL_mean,8.82209319130384
vera4cast,chlorocast_ens3,2026-10-28 00:00:00,2026-10-04 00:00:00,P1D,fcre,1.6,ensemble,110,Chla_ugL_mean,8.93944794152651
vera4cast,chlorocast_ens3,2026-10-29 00:00:00,2026-10-04 00:00:00,P1D,fcre,1.6,ensemble,110,Chla_ugL_mean,8.96537597740234
vera4cast,chlorocast_ens3,2026-10-30 00:00:00,2026-10-04 00:00:00,P1D,fcre,1.6,ensemble,110,Chla_ugL_mean,9.03604091192577
vera4cast,chlorocast_ens3,2026-10-31 00:00:00,2026-10-04 00:00:00,P1D,fcre,1.6,ensemble,110,Chla_ugL_mean,9.13120388548115
vera4cast,chlorocast_ens3,2026-11-01 00:00:00,2026-10-04 00:00:00,P1D,fcre,1.6,ensemble,110,Chla_ugL_mean,9.25502955826436
vera4cast,chlorocast_ens3,2026-11-02 00:00:00,2026-10-04 00:00:00,P1D,fcre,1.6,ensemble,110,Chla_ugL_mean,9.32830509604758
vera4cast,chlorocast_ens3,2026-11-03 00:00:00,2026-10-04 00:00:00,P1D,fcre,1.6,ensemble,110,Chla_ugL_mean,9.44593387486005
vera4cast,chlorocast_ens3,2026-11-04 00:00:00,2026-10-04 00:00:00,P1D,fcre,1.6,ensemble,110,Chla_ugL_mean,9.51023296770905
vera4cast,chlorocast_ens3,2026-11-05 00:00:00,2026-10-04 00:00:00,P1D,fcre,1.6,ensemble,110,Chla_ugL_mean,9.7744167788933
vera4cast,chlorocast_ens3,2026-11-06 00:00:00,2026-10-04 00:00:00,P1D,fcre,1.6,ensemble,110,Chla_ugL_mean,9.96502463285782
vera4cast,chlorocast_ens3,2026-11-07 00:00:00,2026-10-04 00:00:00,P1D,fcre,1.6,ensemble,110,Chla_ugL_mean,10.2109537524039
vera4cast,chlorocast_ens3,2026-11-08 00:00:00,2026-10-04 00:00:00,P1D,fcre,1.6,ensemble,110,Chla_ugL_mean,10.3743347349253
vera4cast,chlorocast_ens3,2026-10-05 00:00:00,2026-10-04 00:00:00,P1D,fcre,1.6,ensemble,111,Chla_ugL_mean,9.45562887996836
vera4cast,chlorocast_ens3,2026-10-06 00:00:00,2026-10-04 00:00:00,P1D,fcre,1.6,ensemble,111,Chla_ugL_mean,9.45202108025858
vera4cast,chlorocast_ens3,2026-10-07 00:00:00,2026-10-04 00:00:00,P1D,fcre,1.6,ensemble,111,Chla_ugL_mean,9.27094176402898
vera4cast,chlorocast_ens3,2026-10-08 00:00:00,2026-10-04 00:00:00,P1D,fcre,1.6,ensemble,111,Chla_ugL_mean,9.2065092605612
vera4cast,chlorocast_ens3,2026-10-09 00:00:00,2026-10-04 00:00:00,P1D,fcre,1.6,ensemble,111,Chla_ugL_mean,9.18966846501072
vera4cast,chlorocast_ens3,2026-10-10 00:00:00,2026-10-04 00:00:00,P1D,fcre,1.6,ensemble,111,Chla_ugL_mean,9.00998176479197
vera4cast,chlorocast_ens3,2026-10-11 00:00:00,2026-10-04 00:00:00,P1D,fcre,1.6,ensemble,111,Chla_ugL_mean,8.93444049905981
vera4cast,chlorocast_ens3,2026-10-12 00:00:00,2026-10-04 00:00:00,P1D,fcre,1.6,ensemble,111,Chla_ugL_mean,8.86066772864512
vera4cast,chlorocast_ens3,2026-10-13 00:00:00,2026-10-04 00:00:00,P1D,fcre,1.6,ensemble,111,Chla_ugL_mean,8.9008209241588
vera4cast,chlorocast_ens3,2026-10-14 00:00:00,2026-10-04 00:00:00,P1D,fcre,1.6,ensemble,111,Chla_ugL_mean,8.87696304732095
vera4cast,chlorocast_ens3,2026-10-15 00:00:00,2026-10-04 00:00:00,P1D,fcre,1.6,ensemble,111,Chla_ugL_mean,8.91440728006491
vera4cast,chlorocast_ens3,2026-10-16 00:00:00,2026-10-04 00:00:00,P1D,fcre,1.6,ensemble,111,Chla_ugL_mean,8.92210749777217
vera4cast,chlorocast_ens3,2026-10-17 00:00:00,2026-10-04 00:00:00,P1D,fcre,1.6,ensemble,111,Chla_ugL_mean,8.8721181203059
vera4cast,chlorocast_ens3,2026-10-18 00:00:00,2026-10-04 00:00:00,P1D,fcre,1.6,ensemble,111,Chla_ugL_mean,8.85734877924765
vera4cast,chlorocast_ens3,2026-10-19 00:00:00,2026-10-04 00:00:00,P1D,fcre,1.6,ensemble,111,Chla_ugL_mean,8.85142158990406
vera4cast,chlorocast_ens3,2026-10-20 00:00:00,2026-10-04 00:00:00,P1D,fcre,1.6,ensemble,111,Chla_ugL_mean,8.8848976423045
vera4cast,chlorocast_ens3,2026-10-21 00:00:00,2026-10-04 00:00:00,P1D,fcre,1.6,ensemble,111,Chla_ugL_mean,8.85224776801338
vera4cast,chlorocast_ens3,2026-10-22 00:00:00,2026-10-04 00:00:00,P1D,fcre,1.6,ensemble,111,Chla_ugL_mean,8.75771761964889
vera4cast,chlorocast_ens3,2026-10-23 00:00:00,2026-10-04 00:00:00,P1D,fcre,1.6,ensemble,111,Chla_ugL_mean,8.71309251567324
vera4cast,chlorocast_ens3,2026-10-24 00:00:00,2026-10-04 00:00:00,P1D,fcre,1.6,ensemble,111,Chla_ugL_mean,8.76600336293637
vera4cast,chlorocast_ens3,2026-10-25 00:00:00,2026-10-04 00:00:00,P1D,fcre,1.6,ensemble,111,Chla_ugL_mean,8.77792158700005
vera4cast,chlorocast_ens3,2026-10-26 00:00:00,2026-10-04 00:00:00,P1D,fcre,1.6,ensemble,111,Chla_ugL_mean,8.86184887506591
vera4cast,chlorocast_ens3,2026-10-27 00:00:00,2026-10-04 00:00:00,P1D,fcre,1.6,ensemble,111,Chla_ugL_mean,8.89870784127618
vera4cast,chlorocast_ens3,2026-10-28 00:00:00,2026-10-04 00:00:00,P1D,fcre,1.6,ensemble,111,Chla_ugL_mean,9.0194312517334
vera4cast,chlorocast_ens3,2026-10-29 00:00:00,2026-10-04 00:00:00,P1D,fcre,1.6,ensemble,111,Chla_ugL_mean,9.04240490724888
vera4cast,chlorocast_ens3,2026-10-30 00:00:00,2026-10-04 00:00:00,P1D,fcre,1.6,ensemble,111,Chla_ugL_mean,9.11795865775629
vera4cast,chlorocast_ens3,2026-10-31 00:00:00,2026-10-04 00:00:00,P1D,fcre,1.6,ensemble,111,Chla_ugL_mean,9.2129465109914
vera4cast,chlorocast_ens3,2026-11-01 00:00:00,2026-10-04 00:00:00,P1D,fcre,1.6,ensemble,111,Chla_ugL_mean,9.33970456400829
vera4cast,chlorocast_ens3,2026-11-02 00:00:00,2026-10-04 00:00:00,P1D,fcre,1.6,ensemble,111,Chla_ugL_mean,9.41238886222885
vera4cast,chlorocast_ens3,2026-11-03 00:00:00,2026-10-04 00:00:00,P1D,fcre,1.6,ensemble,111,Chla_ugL_mean,9.53225704246506
vera4cast,chlorocast_ens3,2026-11-04 00:00:00,2026-10-04 00:00:00,P1D,fcre,1.6,ensemble,111,Chla_ugL_mean,9.594363030209
vera4cast,chlorocast_ens3,2026-11-05 00:00:00,2026-10-04 00:00:00,P1D,fcre,1.6,ensemble,111,Chla_ugL_mean,9.86379852217599
vera4cast,chlorocast_ens3,2026-11-06 00:00:00,2026-10-04 00:00:00,P1D,fcre,1.6,ensemble,111,Chla_ugL_mean,10.0573755070031
vera4cast,chlorocast_ens3,2026-11-07 00:00:00,2026-10-04 00:00:00,P1D,fcre,1.6,ensemble,111,Chla_ugL_mean,10.3038590449131
vera4cast,chlorocast_ens3,2026-11-08 00:00:00,2026-10-04 00:00:00,P1D,fcre,1.6,ensemble,111,Chla_ugL_mean,10.4643154442152
vera4cast,chlorocast_ens3,2026-10-05 00:00:00,2026-10-04 00:00:00,P1D,fcre,1.6,ensemble,112,Chla_ugL_mean,9.53611159135085
vera4cast,chlorocast_ens3,2026-10-06 00:00:00,2026-10-04 00:00:00,P1D,fcre,1.6,ensemble,112,Chla_ugL_mean,9.53772044319321
vera4cast,chlorocast_ens3,2026-10-07 00:00:00,2026-10-04 00:00:00,P1D,fcre,1.6,ensemble,112,Chla_ugL_mean,9.35153217332059
vera4cast,chlorocast_ens3,2026-10-08 00:00:00,2026-10-04 00:00:00,P1D,fcre,1.6,ensemble,112,Chla_ugL_mean,9.28834041792847
vera4cast,chlorocast_ens3,2026-10-09 00:00:00,2026-10-04 00:00:00,P1D,fcre,1.6,ensemble,112,Chla_ugL_mean,9.27309076688695
vera4cast,chlorocast_ens3,2026-10-10 00:00:00,2026-10-04 00:00:00,P1D,fcre,1.6,ensemble,112,Chla_ugL_mean,9.08931595407423
vera4cast,chlorocast_ens3,2026-10-11 00:00:00,2026-10-04 00:00:00,P1D,fcre,1.6,ensemble,112,Chla_ugL_mean,9.01321830026189
vera4cast,chlorocast_ens3,2026-10-12 00:00:00,2026-10-04 00:00:00,P1D,fcre,1.6,ensemble,112,Chla_ugL_mean,8.93905277469146
vera4cast,chlorocast_ens3,2026-10-13 00:00:00,2026-10-04 00:00:00,P1D,fcre,1.6,ensemble,112,Chla_ugL_mean,8.98047346068017
vera4cast,chlorocast_ens3,2026-10-14 00:00:00,2026-10-04 00:00:00,P1D,fcre,1.6,ensemble,112,Chla_ugL_mean,8.95162633111225
vera4cast,chlorocast_ens3,2026-10-15 00:00:00,2026-10-04 00:00:00,P1D,fcre,1.6,ensemble,112,Chla_ugL_mean,8.99338807881401
vera4cast,chlorocast_ens3,2026-10-16 00:00:00,2026-10-04 00:00:00,P1D,fcre,1.6,ensemble,112,Chla_ugL_mean,9.00174508757293
vera4cast,chlorocast_ens3,2026-10-17 00:00:00,2026-10-04 00:00:00,P1D,fcre,1.6,ensemble,112,Chla_ugL_mean,8.95260812232857
vera4cast,chlorocast_ens3,2026-10-18 00:00:00,2026-10-04 00:00:00,P1D,fcre,1.6,ensemble,112,Chla_ugL_mean,8.93661434036759
vera4cast,chlorocast_ens3,2026-10-19 00:00:00,2026-10-04 00:00:00,P1D,fcre,1.6,ensemble,112,Chla_ugL_mean,8.93184724054281
vera4cast,chlorocast_ens3,2026-10-20 00:00:00,2026-10-04 00:00:00,P1D,fcre,1.6,ensemble,112,Chla_ugL_mean,8.96897713801367
vera4cast,chlorocast_ens3,2026-10-21 00:00:00,2026-10-04 00:00:00,P1D,fcre,1.6,ensemble,112,Chla_ugL_mean,8.93122656850201
vera4cast,chlorocast_ens3,2026-10-22 00:00:00,2026-10-04 00:00:00,P1D,fcre,1.6,ensemble,112,Chla_ugL_mean,8.83450517280776
vera4cast,chlorocast_ens3,2026-10-23 00:00:00,2026-10-04 00:00:00,P1D,fcre,1.6,ensemble,112,Chla_ugL_mean,8.79021810980365
vera4cast,chlorocast_ens3,2026-10-24 00:00:00,2026-10-04 00:00:00,P1D,fcre,1.6,ensemble,112,Chla_ugL_mean,8.84714338215228
vera4cast,chlorocast_ens3,2026-10-25 00:00:00,2026-10-04 00:00:00,P1D,fcre,1.6,ensemble,112,Chla_ugL_mean,8.85602591120591
vera4cast,chlorocast_ens3,2026-10-26 00:00:00,2026-10-04 00:00:00,P1D,fcre,1.6,ensemble,112,Chla_ugL_mean,8.94048026895384
vera4cast,chlorocast_ens3,2026-10-27 00:00:00,2026-10-04 00:00:00,P1D,fcre,1.6,ensemble,112,Chla_ugL_mean,8.97592010363889
vera4cast,chlorocast_ens3,2026-10-28 00:00:00,2026-10-04 00:00:00,P1D,fcre,1.6,ensemble,112,Chla_ugL_mean,9.10005819224544
vera4cast,chlorocast_ens3,2026-10-29 00:00:00,2026-10-04 00:00:00,P1D,fcre,1.6,ensemble,112,Chla_ugL_mean,9.12002924423778
vera4cast,chlorocast_ens3,2026-10-30 00:00:00,2026-10-04 00:00:00,P1D,fcre,1.6,ensemble,112,Chla_ugL_mean,9.20054504544876
vera4cast,chlorocast_ens3,2026-10-31 00:00:00,2026-10-04 00:00:00,P1D,fcre,1.6,ensemble,112,Chla_ugL_mean,9.29534866886333
vera4cast,chlorocast_ens3,2026-11-01 00:00:00,2026-10-04 00:00:00,P1D,fcre,1.6,ensemble,112,Chla_ugL_mean,9.42507872488941
vera4cast,chlorocast_ens3,2026-11-02 00:00:00,2026-10-04 00:00:00,P1D,fcre,1.6,ensemble,112,Chla_ugL_mean,9.49715716277171
vera4cast,chlorocast_ens3,2026-11-03 00:00:00,2026-10-04 00:00:00,P1D,fcre,1.6,ensemble,112,Chla_ugL_mean,9.61929356795215
vera4cast,chlorocast_ens3,2026-11-04 00:00:00,2026-10-04 00:00:00,P1D,fcre,1.6,ensemble,112,Chla_ugL_mean,9.67916651902005
vera4cast,chlorocast_ens3,2026-11-05 00:00:00,2026-10-04 00:00:00,P1D,fcre,1.6,ensemble,112,Chla_ugL_mean,9.95392175302094
vera4cast,chlorocast_ens3,2026-11-06 00:00:00,2026-10-04 00:00:00,P1D,fcre,1.6,ensemble,112,Chla_ugL_mean,10.1505041891553
vera4cast,chlorocast_ens3,2026-11-07 00:00:00,2026-10-04 00:00:00,P1D,fcre,1.6,ensemble,112,Chla_ugL_mean,10.3975342445655
vera4cast,chlorocast_ens3,2026-11-08 00:00:00,2026-10-04 00:00:00,P1D,fcre,1.6,ensemble,112,Chla_ugL_mean,10.5550079778214
vera4cast,chlorocast_ens3,2026-10-05 00:00:00,2026-10-04 00:00:00,P1D,fcre,1.6,ensemble,113,Chla_ugL_mean,9.61721382231517
vera4cast,chlorocast_ens3,2026-10-06 00:00:00,2026-10-04 00:00:00,P1D,fcre,1.6,ensemble,113,Chla_ugL_mean,9.62412248178751
vera4cast,chlorocast_ens3,2026-10-07 00:00:00,2026-10-04 00:00:00,P1D,fcre,1.6,ensemble,113,Chla_ugL_mean,9.43275493105882
vera4cast,chlorocast_ens3,2026-10-08 00:00:00,2026-10-04 00:00:00,P1D,fcre,1.6,ensemble,113,Chla_ugL_mean,9.37082766036314
vera4cast,chlorocast_ens3,2026-10-09 00:00:00,2026-10-04 00:00:00,P1D,fcre,1.6,ensemble,113,Chla_ugL_mean,9.3571960429418
vera4cast,chlorocast_ens3,2026-10-10 00:00:00,2026-10-04 00:00:00,P1D,fcre,1.6,ensemble,113,Chla_ugL_mean,9.16927890709822
vera4cast,chlorocast_ens3,2026-10-11 00:00:00,2026-10-04 00:00:00,P1D,fcre,1.6,ensemble,113,Chla_ugL_mean,9.09262079109422
vera4cast,chlorocast_ens3,2026-10-12 00:00:00,2026-10-04 00:00:00,P1D,fcre,1.6,ensemble,113,Chla_ugL_mean,9.01806092412317
vera4cast,chlorocast_ens3,2026-10-13 00:00:00,2026-10-04 00:00:00,P1D,fcre,1.6,ensemble,113,Chla_ugL_mean,9.06076680533481
vera4cast,chlorocast_ens3,2026-10-14 00:00:00,2026-10-04 00:00:00,P1D,fcre,1.6,ensemble,113,Chla_ugL_mean,9.0268540197636
vera4cast,chlorocast_ens3,2026-10-15 00:00:00,2026-10-04 00:00:00,P1D,fcre,1.6,ensemble,113,Chla_ugL_mean,9.07299805956006
vera4cast,chlorocast_ens3,2026-10-16 00:00:00,2026-10-04 00:00:00,P1D,fcre,1.6,ensemble,113,Chla_ugL_mean,9.08202187078201
vera4cast,chlorocast_ens3,2026-10-17 00:00:00,2026-10-04 00:00:00,P1D,fcre,1.6,ensemble,113,Chla_ugL_mean,9.03375438072366
vera4cast,chlorocast_ens3,2026-10-18 00:00:00,2026-10-04 00:00:00,P1D,fcre,1.6,ensemble,113,Chla_ugL_mean,9.01651729692928
vera4cast,chlorocast_ens3,2026-10-19 00:00:00,2026-10-04 00:00:00,P1D,fcre,1.6,ensemble,113,Chla_ugL_mean,9.01292947512954
vera4cast,chlorocast_ens3,2026-10-20 00:00:00,2026-10-04 00:00:00,P1D,fcre,1.6,ensemble,113,Chla_ugL_mean,9.05377180163398
vera4cast,chlorocast_ens3,2026-10-21 00:00:00,2026-10-04 00:00:00,P1D,fcre,1.6,ensemble,113,Chla_ugL_mean,9.01083848856634
vera4cast,chlorocast_ens3,2026-10-22 00:00:00,2026-10-04 00:00:00,P1D,fcre,1.6,ensemble,113,Chla_ugL_mean,8.91189699927623
vera4cast,chlorocast_ens3,2026-10-23 00:00:00,2026-10-04 00:00:00,P1D,fcre,1.6,ensemble,113,Chla_ugL_mean,8.86795611005089
vera4cast,chlorocast_ens3,2026-10-24 00:00:00,2026-10-04 00:00:00,P1D,fcre,1.6,ensemble,113,Chla_ugL_mean,8.92895754640723
vera4cast,chlorocast_ens3,2026-10-25 00:00:00,2026-10-04 00:00:00,P1D,fcre,1.6,ensemble,113,Chla_ugL_mean,8.93475411906693
vera4cast,chlorocast_ens3,2026-10-26 00:00:00,2026-10-04 00:00:00,P1D,fcre,1.6,ensemble,113,Chla_ugL_mean,9.01973861385097
vera4cast,chlorocast_ens3,2026-10-27 00:00:00,2026-10-04 00:00:00,P1D,fcre,1.6,ensemble,113,Chla_ugL_mean,9.05373463990994
vera4cast,chlorocast_ens3,2026-10-28 00:00:00,2026-10-04 00:00:00,P1D,fcre,1.6,ensemble,113,Chla_ugL_mean,9.18133394239278
vera4cast,chlorocast_ens3,2026-10-29 00:00:00,2026-10-04 00:00:00,P1D,fcre,1.6,ensemble,113,Chla_ugL_mean,9.19825359066153
vera4cast,chlorocast_ens3,2026-10-30 00:00:00,2026-10-04 00:00:00,P1D,fcre,1.6,ensemble,113,Chla_ugL_mean,9.28380553269657
vera4cast,chlorocast_ens3,2026-10-31 00:00:00,2026-10-04 00:00:00,P1D,fcre,1.6,ensemble,113,Chla_ugL_mean,9.37841568046916
vera4cast,chlorocast_ens3,2026-11-01 00:00:00,2026-10-04 00:00:00,P1D,fcre,1.6,ensemble,113,Chla_ugL_mean,9.51115781377897
vera4cast,chlorocast_ens3,2026-11-02 00:00:00,2026-10-04 00:00:00,P1D,fcre,1.6,ensemble,113,Chla_ugL_mean,9.58261557053896
vera4cast,chlorocast_ens3,2026-11-03 00:00:00,2026-10-04 00:00:00,P1D,fcre,1.6,ensemble,113,Chla_ugL_mean,9.70704934637224
vera4cast,chlorocast_ens3,2026-11-04 00:00:00,2026-10-04 00:00:00,P1D,fcre,1.6,ensemble,113,Chla_ugL_mean,9.76464882464095
vera4cast,chlorocast_ens3,2026-11-05 00:00:00,2026-10-04 00:00:00,P1D,fcre,1.6,ensemble,113,Chla_ugL_mean,10.044792622615
vera4cast,chlorocast_ens3,2026-11-06 00:00:00,2026-10-04 00:00:00,P1D,fcre,1.6,ensemble,113,Chla_ugL_mean,10.2444172302573
vera4cast,chlorocast_ens3,2026-11-07 00:00:00,2026-10-04 00:00:00,P1D,fcre,1.6,ensemble,113,Chla_ugL_mean,10.4919857315898
vera4cast,chlorocast_ens3,2026-11-08 00:00:00,2026-10-04 00:00:00,P1D,fcre,1.6,ensemble,113,Chla_ugL_mean,10.6464179668823
vera4cast,chlorocast_ens3,2026-10-05 00:00:00,2026-10-04 00:00:00,P1D,fcre,1.6,ensemble,114,Chla_ugL_mean,9.69894034164341
vera4cast,chlorocast_ens3,2026-10-06 00:00:00,2026-10-04 00:00:00,P1D,fcre,1.6,ensemble,114,Chla_ugL_mean,9.71123295749716
vera4cast,chlorocast_ens3,2026-10-07 00:00:00,2026-10-04 00:00:00,P1D,fcre,1.6,ensemble,114,Chla_ugL_mean,9.51461499893279
vera4cast,chlorocast_ens3,2026-10-08 00:00:00,2026-10-04 00:00:00,P1D,fcre,1.6,ensemble,114,Chla_ugL_mean,9.45397624805739
vera4cast,chlorocast_ens3,2026-10-09 00:00:00,2026-10-04 00:00:00,P1D,fcre,1.6,ensemble,114,Chla_ugL_mean,9.44198988465044
vera4cast,chlorocast_ens3,2026-10-10 00:00:00,2026-10-04 00:00:00,P1D,fcre,1.6,ensemble,114,Chla_ugL_mean,9.24987560713592
vera4cast,chlorocast_ens3,2026-10-11 00:00:00,2026-10-04 00:00:00,P1D,fcre,1.6,ensemble,114,Chla_ugL_mean,9.17265292520021
vera4cast,chlorocast_ens3,2026-10-12 00:00:00,2026-10-04 00:00:00,P1D,fcre,1.6,ensemble,114,Chla_ugL_mean,9.09769713015325
vera4cast,chlorocast_ens3,2026-10-13 00:00:00,2026-10-04 00:00:00,P1D,fcre,1.6,ensemble,114,Chla_ugL_mean,9.14170611345213
vera4cast,chlorocast_ens3,2026-10-14 00:00:00,2026-10-04 00:00:00,P1D,fcre,1.6,ensemble,114,Chla_ugL_mean,9.10265037980107
vera4cast,chlorocast_ens3,2026-10-15 00:00:00,2026-10-04 00:00:00,P1D,fcre,1.6,ensemble,114,Chla_ugL_mean,9.15324223453378
vera4cast,chlorocast_ens3,2026-10-16 00:00:00,2026-10-04 00:00:00,P1D,fcre,1.6,ensemble,114,Chla_ugL_mean,9.1629429777432
vera4cast,chlorocast_ens3,2026-10-17 00:00:00,2026-10-04 00:00:00,P1D,fcre,1.6,ensemble,114,Chla_ugL_mean,9.11556224612372
vera4cast,chlorocast_ens3,2026-10-18 00:00:00,2026-10-04 00:00:00,P1D,fcre,1.6,ensemble,114,Chla_ugL_mean,9.09706277439886
vera4cast,chlorocast_ens3,2026-10-19 00:00:00,2026-10-04 00:00:00,P1D,fcre,1.6,ensemble,114,Chla_ugL_mean,9.09467365392526
vera4cast,chlorocast_ens3,2026-10-20 00:00:00,2026-10-04 00:00:00,P1D,fcre,1.6,ensemble,114,Chla_ugL_mean,9.13928771627925
vera4cast,chlorocast_ens3,2026-10-21 00:00:00,2026-10-04 00:00:00,P1D,fcre,1.6,ensemble,114,Chla_ugL_mean,9.0910886034974
vera4cast,chlorocast_ens3,2026-10-22 00:00:00,2026-10-04 00:00:00,P1D,fcre,1.6,ensemble,114,Chla_ugL_mean,8.98989785433321
vera4cast,chlorocast_ens3,2026-10-23 00:00:00,2026-10-04 00:00:00,P1D,fcre,1.6,ensemble,114,Chla_ugL_mean,8.94631137914902
vera4cast,chlorocast_ens3,2026-10-24 00:00:00,2026-10-04 00:00:00,P1D,fcre,1.6,ensemble,114,Chla_ugL_mean,9.01145145677868
vera4cast,chlorocast_ens3,2026-10-25 00:00:00,2026-10-04 00:00:00,P1D,fcre,1.6,ensemble,114,Chla_ugL_mean,9.01411119405643
vera4cast,chlorocast_ens3,2026-10-26 00:00:00,2026-10-04 00:00:00,P1D,fcre,1.6,ensemble,114,Chla_ugL_mean,9.09962890862032
vera4cast,chlorocast_ens3,2026-10-27 00:00:00,2026-10-04 00:00:00,P1D,fcre,1.6,ensemble,114,Chla_ugL_mean,9.13215614796828
vera4cast,chlorocast_ens3,2026-10-28 00:00:00,2026-10-04 00:00:00,P1D,fcre,1.6,ensemble,114,Chla_ugL_mean,9.26326372318393
vera4cast,chlorocast_ens3,2026-10-29 00:00:00,2026-10-04 00:00:00,P1D,fcre,1.6,ensemble,114,Chla_ugL_mean,9.27708258438676
vera4cast,chlorocast_ens3,2026-10-30 00:00:00,2026-10-04 00:00:00,P1D,fcre,1.6,ensemble,114,Chla_ugL_mean,9.36774562174074
vera4cast,chlorocast_ens3,2026-10-31 00:00:00,2026-10-04 00:00:00,P1D,fcre,1.6,ensemble,114,Chla_ugL_mean,9.46215291011608
vera4cast,chlorocast_ens3,2026-11-01 00:00:00,2026-10-04 00:00:00,P1D,fcre,1.6,ensemble,114,Chla_ugL_mean,9.59794765121438
vera4cast,chlorocast_ens3,2026-11-02 00:00:00,2026-10-04 00:00:00,P1D,fcre,1.6,ensemble,114,Chla_ugL_mean,9.66876970376262
vera4cast,chlorocast_ens3,2026-11-03 00:00:00,2026-10-04 00:00:00,P1D,fcre,1.6,ensemble,114,Chla_ugL_mean,9.79553032149179
vera4cast,chlorocast_ens3,2026-11-04 00:00:00,2026-10-04 00:00:00,P1D,fcre,1.6,ensemble,114,Chla_ugL_mean,9.85081538071915
vera4cast,chlorocast_ens3,2026-11-05 00:00:00,2026-10-04 00:00:00,P1D,fcre,1.6,ensemble,114,Chla_ugL_mean,10.1364173331737
vera4cast,chlorocast_ens3,2026-11-06 00:00:00,2026-10-04 00:00:00,P1D,fcre,1.6,ensemble,114,Chla_ugL_mean,10.3391212364258
vera4cast,chlorocast_ens3,2026-11-07 00:00:00,2026-10-04 00:00:00,P1D,fcre,1.6,ensemble,114,Chla_ugL_mean,10.5872199390876
vera4cast,chlorocast_ens3,2026-11-08 00:00:00,2026-10-04 00:00:00,P1D,fcre,1.6,ensemble,114,Chla_ugL_mean,10.7385510870841
vera4cast,chlorocast_ens3,2026-10-05 00:00:00,2026-10-04 00:00:00,P1D,fcre,1.6,ensemble,115,Chla_ugL_mean,9.78129595482558
vera4cast,chlorocast_ens3,2026-10-06 00:00:00,2026-10-04 00:00:00,P1D,fcre,1.6,ensemble,115,Chla_ugL_mean,9.79905767901784
vera4cast,chlorocast_ens3,2026-10-07 00:00:00,2026-10-04 00:00:00,P1D,fcre,1.6,ensemble,115,Chla_ugL_mean,9.59711737756329
vera4cast,chlorocast_ens3,2026-10-08 00:00:00,2026-10-04 00:00:00,P1D,fcre,1.6,ensemble,115,Chla_ugL_mean,9.53779148337727
vera4cast,chlorocast_ens3,2026-10-09 00:00:00,2026-10-04 00:00:00,P1D,fcre,1.6,ensemble,115,Chla_ugL_mean,9.52747792926514
vera4cast,chlorocast_ens3,2026-10-10 00:00:00,2026-10-04 00:00:00,P1D,fcre,1.6,ensemble,115,Chla_ugL_mean,9.33111107695428
vera4cast,chlorocast_ens3,2026-10-11 00:00:00,2026-10-04 00:00:00,P1D,fcre,1.6,ensemble,115,Chla_ugL_mean,9.25331969550448
vera4cast,chlorocast_ens3,2026-10-12 00:00:00,2026-10-04 00:00:00,P1D,fcre,1.6,ensemble,115,Chla_ugL_mean,9.17796638536908
vera4cast,chlorocast_ens3,2026-10-13 00:00:00,2026-10-04 00:00:00,P1D,fcre,1.6,ensemble,115,Chla_ugL_mean,9.22329658183638
vera4cast,chlorocast_ens3,2026-10-14 00:00:00,2026-10-04 00:00:00,P1D,fcre,1.6,ensemble,115,Chla_ugL_mean,9.17901971000283
vera4cast,chlorocast_ens3,2026-10-15 00:00:00,2026-10-04 00:00:00,P1D,fcre,1.6,ensemble,115,Chla_ugL_mean,9.23412565589462
vera4cast,chlorocast_ens3,2026-10-16 00:00:00,2026-10-04 00:00:00,P1D,fcre,1.6,ensemble,115,Chla_ugL_mean,9.24451357997784
vera4cast,chlorocast_ens3,2026-10-17 00:00:00,2026-10-04 00:00:00,P1D,fcre,1.6,ensemble,115,Chla_ugL_mean,9.19803711278645
vera4cast,chlorocast_ens3,2026-10-18 00:00:00,2026-10-04 00:00:00,P1D,fcre,1.6,ensemble,115,Chla_ugL_mean,9.17825593945769
vera4cast,chlorocast_ens3,2026-10-19 00:00:00,2026-10-04 00:00:00,P1D,fcre,1.6,ensemble,115,Chla_ugL_mean,9.17708518095145
vera4cast,chlorocast_ens3,2026-10-20 00:00:00,2026-10-04 00:00:00,P1D,fcre,1.6,ensemble,115,Chla_ugL_mean,9.22553101680534
vera4cast,chlorocast_ens3,2026-10-21 00:00:00,2026-10-04 00:00:00,P1D,fcre,1.6,ensemble,115,Chla_ugL_mean,9.17198202927138
vera4cast,chlorocast_ens3,2026-10-22 00:00:00,2026-10-04 00:00:00,P1D,fcre,1.6,ensemble,115,Chla_ugL_mean,9.0685125306789
vera4cast,chlorocast_ens3,2026-10-23 00:00:00,2026-10-04 00:00:00,P1D,fcre,1.6,ensemble,115,Chla_ugL_mean,9.02528881844398
vera4cast,chlorocast_ens3,2026-10-24 00:00:00,2026-10-04 00:00:00,P1D,fcre,1.6,ensemble,115,Chla_ugL_mean,9.0946307608802
vera4cast,chlorocast_ens3,2026-10-25 00:00:00,2026-10-04 00:00:00,P1D,fcre,1.6,ensemble,115,Chla_ugL_mean,9.09410215945484
vera4cast,chlorocast_ens3,2026-10-26 00:00:00,2026-10-04 00:00:00,P1D,fcre,1.6,ensemble,115,Chla_ugL_mean,9.18015619198232
vera4cast,chlorocast_ens3,2026-10-27 00:00:00,2026-10-04 00:00:00,P1D,fcre,1.6,ensemble,115,Chla_ugL_mean,9.2111893623374
vera4cast,chlorocast_ens3,2026-10-28 00:00:00,2026-10-04 00:00:00,P1D,fcre,1.6,ensemble,115,Chla_ugL_mean,9.34585279764116
vera4cast,chlorocast_ens3,2026-10-29 00:00:00,2026-10-04 00:00:00,P1D,fcre,1.6,ensemble,115,Chla_ugL_mean,9.35652089912921
vera4cast,chlorocast_ens3,2026-10-30 00:00:00,2026-10-04 00:00:00,P1D,fcre,1.6,ensemble,115,Chla_ugL_mean,9.45237085973354
vera4cast,chlorocast_ens3,2026-10-31 00:00:00,2026-10-04 00:00:00,P1D,fcre,1.6,ensemble,115,Chla_ugL_mean,9.54656576539266
vera4cast,chlorocast_ens3,2026-11-01 00:00:00,2026-10-04 00:00:00,P1D,fcre,1.6,ensemble,115,Chla_ugL_mean,9.68545410579278
vera4cast,chlorocast_ens3,2026-11-02 00:00:00,2026-10-04 00:00:00,P1D,fcre,1.6,ensemble,115,Chla_ugL_mean,9.75562522641331
vera4cast,chlorocast_ens3,2026-11-03 00:00:00,2026-10-04 00:00:00,P1D,fcre,1.6,ensemble,115,Chla_ugL_mean,9.88474248619541
vera4cast,chlorocast_ens3,2026-11-04 00:00:00,2026-10-04 00:00:00,P1D,fcre,1.6,ensemble,115,Chla_ugL_mean,9.93767166439621
vera4cast,chlorocast_ens3,2026-11-05 00:00:00,2026-10-04 00:00:00,P1D,fcre,1.6,ensemble,115,Chla_ugL_mean,10.2288021383645
vera4cast,chlorocast_ens3,2026-11-06 00:00:00,2026-10-04 00:00:00,P1D,fcre,1.6,ensemble,115,Chla_ugL_mean,10.4346228694168
vera4cast,chlorocast_ens3,2026-11-07 00:00:00,2026-10-04 00:00:00,P1D,fcre,1.6,ensemble,115,Chla_ugL_mean,10.6832433534718
vera4cast,chlorocast_ens3,2026-11-08 00:00:00,2026-10-04 00:00:00,P1D,fcre,1.6,ensemble,115,Chla_ugL_mean,10.8314130590119
vera4cast,chlorocast_ens3,2026-10-05 00:00:00,2026-10-04 00:00:00,P1D,fcre,1.6,ensemble,116,Chla_ugL_mean,9.86428550434219
vera4cast,chlorocast_ens3,2026-10-06 00:00:00,2026-10-04 00:00:00,P1D,fcre,1.6,ensemble,116,Chla_ugL_mean,9.88760250267249
vera4cast,chlorocast_ens3,2026-10-07 00:00:00,2026-10-04 00:00:00,P1D,fcre,1.6,ensemble,116,Chla_ugL_mean,9.68026710680818
vera4cast,chlorocast_ens3,2026-10-08 00:00:00,2026-10-04 00:00:00,P1D,fcre,1.6,ensemble,116,Chla_ugL_mean,9.62227871120077
vera4cast,chlorocast_ens3,2026-10-09 00:00:00,2026-10-04 00:00:00,P1D,fcre,1.6,ensemble,116,Chla_ugL_mean,9.6136658601901
vera4cast,chlorocast_ens3,2026-10-10 00:00:00,2026-10-04 00:00:00,P1D,fcre,1.6,ensemble,116,Chla_ugL_mean,9.41299037912823
vera4cast,chlorocast_ens3,2026-10-11 00:00:00,2026-10-04 00:00:00,P1D,fcre,1.6,ensemble,116,Chla_ugL_mean,9.33462613452439
vera4cast,chlorocast_ens3,2026-10-12 00:00:00,2026-10-04 00:00:00,P1D,fcre,1.6,ensemble,116,Chla_ugL_mean,9.25887372204545
vera4cast,chlorocast_ens3,2026-10-13 00:00:00,2026-10-04 00:00:00,P1D,fcre,1.6,ensemble,116,Chla_ugL_mean,9.30554344910034
vera4cast,chlorocast_ens3,2026-10-14 00:00:00,2026-10-04 00:00:00,P1D,fcre,1.6,ensemble,116,Chla_ugL_mean,9.25596634164294
vera4cast,chlorocast_ens3,2026-10-15 00:00:00,2026-10-04 00:00:00,P1D,fcre,1.6,ensemble,116,Chla_ugL_mean,9.31565341604893
vera4cast,chlorocast_ens3,2026-10-16 00:00:00,2026-10-04 00:00:00,P1D,fcre,1.6,ensemble,116,Chla_ugL_mean,9.32673889051532
vera4cast,chlorocast_ens3,2026-10-17 00:00:00,2026-10-04 00:00:00,P1D,fcre,1.6,ensemble,116,Chla_ugL_mean,9.28118441895038
vera4cast,chlorocast_ens3,2026-10-18 00:00:00,2026-10-04 00:00:00,P1D,fcre,1.6,ensemble,116,Chla_ugL_mean,9.26010200033381
vera4cast,chlorocast_ens3,2026-10-19 00:00:00,2026-10-04 00:00:00,P1D,fcre,1.6,ensemble,116,Chla_ugL_mean,9.26016950434726
vera4cast,chlorocast_ens3,2026-10-20 00:00:00,2026-10-04 00:00:00,P1D,fcre,1.6,ensemble,116,Chla_ugL_mean,9.31250789025034
vera4cast,chlorocast_ens3,2026-10-21 00:00:00,2026-10-04 00:00:00,P1D,fcre,1.6,ensemble,116,Chla_ugL_mean,9.2535239228758
vera4cast,chlorocast_ens3,2026-10-22 00:00:00,2026-10-04 00:00:00,P1D,fcre,1.6,ensemble,116,Chla_ugL_mean,9.14774585872924
vera4cast,chlorocast_ens3,2026-10-23 00:00:00,2026-10-04 00:00:00,P1D,fcre,1.6,ensemble,116,Chla_ugL_mean,9.10489336820028
vera4cast,chlorocast_ens3,2026-10-24 00:00:00,2026-10-04 00:00:00,P1D,fcre,1.6,ensemble,116,Chla_ugL_mean,9.17850115324807
vera4cast,chlorocast_ens3,2026-10-25 00:00:00,2026-10-04 00:00:00,P1D,fcre,1.6,ensemble,116,Chla_ugL_mean,9.17473207866766
vera4cast,chlorocast_ens3,2026-10-26 00:00:00,2026-10-04 00:00:00,P1D,fcre,1.6,ensemble,116,Chla_ugL_mean,9.26132554283257
vera4cast,chlorocast_ens3,2026-10-27 00:00:00,2026-10-04 00:00:00,P1D,fcre,1.6,ensemble,116,Chla_ugL_mean,9.29083905447119
vera4cast,chlorocast_ens3,2026-10-28 00:00:00,2026-10-04 00:00:00,P1D,fcre,1.6,ensemble,116,Chla_ugL_mean,9.42910647113859
vera4cast,chlorocast_ens3,2026-10-29 00:00:00,2026-10-04 00:00:00,P1D,fcre,1.6,ensemble,116,Chla_ugL_mean,9.43657324473084
vera4cast,chlorocast_ens3,2026-10-30 00:00:00,2026-10-04 00:00:00,P1D,fcre,1.6,ensemble,116,Chla_ugL_mean,9.53768683910511
vera4cast,chlorocast_ens3,2026-10-31 00:00:00,2026-10-04 00:00:00,P1D,fcre,1.6,ensemble,116,Chla_ugL_mean,9.63165969751805
vera4cast,chlorocast_ens3,2026-11-01 00:00:00,2026-10-04 00:00:00,P1D,fcre,1.6,ensemble,116,Chla_ugL_mean,9.77368309456789
vera4cast,chlorocast_ens3,2026-11-02 00:00:00,2026-10-04 00:00:00,P1D,fcre,1.6,ensemble,116,Chla_ugL_mean,9.84318784857261
vera4cast,chlorocast_ens3,2026-11-03 00:00:00,2026-10-04 00:00:00,P1D,fcre,1.6,ensemble,116,Chla_ugL_mean,9.97469188289173
vera4cast,chlorocast_ens3,2026-11-04 00:00:00,2026-10-04 00:00:00,P1D,fcre,1.6,ensemble,116,Chla_ugL_mean,10.0252231966559
vera4cast,chlorocast_ens3,2026-11-05 00:00:00,2026-10-04 00:00:00,P1D,fcre,1.6,ensemble,116,Chla_ugL_mean,10.3219533437337
vera4cast,chlorocast_ens3,2026-11-06 00:00:00,2026-10-04 00:00:00,P1D,fcre,1.6,ensemble,116,Chla_ugL_mean,10.5309288470931
vera4cast,chlorocast_ens3,2026-11-07 00:00:00,2026-10-04 00:00:00,P1D,fcre,1.6,ensemble,116,Chla_ugL_mean,10.7800625149083
vera4cast,chlorocast_ens3,2026-11-08 00:00:00,2026-10-04 00:00:00,P1D,fcre,1.6,ensemble,116,Chla_ugL_mean,10.9250096485059
vera4cast,chlorocast_ens3,2026-10-05 00:00:00,2026-10-04 00:00:00,P1D,fcre,1.6,ensemble,117,Chla_ugL_mean,9.94791386994899
vera4cast,chlorocast_ens3,2026-10-06 00:00:00,2026-10-04 00:00:00,P1D,fcre,1.6,ensemble,117,Chla_ugL_mean,9.97687333280187
vera4cast,chlorocast_ens3,2026-10-07 00:00:00,2026-10-04 00:00:00,P1D,fcre,1.6,ensemble,117,Chla_ugL_mean,9.76406926607032
vera4cast,chlorocast_ens3,2026-10-08 00:00:00,2026-10-04 00:00:00,P1D,fcre,1.6,ensemble,117,Chla_ugL_mean,9.70744331925869
vera4cast,chlorocast_ens3,2026-10-09 00:00:00,2026-10-04 00:00:00,P1D,fcre,1.6,ensemble,117,Chla_ugL_mean,9.70055940735923
vera4cast,chlorocast_ens3,2026-10-10 00:00:00,2026-10-04 00:00:00,P1D,fcre,1.6,ensemble,117,Chla_ugL_mean,9.49551861635617
vera4cast,chlorocast_ens3,2026-10-11 00:00:00,2026-10-04 00:00:00,P1D,fcre,1.6,ensemble,117,Chla_ugL_mean,9.416577314684
vera4cast,chlorocast_ens3,2026-10-12 00:00:00,2026-10-04 00:00:00,P1D,fcre,1.6,ensemble,117,Chla_ugL_mean,9.34042421246003
vera4cast,chlorocast_ens3,2026-10-13 00:00:00,2026-10-04 00:00:00,P1D,fcre,1.6,ensemble,117,Chla_ugL_mean,9.38845199600164
vera4cast,chlorocast_ens3,2026-10-14 00:00:00,2026-10-04 00:00:00,P1D,fcre,1.6,ensemble,117,Chla_ugL_mean,9.33349463873703
vera4cast,chlorocast_ens3,2026-10-15 00:00:00,2026-10-04 00:00:00,P1D,fcre,1.6,ensemble,117,Chla_ugL_mean,9.39783064797045
vera4cast,chlorocast_ens3,2026-10-16 00:00:00,2026-10-04 00:00:00,P1D,fcre,1.6,ensemble,117,Chla_ugL_mean,9.40962416422628
vera4cast,chlorocast_ens3,2026-10-17 00:00:00,2026-10-04 00:00:00,P1D,fcre,1.6,ensemble,117,Chla_ugL_mean,9.36500964719341
vera4cast,chlorocast_ens3,2026-10-18 00:00:00,2026-10-04 00:00:00,P1D,fcre,1.6,ensemble,117,Chla_ugL_mean,9.342606207136
vera4cast,chlorocast_ens3,2026-10-19 00:00:00,2026-10-04 00:00:00,P1D,fcre,1.6,ensemble,117,Chla_ugL_mean,9.34393211672968
vera4cast,chlorocast_ens3,2026-10-20 00:00:00,2026-10-04 00:00:00,P1D,fcre,1.6,ensemble,117,Chla_ugL_mean,9.40022457627835
vera4cast,chlorocast_ens3,2026-10-21 00:00:00,2026-10-04 00:00:00,P1D,fcre,1.6,ensemble,117,Chla_ugL_mean,9.33571948263824
vera4cast,chlorocast_ens3,2026-10-22 00:00:00,2026-10-04 00:00:00,P1D,fcre,1.6,ensemble,117,Chla_ugL_mean,9.22760270691276
vera4cast,chlorocast_ens3,2026-10-23 00:00:00,2026-10-04 00:00:00,P1D,fcre,1.6,ensemble,117,Chla_ugL_mean,9.18513000790997
vera4cast,chlorocast_ens3,2026-10-24 00:00:00,2026-10-04 00:00:00,P1D,fcre,1.6,ensemble,117,Chla_ugL_mean,9.26306837573112
vera4cast,chlorocast_ens3,2026-10-25 00:00:00,2026-10-04 00:00:00,P1D,fcre,1.6,ensemble,117,Chla_ugL_mean,9.25600605554599
vera4cast,chlorocast_ens3,2026-10-26 00:00:00,2026-10-04 00:00:00,P1D,fcre,1.6,ensemble,117,Chla_ugL_mean,9.3431420805622
vera4cast,chlorocast_ens3,2026-10-27 00:00:00,2026-10-04 00:00:00,P1D,fcre,1.6,ensemble,117,Chla_ugL_mean,9.37111003304205
vera4cast,chlorocast_ens3,2026-10-28 00:00:00,2026-10-04 00:00:00,P1D,fcre,1.6,ensemble,117,Chla_ugL_mean,9.51303009174298
vera4cast,chlorocast_ens3,2026-10-29 00:00:00,2026-10-04 00:00:00,P1D,fcre,1.6,ensemble,117,Chla_ugL_mean,9.51724436743907
vera4cast,chlorocast_ens3,2026-10-30 00:00:00,2026-10-04 00:00:00,P1D,fcre,1.6,ensemble,117,Chla_ugL_mean,9.62369919793295
vera4cast,chlorocast_ens3,2026-10-31 00:00:00,2026-10-04 00:00:00,P1D,fcre,1.6,ensemble,117,Chla_ugL_mean,9.71744020169407
vera4cast,chlorocast_ens3,2026-11-01 00:00:00,2026-10-04 00:00:00,P1D,fcre,1.6,ensemble,117,Chla_ugL_mean,9.86264058345007
vera4cast,chlorocast_ens3,2026-11-02 00:00:00,2026-10-04 00:00:00,P1D,fcre,1.6,ensemble,117,Chla_ugL_mean,9.93146332680842
vera4cast,chlorocast_ens3,2026-11-03 00:00:00,2026-10-04 00:00:00,P1D,fcre,1.6,ensemble,117,Chla_ugL_mean,10.0653846039227
vera4cast,chlorocast_ens3,2026-11-04 00:00:00,2026-10-04 00:00:00,P1D,fcre,1.6,ensemble,117,Chla_ugL_mean,10.1134755426753
vera4cast,chlorocast_ens3,2026-11-05 00:00:00,2026-10-04 00:00:00,P1D,fcre,1.6,ensemble,117,Chla_ugL_mean,10.4158773071365
vera4cast,chlorocast_ens3,2026-11-06 00:00:00,2026-10-04 00:00:00,P1D,fcre,1.6,ensemble,117,Chla_ugL_mean,10.6280459438979
vera4cast,chlorocast_ens3,2026-11-07 00:00:00,2026-10-04 00:00:00,P1D,fcre,1.6,ensemble,117,Chla_ugL_mean,10.8776840177612
vera4cast,chlorocast_ens3,2026-11-08 00:00:00,2026-10-04 00:00:00,P1D,fcre,1.6,ensemble,117,Chla_ugL_mean,11.0193466670189
vera4cast,chlorocast_ens3,2026-10-05 00:00:00,2026-10-04 00:00:00,P1D,fcre,1.6,ensemble,118,Chla_ugL_mean,10.0321859689639
vera4cast,chlorocast_ens3,2026-10-06 00:00:00,2026-10-04 00:00:00,P1D,fcre,1.6,ensemble,118,Chla_ugL_mean,10.0668761221583
vera4cast,chlorocast_ens3,2026-10-07 00:00:00,2026-10-04 00:00:00,P1D,fcre,1.6,ensemble,118,Chla_ugL_mean,9.84852897460785
vera4cast,chlorocast_ens3,2026-10-08 00:00:00,2026-10-04 00:00:00,P1D,fcre,1.6,ensemble,118,Chla_ugL_mean,9.79329073847822
vera4cast,chlorocast_ens3,2026-10-09 00:00:00,2026-10-04 00:00:00,P1D,fcre,1.6,ensemble,118,Chla_ugL_mean,9.78816434761715
vera4cast,chlorocast_ens3,2026-10-10 00:00:00,2026-10-04 00:00:00,P1D,fcre,1.6,ensemble,118,Chla_ugL_mean,9.57870093177798
vera4cast,chlorocast_ens3,2026-10-11 00:00:00,2026-10-04 00:00:00,P1D,fcre,1.6,ensemble,118,Chla_ugL_mean,9.49917834863048
vera4cast,chlorocast_ens3,2026-10-12 00:00:00,2026-10-04 00:00:00,P1D,fcre,1.6,ensemble,118,Chla_ugL_mean,9.42262296921134
vera4cast,chlorocast_ens3,2026-10-13 00:00:00,2026-10-04 00:00:00,P1D,fcre,1.6,ensemble,118,Chla_ugL_mean,9.47202754578185
vera4cast,chlorocast_ens3,2026-10-14 00:00:00,2026-10-04 00:00:00,P1D,fcre,1.6,ensemble,118,Chla_ugL_mean,9.4116089982898
vera4cast,chlorocast_ens3,2026-10-15 00:00:00,2026-10-04 00:00:00,P1D,fcre,1.6,ensemble,118,Chla_ugL_mean,9.48066252552362
vera4cast,chlorocast_ens3,2026-10-16 00:00:00,2026-10-04 00:00:00,P1D,fcre,1.6,ensemble,118,Chla_ugL_mean,9.4931746981584
vera4cast,chlorocast_ens3,2026-10-17 00:00:00,2026-10-04 00:00:00,P1D,fcre,1.6,ensemble,118,Chla_ugL_mean,9.44951832479438
vera4cast,chlorocast_ens3,2026-10-18 00:00:00,2026-10-04 00:00:00,P1D,fcre,1.6,ensemble,118,Chla_ugL_mean,9.42577385219053
vera4cast,chlorocast_ens3,2026-10-19 00:00:00,2026-10-04 00:00:00,P1D,fcre,1.6,ensemble,118,Chla_ugL_mean,9.4283785555567
vera4cast,chlorocast_ens3,2026-10-20 00:00:00,2026-10-04 00:00:00,P1D,fcre,1.6,ensemble,118,Chla_ugL_mean,9.48868736762717
vera4cast,chlorocast_ens3,2026-10-21 00:00:00,2026-10-04 00:00:00,P1D,fcre,1.6,ensemble,118,Chla_ugL_mean,9.41857394855778
vera4cast,chlorocast_ens3,2026-10-22 00:00:00,2026-10-04 00:00:00,P1D,fcre,1.6,ensemble,118,Chla_ugL_mean,9.30808798196965
vera4cast,chlorocast_ens3,2026-10-23 00:00:00,2026-10-04 00:00:00,P1D,fcre,1.6,ensemble,118,Chla_ugL_mean,9.26600375660411
vera4cast,chlorocast_ens3,2026-10-24 00:00:00,2026-10-04 00:00:00,P1D,fcre,1.6,ensemble,118,Chla_ugL_mean,9.34833821788389
vera4cast,chlorocast_ens3,2026-10-25 00:00:00,2026-10-04 00:00:00,P1D,fcre,1.6,ensemble,118,Chla_ugL_mean,9.3379292347096
vera4cast,chlorocast_ens3,2026-10-26 00:00:00,2026-10-04 00:00:00,P1D,fcre,1.6,ensemble,118,Chla_ugL_mean,9.42561096538073
vera4cast,chlorocast_ens3,2026-10-27 00:00:00,2026-10-04 00:00:00,P1D,fcre,1.6,ensemble,118,Chla_ugL_mean,9.4520071442311
vera4cast,chlorocast_ens3,2026-10-28 00:00:00,2026-10-04 00:00:00,P1D,fcre,1.6,ensemble,118,Chla_ugL_mean,9.59762905055729
vera4cast,chlorocast_ens3,2026-10-29 00:00:00,2026-10-04 00:00:00,P1D,fcre,1.6,ensemble,118,Chla_ugL_mean,9.59853905018815
vera4cast,chlorocast_ens3,2026-10-30 00:00:00,2026-10-04 00:00:00,P1D,fcre,1.6,ensemble,118,Chla_ugL_mean,9.7104136203146
vera4cast,chlorocast_ens3,2026-10-31 00:00:00,2026-10-04 00:00:00,P1D,fcre,1.6,ensemble,118,Chla_ugL_mean,9.80391281746001
vera4cast,chlorocast_ens3,2026-11-01 00:00:00,2026-10-04 00:00:00,P1D,fcre,1.6,ensemble,118,Chla_ugL_mean,9.95233258760979
vera4cast,chlorocast_ens3,2026-11-02 00:00:00,2026-10-04 00:00:00,P1D,fcre,1.6,ensemble,118,Chla_ugL_mean,10.0204574645535
vera4cast,chlorocast_ens3,2026-11-03 00:00:00,2026-10-04 00:00:00,P1D,fcre,1.6,ensemble,118,Chla_ugL_mean,10.1568267919761
vera4cast,chlorocast_ens3,2026-11-04 00:00:00,2026-10-04 00:00:00,P1D,fcre,1.6,ensemble,118,Chla_ugL_mean,10.2024343121783
vera4cast,chlorocast_ens3,2026-11-05 00:00:00,2026-10-04 00:00:00,P1D,fcre,1.6,ensemble,118,Chla_ugL_mean,10.5105804391717
vera4cast,chlorocast_ens3,2026-11-06 00:00:00,2026-10-04 00:00:00,P1D,fcre,1.6,ensemble,118,Chla_ugL_mean,10.7259809913307
vera4cast,chlorocast_ens3,2026-11-07 00:00:00,2026-10-04 00:00:00,P1D,fcre,1.6,ensemble,118,Chla_ugL_mean,10.9761145110424
vera4cast,chlorocast_ens3,2026-11-08 00:00:00,2026-10-04 00:00:00,P1D,fcre,1.6,ensemble,118,Chla_ugL_mean,11.1144299719774
vera4cast,chlorocast_ens3,2026-10-05 00:00:00,2026-10-04 00:00:00,P1D,fcre,1.6,ensemble,119,Chla_ugL_mean,10.117106756556
vera4cast,chlorocast_ens3,2026-10-06 00:00:00,2026-10-04 00:00:00,P1D,fcre,1.6,ensemble,119,Chla_ugL_mean,10.1576168723025
vera4cast,chlorocast_ens3,2026-10-07 00:00:00,2026-10-04 00:00:00,P1D,fcre,1.6,ensemble,119,Chla_ugL_mean,9.93365139184689
vera4cast,chlorocast_ens3,2026-10-08 00:00:00,2026-10-04 00:00:00,P1D,fcre,1.6,ensemble,119,Chla_ugL_mean,9.87982644332924
vera4cast,chlorocast_ens3,2026-10-09 00:00:00,2026-10-04 00:00:00,P1D,fcre,1.6,ensemble,119,Chla_ugL_mean,9.8764865051032
vera4cast,chlorocast_ens3,2026-10-10 00:00:00,2026-10-04 00:00:00,P1D,fcre,1.6,ensemble,119,Chla_ugL_mean,9.66254250929553
vera4cast,chlorocast_ens3,2026-10-11 00:00:00,2026-10-04 00:00:00,P1D,fcre,1.6,ensemble,119,Chla_ugL_mean,9.58243438955315
vera4cast,chlorocast_ens3,2026-10-12 00:00:00,2026-10-04 00:00:00,P1D,fcre,1.6,ensemble,119,Chla_ugL_mean,9.50547514553932
vera4cast,chlorocast_ens3,2026-10-13 00:00:00,2026-10-04 00:00:00,P1D,fcre,1.6,ensemble,119,Chla_ugL_mean,9.55627546450825
vera4cast,chlorocast_ens3,2026-10-14 00:00:00,2026-10-04 00:00:00,P1D,fcre,1.6,ensemble,119,Chla_ugL_mean,9.49031385054438
vera4cast,chlorocast_ens3,2026-10-15 00:00:00,2026-10-04 00:00:00,P1D,fcre,1.6,ensemble,119,Chla_ugL_mean,9.56415426378921
vera4cast,chlorocast_ens3,2026-10-16 00:00:00,2026-10-04 00:00:00,P1D,fcre,1.6,ensemble,119,Chla_ugL_mean,9.57739583187494
vera4cast,chlorocast_ens3,2026-10-17 00:00:00,2026-10-04 00:00:00,P1D,fcre,1.6,ensemble,119,Chla_ugL_mean,9.5347160240975
vera4cast,chlorocast_ens3,2026-10-18 00:00:00,2026-10-04 00:00:00,P1D,fcre,1.6,ensemble,119,Chla_ugL_mean,9.50961027038071
vera4cast,chlorocast_ens3,2026-10-19 00:00:00,2026-10-04 00:00:00,P1D,fcre,1.6,ensemble,119,Chla_ugL_mean,9.51351440349335
vera4cast,chlorocast_ens3,2026-10-20 00:00:00,2026-10-04 00:00:00,P1D,fcre,1.6,ensemble,119,Chla_ugL_mean,9.57790261055968
vera4cast,chlorocast_ens3,2026-10-21 00:00:00,2026-10-04 00:00:00,P1D,fcre,1.6,ensemble,119,Chla_ugL_mean,9.50209260263899
vera4cast,chlorocast_ens3,2026-10-22 00:00:00,2026-10-04 00:00:00,P1D,fcre,1.6,ensemble,119,Chla_ugL_mean,9.3892066292533
vera4cast,chlorocast_ens3,2026-10-23 00:00:00,2026-10-04 00:00:00,P1D,fcre,1.6,ensemble,119,Chla_ugL_mean,9.34751967316678
vera4cast,chlorocast_ens3,2026-10-24 00:00:00,2026-10-04 00:00:00,P1D,fcre,1.6,ensemble,119,Chla_ugL_mean,9.43431651736293
vera4cast,chlorocast_ens3,2026-10-25 00:00:00,2026-10-04 00:00:00,P1D,fcre,1.6,ensemble,119,Chla_ugL_mean,9.42050680187259
vera4cast,chlorocast_ens3,2026-10-26 00:00:00,2026-10-04 00:00:00,P1D,fcre,1.6,ensemble,119,Chla_ugL_mean,9.50873739864152
vera4cast,chlorocast_ens3,2026-10-27 00:00:00,2026-10-04 00:00:00,P1D,fcre,1.6,ensemble,119,Chla_ugL_mean,9.53353527202088
vera4cast,chlorocast_ens3,2026-10-28 00:00:00,2026-10-04 00:00:00,P1D,fcre,1.6,ensemble,119,Chla_ugL_mean,9.68290878206701
vera4cast,chlorocast_ens3,2026-10-29 00:00:00,2026-10-04 00:00:00,P1D,fcre,1.6,ensemble,119,Chla_ugL_mean,9.68046211288282
vera4cast,chlorocast_ens3,2026-10-30 00:00:00,2026-10-04 00:00:00,P1D,fcre,1.6,ensemble,119,Chla_ugL_mean,9.7978358367432
vera4cast,chlorocast_ens3,2026-10-31 00:00:00,2026-10-04 00:00:00,P1D,fcre,1.6,ensemble,119,Chla_ugL_mean,9.89108312905038
vera4cast,chlorocast_ens3,2026-11-01 00:00:00,2026-10-04 00:00:00,P1D,fcre,1.6,ensemble,119,Chla_ugL_mean,10.0427651718843
vera4cast,chlorocast_ens3,2026-11-02 00:00:00,2026-10-04 00:00:00,P1D,fcre,1.6,ensemble,119,Chla_ugL_mean,10.1101761124868
vera4cast,chlorocast_ens3,2026-11-03 00:00:00,2026-10-04 00:00:00,P1D,fcre,1.6,ensemble,119,Chla_ugL_mean,10.2490246405018
vera4cast,chlorocast_ens3,2026-11-04 00:00:00,2026-10-04 00:00:00,P1D,fcre,1.6,ensemble,119,Chla_ugL_mean,10.2921051597923
vera4cast,chlorocast_ens3,2026-11-05 00:00:00,2026-10-04 00:00:00,P1D,fcre,1.6,ensemble,119,Chla_ugL_mean,10.6060692036182
vera4cast,chlorocast_ens3,2026-11-06 00:00:00,2026-10-04 00:00:00,P1D,fcre,1.6,ensemble,119,Chla_ugL_mean,10.824740878428
vera4cast,chlorocast_ens3,2026-11-07 00:00:00,2026-10-04 00:00:00,P1D,fcre,1.6,ensemble,119,Chla_ugL_mean,11.0753606988642
vera4cast,chlorocast_ens3,2026-11-08 00:00:00,2026-10-04 00:00:00,P1D,fcre,1.6,ensemble,119,Chla_ugL_mean,11.2102654671449
vera4cast,chlorocast_ens3,2026-10-05 00:00:00,2026-10-04 00:00:00,P1D,fcre,1.6,ensemble,120,Chla_ugL_mean,10.203678755351
vera4cast,chlorocast_ens3,2026-10-06 00:00:00,2026-10-04 00:00:00,P1D,fcre,1.6,ensemble,120,Chla_ugL_mean,10.2490379866272
vera4cast,chlorocast_ens3,2026-10-07 00:00:00,2026-10-04 00:00:00,P1D,fcre,1.6,ensemble,120,Chla_ugL_mean,10.0201211553816
vera4cast,chlorocast_ens3,2026-10-08 00:00:00,2026-10-04 00:00:00,P1D,fcre,1.6,ensemble,120,Chla_ugL_mean,9.96750959127175
vera4cast,chlorocast_ens3,2026-10-09 00:00:00,2026-10-04 00:00:00,P1D,fcre,1.6,ensemble,120,Chla_ugL_mean,9.96596295361906
vera4cast,chlorocast_ens3,2026-10-10 00:00:00,2026-10-04 00:00:00,P1D,fcre,1.6,ensemble,120,Chla_ugL_mean,9.74799226366949
vera4cast,chlorocast_ens3,2026-10-11 00:00:00,2026-10-04 00:00:00,P1D,fcre,1.6,ensemble,120,Chla_ugL_mean,9.66742670601076
vera4cast,chlorocast_ens3,2026-10-12 00:00:00,2026-10-04 00:00:00,P1D,fcre,1.6,ensemble,120,Chla_ugL_mean,9.58968642849712
vera4cast,chlorocast_ens3,2026-10-13 00:00:00,2026-10-04 00:00:00,P1D,fcre,1.6,ensemble,120,Chla_ugL_mean,9.64164049954645
vera4cast,chlorocast_ens3,2026-10-14 00:00:00,2026-10-04 00:00:00,P1D,fcre,1.6,ensemble,120,Chla_ugL_mean,9.5707838710058
vera4cast,chlorocast_ens3,2026-10-15 00:00:00,2026-10-04 00:00:00,P1D,fcre,1.6,ensemble,120,Chla_ugL_mean,9.64893994674822
vera4cast,chlorocast_ens3,2026-10-16 00:00:00,2026-10-04 00:00:00,P1D,fcre,1.6,ensemble,120,Chla_ugL_mean,9.66290312434395
vera4cast,chlorocast_ens3,2026-10-17 00:00:00,2026-10-04 00:00:00,P1D,fcre,1.6,ensemble,120,Chla_ugL_mean,9.62154303487825
vera4cast,chlorocast_ens3,2026-10-18 00:00:00,2026-10-04 00:00:00,P1D,fcre,1.6,ensemble,120,Chla_ugL_mean,9.59495295677862
vera4cast,chlorocast_ens3,2026-10-19 00:00:00,2026-10-04 00:00:00,P1D,fcre,1.6,ensemble,120,Chla_ugL_mean,9.5999726507395
vera4cast,chlorocast_ens3,2026-10-20 00:00:00,2026-10-04 00:00:00,P1D,fcre,1.6,ensemble,120,Chla_ugL_mean,9.66783608243118
vera4cast,chlorocast_ens3,2026-10-21 00:00:00,2026-10-04 00:00:00,P1D,fcre,1.6,ensemble,120,Chla_ugL_mean,9.58666083844871
vera4cast,chlorocast_ens3,2026-10-22 00:00:00,2026-10-04 00:00:00,P1D,fcre,1.6,ensemble,120,Chla_ugL_mean,9.47170323867128
vera4cast,chlorocast_ens3,2026-10-23 00:00:00,2026-10-04 00:00:00,P1D,fcre,1.6,ensemble,120,Chla_ugL_mean,9.43060681310939
vera4cast,chlorocast_ens3,2026-10-24 00:00:00,2026-10-04 00:00:00,P1D,fcre,1.6,ensemble,120,Chla_ugL_mean,9.52158784099221
vera4cast,chlorocast_ens3,2026-10-25 00:00:00,2026-10-04 00:00:00,P1D,fcre,1.6,ensemble,120,Chla_ugL_mean,9.50412185378801
vera4cast,chlorocast_ens3,2026-10-26 00:00:00,2026-10-04 00:00:00,P1D,fcre,1.6,ensemble,120,Chla_ugL_mean,9.59327644851385
vera4cast,chlorocast_ens3,2026-10-27 00:00:00,2026-10-04 00:00:00,P1D,fcre,1.6,ensemble,120,Chla_ugL_mean,9.616894356359
vera4cast,chlorocast_ens3,2026-10-28 00:00:00,2026-10-04 00:00:00,P1D,fcre,1.6,ensemble,120,Chla_ugL_mean,9.76974273264431
vera4cast,chlorocast_ens3,2026-10-29 00:00:00,2026-10-04 00:00:00,P1D,fcre,1.6,ensemble,120,Chla_ugL_mean,9.76404797793032
vera4cast,chlorocast_ens3,2026-10-30 00:00:00,2026-10-04 00:00:00,P1D,fcre,1.6,ensemble,120,Chla_ugL_mean,9.88645328913797
vera4cast,chlorocast_ens3,2026-10-31 00:00:00,2026-10-04 00:00:00,P1D,fcre,1.6,ensemble,120,Chla_ugL_mean,9.97975330801538
vera4cast,chlorocast_ens3,2026-11-01 00:00:00,2026-10-04 00:00:00,P1D,fcre,1.6,ensemble,120,Chla_ugL_mean,10.134366294028
vera4cast,chlorocast_ens3,2026-11-02 00:00:00,2026-10-04 00:00:00,P1D,fcre,1.6,ensemble,120,Chla_ugL_mean,10.201173620019
vera4cast,chlorocast_ens3,2026-11-03 00:00:00,2026-10-04 00:00:00,P1D,fcre,1.6,ensemble,120,Chla_ugL_mean,10.3423223238522
vera4cast,chlorocast_ens3,2026-11-04 00:00:00,2026-10-04 00:00:00,P1D,fcre,1.6,ensemble,120,Chla_ugL_mean,10.3833649219824
vera4cast,chlorocast_ens3,2026-11-05 00:00:00,2026-10-04 00:00:00,P1D,fcre,1.6,ensemble,120,Chla_ugL_mean,10.7022515550157
vera4cast,chlorocast_ens3,2026-11-06 00:00:00,2026-10-04 00:00:00,P1D,fcre,1.6,ensemble,120,Chla_ugL_mean,10.9244073517622
vera4cast,chlorocast_ens3,2026-11-07 00:00:00,2026-10-04 00:00:00,P1D,fcre,1.6,ensemble,120,Chla_ugL_mean,11.175184040956
vera4cast,chlorocast_ens3,2026-11-08 00:00:00,2026-10-04 00:00:00,P1D,fcre,1.6,ensemble,120,Chla_ugL_mean,11.3076500263753
vera4cast,chlorocast_ens3,2026-10-05 00:00:00,2026-10-04 00:00:00,P1D,fcre,1.6,ensemble,121,Chla_ugL_mean,10.2999766196697
vera4cast,chlorocast_ens3,2026-10-06 00:00:00,2026-10-04 00:00:00,P1D,fcre,1.6,ensemble,121,Chla_ugL_mean,10.3406306659588
vera4cast,chlorocast_ens3,2026-10-07 00:00:00,2026-10-04 00:00:00,P1D,fcre,1.6,ensemble,121,Chla_ugL_mean,10.1134399729114
vera4cast,chlorocast_ens3,2026-10-08 00:00:00,2026-10-04 00:00:00,P1D,fcre,1.6,ensemble,121,Chla_ugL_mean,10.0600159059298
vera4cast,chlorocast_ens3,2026-10-09 00:00:00,2026-10-04 00:00:00,P1D,fcre,1.6,ensemble,121,Chla_ugL_mean,10.0600890017632
vera4cast,chlorocast_ens3,2026-10-10 00:00:00,2026-10-04 00:00:00,P1D,fcre,1.6,ensemble,121,Chla_ugL_mean,9.84269184580223
vera4cast,chlorocast_ens3,2026-10-11 00:00:00,2026-10-04 00:00:00,P1D,fcre,1.6,ensemble,121,Chla_ugL_mean,9.76286901247026
vera4cast,chlorocast_ens3,2026-10-12 00:00:00,2026-10-04 00:00:00,P1D,fcre,1.6,ensemble,121,Chla_ugL_mean,9.68092981824641
vera4cast,chlorocast_ens3,2026-10-13 00:00:00,2026-10-04 00:00:00,P1D,fcre,1.6,ensemble,121,Chla_ugL_mean,9.73168269389615
vera4cast,chlorocast_ens3,2026-10-14 00:00:00,2026-10-04 00:00:00,P1D,fcre,1.6,ensemble,121,Chla_ugL_mean,9.66248973962589
vera4cast,chlorocast_ens3,2026-10-15 00:00:00,2026-10-04 00:00:00,P1D,fcre,1.6,ensemble,121,Chla_ugL_mean,9.74011265426097
vera4cast,chlorocast_ens3,2026-10-16 00:00:00,2026-10-04 00:00:00,P1D,fcre,1.6,ensemble,121,Chla_ugL_mean,9.75463922176681
vera4cast,chlorocast_ens3,2026-10-17 00:00:00,2026-10-04 00:00:00,P1D,fcre,1.6,ensemble,121,Chla_ugL_mean,9.71757078581116
vera4cast,chlorocast_ens3,2026-10-18 00:00:00,2026-10-04 00:00:00,P1D,fcre,1.6,ensemble,121,Chla_ugL_mean,9.68854149926147
vera4cast,chlorocast_ens3,2026-10-19 00:00:00,2026-10-04 00:00:00,P1D,fcre,1.6,ensemble,121,Chla_ugL_mean,9.69283626515946
vera4cast,chlorocast_ens3,2026-10-20 00:00:00,2026-10-04 00:00:00,P1D,fcre,1.6,ensemble,121,Chla_ugL_mean,9.7581654625449
vera4cast,chlorocast_ens3,2026-10-21 00:00:00,2026-10-04 00:00:00,P1D,fcre,1.6,ensemble,121,Chla_ugL_mean,9.67535884769643
vera4cast,chlorocast_ens3,2026-10-22 00:00:00,2026-10-04 00:00:00,P1D,fcre,1.6,ensemble,121,Chla_ugL_mean,9.56156659822941
vera4cast,chlorocast_ens3,2026-10-23 00:00:00,2026-10-04 00:00:00,P1D,fcre,1.6,ensemble,121,Chla_ugL_mean,9.5227472086424
vera4cast,chlorocast_ens3,2026-10-24 00:00:00,2026-10-04 00:00:00,P1D,fcre,1.6,ensemble,121,Chla_ugL_mean,9.61484222169875
vera4cast,chlorocast_ens3,2026-10-25 00:00:00,2026-10-04 00:00:00,P1D,fcre,1.6,ensemble,121,Chla_ugL_mean,9.59183657190684
vera4cast,chlorocast_ens3,2026-10-26 00:00:00,2026-10-04 00:00:00,P1D,fcre,1.6,ensemble,121,Chla_ugL_mean,9.6853007099452
vera4cast,chlorocast_ens3,2026-10-27 00:00:00,2026-10-04 00:00:00,P1D,fcre,1.6,ensemble,121,Chla_ugL_mean,9.71175949536929
vera4cast,chlorocast_ens3,2026-10-28 00:00:00,2026-10-04 00:00:00,P1D,fcre,1.6,ensemble,121,Chla_ugL_mean,9.86516087990693
vera4cast,chlorocast_ens3,2026-10-29 00:00:00,2026-10-04 00:00:00,P1D,fcre,1.6,ensemble,121,Chla_ugL_mean,9.85763106220096
vera4cast,chlorocast_ens3,2026-10-30 00:00:00,2026-10-04 00:00:00,P1D,fcre,1.6,ensemble,121,Chla_ugL_mean,9.98016954772139
vera4cast,chlorocast_ens3,2026-10-31 00:00:00,2026-10-04 00:00:00,P1D,fcre,1.6,ensemble,121,Chla_ugL_mean,10.076375267019
vera4cast,chlorocast_ens3,2026-11-01 00:00:00,2026-10-04 00:00:00,P1D,fcre,1.6,ensemble,121,Chla_ugL_mean,10.2305560629493
vera4cast,chlorocast_ens3,2026-11-02 00:00:00,2026-10-04 00:00:00,P1D,fcre,1.6,ensemble,121,Chla_ugL_mean,10.29789414653
vera4cast,chlorocast_ens3,2026-11-03 00:00:00,2026-10-04 00:00:00,P1D,fcre,1.6,ensemble,121,Chla_ugL_mean,10.4394608528657
vera4cast,chlorocast_ens3,2026-11-04 00:00:00,2026-10-04 00:00:00,P1D,fcre,1.6,ensemble,121,Chla_ugL_mean,10.4832688379143
vera4cast,chlorocast_ens3,2026-11-05 00:00:00,2026-10-04 00:00:00,P1D,fcre,1.6,ensemble,121,Chla_ugL_mean,10.7983366138061
vera4cast,chlorocast_ens3,2026-11-06 00:00:00,2026-10-04 00:00:00,P1D,fcre,1.6,ensemble,121,Chla_ugL_mean,11.0255927688737
vera4cast,chlorocast_ens3,2026-11-07 00:00:00,2026-10-04 00:00:00,P1D,fcre,1.6,ensemble,121,Chla_ugL_mean,11.2736068667025
vera4cast,chlorocast_ens3,2026-11-08 00:00:00,2026-10-04 00:00:00,P1D,fcre,1.6,ensemble,121,Chla_ugL_mean,11.4129886783005
vera4cast,chlorocast_ens3,2026-10-05 00:00:00,2026-10-04 00:00:00,P1D,fcre,1.6,ensemble,122,Chla_ugL_mean,10.3971021834321
vera4cast,chlorocast_ens3,2026-10-06 00:00:00,2026-10-04 00:00:00,P1D,fcre,1.6,ensemble,122,Chla_ugL_mean,10.4329691174104
vera4cast,chlorocast_ens3,2026-10-07 00:00:00,2026-10-04 00:00:00,P1D,fcre,1.6,ensemble,122,Chla_ugL_mean,10.2075490178427
vera4cast,chlorocast_ens3,2026-10-08 00:00:00,2026-10-04 00:00:00,P1D,fcre,1.6,ensemble,122,Chla_ugL_mean,10.1533024723104
vera4cast,chlorocast_ens3,2026-10-09 00:00:00,2026-10-04 00:00:00,P1D,fcre,1.6,ensemble,122,Chla_ugL_mean,10.1550229783105
vera4cast,chlorocast_ens3,2026-10-10 00:00:00,2026-10-04 00:00:00,P1D,fcre,1.6,ensemble,122,Chla_ugL_mean,9.93822581733871
vera4cast,chlorocast_ens3,2026-10-11 00:00:00,2026-10-04 00:00:00,P1D,fcre,1.6,ensemble,122,Chla_ugL_mean,9.8591652487587
vera4cast,chlorocast_ens3,2026-10-12 00:00:00,2026-10-04 00:00:00,P1D,fcre,1.6,ensemble,122,Chla_ugL_mean,9.77295938388761
vera4cast,chlorocast_ens3,2026-10-13 00:00:00,2026-10-04 00:00:00,P1D,fcre,1.6,ensemble,122,Chla_ugL_mean,9.82248676295527
vera4cast,chlorocast_ens3,2026-10-14 00:00:00,2026-10-04 00:00:00,P1D,fcre,1.6,ensemble,122,Chla_ugL_mean,9.75499119412135
vera4cast,chlorocast_ens3,2026-10-15 00:00:00,2026-10-04 00:00:00,P1D,fcre,1.6,ensemble,122,Chla_ugL_mean,9.83206595238994
vera4cast,chlorocast_ens3,2026-10-16 00:00:00,2026-10-04 00:00:00,P1D,fcre,1.6,ensemble,122,Chla_ugL_mean,9.847164551866
vera4cast,chlorocast_ens3,2026-10-17 00:00:00,2026-10-04 00:00:00,P1D,fcre,1.6,ensemble,122,Chla_ugL_mean,9.8144667089973
vera4cast,chlorocast_ens3,2026-10-18 00:00:00,2026-10-04 00:00:00,P1D,fcre,1.6,ensemble,122,Chla_ugL_mean,9.78295673869331
vera4cast,chlorocast_ens3,2026-10-19 00:00:00,2026-10-04 00:00:00,P1D,fcre,1.6,ensemble,122,Chla_ugL_mean,9.78651343364858
vera4cast,chlorocast_ens3,2026-10-20 00:00:00,2026-10-04 00:00:00,P1D,fcre,1.6,ensemble,122,Chla_ugL_mean,9.84925970226545
vera4cast,chlorocast_ens3,2026-10-21 00:00:00,2026-10-04 00:00:00,P1D,fcre,1.6,ensemble,122,Chla_ugL_mean,9.76479999370509
vera4cast,chlorocast_ens3,2026-10-22 00:00:00,2026-10-04 00:00:00,P1D,fcre,1.6,ensemble,122,Chla_ugL_mean,9.65220112396816
vera4cast,chlorocast_ens3,2026-10-23 00:00:00,2026-10-04 00:00:00,P1D,fcre,1.6,ensemble,122,Chla_ugL_mean,9.6157015407604
vera4cast,chlorocast_ens3,2026-10-24 00:00:00,2026-10-04 00:00:00,P1D,fcre,1.6,ensemble,122,Chla_ugL_mean,9.70892312969873
vera4cast,chlorocast_ens3,2026-10-25 00:00:00,2026-10-04 00:00:00,P1D,fcre,1.6,ensemble,122,Chla_ugL_mean,9.68028375218498
vera4cast,chlorocast_ens3,2026-10-26 00:00:00,2026-10-04 00:00:00,P1D,fcre,1.6,ensemble,122,Chla_ugL_mean,9.77812439020916
vera4cast,chlorocast_ens3,2026-10-27 00:00:00,2026-10-04 00:00:00,P1D,fcre,1.6,ensemble,122,Chla_ugL_mean,9.80747228288182
vera4cast,chlorocast_ens3,2026-10-28 00:00:00,2026-10-04 00:00:00,P1D,fcre,1.6,ensemble,122,Chla_ugL_mean,9.96142441624273
vera4cast,chlorocast_ens3,2026-10-29 00:00:00,2026-10-04 00:00:00,P1D,fcre,1.6,ensemble,122,Chla_ugL_mean,9.95202776172858
vera4cast,chlorocast_ens3,2026-10-30 00:00:00,2026-10-04 00:00:00,P1D,fcre,1.6,ensemble,122,Chla_ugL_mean,10.0746925646576
vera4cast,chlorocast_ens3,2026-10-31 00:00:00,2026-10-04 00:00:00,P1D,fcre,1.6,ensemble,122,Chla_ugL_mean,10.1738475004049
vera4cast,chlorocast_ens3,2026-11-01 00:00:00,2026-10-04 00:00:00,P1D,fcre,1.6,ensemble,122,Chla_ugL_mean,10.3275768150986
vera4cast,chlorocast_ens3,2026-11-02 00:00:00,2026-10-04 00:00:00,P1D,fcre,1.6,ensemble,122,Chla_ugL_mean,10.3954498409052
vera4cast,chlorocast_ens3,2026-11-03 00:00:00,2026-10-04 00:00:00,P1D,fcre,1.6,ensemble,122,Chla_ugL_mean,10.5374313009121
vera4cast,chlorocast_ens3,2026-11-04 00:00:00,2026-10-04 00:00:00,P1D,fcre,1.6,ensemble,122,Chla_ugL_mean,10.5840495413766
vera4cast,chlorocast_ens3,2026-11-05 00:00:00,2026-10-04 00:00:00,P1D,fcre,1.6,ensemble,122,Chla_ugL_mean,10.8952106095358
vera4cast,chlorocast_ens3,2026-11-06 00:00:00,2026-10-04 00:00:00,P1D,fcre,1.6,ensemble,122,Chla_ugL_mean,11.1276368021272
vera4cast,chlorocast_ens3,2026-11-07 00:00:00,2026-10-04 00:00:00,P1D,fcre,1.6,ensemble,122,Chla_ugL_mean,11.3728253315617
vera4cast,chlorocast_ens3,2026-11-08 00:00:00,2026-10-04 00:00:00,P1D,fcre,1.6,ensemble,122,Chla_ugL_mean,11.5192289021395
vera4cast,chlorocast_ens3,2026-10-05 00:00:00,2026-10-04 00:00:00,P1D,fcre,1.6,ensemble,123,Chla_ugL_mean,10.4950625608807
vera4cast,chlorocast_ens3,2026-10-06 00:00:00,2026-10-04 00:00:00,P1D,fcre,1.6,ensemble,123,Chla_ugL_mean,10.5260594132582
vera4cast,chlorocast_ens3,2026-10-07 00:00:00,2026-10-04 00:00:00,P1D,fcre,1.6,ensemble,123,Chla_ugL_mean,10.3024549818522
vera4cast,chlorocast_ens3,2026-10-08 00:00:00,2026-10-04 00:00:00,P1D,fcre,1.6,ensemble,123,Chla_ugL_mean,10.2473758715077
vera4cast,chlorocast_ens3,2026-10-09 00:00:00,2026-10-04 00:00:00,P1D,fcre,1.6,ensemble,123,Chla_ugL_mean,10.2507718180929
vera4cast,chlorocast_ens3,2026-10-10 00:00:00,2026-10-04 00:00:00,P1D,fcre,1.6,ensemble,123,Chla_ugL_mean,10.034601530008
vera4cast,chlorocast_ens3,2026-10-11 00:00:00,2026-10-04 00:00:00,P1D,fcre,1.6,ensemble,123,Chla_ugL_mean,9.95632305505348
vera4cast,chlorocast_ens3,2026-10-12 00:00:00,2026-10-04 00:00:00,P1D,fcre,1.6,ensemble,123,Chla_ugL_mean,9.86578189930904
vera4cast,chlorocast_ens3,2026-10-13 00:00:00,2026-10-04 00:00:00,P1D,fcre,1.6,ensemble,123,Chla_ugL_mean,9.91405915318012
vera4cast,chlorocast_ens3,2026-10-14 00:00:00,2026-10-04 00:00:00,P1D,fcre,1.6,ensemble,123,Chla_ugL_mean,9.84829513652467
vera4cast,chlorocast_ens3,2026-10-15 00:00:00,2026-10-04 00:00:00,P1D,fcre,1.6,ensemble,123,Chla_ugL_mean,9.92480652429425
vera4cast,chlorocast_ens3,2026-10-16 00:00:00,2026-10-04 00:00:00,P1D,fcre,1.6,ensemble,123,Chla_ugL_mean,9.94048590464279
vera4cast,chlorocast_ens3,2026-10-17 00:00:00,2026-10-04 00:00:00,P1D,fcre,1.6,ensemble,123,Chla_ugL_mean,9.9122386534496
vera4cast,chlorocast_ens3,2026-10-18 00:00:00,2026-10-04 00:00:00,P1D,fcre,1.6,ensemble,123,Chla_ugL_mean,9.87820597754758
vera4cast,chlorocast_ens3,2026-10-19 00:00:00,2026-10-04 00:00:00,P1D,fcre,1.6,ensemble,123,Chla_ugL_mean,9.88101128354334
vera4cast,chlorocast_ens3,2026-10-20 00:00:00,2026-10-04 00:00:00,P1D,fcre,1.6,ensemble,123,Chla_ugL_mean,9.94112527800413
vera4cast,chlorocast_ens3,2026-10-21 00:00:00,2026-10-04 00:00:00,P1D,fcre,1.6,ensemble,123,Chla_ugL_mean,9.85499050268256
vera4cast,chlorocast_ens3,2026-10-22 00:00:00,2026-10-04 00:00:00,P1D,fcre,1.6,ensemble,123,Chla_ugL_mean,9.74361343368236
vera4cast,chlorocast_ens3,2026-10-23 00:00:00,2026-10-04 00:00:00,P1D,fcre,1.6,ensemble,123,Chla_ugL_mean,9.70947699949945
vera4cast,chlorocast_ens3,2026-10-24 00:00:00,2026-10-04 00:00:00,P1D,fcre,1.6,ensemble,123,Chla_ugL_mean,9.80383789062514
vera4cast,chlorocast_ens3,2026-10-25 00:00:00,2026-10-04 00:00:00,P1D,fcre,1.6,ensemble,123,Chla_ugL_mean,9.76946951105107
vera4cast,chlorocast_ens3,2026-10-26 00:00:00,2026-10-04 00:00:00,P1D,fcre,1.6,ensemble,123,Chla_ugL_mean,9.87175443389251
vera4cast,chlorocast_ens3,2026-10-27 00:00:00,2026-10-04 00:00:00,P1D,fcre,1.6,ensemble,123,Chla_ugL_mean,9.90404029289045
vera4cast,chlorocast_ens3,2026-10-28 00:00:00,2026-10-04 00:00:00,P1D,fcre,1.6,ensemble,123,Chla_ugL_mean,10.0585408316597
vera4cast,chlorocast_ens3,2026-10-29 00:00:00,2026-10-04 00:00:00,P1D,fcre,1.6,ensemble,123,Chla_ugL_mean,10.0472451501183
vera4cast,chlorocast_ens3,2026-10-30 00:00:00,2026-10-04 00:00:00,P1D,fcre,1.6,ensemble,123,Chla_ugL_mean,10.1700292849425
vera4cast,chlorocast_ens3,2026-10-31 00:00:00,2026-10-04 00:00:00,P1D,fcre,1.6,ensemble,123,Chla_ugL_mean,10.2721774905977
vera4cast,chlorocast_ens3,2026-11-01 00:00:00,2026-10-04 00:00:00,P1D,fcre,1.6,ensemble,123,Chla_ugL_mean,10.4254357293384
vera4cast,chlorocast_ens3,2026-11-02 00:00:00,2026-10-04 00:00:00,P1D,fcre,1.6,ensemble,123,Chla_ugL_mean,10.4938479146992
vera4cast,chlorocast_ens3,2026-11-03 00:00:00,2026-10-04 00:00:00,P1D,fcre,1.6,ensemble,123,Chla_ugL_mean,10.6362407927573
vera4cast,chlorocast_ens3,2026-11-04 00:00:00,2026-10-04 00:00:00,P1D,fcre,1.6,ensemble,123,Chla_ugL_mean,10.6857147273268
vera4cast,chlorocast_ens3,2026-11-05 00:00:00,2026-10-04 00:00:00,P1D,fcre,1.6,ensemble,123,Chla_ugL_mean,10.9928800200222
vera4cast,chlorocast_ens3,2026-11-06 00:00:00,2026-10-04 00:00:00,P1D,fcre,1.6,ensemble,123,Chla_ugL_mean,11.2305467373718
vera4cast,chlorocast_ens3,2026-11-07 00:00:00,2026-10-04 00:00:00,P1D,fcre,1.6,ensemble,123,Chla_ugL_mean,11.4728458673913
vera4cast,chlorocast_ens3,2026-11-08 00:00:00,2026-10-04 00:00:00,P1D,fcre,1.6,ensemble,123,Chla_ugL_mean,11.6263784142615
vera4cast,chlorocast_ens3,2026-10-05 00:00:00,2026-10-04 00:00:00,P1D,fcre,1.6,ensemble,124,Chla_ugL_mean,10.5938649274064
vera4cast,chlorocast_ens3,2026-10-06 00:00:00,2026-10-04 00:00:00,P1D,fcre,1.6,ensemble,124,Chla_ugL_mean,10.6199076752208
vera4cast,chlorocast_ens3,2026-10-07 00:00:00,2026-10-04 00:00:00,P1D,fcre,1.6,ensemble,124,Chla_ugL_mean,10.3981646132817
vera4cast,chlorocast_ens3,2026-10-08 00:00:00,2026-10-04 00:00:00,P1D,fcre,1.6,ensemble,124,Chla_ugL_mean,10.3422427401243
vera4cast,chlorocast_ens3,2026-10-09 00:00:00,2026-10-04 00:00:00,P1D,fcre,1.6,ensemble,124,Chla_ugL_mean,10.3473425154669
vera4cast,chlorocast_ens3,2026-10-10 00:00:00,2026-10-04 00:00:00,P1D,fcre,1.6,ensemble,124,Chla_ugL_mean,10.1318264003148
vera4cast,chlorocast_ens3,2026-10-11 00:00:00,2026-10-04 00:00:00,P1D,fcre,1.6,ensemble,124,Chla_ugL_mean,10.0543501398893
vera4cast,chlorocast_ens3,2026-10-12 00:00:00,2026-10-04 00:00:00,P1D,fcre,1.6,ensemble,124,Chla_ugL_mean,9.95940419676457
vera4cast,chlorocast_ens3,2026-10-13 00:00:00,2026-10-04 00:00:00,P1D,fcre,1.6,ensemble,124,Chla_ugL_mean,10.0064063655725
vera4cast,chlorocast_ens3,2026-10-14 00:00:00,2026-10-04 00:00:00,P1D,fcre,1.6,ensemble,124,Chla_ugL_mean,9.94240852874631
vera4cast,chlorocast_ens3,2026-10-15 00:00:00,2026-10-04 00:00:00,P1D,fcre,1.6,ensemble,124,Chla_ugL_mean,10.018341110352
vera4cast,chlorocast_ens3,2026-10-16 00:00:00,2026-10-04 00:00:00,P1D,fcre,1.6,ensemble,124,Chla_ugL_mean,10.0346101285148
vera4cast,chlorocast_ens3,2026-10-17 00:00:00,2026-10-04 00:00:00,P1D,fcre,1.6,ensemble,124,Chla_ugL_mean,10.0108945391428
vera4cast,chlorocast_ens3,2026-10-18 00:00:00,2026-10-04 00:00:00,P1D,fcre,1.6,ensemble,124,Chla_ugL_mean,9.97429658280275
vera4cast,chlorocast_ens3,2026-10-19 00:00:00,2026-10-04 00:00:00,P1D,fcre,1.6,ensemble,124,Chla_ugL_mean,9.9763370046209
vera4cast,chlorocast_ens3,2026-10-20 00:00:00,2026-10-04 00:00:00,P1D,fcre,1.6,ensemble,124,Chla_ugL_mean,10.0337687210109
vera4cast,chlorocast_ens3,2026-10-21 00:00:00,2026-10-04 00:00:00,P1D,fcre,1.6,ensemble,124,Chla_ugL_mean,9.94593665300166
vera4cast,chlorocast_ens3,2026-10-22 00:00:00,2026-10-04 00:00:00,P1D,fcre,1.6,ensemble,124,Chla_ugL_mean,9.83581020195777
vera4cast,chlorocast_ens3,2026-10-23 00:00:00,2026-10-04 00:00:00,P1D,fcre,1.6,ensemble,124,Chla_ugL_mean,9.80408083840989
vera4cast,chlorocast_ens3,2026-10-24 00:00:00,2026-10-04 00:00:00,P1D,fcre,1.6,ensemble,124,Chla_ugL_mean,9.89959389503911
vera4cast,chlorocast_ens3,2026-10-25 00:00:00,2026-10-04 00:00:00,P1D,fcre,1.6,ensemble,124,Chla_ugL_mean,9.85940001600903
vera4cast,chlorocast_ens3,2026-10-26 00:00:00,2026-10-04 00:00:00,P1D,fcre,1.6,ensemble,124,Chla_ugL_mean,9.96619784590998
vera4cast,chlorocast_ens3,2026-10-27 00:00:00,2026-10-04 00:00:00,P1D,fcre,1.6,ensemble,124,Chla_ugL_mean,10.001471167065
vera4cast,chlorocast_ens3,2026-10-28 00:00:00,2026-10-04 00:00:00,P1D,fcre,1.6,ensemble,124,Chla_ugL_mean,10.156517682526
vera4cast,chlorocast_ens3,2026-10-29 00:00:00,2026-10-04 00:00:00,P1D,fcre,1.6,ensemble,124,Chla_ugL_mean,10.1432903624735
vera4cast,chlorocast_ens3,2026-10-30 00:00:00,2026-10-04 00:00:00,P1D,fcre,1.6,ensemble,124,Chla_ugL_mean,10.2661867133583
vera4cast,chlorocast_ens3,2026-10-31 00:00:00,2026-10-04 00:00:00,P1D,fcre,1.6,ensemble,124,Chla_ugL_mean,10.3713727858674
vera4cast,chlorocast_ens3,2026-11-01 00:00:00,2026-10-04 00:00:00,P1D,fcre,1.6,ensemble,124,Chla_ugL_mean,10.5241400465495
vera4cast,chlorocast_ens3,2026-11-02 00:00:00,2026-10-04 00:00:00,P1D,fcre,1.6,ensemble,124,Chla_ugL_mean,10.5930956417374
vera4cast,chlorocast_ens3,2026-11-03 00:00:00,2026-10-04 00:00:00,P1D,fcre,1.6,ensemble,124,Chla_ugL_mean,10.7358965141856
vera4cast,chlorocast_ens3,2026-11-04 00:00:00,2026-10-04 00:00:00,P1D,fcre,1.6,ensemble,124,Chla_ugL_mean,10.7882721582555
vera4cast,chlorocast_ens3,2026-11-05 00:00:00,2026-10-04 00:00:00,P1D,fcre,1.6,ensemble,124,Chla_ugL_mean,11.0913513762713
vera4cast,chlorocast_ens3,2026-11-06 00:00:00,2026-10-04 00:00:00,P1D,fcre,1.6,ensemble,124,Chla_ugL_mean,11.3343299222811
vera4cast,chlorocast_ens3,2026-11-07 00:00:00,2026-10-04 00:00:00,P1D,fcre,1.6,ensemble,124,Chla_ugL_mean,11.5736749580432
vera4cast,chlorocast_ens3,2026-11-08 00:00:00,2026-10-04 00:00:00,P1D,fcre,1.6,ensemble,124,Chla_ugL_mean,11.7344449970782
vera4cast,chlorocast_ens3,2026-10-05 00:00:00,2026-10-04 00:00:00,P1D,fcre,1.6,ensemble,125,Chla_ugL_mean,10.6935165200743
vera4cast,chlorocast_ens3,2026-10-06 00:00:00,2026-10-04 00:00:00,P1D,fcre,1.6,ensemble,125,Chla_ugL_mean,10.7145200748611
vera4cast,chlorocast_ens3,2026-10-07 00:00:00,2026-10-04 00:00:00,P1D,fcre,1.6,ensemble,125,Chla_ugL_mean,10.4946847176185
vera4cast,chlorocast_ens3,2026-10-08 00:00:00,2026-10-04 00:00:00,P1D,fcre,1.6,ensemble,125,Chla_ugL_mean,10.4379097707399
vera4cast,chlorocast_ens3,2026-10-09 00:00:00,2026-10-04 00:00:00,P1D,fcre,1.6,ensemble,125,Chla_ugL_mean,10.444742124825
vera4cast,chlorocast_ens3,2026-10-10 00:00:00,2026-10-04 00:00:00,P1D,fcre,1.6,ensemble,125,Chla_ugL_mean,10.2299079101096
vera4cast,chlorocast_ens3,2026-10-11 00:00:00,2026-10-04 00:00:00,P1D,fcre,1.6,ensemble,125,Chla_ugL_mean,10.1532542807696
vera4cast,chlorocast_ens3,2026-10-12 00:00:00,2026-10-04 00:00:00,P1D,fcre,1.6,ensemble,125,Chla_ugL_mean,10.0538331673764
vera4cast,chlorocast_ens3,2026-10-13 00:00:00,2026-10-04 00:00:00,P1D,fcre,1.6,ensemble,125,Chla_ugL_mean,10.0995349561411
vera4cast,chlorocast_ens3,2026-10-14 00:00:00,2026-10-04 00:00:00,P1D,fcre,1.6,ensemble,125,Chla_ugL_mean,10.0373383930941
vera4cast,chlorocast_ens3,2026-10-15 00:00:00,2026-10-04 00:00:00,P1D,fcre,1.6,ensemble,125,Chla_ugL_mean,10.1126765086502
vera4cast,chlorocast_ens3,2026-10-16 00:00:00,2026-10-04 00:00:00,P1D,fcre,1.6,ensemble,125,Chla_ugL_mean,10.1295441308187
vera4cast,chlorocast_ens3,2026-10-17 00:00:00,2026-10-04 00:00:00,P1D,fcre,1.6,ensemble,125,Chla_ugL_mean,10.1104423576548
vera4cast,chlorocast_ens3,2026-10-18 00:00:00,2026-10-04 00:00:00,P1D,fcre,1.6,ensemble,125,Chla_ugL_mean,10.0712359865121
vera4cast,chlorocast_ens3,2026-10-19 00:00:00,2026-10-04 00:00:00,P1D,fcre,1.6,ensemble,125,Chla_ugL_mean,10.0724978496462
vera4cast,chlorocast_ens3,2026-10-20 00:00:00,2026-10-04 00:00:00,P1D,fcre,1.6,ensemble,125,Chla_ugL_mean,10.1271966178389
vera4cast,chlorocast_ens3,2026-10-21 00:00:00,2026-10-04 00:00:00,P1D,fcre,1.6,ensemble,125,Chla_ugL_mean,10.0376447756372
vera4cast,chlorocast_ens3,2026-10-22 00:00:00,2026-10-04 00:00:00,P1D,fcre,1.6,ensemble,125,Chla_ugL_mean,9.92879816065835
vera4cast,chlorocast_ens3,2026-10-23 00:00:00,2026-10-04 00:00:00,P1D,fcre,1.6,ensemble,125,Chla_ugL_mean,9.89952037511742
vera4cast,chlorocast_ens3,2026-10-24 00:00:00,2026-10-04 00:00:00,P1D,fcre,1.6,ensemble,125,Chla_ugL_mean,9.99619859900543
vera4cast,chlorocast_ens3,2026-10-25 00:00:00,2026-10-04 00:00:00,P1D,fcre,1.6,ensemble,125,Chla_ugL_mean,9.95008148606456
vera4cast,chlorocast_ens3,2026-10-26 00:00:00,2026-10-04 00:00:00,P1D,fcre,1.6,ensemble,125,Chla_ugL_mean,10.0614616920283
vera4cast,chlorocast_ens3,2026-10-27 00:00:00,2026-10-04 00:00:00,P1D,fcre,1.6,ensemble,125,Chla_ugL_mean,10.0997726153559
vera4cast,chlorocast_ens3,2026-10-28 00:00:00,2026-10-04 00:00:00,P1D,fcre,1.6,ensemble,125,Chla_ugL_mean,10.2553625921581
vera4cast,chlorocast_ens3,2026-10-29 00:00:00,2026-10-04 00:00:00,P1D,fcre,1.6,ensemble,125,Chla_ugL_mean,10.2401705959305
vera4cast,chlorocast_ens3,2026-10-30 00:00:00,2026-10-04 00:00:00,P1D,fcre,1.6,ensemble,125,Chla_ugL_mean,10.3631719149879
vera4cast,chlorocast_ens3,2026-10-31 00:00:00,2026-10-04 00:00:00,P1D,fcre,1.6,ensemble,125,Chla_ugL_mean,10.4714410009091
vera4cast,chlorocast_ens3,2026-11-01 00:00:00,2026-10-04 00:00:00,P1D,fcre,1.6,ensemble,125,Chla_ugL_mean,10.6236970701664
vera4cast,chlorocast_ens3,2026-11-02 00:00:00,2026-10-04 00:00:00,P1D,fcre,1.6,ensemble,125,Chla_ugL_mean,10.6932003586536
vera4cast,chlorocast_ens3,2026-11-03 00:00:00,2026-10-04 00:00:00,P1D,fcre,1.6,ensemble,125,Chla_ugL_mean,10.8364057125219
vera4cast,chlorocast_ens3,2026-11-04 00:00:00,2026-10-04 00:00:00,P1D,fcre,1.6,ensemble,125,Chla_ugL_mean,10.8917296647794
vera4cast,chlorocast_ens3,2026-11-05 00:00:00,2026-10-04 00:00:00,P1D,fcre,1.6,ensemble,125,Chla_ugL_mean,11.1906312629139
vera4cast,chlorocast_ens3,2026-11-06 00:00:00,2026-10-04 00:00:00,P1D,fcre,1.6,ensemble,125,Chla_ugL_mean,11.4389937668781
vera4cast,chlorocast_ens3,2026-11-07 00:00:00,2026-10-04 00:00:00,P1D,fcre,1.6,ensemble,125,Chla_ugL_mean,11.6753191397841
vera4cast,chlorocast_ens3,2026-11-08 00:00:00,2026-10-04 00:00:00,P1D,fcre,1.6,ensemble,125,Chla_ugL_mean,11.8434364996098
vera4cast,chlorocast_ens3,2026-10-05 00:00:00,2026-10-04 00:00:00,P1D,fcre,1.6,ensemble,126,Chla_ugL_mean,10.794024638153
vera4cast,chlorocast_ens3,2026-10-06 00:00:00,2026-10-04 00:00:00,P1D,fcre,1.6,ensemble,126,Chla_ugL_mean,10.8099028339926
vera4cast,chlorocast_ens3,2026-10-07 00:00:00,2026-10-04 00:00:00,P1D,fcre,1.6,ensemble,126,Chla_ugL_mean,10.5920221579789
vera4cast,chlorocast_ens3,2026-10-08 00:00:00,2026-10-04 00:00:00,P1D,fcre,1.6,ensemble,126,Chla_ugL_mean,10.5343837123834
vera4cast,chlorocast_ens3,2026-10-09 00:00:00,2026-10-04 00:00:00,P1D,fcre,1.6,ensemble,126,Chla_ugL_mean,10.5429777611111
vera4cast,chlorocast_ens3,2026-10-10 00:00:00,2026-10-04 00:00:00,P1D,fcre,1.6,ensemble,126,Chla_ugL_mean,10.3288536071652
vera4cast,chlorocast_ens3,2026-10-11 00:00:00,2026-10-04 00:00:00,P1D,fcre,1.6,ensemble,126,Chla_ugL_mean,10.2530433247839
vera4cast,chlorocast_ens3,2026-10-12 00:00:00,2026-10-04 00:00:00,P1D,fcre,1.6,ensemble,126,Chla_ugL_mean,10.1490757616425
vera4cast,chlorocast_ens3,2026-10-13 00:00:00,2026-10-04 00:00:00,P1D,fcre,1.6,ensemble,126,Chla_ugL_mean,10.1934515363671
vera4cast,chlorocast_ens3,2026-10-14 00:00:00,2026-10-04 00:00:00,P1D,fcre,1.6,ensemble,126,Chla_ugL_mean,10.1330918127973
vera4cast,chlorocast_ens3,2026-10-15 00:00:00,2026-10-04 00:00:00,P1D,fcre,1.6,ensemble,126,Chla_ugL_mean,10.2078195754787
vera4cast,chlorocast_ens3,2026-10-16 00:00:00,2026-10-04 00:00:00,P1D,fcre,1.6,ensemble,126,Chla_ugL_mean,10.2252948783169
vera4cast,chlorocast_ens3,2026-10-17 00:00:00,2026-10-04 00:00:00,P1D,fcre,1.6,ensemble,126,Chla_ugL_mean,10.2108901728142
vera4cast,chlorocast_ens3,2026-10-18 00:00:00,2026-10-04 00:00:00,P1D,fcre,1.6,ensemble,126,Chla_ugL_mean,10.1690316863787
vera4cast,chlorocast_ens3,2026-10-19 00:00:00,2026-10-04 00:00:00,P1D,fcre,1.6,ensemble,126,Chla_ugL_mean,10.1695011349239
vera4cast,chlorocast_ens3,2026-10-20 00:00:00,2026-10-04 00:00:00,P1D,fcre,1.6,ensemble,126,Chla_ugL_mean,10.2214156108124
vera4cast,chlorocast_ens3,2026-10-21 00:00:00,2026-10-04 00:00:00,P1D,fcre,1.6,ensemble,126,Chla_ugL_mean,10.1301212546065
vera4cast,chlorocast_ens3,2026-10-22 00:00:00,2026-10-04 00:00:00,P1D,fcre,1.6,ensemble,126,Chla_ugL_mean,10.0225840994178
vera4cast,chlorocast_ens3,2026-10-23 00:00:00,2026-10-04 00:00:00,P1D,fcre,1.6,ensemble,126,Chla_ugL_mean,9.99580299188917
vera4cast,chlorocast_ens3,2026-10-24 00:00:00,2026-10-04 00:00:00,P1D,fcre,1.6,ensemble,126,Chla_ugL_mean,10.0936595246731
vera4cast,chlorocast_ens3,2026-10-25 00:00:00,2026-10-04 00:00:00,P1D,fcre,1.6,ensemble,126,Chla_ugL_mean,10.0415201921552
vera4cast,chlorocast_ens3,2026-10-26 00:00:00,2026-10-04 00:00:00,P1D,fcre,1.6,ensemble,126,Chla_ugL_mean,10.1575530993948
vera4cast,chlorocast_ens3,2026-10-27 00:00:00,2026-10-04 00:00:00,P1D,fcre,1.6,ensemble,126,Chla_ugL_mean,10.1989524166042
vera4cast,chlorocast_ens3,2026-10-28 00:00:00,2026-10-04 00:00:00,P1D,fcre,1.6,ensemble,126,Chla_ugL_mean,10.3550832514138
vera4cast,chlorocast_ens3,2026-10-29 00:00:00,2026-10-04 00:00:00,P1D,fcre,1.6,ensemble,126,Chla_ugL_mean,10.3378931101976
vera4cast,chlorocast_ens3,2026-10-30 00:00:00,2026-10-04 00:00:00,P1D,fcre,1.6,ensemble,126,Chla_ugL_mean,10.4609920157341
vera4cast,chlorocast_ens3,2026-10-31 00:00:00,2026-10-04 00:00:00,P1D,fcre,1.6,ensemble,126,Chla_ugL_mean,10.5723898174269
vera4cast,chlorocast_ens3,2026-11-01 00:00:00,2026-10-04 00:00:00,P1D,fcre,1.6,ensemble,126,Chla_ugL_mean,10.7241141667182
vera4cast,chlorocast_ens3,2026-11-02 00:00:00,2026-10-04 00:00:00,P1D,fcre,1.6,ensemble,126,Chla_ugL_mean,10.7941694654325
vera4cast,chlorocast_ens3,2026-11-03 00:00:00,2026-10-04 00:00:00,P1D,fcre,1.6,ensemble,126,Chla_ugL_mean,10.9377756971592
vera4cast,chlorocast_ens3,2026-11-04 00:00:00,2026-10-04 00:00:00,P1D,fcre,1.6,ensemble,126,Chla_ugL_mean,10.9960951462391
vera4cast,chlorocast_ens3,2026-11-05 00:00:00,2026-10-04 00:00:00,P1D,fcre,1.6,ensemble,126,Chla_ugL_mean,11.290726318646
vera4cast,chlorocast_ens3,2026-11-06 00:00:00,2026-10-04 00:00:00,P1D,fcre,1.6,ensemble,126,Chla_ugL_mean,11.5445457440641
vera4cast,chlorocast_ens3,2026-11-07 00:00:00,2026-10-04 00:00:00,P1D,fcre,1.6,ensemble,126,Chla_ugL_mean,11.7777850017193
vera4cast,chlorocast_ens3,2026-11-08 00:00:00,2026-10-04 00:00:00,P1D,fcre,1.6,ensemble,126,Chla_ugL_mean,11.9533608380543
vera4cast,chlorocast_ens3,2026-10-05 00:00:00,2026-10-04 00:00:00,P1D,fcre,1.6,ensemble,127,Chla_ugL_mean,10.8953966436502
vera4cast,chlorocast_ens3,2026-10-06 00:00:00,2026-10-04 00:00:00,P1D,fcre,1.6,ensemble,127,Chla_ugL_mean,10.9060622250888
vera4cast,chlorocast_ens3,2026-10-07 00:00:00,2026-10-04 00:00:00,P1D,fcre,1.6,ensemble,127,Chla_ugL_mean,10.6901838555963
vera4cast,chlorocast_ens3,2026-10-08 00:00:00,2026-10-04 00:00:00,P1D,fcre,1.6,ensemble,127,Chla_ugL_mean,10.6316713710085
vera4cast,chlorocast_ens3,2026-10-09 00:00:00,2026-10-04 00:00:00,P1D,fcre,1.6,ensemble,127,Chla_ugL_mean,10.6420566003397
vera4cast,chlorocast_ens3,2026-10-10 00:00:00,2026-10-04 00:00:00,P1D,fcre,1.6,ensemble,127,Chla_ugL_mean,10.4286711057568
vera4cast,chlorocast_ens3,2026-10-11 00:00:00,2026-10-04 00:00:00,P1D,fcre,1.6,ensemble,127,Chla_ugL_mean,10.3537251892303
vera4cast,chlorocast_ens3,2026-10-12 00:00:00,2026-10-04 00:00:00,P1D,fcre,1.6,ensemble,127,Chla_ugL_mean,10.245138989948
vera4cast,chlorocast_ens3,2026-10-13 00:00:00,2026-10-04 00:00:00,P1D,fcre,1.6,ensemble,127,Chla_ugL_mean,10.2881627736735
vera4cast,chlorocast_ens3,2026-10-14 00:00:00,2026-10-04 00:00:00,P1D,fcre,1.6,ensemble,127,Chla_ugL_mean,10.2296759325352
vera4cast,chlorocast_ens3,2026-10-15 00:00:00,2026-10-04 00:00:00,P1D,fcre,1.6,ensemble,127,Chla_ugL_mean,10.303777225829
vera4cast,chlorocast_ens3,2026-10-16 00:00:00,2026-10-04 00:00:00,P1D,fcre,1.6,ensemble,127,Chla_ugL_mean,10.321869397709
vera4cast,chlorocast_ens3,2026-10-17 00:00:00,2026-10-04 00:00:00,P1D,fcre,1.6,ensemble,127,Chla_ugL_mean,10.3122461213535
vera4cast,chlorocast_ens3,2026-10-18 00:00:00,2026-10-04 00:00:00,P1D,fcre,1.6,ensemble,127,Chla_ugL_mean,10.2676912463349
vera4cast,chlorocast_ens3,2026-10-19 00:00:00,2026-10-04 00:00:00,P1D,fcre,1.6,ensemble,127,Chla_ugL_mean,10.2673542408548
vera4cast,chlorocast_ens3,2026-10-20 00:00:00,2026-10-04 00:00:00,P1D,fcre,1.6,ensemble,127,Chla_ugL_mean,10.3164323984993
vera4cast,chlorocast_ens3,2026-10-21 00:00:00,2026-10-04 00:00:00,P1D,fcre,1.6,ensemble,127,Chla_ugL_mean,10.2233725274143
vera4cast,chlorocast_ens3,2026-10-22 00:00:00,2026-10-04 00:00:00,P1D,fcre,1.6,ensemble,127,Chla_ugL_mean,10.1171748661355
vera4cast,chlorocast_ens3,2026-10-23 00:00:00,2026-10-04 00:00:00,P1D,fcre,1.6,ensemble,127,Chla_ugL_mean,10.0929361362046
vera4cast,chlorocast_ens3,2026-10-24 00:00:00,2026-10-04 00:00:00,P1D,fcre,1.6,ensemble,127,Chla_ugL_mean,10.1919842608609
vera4cast,chlorocast_ens3,2026-10-25 00:00:00,2026-10-04 00:00:00,P1D,fcre,1.6,ensemble,127,Chla_ugL_mean,10.1337224575838
vera4cast,chlorocast_ens3,2026-10-26 00:00:00,2026-10-04 00:00:00,P1D,fcre,1.6,ensemble,127,Chla_ugL_mean,10.2544792570707
vera4cast,chlorocast_ens3,2026-10-27 00:00:00,2026-10-04 00:00:00,P1D,fcre,1.6,ensemble,127,Chla_ugL_mean,10.2990184191575
vera4cast,chlorocast_ens3,2026-10-28 00:00:00,2026-10-04 00:00:00,P1D,fcre,1.6,ensemble,127,Chla_ugL_mean,10.4556874192904
vera4cast,chlorocast_ens3,2026-10-29 00:00:00,2026-10-04 00:00:00,P1D,fcre,1.6,ensemble,127,Chla_ugL_mean,10.4364652280996
vera4cast,chlorocast_ens3,2026-10-30 00:00:00,2026-10-04 00:00:00,P1D,fcre,1.6,ensemble,127,Chla_ugL_mean,10.5596542028434
vera4cast,chlorocast_ens3,2026-10-31 00:00:00,2026-10-04 00:00:00,P1D,fcre,1.6,ensemble,127,Chla_ugL_mean,10.6742269847244
vera4cast,chlorocast_ens3,2026-11-01 00:00:00,2026-10-04 00:00:00,P1D,fcre,1.6,ensemble,127,Chla_ugL_mean,10.8253987663732
vera4cast,chlorocast_ens3,2026-11-02 00:00:00,2026-10-04 00:00:00,P1D,fcre,1.6,ensemble,127,Chla_ugL_mean,10.8960104259563
vera4cast,chlorocast_ens3,2026-11-03 00:00:00,2026-10-04 00:00:00,P1D,fcre,1.6,ensemble,127,Chla_ugL_mean,11.0400138400902
vera4cast,chlorocast_ens3,2026-11-04 00:00:00,2026-10-04 00:00:00,P1D,fcre,1.6,ensemble,127,Chla_ugL_mean,11.1013765713023
vera4cast,chlorocast_ens3,2026-11-05 00:00:00,2026-10-04 00:00:00,P1D,fcre,1.6,ensemble,127,Chla_ugL_mean,11.3916432366727
vera4cast,chlorocast_ens3,2026-11-06 00:00:00,2026-10-04 00:00:00,P1D,fcre,1.6,ensemble,127,Chla_ugL_mean,11.6509933901519
vera4cast,chlorocast_ens3,2026-11-07 00:00:00,2026-10-04 00:00:00,P1D,fcre,1.6,ensemble,127,Chla_ugL_mean,11.8810791862195
vera4cast,chlorocast_ens3,2026-11-08 00:00:00,2026-10-04 00:00:00,P1D,fcre,1.6,ensemble,127,Chla_ugL_mean,12.0642259963629
vera4cast,chlorocast_ens3,2026-10-05 00:00:00,2026-10-04 00:00:00,P1D,fcre,1.6,ensemble,128,Chla_ugL_mean,10.9976399618515
vera4cast,chlorocast_ens3,2026-10-06 00:00:00,2026-10-04 00:00:00,P1D,fcre,1.6,ensemble,128,Chla_ugL_mean,11.0030045716949
vera4cast,chlorocast_ens3,2026-10-07 00:00:00,2026-10-04 00:00:00,P1D,fcre,1.6,ensemble,128,Chla_ugL_mean,10.7891767903135
vera4cast,chlorocast_ens3,2026-10-08 00:00:00,2026-10-04 00:00:00,P1D,fcre,1.6,ensemble,128,Chla_ugL_mean,10.7297796099748
vera4cast,chlorocast_ens3,2026-10-09 00:00:00,2026-10-04 00:00:00,P1D,fcre,1.6,ensemble,128,Chla_ugL_mean,10.7419858801207
vera4cast,chlorocast_ens3,2026-10-10 00:00:00,2026-10-04 00:00:00,P1D,fcre,1.6,ensemble,128,Chla_ugL_mean,10.5293680872485
vera4cast,chlorocast_ens3,2026-10-11 00:00:00,2026-10-04 00:00:00,P1D,fcre,1.6,ensemble,128,Chla_ugL_mean,10.4553078622434
vera4cast,chlorocast_ens3,2026-10-12 00:00:00,2026-10-04 00:00:00,P1D,fcre,1.6,ensemble,128,Chla_ugL_mean,10.3420299230812
vera4cast,chlorocast_ens3,2026-10-13 00:00:00,2026-10-04 00:00:00,P1D,fcre,1.6,ensemble,128,Chla_ugL_mean,10.3836753918982
vera4cast,chlorocast_ens3,2026-10-14 00:00:00,2026-10-04 00:00:00,P1D,fcre,1.6,ensemble,128,Chla_ugL_mean,10.3270979589697
vera4cast,chlorocast_ens3,2026-10-15 00:00:00,2026-10-04 00:00:00,P1D,fcre,1.6,ensemble,128,Chla_ugL_mean,10.400556433896
vera4cast,chlorocast_ens3,2026-10-16 00:00:00,2026-10-04 00:00:00,P1D,fcre,1.6,ensemble,128,Chla_ugL_mean,10.4192747761472
vera4cast,chlorocast_ens3,2026-10-17 00:00:00,2026-10-04 00:00:00,P1D,fcre,1.6,ensemble,128,Chla_ugL_mean,10.4145184135681
vera4cast,chlorocast_ens3,2026-10-18 00:00:00,2026-10-04 00:00:00,P1D,fcre,1.6,ensemble,128,Chla_ugL_mean,10.367222297128
vera4cast,chlorocast_ens3,2026-10-19 00:00:00,2026-10-04 00:00:00,P1D,fcre,1.6,ensemble,128,Chla_ugL_mean,10.3660646124974
vera4cast,chlorocast_ens3,2026-10-20 00:00:00,2026-10-04 00:00:00,P1D,fcre,1.6,ensemble,128,Chla_ugL_mean,10.4122537361873
vera4cast,chlorocast_ens3,2026-10-21 00:00:00,2026-10-04 00:00:00,P1D,fcre,1.6,ensemble,128,Chla_ugL_mean,10.3174050855002
vera4cast,chlorocast_ens3,2026-10-22 00:00:00,2026-10-04 00:00:00,P1D,fcre,1.6,ensemble,128,Chla_ugL_mean,10.2125773674761
vera4cast,chlorocast_ens3,2026-10-23 00:00:00,2026-10-04 00:00:00,P1D,fcre,1.6,ensemble,128,Chla_ugL_mean,10.1909273213318
vera4cast,chlorocast_ens3,2026-10-24 00:00:00,2026-10-04 00:00:00,P1D,fcre,1.6,ensemble,128,Chla_ugL_mean,10.2911804636486
vera4cast,chlorocast_ens3,2026-10-25 00:00:00,2026-10-04 00:00:00,P1D,fcre,1.6,ensemble,128,Chla_ugL_mean,10.2266946584564
vera4cast,chlorocast_ens3,2026-10-26 00:00:00,2026-10-04 00:00:00,P1D,fcre,1.6,ensemble,128,Chla_ugL_mean,10.3522474165688
vera4cast,chlorocast_ens3,2026-10-27 00:00:00,2026-10-04 00:00:00,P1D,fcre,1.6,ensemble,128,Chla_ugL_mean,10.3999785414904
vera4cast,chlorocast_ens3,2026-10-28 00:00:00,2026-10-04 00:00:00,P1D,fcre,1.6,ensemble,128,Chla_ugL_mean,10.5571829235289
vera4cast,chlorocast_ens3,2026-10-29 00:00:00,2026-10-04 00:00:00,P1D,fcre,1.6,ensemble,128,Chla_ugL_mean,10.535894336126
vera4cast,chlorocast_ens3,2026-10-30 00:00:00,2026-10-04 00:00:00,P1D,fcre,1.6,ensemble,128,Chla_ugL_mean,10.6591657254335
vera4cast,chlorocast_ens3,2026-10-31 00:00:00,2026-10-04 00:00:00,P1D,fcre,1.6,ensemble,128,Chla_ugL_mean,10.7769603202988
vera4cast,chlorocast_ens3,2026-11-01 00:00:00,2026-10-04 00:00:00,P1D,fcre,1.6,ensemble,128,Chla_ugL_mean,10.9275583634892
vera4cast,chlorocast_ens3,2026-11-02 00:00:00,2026-10-04 00:00:00,P1D,fcre,1.6,ensemble,128,Chla_ugL_mean,10.998730768557
vera4cast,chlorocast_ens3,2026-11-03 00:00:00,2026-10-04 00:00:00,P1D,fcre,1.6,ensemble,128,Chla_ugL_mean,11.1431275764428
vera4cast,chlorocast_ens3,2026-11-04 00:00:00,2026-10-04 00:00:00,P1D,fcre,1.6,ensemble,128,Chla_ugL_mean,11.207581978572
vera4cast,chlorocast_ens3,2026-11-05 00:00:00,2026-10-04 00:00:00,P1D,fcre,1.6,ensemble,128,Chla_ugL_mean,11.4933887651557
vera4cast,chlorocast_ens3,2026-11-06 00:00:00,2026-10-04 00:00:00,P1D,fcre,1.6,ensemble,128,Chla_ugL_mean,11.7583443054045
vera4cast,chlorocast_ens3,2026-11-07 00:00:00,2026-10-04 00:00:00,P1D,fcre,1.6,ensemble,128,Chla_ugL_mean,11.9852083893516
vera4cast,chlorocast_ens3,2026-11-08 00:00:00,2026-10-04 00:00:00,P1D,fcre,1.6,ensemble,128,Chla_ugL_mean,12.1760400268198
vera4cast,chlorocast_ens3,2026-10-05 00:00:00,2026-10-04 00:00:00,P1D,fcre,1.6,ensemble,129,Chla_ugL_mean,11.100762081864
vera4cast,chlorocast_ens3,2026-10-06 00:00:00,2026-10-04 00:00:00,P1D,fcre,1.6,ensemble,129,Chla_ugL_mean,11.1007362488443
vera4cast,chlorocast_ens3,2026-10-07 00:00:00,2026-10-04 00:00:00,P1D,fcre,1.6,ensemble,129,Chla_ugL_mean,10.8890080010787
vera4cast,chlorocast_ens3,2026-10-08 00:00:00,2026-10-04 00:00:00,P1D,fcre,1.6,ensemble,129,Chla_ugL_mean,10.828715350531
vera4cast,chlorocast_ens3,2026-10-09 00:00:00,2026-10-04 00:00:00,P1D,fcre,1.6,ensemble,129,Chla_ugL_mean,10.8427729001877
vera4cast,chlorocast_ens3,2026-10-10 00:00:00,2026-10-04 00:00:00,P1D,fcre,1.6,ensemble,129,Chla_ugL_mean,10.6309523006841
vera4cast,chlorocast_ens3,2026-10-11 00:00:00,2026-10-04 00:00:00,P1D,fcre,1.6,ensemble,129,Chla_ugL_mean,10.5577994034283
vera4cast,chlorocast_ens3,2026-10-12 00:00:00,2026-10-04 00:00:00,P1D,fcre,1.6,ensemble,129,Chla_ugL_mean,10.4397556927541
vera4cast,chlorocast_ens3,2026-10-13 00:00:00,2026-10-04 00:00:00,P1D,fcre,1.6,ensemble,129,Chla_ugL_mean,10.4799961717719
vera4cast,chlorocast_ens3,2026-10-14 00:00:00,2026-10-04 00:00:00,P1D,fcre,1.6,ensemble,129,Chla_ugL_mean,10.425365161284
vera4cast,chlorocast_ens3,2026-10-15 00:00:00,2026-10-04 00:00:00,P1D,fcre,1.6,ensemble,129,Chla_ugL_mean,10.4981642335858
vera4cast,chlorocast_ens3,2026-10-16 00:00:00,2026-10-04 00:00:00,P1D,fcre,1.6,ensemble,129,Chla_ugL_mean,10.5175181617568
vera4cast,chlorocast_ens3,2026-10-17 00:00:00,2026-10-04 00:00:00,P1D,fcre,1.6,ensemble,129,Chla_ugL_mean,10.5177153339815
vera4cast,chlorocast_ens3,2026-10-18 00:00:00,2026-10-04 00:00:00,P1D,fcre,1.6,ensemble,129,Chla_ugL_mean,10.4676325369098
vera4cast,chlorocast_ens3,2026-10-19 00:00:00,2026-10-04 00:00:00,P1D,fcre,1.6,ensemble,129,Chla_ugL_mean,10.4656397601345
vera4cast,chlorocast_ens3,2026-10-20 00:00:00,2026-10-04 00:00:00,P1D,fcre,1.6,ensemble,129,Chla_ugL_mean,10.5088864363643
vera4cast,chlorocast_ens3,2026-10-21 00:00:00,2026-10-04 00:00:00,P1D,fcre,1.6,ensemble,129,Chla_ugL_mean,10.4122254746911
vera4cast,chlorocast_ens3,2026-10-22 00:00:00,2026-10-04 00:00:00,P1D,fcre,1.6,ensemble,129,Chla_ugL_mean,10.3087985693744
vera4cast,chlorocast_ens3,2026-10-23 00:00:00,2026-10-04 00:00:00,P1D,fcre,1.6,ensemble,129,Chla_ugL_mean,10.2897841269083
vera4cast,chlorocast_ens3,2026-10-24 00:00:00,2026-10-04 00:00:00,P1D,fcre,1.6,ensemble,129,Chla_ugL_mean,10.3912558569729
vera4cast,chlorocast_ens3,2026-10-25 00:00:00,2026-10-04 00:00:00,P1D,fcre,1.6,ensemble,129,Chla_ugL_mean,10.3204432241223
vera4cast,chlorocast_ens3,2026-10-26 00:00:00,2026-10-04 00:00:00,P1D,fcre,1.6,ensemble,129,Chla_ugL_mean,10.4508648923964
vera4cast,chlorocast_ens3,2026-10-27 00:00:00,2026-10-04 00:00:00,P1D,fcre,1.6,ensemble,129,Chla_ugL_mean,10.5018407728316
vera4cast,chlorocast_ens3,2026-10-28 00:00:00,2026-10-04 00:00:00,P1D,fcre,1.6,ensemble,129,Chla_ugL_mean,10.6595776612226
vera4cast,chlorocast_ens3,2026-10-29 00:00:00,2026-10-04 00:00:00,P1D,fcre,1.6,ensemble,129,Chla_ugL_mean,10.636187884985
vera4cast,chlorocast_ens3,2026-10-30 00:00:00,2026-10-04 00:00:00,P1D,fcre,1.6,ensemble,129,Chla_ugL_mean,10.7595338950267
vera4cast,chlorocast_ens3,2026-10-31 00:00:00,2026-10-04 00:00:00,P1D,fcre,1.6,ensemble,129,Chla_ugL_mean,10.8805977104416
vera4cast,chlorocast_ens3,2026-11-01 00:00:00,2026-10-04 00:00:00,P1D,fcre,1.6,ensemble,129,Chla_ugL_mean,11.0306005171674
vera4cast,chlorocast_ens3,2026-11-02 00:00:00,2026-10-04 00:00:00,P1D,fcre,1.6,ensemble,129,Chla_ugL_mean,11.1023380865728
vera4cast,chlorocast_ens3,2026-11-03 00:00:00,2026-10-04 00:00:00,P1D,fcre,1.6,ensemble,129,Chla_ugL_mean,11.2471244050216
vera4cast,chlorocast_ens3,2026-11-04 00:00:00,2026-10-04 00:00:00,P1D,fcre,1.6,ensemble,129,Chla_ugL_mean,11.3147194772007
vera4cast,chlorocast_ens3,2026-11-05 00:00:00,2026-10-04 00:00:00,P1D,fcre,1.6,ensemble,129,Chla_ugL_mean,11.5959697076648
vera4cast,chlorocast_ens3,2026-11-06 00:00:00,2026-10-04 00:00:00,P1D,fcre,1.6,ensemble,129,Chla_ugL_mean,11.8666061545775
vera4cast,chlorocast_ens3,2026-11-07 00:00:00,2026-10-04 00:00:00,P1D,fcre,1.6,ensemble,129,Chla_ugL_mean,12.0901793613129
vera4cast,chlorocast_ens3,2026-11-08 00:00:00,2026-10-04 00:00:00,P1D,fcre,1.6,ensemble,129,Chla_ugL_mean,12.2888110506272
vera4cast,chlorocast_ens3,2026-10-05 00:00:00,2026-10-04 00:00:00,P1D,fcre,1.6,ensemble,130,Chla_ugL_mean,11.2047705571656
vera4cast,chlorocast_ens3,2026-10-06 00:00:00,2026-10-04 00:00:00,P1D,fcre,1.6,ensemble,130,Chla_ugL_mean,11.1992636834778
vera4cast,chlorocast_ens3,2026-10-07 00:00:00,2026-10-04 00:00:00,P1D,fcre,1.6,ensemble,130,Chla_ugL_mean,10.9896845864465
vera4cast,chlorocast_ens3,2026-10-08 00:00:00,2026-10-04 00:00:00,P1D,fcre,1.6,ensemble,130,Chla_ugL_mean,10.9284855723037
vera4cast,chlorocast_ens3,2026-10-09 00:00:00,2026-10-04 00:00:00,P1D,fcre,1.6,ensemble,130,Chla_ugL_mean,10.9444250229312
vera4cast,chlorocast_ens3,2026-10-10 00:00:00,2026-10-04 00:00:00,P1D,fcre,1.6,ensemble,130,Chla_ugL_mean,10.7334315633836
vera4cast,chlorocast_ens3,2026-10-11 00:00:00,2026-10-04 00:00:00,P1D,fcre,1.6,ensemble,130,Chla_ugL_mean,10.6612079445001
vera4cast,chlorocast_ens3,2026-10-12 00:00:00,2026-10-04 00:00:00,P1D,fcre,1.6,ensemble,130,Chla_ugL_mean,10.5383234921274
vera4cast,chlorocast_ens3,2026-10-13 00:00:00,2026-10-04 00:00:00,P1D,fcre,1.6,ensemble,130,Chla_ugL_mean,10.5771319513988
vera4cast,chlorocast_ens3,2026-10-14 00:00:00,2026-10-04 00:00:00,P1D,fcre,1.6,ensemble,130,Chla_ugL_mean,10.5244848717239
vera4cast,chlorocast_ens3,2026-10-15 00:00:00,2026-10-04 00:00:00,P1D,fcre,1.6,ensemble,130,Chla_ugL_mean,10.596607719026
vera4cast,chlorocast_ens3,2026-10-16 00:00:00,2026-10-04 00:00:00,P1D,fcre,1.6,ensemble,130,Chla_ugL_mean,10.6166067641604
vera4cast,chlorocast_ens3,2026-10-17 00:00:00,2026-10-04 00:00:00,P1D,fcre,1.6,ensemble,130,Chla_ugL_mean,10.6218452420161
vera4cast,chlorocast_ens3,2026-10-18 00:00:00,2026-10-04 00:00:00,P1D,fcre,1.6,ensemble,130,Chla_ugL_mean,10.5689297318323
vera4cast,chlorocast_ens3,2026-10-19 00:00:00,2026-10-04 00:00:00,P1D,fcre,1.6,ensemble,130,Chla_ugL_mean,10.5660872598447
vera4cast,chlorocast_ens3,2026-10-20 00:00:00,2026-10-04 00:00:00,P1D,fcre,1.6,ensemble,130,Chla_ugL_mean,10.6063373692023
vera4cast,chlorocast_ens3,2026-10-21 00:00:00,2026-10-04 00:00:00,P1D,fcre,1.6,ensemble,130,Chla_ugL_mean,10.5078402956567
vera4cast,chlorocast_ens3,2026-10-22 00:00:00,2026-10-04 00:00:00,P1D,fcre,1.6,ensemble,130,Chla_ugL_mean,10.4058454975434
vera4cast,chlorocast_ens3,2026-10-23 00:00:00,2026-10-04 00:00:00,P1D,fcre,1.6,ensemble,130,Chla_ugL_mean,10.3895141995277
vera4cast,chlorocast_ens3,2026-10-24 00:00:00,2026-10-04 00:00:00,P1D,fcre,1.6,ensemble,130,Chla_ugL_mean,10.4922182332288
vera4cast,chlorocast_ens3,2026-10-25 00:00:00,2026-10-04 00:00:00,P1D,fcre,1.6,ensemble,130,Chla_ugL_mean,10.4149746376194
vera4cast,chlorocast_ens3,2026-10-26 00:00:00,2026-10-04 00:00:00,P1D,fcre,1.6,ensemble,130,Chla_ugL_mean,10.5503390626018
vera4cast,chlorocast_ens3,2026-10-27 00:00:00,2026-10-04 00:00:00,P1D,fcre,1.6,ensemble,130,Chla_ugL_mean,10.604613173796
vera4cast,chlorocast_ens3,2026-10-28 00:00:00,2026-10-04 00:00:00,P1D,fcre,1.6,ensemble,130,Chla_ugL_mean,10.762879599432
vera4cast,chlorocast_ens3,2026-10-29 00:00:00,2026-10-04 00:00:00,P1D,fcre,1.6,ensemble,130,Chla_ugL_mean,10.7373533901614
vera4cast,chlorocast_ens3,2026-10-30 00:00:00,2026-10-04 00:00:00,P1D,fcre,1.6,ensemble,130,Chla_ugL_mean,10.8607660860862
vera4cast,chlorocast_ens3,2026-10-31 00:00:00,2026-10-04 00:00:00,P1D,fcre,1.6,ensemble,130,Chla_ugL_mean,10.9851471108438
vera4cast,chlorocast_ens3,2026-11-01 00:00:00,2026-10-04 00:00:00,P1D,fcre,1.6,ensemble,130,Chla_ugL_mean,11.1345328518123
vera4cast,chlorocast_ens3,2026-11-02 00:00:00,2026-10-04 00:00:00,P1D,fcre,1.6,ensemble,130,Chla_ugL_mean,11.2068400389089
vera4cast,chlorocast_ens3,2026-11-03 00:00:00,2026-10-04 00:00:00,P1D,fcre,1.6,ensemble,130,Chla_ugL_mean,11.3520118888525
vera4cast,chlorocast_ens3,2026-11-04 00:00:00,2026-10-04 00:00:00,P1D,fcre,1.6,ensemble,130,Chla_ugL_mean,11.4227972475091
vera4cast,chlorocast_ens3,2026-11-05 00:00:00,2026-10-04 00:00:00,P1D,fcre,1.6,ensemble,130,Chla_ugL_mean,11.6993929236326
vera4cast,chlorocast_ens3,2026-11-06 00:00:00,2026-10-04 00:00:00,P1D,fcre,1.6,ensemble,130,Chla_ugL_mean,11.9757866674663
vera4cast,chlorocast_ens3,2026-11-07 00:00:00,2026-10-04 00:00:00,P1D,fcre,1.6,ensemble,130,Chla_ugL_mean,12.1959989068684
vera4cast,chlorocast_ens3,2026-11-08 00:00:00,2026-10-04 00:00:00,P1D,fcre,1.6,ensemble,130,Chla_ugL_mean,12.4025472584948
vera4cast,chlorocast_ens3,2026-10-05 00:00:00,2026-10-04 00:00:00,P1D,fcre,1.6,ensemble,131,Chla_ugL_mean,11.3096730061576
vera4cast,chlorocast_ens3,2026-10-06 00:00:00,2026-10-04 00:00:00,P1D,fcre,1.6,ensemble,131,Chla_ugL_mean,11.2985933548658
vera4cast,chlorocast_ens3,2026-10-07 00:00:00,2026-10-04 00:00:00,P1D,fcre,1.6,ensemble,131,Chla_ugL_mean,11.091213705082
vera4cast,chlorocast_ens3,2026-10-08 00:00:00,2026-10-04 00:00:00,P1D,fcre,1.6,ensemble,131,Chla_ugL_mean,11.02909731379
vera4cast,chlorocast_ens3,2026-10-09 00:00:00,2026-10-04 00:00:00,P1D,fcre,1.6,ensemble,131,Chla_ugL_mean,11.046949673937
vera4cast,chlorocast_ens3,2026-10-10 00:00:00,2026-10-04 00:00:00,P1D,fcre,1.6,ensemble,131,Chla_ugL_mean,10.8368137615446
vera4cast,chlorocast_ens3,2026-10-11 00:00:00,2026-10-04 00:00:00,P1D,fcre,1.6,ensemble,131,Chla_ugL_mean,10.7655416899291
vera4cast,chlorocast_ens3,2026-10-12 00:00:00,2026-10-04 00:00:00,P1D,fcre,1.6,ensemble,131,Chla_ugL_mean,10.6377405763399
vera4cast,chlorocast_ens3,2026-10-13 00:00:00,2026-10-04 00:00:00,P1D,fcre,1.6,ensemble,131,Chla_ugL_mean,10.6750896267426
vera4cast,chlorocast_ens3,2026-10-14 00:00:00,2026-10-04 00:00:00,P1D,fcre,1.6,ensemble,131,Chla_ugL_mean,10.6244644861458
vera4cast,chlorocast_ens3,2026-10-15 00:00:00,2026-10-04 00:00:00,P1D,fcre,1.6,ensemble,131,Chla_ugL_mean,10.6958940450824
vera4cast,chlorocast_ens3,2026-10-16 00:00:00,2026-10-04 00:00:00,P1D,fcre,1.6,ensemble,131,Chla_ugL_mean,10.7165478550072
vera4cast,chlorocast_ens3,2026-10-17 00:00:00,2026-10-04 00:00:00,P1D,fcre,1.6,ensemble,131,Chla_ugL_mean,10.7269165726709
vera4cast,chlorocast_ens3,2026-10-18 00:00:00,2026-10-04 00:00:00,P1D,fcre,1.6,ensemble,131,Chla_ugL_mean,10.6711217166487
vera4cast,chlorocast_ens3,2026-10-19 00:00:00,2026-10-04 00:00:00,P1D,fcre,1.6,ensemble,131,Chla_ugL_mean,10.6674147540785
vera4cast,chlorocast_ens3,2026-10-20 00:00:00,2026-10-04 00:00:00,P1D,fcre,1.6,ensemble,131,Chla_ugL_mean,10.7046134630464
vera4cast,chlorocast_ens3,2026-10-21 00:00:00,2026-10-04 00:00:00,P1D,fcre,1.6,ensemble,131,Chla_ugL_mean,10.6042562043688
vera4cast,chlorocast_ens3,2026-10-22 00:00:00,2026-10-04 00:00:00,P1D,fcre,1.6,ensemble,131,Chla_ugL_mean,10.5037252379876
vera4cast,chlorocast_ens3,2026-10-23 00:00:00,2026-10-04 00:00:00,P1D,fcre,1.6,ensemble,131,Chla_ugL_mean,10.4901252533309
vera4cast,chlorocast_ens3,2026-10-24 00:00:00,2026-10-04 00:00:00,P1D,fcre,1.6,ensemble,131,Chla_ugL_mean,10.5940754538765
vera4cast,chlorocast_ens3,2026-10-25 00:00:00,2026-10-04 00:00:00,P1D,fcre,1.6,ensemble,131,Chla_ugL_mean,10.5102954361221
vera4cast,chlorocast_ens3,2026-10-26 00:00:00,2026-10-04 00:00:00,P1D,fcre,1.6,ensemble,131,Chla_ugL_mean,10.6506773693272
vera4cast,chlorocast_ens3,2026-10-27 00:00:00,2026-10-04 00:00:00,P1D,fcre,1.6,ensemble,131,Chla_ugL_mean,10.7083038770226
vera4cast,chlorocast_ens3,2026-10-28 00:00:00,2026-10-04 00:00:00,P1D,fcre,1.6,ensemble,131,Chla_ugL_mean,10.8670967758042
vera4cast,chlorocast_ens3,2026-10-29 00:00:00,2026-10-04 00:00:00,P1D,fcre,1.6,ensemble,131,Chla_ugL_mean,10.8393984324798
vera4cast,chlorocast_ens3,2026-10-30 00:00:00,2026-10-04 00:00:00,P1D,fcre,1.6,ensemble,131,Chla_ugL_mean,10.9628697365589
vera4cast,chlorocast_ens3,2026-10-31 00:00:00,2026-10-04 00:00:00,P1D,fcre,1.6,ensemble,131,Chla_ugL_mean,11.0906165472063
vera4cast,chlorocast_ens3,2026-11-01 00:00:00,2026-10-04 00:00:00,P1D,fcre,1.6,ensemble,131,Chla_ugL_mean,11.2393630576957
vera4cast,chlorocast_ens3,2026-11-02 00:00:00,2026-10-04 00:00:00,P1D,fcre,1.6,ensemble,131,Chla_ugL_mean,11.3122443506043
vera4cast,chlorocast_ens3,2026-11-03 00:00:00,2026-10-04 00:00:00,P1D,fcre,1.6,ensemble,131,Chla_ugL_mean,11.4577976557335
vera4cast,chlorocast_ens3,2026-11-04 00:00:00,2026-10-04 00:00:00,P1D,fcre,1.6,ensemble,131,Chla_ugL_mean,11.531823541611
vera4cast,chlorocast_ens3,2026-11-05 00:00:00,2026-10-04 00:00:00,P1D,fcre,1.6,ensemble,131,Chla_ugL_mean,11.8036653288133
vera4cast,chlorocast_ens3,2026-11-06 00:00:00,2026-10-04 00:00:00,P1D,fcre,1.6,ensemble,131,Chla_ugL_mean,12.0858936394579
vera4cast,chlorocast_ens3,2026-11-07 00:00:00,2026-10-04 00:00:00,P1D,fcre,1.6,ensemble,131,Chla_ugL_mean,12.3026738857921
vera4cast,chlorocast_ens3,2026-11-08 00:00:00,2026-10-04 00:00:00,P1D,fcre,1.6,ensemble,131,Chla_ugL_mean,12.517256911235
vera4cast,chlorocast_ens3,2026-10-05 00:00:00,2026-10-04 00:00:00,P1D,fcre,1.6,ensemble,132,Chla_ugL_mean,11.4154771127229
vera4cast,chlorocast_ens3,2026-10-06 00:00:00,2026-10-04 00:00:00,P1D,fcre,1.6,ensemble,132,Chla_ugL_mean,11.3987317950347
vera4cast,chlorocast_ens3,2026-10-07 00:00:00,2026-10-04 00:00:00,P1D,fcre,1.6,ensemble,132,Chla_ugL_mean,11.1936025762704
vera4cast,chlorocast_ens3,2026-10-08 00:00:00,2026-10-04 00:00:00,P1D,fcre,1.6,ensemble,132,Chla_ugL_mean,11.1305576728534
vera4cast,chlorocast_ens3,2026-10-09 00:00:00,2026-10-04 00:00:00,P1D,fcre,1.6,ensemble,132,Chla_ugL_mean,11.1503543425279
vera4cast,chlorocast_ens3,2026-10-10 00:00:00,2026-10-04 00:00:00,P1D,fcre,1.6,ensemble,132,Chla_ugL_mean,10.9411068508494
vera4cast,chlorocast_ens3,2026-10-11 00:00:00,2026-10-04 00:00:00,P1D,fcre,1.6,ensemble,132,Chla_ugL_mean,10.8708089175913
vera4cast,chlorocast_ens3,2026-10-12 00:00:00,2026-10-04 00:00:00,P1D,fcre,1.6,ensemble,132,Chla_ugL_mean,10.7380142630423
vera4cast,chlorocast_ens3,2026-10-13 00:00:00,2026-10-04 00:00:00,P1D,fcre,1.6,ensemble,132,Chla_ugL_mean,10.7738761521158
vera4cast,chlorocast_ens3,2026-10-14 00:00:00,2026-10-04 00:00:00,P1D,fcre,1.6,ensemble,132,Chla_ugL_mean,10.7253114645681
vera4cast,chlorocast_ens3,2026-10-15 00:00:00,2026-10-04 00:00:00,P1D,fcre,1.6,ensemble,132,Chla_ugL_mean,10.7960304278777
vera4cast,chlorocast_ens3,2026-10-16 00:00:00,2026-10-04 00:00:00,P1D,fcre,1.6,ensemble,132,Chla_ugL_mean,10.8173487685063
vera4cast,chlorocast_ens3,2026-10-17 00:00:00,2026-10-04 00:00:00,P1D,fcre,1.6,ensemble,132,Chla_ugL_mean,10.832937837204
vera4cast,chlorocast_ens3,2026-10-18 00:00:00,2026-10-04 00:00:00,P1D,fcre,1.6,ensemble,132,Chla_ugL_mean,10.7742163953185
vera4cast,chlorocast_ens3,2026-10-19 00:00:00,2026-10-04 00:00:00,P1D,fcre,1.6,ensemble,132,Chla_ugL_mean,10.7696299522398
vera4cast,chlorocast_ens3,2026-10-20 00:00:00,2026-10-04 00:00:00,P1D,fcre,1.6,ensemble,132,Chla_ugL_mean,10.8037217049071
vera4cast,chlorocast_ens3,2026-10-21 00:00:00,2026-10-04 00:00:00,P1D,fcre,1.6,ensemble,132,Chla_ugL_mean,10.7014799125648
vera4cast,chlorocast_ens3,2026-10-22 00:00:00,2026-10-04 00:00:00,P1D,fcre,1.6,ensemble,132,Chla_ugL_mean,10.6024449375205
vera4cast,chlorocast_ens3,2026-10-23 00:00:00,2026-10-04 00:00:00,P1D,fcre,1.6,ensemble,132,Chla_ugL_mean,10.5916250706028
vera4cast,chlorocast_ens3,2026-10-24 00:00:00,2026-10-04 00:00:00,P1D,fcre,1.6,ensemble,132,Chla_ugL_mean,10.6968354500535
vera4cast,chlorocast_ens3,2026-10-25 00:00:00,2026-10-04 00:00:00,P1D,fcre,1.6,ensemble,132,Chla_ugL_mean,10.6064122113935
vera4cast,chlorocast_ens3,2026-10-26 00:00:00,2026-10-04 00:00:00,P1D,fcre,1.6,ensemble,132,Chla_ugL_mean,10.7518873193647
vera4cast,chlorocast_ens3,2026-10-27 00:00:00,2026-10-04 00:00:00,P1D,fcre,1.6,ensemble,132,Chla_ugL_mean,10.8129210878177
vera4cast,chlorocast_ens3,2026-10-28 00:00:00,2026-10-04 00:00:00,P1D,fcre,1.6,ensemble,132,Chla_ugL_mean,10.9722372991987
vera4cast,chlorocast_ens3,2026-10-29 00:00:00,2026-10-04 00:00:00,P1D,fcre,1.6,ensemble,132,Chla_ugL_mean,10.9423306586732
vera4cast,chlorocast_ens3,2026-10-30 00:00:00,2026-10-04 00:00:00,P1D,fcre,1.6,ensemble,132,Chla_ugL_mean,11.0658523484211
vera4cast,chlorocast_ens3,2026-10-31 00:00:00,2026-10-04 00:00:00,P1D,fcre,1.6,ensemble,132,Chla_ugL_mean,11.1970141158566
vera4cast,chlorocast_ens3,2026-11-01 00:00:00,2026-10-04 00:00:00,P1D,fcre,1.6,ensemble,132,Chla_ugL_mean,11.3450988915253
vera4cast,chlorocast_ens3,2026-11-02 00:00:00,2026-10-04 00:00:00,P1D,fcre,1.6,ensemble,132,Chla_ugL_mean,11.4185588134026
vera4cast,chlorocast_ens3,2026-11-03 00:00:00,2026-10-04 00:00:00,P1D,fcre,1.6,ensemble,132,Chla_ugL_mean,11.5644893987887
vera4cast,chlorocast_ens3,2026-11-04 00:00:00,2026-10-04 00:00:00,P1D,fcre,1.6,ensemble,132,Chla_ugL_mean,11.6418066840434
vera4cast,chlorocast_ens3,2026-11-05 00:00:00,2026-10-04 00:00:00,P1D,fcre,1.6,ensemble,132,Chla_ugL_mean,11.9087938957449
vera4cast,chlorocast_ens3,2026-11-06 00:00:00,2026-10-04 00:00:00,P1D,fcre,1.6,ensemble,132,Chla_ugL_mean,12.1969349320878
vera4cast,chlorocast_ens3,2026-11-07 00:00:00,2026-10-04 00:00:00,P1D,fcre,1.6,ensemble,132,Chla_ugL_mean,12.4102112133117
vera4cast,chlorocast_ens3,2026-11-08 00:00:00,2026-10-04 00:00:00,P1D,fcre,1.6,ensemble,132,Chla_ugL_mean,12.6329483403627
vera4cast,chlorocast_ens3,2026-10-05 00:00:00,2026-10-04 00:00:00,P1D,fcre,1.6,ensemble,133,Chla_ugL_mean,11.5221906267892
vera4cast,chlorocast_ens3,2026-10-06 00:00:00,2026-10-04 00:00:00,P1D,fcre,1.6,ensemble,133,Chla_ugL_mean,11.4996855891966
vera4cast,chlorocast_ens3,2026-10-07 00:00:00,2026-10-04 00:00:00,P1D,fcre,1.6,ensemble,133,Chla_ugL_mean,11.2968584804299
vera4cast,chlorocast_ens3,2026-10-08 00:00:00,2026-10-04 00:00:00,P1D,fcre,1.6,ensemble,133,Chla_ugL_mean,11.2328738072249
vera4cast,chlorocast_ens3,2026-10-09 00:00:00,2026-10-04 00:00:00,P1D,fcre,1.6,ensemble,133,Chla_ugL_mean,11.2546465823111
vera4cast,chlorocast_ens3,2026-10-10 00:00:00,2026-10-04 00:00:00,P1D,fcre,1.6,ensemble,133,Chla_ugL_mean,11.0463188570768
vera4cast,chlorocast_ens3,2026-10-11 00:00:00,2026-10-04 00:00:00,P1D,fcre,1.6,ensemble,133,Chla_ugL_mean,10.9770179794259
vera4cast,chlorocast_ens3,2026-10-12 00:00:00,2026-10-04 00:00:00,P1D,fcre,1.6,ensemble,133,Chla_ugL_mean,10.8391519329363
vera4cast,chlorocast_ens3,2026-10-13 00:00:00,2026-10-04 00:00:00,P1D,fcre,1.6,ensemble,133,Chla_ugL_mean,10.8734985406736
vera4cast,chlorocast_ens3,2026-10-14 00:00:00,2026-10-04 00:00:00,P1D,fcre,1.6,ensemble,133,Chla_ugL_mean,10.8270333317277
vera4cast,chlorocast_ens3,2026-10-15 00:00:00,2026-10-04 00:00:00,P1D,fcre,1.6,ensemble,133,Chla_ugL_mean,10.8970241453172
vera4cast,chlorocast_ens3,2026-10-16 00:00:00,2026-10-04 00:00:00,P1D,fcre,1.6,ensemble,133,Chla_ugL_mean,10.9190169019654
vera4cast,chlorocast_ens3,2026-10-17 00:00:00,2026-10-04 00:00:00,P1D,fcre,1.6,ensemble,133,Chla_ugL_mean,10.939917623823
vera4cast,chlorocast_ens3,2026-10-18 00:00:00,2026-10-04 00:00:00,P1D,fcre,1.6,ensemble,133,Chla_ugL_mean,10.8782217416198
vera4cast,chlorocast_ens3,2026-10-19 00:00:00,2026-10-04 00:00:00,P1D,fcre,1.6,ensemble,133,Chla_ugL_mean,10.872740631273
vera4cast,chlorocast_ens3,2026-10-20 00:00:00,2026-10-04 00:00:00,P1D,fcre,1.6,ensemble,133,Chla_ugL_mean,10.9036691409569
vera4cast,chlorocast_ens3,2026-10-21 00:00:00,2026-10-04 00:00:00,P1D,fcre,1.6,ensemble,133,Chla_ugL_mean,10.7995181882152
vera4cast,chlorocast_ens3,2026-10-22 00:00:00,2026-10-04 00:00:00,P1D,fcre,1.6,ensemble,133,Chla_ugL_mean,10.7020118042861
vera4cast,chlorocast_ens3,2026-10-23 00:00:00,2026-10-04 00:00:00,P1D,fcre,1.6,ensemble,133,Chla_ugL_mean,10.6940215023744
vera4cast,chlorocast_ens3,2026-10-24 00:00:00,2026-10-04 00:00:00,P1D,fcre,1.6,ensemble,133,Chla_ugL_mean,10.800506223192
vera4cast,chlorocast_ens3,2026-10-25 00:00:00,2026-10-04 00:00:00,P1D,fcre,1.6,ensemble,133,Chla_ugL_mean,10.7033316102413
vera4cast,chlorocast_ens3,2026-10-26 00:00:00,2026-10-04 00:00:00,P1D,fcre,1.6,ensemble,133,Chla_ugL_mean,10.8539764847183
vera4cast,chlorocast_ens3,2026-10-27 00:00:00,2026-10-04 00:00:00,P1D,fcre,1.6,ensemble,133,Chla_ugL_mean,10.9184730848047
vera4cast,chlorocast_ens3,2026-10-28 00:00:00,2026-10-04 00:00:00,P1D,fcre,1.6,ensemble,133,Chla_ugL_mean,11.0783093503179
vera4cast,chlorocast_ens3,2026-10-29 00:00:00,2026-10-04 00:00:00,P1D,fcre,1.6,ensemble,133,Chla_ugL_mean,11.0461577819552
vera4cast,chlorocast_ens3,2026-10-30 00:00:00,2026-10-04 00:00:00,P1D,fcre,1.6,ensemble,133,Chla_ugL_mean,11.1697214882301
vera4cast,chlorocast_ens3,2026-10-31 00:00:00,2026-10-04 00:00:00,P1D,fcre,1.6,ensemble,133,Chla_ugL_mean,11.3043479843697
vera4cast,chlorocast_ens3,2026-11-01 00:00:00,2026-10-04 00:00:00,P1D,fcre,1.6,ensemble,133,Chla_ugL_mean,11.4517481770192
vera4cast,chlorocast_ens3,2026-11-02 00:00:00,2026-10-04 00:00:00,P1D,fcre,1.6,ensemble,133,Chla_ugL_mean,11.5257912863279
vera4cast,chlorocast_ens3,2026-11-03 00:00:00,2026-10-04 00:00:00,P1D,fcre,1.6,ensemble,133,Chla_ugL_mean,11.6720948770281
vera4cast,chlorocast_ens3,2026-11-04 00:00:00,2026-10-04 00:00:00,P1D,fcre,1.6,ensemble,133,Chla_ugL_mean,11.7527550724017
vera4cast,chlorocast_ens3,2026-11-05 00:00:00,2026-10-04 00:00:00,P1D,fcre,1.6,ensemble,133,Chla_ugL_mean,12.014785654216
vera4cast,chlorocast_ens3,2026-11-06 00:00:00,2026-10-04 00:00:00,P1D,fcre,1.6,ensemble,133,Chla_ugL_mean,12.308918473601
vera4cast,chlorocast_ens3,2026-11-07 00:00:00,2026-10-04 00:00:00,P1D,fcre,1.6,ensemble,133,Chla_ugL_mean,12.5186178605568
vera4cast,chlorocast_ens3,2026-11-08 00:00:00,2026-10-04 00:00:00,P1D,fcre,1.6,ensemble,133,Chla_ugL_mean,12.7496299487007
vera4cast,chlorocast_ens3,2026-10-05 00:00:00,2026-10-04 00:00:00,P1D,fcre,1.6,ensemble,134,Chla_ugL_mean,11.6298213648962
vera4cast,chlorocast_ens3,2026-10-06 00:00:00,2026-10-04 00:00:00,P1D,fcre,1.6,ensemble,134,Chla_ugL_mean,11.601461376182
vera4cast,chlorocast_ens3,2026-10-07 00:00:00,2026-10-04 00:00:00,P1D,fcre,1.6,ensemble,134,Chla_ugL_mean,11.4009887596296
vera4cast,chlorocast_ens3,2026-10-08 00:00:00,2026-10-04 00:00:00,P1D,fcre,1.6,ensemble,134,Chla_ugL_mean,11.3360529350083
vera4cast,chlorocast_ens3,2026-10-09 00:00:00,2026-10-04 00:00:00,P1D,fcre,1.6,ensemble,134,Chla_ugL_mean,11.3598340117302
vera4cast,chlorocast_ens3,2026-10-10 00:00:00,2026-10-04 00:00:00,P1D,fcre,1.6,ensemble,134,Chla_ugL_mean,11.1524578767204
vera4cast,chlorocast_ens3,2026-10-11 00:00:00,2026-10-04 00:00:00,P1D,fcre,1.6,ensemble,134,Chla_ugL_mean,11.0841773020974
vera4cast,chlorocast_ens3,2026-10-12 00:00:00,2026-10-04 00:00:00,P1D,fcre,1.6,ensemble,134,Chla_ugL_mean,10.9411610303172
vera4cast,chlorocast_ens3,2026-10-13 00:00:00,2026-10-04 00:00:00,P1D,fcre,1.6,ensemble,134,Chla_ugL_mean,10.9739638649115
vera4cast,chlorocast_ens3,2026-10-14 00:00:00,2026-10-04 00:00:00,P1D,fcre,1.6,ensemble,134,Chla_ugL_mean,10.9296376776418
vera4cast,chlorocast_ens3,2026-10-15 00:00:00,2026-10-04 00:00:00,P1D,fcre,1.6,ensemble,134,Chla_ugL_mean,10.9988825376171
vera4cast,chlorocast_ens3,2026-10-16 00:00:00,2026-10-04 00:00:00,P1D,fcre,1.6,ensemble,134,Chla_ugL_mean,11.0215597163334
vera4cast,chlorocast_ens3,2026-10-17 00:00:00,2026-10-04 00:00:00,P1D,fcre,1.6,ensemble,134,Chla_ugL_mean,11.0478645983798
vera4cast,chlorocast_ens3,2026-10-18 00:00:00,2026-10-04 00:00:00,P1D,fcre,1.6,ensemble,134,Chla_ugL_mean,10.9831457997653
vera4cast,chlorocast_ens3,2026-10-19 00:00:00,2026-10-04 00:00:00,P1D,fcre,1.6,ensemble,134,Chla_ugL_mean,10.9767546362538
vera4cast,chlorocast_ens3,2026-10-20 00:00:00,2026-10-04 00:00:00,P1D,fcre,1.6,ensemble,134,Chla_ugL_mean,11.0044628770317
vera4cast,chlorocast_ens3,2026-10-21 00:00:00,2026-10-04 00:00:00,P1D,fcre,1.6,ensemble,134,Chla_ugL_mean,10.8983778559941
vera4cast,chlorocast_ens3,2026-10-22 00:00:00,2026-10-04 00:00:00,P1D,fcre,1.6,ensemble,134,Chla_ugL_mean,10.8024331082855
vera4cast,chlorocast_ens3,2026-10-23 00:00:00,2026-10-04 00:00:00,P1D,fcre,1.6,ensemble,134,Chla_ugL_mean,10.7973224690302
vera4cast,chlorocast_ens3,2026-10-24 00:00:00,2026-10-04 00:00:00,P1D,fcre,1.6,ensemble,134,Chla_ugL_mean,10.9050958456424
vera4cast,chlorocast_ens3,2026-10-25 00:00:00,2026-10-04 00:00:00,P1D,fcre,1.6,ensemble,134,Chla_ugL_mean,10.8010603349774
vera4cast,chlorocast_ens3,2026-10-26 00:00:00,2026-10-04 00:00:00,P1D,fcre,1.6,ensemble,134,Chla_ugL_mean,10.9569525031704
vera4cast,chlorocast_ens3,2026-10-27 00:00:00,2026-10-04 00:00:00,P1D,fcre,1.6,ensemble,134,Chla_ugL_mean,11.0249682205789
vera4cast,chlorocast_ens3,2026-10-28 00:00:00,2026-10-04 00:00:00,P1D,fcre,1.6,ensemble,134,Chla_ugL_mean,11.1853211823442
vera4cast,chlorocast_ens3,2026-10-29 00:00:00,2026-10-04 00:00:00,P1D,fcre,1.6,ensemble,134,Chla_ugL_mean,11.1508875825988
vera4cast,chlorocast_ens3,2026-10-30 00:00:00,2026-10-04 00:00:00,P1D,fcre,1.6,ensemble,134,Chla_ugL_mean,11.2744847876802
vera4cast,chlorocast_ens3,2026-10-31 00:00:00,2026-10-04 00:00:00,P1D,fcre,1.6,ensemble,134,Chla_ugL_mean,11.4126263921954
vera4cast,chlorocast_ens3,2026-11-01 00:00:00,2026-10-04 00:00:00,P1D,fcre,1.6,ensemble,134,Chla_ugL_mean,11.5593188054847
vera4cast,chlorocast_ens3,2026-11-02 00:00:00,2026-10-04 00:00:00,P1D,fcre,1.6,ensemble,134,Chla_ugL_mean,11.6339496962658
vera4cast,chlorocast_ens3,2026-11-03 00:00:00,2026-10-04 00:00:00,P1D,fcre,1.6,ensemble,134,Chla_ugL_mean,11.780621915912
vera4cast,chlorocast_ens3,2026-11-04 00:00:00,2026-10-04 00:00:00,P1D,fcre,1.6,ensemble,134,Chla_ugL_mean,11.8646771779816
vera4cast,chlorocast_ens3,2026-11-05 00:00:00,2026-10-04 00:00:00,P1D,fcre,1.6,ensemble,134,Chla_ugL_mean,12.1216476917351
vera4cast,chlorocast_ens3,2026-11-06 00:00:00,2026-10-04 00:00:00,P1D,fcre,1.6,ensemble,134,Chla_ugL_mean,12.4218522595182
vera4cast,chlorocast_ens3,2026-11-07 00:00:00,2026-10-04 00:00:00,P1D,fcre,1.6,ensemble,134,Chla_ugL_mean,12.6279008550107
vera4cast,chlorocast_ens3,2026-11-08 00:00:00,2026-10-04 00:00:00,P1D,fcre,1.6,ensemble,134,Chla_ugL_mean,12.8673102109898
vera4cast,chlorocast_ens3,2026-10-05 00:00:00,2026-10-04 00:00:00,P1D,fcre,1.6,ensemble,135,Chla_ugL_mean,11.7383772107684
vera4cast,chlorocast_ens3,2026-10-06 00:00:00,2026-10-04 00:00:00,P1D,fcre,1.6,ensemble,135,Chla_ugL_mean,11.7040658488765
vera4cast,chlorocast_ens3,2026-10-07 00:00:00,2026-10-04 00:00:00,P1D,fcre,1.6,ensemble,135,Chla_ugL_mean,11.5060008181117
vera4cast,chlorocast_ens3,2026-10-08 00:00:00,2026-10-04 00:00:00,P1D,fcre,1.6,ensemble,135,Chla_ugL_mean,11.4401023351886
vera4cast,chlorocast_ens3,2026-10-09 00:00:00,2026-10-04 00:00:00,P1D,fcre,1.6,ensemble,135,Chla_ugL_mean,11.4659243146212
vera4cast,chlorocast_ens3,2026-10-10 00:00:00,2026-10-04 00:00:00,P1D,fcre,1.6,ensemble,135,Chla_ugL_mean,11.2595320776111
vera4cast,chlorocast_ens3,2026-10-11 00:00:00,2026-10-04 00:00:00,P1D,fcre,1.6,ensemble,135,Chla_ugL_mean,11.1922953876641
vera4cast,chlorocast_ens3,2026-10-12 00:00:00,2026-10-04 00:00:00,P1D,fcre,1.6,ensemble,135,Chla_ugL_mean,11.0440490636225
vera4cast,chlorocast_ens3,2026-10-13 00:00:00,2026-10-04 00:00:00,P1D,fcre,1.6,ensemble,135,Chla_ugL_mean,11.0752792571677
vera4cast,chlorocast_ens3,2026-10-14 00:00:00,2026-10-04 00:00:00,P1D,fcre,1.6,ensemble,135,Chla_ugL_mean,11.0331321581744
vera4cast,chlorocast_ens3,2026-10-15 00:00:00,2026-10-04 00:00:00,P1D,fcre,1.6,ensemble,135,Chla_ugL_mean,11.1016130078378
vera4cast,chlorocast_ens3,2026-10-16 00:00:00,2026-10-04 00:00:00,P1D,fcre,1.6,ensemble,135,Chla_ugL_mean,11.1249847367478
vera4cast,chlorocast_ens3,2026-10-17 00:00:00,2026-10-04 00:00:00,P1D,fcre,1.6,ensemble,135,Chla_ugL_mean,11.1567875050731
vera4cast,chlorocast_ens3,2026-10-18 00:00:00,2026-10-04 00:00:00,P1D,fcre,1.6,ensemble,135,Chla_ugL_mean,11.088996685025
vera4cast,chlorocast_ens3,2026-10-19 00:00:00,2026-10-04 00:00:00,P1D,fcre,1.6,ensemble,135,Chla_ugL_mean,11.081679880987
vera4cast,chlorocast_ens3,2026-10-20 00:00:00,2026-10-04 00:00:00,P1D,fcre,1.6,ensemble,135,Chla_ugL_mean,11.1061100791354
vera4cast,chlorocast_ens3,2026-10-21 00:00:00,2026-10-04 00:00:00,P1D,fcre,1.6,ensemble,135,Chla_ugL_mean,10.9980657977548
vera4cast,chlorocast_ens3,2026-10-22 00:00:00,2026-10-04 00:00:00,P1D,fcre,1.6,ensemble,135,Chla_ugL_mean,10.9037161819076
vera4cast,chlorocast_ens3,2026-10-23 00:00:00,2026-10-04 00:00:00,P1D,fcre,1.6,ensemble,135,Chla_ugL_mean,10.9015359609203
vera4cast,chlorocast_ens3,2026-10-24 00:00:00,2026-10-04 00:00:00,P1D,fcre,1.6,ensemble,135,Chla_ugL_mean,11.0106124613011
vera4cast,chlorocast_ens3,2026-10-25 00:00:00,2026-10-04 00:00:00,P1D,fcre,1.6,ensemble,135,Chla_ugL_mean,10.8996051438814
vera4cast,chlorocast_ens3,2026-10-26 00:00:00,2026-10-04 00:00:00,P1D,fcre,1.6,ensemble,135,Chla_ugL_mean,11.0608230788532
vera4cast,chlorocast_ens3,2026-10-27 00:00:00,2026-10-04 00:00:00,P1D,fcre,1.6,ensemble,135,Chla_ugL_mean,11.1324149223685
vera4cast,chlorocast_ens3,2026-10-28 00:00:00,2026-10-04 00:00:00,P1D,fcre,1.6,ensemble,135,Chla_ugL_mean,11.2932811215817
vera4cast,chlorocast_ens3,2026-10-29 00:00:00,2026-10-04 00:00:00,P1D,fcre,1.6,ensemble,135,Chla_ugL_mean,11.2565279085186
vera4cast,chlorocast_ens3,2026-10-30 00:00:00,2026-10-04 00:00:00,P1D,fcre,1.6,ensemble,135,Chla_ugL_mean,11.3801499441631
vera4cast,chlorocast_ens3,2026-10-31 00:00:00,2026-10-04 00:00:00,P1D,fcre,1.6,ensemble,135,Chla_ugL_mean,11.521857651291
vera4cast,chlorocast_ens3,2026-11-01 00:00:00,2026-10-04 00:00:00,P1D,fcre,1.6,ensemble,135,Chla_ugL_mean,11.6678187364018
vera4cast,chlorocast_ens3,2026-11-02 00:00:00,2026-10-04 00:00:00,P1D,fcre,1.6,ensemble,135,Chla_ugL_mean,11.7430420385497
vera4cast,chlorocast_ens3,2026-11-03 00:00:00,2026-10-04 00:00:00,P1D,fcre,1.6,ensemble,135,Chla_ugL_mean,11.8900784079196
vera4cast,chlorocast_ens3,2026-11-04 00:00:00,2026-10-04 00:00:00,P1D,fcre,1.6,ensemble,135,Chla_ugL_mean,11.9775815464253
vera4cast,chlorocast_ens3,2026-11-05 00:00:00,2026-10-04 00:00:00,P1D,fcre,1.6,ensemble,135,Chla_ugL_mean,12.2293871540054
vera4cast,chlorocast_ens3,2026-11-06 00:00:00,2026-10-04 00:00:00,P1D,fcre,1.6,ensemble,135,Chla_ugL_mean,12.5357443532068
vera4cast,chlorocast_ens3,2026-11-07 00:00:00,2026-10-04 00:00:00,P1D,fcre,1.6,ensemble,135,Chla_ugL_mean,12.7380672809662
vera4cast,chlorocast_ens3,2026-11-08 00:00:00,2026-10-04 00:00:00,P1D,fcre,1.6,ensemble,135,Chla_ugL_mean,12.9859976745042
vera4cast,chlorocast_ens3,2026-10-05 00:00:00,2026-10-04 00:00:00,P1D,fcre,1.6,ensemble,136,Chla_ugL_mean,11.8478661158923
vera4cast,chlorocast_ens3,2026-10-06 00:00:00,2026-10-04 00:00:00,P1D,fcre,1.6,ensemble,136,Chla_ugL_mean,11.8075057546611
vera4cast,chlorocast_ens3,2026-10-07 00:00:00,2026-10-04 00:00:00,P1D,fcre,1.6,ensemble,136,Chla_ugL_mean,11.6119021228177
vera4cast,chlorocast_ens3,2026-10-08 00:00:00,2026-10-04 00:00:00,P1D,fcre,1.6,ensemble,136,Chla_ugL_mean,11.5450293481463
vera4cast,chlorocast_ens3,2026-10-09 00:00:00,2026-10-04 00:00:00,P1D,fcre,1.6,ensemble,136,Chla_ugL_mean,11.5729252407744
vera4cast,chlorocast_ens3,2026-10-10 00:00:00,2026-10-04 00:00:00,P1D,fcre,1.6,ensemble,136,Chla_ugL_mean,11.3675496995456
vera4cast,chlorocast_ens3,2026-10-11 00:00:00,2026-10-04 00:00:00,P1D,fcre,1.6,ensemble,136,Chla_ugL_mean,11.3013808142533
vera4cast,chlorocast_ens3,2026-10-12 00:00:00,2026-10-04 00:00:00,P1D,fcre,1.6,ensemble,136,Chla_ugL_mean,11.1478236059843
vera4cast,chlorocast_ens3,2026-10-13 00:00:00,2026-10-04 00:00:00,P1D,fcre,1.6,ensemble,136,Chla_ugL_mean,11.1774519101291
vera4cast,chlorocast_ens3,2026-10-14 00:00:00,2026-10-04 00:00:00,P1D,fcre,1.6,ensemble,136,Chla_ugL_mean,11.1375244956066
vera4cast,chlorocast_ens3,2026-10-15 00:00:00,2026-10-04 00:00:00,P1D,fcre,1.6,ensemble,136,Chla_ugL_mean,11.2052230224227
vera4cast,chlorocast_ens3,2026-10-16 00:00:00,2026-10-04 00:00:00,P1D,fcre,1.6,ensemble,136,Chla_ugL_mean,11.2292995530872
vera4cast,chlorocast_ens3,2026-10-17 00:00:00,2026-10-04 00:00:00,P1D,fcre,1.6,ensemble,136,Chla_ugL_mean,11.2666951671565
vera4cast,chlorocast_ens3,2026-10-18 00:00:00,2026-10-04 00:00:00,P1D,fcre,1.6,ensemble,136,Chla_ugL_mean,11.1957825843534
vera4cast,chlorocast_ens3,2026-10-19 00:00:00,2026-10-04 00:00:00,P1D,fcre,1.6,ensemble,136,Chla_ugL_mean,11.1875243486078
vera4cast,chlorocast_ens3,2026-10-20 00:00:00,2026-10-04 00:00:00,P1D,fcre,1.6,ensemble,136,Chla_ugL_mean,11.20861797395
vera4cast,chlorocast_ens3,2026-10-21 00:00:00,2026-10-04 00:00:00,P1D,fcre,1.6,ensemble,136,Chla_ugL_mean,11.0985889530088
vera4cast,chlorocast_ens3,2026-10-22 00:00:00,2026-10-04 00:00:00,P1D,fcre,1.6,ensemble,136,Chla_ugL_mean,11.0058684204644
vera4cast,chlorocast_ens3,2026-10-23 00:00:00,2026-10-04 00:00:00,P1D,fcre,1.6,ensemble,136,Chla_ugL_mean,11.006670038979
vera4cast,chlorocast_ens3,2026-10-24 00:00:00,2026-10-04 00:00:00,P1D,fcre,1.6,ensemble,136,Chla_ugL_mean,11.1170642862453
vera4cast,chlorocast_ens3,2026-10-25 00:00:00,2026-10-04 00:00:00,P1D,fcre,1.6,ensemble,136,Chla_ugL_mean,10.9989728516679
vera4cast,chlorocast_ens3,2026-10-26 00:00:00,2026-10-04 00:00:00,P1D,fcre,1.6,ensemble,136,Chla_ugL_mean,11.1655959828249
vera4cast,chlorocast_ens3,2026-10-27 00:00:00,2026-10-04 00:00:00,P1D,fcre,1.6,ensemble,136,Chla_ugL_mean,11.2408216927016
vera4cast,chlorocast_ens3,2026-10-28 00:00:00,2026-10-04 00:00:00,P1D,fcre,1.6,ensemble,136,Chla_ugL_mean,11.402197568104
vera4cast,chlorocast_ens3,2026-10-29 00:00:00,2026-10-04 00:00:00,P1D,fcre,1.6,ensemble,136,Chla_ugL_mean,11.3630866758597
vera4cast,chlorocast_ens3,2026-10-30 00:00:00,2026-10-04 00:00:00,P1D,fcre,1.6,ensemble,136,Chla_ugL_mean,11.4867247213338
vera4cast,chlorocast_ens3,2026-10-31 00:00:00,2026-10-04 00:00:00,P1D,fcre,1.6,ensemble,136,Chla_ugL_mean,11.6320501467589
vera4cast,chlorocast_ens3,2026-11-01 00:00:00,2026-10-04 00:00:00,P1D,fcre,1.6,ensemble,136,Chla_ugL_mean,11.7772559980127
vera4cast,chlorocast_ens3,2026-11-02 00:00:00,2026-10-04 00:00:00,P1D,fcre,1.6,ensemble,136,Chla_ugL_mean,11.8530763775513
vera4cast,chlorocast_ens3,2026-11-03 00:00:00,2026-10-04 00:00:00,P1D,fcre,1.6,ensemble,136,Chla_ugL_mean,12.0004723131237
vera4cast,chlorocast_ens3,2026-11-04 00:00:00,2026-10-04 00:00:00,P1D,fcre,1.6,ensemble,136,Chla_ugL_mean,12.0914767983739
vera4cast,chlorocast_ens3,2026-11-05 00:00:00,2026-10-04 00:00:00,P1D,fcre,1.6,ensemble,136,Chla_ugL_mean,12.3380112454017
vera4cast,chlorocast_ens3,2026-11-06 00:00:00,2026-10-04 00:00:00,P1D,fcre,1.6,ensemble,136,Chla_ugL_mean,12.6506028864564
vera4cast,chlorocast_ens3,2026-11-07 00:00:00,2026-10-04 00:00:00,P1D,fcre,1.6,ensemble,136,Chla_ugL_mean,12.8491242799848
vera4cast,chlorocast_ens3,2026-11-08 00:00:00,2026-10-04 00:00:00,P1D,fcre,1.6,ensemble,136,Chla_ugL_mean,13.1057009596727
vera4cast,chlorocast_ens3,2026-10-05 00:00:00,2026-10-04 00:00:00,P1D,fcre,1.6,ensemble,137,Chla_ugL_mean,11.9582961000993
vera4cast,chlorocast_ens3,2026-10-06 00:00:00,2026-10-04 00:00:00,P1D,fcre,1.6,ensemble,137,Chla_ugL_mean,11.9117878958556
vera4cast,chlorocast_ens3,2026-10-07 00:00:00,2026-10-04 00:00:00,P1D,fcre,1.6,ensemble,137,Chla_ugL_mean,11.7187002039194
vera4cast,chlorocast_ens3,2026-10-08 00:00:00,2026-10-04 00:00:00,P1D,fcre,1.6,ensemble,137,Chla_ugL_mean,11.6508413761747
vera4cast,chlorocast_ens3,2026-10-09 00:00:00,2026-10-04 00:00:00,P1D,fcre,1.6,ensemble,137,Chla_ugL_mean,11.6808446065001
vera4cast,chlorocast_ens3,2026-10-10 00:00:00,2026-10-04 00:00:00,P1D,fcre,1.6,ensemble,137,Chla_ugL_mean,11.4765190549211
vera4cast,chlorocast_ens3,2026-10-11 00:00:00,2026-10-04 00:00:00,P1D,fcre,1.6,ensemble,137,Chla_ugL_mean,11.4114422367412
vera4cast,chlorocast_ens3,2026-10-12 00:00:00,2026-10-04 00:00:00,P1D,fcre,1.6,ensemble,137,Chla_ugL_mean,11.2524922957864
vera4cast,chlorocast_ens3,2026-10-13 00:00:00,2026-10-04 00:00:00,P1D,fcre,1.6,ensemble,137,Chla_ugL_mean,11.2804890773425
vera4cast,chlorocast_ens3,2026-10-14 00:00:00,2026-10-04 00:00:00,P1D,fcre,1.6,ensemble,137,Chla_ugL_mean,11.2428224792141
vera4cast,chlorocast_ens3,2026-10-15 00:00:00,2026-10-04 00:00:00,P1D,fcre,1.6,ensemble,137,Chla_ugL_mean,11.3097201117401
vera4cast,chlorocast_ens3,2026-10-16 00:00:00,2026-10-04 00:00:00,P1D,fcre,1.6,ensemble,137,Chla_ugL_mean,11.3345118205281
vera4cast,chlorocast_ens3,2026-10-17 00:00:00,2026-10-04 00:00:00,P1D,fcre,1.6,ensemble,137,Chla_ugL_mean,11.3775964876533
vera4cast,chlorocast_ens3,2026-10-18 00:00:00,2026-10-04 00:00:00,P1D,fcre,1.6,ensemble,137,Chla_ugL_mean,11.303511757023
vera4cast,chlorocast_ens3,2026-10-19 00:00:00,2026-10-04 00:00:00,P1D,fcre,1.6,ensemble,137,Chla_ugL_mean,11.29429609219
vera4cast,chlorocast_ens3,2026-10-20 00:00:00,2026-10-04 00:00:00,P1D,fcre,1.6,ensemble,137,Chla_ugL_mean,11.3119938493488
vera4cast,chlorocast_ens3,2026-10-21 00:00:00,2026-10-04 00:00:00,P1D,fcre,1.6,ensemble,137,Chla_ugL_mean,11.1999543194084
vera4cast,chlorocast_ens3,2026-10-22 00:00:00,2026-10-04 00:00:00,P1D,fcre,1.6,ensemble,137,Chla_ugL_mean,11.1088972827312
vera4cast,chlorocast_ens3,2026-10-23 00:00:00,2026-10-04 00:00:00,P1D,fcre,1.6,ensemble,137,Chla_ugL_mean,11.1127328353482
vera4cast,chlorocast_ens3,2026-10-24 00:00:00,2026-10-04 00:00:00,P1D,fcre,1.6,ensemble,137,Chla_ugL_mean,11.2244596093726
vera4cast,chlorocast_ens3,2026-10-25 00:00:00,2026-10-04 00:00:00,P1D,fcre,1.6,ensemble,137,Chla_ugL_mean,11.0991703299578
vera4cast,chlorocast_ens3,2026-10-26 00:00:00,2026-10-04 00:00:00,P1D,fcre,1.6,ensemble,137,Chla_ugL_mean,11.2712790536512
vera4cast,chlorocast_ens3,2026-10-27 00:00:00,2026-10-04 00:00:00,P1D,fcre,1.6,ensemble,137,Chla_ugL_mean,11.350197110079
vera4cast,chlorocast_ens3,2026-10-28 00:00:00,2026-10-04 00:00:00,P1D,fcre,1.6,ensemble,137,Chla_ugL_mean,11.5120789964084
vera4cast,chlorocast_ens3,2026-10-29 00:00:00,2026-10-04 00:00:00,P1D,fcre,1.6,ensemble,137,Chla_ugL_mean,11.4705718695902
vera4cast,chlorocast_ens3,2026-10-30 00:00:00,2026-10-04 00:00:00,P1D,fcre,1.6,ensemble,137,Chla_ugL_mean,11.5942169496807
vera4cast,chlorocast_ens3,2026-10-31 00:00:00,2026-10-04 00:00:00,P1D,fcre,1.6,ensemble,137,Chla_ugL_mean,11.7432123374905
vera4cast,chlorocast_ens3,2026-11-01 00:00:00,2026-10-04 00:00:00,P1D,fcre,1.6,ensemble,137,Chla_ugL_mean,11.8876386879154
vera4cast,chlorocast_ens3,2026-11-02 00:00:00,2026-10-04 00:00:00,P1D,fcre,1.6,ensemble,137,Chla_ugL_mean,11.964060847277
vera4cast,chlorocast_ens3,2026-11-03 00:00:00,2026-10-04 00:00:00,P1D,fcre,1.6,ensemble,137,Chla_ugL_mean,12.1118116597689
vera4cast,chlorocast_ens3,2026-11-04 00:00:00,2026-10-04 00:00:00,P1D,fcre,1.6,ensemble,137,Chla_ugL_mean,12.2063716301264
vera4cast,chlorocast_ens3,2026-11-05 00:00:00,2026-10-04 00:00:00,P1D,fcre,1.6,ensemble,137,Chla_ugL_mean,12.4475272294529
vera4cast,chlorocast_ens3,2026-11-06 00:00:00,2026-10-04 00:00:00,P1D,fcre,1.6,ensemble,137,Chla_ugL_mean,12.7664360600594
vera4cast,chlorocast_ens3,2026-11-07 00:00:00,2026-10-04 00:00:00,P1D,fcre,1.6,ensemble,137,Chla_ugL_mean,12.9610790513595
vera4cast,chlorocast_ens3,2026-11-08 00:00:00,2026-10-04 00:00:00,P1D,fcre,1.6,ensemble,137,Chla_ugL_mean,13.2264287607043
vera4cast,chlorocast_ens3,2026-10-05 00:00:00,2026-10-04 00:00:00,P1D,fcre,1.6,ensemble,138,Chla_ugL_mean,12.0696752521526
vera4cast,chlorocast_ens3,2026-10-06 00:00:00,2026-10-04 00:00:00,P1D,fcre,1.6,ensemble,138,Chla_ugL_mean,12.0169191301664
vera4cast,chlorocast_ens3,2026-10-07 00:00:00,2026-10-04 00:00:00,P1D,fcre,1.6,ensemble,138,Chla_ugL_mean,11.8264026553545
vera4cast,chlorocast_ens3,2026-10-08 00:00:00,2026-10-04 00:00:00,P1D,fcre,1.6,ensemble,138,Chla_ugL_mean,11.7575458840025
vera4cast,chlorocast_ens3,2026-10-09 00:00:00,2026-10-04 00:00:00,P1D,fcre,1.6,ensemble,138,Chla_ugL_mean,11.7896902951995
vera4cast,chlorocast_ens3,2026-10-10 00:00:00,2026-10-04 00:00:00,P1D,fcre,1.6,ensemble,138,Chla_ugL_mean,11.5864485293743
vera4cast,chlorocast_ens3,2026-10-11 00:00:00,2026-10-04 00:00:00,P1D,fcre,1.6,ensemble,138,Chla_ugL_mean,11.52248838744
vera4cast,chlorocast_ens3,2026-10-12 00:00:00,2026-10-04 00:00:00,P1D,fcre,1.6,ensemble,138,Chla_ugL_mean,11.3580628372272
vera4cast,chlorocast_ens3,2026-10-13 00:00:00,2026-10-04 00:00:00,P1D,fcre,1.6,ensemble,138,Chla_ugL_mean,11.3843980737287
vera4cast,chlorocast_ens3,2026-10-14 00:00:00,2026-10-04 00:00:00,P1D,fcre,1.6,ensemble,138,Chla_ugL_mean,11.3490339658473
vera4cast,chlorocast_ens3,2026-10-15 00:00:00,2026-10-04 00:00:00,P1D,fcre,1.6,ensemble,138,Chla_ugL_mean,11.415111870631
vera4cast,chlorocast_ens3,2026-10-16 00:00:00,2026-10-04 00:00:00,P1D,fcre,1.6,ensemble,138,Chla_ugL_mean,11.4406292601068
vera4cast,chlorocast_ens3,2026-10-17 00:00:00,2026-10-04 00:00:00,P1D,fcre,1.6,ensemble,138,Chla_ugL_mean,11.4895004500777
vera4cast,chlorocast_ens3,2026-10-18 00:00:00,2026-10-04 00:00:00,P1D,fcre,1.6,ensemble,138,Chla_ugL_mean,11.4121925352631
vera4cast,chlorocast_ens3,2026-10-19 00:00:00,2026-10-04 00:00:00,P1D,fcre,1.6,ensemble,138,Chla_ugL_mean,11.402003235358
vera4cast,chlorocast_ens3,2026-10-20 00:00:00,2026-10-04 00:00:00,P1D,fcre,1.6,ensemble,138,Chla_ugL_mean,11.4162450549149
vera4cast,chlorocast_ens3,2026-10-21 00:00:00,2026-10-04 00:00:00,P1D,fcre,1.6,ensemble,138,Chla_ugL_mean,11.3021689532347
vera4cast,chlorocast_ens3,2026-10-22 00:00:00,2026-10-04 00:00:00,P1D,fcre,1.6,ensemble,138,Chla_ugL_mean,11.212810291491
vera4cast,chlorocast_ens3,2026-10-23 00:00:00,2026-10-04 00:00:00,P1D,fcre,1.6,ensemble,138,Chla_ugL_mean,11.2197325540062
vera4cast,chlorocast_ens3,2026-10-24 00:00:00,2026-10-04 00:00:00,P1D,fcre,1.6,ensemble,138,Chla_ugL_mean,11.332806793046
vera4cast,chlorocast_ens3,2026-10-25 00:00:00,2026-10-04 00:00:00,P1D,fcre,1.6,ensemble,138,Chla_ugL_mean,11.2002045077535
vera4cast,chlorocast_ens3,2026-10-26 00:00:00,2026-10-04 00:00:00,P1D,fcre,1.6,ensemble,138,Chla_ugL_mean,11.3778801979921
vera4cast,chlorocast_ens3,2026-10-27 00:00:00,2026-10-04 00:00:00,P1D,fcre,1.6,ensemble,138,Chla_ugL_mean,11.4605498296528
vera4cast,chlorocast_ens3,2026-10-28 00:00:00,2026-10-04 00:00:00,P1D,fcre,1.6,ensemble,138,Chla_ugL_mean,11.6229339560745
vera4cast,chlorocast_ens3,2026-10-29 00:00:00,2026-10-04 00:00:00,P1D,fcre,1.6,ensemble,138,Chla_ugL_mean,11.5789915441
vera4cast,chlorocast_ens3,2026-10-30 00:00:00,2026-10-04 00:00:00,P1D,fcre,1.6,ensemble,138,Chla_ugL_mean,11.7026345271014
vera4cast,chlorocast_ens3,2026-10-31 00:00:00,2026-10-04 00:00:00,P1D,fcre,1.6,ensemble,138,Chla_ugL_mean,11.8553527568156
vera4cast,chlorocast_ens3,2026-11-01 00:00:00,2026-10-04 00:00:00,P1D,fcre,1.6,ensemble,138,Chla_ugL_mean,11.9989749736631
vera4cast,chlorocast_ens3,2026-11-02 00:00:00,2026-10-04 00:00:00,P1D,fcre,1.6,ensemble,138,Chla_ugL_mean,12.0760036519692
vera4cast,chlorocast_ens3,2026-11-03 00:00:00,2026-10-04 00:00:00,P1D,fcre,1.6,ensemble,138,Chla_ugL_mean,12.2241045448559
vera4cast,chlorocast_ens3,2026-11-04 00:00:00,2026-10-04 00:00:00,P1D,fcre,1.6,ensemble,138,Chla_ugL_mean,12.3222748143029
vera4cast,chlorocast_ens3,2026-11-05 00:00:00,2026-10-04 00:00:00,P1D,fcre,1.6,ensemble,138,Chla_ugL_mean,12.5579424293274
vera4cast,chlorocast_ens3,2026-11-06 00:00:00,2026-10-04 00:00:00,P1D,fcre,1.6,ensemble,138,Chla_ugL_mean,12.8832521443966
vera4cast,chlorocast_ens3,2026-11-07 00:00:00,2026-10-04 00:00:00,P1D,fcre,1.6,ensemble,138,Chla_ugL_mean,13.0739388525816
vera4cast,chlorocast_ens3,2026-11-08 00:00:00,2026-10-04 00:00:00,P1D,fcre,1.6,ensemble,138,Chla_ugL_mean,13.3481898462203
vera4cast,chlorocast_ens3,2026-10-05 00:00:00,2026-10-04 00:00:00,P1D,fcre,1.6,ensemble,139,Chla_ugL_mean,12.1820117303403
vera4cast,chlorocast_ens3,2026-10-06 00:00:00,2026-10-04 00:00:00,P1D,fcre,1.6,ensemble,139,Chla_ugL_mean,12.1229063711369
vera4cast,chlorocast_ens3,2026-10-07 00:00:00,2026-10-04 00:00:00,P1D,fcre,1.6,ensemble,139,Chla_ugL_mean,11.9350171353663
vera4cast,chlorocast_ens3,2026-10-08 00:00:00,2026-10-04 00:00:00,P1D,fcre,1.6,ensemble,139,Chla_ugL_mean,11.86515039932
vera4cast,chlorocast_ens3,2026-10-09 00:00:00,2026-10-04 00:00:00,P1D,fcre,1.6,ensemble,139,Chla_ugL_mean,11.8994702579411
vera4cast,chlorocast_ens3,2026-10-10 00:00:00,2026-10-04 00:00:00,P1D,fcre,1.6,ensemble,139,Chla_ugL_mean,11.6973465824271
vera4cast,chlorocast_ens3,2026-10-11 00:00:00,2026-10-04 00:00:00,P1D,fcre,1.6,ensemble,139,Chla_ugL_mean,11.6345280767904
vera4cast,chlorocast_ens3,2026-10-12 00:00:00,2026-10-04 00:00:00,P1D,fcre,1.6,ensemble,139,Chla_ugL_mean,11.4645430008862
vera4cast,chlorocast_ens3,2026-10-13 00:00:00,2026-10-04 00:00:00,P1D,fcre,1.6,ensemble,139,Chla_ugL_mean,11.4891862761028
vera4cast,chlorocast_ens3,2026-10-14 00:00:00,2026-10-04 00:00:00,P1D,fcre,1.6,ensemble,139,Chla_ugL_mean,11.4561668805182
vera4cast,chlorocast_ens3,2026-10-15 00:00:00,2026-10-04 00:00:00,P1D,fcre,1.6,ensemble,139,Chla_ugL_mean,11.5214059589609
vera4cast,chlorocast_ens3,2026-10-16 00:00:00,2026-10-04 00:00:00,P1D,fcre,1.6,ensemble,139,Chla_ugL_mean,11.547659659286
vera4cast,chlorocast_ens3,2026-10-17 00:00:00,2026-10-04 00:00:00,P1D,fcre,1.6,ensemble,139,Chla_ugL_mean,11.6024161191626
vera4cast,chlorocast_ens3,2026-10-18 00:00:00,2026-10-04 00:00:00,P1D,fcre,1.6,ensemble,139,Chla_ugL_mean,11.5218333249043
vera4cast,chlorocast_ens3,2026-10-19 00:00:00,2026-10-04 00:00:00,P1D,fcre,1.6,ensemble,139,Chla_ugL_mean,11.5106539729052
vera4cast,chlorocast_ens3,2026-10-20 00:00:00,2026-10-04 00:00:00,P1D,fcre,1.6,ensemble,139,Chla_ugL_mean,11.5213790024638
vera4cast,chlorocast_ens3,2026-10-21 00:00:00,2026-10-04 00:00:00,P1D,fcre,1.6,ensemble,139,Chla_ugL_mean,11.4052399698878
vera4cast,chlorocast_ens3,2026-10-22 00:00:00,2026-10-04 00:00:00,P1D,fcre,1.6,ensemble,139,Chla_ugL_mean,11.3176150340841
vera4cast,chlorocast_ens3,2026-10-23 00:00:00,2026-10-04 00:00:00,P1D,fcre,1.6,ensemble,139,Chla_ugL_mean,11.3276774714024
vera4cast,chlorocast_ens3,2026-10-24 00:00:00,2026-10-04 00:00:00,P1D,fcre,1.6,ensemble,139,Chla_ugL_mean,11.4421142737457
vera4cast,chlorocast_ens3,2026-10-25 00:00:00,2026-10-04 00:00:00,P1D,fcre,1.6,ensemble,139,Chla_ugL_mean,11.3020823719182
vera4cast,chlorocast_ens3,2026-10-26 00:00:00,2026-10-04 00:00:00,P1D,fcre,1.6,ensemble,139,Chla_ugL_mean,11.4854073911926
vera4cast,chlorocast_ens3,2026-10-27 00:00:00,2026-10-04 00:00:00,P1D,fcre,1.6,ensemble,139,Chla_ugL_mean,11.5718885839117
vera4cast,chlorocast_ens3,2026-10-28 00:00:00,2026-10-04 00:00:00,P1D,fcre,1.6,ensemble,139,Chla_ugL_mean,11.7347710724297
vera4cast,chlorocast_ens3,2026-10-29 00:00:00,2026-10-04 00:00:00,P1D,fcre,1.6,ensemble,139,Chla_ugL_mean,11.6883538238041
vera4cast,chlorocast_ens3,2026-10-30 00:00:00,2026-10-04 00:00:00,P1D,fcre,1.6,ensemble,139,Chla_ugL_mean,11.8119854194825
vera4cast,chlorocast_ens3,2026-10-31 00:00:00,2026-10-04 00:00:00,P1D,fcre,1.6,ensemble,139,Chla_ugL_mean,11.9684800131575
vera4cast,chlorocast_ens3,2026-11-01 00:00:00,2026-10-04 00:00:00,P1D,fcre,1.6,ensemble,139,Chla_ugL_mean,12.1112730933685
vera4cast,chlorocast_ens3,2026-11-02 00:00:00,2026-10-04 00:00:00,P1D,fcre,1.6,ensemble,139,Chla_ugL_mean,12.1889130667128
vera4cast,chlorocast_ens3,2026-11-03 00:00:00,2026-10-04 00:00:00,P1D,fcre,1.6,ensemble,139,Chla_ugL_mean,12.33735913473
vera4cast,chlorocast_ens3,2026-11-04 00:00:00,2026-10-04 00:00:00,P1D,fcre,1.6,ensemble,139,Chla_ugL_mean,12.4391952005148
vera4cast,chlorocast_ens3,2026-11-05 00:00:00,2026-10-04 00:00:00,P1D,fcre,1.6,ensemble,139,Chla_ugL_mean,12.6692642283227
vera4cast,chlorocast_ens3,2026-11-06 00:00:00,2026-10-04 00:00:00,P1D,fcre,1.6,ensemble,139,Chla_ugL_mean,13.001059480028
vera4cast,chlorocast_ens3,2026-11-07 00:00:00,2026-10-04 00:00:00,P1D,fcre,1.6,ensemble,139,Chla_ugL_mean,13.1877109998112
vera4cast,chlorocast_ens3,2026-11-08 00:00:00,2026-10-04 00:00:00,P1D,fcre,1.6,ensemble,139,Chla_ugL_mean,13.4709930598905
vera4cast,chlorocast_ens3,2026-10-05 00:00:00,2026-10-04 00:00:00,P1D,fcre,1.6,ensemble,140,Chla_ugL_mean,12.2981385959672
vera4cast,chlorocast_ens3,2026-10-06 00:00:00,2026-10-04 00:00:00,P1D,fcre,1.6,ensemble,140,Chla_ugL_mean,12.2351216395621
vera4cast,chlorocast_ens3,2026-10-07 00:00:00,2026-10-04 00:00:00,P1D,fcre,1.6,ensemble,140,Chla_ugL_mean,12.0491853165292
vera4cast,chlorocast_ens3,2026-10-08 00:00:00,2026-10-04 00:00:00,P1D,fcre,1.6,ensemble,140,Chla_ugL_mean,11.979225551241
vera4cast,chlorocast_ens3,2026-10-09 00:00:00,2026-10-04 00:00:00,P1D,fcre,1.6,ensemble,140,Chla_ugL_mean,12.0143661050662
vera4cast,chlorocast_ens3,2026-10-10 00:00:00,2026-10-04 00:00:00,P1D,fcre,1.6,ensemble,140,Chla_ugL_mean,11.8126422701537
vera4cast,chlorocast_ens3,2026-10-11 00:00:00,2026-10-04 00:00:00,P1D,fcre,1.6,ensemble,140,Chla_ugL_mean,11.750348132663
vera4cast,chlorocast_ens3,2026-10-12 00:00:00,2026-10-04 00:00:00,P1D,fcre,1.6,ensemble,140,Chla_ugL_mean,11.5768733124323
vera4cast,chlorocast_ens3,2026-10-13 00:00:00,2026-10-04 00:00:00,P1D,fcre,1.6,ensemble,140,Chla_ugL_mean,11.5995237735163
vera4cast,chlorocast_ens3,2026-10-14 00:00:00,2026-10-04 00:00:00,P1D,fcre,1.6,ensemble,140,Chla_ugL_mean,11.568239899347
vera4cast,chlorocast_ens3,2026-10-15 00:00:00,2026-10-04 00:00:00,P1D,fcre,1.6,ensemble,140,Chla_ugL_mean,11.6329958721216
vera4cast,chlorocast_ens3,2026-10-16 00:00:00,2026-10-04 00:00:00,P1D,fcre,1.6,ensemble,140,Chla_ugL_mean,11.6595238877171
vera4cast,chlorocast_ens3,2026-10-17 00:00:00,2026-10-04 00:00:00,P1D,fcre,1.6,ensemble,140,Chla_ugL_mean,11.7188670267283
vera4cast,chlorocast_ens3,2026-10-18 00:00:00,2026-10-04 00:00:00,P1D,fcre,1.6,ensemble,140,Chla_ugL_mean,11.6369725322382
vera4cast,chlorocast_ens3,2026-10-19 00:00:00,2026-10-04 00:00:00,P1D,fcre,1.6,ensemble,140,Chla_ugL_mean,11.6246939412371
vera4cast,chlorocast_ens3,2026-10-20 00:00:00,2026-10-04 00:00:00,P1D,fcre,1.6,ensemble,140,Chla_ugL_mean,11.6314860363754
vera4cast,chlorocast_ens3,2026-10-21 00:00:00,2026-10-04 00:00:00,P1D,fcre,1.6,ensemble,140,Chla_ugL_mean,11.514801295018
vera4cast,chlorocast_ens3,2026-10-22 00:00:00,2026-10-04 00:00:00,P1D,fcre,1.6,ensemble,140,Chla_ugL_mean,11.4281764411115
vera4cast,chlorocast_ens3,2026-10-23 00:00:00,2026-10-04 00:00:00,P1D,fcre,1.6,ensemble,140,Chla_ugL_mean,11.4402916633145
vera4cast,chlorocast_ens3,2026-10-24 00:00:00,2026-10-04 00:00:00,P1D,fcre,1.6,ensemble,140,Chla_ugL_mean,11.5555240709631
vera4cast,chlorocast_ens3,2026-10-25 00:00:00,2026-10-04 00:00:00,P1D,fcre,1.6,ensemble,140,Chla_ugL_mean,11.4099107449445
vera4cast,chlorocast_ens3,2026-10-26 00:00:00,2026-10-04 00:00:00,P1D,fcre,1.6,ensemble,140,Chla_ugL_mean,11.5976626194199
vera4cast,chlorocast_ens3,2026-10-27 00:00:00,2026-10-04 00:00:00,P1D,fcre,1.6,ensemble,140,Chla_ugL_mean,11.6874831585803
vera4cast,chlorocast_ens3,2026-10-28 00:00:00,2026-10-04 00:00:00,P1D,fcre,1.6,ensemble,140,Chla_ugL_mean,11.8512026794625
vera4cast,chlorocast_ens3,2026-10-29 00:00:00,2026-10-04 00:00:00,P1D,fcre,1.6,ensemble,140,Chla_ugL_mean,11.8041603380725
vera4cast,chlorocast_ens3,2026-10-30 00:00:00,2026-10-04 00:00:00,P1D,fcre,1.6,ensemble,140,Chla_ugL_mean,11.926507888409
vera4cast,chlorocast_ens3,2026-10-31 00:00:00,2026-10-04 00:00:00,P1D,fcre,1.6,ensemble,140,Chla_ugL_mean,12.0857257327848
vera4cast,chlorocast_ens3,2026-11-01 00:00:00,2026-10-04 00:00:00,P1D,fcre,1.6,ensemble,140,Chla_ugL_mean,12.2290668906829
vera4cast,chlorocast_ens3,2026-11-02 00:00:00,2026-10-04 00:00:00,P1D,fcre,1.6,ensemble,140,Chla_ugL_mean,12.3077781096015
vera4cast,chlorocast_ens3,2026-11-03 00:00:00,2026-10-04 00:00:00,P1D,fcre,1.6,ensemble,140,Chla_ugL_mean,12.4564388032969
vera4cast,chlorocast_ens3,2026-11-04 00:00:00,2026-10-04 00:00:00,P1D,fcre,1.6,ensemble,140,Chla_ugL_mean,12.5610055847862
vera4cast,chlorocast_ens3,2026-11-05 00:00:00,2026-10-04 00:00:00,P1D,fcre,1.6,ensemble,140,Chla_ugL_mean,12.7884755140158
vera4cast,chlorocast_ens3,2026-11-06 00:00:00,2026-10-04 00:00:00,P1D,fcre,1.6,ensemble,140,Chla_ugL_mean,13.1262158985339
vera4cast,chlorocast_ens3,2026-11-07 00:00:00,2026-10-04 00:00:00,P1D,fcre,1.6,ensemble,140,Chla_ugL_mean,13.3098378786473
vera4cast,chlorocast_ens3,2026-11-08 00:00:00,2026-10-04 00:00:00,P1D,fcre,1.6,ensemble,140,Chla_ugL_mean,13.6009608514197
vera4cast,chlorocast_ens3,2026-10-05 00:00:00,2026-10-04 00:00:00,P1D,fcre,1.6,ensemble,141,Chla_ugL_mean,12.4266934096487
vera4cast,chlorocast_ens3,2026-10-06 00:00:00,2026-10-04 00:00:00,P1D,fcre,1.6,ensemble,141,Chla_ugL_mean,12.3699621357781
vera4cast,chlorocast_ens3,2026-10-07 00:00:00,2026-10-04 00:00:00,P1D,fcre,1.6,ensemble,141,Chla_ugL_mean,12.1830771919471
vera4cast,chlorocast_ens3,2026-10-08 00:00:00,2026-10-04 00:00:00,P1D,fcre,1.6,ensemble,141,Chla_ugL_mean,12.1167857434833
vera4cast,chlorocast_ens3,2026-10-09 00:00:00,2026-10-04 00:00:00,P1D,fcre,1.6,ensemble,141,Chla_ugL_mean,12.1471419052263
vera4cast,chlorocast_ens3,2026-10-10 00:00:00,2026-10-04 00:00:00,P1D,fcre,1.6,ensemble,141,Chla_ugL_mean,11.9428004219772
vera4cast,chlorocast_ens3,2026-10-11 00:00:00,2026-10-04 00:00:00,P1D,fcre,1.6,ensemble,141,Chla_ugL_mean,11.8784496306705
vera4cast,chlorocast_ens3,2026-10-12 00:00:00,2026-10-04 00:00:00,P1D,fcre,1.6,ensemble,141,Chla_ugL_mean,11.7101440450676
vera4cast,chlorocast_ens3,2026-10-13 00:00:00,2026-10-04 00:00:00,P1D,fcre,1.6,ensemble,141,Chla_ugL_mean,11.7296688541374
vera4cast,chlorocast_ens3,2026-10-14 00:00:00,2026-10-04 00:00:00,P1D,fcre,1.6,ensemble,141,Chla_ugL_mean,11.6975212772218
vera4cast,chlorocast_ens3,2026-10-15 00:00:00,2026-10-04 00:00:00,P1D,fcre,1.6,ensemble,141,Chla_ugL_mean,11.7632950618094
vera4cast,chlorocast_ens3,2026-10-16 00:00:00,2026-10-04 00:00:00,P1D,fcre,1.6,ensemble,141,Chla_ugL_mean,11.7881892137279
vera4cast,chlorocast_ens3,2026-10-17 00:00:00,2026-10-04 00:00:00,P1D,fcre,1.6,ensemble,141,Chla_ugL_mean,11.8465494774838
vera4cast,chlorocast_ens3,2026-10-18 00:00:00,2026-10-04 00:00:00,P1D,fcre,1.6,ensemble,141,Chla_ugL_mean,11.7714731695366
vera4cast,chlorocast_ens3,2026-10-19 00:00:00,2026-10-04 00:00:00,P1D,fcre,1.6,ensemble,141,Chla_ugL_mean,11.757700455954
vera4cast,chlorocast_ens3,2026-10-20 00:00:00,2026-10-04 00:00:00,P1D,fcre,1.6,ensemble,141,Chla_ugL_mean,11.7590497111805
vera4cast,chlorocast_ens3,2026-10-21 00:00:00,2026-10-04 00:00:00,P1D,fcre,1.6,ensemble,141,Chla_ugL_mean,11.6480615761823
vera4cast,chlorocast_ens3,2026-10-22 00:00:00,2026-10-04 00:00:00,P1D,fcre,1.6,ensemble,141,Chla_ugL_mean,11.5593529087302
vera4cast,chlorocast_ens3,2026-10-23 00:00:00,2026-10-04 00:00:00,P1D,fcre,1.6,ensemble,141,Chla_ugL_mean,11.5689444786351
vera4cast,chlorocast_ens3,2026-10-24 00:00:00,2026-10-04 00:00:00,P1D,fcre,1.6,ensemble,141,Chla_ugL_mean,11.6826237739756
vera4cast,chlorocast_ens3,2026-10-25 00:00:00,2026-10-04 00:00:00,P1D,fcre,1.6,ensemble,141,Chla_ugL_mean,11.5392833057714
vera4cast,chlorocast_ens3,2026-10-26 00:00:00,2026-10-04 00:00:00,P1D,fcre,1.6,ensemble,141,Chla_ugL_mean,11.7262508705594
vera4cast,chlorocast_ens3,2026-10-27 00:00:00,2026-10-04 00:00:00,P1D,fcre,1.6,ensemble,141,Chla_ugL_mean,11.8173128874145
vera4cast,chlorocast_ens3,2026-10-28 00:00:00,2026-10-04 00:00:00,P1D,fcre,1.6,ensemble,141,Chla_ugL_mean,11.9832553201035
vera4cast,chlorocast_ens3,2026-10-29 00:00:00,2026-10-04 00:00:00,P1D,fcre,1.6,ensemble,141,Chla_ugL_mean,11.9432219132881
vera4cast,chlorocast_ens3,2026-10-30 00:00:00,2026-10-04 00:00:00,P1D,fcre,1.6,ensemble,141,Chla_ugL_mean,12.0591401748881
vera4cast,chlorocast_ens3,2026-10-31 00:00:00,2026-10-04 00:00:00,P1D,fcre,1.6,ensemble,141,Chla_ugL_mean,12.2166436782691
vera4cast,chlorocast_ens3,2026-11-01 00:00:00,2026-10-04 00:00:00,P1D,fcre,1.6,ensemble,141,Chla_ugL_mean,12.3661993677179
vera4cast,chlorocast_ens3,2026-11-02 00:00:00,2026-10-04 00:00:00,P1D,fcre,1.6,ensemble,141,Chla_ugL_mean,12.4478354858725
vera4cast,chlorocast_ens3,2026-11-03 00:00:00,2026-10-04 00:00:00,P1D,fcre,1.6,ensemble,141,Chla_ugL_mean,12.5961932776968
vera4cast,chlorocast_ens3,2026-11-04 00:00:00,2026-10-04 00:00:00,P1D,fcre,1.6,ensemble,141,Chla_ugL_mean,12.6995267116923
vera4cast,chlorocast_ens3,2026-11-05 00:00:00,2026-10-04 00:00:00,P1D,fcre,1.6,ensemble,141,Chla_ugL_mean,12.9369071967309
vera4cast,chlorocast_ens3,2026-11-06 00:00:00,2026-10-04 00:00:00,P1D,fcre,1.6,ensemble,141,Chla_ugL_mean,13.2781446315644
vera4cast,chlorocast_ens3,2026-11-07 00:00:00,2026-10-04 00:00:00,P1D,fcre,1.6,ensemble,141,Chla_ugL_mean,13.4630510624649
vera4cast,chlorocast_ens3,2026-11-08 00:00:00,2026-10-04 00:00:00,P1D,fcre,1.6,ensemble,141,Chla_ugL_mean,13.7567955174526
vera4cast,chlorocast_ens3,2026-10-05 00:00:00,2026-10-04 00:00:00,P1D,fcre,1.6,ensemble,142,Chla_ugL_mean,12.5564909792243
vera4cast,chlorocast_ens3,2026-10-06 00:00:00,2026-10-04 00:00:00,P1D,fcre,1.6,ensemble,142,Chla_ugL_mean,12.5061763979416
vera4cast,chlorocast_ens3,2026-10-07 00:00:00,2026-10-04 00:00:00,P1D,fcre,1.6,ensemble,142,Chla_ugL_mean,12.3183428722323
vera4cast,chlorocast_ens3,2026-10-08 00:00:00,2026-10-04 00:00:00,P1D,fcre,1.6,ensemble,142,Chla_ugL_mean,12.2558038660478
vera4cast,chlorocast_ens3,2026-10-09 00:00:00,2026-10-04 00:00:00,P1D,fcre,1.6,ensemble,142,Chla_ugL_mean,12.2812723171259
vera4cast,chlorocast_ens3,2026-10-10 00:00:00,2026-10-04 00:00:00,P1D,fcre,1.6,ensemble,142,Chla_ugL_mean,12.074280794786
vera4cast,chlorocast_ens3,2026-10-11 00:00:00,2026-10-04 00:00:00,P1D,fcre,1.6,ensemble,142,Chla_ugL_mean,12.0078381518731
vera4cast,chlorocast_ens3,2026-10-12 00:00:00,2026-10-04 00:00:00,P1D,fcre,1.6,ensemble,142,Chla_ugL_mean,11.8448269799041
vera4cast,chlorocast_ens3,2026-10-13 00:00:00,2026-10-04 00:00:00,P1D,fcre,1.6,ensemble,142,Chla_ugL_mean,11.8611582508069
vera4cast,chlorocast_ens3,2026-10-14 00:00:00,2026-10-04 00:00:00,P1D,fcre,1.6,ensemble,142,Chla_ugL_mean,11.82813248925
vera4cast,chlorocast_ens3,2026-10-15 00:00:00,2026-10-04 00:00:00,P1D,fcre,1.6,ensemble,142,Chla_ugL_mean,11.8949381828183
vera4cast,chlorocast_ens3,2026-10-16 00:00:00,2026-10-04 00:00:00,P1D,fcre,1.6,ensemble,142,Chla_ugL_mean,11.918162232371
vera4cast,chlorocast_ens3,2026-10-17 00:00:00,2026-10-04 00:00:00,P1D,fcre,1.6,ensemble,142,Chla_ugL_mean,11.9755137097217
vera4cast,chlorocast_ens3,2026-10-18 00:00:00,2026-10-04 00:00:00,P1D,fcre,1.6,ensemble,142,Chla_ugL_mean,11.9074053539391
vera4cast,chlorocast_ens3,2026-10-19 00:00:00,2026-10-04 00:00:00,P1D,fcre,1.6,ensemble,142,Chla_ugL_mean,11.8921082508159
vera4cast,chlorocast_ens3,2026-10-20 00:00:00,2026-10-04 00:00:00,P1D,fcre,1.6,ensemble,142,Chla_ugL_mean,11.8879016343424
vera4cast,chlorocast_ens3,2026-10-21 00:00:00,2026-10-04 00:00:00,P1D,fcre,1.6,ensemble,142,Chla_ugL_mean,11.7827408413255
vera4cast,chlorocast_ens3,2026-10-22 00:00:00,2026-10-04 00:00:00,P1D,fcre,1.6,ensemble,142,Chla_ugL_mean,11.6919139129893
vera4cast,chlorocast_ens3,2026-10-23 00:00:00,2026-10-04 00:00:00,P1D,fcre,1.6,ensemble,142,Chla_ugL_mean,11.698927772962
vera4cast,chlorocast_ens3,2026-10-24 00:00:00,2026-10-04 00:00:00,P1D,fcre,1.6,ensemble,142,Chla_ugL_mean,11.8110101086265
vera4cast,chlorocast_ens3,2026-10-25 00:00:00,2026-10-04 00:00:00,P1D,fcre,1.6,ensemble,142,Chla_ugL_mean,11.6700045676356
vera4cast,chlorocast_ens3,2026-10-26 00:00:00,2026-10-04 00:00:00,P1D,fcre,1.6,ensemble,142,Chla_ugL_mean,11.8561516618765
vera4cast,chlorocast_ens3,2026-10-27 00:00:00,2026-10-04 00:00:00,P1D,fcre,1.6,ensemble,142,Chla_ugL_mean,11.948471150701
vera4cast,chlorocast_ens3,2026-10-28 00:00:00,2026-10-04 00:00:00,P1D,fcre,1.6,ensemble,142,Chla_ugL_mean,12.1166648687581
vera4cast,chlorocast_ens3,2026-10-29 00:00:00,2026-10-04 00:00:00,P1D,fcre,1.6,ensemble,142,Chla_ugL_mean,12.0837937883743
vera4cast,chlorocast_ens3,2026-10-30 00:00:00,2026-10-04 00:00:00,P1D,fcre,1.6,ensemble,142,Chla_ugL_mean,12.193133333427
vera4cast,chlorocast_ens3,2026-10-31 00:00:00,2026-10-04 00:00:00,P1D,fcre,1.6,ensemble,142,Chla_ugL_mean,12.3488714103712
vera4cast,chlorocast_ens3,2026-11-01 00:00:00,2026-10-04 00:00:00,P1D,fcre,1.6,ensemble,142,Chla_ugL_mean,12.5047533596951
vera4cast,chlorocast_ens3,2026-11-02 00:00:00,2026-10-04 00:00:00,P1D,fcre,1.6,ensemble,142,Chla_ugL_mean,12.5893668924802
vera4cast,chlorocast_ens3,2026-11-03 00:00:00,2026-10-04 00:00:00,P1D,fcre,1.6,ensemble,142,Chla_ugL_mean,12.7373991994968
vera4cast,chlorocast_ens3,2026-11-04 00:00:00,2026-10-04 00:00:00,P1D,fcre,1.6,ensemble,142,Chla_ugL_mean,12.8394627854826
vera4cast,chlorocast_ens3,2026-11-05 00:00:00,2026-10-04 00:00:00,P1D,fcre,1.6,ensemble,142,Chla_ugL_mean,13.0869367329876
vera4cast,chlorocast_ens3,2026-11-06 00:00:00,2026-10-04 00:00:00,P1D,fcre,1.6,ensemble,142,Chla_ugL_mean,13.4317073718964
vera4cast,chlorocast_ens3,2026-11-07 00:00:00,2026-10-04 00:00:00,P1D,fcre,1.6,ensemble,142,Chla_ugL_mean,13.6179046757474
vera4cast,chlorocast_ens3,2026-11-08 00:00:00,2026-10-04 00:00:00,P1D,fcre,1.6,ensemble,142,Chla_ugL_mean,13.9142933920499
vera4cast,chlorocast_ens3,2026-10-05 00:00:00,2026-10-04 00:00:00,P1D,fcre,1.6,ensemble,143,Chla_ugL_mean,12.6875433185748
vera4cast,chlorocast_ens3,2026-10-06 00:00:00,2026-10-04 00:00:00,P1D,fcre,1.6,ensemble,143,Chla_ugL_mean,12.6437784220919
vera4cast,chlorocast_ens3,2026-10-07 00:00:00,2026-10-04 00:00:00,P1D,fcre,1.6,ensemble,143,Chla_ugL_mean,12.4549964533844
vera4cast,chlorocast_ens3,2026-10-08 00:00:00,2026-10-04 00:00:00,P1D,fcre,1.6,ensemble,143,Chla_ugL_mean,12.3962953707945
vera4cast,chlorocast_ens3,2026-10-09 00:00:00,2026-10-04 00:00:00,P1D,fcre,1.6,ensemble,143,Chla_ugL_mean,12.4167711608509
vera4cast,chlorocast_ens3,2026-10-10 00:00:00,2026-10-04 00:00:00,P1D,fcre,1.6,ensemble,143,Chla_ugL_mean,12.2070968204574
vera4cast,chlorocast_ens3,2026-10-11 00:00:00,2026-10-04 00:00:00,P1D,fcre,1.6,ensemble,143,Chla_ugL_mean,12.1385266268666
vera4cast,chlorocast_ens3,2026-10-12 00:00:00,2026-10-04 00:00:00,P1D,fcre,1.6,ensemble,143,Chla_ugL_mean,11.9809370813308
vera4cast,chlorocast_ens3,2026-10-13 00:00:00,2026-10-04 00:00:00,P1D,fcre,1.6,ensemble,143,Chla_ugL_mean,11.9940058494559
vera4cast,chlorocast_ens3,2026-10-14 00:00:00,2026-10-04 00:00:00,P1D,fcre,1.6,ensemble,143,Chla_ugL_mean,11.9600872145777
vera4cast,chlorocast_ens3,2026-10-15 00:00:00,2026-10-04 00:00:00,P1D,fcre,1.6,ensemble,143,Chla_ugL_mean,12.0279390967189
vera4cast,chlorocast_ens3,2026-10-16 00:00:00,2026-10-04 00:00:00,P1D,fcre,1.6,ensemble,143,Chla_ugL_mean,12.049456234407
vera4cast,chlorocast_ens3,2026-10-17 00:00:00,2026-10-04 00:00:00,P1D,fcre,1.6,ensemble,143,Chla_ugL_mean,12.1057725910189
vera4cast,chlorocast_ens3,2026-10-18 00:00:00,2026-10-04 00:00:00,P1D,fcre,1.6,ensemble,143,Chla_ugL_mean,12.0447843220064
vera4cast,chlorocast_ens3,2026-10-19 00:00:00,2026-10-04 00:00:00,P1D,fcre,1.6,ensemble,143,Chla_ugL_mean,12.0279320889047
vera4cast,chlorocast_ens3,2026-10-20 00:00:00,2026-10-04 00:00:00,P1D,fcre,1.6,ensemble,143,Chla_ugL_mean,12.0180548157076
vera4cast,chlorocast_ens3,2026-10-21 00:00:00,2026-10-04 00:00:00,P1D,fcre,1.6,ensemble,143,Chla_ugL_mean,11.9188542000925
vera4cast,chlorocast_ens3,2026-10-22 00:00:00,2026-10-04 00:00:00,P1D,fcre,1.6,ensemble,143,Chla_ugL_mean,11.8258740673462
vera4cast,chlorocast_ens3,2026-10-23 00:00:00,2026-10-04 00:00:00,P1D,fcre,1.6,ensemble,143,Chla_ugL_mean,11.8302553056085
vera4cast,chlorocast_ens3,2026-10-24 00:00:00,2026-10-04 00:00:00,P1D,fcre,1.6,ensemble,143,Chla_ugL_mean,11.9406960995014
vera4cast,chlorocast_ens3,2026-10-25 00:00:00,2026-10-04 00:00:00,P1D,fcre,1.6,ensemble,143,Chla_ugL_mean,11.802088590663
vera4cast,chlorocast_ens3,2026-10-26 00:00:00,2026-10-04 00:00:00,P1D,fcre,1.6,ensemble,143,Chla_ugL_mean,11.9873783908759
vera4cast,chlorocast_ens3,2026-10-27 00:00:00,2026-10-04 00:00:00,P1D,fcre,1.6,ensemble,143,Chla_ugL_mean,12.0809715431982
vera4cast,chlorocast_ens3,2026-10-28 00:00:00,2026-10-04 00:00:00,P1D,fcre,1.6,ensemble,143,Chla_ugL_mean,12.2514452683459
vera4cast,chlorocast_ens3,2026-10-29 00:00:00,2026-10-04 00:00:00,P1D,fcre,1.6,ensemble,143,Chla_ugL_mean,12.2258923661777
vera4cast,chlorocast_ens3,2026-10-30 00:00:00,2026-10-04 00:00:00,P1D,fcre,1.6,ensemble,143,Chla_ugL_mean,12.328501327238
vera4cast,chlorocast_ens3,2026-10-31 00:00:00,2026-10-04 00:00:00,P1D,fcre,1.6,ensemble,143,Chla_ugL_mean,12.4824220330319
vera4cast,chlorocast_ens3,2026-11-01 00:00:00,2026-10-04 00:00:00,P1D,fcre,1.6,ensemble,143,Chla_ugL_mean,12.6447436020353
vera4cast,chlorocast_ens3,2026-11-02 00:00:00,2026-10-04 00:00:00,P1D,fcre,1.6,ensemble,143,Chla_ugL_mean,12.7323878428199
vera4cast,chlorocast_ens3,2026-11-03 00:00:00,2026-10-04 00:00:00,P1D,fcre,1.6,ensemble,143,Chla_ugL_mean,12.8800716429874
vera4cast,chlorocast_ens3,2026-11-04 00:00:00,2026-10-04 00:00:00,P1D,fcre,1.6,ensemble,143,Chla_ugL_mean,12.9808282593653
vera4cast,chlorocast_ens3,2026-11-05 00:00:00,2026-10-04 00:00:00,P1D,fcre,1.6,ensemble,143,Chla_ugL_mean,13.2385813235337
vera4cast,chlorocast_ens3,2026-11-06 00:00:00,2026-10-04 00:00:00,P1D,fcre,1.6,ensemble,143,Chla_ugL_mean,13.5869216934265
vera4cast,chlorocast_ens3,2026-11-07 00:00:00,2026-10-04 00:00:00,P1D,fcre,1.6,ensemble,143,Chla_ugL_mean,13.7744162823153
vera4cast,chlorocast_ens3,2026-11-08 00:00:00,2026-10-04 00:00:00,P1D,fcre,1.6,ensemble,143,Chla_ugL_mean,14.0734722264786
vera4cast,chlorocast_ens3,2026-10-05 00:00:00,2026-10-04 00:00:00,P1D,fcre,1.6,ensemble,144,Chla_ugL_mean,12.8198625577207
vera4cast,chlorocast_ens3,2026-10-06 00:00:00,2026-10-04 00:00:00,P1D,fcre,1.6,ensemble,144,Chla_ugL_mean,12.782782346861
vera4cast,chlorocast_ens3,2026-10-07 00:00:00,2026-10-04 00:00:00,P1D,fcre,1.6,ensemble,144,Chla_ugL_mean,12.5930521760357
vera4cast,chlorocast_ens3,2026-10-08 00:00:00,2026-10-04 00:00:00,P1D,fcre,1.6,ensemble,144,Chla_ugL_mean,12.5382758733496
vera4cast,chlorocast_ens3,2026-10-09 00:00:00,2026-10-04 00:00:00,P1D,fcre,1.6,ensemble,144,Chla_ugL_mean,12.5536523974832
vera4cast,chlorocast_ens3,2026-10-10 00:00:00,2026-10-04 00:00:00,P1D,fcre,1.6,ensemble,144,Chla_ugL_mean,12.3412620673175
vera4cast,chlorocast_ens3,2026-10-11 00:00:00,2026-10-04 00:00:00,P1D,fcre,1.6,ensemble,144,Chla_ugL_mean,12.2705281161594
vera4cast,chlorocast_ens3,2026-10-12 00:00:00,2026-10-04 00:00:00,P1D,fcre,1.6,ensemble,144,Chla_ugL_mean,12.1184894723063
vera4cast,chlorocast_ens3,2026-10-13 00:00:00,2026-10-04 00:00:00,P1D,fcre,1.6,ensemble,144,Chla_ugL_mean,12.1282256794485
vera4cast,chlorocast_ens3,2026-10-14 00:00:00,2026-10-04 00:00:00,P1D,fcre,1.6,ensemble,144,Chla_ugL_mean,12.0933992730597
vera4cast,chlorocast_ens3,2026-10-15 00:00:00,2026-10-04 00:00:00,P1D,fcre,1.6,ensemble,144,Chla_ugL_mean,12.1623118080525
vera4cast,chlorocast_ens3,2026-10-16 00:00:00,2026-10-04 00:00:00,P1D,fcre,1.6,ensemble,144,Chla_ugL_mean,12.182084645677
vera4cast,chlorocast_ens3,2026-10-17 00:00:00,2026-10-04 00:00:00,P1D,fcre,1.6,ensemble,144,Chla_ugL_mean,12.2373391181278
vera4cast,chlorocast_ens3,2026-10-18 00:00:00,2026-10-04 00:00:00,P1D,fcre,1.6,ensemble,144,Chla_ugL_mean,12.1836254724682
vera4cast,chlorocast_ens3,2026-10-19 00:00:00,2026-10-04 00:00:00,P1D,fcre,1.6,ensemble,144,Chla_ugL_mean,12.1651868888372
vera4cast,chlorocast_ens3,2026-10-20 00:00:00,2026-10-04 00:00:00,P1D,fcre,1.6,ensemble,144,Chla_ugL_mean,12.1495223965072
vera4cast,chlorocast_ens3,2026-10-21 00:00:00,2026-10-04 00:00:00,P1D,fcre,1.6,ensemble,144,Chla_ugL_mean,12.0564169230188
vera4cast,chlorocast_ens3,2026-10-22 00:00:00,2026-10-04 00:00:00,P1D,fcre,1.6,ensemble,144,Chla_ugL_mean,11.9612481394997
vera4cast,chlorocast_ens3,2026-10-23 00:00:00,2026-10-04 00:00:00,P1D,fcre,1.6,ensemble,144,Chla_ugL_mean,11.9629409781813
vera4cast,chlorocast_ens3,2026-10-24 00:00:00,2026-10-04 00:00:00,P1D,fcre,1.6,ensemble,144,Chla_ugL_mean,12.0716949030341
vera4cast,chlorocast_ens3,2026-10-25 00:00:00,2026-10-04 00:00:00,P1D,fcre,1.6,ensemble,144,Chla_ugL_mean,11.9355495815554
vera4cast,chlorocast_ens3,2026-10-26 00:00:00,2026-10-04 00:00:00,P1D,fcre,1.6,ensemble,144,Chla_ugL_mean,12.1199445918151
vera4cast,chlorocast_ens3,2026-10-27 00:00:00,2026-10-04 00:00:00,P1D,fcre,1.6,ensemble,144,Chla_ugL_mean,12.2148277987781
vera4cast,chlorocast_ens3,2026-10-28 00:00:00,2026-10-04 00:00:00,P1D,fcre,1.6,ensemble,144,Chla_ugL_mean,12.3876106050572
vera4cast,chlorocast_ens3,2026-10-29 00:00:00,2026-10-04 00:00:00,P1D,fcre,1.6,ensemble,144,Chla_ugL_mean,12.3695342276908
vera4cast,chlorocast_ens3,2026-10-30 00:00:00,2026-10-04 00:00:00,P1D,fcre,1.6,ensemble,144,Chla_ugL_mean,12.4652582628027
vera4cast,chlorocast_ens3,2026-10-31 00:00:00,2026-10-04 00:00:00,P1D,fcre,1.6,ensemble,144,Chla_ugL_mean,12.6173087812918
vera4cast,chlorocast_ens3,2026-11-01 00:00:00,2026-10-04 00:00:00,P1D,fcre,1.6,ensemble,144,Chla_ugL_mean,12.7861849829063
vera4cast,chlorocast_ens3,2026-11-02 00:00:00,2026-10-04 00:00:00,P1D,fcre,1.6,ensemble,144,Chla_ugL_mean,12.8769140135571
vera4cast,chlorocast_ens3,2026-11-03 00:00:00,2026-10-04 00:00:00,P1D,fcre,1.6,ensemble,144,Chla_ugL_mean,13.0242258390161
vera4cast,chlorocast_ens3,2026-11-04 00:00:00,2026-10-04 00:00:00,P1D,fcre,1.6,ensemble,144,Chla_ugL_mean,13.1236377341833
vera4cast,chlorocast_ens3,2026-11-05 00:00:00,2026-10-04 00:00:00,P1D,fcre,1.6,ensemble,144,Chla_ugL_mean,13.3918583542815
vera4cast,chlorocast_ens3,2026-11-06 00:00:00,2026-10-04 00:00:00,P1D,fcre,1.6,ensemble,144,Chla_ugL_mean,13.7438053590604
vera4cast,chlorocast_ens3,2026-11-07 00:00:00,2026-10-04 00:00:00,P1D,fcre,1.6,ensemble,144,Chla_ugL_mean,13.9326036340418
vera4cast,chlorocast_ens3,2026-11-08 00:00:00,2026-10-04 00:00:00,P1D,fcre,1.6,ensemble,144,Chla_ugL_mean,14.2343499614628
vera4cast,chlorocast_ens3,2026-10-05 00:00:00,2026-10-04 00:00:00,P1D,fcre,1.6,ensemble,145,Chla_ugL_mean,12.9534609439453
vera4cast,chlorocast_ens3,2026-10-06 00:00:00,2026-10-04 00:00:00,P1D,fcre,1.6,ensemble,145,Chla_ugL_mean,12.9232024549266
vera4cast,chlorocast_ens3,2026-10-07 00:00:00,2026-10-04 00:00:00,P1D,fcre,1.6,ensemble,145,Chla_ugL_mean,12.7325244269353
vera4cast,chlorocast_ens3,2026-10-08 00:00:00,2026-10-04 00:00:00,P1D,fcre,1.6,ensemble,145,Chla_ugL_mean,12.6817611548416
vera4cast,chlorocast_ens3,2026-10-09 00:00:00,2026-10-04 00:00:00,P1D,fcre,1.6,ensemble,145,Chla_ugL_mean,12.691930130539
vera4cast,chlorocast_ens3,2026-10-10 00:00:00,2026-10-04 00:00:00,P1D,fcre,1.6,ensemble,145,Chla_ugL_mean,12.4767902415272
vera4cast,chlorocast_ens3,2026-10-11 00:00:00,2026-10-04 00:00:00,P1D,fcre,1.6,ensemble,145,Chla_ugL_mean,12.4038558114775
vera4cast,chlorocast_ens3,2026-10-12 00:00:00,2026-10-04 00:00:00,P1D,fcre,1.6,ensemble,145,Chla_ugL_mean,12.2574994360398
vera4cast,chlorocast_ens3,2026-10-13 00:00:00,2026-10-04 00:00:00,P1D,fcre,1.6,ensemble,145,Chla_ugL_mean,12.2638319150631
vera4cast,chlorocast_ens3,2026-10-14 00:00:00,2026-10-04 00:00:00,P1D,fcre,1.6,ensemble,145,Chla_ugL_mean,12.2280826267069
vera4cast,chlorocast_ens3,2026-10-15 00:00:00,2026-10-04 00:00:00,P1D,fcre,1.6,ensemble,145,Chla_ugL_mean,12.2980704658062
vera4cast,chlorocast_ens3,2026-10-16 00:00:00,2026-10-04 00:00:00,P1D,fcre,1.6,ensemble,145,Chla_ugL_mean,12.3160610284763
vera4cast,chlorocast_ens3,2026-10-17 00:00:00,2026-10-04 00:00:00,P1D,fcre,1.6,ensemble,145,Chla_ugL_mean,12.3702264182728
vera4cast,chlorocast_ens3,2026-10-18 00:00:00,2026-10-04 00:00:00,P1D,fcre,1.6,ensemble,145,Chla_ugL_mean,12.3239443679494
vera4cast,chlorocast_ens3,2026-10-19 00:00:00,2026-10-04 00:00:00,P1D,fcre,1.6,ensemble,145,Chla_ugL_mean,12.3038877264045
vera4cast,chlorocast_ens3,2026-10-20 00:00:00,2026-10-04 00:00:00,P1D,fcre,1.6,ensemble,145,Chla_ugL_mean,12.282317650684
vera4cast,chlorocast_ens3,2026-10-21 00:00:00,2026-10-04 00:00:00,P1D,fcre,1.6,ensemble,145,Chla_ugL_mean,12.1954444432443
vera4cast,chlorocast_ens3,2026-10-22 00:00:00,2026-10-04 00:00:00,P1D,fcre,1.6,ensemble,145,Chla_ugL_mean,12.0980510530184
vera4cast,chlorocast_ens3,2026-10-23 00:00:00,2026-10-04 00:00:00,P1D,fcre,1.6,ensemble,145,Chla_ugL_mean,12.0969988360526
vera4cast,chlorocast_ens3,2026-10-24 00:00:00,2026-10-04 00:00:00,P1D,fcre,1.6,ensemble,145,Chla_ugL_mean,12.2040198088409
vera4cast,chlorocast_ens3,2026-10-25 00:00:00,2026-10-04 00:00:00,P1D,fcre,1.6,ensemble,145,Chla_ugL_mean,12.0704018951187
vera4cast,chlorocast_ens3,2026-10-26 00:00:00,2026-10-04 00:00:00,P1D,fcre,1.6,ensemble,145,Chla_ugL_mean,12.2538639370997
vera4cast,chlorocast_ens3,2026-10-27 00:00:00,2026-10-04 00:00:00,P1D,fcre,1.6,ensemble,145,Chla_ugL_mean,12.3500537918503
vera4cast,chlorocast_ens3,2026-10-28 00:00:00,2026-10-04 00:00:00,P1D,fcre,1.6,ensemble,145,Chla_ugL_mean,12.525175109825
vera4cast,chlorocast_ens3,2026-10-29 00:00:00,2026-10-04 00:00:00,P1D,fcre,1.6,ensemble,145,Chla_ugL_mean,12.5147361339863
vera4cast,chlorocast_ens3,2026-10-30 00:00:00,2026-10-04 00:00:00,P1D,fcre,1.6,ensemble,145,Chla_ugL_mean,12.603418391342
vera4cast,chlorocast_ens3,2026-10-31 00:00:00,2026-10-04 00:00:00,P1D,fcre,1.6,ensemble,145,Chla_ugL_mean,12.7535450226036
vera4cast,chlorocast_ens3,2026-11-01 00:00:00,2026-10-04 00:00:00,P1D,fcre,1.6,ensemble,145,Chla_ugL_mean,12.929092544807
vera4cast,chlorocast_ens3,2026-11-02 00:00:00,2026-10-04 00:00:00,P1D,fcre,1.6,ensemble,145,Chla_ugL_mean,13.022961246346
vera4cast,chlorocast_ens3,2026-11-03 00:00:00,2026-10-04 00:00:00,P1D,fcre,1.6,ensemble,145,Chla_ugL_mean,13.1698771766135
vera4cast,chlorocast_ens3,2026-11-04 00:00:00,2026-10-04 00:00:00,P1D,fcre,1.6,ensemble,145,Chla_ugL_mean,13.2679059599222
vera4cast,chlorocast_ens3,2026-11-05 00:00:00,2026-10-04 00:00:00,P1D,fcre,1.6,ensemble,145,Chla_ugL_mean,13.5467853983011
vera4cast,chlorocast_ens3,2026-11-06 00:00:00,2026-10-04 00:00:00,P1D,fcre,1.6,ensemble,145,Chla_ugL_mean,13.9023763227453
vera4cast,chlorocast_ens3,2026-11-07 00:00:00,2026-10-04 00:00:00,P1D,fcre,1.6,ensemble,145,Chla_ugL_mean,14.0924846728669
vera4cast,chlorocast_ens3,2026-11-08 00:00:00,2026-10-04 00:00:00,P1D,fcre,1.6,ensemble,145,Chla_ugL_mean,14.3969447292066
vera4cast,chlorocast_ens3,2026-10-05 00:00:00,2026-10-04 00:00:00,P1D,fcre,1.6,ensemble,146,Chla_ugL_mean,13.0883508429274
vera4cast,chlorocast_ens3,2026-10-06 00:00:00,2026-10-04 00:00:00,P1D,fcre,1.6,ensemble,146,Chla_ugL_mean,13.0650531744792
vera4cast,chlorocast_ens3,2026-10-07 00:00:00,2026-10-04 00:00:00,P1D,fcre,1.6,ensemble,146,Chla_ugL_mean,12.8734277404483
vera4cast,chlorocast_ens3,2026-10-08 00:00:00,2026-10-04 00:00:00,P1D,fcre,1.6,ensemble,146,Chla_ugL_mean,12.8267671636549
vera4cast,chlorocast_ens3,2026-10-09 00:00:00,2026-10-04 00:00:00,P1D,fcre,1.6,ensemble,146,Chla_ugL_mean,12.8316186074223
vera4cast,chlorocast_ens3,2026-10-10 00:00:00,2026-10-04 00:00:00,P1D,fcre,1.6,ensemble,146,Chla_ugL_mean,12.6136951884824
vera4cast,chlorocast_ens3,2026-10-11 00:00:00,2026-10-04 00:00:00,P1D,fcre,1.6,ensemble,146,Chla_ugL_mean,12.5385230370828
vera4cast,chlorocast_ens3,2026-10-12 00:00:00,2026-10-04 00:00:00,P1D,fcre,1.6,ensemble,146,Chla_ugL_mean,12.3979824176888
vera4cast,chlorocast_ens3,2026-10-13 00:00:00,2026-10-04 00:00:00,P1D,fcre,1.6,ensemble,146,Chla_ugL_mean,12.4008388769897
vera4cast,chlorocast_ens3,2026-10-14 00:00:00,2026-10-04 00:00:00,P1D,fcre,1.6,ensemble,146,Chla_ugL_mean,12.3641513811481
vera4cast,chlorocast_ens3,2026-10-15 00:00:00,2026-10-04 00:00:00,P1D,fcre,1.6,ensemble,146,Chla_ugL_mean,12.4352293649022
vera4cast,chlorocast_ens3,2026-10-16 00:00:00,2026-10-04 00:00:00,P1D,fcre,1.6,ensemble,146,Chla_ugL_mean,12.4513990829406
vera4cast,chlorocast_ens3,2026-10-17 00:00:00,2026-10-04 00:00:00,P1D,fcre,1.6,ensemble,146,Chla_ugL_mean,12.5044477504602
vera4cast,chlorocast_ens3,2026-10-18 00:00:00,2026-10-04 00:00:00,P1D,fcre,1.6,ensemble,146,Chla_ugL_mean,12.4657567367146
vera4cast,chlorocast_ens3,2026-10-19 00:00:00,2026-10-04 00:00:00,P1D,fcre,1.6,ensemble,146,Chla_ugL_mean,12.4440498362276
vera4cast,chlorocast_ens3,2026-10-20 00:00:00,2026-10-04 00:00:00,P1D,fcre,1.6,ensemble,146,Chla_ugL_mean,12.4164539862324
vera4cast,chlorocast_ens3,2026-10-21 00:00:00,2026-10-04 00:00:00,P1D,fcre,1.6,ensemble,146,Chla_ugL_mean,12.3359523582437
vera4cast,chlorocast_ens3,2026-10-22 00:00:00,2026-10-04 00:00:00,P1D,fcre,1.6,ensemble,146,Chla_ugL_mean,12.2362978889855
vera4cast,chlorocast_ens3,2026-10-23 00:00:00,2026-10-04 00:00:00,P1D,fcre,1.6,ensemble,146,Chla_ugL_mean,12.2324430698464
vera4cast,chlorocast_ens3,2026-10-24 00:00:00,2026-10-04 00:00:00,P1D,fcre,1.6,ensemble,146,Chla_ugL_mean,12.3376842410693
vera4cast,chlorocast_ens3,2026-10-25 00:00:00,2026-10-04 00:00:00,P1D,fcre,1.6,ensemble,146,Chla_ugL_mean,12.2066600358065
vera4cast,chlorocast_ens3,2026-10-26 00:00:00,2026-10-04 00:00:00,P1D,fcre,1.6,ensemble,146,Chla_ugL_mean,12.3891502386939
vera4cast,chlorocast_ens3,2026-10-27 00:00:00,2026-10-04 00:00:00,P1D,fcre,1.6,ensemble,146,Chla_ugL_mean,12.4866635387997
vera4cast,chlorocast_ens3,2026-10-28 00:00:00,2026-10-04 00:00:00,P1D,fcre,1.6,ensemble,146,Chla_ugL_mean,12.6641531598124
vera4cast,chlorocast_ens3,2026-10-29 00:00:00,2026-10-04 00:00:00,P1D,fcre,1.6,ensemble,146,Chla_ugL_mean,12.6615150281734
vera4cast,chlorocast_ens3,2026-10-30 00:00:00,2026-10-04 00:00:00,P1D,fcre,1.6,ensemble,146,Chla_ugL_mean,12.7429961103015
vera4cast,chlorocast_ens3,2026-10-31 00:00:00,2026-10-04 00:00:00,P1D,fcre,1.6,ensemble,146,Chla_ugL_mean,12.8911442581564
vera4cast,chlorocast_ens3,2026-11-01 00:00:00,2026-10-04 00:00:00,P1D,fcre,1.6,ensemble,146,Chla_ugL_mean,13.0734814861664
vera4cast,chlorocast_ens3,2026-11-02 00:00:00,2026-10-04 00:00:00,P1D,fcre,1.6,ensemble,146,Chla_ugL_mean,13.1705455495661
vera4cast,chlorocast_ens3,2026-11-03 00:00:00,2026-10-04 00:00:00,P1D,fcre,1.6,ensemble,146,Chla_ugL_mean,13.3170412046358
vera4cast,chlorocast_ens3,2026-11-04 00:00:00,2026-10-04 00:00:00,P1D,fcre,1.6,ensemble,146,Chla_ugL_mean,13.4136478372337
vera4cast,chlorocast_ens3,2026-11-05 00:00:00,2026-10-04 00:00:00,P1D,fcre,1.6,ensemble,146,Chla_ugL_mean,13.703380217835
vera4cast,chlorocast_ens3,2026-11-06 00:00:00,2026-10-04 00:00:00,P1D,fcre,1.6,ensemble,146,Chla_ugL_mean,14.0626527315246
vera4cast,chlorocast_ens3,2026-11-07 00:00:00,2026-10-04 00:00:00,P1D,fcre,1.6,ensemble,146,Chla_ugL_mean,14.254077532832
vera4cast,chlorocast_ens3,2026-11-08 00:00:00,2026-10-04 00:00:00,P1D,fcre,1.6,ensemble,146,Chla_ugL_mean,14.5612748554373
vera4cast,chlorocast_ens3,2026-10-05 00:00:00,2026-10-04 00:00:00,P1D,fcre,1.6,ensemble,147,Chla_ugL_mean,13.2245447398868
vera4cast,chlorocast_ens3,2026-10-06 00:00:00,2026-10-04 00:00:00,P1D,fcre,1.6,ensemble,147,Chla_ugL_mean,13.208349080705
vera4cast,chlorocast_ens3,2026-10-07 00:00:00,2026-10-04 00:00:00,P1D,fcre,1.6,ensemble,147,Chla_ugL_mean,13.0157768000704
vera4cast,chlorocast_ens3,2026-10-08 00:00:00,2026-10-04 00:00:00,P1D,fcre,1.6,ensemble,147,Chla_ugL_mean,12.9733100172029
vera4cast,chlorocast_ens3,2026-10-09 00:00:00,2026-10-04 00:00:00,P1D,fcre,1.6,ensemble,147,Chla_ugL_mean,12.9727322208925
vera4cast,chlorocast_ens3,2026-10-10 00:00:00,2026-10-04 00:00:00,P1D,fcre,1.6,ensemble,147,Chla_ugL_mean,12.7519908942284
vera4cast,chlorocast_ens3,2026-10-11 00:00:00,2026-10-04 00:00:00,P1D,fcre,1.6,ensemble,147,Chla_ugL_mean,12.6745432511048
vera4cast,chlorocast_ens3,2026-10-12 00:00:00,2026-10-04 00:00:00,P1D,fcre,1.6,ensemble,147,Chla_ugL_mean,12.5399540260753
vera4cast,chlorocast_ens3,2026-10-13 00:00:00,2026-10-04 00:00:00,P1D,fcre,1.6,ensemble,147,Chla_ugL_mean,12.5392610338416
vera4cast,chlorocast_ens3,2026-10-14 00:00:00,2026-10-04 00:00:00,P1D,fcre,1.6,ensemble,147,Chla_ugL_mean,12.5016197871079
vera4cast,chlorocast_ens3,2026-10-15 00:00:00,2026-10-04 00:00:00,P1D,fcre,1.6,ensemble,147,Chla_ugL_mean,12.5738029477036
vera4cast,chlorocast_ens3,2026-10-16 00:00:00,2026-10-04 00:00:00,P1D,fcre,1.6,ensemble,147,Chla_ugL_mean,12.5881126484474
vera4cast,chlorocast_ens3,2026-10-17 00:00:00,2026-10-04 00:00:00,P1D,fcre,1.6,ensemble,147,Chla_ugL_mean,12.6400165068011
vera4cast,chlorocast_ens3,2026-10-18 00:00:00,2026-10-04 00:00:00,P1D,fcre,1.6,ensemble,147,Chla_ugL_mean,12.6090784744309
vera4cast,chlorocast_ens3,2026-10-19 00:00:00,2026-10-04 00:00:00,P1D,fcre,1.6,ensemble,147,Chla_ugL_mean,12.5856886134305
vera4cast,chlorocast_ens3,2026-10-20 00:00:00,2026-10-04 00:00:00,P1D,fcre,1.6,ensemble,147,Chla_ugL_mean,12.5519449465525
vera4cast,chlorocast_ens3,2026-10-21 00:00:00,2026-10-04 00:00:00,P1D,fcre,1.6,ensemble,147,Chla_ugL_mean,12.4779564315773
vera4cast,chlorocast_ens3,2026-10-22 00:00:00,2026-10-04 00:00:00,P1D,fcre,1.6,ensemble,147,Chla_ugL_mean,12.3760038876613
vera4cast,chlorocast_ens3,2026-10-23 00:00:00,2026-10-04 00:00:00,P1D,fcre,1.6,ensemble,147,Chla_ugL_mean,12.3692880169409
vera4cast,chlorocast_ens3,2026-10-24 00:00:00,2026-10-04 00:00:00,P1D,fcre,1.6,ensemble,147,Chla_ugL_mean,12.4727017597594
vera4cast,chlorocast_ens3,2026-10-25 00:00:00,2026-10-04 00:00:00,P1D,fcre,1.6,ensemble,147,Chla_ugL_mean,12.3443386592808
vera4cast,chlorocast_ens3,2026-10-26 00:00:00,2026-10-04 00:00:00,P1D,fcre,1.6,ensemble,147,Chla_ugL_mean,12.5258174495449
vera4cast,chlorocast_ens3,2026-10-27 00:00:00,2026-10-04 00:00:00,P1D,fcre,1.6,ensemble,147,Chla_ugL_mean,12.6246711994393
vera4cast,chlorocast_ens3,2026-10-28 00:00:00,2026-10-04 00:00:00,P1D,fcre,1.6,ensemble,147,Chla_ugL_mean,12.804559279915
vera4cast,chlorocast_ens3,2026-10-29 00:00:00,2026-10-04 00:00:00,P1D,fcre,1.6,ensemble,147,Chla_ugL_mean,12.8098880373742
vera4cast,chlorocast_ens3,2026-10-30 00:00:00,2026-10-04 00:00:00,P1D,fcre,1.6,ensemble,147,Chla_ugL_mean,12.8840059648514
vera4cast,chlorocast_ens3,2026-10-31 00:00:00,2026-10-04 00:00:00,P1D,fcre,1.6,ensemble,147,Chla_ugL_mean,13.0301201242139
vera4cast,chlorocast_ens3,2026-11-01 00:00:00,2026-10-04 00:00:00,P1D,fcre,1.6,ensemble,147,Chla_ugL_mean,13.2193671629606
vera4cast,chlorocast_ens3,2026-11-02 00:00:00,2026-10-04 00:00:00,P1D,fcre,1.6,ensemble,147,Chla_ugL_mean,13.3196831000764
vera4cast,chlorocast_ens3,2026-11-03 00:00:00,2026-10-04 00:00:00,P1D,fcre,1.6,ensemble,147,Chla_ugL_mean,13.465733633425
vera4cast,chlorocast_ens3,2026-11-04 00:00:00,2026-10-04 00:00:00,P1D,fcre,1.6,ensemble,147,Chla_ugL_mean,13.5608784189747
vera4cast,chlorocast_ens3,2026-11-05 00:00:00,2026-10-04 00:00:00,P1D,fcre,1.6,ensemble,147,Chla_ugL_mean,13.8616607663347
vera4cast,chlorocast_ens3,2026-11-06 00:00:00,2026-10-04 00:00:00,P1D,fcre,1.6,ensemble,147,Chla_ugL_mean,14.2246529276151
vera4cast,chlorocast_ens3,2026-11-07 00:00:00,2026-10-04 00:00:00,P1D,fcre,1.6,ensemble,147,Chla_ugL_mean,14.4174005421368
vera4cast,chlorocast_ens3,2026-11-08 00:00:00,2026-10-04 00:00:00,P1D,fcre,1.6,ensemble,147,Chla_ugL_mean,14.7273588614708
vera4cast,chlorocast_ens3,2026-10-05 00:00:00,2026-10-04 00:00:00,P1D,fcre,1.6,ensemble,148,Chla_ugL_mean,13.3620552407395
vera4cast,chlorocast_ens3,2026-10-06 00:00:00,2026-10-04 00:00:00,P1D,fcre,1.6,ensemble,148,Chla_ugL_mean,13.3531048972837
vera4cast,chlorocast_ens3,2026-10-07 00:00:00,2026-10-04 00:00:00,P1D,fcre,1.6,ensemble,148,Chla_ugL_mean,13.1595864399582
vera4cast,chlorocast_ens3,2026-10-08 00:00:00,2026-10-04 00:00:00,P1D,fcre,1.6,ensemble,148,Chla_ugL_mean,13.1214060037192
vera4cast,chlorocast_ens3,2026-10-09 00:00:00,2026-10-04 00:00:00,P1D,fcre,1.6,ensemble,148,Chla_ugL_mean,13.1152855105475
vera4cast,chlorocast_ens3,2026-10-10 00:00:00,2026-10-04 00:00:00,P1D,fcre,1.6,ensemble,148,Chla_ugL_mean,12.8916914868888
vera4cast,chlorocast_ens3,2026-10-11 00:00:00,2026-10-04 00:00:00,P1D,fcre,1.6,ensemble,148,Chla_ugL_mean,12.8119300468855
vera4cast,chlorocast_ens3,2026-10-12 00:00:00,2026-10-04 00:00:00,P1D,fcre,1.6,ensemble,148,Chla_ugL_mean,12.6834300354201
vera4cast,chlorocast_ens3,2026-10-13 00:00:00,2026-10-04 00:00:00,P1D,fcre,1.6,ensemble,148,Chla_ugL_mean,12.6791130036838
vera4cast,chlorocast_ens3,2026-10-14 00:00:00,2026-10-04 00:00:00,P1D,fcre,1.6,ensemble,148,Chla_ugL_mean,12.6405022418985
vera4cast,chlorocast_ens3,2026-10-15 00:00:00,2026-10-04 00:00:00,P1D,fcre,1.6,ensemble,148,Chla_ugL_mean,12.7138058055348
vera4cast,chlorocast_ens3,2026-10-16 00:00:00,2026-10-04 00:00:00,P1D,fcre,1.6,ensemble,148,Chla_ugL_mean,12.7262157050307
vera4cast,chlorocast_ens3,2026-10-17 00:00:00,2026-10-04 00:00:00,P1D,fcre,1.6,ensemble,148,Chla_ugL_mean,12.7769462138477
vera4cast,chlorocast_ens3,2026-10-18 00:00:00,2026-10-04 00:00:00,P1D,fcre,1.6,ensemble,148,Chla_ugL_mean,12.7539256459496
vera4cast,chlorocast_ens3,2026-10-19 00:00:00,2026-10-04 00:00:00,P1D,fcre,1.6,ensemble,148,Chla_ugL_mean,12.7288196153314
vera4cast,chlorocast_ens3,2026-10-20 00:00:00,2026-10-04 00:00:00,P1D,fcre,1.6,ensemble,148,Chla_ugL_mean,12.6888042118171
vera4cast,chlorocast_ens3,2026-10-21 00:00:00,2026-10-04 00:00:00,P1D,fcre,1.6,ensemble,148,Chla_ugL_mean,12.6214725946592
vera4cast,chlorocast_ens3,2026-10-22 00:00:00,2026-10-04 00:00:00,P1D,fcre,1.6,ensemble,148,Chla_ugL_mean,12.5171844501638
vera4cast,chlorocast_ens3,2026-10-23 00:00:00,2026-10-04 00:00:00,P1D,fcre,1.6,ensemble,148,Chla_ugL_mean,12.5075481629858
vera4cast,chlorocast_ens3,2026-10-24 00:00:00,2026-10-04 00:00:00,P1D,fcre,1.6,ensemble,148,Chla_ugL_mean,12.6090860622197
vera4cast,chlorocast_ens3,2026-10-25 00:00:00,2026-10-04 00:00:00,P1D,fcre,1.6,ensemble,148,Chla_ugL_mean,12.4834525739877
vera4cast,chlorocast_ens3,2026-10-26 00:00:00,2026-10-04 00:00:00,P1D,fcre,1.6,ensemble,148,Chla_ugL_mean,12.6638796650219
vera4cast,chlorocast_ens3,2026-10-27 00:00:00,2026-10-04 00:00:00,P1D,fcre,1.6,ensemble,148,Chla_ugL_mean,12.7640910784782
vera4cast,chlorocast_ens3,2026-10-28 00:00:00,2026-10-04 00:00:00,P1D,fcre,1.6,ensemble,148,Chla_ugL_mean,12.9464081442794
vera4cast,chlorocast_ens3,2026-10-29 00:00:00,2026-10-04 00:00:00,P1D,fcre,1.6,ensemble,148,Chla_ugL_mean,12.9598724747229
vera4cast,chlorocast_ens3,2026-10-30 00:00:00,2026-10-04 00:00:00,P1D,fcre,1.6,ensemble,148,Chla_ugL_mean,13.0264626494026
vera4cast,chlorocast_ens3,2026-10-31 00:00:00,2026-10-04 00:00:00,P1D,fcre,1.6,ensemble,148,Chla_ugL_mean,13.1704863934654
vera4cast,chlorocast_ens3,2026-11-01 00:00:00,2026-10-04 00:00:00,P1D,fcre,1.6,ensemble,148,Chla_ugL_mean,13.3667650903458
vera4cast,chlorocast_ens3,2026-11-02 00:00:00,2026-10-04 00:00:00,P1D,fcre,1.6,ensemble,148,Chla_ugL_mean,13.4703902449891
vera4cast,chlorocast_ens3,2026-11-03 00:00:00,2026-10-04 00:00:00,P1D,fcre,1.6,ensemble,148,Chla_ugL_mean,13.615970336486
vera4cast,chlorocast_ens3,2026-11-04 00:00:00,2026-10-04 00:00:00,P1D,fcre,1.6,ensemble,148,Chla_ugL_mean,13.709612911762
vera4cast,chlorocast_ens3,2026-11-05 00:00:00,2026-10-04 00:00:00,P1D,fcre,1.6,ensemble,148,Chla_ugL_mean,14.0216451905189
vera4cast,chlorocast_ens3,2026-11-06 00:00:00,2026-10-04 00:00:00,P1D,fcre,1.6,ensemble,148,Chla_ugL_mean,14.3883954505056
vera4cast,chlorocast_ens3,2026-11-07 00:00:00,2026-10-04 00:00:00,P1D,fcre,1.6,ensemble,148,Chla_ugL_mean,14.5824722252183
vera4cast,chlorocast_ens3,2026-11-08 00:00:00,2026-10-04 00:00:00,P1D,fcre,1.6,ensemble,148,Chla_ugL_mean,14.8952154662996
vera4cast,chlorocast_ens3,2026-10-05 00:00:00,2026-10-04 00:00:00,P1D,fcre,1.6,ensemble,149,Chla_ugL_mean,13.5008950732644
vera4cast,chlorocast_ens3,2026-10-06 00:00:00,2026-10-04 00:00:00,P1D,fcre,1.6,ensemble,149,Chla_ugL_mean,13.4993354979005
vera4cast,chlorocast_ens3,2026-10-07 00:00:00,2026-10-04 00:00:00,P1D,fcre,1.6,ensemble,149,Chla_ugL_mean,13.3048716464749
vera4cast,chlorocast_ens3,2026-10-08 00:00:00,2026-10-04 00:00:00,P1D,fcre,1.6,ensemble,149,Chla_ugL_mean,13.2710715840679
vera4cast,chlorocast_ens3,2026-10-09 00:00:00,2026-10-04 00:00:00,P1D,fcre,1.6,ensemble,149,Chla_ugL_mean,13.2592931643218
vera4cast,chlorocast_ens3,2026-10-10 00:00:00,2026-10-04 00:00:00,P1D,fcre,1.6,ensemble,149,Chla_ugL_mean,13.0328112381089
vera4cast,chlorocast_ens3,2026-10-11 00:00:00,2026-10-04 00:00:00,P1D,fcre,1.6,ensemble,149,Chla_ugL_mean,12.9506971543379
vera4cast,chlorocast_ens3,2026-10-12 00:00:00,2026-10-04 00:00:00,P1D,fcre,1.6,ensemble,149,Chla_ugL_mean,12.8284263870953
vera4cast,chlorocast_ens3,2026-10-13 00:00:00,2026-10-04 00:00:00,P1D,fcre,1.6,ensemble,149,Chla_ugL_mean,12.8204095555766
vera4cast,chlorocast_ens3,2026-10-14 00:00:00,2026-10-04 00:00:00,P1D,fcre,1.6,ensemble,149,Chla_ugL_mean,12.7808132909284
vera4cast,chlorocast_ens3,2026-10-15 00:00:00,2026-10-04 00:00:00,P1D,fcre,1.6,ensemble,149,Chla_ugL_mean,12.8552526802179
vera4cast,chlorocast_ens3,2026-10-16 00:00:00,2026-10-04 00:00:00,P1D,fcre,1.6,ensemble,149,Chla_ugL_mean,12.8657223748112
vera4cast,chlorocast_ens3,2026-10-17 00:00:00,2026-10-04 00:00:00,P1D,fcre,1.6,ensemble,149,Chla_ugL_mean,12.9152505339428
vera4cast,chlorocast_ens3,2026-10-18 00:00:00,2026-10-04 00:00:00,P1D,fcre,1.6,ensemble,149,Chla_ugL_mean,12.9003144871072
vera4cast,chlorocast_ens3,2026-10-19 00:00:00,2026-10-04 00:00:00,P1D,fcre,1.6,ensemble,149,Chla_ugL_mean,12.8734585631516
vera4cast,chlorocast_ens3,2026-10-20 00:00:00,2026-10-04 00:00:00,P1D,fcre,1.6,ensemble,149,Chla_ugL_mean,12.8270456003536
vera4cast,chlorocast_ens3,2026-10-21 00:00:00,2026-10-04 00:00:00,P1D,fcre,1.6,ensemble,149,Chla_ugL_mean,12.7665169485443
vera4cast,chlorocast_ens3,2026-10-22 00:00:00,2026-10-04 00:00:00,P1D,fcre,1.6,ensemble,149,Chla_ugL_mean,12.659855140166
vera4cast,chlorocast_ens3,2026-10-23 00:00:00,2026-10-04 00:00:00,P1D,fcre,1.6,ensemble,149,Chla_ugL_mean,12.6472381434364
vera4cast,chlorocast_ens3,2026-10-24 00:00:00,2026-10-04 00:00:00,P1D,fcre,1.6,ensemble,149,Chla_ugL_mean,12.7468509844167
vera4cast,chlorocast_ens3,2026-10-25 00:00:00,2026-10-04 00:00:00,P1D,fcre,1.6,ensemble,149,Chla_ugL_mean,12.6240167427506
vera4cast,chlorocast_ens3,2026-10-26 00:00:00,2026-10-04 00:00:00,P1D,fcre,1.6,ensemble,149,Chla_ugL_mean,12.8033511243701
vera4cast,chlorocast_ens3,2026-10-27 00:00:00,2026-10-04 00:00:00,P1D,fcre,1.6,ensemble,149,Chla_ugL_mean,12.9049376270042
vera4cast,chlorocast_ens3,2026-10-28 00:00:00,2026-10-04 00:00:00,P1D,fcre,1.6,ensemble,149,Chla_ugL_mean,13.0897145778361
vera4cast,chlorocast_ens3,2026-10-29 00:00:00,2026-10-04 00:00:00,P1D,fcre,1.6,ensemble,149,Chla_ugL_mean,13.1114858413856
vera4cast,chlorocast_ens3,2026-10-30 00:00:00,2026-10-04 00:00:00,P1D,fcre,1.6,ensemble,149,Chla_ugL_mean,13.1703810091378
vera4cast,chlorocast_ens3,2026-10-31 00:00:00,2026-10-04 00:00:00,P1D,fcre,1.6,ensemble,149,Chla_ugL_mean,13.3122569763913
vera4cast,chlorocast_ens3,2026-11-01 00:00:00,2026-10-04 00:00:00,P1D,fcre,1.6,ensemble,149,Chla_ugL_mean,13.515690944308
vera4cast,chlorocast_ens3,2026-11-02 00:00:00,2026-10-04 00:00:00,P1D,fcre,1.6,ensemble,149,Chla_ugL_mean,13.6226835034608
vera4cast,chlorocast_ens3,2026-11-03 00:00:00,2026-10-04 00:00:00,P1D,fcre,1.6,ensemble,149,Chla_ugL_mean,13.7677673521808
vera4cast,chlorocast_ens3,2026-11-04 00:00:00,2026-10-04 00:00:00,P1D,fcre,1.6,ensemble,149,Chla_ugL_mean,13.8598666775428
vera4cast,chlorocast_ens3,2026-11-05 00:00:00,2026-10-04 00:00:00,P1D,fcre,1.6,ensemble,149,Chla_ugL_mean,14.1833518324541
vera4cast,chlorocast_ens3,2026-11-06 00:00:00,2026-10-04 00:00:00,P1D,fcre,1.6,ensemble,149,Chla_ugL_mean,14.5538990390788
vera4cast,chlorocast_ens3,2026-11-07 00:00:00,2026-10-04 00:00:00,P1D,fcre,1.6,ensemble,149,Chla_ugL_mean,14.7493113048515
vera4cast,chlorocast_ens3,2026-11-08 00:00:00,2026-10-04 00:00:00,P1D,fcre,1.6,ensemble,149,Chla_ugL_mean,15.0648635887018
vera4cast,chlorocast_ens3,2026-10-05 00:00:00,2026-10-04 00:00:00,P1D,fcre,1.6,ensemble,150,Chla_ugL_mean,13.6410770882813
vera4cast,chlorocast_ens3,2026-10-06 00:00:00,2026-10-04 00:00:00,P1D,fcre,1.6,ensemble,150,Chla_ugL_mean,13.6470559077753
vera4cast,chlorocast_ens3,2026-10-07 00:00:00,2026-10-04 00:00:00,P1D,fcre,1.6,ensemble,150,Chla_ugL_mean,13.4516475597522
vera4cast,chlorocast_ens3,2026-10-08 00:00:00,2026-10-04 00:00:00,P1D,fcre,1.6,ensemble,150,Chla_ugL_mean,13.4223233935737
vera4cast,chlorocast_ens3,2026-10-09 00:00:00,2026-10-04 00:00:00,P1D,fcre,1.6,ensemble,150,Chla_ugL_mean,13.4047700200001
vera4cast,chlorocast_ens3,2026-10-10 00:00:00,2026-10-04 00:00:00,P1D,fcre,1.6,ensemble,150,Chla_ugL_mean,13.1753645645134
vera4cast,chlorocast_ens3,2026-10-11 00:00:00,2026-10-04 00:00:00,P1D,fcre,1.6,ensemble,150,Chla_ugL_mean,13.0908584413182
vera4cast,chlorocast_ens3,2026-10-12 00:00:00,2026-10-04 00:00:00,P1D,fcre,1.6,ensemble,150,Chla_ugL_mean,12.9749591913957
vera4cast,chlorocast_ens3,2026-10-13 00:00:00,2026-10-04 00:00:00,P1D,fcre,1.6,ensemble,150,Chla_ugL_mean,12.9631656111355
vera4cast,chlorocast_ens3,2026-10-14 00:00:00,2026-10-04 00:00:00,P1D,fcre,1.6,ensemble,150,Chla_ugL_mean,12.9225676292252
vera4cast,chlorocast_ens3,2026-10-15 00:00:00,2026-10-04 00:00:00,P1D,fcre,1.6,ensemble,150,Chla_ugL_mean,12.9981584656251
vera4cast,chlorocast_ens3,2026-10-16 00:00:00,2026-10-04 00:00:00,P1D,fcre,1.6,ensemble,150,Chla_ugL_mean,13.0066469234398
vera4cast,chlorocast_ens3,2026-10-17 00:00:00,2026-10-04 00:00:00,P1D,fcre,1.6,ensemble,150,Chla_ugL_mean,13.054943266583
vera4cast,chlorocast_ens3,2026-10-18 00:00:00,2026-10-04 00:00:00,P1D,fcre,1.6,ensemble,150,Chla_ugL_mean,13.048261406545
vera4cast,chlorocast_ens3,2026-10-19 00:00:00,2026-10-04 00:00:00,P1D,fcre,1.6,ensemble,150,Chla_ugL_mean,13.019621343742
vera4cast,chlorocast_ens3,2026-10-20 00:00:00,2026-10-04 00:00:00,P1D,fcre,1.6,ensemble,150,Chla_ugL_mean,12.9666830700385
vera4cast,chlorocast_ens3,2026-10-21 00:00:00,2026-10-04 00:00:00,P1D,fcre,1.6,ensemble,150,Chla_ugL_mean,12.9131057657353
vera4cast,chlorocast_ens3,2026-10-22 00:00:00,2026-10-04 00:00:00,P1D,fcre,1.6,ensemble,150,Chla_ugL_mean,12.8040316856118
vera4cast,chlorocast_ens3,2026-10-23 00:00:00,2026-10-04 00:00:00,P1D,fcre,1.6,ensemble,150,Chla_ugL_mean,12.7883727451018
vera4cast,chlorocast_ens3,2026-10-24 00:00:00,2026-10-04 00:00:00,P1D,fcre,1.6,ensemble,150,Chla_ugL_mean,12.8860105023788
vera4cast,chlorocast_ens3,2026-10-25 00:00:00,2026-10-04 00:00:00,P1D,fcre,1.6,ensemble,150,Chla_ugL_mean,12.7660462843793
vera4cast,chlorocast_ens3,2026-10-26 00:00:00,2026-10-04 00:00:00,P1D,fcre,1.6,ensemble,150,Chla_ugL_mean,12.9442462121788
vera4cast,chlorocast_ens3,2026-10-27 00:00:00,2026-10-04 00:00:00,P1D,fcre,1.6,ensemble,150,Chla_ugL_mean,13.0472254439815
vera4cast,chlorocast_ens3,2026-10-28 00:00:00,2026-10-04 00:00:00,P1D,fcre,1.6,ensemble,150,Chla_ugL_mean,13.2344935578498
vera4cast,chlorocast_ens3,2026-10-29 00:00:00,2026-10-04 00:00:00,P1D,fcre,1.6,ensemble,150,Chla_ugL_mean,13.2647458286025
vera4cast,chlorocast_ens3,2026-10-30 00:00:00,2026-10-04 00:00:00,P1D,fcre,1.6,ensemble,150,Chla_ugL_mean,13.3157760415585
vera4cast,chlorocast_ens3,2026-10-31 00:00:00,2026-10-04 00:00:00,P1D,fcre,1.6,ensemble,150,Chla_ugL_mean,13.4554459226412
vera4cast,chlorocast_ens3,2026-11-01 00:00:00,2026-10-04 00:00:00,P1D,fcre,1.6,ensemble,150,Chla_ugL_mean,13.6661605633307
vera4cast,chlorocast_ens3,2026-11-02 00:00:00,2026-10-04 00:00:00,P1D,fcre,1.6,ensemble,150,Chla_ugL_mean,13.776579568504
vera4cast,chlorocast_ens3,2026-11-03 00:00:00,2026-10-04 00:00:00,P1D,fcre,1.6,ensemble,150,Chla_ugL_mean,13.9211408854412
vera4cast,chlorocast_ens3,2026-11-04 00:00:00,2026-10-04 00:00:00,P1D,fcre,1.6,ensemble,150,Chla_ugL_mean,14.0116552351817
vera4cast,chlorocast_ens3,2026-11-05 00:00:00,2026-10-04 00:00:00,P1D,fcre,1.6,ensemble,150,Chla_ugL_mean,14.3467992316576
vera4cast,chlorocast_ens3,2026-11-06 00:00:00,2026-10-04 00:00:00,P1D,fcre,1.6,ensemble,150,Chla_ugL_mean,14.721182633756
vera4cast,chlorocast_ens3,2026-11-07 00:00:00,2026-10-04 00:00:00,P1D,fcre,1.6,ensemble,150,Chla_ugL_mean,14.9179367042734
vera4cast,chlorocast_ens3,2026-11-08 00:00:00,2026-10-04 00:00:00,P1D,fcre,1.6,ensemble,150,Chla_ugL_mean,15.2363223493742
vera4cast,chlorocast_ens3,2026-10-05 00:00:00,2026-10-04 00:00:00,P1D,fcre,1.6,ensemble,151,Chla_ugL_mean,13.782614260841
vera4cast,chlorocast_ens3,2026-10-06 00:00:00,2026-10-04 00:00:00,P1D,fcre,1.6,ensemble,151,Chla_ugL_mean,13.796281305206
vera4cast,chlorocast_ens3,2026-10-07 00:00:00,2026-10-04 00:00:00,P1D,fcre,1.6,ensemble,151,Chla_ugL_mean,13.5999294752678
vera4cast,chlorocast_ens3,2026-10-08 00:00:00,2026-10-04 00:00:00,P1D,fcre,1.6,ensemble,151,Chla_ugL_mean,13.5751782438703
vera4cast,chlorocast_ens3,2026-10-09 00:00:00,2026-10-04 00:00:00,P1D,fcre,1.6,ensemble,151,Chla_ugL_mean,13.5517310667454
vera4cast,chlorocast_ens3,2026-10-10 00:00:00,2026-10-04 00:00:00,P1D,fcre,1.6,ensemble,151,Chla_ugL_mean,13.3193660291792
vera4cast,chlorocast_ens3,2026-10-11 00:00:00,2026-10-04 00:00:00,P1D,fcre,1.6,ensemble,151,Chla_ugL_mean,13.2324279150113
vera4cast,chlorocast_ens3,2026-10-12 00:00:00,2026-10-04 00:00:00,P1D,fcre,1.6,ensemble,151,Chla_ugL_mean,13.1230447293285
vera4cast,chlorocast_ens3,2026-10-13 00:00:00,2026-10-04 00:00:00,P1D,fcre,1.6,ensemble,151,Chla_ugL_mean,13.1073962461066
vera4cast,chlorocast_ens3,2026-10-14 00:00:00,2026-10-04 00:00:00,P1D,fcre,1.6,ensemble,151,Chla_ugL_mean,13.0657801029746
vera4cast,chlorocast_ens3,2026-10-15 00:00:00,2026-10-04 00:00:00,P1D,fcre,1.6,ensemble,151,Chla_ugL_mean,13.1425382092468
vera4cast,chlorocast_ens3,2026-10-16 00:00:00,2026-10-04 00:00:00,P1D,fcre,1.6,ensemble,151,Chla_ugL_mean,13.1490037615568
vera4cast,chlorocast_ens3,2026-10-17 00:00:00,2026-10-04 00:00:00,P1D,fcre,1.6,ensemble,151,Chla_ugL_mean,13.1960383497957
vera4cast,chlorocast_ens3,2026-10-18 00:00:00,2026-10-04 00:00:00,P1D,fcre,1.6,ensemble,151,Chla_ugL_mean,13.1977829875482
vera4cast,chlorocast_ens3,2026-10-19 00:00:00,2026-10-04 00:00:00,P1D,fcre,1.6,ensemble,151,Chla_ugL_mean,13.1673240113283
vera4cast,chlorocast_ens3,2026-10-20 00:00:00,2026-10-04 00:00:00,P1D,fcre,1.6,ensemble,151,Chla_ugL_mean,13.1077307197071
vera4cast,chlorocast_ens3,2026-10-21 00:00:00,2026-10-04 00:00:00,P1D,fcre,1.6,ensemble,151,Chla_ugL_mean,13.0612554920077
vera4cast,chlorocast_ens3,2026-10-22 00:00:00,2026-10-04 00:00:00,P1D,fcre,1.6,ensemble,151,Chla_ugL_mean,12.9497299804497
vera4cast,chlorocast_ens3,2026-10-23 00:00:00,2026-10-04 00:00:00,P1D,fcre,1.6,ensemble,151,Chla_ugL_mean,12.9309669077113
vera4cast,chlorocast_ens3,2026-10-24 00:00:00,2026-10-04 00:00:00,P1D,fcre,1.6,ensemble,151,Chla_ugL_mean,13.0265787336136
vera4cast,chlorocast_ens3,2026-10-25 00:00:00,2026-10-04 00:00:00,P1D,fcre,1.6,ensemble,151,Chla_ugL_mean,12.9095564752964
vera4cast,chlorocast_ens3,2026-10-26 00:00:00,2026-10-04 00:00:00,P1D,fcre,1.6,ensemble,151,Chla_ugL_mean,13.0865794598655
vera4cast,chlorocast_ens3,2026-10-27 00:00:00,2026-10-04 00:00:00,P1D,fcre,1.6,ensemble,151,Chla_ugL_mean,13.190969277764
vera4cast,chlorocast_ens3,2026-10-28 00:00:00,2026-10-04 00:00:00,P1D,fcre,1.6,ensemble,151,Chla_ugL_mean,13.3807602154837
vera4cast,chlorocast_ens3,2026-10-29 00:00:00,2026-10-04 00:00:00,P1D,fcre,1.6,ensemble,151,Chla_ugL_mean,13.4196703197522
vera4cast,chlorocast_ens3,2026-10-30 00:00:00,2026-10-04 00:00:00,P1D,fcre,1.6,ensemble,151,Chla_ugL_mean,13.462662898048
vera4cast,chlorocast_ens3,2026-10-31 00:00:00,2026-10-04 00:00:00,P1D,fcre,1.6,ensemble,151,Chla_ugL_mean,13.6000674224263
vera4cast,chlorocast_ens3,2026-11-01 00:00:00,2026-10-04 00:00:00,P1D,fcre,1.6,ensemble,151,Chla_ugL_mean,13.8181899500789
vera4cast,chlorocast_ens3,2026-11-02 00:00:00,2026-10-04 00:00:00,P1D,fcre,1.6,ensemble,151,Chla_ugL_mean,13.9320953088162
vera4cast,chlorocast_ens3,2026-11-03 00:00:00,2026-10-04 00:00:00,P1D,fcre,1.6,ensemble,151,Chla_ugL_mean,14.0761073094985
vera4cast,chlorocast_ens3,2026-11-04 00:00:00,2026-10-04 00:00:00,P1D,fcre,1.6,ensemble,151,Chla_ugL_mean,14.164994262063
vera4cast,chlorocast_ens3,2026-11-05 00:00:00,2026-10-04 00:00:00,P1D,fcre,1.6,ensemble,151,Chla_ugL_mean,14.5120061272226
vera4cast,chlorocast_ens3,2026-11-06 00:00:00,2026-10-04 00:00:00,P1D,fcre,1.6,ensemble,151,Chla_ugL_mean,14.890265378664
vera4cast,chlorocast_ens3,2026-11-07 00:00:00,2026-10-04 00:00:00,P1D,fcre,1.6,ensemble,151,Chla_ugL_mean,15.0883675493292
vera4cast,chlorocast_ens3,2026-11-08 00:00:00,2026-10-04 00:00:00,P1D,fcre,1.6,ensemble,151,Chla_ugL_mean,15.4096110730866
vera4cast,chlorocast_ens3,2026-10-05 00:00:00,2026-10-04 00:00:00,P1D,fcre,1.6,ensemble,152,Chla_ugL_mean,13.9255196914254
vera4cast,chlorocast_ens3,2026-10-06 00:00:00,2026-10-04 00:00:00,P1D,fcre,1.6,ensemble,152,Chla_ugL_mean,13.9470270231283
vera4cast,chlorocast_ens3,2026-10-07 00:00:00,2026-10-04 00:00:00,P1D,fcre,1.6,ensemble,152,Chla_ugL_mean,13.7497328454396
vera4cast,chlorocast_ens3,2026-10-08 00:00:00,2026-10-04 00:00:00,P1D,fcre,1.6,ensemble,152,Chla_ugL_mean,13.7296531247696
vera4cast,chlorocast_ens3,2026-10-09 00:00:00,2026-10-04 00:00:00,P1D,fcre,1.6,ensemble,152,Chla_ugL_mean,13.7001914466443
vera4cast,chlorocast_ens3,2026-10-10 00:00:00,2026-10-04 00:00:00,P1D,fcre,1.6,ensemble,152,Chla_ugL_mean,13.4648303431236
vera4cast,chlorocast_ens3,2026-10-11 00:00:00,2026-10-04 00:00:00,P1D,fcre,1.6,ensemble,152,Chla_ugL_mean,13.3754197233311
vera4cast,chlorocast_ens3,2026-10-12 00:00:00,2026-10-04 00:00:00,P1D,fcre,1.6,ensemble,152,Chla_ugL_mean,13.2726994544228
vera4cast,chlorocast_ens3,2026-10-13 00:00:00,2026-10-04 00:00:00,P1D,fcre,1.6,ensemble,152,Chla_ugL_mean,13.2531166919589
vera4cast,chlorocast_ens3,2026-10-14 00:00:00,2026-10-04 00:00:00,P1D,fcre,1.6,ensemble,152,Chla_ugL_mean,13.2104657110757
vera4cast,chlorocast_ens3,2026-10-15 00:00:00,2026-10-04 00:00:00,P1D,fcre,1.6,ensemble,152,Chla_ugL_mean,13.2884071137764
vera4cast,chlorocast_ens3,2026-10-16 00:00:00,2026-10-04 00:00:00,P1D,fcre,1.6,ensemble,152,Chla_ugL_mean,13.2928074462653
vera4cast,chlorocast_ens3,2026-10-17 00:00:00,2026-10-04 00:00:00,P1D,fcre,1.6,ensemble,152,Chla_ugL_mean,13.3385498615297
vera4cast,chlorocast_ens3,2026-10-18 00:00:00,2026-10-04 00:00:00,P1D,fcre,1.6,ensemble,152,Chla_ugL_mean,13.3488959899052
vera4cast,chlorocast_ens3,2026-10-19 00:00:00,2026-10-04 00:00:00,P1D,fcre,1.6,ensemble,152,Chla_ugL_mean,13.3165827892744
vera4cast,chlorocast_ens3,2026-10-20 00:00:00,2026-10-04 00:00:00,P1D,fcre,1.6,ensemble,152,Chla_ugL_mean,13.2502027905771
vera4cast,chlorocast_ens3,2026-10-21 00:00:00,2026-10-04 00:00:00,P1D,fcre,1.6,ensemble,152,Chla_ugL_mean,13.2109827482554
vera4cast,chlorocast_ens3,2026-10-22 00:00:00,2026-10-04 00:00:00,P1D,fcre,1.6,ensemble,152,Chla_ugL_mean,13.0969660863852
vera4cast,chlorocast_ens3,2026-10-23 00:00:00,2026-10-04 00:00:00,P1D,fcre,1.6,ensemble,152,Chla_ugL_mean,13.0750357254948
vera4cast,chlorocast_ens3,2026-10-24 00:00:00,2026-10-04 00:00:00,P1D,fcre,1.6,ensemble,152,Chla_ugL_mean,13.1685699385405
vera4cast,chlorocast_ens3,2026-10-25 00:00:00,2026-10-04 00:00:00,P1D,fcre,1.6,ensemble,152,Chla_ugL_mean,13.0545627511803
vera4cast,chlorocast_ens3,2026-10-26 00:00:00,2026-10-04 00:00:00,P1D,fcre,1.6,ensemble,152,Chla_ugL_mean,13.2303655471742
vera4cast,chlorocast_ens3,2026-10-27 00:00:00,2026-10-04 00:00:00,P1D,fcre,1.6,ensemble,152,Chla_ugL_mean,13.336184027624
vera4cast,chlorocast_ens3,2026-10-28 00:00:00,2026-10-04 00:00:00,P1D,fcre,1.6,ensemble,152,Chla_ugL_mean,13.5285298373817
vera4cast,chlorocast_ens3,2026-10-29 00:00:00,2026-10-04 00:00:00,P1D,fcre,1.6,ensemble,152,Chla_ugL_mean,13.5762773924387
vera4cast,chlorocast_ens3,2026-10-30 00:00:00,2026-10-04 00:00:00,P1D,fcre,1.6,ensemble,152,Chla_ugL_mean,13.61105688545
vera4cast,chlorocast_ens3,2026-10-31 00:00:00,2026-10-04 00:00:00,P1D,fcre,1.6,ensemble,152,Chla_ugL_mean,13.7461358079257
vera4cast,chlorocast_ens3,2026-11-01 00:00:00,2026-10-04 00:00:00,P1D,fcre,1.6,ensemble,152,Chla_ugL_mean,13.9717952731013
vera4cast,chlorocast_ens3,2026-11-02 00:00:00,2026-10-04 00:00:00,P1D,fcre,1.6,ensemble,152,Chla_ugL_mean,14.0892477706289
vera4cast,chlorocast_ens3,2026-11-03 00:00:00,2026-10-04 00:00:00,P1D,fcre,1.6,ensemble,152,Chla_ugL_mean,14.2326831676311
vera4cast,chlorocast_ens3,2026-11-04 00:00:00,2026-10-04 00:00:00,P1D,fcre,1.6,ensemble,152,Chla_ugL_mean,14.3198995957104
vera4cast,chlorocast_ens3,2026-11-05 00:00:00,2026-10-04 00:00:00,P1D,fcre,1.6,ensemble,152,Chla_ugL_mean,14.6789914599673
vera4cast,chlorocast_ens3,2026-11-06 00:00:00,2026-10-04 00:00:00,P1D,fcre,1.6,ensemble,152,Chla_ugL_mean,15.0611666238269
vera4cast,chlorocast_ens3,2026-11-07 00:00:00,2026-10-04 00:00:00,P1D,fcre,1.6,ensemble,152,Chla_ugL_mean,15.2606231706411
vera4cast,chlorocast_ens3,2026-11-08 00:00:00,2026-10-04 00:00:00,P1D,fcre,1.6,ensemble,152,Chla_ugL_mean,15.5847492908605
vera4cast,chlorocast_ens3,2026-10-05 00:00:00,2026-10-04 00:00:00,P1D,fcre,1.6,ensemble,153,Chla_ugL_mean,14.0698066071605
vera4cast,chlorocast_ens3,2026-10-06 00:00:00,2026-10-04 00:00:00,P1D,fcre,1.6,ensemble,153,Chla_ugL_mean,14.0993085506912
vera4cast,chlorocast_ens3,2026-10-07 00:00:00,2026-10-04 00:00:00,P1D,fcre,1.6,ensemble,153,Chla_ugL_mean,13.9010732812357
vera4cast,chlorocast_ens3,2026-10-08 00:00:00,2026-10-04 00:00:00,P1D,fcre,1.6,ensemble,153,Chla_ugL_mean,13.8857652061497
vera4cast,chlorocast_ens3,2026-10-09 00:00:00,2026-10-04 00:00:00,P1D,fcre,1.6,ensemble,153,Chla_ugL_mean,13.8501664562665
vera4cast,chlorocast_ens3,2026-10-10 00:00:00,2026-10-04 00:00:00,P1D,fcre,1.6,ensemble,153,Chla_ugL_mean,13.6117723668066
vera4cast,chlorocast_ens3,2026-10-11 00:00:00,2026-10-04 00:00:00,P1D,fcre,1.6,ensemble,153,Chla_ugL_mean,13.5198481563343
vera4cast,chlorocast_ens3,2026-10-12 00:00:00,2026-10-04 00:00:00,P1D,fcre,1.6,ensemble,153,Chla_ugL_mean,13.4239399945572
vera4cast,chlorocast_ens3,2026-10-13 00:00:00,2026-10-04 00:00:00,P1D,fcre,1.6,ensemble,153,Chla_ugL_mean,13.400342337493
vera4cast,chlorocast_ens3,2026-10-14 00:00:00,2026-10-04 00:00:00,P1D,fcre,1.6,ensemble,153,Chla_ugL_mean,13.3566396067113
vera4cast,chlorocast_ens3,2026-10-15 00:00:00,2026-10-04 00:00:00,P1D,fcre,1.6,ensemble,153,Chla_ugL_mean,13.4357805387105
vera4cast,chlorocast_ens3,2026-10-16 00:00:00,2026-10-04 00:00:00,P1D,fcre,1.6,ensemble,153,Chla_ugL_mean,13.4380726826196
vera4cast,chlorocast_ens3,2026-10-17 00:00:00,2026-10-04 00:00:00,P1D,fcre,1.6,ensemble,153,Chla_ugL_mean,13.4824920210596
vera4cast,chlorocast_ens3,2026-10-18 00:00:00,2026-10-04 00:00:00,P1D,fcre,1.6,ensemble,153,Chla_ugL_mean,13.5016173517857
vera4cast,chlorocast_ens3,2026-10-19 00:00:00,2026-10-04 00:00:00,P1D,fcre,1.6,ensemble,153,Chla_ugL_mean,13.467414071864
vera4cast,chlorocast_ens3,2026-10-20 00:00:00,2026-10-04 00:00:00,P1D,fcre,1.6,ensemble,153,Chla_ugL_mean,13.3941136676861
vera4cast,chlorocast_ens3,2026-10-21 00:00:00,2026-10-04 00:00:00,P1D,fcre,1.6,ensemble,153,Chla_ugL_mean,13.3623043323551
vera4cast,chlorocast_ens3,2026-10-22 00:00:00,2026-10-04 00:00:00,P1D,fcre,1.6,ensemble,153,Chla_ugL_mean,13.2457562346515
vera4cast,chlorocast_ens3,2026-10-23 00:00:00,2026-10-04 00:00:00,P1D,fcre,1.6,ensemble,153,Chla_ugL_mean,13.2205944487813
vera4cast,chlorocast_ens3,2026-10-24 00:00:00,2026-10-04 00:00:00,P1D,fcre,1.6,ensemble,153,Chla_ugL_mean,13.3119985219371
vera4cast,chlorocast_ens3,2026-10-25 00:00:00,2026-10-04 00:00:00,P1D,fcre,1.6,ensemble,153,Chla_ugL_mean,13.2010807086252
vera4cast,chlorocast_ens3,2026-10-26 00:00:00,2026-10-04 00:00:00,P1D,fcre,1.6,ensemble,153,Chla_ugL_mean,13.3756193036898
vera4cast,chlorocast_ens3,2026-10-27 00:00:00,2026-10-04 00:00:00,P1D,fcre,1.6,ensemble,153,Chla_ugL_mean,13.4828847452966
vera4cast,chlorocast_ens3,2026-10-28 00:00:00,2026-10-04 00:00:00,P1D,fcre,1.6,ensemble,153,Chla_ugL_mean,13.6778178672658
vera4cast,chlorocast_ens3,2026-10-29 00:00:00,2026-10-04 00:00:00,P1D,fcre,1.6,ensemble,153,Chla_ugL_mean,13.7345853206006
vera4cast,chlorocast_ens3,2026-10-30 00:00:00,2026-10-04 00:00:00,P1D,fcre,1.6,ensemble,153,Chla_ugL_mean,13.7609734676641
vera4cast,chlorocast_ens3,2026-10-31 00:00:00,2026-10-04 00:00:00,P1D,fcre,1.6,ensemble,153,Chla_ugL_mean,13.8936655547069
vera4cast,chlorocast_ens3,2026-11-01 00:00:00,2026-10-04 00:00:00,P1D,fcre,1.6,ensemble,153,Chla_ugL_mean,14.1269928685497
vera4cast,chlorocast_ens3,2026-11-02 00:00:00,2026-10-04 00:00:00,P1D,fcre,1.6,ensemble,153,Chla_ugL_mean,14.2480541795765
vera4cast,chlorocast_ens3,2026-11-03 00:00:00,2026-10-04 00:00:00,P1D,fcre,1.6,ensemble,153,Chla_ugL_mean,14.3908851749313
vera4cast,chlorocast_ens3,2026-11-04 00:00:00,2026-10-04 00:00:00,P1D,fcre,1.6,ensemble,153,Chla_ugL_mean,14.4763872354225
vera4cast,chlorocast_ens3,2026-11-05 00:00:00,2026-10-04 00:00:00,P1D,fcre,1.6,ensemble,153,Chla_ugL_mean,14.8477743746059
vera4cast,chlorocast_ens3,2026-11-06 00:00:00,2026-10-04 00:00:00,P1D,fcre,1.6,ensemble,153,Chla_ugL_mean,15.2339059273797
vera4cast,chlorocast_ens3,2026-11-07 00:00:00,2026-10-04 00:00:00,P1D,fcre,1.6,ensemble,153,Chla_ugL_mean,15.4347231058017
vera4cast,chlorocast_ens3,2026-11-08 00:00:00,2026-10-04 00:00:00,P1D,fcre,1.6,ensemble,153,Chla_ugL_mean,15.76175674217
vera4cast,chlorocast_ens3,2026-10-05 00:00:00,2026-10-04 00:00:00,P1D,fcre,1.6,ensemble,154,Chla_ugL_mean,14.2154883630407
vera4cast,chlorocast_ens3,2026-10-06 00:00:00,2026-10-04 00:00:00,P1D,fcre,1.6,ensemble,154,Chla_ugL_mean,14.2531415348481
vera4cast,chlorocast_ens3,2026-10-07 00:00:00,2026-10-04 00:00:00,P1D,fcre,1.6,ensemble,154,Chla_ugL_mean,14.0539665538017
vera4cast,chlorocast_ens3,2026-10-08 00:00:00,2026-10-04 00:00:00,P1D,fcre,1.6,ensemble,154,Chla_ugL_mean,14.0435318398635
vera4cast,chlorocast_ens3,2026-10-09 00:00:00,2026-10-04 00:00:00,P1D,fcre,1.6,ensemble,154,Chla_ugL_mean,14.0016715482413
vera4cast,chlorocast_ens3,2026-10-10 00:00:00,2026-10-04 00:00:00,P1D,fcre,1.6,ensemble,154,Chla_ugL_mean,13.7602071116492
vera4cast,chlorocast_ens3,2026-10-11 00:00:00,2026-10-04 00:00:00,P1D,fcre,1.6,ensemble,154,Chla_ugL_mean,13.6657276476482
vera4cast,chlorocast_ens3,2026-10-12 00:00:00,2026-10-04 00:00:00,P1D,fcre,1.6,ensemble,154,Chla_ugL_mean,13.5767831538074
vera4cast,chlorocast_ens3,2026-10-13 00:00:00,2026-10-04 00:00:00,P1D,fcre,1.6,ensemble,154,Chla_ugL_mean,13.5490887304657
vera4cast,chlorocast_ens3,2026-10-14 00:00:00,2026-10-04 00:00:00,P1D,fcre,1.6,ensemble,154,Chla_ugL_mean,13.5043170989355
vera4cast,chlorocast_ens3,2026-10-15 00:00:00,2026-10-04 00:00:00,P1D,fcre,1.6,ensemble,154,Chla_ugL_mean,13.5846740019669
vera4cast,chlorocast_ens3,2026-10-16 00:00:00,2026-10-04 00:00:00,P1D,fcre,1.6,ensemble,154,Chla_ugL_mean,13.5848143251295
vera4cast,chlorocast_ens3,2026-10-17 00:00:00,2026-10-04 00:00:00,P1D,fcre,1.6,ensemble,154,Chla_ugL_mean,13.627879190405
vera4cast,chlorocast_ens3,2026-10-18 00:00:00,2026-10-04 00:00:00,P1D,fcre,1.6,ensemble,154,Chla_ugL_mean,13.6559641916397
vera4cast,chlorocast_ens3,2026-10-19 00:00:00,2026-10-04 00:00:00,P1D,fcre,1.6,ensemble,154,Chla_ugL_mean,13.6198344261016
vera4cast,chlorocast_ens3,2026-10-20 00:00:00,2026-10-04 00:00:00,P1D,fcre,1.6,ensemble,154,Chla_ugL_mean,13.5394778813443
vera4cast,chlorocast_ens3,2026-10-21 00:00:00,2026-10-04 00:00:00,P1D,fcre,1.6,ensemble,154,Chla_ugL_mean,13.5152372210506
vera4cast,chlorocast_ens3,2026-10-22 00:00:00,2026-10-04 00:00:00,P1D,fcre,1.6,ensemble,154,Chla_ugL_mean,13.3961168277982
vera4cast,chlorocast_ens3,2026-10-23 00:00:00,2026-10-04 00:00:00,P1D,fcre,1.6,ensemble,154,Chla_ugL_mean,13.3676584856128
vera4cast,chlorocast_ens3,2026-10-24 00:00:00,2026-10-04 00:00:00,P1D,fcre,1.6,ensemble,154,Chla_ugL_mean,13.456879034401
vera4cast,chlorocast_ens3,2026-10-25 00:00:00,2026-10-04 00:00:00,P1D,fcre,1.6,ensemble,154,Chla_ugL_mean,13.3491261068189
vera4cast,chlorocast_ens3,2026-10-26 00:00:00,2026-10-04 00:00:00,P1D,fcre,1.6,ensemble,154,Chla_ugL_mean,13.5223557103673
vera4cast,chlorocast_ens3,2026-10-27 00:00:00,2026-10-04 00:00:00,P1D,fcre,1.6,ensemble,154,Chla_ugL_mean,13.6310866365399
vera4cast,chlorocast_ens3,2026-10-28 00:00:00,2026-10-04 00:00:00,P1D,fcre,1.6,ensemble,154,Chla_ugL_mean,13.8286399075498
vera4cast,chlorocast_ens3,2026-10-29 00:00:00,2026-10-04 00:00:00,P1D,fcre,1.6,ensemble,154,Chla_ugL_mean,13.8946125766432
vera4cast,chlorocast_ens3,2026-10-30 00:00:00,2026-10-04 00:00:00,P1D,fcre,1.6,ensemble,154,Chla_ugL_mean,13.9124282672569
vera4cast,chlorocast_ens3,2026-10-31 00:00:00,2026-10-04 00:00:00,P1D,fcre,1.6,ensemble,154,Chla_ugL_mean,14.0426712831601
vera4cast,chlorocast_ens3,2026-11-01 00:00:00,2026-10-04 00:00:00,P1D,fcre,1.6,ensemble,154,Chla_ugL_mean,14.2837992419165
vera4cast,chlorocast_ens3,2026-11-02 00:00:00,2026-10-04 00:00:00,P1D,fcre,1.6,ensemble,154,Chla_ugL_mean,14.408531942584
vera4cast,chlorocast_ens3,2026-11-03 00:00:00,2026-10-04 00:00:00,P1D,fcre,1.6,ensemble,154,Chla_ugL_mean,14.5507302200888
vera4cast,chlorocast_ens3,2026-11-04 00:00:00,2026-10-04 00:00:00,P1D,fcre,1.6,ensemble,154,Chla_ugL_mean,14.6344733439254
vera4cast,chlorocast_ens3,2026-11-05 00:00:00,2026-10-04 00:00:00,P1D,fcre,1.6,ensemble,154,Chla_ugL_mean,15.0183742219436
vera4cast,chlorocast_ens3,2026-11-06 00:00:00,2026-10-04 00:00:00,P1D,fcre,1.6,ensemble,154,Chla_ugL_mean,15.4085030578072
vera4cast,chlorocast_ens3,2026-11-07 00:00:00,2026-10-04 00:00:00,P1D,fcre,1.6,ensemble,154,Chla_ugL_mean,15.6106871015893
vera4cast,chlorocast_ens3,2026-11-08 00:00:00,2026-10-04 00:00:00,P1D,fcre,1.6,ensemble,154,Chla_ugL_mean,15.940653377167
vera4cast,chlorocast_ens3,2026-10-05 00:00:00,2026-10-04 00:00:00,P1D,fcre,1.6,ensemble,155,Chla_ugL_mean,14.3625784431649
vera4cast,chlorocast_ens3,2026-10-06 00:00:00,2026-10-04 00:00:00,P1D,fcre,1.6,ensemble,155,Chla_ugL_mean,14.4085417819651
vera4cast,chlorocast_ens3,2026-10-07 00:00:00,2026-10-04 00:00:00,P1D,fcre,1.6,ensemble,155,Chla_ugL_mean,14.2084285961035
vera4cast,chlorocast_ens3,2026-10-08 00:00:00,2026-10-04 00:00:00,P1D,fcre,1.6,ensemble,155,Chla_ugL_mean,14.2029705616675
vera4cast,chlorocast_ens3,2026-10-09 00:00:00,2026-10-04 00:00:00,P1D,fcre,1.6,ensemble,155,Chla_ugL_mean,14.1547223328493
vera4cast,chlorocast_ens3,2026-10-10 00:00:00,2026-10-04 00:00:00,P1D,fcre,1.6,ensemble,155,Chla_ugL_mean,13.9101497415671
vera4cast,chlorocast_ens3,2026-10-11 00:00:00,2026-10-04 00:00:00,P1D,fcre,1.6,ensemble,155,Chla_ugL_mean,13.8130727759135
vera4cast,chlorocast_ens3,2026-10-12 00:00:00,2026-10-04 00:00:00,P1D,fcre,1.6,ensemble,155,Chla_ugL_mean,13.7312459143134
vera4cast,chlorocast_ens3,2026-10-13 00:00:00,2026-10-04 00:00:00,P1D,fcre,1.6,ensemble,155,Chla_ugL_mean,13.6993715792326
vera4cast,chlorocast_ens3,2026-10-14 00:00:00,2026-10-04 00:00:00,P1D,fcre,1.6,ensemble,155,Chla_ugL_mean,13.6535136542767
vera4cast,chlorocast_ens3,2026-10-15 00:00:00,2026-10-04 00:00:00,P1D,fcre,1.6,ensemble,155,Chla_ugL_mean,13.735103181518
vera4cast,chlorocast_ens3,2026-10-16 00:00:00,2026-10-04 00:00:00,P1D,fcre,1.6,ensemble,155,Chla_ugL_mean,13.7330473792786
vera4cast,chlorocast_ens3,2026-10-17 00:00:00,2026-10-04 00:00:00,P1D,fcre,1.6,ensemble,155,Chla_ugL_mean,13.7747258757632
vera4cast,chlorocast_ens3,2026-10-18 00:00:00,2026-10-04 00:00:00,P1D,fcre,1.6,ensemble,155,Chla_ugL_mean,13.8119538101159
vera4cast,chlorocast_ens3,2026-10-19 00:00:00,2026-10-04 00:00:00,P1D,fcre,1.6,ensemble,155,Chla_ugL_mean,13.7738605935323
vera4cast,chlorocast_ens3,2026-10-20 00:00:00,2026-10-04 00:00:00,P1D,fcre,1.6,ensemble,155,Chla_ugL_mean,13.6863101086018
vera4cast,chlorocast_ens3,2026-10-21 00:00:00,2026-10-04 00:00:00,P1D,fcre,1.6,ensemble,155,Chla_ugL_mean,13.669798571858
vera4cast,chlorocast_ens3,2026-10-22 00:00:00,2026-10-04 00:00:00,P1D,fcre,1.6,ensemble,155,Chla_ugL_mean,13.5480644415003
vera4cast,chlorocast_ens3,2026-10-23 00:00:00,2026-10-04 00:00:00,P1D,fcre,1.6,ensemble,155,Chla_ugL_mean,13.5162434033757
vera4cast,chlorocast_ens3,2026-10-24 00:00:00,2026-10-04 00:00:00,P1D,fcre,1.6,ensemble,155,Chla_ugL_mean,13.6032261738254
vera4cast,chlorocast_ens3,2026-10-25 00:00:00,2026-10-04 00:00:00,P1D,fcre,1.6,ensemble,155,Chla_ugL_mean,13.498714869238
vera4cast,chlorocast_ens3,2026-10-26 00:00:00,2026-10-04 00:00:00,P1D,fcre,1.6,ensemble,155,Chla_ugL_mean,13.6705899010769
vera4cast,chlorocast_ens3,2026-10-27 00:00:00,2026-10-04 00:00:00,P1D,fcre,1.6,ensemble,155,Chla_ugL_mean,13.7808050627107
vera4cast,chlorocast_ens3,2026-10-28 00:00:00,2026-10-04 00:00:00,P1D,fcre,1.6,ensemble,155,Chla_ugL_mean,13.9810117209704
vera4cast,chlorocast_ens3,2026-10-29 00:00:00,2026-10-04 00:00:00,P1D,fcre,1.6,ensemble,155,Chla_ugL_mean,14.0563778335945
vera4cast,chlorocast_ens3,2026-10-30 00:00:00,2026-10-04 00:00:00,P1D,fcre,1.6,ensemble,155,Chla_ugL_mean,14.0654370670902
vera4cast,chlorocast_ens3,2026-10-31 00:00:00,2026-10-04 00:00:00,P1D,fcre,1.6,ensemble,155,Chla_ugL_mean,14.1931677599472
vera4cast,chlorocast_ens3,2026-11-01 00:00:00,2026-10-04 00:00:00,P1D,fcre,1.6,ensemble,155,Chla_ugL_mean,14.4422310697898
vera4cast,chlorocast_ens3,2026-11-02 00:00:00,2026-10-04 00:00:00,P1D,fcre,1.6,ensemble,155,Chla_ugL_mean,14.5706986497753
vera4cast,chlorocast_ens3,2026-11-03 00:00:00,2026-10-04 00:00:00,P1D,fcre,1.6,ensemble,155,Chla_ugL_mean,14.7122353671943
vera4cast,chlorocast_ens3,2026-11-04 00:00:00,2026-10-04 00:00:00,P1D,fcre,1.6,ensemble,155,Chla_ugL_mean,14.7941742490421
vera4cast,chlorocast_ens3,2026-11-05 00:00:00,2026-10-04 00:00:00,P1D,fcre,1.6,ensemble,155,Chla_ugL_mean,15.1908105610956
vera4cast,chlorocast_ens3,2026-11-06 00:00:00,2026-10-04 00:00:00,P1D,fcre,1.6,ensemble,155,Chla_ugL_mean,15.5849779962059
vera4cast,chlorocast_ens3,2026-11-07 00:00:00,2026-10-04 00:00:00,P1D,fcre,1.6,ensemble,155,Chla_ugL_mean,15.7885351162079
vera4cast,chlorocast_ens3,2026-11-08 00:00:00,2026-10-04 00:00:00,P1D,fcre,1.6,ensemble,155,Chla_ugL_mean,16.121459358929
vera4cast,chlorocast_ens3,2026-10-05 00:00:00,2026-10-04 00:00:00,P1D,fcre,1.6,ensemble,156,Chla_ugL_mean,14.5110904619844
vera4cast,chlorocast_ens3,2026-10-06 00:00:00,2026-10-04 00:00:00,P1D,fcre,1.6,ensemble,156,Chla_ugL_mean,14.5655252594447
vera4cast,chlorocast_ens3,2026-10-07 00:00:00,2026-10-04 00:00:00,P1D,fcre,1.6,ensemble,156,Chla_ugL_mean,14.3644755045884
vera4cast,chlorocast_ens3,2026-10-08 00:00:00,2026-10-04 00:00:00,P1D,fcre,1.6,ensemble,156,Chla_ugL_mean,14.3640990931705
vera4cast,chlorocast_ens3,2026-10-09 00:00:00,2026-10-04 00:00:00,P1D,fcre,1.6,ensemble,156,Chla_ugL_mean,14.3093345796313
vera4cast,chlorocast_ens3,2026-10-10 00:00:00,2026-10-04 00:00:00,P1D,fcre,1.6,ensemble,156,Chla_ugL_mean,14.0616155745199
vera4cast,chlorocast_ens3,2026-10-11 00:00:00,2026-10-04 00:00:00,P1D,fcre,1.6,ensemble,156,Chla_ugL_mean,13.9618982662409
vera4cast,chlorocast_ens3,2026-10-12 00:00:00,2026-10-04 00:00:00,P1D,fcre,1.6,ensemble,156,Chla_ugL_mean,13.8873454381665
vera4cast,chlorocast_ens3,2026-10-13 00:00:00,2026-10-04 00:00:00,P1D,fcre,1.6,ensemble,156,Chla_ugL_mean,13.8512067544065
vera4cast,chlorocast_ens3,2026-10-14 00:00:00,2026-10-04 00:00:00,P1D,fcre,1.6,ensemble,156,Chla_ugL_mean,13.8042448983573
vera4cast,chlorocast_ens3,2026-10-15 00:00:00,2026-10-04 00:00:00,P1D,fcre,1.6,ensemble,156,Chla_ugL_mean,13.887083917042
vera4cast,chlorocast_ens3,2026-10-16 00:00:00,2026-10-04 00:00:00,P1D,fcre,1.6,ensemble,156,Chla_ugL_mean,13.8827870030591
vera4cast,chlorocast_ens3,2026-10-17 00:00:00,2026-10-04 00:00:00,P1D,fcre,1.6,ensemble,156,Chla_ugL_mean,13.9230467289567
vera4cast,chlorocast_ens3,2026-10-18 00:00:00,2026-10-04 00:00:00,P1D,fcre,1.6,ensemble,156,Chla_ugL_mean,13.9696036920012
vera4cast,chlorocast_ens3,2026-10-19 00:00:00,2026-10-04 00:00:00,P1D,fcre,1.6,ensemble,156,Chla_ugL_mean,13.9295094920803
vera4cast,chlorocast_ens3,2026-10-20 00:00:00,2026-10-04 00:00:00,P1D,fcre,1.6,ensemble,156,Chla_ugL_mean,13.8346251747299
vera4cast,chlorocast_ens3,2026-10-21 00:00:00,2026-10-04 00:00:00,P1D,fcre,1.6,ensemble,156,Chla_ugL_mean,13.8260057249902
vera4cast,chlorocast_ens3,2026-10-22 00:00:00,2026-10-04 00:00:00,P1D,fcre,1.6,ensemble,156,Chla_ugL_mean,13.7016158263851
vera4cast,chlorocast_ens3,2026-10-23 00:00:00,2026-10-04 00:00:00,P1D,fcre,1.6,ensemble,156,Chla_ugL_mean,13.6663649304482
vera4cast,chlorocast_ens3,2026-10-24 00:00:00,2026-10-04 00:00:00,P1D,fcre,1.6,ensemble,156,Chla_ugL_mean,13.7510547868907
vera4cast,chlorocast_ens3,2026-10-25 00:00:00,2026-10-04 00:00:00,P1D,fcre,1.6,ensemble,156,Chla_ugL_mean,13.64986308536
vera4cast,chlorocast_ens3,2026-10-26 00:00:00,2026-10-04 00:00:00,P1D,fcre,1.6,ensemble,156,Chla_ugL_mean,13.820337164165
vera4cast,chlorocast_ens3,2026-10-27 00:00:00,2026-10-04 00:00:00,P1D,fcre,1.6,ensemble,156,Chla_ugL_mean,13.9320555423573
vera4cast,chlorocast_ens3,2026-10-28 00:00:00,2026-10-04 00:00:00,P1D,fcre,1.6,ensemble,156,Chla_ugL_mean,14.1349492322346
vera4cast,chlorocast_ens3,2026-10-29 00:00:00,2026-10-04 00:00:00,P1D,fcre,1.6,ensemble,156,Chla_ugL_mean,14.2198999672838
vera4cast,chlorocast_ens3,2026-10-30 00:00:00,2026-10-04 00:00:00,P1D,fcre,1.6,ensemble,156,Chla_ugL_mean,14.2200158119658
vera4cast,chlorocast_ens3,2026-10-31 00:00:00,2026-10-04 00:00:00,P1D,fcre,1.6,ensemble,156,Chla_ugL_mean,14.3451698994653
vera4cast,chlorocast_ens3,2026-11-01 00:00:00,2026-10-04 00:00:00,P1D,fcre,1.6,ensemble,156,Chla_ugL_mean,14.6023052016273
vera4cast,chlorocast_ens3,2026-11-02 00:00:00,2026-10-04 00:00:00,P1D,fcre,1.6,ensemble,156,Chla_ugL_mean,14.7345720764009
vera4cast,chlorocast_ens3,2026-11-03 00:00:00,2026-10-04 00:00:00,P1D,fcre,1.6,ensemble,156,Chla_ugL_mean,14.8754178575611
vera4cast,chlorocast_ens3,2026-11-04 00:00:00,2026-10-04 00:00:00,P1D,fcre,1.6,ensemble,156,Chla_ugL_mean,14.9555064453789
vera4cast,chlorocast_ens3,2026-11-05 00:00:00,2026-10-04 00:00:00,P1D,fcre,1.6,ensemble,156,Chla_ugL_mean,15.3651031617287
vera4cast,chlorocast_ens3,2026-11-06 00:00:00,2026-10-04 00:00:00,P1D,fcre,1.6,ensemble,156,Chla_ugL_mean,15.7633509385707
vera4cast,chlorocast_ens3,2026-11-07 00:00:00,2026-10-04 00:00:00,P1D,fcre,1.6,ensemble,156,Chla_ugL_mean,15.9682873215509
vera4cast,chlorocast_ens3,2026-11-08 00:00:00,2026-10-04 00:00:00,P1D,fcre,1.6,ensemble,156,Chla_ugL_mean,16.3041950657325
vera4cast,chlorocast_ens3,2026-10-05 00:00:00,2026-10-04 00:00:00,P1D,fcre,1.6,ensemble,157,Chla_ugL_mean,14.6610381655631
vera4cast,chlorocast_ens3,2026-10-06 00:00:00,2026-10-04 00:00:00,P1D,fcre,1.6,ensemble,157,Chla_ugL_mean,14.7241080973669
vera4cast,chlorocast_ens3,2026-10-07 00:00:00,2026-10-04 00:00:00,P1D,fcre,1.6,ensemble,157,Chla_ugL_mean,14.522123540862
vera4cast,chlorocast_ens3,2026-10-08 00:00:00,2026-10-04 00:00:00,P1D,fcre,1.6,ensemble,157,Chla_ugL_mean,14.5269353438037
vera4cast,chlorocast_ens3,2026-10-09 00:00:00,2026-10-04 00:00:00,P1D,fcre,1.6,ensemble,157,Chla_ugL_mean,14.4655242190128
vera4cast,chlorocast_ens3,2026-10-10 00:00:00,2026-10-04 00:00:00,P1D,fcre,1.6,ensemble,157,Chla_ugL_mean,14.2146200840755
vera4cast,chlorocast_ens3,2026-10-11 00:00:00,2026-10-04 00:00:00,P1D,fcre,1.6,ensemble,157,Chla_ugL_mean,14.1122189916831
vera4cast,chlorocast_ens3,2026-10-12 00:00:00,2026-10-04 00:00:00,P1D,fcre,1.6,ensemble,157,Chla_ugL_mean,14.0450990693156
vera4cast,chlorocast_ens3,2026-10-13 00:00:00,2026-10-04 00:00:00,P1D,fcre,1.6,ensemble,157,Chla_ugL_mean,14.0046102905335
vera4cast,chlorocast_ens3,2026-10-14 00:00:00,2026-10-04 00:00:00,P1D,fcre,1.6,ensemble,157,Chla_ugL_mean,13.9565266175307
vera4cast,chlorocast_ens3,2026-10-15 00:00:00,2026-10-04 00:00:00,P1D,fcre,1.6,ensemble,157,Chla_ugL_mean,14.0406322115906
vera4cast,chlorocast_ens3,2026-10-16 00:00:00,2026-10-04 00:00:00,P1D,fcre,1.6,ensemble,157,Chla_ugL_mean,14.0340485085218
vera4cast,chlorocast_ens3,2026-10-17 00:00:00,2026-10-04 00:00:00,P1D,fcre,1.6,ensemble,157,Chla_ugL_mean,14.072856548895
vera4cast,chlorocast_ens3,2026-10-18 00:00:00,2026-10-04 00:00:00,P1D,fcre,1.6,ensemble,157,Chla_ugL_mean,14.1289315081804
vera4cast,chlorocast_ens3,2026-10-19 00:00:00,2026-10-04 00:00:00,P1D,fcre,1.6,ensemble,157,Chla_ugL_mean,14.0867982179074
vera4cast,chlorocast_ens3,2026-10-20 00:00:00,2026-10-04 00:00:00,P1D,fcre,1.6,ensemble,157,Chla_ugL_mean,13.9844380547185
vera4cast,chlorocast_ens3,2026-10-21 00:00:00,2026-10-04 00:00:00,P1D,fcre,1.6,ensemble,157,Chla_ugL_mean,13.9838762053024
vera4cast,chlorocast_ens3,2026-10-22 00:00:00,2026-10-04 00:00:00,P1D,fcre,1.6,ensemble,157,Chla_ugL_mean,13.8567879098785
vera4cast,chlorocast_ens3,2026-10-23 00:00:00,2026-10-04 00:00:00,P1D,fcre,1.6,ensemble,157,Chla_ugL_mean,13.8180389578656
vera4cast,chlorocast_ens3,2026-10-24 00:00:00,2026-10-04 00:00:00,P1D,fcre,1.6,ensemble,157,Chla_ugL_mean,13.9003798705701
vera4cast,chlorocast_ens3,2026-10-25 00:00:00,2026-10-04 00:00:00,P1D,fcre,1.6,ensemble,157,Chla_ugL_mean,13.8025870123946
vera4cast,chlorocast_ens3,2026-10-26 00:00:00,2026-10-04 00:00:00,P1D,fcre,1.6,ensemble,157,Chla_ugL_mean,13.9716129440307
vera4cast,chlorocast_ens3,2026-10-27 00:00:00,2026-10-04 00:00:00,P1D,fcre,1.6,ensemble,157,Chla_ugL_mean,14.0848537528274
vera4cast,chlorocast_ens3,2026-10-28 00:00:00,2026-10-04 00:00:00,P1D,fcre,1.6,ensemble,157,Chla_ugL_mean,14.2904685296835
vera4cast,chlorocast_ens3,2026-10-29 00:00:00,2026-10-04 00:00:00,P1D,fcre,1.6,ensemble,157,Chla_ugL_mean,14.3851980585441
vera4cast,chlorocast_ens3,2026-10-30 00:00:00,2026-10-04 00:00:00,P1D,fcre,1.6,ensemble,157,Chla_ugL_mean,14.3761806102869
vera4cast,chlorocast_ens3,2026-10-31 00:00:00,2026-10-04 00:00:00,P1D,fcre,1.6,ensemble,157,Chla_ugL_mean,14.4986927653246
vera4cast,chlorocast_ens3,2026-11-01 00:00:00,2026-10-04 00:00:00,P1D,fcre,1.6,ensemble,157,Chla_ugL_mean,14.7640386615481
vera4cast,chlorocast_ens3,2026-11-02 00:00:00,2026-10-04 00:00:00,P1D,fcre,1.6,ensemble,157,Chla_ugL_mean,14.9001701847866
vera4cast,chlorocast_ens3,2026-11-03 00:00:00,2026-10-04 00:00:00,P1D,fcre,1.6,ensemble,157,Chla_ugL_mean,15.0402951115653
vera4cast,chlorocast_ens3,2026-11-04 00:00:00,2026-10-04 00:00:00,P1D,fcre,1.6,ensemble,157,Chla_ugL_mean,15.1184865960286
vera4cast,chlorocast_ens3,2026-11-05 00:00:00,2026-10-04 00:00:00,P1D,fcre,1.6,ensemble,157,Chla_ugL_mean,15.5412720063288
vera4cast,chlorocast_ens3,2026-11-06 00:00:00,2026-10-04 00:00:00,P1D,fcre,1.6,ensemble,157,Chla_ugL_mean,15.9436422981065
vera4cast,chlorocast_ens3,2026-11-07 00:00:00,2026-10-04 00:00:00,P1D,fcre,1.6,ensemble,157,Chla_ugL_mean,16.1499641054888
vera4cast,chlorocast_ens3,2026-11-08 00:00:00,2026-10-04 00:00:00,P1D,fcre,1.6,ensemble,157,Chla_ugL_mean,16.4888810933493
vera4cast,chlorocast_ens3,2026-10-05 00:00:00,2026-10-04 00:00:00,P1D,fcre,1.6,ensemble,158,Chla_ugL_mean,14.81243543285
vera4cast,chlorocast_ens3,2026-10-06 00:00:00,2026-10-04 00:00:00,P1D,fcre,1.6,ensemble,158,Chla_ugL_mean,14.8843065901457
vera4cast,chlorocast_ens3,2026-10-07 00:00:00,2026-10-04 00:00:00,P1D,fcre,1.6,ensemble,158,Chla_ugL_mean,14.681389133383
vera4cast,chlorocast_ens3,2026-10-08 00:00:00,2026-10-04 00:00:00,P1D,fcre,1.6,ensemble,158,Chla_ugL_mean,14.6914974128112
vera4cast,chlorocast_ens3,2026-10-09 00:00:00,2026-10-04 00:00:00,P1D,fcre,1.6,ensemble,158,Chla_ugL_mean,14.6233073439455
vera4cast,chlorocast_ens3,2026-10-10 00:00:00,2026-10-04 00:00:00,P1D,fcre,1.6,ensemble,158,Chla_ugL_mean,14.3691789009913
vera4cast,chlorocast_ens3,2026-10-11 00:00:00,2026-10-04 00:00:00,P1D,fcre,1.6,ensemble,158,Chla_ugL_mean,14.2640499747205
vera4cast,chlorocast_ens3,2026-10-12 00:00:00,2026-10-04 00:00:00,P1D,fcre,1.6,ensemble,158,Chla_ugL_mean,14.2045243354949
vera4cast,chlorocast_ens3,2026-10-13 00:00:00,2026-10-04 00:00:00,P1D,fcre,1.6,ensemble,158,Chla_ugL_mean,14.1595983877864
vera4cast,chlorocast_ens3,2026-10-14 00:00:00,2026-10-04 00:00:00,P1D,fcre,1.6,ensemble,158,Chla_ugL_mean,14.1103747605341
vera4cast,chlorocast_ens3,2026-10-15 00:00:00,2026-10-04 00:00:00,P1D,fcre,1.6,ensemble,158,Chla_ugL_mean,14.1957642332741
vera4cast,chlorocast_ens3,2026-10-16 00:00:00,2026-10-04 00:00:00,P1D,fcre,1.6,ensemble,158,Chla_ugL_mean,14.1868473633419
vera4cast,chlorocast_ens3,2026-10-17 00:00:00,2026-10-04 00:00:00,P1D,fcre,1.6,ensemble,158,Chla_ugL_mean,14.2241702830511
vera4cast,chlorocast_ens3,2026-10-18 00:00:00,2026-10-04 00:00:00,P1D,fcre,1.6,ensemble,158,Chla_ugL_mean,14.2899551176172
vera4cast,chlorocast_ens3,2026-10-19 00:00:00,2026-10-04 00:00:00,P1D,fcre,1.6,ensemble,158,Chla_ugL_mean,14.2457440472908
vera4cast,chlorocast_ens3,2026-10-20 00:00:00,2026-10-04 00:00:00,P1D,fcre,1.6,ensemble,158,Chla_ugL_mean,14.1357638747879
vera4cast,chlorocast_ens3,2026-10-21 00:00:00,2026-10-04 00:00:00,P1D,fcre,1.6,ensemble,158,Chla_ugL_mean,14.1434277242582
vera4cast,chlorocast_ens3,2026-10-22 00:00:00,2026-10-04 00:00:00,P1D,fcre,1.6,ensemble,158,Chla_ugL_mean,14.0135977980718
vera4cast,chlorocast_ens3,2026-10-23 00:00:00,2026-10-04 00:00:00,P1D,fcre,1.6,ensemble,158,Chla_ugL_mean,13.9712815410023
vera4cast,chlorocast_ens3,2026-10-24 00:00:00,2026-10-04 00:00:00,P1D,fcre,1.6,ensemble,158,Chla_ugL_mean,14.0512165736514
vera4cast,chlorocast_ens3,2026-10-25 00:00:00,2026-10-04 00:00:00,P1D,fcre,1.6,ensemble,158,Chla_ugL_mean,13.9569030770316
vera4cast,chlorocast_ens3,2026-10-26 00:00:00,2026-10-04 00:00:00,P1D,fcre,1.6,ensemble,158,Chla_ugL_mean,14.1244328427191
vera4cast,chlorocast_ens3,2026-10-27 00:00:00,2026-10-04 00:00:00,P1D,fcre,1.6,ensemble,158,Chla_ugL_mean,14.2392155318938
vera4cast,chlorocast_ens3,2026-10-28 00:00:00,2026-10-04 00:00:00,P1D,fcre,1.6,ensemble,158,Chla_ugL_mean,14.4475858669744
vera4cast,chlorocast_ens3,2026-10-29 00:00:00,2026-10-04 00:00:00,P1D,fcre,1.6,ensemble,158,Chla_ugL_mean,14.552291395439
vera4cast,chlorocast_ens3,2026-10-30 00:00:00,2026-10-04 00:00:00,P1D,fcre,1.6,ensemble,158,Chla_ugL_mean,14.5339477357367
vera4cast,chlorocast_ens3,2026-10-31 00:00:00,2026-10-04 00:00:00,P1D,fcre,1.6,ensemble,158,Chla_ugL_mean,14.6537515718412
vera4cast,chlorocast_ens3,2026-11-01 00:00:00,2026-10-04 00:00:00,P1D,fcre,1.6,ensemble,158,Chla_ugL_mean,14.9274486501434
vera4cast,chlorocast_ens3,2026-11-02 00:00:00,2026-10-04 00:00:00,P1D,fcre,1.6,ensemble,158,Chla_ugL_mean,15.0675111263024
vera4cast,chlorocast_ens3,2026-11-03 00:00:00,2026-10-04 00:00:00,P1D,fcre,1.6,ensemble,158,Chla_ugL_mean,15.2068847305057
vera4cast,chlorocast_ens3,2026-11-04 00:00:00,2026-10-04 00:00:00,P1D,fcre,1.6,ensemble,158,Chla_ugL_mean,15.2831315342925
vera4cast,chlorocast_ens3,2026-11-05 00:00:00,2026-10-04 00:00:00,P1D,fcre,1.6,ensemble,158,Chla_ugL_mean,15.7193372924913
vera4cast,chlorocast_ens3,2026-11-06 00:00:00,2026-10-04 00:00:00,P1D,fcre,1.6,ensemble,158,Chla_ugL_mean,16.1258727075639
vera4cast,chlorocast_ens3,2026-11-07 00:00:00,2026-10-04 00:00:00,P1D,fcre,1.6,ensemble,158,Chla_ugL_mean,16.333586074182
vera4cast,chlorocast_ens3,2026-11-08 00:00:00,2026-10-04 00:00:00,P1D,fcre,1.6,ensemble,158,Chla_ugL_mean,16.6755382573678
vera4cast,chlorocast_ens3,2026-10-05 00:00:00,2026-10-04 00:00:00,P1D,fcre,1.6,ensemble,159,Chla_ugL_mean,14.9652962769637
vera4cast,chlorocast_ens3,2026-10-06 00:00:00,2026-10-04 00:00:00,P1D,fcre,1.6,ensemble,159,Chla_ugL_mean,15.0461371982045
vera4cast,chlorocast_ens3,2026-10-07 00:00:00,2026-10-04 00:00:00,P1D,fcre,1.6,ensemble,159,Chla_ugL_mean,14.8422888791752
vera4cast,chlorocast_ens3,2026-10-08 00:00:00,2026-10-04 00:00:00,P1D,fcre,1.6,ensemble,159,Chla_ugL_mean,14.8578035912619
vera4cast,chlorocast_ens3,2026-10-09 00:00:00,2026-10-04 00:00:00,P1D,fcre,1.6,ensemble,159,Chla_ugL_mean,14.7827002115652
vera4cast,chlorocast_ens3,2026-10-10 00:00:00,2026-10-04 00:00:00,P1D,fcre,1.6,ensemble,159,Chla_ugL_mean,14.5253078148109
vera4cast,chlorocast_ens3,2026-10-11 00:00:00,2026-10-04 00:00:00,P1D,fcre,1.6,ensemble,159,Chla_ugL_mean,14.4174063887634
vera4cast,chlorocast_ens3,2026-10-12 00:00:00,2026-10-04 00:00:00,P1D,fcre,1.6,ensemble,159,Chla_ugL_mean,14.3656389501709
vera4cast,chlorocast_ens3,2026-10-13 00:00:00,2026-10-04 00:00:00,P1D,fcre,1.6,ensemble,159,Chla_ugL_mean,14.3161874136755
vera4cast,chlorocast_ens3,2026-10-14 00:00:00,2026-10-04 00:00:00,P1D,fcre,1.6,ensemble,159,Chla_ugL_mean,14.2658054401591
vera4cast,chlorocast_ens3,2026-10-15 00:00:00,2026-10-04 00:00:00,P1D,fcre,1.6,ensemble,159,Chla_ugL_mean,14.3524963169638
vera4cast,chlorocast_ens3,2026-10-16 00:00:00,2026-10-04 00:00:00,P1D,fcre,1.6,ensemble,159,Chla_ugL_mean,14.3411991924005
vera4cast,chlorocast_ens3,2026-10-17 00:00:00,2026-10-04 00:00:00,P1D,fcre,1.6,ensemble,159,Chla_ugL_mean,14.3770030289533
vera4cast,chlorocast_ens3,2026-10-18 00:00:00,2026-10-04 00:00:00,P1D,fcre,1.6,ensemble,159,Chla_ugL_mean,14.4526925693555
vera4cast,chlorocast_ens3,2026-10-19 00:00:00,2026-10-04 00:00:00,P1D,fcre,1.6,ensemble,159,Chla_ugL_mean,14.4063644385205
vera4cast,chlorocast_ens3,2026-10-20 00:00:00,2026-10-04 00:00:00,P1D,fcre,1.6,ensemble,159,Chla_ugL_mean,14.2886179139161
vera4cast,chlorocast_ens3,2026-10-21 00:00:00,2026-10-04 00:00:00,P1D,fcre,1.6,ensemble,159,Chla_ugL_mean,14.3046781819167
vera4cast,chlorocast_ens3,2026-10-22 00:00:00,2026-10-04 00:00:00,P1D,fcre,1.6,ensemble,159,Chla_ugL_mean,14.1720627776068
vera4cast,chlorocast_ens3,2026-10-23 00:00:00,2026-10-04 00:00:00,P1D,fcre,1.6,ensemble,159,Chla_ugL_mean,14.1261089012713
vera4cast,chlorocast_ens3,2026-10-24 00:00:00,2026-10-04 00:00:00,P1D,fcre,1.6,ensemble,159,Chla_ugL_mean,14.203580198274
vera4cast,chlorocast_ens3,2026-10-25 00:00:00,2026-10-04 00:00:00,P1D,fcre,1.6,ensemble,159,Chla_ugL_mean,14.1128278772082
vera4cast,chlorocast_ens3,2026-10-26 00:00:00,2026-10-04 00:00:00,P1D,fcre,1.6,ensemble,159,Chla_ugL_mean,14.2788126215302
vera4cast,chlorocast_ens3,2026-10-27 00:00:00,2026-10-04 00:00:00,P1D,fcre,1.6,ensemble,159,Chla_ugL_mean,14.3951568793953
vera4cast,chlorocast_ens3,2026-10-28 00:00:00,2026-10-04 00:00:00,P1D,fcre,1.6,ensemble,159,Chla_ugL_mean,14.606317664779
vera4cast,chlorocast_ens3,2026-10-29 00:00:00,2026-10-04 00:00:00,P1D,fcre,1.6,ensemble,159,Chla_ugL_mean,14.7211994755129
vera4cast,chlorocast_ens3,2026-10-30 00:00:00,2026-10-04 00:00:00,P1D,fcre,1.6,ensemble,159,Chla_ugL_mean,14.6933336289743
vera4cast,chlorocast_ens3,2026-10-31 00:00:00,2026-10-04 00:00:00,P1D,fcre,1.6,ensemble,159,Chla_ugL_mean,14.8103616855449
vera4cast,chlorocast_ens3,2026-11-01 00:00:00,2026-10-04 00:00:00,P1D,fcre,1.6,ensemble,159,Chla_ugL_mean,15.0925525463055
vera4cast,chlorocast_ens3,2026-11-02 00:00:00,2026-10-04 00:00:00,P1D,fcre,1.6,ensemble,159,Chla_ugL_mean,15.2366132433516
vera4cast,chlorocast_ens3,2026-11-03 00:00:00,2026-10-04 00:00:00,P1D,fcre,1.6,ensemble,159,Chla_ugL_mean,15.375204498483
vera4cast,chlorocast_ens3,2026-11-04 00:00:00,2026-10-04 00:00:00,P1D,fcre,1.6,ensemble,159,Chla_ugL_mean,15.4494582654178
vera4cast,chlorocast_ens3,2026-11-05 00:00:00,2026-10-04 00:00:00,P1D,fcre,1.6,ensemble,159,Chla_ugL_mean,15.8993194352367
vera4cast,chlorocast_ens3,2026-11-06 00:00:00,2026-10-04 00:00:00,P1D,fcre,1.6,ensemble,159,Chla_ugL_mean,16.3100630216007
vera4cast,chlorocast_ens3,2026-11-07 00:00:00,2026-10-04 00:00:00,P1D,fcre,1.6,ensemble,159,Chla_ugL_mean,16.5191740544179
vera4cast,chlorocast_ens3,2026-11-08 00:00:00,2026-10-04 00:00:00,P1D,fcre,1.6,ensemble,159,Chla_ugL_mean,16.8641875955393
vera4cast,chlorocast_ens3,2026-10-05 00:00:00,2026-10-04 00:00:00,P1D,fcre,1.6,ensemble,160,Chla_ugL_mean,15.1429201036672
vera4cast,chlorocast_ens3,2026-10-06 00:00:00,2026-10-04 00:00:00,P1D,fcre,1.6,ensemble,160,Chla_ugL_mean,15.2308110188446
vera4cast,chlorocast_ens3,2026-10-07 00:00:00,2026-10-04 00:00:00,P1D,fcre,1.6,ensemble,160,Chla_ugL_mean,15.0243785996423
vera4cast,chlorocast_ens3,2026-10-08 00:00:00,2026-10-04 00:00:00,P1D,fcre,1.6,ensemble,160,Chla_ugL_mean,15.0438042309332
vera4cast,chlorocast_ens3,2026-10-09 00:00:00,2026-10-04 00:00:00,P1D,fcre,1.6,ensemble,160,Chla_ugL_mean,14.9659109908837
vera4cast,chlorocast_ens3,2026-10-10 00:00:00,2026-10-04 00:00:00,P1D,fcre,1.6,ensemble,160,Chla_ugL_mean,14.7054868925334
vera4cast,chlorocast_ens3,2026-10-11 00:00:00,2026-10-04 00:00:00,P1D,fcre,1.6,ensemble,160,Chla_ugL_mean,14.5951070840173
vera4cast,chlorocast_ens3,2026-10-12 00:00:00,2026-10-04 00:00:00,P1D,fcre,1.6,ensemble,160,Chla_ugL_mean,14.5478521435279
vera4cast,chlorocast_ens3,2026-10-13 00:00:00,2026-10-04 00:00:00,P1D,fcre,1.6,ensemble,160,Chla_ugL_mean,14.4953681471126
vera4cast,chlorocast_ens3,2026-10-14 00:00:00,2026-10-04 00:00:00,P1D,fcre,1.6,ensemble,160,Chla_ugL_mean,14.4452058571147
vera4cast,chlorocast_ens3,2026-10-15 00:00:00,2026-10-04 00:00:00,P1D,fcre,1.6,ensemble,160,Chla_ugL_mean,14.5319785346027
vera4cast,chlorocast_ens3,2026-10-16 00:00:00,2026-10-04 00:00:00,P1D,fcre,1.6,ensemble,160,Chla_ugL_mean,14.5221371256365
vera4cast,chlorocast_ens3,2026-10-17 00:00:00,2026-10-04 00:00:00,P1D,fcre,1.6,ensemble,160,Chla_ugL_mean,14.5546866013052
vera4cast,chlorocast_ens3,2026-10-18 00:00:00,2026-10-04 00:00:00,P1D,fcre,1.6,ensemble,160,Chla_ugL_mean,14.6356686367094
vera4cast,chlorocast_ens3,2026-10-19 00:00:00,2026-10-04 00:00:00,P1D,fcre,1.6,ensemble,160,Chla_ugL_mean,14.5877394463122
vera4cast,chlorocast_ens3,2026-10-20 00:00:00,2026-10-04 00:00:00,P1D,fcre,1.6,ensemble,160,Chla_ugL_mean,14.464687790213
vera4cast,chlorocast_ens3,2026-10-21 00:00:00,2026-10-04 00:00:00,P1D,fcre,1.6,ensemble,160,Chla_ugL_mean,14.4859272243871
vera4cast,chlorocast_ens3,2026-10-22 00:00:00,2026-10-04 00:00:00,P1D,fcre,1.6,ensemble,160,Chla_ugL_mean,14.3503359442118
vera4cast,chlorocast_ens3,2026-10-23 00:00:00,2026-10-04 00:00:00,P1D,fcre,1.6,ensemble,160,Chla_ugL_mean,14.3010023499897
vera4cast,chlorocast_ens3,2026-10-24 00:00:00,2026-10-04 00:00:00,P1D,fcre,1.6,ensemble,160,Chla_ugL_mean,14.3782360659908
vera4cast,chlorocast_ens3,2026-10-25 00:00:00,2026-10-04 00:00:00,P1D,fcre,1.6,ensemble,160,Chla_ugL_mean,14.2914781164589
vera4cast,chlorocast_ens3,2026-10-26 00:00:00,2026-10-04 00:00:00,P1D,fcre,1.6,ensemble,160,Chla_ugL_mean,14.4559467989838
vera4cast,chlorocast_ens3,2026-10-27 00:00:00,2026-10-04 00:00:00,P1D,fcre,1.6,ensemble,160,Chla_ugL_mean,14.5713697940312
vera4cast,chlorocast_ens3,2026-10-28 00:00:00,2026-10-04 00:00:00,P1D,fcre,1.6,ensemble,160,Chla_ugL_mean,14.7857752388895
vera4cast,chlorocast_ens3,2026-10-29 00:00:00,2026-10-04 00:00:00,P1D,fcre,1.6,ensemble,160,Chla_ugL_mean,14.909335660112
vera4cast,chlorocast_ens3,2026-10-30 00:00:00,2026-10-04 00:00:00,P1D,fcre,1.6,ensemble,160,Chla_ugL_mean,14.8776764028682
vera4cast,chlorocast_ens3,2026-10-31 00:00:00,2026-10-04 00:00:00,P1D,fcre,1.6,ensemble,160,Chla_ugL_mean,14.993996250826
vera4cast,chlorocast_ens3,2026-11-01 00:00:00,2026-10-04 00:00:00,P1D,fcre,1.6,ensemble,160,Chla_ugL_mean,15.282162748468
vera4cast,chlorocast_ens3,2026-11-02 00:00:00,2026-10-04 00:00:00,P1D,fcre,1.6,ensemble,160,Chla_ugL_mean,15.4294228233492
vera4cast,chlorocast_ens3,2026-11-03 00:00:00,2026-10-04 00:00:00,P1D,fcre,1.6,ensemble,160,Chla_ugL_mean,15.5663919146972
vera4cast,chlorocast_ens3,2026-11-04 00:00:00,2026-10-04 00:00:00,P1D,fcre,1.6,ensemble,160,Chla_ugL_mean,15.6424999985525
vera4cast,chlorocast_ens3,2026-11-05 00:00:00,2026-10-04 00:00:00,P1D,fcre,1.6,ensemble,160,Chla_ugL_mean,16.100767819638
vera4cast,chlorocast_ens3,2026-11-06 00:00:00,2026-10-04 00:00:00,P1D,fcre,1.6,ensemble,160,Chla_ugL_mean,16.5170384318769
vera4cast,chlorocast_ens3,2026-11-07 00:00:00,2026-10-04 00:00:00,P1D,fcre,1.6,ensemble,160,Chla_ugL_mean,16.7246410978715
vera4cast,chlorocast_ens3,2026-11-08 00:00:00,2026-10-04 00:00:00,P1D,fcre,1.6,ensemble,160,Chla_ugL_mean,17.0767359832636
vera4cast,chlorocast_ens3,2026-10-05 00:00:00,2026-10-04 00:00:00,P1D,fcre,1.6,ensemble,161,Chla_ugL_mean,15.3775892002438
vera4cast,chlorocast_ens3,2026-10-06 00:00:00,2026-10-04 00:00:00,P1D,fcre,1.6,ensemble,161,Chla_ugL_mean,15.4677422318081
vera4cast,chlorocast_ens3,2026-10-07 00:00:00,2026-10-04 00:00:00,P1D,fcre,1.6,ensemble,161,Chla_ugL_mean,15.254770269242
vera4cast,chlorocast_ens3,2026-10-08 00:00:00,2026-10-04 00:00:00,P1D,fcre,1.6,ensemble,161,Chla_ugL_mean,15.2743972954872
vera4cast,chlorocast_ens3,2026-10-09 00:00:00,2026-10-04 00:00:00,P1D,fcre,1.6,ensemble,161,Chla_ugL_mean,15.2037519603817
vera4cast,chlorocast_ens3,2026-10-10 00:00:00,2026-10-04 00:00:00,P1D,fcre,1.6,ensemble,161,Chla_ugL_mean,14.940908297087
vera4cast,chlorocast_ens3,2026-10-11 00:00:00,2026-10-04 00:00:00,P1D,fcre,1.6,ensemble,161,Chla_ugL_mean,14.8288088966319
vera4cast,chlorocast_ens3,2026-10-12 00:00:00,2026-10-04 00:00:00,P1D,fcre,1.6,ensemble,161,Chla_ugL_mean,14.7781044372965
vera4cast,chlorocast_ens3,2026-10-13 00:00:00,2026-10-04 00:00:00,P1D,fcre,1.6,ensemble,161,Chla_ugL_mean,14.7262694301224
vera4cast,chlorocast_ens3,2026-10-14 00:00:00,2026-10-04 00:00:00,P1D,fcre,1.6,ensemble,161,Chla_ugL_mean,14.6796545526922
vera4cast,chlorocast_ens3,2026-10-15 00:00:00,2026-10-04 00:00:00,P1D,fcre,1.6,ensemble,161,Chla_ugL_mean,14.7635605411412
vera4cast,chlorocast_ens3,2026-10-16 00:00:00,2026-10-04 00:00:00,P1D,fcre,1.6,ensemble,161,Chla_ugL_mean,14.7644303925168
vera4cast,chlorocast_ens3,2026-10-17 00:00:00,2026-10-04 00:00:00,P1D,fcre,1.6,ensemble,161,Chla_ugL_mean,14.7895951073866
vera4cast,chlorocast_ens3,2026-10-18 00:00:00,2026-10-04 00:00:00,P1D,fcre,1.6,ensemble,161,Chla_ugL_mean,14.8645909002817
vera4cast,chlorocast_ens3,2026-10-19 00:00:00,2026-10-04 00:00:00,P1D,fcre,1.6,ensemble,161,Chla_ugL_mean,14.8163442208637
vera4cast,chlorocast_ens3,2026-10-20 00:00:00,2026-10-04 00:00:00,P1D,fcre,1.6,ensemble,161,Chla_ugL_mean,14.6940558690833
vera4cast,chlorocast_ens3,2026-10-21 00:00:00,2026-10-04 00:00:00,P1D,fcre,1.6,ensemble,161,Chla_ugL_mean,14.7125699545326
vera4cast,chlorocast_ens3,2026-10-22 00:00:00,2026-10-04 00:00:00,P1D,fcre,1.6,ensemble,161,Chla_ugL_mean,14.5736019695448
vera4cast,chlorocast_ens3,2026-10-23 00:00:00,2026-10-04 00:00:00,P1D,fcre,1.6,ensemble,161,Chla_ugL_mean,14.5215887706652
vera4cast,chlorocast_ens3,2026-10-24 00:00:00,2026-10-04 00:00:00,P1D,fcre,1.6,ensemble,161,Chla_ugL_mean,14.6039812420747
vera4cast,chlorocast_ens3,2026-10-25 00:00:00,2026-10-04 00:00:00,P1D,fcre,1.6,ensemble,161,Chla_ugL_mean,14.5221701552896
vera4cast,chlorocast_ens3,2026-10-26 00:00:00,2026-10-04 00:00:00,P1D,fcre,1.6,ensemble,161,Chla_ugL_mean,14.6852385988548
vera4cast,chlorocast_ens3,2026-10-27 00:00:00,2026-10-04 00:00:00,P1D,fcre,1.6,ensemble,161,Chla_ugL_mean,14.7937636294311
vera4cast,chlorocast_ens3,2026-10-28 00:00:00,2026-10-04 00:00:00,P1D,fcre,1.6,ensemble,161,Chla_ugL_mean,15.0124541100514
vera4cast,chlorocast_ens3,2026-10-29 00:00:00,2026-10-04 00:00:00,P1D,fcre,1.6,ensemble,161,Chla_ugL_mean,15.1408691063015
vera4cast,chlorocast_ens3,2026-10-30 00:00:00,2026-10-04 00:00:00,P1D,fcre,1.6,ensemble,161,Chla_ugL_mean,15.1193756896906
vera4cast,chlorocast_ens3,2026-10-31 00:00:00,2026-10-04 00:00:00,P1D,fcre,1.6,ensemble,161,Chla_ugL_mean,15.2400145344799
vera4cast,chlorocast_ens3,2026-11-01 00:00:00,2026-10-04 00:00:00,P1D,fcre,1.6,ensemble,161,Chla_ugL_mean,15.5279474949028
vera4cast,chlorocast_ens3,2026-11-02 00:00:00,2026-10-04 00:00:00,P1D,fcre,1.6,ensemble,161,Chla_ugL_mean,15.676409736952
vera4cast,chlorocast_ens3,2026-11-03 00:00:00,2026-10-04 00:00:00,P1D,fcre,1.6,ensemble,161,Chla_ugL_mean,15.8097719033945
vera4cast,chlorocast_ens3,2026-11-04 00:00:00,2026-10-04 00:00:00,P1D,fcre,1.6,ensemble,161,Chla_ugL_mean,15.897011176767
vera4cast,chlorocast_ens3,2026-11-05 00:00:00,2026-10-04 00:00:00,P1D,fcre,1.6,ensemble,161,Chla_ugL_mean,16.3508157433459
vera4cast,chlorocast_ens3,2026-11-06 00:00:00,2026-10-04 00:00:00,P1D,fcre,1.6,ensemble,161,Chla_ugL_mean,16.775709392308
vera4cast,chlorocast_ens3,2026-11-07 00:00:00,2026-10-04 00:00:00,P1D,fcre,1.6,ensemble,161,Chla_ugL_mean,16.9748266789607
vera4cast,chlorocast_ens3,2026-11-08 00:00:00,2026-10-04 00:00:00,P1D,fcre,1.6,ensemble,161,Chla_ugL_mean,17.3435917476039
vera4cast,chlorocast_ens3,2026-10-05 00:00:00,2026-10-04 00:00:00,P1D,fcre,1.6,ensemble,162,Chla_ugL_mean,15.6156696737295
vera4cast,chlorocast_ens3,2026-10-06 00:00:00,2026-10-04 00:00:00,P1D,fcre,1.6,ensemble,162,Chla_ugL_mean,15.7081320766053
vera4cast,chlorocast_ens3,2026-10-07 00:00:00,2026-10-04 00:00:00,P1D,fcre,1.6,ensemble,162,Chla_ugL_mean,15.4884744118396
vera4cast,chlorocast_ens3,2026-10-08 00:00:00,2026-10-04 00:00:00,P1D,fcre,1.6,ensemble,162,Chla_ugL_mean,15.5083046089971
vera4cast,chlorocast_ens3,2026-10-09 00:00:00,2026-10-04 00:00:00,P1D,fcre,1.6,ensemble,162,Chla_ugL_mean,15.4451359990353
vera4cast,chlorocast_ens3,2026-10-10 00:00:00,2026-10-04 00:00:00,P1D,fcre,1.6,ensemble,162,Chla_ugL_mean,15.1798586108747
vera4cast,chlorocast_ens3,2026-10-11 00:00:00,2026-10-04 00:00:00,P1D,fcre,1.6,ensemble,162,Chla_ugL_mean,15.0660128677713
vera4cast,chlorocast_ens3,2026-10-12 00:00:00,2026-10-04 00:00:00,P1D,fcre,1.6,ensemble,162,Chla_ugL_mean,15.0117665987622
vera4cast,chlorocast_ens3,2026-10-13 00:00:00,2026-10-04 00:00:00,P1D,fcre,1.6,ensemble,162,Chla_ugL_mean,14.9606114447102
vera4cast,chlorocast_ens3,2026-10-14 00:00:00,2026-10-04 00:00:00,P1D,fcre,1.6,ensemble,162,Chla_ugL_mean,14.9176620348191
vera4cast,chlorocast_ens3,2026-10-15 00:00:00,2026-10-04 00:00:00,P1D,fcre,1.6,ensemble,162,Chla_ugL_mean,14.9985954384774
vera4cast,chlorocast_ens3,2026-10-16 00:00:00,2026-10-04 00:00:00,P1D,fcre,1.6,ensemble,162,Chla_ugL_mean,15.0105057434426
vera4cast,chlorocast_ens3,2026-10-17 00:00:00,2026-10-04 00:00:00,P1D,fcre,1.6,ensemble,162,Chla_ugL_mean,15.0280512263285
vera4cast,chlorocast_ens3,2026-10-18 00:00:00,2026-10-04 00:00:00,P1D,fcre,1.6,ensemble,162,Chla_ugL_mean,15.0968648211433
vera4cast,chlorocast_ens3,2026-10-19 00:00:00,2026-10-04 00:00:00,P1D,fcre,1.6,ensemble,162,Chla_ugL_mean,15.0483016395319
vera4cast,chlorocast_ens3,2026-10-20 00:00:00,2026-10-04 00:00:00,P1D,fcre,1.6,ensemble,162,Chla_ugL_mean,14.9268258734446
vera4cast,chlorocast_ens3,2026-10-21 00:00:00,2026-10-04 00:00:00,P1D,fcre,1.6,ensemble,162,Chla_ugL_mean,14.9425296915569
vera4cast,chlorocast_ens3,2026-10-22 00:00:00,2026-10-04 00:00:00,P1D,fcre,1.6,ensemble,162,Chla_ugL_mean,14.8001153321509
vera4cast,chlorocast_ens3,2026-10-23 00:00:00,2026-10-04 00:00:00,P1D,fcre,1.6,ensemble,162,Chla_ugL_mean,14.7453552685587
vera4cast,chlorocast_ens3,2026-10-24 00:00:00,2026-10-04 00:00:00,P1D,fcre,1.6,ensemble,162,Chla_ugL_mean,14.8330402497518
vera4cast,chlorocast_ens3,2026-10-25 00:00:00,2026-10-04 00:00:00,P1D,fcre,1.6,ensemble,162,Chla_ugL_mean,14.756342486632
vera4cast,chlorocast_ens3,2026-10-26 00:00:00,2026-10-04 00:00:00,P1D,fcre,1.6,ensemble,162,Chla_ugL_mean,14.9179319845472
vera4cast,chlorocast_ens3,2026-10-27 00:00:00,2026-10-04 00:00:00,P1D,fcre,1.6,ensemble,162,Chla_ugL_mean,15.019333744033
vera4cast,chlorocast_ens3,2026-10-28 00:00:00,2026-10-04 00:00:00,P1D,fcre,1.6,ensemble,162,Chla_ugL_mean,15.2423880199968
vera4cast,chlorocast_ens3,2026-10-29 00:00:00,2026-10-04 00:00:00,P1D,fcre,1.6,ensemble,162,Chla_ugL_mean,15.3757721298165
vera4cast,chlorocast_ens3,2026-10-30 00:00:00,2026-10-04 00:00:00,P1D,fcre,1.6,ensemble,162,Chla_ugL_mean,15.3647542645756
vera4cast,chlorocast_ens3,2026-10-31 00:00:00,2026-10-04 00:00:00,P1D,fcre,1.6,ensemble,162,Chla_ugL_mean,15.4898170503508
vera4cast,chlorocast_ens3,2026-11-01 00:00:00,2026-10-04 00:00:00,P1D,fcre,1.6,ensemble,162,Chla_ugL_mean,15.7774424451055
vera4cast,chlorocast_ens3,2026-11-02 00:00:00,2026-10-04 00:00:00,P1D,fcre,1.6,ensemble,162,Chla_ugL_mean,15.9271096559445
vera4cast,chlorocast_ens3,2026-11-03 00:00:00,2026-10-04 00:00:00,P1D,fcre,1.6,ensemble,162,Chla_ugL_mean,16.0567274334168
vera4cast,chlorocast_ens3,2026-11-04 00:00:00,2026-10-04 00:00:00,P1D,fcre,1.6,ensemble,162,Chla_ugL_mean,16.1554145550621
vera4cast,chlorocast_ens3,2026-11-05 00:00:00,2026-10-04 00:00:00,P1D,fcre,1.6,ensemble,162,Chla_ugL_mean,16.6045198750563
vera4cast,chlorocast_ens3,2026-11-06 00:00:00,2026-10-04 00:00:00,P1D,fcre,1.6,ensemble,162,Chla_ugL_mean,17.0382001003539
vera4cast,chlorocast_ens3,2026-11-07 00:00:00,2026-10-04 00:00:00,P1D,fcre,1.6,ensemble,162,Chla_ugL_mean,17.2285436615966
vera4cast,chlorocast_ens3,2026-11-08 00:00:00,2026-10-04 00:00:00,P1D,fcre,1.6,ensemble,162,Chla_ugL_mean,17.6143869398934
vera4cast,chlorocast_ens3,2026-10-05 00:00:00,2026-10-04 00:00:00,P1D,fcre,1.6,ensemble,163,Chla_ugL_mean,15.857211115198
vera4cast,chlorocast_ens3,2026-10-06 00:00:00,2026-10-04 00:00:00,P1D,fcre,1.6,ensemble,163,Chla_ugL_mean,15.9520310410298
vera4cast,chlorocast_ens3,2026-10-07 00:00:00,2026-10-04 00:00:00,P1D,fcre,1.6,ensemble,163,Chla_ugL_mean,15.7255386527568
vera4cast,chlorocast_ens3,2026-10-08 00:00:00,2026-10-04 00:00:00,P1D,fcre,1.6,ensemble,163,Chla_ugL_mean,15.7455738062266
vera4cast,chlorocast_ens3,2026-10-09 00:00:00,2026-10-04 00:00:00,P1D,fcre,1.6,ensemble,163,Chla_ugL_mean,15.690115887234
vera4cast,chlorocast_ens3,2026-10-10 00:00:00,2026-10-04 00:00:00,P1D,fcre,1.6,ensemble,163,Chla_ugL_mean,15.4223907313823
vera4cast,chlorocast_ens3,2026-10-11 00:00:00,2026-10-04 00:00:00,P1D,fcre,1.6,ensemble,163,Chla_ugL_mean,15.3067714793319
vera4cast,chlorocast_ens3,2026-10-12 00:00:00,2026-10-04 00:00:00,P1D,fcre,1.6,ensemble,163,Chla_ugL_mean,15.2488891255665
vera4cast,chlorocast_ens3,2026-10-13 00:00:00,2026-10-04 00:00:00,P1D,fcre,1.6,ensemble,163,Chla_ugL_mean,15.1984454622835
vera4cast,chlorocast_ens3,2026-10-14 00:00:00,2026-10-04 00:00:00,P1D,fcre,1.6,ensemble,163,Chla_ugL_mean,15.1592823236796
vera4cast,chlorocast_ens3,2026-10-15 00:00:00,2026-10-04 00:00:00,P1D,fcre,1.6,ensemble,163,Chla_ugL_mean,15.237134709259
vera4cast,chlorocast_ens3,2026-10-16 00:00:00,2026-10-04 00:00:00,P1D,fcre,1.6,ensemble,163,Chla_ugL_mean,15.2604222149687
vera4cast,chlorocast_ens3,2026-10-17 00:00:00,2026-10-04 00:00:00,P1D,fcre,1.6,ensemble,163,Chla_ugL_mean,15.2701085345521
vera4cast,chlorocast_ens3,2026-10-18 00:00:00,2026-10-04 00:00:00,P1D,fcre,1.6,ensemble,163,Chla_ugL_mean,15.3325394710027
vera4cast,chlorocast_ens3,2026-10-19 00:00:00,2026-10-04 00:00:00,P1D,fcre,1.6,ensemble,163,Chla_ugL_mean,15.2836608711174
vera4cast,chlorocast_ens3,2026-10-20 00:00:00,2026-10-04 00:00:00,P1D,fcre,1.6,ensemble,163,Chla_ugL_mean,15.1630482597385
vera4cast,chlorocast_ens3,2026-10-21 00:00:00,2026-10-04 00:00:00,P1D,fcre,1.6,ensemble,163,Chla_ugL_mean,15.1758549811805
vera4cast,chlorocast_ens3,2026-10-22 00:00:00,2026-10-04 00:00:00,P1D,fcre,1.6,ensemble,163,Chla_ugL_mean,15.0299232635755
vera4cast,chlorocast_ens3,2026-10-23 00:00:00,2026-10-04 00:00:00,P1D,fcre,1.6,ensemble,163,Chla_ugL_mean,14.9723476891537
vera4cast,chlorocast_ens3,2026-10-24 00:00:00,2026-10-04 00:00:00,P1D,fcre,1.6,ensemble,163,Chla_ugL_mean,15.0654617344908
vera4cast,chlorocast_ens3,2026-10-25 00:00:00,2026-10-04 00:00:00,P1D,fcre,1.6,ensemble,163,Chla_ugL_mean,14.9940476152712
vera4cast,chlorocast_ens3,2026-10-26 00:00:00,2026-10-04 00:00:00,P1D,fcre,1.6,ensemble,163,Chla_ugL_mean,15.1540774192094
vera4cast,chlorocast_ens3,2026-10-27 00:00:00,2026-10-04 00:00:00,P1D,fcre,1.6,ensemble,163,Chla_ugL_mean,15.248125502177
vera4cast,chlorocast_ens3,2026-10-28 00:00:00,2026-10-04 00:00:00,P1D,fcre,1.6,ensemble,163,Chla_ugL_mean,15.4756237100803
vera4cast,chlorocast_ens3,2026-10-29 00:00:00,2026-10-04 00:00:00,P1D,fcre,1.6,ensemble,163,Chla_ugL_mean,15.6140937691504
vera4cast,chlorocast_ens3,2026-10-30 00:00:00,2026-10-04 00:00:00,P1D,fcre,1.6,ensemble,163,Chla_ugL_mean,15.6138681358003
vera4cast,chlorocast_ens3,2026-10-31 00:00:00,2026-10-04 00:00:00,P1D,fcre,1.6,ensemble,163,Chla_ugL_mean,15.7434620071755
vera4cast,chlorocast_ens3,2026-11-01 00:00:00,2026-10-04 00:00:00,P1D,fcre,1.6,ensemble,163,Chla_ugL_mean,16.0307036058552
vera4cast,chlorocast_ens3,2026-11-02 00:00:00,2026-10-04 00:00:00,P1D,fcre,1.6,ensemble,163,Chla_ugL_mean,16.181578398705
vera4cast,chlorocast_ens3,2026-11-03 00:00:00,2026-10-04 00:00:00,P1D,fcre,1.6,ensemble,163,Chla_ugL_mean,16.3073110337162
vera4cast,chlorocast_ens3,2026-11-04 00:00:00,2026-10-04 00:00:00,P1D,fcre,1.6,ensemble,163,Chla_ugL_mean,16.4177696562516
vera4cast,chlorocast_ens3,2026-11-05 00:00:00,2026-10-04 00:00:00,P1D,fcre,1.6,ensemble,163,Chla_ugL_mean,16.8619336759488
vera4cast,chlorocast_ens3,2026-11-06 00:00:00,2026-10-04 00:00:00,P1D,fcre,1.6,ensemble,163,Chla_ugL_mean,17.3045669615417
vera4cast,chlorocast_ens3,2026-11-07 00:00:00,2026-10-04 00:00:00,P1D,fcre,1.6,ensemble,163,Chla_ugL_mean,17.4858418919644
vera4cast,chlorocast_ens3,2026-11-08 00:00:00,2026-10-04 00:00:00,P1D,fcre,1.6,ensemble,163,Chla_ugL_mean,17.8891797154902
vera4cast,chlorocast_ens3,2026-10-05 00:00:00,2026-10-04 00:00:00,P1D,fcre,1.6,ensemble,164,Chla_ugL_mean,16.1022638366263
vera4cast,chlorocast_ens3,2026-10-06 00:00:00,2026-10-04 00:00:00,P1D,fcre,1.6,ensemble,164,Chla_ugL_mean,16.1994903498766
vera4cast,chlorocast_ens3,2026-10-07 00:00:00,2026-10-04 00:00:00,P1D,fcre,1.6,ensemble,164,Chla_ugL_mean,15.9660113020518
vera4cast,chlorocast_ens3,2026-10-08 00:00:00,2026-10-04 00:00:00,P1D,fcre,1.6,ensemble,164,Chla_ugL_mean,15.9862532065804
vera4cast,chlorocast_ens3,2026-10-09 00:00:00,2026-10-04 00:00:00,P1D,fcre,1.6,ensemble,164,Chla_ugL_mean,15.9387451916264
vera4cast,chlorocast_ens3,2026-10-10 00:00:00,2026-10-04 00:00:00,P1D,fcre,1.6,ensemble,164,Chla_ugL_mean,15.6685583490159
vera4cast,chlorocast_ens3,2026-10-11 00:00:00,2026-10-04 00:00:00,P1D,fcre,1.6,ensemble,164,Chla_ugL_mean,15.5511379996822
vera4cast,chlorocast_ens3,2026-10-12 00:00:00,2026-10-04 00:00:00,P1D,fcre,1.6,ensemble,164,Chla_ugL_mean,15.4895232631833
vera4cast,chlorocast_ens3,2026-10-13 00:00:00,2026-10-04 00:00:00,P1D,fcre,1.6,ensemble,164,Chla_ugL_mean,15.439823518261
vera4cast,chlorocast_ens3,2026-10-14 00:00:00,2026-10-04 00:00:00,P1D,fcre,1.6,ensemble,164,Chla_ugL_mean,15.4045702594509
vera4cast,chlorocast_ens3,2026-10-15 00:00:00,2026-10-04 00:00:00,P1D,fcre,1.6,ensemble,164,Chla_ugL_mean,15.4792306037407
vera4cast,chlorocast_ens3,2026-10-16 00:00:00,2026-10-04 00:00:00,P1D,fcre,1.6,ensemble,164,Chla_ugL_mean,15.5142397651829
vera4cast,chlorocast_ens3,2026-10-17 00:00:00,2026-10-04 00:00:00,P1D,fcre,1.6,ensemble,164,Chla_ugL_mean,15.5158214175949
vera4cast,chlorocast_ens3,2026-10-18 00:00:00,2026-10-04 00:00:00,P1D,fcre,1.6,ensemble,164,Chla_ugL_mean,15.5716646400286
vera4cast,chlorocast_ens3,2026-10-19 00:00:00,2026-10-04 00:00:00,P1D,fcre,1.6,ensemble,164,Chla_ugL_mean,15.5224718055147
vera4cast,chlorocast_ens3,2026-10-20 00:00:00,2026-10-04 00:00:00,P1D,fcre,1.6,ensemble,164,Chla_ugL_mean,15.4027742327627
vera4cast,chlorocast_ens3,2026-10-21 00:00:00,2026-10-04 00:00:00,P1D,fcre,1.6,ensemble,164,Chla_ugL_mean,15.41259507961
vera4cast,chlorocast_ens3,2026-10-22 00:00:00,2026-10-04 00:00:00,P1D,fcre,1.6,ensemble,164,Chla_ugL_mean,15.2630736823323
vera4cast,chlorocast_ens3,2026-10-23 00:00:00,2026-10-04 00:00:00,P1D,fcre,1.6,ensemble,164,Chla_ugL_mean,15.2026125388638
vera4cast,chlorocast_ens3,2026-10-24 00:00:00,2026-10-04 00:00:00,P1D,fcre,1.6,ensemble,164,Chla_ugL_mean,15.3012950558521
vera4cast,chlorocast_ens3,2026-10-25 00:00:00,2026-10-04 00:00:00,P1D,fcre,1.6,ensemble,164,Chla_ugL_mean,15.2353388380963
vera4cast,chlorocast_ens3,2026-10-26 00:00:00,2026-10-04 00:00:00,P1D,fcre,1.6,ensemble,164,Chla_ugL_mean,15.3937261146195
vera4cast,chlorocast_ens3,2026-10-27 00:00:00,2026-10-04 00:00:00,P1D,fcre,1.6,ensemble,164,Chla_ugL_mean,15.4801849161069
vera4cast,chlorocast_ens3,2026-10-28 00:00:00,2026-10-04 00:00:00,P1D,fcre,1.6,ensemble,164,Chla_ugL_mean,15.7122085928479
vera4cast,chlorocast_ens3,2026-10-29 00:00:00,2026-10-04 00:00:00,P1D,fcre,1.6,ensemble,164,Chla_ugL_mean,15.8558837764687
vera4cast,chlorocast_ens3,2026-10-30 00:00:00,2026-10-04 00:00:00,P1D,fcre,1.6,ensemble,164,Chla_ugL_mean,15.8667741642327
vera4cast,chlorocast_ens3,2026-10-31 00:00:00,2026-10-04 00:00:00,P1D,fcre,1.6,ensemble,164,Chla_ugL_mean,16.0010085090522
vera4cast,chlorocast_ens3,2026-11-01 00:00:00,2026-10-04 00:00:00,P1D,fcre,1.6,ensemble,164,Chla_ugL_mean,16.2877878293724
vera4cast,chlorocast_ens3,2026-11-02 00:00:00,2026-10-04 00:00:00,P1D,fcre,1.6,ensemble,164,Chla_ugL_mean,16.4398726227412
vera4cast,chlorocast_ens3,2026-11-03 00:00:00,2026-10-04 00:00:00,P1D,fcre,1.6,ensemble,164,Chla_ugL_mean,16.5615760049577
vera4cast,chlorocast_ens3,2026-11-04 00:00:00,2026-10-04 00:00:00,P1D,fcre,1.6,ensemble,164,Chla_ugL_mean,16.6841369134225
vera4cast,chlorocast_ens3,2026-11-05 00:00:00,2026-10-04 00:00:00,P1D,fcre,1.6,ensemble,164,Chla_ugL_mean,17.1231113889138
vera4cast,chlorocast_ens3,2026-11-06 00:00:00,2026-10-04 00:00:00,P1D,fcre,1.6,ensemble,164,Chla_ugL_mean,17.5748672143287
vera4cast,chlorocast_ens3,2026-11-07 00:00:00,2026-10-04 00:00:00,P1D,fcre,1.6,ensemble,164,Chla_ugL_mean,17.7467719198351
vera4cast,chlorocast_ens3,2026-11-08 00:00:00,2026-10-04 00:00:00,P1D,fcre,1.6,ensemble,164,Chla_ugL_mean,18.1680290882644
vera4cast,chlorocast_ens3,2026-10-05 00:00:00,2026-10-04 00:00:00,P1D,fcre,1.6,ensemble,165,Chla_ugL_mean,16.3508788813755
vera4cast,chlorocast_ens3,2026-10-06 00:00:00,2026-10-04 00:00:00,P1D,fcre,1.6,ensemble,165,Chla_ugL_mean,16.450561975701
vera4cast,chlorocast_ens3,2026-10-07 00:00:00,2026-10-04 00:00:00,P1D,fcre,1.6,ensemble,165,Chla_ugL_mean,16.2099413643641
vera4cast,chlorocast_ens3,2026-10-08 00:00:00,2026-10-04 00:00:00,P1D,fcre,1.6,ensemble,165,Chla_ugL_mean,16.2303918239442
vera4cast,chlorocast_ens3,2026-10-09 00:00:00,2026-10-04 00:00:00,P1D,fcre,1.6,ensemble,165,Chla_ugL_mean,16.1910782768326
vera4cast,chlorocast_ens3,2026-10-10 00:00:00,2026-10-04 00:00:00,P1D,fcre,1.6,ensemble,165,Chla_ugL_mean,15.9184159589875
vera4cast,chlorocast_ens3,2026-10-11 00:00:00,2026-10-04 00:00:00,P1D,fcre,1.6,ensemble,165,Chla_ugL_mean,15.7991664954483
vera4cast,chlorocast_ens3,2026-10-12 00:00:00,2026-10-04 00:00:00,P1D,fcre,1.6,ensemble,165,Chla_ugL_mean,15.733721015995
vera4cast,chlorocast_ens3,2026-10-13 00:00:00,2026-10-04 00:00:00,P1D,fcre,1.6,ensemble,165,Chla_ugL_mean,15.6847984234573
vera4cast,chlorocast_ens3,2026-10-14 00:00:00,2026-10-04 00:00:00,P1D,fcre,1.6,ensemble,165,Chla_ugL_mean,15.6535815147503
vera4cast,chlorocast_ens3,2026-10-15 00:00:00,2026-10-04 00:00:00,P1D,fcre,1.6,ensemble,165,Chla_ugL_mean,15.7249361512292
vera4cast,chlorocast_ens3,2026-10-16 00:00:00,2026-10-04 00:00:00,P1D,fcre,1.6,ensemble,165,Chla_ugL_mean,15.7720192880903
vera4cast,chlorocast_ens3,2026-10-17 00:00:00,2026-10-04 00:00:00,P1D,fcre,1.6,ensemble,165,Chla_ugL_mean,15.7652450823307
vera4cast,chlorocast_ens3,2026-10-18 00:00:00,2026-10-04 00:00:00,P1D,fcre,1.6,ensemble,165,Chla_ugL_mean,15.8142908473691
vera4cast,chlorocast_ens3,2026-10-19 00:00:00,2026-10-04 00:00:00,P1D,fcre,1.6,ensemble,165,Chla_ugL_mean,15.7647850642872
vera4cast,chlorocast_ens3,2026-10-20 00:00:00,2026-10-04 00:00:00,P1D,fcre,1.6,ensemble,165,Chla_ugL_mean,15.6460557567708
vera4cast,chlorocast_ens3,2026-10-21 00:00:00,2026-10-04 00:00:00,P1D,fcre,1.6,ensemble,165,Chla_ugL_mean,15.6527999639361
vera4cast,chlorocast_ens3,2026-10-22 00:00:00,2026-10-04 00:00:00,P1D,fcre,1.6,ensemble,165,Chla_ugL_mean,15.4996152038956
vera4cast,chlorocast_ens3,2026-10-23 00:00:00,2026-10-04 00:00:00,P1D,fcre,1.6,ensemble,165,Chla_ugL_mean,15.4361969945607
vera4cast,chlorocast_ens3,2026-10-24 00:00:00,2026-10-04 00:00:00,P1D,fcre,1.6,ensemble,165,Chla_ugL_mean,15.5405902979713
vera4cast,chlorocast_ens3,2026-10-25 00:00:00,2026-10-04 00:00:00,P1D,fcre,1.6,ensemble,165,Chla_ugL_mean,15.4802702560497
vera4cast,chlorocast_ens3,2026-10-26 00:00:00,2026-10-04 00:00:00,P1D,fcre,1.6,ensemble,165,Chla_ugL_mean,15.6369300422922
vera4cast,chlorocast_ens3,2026-10-27 00:00:00,2026-10-04 00:00:00,P1D,fcre,1.6,ensemble,165,Chla_ugL_mean,15.7155586552238
vera4cast,chlorocast_ens3,2026-10-28 00:00:00,2026-10-04 00:00:00,P1D,fcre,1.6,ensemble,165,Chla_ugL_mean,15.9521907616752
vera4cast,chlorocast_ens3,2026-10-29 00:00:00,2026-10-04 00:00:00,P1D,fcre,1.6,ensemble,165,Chla_ugL_mean,16.1011926279954
vera4cast,chlorocast_ens3,2026-10-30 00:00:00,2026-10-04 00:00:00,P1D,fcre,1.6,ensemble,165,Chla_ugL_mean,16.1235300763102
vera4cast,chlorocast_ens3,2026-10-31 00:00:00,2026-10-04 00:00:00,P1D,fcre,1.6,ensemble,165,Chla_ugL_mean,16.2625165692136
vera4cast,chlorocast_ens3,2026-11-01 00:00:00,2026-10-04 00:00:00,P1D,fcre,1.6,ensemble,165,Chla_ugL_mean,16.5487528260808
vera4cast,chlorocast_ens3,2026-11-02 00:00:00,2026-10-04 00:00:00,P1D,fcre,1.6,ensemble,165,Chla_ugL_mean,16.7020498373051
vera4cast,chlorocast_ens3,2026-11-03 00:00:00,2026-10-04 00:00:00,P1D,fcre,1.6,ensemble,165,Chla_ugL_mean,16.8195764308561
vera4cast,chlorocast_ens3,2026-11-04 00:00:00,2026-10-04 00:00:00,P1D,fcre,1.6,ensemble,165,Chla_ugL_mean,16.9545776838556
vera4cast,chlorocast_ens3,2026-11-05 00:00:00,2026-10-04 00:00:00,P1D,fcre,1.6,ensemble,165,Chla_ugL_mean,17.3881080499831
vera4cast,chlorocast_ens3,2026-11-06 00:00:00,2026-10-04 00:00:00,P1D,fcre,1.6,ensemble,165,Chla_ugL_mean,17.8491589424022
vera4cast,chlorocast_ens3,2026-11-07 00:00:00,2026-10-04 00:00:00,P1D,fcre,1.6,ensemble,165,Chla_ugL_mean,18.0113850084959
vera4cast,chlorocast_ens3,2026-11-08 00:00:00,2026-10-04 00:00:00,P1D,fcre,1.6,ensemble,165,Chla_ugL_mean,18.4509949432717
vera4cast,chlorocast_ens3,2026-10-05 00:00:00,2026-10-04 00:00:00,P1D,fcre,1.6,ensemble,166,Chla_ugL_mean,16.603108034822
vera4cast,chlorocast_ens3,2026-10-06 00:00:00,2026-10-04 00:00:00,P1D,fcre,1.6,ensemble,166,Chla_ugL_mean,16.705298649734
vera4cast,chlorocast_ens3,2026-10-07 00:00:00,2026-10-04 00:00:00,P1D,fcre,1.6,ensemble,166,Chla_ugL_mean,16.4573785489009
vera4cast,chlorocast_ens3,2026-10-08 00:00:00,2026-10-04 00:00:00,P1D,fcre,1.6,ensemble,166,Chla_ugL_mean,16.4780393766668
vera4cast,chlorocast_ens3,2026-10-09 00:00:00,2026-10-04 00:00:00,P1D,fcre,1.6,ensemble,166,Chla_ugL_mean,16.4471703173314
vera4cast,chlorocast_ens3,2026-10-10 00:00:00,2026-10-04 00:00:00,P1D,fcre,1.6,ensemble,166,Chla_ugL_mean,16.1720188733792
vera4cast,chlorocast_ens3,2026-10-11 00:00:00,2026-10-04 00:00:00,P1D,fcre,1.6,ensemble,166,Chla_ugL_mean,16.0509118434764
vera4cast,chlorocast_ens3,2026-10-12 00:00:00,2026-10-04 00:00:00,P1D,fcre,1.6,ensemble,166,Chla_ugL_mean,15.9815351585304
vera4cast,chlorocast_ens3,2026-10-13 00:00:00,2026-10-04 00:00:00,P1D,fcre,1.6,ensemble,166,Chla_ugL_mean,15.9334237756375
vera4cast,chlorocast_ens3,2026-10-14 00:00:00,2026-10-04 00:00:00,P1D,fcre,1.6,ensemble,166,Chla_ugL_mean,15.9063726072709
vera4cast,chlorocast_ens3,2026-10-15 00:00:00,2026-10-04 00:00:00,P1D,fcre,1.6,ensemble,166,Chla_ugL_mean,15.9743051716988
vera4cast,chlorocast_ens3,2026-10-16 00:00:00,2026-10-04 00:00:00,P1D,fcre,1.6,ensemble,166,Chla_ugL_mean,16.0338226282231
vera4cast,chlorocast_ens3,2026-10-17 00:00:00,2026-10-04 00:00:00,P1D,fcre,1.6,ensemble,166,Chla_ugL_mean,16.0184355693732
vera4cast,chlorocast_ens3,2026-10-18 00:00:00,2026-10-04 00:00:00,P1D,fcre,1.6,ensemble,166,Chla_ugL_mean,16.0604693518244
vera4cast,chlorocast_ens3,2026-10-19 00:00:00,2026-10-04 00:00:00,P1D,fcre,1.6,ensemble,166,Chla_ugL_mean,16.0106520113981
vera4cast,chlorocast_ens3,2026-10-20 00:00:00,2026-10-04 00:00:00,P1D,fcre,1.6,ensemble,166,Chla_ugL_mean,15.8929455667361
vera4cast,chlorocast_ens3,2026-10-21 00:00:00,2026-10-04 00:00:00,P1D,fcre,1.6,ensemble,166,Chla_ugL_mean,15.8965203426842
vera4cast,chlorocast_ens3,2026-10-22 00:00:00,2026-10-04 00:00:00,P1D,fcre,1.6,ensemble,166,Chla_ugL_mean,15.739597150837
vera4cast,chlorocast_ens3,2026-10-23 00:00:00,2026-10-04 00:00:00,P1D,fcre,1.6,ensemble,166,Chla_ugL_mean,15.6731489132401
vera4cast,chlorocast_ens3,2026-10-24 00:00:00,2026-10-04 00:00:00,P1D,fcre,1.6,ensemble,166,Chla_ugL_mean,15.7833982801953
vera4cast,chlorocast_ens3,2026-10-25 00:00:00,2026-10-04 00:00:00,P1D,fcre,1.6,ensemble,166,Chla_ugL_mean,15.7288967862579
vera4cast,chlorocast_ens3,2026-10-26 00:00:00,2026-10-04 00:00:00,P1D,fcre,1.6,ensemble,166,Chla_ugL_mean,15.8837419447488
vera4cast,chlorocast_ens3,2026-10-27 00:00:00,2026-10-04 00:00:00,P1D,fcre,1.6,ensemble,166,Chla_ugL_mean,15.9542940554718
vera4cast,chlorocast_ens3,2026-10-28 00:00:00,2026-10-04 00:00:00,P1D,fcre,1.6,ensemble,166,Chla_ugL_mean,16.1956190005437
vera4cast,chlorocast_ens3,2026-10-29 00:00:00,2026-10-04 00:00:00,P1D,fcre,1.6,ensemble,166,Chla_ugL_mean,16.3500715345508
vera4cast,chlorocast_ens3,2026-10-30 00:00:00,2026-10-04 00:00:00,P1D,fcre,1.6,ensemble,166,Chla_ugL_mean,16.3841944772158
vera4cast,chlorocast_ens3,2026-10-31 00:00:00,2026-10-04 00:00:00,P1D,fcre,1.6,ensemble,166,Chla_ugL_mean,16.5280471240107
vera4cast,chlorocast_ens3,2026-11-01 00:00:00,2026-10-04 00:00:00,P1D,fcre,1.6,ensemble,166,Chla_ugL_mean,16.8136571775627
vera4cast,chlorocast_ens3,2026-11-02 00:00:00,2026-10-04 00:00:00,P1D,fcre,1.6,ensemble,166,Chla_ugL_mean,16.9681684161967
vera4cast,chlorocast_ens3,2026-11-03 00:00:00,2026-10-04 00:00:00,P1D,fcre,1.6,ensemble,166,Chla_ugL_mean,17.0813671896805
vera4cast,chlorocast_ens3,2026-11-04 00:00:00,2026-10-04 00:00:00,P1D,fcre,1.6,ensemble,166,Chla_ugL_mean,17.2291542631592
vera4cast,chlorocast_ens3,2026-11-05 00:00:00,2026-10-04 00:00:00,P1D,fcre,1.6,ensemble,166,Chla_ugL_mean,17.6569794999268
vera4cast,chlorocast_ens3,2026-11-06 00:00:00,2026-10-04 00:00:00,P1D,fcre,1.6,ensemble,166,Chla_ugL_mean,18.1275010871608
vera4cast,chlorocast_ens3,2026-11-07 00:00:00,2026-10-04 00:00:00,P1D,fcre,1.6,ensemble,166,Chla_ugL_mean,18.279733144822
vera4cast,chlorocast_ens3,2026-11-08 00:00:00,2026-10-04 00:00:00,P1D,fcre,1.6,ensemble,166,Chla_ugL_mean,18.7381380496141
vera4cast,chlorocast_ens3,2026-10-05 00:00:00,2026-10-04 00:00:00,P1D,fcre,1.6,ensemble,167,Chla_ugL_mean,16.8590038351446
vera4cast,chlorocast_ens3,2026-10-06 00:00:00,2026-10-04 00:00:00,P1D,fcre,1.6,ensemble,167,Chla_ugL_mean,16.9637538729568
vera4cast,chlorocast_ens3,2026-10-07 00:00:00,2026-10-04 00:00:00,P1D,fcre,1.6,ensemble,167,Chla_ugL_mean,16.7083732795673
vera4cast,chlorocast_ens3,2026-10-08 00:00:00,2026-10-04 00:00:00,P1D,fcre,1.6,ensemble,167,Chla_ugL_mean,16.7292462976844
vera4cast,chlorocast_ens3,2026-10-09 00:00:00,2026-10-04 00:00:00,P1D,fcre,1.6,ensemble,167,Chla_ugL_mean,16.707077309525
vera4cast,chlorocast_ens3,2026-10-10 00:00:00,2026-10-04 00:00:00,P1D,fcre,1.6,ensemble,167,Chla_ugL_mean,16.4294232333875
vera4cast,chlorocast_ens3,2026-10-11 00:00:00,2026-10-04 00:00:00,P1D,fcre,1.6,ensemble,167,Chla_ugL_mean,16.3064297429743
vera4cast,chlorocast_ens3,2026-10-12 00:00:00,2026-10-04 00:00:00,P1D,fcre,1.6,ensemble,167,Chla_ugL_mean,16.2330192468706
vera4cast,chlorocast_ens3,2026-10-13 00:00:00,2026-10-04 00:00:00,P1D,fcre,1.6,ensemble,167,Chla_ugL_mean,16.1857539712432
vera4cast,chlorocast_ens3,2026-10-14 00:00:00,2026-10-04 00:00:00,P1D,fcre,1.6,ensemble,167,Chla_ugL_mean,16.1630009126097
vera4cast,chlorocast_ens3,2026-10-15 00:00:00,2026-10-04 00:00:00,P1D,fcre,1.6,ensemble,167,Chla_ugL_mean,16.2273922875805
vera4cast,chlorocast_ens3,2026-10-16 00:00:00,2026-10-04 00:00:00,P1D,fcre,1.6,ensemble,167,Chla_ugL_mean,16.2997125954773
vera4cast,chlorocast_ens3,2026-10-17 00:00:00,2026-10-04 00:00:00,P1D,fcre,1.6,ensemble,167,Chla_ugL_mean,16.2754497656675
vera4cast,chlorocast_ens3,2026-10-18 00:00:00,2026-10-04 00:00:00,P1D,fcre,1.6,ensemble,167,Chla_ugL_mean,16.3102521626763
vera4cast,chlorocast_ens3,2026-10-19 00:00:00,2026-10-04 00:00:00,P1D,fcre,1.6,ensemble,167,Chla_ugL_mean,16.260124764098
vera4cast,chlorocast_ens3,2026-10-20 00:00:00,2026-10-04 00:00:00,P1D,fcre,1.6,ensemble,167,Chla_ugL_mean,16.1434971797828
vera4cast,chlorocast_ens3,2026-10-21 00:00:00,2026-10-04 00:00:00,P1D,fcre,1.6,ensemble,167,Chla_ugL_mean,16.1438076665194
vera4cast,chlorocast_ens3,2026-10-22 00:00:00,2026-10-04 00:00:00,P1D,fcre,1.6,ensemble,167,Chla_ugL_mean,15.9830695631103
vera4cast,chlorocast_ens3,2026-10-23 00:00:00,2026-10-04 00:00:00,P1D,fcre,1.6,ensemble,167,Chla_ugL_mean,15.9135168418263
vera4cast,chlorocast_ens3,2026-10-24 00:00:00,2026-10-04 00:00:00,P1D,fcre,1.6,ensemble,167,Chla_ugL_mean,16.0297705678744
vera4cast,chlorocast_ens3,2026-10-25 00:00:00,2026-10-04 00:00:00,P1D,fcre,1.6,ensemble,167,Chla_ugL_mean,15.9812741743443
vera4cast,chlorocast_ens3,2026-10-26 00:00:00,2026-10-04 00:00:00,P1D,fcre,1.6,ensemble,167,Chla_ugL_mean,16.1342153469556
vera4cast,chlorocast_ens3,2026-10-27 00:00:00,2026-10-04 00:00:00,P1D,fcre,1.6,ensemble,167,Chla_ugL_mean,16.1964391288576
vera4cast,chlorocast_ens3,2026-10-28 00:00:00,2026-10-04 00:00:00,P1D,fcre,1.6,ensemble,167,Chla_ugL_mean,16.442542793958
vera4cast,chlorocast_ens3,2026-10-29 00:00:00,2026-10-04 00:00:00,P1D,fcre,1.6,ensemble,167,Chla_ugL_mean,16.6025724522415
vera4cast,chlorocast_ens3,2026-10-30 00:00:00,2026-10-04 00:00:00,P1D,fcre,1.6,ensemble,167,Chla_ugL_mean,16.6488268642549
vera4cast,chlorocast_ens3,2026-10-31 00:00:00,2026-10-04 00:00:00,P1D,fcre,1.6,ensemble,167,Chla_ugL_mean,16.7976620471123
vera4cast,chlorocast_ens3,2026-11-01 00:00:00,2026-10-04 00:00:00,P1D,fcre,1.6,ensemble,167,Chla_ugL_mean,17.0825603497088
vera4cast,chlorocast_ens3,2026-11-02 00:00:00,2026-10-04 00:00:00,P1D,fcre,1.6,ensemble,167,Chla_ugL_mean,17.2382876107618
vera4cast,chlorocast_ens3,2026-11-03 00:00:00,2026-10-04 00:00:00,P1D,fcre,1.6,ensemble,167,Chla_ugL_mean,17.347003965927
vera4cast,chlorocast_ens3,2026-11-04 00:00:00,2026-10-04 00:00:00,P1D,fcre,1.6,ensemble,167,Chla_ugL_mean,17.5079298996185
vera4cast,chlorocast_ens3,2026-11-05 00:00:00,2026-10-04 00:00:00,P1D,fcre,1.6,ensemble,167,Chla_ugL_mean,17.9297823960202
vera4cast,chlorocast_ens3,2026-11-06 00:00:00,2026-10-04 00:00:00,P1D,fcre,1.6,ensemble,167,Chla_ugL_mean,18.4099534603804
vera4cast,chlorocast_ens3,2026-11-07 00:00:00,2026-10-04 00:00:00,P1D,fcre,1.6,ensemble,167,Chla_ugL_mean,18.5518690494899
vera4cast,chlorocast_ens3,2026-11-08 00:00:00,2026-10-04 00:00:00,P1D,fcre,1.6,ensemble,167,Chla_ugL_mean,19.0295200734906
vera4cast,chlorocast_ens3,2026-10-05 00:00:00,2026-10-04 00:00:00,P1D,fcre,1.6,ensemble,168,Chla_ugL_mean,17.1186195842679
vera4cast,chlorocast_ens3,2026-10-06 00:00:00,2026-10-04 00:00:00,P1D,fcre,1.6,ensemble,168,Chla_ugL_mean,17.2259819273379
vera4cast,chlorocast_ens3,2026-10-07 00:00:00,2026-10-04 00:00:00,P1D,fcre,1.6,ensemble,168,Chla_ugL_mean,16.9629767052418
vera4cast,chlorocast_ens3,2026-10-08 00:00:00,2026-10-04 00:00:00,P1D,fcre,1.6,ensemble,168,Chla_ugL_mean,16.9840637447918
vera4cast,chlorocast_ens3,2026-10-09 00:00:00,2026-10-04 00:00:00,P1D,fcre,1.6,ensemble,168,Chla_ugL_mean,16.9708560839826
vera4cast,chlorocast_ens3,2026-10-10 00:00:00,2026-10-04 00:00:00,P1D,fcre,1.6,ensemble,168,Chla_ugL_mean,16.6906860217519
vera4cast,chlorocast_ens3,2026-10-11 00:00:00,2026-10-04 00:00:00,P1D,fcre,1.6,ensemble,168,Chla_ugL_mean,16.565776727835
vera4cast,chlorocast_ens3,2026-10-12 00:00:00,2026-10-04 00:00:00,P1D,fcre,1.6,ensemble,168,Chla_ugL_mean,16.4882276302229
vera4cast,chlorocast_ens3,2026-10-13 00:00:00,2026-10-04 00:00:00,P1D,fcre,1.6,ensemble,168,Chla_ugL_mean,16.4418442172946
vera4cast,chlorocast_ens3,2026-10-14 00:00:00,2026-10-04 00:00:00,P1D,fcre,1.6,ensemble,168,Chla_ugL_mean,16.4235246772899
vera4cast,chlorocast_ens3,2026-10-15 00:00:00,2026-10-04 00:00:00,P1D,fcre,1.6,ensemble,168,Chla_ugL_mean,16.4842529357262
vera4cast,chlorocast_ens3,2026-10-16 00:00:00,2026-10-04 00:00:00,P1D,fcre,1.6,ensemble,168,Chla_ugL_mean,16.5697529801821
vera4cast,chlorocast_ens3,2026-10-17 00:00:00,2026-10-04 00:00:00,P1D,fcre,1.6,ensemble,168,Chla_ugL_mean,16.5363454172711
vera4cast,chlorocast_ens3,2026-10-18 00:00:00,2026-10-04 00:00:00,P1D,fcre,1.6,ensemble,168,Chla_ugL_mean,16.5636920506759
vera4cast,chlorocast_ens3,2026-10-19 00:00:00,2026-10-04 00:00:00,P1D,fcre,1.6,ensemble,168,Chla_ugL_mean,16.5132562039721
vera4cast,chlorocast_ens3,2026-10-20 00:00:00,2026-10-04 00:00:00,P1D,fcre,1.6,ensemble,168,Chla_ugL_mean,16.3977649067869
vera4cast,chlorocast_ens3,2026-10-21 00:00:00,2026-10-04 00:00:00,P1D,fcre,1.6,ensemble,168,Chla_ugL_mean,16.3947141391077
vera4cast,chlorocast_ens3,2026-10-22 00:00:00,2026-10-04 00:00:00,P1D,fcre,1.6,ensemble,168,Chla_ugL_mean,16.2300832084852
vera4cast,chlorocast_ens3,2026-10-23 00:00:00,2026-10-04 00:00:00,P1D,fcre,1.6,ensemble,168,Chla_ugL_mean,16.1573500271193
vera4cast,chlorocast_ens3,2026-10-24 00:00:00,2026-10-04 00:00:00,P1D,fcre,1.6,ensemble,168,Chla_ugL_mean,16.2797594833141
vera4cast,chlorocast_ens3,2026-10-25 00:00:00,2026-10-04 00:00:00,P1D,fcre,1.6,ensemble,168,Chla_ugL_mean,16.237459006928
vera4cast,chlorocast_ens3,2026-10-26 00:00:00,2026-10-04 00:00:00,P1D,fcre,1.6,ensemble,168,Chla_ugL_mean,16.3884045679316
vera4cast,chlorocast_ens3,2026-10-27 00:00:00,2026-10-04 00:00:00,P1D,fcre,1.6,ensemble,168,Chla_ugL_mean,16.4420425731066
vera4cast,chlorocast_ens3,2026-10-28 00:00:00,2026-10-04 00:00:00,P1D,fcre,1.6,ensemble,168,Chla_ugL_mean,16.693012337005
vera4cast,chlorocast_ens3,2026-10-29 00:00:00,2026-10-04 00:00:00,P1D,fcre,1.6,ensemble,168,Chla_ugL_mean,16.8587480933079
vera4cast,chlorocast_ens3,2026-10-30 00:00:00,2026-10-04 00:00:00,P1D,fcre,1.6,ensemble,168,Chla_ugL_mean,16.9174876404358
vera4cast,chlorocast_ens3,2026-10-31 00:00:00,2026-10-04 00:00:00,P1D,fcre,1.6,ensemble,168,Chla_ugL_mean,17.0714241639226
vera4cast,chlorocast_ens3,2026-11-01 00:00:00,2026-10-04 00:00:00,P1D,fcre,1.6,ensemble,168,Chla_ugL_mean,17.3555227060679
vera4cast,chlorocast_ens3,2026-11-02 00:00:00,2026-10-04 00:00:00,P1D,fcre,1.6,ensemble,168,Chla_ugL_mean,17.5124675630837
vera4cast,chlorocast_ens3,2026-11-03 00:00:00,2026-10-04 00:00:00,P1D,fcre,1.6,ensemble,168,Chla_ugL_mean,17.6165432621628
vera4cast,chlorocast_ens3,2026-11-04 00:00:00,2026-10-04 00:00:00,P1D,fcre,1.6,ensemble,168,Chla_ugL_mean,17.7909688087651
vera4cast,chlorocast_ens3,2026-11-05 00:00:00,2026-10-04 00:00:00,P1D,fcre,1.6,ensemble,168,Chla_ugL_mean,18.2065742239831
vera4cast,chlorocast_ens3,2026-11-06 00:00:00,2026-10-04 00:00:00,P1D,fcre,1.6,ensemble,168,Chla_ugL_mean,18.6965767570663
vera4cast,chlorocast_ens3,2026-11-07 00:00:00,2026-10-04 00:00:00,P1D,fcre,1.6,ensemble,168,Chla_ugL_mean,18.8278461873353
vera4cast,chlorocast_ens3,2026-11-08 00:00:00,2026-10-04 00:00:00,P1D,fcre,1.6,ensemble,168,Chla_ugL_mean,19.3252035914404
vera4cast,chlorocast_ens3,2026-10-05 00:00:00,2026-10-04 00:00:00,P1D,fcre,1.6,ensemble,169,Chla_ugL_mean,17.3820093589648
vera4cast,chlorocast_ens3,2026-10-06 00:00:00,2026-10-04 00:00:00,P1D,fcre,1.6,ensemble,169,Chla_ugL_mean,17.492037887233
vera4cast,chlorocast_ens3,2026-10-07 00:00:00,2026-10-04 00:00:00,P1D,fcre,1.6,ensemble,169,Chla_ugL_mean,17.2212407101993
vera4cast,chlorocast_ens3,2026-10-08 00:00:00,2026-10-04 00:00:00,P1D,fcre,1.6,ensemble,169,Chla_ugL_mean,17.2425436110601
vera4cast,chlorocast_ens3,2026-10-09 00:00:00,2026-10-04 00:00:00,P1D,fcre,1.6,ensemble,169,Chla_ugL_mean,17.238564317867
vera4cast,chlorocast_ens3,2026-10-10 00:00:00,2026-10-04 00:00:00,P1D,fcre,1.6,ensemble,169,Chla_ugL_mean,16.9558650753689
vera4cast,chlorocast_ens3,2026-10-11 00:00:00,2026-10-04 00:00:00,P1D,fcre,1.6,ensemble,169,Chla_ugL_mean,16.8290101791452
vera4cast,chlorocast_ens3,2026-10-12 00:00:00,2026-10-04 00:00:00,P1D,fcre,1.6,ensemble,169,Chla_ugL_mean,16.7472154626664
vera4cast,chlorocast_ens3,2026-10-13 00:00:00,2026-10-04 00:00:00,P1D,fcre,1.6,ensemble,169,Chla_ugL_mean,16.7017505434687
vera4cast,chlorocast_ens3,2026-10-14 00:00:00,2026-10-04 00:00:00,P1D,fcre,1.6,ensemble,169,Chla_ugL_mean,16.6880030319809
vera4cast,chlorocast_ens3,2026-10-15 00:00:00,2026-10-04 00:00:00,P1D,fcre,1.6,ensemble,169,Chla_ugL_mean,16.7449433795522
vera4cast,chlorocast_ens3,2026-10-16 00:00:00,2026-10-04 00:00:00,P1D,fcre,1.6,ensemble,169,Chla_ugL_mean,16.8440085684037
vera4cast,chlorocast_ens3,2026-10-17 00:00:00,2026-10-04 00:00:00,P1D,fcre,1.6,ensemble,169,Chla_ugL_mean,16.8011811423285
vera4cast,chlorocast_ens3,2026-10-18 00:00:00,2026-10-04 00:00:00,P1D,fcre,1.6,ensemble,169,Chla_ugL_mean,16.8208425591926
vera4cast,chlorocast_ens3,2026-10-19 00:00:00,2026-10-04 00:00:00,P1D,fcre,1.6,ensemble,169,Chla_ugL_mean,16.7700999881501
vera4cast,chlorocast_ens3,2026-10-20 00:00:00,2026-10-04 00:00:00,P1D,fcre,1.6,ensemble,169,Chla_ugL_mean,16.6558038641484
vera4cast,chlorocast_ens3,2026-10-21 00:00:00,2026-10-04 00:00:00,P1D,fcre,1.6,ensemble,169,Chla_ugL_mean,16.6492927281366
vera4cast,chlorocast_ens3,2026-10-22 00:00:00,2026-10-04 00:00:00,P1D,fcre,1.6,ensemble,169,Chla_ugL_mean,16.4806895931334
vera4cast,chlorocast_ens3,2026-10-23 00:00:00,2026-10-04 00:00:00,P1D,fcre,1.6,ensemble,169,Chla_ugL_mean,16.4046984258835
vera4cast,chlorocast_ens3,2026-10-24 00:00:00,2026-10-04 00:00:00,P1D,fcre,1.6,ensemble,169,Chla_ugL_mean,16.5334181168861
vera4cast,chlorocast_ens3,2026-10-25 00:00:00,2026-10-04 00:00:00,P1D,fcre,1.6,ensemble,169,Chla_ugL_mean,16.4975087243121
vera4cast,chlorocast_ens3,2026-10-26 00:00:00,2026-10-04 00:00:00,P1D,fcre,1.6,ensemble,169,Chla_ugL_mean,16.6463647325285
vera4cast,chlorocast_ens3,2026-10-27 00:00:00,2026-10-04 00:00:00,P1D,fcre,1.6,ensemble,169,Chla_ugL_mean,16.6911537814557
vera4cast,chlorocast_ens3,2026-10-28 00:00:00,2026-10-04 00:00:00,P1D,fcre,1.6,ensemble,169,Chla_ugL_mean,16.9470785455574
vera4cast,chlorocast_ens3,2026-10-29 00:00:00,2026-10-04 00:00:00,P1D,fcre,1.6,ensemble,169,Chla_ugL_mean,17.1186519371271
vera4cast,chlorocast_ens3,2026-10-30 00:00:00,2026-10-04 00:00:00,P1D,fcre,1.6,ensemble,169,Chla_ugL_mean,17.1902381282565
vera4cast,chlorocast_ens3,2026-10-31 00:00:00,2026-10-04 00:00:00,P1D,fcre,1.6,ensemble,169,Chla_ugL_mean,17.349397266221
vera4cast,chlorocast_ens3,2026-11-01 00:00:00,2026-10-04 00:00:00,P1D,fcre,1.6,ensemble,169,Chla_ugL_mean,17.6326055213967
vera4cast,chlorocast_ens3,2026-11-02 00:00:00,2026-10-04 00:00:00,P1D,fcre,1.6,ensemble,169,Chla_ugL_mean,17.7907693193743
vera4cast,chlorocast_ens3,2026-11-03 00:00:00,2026-10-04 00:00:00,P1D,fcre,1.6,ensemble,169,Chla_ugL_mean,17.8900424110455
vera4cast,chlorocast_ens3,2026-11-04 00:00:00,2026-10-04 00:00:00,P1D,fcre,1.6,ensemble,169,Chla_ugL_mean,18.0783361881688
vera4cast,chlorocast_ens3,2026-11-05 00:00:00,2026-10-04 00:00:00,P1D,fcre,1.6,ensemble,169,Chla_ugL_mean,18.4874133100933
vera4cast,chlorocast_ens3,2026-11-06 00:00:00,2026-10-04 00:00:00,P1D,fcre,1.6,ensemble,169,Chla_ugL_mean,18.9874325684962
vera4cast,chlorocast_ens3,2026-11-07 00:00:00,2026-10-04 00:00:00,P1D,fcre,1.6,ensemble,169,Chla_ugL_mean,19.1077187778569
vera4cast,chlorocast_ens3,2026-11-08 00:00:00,2026-10-04 00:00:00,P1D,fcre,1.6,ensemble,169,Chla_ugL_mean,19.6252521037818
vera4cast,chlorocast_ens3,2026-10-05 00:00:00,2026-10-04 00:00:00,P1D,fcre,1.6,ensemble,170,Chla_ugL_mean,17.6492280221205
vera4cast,chlorocast_ens3,2026-10-06 00:00:00,2026-10-04 00:00:00,P1D,fcre,1.6,ensemble,170,Chla_ugL_mean,17.7619776309527
vera4cast,chlorocast_ens3,2026-10-07 00:00:00,2026-10-04 00:00:00,P1D,fcre,1.6,ensemble,170,Chla_ugL_mean,17.4832179246851
vera4cast,chlorocast_ens3,2026-10-08 00:00:00,2026-10-04 00:00:00,P1D,fcre,1.6,ensemble,170,Chla_ugL_mean,17.5047385354051
vera4cast,chlorocast_ens3,2026-10-09 00:00:00,2026-10-04 00:00:00,P1D,fcre,1.6,ensemble,170,Chla_ugL_mean,17.510260547546
vera4cast,chlorocast_ens3,2026-10-10 00:00:00,2026-10-04 00:00:00,P1D,fcre,1.6,ensemble,170,Chla_ugL_mean,17.2250190980964
vera4cast,chlorocast_ens3,2026-10-11 00:00:00,2026-10-04 00:00:00,P1D,fcre,1.6,ensemble,170,Chla_ugL_mean,17.0961883378807
vera4cast,chlorocast_ens3,2026-10-12 00:00:00,2026-10-04 00:00:00,P1D,fcre,1.6,ensemble,170,Chla_ugL_mean,17.010038715072
vera4cast,chlorocast_ens3,2026-10-13 00:00:00,2026-10-04 00:00:00,P1D,fcre,1.6,ensemble,170,Chla_ugL_mean,16.965529814358
vera4cast,chlorocast_ens3,2026-10-14 00:00:00,2026-10-04 00:00:00,P1D,fcre,1.6,ensemble,170,Chla_ugL_mean,16.956496004919
vera4cast,chlorocast_ens3,2026-10-15 00:00:00,2026-10-04 00:00:00,P1D,fcre,1.6,ensemble,170,Chla_ugL_mean,17.009520721363
vera4cast,chlorocast_ens3,2026-10-16 00:00:00,2026-10-04 00:00:00,P1D,fcre,1.6,ensemble,170,Chla_ugL_mean,17.1225451574883
vera4cast,chlorocast_ens3,2026-10-17 00:00:00,2026-10-04 00:00:00,P1D,fcre,1.6,ensemble,170,Chla_ugL_mean,17.0700164442418
vera4cast,chlorocast_ens3,2026-10-18 00:00:00,2026-10-04 00:00:00,P1D,fcre,1.6,ensemble,170,Chla_ugL_mean,17.0817580155255
vera4cast,chlorocast_ens3,2026-10-19 00:00:00,2026-10-04 00:00:00,P1D,fcre,1.6,ensemble,170,Chla_ugL_mean,17.0307105606799
vera4cast,chlorocast_ens3,2026-10-20 00:00:00,2026-10-04 00:00:00,P1D,fcre,1.6,ensemble,170,Chla_ugL_mean,16.9176699857388
vera4cast,chlorocast_ens3,2026-10-21 00:00:00,2026-10-04 00:00:00,P1D,fcre,1.6,ensemble,170,Chla_ugL_mean,16.9075971764968
vera4cast,chlorocast_ens3,2026-10-22 00:00:00,2026-10-04 00:00:00,P1D,fcre,1.6,ensemble,170,Chla_ugL_mean,16.7349409723685
vera4cast,chlorocast_ens3,2026-10-23 00:00:00,2026-10-04 00:00:00,P1D,fcre,1.6,ensemble,170,Chla_ugL_mean,16.655612715084
vera4cast,chlorocast_ens3,2026-10-24 00:00:00,2026-10-04 00:00:00,P1D,fcre,1.6,ensemble,170,Chla_ugL_mean,16.7908003383037
vera4cast,chlorocast_ens3,2026-10-25 00:00:00,2026-10-04 00:00:00,P1D,fcre,1.6,ensemble,170,Chla_ugL_mean,16.7614816333617
vera4cast,chlorocast_ens3,2026-10-26 00:00:00,2026-10-04 00:00:00,P1D,fcre,1.6,ensemble,170,Chla_ugL_mean,16.908151783385
vera4cast,chlorocast_ens3,2026-10-27 00:00:00,2026-10-04 00:00:00,P1D,fcre,1.6,ensemble,170,Chla_ugL_mean,16.9438228525875
vera4cast,chlorocast_ens3,2026-10-28 00:00:00,2026-10-04 00:00:00,P1D,fcre,1.6,ensemble,170,Chla_ugL_mean,17.2047930666243
vera4cast,chlorocast_ens3,2026-10-29 00:00:00,2026-10-04 00:00:00,P1D,fcre,1.6,ensemble,170,Chla_ugL_mean,17.3823382413786
vera4cast,chlorocast_ens3,2026-10-30 00:00:00,2026-10-04 00:00:00,P1D,fcre,1.6,ensemble,170,Chla_ugL_mean,17.4671405837024
vera4cast,chlorocast_ens3,2026-10-31 00:00:00,2026-10-04 00:00:00,P1D,fcre,1.6,ensemble,170,Chla_ugL_mean,17.6316461270262
vera4cast,chlorocast_ens3,2026-11-01 00:00:00,2026-10-04 00:00:00,P1D,fcre,1.6,ensemble,170,Chla_ugL_mean,17.9138709954153
vera4cast,chlorocast_ens3,2026-11-02 00:00:00,2026-10-04 00:00:00,P1D,fcre,1.6,ensemble,170,Chla_ugL_mean,18.0732548435656
vera4cast,chlorocast_ens3,2026-11-03 00:00:00,2026-10-04 00:00:00,P1D,fcre,1.6,ensemble,170,Chla_ugL_mean,18.1675595875172
vera4cast,chlorocast_ens3,2026-11-04 00:00:00,2026-10-04 00:00:00,P1D,fcre,1.6,ensemble,170,Chla_ugL_mean,18.3700982324558
vera4cast,chlorocast_ens3,2026-11-05 00:00:00,2026-10-04 00:00:00,P1D,fcre,1.6,ensemble,170,Chla_ugL_mean,18.7723588334768
vera4cast,chlorocast_ens3,2026-11-06 00:00:00,2026-10-04 00:00:00,P1D,fcre,1.6,ensemble,170,Chla_ugL_mean,19.2825833954554
vera4cast,chlorocast_ens3,2026-11-07 00:00:00,2026-10-04 00:00:00,P1D,fcre,1.6,ensemble,170,Chla_ugL_mean,19.3915418058686
vera4cast,chlorocast_ens3,2026-11-08 00:00:00,2026-10-04 00:00:00,P1D,fcre,1.6,ensemble,170,Chla_ugL_mean,19.9297300482493
vera4cast,chlorocast_ens3,2026-10-05 00:00:00,2026-10-04 00:00:00,P1D,fcre,1.6,ensemble,171,Chla_ugL_mean,17.92033123416
vera4cast,chlorocast_ens3,2026-10-06 00:00:00,2026-10-04 00:00:00,P1D,fcre,1.6,ensemble,171,Chla_ugL_mean,18.0358578524978
vera4cast,chlorocast_ens3,2026-10-07 00:00:00,2026-10-04 00:00:00,P1D,fcre,1.6,ensemble,171,Chla_ugL_mean,17.7489617356393
vera4cast,chlorocast_ens3,2026-10-08 00:00:00,2026-10-04 00:00:00,P1D,fcre,1.6,ensemble,171,Chla_ugL_mean,17.7707019133067
vera4cast,chlorocast_ens3,2026-10-09 00:00:00,2026-10-04 00:00:00,P1D,fcre,1.6,ensemble,171,Chla_ugL_mean,17.7860041813921
vera4cast,chlorocast_ens3,2026-10-10 00:00:00,2026-10-04 00:00:00,P1D,fcre,1.6,ensemble,171,Chla_ugL_mean,17.4982076737482
vera4cast,chlorocast_ens3,2026-10-11 00:00:00,2026-10-04 00:00:00,P1D,fcre,1.6,ensemble,171,Chla_ugL_mean,17.3673703177924
vera4cast,chlorocast_ens3,2026-10-12 00:00:00,2026-10-04 00:00:00,P1D,fcre,1.6,ensemble,171,Chla_ugL_mean,17.276754187198
vera4cast,chlorocast_ens3,2026-10-13 00:00:00,2026-10-04 00:00:00,P1D,fcre,1.6,ensemble,171,Chla_ugL_mean,17.233239741912
vera4cast,chlorocast_ens3,2026-10-14 00:00:00,2026-10-04 00:00:00,P1D,fcre,1.6,ensemble,171,Chla_ugL_mean,17.2290645355324
vera4cast,chlorocast_ens3,2026-10-15 00:00:00,2026-10-04 00:00:00,P1D,fcre,1.6,ensemble,171,Chla_ugL_mean,17.2780429148593
vera4cast,chlorocast_ens3,2026-10-16 00:00:00,2026-10-04 00:00:00,P1D,fcre,1.6,ensemble,171,Chla_ugL_mean,17.4054295718478
vera4cast,chlorocast_ens3,2026-10-17 00:00:00,2026-10-04 00:00:00,P1D,fcre,1.6,ensemble,171,Chla_ugL_mean,17.3429117250395
vera4cast,chlorocast_ens3,2026-10-18 00:00:00,2026-10-04 00:00:00,P1D,fcre,1.6,ensemble,171,Chla_ugL_mean,17.3464935423812
vera4cast,chlorocast_ens3,2026-10-19 00:00:00,2026-10-04 00:00:00,P1D,fcre,1.6,ensemble,171,Chla_ugL_mean,17.2951431640682
vera4cast,chlorocast_ens3,2026-10-20 00:00:00,2026-10-04 00:00:00,P1D,fcre,1.6,ensemble,171,Chla_ugL_mean,17.1834200350261
vera4cast,chlorocast_ens3,2026-10-21 00:00:00,2026-10-04 00:00:00,P1D,fcre,1.6,ensemble,171,Chla_ugL_mean,17.1696820136279
vera4cast,chlorocast_ens3,2026-10-22 00:00:00,2026-10-04 00:00:00,P1D,fcre,1.6,ensemble,171,Chla_ugL_mean,16.9928903615419
vera4cast,chlorocast_ens3,2026-10-23 00:00:00,2026-10-04 00:00:00,P1D,fcre,1.6,ensemble,171,Chla_ugL_mean,16.9101443022682
vera4cast,chlorocast_ens3,2026-10-24 00:00:00,2026-10-04 00:00:00,P1D,fcre,1.6,ensemble,171,Chla_ugL_mean,17.0519608080617
vera4cast,chlorocast_ens3,2026-10-25 00:00:00,2026-10-04 00:00:00,P1D,fcre,1.6,ensemble,171,Chla_ugL_mean,17.0294369205779
vera4cast,chlorocast_ens3,2026-10-26 00:00:00,2026-10-04 00:00:00,P1D,fcre,1.6,ensemble,171,Chla_ugL_mean,17.1738224930593
vera4cast,chlorocast_ens3,2026-10-27 00:00:00,2026-10-04 00:00:00,P1D,fcre,1.6,ensemble,171,Chla_ugL_mean,17.2001006007053
vera4cast,chlorocast_ens3,2026-10-28 00:00:00,2026-10-04 00:00:00,P1D,fcre,1.6,ensemble,171,Chla_ugL_mean,17.4662082888499
vera4cast,chlorocast_ens3,2026-10-29 00:00:00,2026-10-04 00:00:00,P1D,fcre,1.6,ensemble,171,Chla_ugL_mean,17.6498620533702
vera4cast,chlorocast_ens3,2026-10-30 00:00:00,2026-10-04 00:00:00,P1D,fcre,1.6,ensemble,171,Chla_ugL_mean,17.7482582104557
vera4cast,chlorocast_ens3,2026-10-31 00:00:00,2026-10-04 00:00:00,P1D,fcre,1.6,ensemble,171,Chla_ugL_mean,17.9182365156904
vera4cast,chlorocast_ens3,2026-11-01 00:00:00,2026-10-04 00:00:00,P1D,fcre,1.6,ensemble,171,Chla_ugL_mean,18.1993822667693
vera4cast,chlorocast_ens3,2026-11-02 00:00:00,2026-10-04 00:00:00,P1D,fcre,1.6,ensemble,171,Chla_ugL_mean,18.3599870311065
vera4cast,chlorocast_ens3,2026-11-03 00:00:00,2026-10-04 00:00:00,P1D,fcre,1.6,ensemble,171,Chla_ugL_mean,18.4491538211792
vera4cast,chlorocast_ens3,2026-11-04 00:00:00,2026-10-04 00:00:00,P1D,fcre,1.6,ensemble,171,Chla_ugL_mean,18.6663221485562
vera4cast,chlorocast_ens3,2026-11-05 00:00:00,2026-10-04 00:00:00,P1D,fcre,1.6,ensemble,171,Chla_ugL_mean,19.0614708385788
vera4cast,chlorocast_ens3,2026-11-06 00:00:00,2026-10-04 00:00:00,P1D,fcre,1.6,ensemble,171,Chla_ugL_mean,19.5820926616666
vera4cast,chlorocast_ens3,2026-11-07 00:00:00,2026-10-04 00:00:00,P1D,fcre,1.6,ensemble,171,Chla_ugL_mean,19.6793710323019
vera4cast,chlorocast_ens3,2026-11-08 00:00:00,2026-10-04 00:00:00,P1D,fcre,1.6,ensemble,171,Chla_ugL_mean,20.2387028138322
vera4cast,chlorocast_ens3,2026-10-05 00:00:00,2026-10-04 00:00:00,P1D,fcre,1.6,ensemble,172,Chla_ugL_mean,18.1953754646423
vera4cast,chlorocast_ens3,2026-10-06 00:00:00,2026-10-04 00:00:00,P1D,fcre,1.6,ensemble,172,Chla_ugL_mean,18.3137360734663
vera4cast,chlorocast_ens3,2026-10-07 00:00:00,2026-10-04 00:00:00,P1D,fcre,1.6,ensemble,172,Chla_ugL_mean,18.0185262975768
vera4cast,chlorocast_ens3,2026-10-08 00:00:00,2026-10-04 00:00:00,P1D,fcre,1.6,ensemble,172,Chla_ugL_mean,18.040487907683
vera4cast,chlorocast_ens3,2026-10-09 00:00:00,2026-10-04 00:00:00,P1D,fcre,1.6,ensemble,172,Chla_ugL_mean,18.0658555127723
vera4cast,chlorocast_ens3,2026-10-10 00:00:00,2026-10-04 00:00:00,P1D,fcre,1.6,ensemble,172,Chla_ugL_mean,17.7754912792853
vera4cast,chlorocast_ens3,2026-10-11 00:00:00,2026-10-04 00:00:00,P1D,fcre,1.6,ensemble,172,Chla_ugL_mean,17.6426161184853
vera4cast,chlorocast_ens3,2026-10-12 00:00:00,2026-10-04 00:00:00,P1D,fcre,1.6,ensemble,172,Chla_ugL_mean,17.5474195199654
vera4cast,chlorocast_ens3,2026-10-13 00:00:00,2026-10-04 00:00:00,P1D,fcre,1.6,ensemble,172,Chla_ugL_mean,17.5049388980639
vera4cast,chlorocast_ens3,2026-10-14 00:00:00,2026-10-04 00:00:00,P1D,fcre,1.6,ensemble,172,Chla_ugL_mean,17.505770488272
vera4cast,chlorocast_ens3,2026-10-15 00:00:00,2026-10-04 00:00:00,P1D,fcre,1.6,ensemble,172,Chla_ugL_mean,17.5505687778323
vera4cast,chlorocast_ens3,2026-10-16 00:00:00,2026-10-04 00:00:00,P1D,fcre,1.6,ensemble,172,Chla_ugL_mean,17.6927296789917
vera4cast,chlorocast_ens3,2026-10-17 00:00:00,2026-10-04 00:00:00,P1D,fcre,1.6,ensemble,172,Chla_ugL_mean,17.6199282989479
vera4cast,chlorocast_ens3,2026-10-18 00:00:00,2026-10-04 00:00:00,P1D,fcre,1.6,ensemble,172,Chla_ugL_mean,17.6151050695197
vera4cast,chlorocast_ens3,2026-10-19 00:00:00,2026-10-04 00:00:00,P1D,fcre,1.6,ensemble,172,Chla_ugL_mean,17.5634538509907
vera4cast,chlorocast_ens3,2026-10-20 00:00:00,2026-10-04 00:00:00,P1D,fcre,1.6,ensemble,172,Chla_ugL_mean,17.4531116173783
vera4cast,chlorocast_ens3,2026-10-21 00:00:00,2026-10-04 00:00:00,P1D,fcre,1.6,ensemble,172,Chla_ugL_mean,17.4356025670294
vera4cast,chlorocast_ens3,2026-10-22 00:00:00,2026-10-04 00:00:00,P1D,fcre,1.6,ensemble,172,Chla_ugL_mean,17.2545915470972
vera4cast,chlorocast_ens3,2026-10-23 00:00:00,2026-10-04 00:00:00,P1D,fcre,1.6,ensemble,172,Chla_ugL_mean,17.1683453360992
vera4cast,chlorocast_ens3,2026-10-24 00:00:00,2026-10-04 00:00:00,P1D,fcre,1.6,ensemble,172,Chla_ugL_mean,17.316954989045
vera4cast,chlorocast_ens3,2026-10-25 00:00:00,2026-10-04 00:00:00,P1D,fcre,1.6,ensemble,172,Chla_ugL_mean,17.3014346653676
vera4cast,chlorocast_ens3,2026-10-26 00:00:00,2026-10-04 00:00:00,P1D,fcre,1.6,ensemble,172,Chla_ugL_mean,17.443434476341
vera4cast,chlorocast_ens3,2026-10-27 00:00:00,2026-10-04 00:00:00,P1D,fcre,1.6,ensemble,172,Chla_ugL_mean,17.4600385657523
vera4cast,chlorocast_ens3,2026-10-28 00:00:00,2026-10-04 00:00:00,P1D,fcre,1.6,ensemble,172,Chla_ugL_mean,17.7313773531632
vera4cast,chlorocast_ens3,2026-10-29 00:00:00,2026-10-04 00:00:00,P1D,fcre,1.6,ensemble,172,Chla_ugL_mean,17.9212792215303
vera4cast,chlorocast_ens3,2026-10-30 00:00:00,2026-10-04 00:00:00,P1D,fcre,1.6,ensemble,172,Chla_ugL_mean,18.0336551743219
vera4cast,chlorocast_ens3,2026-10-31 00:00:00,2026-10-04 00:00:00,P1D,fcre,1.6,ensemble,172,Chla_ugL_mean,18.209235213224
vera4cast,chlorocast_ens3,2026-11-01 00:00:00,2026-10-04 00:00:00,P1D,fcre,1.6,ensemble,172,Chla_ugL_mean,18.4892034272036
vera4cast,chlorocast_ens3,2026-11-02 00:00:00,2026-10-04 00:00:00,P1D,fcre,1.6,ensemble,172,Chla_ugL_mean,18.6510297229659
vera4cast,chlorocast_ens3,2026-11-03 00:00:00,2026-10-04 00:00:00,P1D,fcre,1.6,ensemble,172,Chla_ugL_mean,18.7348850088478
vera4cast,chlorocast_ens3,2026-11-04 00:00:00,2026-10-04 00:00:00,P1D,fcre,1.6,ensemble,172,Chla_ugL_mean,18.9670761711856
vera4cast,chlorocast_ens3,2026-11-05 00:00:00,2026-10-04 00:00:00,P1D,fcre,1.6,ensemble,172,Chla_ugL_mean,19.3548102478159
vera4cast,chlorocast_ens3,2026-11-06 00:00:00,2026-10-04 00:00:00,P1D,fcre,1.6,ensemble,172,Chla_ugL_mean,19.8860247274195
vera4cast,chlorocast_ens3,2026-11-07 00:00:00,2026-10-04 00:00:00,P1D,fcre,1.6,ensemble,172,Chla_ugL_mean,19.971263005161
vera4cast,chlorocast_ens3,2026-11-08 00:00:00,2026-10-04 00:00:00,P1D,fcre,1.6,ensemble,172,Chla_ugL_mean,20.5522367548174
vera4cast,chlorocast_ens3,2026-10-05 00:00:00,2026-10-04 00:00:00,P1D,fcre,1.6,ensemble,173,Chla_ugL_mean,18.4744180040223
vera4cast,chlorocast_ens3,2026-10-06 00:00:00,2026-10-04 00:00:00,P1D,fcre,1.6,ensemble,173,Chla_ugL_mean,18.5956706551352
vera4cast,chlorocast_ens3,2026-10-07 00:00:00,2026-10-04 00:00:00,P1D,fcre,1.6,ensemble,173,Chla_ugL_mean,18.291966543623
vera4cast,chlorocast_ens3,2026-10-08 00:00:00,2026-10-04 00:00:00,P1D,fcre,1.6,ensemble,173,Chla_ugL_mean,18.3141514599203
vera4cast,chlorocast_ens3,2026-10-09 00:00:00,2026-10-04 00:00:00,P1D,fcre,1.6,ensemble,173,Chla_ugL_mean,18.3498757332318
vera4cast,chlorocast_ens3,2026-10-10 00:00:00,2026-10-04 00:00:00,P1D,fcre,1.6,ensemble,173,Chla_ugL_mean,18.0569312982035
vera4cast,chlorocast_ens3,2026-10-11 00:00:00,2026-10-04 00:00:00,P1D,fcre,1.6,ensemble,173,Chla_ugL_mean,17.9219866386937
vera4cast,chlorocast_ens3,2026-10-12 00:00:00,2026-10-04 00:00:00,P1D,fcre,1.6,ensemble,173,Chla_ugL_mean,17.8220932079151
vera4cast,chlorocast_ens3,2026-10-13 00:00:00,2026-10-04 00:00:00,P1D,fcre,1.6,ensemble,173,Chla_ugL_mean,17.7806867275453
vera4cast,chlorocast_ens3,2026-10-14 00:00:00,2026-10-04 00:00:00,P1D,fcre,1.6,ensemble,173,Chla_ugL_mean,17.7866766666531
vera4cast,chlorocast_ens3,2026-10-15 00:00:00,2026-10-04 00:00:00,P1D,fcre,1.6,ensemble,173,Chla_ugL_mean,17.8271580050469
vera4cast,chlorocast_ens3,2026-10-16 00:00:00,2026-10-04 00:00:00,P1D,fcre,1.6,ensemble,173,Chla_ugL_mean,17.9845144058095
vera4cast,chlorocast_ens3,2026-10-17 00:00:00,2026-10-04 00:00:00,P1D,fcre,1.6,ensemble,173,Chla_ugL_mean,17.9011284061671
vera4cast,chlorocast_ens3,2026-10-18 00:00:00,2026-10-04 00:00:00,P1D,fcre,1.6,ensemble,173,Chla_ugL_mean,17.8876493455698
vera4cast,chlorocast_ens3,2026-10-19 00:00:00,2026-10-04 00:00:00,P1D,fcre,1.6,ensemble,173,Chla_ugL_mean,17.8356994961735
vera4cast,chlorocast_ens3,2026-10-20 00:00:00,2026-10-04 00:00:00,P1D,fcre,1.6,ensemble,173,Chla_ugL_mean,17.726803192551
vera4cast,chlorocast_ens3,2026-10-21 00:00:00,2026-10-04 00:00:00,P1D,fcre,1.6,ensemble,173,Chla_ugL_mean,17.705414973941
vera4cast,chlorocast_ens3,2026-10-22 00:00:00,2026-10-04 00:00:00,P1D,fcre,1.6,ensemble,173,Chla_ugL_mean,17.520099097786
vera4cast,chlorocast_ens3,2026-10-23 00:00:00,2026-10-04 00:00:00,P1D,fcre,1.6,ensemble,173,Chla_ugL_mean,17.4302687170396
vera4cast,chlorocast_ens3,2026-10-24 00:00:00,2026-10-04 00:00:00,P1D,fcre,1.6,ensemble,173,Chla_ugL_mean,17.5858391583072
vera4cast,chlorocast_ens3,2026-10-25 00:00:00,2026-10-04 00:00:00,P1D,fcre,1.6,ensemble,173,Chla_ugL_mean,17.5775358535148
vera4cast,chlorocast_ens3,2026-10-26 00:00:00,2026-10-04 00:00:00,P1D,fcre,1.6,ensemble,173,Chla_ugL_mean,17.7170462027452
vera4cast,chlorocast_ens3,2026-10-27 00:00:00,2026-10-04 00:00:00,P1D,fcre,1.6,ensemble,173,Chla_ugL_mean,17.723689023777
vera4cast,chlorocast_ens3,2026-10-28 00:00:00,2026-10-04 00:00:00,P1D,fcre,1.6,ensemble,173,Chla_ugL_mean,18.0003541635805
vera4cast,chlorocast_ens3,2026-10-29 00:00:00,2026-10-04 00:00:00,P1D,fcre,1.6,ensemble,173,Chla_ugL_mean,18.1966464070665
vera4cast,chlorocast_ens3,2026-10-30 00:00:00,2026-10-04 00:00:00,P1D,fcre,1.6,ensemble,173,Chla_ugL_mean,18.3233966178764
vera4cast,chlorocast_ens3,2026-10-31 00:00:00,2026-10-04 00:00:00,P1D,fcre,1.6,ensemble,173,Chla_ugL_mean,18.5047100278575
vera4cast,chlorocast_ens3,2026-11-01 00:00:00,2026-10-04 00:00:00,P1D,fcre,1.6,ensemble,173,Chla_ugL_mean,18.7833995359497
vera4cast,chlorocast_ens3,2026-11-02 00:00:00,2026-10-04 00:00:00,P1D,fcre,1.6,ensemble,173,Chla_ugL_mean,18.9464477198474
vera4cast,chlorocast_ens3,2026-11-03 00:00:00,2026-10-04 00:00:00,P1D,fcre,1.6,ensemble,173,Chla_ugL_mean,19.0248139272946
vera4cast,chlorocast_ens3,2026-11-04 00:00:00,2026-10-04 00:00:00,P1D,fcre,1.6,ensemble,173,Chla_ugL_mean,19.2724295785624
vera4cast,chlorocast_ens3,2026-11-05 00:00:00,2026-10-04 00:00:00,P1D,fcre,1.6,ensemble,173,Chla_ugL_mean,19.6524388744142
vera4cast,chlorocast_ens3,2026-11-06 00:00:00,2026-10-04 00:00:00,P1D,fcre,1.6,ensemble,173,Chla_ugL_mean,20.1944449034006
vera4cast,chlorocast_ens3,2026-11-07 00:00:00,2026-10-04 00:00:00,P1D,fcre,1.6,ensemble,173,Chla_ugL_mean,20.2672750706325
vera4cast,chlorocast_ens3,2026-11-08 00:00:00,2026-10-04 00:00:00,P1D,fcre,1.6,ensemble,173,Chla_ugL_mean,20.8703992050393
vera4cast,chlorocast_ens3,2026-10-05 00:00:00,2026-10-04 00:00:00,P1D,fcre,1.6,ensemble,174,Chla_ugL_mean,18.7575169755845
vera4cast,chlorocast_ens3,2026-10-06 00:00:00,2026-10-04 00:00:00,P1D,fcre,1.6,ensemble,174,Chla_ugL_mean,18.8817208107167
vera4cast,chlorocast_ens3,2026-10-07 00:00:00,2026-10-04 00:00:00,P1D,fcre,1.6,ensemble,174,Chla_ugL_mean,18.5693381967082
vera4cast,chlorocast_ens3,2026-10-08 00:00:00,2026-10-04 00:00:00,P1D,fcre,1.6,ensemble,174,Chla_ugL_mean,18.591748301062
vera4cast,chlorocast_ens3,2026-10-09 00:00:00,2026-10-04 00:00:00,P1D,fcre,1.6,ensemble,174,Chla_ugL_mean,18.6381269458739
vera4cast,chlorocast_ens3,2026-10-10 00:00:00,2026-10-04 00:00:00,P1D,fcre,1.6,ensemble,174,Chla_ugL_mean,18.3425900341219
vera4cast,chlorocast_ens3,2026-10-11 00:00:00,2026-10-04 00:00:00,P1D,fcre,1.6,ensemble,174,Chla_ugL_mean,18.2055436897552
vera4cast,chlorocast_ens3,2026-10-12 00:00:00,2026-10-04 00:00:00,P1D,fcre,1.6,ensemble,174,Chla_ugL_mean,18.1008346118493
vera4cast,chlorocast_ens3,2026-10-13 00:00:00,2026-10-04 00:00:00,P1D,fcre,1.6,ensemble,174,Chla_ugL_mean,18.0605435608922
vera4cast,chlorocast_ens3,2026-10-14 00:00:00,2026-10-04 00:00:00,P1D,fcre,1.6,ensemble,174,Chla_ugL_mean,18.0718468275094
vera4cast,chlorocast_ens3,2026-10-15 00:00:00,2026-10-04 00:00:00,P1D,fcre,1.6,ensemble,174,Chla_ugL_mean,18.1078711813182
vera4cast,chlorocast_ens3,2026-10-16 00:00:00,2026-10-04 00:00:00,P1D,fcre,1.6,ensemble,174,Chla_ugL_mean,18.2808537551071
vera4cast,chlorocast_ens3,2026-10-17 00:00:00,2026-10-04 00:00:00,P1D,fcre,1.6,ensemble,174,Chla_ugL_mean,18.1865752268554
vera4cast,chlorocast_ens3,2026-10-18 00:00:00,2026-10-04 00:00:00,P1D,fcre,1.6,ensemble,174,Chla_ugL_mean,18.1641839500188
vera4cast,chlorocast_ens3,2026-10-19 00:00:00,2026-10-04 00:00:00,P1D,fcre,1.6,ensemble,174,Chla_ugL_mean,18.1119378084492
vera4cast,chlorocast_ens3,2026-10-20 00:00:00,2026-10-04 00:00:00,P1D,fcre,1.6,ensemble,174,Chla_ugL_mean,18.0045540873589
vera4cast,chlorocast_ens3,2026-10-21 00:00:00,2026-10-04 00:00:00,P1D,fcre,1.6,ensemble,174,Chla_ugL_mean,17.9791761931932
vera4cast,chlorocast_ens3,2026-10-22 00:00:00,2026-10-04 00:00:00,P1D,fcre,1.6,ensemble,174,Chla_ugL_mean,17.7894683760456
vera4cast,chlorocast_ens3,2026-10-23 00:00:00,2026-10-04 00:00:00,P1D,fcre,1.6,ensemble,174,Chla_ugL_mean,17.6959681081897
vera4cast,chlorocast_ens3,2026-10-24 00:00:00,2026-10-04 00:00:00,P1D,fcre,1.6,ensemble,174,Chla_ugL_mean,17.8586704190222
vera4cast,chlorocast_ens3,2026-10-25 00:00:00,2026-10-04 00:00:00,P1D,fcre,1.6,ensemble,174,Chla_ugL_mean,17.8578023908541
vera4cast,chlorocast_ens3,2026-10-26 00:00:00,2026-10-04 00:00:00,P1D,fcre,1.6,ensemble,174,Chla_ugL_mean,17.9947170091935
vera4cast,chlorocast_ens3,2026-10-27 00:00:00,2026-10-04 00:00:00,P1D,fcre,1.6,ensemble,174,Chla_ugL_mean,17.9911049974461
vera4cast,chlorocast_ens3,2026-10-28 00:00:00,2026-10-04 00:00:00,P1D,fcre,1.6,ensemble,174,Chla_ugL_mean,18.2731933981634
vera4cast,chlorocast_ens3,2026-10-29 00:00:00,2026-10-04 00:00:00,P1D,fcre,1.6,ensemble,174,Chla_ugL_mean,18.4760210957943
vera4cast,chlorocast_ens3,2026-10-30 00:00:00,2026-10-04 00:00:00,P1D,fcre,1.6,ensemble,174,Chla_ugL_mean,18.6175486753326
vera4cast,chlorocast_ens3,2026-10-31 00:00:00,2026-10-04 00:00:00,P1D,fcre,1.6,ensemble,174,Chla_ugL_mean,18.8047298108416
vera4cast,chlorocast_ens3,2026-11-01 00:00:00,2026-10-04 00:00:00,P1D,fcre,1.6,ensemble,174,Chla_ugL_mean,19.0820366343301
vera4cast,chlorocast_ens3,2026-11-02 00:00:00,2026-10-04 00:00:00,P1D,fcre,1.6,ensemble,174,Chla_ugL_mean,19.2463067966169
vera4cast,chlorocast_ens3,2026-11-03 00:00:00,2026-10-04 00:00:00,P1D,fcre,1.6,ensemble,174,Chla_ugL_mean,19.3190022461745
vera4cast,chlorocast_ens3,2026-11-04 00:00:00,2026-10-04 00:00:00,P1D,fcre,1.6,ensemble,174,Chla_ugL_mean,19.5824527083662
vera4cast,chlorocast_ens3,2026-11-05 00:00:00,2026-10-04 00:00:00,P1D,fcre,1.6,ensemble,174,Chla_ugL_mean,19.9544194354345
vera4cast,chlorocast_ens3,2026-11-06 00:00:00,2026-10-04 00:00:00,P1D,fcre,1.6,ensemble,174,Chla_ugL_mean,20.5074194647276
vera4cast,chlorocast_ens3,2026-11-07 00:00:00,2026-10-04 00:00:00,P1D,fcre,1.6,ensemble,174,Chla_ugL_mean,20.5674653843517
vera4cast,chlorocast_ens3,2026-11-08 00:00:00,2026-10-04 00:00:00,P1D,fcre,1.6,ensemble,174,Chla_ugL_mean,21.1932584923405
vera4cast,chlorocast_ens3,2026-10-05 00:00:00,2026-10-04 00:00:00,P1D,fcre,1.6,ensemble,175,Chla_ugL_mean,19.0447313475496
vera4cast,chlorocast_ens3,2026-10-06 00:00:00,2026-10-04 00:00:00,P1D,fcre,1.6,ensemble,175,Chla_ugL_mean,19.1719466177954
vera4cast,chlorocast_ens3,2026-10-07 00:00:00,2026-10-04 00:00:00,P1D,fcre,1.6,ensemble,175,Chla_ugL_mean,18.8506977809232
vera4cast,chlorocast_ens3,2026-10-08 00:00:00,2026-10-04 00:00:00,P1D,fcre,1.6,ensemble,175,Chla_ugL_mean,18.8733349631582
vera4cast,chlorocast_ens3,2026-10-09 00:00:00,2026-10-04 00:00:00,P1D,fcre,1.6,ensemble,175,Chla_ugL_mean,18.9306721789394
vera4cast,chlorocast_ens3,2026-10-10 00:00:00,2026-10-04 00:00:00,P1D,fcre,1.6,ensemble,175,Chla_ugL_mean,18.6325307245759
vera4cast,chlorocast_ens3,2026-10-11 00:00:00,2026-10-04 00:00:00,P1D,fcre,1.6,ensemble,175,Chla_ugL_mean,18.4933500092863
vera4cast,chlorocast_ens3,2026-10-12 00:00:00,2026-10-04 00:00:00,P1D,fcre,1.6,ensemble,175,Chla_ugL_mean,18.38370397166
vera4cast,chlorocast_ens3,2026-10-13 00:00:00,2026-10-04 00:00:00,P1D,fcre,1.6,ensemble,175,Chla_ugL_mean,18.3445706276447
vera4cast,chlorocast_ens3,2026-10-14 00:00:00,2026-10-04 00:00:00,P1D,fcre,1.6,ensemble,175,Chla_ugL_mean,18.3613456954642
vera4cast,chlorocast_ens3,2026-10-15 00:00:00,2026-10-04 00:00:00,P1D,fcre,1.6,ensemble,175,Chla_ugL_mean,18.3927697947813
vera4cast,chlorocast_ens3,2026-10-16 00:00:00,2026-10-04 00:00:00,P1D,fcre,1.6,ensemble,175,Chla_ugL_mean,18.5818188224012
vera4cast,chlorocast_ens3,2026-10-17 00:00:00,2026-10-04 00:00:00,P1D,fcre,1.6,ensemble,175,Chla_ugL_mean,18.4763328953243
vera4cast,chlorocast_ens3,2026-10-18 00:00:00,2026-10-04 00:00:00,P1D,fcre,1.6,ensemble,175,Chla_ugL_mean,18.4447673053769
vera4cast,chlorocast_ens3,2026-10-19 00:00:00,2026-10-04 00:00:00,P1D,fcre,1.6,ensemble,175,Chla_ugL_mean,18.3922273429895
vera4cast,chlorocast_ens3,2026-10-20 00:00:00,2026-10-04 00:00:00,P1D,fcre,1.6,ensemble,175,Chla_ugL_mean,18.2864245085363
vera4cast,chlorocast_ens3,2026-10-21 00:00:00,2026-10-04 00:00:00,P1D,fcre,1.6,ensemble,175,Chla_ugL_mean,18.2569440172318
vera4cast,chlorocast_ens3,2026-10-22 00:00:00,2026-10-04 00:00:00,P1D,fcre,1.6,ensemble,175,Chla_ugL_mean,18.0627555495437
vera4cast,chlorocast_ens3,2026-10-23 00:00:00,2026-10-04 00:00:00,P1D,fcre,1.6,ensemble,175,Chla_ugL_mean,17.9654979462824
vera4cast,chlorocast_ens3,2026-10-24 00:00:00,2026-10-04 00:00:00,P1D,fcre,1.6,ensemble,175,Chla_ugL_mean,18.1355067126115
vera4cast,chlorocast_ens3,2026-10-25 00:00:00,2026-10-04 00:00:00,P1D,fcre,1.6,ensemble,175,Chla_ugL_mean,18.1422971171508
vera4cast,chlorocast_ens3,2026-10-26 00:00:00,2026-10-04 00:00:00,P1D,fcre,1.6,ensemble,175,Chla_ugL_mean,18.2765071128813
vera4cast,chlorocast_ens3,2026-10-27 00:00:00,2026-10-04 00:00:00,P1D,fcre,1.6,ensemble,175,Chla_ugL_mean,18.2623402667082
vera4cast,chlorocast_ens3,2026-10-28 00:00:00,2026-10-04 00:00:00,P1D,fcre,1.6,ensemble,175,Chla_ugL_mean,18.5499505201334
vera4cast,chlorocast_ens3,2026-10-29 00:00:00,2026-10-04 00:00:00,P1D,fcre,1.6,ensemble,175,Chla_ugL_mean,18.759461610138
vera4cast,chlorocast_ens3,2026-10-30 00:00:00,2026-10-04 00:00:00,P1D,fcre,1.6,ensemble,175,Chla_ugL_mean,18.9161784876379
vera4cast,chlorocast_ens3,2026-10-31 00:00:00,2026-10-04 00:00:00,P1D,fcre,1.6,ensemble,175,Chla_ugL_mean,19.109364472491
vera4cast,chlorocast_ens3,2026-11-01 00:00:00,2026-10-04 00:00:00,P1D,fcre,1.6,ensemble,175,Chla_ugL_mean,19.3851817605835
vera4cast,chlorocast_ens3,2026-11-02 00:00:00,2026-10-04 00:00:00,P1D,fcre,1.6,ensemble,175,Chla_ugL_mean,19.5506737169475
vera4cast,chlorocast_ens3,2026-11-03 00:00:00,2026-10-04 00:00:00,P1D,fcre,1.6,ensemble,175,Chla_ugL_mean,19.6175125411425
vera4cast,chlorocast_ens3,2026-11-04 00:00:00,2026-10-04 00:00:00,P1D,fcre,1.6,ensemble,175,Chla_ugL_mean,19.8972169739396
vera4cast,chlorocast_ens3,2026-11-05 00:00:00,2026-10-04 00:00:00,P1D,fcre,1.6,ensemble,175,Chla_ugL_mean,20.2608155649883
vera4cast,chlorocast_ens3,2026-11-06 00:00:00,2026-10-04 00:00:00,P1D,fcre,1.6,ensemble,175,Chla_ugL_mean,20.8250156651909
vera4cast,chlorocast_ens3,2026-11-07 00:00:00,2026-10-04 00:00:00,P1D,fcre,1.6,ensemble,175,Chla_ugL_mean,20.8718929228284
vera4cast,chlorocast_ens3,2026-11-08 00:00:00,2026-10-04 00:00:00,P1D,fcre,1.6,ensemble,175,Chla_ugL_mean,21.5208839532456
vera4cast,chlorocast_ens3,2026-10-05 00:00:00,2026-10-04 00:00:00,P1D,fcre,1.6,ensemble,176,Chla_ugL_mean,19.3361209453574
vera4cast,chlorocast_ens3,2026-10-06 00:00:00,2026-10-04 00:00:00,P1D,fcre,1.6,ensemble,176,Chla_ugL_mean,19.4664090309453
vera4cast,chlorocast_ens3,2026-10-07 00:00:00,2026-10-04 00:00:00,P1D,fcre,1.6,ensemble,176,Chla_ugL_mean,19.1361026330381
vera4cast,chlorocast_ens3,2026-10-08 00:00:00,2026-10-04 00:00:00,P1D,fcre,1.6,ensemble,176,Chla_ugL_mean,19.158968790778
vera4cast,chlorocast_ens3,2026-10-09 00:00:00,2026-10-04 00:00:00,P1D,fcre,1.6,ensemble,176,Chla_ugL_mean,19.2275753995883
vera4cast,chlorocast_ens3,2026-10-10 00:00:00,2026-10-04 00:00:00,P1D,fcre,1.6,ensemble,176,Chla_ugL_mean,18.9268175550159
vera4cast,chlorocast_ens3,2026-10-11 00:00:00,2026-10-04 00:00:00,P1D,fcre,1.6,ensemble,176,Chla_ugL_mean,18.7854692750636
vera4cast,chlorocast_ens3,2026-10-12 00:00:00,2026-10-04 00:00:00,P1D,fcre,1.6,ensemble,176,Chla_ugL_mean,18.6707624193481
vera4cast,chlorocast_ens3,2026-10-13 00:00:00,2026-10-04 00:00:00,P1D,fcre,1.6,ensemble,176,Chla_ugL_mean,18.6328300697432
vera4cast,chlorocast_ens3,2026-10-14 00:00:00,2026-10-04 00:00:00,P1D,fcre,1.6,ensemble,176,Chla_ugL_mean,18.6552389776204
vera4cast,chlorocast_ens3,2026-10-15 00:00:00,2026-10-04 00:00:00,P1D,fcre,1.6,ensemble,176,Chla_ugL_mean,18.6819162503606
vera4cast,chlorocast_ens3,2026-10-16 00:00:00,2026-10-04 00:00:00,P1D,fcre,1.6,ensemble,176,Chla_ugL_mean,18.8874818129762
vera4cast,chlorocast_ens3,2026-10-17 00:00:00,2026-10-04 00:00:00,P1D,fcre,1.6,ensemble,176,Chla_ugL_mean,18.7704665144485
vera4cast,chlorocast_ens3,2026-10-18 00:00:00,2026-10-04 00:00:00,P1D,fcre,1.6,ensemble,176,Chla_ugL_mean,18.7294586895197
vera4cast,chlorocast_ens3,2026-10-19 00:00:00,2026-10-04 00:00:00,P1D,fcre,1.6,ensemble,176,Chla_ugL_mean,18.6766275137176
vera4cast,chlorocast_ens3,2026-10-20 00:00:00,2026-10-04 00:00:00,P1D,fcre,1.6,ensemble,176,Chla_ugL_mean,18.5724755557873
vera4cast,chlorocast_ens3,2026-10-21 00:00:00,2026-10-04 00:00:00,P1D,fcre,1.6,ensemble,176,Chla_ugL_mean,18.5387770843181
vera4cast,chlorocast_ens3,2026-10-22 00:00:00,2026-10-04 00:00:00,P1D,fcre,1.6,ensemble,176,Chla_ugL_mean,18.3400176028895
vera4cast,chlorocast_ens3,2026-10-23 00:00:00,2026-10-04 00:00:00,P1D,fcre,1.6,ensemble,176,Chla_ugL_mean,18.2389134528358
vera4cast,chlorocast_ens3,2026-10-24 00:00:00,2026-10-04 00:00:00,P1D,fcre,1.6,ensemble,176,Chla_ugL_mean,18.4164068310487
vera4cast,chlorocast_ens3,2026-10-25 00:00:00,2026-10-04 00:00:00,P1D,fcre,1.6,ensemble,176,Chla_ugL_mean,18.4310838201907
vera4cast,chlorocast_ens3,2026-10-26 00:00:00,2026-10-04 00:00:00,P1D,fcre,1.6,ensemble,176,Chla_ugL_mean,18.562477624337
vera4cast,chlorocast_ens3,2026-10-27 00:00:00,2026-10-04 00:00:00,P1D,fcre,1.6,ensemble,176,Chla_ugL_mean,18.5374493796094
vera4cast,chlorocast_ens3,2026-10-28 00:00:00,2026-10-04 00:00:00,P1D,fcre,1.6,ensemble,176,Chla_ugL_mean,18.8306817891468
vera4cast,chlorocast_ens3,2026-10-29 00:00:00,2026-10-04 00:00:00,P1D,fcre,1.6,ensemble,176,Chla_ugL_mean,19.0470271213061
vera4cast,chlorocast_ens3,2026-10-30 00:00:00,2026-10-04 00:00:00,P1D,fcre,1.6,ensemble,176,Chla_ugL_mean,19.2193542177982
vera4cast,chlorocast_ens3,2026-10-31 00:00:00,2026-10-04 00:00:00,P1D,fcre,1.6,ensemble,176,Chla_ugL_mean,19.4186849984751
vera4cast,chlorocast_ens3,2026-11-01 00:00:00,2026-10-04 00:00:00,P1D,fcre,1.6,ensemble,176,Chla_ugL_mean,19.6929029649132
vera4cast,chlorocast_ens3,2026-11-02 00:00:00,2026-10-04 00:00:00,P1D,fcre,1.6,ensemble,176,Chla_ugL_mean,19.8596162481844
vera4cast,chlorocast_ens3,2026-11-03 00:00:00,2026-10-04 00:00:00,P1D,fcre,1.6,ensemble,176,Chla_ugL_mean,19.9204083071649
vera4cast,chlorocast_ens3,2026-11-04 00:00:00,2026-10-04 00:00:00,P1D,fcre,1.6,ensemble,176,Chla_ugL_mean,20.2167948807387
vera4cast,chlorocast_ens3,2026-11-05 00:00:00,2026-10-04 00:00:00,P1D,fcre,1.6,ensemble,176,Chla_ugL_mean,20.571691827647
vera4cast,chlorocast_ens3,2026-11-06 00:00:00,2026-10-04 00:00:00,P1D,fcre,1.6,ensemble,176,Chla_ugL_mean,21.1473017517056
vera4cast,chlorocast_ens3,2026-11-07 00:00:00,2026-10-04 00:00:00,P1D,fcre,1.6,ensemble,176,Chla_ugL_mean,21.1806174950329
vera4cast,chlorocast_ens3,2026-11-08 00:00:00,2026-10-04 00:00:00,P1D,fcre,1.6,ensemble,176,Chla_ugL_mean,21.8533459478516
vera4cast,chlorocast_ens3,2026-10-05 00:00:00,2026-10-04 00:00:00,P1D,fcre,1.6,ensemble,177,Chla_ugL_mean,19.631746464128
vera4cast,chlorocast_ens3,2026-10-06 00:00:00,2026-10-04 00:00:00,P1D,fcre,1.6,ensemble,177,Chla_ugL_mean,19.7651698945325
vera4cast,chlorocast_ens3,2026-10-07 00:00:00,2026-10-04 00:00:00,P1D,fcre,1.6,ensemble,177,Chla_ugL_mean,19.4256109141867
vera4cast,chlorocast_ens3,2026-10-08 00:00:00,2026-10-04 00:00:00,P1D,fcre,1.6,ensemble,177,Chla_ugL_mean,19.4487079526878
vera4cast,chlorocast_ens3,2026-10-09 00:00:00,2026-10-04 00:00:00,P1D,fcre,1.6,ensemble,177,Chla_ugL_mean,19.5289015278863
vera4cast,chlorocast_ens3,2026-10-10 00:00:00,2026-10-04 00:00:00,P1D,fcre,1.6,ensemble,177,Chla_ugL_mean,19.2255156730166
vera4cast,chlorocast_ens3,2026-10-11 00:00:00,2026-10-04 00:00:00,P1D,fcre,1.6,ensemble,177,Chla_ugL_mean,19.0819661191123
vera4cast,chlorocast_ens3,2026-10-12 00:00:00,2026-10-04 00:00:00,P1D,fcre,1.6,ensemble,177,Chla_ugL_mean,18.9620719922345
vera4cast,chlorocast_ens3,2026-10-13 00:00:00,2026-10-04 00:00:00,P1D,fcre,1.6,ensemble,177,Chla_ugL_mean,18.9253849551244
vera4cast,chlorocast_ens3,2026-10-14 00:00:00,2026-10-04 00:00:00,P1D,fcre,1.6,ensemble,177,Chla_ugL_mean,18.9535933784744
vera4cast,chlorocast_ens3,2026-10-15 00:00:00,2026-10-04 00:00:00,P1D,fcre,1.6,ensemble,177,Chla_ugL_mean,18.9753738834385
vera4cast,chlorocast_ens3,2026-10-16 00:00:00,2026-10-04 00:00:00,P1D,fcre,1.6,ensemble,177,Chla_ugL_mean,19.197916059207
vera4cast,chlorocast_ens3,2026-10-17 00:00:00,2026-10-04 00:00:00,P1D,fcre,1.6,ensemble,177,Chla_ugL_mean,19.069042170293
vera4cast,chlorocast_ens3,2026-10-18 00:00:00,2026-10-04 00:00:00,P1D,fcre,1.6,ensemble,177,Chla_ugL_mean,19.0183182482122
vera4cast,chlorocast_ens3,2026-10-19 00:00:00,2026-10-04 00:00:00,P1D,fcre,1.6,ensemble,177,Chla_ugL_mean,18.9651986059019
vera4cast,chlorocast_ens3,2026-10-20 00:00:00,2026-10-04 00:00:00,P1D,fcre,1.6,ensemble,177,Chla_ugL_mean,18.8627692350304
vera4cast,chlorocast_ens3,2026-10-21 00:00:00,2026-10-04 00:00:00,P1D,fcre,1.6,ensemble,177,Chla_ugL_mean,18.8247348909079
vera4cast,chlorocast_ens3,2026-10-22 00:00:00,2026-10-04 00:00:00,P1D,fcre,1.6,ensemble,177,Chla_ugL_mean,18.6213123495165
vera4cast,chlorocast_ens3,2026-10-23 00:00:00,2026-10-04 00:00:00,P1D,fcre,1.6,ensemble,177,Chla_ugL_mean,18.5162706454676
vera4cast,chlorocast_ens3,2026-10-24 00:00:00,2026-10-04 00:00:00,P1D,fcre,1.6,ensemble,177,Chla_ugL_mean,18.7014304293458
vera4cast,chlorocast_ens3,2026-10-25 00:00:00,2026-10-04 00:00:00,P1D,fcre,1.6,ensemble,177,Chla_ugL_mean,18.7242272500823
vera4cast,chlorocast_ens3,2026-10-26 00:00:00,2026-10-04 00:00:00,P1D,fcre,1.6,ensemble,177,Chla_ugL_mean,18.8526905606752
vera4cast,chlorocast_ens3,2026-10-27 00:00:00,2026-10-04 00:00:00,P1D,fcre,1.6,ensemble,177,Chla_ugL_mean,18.816487663263
vera4cast,chlorocast_ens3,2026-10-28 00:00:00,2026-10-04 00:00:00,P1D,fcre,1.6,ensemble,177,Chla_ugL_mean,19.1154442727313
vera4cast,chlorocast_ens3,2026-10-29 00:00:00,2026-10-04 00:00:00,P1D,fcre,1.6,ensemble,177,Chla_ugL_mean,19.3387776616437
vera4cast,chlorocast_ens3,2026-10-30 00:00:00,2026-10-04 00:00:00,P1D,fcre,1.6,ensemble,177,Chla_ugL_mean,19.5271450664371
vera4cast,chlorocast_ens3,2026-10-31 00:00:00,2026-10-04 00:00:00,P1D,fcre,1.6,ensemble,177,Chla_ugL_mean,19.7327634663586
vera4cast,chlorocast_ens3,2026-11-01 00:00:00,2026-10-04 00:00:00,P1D,fcre,1.6,ensemble,177,Chla_ugL_mean,20.0052693247636
vera4cast,chlorocast_ens3,2026-11-02 00:00:00,2026-10-04 00:00:00,P1D,fcre,1.6,ensemble,177,Chla_ugL_mean,20.1732031764335
vera4cast,chlorocast_ens3,2026-11-03 00:00:00,2026-10-04 00:00:00,P1D,fcre,1.6,ensemble,177,Chla_ugL_mean,20.227753972024
vera4cast,chlorocast_ens3,2026-11-04 00:00:00,2026-10-04 00:00:00,P1D,fcre,1.6,ensemble,177,Chla_ugL_mean,20.5412600430341
vera4cast,chlorocast_ens3,2026-11-05 00:00:00,2026-10-04 00:00:00,P1D,fcre,1.6,ensemble,177,Chla_ugL_mean,20.8871137320469
vera4cast,chlorocast_ens3,2026-11-06 00:00:00,2026-10-04 00:00:00,P1D,fcre,1.6,ensemble,177,Chla_ugL_mean,21.4743469789767
vera4cast,chlorocast_ens3,2026-11-07 00:00:00,2026-10-04 00:00:00,P1D,fcre,1.6,ensemble,177,Chla_ugL_mean,21.4936997541474
vera4cast,chlorocast_ens3,2026-11-08 00:00:00,2026-10-04 00:00:00,P1D,fcre,1.6,ensemble,177,Chla_ugL_mean,22.1907158749387
vera4cast,chlorocast_ens3,2026-10-05 00:00:00,2026-10-04 00:00:00,P1D,fcre,1.6,ensemble,178,Chla_ugL_mean,19.9316694813047
vera4cast,chlorocast_ens3,2026-10-06 00:00:00,2026-10-04 00:00:00,P1D,fcre,1.6,ensemble,178,Chla_ugL_mean,20.0682919557033
vera4cast,chlorocast_ens3,2026-10-07 00:00:00,2026-10-04 00:00:00,P1D,fcre,1.6,ensemble,178,Chla_ugL_mean,19.7192816217183
vera4cast,chlorocast_ens3,2026-10-08 00:00:00,2026-10-04 00:00:00,P1D,fcre,1.6,ensemble,178,Chla_ugL_mean,19.7426114536973
vera4cast,chlorocast_ens3,2026-10-09 00:00:00,2026-10-04 00:00:00,P1D,fcre,1.6,ensemble,178,Chla_ugL_mean,19.8347164510003
vera4cast,chlorocast_ens3,2026-10-10 00:00:00,2026-10-04 00:00:00,P1D,fcre,1.6,ensemble,178,Chla_ugL_mean,19.5286912026989
vera4cast,chlorocast_ens3,2026-10-11 00:00:00,2026-10-04 00:00:00,P1D,fcre,1.6,ensemble,178,Chla_ugL_mean,19.3829061420065
vera4cast,chlorocast_ens3,2026-10-12 00:00:00,2026-10-04 00:00:00,P1D,fcre,1.6,ensemble,178,Chla_ugL_mean,19.2576956463672
vera4cast,chlorocast_ens3,2026-10-13 00:00:00,2026-10-04 00:00:00,P1D,fcre,1.6,ensemble,178,Chla_ugL_mean,19.2222992915198
vera4cast,chlorocast_ens3,2026-10-14 00:00:00,2026-10-04 00:00:00,P1D,fcre,1.6,ensemble,178,Chla_ugL_mean,19.2564766150556
vera4cast,chlorocast_ens3,2026-10-15 00:00:00,2026-10-04 00:00:00,P1D,fcre,1.6,ensemble,178,Chla_ugL_mean,19.2732069737287
vera4cast,chlorocast_ens3,2026-10-16 00:00:00,2026-10-04 00:00:00,P1D,fcre,1.6,ensemble,178,Chla_ugL_mean,19.5131960381524
vera4cast,chlorocast_ens3,2026-10-17 00:00:00,2026-10-04 00:00:00,P1D,fcre,1.6,ensemble,178,Chla_ugL_mean,19.3721269469617
vera4cast,chlorocast_ens3,2026-10-18 00:00:00,2026-10-04 00:00:00,P1D,fcre,1.6,ensemble,178,Chla_ugL_mean,19.3114070078149
vera4cast,chlorocast_ens3,2026-10-19 00:00:00,2026-10-04 00:00:00,P1D,fcre,1.6,ensemble,178,Chla_ugL_mean,19.2580017889354
vera4cast,chlorocast_ens3,2026-10-20 00:00:00,2026-10-04 00:00:00,P1D,fcre,1.6,ensemble,178,Chla_ugL_mean,19.1573684718392
vera4cast,chlorocast_ens3,2026-10-21 00:00:00,2026-10-04 00:00:00,P1D,fcre,1.6,ensemble,178,Chla_ugL_mean,19.1148778042112
vera4cast,chlorocast_ens3,2026-10-22 00:00:00,2026-10-04 00:00:00,P1D,fcre,1.6,ensemble,178,Chla_ugL_mean,18.9066984437371
vera4cast,chlorocast_ens3,2026-10-23 00:00:00,2026-10-04 00:00:00,P1D,fcre,1.6,ensemble,178,Chla_ugL_mean,18.7976263493716
vera4cast,chlorocast_ens3,2026-10-24 00:00:00,2026-10-04 00:00:00,P1D,fcre,1.6,ensemble,178,Chla_ugL_mean,18.9906380382219
vera4cast,chlorocast_ens3,2026-10-25 00:00:00,2026-10-04 00:00:00,P1D,fcre,1.6,ensemble,178,Chla_ugL_mean,19.0217931337744
vera4cast,chlorocast_ens3,2026-10-26 00:00:00,2026-10-04 00:00:00,P1D,fcre,1.6,ensemble,178,Chla_ugL_mean,19.1472088590456
vera4cast,chlorocast_ens3,2026-10-27 00:00:00,2026-10-04 00:00:00,P1D,fcre,1.6,ensemble,178,Chla_ugL_mean,19.0995112349772
vera4cast,chlorocast_ens3,2026-10-28 00:00:00,2026-10-04 00:00:00,P1D,fcre,1.6,ensemble,178,Chla_ugL_mean,19.4042958578869
vera4cast,chlorocast_ens3,2026-10-29 00:00:00,2026-10-04 00:00:00,P1D,fcre,1.6,ensemble,178,Chla_ugL_mean,19.6347741371653
vera4cast,chlorocast_ens3,2026-10-30 00:00:00,2026-10-04 00:00:00,P1D,fcre,1.6,ensemble,178,Chla_ugL_mean,19.8396212875901
vera4cast,chlorocast_ens3,2026-10-31 00:00:00,2026-10-04 00:00:00,P1D,fcre,1.6,ensemble,178,Chla_ugL_mean,20.0516730623973
vera4cast,chlorocast_ens3,2026-11-01 00:00:00,2026-10-04 00:00:00,P1D,fcre,1.6,ensemble,178,Chla_ugL_mean,20.3223509603262
vera4cast,chlorocast_ens3,2026-11-02 00:00:00,2026-10-04 00:00:00,P1D,fcre,1.6,ensemble,178,Chla_ugL_mean,20.4915043218761
vera4cast,chlorocast_ens3,2026-11-03 00:00:00,2026-10-04 00:00:00,P1D,fcre,1.6,ensemble,178,Chla_ugL_mean,20.5396149100231
vera4cast,chlorocast_ens3,2026-11-04 00:00:00,2026-10-04 00:00:00,P1D,fcre,1.6,ensemble,178,Chla_ugL_mean,20.8706872008683
vera4cast,chlorocast_ens3,2026-11-05 00:00:00,2026-10-04 00:00:00,P1D,fcre,1.6,ensemble,178,Chla_ugL_mean,21.2071477446935
vera4cast,chlorocast_ens3,2026-11-06 00:00:00,2026-10-04 00:00:00,P1D,fcre,1.6,ensemble,178,Chla_ugL_mean,21.806221624381
vera4cast,chlorocast_ens3,2026-11-07 00:00:00,2026-10-04 00:00:00,P1D,fcre,1.6,ensemble,178,Chla_ugL_mean,21.8112012094809
vera4cast,chlorocast_ens3,2026-11-08 00:00:00,2026-10-04 00:00:00,P1D,fcre,1.6,ensemble,178,Chla_ugL_mean,22.5330661873035
vera4cast,chlorocast_ens3,2026-10-05 00:00:00,2026-10-04 00:00:00,P1D,fcre,1.6,ensemble,179,Chla_ugL_mean,20.2359524694799
vera4cast,chlorocast_ens3,2026-10-06 00:00:00,2026-10-04 00:00:00,P1D,fcre,1.6,ensemble,179,Chla_ugL_mean,20.3758388775631
vera4cast,chlorocast_ens3,2026-10-07 00:00:00,2026-10-04 00:00:00,P1D,fcre,1.6,ensemble,179,Chla_ugL_mean,20.0171746012214
vera4cast,chlorocast_ens3,2026-10-08 00:00:00,2026-10-04 00:00:00,P1D,fcre,1.6,ensemble,179,Chla_ugL_mean,20.0407391466755
vera4cast,chlorocast_ens3,2026-10-09 00:00:00,2026-10-04 00:00:00,P1D,fcre,1.6,ensemble,179,Chla_ugL_mean,20.1450870376052
vera4cast,chlorocast_ens3,2026-10-10 00:00:00,2026-10-04 00:00:00,P1D,fcre,1.6,ensemble,179,Chla_ugL_mean,19.8364112593681
vera4cast,chlorocast_ens3,2026-10-11 00:00:00,2026-10-04 00:00:00,P1D,fcre,1.6,ensemble,179,Chla_ugL_mean,19.6883559273832
vera4cast,chlorocast_ens3,2026-10-12 00:00:00,2026-10-04 00:00:00,P1D,fcre,1.6,ensemble,179,Chla_ugL_mean,19.5576972701273
vera4cast,chlorocast_ens3,2026-10-13 00:00:00,2026-10-04 00:00:00,P1D,fcre,1.6,ensemble,179,Chla_ugL_mean,19.5236380404601
vera4cast,chlorocast_ens3,2026-10-14 00:00:00,2026-10-04 00:00:00,P1D,fcre,1.6,ensemble,179,Chla_ugL_mean,19.5639574322963
vera4cast,chlorocast_ens3,2026-10-15 00:00:00,2026-10-04 00:00:00,P1D,fcre,1.6,ensemble,179,Chla_ugL_mean,19.5754807593567
vera4cast,chlorocast_ens3,2026-10-16 00:00:00,2026-10-04 00:00:00,P1D,fcre,1.6,ensemble,179,Chla_ugL_mean,19.8333973894232
vera4cast,chlorocast_ens3,2026-10-17 00:00:00,2026-10-04 00:00:00,P1D,fcre,1.6,ensemble,179,Chla_ugL_mean,19.6797889416694
vera4cast,chlorocast_ens3,2026-10-18 00:00:00,2026-10-04 00:00:00,P1D,fcre,1.6,ensemble,179,Chla_ugL_mean,19.6087868881772
vera4cast,chlorocast_ens3,2026-10-19 00:00:00,2026-10-04 00:00:00,P1D,fcre,1.6,ensemble,179,Chla_ugL_mean,19.5550991293018
vera4cast,chlorocast_ens3,2026-10-20 00:00:00,2026-10-04 00:00:00,P1D,fcre,1.6,ensemble,179,Chla_ugL_mean,19.4563371250824
vera4cast,chlorocast_ens3,2026-10-21 00:00:00,2026-10-04 00:00:00,P1D,fcre,1.6,ensemble,179,Chla_ugL_mean,19.4092670749364
vera4cast,chlorocast_ens3,2026-10-22 00:00:00,2026-10-04 00:00:00,P1D,fcre,1.6,ensemble,179,Chla_ugL_mean,19.1962353929731
vera4cast,chlorocast_ens3,2026-10-23 00:00:00,2026-10-04 00:00:00,P1D,fcre,1.6,ensemble,179,Chla_ugL_mean,19.0830382089601
vera4cast,chlorocast_ens3,2026-10-24 00:00:00,2026-10-04 00:00:00,P1D,fcre,1.6,ensemble,179,Chla_ugL_mean,19.284091076958
vera4cast,chlorocast_ens3,2026-10-25 00:00:00,2026-10-04 00:00:00,P1D,fcre,1.6,ensemble,179,Chla_ugL_mean,19.3238481897933
vera4cast,chlorocast_ens3,2026-10-26 00:00:00,2026-10-04 00:00:00,P1D,fcre,1.6,ensemble,179,Chla_ugL_mean,19.4460963902818
vera4cast,chlorocast_ens3,2026-10-27 00:00:00,2026-10-04 00:00:00,P1D,fcre,1.6,ensemble,179,Chla_ugL_mean,19.3865770135398
vera4cast,chlorocast_ens3,2026-10-28 00:00:00,2026-10-04 00:00:00,P1D,fcre,1.6,ensemble,179,Chla_ugL_mean,19.6972952628527
vera4cast,chlorocast_ens3,2026-10-29 00:00:00,2026-10-04 00:00:00,P1D,fcre,1.6,ensemble,179,Chla_ugL_mean,19.935078340269
vera4cast,chlorocast_ens3,2026-10-30 00:00:00,2026-10-04 00:00:00,P1D,fcre,1.6,ensemble,179,Chla_ugL_mean,20.156854204741
vera4cast,chlorocast_ens3,2026-10-31 00:00:00,2026-10-04 00:00:00,P1D,fcre,1.6,ensemble,179,Chla_ugL_mean,20.3754880985917
vera4cast,chlorocast_ens3,2026-11-01 00:00:00,2026-10-04 00:00:00,P1D,fcre,1.6,ensemble,179,Chla_ugL_mean,20.6442190502806
vera4cast,chlorocast_ens3,2026-11-02 00:00:00,2026-10-04 00:00:00,P1D,fcre,1.6,ensemble,179,Chla_ugL_mean,20.814590554315
vera4cast,chlorocast_ens3,2026-11-03 00:00:00,2026-10-04 00:00:00,P1D,fcre,1.6,ensemble,179,Chla_ugL_mean,20.8560574558918
vera4cast,chlorocast_ens3,2026-11-04 00:00:00,2026-10-04 00:00:00,P1D,fcre,1.6,ensemble,179,Chla_ugL_mean,21.2051522372713
vera4cast,chlorocast_ens3,2026-11-05 00:00:00,2026-10-04 00:00:00,P1D,fcre,1.6,ensemble,179,Chla_ugL_mean,21.5318613039677
vera4cast,chlorocast_ens3,2026-11-06 00:00:00,2026-10-04 00:00:00,P1D,fcre,1.6,ensemble,179,Chla_ugL_mean,22.1429970030686
vera4cast,chlorocast_ens3,2026-11-07 00:00:00,2026-10-04 00:00:00,P1D,fcre,1.6,ensemble,179,Chla_ugL_mean,22.1331842385547
vera4cast,chlorocast_ens3,2026-11-08 00:00:00,2026-10-04 00:00:00,P1D,fcre,1.6,ensemble,179,Chla_ugL_mean,22.8804704073186
vera4cast,chlorocast_ens3,2026-10-05 00:00:00,2026-10-04 00:00:00,P1D,fcre,1.6,ensemble,180,Chla_ugL_mean,20.5757917689741
vera4cast,chlorocast_ens3,2026-10-06 00:00:00,2026-10-04 00:00:00,P1D,fcre,1.6,ensemble,180,Chla_ugL_mean,20.7211251017859
vera4cast,chlorocast_ens3,2026-10-07 00:00:00,2026-10-04 00:00:00,P1D,fcre,1.6,ensemble,180,Chla_ugL_mean,20.3532294816611
vera4cast,chlorocast_ens3,2026-10-08 00:00:00,2026-10-04 00:00:00,P1D,fcre,1.6,ensemble,180,Chla_ugL_mean,20.3788952350192
vera4cast,chlorocast_ens3,2026-10-09 00:00:00,2026-10-04 00:00:00,P1D,fcre,1.6,ensemble,180,Chla_ugL_mean,20.4932741694473
vera4cast,chlorocast_ens3,2026-10-10 00:00:00,2026-10-04 00:00:00,P1D,fcre,1.6,ensemble,180,Chla_ugL_mean,20.1807343850356
vera4cast,chlorocast_ens3,2026-10-11 00:00:00,2026-10-04 00:00:00,P1D,fcre,1.6,ensemble,180,Chla_ugL_mean,20.0302730436864
vera4cast,chlorocast_ens3,2026-10-12 00:00:00,2026-10-04 00:00:00,P1D,fcre,1.6,ensemble,180,Chla_ugL_mean,19.8955075508526
vera4cast,chlorocast_ens3,2026-10-13 00:00:00,2026-10-04 00:00:00,P1D,fcre,1.6,ensemble,180,Chla_ugL_mean,19.861155677439
vera4cast,chlorocast_ens3,2026-10-14 00:00:00,2026-10-04 00:00:00,P1D,fcre,1.6,ensemble,180,Chla_ugL_mean,19.9054307379589
vera4cast,chlorocast_ens3,2026-10-15 00:00:00,2026-10-04 00:00:00,P1D,fcre,1.6,ensemble,180,Chla_ugL_mean,19.9140144959382
vera4cast,chlorocast_ens3,2026-10-16 00:00:00,2026-10-04 00:00:00,P1D,fcre,1.6,ensemble,180,Chla_ugL_mean,20.1873626851269
vera4cast,chlorocast_ens3,2026-10-17 00:00:00,2026-10-04 00:00:00,P1D,fcre,1.6,ensemble,180,Chla_ugL_mean,20.0245998973784
vera4cast,chlorocast_ens3,2026-10-18 00:00:00,2026-10-04 00:00:00,P1D,fcre,1.6,ensemble,180,Chla_ugL_mean,19.9460551271433
vera4cast,chlorocast_ens3,2026-10-19 00:00:00,2026-10-04 00:00:00,P1D,fcre,1.6,ensemble,180,Chla_ugL_mean,19.8916701323532
vera4cast,chlorocast_ens3,2026-10-20 00:00:00,2026-10-04 00:00:00,P1D,fcre,1.6,ensemble,180,Chla_ugL_mean,19.7925125242772
vera4cast,chlorocast_ens3,2026-10-21 00:00:00,2026-10-04 00:00:00,P1D,fcre,1.6,ensemble,180,Chla_ugL_mean,19.741429452434
vera4cast,chlorocast_ens3,2026-10-22 00:00:00,2026-10-04 00:00:00,P1D,fcre,1.6,ensemble,180,Chla_ugL_mean,19.5233662374693
vera4cast,chlorocast_ens3,2026-10-23 00:00:00,2026-10-04 00:00:00,P1D,fcre,1.6,ensemble,180,Chla_ugL_mean,19.4067256622734
vera4cast,chlorocast_ens3,2026-10-24 00:00:00,2026-10-04 00:00:00,P1D,fcre,1.6,ensemble,180,Chla_ugL_mean,19.615840504853
vera4cast,chlorocast_ens3,2026-10-25 00:00:00,2026-10-04 00:00:00,P1D,fcre,1.6,ensemble,180,Chla_ugL_mean,19.6607475747439
vera4cast,chlorocast_ens3,2026-10-26 00:00:00,2026-10-04 00:00:00,P1D,fcre,1.6,ensemble,180,Chla_ugL_mean,19.7814022359428
vera4cast,chlorocast_ens3,2026-10-27 00:00:00,2026-10-04 00:00:00,P1D,fcre,1.6,ensemble,180,Chla_ugL_mean,19.7124792503552
vera4cast,chlorocast_ens3,2026-10-28 00:00:00,2026-10-04 00:00:00,P1D,fcre,1.6,ensemble,180,Chla_ugL_mean,20.0302158032424
vera4cast,chlorocast_ens3,2026-10-29 00:00:00,2026-10-04 00:00:00,P1D,fcre,1.6,ensemble,180,Chla_ugL_mean,20.275367501399
vera4cast,chlorocast_ens3,2026-10-30 00:00:00,2026-10-04 00:00:00,P1D,fcre,1.6,ensemble,180,Chla_ugL_mean,20.5108376294583
vera4cast,chlorocast_ens3,2026-10-31 00:00:00,2026-10-04 00:00:00,P1D,fcre,1.6,ensemble,180,Chla_ugL_mean,20.735177089329
vera4cast,chlorocast_ens3,2026-11-01 00:00:00,2026-10-04 00:00:00,P1D,fcre,1.6,ensemble,180,Chla_ugL_mean,21.0051082412556
vera4cast,chlorocast_ens3,2026-11-02 00:00:00,2026-10-04 00:00:00,P1D,fcre,1.6,ensemble,180,Chla_ugL_mean,21.1774131629257
vera4cast,chlorocast_ens3,2026-11-03 00:00:00,2026-10-04 00:00:00,P1D,fcre,1.6,ensemble,180,Chla_ugL_mean,21.2133950809274
vera4cast,chlorocast_ens3,2026-11-04 00:00:00,2026-10-04 00:00:00,P1D,fcre,1.6,ensemble,180,Chla_ugL_mean,21.577748838714
vera4cast,chlorocast_ens3,2026-11-05 00:00:00,2026-10-04 00:00:00,P1D,fcre,1.6,ensemble,180,Chla_ugL_mean,21.8992633568631
vera4cast,chlorocast_ens3,2026-11-06 00:00:00,2026-10-04 00:00:00,P1D,fcre,1.6,ensemble,180,Chla_ugL_mean,22.5246159502885
vera4cast,chlorocast_ens3,2026-11-07 00:00:00,2026-10-04 00:00:00,P1D,fcre,1.6,ensemble,180,Chla_ugL_mean,22.5004305020121
vera4cast,chlorocast_ens3,2026-11-08 00:00:00,2026-10-04 00:00:00,P1D,fcre,1.6,ensemble,180,Chla_ugL_mean,23.2719231510229
vera4cast,chlorocast_ens3,2026-10-05 00:00:00,2026-10-04 00:00:00,P1D,fcre,1.6,ensemble,181,Chla_ugL_mean,20.9793243202036
vera4cast,chlorocast_ens3,2026-10-06 00:00:00,2026-10-04 00:00:00,P1D,fcre,1.6,ensemble,181,Chla_ugL_mean,21.1337312520137
vera4cast,chlorocast_ens3,2026-10-07 00:00:00,2026-10-04 00:00:00,P1D,fcre,1.6,ensemble,181,Chla_ugL_mean,20.7571242682055
vera4cast,chlorocast_ens3,2026-10-08 00:00:00,2026-10-04 00:00:00,P1D,fcre,1.6,ensemble,181,Chla_ugL_mean,20.787948196115
vera4cast,chlorocast_ens3,2026-10-09 00:00:00,2026-10-04 00:00:00,P1D,fcre,1.6,ensemble,181,Chla_ugL_mean,20.908950334497
vera4cast,chlorocast_ens3,2026-10-10 00:00:00,2026-10-04 00:00:00,P1D,fcre,1.6,ensemble,181,Chla_ugL_mean,20.5905098456836
vera4cast,chlorocast_ens3,2026-10-11 00:00:00,2026-10-04 00:00:00,P1D,fcre,1.6,ensemble,181,Chla_ugL_mean,20.4373795597836
vera4cast,chlorocast_ens3,2026-10-12 00:00:00,2026-10-04 00:00:00,P1D,fcre,1.6,ensemble,181,Chla_ugL_mean,20.3006092593859
vera4cast,chlorocast_ens3,2026-10-13 00:00:00,2026-10-04 00:00:00,P1D,fcre,1.6,ensemble,181,Chla_ugL_mean,20.2633191615888
vera4cast,chlorocast_ens3,2026-10-14 00:00:00,2026-10-04 00:00:00,P1D,fcre,1.6,ensemble,181,Chla_ugL_mean,20.3080724777938
vera4cast,chlorocast_ens3,2026-10-15 00:00:00,2026-10-04 00:00:00,P1D,fcre,1.6,ensemble,181,Chla_ugL_mean,20.3173433494756
vera4cast,chlorocast_ens3,2026-10-16 00:00:00,2026-10-04 00:00:00,P1D,fcre,1.6,ensemble,181,Chla_ugL_mean,20.6023290212029
vera4cast,chlorocast_ens3,2026-10-17 00:00:00,2026-10-04 00:00:00,P1D,fcre,1.6,ensemble,181,Chla_ugL_mean,20.435752167178
vera4cast,chlorocast_ens3,2026-10-18 00:00:00,2026-10-04 00:00:00,P1D,fcre,1.6,ensemble,181,Chla_ugL_mean,20.3539747256791
vera4cast,chlorocast_ens3,2026-10-19 00:00:00,2026-10-04 00:00:00,P1D,fcre,1.6,ensemble,181,Chla_ugL_mean,20.2982082363541
vera4cast,chlorocast_ens3,2026-10-20 00:00:00,2026-10-04 00:00:00,P1D,fcre,1.6,ensemble,181,Chla_ugL_mean,20.1949750377097
vera4cast,chlorocast_ens3,2026-10-21 00:00:00,2026-10-04 00:00:00,P1D,fcre,1.6,ensemble,181,Chla_ugL_mean,20.1407272889189
vera4cast,chlorocast_ens3,2026-10-22 00:00:00,2026-10-04 00:00:00,P1D,fcre,1.6,ensemble,181,Chla_ugL_mean,19.9172530000992
vera4cast,chlorocast_ens3,2026-10-23 00:00:00,2026-10-04 00:00:00,P1D,fcre,1.6,ensemble,181,Chla_ugL_mean,19.7982112075034
vera4cast,chlorocast_ens3,2026-10-24 00:00:00,2026-10-04 00:00:00,P1D,fcre,1.6,ensemble,181,Chla_ugL_mean,20.0155640939714
vera4cast,chlorocast_ens3,2026-10-25 00:00:00,2026-10-04 00:00:00,P1D,fcre,1.6,ensemble,181,Chla_ugL_mean,20.060115413604
vera4cast,chlorocast_ens3,2026-10-26 00:00:00,2026-10-04 00:00:00,P1D,fcre,1.6,ensemble,181,Chla_ugL_mean,20.1817033715327
vera4cast,chlorocast_ens3,2026-10-27 00:00:00,2026-10-04 00:00:00,P1D,fcre,1.6,ensemble,181,Chla_ugL_mean,20.1071283360539
vera4cast,chlorocast_ens3,2026-10-28 00:00:00,2026-10-04 00:00:00,P1D,fcre,1.6,ensemble,181,Chla_ugL_mean,20.4337647674637
vera4cast,chlorocast_ens3,2026-10-29 00:00:00,2026-10-04 00:00:00,P1D,fcre,1.6,ensemble,181,Chla_ugL_mean,20.6865198747691
vera4cast,chlorocast_ens3,2026-10-30 00:00:00,2026-10-04 00:00:00,P1D,fcre,1.6,ensemble,181,Chla_ugL_mean,20.9306773144693
vera4cast,chlorocast_ens3,2026-10-31 00:00:00,2026-10-04 00:00:00,P1D,fcre,1.6,ensemble,181,Chla_ugL_mean,21.1593982308202
vera4cast,chlorocast_ens3,2026-11-01 00:00:00,2026-10-04 00:00:00,P1D,fcre,1.6,ensemble,181,Chla_ugL_mean,21.4356589921881
vera4cast,chlorocast_ens3,2026-11-02 00:00:00,2026-10-04 00:00:00,P1D,fcre,1.6,ensemble,181,Chla_ugL_mean,21.611092245641
vera4cast,chlorocast_ens3,2026-11-03 00:00:00,2026-10-04 00:00:00,P1D,fcre,1.6,ensemble,181,Chla_ugL_mean,21.6433746985486
vera4cast,chlorocast_ens3,2026-11-04 00:00:00,2026-10-04 00:00:00,P1D,fcre,1.6,ensemble,181,Chla_ugL_mean,22.0187687143906
vera4cast,chlorocast_ens3,2026-11-05 00:00:00,2026-10-04 00:00:00,P1D,fcre,1.6,ensemble,181,Chla_ugL_mean,22.3423930897483
vera4cast,chlorocast_ens3,2026-11-06 00:00:00,2026-10-04 00:00:00,P1D,fcre,1.6,ensemble,181,Chla_ugL_mean,22.9857054524488
vera4cast,chlorocast_ens3,2026-11-07 00:00:00,2026-10-04 00:00:00,P1D,fcre,1.6,ensemble,181,Chla_ugL_mean,22.9475716601381
vera4cast,chlorocast_ens3,2026-11-08 00:00:00,2026-10-04 00:00:00,P1D,fcre,1.6,ensemble,181,Chla_ugL_mean,23.7417361288053
vera4cast,chlorocast_ens3,2026-10-05 00:00:00,2026-10-04 00:00:00,P1D,fcre,1.6,ensemble,182,Chla_ugL_mean,21.407338931511
vera4cast,chlorocast_ens3,2026-10-06 00:00:00,2026-10-04 00:00:00,P1D,fcre,1.6,ensemble,182,Chla_ugL_mean,21.5714982313272
vera4cast,chlorocast_ens3,2026-10-07 00:00:00,2026-10-04 00:00:00,P1D,fcre,1.6,ensemble,182,Chla_ugL_mean,21.1856140335886
vera4cast,chlorocast_ens3,2026-10-08 00:00:00,2026-10-04 00:00:00,P1D,fcre,1.6,ensemble,182,Chla_ugL_mean,21.2220052408169
vera4cast,chlorocast_ens3,2026-10-09 00:00:00,2026-10-04 00:00:00,P1D,fcre,1.6,ensemble,182,Chla_ugL_mean,21.3501265729841
vera4cast,chlorocast_ens3,2026-10-10 00:00:00,2026-10-04 00:00:00,P1D,fcre,1.6,ensemble,182,Chla_ugL_mean,21.0254263504621
vera4cast,chlorocast_ens3,2026-10-11 00:00:00,2026-10-04 00:00:00,P1D,fcre,1.6,ensemble,182,Chla_ugL_mean,20.8694683489809
vera4cast,chlorocast_ens3,2026-10-12 00:00:00,2026-10-04 00:00:00,P1D,fcre,1.6,ensemble,182,Chla_ugL_mean,20.7305826577574
vera4cast,chlorocast_ens3,2026-10-13 00:00:00,2026-10-04 00:00:00,P1D,fcre,1.6,ensemble,182,Chla_ugL_mean,20.6901273936653
vera4cast,chlorocast_ens3,2026-10-14 00:00:00,2026-10-04 00:00:00,P1D,fcre,1.6,ensemble,182,Chla_ugL_mean,20.7353805928715
vera4cast,chlorocast_ens3,2026-10-15 00:00:00,2026-10-04 00:00:00,P1D,fcre,1.6,ensemble,182,Chla_ugL_mean,20.7453913643209
vera4cast,chlorocast_ens3,2026-10-16 00:00:00,2026-10-04 00:00:00,P1D,fcre,1.6,ensemble,182,Chla_ugL_mean,21.0428602393008
vera4cast,chlorocast_ens3,2026-10-17 00:00:00,2026-10-04 00:00:00,P1D,fcre,1.6,ensemble,182,Chla_ugL_mean,20.8722213316193
vera4cast,chlorocast_ens3,2026-10-18 00:00:00,2026-10-04 00:00:00,P1D,fcre,1.6,ensemble,182,Chla_ugL_mean,20.7869770551503
vera4cast,chlorocast_ens3,2026-10-19 00:00:00,2026-10-04 00:00:00,P1D,fcre,1.6,ensemble,182,Chla_ugL_mean,20.7297374584868
vera4cast,chlorocast_ens3,2026-10-20 00:00:00,2026-10-04 00:00:00,P1D,fcre,1.6,ensemble,182,Chla_ugL_mean,20.6221339913153
vera4cast,chlorocast_ens3,2026-10-21 00:00:00,2026-10-04 00:00:00,P1D,fcre,1.6,ensemble,182,Chla_ugL_mean,20.564482859872
vera4cast,chlorocast_ens3,2026-10-22 00:00:00,2026-10-04 00:00:00,P1D,fcre,1.6,ensemble,182,Chla_ugL_mean,20.3352413199931
vera4cast,chlorocast_ens3,2026-10-23 00:00:00,2026-10-04 00:00:00,P1D,fcre,1.6,ensemble,182,Chla_ugL_mean,20.213648066438
vera4cast,chlorocast_ens3,2026-10-24 00:00:00,2026-10-04 00:00:00,P1D,fcre,1.6,ensemble,182,Chla_ugL_mean,20.4398300792822
vera4cast,chlorocast_ens3,2026-10-25 00:00:00,2026-10-04 00:00:00,P1D,fcre,1.6,ensemble,182,Chla_ugL_mean,20.4839786151217
vera4cast,chlorocast_ens3,2026-10-26 00:00:00,2026-10-04 00:00:00,P1D,fcre,1.6,ensemble,182,Chla_ugL_mean,20.6065284804256
vera4cast,chlorocast_ens3,2026-10-27 00:00:00,2026-10-04 00:00:00,P1D,fcre,1.6,ensemble,182,Chla_ugL_mean,20.5258675760827
vera4cast,chlorocast_ens3,2026-10-28 00:00:00,2026-10-04 00:00:00,P1D,fcre,1.6,ensemble,182,Chla_ugL_mean,20.8620051781777
vera4cast,chlorocast_ens3,2026-10-29 00:00:00,2026-10-04 00:00:00,P1D,fcre,1.6,ensemble,182,Chla_ugL_mean,21.1228884491844
vera4cast,chlorocast_ens3,2026-10-30 00:00:00,2026-10-04 00:00:00,P1D,fcre,1.6,ensemble,182,Chla_ugL_mean,21.3763517918299
vera4cast,chlorocast_ens3,2026-10-31 00:00:00,2026-10-04 00:00:00,P1D,fcre,1.6,ensemble,182,Chla_ugL_mean,21.6097238371007
vera4cast,chlorocast_ens3,2026-11-01 00:00:00,2026-10-04 00:00:00,P1D,fcre,1.6,ensemble,182,Chla_ugL_mean,21.8927257630755
vera4cast,chlorocast_ens3,2026-11-02 00:00:00,2026-10-04 00:00:00,P1D,fcre,1.6,ensemble,182,Chla_ugL_mean,22.071474961808
vera4cast,chlorocast_ens3,2026-11-03 00:00:00,2026-10-04 00:00:00,P1D,fcre,1.6,ensemble,182,Chla_ugL_mean,22.0997395920556
vera4cast,chlorocast_ens3,2026-11-04 00:00:00,2026-10-04 00:00:00,P1D,fcre,1.6,ensemble,182,Chla_ugL_mean,22.4869341060773
vera4cast,chlorocast_ens3,2026-11-05 00:00:00,2026-10-04 00:00:00,P1D,fcre,1.6,ensemble,182,Chla_ugL_mean,22.8127124498741
vera4cast,chlorocast_ens3,2026-11-06 00:00:00,2026-10-04 00:00:00,P1D,fcre,1.6,ensemble,182,Chla_ugL_mean,23.4752085741234
vera4cast,chlorocast_ens3,2026-11-07 00:00:00,2026-10-04 00:00:00,P1D,fcre,1.6,ensemble,182,Chla_ugL_mean,23.4219944813018
vera4cast,chlorocast_ens3,2026-11-08 00:00:00,2026-10-04 00:00:00,P1D,fcre,1.6,ensemble,182,Chla_ugL_mean,24.2403784480096
vera4cast,chlorocast_ens3,2026-10-05 00:00:00,2026-10-04 00:00:00,P1D,fcre,1.6,ensemble,183,Chla_ugL_mean,21.8628936279334
vera4cast,chlorocast_ens3,2026-10-06 00:00:00,2026-10-04 00:00:00,P1D,fcre,1.6,ensemble,183,Chla_ugL_mean,22.0375751420831
vera4cast,chlorocast_ens3,2026-10-07 00:00:00,2026-10-04 00:00:00,P1D,fcre,1.6,ensemble,183,Chla_ugL_mean,21.641775360471
vera4cast,chlorocast_ens3,2026-10-08 00:00:00,2026-10-04 00:00:00,P1D,fcre,1.6,ensemble,183,Chla_ugL_mean,21.6841988076503
vera4cast,chlorocast_ens3,2026-10-09 00:00:00,2026-10-04 00:00:00,P1D,fcre,1.6,ensemble,183,Chla_ugL_mean,21.8200019770284
vera4cast,chlorocast_ens3,2026-10-10 00:00:00,2026-10-04 00:00:00,P1D,fcre,1.6,ensemble,183,Chla_ugL_mean,21.4886380964295
vera4cast,chlorocast_ens3,2026-10-11 00:00:00,2026-10-04 00:00:00,P1D,fcre,1.6,ensemble,183,Chla_ugL_mean,21.3296739360287
vera4cast,chlorocast_ens3,2026-10-12 00:00:00,2026-10-04 00:00:00,P1D,fcre,1.6,ensemble,183,Chla_ugL_mean,21.1885490140462
vera4cast,chlorocast_ens3,2026-10-13 00:00:00,2026-10-04 00:00:00,P1D,fcre,1.6,ensemble,183,Chla_ugL_mean,21.1446708544776
vera4cast,chlorocast_ens3,2026-10-14 00:00:00,2026-10-04 00:00:00,P1D,fcre,1.6,ensemble,183,Chla_ugL_mean,21.1904478957719
vera4cast,chlorocast_ens3,2026-10-15 00:00:00,2026-10-04 00:00:00,P1D,fcre,1.6,ensemble,183,Chla_ugL_mean,21.201258501403
vera4cast,chlorocast_ens3,2026-10-16 00:00:00,2026-10-04 00:00:00,P1D,fcre,1.6,ensemble,183,Chla_ugL_mean,21.5121689694212
vera4cast,chlorocast_ens3,2026-10-17 00:00:00,2026-10-04 00:00:00,P1D,fcre,1.6,ensemble,183,Chla_ugL_mean,21.3371882072986
vera4cast,chlorocast_ens3,2026-10-18 00:00:00,2026-10-04 00:00:00,P1D,fcre,1.6,ensemble,183,Chla_ugL_mean,21.2482117619616
vera4cast,chlorocast_ens3,2026-10-19 00:00:00,2026-10-04 00:00:00,P1D,fcre,1.6,ensemble,183,Chla_ugL_mean,21.1893956093732
vera4cast,chlorocast_ens3,2026-10-20 00:00:00,2026-10-04 00:00:00,P1D,fcre,1.6,ensemble,183,Chla_ugL_mean,21.0770880041162
vera4cast,chlorocast_ens3,2026-10-21 00:00:00,2026-10-04 00:00:00,P1D,fcre,1.6,ensemble,183,Chla_ugL_mean,21.0157626297324
vera4cast,chlorocast_ens3,2026-10-22 00:00:00,2026-10-04 00:00:00,P1D,fcre,1.6,ensemble,183,Chla_ugL_mean,20.780351781833
vera4cast,chlorocast_ens3,2026-10-23 00:00:00,2026-10-04 00:00:00,P1D,fcre,1.6,ensemble,183,Chla_ugL_mean,20.6560378303245
vera4cast,chlorocast_ens3,2026-10-24 00:00:00,2026-10-04 00:00:00,P1D,fcre,1.6,ensemble,183,Chla_ugL_mean,20.8917184490568
vera4cast,chlorocast_ens3,2026-10-25 00:00:00,2026-10-04 00:00:00,P1D,fcre,1.6,ensemble,183,Chla_ugL_mean,20.9354100148372
vera4cast,chlorocast_ens3,2026-10-26 00:00:00,2026-10-04 00:00:00,P1D,fcre,1.6,ensemble,183,Chla_ugL_mean,21.0589525688775
vera4cast,chlorocast_ens3,2026-10-27 00:00:00,2026-10-04 00:00:00,P1D,fcre,1.6,ensemble,183,Chla_ugL_mean,20.9717132665323
vera4cast,chlorocast_ens3,2026-10-28 00:00:00,2026-10-04 00:00:00,P1D,fcre,1.6,ensemble,183,Chla_ugL_mean,21.3180314835245
vera4cast,chlorocast_ens3,2026-10-29 00:00:00,2026-10-04 00:00:00,P1D,fcre,1.6,ensemble,183,Chla_ugL_mean,21.5876363884633
vera4cast,chlorocast_ens3,2026-10-30 00:00:00,2026-10-04 00:00:00,P1D,fcre,1.6,ensemble,183,Chla_ugL_mean,21.8511060970719
vera4cast,chlorocast_ens3,2026-10-31 00:00:00,2026-10-04 00:00:00,P1D,fcre,1.6,ensemble,183,Chla_ugL_mean,22.0894328194889
vera4cast,chlorocast_ens3,2026-11-01 00:00:00,2026-10-04 00:00:00,P1D,fcre,1.6,ensemble,183,Chla_ugL_mean,22.3796402611754
vera4cast,chlorocast_ens3,2026-11-02 00:00:00,2026-10-04 00:00:00,P1D,fcre,1.6,ensemble,183,Chla_ugL_mean,22.5619163400043
vera4cast,chlorocast_ens3,2026-11-03 00:00:00,2026-10-04 00:00:00,P1D,fcre,1.6,ensemble,183,Chla_ugL_mean,22.5858002903491
vera4cast,chlorocast_ens3,2026-11-04 00:00:00,2026-10-04 00:00:00,P1D,fcre,1.6,ensemble,183,Chla_ugL_mean,22.9856550549718
vera4cast,chlorocast_ens3,2026-11-05 00:00:00,2026-10-04 00:00:00,P1D,fcre,1.6,ensemble,183,Chla_ugL_mean,23.3136327584386
vera4cast,chlorocast_ens3,2026-11-06 00:00:00,2026-10-04 00:00:00,P1D,fcre,1.6,ensemble,183,Chla_ugL_mean,23.9966962950553
vera4cast,chlorocast_ens3,2026-11-07 00:00:00,2026-10-04 00:00:00,P1D,fcre,1.6,ensemble,183,Chla_ugL_mean,23.927114240902
vera4cast,chlorocast_ens3,2026-11-08 00:00:00,2026-10-04 00:00:00,P1D,fcre,1.6,ensemble,183,Chla_ugL_mean,24.7714672781311
vera4cast,chlorocast_ens3,2026-10-05 00:00:00,2026-10-04 00:00:00,P1D,fcre,1.6,ensemble,184,Chla_ugL_mean,22.3496436817512
vera4cast,chlorocast_ens3,2026-10-06 00:00:00,2026-10-04 00:00:00,P1D,fcre,1.6,ensemble,184,Chla_ugL_mean,22.5357269586372
vera4cast,chlorocast_ens3,2026-10-07 00:00:00,2026-10-04 00:00:00,P1D,fcre,1.6,ensemble,184,Chla_ugL_mean,22.1292862951664
vera4cast,chlorocast_ens3,2026-10-08 00:00:00,2026-10-04 00:00:00,P1D,fcre,1.6,ensemble,184,Chla_ugL_mean,22.1782743409686
vera4cast,chlorocast_ens3,2026-10-09 00:00:00,2026-10-04 00:00:00,P1D,fcre,1.6,ensemble,184,Chla_ugL_mean,22.3224022893298
vera4cast,chlorocast_ens3,2026-10-10 00:00:00,2026-10-04 00:00:00,P1D,fcre,1.6,ensemble,184,Chla_ugL_mean,21.9839171565074
vera4cast,chlorocast_ens3,2026-10-11 00:00:00,2026-10-04 00:00:00,P1D,fcre,1.6,ensemble,184,Chla_ugL_mean,21.8217449007857
vera4cast,chlorocast_ens3,2026-10-12 00:00:00,2026-10-04 00:00:00,P1D,fcre,1.6,ensemble,184,Chla_ugL_mean,21.6782411366512
vera4cast,chlorocast_ens3,2026-10-13 00:00:00,2026-10-04 00:00:00,P1D,fcre,1.6,ensemble,184,Chla_ugL_mean,21.6306452264798
vera4cast,chlorocast_ens3,2026-10-14 00:00:00,2026-10-04 00:00:00,P1D,fcre,1.6,ensemble,184,Chla_ugL_mean,21.676972806792
vera4cast,chlorocast_ens3,2026-10-15 00:00:00,2026-10-04 00:00:00,P1D,fcre,1.6,ensemble,184,Chla_ugL_mean,21.6886517995195
vera4cast,chlorocast_ens3,2026-10-16 00:00:00,2026-10-04 00:00:00,P1D,fcre,1.6,ensemble,184,Chla_ugL_mean,22.0140978636329
vera4cast,chlorocast_ens3,2026-10-17 00:00:00,2026-10-04 00:00:00,P1D,fcre,1.6,ensemble,184,Chla_ugL_mean,21.834457307598
vera4cast,chlorocast_ens3,2026-10-18 00:00:00,2026-10-04 00:00:00,P1D,fcre,1.6,ensemble,184,Chla_ugL_mean,21.7414458447949
vera4cast,chlorocast_ens3,2026-10-19 00:00:00,2026-10-04 00:00:00,P1D,fcre,1.6,ensemble,184,Chla_ugL_mean,21.6809354878818
vera4cast,chlorocast_ens3,2026-10-20 00:00:00,2026-10-04 00:00:00,P1D,fcre,1.6,ensemble,184,Chla_ugL_mean,21.5635427106699
vera4cast,chlorocast_ens3,2026-10-21 00:00:00,2026-10-04 00:00:00,P1D,fcre,1.6,ensemble,184,Chla_ugL_mean,21.4982334864612
vera4cast,chlorocast_ens3,2026-10-22 00:00:00,2026-10-04 00:00:00,P1D,fcre,1.6,ensemble,184,Chla_ugL_mean,21.256196247898
vera4cast,chlorocast_ens3,2026-10-23 00:00:00,2026-10-04 00:00:00,P1D,fcre,1.6,ensemble,184,Chla_ugL_mean,21.1289696282818
vera4cast,chlorocast_ens3,2026-10-24 00:00:00,2026-10-04 00:00:00,P1D,fcre,1.6,ensemble,184,Chla_ugL_mean,21.3749126500233
vera4cast,chlorocast_ens3,2026-10-25 00:00:00,2026-10-04 00:00:00,P1D,fcre,1.6,ensemble,184,Chla_ugL_mean,21.4180843391434
vera4cast,chlorocast_ens3,2026-10-26 00:00:00,2026-10-04 00:00:00,P1D,fcre,1.6,ensemble,184,Chla_ugL_mean,21.5426527706762
vera4cast,chlorocast_ens3,2026-10-27 00:00:00,2026-10-04 00:00:00,P1D,fcre,1.6,ensemble,184,Chla_ugL_mean,21.448271761744
vera4cast,chlorocast_ens3,2026-10-28 00:00:00,2026-10-04 00:00:00,P1D,fcre,1.6,ensemble,184,Chla_ugL_mean,21.805543859221
vera4cast,chlorocast_ens3,2026-10-29 00:00:00,2026-10-04 00:00:00,P1D,fcre,1.6,ensemble,184,Chla_ugL_mean,22.084546427313
vera4cast,chlorocast_ens3,2026-10-30 00:00:00,2026-10-04 00:00:00,P1D,fcre,1.6,ensemble,184,Chla_ugL_mean,22.3588214416129
vera4cast,chlorocast_ens3,2026-10-31 00:00:00,2026-10-04 00:00:00,P1D,fcre,1.6,ensemble,184,Chla_ugL_mean,22.6024469067953
vera4cast,chlorocast_ens3,2026-11-01 00:00:00,2026-10-04 00:00:00,P1D,fcre,1.6,ensemble,184,Chla_ugL_mean,22.9003875081967
vera4cast,chlorocast_ens3,2026-11-02 00:00:00,2026-10-04 00:00:00,P1D,fcre,1.6,ensemble,184,Chla_ugL_mean,23.0864292628102
vera4cast,chlorocast_ens3,2026-11-03 00:00:00,2026-10-04 00:00:00,P1D,fcre,1.6,ensemble,184,Chla_ugL_mean,23.1055158526862
vera4cast,chlorocast_ens3,2026-11-04 00:00:00,2026-10-04 00:00:00,P1D,fcre,1.6,ensemble,184,Chla_ugL_mean,23.5190101759627
vera4cast,chlorocast_ens3,2026-11-05 00:00:00,2026-10-04 00:00:00,P1D,fcre,1.6,ensemble,184,Chla_ugL_mean,23.8492335950282
vera4cast,chlorocast_ens3,2026-11-06 00:00:00,2026-10-04 00:00:00,P1D,fcre,1.6,ensemble,184,Chla_ugL_mean,24.5544399402833
vera4cast,chlorocast_ens3,2026-11-07 00:00:00,2026-10-04 00:00:00,P1D,fcre,1.6,ensemble,184,Chla_ugL_mean,24.4670142392177
vera4cast,chlorocast_ens3,2026-11-08 00:00:00,2026-10-04 00:00:00,P1D,fcre,1.6,ensemble,184,Chla_ugL_mean,25.3393283879268
vera4cast,chlorocast_ens3,2026-10-05 00:00:00,2026-10-04 00:00:00,P1D,fcre,1.6,ensemble,185,Chla_ugL_mean,22.8720061326342
vera4cast,chlorocast_ens3,2026-10-06 00:00:00,2026-10-04 00:00:00,P1D,fcre,1.6,ensemble,185,Chla_ugL_mean,23.0705043503913
vera4cast,chlorocast_ens3,2026-10-07 00:00:00,2026-10-04 00:00:00,P1D,fcre,1.6,ensemble,185,Chla_ugL_mean,22.6525921512012
vera4cast,chlorocast_ens3,2026-10-08 00:00:00,2026-10-04 00:00:00,P1D,fcre,1.6,ensemble,185,Chla_ugL_mean,22.708759404655
vera4cast,chlorocast_ens3,2026-10-09 00:00:00,2026-10-04 00:00:00,P1D,fcre,1.6,ensemble,185,Chla_ugL_mean,22.8619529051396
vera4cast,chlorocast_ens3,2026-10-10 00:00:00,2026-10-04 00:00:00,P1D,fcre,1.6,ensemble,185,Chla_ugL_mean,22.5158240630042
vera4cast,chlorocast_ens3,2026-10-11 00:00:00,2026-10-04 00:00:00,P1D,fcre,1.6,ensemble,185,Chla_ugL_mean,22.3502134136875
vera4cast,chlorocast_ens3,2026-10-12 00:00:00,2026-10-04 00:00:00,P1D,fcre,1.6,ensemble,185,Chla_ugL_mean,22.2041722324138
vera4cast,chlorocast_ens3,2026-10-13 00:00:00,2026-10-04 00:00:00,P1D,fcre,1.6,ensemble,185,Chla_ugL_mean,22.1525184384073
vera4cast,chlorocast_ens3,2026-10-14 00:00:00,2026-10-04 00:00:00,P1D,fcre,1.6,ensemble,185,Chla_ugL_mean,22.1994265002344
vera4cast,chlorocast_ens3,2026-10-15 00:00:00,2026-10-04 00:00:00,P1D,fcre,1.6,ensemble,185,Chla_ugL_mean,22.2120529419131
vera4cast,chlorocast_ens3,2026-10-16 00:00:00,2026-10-04 00:00:00,P1D,fcre,1.6,ensemble,185,Chla_ugL_mean,22.5532936774943
vera4cast,chlorocast_ens3,2026-10-17 00:00:00,2026-10-04 00:00:00,P1D,fcre,1.6,ensemble,185,Chla_ugL_mean,22.3686291585167
vera4cast,chlorocast_ens3,2026-10-18 00:00:00,2026-10-04 00:00:00,P1D,fcre,1.6,ensemble,185,Chla_ugL_mean,22.2712341695347
vera4cast,chlorocast_ens3,2026-10-19 00:00:00,2026-10-04 00:00:00,P1D,fcre,1.6,ensemble,185,Chla_ugL_mean,22.2088947339871
vera4cast,chlorocast_ens3,2026-10-20 00:00:00,2026-10-04 00:00:00,P1D,fcre,1.6,ensemble,185,Chla_ugL_mean,22.0859783518101
vera4cast,chlorocast_ens3,2026-10-21 00:00:00,2026-10-04 00:00:00,P1D,fcre,1.6,ensemble,185,Chla_ugL_mean,22.016328451862
vera4cast,chlorocast_ens3,2026-10-22 00:00:00,2026-10-04 00:00:00,P1D,fcre,1.6,ensemble,185,Chla_ugL_mean,21.7671410106924
vera4cast,chlorocast_ens3,2026-10-23 00:00:00,2026-10-04 00:00:00,P1D,fcre,1.6,ensemble,185,Chla_ugL_mean,21.6367822435283
vera4cast,chlorocast_ens3,2026-10-24 00:00:00,2026-10-04 00:00:00,P1D,fcre,1.6,ensemble,185,Chla_ugL_mean,21.8938662151616
vera4cast,chlorocast_ens3,2026-10-25 00:00:00,2026-10-04 00:00:00,P1D,fcre,1.6,ensemble,185,Chla_ugL_mean,21.9364443659409
vera4cast,chlorocast_ens3,2026-10-26 00:00:00,2026-10-04 00:00:00,P1D,fcre,1.6,ensemble,185,Chla_ugL_mean,22.0620745342462
vera4cast,chlorocast_ens3,2026-10-27 00:00:00,2026-10-04 00:00:00,P1D,fcre,1.6,ensemble,185,Chla_ugL_mean,21.9599022121933
vera4cast,chlorocast_ens3,2026-10-28 00:00:00,2026-10-04 00:00:00,P1D,fcre,1.6,ensemble,185,Chla_ugL_mean,22.3290153466029
vera4cast,chlorocast_ens3,2026-10-29 00:00:00,2026-10-04 00:00:00,P1D,fcre,1.6,ensemble,185,Chla_ugL_mean,22.6181919101319
vera4cast,chlorocast_ens3,2026-10-30 00:00:00,2026-10-04 00:00:00,P1D,fcre,1.6,ensemble,185,Chla_ugL_mean,22.9041909529949
vera4cast,chlorocast_ens3,2026-10-31 00:00:00,2026-10-04 00:00:00,P1D,fcre,1.6,ensemble,185,Chla_ugL_mean,23.1535082203525
vera4cast,chlorocast_ens3,2026-11-01 00:00:00,2026-10-04 00:00:00,P1D,fcre,1.6,ensemble,185,Chla_ugL_mean,23.459786345328
vera4cast,chlorocast_ens3,2026-11-02 00:00:00,2026-10-04 00:00:00,P1D,fcre,1.6,ensemble,185,Chla_ugL_mean,23.6498662191503
vera4cast,chlorocast_ens3,2026-11-03 00:00:00,2026-10-04 00:00:00,P1D,fcre,1.6,ensemble,185,Chla_ugL_mean,23.6636729216366
vera4cast,chlorocast_ens3,2026-11-04 00:00:00,2026-10-04 00:00:00,P1D,fcre,1.6,ensemble,185,Chla_ugL_mean,24.0919313577361
vera4cast,chlorocast_ens3,2026-11-05 00:00:00,2026-10-04 00:00:00,P1D,fcre,1.6,ensemble,185,Chla_ugL_mean,24.4244472937616
vera4cast,chlorocast_ens3,2026-11-06 00:00:00,2026-10-04 00:00:00,P1D,fcre,1.6,ensemble,185,Chla_ugL_mean,25.1536047024966
vera4cast,chlorocast_ens3,2026-11-07 00:00:00,2026-10-04 00:00:00,P1D,fcre,1.6,ensemble,185,Chla_ugL_mean,25.0466300253438
vera4cast,chlorocast_ens3,2026-11-08 00:00:00,2026-10-04 00:00:00,P1D,fcre,1.6,ensemble,185,Chla_ugL_mean,25.9491917824486
vera4cast,chlorocast_ens3,2026-10-05 00:00:00,2026-10-04 00:00:00,P1D,fcre,1.6,ensemble,186,Chla_ugL_mean,23.4353847150008
vera4cast,chlorocast_ens3,2026-10-06 00:00:00,2026-10-04 00:00:00,P1D,fcre,1.6,ensemble,186,Chla_ugL_mean,23.6474759103797
vera4cast,chlorocast_ens3,2026-10-07 00:00:00,2026-10-04 00:00:00,P1D,fcre,1.6,ensemble,186,Chla_ugL_mean,23.2171322275502
vera4cast,chlorocast_ens3,2026-10-08 00:00:00,2026-10-04 00:00:00,P1D,fcre,1.6,ensemble,186,Chla_ugL_mean,23.2811949647724
vera4cast,chlorocast_ens3,2026-10-09 00:00:00,2026-10-04 00:00:00,P1D,fcre,1.6,ensemble,186,Chla_ugL_mean,23.4443155094576
vera4cast,chlorocast_ens3,2026-10-10 00:00:00,2026-10-04 00:00:00,P1D,fcre,1.6,ensemble,186,Chla_ugL_mean,23.0899411379862
vera4cast,chlorocast_ens3,2026-10-11 00:00:00,2026-10-04 00:00:00,P1D,fcre,1.6,ensemble,186,Chla_ugL_mean,22.9206271345654
vera4cast,chlorocast_ens3,2026-10-12 00:00:00,2026-10-04 00:00:00,P1D,fcre,1.6,ensemble,186,Chla_ugL_mean,22.7718668839781
vera4cast,chlorocast_ens3,2026-10-13 00:00:00,2026-10-04 00:00:00,P1D,fcre,1.6,ensemble,186,Chla_ugL_mean,22.7157591431953
vera4cast,chlorocast_ens3,2026-10-14 00:00:00,2026-10-04 00:00:00,P1D,fcre,1.6,ensemble,186,Chla_ugL_mean,22.7632815182634
vera4cast,chlorocast_ens3,2026-10-15 00:00:00,2026-10-04 00:00:00,P1D,fcre,1.6,ensemble,186,Chla_ugL_mean,22.7769474492957
vera4cast,chlorocast_ens3,2026-10-16 00:00:00,2026-10-04 00:00:00,P1D,fcre,1.6,ensemble,186,Chla_ugL_mean,23.1354454280092
vera4cast,chlorocast_ens3,2026-10-17 00:00:00,2026-10-04 00:00:00,P1D,fcre,1.6,ensemble,186,Chla_ugL_mean,22.9453360358384
vera4cast,chlorocast_ens3,2026-10-18 00:00:00,2026-10-04 00:00:00,P1D,fcre,1.6,ensemble,186,Chla_ugL_mean,22.843152728411
vera4cast,chlorocast_ens3,2026-10-19 00:00:00,2026-10-04 00:00:00,P1D,fcre,1.6,ensemble,186,Chla_ugL_mean,22.7788281795141
vera4cast,chlorocast_ens3,2026-10-20 00:00:00,2026-10-04 00:00:00,P1D,fcre,1.6,ensemble,186,Chla_ugL_mean,22.6498790130284
vera4cast,chlorocast_ens3,2026-10-21 00:00:00,2026-10-04 00:00:00,P1D,fcre,1.6,ensemble,186,Chla_ugL_mean,22.5754733298656
vera4cast,chlorocast_ens3,2026-10-22 00:00:00,2026-10-04 00:00:00,P1D,fcre,1.6,ensemble,186,Chla_ugL_mean,22.3185299330144
vera4cast,chlorocast_ens3,2026-10-23 00:00:00,2026-10-04 00:00:00,P1D,fcre,1.6,ensemble,186,Chla_ugL_mean,22.184785834654
vera4cast,chlorocast_ens3,2026-10-24 00:00:00,2026-10-04 00:00:00,P1D,fcre,1.6,ensemble,186,Chla_ugL_mean,22.4540306906116
vera4cast,chlorocast_ens3,2026-10-25 00:00:00,2026-10-04 00:00:00,P1D,fcre,1.6,ensemble,186,Chla_ugL_mean,22.4959282023555
vera4cast,chlorocast_ens3,2026-10-26 00:00:00,2026-10-04 00:00:00,P1D,fcre,1.6,ensemble,186,Chla_ugL_mean,22.6226589249831
vera4cast,chlorocast_ens3,2026-10-27 00:00:00,2026-10-04 00:00:00,P1D,fcre,1.6,ensemble,186,Chla_ugL_mean,22.511939114056
vera4cast,chlorocast_ens3,2026-10-28 00:00:00,2026-10-04 00:00:00,P1D,fcre,1.6,ensemble,186,Chla_ugL_mean,22.8939204429147
vera4cast,chlorocast_ens3,2026-10-29 00:00:00,2026-10-04 00:00:00,P1D,fcre,1.6,ensemble,186,Chla_ugL_mean,23.1941707403546
vera4cast,chlorocast_ens3,2026-10-30 00:00:00,2026-10-04 00:00:00,P1D,fcre,1.6,ensemble,186,Chla_ugL_mean,23.4929600898784
vera4cast,chlorocast_ens3,2026-10-31 00:00:00,2026-10-04 00:00:00,P1D,fcre,1.6,ensemble,186,Chla_ugL_mean,23.7484221990519
vera4cast,chlorocast_ens3,2026-11-01 00:00:00,2026-10-04 00:00:00,P1D,fcre,1.6,ensemble,186,Chla_ugL_mean,24.063736375561
vera4cast,chlorocast_ens3,2026-11-02 00:00:00,2026-10-04 00:00:00,P1D,fcre,1.6,ensemble,186,Chla_ugL_mean,24.2581679509587
vera4cast,chlorocast_ens3,2026-11-03 00:00:00,2026-10-04 00:00:00,P1D,fcre,1.6,ensemble,186,Chla_ugL_mean,24.2661306401341
vera4cast,chlorocast_ens3,2026-11-04 00:00:00,2026-10-04 00:00:00,P1D,fcre,1.6,ensemble,186,Chla_ugL_mean,24.710456438009
vera4cast,chlorocast_ens3,2026-11-05 00:00:00,2026-10-04 00:00:00,P1D,fcre,1.6,ensemble,186,Chla_ugL_mean,25.0453113047388
vera4cast,chlorocast_ens3,2026-11-06 00:00:00,2026-10-04 00:00:00,P1D,fcre,1.6,ensemble,186,Chla_ugL_mean,25.8005143997688
vera4cast,chlorocast_ens3,2026-11-07 00:00:00,2026-10-04 00:00:00,P1D,fcre,1.6,ensemble,186,Chla_ugL_mean,25.6720013245715
vera4cast,chlorocast_ens3,2026-11-08 00:00:00,2026-10-04 00:00:00,P1D,fcre,1.6,ensemble,186,Chla_ugL_mean,26.6074593044648
vera4cast,chlorocast_ens3,2026-10-05 00:00:00,2026-10-04 00:00:00,P1D,fcre,1.6,ensemble,187,Chla_ugL_mean,24.0464837759327
vera4cast,chlorocast_ens3,2026-10-06 00:00:00,2026-10-04 00:00:00,P1D,fcre,1.6,ensemble,187,Chla_ugL_mean,24.273552338885
vera4cast,chlorocast_ens3,2026-10-07 00:00:00,2026-10-04 00:00:00,P1D,fcre,1.6,ensemble,187,Chla_ugL_mean,23.8296562795609
vera4cast,chlorocast_ens3,2026-10-08 00:00:00,2026-10-04 00:00:00,P1D,fcre,1.6,ensemble,187,Chla_ugL_mean,23.9024582882948
vera4cast,chlorocast_ens3,2026-10-09 00:00:00,2026-10-04 00:00:00,P1D,fcre,1.6,ensemble,187,Chla_ugL_mean,24.0765185059415
vera4cast,chlorocast_ens3,2026-10-10 00:00:00,2026-10-04 00:00:00,P1D,fcre,1.6,ensemble,187,Chla_ugL_mean,23.713198306463
vera4cast,chlorocast_ens3,2026-10-11 00:00:00,2026-10-04 00:00:00,P1D,fcre,1.6,ensemble,187,Chla_ugL_mean,23.5398730298547
vera4cast,chlorocast_ens3,2026-10-12 00:00:00,2026-10-04 00:00:00,P1D,fcre,1.6,ensemble,187,Chla_ugL_mean,23.3881835877678
vera4cast,chlorocast_ens3,2026-10-13 00:00:00,2026-10-04 00:00:00,P1D,fcre,1.6,ensemble,187,Chla_ugL_mean,23.3271557378925
vera4cast,chlorocast_ens3,2026-10-14 00:00:00,2026-10-04 00:00:00,P1D,fcre,1.6,ensemble,187,Chla_ugL_mean,23.3753309760357
vera4cast,chlorocast_ens3,2026-10-15 00:00:00,2026-10-04 00:00:00,P1D,fcre,1.6,ensemble,187,Chla_ugL_mean,23.3901447000438
vera4cast,chlorocast_ens3,2026-10-16 00:00:00,2026-10-04 00:00:00,P1D,fcre,1.6,ensemble,187,Chla_ugL_mean,23.7676170115422
vera4cast,chlorocast_ens3,2026-10-17 00:00:00,2026-10-04 00:00:00,P1D,fcre,1.6,ensemble,187,Chla_ugL_mean,23.5715711942461
vera4cast,chlorocast_ens3,2026-10-18 00:00:00,2026-10-04 00:00:00,P1D,fcre,1.6,ensemble,187,Chla_ugL_mean,23.4641243871679
vera4cast,chlorocast_ens3,2026-10-19 00:00:00,2026-10-04 00:00:00,P1D,fcre,1.6,ensemble,187,Chla_ugL_mean,23.3976323227149
vera4cast,chlorocast_ens3,2026-10-20 00:00:00,2026-10-04 00:00:00,P1D,fcre,1.6,ensemble,187,Chla_ugL_mean,23.2620527262102
vera4cast,chlorocast_ens3,2026-10-21 00:00:00,2026-10-04 00:00:00,P1D,fcre,1.6,ensemble,187,Chla_ugL_mean,23.1824031649447
vera4cast,chlorocast_ens3,2026-10-22 00:00:00,2026-10-04 00:00:00,P1D,fcre,1.6,ensemble,187,Chla_ugL_mean,22.9169959932701
vera4cast,chlorocast_ens3,2026-10-23 00:00:00,2026-10-04 00:00:00,P1D,fcre,1.6,ensemble,187,Chla_ugL_mean,22.7795714980542
vera4cast,chlorocast_ens3,2026-10-24 00:00:00,2026-10-04 00:00:00,P1D,fcre,1.6,ensemble,187,Chla_ugL_mean,23.0621739145254
vera4cast,chlorocast_ens3,2026-10-25 00:00:00,2026-10-04 00:00:00,P1D,fcre,1.6,ensemble,187,Chla_ugL_mean,23.1032866419658
vera4cast,chlorocast_ens3,2026-10-26 00:00:00,2026-10-04 00:00:00,P1D,fcre,1.6,ensemble,187,Chla_ugL_mean,23.2311599997445
vera4cast,chlorocast_ens3,2026-10-27 00:00:00,2026-10-04 00:00:00,P1D,fcre,1.6,ensemble,187,Chla_ugL_mean,23.1110029956522
vera4cast,chlorocast_ens3,2026-10-28 00:00:00,2026-10-04 00:00:00,P1D,fcre,1.6,ensemble,187,Chla_ugL_mean,23.5070542553599
vera4cast,chlorocast_ens3,2026-10-29 00:00:00,2026-10-04 00:00:00,P1D,fcre,1.6,ensemble,187,Chla_ugL_mean,23.8194320523655
vera4cast,chlorocast_ens3,2026-10-30 00:00:00,2026-10-04 00:00:00,P1D,fcre,1.6,ensemble,187,Chla_ugL_mean,24.132262393904
vera4cast,chlorocast_ens3,2026-10-31 00:00:00,2026-10-04 00:00:00,P1D,fcre,1.6,ensemble,187,Chla_ugL_mean,24.3943968566453
vera4cast,chlorocast_ens3,2026-11-01 00:00:00,2026-10-04 00:00:00,P1D,fcre,1.6,ensemble,187,Chla_ugL_mean,24.7195628446703
vera4cast,chlorocast_ens3,2026-11-02 00:00:00,2026-10-04 00:00:00,P1D,fcre,1.6,ensemble,187,Chla_ugL_mean,24.9187107114025
vera4cast,chlorocast_ens3,2026-11-03 00:00:00,2026-10-04 00:00:00,P1D,fcre,1.6,ensemble,187,Chla_ugL_mean,24.9201626466224
vera4cast,chlorocast_ens3,2026-11-04 00:00:00,2026-10-04 00:00:00,P1D,fcre,1.6,ensemble,187,Chla_ugL_mean,25.3820820819116
vera4cast,chlorocast_ens3,2026-11-05 00:00:00,2026-10-04 00:00:00,P1D,fcre,1.6,ensemble,187,Chla_ugL_mean,25.719320582776
vera4cast,chlorocast_ens3,2026-11-06 00:00:00,2026-10-04 00:00:00,P1D,fcre,1.6,ensemble,187,Chla_ugL_mean,26.503021247821
vera4cast,chlorocast_ens3,2026-11-07 00:00:00,2026-10-04 00:00:00,P1D,fcre,1.6,ensemble,187,Chla_ugL_mean,26.3506237296942
vera4cast,chlorocast_ens3,2026-11-08 00:00:00,2026-10-04 00:00:00,P1D,fcre,1.6,ensemble,187,Chla_ugL_mean,27.3220783052485
vera4cast,chlorocast_ens3,2026-10-05 00:00:00,2026-10-04 00:00:00,P1D,fcre,1.6,ensemble,188,Chla_ugL_mean,24.7137568344533
vera4cast,chlorocast_ens3,2026-10-06 00:00:00,2026-10-04 00:00:00,P1D,fcre,1.6,ensemble,188,Chla_ugL_mean,24.9574497867434
vera4cast,chlorocast_ens3,2026-10-07 00:00:00,2026-10-04 00:00:00,P1D,fcre,1.6,ensemble,188,Chla_ugL_mean,24.4986768077455
vera4cast,chlorocast_ens3,2026-10-08 00:00:00,2026-10-04 00:00:00,P1D,fcre,1.6,ensemble,188,Chla_ugL_mean,24.5812245041565
vera4cast,chlorocast_ens3,2026-10-09 00:00:00,2026-10-04 00:00:00,P1D,fcre,1.6,ensemble,188,Chla_ugL_mean,24.7674294248483
vera4cast,chlorocast_ens3,2026-10-10 00:00:00,2026-10-04 00:00:00,P1D,fcre,1.6,ensemble,188,Chla_ugL_mean,24.394338908011
vera4cast,chlorocast_ens3,2026-10-11 00:00:00,2026-10-04 00:00:00,P1D,fcre,1.6,ensemble,188,Chla_ugL_mean,24.216640335131
vera4cast,chlorocast_ens3,2026-10-12 00:00:00,2026-10-04 00:00:00,P1D,fcre,1.6,ensemble,188,Chla_ugL_mean,24.0617758989621
vera4cast,chlorocast_ens3,2026-10-13 00:00:00,2026-10-04 00:00:00,P1D,fcre,1.6,ensemble,188,Chla_ugL_mean,23.9952724363865
vera4cast,chlorocast_ens3,2026-10-14 00:00:00,2026-10-04 00:00:00,P1D,fcre,1.6,ensemble,188,Chla_ugL_mean,24.0441448922349
vera4cast,chlorocast_ens3,2026-10-15 00:00:00,2026-10-04 00:00:00,P1D,fcre,1.6,ensemble,188,Chla_ugL_mean,24.0602354356615
vera4cast,chlorocast_ens3,2026-10-16 00:00:00,2026-10-04 00:00:00,P1D,fcre,1.6,ensemble,188,Chla_ugL_mean,24.4587228409939
vera4cast,chlorocast_ens3,2026-10-17 00:00:00,2026-10-04 00:00:00,P1D,fcre,1.6,ensemble,188,Chla_ugL_mean,24.2561596466146
vera4cast,chlorocast_ens3,2026-10-18 00:00:00,2026-10-04 00:00:00,P1D,fcre,1.6,ensemble,188,Chla_ugL_mean,24.1428846531901
vera4cast,chlorocast_ens3,2026-10-19 00:00:00,2026-10-04 00:00:00,P1D,fcre,1.6,ensemble,188,Chla_ugL_mean,24.0740092706791
vera4cast,chlorocast_ens3,2026-10-20 00:00:00,2026-10-04 00:00:00,P1D,fcre,1.6,ensemble,188,Chla_ugL_mean,23.9310891193703
vera4cast,chlorocast_ens3,2026-10-21 00:00:00,2026-10-04 00:00:00,P1D,fcre,1.6,ensemble,188,Chla_ugL_mean,23.845614642544
vera4cast,chlorocast_ens3,2026-10-22 00:00:00,2026-10-04 00:00:00,P1D,fcre,1.6,ensemble,188,Chla_ugL_mean,23.5709066398412
vera4cast,chlorocast_ens3,2026-10-23 00:00:00,2026-10-04 00:00:00,P1D,fcre,1.6,ensemble,188,Chla_ugL_mean,23.4294537847636
vera4cast,chlorocast_ens3,2026-10-24 00:00:00,2026-10-04 00:00:00,P1D,fcre,1.6,ensemble,188,Chla_ugL_mean,23.7268350734325
vera4cast,chlorocast_ens3,2026-10-25 00:00:00,2026-10-04 00:00:00,P1D,fcre,1.6,ensemble,188,Chla_ugL_mean,23.7670368805257
vera4cast,chlorocast_ens3,2026-10-26 00:00:00,2026-10-04 00:00:00,P1D,fcre,1.6,ensemble,188,Chla_ugL_mean,23.8960985212267
vera4cast,chlorocast_ens3,2026-10-27 00:00:00,2026-10-04 00:00:00,P1D,fcre,1.6,ensemble,188,Chla_ugL_mean,23.7654444917107
vera4cast,chlorocast_ens3,2026-10-28 00:00:00,2026-10-04 00:00:00,P1D,fcre,1.6,ensemble,188,Chla_ugL_mean,24.1769887309579
vera4cast,chlorocast_ens3,2026-10-29 00:00:00,2026-10-04 00:00:00,P1D,fcre,1.6,ensemble,188,Chla_ugL_mean,24.5027432423453
vera4cast,chlorocast_ens3,2026-10-30 00:00:00,2026-10-04 00:00:00,P1D,fcre,1.6,ensemble,188,Chla_ugL_mean,24.8310995805155
vera4cast,chlorocast_ens3,2026-10-31 00:00:00,2026-10-04 00:00:00,P1D,fcre,1.6,ensemble,188,Chla_ugL_mean,25.1005278850435
vera4cast,chlorocast_ens3,2026-11-01 00:00:00,2026-10-04 00:00:00,P1D,fcre,1.6,ensemble,188,Chla_ugL_mean,25.4365098060828
vera4cast,chlorocast_ens3,2026-11-02 00:00:00,2026-10-04 00:00:00,P1D,fcre,1.6,ensemble,188,Chla_ugL_mean,25.6408028244658
vera4cast,chlorocast_ens3,2026-11-03 00:00:00,2026-10-04 00:00:00,P1D,fcre,1.6,ensemble,188,Chla_ugL_mean,25.6349460260857
vera4cast,chlorocast_ens3,2026-11-04 00:00:00,2026-10-04 00:00:00,P1D,fcre,1.6,ensemble,188,Chla_ugL_mean,26.1162683687807
vera4cast,chlorocast_ens3,2026-11-05 00:00:00,2026-10-04 00:00:00,P1D,fcre,1.6,ensemble,188,Chla_ugL_mean,26.455931395804
vera4cast,chlorocast_ens3,2026-11-06 00:00:00,2026-10-04 00:00:00,P1D,fcre,1.6,ensemble,188,Chla_ugL_mean,27.2710346338432
vera4cast,chlorocast_ens3,2026-11-07 00:00:00,2026-10-04 00:00:00,P1D,fcre,1.6,ensemble,188,Chla_ugL_mean,27.0919513734093
vera4cast,chlorocast_ens3,2026-11-08 00:00:00,2026-10-04 00:00:00,P1D,fcre,1.6,ensemble,188,Chla_ugL_mean,28.1030758820827
vera4cast,chlorocast_ens3,2026-10-05 00:00:00,2026-10-04 00:00:00,P1D,fcre,1.6,ensemble,189,Chla_ugL_mean,25.4480651980071
vera4cast,chlorocast_ens3,2026-10-06 00:00:00,2026-10-04 00:00:00,P1D,fcre,1.6,ensemble,189,Chla_ugL_mean,25.7103703602283
vera4cast,chlorocast_ens3,2026-10-07 00:00:00,2026-10-04 00:00:00,P1D,fcre,1.6,ensemble,189,Chla_ugL_mean,25.2351332782974
vera4cast,chlorocast_ens3,2026-10-08 00:00:00,2026-10-04 00:00:00,P1D,fcre,1.6,ensemble,189,Chla_ugL_mean,25.3286445756683
vera4cast,chlorocast_ens3,2026-10-09 00:00:00,2026-10-04 00:00:00,P1D,fcre,1.6,ensemble,189,Chla_ugL_mean,25.5284489585726
vera4cast,chlorocast_ens3,2026-10-10 00:00:00,2026-10-04 00:00:00,P1D,fcre,1.6,ensemble,189,Chla_ugL_mean,25.1446040456012
vera4cast,chlorocast_ens3,2026-10-11 00:00:00,2026-10-04 00:00:00,P1D,fcre,1.6,ensemble,189,Chla_ugL_mean,24.9621007253252
vera4cast,chlorocast_ens3,2026-10-12 00:00:00,2026-10-04 00:00:00,P1D,fcre,1.6,ensemble,189,Chla_ugL_mean,24.803769949261
vera4cast,chlorocast_ens3,2026-10-13 00:00:00,2026-10-04 00:00:00,P1D,fcre,1.6,ensemble,189,Chla_ugL_mean,24.7311192684593
vera4cast,chlorocast_ens3,2026-10-14 00:00:00,2026-10-04 00:00:00,P1D,fcre,1.6,ensemble,189,Chla_ugL_mean,24.7807405558972
vera4cast,chlorocast_ens3,2026-10-15 00:00:00,2026-10-04 00:00:00,P1D,fcre,1.6,ensemble,189,Chla_ugL_mean,24.798263868901
vera4cast,chlorocast_ens3,2026-10-16 00:00:00,2026-10-04 00:00:00,P1D,fcre,1.6,ensemble,189,Chla_ugL_mean,25.220226782159
vera4cast,chlorocast_ens3,2026-10-17 00:00:00,2026-10-04 00:00:00,P1D,fcre,1.6,ensemble,189,Chla_ugL_mean,25.0104499430374
vera4cast,chlorocast_ens3,2026-10-18 00:00:00,2026-10-04 00:00:00,P1D,fcre,1.6,ensemble,189,Chla_ugL_mean,24.8906660403872
vera4cast,chlorocast_ens3,2026-10-19 00:00:00,2026-10-04 00:00:00,P1D,fcre,1.6,ensemble,189,Chla_ugL_mean,24.8191484120574
vera4cast,chlorocast_ens3,2026-10-20 00:00:00,2026-10-04 00:00:00,P1D,fcre,1.6,ensemble,189,Chla_ugL_mean,24.6680317802448
vera4cast,chlorocast_ens3,2026-10-21 00:00:00,2026-10-04 00:00:00,P1D,fcre,1.6,ensemble,189,Chla_ugL_mean,24.5760306770263
vera4cast,chlorocast_ens3,2026-10-22 00:00:00,2026-10-04 00:00:00,P1D,fcre,1.6,ensemble,189,Chla_ugL_mean,24.2910179929524
vera4cast,chlorocast_ens3,2026-10-23 00:00:00,2026-10-04 00:00:00,P1D,fcre,1.6,ensemble,189,Chla_ugL_mean,24.1451207294192
vera4cast,chlorocast_ens3,2026-10-24 00:00:00,2026-10-04 00:00:00,P1D,fcre,1.6,ensemble,189,Chla_ugL_mean,24.4589932758659
vera4cast,chlorocast_ens3,2026-10-25 00:00:00,2026-10-04 00:00:00,P1D,fcre,1.6,ensemble,189,Chla_ugL_mean,24.4981290838339
vera4cast,chlorocast_ens3,2026-10-26 00:00:00,2026-10-04 00:00:00,P1D,fcre,1.6,ensemble,189,Chla_ugL_mean,24.6284284829661
vera4cast,chlorocast_ens3,2026-10-27 00:00:00,2026-10-04 00:00:00,P1D,fcre,1.6,ensemble,189,Chla_ugL_mean,24.4859965826001
vera4cast,chlorocast_ens3,2026-10-28 00:00:00,2026-10-04 00:00:00,P1D,fcre,1.6,ensemble,189,Chla_ugL_mean,24.914742832032
vera4cast,chlorocast_ens3,2026-10-29 00:00:00,2026-10-04 00:00:00,P1D,fcre,1.6,ensemble,189,Chla_ugL_mean,25.2553760949797
vera4cast,chlorocast_ens3,2026-10-30 00:00:00,2026-10-04 00:00:00,P1D,fcre,1.6,ensemble,189,Chla_ugL_mean,25.601046976093
vera4cast,chlorocast_ens3,2026-10-31 00:00:00,2026-10-04 00:00:00,P1D,fcre,1.6,ensemble,189,Chla_ugL_mean,25.8785114567806
vera4cast,chlorocast_ens3,2026-11-01 00:00:00,2026-10-04 00:00:00,P1D,fcre,1.6,ensemble,189,Chla_ugL_mean,26.2264648007537
vera4cast,chlorocast_ens3,2026-11-02 00:00:00,2026-10-04 00:00:00,P1D,fcre,1.6,ensemble,189,Chla_ugL_mean,26.4364143458875
vera4cast,chlorocast_ens3,2026-11-03 00:00:00,2026-10-04 00:00:00,P1D,fcre,1.6,ensemble,189,Chla_ugL_mean,26.4222796608746
vera4cast,chlorocast_ens3,2026-11-04 00:00:00,2026-10-04 00:00:00,P1D,fcre,1.6,ensemble,189,Chla_ugL_mean,26.925180233932
vera4cast,chlorocast_ens3,2026-11-05 00:00:00,2026-10-04 00:00:00,P1D,fcre,1.6,ensemble,189,Chla_ugL_mean,27.2673014999366
vera4cast,chlorocast_ens3,2026-11-06 00:00:00,2026-10-04 00:00:00,P1D,fcre,1.6,ensemble,189,Chla_ugL_mean,28.1172981462107
vera4cast,chlorocast_ens3,2026-11-07 00:00:00,2026-10-04 00:00:00,P1D,fcre,1.6,ensemble,189,Chla_ugL_mean,27.9081352162616
vera4cast,chlorocast_ens3,2026-11-08 00:00:00,2026-10-04 00:00:00,P1D,fcre,1.6,ensemble,189,Chla_ugL_mean,28.9633437621013
vera4cast,chlorocast_ens3,2026-10-05 00:00:00,2026-10-04 00:00:00,P1D,fcre,1.6,ensemble,190,Chla_ugL_mean,26.2636762059172
vera4cast,chlorocast_ens3,2026-10-06 00:00:00,2026-10-04 00:00:00,P1D,fcre,1.6,ensemble,190,Chla_ugL_mean,26.5470338354618
vera4cast,chlorocast_ens3,2026-10-07 00:00:00,2026-10-04 00:00:00,P1D,fcre,1.6,ensemble,190,Chla_ugL_mean,26.0533990691919
vera4cast,chlorocast_ens3,2026-10-08 00:00:00,2026-10-04 00:00:00,P1D,fcre,1.6,ensemble,190,Chla_ugL_mean,26.1593733142875
vera4cast,chlorocast_ens3,2026-10-09 00:00:00,2026-10-04 00:00:00,P1D,fcre,1.6,ensemble,190,Chla_ugL_mean,26.3745635448804
vera4cast,chlorocast_ens3,2026-10-10 00:00:00,2026-10-04 00:00:00,P1D,fcre,1.6,ensemble,190,Chla_ugL_mean,25.9787704847509
vera4cast,chlorocast_ens3,2026-10-11 00:00:00,2026-10-04 00:00:00,P1D,fcre,1.6,ensemble,190,Chla_ugL_mean,25.7909398881329
vera4cast,chlorocast_ens3,2026-10-12 00:00:00,2026-10-04 00:00:00,P1D,fcre,1.6,ensemble,190,Chla_ugL_mean,25.6287920266123
vera4cast,chlorocast_ens3,2026-10-13 00:00:00,2026-10-04 00:00:00,P1D,fcre,1.6,ensemble,190,Chla_ugL_mean,25.5491681474898
vera4cast,chlorocast_ens3,2026-10-14 00:00:00,2026-10-04 00:00:00,P1D,fcre,1.6,ensemble,190,Chla_ugL_mean,25.5995991339561
vera4cast,chlorocast_ens3,2026-10-15 00:00:00,2026-10-04 00:00:00,P1D,fcre,1.6,ensemble,190,Chla_ugL_mean,25.6187469569005
vera4cast,chlorocast_ens3,2026-10-16 00:00:00,2026-10-04 00:00:00,P1D,fcre,1.6,ensemble,190,Chla_ugL_mean,26.067202425171
vera4cast,chlorocast_ens3,2026-10-17 00:00:00,2026-10-04 00:00:00,P1D,fcre,1.6,ensemble,190,Chla_ugL_mean,25.8493635540769
vera4cast,chlorocast_ens3,2026-10-18 00:00:00,2026-10-04 00:00:00,P1D,fcre,1.6,ensemble,190,Chla_ugL_mean,25.7222361231722
vera4cast,chlorocast_ens3,2026-10-19 00:00:00,2026-10-04 00:00:00,P1D,fcre,1.6,ensemble,190,Chla_ugL_mean,25.6477603718802
vera4cast,chlorocast_ens3,2026-10-20 00:00:00,2026-10-04 00:00:00,P1D,fcre,1.6,ensemble,190,Chla_ugL_mean,25.4873979878736
vera4cast,chlorocast_ens3,2026-10-21 00:00:00,2026-10-04 00:00:00,P1D,fcre,1.6,ensemble,190,Chla_ugL_mean,25.3880082467577
vera4cast,chlorocast_ens3,2026-10-22 00:00:00,2026-10-04 00:00:00,P1D,fcre,1.6,ensemble,190,Chla_ugL_mean,25.0914668719911
vera4cast,chlorocast_ens3,2026-10-23 00:00:00,2026-10-04 00:00:00,P1D,fcre,1.6,ensemble,190,Chla_ugL_mean,24.9406195421154
vera4cast,chlorocast_ens3,2026-10-24 00:00:00,2026-10-04 00:00:00,P1D,fcre,1.6,ensemble,190,Chla_ugL_mean,25.2730815687761
vera4cast,chlorocast_ens3,2026-10-25 00:00:00,2026-10-04 00:00:00,P1D,fcre,1.6,ensemble,190,Chla_ugL_mean,25.3109573031961
vera4cast,chlorocast_ens3,2026-10-26 00:00:00,2026-10-04 00:00:00,P1D,fcre,1.6,ensemble,190,Chla_ugL_mean,25.4425478930749
vera4cast,chlorocast_ens3,2026-10-27 00:00:00,2026-10-04 00:00:00,P1D,fcre,1.6,ensemble,190,Chla_ugL_mean,25.2867635113871
vera4cast,chlorocast_ens3,2026-10-28 00:00:00,2026-10-04 00:00:00,P1D,fcre,1.6,ensemble,190,Chla_ugL_mean,25.7347987827248
vera4cast,chlorocast_ens3,2026-10-29 00:00:00,2026-10-04 00:00:00,P1D,fcre,1.6,ensemble,190,Chla_ugL_mean,26.0921473572194
vera4cast,chlorocast_ens3,2026-10-30 00:00:00,2026-10-04 00:00:00,P1D,fcre,1.6,ensemble,190,Chla_ugL_mean,26.4573235795589
vera4cast,chlorocast_ens3,2026-10-31 00:00:00,2026-10-04 00:00:00,P1D,fcre,1.6,ensemble,190,Chla_ugL_mean,26.7437254590647
vera4cast,chlorocast_ens3,2026-11-01 00:00:00,2026-10-04 00:00:00,P1D,fcre,1.6,ensemble,190,Chla_ugL_mean,27.1050581598162
vera4cast,chlorocast_ens3,2026-11-02 00:00:00,2026-10-04 00:00:00,P1D,fcre,1.6,ensemble,190,Chla_ugL_mean,27.321283909929
vera4cast,chlorocast_ens3,2026-11-03 00:00:00,2026-10-04 00:00:00,P1D,fcre,1.6,ensemble,190,Chla_ugL_mean,27.297673708921
vera4cast,chlorocast_ens3,2026-11-04 00:00:00,2026-10-04 00:00:00,P1D,fcre,1.6,ensemble,190,Chla_ugL_mean,27.824812162319
vera4cast,chlorocast_ens3,2026-11-05 00:00:00,2026-10-04 00:00:00,P1D,fcre,1.6,ensemble,190,Chla_ugL_mean,28.1694127111015
vera4cast,chlorocast_ens3,2026-11-06 00:00:00,2026-10-04 00:00:00,P1D,fcre,1.6,ensemble,190,Chla_ugL_mean,29.0585683289299
vera4cast,chlorocast_ens3,2026-11-07 00:00:00,2026-10-04 00:00:00,P1D,fcre,1.6,ensemble,190,Chla_ugL_mean,28.8151424003672
vera4cast,chlorocast_ens3,2026-11-08 00:00:00,2026-10-04 00:00:00,P1D,fcre,1.6,ensemble,190,Chla_ugL_mean,29.919828686381
vera4cast,chlorocast_ens3,2026-10-05 00:00:00,2026-10-04 00:00:00,P1D,fcre,1.6,ensemble,191,Chla_ugL_mean,27.1798342053777
vera4cast,chlorocast_ens3,2026-10-06 00:00:00,2026-10-04 00:00:00,P1D,fcre,1.6,ensemble,191,Chla_ugL_mean,27.4873018128624
vera4cast,chlorocast_ens3,2026-10-07 00:00:00,2026-10-04 00:00:00,P1D,fcre,1.6,ensemble,191,Chla_ugL_mean,26.9728664979668
vera4cast,chlorocast_ens3,2026-10-08 00:00:00,2026-10-04 00:00:00,P1D,fcre,1.6,ensemble,191,Chla_ugL_mean,27.0931879452319
vera4cast,chlorocast_ens3,2026-10-09 00:00:00,2026-10-04 00:00:00,P1D,fcre,1.6,ensemble,191,Chla_ugL_mean,27.3260029793045
vera4cast,chlorocast_ens3,2026-10-10 00:00:00,2026-10-04 00:00:00,P1D,fcre,1.6,ensemble,191,Chla_ugL_mean,26.9167851531516
vera4cast,chlorocast_ens3,2026-10-11 00:00:00,2026-10-04 00:00:00,P1D,fcre,1.6,ensemble,191,Chla_ugL_mean,26.7229820816254
vera4cast,chlorocast_ens3,2026-10-12 00:00:00,2026-10-04 00:00:00,P1D,fcre,1.6,ensemble,191,Chla_ugL_mean,26.5565868931308
vera4cast,chlorocast_ens3,2026-10-13 00:00:00,2026-10-04 00:00:00,P1D,fcre,1.6,ensemble,191,Chla_ugL_mean,26.4689528731364
vera4cast,chlorocast_ens3,2026-10-14 00:00:00,2026-10-04 00:00:00,P1D,fcre,1.6,ensemble,191,Chla_ugL_mean,26.5202664934924
vera4cast,chlorocast_ens3,2026-10-15 00:00:00,2026-10-04 00:00:00,P1D,fcre,1.6,ensemble,191,Chla_ugL_mean,26.5412794633975
vera4cast,chlorocast_ens3,2026-10-16 00:00:00,2026-10-04 00:00:00,P1D,fcre,1.6,ensemble,191,Chla_ugL_mean,27.0200032404551
vera4cast,chlorocast_ens3,2026-10-17 00:00:00,2026-10-04 00:00:00,P1D,fcre,1.6,ensemble,191,Chla_ugL_mean,26.7930478231155
vera4cast,chlorocast_ens3,2026-10-18 00:00:00,2026-10-04 00:00:00,P1D,fcre,1.6,ensemble,191,Chla_ugL_mean,26.6575325025471
vera4cast,chlorocast_ens3,2026-10-19 00:00:00,2026-10-04 00:00:00,P1D,fcre,1.6,ensemble,191,Chla_ugL_mean,26.5797054946397
vera4cast,chlorocast_ens3,2026-10-20 00:00:00,2026-10-04 00:00:00,P1D,fcre,1.6,ensemble,191,Chla_ugL_mean,26.4087846178911
vera4cast,chlorocast_ens3,2026-10-21 00:00:00,2026-10-04 00:00:00,P1D,fcre,1.6,ensemble,191,Chla_ugL_mean,26.3009253875701
vera4cast,chlorocast_ens3,2026-10-22 00:00:00,2026-10-04 00:00:00,P1D,fcre,1.6,ensemble,191,Chla_ugL_mean,25.9913327991355
vera4cast,chlorocast_ens3,2026-10-23 00:00:00,2026-10-04 00:00:00,P1D,fcre,1.6,ensemble,191,Chla_ugL_mean,25.83490862335
vera4cast,chlorocast_ens3,2026-10-24 00:00:00,2026-10-04 00:00:00,P1D,fcre,1.6,ensemble,191,Chla_ugL_mean,26.1885838984245
vera4cast,chlorocast_ens3,2026-10-25 00:00:00,2026-10-04 00:00:00,P1D,fcre,1.6,ensemble,191,Chla_ugL_mean,26.2249514522654
vera4cast,chlorocast_ens3,2026-10-26 00:00:00,2026-10-04 00:00:00,P1D,fcre,1.6,ensemble,191,Chla_ugL_mean,26.3578904298324
vera4cast,chlorocast_ens3,2026-10-27 00:00:00,2026-10-04 00:00:00,P1D,fcre,1.6,ensemble,191,Chla_ugL_mean,26.186777661397
vera4cast,chlorocast_ens3,2026-10-28 00:00:00,2026-10-04 00:00:00,P1D,fcre,1.6,ensemble,191,Chla_ugL_mean,26.6567022018575
vera4cast,chlorocast_ens3,2026-10-29 00:00:00,2026-10-04 00:00:00,P1D,fcre,1.6,ensemble,191,Chla_ugL_mean,27.0330574127785
vera4cast,chlorocast_ens3,2026-10-30 00:00:00,2026-10-04 00:00:00,P1D,fcre,1.6,ensemble,191,Chla_ugL_mean,27.4204775181452
vera4cast,chlorocast_ens3,2026-10-31 00:00:00,2026-10-04 00:00:00,P1D,fcre,1.6,ensemble,191,Chla_ugL_mean,27.7169325475223
vera4cast,chlorocast_ens3,2026-11-01 00:00:00,2026-10-04 00:00:00,P1D,fcre,1.6,ensemble,191,Chla_ugL_mean,28.0933946069817
vera4cast,chlorocast_ens3,2026-11-02 00:00:00,2026-10-04 00:00:00,P1D,fcre,1.6,ensemble,191,Chla_ugL_mean,28.3166621948283
vera4cast,chlorocast_ens3,2026-11-03 00:00:00,2026-10-04 00:00:00,P1D,fcre,1.6,ensemble,191,Chla_ugL_mean,28.2820653493903
vera4cast,chlorocast_ens3,2026-11-04 00:00:00,2026-10-04 00:00:00,P1D,fcre,1.6,ensemble,191,Chla_ugL_mean,28.8367597250856
vera4cast,chlorocast_ens3,2026-11-05 00:00:00,2026-10-04 00:00:00,P1D,fcre,1.6,ensemble,191,Chla_ugL_mean,29.1838387569384
vera4cast,chlorocast_ens3,2026-11-06 00:00:00,2026-10-04 00:00:00,P1D,fcre,1.6,ensemble,191,Chla_ugL_mean,30.1174715029461
vera4cast,chlorocast_ens3,2026-11-07 00:00:00,2026-10-04 00:00:00,P1D,fcre,1.6,ensemble,191,Chla_ugL_mean,29.8345184267426
vera4cast,chlorocast_ens3,2026-11-08 00:00:00,2026-10-04 00:00:00,P1D,fcre,1.6,ensemble,191,Chla_ugL_mean,30.9954070643669
vera4cast,chlorocast_ens3,2026-10-05 00:00:00,2026-10-04 00:00:00,P1D,fcre,1.6,ensemble,192,Chla_ugL_mean,28.2233473382814
vera4cast,chlorocast_ens3,2026-10-06 00:00:00,2026-10-04 00:00:00,P1D,fcre,1.6,ensemble,192,Chla_ugL_mean,28.5588529752599
vera4cast,chlorocast_ens3,2026-10-07 00:00:00,2026-10-04 00:00:00,P1D,fcre,1.6,ensemble,192,Chla_ugL_mean,28.0205573873413
vera4cast,chlorocast_ens3,2026-10-08 00:00:00,2026-10-04 00:00:00,P1D,fcre,1.6,ensemble,192,Chla_ugL_mean,28.1576545862148
vera4cast,chlorocast_ens3,2026-10-09 00:00:00,2026-10-04 00:00:00,P1D,fcre,1.6,ensemble,192,Chla_ugL_mean,28.4109718748191
vera4cast,chlorocast_ens3,2026-10-10 00:00:00,2026-10-04 00:00:00,P1D,fcre,1.6,ensemble,192,Chla_ugL_mean,27.9864585357077
vera4cast,chlorocast_ens3,2026-10-11 00:00:00,2026-10-04 00:00:00,P1D,fcre,1.6,ensemble,192,Chla_ugL_mean,27.7858671821871
vera4cast,chlorocast_ens3,2026-10-12 00:00:00,2026-10-04 00:00:00,P1D,fcre,1.6,ensemble,192,Chla_ugL_mean,27.6146846403845
vera4cast,chlorocast_ens3,2026-10-13 00:00:00,2026-10-04 00:00:00,P1D,fcre,1.6,ensemble,192,Chla_ugL_mean,27.5177054712294
vera4cast,chlorocast_ens3,2026-10-14 00:00:00,2026-10-04 00:00:00,P1D,fcre,1.6,ensemble,192,Chla_ugL_mean,27.5699908370807
vera4cast,chlorocast_ens3,2026-10-15 00:00:00,2026-10-04 00:00:00,P1D,fcre,1.6,ensemble,192,Chla_ugL_mean,27.5931786567397
vera4cast,chlorocast_ens3,2026-10-16 00:00:00,2026-10-04 00:00:00,P1D,fcre,1.6,ensemble,192,Chla_ugL_mean,28.1070154936015
vera4cast,chlorocast_ens3,2026-10-17 00:00:00,2026-10-04 00:00:00,P1D,fcre,1.6,ensemble,192,Chla_ugL_mean,27.8696004302722
vera4cast,chlorocast_ens3,2026-10-18 00:00:00,2026-10-04 00:00:00,P1D,fcre,1.6,ensemble,192,Chla_ugL_mean,27.724357370764
vera4cast,chlorocast_ens3,2026-10-19 00:00:00,2026-10-04 00:00:00,P1D,fcre,1.6,ensemble,192,Chla_ugL_mean,27.6426776763047
vera4cast,chlorocast_ens3,2026-10-20 00:00:00,2026-10-04 00:00:00,P1D,fcre,1.6,ensemble,192,Chla_ugL_mean,27.4595144478843
vera4cast,chlorocast_ens3,2026-10-21 00:00:00,2026-10-04 00:00:00,P1D,fcre,1.6,ensemble,192,Chla_ugL_mean,27.341796015656
vera4cast,chlorocast_ens3,2026-10-22 00:00:00,2026-10-04 00:00:00,P1D,fcre,1.6,ensemble,192,Chla_ugL_mean,27.0172114710145
vera4cast,chlorocast_ens3,2026-10-23 00:00:00,2026-10-04 00:00:00,P1D,fcre,1.6,ensemble,192,Chla_ugL_mean,26.8544145552305
vera4cast,chlorocast_ens3,2026-10-24 00:00:00,2026-10-04 00:00:00,P1D,fcre,1.6,ensemble,192,Chla_ugL_mean,27.2326667775308
vera4cast,chlorocast_ens3,2026-10-25 00:00:00,2026-10-04 00:00:00,P1D,fcre,1.6,ensemble,192,Chla_ugL_mean,27.267200580057
vera4cast,chlorocast_ens3,2026-10-26 00:00:00,2026-10-04 00:00:00,P1D,fcre,1.6,ensemble,192,Chla_ugL_mean,27.4015479804116
vera4cast,chlorocast_ens3,2026-10-27 00:00:00,2026-10-04 00:00:00,P1D,fcre,1.6,ensemble,192,Chla_ugL_mean,27.2125641705728
vera4cast,chlorocast_ens3,2026-10-28 00:00:00,2026-10-04 00:00:00,P1D,fcre,1.6,ensemble,192,Chla_ugL_mean,27.7076983847225
vera4cast,chlorocast_ens3,2026-10-29 00:00:00,2026-10-04 00:00:00,P1D,fcre,1.6,ensemble,192,Chla_ugL_mean,28.1059904898165
vera4cast,chlorocast_ens3,2026-10-30 00:00:00,2026-10-04 00:00:00,P1D,fcre,1.6,ensemble,192,Chla_ugL_mean,28.5191639615524
vera4cast,chlorocast_ens3,2026-10-31 00:00:00,2026-10-04 00:00:00,P1D,fcre,1.6,ensemble,192,Chla_ugL_mean,28.8270870652126
vera4cast,chlorocast_ens3,2026-11-01 00:00:00,2026-10-04 00:00:00,P1D,fcre,1.6,ensemble,192,Chla_ugL_mean,29.2209073904323
vera4cast,chlorocast_ens3,2026-11-02 00:00:00,2026-10-04 00:00:00,P1D,fcre,1.6,ensemble,192,Chla_ugL_mean,29.4521855715188
vera4cast,chlorocast_ens3,2026-11-03 00:00:00,2026-10-04 00:00:00,P1D,fcre,1.6,ensemble,192,Chla_ugL_mean,29.4046460915753
vera4cast,chlorocast_ens3,2026-11-04 00:00:00,2026-10-04 00:00:00,P1D,fcre,1.6,ensemble,192,Chla_ugL_mean,29.9911394228939
vera4cast,chlorocast_ens3,2026-11-05 00:00:00,2026-10-04 00:00:00,P1D,fcre,1.6,ensemble,192,Chla_ugL_mean,30.3406584308755
vera4cast,chlorocast_ens3,2026-11-06 00:00:00,2026-10-04 00:00:00,P1D,fcre,1.6,ensemble,192,Chla_ugL_mean,31.3255644135846
vera4cast,chlorocast_ens3,2026-11-07 00:00:00,2026-10-04 00:00:00,P1D,fcre,1.6,ensemble,192,Chla_ugL_mean,30.9962898659546
vera4cast,chlorocast_ens3,2026-11-08 00:00:00,2026-10-04 00:00:00,P1D,fcre,1.6,ensemble,192,Chla_ugL_mean,32.2219741402673
vera4cast,chlorocast_ens3,2026-10-05 00:00:00,2026-10-04 00:00:00,P1D,fcre,1.6,ensemble,193,Chla_ugL_mean,29.4330905893121
vera4cast,chlorocast_ens3,2026-10-06 00:00:00,2026-10-04 00:00:00,P1D,fcre,1.6,ensemble,193,Chla_ugL_mean,29.8018418909151
vera4cast,chlorocast_ens3,2026-10-07 00:00:00,2026-10-04 00:00:00,P1D,fcre,1.6,ensemble,193,Chla_ugL_mean,29.2356687402452
vera4cast,chlorocast_ens3,2026-10-08 00:00:00,2026-10-04 00:00:00,P1D,fcre,1.6,ensemble,193,Chla_ugL_mean,29.3927725821808
vera4cast,chlorocast_ens3,2026-10-09 00:00:00,2026-10-04 00:00:00,P1D,fcre,1.6,ensemble,193,Chla_ugL_mean,29.670408435771
vera4cast,chlorocast_ens3,2026-10-10 00:00:00,2026-10-04 00:00:00,P1D,fcre,1.6,ensemble,193,Chla_ugL_mean,29.2281571727622
vera4cast,chlorocast_ens3,2026-10-11 00:00:00,2026-10-04 00:00:00,P1D,fcre,1.6,ensemble,193,Chla_ugL_mean,29.0197147712564
vera4cast,chlorocast_ens3,2026-10-12 00:00:00,2026-10-04 00:00:00,P1D,fcre,1.6,ensemble,193,Chla_ugL_mean,28.8430471902667
vera4cast,chlorocast_ens3,2026-10-13 00:00:00,2026-10-04 00:00:00,P1D,fcre,1.6,ensemble,193,Chla_ugL_mean,28.7349488855916
vera4cast,chlorocast_ens3,2026-10-14 00:00:00,2026-10-04 00:00:00,P1D,fcre,1.6,ensemble,193,Chla_ugL_mean,28.7883175456108
vera4cast,chlorocast_ens3,2026-10-15 00:00:00,2026-10-04 00:00:00,P1D,fcre,1.6,ensemble,193,Chla_ugL_mean,28.8140916034868
vera4cast,chlorocast_ens3,2026-10-16 00:00:00,2026-10-04 00:00:00,P1D,fcre,1.6,ensemble,193,Chla_ugL_mean,29.3694559112086
vera4cast,chlorocast_ens3,2026-10-17 00:00:00,2026-10-04 00:00:00,P1D,fcre,1.6,ensemble,193,Chla_ugL_mean,29.1198172935655
vera4cast,chlorocast_ens3,2026-10-18 00:00:00,2026-10-04 00:00:00,P1D,fcre,1.6,ensemble,193,Chla_ugL_mean,28.9630728191875
vera4cast,chlorocast_ens3,2026-10-19 00:00:00,2026-10-04 00:00:00,P1D,fcre,1.6,ensemble,193,Chla_ugL_mean,28.8768808778424
vera4cast,chlorocast_ens3,2026-10-20 00:00:00,2026-10-04 00:00:00,P1D,fcre,1.6,ensemble,193,Chla_ugL_mean,28.6792466710968
vera4cast,chlorocast_ens3,2026-10-21 00:00:00,2026-10-04 00:00:00,P1D,fcre,1.6,ensemble,193,Chla_ugL_mean,28.5498249782361
vera4cast,chlorocast_ens3,2026-10-22 00:00:00,2026-10-04 00:00:00,P1D,fcre,1.6,ensemble,193,Chla_ugL_mean,28.2076974353475
vera4cast,chlorocast_ens3,2026-10-23 00:00:00,2026-10-04 00:00:00,P1D,fcre,1.6,ensemble,193,Chla_ugL_mean,28.0374860256511
vera4cast,chlorocast_ens3,2026-10-24 00:00:00,2026-10-04 00:00:00,P1D,fcre,1.6,ensemble,193,Chla_ugL_mean,28.4447644898327
vera4cast,chlorocast_ens3,2026-10-25 00:00:00,2026-10-04 00:00:00,P1D,fcre,1.6,ensemble,193,Chla_ugL_mean,28.477023102251
vera4cast,chlorocast_ens3,2026-10-26 00:00:00,2026-10-04 00:00:00,P1D,fcre,1.6,ensemble,193,Chla_ugL_mean,28.6128391985102
vera4cast,chlorocast_ens3,2026-10-27 00:00:00,2026-10-04 00:00:00,P1D,fcre,1.6,ensemble,193,Chla_ugL_mean,28.4026073872768
vera4cast,chlorocast_ens3,2026-10-28 00:00:00,2026-10-04 00:00:00,P1D,fcre,1.6,ensemble,193,Chla_ugL_mean,28.9273243691019
vera4cast,chlorocast_ens3,2026-10-29 00:00:00,2026-10-04 00:00:00,P1D,fcre,1.6,ensemble,193,Chla_ugL_mean,29.3514188995845
vera4cast,chlorocast_ens3,2026-10-30 00:00:00,2026-10-04 00:00:00,P1D,fcre,1.6,ensemble,193,Chla_ugL_mean,29.7949859331896
vera4cast,chlorocast_ens3,2026-10-31 00:00:00,2026-10-04 00:00:00,P1D,fcre,1.6,ensemble,193,Chla_ugL_mean,30.1162263987515
vera4cast,chlorocast_ens3,2026-11-01 00:00:00,2026-10-04 00:00:00,P1D,fcre,1.6,ensemble,193,Chla_ugL_mean,30.5303322202674
vera4cast,chlorocast_ens3,2026-11-02 00:00:00,2026-10-04 00:00:00,P1D,fcre,1.6,ensemble,193,Chla_ugL_mean,30.7708839829115
vera4cast,chlorocast_ens3,2026-11-03 00:00:00,2026-10-04 00:00:00,P1D,fcre,1.6,ensemble,193,Chla_ugL_mean,30.7077876452755
vera4cast,chlorocast_ens3,2026-11-04 00:00:00,2026-10-04 00:00:00,P1D,fcre,1.6,ensemble,193,Chla_ugL_mean,31.3316769270124
vera4cast,chlorocast_ens3,2026-11-05 00:00:00,2026-10-04 00:00:00,P1D,fcre,1.6,ensemble,193,Chla_ugL_mean,31.6835309901784
vera4cast,chlorocast_ens3,2026-11-06 00:00:00,2026-10-04 00:00:00,P1D,fcre,1.6,ensemble,193,Chla_ugL_mean,32.7286683008739
vera4cast,chlorocast_ens3,2026-11-07 00:00:00,2026-10-04 00:00:00,P1D,fcre,1.6,ensemble,193,Chla_ugL_mean,32.3440194590486
vera4cast,chlorocast_ens3,2026-11-08 00:00:00,2026-10-04 00:00:00,P1D,fcre,1.6,ensemble,193,Chla_ugL_mean,33.6458260801482
vera4cast,chlorocast_ens3,2026-10-05 00:00:00,2026-10-04 00:00:00,P1D,fcre,1.6,ensemble,194,Chla_ugL_mean,30.868414193858
vera4cast,chlorocast_ens3,2026-10-06 00:00:00,2026-10-04 00:00:00,P1D,fcre,1.6,ensemble,194,Chla_ugL_mean,31.2776019111867
vera4cast,chlorocast_ens3,2026-10-07 00:00:00,2026-10-04 00:00:00,P1D,fcre,1.6,ensemble,194,Chla_ugL_mean,30.6780633247719
vera4cast,chlorocast_ens3,2026-10-08 00:00:00,2026-10-04 00:00:00,P1D,fcre,1.6,ensemble,194,Chla_ugL_mean,30.8596520932873
vera4cast,chlorocast_ens3,2026-10-09 00:00:00,2026-10-04 00:00:00,P1D,fcre,1.6,ensemble,194,Chla_ugL_mean,31.1668785029992
vera4cast,chlorocast_ens3,2026-10-10 00:00:00,2026-10-04 00:00:00,P1D,fcre,1.6,ensemble,194,Chla_ugL_mean,30.703573922914
vera4cast,chlorocast_ens3,2026-10-11 00:00:00,2026-10-04 00:00:00,P1D,fcre,1.6,ensemble,194,Chla_ugL_mean,30.4858414413326
vera4cast,chlorocast_ens3,2026-10-12 00:00:00,2026-10-04 00:00:00,P1D,fcre,1.6,ensemble,194,Chla_ugL_mean,30.3027530933553
vera4cast,chlorocast_ens3,2026-10-13 00:00:00,2026-10-04 00:00:00,P1D,fcre,1.6,ensemble,194,Chla_ugL_mean,30.181079857971
vera4cast,chlorocast_ens3,2026-10-14 00:00:00,2026-10-04 00:00:00,P1D,fcre,1.6,ensemble,194,Chla_ugL_mean,30.2356758565545
vera4cast,chlorocast_ens3,2026-10-15 00:00:00,2026-10-04 00:00:00,P1D,fcre,1.6,ensemble,194,Chla_ugL_mean,30.2646054229136
vera4cast,chlorocast_ens3,2026-10-16 00:00:00,2026-10-04 00:00:00,P1D,fcre,1.6,ensemble,194,Chla_ugL_mean,30.8703415826636
vera4cast,chlorocast_ens3,2026-10-17 00:00:00,2026-10-04 00:00:00,P1D,fcre,1.6,ensemble,194,Chla_ugL_mean,30.6060690484383
vera4cast,chlorocast_ens3,2026-10-18 00:00:00,2026-10-04 00:00:00,P1D,fcre,1.6,ensemble,194,Chla_ugL_mean,30.4353779691509
vera4cast,chlorocast_ens3,2026-10-19 00:00:00,2026-10-04 00:00:00,P1D,fcre,1.6,ensemble,194,Chla_ugL_mean,30.3437709291092
vera4cast,chlorocast_ens3,2026-10-20 00:00:00,2026-10-04 00:00:00,P1D,fcre,1.6,ensemble,194,Chla_ugL_mean,30.1285940482983
vera4cast,chlorocast_ens3,2026-10-21 00:00:00,2026-10-04 00:00:00,P1D,fcre,1.6,ensemble,194,Chla_ugL_mean,29.9849202604519
vera4cast,chlorocast_ens3,2026-10-22 00:00:00,2026-10-04 00:00:00,P1D,fcre,1.6,ensemble,194,Chla_ugL_mean,29.621760338254
vera4cast,chlorocast_ens3,2026-10-23 00:00:00,2026-10-04 00:00:00,P1D,fcre,1.6,ensemble,194,Chla_ugL_mean,29.4427162539956
vera4cast,chlorocast_ens3,2026-10-24 00:00:00,2026-10-04 00:00:00,P1D,fcre,1.6,ensemble,194,Chla_ugL_mean,29.8851493453641
vera4cast,chlorocast_ens3,2026-10-25 00:00:00,2026-10-04 00:00:00,P1D,fcre,1.6,ensemble,194,Chla_ugL_mean,29.9145083410034
vera4cast,chlorocast_ens3,2026-10-26 00:00:00,2026-10-04 00:00:00,P1D,fcre,1.6,ensemble,194,Chla_ugL_mean,30.0518470902414
vera4cast,chlorocast_ens3,2026-10-27 00:00:00,2026-10-04 00:00:00,P1D,fcre,1.6,ensemble,194,Chla_ugL_mean,29.815695148558
vera4cast,chlorocast_ens3,2026-10-28 00:00:00,2026-10-04 00:00:00,P1D,fcre,1.6,ensemble,194,Chla_ugL_mean,30.375989547282
vera4cast,chlorocast_ens3,2026-10-29 00:00:00,2026-10-04 00:00:00,P1D,fcre,1.6,ensemble,194,Chla_ugL_mean,30.8311949724631
vera4cast,chlorocast_ens3,2026-10-30 00:00:00,2026-10-04 00:00:00,P1D,fcre,1.6,ensemble,194,Chla_ugL_mean,31.3115439936089
vera4cast,chlorocast_ens3,2026-10-31 00:00:00,2026-10-04 00:00:00,P1D,fcre,1.6,ensemble,194,Chla_ugL_mean,31.648615154929
vera4cast,chlorocast_ens3,2026-11-01 00:00:00,2026-10-04 00:00:00,P1D,fcre,1.6,ensemble,194,Chla_ugL_mean,32.0870064721766
vera4cast,chlorocast_ens3,2026-11-02 00:00:00,2026-10-04 00:00:00,P1D,fcre,1.6,ensemble,194,Chla_ugL_mean,32.338543457223
vera4cast,chlorocast_ens3,2026-11-03 00:00:00,2026-10-04 00:00:00,P1D,fcre,1.6,ensemble,194,Chla_ugL_mean,32.2562484897845
vera4cast,chlorocast_ens3,2026-11-04 00:00:00,2026-10-04 00:00:00,P1D,fcre,1.6,ensemble,194,Chla_ugL_mean,32.925219538035
vera4cast,chlorocast_ens3,2026-11-05 00:00:00,2026-10-04 00:00:00,P1D,fcre,1.6,ensemble,194,Chla_ugL_mean,33.2791821206425
vera4cast,chlorocast_ens3,2026-11-06 00:00:00,2026-10-04 00:00:00,P1D,fcre,1.6,ensemble,194,Chla_ugL_mean,34.3968418953419
vera4cast,chlorocast_ens3,2026-11-07 00:00:00,2026-10-04 00:00:00,P1D,fcre,1.6,ensemble,194,Chla_ugL_mean,33.9442497458989
vera4cast,chlorocast_ens3,2026-11-08 00:00:00,2026-10-04 00:00:00,P1D,fcre,1.6,ensemble,194,Chla_ugL_mean,35.3377192130178
vera4cast,chlorocast_ens3,2026-10-05 00:00:00,2026-10-04 00:00:00,P1D,fcre,1.6,ensemble,195,Chla_ugL_mean,32.6263493644202
vera4cast,chlorocast_ens3,2026-10-06 00:00:00,2026-10-04 00:00:00,P1D,fcre,1.6,ensemble,195,Chla_ugL_mean,33.0864620415701
vera4cast,chlorocast_ens3,2026-10-07 00:00:00,2026-10-04 00:00:00,P1D,fcre,1.6,ensemble,195,Chla_ugL_mean,32.4456495914311
vera4cast,chlorocast_ens3,2026-10-08 00:00:00,2026-10-04 00:00:00,P1D,fcre,1.6,ensemble,195,Chla_ugL_mean,32.6582831697005
vera4cast,chlorocast_ens3,2026-10-09 00:00:00,2026-10-04 00:00:00,P1D,fcre,1.6,ensemble,195,Chla_ugL_mean,33.002794036081
vera4cast,chlorocast_ens3,2026-10-10 00:00:00,2026-10-04 00:00:00,P1D,fcre,1.6,ensemble,195,Chla_ugL_mean,32.5136930909006
vera4cast,chlorocast_ens3,2026-10-11 00:00:00,2026-10-04 00:00:00,P1D,fcre,1.6,ensemble,195,Chla_ugL_mean,32.2846177837352
vera4cast,chlorocast_ens3,2026-10-12 00:00:00,2026-10-04 00:00:00,P1D,fcre,1.6,ensemble,195,Chla_ugL_mean,32.0937887706939
vera4cast,chlorocast_ens3,2026-10-13 00:00:00,2026-10-04 00:00:00,P1D,fcre,1.6,ensemble,195,Chla_ugL_mean,31.9549482409193
vera4cast,chlorocast_ens3,2026-10-14 00:00:00,2026-10-04 00:00:00,P1D,fcre,1.6,ensemble,195,Chla_ugL_mean,32.0109654382974
vera4cast,chlorocast_ens3,2026-10-15 00:00:00,2026-10-04 00:00:00,P1D,fcre,1.6,ensemble,195,Chla_ugL_mean,32.0438828706103
vera4cast,chlorocast_ens3,2026-10-16 00:00:00,2026-10-04 00:00:00,P1D,fcre,1.6,ensemble,195,Chla_ugL_mean,32.7128712436512
vera4cast,chlorocast_ens3,2026-10-17 00:00:00,2026-10-04 00:00:00,P1D,fcre,1.6,ensemble,195,Chla_ugL_mean,32.4304899985293
vera4cast,chlorocast_ens3,2026-10-18 00:00:00,2026-10-04 00:00:00,P1D,fcre,1.6,ensemble,195,Chla_ugL_mean,32.2422919526439
vera4cast,chlorocast_ens3,2026-10-19 00:00:00,2026-10-04 00:00:00,P1D,fcre,1.6,ensemble,195,Chla_ugL_mean,32.1439656761601
vera4cast,chlorocast_ens3,2026-10-20 00:00:00,2026-10-04 00:00:00,P1D,fcre,1.6,ensemble,195,Chla_ugL_mean,31.9067746768274
vera4cast,chlorocast_ens3,2026-10-21 00:00:00,2026-10-04 00:00:00,P1D,fcre,1.6,ensemble,195,Chla_ugL_mean,31.7451267776257
vera4cast,chlorocast_ens3,2026-10-22 00:00:00,2026-10-04 00:00:00,P1D,fcre,1.6,ensemble,195,Chla_ugL_mean,31.355898594469
vera4cast,chlorocast_ens3,2026-10-23 00:00:00,2026-10-04 00:00:00,P1D,fcre,1.6,ensemble,195,Chla_ugL_mean,31.165986217474
vera4cast,chlorocast_ens3,2026-10-24 00:00:00,2026-10-04 00:00:00,P1D,fcre,1.6,ensemble,195,Chla_ugL_mean,31.6524883362715
vera4cast,chlorocast_ens3,2026-10-25 00:00:00,2026-10-04 00:00:00,P1D,fcre,1.6,ensemble,195,Chla_ugL_mean,31.6780126501132
vera4cast,chlorocast_ens3,2026-10-26 00:00:00,2026-10-04 00:00:00,P1D,fcre,1.6,ensemble,195,Chla_ugL_mean,31.8169051078159
vera4cast,chlorocast_ens3,2026-10-27 00:00:00,2026-10-04 00:00:00,P1D,fcre,1.6,ensemble,195,Chla_ugL_mean,31.548003100458
vera4cast,chlorocast_ens3,2026-10-28 00:00:00,2026-10-04 00:00:00,P1D,fcre,1.6,ensemble,195,Chla_ugL_mean,32.152547764051
vera4cast,chlorocast_ens3,2026-10-29 00:00:00,2026-10-04 00:00:00,P1D,fcre,1.6,ensemble,195,Chla_ugL_mean,32.6465599507345
vera4cast,chlorocast_ens3,2026-10-30 00:00:00,2026-10-04 00:00:00,P1D,fcre,1.6,ensemble,195,Chla_ugL_mean,33.1729789433223
vera4cast,chlorocast_ens3,2026-10-31 00:00:00,2026-10-04 00:00:00,P1D,fcre,1.6,ensemble,195,Chla_ugL_mean,33.529481483125
vera4cast,chlorocast_ens3,2026-11-01 00:00:00,2026-10-04 00:00:00,P1D,fcre,1.6,ensemble,195,Chla_ugL_mean,33.9979246682362
vera4cast,chlorocast_ens3,2026-11-02 00:00:00,2026-10-04 00:00:00,P1D,fcre,1.6,ensemble,195,Chla_ugL_mean,34.2628909745469
vera4cast,chlorocast_ens3,2026-11-03 00:00:00,2026-10-04 00:00:00,P1D,fcre,1.6,ensemble,195,Chla_ugL_mean,34.1560330519485
vera4cast,chlorocast_ens3,2026-11-04 00:00:00,2026-10-04 00:00:00,P1D,fcre,1.6,ensemble,195,Chla_ugL_mean,34.8812276160145
vera4cast,chlorocast_ens3,2026-11-05 00:00:00,2026-10-04 00:00:00,P1D,fcre,1.6,ensemble,195,Chla_ugL_mean,35.2368352665733
vera4cast,chlorocast_ens3,2026-11-06 00:00:00,2026-10-04 00:00:00,P1D,fcre,1.6,ensemble,195,Chla_ugL_mean,36.4448187547254
vera4cast,chlorocast_ens3,2026-11-07 00:00:00,2026-10-04 00:00:00,P1D,fcre,1.6,ensemble,195,Chla_ugL_mean,35.9058373787047
vera4cast,chlorocast_ens3,2026-11-08 00:00:00,2026-10-04 00:00:00,P1D,fcre,1.6,ensemble,195,Chla_ugL_mean,37.4134758451013
vera4cast,chlorocast_ens3,2026-10-05 00:00:00,2026-10-04 00:00:00,P1D,fcre,1.6,ensemble,196,Chla_ugL_mean,34.8815145507836
vera4cast,chlorocast_ens3,2026-10-06 00:00:00,2026-10-04 00:00:00,P1D,fcre,1.6,ensemble,196,Chla_ugL_mean,35.4090939638819
vera4cast,chlorocast_ens3,2026-10-07 00:00:00,2026-10-04 00:00:00,P1D,fcre,1.6,ensemble,196,Chla_ugL_mean,34.714708400587
vera4cast,chlorocast_ens3,2026-10-08 00:00:00,2026-10-04 00:00:00,P1D,fcre,1.6,ensemble,196,Chla_ugL_mean,34.9687828152621
vera4cast,chlorocast_ens3,2026-10-09 00:00:00,2026-10-04 00:00:00,P1D,fcre,1.6,ensemble,196,Chla_ugL_mean,35.3627202102697
vera4cast,chlorocast_ens3,2026-10-10 00:00:00,2026-10-04 00:00:00,P1D,fcre,1.6,ensemble,196,Chla_ugL_mean,34.8405097293672
vera4cast,chlorocast_ens3,2026-10-11 00:00:00,2026-10-04 00:00:00,P1D,fcre,1.6,ensemble,196,Chla_ugL_mean,34.5969374837324
vera4cast,chlorocast_ens3,2026-10-12 00:00:00,2026-10-04 00:00:00,P1D,fcre,1.6,ensemble,196,Chla_ugL_mean,34.3963672318567
vera4cast,chlorocast_ens3,2026-10-13 00:00:00,2026-10-04 00:00:00,P1D,fcre,1.6,ensemble,196,Chla_ugL_mean,34.2346749508025
vera4cast,chlorocast_ens3,2026-10-14 00:00:00,2026-10-04 00:00:00,P1D,fcre,1.6,ensemble,196,Chla_ugL_mean,34.2923897899581
vera4cast,chlorocast_ens3,2026-10-15 00:00:00,2026-10-04 00:00:00,P1D,fcre,1.6,ensemble,196,Chla_ugL_mean,34.3306115009188
vera4cast,chlorocast_ens3,2026-10-16 00:00:00,2026-10-04 00:00:00,P1D,fcre,1.6,ensemble,196,Chla_ugL_mean,35.0831306776608
vera4cast,chlorocast_ens3,2026-10-17 00:00:00,2026-10-04 00:00:00,P1D,fcre,1.6,ensemble,196,Chla_ugL_mean,34.7772342390242
vera4cast,chlorocast_ens3,2026-10-18 00:00:00,2026-10-04 00:00:00,P1D,fcre,1.6,ensemble,196,Chla_ugL_mean,34.5659250001799
vera4cast,chlorocast_ens3,2026-10-19 00:00:00,2026-10-04 00:00:00,P1D,fcre,1.6,ensemble,196,Chla_ugL_mean,34.4588456521124
vera4cast,chlorocast_ens3,2026-10-20 00:00:00,2026-10-04 00:00:00,P1D,fcre,1.6,ensemble,196,Chla_ugL_mean,34.1926043509688
vera4cast,chlorocast_ens3,2026-10-21 00:00:00,2026-10-04 00:00:00,P1D,fcre,1.6,ensemble,196,Chla_ugL_mean,34.0071043408064
vera4cast,chlorocast_ens3,2026-10-22 00:00:00,2026-10-04 00:00:00,P1D,fcre,1.6,ensemble,196,Chla_ugL_mean,33.5839624230567
vera4cast,chlorocast_ens3,2026-10-23 00:00:00,2026-10-04 00:00:00,P1D,fcre,1.6,ensemble,196,Chla_ugL_mean,33.380030678238
vera4cast,chlorocast_ens3,2026-10-24 00:00:00,2026-10-04 00:00:00,P1D,fcre,1.6,ensemble,196,Chla_ugL_mean,33.9246172150811
vera4cast,chlorocast_ens3,2026-10-25 00:00:00,2026-10-04 00:00:00,P1D,fcre,1.6,ensemble,196,Chla_ugL_mean,33.9447882621129
vera4cast,chlorocast_ens3,2026-10-26 00:00:00,2026-10-04 00:00:00,P1D,fcre,1.6,ensemble,196,Chla_ugL_mean,34.085197429919
vera4cast,chlorocast_ens3,2026-10-27 00:00:00,2026-10-04 00:00:00,P1D,fcre,1.6,ensemble,196,Chla_ugL_mean,33.7727461515703
vera4cast,chlorocast_ens3,2026-10-28 00:00:00,2026-10-04 00:00:00,P1D,fcre,1.6,ensemble,196,Chla_ugL_mean,34.4350915074914
vera4cast,chlorocast_ens3,2026-10-29 00:00:00,2026-10-04 00:00:00,P1D,fcre,1.6,ensemble,196,Chla_ugL_mean,34.9799632016531
vera4cast,chlorocast_ens3,2026-10-30 00:00:00,2026-10-04 00:00:00,P1D,fcre,1.6,ensemble,196,Chla_ugL_mean,35.5670465995593
vera4cast,chlorocast_ens3,2026-10-31 00:00:00,2026-10-04 00:00:00,P1D,fcre,1.6,ensemble,196,Chla_ugL_mean,35.9485416423827
vera4cast,chlorocast_ens3,2026-11-01 00:00:00,2026-10-04 00:00:00,P1D,fcre,1.6,ensemble,196,Chla_ugL_mean,36.4560085709272
vera4cast,chlorocast_ens3,2026-11-02 00:00:00,2026-10-04 00:00:00,P1D,fcre,1.6,ensemble,196,Chla_ugL_mean,36.7381642100423
vera4cast,chlorocast_ens3,2026-11-03 00:00:00,2026-10-04 00:00:00,P1D,fcre,1.6,ensemble,196,Chla_ugL_mean,36.5981880635177
vera4cast,chlorocast_ens3,2026-11-04 00:00:00,2026-10-04 00:00:00,P1D,fcre,1.6,ensemble,196,Chla_ugL_mean,37.3970546353079
vera4cast,chlorocast_ens3,2026-11-05 00:00:00,2026-10-04 00:00:00,P1D,fcre,1.6,ensemble,196,Chla_ugL_mean,37.7533362077837
vera4cast,chlorocast_ens3,2026-11-06 00:00:00,2026-10-04 00:00:00,P1D,fcre,1.6,ensemble,196,Chla_ugL_mean,39.0794908635277
vera4cast,chlorocast_ens3,2026-11-07 00:00:00,2026-10-04 00:00:00,P1D,fcre,1.6,ensemble,196,Chla_ugL_mean,38.4248243309164
vera4cast,chlorocast_ens3,2026-11-08 00:00:00,2026-10-04 00:00:00,P1D,fcre,1.6,ensemble,196,Chla_ugL_mean,40.0818367517811
vera4cast,chlorocast_ens3,2026-10-05 00:00:00,2026-10-04 00:00:00,P1D,fcre,1.6,ensemble,197,Chla_ugL_mean,37.9974034513982
vera4cast,chlorocast_ens3,2026-10-06 00:00:00,2026-10-04 00:00:00,P1D,fcre,1.6,ensemble,197,Chla_ugL_mean,38.6218978944597
vera4cast,chlorocast_ens3,2026-10-07 00:00:00,2026-10-04 00:00:00,P1D,fcre,1.6,ensemble,197,Chla_ugL_mean,37.8524100620861
vera4cast,chlorocast_ens3,2026-10-08 00:00:00,2026-10-04 00:00:00,P1D,fcre,1.6,ensemble,197,Chla_ugL_mean,38.166539516228
vera4cast,chlorocast_ens3,2026-10-09 00:00:00,2026-10-04 00:00:00,P1D,fcre,1.6,ensemble,197,Chla_ugL_mean,38.6315369120409
vera4cast,chlorocast_ens3,2026-10-10 00:00:00,2026-10-04 00:00:00,P1D,fcre,1.6,ensemble,197,Chla_ugL_mean,38.0635513293108
vera4cast,chlorocast_ens3,2026-10-11 00:00:00,2026-10-04 00:00:00,P1D,fcre,1.6,ensemble,197,Chla_ugL_mean,37.8000433468384
vera4cast,chlorocast_ens3,2026-10-12 00:00:00,2026-10-04 00:00:00,P1D,fcre,1.6,ensemble,197,Chla_ugL_mean,37.5863420012233
vera4cast,chlorocast_ens3,2026-10-13 00:00:00,2026-10-04 00:00:00,P1D,fcre,1.6,ensemble,197,Chla_ugL_mean,37.3916376751057
vera4cast,chlorocast_ens3,2026-10-14 00:00:00,2026-10-04 00:00:00,P1D,fcre,1.6,ensemble,197,Chla_ugL_mean,37.4514802302641
vera4cast,chlorocast_ens3,2026-10-15 00:00:00,2026-10-04 00:00:00,P1D,fcre,1.6,ensemble,197,Chla_ugL_mean,37.4973576793619
vera4cast,chlorocast_ens3,2026-10-16 00:00:00,2026-10-04 00:00:00,P1D,fcre,1.6,ensemble,197,Chla_ugL_mean,38.3694362187416
vera4cast,chlorocast_ens3,2026-10-17 00:00:00,2026-10-04 00:00:00,P1D,fcre,1.6,ensemble,197,Chla_ugL_mean,38.0305552691027
vera4cast,chlorocast_ens3,2026-10-18 00:00:00,2026-10-04 00:00:00,P1D,fcre,1.6,ensemble,197,Chla_ugL_mean,37.7861802456666
vera4cast,chlorocast_ens3,2026-10-19 00:00:00,2026-10-04 00:00:00,P1D,fcre,1.6,ensemble,197,Chla_ugL_mean,37.6667755087825
vera4cast,chlorocast_ens3,2026-10-20 00:00:00,2026-10-04 00:00:00,P1D,fcre,1.6,ensemble,197,Chla_ugL_mean,37.3589904945658
vera4cast,chlorocast_ens3,2026-10-21 00:00:00,2026-10-04 00:00:00,P1D,fcre,1.6,ensemble,197,Chla_ugL_mean,37.1391567305158
vera4cast,chlorocast_ens3,2026-10-22 00:00:00,2026-10-04 00:00:00,P1D,fcre,1.6,ensemble,197,Chla_ugL_mean,36.6683385369345
vera4cast,chlorocast_ens3,2026-10-23 00:00:00,2026-10-04 00:00:00,P1D,fcre,1.6,ensemble,197,Chla_ugL_mean,36.444903225453
vera4cast,chlorocast_ens3,2026-10-24 00:00:00,2026-10-04 00:00:00,P1D,fcre,1.6,ensemble,197,Chla_ugL_mean,37.0724336742776
vera4cast,chlorocast_ens3,2026-10-25 00:00:00,2026-10-04 00:00:00,P1D,fcre,1.6,ensemble,197,Chla_ugL_mean,37.0844548184324
vera4cast,chlorocast_ens3,2026-10-26 00:00:00,2026-10-04 00:00:00,P1D,fcre,1.6,ensemble,197,Chla_ugL_mean,37.2261326068892
vera4cast,chlorocast_ens3,2026-10-27 00:00:00,2026-10-04 00:00:00,P1D,fcre,1.6,ensemble,197,Chla_ugL_mean,36.8508477894093
vera4cast,chlorocast_ens3,2026-10-28 00:00:00,2026-10-04 00:00:00,P1D,fcre,1.6,ensemble,197,Chla_ugL_mean,37.5948471949297
vera4cast,chlorocast_ens3,2026-10-29 00:00:00,2026-10-04 00:00:00,P1D,fcre,1.6,ensemble,197,Chla_ugL_mean,38.2118570488202
vera4cast,chlorocast_ens3,2026-10-30 00:00:00,2026-10-04 00:00:00,P1D,fcre,1.6,ensemble,197,Chla_ugL_mean,38.8854741298704
vera4cast,chlorocast_ens3,2026-10-31 00:00:00,2026-10-04 00:00:00,P1D,fcre,1.6,ensemble,197,Chla_ugL_mean,39.301613144008
vera4cast,chlorocast_ens3,2026-11-01 00:00:00,2026-10-04 00:00:00,P1D,fcre,1.6,ensemble,197,Chla_ugL_mean,39.8638175795668
vera4cast,chlorocast_ens3,2026-11-02 00:00:00,2026-10-04 00:00:00,P1D,fcre,1.6,ensemble,197,Chla_ugL_mean,40.1696560453486
vera4cast,chlorocast_ens3,2026-11-03 00:00:00,2026-10-04 00:00:00,P1D,fcre,1.6,ensemble,197,Chla_ugL_mean,39.9811283996552
vera4cast,chlorocast_ens3,2026-11-04 00:00:00,2026-10-04 00:00:00,P1D,fcre,1.6,ensemble,197,Chla_ugL_mean,40.8844700849521
vera4cast,chlorocast_ens3,2026-11-05 00:00:00,2026-10-04 00:00:00,P1D,fcre,1.6,ensemble,197,Chla_ugL_mean,41.2391870487902
vera4cast,chlorocast_ens3,2026-11-06 00:00:00,2026-10-04 00:00:00,P1D,fcre,1.6,ensemble,197,Chla_ugL_mean,42.7326098174349
vera4cast,chlorocast_ens3,2026-11-07 00:00:00,2026-10-04 00:00:00,P1D,fcre,1.6,ensemble,197,Chla_ugL_mean,41.9096678886132
vera4cast,chlorocast_ens3,2026-11-08 00:00:00,2026-10-04 00:00:00,P1D,fcre,1.6,ensemble,197,Chla_ugL_mean,43.7781158708761
vera4cast,chlorocast_ens3,2026-10-05 00:00:00,2026-10-04 00:00:00,P1D,fcre,1.6,ensemble,198,Chla_ugL_mean,42.9485437777207
vera4cast,chlorocast_ens3,2026-10-06 00:00:00,2026-10-04 00:00:00,P1D,fcre,1.6,ensemble,198,Chla_ugL_mean,43.7351137022167
vera4cast,chlorocast_ens3,2026-10-07 00:00:00,2026-10-04 00:00:00,P1D,fcre,1.6,ensemble,198,Chla_ugL_mean,42.8439230874833
vera4cast,chlorocast_ens3,2026-10-08 00:00:00,2026-10-04 00:00:00,P1D,fcre,1.6,ensemble,198,Chla_ugL_mean,43.2595999771728
vera4cast,chlorocast_ens3,2026-10-09 00:00:00,2026-10-04 00:00:00,P1D,fcre,1.6,ensemble,198,Chla_ugL_mean,43.8435807310234
vera4cast,chlorocast_ens3,2026-10-10 00:00:00,2026-10-04 00:00:00,P1D,fcre,1.6,ensemble,198,Chla_ugL_mean,43.2027963487073
vera4cast,chlorocast_ens3,2026-10-11 00:00:00,2026-10-04 00:00:00,P1D,fcre,1.6,ensemble,198,Chla_ugL_mean,42.9078176295615
vera4cast,chlorocast_ens3,2026-10-12 00:00:00,2026-10-04 00:00:00,P1D,fcre,1.6,ensemble,198,Chla_ugL_mean,42.673971334147
vera4cast,chlorocast_ens3,2026-10-13 00:00:00,2026-10-04 00:00:00,P1D,fcre,1.6,ensemble,198,Chla_ugL_mean,42.423655157487
vera4cast,chlorocast_ens3,2026-10-14 00:00:00,2026-10-04 00:00:00,P1D,fcre,1.6,ensemble,198,Chla_ugL_mean,42.4864008902775
vera4cast,chlorocast_ens3,2026-10-15 00:00:00,2026-10-04 00:00:00,P1D,fcre,1.6,ensemble,198,Chla_ugL_mean,42.5451602383521
vera4cast,chlorocast_ens3,2026-10-16 00:00:00,2026-10-04 00:00:00,P1D,fcre,1.6,ensemble,198,Chla_ugL_mean,43.616325023185
vera4cast,chlorocast_ens3,2026-10-17 00:00:00,2026-10-04 00:00:00,P1D,fcre,1.6,ensemble,198,Chla_ugL_mean,43.2239456966382
vera4cast,chlorocast_ens3,2026-10-18 00:00:00,2026-10-04 00:00:00,P1D,fcre,1.6,ensemble,198,Chla_ugL_mean,42.9245380775439
vera4cast,chlorocast_ens3,2026-10-19 00:00:00,2026-10-04 00:00:00,P1D,fcre,1.6,ensemble,198,Chla_ugL_mean,42.7850399116127
vera4cast,chlorocast_ens3,2026-10-20 00:00:00,2026-10-04 00:00:00,P1D,fcre,1.6,ensemble,198,Chla_ugL_mean,42.4081560330421
vera4cast,chlorocast_ens3,2026-10-21 00:00:00,2026-10-04 00:00:00,P1D,fcre,1.6,ensemble,198,Chla_ugL_mean,42.130743675729
vera4cast,chlorocast_ens3,2026-10-22 00:00:00,2026-10-04 00:00:00,P1D,fcre,1.6,ensemble,198,Chla_ugL_mean,41.5823739148598
vera4cast,chlorocast_ens3,2026-10-23 00:00:00,2026-10-04 00:00:00,P1D,fcre,1.6,ensemble,198,Chla_ugL_mean,41.3276552411741
vera4cast,chlorocast_ens3,2026-10-24 00:00:00,2026-10-04 00:00:00,P1D,fcre,1.6,ensemble,198,Chla_ugL_mean,42.0928831347803
vera4cast,chlorocast_ens3,2026-10-25 00:00:00,2026-10-04 00:00:00,P1D,fcre,1.6,ensemble,198,Chla_ugL_mean,42.0903006072858
vera4cast,chlorocast_ens3,2026-10-26 00:00:00,2026-10-04 00:00:00,P1D,fcre,1.6,ensemble,198,Chla_ugL_mean,42.2321803513403
vera4cast,chlorocast_ens3,2026-10-27 00:00:00,2026-10-04 00:00:00,P1D,fcre,1.6,ensemble,198,Chla_ugL_mean,41.751220530986
vera4cast,chlorocast_ens3,2026-10-28 00:00:00,2026-10-04 00:00:00,P1D,fcre,1.6,ensemble,198,Chla_ugL_mean,42.6288930292215
vera4cast,chlorocast_ens3,2026-10-29 00:00:00,2026-10-04 00:00:00,P1D,fcre,1.6,ensemble,198,Chla_ugL_mean,43.364623382569
vera4cast,chlorocast_ens3,2026-10-30 00:00:00,2026-10-04 00:00:00,P1D,fcre,1.6,ensemble,198,Chla_ugL_mean,44.1817040158165
vera4cast,chlorocast_ens3,2026-10-31 00:00:00,2026-10-04 00:00:00,P1D,fcre,1.6,ensemble,198,Chla_ugL_mean,44.6531388569754
vera4cast,chlorocast_ens3,2026-11-01 00:00:00,2026-10-04 00:00:00,P1D,fcre,1.6,ensemble,198,Chla_ugL_mean,45.3041215221678
vera4cast,chlorocast_ens3,2026-11-02 00:00:00,2026-10-04 00:00:00,P1D,fcre,1.6,ensemble,198,Chla_ugL_mean,45.6474436443528
vera4cast,chlorocast_ens3,2026-11-03 00:00:00,2026-10-04 00:00:00,P1D,fcre,1.6,ensemble,198,Chla_ugL_mean,45.3756331989481
vera4cast,chlorocast_ens3,2026-11-04 00:00:00,2026-10-04 00:00:00,P1D,fcre,1.6,ensemble,198,Chla_ugL_mean,46.4508805906118
vera4cast,chlorocast_ens3,2026-11-05 00:00:00,2026-10-04 00:00:00,P1D,fcre,1.6,ensemble,198,Chla_ugL_mean,46.7976296956463
vera4cast,chlorocast_ens3,2026-11-06 00:00:00,2026-10-04 00:00:00,P1D,fcre,1.6,ensemble,198,Chla_ugL_mean,48.5656142857136
vera4cast,chlorocast_ens3,2026-11-07 00:00:00,2026-10-04 00:00:00,P1D,fcre,1.6,ensemble,198,Chla_ugL_mean,47.4567765753028
vera4cast,chlorocast_ens3,2026-11-08 00:00:00,2026-10-04 00:00:00,P1D,fcre,1.6,ensemble,198,Chla_ugL_mean,49.6722598239379
vera4cast,chlorocast_ens3,2026-10-05 00:00:00,2026-10-04 00:00:00,P1D,fcre,1.6,ensemble,199,Chla_ugL_mean,54.5607942422006
vera4cast,chlorocast_ens3,2026-10-06 00:00:00,2026-10-04 00:00:00,P1D,fcre,1.6,ensemble,199,Chla_ugL_mean,55.7610669890237
vera4cast,chlorocast_ens3,2026-10-07 00:00:00,2026-10-04 00:00:00,P1D,fcre,1.6,ensemble,199,Chla_ugL_mean,54.5745912062359
vera4cast,chlorocast_ens3,2026-10-08 00:00:00,2026-10-04 00:00:00,P1D,fcre,1.6,ensemble,199,Chla_ugL_mean,55.2539413142144
vera4cast,chlorocast_ens3,2026-10-09 00:00:00,2026-10-04 00:00:00,P1D,fcre,1.6,ensemble,199,Chla_ugL_mean,56.1423566907561
vera4cast,chlorocast_ens3,2026-10-10 00:00:00,2026-10-04 00:00:00,P1D,fcre,1.6,ensemble,199,Chla_ugL_mean,55.3305766944144
vera4cast,chlorocast_ens3,2026-10-11 00:00:00,2026-10-04 00:00:00,P1D,fcre,1.6,ensemble,199,Chla_ugL_mean,54.9626574723583
vera4cast,chlorocast_ens3,2026-10-12 00:00:00,2026-10-04 00:00:00,P1D,fcre,1.6,ensemble,199,Chla_ugL_mean,54.6845841500135
vera4cast,chlorocast_ens3,2026-10-13 00:00:00,2026-10-04 00:00:00,P1D,fcre,1.6,ensemble,199,Chla_ugL_mean,54.2906246476529
vera4cast,chlorocast_ens3,2026-10-14 00:00:00,2026-10-04 00:00:00,P1D,fcre,1.6,ensemble,199,Chla_ugL_mean,54.3581803043134
vera4cast,chlorocast_ens3,2026-10-15 00:00:00,2026-10-04 00:00:00,P1D,fcre,1.6,ensemble,199,Chla_ugL_mean,54.4501515909688
vera4cast,chlorocast_ens3,2026-10-16 00:00:00,2026-10-04 00:00:00,P1D,fcre,1.6,ensemble,199,Chla_ugL_mean,56.0264304512071
vera4cast,chlorocast_ens3,2026-10-17 00:00:00,2026-10-04 00:00:00,P1D,fcre,1.6,ensemble,199,Chla_ugL_mean,55.5040192511501
vera4cast,chlorocast_ens3,2026-10-18 00:00:00,2026-10-04 00:00:00,P1D,fcre,1.6,ensemble,199,Chla_ugL_mean,55.0650832043905
vera4cast,chlorocast_ens3,2026-10-19 00:00:00,2026-10-04 00:00:00,P1D,fcre,1.6,ensemble,199,Chla_ugL_mean,54.8763268113769
vera4cast,chlorocast_ens3,2026-10-20 00:00:00,2026-10-04 00:00:00,P1D,fcre,1.6,ensemble,199,Chla_ugL_mean,54.3244468301109
vera4cast,chlorocast_ens3,2026-10-21 00:00:00,2026-10-04 00:00:00,P1D,fcre,1.6,ensemble,199,Chla_ugL_mean,53.8993428070711
vera4cast,chlorocast_ens3,2026-10-22 00:00:00,2026-10-04 00:00:00,P1D,fcre,1.6,ensemble,199,Chla_ugL_mean,53.1615888521407
vera4cast,chlorocast_ens3,2026-10-23 00:00:00,2026-10-04 00:00:00,P1D,fcre,1.6,ensemble,199,Chla_ugL_mean,52.8322792694931
vera4cast,chlorocast_ens3,2026-10-24 00:00:00,2026-10-04 00:00:00,P1D,fcre,1.6,ensemble,199,Chla_ugL_mean,53.9451417493206
vera4cast,chlorocast_ens3,2026-10-25 00:00:00,2026-10-04 00:00:00,P1D,fcre,1.6,ensemble,199,Chla_ugL_mean,53.9013813521612
vera4cast,chlorocast_ens3,2026-10-26 00:00:00,2026-10-04 00:00:00,P1D,fcre,1.6,ensemble,199,Chla_ugL_mean,54.0361422883783
vera4cast,chlorocast_ens3,2026-10-27 00:00:00,2026-10-04 00:00:00,P1D,fcre,1.6,ensemble,199,Chla_ugL_mean,53.282977817873
vera4cast,chlorocast_ens3,2026-10-28 00:00:00,2026-10-04 00:00:00,P1D,fcre,1.6,ensemble,199,Chla_ugL_mean,54.4905432670008
vera4cast,chlorocast_ens3,2026-10-29 00:00:00,2026-10-04 00:00:00,P1D,fcre,1.6,ensemble,199,Chla_ugL_mean,55.5218330647174
vera4cast,chlorocast_ens3,2026-10-30 00:00:00,2026-10-04 00:00:00,P1D,fcre,1.6,ensemble,199,Chla_ugL_mean,56.7003790909281
vera4cast,chlorocast_ens3,2026-10-31 00:00:00,2026-10-04 00:00:00,P1D,fcre,1.6,ensemble,199,Chla_ugL_mean,57.302532511002
vera4cast,chlorocast_ens3,2026-11-01 00:00:00,2026-10-04 00:00:00,P1D,fcre,1.6,ensemble,199,Chla_ugL_mean,58.1692871312862
vera4cast,chlorocast_ens3,2026-11-02 00:00:00,2026-10-04 00:00:00,P1D,fcre,1.6,ensemble,199,Chla_ugL_mean,58.5998940718731
vera4cast,chlorocast_ens3,2026-11-03 00:00:00,2026-10-04 00:00:00,P1D,fcre,1.6,ensemble,199,Chla_ugL_mean,58.1070208739761
vera4cast,chlorocast_ens3,2026-11-04 00:00:00,2026-10-04 00:00:00,P1D,fcre,1.6,ensemble,199,Chla_ugL_mean,59.6101666122957
vera4cast,chlorocast_ens3,2026-11-05 00:00:00,2026-10-04 00:00:00,P1D,fcre,1.6,ensemble,199,Chla_ugL_mean,59.9152313622683
vera4cast,chlorocast_ens3,2026-11-06 00:00:00,2026-10-04 00:00:00,P1D,fcre,1.6,ensemble,199,Chla_ugL_mean,62.3639621699114
vera4cast,chlorocast_ens3,2026-11-07 00:00:00,2026-10-04 00:00:00,P1D,fcre,1.6,ensemble,199,Chla_ugL_mean,60.5071228556392
vera4cast,chlorocast_ens3,2026-11-08 00:00:00,2026-10-04 00:00:00,P1D,fcre,1.6,ensemble,199,Chla_ugL_mean,63.5827571781133
