project_id,model_id,datetime,reference_datetime,duration,site_id,depth_m,family,parameter,variable,prediction
vera4cast,chlorocast_timesfm,2026-09-30 00:00:00,2026-09-29 00:00:00,P1D,fcre,1.6,ensemble,1,Chla_ugL_mean,1.19650335684511
vera4cast,chlorocast_timesfm,2026-10-01 00:00:00,2026-09-29 00:00:00,P1D,fcre,1.6,ensemble,1,Chla_ugL_mean,1.11477911954337
vera4cast,chlorocast_timesfm,2026-10-02 00:00:00,2026-09-29 00:00:00,P1D,fcre,1.6,ensemble,1,Chla_ugL_mean,1.07266703276094
vera4cast,chlorocast_timesfm,2026-10-03 00:00:00,2026-09-29 00:00:00,P1D,fcre,1.6,ensemble,1,Chla_ugL_mean,1.01374102118322
vera4cast,chlorocast_timesfm,2026-10-04 00:00:00,2026-09-29 00:00:00,P1D,fcre,1.6,ensemble,1,Chla_ugL_mean,0.931875668400123
vera4cast,chlorocast_timesfm,2026-10-05 00:00:00,2026-09-29 00:00:00,P1D,fcre,1.6,ensemble,1,Chla_ugL_mean,0.85516904822575
vera4cast,chlorocast_timesfm,2026-10-06 00:00:00,2026-09-29 00:00:00,P1D,fcre,1.6,ensemble,1,Chla_ugL_mean,0.849065466959912
vera4cast,chlorocast_timesfm,2026-10-07 00:00:00,2026-09-29 00:00:00,P1D,fcre,1.6,ensemble,1,Chla_ugL_mean,0.776279358346567
vera4cast,chlorocast_timesfm,2026-10-08 00:00:00,2026-09-29 00:00:00,P1D,fcre,1.6,ensemble,1,Chla_ugL_mean,0.757141691918239
vera4cast,chlorocast_timesfm,2026-10-09 00:00:00,2026-09-29 00:00:00,P1D,fcre,1.6,ensemble,1,Chla_ugL_mean,0.663179129466037
vera4cast,chlorocast_timesfm,2026-10-10 00:00:00,2026-09-29 00:00:00,P1D,fcre,1.6,ensemble,1,Chla_ugL_mean,0.611011926462051
vera4cast,chlorocast_timesfm,2026-10-11 00:00:00,2026-09-29 00:00:00,P1D,fcre,1.6,ensemble,1,Chla_ugL_mean,0.583187605414644
vera4cast,chlorocast_timesfm,2026-10-12 00:00:00,2026-09-29 00:00:00,P1D,fcre,1.6,ensemble,1,Chla_ugL_mean,0.572756440049188
vera4cast,chlorocast_timesfm,2026-10-13 00:00:00,2026-09-29 00:00:00,P1D,fcre,1.6,ensemble,1,Chla_ugL_mean,0.573381107096168
vera4cast,chlorocast_timesfm,2026-10-14 00:00:00,2026-09-29 00:00:00,P1D,fcre,1.6,ensemble,1,Chla_ugL_mean,0.560116902760712
vera4cast,chlorocast_timesfm,2026-10-15 00:00:00,2026-09-29 00:00:00,P1D,fcre,1.6,ensemble,1,Chla_ugL_mean,0.588146384790684
vera4cast,chlorocast_timesfm,2026-10-16 00:00:00,2026-09-29 00:00:00,P1D,fcre,1.6,ensemble,1,Chla_ugL_mean,0.498644138135376
vera4cast,chlorocast_timesfm,2026-10-17 00:00:00,2026-09-29 00:00:00,P1D,fcre,1.6,ensemble,1,Chla_ugL_mean,0.597889951619575
vera4cast,chlorocast_timesfm,2026-10-18 00:00:00,2026-09-29 00:00:00,P1D,fcre,1.6,ensemble,1,Chla_ugL_mean,0.563614810838822
vera4cast,chlorocast_timesfm,2026-10-19 00:00:00,2026-09-29 00:00:00,P1D,fcre,1.6,ensemble,1,Chla_ugL_mean,0.52049158091467
vera4cast,chlorocast_timesfm,2026-10-20 00:00:00,2026-09-29 00:00:00,P1D,fcre,1.6,ensemble,1,Chla_ugL_mean,0.537606065885165
vera4cast,chlorocast_timesfm,2026-10-21 00:00:00,2026-09-29 00:00:00,P1D,fcre,1.6,ensemble,1,Chla_ugL_mean,0.5036275462436
vera4cast,chlorocast_timesfm,2026-10-22 00:00:00,2026-09-29 00:00:00,P1D,fcre,1.6,ensemble,1,Chla_ugL_mean,0.477552086188505
vera4cast,chlorocast_timesfm,2026-10-23 00:00:00,2026-09-29 00:00:00,P1D,fcre,1.6,ensemble,1,Chla_ugL_mean,0.473752023695221
vera4cast,chlorocast_timesfm,2026-10-24 00:00:00,2026-09-29 00:00:00,P1D,fcre,1.6,ensemble,1,Chla_ugL_mean,0.462149670451412
vera4cast,chlorocast_timesfm,2026-10-25 00:00:00,2026-09-29 00:00:00,P1D,fcre,1.6,ensemble,1,Chla_ugL_mean,0.422145488131501
vera4cast,chlorocast_timesfm,2026-10-26 00:00:00,2026-09-29 00:00:00,P1D,fcre,1.6,ensemble,1,Chla_ugL_mean,0.416857351816033
vera4cast,chlorocast_timesfm,2026-10-27 00:00:00,2026-09-29 00:00:00,P1D,fcre,1.6,ensemble,1,Chla_ugL_mean,0.389879558111545
vera4cast,chlorocast_timesfm,2026-10-28 00:00:00,2026-09-29 00:00:00,P1D,fcre,1.6,ensemble,1,Chla_ugL_mean,0.387352770829135
vera4cast,chlorocast_timesfm,2026-10-29 00:00:00,2026-09-29 00:00:00,P1D,fcre,1.6,ensemble,1,Chla_ugL_mean,0.392989587638461
vera4cast,chlorocast_timesfm,2026-10-30 00:00:00,2026-09-29 00:00:00,P1D,fcre,1.6,ensemble,1,Chla_ugL_mean,0.361355845066735
vera4cast,chlorocast_timesfm,2026-10-31 00:00:00,2026-09-29 00:00:00,P1D,fcre,1.6,ensemble,1,Chla_ugL_mean,0.387936321867474
vera4cast,chlorocast_timesfm,2026-11-01 00:00:00,2026-09-29 00:00:00,P1D,fcre,1.6,ensemble,1,Chla_ugL_mean,0.423819972570695
vera4cast,chlorocast_timesfm,2026-11-02 00:00:00,2026-09-29 00:00:00,P1D,fcre,1.6,ensemble,1,Chla_ugL_mean,0.406431917313776
vera4cast,chlorocast_timesfm,2026-11-03 00:00:00,2026-09-29 00:00:00,P1D,fcre,1.6,ensemble,1,Chla_ugL_mean,0.405776808370657
vera4cast,chlorocast_timesfm,2026-09-30 00:00:00,2026-09-29 00:00:00,P1D,fcre,1.6,ensemble,2,Chla_ugL_mean,1.73273700819135
vera4cast,chlorocast_timesfm,2026-10-01 00:00:00,2026-09-29 00:00:00,P1D,fcre,1.6,ensemble,2,Chla_ugL_mean,1.64511598083671
vera4cast,chlorocast_timesfm,2026-10-02 00:00:00,2026-09-29 00:00:00,P1D,fcre,1.6,ensemble,2,Chla_ugL_mean,1.60243799400217
vera4cast,chlorocast_timesfm,2026-10-03 00:00:00,2026-09-29 00:00:00,P1D,fcre,1.6,ensemble,2,Chla_ugL_mean,1.5437844688474
vera4cast,chlorocast_timesfm,2026-10-04 00:00:00,2026-09-29 00:00:00,P1D,fcre,1.6,ensemble,2,Chla_ugL_mean,1.45526796878623
vera4cast,chlorocast_timesfm,2026-10-05 00:00:00,2026-09-29 00:00:00,P1D,fcre,1.6,ensemble,2,Chla_ugL_mean,1.3696645553351
vera4cast,chlorocast_timesfm,2026-10-06 00:00:00,2026-09-29 00:00:00,P1D,fcre,1.6,ensemble,2,Chla_ugL_mean,1.36563029883439
vera4cast,chlorocast_timesfm,2026-10-07 00:00:00,2026-09-29 00:00:00,P1D,fcre,1.6,ensemble,2,Chla_ugL_mean,1.28400772618228
vera4cast,chlorocast_timesfm,2026-10-08 00:00:00,2026-09-29 00:00:00,P1D,fcre,1.6,ensemble,2,Chla_ugL_mean,1.26346650190204
vera4cast,chlorocast_timesfm,2026-10-09 00:00:00,2026-09-29 00:00:00,P1D,fcre,1.6,ensemble,2,Chla_ugL_mean,1.16173743480441
vera4cast,chlorocast_timesfm,2026-10-10 00:00:00,2026-09-29 00:00:00,P1D,fcre,1.6,ensemble,2,Chla_ugL_mean,1.10021120866227
vera4cast,chlorocast_timesfm,2026-10-11 00:00:00,2026-09-29 00:00:00,P1D,fcre,1.6,ensemble,2,Chla_ugL_mean,1.06976798501013
vera4cast,chlorocast_timesfm,2026-10-12 00:00:00,2026-09-29 00:00:00,P1D,fcre,1.6,ensemble,2,Chla_ugL_mean,1.05863384180805
vera4cast,chlorocast_timesfm,2026-10-13 00:00:00,2026-09-29 00:00:00,P1D,fcre,1.6,ensemble,2,Chla_ugL_mean,1.06486486425012
vera4cast,chlorocast_timesfm,2026-10-14 00:00:00,2026-09-29 00:00:00,P1D,fcre,1.6,ensemble,2,Chla_ugL_mean,1.05516033638974
vera4cast,chlorocast_timesfm,2026-10-15 00:00:00,2026-09-29 00:00:00,P1D,fcre,1.6,ensemble,2,Chla_ugL_mean,1.08970399586092
vera4cast,chlorocast_timesfm,2026-10-16 00:00:00,2026-09-29 00:00:00,P1D,fcre,1.6,ensemble,2,Chla_ugL_mean,0.989853003503042
vera4cast,chlorocast_timesfm,2026-10-17 00:00:00,2026-09-29 00:00:00,P1D,fcre,1.6,ensemble,2,Chla_ugL_mean,1.10495239302911
vera4cast,chlorocast_timesfm,2026-10-18 00:00:00,2026-09-29 00:00:00,P1D,fcre,1.6,ensemble,2,Chla_ugL_mean,1.06778453510474
vera4cast,chlorocast_timesfm,2026-10-19 00:00:00,2026-09-29 00:00:00,P1D,fcre,1.6,ensemble,2,Chla_ugL_mean,1.01972846323135
vera4cast,chlorocast_timesfm,2026-10-20 00:00:00,2026-09-29 00:00:00,P1D,fcre,1.6,ensemble,2,Chla_ugL_mean,1.04080124114775
vera4cast,chlorocast_timesfm,2026-10-21 00:00:00,2026-09-29 00:00:00,P1D,fcre,1.6,ensemble,2,Chla_ugL_mean,1.00321801535824
vera4cast,chlorocast_timesfm,2026-10-22 00:00:00,2026-09-29 00:00:00,P1D,fcre,1.6,ensemble,2,Chla_ugL_mean,0.971030590359282
vera4cast,chlorocast_timesfm,2026-10-23 00:00:00,2026-09-29 00:00:00,P1D,fcre,1.6,ensemble,2,Chla_ugL_mean,0.965683003119633
vera4cast,chlorocast_timesfm,2026-10-24 00:00:00,2026-09-29 00:00:00,P1D,fcre,1.6,ensemble,2,Chla_ugL_mean,0.951408711914034
vera4cast,chlorocast_timesfm,2026-10-25 00:00:00,2026-09-29 00:00:00,P1D,fcre,1.6,ensemble,2,Chla_ugL_mean,0.906655267934303
vera4cast,chlorocast_timesfm,2026-10-26 00:00:00,2026-09-29 00:00:00,P1D,fcre,1.6,ensemble,2,Chla_ugL_mean,0.901954885060923
vera4cast,chlorocast_timesfm,2026-10-27 00:00:00,2026-09-29 00:00:00,P1D,fcre,1.6,ensemble,2,Chla_ugL_mean,0.871396706401138
vera4cast,chlorocast_timesfm,2026-10-28 00:00:00,2026-09-29 00:00:00,P1D,fcre,1.6,ensemble,2,Chla_ugL_mean,0.86883879914349
vera4cast,chlorocast_timesfm,2026-10-29 00:00:00,2026-09-29 00:00:00,P1D,fcre,1.6,ensemble,2,Chla_ugL_mean,0.87501647825184
vera4cast,chlorocast_timesfm,2026-10-30 00:00:00,2026-09-29 00:00:00,P1D,fcre,1.6,ensemble,2,Chla_ugL_mean,0.837009819372923
vera4cast,chlorocast_timesfm,2026-10-31 00:00:00,2026-09-29 00:00:00,P1D,fcre,1.6,ensemble,2,Chla_ugL_mean,0.870117396834187
vera4cast,chlorocast_timesfm,2026-11-01 00:00:00,2026-09-29 00:00:00,P1D,fcre,1.6,ensemble,2,Chla_ugL_mean,0.913176779288929
vera4cast,chlorocast_timesfm,2026-11-02 00:00:00,2026-09-29 00:00:00,P1D,fcre,1.6,ensemble,2,Chla_ugL_mean,0.893139735510209
vera4cast,chlorocast_timesfm,2026-11-03 00:00:00,2026-09-29 00:00:00,P1D,fcre,1.6,ensemble,2,Chla_ugL_mean,0.892658664944266
vera4cast,chlorocast_timesfm,2026-09-30 00:00:00,2026-09-29 00:00:00,P1D,fcre,1.6,ensemble,3,Chla_ugL_mean,2.05463642000074
vera4cast,chlorocast_timesfm,2026-10-01 00:00:00,2026-09-29 00:00:00,P1D,fcre,1.6,ensemble,3,Chla_ugL_mean,1.96473531505335
vera4cast,chlorocast_timesfm,2026-10-02 00:00:00,2026-09-29 00:00:00,P1D,fcre,1.6,ensemble,3,Chla_ugL_mean,1.92262793193342
vera4cast,chlorocast_timesfm,2026-10-03 00:00:00,2026-09-29 00:00:00,P1D,fcre,1.6,ensemble,3,Chla_ugL_mean,1.86557697502565
vera4cast,chlorocast_timesfm,2026-10-04 00:00:00,2026-09-29 00:00:00,P1D,fcre,1.6,ensemble,3,Chla_ugL_mean,1.7744573655362
vera4cast,chlorocast_timesfm,2026-10-05 00:00:00,2026-09-29 00:00:00,P1D,fcre,1.6,ensemble,3,Chla_ugL_mean,1.68459783616119
vera4cast,chlorocast_timesfm,2026-10-06 00:00:00,2026-09-29 00:00:00,P1D,fcre,1.6,ensemble,3,Chla_ugL_mean,1.68220276320667
vera4cast,chlorocast_timesfm,2026-10-07 00:00:00,2026-09-29 00:00:00,P1D,fcre,1.6,ensemble,3,Chla_ugL_mean,1.59632833560271
vera4cast,chlorocast_timesfm,2026-10-08 00:00:00,2026-09-29 00:00:00,P1D,fcre,1.6,ensemble,3,Chla_ugL_mean,1.57533811729956
vera4cast,chlorocast_timesfm,2026-10-09 00:00:00,2026-09-29 00:00:00,P1D,fcre,1.6,ensemble,3,Chla_ugL_mean,1.47086824783902
vera4cast,chlorocast_timesfm,2026-10-10 00:00:00,2026-09-29 00:00:00,P1D,fcre,1.6,ensemble,3,Chla_ugL_mean,1.4042105381751
vera4cast,chlorocast_timesfm,2026-10-11 00:00:00,2026-09-29 00:00:00,P1D,fcre,1.6,ensemble,3,Chla_ugL_mean,1.37277040145894
vera4cast,chlorocast_timesfm,2026-10-12 00:00:00,2026-09-29 00:00:00,P1D,fcre,1.6,ensemble,3,Chla_ugL_mean,1.36147040573162
vera4cast,chlorocast_timesfm,2026-10-13 00:00:00,2026-09-29 00:00:00,P1D,fcre,1.6,ensemble,3,Chla_ugL_mean,1.37178997237276
vera4cast,chlorocast_timesfm,2026-10-14 00:00:00,2026-09-29 00:00:00,P1D,fcre,1.6,ensemble,3,Chla_ugL_mean,1.3651664042186
vera4cast,chlorocast_timesfm,2026-10-15 00:00:00,2026-09-29 00:00:00,P1D,fcre,1.6,ensemble,3,Chla_ugL_mean,1.40352566202147
vera4cast,chlorocast_timesfm,2026-10-16 00:00:00,2026-09-29 00:00:00,P1D,fcre,1.6,ensemble,3,Chla_ugL_mean,1.29925721274389
vera4cast,chlorocast_timesfm,2026-10-17 00:00:00,2026-09-29 00:00:00,P1D,fcre,1.6,ensemble,3,Chla_ugL_mean,1.4224886961486
vera4cast,chlorocast_timesfm,2026-10-18 00:00:00,2026-09-29 00:00:00,P1D,fcre,1.6,ensemble,3,Chla_ugL_mean,1.38441178260692
vera4cast,chlorocast_timesfm,2026-10-19 00:00:00,2026-09-29 00:00:00,P1D,fcre,1.6,ensemble,3,Chla_ugL_mean,1.33428897782291
vera4cast,chlorocast_timesfm,2026-10-20 00:00:00,2026-09-29 00:00:00,P1D,fcre,1.6,ensemble,3,Chla_ugL_mean,1.35766563953237
vera4cast,chlorocast_timesfm,2026-10-21 00:00:00,2026-09-29 00:00:00,P1D,fcre,1.6,ensemble,3,Chla_ugL_mean,1.31868557609412
vera4cast,chlorocast_timesfm,2026-10-22 00:00:00,2026-09-29 00:00:00,P1D,fcre,1.6,ensemble,3,Chla_ugL_mean,1.28293647088258
vera4cast,chlorocast_timesfm,2026-10-23 00:00:00,2026-09-29 00:00:00,P1D,fcre,1.6,ensemble,3,Chla_ugL_mean,1.27657830791527
vera4cast,chlorocast_timesfm,2026-10-24 00:00:00,2026-09-29 00:00:00,P1D,fcre,1.6,ensemble,3,Chla_ugL_mean,1.26075571892875
vera4cast,chlorocast_timesfm,2026-10-25 00:00:00,2026-09-29 00:00:00,P1D,fcre,1.6,ensemble,3,Chla_ugL_mean,1.21402616741965
vera4cast,chlorocast_timesfm,2026-10-26 00:00:00,2026-09-29 00:00:00,P1D,fcre,1.6,ensemble,3,Chla_ugL_mean,1.20998381960015
vera4cast,chlorocast_timesfm,2026-10-27 00:00:00,2026-09-29 00:00:00,P1D,fcre,1.6,ensemble,3,Chla_ugL_mean,1.17783472538025
vera4cast,chlorocast_timesfm,2026-10-28 00:00:00,2026-09-29 00:00:00,P1D,fcre,1.6,ensemble,3,Chla_ugL_mean,1.17535901547339
vera4cast,chlorocast_timesfm,2026-10-29 00:00:00,2026-09-29 00:00:00,P1D,fcre,1.6,ensemble,3,Chla_ugL_mean,1.18171050061917
vera4cast,chlorocast_timesfm,2026-10-30 00:00:00,2026-09-29 00:00:00,P1D,fcre,1.6,ensemble,3,Chla_ugL_mean,1.14020516825942
vera4cast,chlorocast_timesfm,2026-10-31 00:00:00,2026-09-29 00:00:00,P1D,fcre,1.6,ensemble,3,Chla_ugL_mean,1.17713964718335
vera4cast,chlorocast_timesfm,2026-11-01 00:00:00,2026-09-29 00:00:00,P1D,fcre,1.6,ensemble,3,Chla_ugL_mean,1.22413488714916
vera4cast,chlorocast_timesfm,2026-11-02 00:00:00,2026-09-29 00:00:00,P1D,fcre,1.6,ensemble,3,Chla_ugL_mean,1.2028155803492
vera4cast,chlorocast_timesfm,2026-11-03 00:00:00,2026-09-29 00:00:00,P1D,fcre,1.6,ensemble,3,Chla_ugL_mean,1.20249356884098
vera4cast,chlorocast_timesfm,2026-09-30 00:00:00,2026-09-29 00:00:00,P1D,fcre,1.6,ensemble,4,Chla_ugL_mean,2.30105814640239
vera4cast,chlorocast_timesfm,2026-10-01 00:00:00,2026-09-29 00:00:00,P1D,fcre,1.6,ensemble,4,Chla_ugL_mean,2.20997277101537
vera4cast,chlorocast_timesfm,2026-10-02 00:00:00,2026-09-29 00:00:00,P1D,fcre,1.6,ensemble,4,Chla_ugL_mean,2.16871000411772
vera4cast,chlorocast_timesfm,2026-10-03 00:00:00,2026-09-29 00:00:00,P1D,fcre,1.6,ensemble,4,Chla_ugL_mean,2.11353438989123
vera4cast,chlorocast_timesfm,2026-10-04 00:00:00,2026-09-29 00:00:00,P1D,fcre,1.6,ensemble,4,Chla_ugL_mean,2.02105319018302
vera4cast,chlorocast_timesfm,2026-10-05 00:00:00,2026-09-29 00:00:00,P1D,fcre,1.6,ensemble,4,Chla_ugL_mean,1.92843186567775
vera4cast,chlorocast_timesfm,2026-10-06 00:00:00,2026-09-29 00:00:00,P1D,fcre,1.6,ensemble,4,Chla_ugL_mean,1.92747361324447
vera4cast,chlorocast_timesfm,2026-10-07 00:00:00,2026-09-29 00:00:00,P1D,fcre,1.6,ensemble,4,Chla_ugL_mean,1.83883028753547
vera4cast,chlorocast_timesfm,2026-10-08 00:00:00,2026-09-29 00:00:00,P1D,fcre,1.6,ensemble,4,Chla_ugL_mean,1.81767862421238
vera4cast,chlorocast_timesfm,2026-10-09 00:00:00,2026-09-29 00:00:00,P1D,fcre,1.6,ensemble,4,Chla_ugL_mean,1.71200671025205
vera4cast,chlorocast_timesfm,2026-10-10 00:00:00,2026-09-29 00:00:00,P1D,fcre,1.6,ensemble,4,Chla_ugL_mean,1.64165134078665
vera4cast,chlorocast_timesfm,2026-10-11 00:00:00,2026-09-29 00:00:00,P1D,fcre,1.6,ensemble,4,Chla_ugL_mean,1.60971946542549
vera4cast,chlorocast_timesfm,2026-10-12 00:00:00,2026-09-29 00:00:00,P1D,fcre,1.6,ensemble,4,Chla_ugL_mean,1.59841354391531
vera4cast,chlorocast_timesfm,2026-10-13 00:00:00,2026-09-29 00:00:00,P1D,fcre,1.6,ensemble,4,Chla_ugL_mean,1.61220292653065
vera4cast,chlorocast_timesfm,2026-10-14 00:00:00,2026-09-29 00:00:00,P1D,fcre,1.6,ensemble,4,Chla_ugL_mean,1.60838455719062
vera4cast,chlorocast_timesfm,2026-10-15 00:00:00,2026-09-29 00:00:00,P1D,fcre,1.6,ensemble,4,Chla_ugL_mean,1.64961706610459
vera4cast,chlorocast_timesfm,2026-10-16 00:00:00,2026-09-29 00:00:00,P1D,fcre,1.6,ensemble,4,Chla_ugL_mean,1.54282868100343
vera4cast,chlorocast_timesfm,2026-10-17 00:00:00,2026-09-29 00:00:00,P1D,fcre,1.6,ensemble,4,Chla_ugL_mean,1.67161645152359
vera4cast,chlorocast_timesfm,2026-10-18 00:00:00,2026-09-29 00:00:00,P1D,fcre,1.6,ensemble,4,Chla_ugL_mean,1.6332393135768
vera4cast,chlorocast_timesfm,2026-10-19 00:00:00,2026-09-29 00:00:00,P1D,fcre,1.6,ensemble,4,Chla_ugL_mean,1.58196528689363
vera4cast,chlorocast_timesfm,2026-10-20 00:00:00,2026-09-29 00:00:00,P1D,fcre,1.6,ensemble,4,Chla_ugL_mean,1.60706883302975
vera4cast,chlorocast_timesfm,2026-10-21 00:00:00,2026-09-29 00:00:00,P1D,fcre,1.6,ensemble,4,Chla_ugL_mean,1.56739030036937
vera4cast,chlorocast_timesfm,2026-10-22 00:00:00,2026-09-29 00:00:00,P1D,fcre,1.6,ensemble,4,Chla_ugL_mean,1.52897006491639
vera4cast,chlorocast_timesfm,2026-10-23 00:00:00,2026-09-29 00:00:00,P1D,fcre,1.6,ensemble,4,Chla_ugL_mean,1.52179984611267
vera4cast,chlorocast_timesfm,2026-10-24 00:00:00,2026-09-29 00:00:00,P1D,fcre,1.6,ensemble,4,Chla_ugL_mean,1.50482050785726
vera4cast,chlorocast_timesfm,2026-10-25 00:00:00,2026-09-29 00:00:00,P1D,fcre,1.6,ensemble,4,Chla_ugL_mean,1.45700492555859
vera4cast,chlorocast_timesfm,2026-10-26 00:00:00,2026-09-29 00:00:00,P1D,fcre,1.6,ensemble,4,Chla_ugL_mean,1.45361417144231
vera4cast,chlorocast_timesfm,2026-10-27 00:00:00,2026-09-29 00:00:00,P1D,fcre,1.6,ensemble,4,Chla_ugL_mean,1.4205218489665
vera4cast,chlorocast_timesfm,2026-10-28 00:00:00,2026-09-29 00:00:00,P1D,fcre,1.6,ensemble,4,Chla_ugL_mean,1.41815831642093
vera4cast,chlorocast_timesfm,2026-10-29 00:00:00,2026-09-29 00:00:00,P1D,fcre,1.6,ensemble,4,Chla_ugL_mean,1.4245688141348
vera4cast,chlorocast_timesfm,2026-10-30 00:00:00,2026-09-29 00:00:00,P1D,fcre,1.6,ensemble,4,Chla_ugL_mean,1.38055000816706
vera4cast,chlorocast_timesfm,2026-10-31 00:00:00,2026-09-29 00:00:00,P1D,fcre,1.6,ensemble,4,Chla_ugL_mean,1.42036410957003
vera4cast,chlorocast_timesfm,2026-11-01 00:00:00,2026-09-29 00:00:00,P1D,fcre,1.6,ensemble,4,Chla_ugL_mean,1.47018556963427
vera4cast,chlorocast_timesfm,2026-11-02 00:00:00,2026-09-29 00:00:00,P1D,fcre,1.6,ensemble,4,Chla_ugL_mean,1.44803670876384
vera4cast,chlorocast_timesfm,2026-11-03 00:00:00,2026-09-29 00:00:00,P1D,fcre,1.6,ensemble,4,Chla_ugL_mean,1.44786294860377
vera4cast,chlorocast_timesfm,2026-09-30 00:00:00,2026-09-29 00:00:00,P1D,fcre,1.6,ensemble,5,Chla_ugL_mean,2.50685513889427
vera4cast,chlorocast_timesfm,2026-10-01 00:00:00,2026-09-29 00:00:00,P1D,fcre,1.6,ensemble,5,Chla_ugL_mean,2.41512483872364
vera4cast,chlorocast_timesfm,2026-10-02 00:00:00,2026-09-29 00:00:00,P1D,fcre,1.6,ensemble,5,Chla_ugL_mean,2.37481837219018
vera4cast,chlorocast_timesfm,2026-10-03 00:00:00,2026-09-29 00:00:00,P1D,fcre,1.6,ensemble,5,Chla_ugL_mean,2.32160946497776
vera4cast,chlorocast_timesfm,2026-10-04 00:00:00,2026-09-29 00:00:00,P1D,fcre,1.6,ensemble,5,Chla_ugL_mean,2.22838280406119
vera4cast,chlorocast_timesfm,2026-10-05 00:00:00,2026-09-29 00:00:00,P1D,fcre,1.6,ensemble,5,Chla_ugL_mean,2.1337644269928
vera4cast,chlorocast_timesfm,2026-10-06 00:00:00,2026-09-29 00:00:00,P1D,fcre,1.6,ensemble,5,Chla_ugL_mean,2.13411969566901
vera4cast,chlorocast_timesfm,2026-10-07 00:00:00,2026-09-29 00:00:00,P1D,fcre,1.6,ensemble,5,Chla_ugL_mean,2.04346855280851
vera4cast,chlorocast_timesfm,2026-10-08 00:00:00,2026-09-29 00:00:00,P1D,fcre,1.6,ensemble,5,Chla_ugL_mean,2.02229651853336
vera4cast,chlorocast_timesfm,2026-10-09 00:00:00,2026-09-29 00:00:00,P1D,fcre,1.6,ensemble,5,Chla_ugL_mean,1.91618583708689
vera4cast,chlorocast_timesfm,2026-10-10 00:00:00,2026-09-29 00:00:00,P1D,fcre,1.6,ensemble,5,Chla_ugL_mean,1.84288920898755
vera4cast,chlorocast_timesfm,2026-10-11 00:00:00,2026-09-29 00:00:00,P1D,fcre,1.6,ensemble,5,Chla_ugL_mean,1.81071904446205
vera4cast,chlorocast_timesfm,2026-10-12 00:00:00,2026-09-29 00:00:00,P1D,fcre,1.6,ensemble,5,Chla_ugL_mean,1.79948511389434
vera4cast,chlorocast_timesfm,2026-10-13 00:00:00,2026-09-29 00:00:00,P1D,fcre,1.6,ensemble,5,Chla_ugL_mean,1.81638772488581
vera4cast,chlorocast_timesfm,2026-10-14 00:00:00,2026-09-29 00:00:00,P1D,fcre,1.6,ensemble,5,Chla_ugL_mean,1.81519623826064
vera4cast,chlorocast_timesfm,2026-10-15 00:00:00,2026-09-29 00:00:00,P1D,fcre,1.6,ensemble,5,Chla_ugL_mean,1.85879692660917
vera4cast,chlorocast_timesfm,2026-10-16 00:00:00,2026-09-29 00:00:00,P1D,fcre,1.6,ensemble,5,Chla_ugL_mean,1.75045705552507
vera4cast,chlorocast_timesfm,2026-10-17 00:00:00,2026-09-29 00:00:00,P1D,fcre,1.6,ensemble,5,Chla_ugL_mean,1.88345419863967
vera4cast,chlorocast_timesfm,2026-10-18 00:00:00,2026-09-29 00:00:00,P1D,fcre,1.6,ensemble,5,Chla_ugL_mean,1.84507966010294
vera4cast,chlorocast_timesfm,2026-10-19 00:00:00,2026-09-29 00:00:00,P1D,fcre,1.6,ensemble,5,Chla_ugL_mean,1.7931213094275
vera4cast,chlorocast_timesfm,2026-10-20 00:00:00,2026-09-29 00:00:00,P1D,fcre,1.6,ensemble,5,Chla_ugL_mean,1.81964264855425
vera4cast,chlorocast_timesfm,2026-10-21 00:00:00,2026-09-29 00:00:00,P1D,fcre,1.6,ensemble,5,Chla_ugL_mean,1.77961978175516
vera4cast,chlorocast_timesfm,2026-10-22 00:00:00,2026-09-29 00:00:00,P1D,fcre,1.6,ensemble,5,Chla_ugL_mean,1.73900581341665
vera4cast,chlorocast_timesfm,2026-10-23 00:00:00,2026-09-29 00:00:00,P1D,fcre,1.6,ensemble,5,Chla_ugL_mean,1.73113302051023
vera4cast,chlorocast_timesfm,2026-10-24 00:00:00,2026-09-29 00:00:00,P1D,fcre,1.6,ensemble,5,Chla_ugL_mean,1.71320660537897
vera4cast,chlorocast_timesfm,2026-10-25 00:00:00,2026-09-29 00:00:00,P1D,fcre,1.6,ensemble,5,Chla_ugL_mean,1.66476048656913
vera4cast,chlorocast_timesfm,2026-10-26 00:00:00,2026-09-29 00:00:00,P1D,fcre,1.6,ensemble,5,Chla_ugL_mean,1.66200931978904
vera4cast,chlorocast_timesfm,2026-10-27 00:00:00,2026-09-29 00:00:00,P1D,fcre,1.6,ensemble,5,Chla_ugL_mean,1.628308086507
vera4cast,chlorocast_timesfm,2026-10-28 00:00:00,2026-09-29 00:00:00,P1D,fcre,1.6,ensemble,5,Chla_ugL_mean,1.62607017078379
vera4cast,chlorocast_timesfm,2026-10-29 00:00:00,2026-09-29 00:00:00,P1D,fcre,1.6,ensemble,5,Chla_ugL_mean,1.63248180834857
vera4cast,chlorocast_timesfm,2026-10-30 00:00:00,2026-09-29 00:00:00,P1D,fcre,1.6,ensemble,5,Chla_ugL_mean,1.58647271900671
vera4cast,chlorocast_timesfm,2026-10-31 00:00:00,2026-09-29 00:00:00,P1D,fcre,1.6,ensemble,5,Chla_ugL_mean,1.62865730445118
vera4cast,chlorocast_timesfm,2026-11-01 00:00:00,2026-09-29 00:00:00,P1D,fcre,1.6,ensemble,5,Chla_ugL_mean,1.68071599622925
vera4cast,chlorocast_timesfm,2026-11-02 00:00:00,2026-09-29 00:00:00,P1D,fcre,1.6,ensemble,5,Chla_ugL_mean,1.65797355362605
vera4cast,chlorocast_timesfm,2026-11-03 00:00:00,2026-09-29 00:00:00,P1D,fcre,1.6,ensemble,5,Chla_ugL_mean,1.65794071649789
vera4cast,chlorocast_timesfm,2026-09-30 00:00:00,2026-09-29 00:00:00,P1D,fcre,1.6,ensemble,6,Chla_ugL_mean,2.68674930126652
vera4cast,chlorocast_timesfm,2026-10-01 00:00:00,2026-09-29 00:00:00,P1D,fcre,1.6,ensemble,6,Chla_ugL_mean,2.59469664300147
vera4cast,chlorocast_timesfm,2026-10-02 00:00:00,2026-09-29 00:00:00,P1D,fcre,1.6,ensemble,6,Chla_ugL_mean,2.55540259653615
vera4cast,chlorocast_timesfm,2026-10-03 00:00:00,2026-09-29 00:00:00,P1D,fcre,1.6,ensemble,6,Chla_ugL_mean,2.50419534872555
vera4cast,chlorocast_timesfm,2026-10-04 00:00:00,2026-09-29 00:00:00,P1D,fcre,1.6,ensemble,6,Chla_ugL_mean,2.41059428516321
vera4cast,chlorocast_timesfm,2026-10-05 00:00:00,2026-09-29 00:00:00,P1D,fcre,1.6,ensemble,6,Chla_ugL_mean,2.31445000410554
vera4cast,chlorocast_timesfm,2026-10-06 00:00:00,2026-09-29 00:00:00,P1D,fcre,1.6,ensemble,6,Chla_ugL_mean,2.31603420040356
vera4cast,chlorocast_timesfm,2026-10-07 00:00:00,2026-09-29 00:00:00,P1D,fcre,1.6,ensemble,6,Chla_ugL_mean,2.22384518142517
vera4cast,chlorocast_timesfm,2026-10-08 00:00:00,2026-09-29 00:00:00,P1D,fcre,1.6,ensemble,6,Chla_ugL_mean,2.20273708224138
vera4cast,chlorocast_timesfm,2026-10-09 00:00:00,2026-09-29 00:00:00,P1D,fcre,1.6,ensemble,6,Chla_ugL_mean,2.09664772109221
vera4cast,chlorocast_timesfm,2026-10-10 00:00:00,2026-09-29 00:00:00,P1D,fcre,1.6,ensemble,6,Chla_ugL_mean,2.020885952427
vera4cast,chlorocast_timesfm,2026-10-11 00:00:00,2026-09-29 00:00:00,P1D,fcre,1.6,ensemble,6,Chla_ugL_mean,1.98863164351154
vera4cast,chlorocast_timesfm,2026-10-12 00:00:00,2026-09-29 00:00:00,P1D,fcre,1.6,ensemble,6,Chla_ugL_mean,1.97751609259491
vera4cast,chlorocast_timesfm,2026-10-13 00:00:00,2026-09-29 00:00:00,P1D,fcre,1.6,ensemble,6,Chla_ugL_mean,1.99729501180276
vera4cast,chlorocast_timesfm,2026-10-14 00:00:00,2026-09-29 00:00:00,P1D,fcre,1.6,ensemble,6,Chla_ugL_mean,1.99860468258745
vera4cast,chlorocast_timesfm,2026-10-15 00:00:00,2026-09-29 00:00:00,P1D,fcre,1.6,ensemble,6,Chla_ugL_mean,2.04425227905789
vera4cast,chlorocast_timesfm,2026-10-16 00:00:00,2026-09-29 00:00:00,P1D,fcre,1.6,ensemble,6,Chla_ugL_mean,1.93495757644052
vera4cast,chlorocast_timesfm,2026-10-17 00:00:00,2026-09-29 00:00:00,P1D,fcre,1.6,ensemble,6,Chla_ugL_mean,2.07132069628427
vera4cast,chlorocast_timesfm,2026-10-18 00:00:00,2026-09-29 00:00:00,P1D,fcre,1.6,ensemble,6,Chla_ugL_mean,2.03313197667608
vera4cast,chlorocast_timesfm,2026-10-19 00:00:00,2026-09-29 00:00:00,P1D,fcre,1.6,ensemble,6,Chla_ugL_mean,1.98077686630158
vera4cast,chlorocast_timesfm,2026-10-20 00:00:00,2026-09-29 00:00:00,P1D,fcre,1.6,ensemble,6,Chla_ugL_mean,2.00851942118162
vera4cast,chlorocast_timesfm,2026-10-21 00:00:00,2026-09-29 00:00:00,P1D,fcre,1.6,ensemble,6,Chla_ugL_mean,1.96836955364462
vera4cast,chlorocast_timesfm,2026-10-22 00:00:00,2026-09-29 00:00:00,P1D,fcre,1.6,ensemble,6,Chla_ugL_mean,1.92586563229601
vera4cast,chlorocast_timesfm,2026-10-23 00:00:00,2026-09-29 00:00:00,P1D,fcre,1.6,ensemble,6,Chla_ugL_mean,1.91736113440282
vera4cast,chlorocast_timesfm,2026-10-24 00:00:00,2026-09-29 00:00:00,P1D,fcre,1.6,ensemble,6,Chla_ugL_mean,1.89862097646136
vera4cast,chlorocast_timesfm,2026-10-25 00:00:00,2026-09-29 00:00:00,P1D,fcre,1.6,ensemble,6,Chla_ugL_mean,1.84982573724541
vera4cast,chlorocast_timesfm,2026-10-26 00:00:00,2026-09-29 00:00:00,P1D,fcre,1.6,ensemble,6,Chla_ugL_mean,1.84770319955332
vera4cast,chlorocast_timesfm,2026-10-27 00:00:00,2026-09-29 00:00:00,P1D,fcre,1.6,ensemble,6,Chla_ugL_mean,1.81360086593677
vera4cast,chlorocast_timesfm,2026-10-28 00:00:00,2026-09-29 00:00:00,P1D,fcre,1.6,ensemble,6,Chla_ugL_mean,1.81149611023012
vera4cast,chlorocast_timesfm,2026-10-29 00:00:00,2026-09-29 00:00:00,P1D,fcre,1.6,ensemble,6,Chla_ugL_mean,1.81787345991339
vera4cast,chlorocast_timesfm,2026-10-30 00:00:00,2026-09-29 00:00:00,P1D,fcre,1.6,ensemble,6,Chla_ugL_mean,1.77020521134961
vera4cast,chlorocast_timesfm,2026-10-31 00:00:00,2026-09-29 00:00:00,P1D,fcre,1.6,ensemble,6,Chla_ugL_mean,1.81443568941615
vera4cast,chlorocast_timesfm,2026-11-01 00:00:00,2026-09-29 00:00:00,P1D,fcre,1.6,ensemble,6,Chla_ugL_mean,1.86835898387338
vera4cast,chlorocast_timesfm,2026-11-02 00:00:00,2026-09-29 00:00:00,P1D,fcre,1.6,ensemble,6,Chla_ugL_mean,1.84517056328058
vera4cast,chlorocast_timesfm,2026-11-03 00:00:00,2026-09-29 00:00:00,P1D,fcre,1.6,ensemble,6,Chla_ugL_mean,1.8452733945851
vera4cast,chlorocast_timesfm,2026-09-30 00:00:00,2026-09-29 00:00:00,P1D,fcre,1.6,ensemble,7,Chla_ugL_mean,2.84848986310917
vera4cast,chlorocast_timesfm,2026-10-01 00:00:00,2026-09-29 00:00:00,P1D,fcre,1.6,ensemble,7,Chla_ugL_mean,2.7563302885331
vera4cast,chlorocast_timesfm,2026-10-02 00:00:00,2026-09-29 00:00:00,P1D,fcre,1.6,ensemble,7,Chla_ugL_mean,2.71808051029992
vera4cast,chlorocast_timesfm,2026-10-03 00:00:00,2026-09-29 00:00:00,P1D,fcre,1.6,ensemble,7,Chla_ugL_mean,2.66888792860605
vera4cast,chlorocast_timesfm,2026-10-04 00:00:00,2026-09-29 00:00:00,P1D,fcre,1.6,ensemble,7,Chla_ugL_mean,2.5751618550693
vera4cast,chlorocast_timesfm,2026-10-05 00:00:00,2026-09-29 00:00:00,P1D,fcre,1.6,ensemble,7,Chla_ugL_mean,2.4778138881648
vera4cast,chlorocast_timesfm,2026-10-06 00:00:00,2026-09-29 00:00:00,P1D,fcre,1.6,ensemble,7,Chla_ugL_mean,2.4805648360268
vera4cast,chlorocast_timesfm,2026-10-07 00:00:00,2026-09-29 00:00:00,P1D,fcre,1.6,ensemble,7,Chla_ugL_mean,2.38715994748633
vera4cast,chlorocast_timesfm,2026-10-08 00:00:00,2026-09-29 00:00:00,P1D,fcre,1.6,ensemble,7,Chla_ugL_mean,2.36617217749834
vera4cast,chlorocast_timesfm,2026-10-09 00:00:00,2026-09-29 00:00:00,P1D,fcre,1.6,ensemble,7,Chla_ugL_mean,2.26041405583937
vera4cast,chlorocast_timesfm,2026-10-10 00:00:00,2026-09-29 00:00:00,P1D,fcre,1.6,ensemble,7,Chla_ugL_mean,2.18251800619734
vera4cast,chlorocast_timesfm,2026-10-11 00:00:00,2026-09-29 00:00:00,P1D,fcre,1.6,ensemble,7,Chla_ugL_mean,2.15028414948018
vera4cast,chlorocast_timesfm,2026-10-12 00:00:00,2026-09-29 00:00:00,P1D,fcre,1.6,ensemble,7,Chla_ugL_mean,2.13931797870342
vera4cast,chlorocast_timesfm,2026-10-13 00:00:00,2026-09-29 00:00:00,P1D,fcre,1.6,ensemble,7,Chla_ugL_mean,2.16180273732441
vera4cast,chlorocast_timesfm,2026-10-14 00:00:00,2026-09-29 00:00:00,P1D,fcre,1.6,ensemble,7,Chla_ugL_mean,2.1655199558197
vera4cast,chlorocast_timesfm,2026-10-15 00:00:00,2026-09-29 00:00:00,P1D,fcre,1.6,ensemble,7,Chla_ugL_mean,2.21298957809237
vera4cast,chlorocast_timesfm,2026-10-16 00:00:00,2026-09-29 00:00:00,P1D,fcre,1.6,ensemble,7,Chla_ugL_mean,2.10314903389708
vera4cast,chlorocast_timesfm,2026-10-17 00:00:00,2026-09-29 00:00:00,P1D,fcre,1.6,ensemble,7,Chla_ugL_mean,2.2422937008701
vera4cast,chlorocast_timesfm,2026-10-18 00:00:00,2026-09-29 00:00:00,P1D,fcre,1.6,ensemble,7,Chla_ugL_mean,2.20441481798383
vera4cast,chlorocast_timesfm,2026-10-19 00:00:00,2026-09-29 00:00:00,P1D,fcre,1.6,ensemble,7,Chla_ugL_mean,2.15186007560143
vera4cast,chlorocast_timesfm,2026-10-20 00:00:00,2026-09-29 00:00:00,P1D,fcre,1.6,ensemble,7,Chla_ugL_mean,2.18068623467161
vera4cast,chlorocast_timesfm,2026-10-21 00:00:00,2026-09-29 00:00:00,P1D,fcre,1.6,ensemble,7,Chla_ugL_mean,2.14055804643237
vera4cast,chlorocast_timesfm,2026-10-22 00:00:00,2026-09-29 00:00:00,P1D,fcre,1.6,ensemble,7,Chla_ugL_mean,2.09637692426084
vera4cast,chlorocast_timesfm,2026-10-23 00:00:00,2026-09-29 00:00:00,P1D,fcre,1.6,ensemble,7,Chla_ugL_mean,2.08729087751144
vera4cast,chlorocast_timesfm,2026-10-24 00:00:00,2026-09-29 00:00:00,P1D,fcre,1.6,ensemble,7,Chla_ugL_mean,2.06783032228281
vera4cast,chlorocast_timesfm,2026-10-25 00:00:00,2026-09-29 00:00:00,P1D,fcre,1.6,ensemble,7,Chla_ugL_mean,2.01887945846383
vera4cast,chlorocast_timesfm,2026-10-26 00:00:00,2026-09-29 00:00:00,P1D,fcre,1.6,ensemble,7,Chla_ugL_mean,2.01737646895264
vera4cast,chlorocast_timesfm,2026-10-27 00:00:00,2026-09-29 00:00:00,P1D,fcre,1.6,ensemble,7,Chla_ugL_mean,1.98301655180478
vera4cast,chlorocast_timesfm,2026-10-28 00:00:00,2026-09-29 00:00:00,P1D,fcre,1.6,ensemble,7,Chla_ugL_mean,1.98104982186253
vera4cast,chlorocast_timesfm,2026-10-29 00:00:00,2026-09-29 00:00:00,P1D,fcre,1.6,ensemble,7,Chla_ugL_mean,1.98736864467729
vera4cast,chlorocast_timesfm,2026-10-30 00:00:00,2026-09-29 00:00:00,P1D,fcre,1.6,ensemble,7,Chla_ugL_mean,1.93827248262005
vera4cast,chlorocast_timesfm,2026-10-31 00:00:00,2026-09-29 00:00:00,P1D,fcre,1.6,ensemble,7,Chla_ugL_mean,1.98432118380374
vera4cast,chlorocast_timesfm,2026-11-01 00:00:00,2026-09-29 00:00:00,P1D,fcre,1.6,ensemble,7,Chla_ugL_mean,2.03984893107144
vera4cast,chlorocast_timesfm,2026-11-02 00:00:00,2026-09-29 00:00:00,P1D,fcre,1.6,ensemble,7,Chla_ugL_mean,2.01631686929606
vera4cast,chlorocast_timesfm,2026-11-03 00:00:00,2026-09-29 00:00:00,P1D,fcre,1.6,ensemble,7,Chla_ugL_mean,2.01655144163346
vera4cast,chlorocast_timesfm,2026-09-30 00:00:00,2026-09-29 00:00:00,P1D,fcre,1.6,ensemble,8,Chla_ugL_mean,2.99671035568957
vera4cast,chlorocast_timesfm,2026-10-01 00:00:00,2026-09-29 00:00:00,P1D,fcre,1.6,ensemble,8,Chla_ugL_mean,2.90459856513246
vera4cast,chlorocast_timesfm,2026-10-02 00:00:00,2026-09-29 00:00:00,P1D,fcre,1.6,ensemble,8,Chla_ugL_mean,2.86741275379178
vera4cast,chlorocast_timesfm,2026-10-03 00:00:00,2026-09-29 00:00:00,P1D,fcre,1.6,ensemble,8,Chla_ugL_mean,2.8202384069609
vera4cast,chlorocast_timesfm,2026-10-04 00:00:00,2026-09-29 00:00:00,P1D,fcre,1.6,ensemble,8,Chla_ugL_mean,2.72656745989321
vera4cast,chlorocast_timesfm,2026-10-05 00:00:00,2026-09-29 00:00:00,P1D,fcre,1.6,ensemble,8,Chla_ugL_mean,2.62825165011214
vera4cast,chlorocast_timesfm,2026-10-06 00:00:00,2026-09-29 00:00:00,P1D,fcre,1.6,ensemble,8,Chla_ugL_mean,2.63212155258711
vera4cast,chlorocast_timesfm,2026-10-07 00:00:00,2026-09-29 00:00:00,P1D,fcre,1.6,ensemble,8,Chla_ugL_mean,2.53773688472521
vera4cast,chlorocast_timesfm,2026-10-08 00:00:00,2026-09-29 00:00:00,P1D,fcre,1.6,ensemble,8,Chla_ugL_mean,2.51691008992103
vera4cast,chlorocast_timesfm,2026-10-09 00:00:00,2026-09-29 00:00:00,P1D,fcre,1.6,ensemble,8,Chla_ugL_mean,2.41170784644274
vera4cast,chlorocast_timesfm,2026-10-10 00:00:00,2026-09-29 00:00:00,P1D,fcre,1.6,ensemble,8,Chla_ugL_mean,2.33192261325803
vera4cast,chlorocast_timesfm,2026-10-11 00:00:00,2026-09-29 00:00:00,P1D,fcre,1.6,ensemble,8,Chla_ugL_mean,2.29978548542808
vera4cast,chlorocast_timesfm,2026-10-12 00:00:00,2026-09-29 00:00:00,P1D,fcre,1.6,ensemble,8,Chla_ugL_mean,2.28899107357449
vera4cast,chlorocast_timesfm,2026-10-13 00:00:00,2026-09-29 00:00:00,P1D,fcre,1.6,ensemble,8,Chla_ugL_mean,2.31405259571722
vera4cast,chlorocast_timesfm,2026-10-14 00:00:00,2026-09-29 00:00:00,P1D,fcre,1.6,ensemble,8,Chla_ugL_mean,2.32010508312589
vera4cast,chlorocast_timesfm,2026-10-15 00:00:00,2026-09-29 00:00:00,P1D,fcre,1.6,ensemble,8,Chla_ugL_mean,2.36922930803248
vera4cast,chlorocast_timesfm,2026-10-16 00:00:00,2026-09-29 00:00:00,P1D,fcre,1.6,ensemble,8,Chla_ugL_mean,2.25914357209864
vera4cast,chlorocast_timesfm,2026-10-17 00:00:00,2026-09-29 00:00:00,P1D,fcre,1.6,ensemble,8,Chla_ugL_mean,2.40063727277123
vera4cast,chlorocast_timesfm,2026-10-18 00:00:00,2026-09-29 00:00:00,P1D,fcre,1.6,ensemble,8,Chla_ugL_mean,2.3631586521211
vera4cast,chlorocast_timesfm,2026-10-19 00:00:00,2026-09-29 00:00:00,P1D,fcre,1.6,ensemble,8,Chla_ugL_mean,2.31054923843379
vera4cast,chlorocast_timesfm,2026-10-20 00:00:00,2026-09-29 00:00:00,P1D,fcre,1.6,ensemble,8,Chla_ugL_mean,2.34035652089432
vera4cast,chlorocast_timesfm,2026-10-21 00:00:00,2026-09-29 00:00:00,P1D,fcre,1.6,ensemble,8,Chla_ugL_mean,2.30035925980294
vera4cast,chlorocast_timesfm,2026-10-22 00:00:00,2026-09-29 00:00:00,P1D,fcre,1.6,ensemble,8,Chla_ugL_mean,2.25465943773849
vera4cast,chlorocast_timesfm,2026-10-23 00:00:00,2026-09-29 00:00:00,P1D,fcre,1.6,ensemble,8,Chla_ugL_mean,2.24502942711134
vera4cast,chlorocast_timesfm,2026-10-24 00:00:00,2026-09-29 00:00:00,P1D,fcre,1.6,ensemble,8,Chla_ugL_mean,2.22491800479393
vera4cast,chlorocast_timesfm,2026-10-25 00:00:00,2026-09-29 00:00:00,P1D,fcre,1.6,ensemble,8,Chla_ugL_mean,2.17595423393785
vera4cast,chlorocast_timesfm,2026-10-26 00:00:00,2026-09-29 00:00:00,P1D,fcre,1.6,ensemble,8,Chla_ugL_mean,2.17506347349498
vera4cast,chlorocast_timesfm,2026-10-27 00:00:00,2026-09-29 00:00:00,P1D,fcre,1.6,ensemble,8,Chla_ugL_mean,2.14055215770608
vera4cast,chlorocast_timesfm,2026-10-28 00:00:00,2026-09-29 00:00:00,P1D,fcre,1.6,ensemble,8,Chla_ugL_mean,2.13872692421698
vera4cast,chlorocast_timesfm,2026-10-29 00:00:00,2026-09-29 00:00:00,P1D,fcre,1.6,ensemble,8,Chla_ugL_mean,2.1449693686618
vera4cast,chlorocast_timesfm,2026-10-30 00:00:00,2026-09-29 00:00:00,P1D,fcre,1.6,ensemble,8,Chla_ugL_mean,2.09461741285253
vera4cast,chlorocast_timesfm,2026-10-31 00:00:00,2026-09-29 00:00:00,P1D,fcre,1.6,ensemble,8,Chla_ugL_mean,2.14231450935177
vera4cast,chlorocast_timesfm,2026-11-01 00:00:00,2026-09-29 00:00:00,P1D,fcre,1.6,ensemble,8,Chla_ugL_mean,2.19925312963865
vera4cast,chlorocast_timesfm,2026-11-02 00:00:00,2026-09-29 00:00:00,P1D,fcre,1.6,ensemble,8,Chla_ugL_mean,2.17545330151462
vera4cast,chlorocast_timesfm,2026-11-03 00:00:00,2026-09-29 00:00:00,P1D,fcre,1.6,ensemble,8,Chla_ugL_mean,2.17581659472969
vera4cast,chlorocast_timesfm,2026-09-30 00:00:00,2026-09-29 00:00:00,P1D,fcre,1.6,ensemble,9,Chla_ugL_mean,3.13442493831299
vera4cast,chlorocast_timesfm,2026-10-01 00:00:00,2026-09-29 00:00:00,P1D,fcre,1.6,ensemble,9,Chla_ugL_mean,3.04247791486182
vera4cast,chlorocast_timesfm,2026-10-02 00:00:00,2026-09-29 00:00:00,P1D,fcre,1.6,ensemble,9,Chla_ugL_mean,3.00636914820083
vera4cast,chlorocast_timesfm,2026-10-03 00:00:00,2026-09-29 00:00:00,P1D,fcre,1.6,ensemble,9,Chla_ugL_mean,2.9612124668895
vera4cast,chlorocast_timesfm,2026-10-04 00:00:00,2026-09-29 00:00:00,P1D,fcre,1.6,ensemble,9,Chla_ugL_mean,2.86773363052996
vera4cast,chlorocast_timesfm,2026-10-05 00:00:00,2026-09-29 00:00:00,P1D,fcre,1.6,ensemble,9,Chla_ugL_mean,2.76863109036884
vera4cast,chlorocast_timesfm,2026-10-06 00:00:00,2026-09-29 00:00:00,P1D,fcre,1.6,ensemble,9,Chla_ugL_mean,2.77358203552189
vera4cast,chlorocast_timesfm,2026-10-07 00:00:00,2026-09-29 00:00:00,P1D,fcre,1.6,ensemble,9,Chla_ugL_mean,2.67839917438211
vera4cast,chlorocast_timesfm,2026-10-08 00:00:00,2026-09-29 00:00:00,P1D,fcre,1.6,ensemble,9,Chla_ugL_mean,2.65776427037943
vera4cast,chlorocast_timesfm,2026-10-09 00:00:00,2026-09-29 00:00:00,P1D,fcre,1.6,ensemble,9,Chla_ugL_mean,2.5532895335599
vera4cast,chlorocast_timesfm,2026-10-10 00:00:00,2026-09-29 00:00:00,P1D,fcre,1.6,ensemble,9,Chla_ugL_mean,2.47180502444104
vera4cast,chlorocast_timesfm,2026-10-11 00:00:00,2026-09-29 00:00:00,P1D,fcre,1.6,ensemble,9,Chla_ugL_mean,2.43982319568682
vera4cast,chlorocast_timesfm,2026-10-12 00:00:00,2026-09-29 00:00:00,P1D,fcre,1.6,ensemble,9,Chla_ugL_mean,2.42921763057192
vera4cast,chlorocast_timesfm,2026-10-13 00:00:00,2026-09-29 00:00:00,P1D,fcre,1.6,ensemble,9,Chla_ugL_mean,2.45675467521083
vera4cast,chlorocast_timesfm,2026-10-14 00:00:00,2026-09-29 00:00:00,P1D,fcre,1.6,ensemble,9,Chla_ugL_mean,2.46508519496862
vera4cast,chlorocast_timesfm,2026-10-15 00:00:00,2026-09-29 00:00:00,P1D,fcre,1.6,ensemble,9,Chla_ugL_mean,2.51573387958962
vera4cast,chlorocast_timesfm,2026-10-16 00:00:00,2026-09-29 00:00:00,P1D,fcre,1.6,ensemble,9,Chla_ugL_mean,2.40563525353977
vera4cast,chlorocast_timesfm,2026-10-17 00:00:00,2026-09-29 00:00:00,P1D,fcre,1.6,ensemble,9,Chla_ugL_mean,2.54914268509125
vera4cast,chlorocast_timesfm,2026-10-18 00:00:00,2026-09-29 00:00:00,P1D,fcre,1.6,ensemble,9,Chla_ugL_mean,2.51213389237262
vera4cast,chlorocast_timesfm,2026-10-19 00:00:00,2026-09-29 00:00:00,P1D,fcre,1.6,ensemble,9,Chla_ugL_mean,2.45958188272815
vera4cast,chlorocast_timesfm,2026-10-20 00:00:00,2026-09-29 00:00:00,P1D,fcre,1.6,ensemble,9,Chla_ugL_mean,2.49029058981974
vera4cast,chlorocast_timesfm,2026-10-21 00:00:00,2026-09-29 00:00:00,P1D,fcre,1.6,ensemble,9,Chla_ugL_mean,2.45050874350075
vera4cast,chlorocast_timesfm,2026-10-22 00:00:00,2026-09-29 00:00:00,P1D,fcre,1.6,ensemble,9,Chla_ugL_mean,2.40341353106258
vera4cast,chlorocast_timesfm,2026-10-23 00:00:00,2026-09-29 00:00:00,P1D,fcre,1.6,ensemble,9,Chla_ugL_mean,2.39326886196095
vera4cast,chlorocast_timesfm,2026-10-24 00:00:00,2026-09-29 00:00:00,P1D,fcre,1.6,ensemble,9,Chla_ugL_mean,2.3725606639354
vera4cast,chlorocast_timesfm,2026-10-25 00:00:00,2026-09-29 00:00:00,P1D,fcre,1.6,ensemble,9,Chla_ugL_mean,2.32369466052922
vera4cast,chlorocast_timesfm,2026-10-26 00:00:00,2026-09-29 00:00:00,P1D,fcre,1.6,ensemble,9,Chla_ugL_mean,2.32341030813599
vera4cast,chlorocast_timesfm,2026-10-27 00:00:00,2026-09-29 00:00:00,P1D,fcre,1.6,ensemble,9,Chla_ugL_mean,2.28883010809646
vera4cast,chlorocast_timesfm,2026-10-28 00:00:00,2026-09-29 00:00:00,P1D,fcre,1.6,ensemble,9,Chla_ugL_mean,2.28714904781757
vera4cast,chlorocast_timesfm,2026-10-29 00:00:00,2026-09-29 00:00:00,P1D,fcre,1.6,ensemble,9,Chla_ugL_mean,2.29330125035462
vera4cast,chlorocast_timesfm,2026-10-30 00:00:00,2026-09-29 00:00:00,P1D,fcre,1.6,ensemble,9,Chla_ugL_mean,2.24182748943262
vera4cast,chlorocast_timesfm,2026-10-31 00:00:00,2026-09-29 00:00:00,P1D,fcre,1.6,ensemble,9,Chla_ugL_mean,2.29104071572816
vera4cast,chlorocast_timesfm,2026-11-01 00:00:00,2026-09-29 00:00:00,P1D,fcre,1.6,ensemble,9,Chla_ugL_mean,2.34923955289695
vera4cast,chlorocast_timesfm,2026-11-02 00:00:00,2026-09-29 00:00:00,P1D,fcre,1.6,ensemble,9,Chla_ugL_mean,2.32523095400283
vera4cast,chlorocast_timesfm,2026-11-03 00:00:00,2026-09-29 00:00:00,P1D,fcre,1.6,ensemble,9,Chla_ugL_mean,2.32572060072449
vera4cast,chlorocast_timesfm,2026-09-30 00:00:00,2026-09-29 00:00:00,P1D,fcre,1.6,ensemble,10,Chla_ugL_mean,3.26371600157145
vera4cast,chlorocast_timesfm,2026-10-01 00:00:00,2026-09-29 00:00:00,P1D,fcre,1.6,ensemble,10,Chla_ugL_mean,3.17202573888986
vera4cast,chlorocast_timesfm,2026-10-02 00:00:00,2026-09-29 00:00:00,P1D,fcre,1.6,ensemble,10,Chla_ugL_mean,3.13700328424762
vera4cast,chlorocast_timesfm,2026-10-03 00:00:00,2026-09-29 00:00:00,P1D,fcre,1.6,ensemble,10,Chla_ugL_mean,3.09386203329575
vera4cast,chlorocast_timesfm,2026-10-04 00:00:00,2026-09-29 00:00:00,P1D,fcre,1.6,ensemble,10,Chla_ugL_mean,3.00068361334166
vera4cast,chlorocast_timesfm,2026-10-05 00:00:00,2026-09-29 00:00:00,P1D,fcre,1.6,ensemble,10,Chla_ugL_mean,2.90093851490053
vera4cast,chlorocast_timesfm,2026-10-06 00:00:00,2026-09-29 00:00:00,P1D,fcre,1.6,ensemble,10,Chla_ugL_mean,2.90693973771898
vera4cast,chlorocast_timesfm,2026-10-07 00:00:00,2026-09-29 00:00:00,P1D,fcre,1.6,ensemble,10,Chla_ugL_mean,2.81110344347755
vera4cast,chlorocast_timesfm,2026-10-08 00:00:00,2026-09-29 00:00:00,P1D,fcre,1.6,ensemble,10,Chla_ugL_mean,2.79068493138323
vera4cast,chlorocast_timesfm,2026-10-09 00:00:00,2026-09-29 00:00:00,P1D,fcre,1.6,ensemble,10,Chla_ugL_mean,2.68707418574391
vera4cast,chlorocast_timesfm,2026-10-10 00:00:00,2026-09-29 00:00:00,P1D,fcre,1.6,ensemble,10,Chla_ugL_mean,2.6040425400779
vera4cast,chlorocast_timesfm,2026-10-11 00:00:00,2026-09-29 00:00:00,P1D,fcre,1.6,ensemble,10,Chla_ugL_mean,2.57226277820106
vera4cast,chlorocast_timesfm,2026-10-12 00:00:00,2026-09-29 00:00:00,P1D,fcre,1.6,ensemble,10,Chla_ugL_mean,2.56185968327848
vera4cast,chlorocast_timesfm,2026-10-13 00:00:00,2026-09-29 00:00:00,P1D,fcre,1.6,ensemble,10,Chla_ugL_mean,2.59179078543438
vera4cast,chlorocast_timesfm,2026-10-14 00:00:00,2026-09-29 00:00:00,P1D,fcre,1.6,ensemble,10,Chla_ugL_mean,2.60235319486971
vera4cast,chlorocast_timesfm,2026-10-15 00:00:00,2026-09-29 00:00:00,P1D,fcre,1.6,ensemble,10,Chla_ugL_mean,2.65442189244725
vera4cast,chlorocast_timesfm,2026-10-16 00:00:00,2026-09-29 00:00:00,P1D,fcre,1.6,ensemble,10,Chla_ugL_mean,2.54449674277464
vera4cast,chlorocast_timesfm,2026-10-17 00:00:00,2026-09-29 00:00:00,P1D,fcre,1.6,ensemble,10,Chla_ugL_mean,2.68974878749107
vera4cast,chlorocast_timesfm,2026-10-18 00:00:00,2026-09-29 00:00:00,P1D,fcre,1.6,ensemble,10,Chla_ugL_mean,2.6532655754069
vera4cast,chlorocast_timesfm,2026-10-19 00:00:00,2026-09-29 00:00:00,P1D,fcre,1.6,ensemble,10,Chla_ugL_mean,2.60086095983783
vera4cast,chlorocast_timesfm,2026-10-20 00:00:00,2026-09-29 00:00:00,P1D,fcre,1.6,ensemble,10,Chla_ugL_mean,2.63240708870284
vera4cast,chlorocast_timesfm,2026-10-21 00:00:00,2026-09-29 00:00:00,P1D,fcre,1.6,ensemble,10,Chla_ugL_mean,2.59290857726233
vera4cast,chlorocast_timesfm,2026-10-22 00:00:00,2026-09-29 00:00:00,P1D,fcre,1.6,ensemble,10,Chla_ugL_mean,2.5445170327589
vera4cast,chlorocast_timesfm,2026-10-23 00:00:00,2026-09-29 00:00:00,P1D,fcre,1.6,ensemble,10,Chla_ugL_mean,2.53388122922857
vera4cast,chlorocast_timesfm,2026-10-24 00:00:00,2026-09-29 00:00:00,P1D,fcre,1.6,ensemble,10,Chla_ugL_mean,2.5126197134539
vera4cast,chlorocast_timesfm,2026-10-25 00:00:00,2026-09-29 00:00:00,P1D,fcre,1.6,ensemble,10,Chla_ugL_mean,2.46394061342162
vera4cast,chlorocast_timesfm,2026-10-26 00:00:00,2026-09-29 00:00:00,P1D,fcre,1.6,ensemble,10,Chla_ugL_mean,2.46425809595744
vera4cast,chlorocast_timesfm,2026-10-27 00:00:00,2026-09-29 00:00:00,P1D,fcre,1.6,ensemble,10,Chla_ugL_mean,2.42967554582234
vera4cast,chlorocast_timesfm,2026-10-28 00:00:00,2026-09-29 00:00:00,P1D,fcre,1.6,ensemble,10,Chla_ugL_mean,2.42814085582781
vera4cast,chlorocast_timesfm,2026-10-29 00:00:00,2026-09-29 00:00:00,P1D,fcre,1.6,ensemble,10,Chla_ugL_mean,2.43419160664872
vera4cast,chlorocast_timesfm,2026-10-30 00:00:00,2026-09-29 00:00:00,P1D,fcre,1.6,ensemble,10,Chla_ugL_mean,2.38170388806668
vera4cast,chlorocast_timesfm,2026-10-31 00:00:00,2026-09-29 00:00:00,P1D,fcre,1.6,ensemble,10,Chla_ugL_mean,2.4323268883463
vera4cast,chlorocast_timesfm,2026-11-01 00:00:00,2026-09-29 00:00:00,P1D,fcre,1.6,ensemble,10,Chla_ugL_mean,2.49166470819543
vera4cast,chlorocast_timesfm,2026-11-02 00:00:00,2026-09-29 00:00:00,P1D,fcre,1.6,ensemble,10,Chla_ugL_mean,2.46749487608681
vera4cast,chlorocast_timesfm,2026-11-03 00:00:00,2026-09-29 00:00:00,P1D,fcre,1.6,ensemble,10,Chla_ugL_mean,2.46810899781593
vera4cast,chlorocast_timesfm,2026-09-30 00:00:00,2026-09-29 00:00:00,P1D,fcre,1.6,ensemble,11,Chla_ugL_mean,3.38608883985636
vera4cast,chlorocast_timesfm,2026-10-01 00:00:00,2026-09-29 00:00:00,P1D,fcre,1.6,ensemble,11,Chla_ugL_mean,3.294729948742
vera4cast,chlorocast_timesfm,2026-10-02 00:00:00,2026-09-29 00:00:00,P1D,fcre,1.6,ensemble,11,Chla_ugL_mean,3.26080080649485
vera4cast,chlorocast_timesfm,2026-10-03 00:00:00,2026-09-29 00:00:00,P1D,fcre,1.6,ensemble,11,Chla_ugL_mean,3.21967230897806
vera4cast,chlorocast_timesfm,2026-10-04 00:00:00,2026-09-29 00:00:00,P1D,fcre,1.6,ensemble,11,Chla_ugL_mean,3.1268826060477
vera4cast,chlorocast_timesfm,2026-10-05 00:00:00,2026-09-29 00:00:00,P1D,fcre,1.6,ensemble,11,Chla_ugL_mean,3.02661297676594
vera4cast,chlorocast_timesfm,2026-10-06 00:00:00,2026-09-29 00:00:00,P1D,fcre,1.6,ensemble,11,Chla_ugL_mean,3.0336390821919
vera4cast,chlorocast_timesfm,2026-10-07 00:00:00,2026-09-29 00:00:00,P1D,fcre,1.6,ensemble,11,Chla_ugL_mean,2.93726802732008
vera4cast,chlorocast_timesfm,2026-10-08 00:00:00,2026-09-29 00:00:00,P1D,fcre,1.6,ensemble,11,Chla_ugL_mean,2.91708596922227
vera4cast,chlorocast_timesfm,2026-10-09 00:00:00,2026-09-29 00:00:00,P1D,fcre,1.6,ensemble,11,Chla_ugL_mean,2.81445124663032
vera4cast,chlorocast_timesfm,2026-10-10 00:00:00,2026-09-29 00:00:00,P1D,fcre,1.6,ensemble,11,Chla_ugL_mean,2.72999753532167
vera4cast,chlorocast_timesfm,2026-10-11 00:00:00,2026-09-29 00:00:00,P1D,fcre,1.6,ensemble,11,Chla_ugL_mean,2.69845835429481
vera4cast,chlorocast_timesfm,2026-10-12 00:00:00,2026-09-29 00:00:00,P1D,fcre,1.6,ensemble,11,Chla_ugL_mean,2.68826897201396
vera4cast,chlorocast_timesfm,2026-10-13 00:00:00,2026-09-29 00:00:00,P1D,fcre,1.6,ensemble,11,Chla_ugL_mean,2.72052731401287
vera4cast,chlorocast_timesfm,2026-10-14 00:00:00,2026-09-29 00:00:00,P1D,fcre,1.6,ensemble,11,Chla_ugL_mean,2.73328394285787
vera4cast,chlorocast_timesfm,2026-10-15 00:00:00,2026-09-29 00:00:00,P1D,fcre,1.6,ensemble,11,Chla_ugL_mean,2.78668674240678
vera4cast,chlorocast_timesfm,2026-10-16 00:00:00,2026-09-29 00:00:00,P1D,fcre,1.6,ensemble,11,Chla_ugL_mean,2.67708906287257
vera4cast,chlorocast_timesfm,2026-10-17 00:00:00,2026-09-29 00:00:00,P1D,fcre,1.6,ensemble,11,Chla_ugL_mean,2.82386381354232
vera4cast,chlorocast_timesfm,2026-10-18 00:00:00,2026-09-29 00:00:00,P1D,fcre,1.6,ensemble,11,Chla_ugL_mean,2.78795233716212
vera4cast,chlorocast_timesfm,2026-10-19 00:00:00,2026-09-29 00:00:00,P1D,fcre,1.6,ensemble,11,Chla_ugL_mean,2.73576955220357
vera4cast,chlorocast_timesfm,2026-10-20 00:00:00,2026-09-29 00:00:00,P1D,fcre,1.6,ensemble,11,Chla_ugL_mean,2.76810041733421
vera4cast,chlorocast_timesfm,2026-10-21 00:00:00,2026-09-29 00:00:00,P1D,fcre,1.6,ensemble,11,Chla_ugL_mean,2.72894153434939
vera4cast,chlorocast_timesfm,2026-10-22 00:00:00,2026-09-29 00:00:00,P1D,fcre,1.6,ensemble,11,Chla_ugL_mean,2.67933522645809
vera4cast,chlorocast_timesfm,2026-10-23 00:00:00,2026-09-29 00:00:00,P1D,fcre,1.6,ensemble,11,Chla_ugL_mean,2.6682275938825
vera4cast,chlorocast_timesfm,2026-10-24 00:00:00,2026-09-29 00:00:00,P1D,fcre,1.6,ensemble,11,Chla_ugL_mean,2.64644855344631
vera4cast,chlorocast_timesfm,2026-10-25 00:00:00,2026-09-29 00:00:00,P1D,fcre,1.6,ensemble,11,Chla_ugL_mean,2.5980303129885
vera4cast,chlorocast_timesfm,2026-10-26 00:00:00,2026-09-29 00:00:00,P1D,fcre,1.6,ensemble,11,Chla_ugL_mean,2.59894609768817
vera4cast,chlorocast_timesfm,2026-10-27 00:00:00,2026-09-29 00:00:00,P1D,fcre,1.6,ensemble,11,Chla_ugL_mean,2.56441642334513
vera4cast,chlorocast_timesfm,2026-10-28 00:00:00,2026-09-29 00:00:00,P1D,fcre,1.6,ensemble,11,Chla_ugL_mean,2.56302999876161
vera4cast,chlorocast_timesfm,2026-10-29 00:00:00,2026-09-29 00:00:00,P1D,fcre,1.6,ensemble,11,Chla_ugL_mean,2.56896994022551
vera4cast,chlorocast_timesfm,2026-10-30 00:00:00,2026-09-29 00:00:00,P1D,fcre,1.6,ensemble,11,Chla_ugL_mean,2.51555734794825
vera4cast,chlorocast_timesfm,2026-10-31 00:00:00,2026-09-29 00:00:00,P1D,fcre,1.6,ensemble,11,Chla_ugL_mean,2.5675024676425
vera4cast,chlorocast_timesfm,2026-11-01 00:00:00,2026-09-29 00:00:00,P1D,fcre,1.6,ensemble,11,Chla_ugL_mean,2.62787915127809
vera4cast,chlorocast_timesfm,2026-11-02 00:00:00,2026-09-29 00:00:00,P1D,fcre,1.6,ensemble,11,Chla_ugL_mean,2.60358747368634
vera4cast,chlorocast_timesfm,2026-11-03 00:00:00,2026-09-29 00:00:00,P1D,fcre,1.6,ensemble,11,Chla_ugL_mean,2.60432456993183
vera4cast,chlorocast_timesfm,2026-09-30 00:00:00,2026-09-29 00:00:00,P1D,fcre,1.6,ensemble,12,Chla_ugL_mean,3.50267074300625
vera4cast,chlorocast_timesfm,2026-10-01 00:00:00,2026-09-29 00:00:00,P1D,fcre,1.6,ensemble,12,Chla_ugL_mean,3.41170527522801
vera4cast,chlorocast_timesfm,2026-10-02 00:00:00,2026-09-29 00:00:00,P1D,fcre,1.6,ensemble,12,Chla_ugL_mean,3.37887507669442
vera4cast,chlorocast_timesfm,2026-10-03 00:00:00,2026-09-29 00:00:00,P1D,fcre,1.6,ensemble,12,Chla_ugL_mean,3.33975683944591
vera4cast,chlorocast_timesfm,2026-10-04 00:00:00,2026-09-29 00:00:00,P1D,fcre,1.6,ensemble,12,Chla_ugL_mean,3.24742966332681
vera4cast,chlorocast_timesfm,2026-10-05 00:00:00,2026-09-29 00:00:00,P1D,fcre,1.6,ensemble,12,Chla_ugL_mean,3.146734329467
vera4cast,chlorocast_timesfm,2026-10-06 00:00:00,2026-09-29 00:00:00,P1D,fcre,1.6,ensemble,12,Chla_ugL_mean,3.15476408188566
vera4cast,chlorocast_timesfm,2026-10-07 00:00:00,2026-09-29 00:00:00,P1D,fcre,1.6,ensemble,12,Chla_ugL_mean,3.05795776356281
vera4cast,chlorocast_timesfm,2026-10-08 00:00:00,2026-09-29 00:00:00,P1D,fcre,1.6,ensemble,12,Chla_ugL_mean,3.03802903157579
vera4cast,chlorocast_timesfm,2026-10-09 00:00:00,2026-09-29 00:00:00,P1D,fcre,1.6,ensemble,12,Chla_ugL_mean,2.93646469912545
vera4cast,chlorocast_timesfm,2026-10-10 00:00:00,2026-09-29 00:00:00,P1D,fcre,1.6,ensemble,12,Chla_ugL_mean,2.85069388106012
vera4cast,chlorocast_timesfm,2026-10-11 00:00:00,2026-09-29 00:00:00,P1D,fcre,1.6,ensemble,12,Chla_ugL_mean,2.81942780319296
vera4cast,chlorocast_timesfm,2026-10-12 00:00:00,2026-09-29 00:00:00,P1D,fcre,1.6,ensemble,12,Chla_ugL_mean,2.80946167704587
vera4cast,chlorocast_timesfm,2026-10-13 00:00:00,2026-09-29 00:00:00,P1D,fcre,1.6,ensemble,12,Chla_ugL_mean,2.84399165014764
vera4cast,chlorocast_timesfm,2026-10-14 00:00:00,2026-09-29 00:00:00,P1D,fcre,1.6,ensemble,12,Chla_ugL_mean,2.85891148225461
vera4cast,chlorocast_timesfm,2026-10-15 00:00:00,2026-09-29 00:00:00,P1D,fcre,1.6,ensemble,12,Chla_ugL_mean,2.91357632665297
vera4cast,chlorocast_timesfm,2026-10-16 00:00:00,2026-09-29 00:00:00,P1D,fcre,1.6,ensemble,12,Chla_ugL_mean,2.80443643827784
vera4cast,chlorocast_timesfm,2026-10-17 00:00:00,2026-09-29 00:00:00,P1D,fcre,1.6,ensemble,12,Chla_ugL_mean,2.95254690829481
vera4cast,chlorocast_timesfm,2026-10-18 00:00:00,2026-09-29 00:00:00,P1D,fcre,1.6,ensemble,12,Chla_ugL_mean,2.91724640044052
vera4cast,chlorocast_timesfm,2026-10-19 00:00:00,2026-09-29 00:00:00,P1D,fcre,1.6,ensemble,12,Chla_ugL_mean,2.86534851715242
vera4cast,chlorocast_timesfm,2026-10-20 00:00:00,2026-09-29 00:00:00,P1D,fcre,1.6,ensemble,12,Chla_ugL_mean,2.89841988831426
vera4cast,chlorocast_timesfm,2026-10-21 00:00:00,2026-09-29 00:00:00,P1D,fcre,1.6,ensemble,12,Chla_ugL_mean,2.85964846066698
vera4cast,chlorocast_timesfm,2026-10-22 00:00:00,2026-09-29 00:00:00,P1D,fcre,1.6,ensemble,12,Chla_ugL_mean,2.80889588911305
vera4cast,chlorocast_timesfm,2026-10-23 00:00:00,2026-09-29 00:00:00,P1D,fcre,1.6,ensemble,12,Chla_ugL_mean,2.79733254664857
vera4cast,chlorocast_timesfm,2026-10-24 00:00:00,2026-09-29 00:00:00,P1D,fcre,1.6,ensemble,12,Chla_ugL_mean,2.77506604976907
vera4cast,chlorocast_timesfm,2026-10-25 00:00:00,2026-09-29 00:00:00,P1D,fcre,1.6,ensemble,12,Chla_ugL_mean,2.726971525874
vera4cast,chlorocast_timesfm,2026-10-26 00:00:00,2026-09-29 00:00:00,P1D,fcre,1.6,ensemble,12,Chla_ugL_mean,2.72848295416989
vera4cast,chlorocast_timesfm,2026-10-27 00:00:00,2026-09-29 00:00:00,P1D,fcre,1.6,ensemble,12,Chla_ugL_mean,2.69405308111074
vera4cast,chlorocast_timesfm,2026-10-28 00:00:00,2026-09-29 00:00:00,P1D,fcre,1.6,ensemble,12,Chla_ugL_mean,2.69281662182766
vera4cast,chlorocast_timesfm,2026-10-29 00:00:00,2026-09-29 00:00:00,P1D,fcre,1.6,ensemble,12,Chla_ugL_mean,2.69863773768169
vera4cast,chlorocast_timesfm,2026-10-30 00:00:00,2026-09-29 00:00:00,P1D,fcre,1.6,ensemble,12,Chla_ugL_mean,2.64437539688684
vera4cast,chlorocast_timesfm,2026-10-31 00:00:00,2026-09-29 00:00:00,P1D,fcre,1.6,ensemble,12,Chla_ugL_mean,2.69756896600886
vera4cast,chlorocast_timesfm,2026-11-01 00:00:00,2026-09-29 00:00:00,P1D,fcre,1.6,ensemble,12,Chla_ugL_mean,2.7589001009495
vera4cast,chlorocast_timesfm,2026-11-02 00:00:00,2026-09-29 00:00:00,P1D,fcre,1.6,ensemble,12,Chla_ugL_mean,2.73451995425723
vera4cast,chlorocast_timesfm,2026-11-03 00:00:00,2026-09-29 00:00:00,P1D,fcre,1.6,ensemble,12,Chla_ugL_mean,2.73537882455036
vera4cast,chlorocast_timesfm,2026-09-30 00:00:00,2026-09-29 00:00:00,P1D,fcre,1.6,ensemble,13,Chla_ugL_mean,3.61433024708286
vera4cast,chlorocast_timesfm,2026-10-01 00:00:00,2026-09-29 00:00:00,P1D,fcre,1.6,ensemble,13,Chla_ugL_mean,3.52381090104318
vera4cast,chlorocast_timesfm,2026-10-02 00:00:00,2026-09-29 00:00:00,P1D,fcre,1.6,ensemble,13,Chla_ugL_mean,3.49208445435901
vera4cast,chlorocast_timesfm,2026-10-03 00:00:00,2026-09-29 00:00:00,P1D,fcre,1.6,ensemble,13,Chla_ugL_mean,3.45497448897465
vera4cast,chlorocast_timesfm,2026-10-04 00:00:00,2026-09-29 00:00:00,P1D,fcre,1.6,ensemble,13,Chla_ugL_mean,3.36317283170781
vera4cast,chlorocast_timesfm,2026-10-05 00:00:00,2026-09-29 00:00:00,P1D,fcre,1.6,ensemble,13,Chla_ugL_mean,3.26213609357178
vera4cast,chlorocast_timesfm,2026-10-06 00:00:00,2026-09-29 00:00:00,P1D,fcre,1.6,ensemble,13,Chla_ugL_mean,3.27115155984895
vera4cast,chlorocast_timesfm,2026-10-07 00:00:00,2026-09-29 00:00:00,P1D,fcre,1.6,ensemble,13,Chla_ugL_mean,3.17399495793952
vera4cast,chlorocast_timesfm,2026-10-08 00:00:00,2026-09-29 00:00:00,P1D,fcre,1.6,ensemble,13,Chla_ugL_mean,3.15433406187225
vera4cast,chlorocast_timesfm,2026-10-09 00:00:00,2026-09-29 00:00:00,P1D,fcre,1.6,ensemble,13,Chla_ugL_mean,3.05392133751566
vera4cast,chlorocast_timesfm,2026-10-10 00:00:00,2026-09-29 00:00:00,P1D,fcre,1.6,ensemble,13,Chla_ugL_mean,2.96692298980314
vera4cast,chlorocast_timesfm,2026-10-11 00:00:00,2026-09-29 00:00:00,P1D,fcre,1.6,ensemble,13,Chla_ugL_mean,2.93595805642021
vera4cast,chlorocast_timesfm,2026-10-12 00:00:00,2026-09-29 00:00:00,P1D,fcre,1.6,ensemble,13,Chla_ugL_mean,2.92622348104904
vera4cast,chlorocast_timesfm,2026-10-13 00:00:00,2026-09-29 00:00:00,P1D,fcre,1.6,ensemble,13,Chla_ugL_mean,2.9629782837405
vera4cast,chlorocast_timesfm,2026-10-14 00:00:00,2026-09-29 00:00:00,P1D,fcre,1.6,ensemble,13,Chla_ugL_mean,2.98003565086911
vera4cast,chlorocast_timesfm,2026-10-15 00:00:00,2026-09-29 00:00:00,P1D,fcre,1.6,ensemble,13,Chla_ugL_mean,3.03590113697704
vera4cast,chlorocast_timesfm,2026-10-16 00:00:00,2026-09-29 00:00:00,P1D,fcre,1.6,ensemble,13,Chla_ugL_mean,2.92733153177442
vera4cast,chlorocast_timesfm,2026-10-17 00:00:00,2026-09-29 00:00:00,P1D,fcre,1.6,ensemble,13,Chla_ugL_mean,3.0766173267413
vera4cast,chlorocast_timesfm,2026-10-18 00:00:00,2026-09-29 00:00:00,P1D,fcre,1.6,ensemble,13,Chla_ugL_mean,3.04196187721382
vera4cast,chlorocast_timesfm,2026-10-19 00:00:00,2026-09-29 00:00:00,P1D,fcre,1.6,ensemble,13,Chla_ugL_mean,2.99040341301458
vera4cast,chlorocast_timesfm,2026-10-20 00:00:00,2026-09-29 00:00:00,P1D,fcre,1.6,ensemble,13,Chla_ugL_mean,3.02417755968336
vera4cast,chlorocast_timesfm,2026-10-21 00:00:00,2026-09-29 00:00:00,P1D,fcre,1.6,ensemble,13,Chla_ugL_mean,2.98583506398561
vera4cast,chlorocast_timesfm,2026-10-22 00:00:00,2026-09-29 00:00:00,P1D,fcre,1.6,ensemble,13,Chla_ugL_mean,2.93399468060948
vera4cast,chlorocast_timesfm,2026-10-23 00:00:00,2026-09-29 00:00:00,P1D,fcre,1.6,ensemble,13,Chla_ugL_mean,2.92198927329719
vera4cast,chlorocast_timesfm,2026-10-24 00:00:00,2026-09-29 00:00:00,P1D,fcre,1.6,ensemble,13,Chla_ugL_mean,2.89926098861207
vera4cast,chlorocast_timesfm,2026-10-25 00:00:00,2026-09-29 00:00:00,P1D,fcre,1.6,ensemble,13,Chla_ugL_mean,2.85154468084546
vera4cast,chlorocast_timesfm,2026-10-26 00:00:00,2026-09-29 00:00:00,P1D,fcre,1.6,ensemble,13,Chla_ugL_mean,2.85364983626228
vera4cast,chlorocast_timesfm,2026-10-27 00:00:00,2026-09-29 00:00:00,P1D,fcre,1.6,ensemble,13,Chla_ugL_mean,2.81936041675936
vera4cast,chlorocast_timesfm,2026-10-28 00:00:00,2026-09-29 00:00:00,P1D,fcre,1.6,ensemble,13,Chla_ugL_mean,2.81827549457575
vera4cast,chlorocast_timesfm,2026-10-29 00:00:00,2026-09-29 00:00:00,P1D,fcre,1.6,ensemble,13,Chla_ugL_mean,2.82397076897272
vera4cast,chlorocast_timesfm,2026-10-30 00:00:00,2026-09-29 00:00:00,P1D,fcre,1.6,ensemble,13,Chla_ugL_mean,2.76892311813034
vera4cast,chlorocast_timesfm,2026-10-31 00:00:00,2026-09-29 00:00:00,P1D,fcre,1.6,ensemble,13,Chla_ugL_mean,2.82330222560157
vera4cast,chlorocast_timesfm,2026-11-01 00:00:00,2026-09-29 00:00:00,P1D,fcre,1.6,ensemble,13,Chla_ugL_mean,2.88551542270598
vera4cast,chlorocast_timesfm,2026-11-02 00:00:00,2026-09-29 00:00:00,P1D,fcre,1.6,ensemble,13,Chla_ugL_mean,2.86107561851528
vera4cast,chlorocast_timesfm,2026-11-03 00:00:00,2026-09-29 00:00:00,P1D,fcre,1.6,ensemble,13,Chla_ugL_mean,2.86205530576389
vera4cast,chlorocast_timesfm,2026-09-30 00:00:00,2026-09-29 00:00:00,P1D,fcre,1.6,ensemble,14,Chla_ugL_mean,3.72175233691163
vera4cast,chlorocast_timesfm,2026-10-01 00:00:00,2026-09-29 00:00:00,P1D,fcre,1.6,ensemble,14,Chla_ugL_mean,3.63172467026531
vera4cast,chlorocast_timesfm,2026-10-02 00:00:00,2026-09-29 00:00:00,P1D,fcre,1.6,ensemble,14,Chla_ugL_mean,3.60110630381876
vera4cast,chlorocast_timesfm,2026-10-03 00:00:00,2026-09-29 00:00:00,P1D,fcre,1.6,ensemble,14,Chla_ugL_mean,3.56600328610737
vera4cast,chlorocast_timesfm,2026-10-04 00:00:00,2026-09-29 00:00:00,P1D,fcre,1.6,ensemble,14,Chla_ugL_mean,3.47478186286648
vera4cast,chlorocast_timesfm,2026-10-05 00:00:00,2026-09-29 00:00:00,P1D,fcre,1.6,ensemble,14,Chla_ugL_mean,3.37347676170126
vera4cast,chlorocast_timesfm,2026-10-06 00:00:00,2026-09-29 00:00:00,P1D,fcre,1.6,ensemble,14,Chla_ugL_mean,3.38346268523619
vera4cast,chlorocast_timesfm,2026-10-07 00:00:00,2026-09-29 00:00:00,P1D,fcre,1.6,ensemble,14,Chla_ugL_mean,3.28602951953666
vera4cast,chlorocast_timesfm,2026-10-08 00:00:00,2026-09-29 00:00:00,P1D,fcre,1.6,ensemble,14,Chla_ugL_mean,3.2666491766059
vera4cast,chlorocast_timesfm,2026-10-09 00:00:00,2026-09-29 00:00:00,P1D,fcre,1.6,ensemble,14,Chla_ugL_mean,3.16745924907678
vera4cast,chlorocast_timesfm,2026-10-10 00:00:00,2026-09-29 00:00:00,P1D,fcre,1.6,ensemble,14,Chla_ugL_mean,3.07931090238872
vera4cast,chlorocast_timesfm,2026-10-11 00:00:00,2026-09-29 00:00:00,P1D,fcre,1.6,ensemble,14,Chla_ugL_mean,3.04867172137305
vera4cast,chlorocast_timesfm,2026-10-12 00:00:00,2026-09-29 00:00:00,P1D,fcre,1.6,ensemble,14,Chla_ugL_mean,3.03917605118748
vera4cast,chlorocast_timesfm,2026-10-13 00:00:00,2026-09-29 00:00:00,P1D,fcre,1.6,ensemble,14,Chla_ugL_mean,3.07811595490735
vera4cast,chlorocast_timesfm,2026-10-14 00:00:00,2026-09-29 00:00:00,P1D,fcre,1.6,ensemble,14,Chla_ugL_mean,3.09728957097403
vera4cast,chlorocast_timesfm,2026-10-15 00:00:00,2026-09-29 00:00:00,P1D,fcre,1.6,ensemble,14,Chla_ugL_mean,3.15430268292397
vera4cast,chlorocast_timesfm,2026-10-16 00:00:00,2026-09-29 00:00:00,P1D,fcre,1.6,ensemble,14,Chla_ugL_mean,3.04640209825511
vera4cast,chlorocast_timesfm,2026-10-17 00:00:00,2026-09-29 00:00:00,P1D,fcre,1.6,ensemble,14,Chla_ugL_mean,3.19672356172884
vera4cast,chlorocast_timesfm,2026-10-18 00:00:00,2026-09-29 00:00:00,P1D,fcre,1.6,ensemble,14,Chla_ugL_mean,3.1627433462648
vera4cast,chlorocast_timesfm,2026-10-19 00:00:00,2026-09-29 00:00:00,P1D,fcre,1.6,ensemble,14,Chla_ugL_mean,3.11157222459848
vera4cast,chlorocast_timesfm,2026-10-20 00:00:00,2026-09-29 00:00:00,P1D,fcre,1.6,ensemble,14,Chla_ugL_mean,3.14601653103243
vera4cast,chlorocast_timesfm,2026-10-21 00:00:00,2026-09-29 00:00:00,P1D,fcre,1.6,ensemble,14,Chla_ugL_mean,3.10813956535223
vera4cast,chlorocast_timesfm,2026-10-22 00:00:00,2026-09-29 00:00:00,P1D,fcre,1.6,ensemble,14,Chla_ugL_mean,3.0552619139879
vera4cast,chlorocast_timesfm,2026-10-23 00:00:00,2026-09-29 00:00:00,P1D,fcre,1.6,ensemble,14,Chla_ugL_mean,3.04282612132713
vera4cast,chlorocast_timesfm,2026-10-24 00:00:00,2026-09-29 00:00:00,P1D,fcre,1.6,ensemble,14,Chla_ugL_mean,3.01965825630386
vera4cast,chlorocast_timesfm,2026-10-25 00:00:00,2026-09-29 00:00:00,P1D,fcre,1.6,ensemble,14,Chla_ugL_mean,2.97236821907915
vera4cast,chlorocast_timesfm,2026-10-26 00:00:00,2026-09-29 00:00:00,P1D,fcre,1.6,ensemble,14,Chla_ugL_mean,2.97506582185473
vera4cast,chlorocast_timesfm,2026-10-27 00:00:00,2026-09-29 00:00:00,P1D,fcre,1.6,ensemble,14,Chla_ugL_mean,2.94095265279594
vera4cast,chlorocast_timesfm,2026-10-28 00:00:00,2026-09-29 00:00:00,P1D,fcre,1.6,ensemble,14,Chla_ugL_mean,2.94002075530663
vera4cast,chlorocast_timesfm,2026-10-29 00:00:00,2026-09-29 00:00:00,P1D,fcre,1.6,ensemble,14,Chla_ugL_mean,2.94558393641992
vera4cast,chlorocast_timesfm,2026-10-30 00:00:00,2026-09-29 00:00:00,P1D,fcre,1.6,ensemble,14,Chla_ugL_mean,2.88980703771597
vera4cast,chlorocast_timesfm,2026-10-31 00:00:00,2026-09-29 00:00:00,P1D,fcre,1.6,ensemble,14,Chla_ugL_mean,2.94531724505973
vera4cast,chlorocast_timesfm,2026-11-01 00:00:00,2026-09-29 00:00:00,P1D,fcre,1.6,ensemble,14,Chla_ugL_mean,3.00834953820697
vera4cast,chlorocast_timesfm,2026-11-02 00:00:00,2026-09-29 00:00:00,P1D,fcre,1.6,ensemble,14,Chla_ugL_mean,2.98387533852665
vera4cast,chlorocast_timesfm,2026-11-03 00:00:00,2026-09-29 00:00:00,P1D,fcre,1.6,ensemble,14,Chla_ugL_mean,2.9849750867601
vera4cast,chlorocast_timesfm,2026-09-30 00:00:00,2026-09-29 00:00:00,P1D,fcre,1.6,ensemble,15,Chla_ugL_mean,3.82548790115152
vera4cast,chlorocast_timesfm,2026-10-01 00:00:00,2026-09-29 00:00:00,P1D,fcre,1.6,ensemble,15,Chla_ugL_mean,3.7359919066885
vera4cast,chlorocast_timesfm,2026-10-02 00:00:00,2026-09-29 00:00:00,P1D,fcre,1.6,ensemble,15,Chla_ugL_mean,3.70648569106693
vera4cast,chlorocast_timesfm,2026-10-03 00:00:00,2026-09-29 00:00:00,P1D,fcre,1.6,ensemble,15,Chla_ugL_mean,3.67338903240738
vera4cast,chlorocast_timesfm,2026-10-04 00:00:00,2026-09-29 00:00:00,P1D,fcre,1.6,ensemble,15,Chla_ugL_mean,3.58279609501567
vera4cast,chlorocast_timesfm,2026-10-05 00:00:00,2026-09-29 00:00:00,P1D,fcre,1.6,ensemble,15,Chla_ugL_mean,3.48128676696009
vera4cast,chlorocast_timesfm,2026-10-06 00:00:00,2026-09-29 00:00:00,P1D,fcre,1.6,ensemble,15,Chla_ugL_mean,3.49223009846262
vera4cast,chlorocast_timesfm,2026-10-07 00:00:00,2026-09-29 00:00:00,P1D,fcre,1.6,ensemble,15,Chla_ugL_mean,3.39458517729898
vera4cast,chlorocast_timesfm,2026-10-08 00:00:00,2026-09-29 00:00:00,P1D,fcre,1.6,ensemble,15,Chla_ugL_mean,3.37549671684135
vera4cast,chlorocast_timesfm,2026-10-09 00:00:00,2026-09-29 00:00:00,P1D,fcre,1.6,ensemble,15,Chla_ugL_mean,3.27759296993703
vera4cast,chlorocast_timesfm,2026-10-10 00:00:00,2026-09-29 00:00:00,P1D,fcre,1.6,ensemble,15,Chla_ugL_mean,3.18836253190143
vera4cast,chlorocast_timesfm,2026-10-11 00:00:00,2026-09-29 00:00:00,P1D,fcre,1.6,ensemble,15,Chla_ugL_mean,3.15807102710039
vera4cast,chlorocast_timesfm,2026-10-12 00:00:00,2026-09-29 00:00:00,P1D,fcre,1.6,ensemble,15,Chla_ugL_mean,3.14882089469898
vera4cast,chlorocast_timesfm,2026-10-13 00:00:00,2026-09-29 00:00:00,P1D,fcre,1.6,ensemble,15,Chla_ugL_mean,3.18991195664872
vera4cast,chlorocast_timesfm,2026-10-14 00:00:00,2026-09-29 00:00:00,P1D,fcre,1.6,ensemble,15,Chla_ugL_mean,3.21118418634084
vera4cast,chlorocast_timesfm,2026-10-15 00:00:00,2026-09-29 00:00:00,P1D,fcre,1.6,ensemble,15,Chla_ugL_mean,3.26929864164586
vera4cast,chlorocast_timesfm,2026-10-16 00:00:00,2026-09-29 00:00:00,P1D,fcre,1.6,ensemble,15,Chla_ugL_mean,3.1621549900137
vera4cast,chlorocast_timesfm,2026-10-17 00:00:00,2026-09-29 00:00:00,P1D,fcre,1.6,ensemble,15,Chla_ugL_mean,3.31338896191927
vera4cast,chlorocast_timesfm,2026-10-18 00:00:00,2026-09-29 00:00:00,P1D,fcre,1.6,ensemble,15,Chla_ugL_mean,3.28011111815816
vera4cast,chlorocast_timesfm,2026-10-19 00:00:00,2026-09-29 00:00:00,P1D,fcre,1.6,ensemble,15,Chla_ugL_mean,3.2293700771315
vera4cast,chlorocast_timesfm,2026-10-20 00:00:00,2026-09-29 00:00:00,P1D,fcre,1.6,ensemble,15,Chla_ugL_mean,3.26445603208734
vera4cast,chlorocast_timesfm,2026-10-21 00:00:00,2026-09-29 00:00:00,P1D,fcre,1.6,ensemble,15,Chla_ugL_mean,3.22707737165059
vera4cast,chlorocast_timesfm,2026-10-22 00:00:00,2026-09-29 00:00:00,P1D,fcre,1.6,ensemble,15,Chla_ugL_mean,3.17320664937789
vera4cast,chlorocast_timesfm,2026-10-23 00:00:00,2026-09-29 00:00:00,P1D,fcre,1.6,ensemble,15,Chla_ugL_mean,3.16035055913218
vera4cast,chlorocast_timesfm,2026-10-24 00:00:00,2026-09-29 00:00:00,P1D,fcre,1.6,ensemble,15,Chla_ugL_mean,3.13676254452249
vera4cast,chlorocast_timesfm,2026-10-25 00:00:00,2026-09-29 00:00:00,P1D,fcre,1.6,ensemble,15,Chla_ugL_mean,3.08994176265191
vera4cast,chlorocast_timesfm,2026-10-26 00:00:00,2026-09-29 00:00:00,P1D,fcre,1.6,ensemble,15,Chla_ugL_mean,3.09323108507117
vera4cast,chlorocast_timesfm,2026-10-27 00:00:00,2026-09-29 00:00:00,P1D,fcre,1.6,ensemble,15,Chla_ugL_mean,3.05932613052415
vera4cast,chlorocast_timesfm,2026-10-28 00:00:00,2026-09-29 00:00:00,P1D,fcre,1.6,ensemble,15,Chla_ugL_mean,3.05854869071876
vera4cast,chlorocast_timesfm,2026-10-29 00:00:00,2026-09-29 00:00:00,P1D,fcre,1.6,ensemble,15,Chla_ugL_mean,3.06397412165944
vera4cast,chlorocast_timesfm,2026-10-30 00:00:00,2026-09-29 00:00:00,P1D,fcre,1.6,ensemble,15,Chla_ugL_mean,3.00751734191658
vera4cast,chlorocast_timesfm,2026-10-31 00:00:00,2026-09-29 00:00:00,P1D,fcre,1.6,ensemble,15,Chla_ugL_mean,3.06411101416842
vera4cast,chlorocast_timesfm,2026-11-01 00:00:00,2026-09-29 00:00:00,P1D,fcre,1.6,ensemble,15,Chla_ugL_mean,3.12790696863354
vera4cast,chlorocast_timesfm,2026-11-02 00:00:00,2026-09-29 00:00:00,P1D,fcre,1.6,ensemble,15,Chla_ugL_mean,3.10342082034166
vera4cast,chlorocast_timesfm,2026-11-03 00:00:00,2026-09-29 00:00:00,P1D,fcre,1.6,ensemble,15,Chla_ugL_mean,3.10464004247736
vera4cast,chlorocast_timesfm,2026-09-30 00:00:00,2026-09-29 00:00:00,P1D,fcre,1.6,ensemble,16,Chla_ugL_mean,3.9259874079743
vera4cast,chlorocast_timesfm,2026-10-01 00:00:00,2026-09-29 00:00:00,P1D,fcre,1.6,ensemble,16,Chla_ugL_mean,3.8370586660704
vera4cast,chlorocast_timesfm,2026-10-02 00:00:00,2026-09-29 00:00:00,P1D,fcre,1.6,ensemble,16,Chla_ugL_mean,3.80866856052233
vera4cast,chlorocast_timesfm,2026-10-03 00:00:00,2026-09-29 00:00:00,P1D,fcre,1.6,ensemble,16,Chla_ugL_mean,3.77757843052683
vera4cast,chlorocast_timesfm,2026-10-04 00:00:00,2026-09-29 00:00:00,P1D,fcre,1.6,ensemble,16,Chla_ugL_mean,3.68765709639525
vera4cast,chlorocast_timesfm,2026-10-05 00:00:00,2026-09-29 00:00:00,P1D,fcre,1.6,ensemble,16,Chla_ugL_mean,3.58600051296761
vera4cast,chlorocast_timesfm,2026-10-06 00:00:00,2026-09-29 00:00:00,P1D,fcre,1.6,ensemble,16,Chla_ugL_mean,3.5978900509451
vera4cast,chlorocast_timesfm,2026-10-07 00:00:00,2026-09-29 00:00:00,P1D,fcre,1.6,ensemble,16,Chla_ugL_mean,3.50009100882938
vera4cast,chlorocast_timesfm,2026-10-08 00:00:00,2026-09-29 00:00:00,P1D,fcre,1.6,ensemble,16,Chla_ugL_mean,3.48130466754691
vera4cast,chlorocast_timesfm,2026-10-09 00:00:00,2026-09-29 00:00:00,P1D,fcre,1.6,ensemble,16,Chla_ugL_mean,3.38474430837848
vera4cast,chlorocast_timesfm,2026-10-10 00:00:00,2026-09-29 00:00:00,P1D,fcre,1.6,ensemble,16,Chla_ugL_mean,3.29449186935351
vera4cast,chlorocast_timesfm,2026-10-11 00:00:00,2026-09-29 00:00:00,P1D,fcre,1.6,ensemble,16,Chla_ugL_mean,3.2645678309819
vera4cast,chlorocast_timesfm,2026-10-12 00:00:00,2026-09-29 00:00:00,P1D,fcre,1.6,ensemble,16,Chla_ugL_mean,3.25556930593368
vera4cast,chlorocast_timesfm,2026-10-13 00:00:00,2026-09-29 00:00:00,P1D,fcre,1.6,ensemble,16,Chla_ugL_mean,3.29878239141526
vera4cast,chlorocast_timesfm,2026-10-14 00:00:00,2026-09-29 00:00:00,P1D,fcre,1.6,ensemble,16,Chla_ugL_mean,3.32213868491986
vera4cast,chlorocast_timesfm,2026-10-15 00:00:00,2026-09-29 00:00:00,P1D,fcre,1.6,ensemble,16,Chla_ugL_mean,3.38131369733354
vera4cast,chlorocast_timesfm,2026-10-16 00:00:00,2026-09-29 00:00:00,P1D,fcre,1.6,ensemble,16,Chla_ugL_mean,3.27500622867589
vera4cast,chlorocast_timesfm,2026-10-17 00:00:00,2026-09-29 00:00:00,P1D,fcre,1.6,ensemble,16,Chla_ugL_mean,3.42704289286134
vera4cast,chlorocast_timesfm,2026-10-18 00:00:00,2026-09-29 00:00:00,P1D,fcre,1.6,ensemble,16,Chla_ugL_mean,3.39449216149017
vera4cast,chlorocast_timesfm,2026-10-19 00:00:00,2026-09-29 00:00:00,P1D,fcre,1.6,ensemble,16,Chla_ugL_mean,3.34421979314432
vera4cast,chlorocast_timesfm,2026-10-20 00:00:00,2026-09-29 00:00:00,P1D,fcre,1.6,ensemble,16,Chla_ugL_mean,3.37992223431254
vera4cast,chlorocast_timesfm,2026-10-21 00:00:00,2026-09-29 00:00:00,P1D,fcre,1.6,ensemble,16,Chla_ugL_mean,3.34307160887908
vera4cast,chlorocast_timesfm,2026-10-22 00:00:00,2026-09-29 00:00:00,P1D,fcre,1.6,ensemble,16,Chla_ugL_mean,3.28824683381166
vera4cast,chlorocast_timesfm,2026-10-23 00:00:00,2026-09-29 00:00:00,P1D,fcre,1.6,ensemble,16,Chla_ugL_mean,3.27497922347612
vera4cast,chlorocast_timesfm,2026-10-24 00:00:00,2026-09-29 00:00:00,P1D,fcre,1.6,ensemble,16,Chla_ugL_mean,3.2509882251343
vera4cast,chlorocast_timesfm,2026-10-25 00:00:00,2026-09-29 00:00:00,P1D,fcre,1.6,ensemble,16,Chla_ugL_mean,3.20467562939877
vera4cast,chlorocast_timesfm,2026-10-26 00:00:00,2026-09-29 00:00:00,P1D,fcre,1.6,ensemble,16,Chla_ugL_mean,3.2085564271899
vera4cast,chlorocast_timesfm,2026-10-27 00:00:00,2026-09-29 00:00:00,P1D,fcre,1.6,ensemble,16,Chla_ugL_mean,3.17488857521375
vera4cast,chlorocast_timesfm,2026-10-28 00:00:00,2026-09-29 00:00:00,P1D,fcre,1.6,ensemble,16,Chla_ugL_mean,3.17426699197712
vera4cast,chlorocast_timesfm,2026-10-29 00:00:00,2026-09-29 00:00:00,P1D,fcre,1.6,ensemble,16,Chla_ugL_mean,3.17954948661361
vera4cast,chlorocast_timesfm,2026-10-30 00:00:00,2026-09-29 00:00:00,P1D,fcre,1.6,ensemble,16,Chla_ugL_mean,3.12245675137852
vera4cast,chlorocast_timesfm,2026-10-31 00:00:00,2026-09-29 00:00:00,P1D,fcre,1.6,ensemble,16,Chla_ugL_mean,3.18009180794389
vera4cast,chlorocast_timesfm,2026-11-01 00:00:00,2026-09-29 00:00:00,P1D,fcre,1.6,ensemble,16,Chla_ugL_mean,3.24460210925505
vera4cast,chlorocast_timesfm,2026-11-02 00:00:00,2026-09-29 00:00:00,P1D,fcre,1.6,ensemble,16,Chla_ugL_mean,3.22012418925616
vera4cast,chlorocast_timesfm,2026-11-03 00:00:00,2026-09-29 00:00:00,P1D,fcre,1.6,ensemble,16,Chla_ugL_mean,3.22146244203797
vera4cast,chlorocast_timesfm,2026-09-30 00:00:00,2026-09-29 00:00:00,P1D,fcre,1.6,ensemble,17,Chla_ugL_mean,4.02362452068563
vera4cast,chlorocast_timesfm,2026-10-01 00:00:00,2026-09-29 00:00:00,P1D,fcre,1.6,ensemble,17,Chla_ugL_mean,3.93529506135939
vera4cast,chlorocast_timesfm,2026-10-02 00:00:00,2026-09-29 00:00:00,P1D,fcre,1.6,ensemble,17,Chla_ugL_mean,3.90802501199445
vera4cast,chlorocast_timesfm,2026-10-03 00:00:00,2026-09-29 00:00:00,P1D,fcre,1.6,ensemble,17,Chla_ugL_mean,3.87894233431434
vera4cast,chlorocast_timesfm,2026-10-04 00:00:00,2026-09-29 00:00:00,P1D,fcre,1.6,ensemble,17,Chla_ugL_mean,3.78973158247642
vera4cast,chlorocast_timesfm,2026-10-05 00:00:00,2026-09-29 00:00:00,P1D,fcre,1.6,ensemble,17,Chla_ugL_mean,3.68797886616614
vera4cast,chlorocast_timesfm,2026-10-06 00:00:00,2026-09-29 00:00:00,P1D,fcre,1.6,ensemble,17,Chla_ugL_mean,3.70080497627834
vera4cast,chlorocast_timesfm,2026-10-07 00:00:00,2026-09-29 00:00:00,P1D,fcre,1.6,ensemble,17,Chla_ugL_mean,3.60290358816739
vera4cast,chlorocast_timesfm,2026-10-08 00:00:00,2026-09-29 00:00:00,P1D,fcre,1.6,ensemble,17,Chla_ugL_mean,3.58442873047528
vera4cast,chlorocast_timesfm,2026-10-09 00:00:00,2026-09-29 00:00:00,P1D,fcre,1.6,ensemble,17,Chla_ugL_mean,3.48926400868963
vera4cast,chlorocast_timesfm,2026-10-10 00:00:00,2026-09-29 00:00:00,P1D,fcre,1.6,ensemble,17,Chla_ugL_mean,3.39804321659177
vera4cast,chlorocast_timesfm,2026-10-11 00:00:00,2026-09-29 00:00:00,P1D,fcre,1.6,ensemble,17,Chla_ugL_mean,3.36850471467445
vera4cast,chlorocast_timesfm,2026-10-12 00:00:00,2026-09-29 00:00:00,P1D,fcre,1.6,ensemble,17,Chla_ugL_mean,3.35976342162726
vera4cast,chlorocast_timesfm,2026-10-13 00:00:00,2026-09-29 00:00:00,P1D,fcre,1.6,ensemble,17,Chla_ugL_mean,3.40507344673386
vera4cast,chlorocast_timesfm,2026-10-14 00:00:00,2026-09-29 00:00:00,P1D,fcre,1.6,ensemble,17,Chla_ugL_mean,3.43050189517913
vera4cast,chlorocast_timesfm,2026-10-15 00:00:00,2026-09-29 00:00:00,P1D,fcre,1.6,ensemble,17,Chla_ugL_mean,3.49070122946042
vera4cast,chlorocast_timesfm,2026-10-16 00:00:00,2026-09-29 00:00:00,P1D,fcre,1.6,ensemble,17,Chla_ugL_mean,3.38530216290434
vera4cast,chlorocast_timesfm,2026-10-17 00:00:00,2026-09-29 00:00:00,P1D,fcre,1.6,ensemble,17,Chla_ugL_mean,3.53804265265914
vera4cast,chlorocast_timesfm,2026-10-18 00:00:00,2026-09-29 00:00:00,P1D,fcre,1.6,ensemble,17,Chla_ugL_mean,3.50624185746955
vera4cast,chlorocast_timesfm,2026-10-19 00:00:00,2026-09-29 00:00:00,P1D,fcre,1.6,ensemble,17,Chla_ugL_mean,3.4564733918156
vera4cast,chlorocast_timesfm,2026-10-20 00:00:00,2026-09-29 00:00:00,P1D,fcre,1.6,ensemble,17,Chla_ugL_mean,3.49276992862954
vera4cast,chlorocast_timesfm,2026-10-21 00:00:00,2026-09-29 00:00:00,P1D,fcre,1.6,ensemble,17,Chla_ugL_mean,3.45647460789925
vera4cast,chlorocast_timesfm,2026-10-22 00:00:00,2026-09-29 00:00:00,P1D,fcre,1.6,ensemble,17,Chla_ugL_mean,3.40073051140184
vera4cast,chlorocast_timesfm,2026-10-23 00:00:00,2026-09-29 00:00:00,P1D,fcre,1.6,ensemble,17,Chla_ugL_mean,3.38705906454759
vera4cast,chlorocast_timesfm,2026-10-24 00:00:00,2026-09-29 00:00:00,P1D,fcre,1.6,ensemble,17,Chla_ugL_mean,3.36268037437407
vera4cast,chlorocast_timesfm,2026-10-25 00:00:00,2026-09-29 00:00:00,P1D,fcre,1.6,ensemble,17,Chla_ugL_mean,3.31691160820517
vera4cast,chlorocast_timesfm,2026-10-26 00:00:00,2026-09-29 00:00:00,P1D,fcre,1.6,ensemble,17,Chla_ugL_mean,3.32138406446699
vera4cast,chlorocast_timesfm,2026-10-27 00:00:00,2026-09-29 00:00:00,P1D,fcre,1.6,ensemble,17,Chla_ugL_mean,3.28797969976385
vera4cast,chlorocast_timesfm,2026-10-28 00:00:00,2026-09-29 00:00:00,P1D,fcre,1.6,ensemble,17,Chla_ugL_mean,3.28751535240401
vera4cast,chlorocast_timesfm,2026-10-29 00:00:00,2026-09-29 00:00:00,P1D,fcre,1.6,ensemble,17,Chla_ugL_mean,3.29265010207043
vera4cast,chlorocast_timesfm,2026-10-30 00:00:00,2026-09-29 00:00:00,P1D,fcre,1.6,ensemble,17,Chla_ugL_mean,3.23496085155567
vera4cast,chlorocast_timesfm,2026-10-31 00:00:00,2026-09-29 00:00:00,P1D,fcre,1.6,ensemble,17,Chla_ugL_mean,3.29359981134242
vera4cast,chlorocast_timesfm,2026-11-01 00:00:00,2026-09-29 00:00:00,P1D,fcre,1.6,ensemble,17,Chla_ugL_mean,3.35878018972565
vera4cast,chlorocast_timesfm,2026-11-02 00:00:00,2026-09-29 00:00:00,P1D,fcre,1.6,ensemble,17,Chla_ugL_mean,3.33432881855317
vera4cast,chlorocast_timesfm,2026-11-03 00:00:00,2026-09-29 00:00:00,P1D,fcre,1.6,ensemble,17,Chla_ugL_mean,3.3357857827446
vera4cast,chlorocast_timesfm,2026-09-30 00:00:00,2026-09-29 00:00:00,P1D,fcre,1.6,ensemble,18,Chla_ugL_mean,4.11871308109838
vera4cast,chlorocast_timesfm,2026-10-01 00:00:00,2026-09-29 00:00:00,P1D,fcre,1.6,ensemble,18,Chla_ugL_mean,4.03101204158732
vera4cast,chlorocast_timesfm,2026-10-02 00:00:00,2026-09-29 00:00:00,P1D,fcre,1.6,ensemble,18,Chla_ugL_mean,4.00486604798112
vera4cast,chlorocast_timesfm,2026-10-03 00:00:00,2026-09-29 00:00:00,P1D,fcre,1.6,ensemble,18,Chla_ugL_mean,3.9777924816551
vera4cast,chlorocast_timesfm,2026-10-04 00:00:00,2026-09-29 00:00:00,P1D,fcre,1.6,ensemble,18,Chla_ugL_mean,3.88932791400095
vera4cast,chlorocast_timesfm,2026-10-05 00:00:00,2026-09-29 00:00:00,P1D,fcre,1.6,ensemble,18,Chla_ugL_mean,3.78752535182775
vera4cast,chlorocast_timesfm,2026-10-06 00:00:00,2026-09-29 00:00:00,P1D,fcre,1.6,ensemble,18,Chla_ugL_mean,3.80127974424874
vera4cast,chlorocast_timesfm,2026-10-07 00:00:00,2026-09-29 00:00:00,P1D,fcre,1.6,ensemble,18,Chla_ugL_mean,3.70332293867113
vera4cast,chlorocast_timesfm,2026-10-08 00:00:00,2026-09-29 00:00:00,P1D,fcre,1.6,ensemble,18,Chla_ugL_mean,3.68516822442746
vera4cast,chlorocast_timesfm,2026-10-09 00:00:00,2026-09-29 00:00:00,P1D,fcre,1.6,ensemble,18,Chla_ugL_mean,3.59144736324518
vera4cast,chlorocast_timesfm,2026-10-10 00:00:00,2026-09-29 00:00:00,P1D,fcre,1.6,ensemble,18,Chla_ugL_mean,3.49930648990812
vera4cast,chlorocast_timesfm,2026-10-11 00:00:00,2026-09-29 00:00:00,P1D,fcre,1.6,ensemble,18,Chla_ugL_mean,3.470170190958
vera4cast,chlorocast_timesfm,2026-10-12 00:00:00,2026-09-29 00:00:00,P1D,fcre,1.6,ensemble,18,Chla_ugL_mean,3.46169139926411
vera4cast,chlorocast_timesfm,2026-10-13 00:00:00,2026-09-29 00:00:00,P1D,fcre,1.6,ensemble,18,Chla_ugL_mean,3.50907673423661
vera4cast,chlorocast_timesfm,2026-10-14 00:00:00,2026-09-29 00:00:00,P1D,fcre,1.6,ensemble,18,Chla_ugL_mean,3.53656771476378
vera4cast,chlorocast_timesfm,2026-10-15 00:00:00,2026-09-29 00:00:00,P1D,fcre,1.6,ensemble,18,Chla_ugL_mean,3.59775895113407
vera4cast,chlorocast_timesfm,2026-10-16 00:00:00,2026-09-29 00:00:00,P1D,fcre,1.6,ensemble,18,Chla_ugL_mean,3.49333473034107
vera4cast,chlorocast_timesfm,2026-10-17 00:00:00,2026-09-29 00:00:00,P1D,fcre,1.6,ensemble,18,Chla_ugL_mean,3.64668927512532
vera4cast,chlorocast_timesfm,2026-10-18 00:00:00,2026-09-29 00:00:00,P1D,fcre,1.6,ensemble,18,Chla_ugL_mean,3.61565968961788
vera4cast,chlorocast_timesfm,2026-10-19 00:00:00,2026-09-29 00:00:00,P1D,fcre,1.6,ensemble,18,Chla_ugL_mean,3.56642759764704
vera4cast,chlorocast_timesfm,2026-10-20 00:00:00,2026-09-29 00:00:00,P1D,fcre,1.6,ensemble,18,Chla_ugL_mean,3.60329816220188
vera4cast,chlorocast_timesfm,2026-10-21 00:00:00,2026-09-29 00:00:00,P1D,fcre,1.6,ensemble,18,Chla_ugL_mean,3.56758340530898
vera4cast,chlorocast_timesfm,2026-10-22 00:00:00,2026-09-29 00:00:00,P1D,fcre,1.6,ensemble,18,Chla_ugL_mean,3.5109511262722
vera4cast,chlorocast_timesfm,2026-10-23 00:00:00,2026-09-29 00:00:00,P1D,fcre,1.6,ensemble,18,Chla_ugL_mean,3.49688260181082
vera4cast,chlorocast_timesfm,2026-10-24 00:00:00,2026-09-29 00:00:00,P1D,fcre,1.6,ensemble,18,Chla_ugL_mean,3.47212994189434
vera4cast,chlorocast_timesfm,2026-10-25 00:00:00,2026-09-29 00:00:00,P1D,fcre,1.6,ensemble,18,Chla_ugL_mean,3.42693795144215
vera4cast,chlorocast_timesfm,2026-10-26 00:00:00,2026-09-29 00:00:00,P1D,fcre,1.6,ensemble,18,Chla_ugL_mean,3.43200263043018
vera4cast,chlorocast_timesfm,2026-10-27 00:00:00,2026-09-29 00:00:00,P1D,fcre,1.6,ensemble,18,Chla_ugL_mean,3.3988860760293
vera4cast,chlorocast_timesfm,2026-10-28 00:00:00,2026-09-29 00:00:00,P1D,fcre,1.6,ensemble,18,Chla_ugL_mean,3.3985803347828
vera4cast,chlorocast_timesfm,2026-10-29 00:00:00,2026-09-29 00:00:00,P1D,fcre,1.6,ensemble,18,Chla_ugL_mean,3.40356283680044
vera4cast,chlorocast_timesfm,2026-10-30 00:00:00,2026-09-29 00:00:00,P1D,fcre,1.6,ensemble,18,Chla_ugL_mean,3.34531276820093
vera4cast,chlorocast_timesfm,2026-10-31 00:00:00,2026-09-29 00:00:00,P1D,fcre,1.6,ensemble,18,Chla_ugL_mean,3.40492200623372
vera4cast,chlorocast_timesfm,2026-11-01 00:00:00,2026-09-29 00:00:00,P1D,fcre,1.6,ensemble,18,Chla_ugL_mean,3.47073240148986
vera4cast,chlorocast_timesfm,2026-11-02 00:00:00,2026-09-29 00:00:00,P1D,fcre,1.6,ensemble,18,Chla_ugL_mean,3.44632436310104
vera4cast,chlorocast_timesfm,2026-11-03 00:00:00,2026-09-29 00:00:00,P1D,fcre,1.6,ensemble,18,Chla_ugL_mean,3.44789982760787
vera4cast,chlorocast_timesfm,2026-09-30 00:00:00,2026-09-29 00:00:00,P1D,fcre,1.6,ensemble,19,Chla_ugL_mean,4.21151959276941
vera4cast,chlorocast_timesfm,2026-10-01 00:00:00,2026-09-29 00:00:00,P1D,fcre,1.6,ensemble,19,Chla_ugL_mean,4.12447372779076
vera4cast,chlorocast_timesfm,2026-10-02 00:00:00,2026-09-29 00:00:00,P1D,fcre,1.6,ensemble,19,Chla_ugL_mean,4.09945588849765
vera4cast,chlorocast_timesfm,2026-10-03 00:00:00,2026-09-29 00:00:00,P1D,fcre,1.6,ensemble,19,Chla_ugL_mean,4.07439380199982
vera4cast,chlorocast_timesfm,2026-10-04 00:00:00,2026-09-29 00:00:00,P1D,fcre,1.6,ensemble,19,Chla_ugL_mean,3.98670823508276
vera4cast,chlorocast_timesfm,2026-10-05 00:00:00,2026-09-29 00:00:00,P1D,fcre,1.6,ensemble,19,Chla_ugL_mean,3.88489807257654
vera4cast,chlorocast_timesfm,2026-10-06 00:00:00,2026-09-29 00:00:00,P1D,fcre,1.6,ensemble,19,Chla_ugL_mean,3.89957362287635
vera4cast,chlorocast_timesfm,2026-10-07 00:00:00,2026-09-29 00:00:00,P1D,fcre,1.6,ensemble,19,Chla_ugL_mean,3.80160427602132
vera4cast,chlorocast_timesfm,2026-10-08 00:00:00,2026-09-29 00:00:00,P1D,fcre,1.6,ensemble,19,Chla_ugL_mean,3.7837777904352
vera4cast,chlorocast_timesfm,2026-10-09 00:00:00,2026-09-29 00:00:00,P1D,fcre,1.6,ensemble,19,Chla_ugL_mean,3.69154570996053
vera4cast,chlorocast_timesfm,2026-10-10 00:00:00,2026-09-29 00:00:00,P1D,fcre,1.6,ensemble,19,Chla_ugL_mean,3.59852849175573
vera4cast,chlorocast_timesfm,2026-10-11 00:00:00,2026-09-29 00:00:00,P1D,fcre,1.6,ensemble,19,Chla_ugL_mean,3.56980990551485
vera4cast,chlorocast_timesfm,2026-10-12 00:00:00,2026-09-29 00:00:00,P1D,fcre,1.6,ensemble,19,Chla_ugL_mean,3.56159859844791
vera4cast,chlorocast_timesfm,2026-10-13 00:00:00,2026-09-29 00:00:00,P1D,fcre,1.6,ensemble,19,Chla_ugL_mean,3.61104059063237
vera4cast,chlorocast_timesfm,2026-10-14 00:00:00,2026-09-29 00:00:00,P1D,fcre,1.6,ensemble,19,Chla_ugL_mean,3.64058647928245
vera4cast,chlorocast_timesfm,2026-10-15 00:00:00,2026-09-29 00:00:00,P1D,fcre,1.6,ensemble,19,Chla_ugL_mean,3.7027404318512
vera4cast,chlorocast_timesfm,2026-10-16 00:00:00,2026-09-29 00:00:00,P1D,fcre,1.6,ensemble,19,Chla_ugL_mean,3.59935270721543
vera4cast,chlorocast_timesfm,2026-10-17 00:00:00,2026-09-29 00:00:00,P1D,fcre,1.6,ensemble,19,Chla_ugL_mean,3.7532391745253
vera4cast,chlorocast_timesfm,2026-10-18 00:00:00,2026-09-29 00:00:00,P1D,fcre,1.6,ensemble,19,Chla_ugL_mean,3.72300080676669
vera4cast,chlorocast_timesfm,2026-10-19 00:00:00,2026-09-29 00:00:00,P1D,fcre,1.6,ensemble,19,Chla_ugL_mean,3.6743352721393
vera4cast,chlorocast_timesfm,2026-10-20 00:00:00,2026-09-29 00:00:00,P1D,fcre,1.6,ensemble,19,Chla_ugL_mean,3.71176176415879
vera4cast,chlorocast_timesfm,2026-10-21 00:00:00,2026-09-29 00:00:00,P1D,fcre,1.6,ensemble,19,Chla_ugL_mean,3.67665117074047
vera4cast,chlorocast_timesfm,2026-10-22 00:00:00,2026-09-29 00:00:00,P1D,fcre,1.6,ensemble,19,Chla_ugL_mean,3.61915880452551
vera4cast,chlorocast_timesfm,2026-10-23 00:00:00,2026-09-29 00:00:00,P1D,fcre,1.6,ensemble,19,Chla_ugL_mean,3.60469917119942
vera4cast,chlorocast_timesfm,2026-10-24 00:00:00,2026-09-29 00:00:00,P1D,fcre,1.6,ensemble,19,Chla_ugL_mean,3.57958493424534
vera4cast,chlorocast_timesfm,2026-10-25 00:00:00,2026-09-29 00:00:00,P1D,fcre,1.6,ensemble,19,Chla_ugL_mean,3.53500043026208
vera4cast,chlorocast_timesfm,2026-10-26 00:00:00,2026-09-29 00:00:00,P1D,fcre,1.6,ensemble,19,Chla_ugL_mean,3.54065823900228
vera4cast,chlorocast_timesfm,2026-10-27 00:00:00,2026-09-29 00:00:00,P1D,fcre,1.6,ensemble,19,Chla_ugL_mean,3.5078521026915
vera4cast,chlorocast_timesfm,2026-10-28 00:00:00,2026-09-29 00:00:00,P1D,fcre,1.6,ensemble,19,Chla_ugL_mean,3.50770633645937
vera4cast,chlorocast_timesfm,2026-10-29 00:00:00,2026-09-29 00:00:00,P1D,fcre,1.6,ensemble,19,Chla_ugL_mean,3.51253233841589
vera4cast,chlorocast_timesfm,2026-10-30 00:00:00,2026-09-29 00:00:00,P1D,fcre,1.6,ensemble,19,Chla_ugL_mean,3.45375399174769
vera4cast,chlorocast_timesfm,2026-10-31 00:00:00,2026-09-29 00:00:00,P1D,fcre,1.6,ensemble,19,Chla_ugL_mean,3.51430315112438
vera4cast,chlorocast_timesfm,2026-11-01 00:00:00,2026-09-29 00:00:00,P1D,fcre,1.6,ensemble,19,Chla_ugL_mean,3.58070705360506
vera4cast,chlorocast_timesfm,2026-11-02 00:00:00,2026-09-29 00:00:00,P1D,fcre,1.6,ensemble,19,Chla_ugL_mean,3.55635784677567
vera4cast,chlorocast_timesfm,2026-11-03 00:00:00,2026-09-29 00:00:00,P1D,fcre,1.6,ensemble,19,Chla_ugL_mean,3.55805169576024
vera4cast,chlorocast_timesfm,2026-09-30 00:00:00,2026-09-29 00:00:00,P1D,fcre,1.6,ensemble,20,Chla_ugL_mean,4.3022725734149
vera4cast,chlorocast_timesfm,2026-10-01 00:00:00,2026-09-29 00:00:00,P1D,fcre,1.6,ensemble,20,Chla_ugL_mean,4.21590665714965
vera4cast,chlorocast_timesfm,2026-10-02 00:00:00,2026-09-29 00:00:00,P1D,fcre,1.6,ensemble,20,Chla_ugL_mean,4.19202120090807
vera4cast,chlorocast_timesfm,2026-10-03 00:00:00,2026-09-29 00:00:00,P1D,fcre,1.6,ensemble,20,Chla_ugL_mean,4.16897364306008
vera4cast,chlorocast_timesfm,2026-10-04 00:00:00,2026-09-29 00:00:00,P1D,fcre,1.6,ensemble,20,Chla_ugL_mean,4.08209757518475
vera4cast,chlorocast_timesfm,2026-10-05 00:00:00,2026-09-29 00:00:00,P1D,fcre,1.6,ensemble,20,Chla_ugL_mean,3.98031864755767
vera4cast,chlorocast_timesfm,2026-10-06 00:00:00,2026-09-29 00:00:00,P1D,fcre,1.6,ensemble,20,Chla_ugL_mean,3.99590925080873
vera4cast,chlorocast_timesfm,2026-10-07 00:00:00,2026-09-29 00:00:00,P1D,fcre,1.6,ensemble,20,Chla_ugL_mean,3.89796681812903
vera4cast,chlorocast_timesfm,2026-10-08 00:00:00,2026-09-29 00:00:00,P1D,fcre,1.6,ensemble,20,Chla_ugL_mean,3.88047617393269
vera4cast,chlorocast_timesfm,2026-10-09 00:00:00,2026-09-29 00:00:00,P1D,fcre,1.6,ensemble,20,Chla_ugL_mean,3.78977506171147
vera4cast,chlorocast_timesfm,2026-10-10 00:00:00,2026-09-29 00:00:00,P1D,fcre,1.6,ensemble,20,Chla_ugL_mean,3.69592137174513
vera4cast,chlorocast_timesfm,2026-10-11 00:00:00,2026-09-29 00:00:00,P1D,fcre,1.6,ensemble,20,Chla_ugL_mean,3.6676350463644
vera4cast,chlorocast_timesfm,2026-10-12 00:00:00,2026-09-29 00:00:00,P1D,fcre,1.6,ensemble,20,Chla_ugL_mean,3.65969597541642
vera4cast,chlorocast_timesfm,2026-10-13 00:00:00,2026-09-29 00:00:00,P1D,fcre,1.6,ensemble,20,Chla_ugL_mean,3.71117856288565
vera4cast,chlorocast_timesfm,2026-10-14 00:00:00,2026-09-29 00:00:00,P1D,fcre,1.6,ensemble,20,Chla_ugL_mean,3.7427734996525
vera4cast,chlorocast_timesfm,2026-10-15 00:00:00,2026-09-29 00:00:00,P1D,fcre,1.6,ensemble,20,Chla_ugL_mean,3.8058637500823
vera4cast,chlorocast_timesfm,2026-10-16 00:00:00,2026-09-29 00:00:00,P1D,fcre,1.6,ensemble,20,Chla_ugL_mean,3.70357015876607
vera4cast,chlorocast_timesfm,2026-10-17 00:00:00,2026-09-29 00:00:00,P1D,fcre,1.6,ensemble,20,Chla_ugL_mean,3.85791289015712
vera4cast,chlorocast_timesfm,2026-10-18 00:00:00,2026-09-29 00:00:00,P1D,fcre,1.6,ensemble,20,Chla_ugL_mean,3.82848470754881
vera4cast,chlorocast_timesfm,2026-10-19 00:00:00,2026-09-29 00:00:00,P1D,fcre,1.6,ensemble,20,Chla_ugL_mean,3.78041400111982
vera4cast,chlorocast_timesfm,2026-10-20 00:00:00,2026-09-29 00:00:00,P1D,fcre,1.6,ensemble,20,Chla_ugL_mean,3.81838000330125
vera4cast,chlorocast_timesfm,2026-10-21 00:00:00,2026-09-29 00:00:00,P1D,fcre,1.6,ensemble,20,Chla_ugL_mean,3.7838957918624
vera4cast,chlorocast_timesfm,2026-10-22 00:00:00,2026-09-29 00:00:00,P1D,fcre,1.6,ensemble,20,Chla_ugL_mean,3.72556883047992
vera4cast,chlorocast_timesfm,2026-10-23 00:00:00,2026-09-29 00:00:00,P1D,fcre,1.6,ensemble,20,Chla_ugL_mean,3.7107233751814
vera4cast,chlorocast_timesfm,2026-10-24 00:00:00,2026-09-29 00:00:00,P1D,fcre,1.6,ensemble,20,Chla_ugL_mean,3.68525881726725
vera4cast,chlorocast_timesfm,2026-10-25 00:00:00,2026-09-29 00:00:00,P1D,fcre,1.6,ensemble,20,Chla_ugL_mean,3.6413106421044
vera4cast,chlorocast_timesfm,2026-10-26 00:00:00,2026-09-29 00:00:00,P1D,fcre,1.6,ensemble,20,Chla_ugL_mean,3.64756279828066
vera4cast,chlorocast_timesfm,2026-10-27 00:00:00,2026-09-29 00:00:00,P1D,fcre,1.6,ensemble,20,Chla_ugL_mean,3.6150882483873
vera4cast,chlorocast_timesfm,2026-10-28 00:00:00,2026-09-29 00:00:00,P1D,fcre,1.6,ensemble,20,Chla_ugL_mean,3.61510383052804
vera4cast,chlorocast_timesfm,2026-10-29 00:00:00,2026-09-29 00:00:00,P1D,fcre,1.6,ensemble,20,Chla_ugL_mean,3.61976928616845
vera4cast,chlorocast_timesfm,2026-10-30 00:00:00,2026-09-29 00:00:00,P1D,fcre,1.6,ensemble,20,Chla_ugL_mean,3.56049251325716
vera4cast,chlorocast_timesfm,2026-10-31 00:00:00,2026-09-29 00:00:00,P1D,fcre,1.6,ensemble,20,Chla_ugL_mean,3.62195403341426
vera4cast,chlorocast_timesfm,2026-11-01 00:00:00,2026-09-29 00:00:00,P1D,fcre,1.6,ensemble,20,Chla_ugL_mean,3.68891795649031
vera4cast,chlorocast_timesfm,2026-11-02 00:00:00,2026-09-29 00:00:00,P1D,fcre,1.6,ensemble,20,Chla_ugL_mean,3.66464199535184
vera4cast,chlorocast_timesfm,2026-11-03 00:00:00,2026-09-29 00:00:00,P1D,fcre,1.6,ensemble,20,Chla_ugL_mean,3.66645419766132
vera4cast,chlorocast_timesfm,2026-09-30 00:00:00,2026-09-29 00:00:00,P1D,fcre,1.6,ensemble,21,Chla_ugL_mean,4.38076127589532
vera4cast,chlorocast_timesfm,2026-10-01 00:00:00,2026-09-29 00:00:00,P1D,fcre,1.6,ensemble,21,Chla_ugL_mean,4.2930118938943
vera4cast,chlorocast_timesfm,2026-10-02 00:00:00,2026-09-29 00:00:00,P1D,fcre,1.6,ensemble,21,Chla_ugL_mean,4.27016191638019
vera4cast,chlorocast_timesfm,2026-10-03 00:00:00,2026-09-29 00:00:00,P1D,fcre,1.6,ensemble,21,Chla_ugL_mean,4.24859465905069
vera4cast,chlorocast_timesfm,2026-10-04 00:00:00,2026-09-29 00:00:00,P1D,fcre,1.6,ensemble,21,Chla_ugL_mean,4.1630876665841
vera4cast,chlorocast_timesfm,2026-10-05 00:00:00,2026-09-29 00:00:00,P1D,fcre,1.6,ensemble,21,Chla_ugL_mean,4.0616490246325
vera4cast,chlorocast_timesfm,2026-10-06 00:00:00,2026-09-29 00:00:00,P1D,fcre,1.6,ensemble,21,Chla_ugL_mean,4.07870035577695
vera4cast,chlorocast_timesfm,2026-10-07 00:00:00,2026-09-29 00:00:00,P1D,fcre,1.6,ensemble,21,Chla_ugL_mean,3.97857961221111
vera4cast,chlorocast_timesfm,2026-10-08 00:00:00,2026-09-29 00:00:00,P1D,fcre,1.6,ensemble,21,Chla_ugL_mean,3.96264013626987
vera4cast,chlorocast_timesfm,2026-10-09 00:00:00,2026-09-29 00:00:00,P1D,fcre,1.6,ensemble,21,Chla_ugL_mean,3.8748661700684
vera4cast,chlorocast_timesfm,2026-10-10 00:00:00,2026-09-29 00:00:00,P1D,fcre,1.6,ensemble,21,Chla_ugL_mean,3.78156552060124
vera4cast,chlorocast_timesfm,2026-10-11 00:00:00,2026-09-29 00:00:00,P1D,fcre,1.6,ensemble,21,Chla_ugL_mean,3.75322072929523
vera4cast,chlorocast_timesfm,2026-10-12 00:00:00,2026-09-29 00:00:00,P1D,fcre,1.6,ensemble,21,Chla_ugL_mean,3.74267495719798
vera4cast,chlorocast_timesfm,2026-10-13 00:00:00,2026-09-29 00:00:00,P1D,fcre,1.6,ensemble,21,Chla_ugL_mean,3.79696722594637
vera4cast,chlorocast_timesfm,2026-10-14 00:00:00,2026-09-29 00:00:00,P1D,fcre,1.6,ensemble,21,Chla_ugL_mean,3.83099078667719
vera4cast,chlorocast_timesfm,2026-10-15 00:00:00,2026-09-29 00:00:00,P1D,fcre,1.6,ensemble,21,Chla_ugL_mean,3.89313020605186
vera4cast,chlorocast_timesfm,2026-10-16 00:00:00,2026-09-29 00:00:00,P1D,fcre,1.6,ensemble,21,Chla_ugL_mean,3.79436691577659
vera4cast,chlorocast_timesfm,2026-10-17 00:00:00,2026-09-29 00:00:00,P1D,fcre,1.6,ensemble,21,Chla_ugL_mean,3.94692112842855
vera4cast,chlorocast_timesfm,2026-10-18 00:00:00,2026-09-29 00:00:00,P1D,fcre,1.6,ensemble,21,Chla_ugL_mean,3.91723715290017
vera4cast,chlorocast_timesfm,2026-10-19 00:00:00,2026-09-29 00:00:00,P1D,fcre,1.6,ensemble,21,Chla_ugL_mean,3.87153792334727
vera4cast,chlorocast_timesfm,2026-10-20 00:00:00,2026-09-29 00:00:00,P1D,fcre,1.6,ensemble,21,Chla_ugL_mean,3.90977280093886
vera4cast,chlorocast_timesfm,2026-10-21 00:00:00,2026-09-29 00:00:00,P1D,fcre,1.6,ensemble,21,Chla_ugL_mean,3.87373997516047
vera4cast,chlorocast_timesfm,2026-10-22 00:00:00,2026-09-29 00:00:00,P1D,fcre,1.6,ensemble,21,Chla_ugL_mean,3.81549600991867
vera4cast,chlorocast_timesfm,2026-10-23 00:00:00,2026-09-29 00:00:00,P1D,fcre,1.6,ensemble,21,Chla_ugL_mean,3.80049253944294
vera4cast,chlorocast_timesfm,2026-10-24 00:00:00,2026-09-29 00:00:00,P1D,fcre,1.6,ensemble,21,Chla_ugL_mean,3.77465831405251
vera4cast,chlorocast_timesfm,2026-10-25 00:00:00,2026-09-29 00:00:00,P1D,fcre,1.6,ensemble,21,Chla_ugL_mean,3.73340753690511
vera4cast,chlorocast_timesfm,2026-10-26 00:00:00,2026-09-29 00:00:00,P1D,fcre,1.6,ensemble,21,Chla_ugL_mean,3.73916784961926
vera4cast,chlorocast_timesfm,2026-10-27 00:00:00,2026-09-29 00:00:00,P1D,fcre,1.6,ensemble,21,Chla_ugL_mean,3.70686298205497
vera4cast,chlorocast_timesfm,2026-10-28 00:00:00,2026-09-29 00:00:00,P1D,fcre,1.6,ensemble,21,Chla_ugL_mean,3.70695879045615
vera4cast,chlorocast_timesfm,2026-10-29 00:00:00,2026-09-29 00:00:00,P1D,fcre,1.6,ensemble,21,Chla_ugL_mean,3.71165606282567
vera4cast,chlorocast_timesfm,2026-10-30 00:00:00,2026-09-29 00:00:00,P1D,fcre,1.6,ensemble,21,Chla_ugL_mean,3.65234656564514
vera4cast,chlorocast_timesfm,2026-10-31 00:00:00,2026-09-29 00:00:00,P1D,fcre,1.6,ensemble,21,Chla_ugL_mean,3.71456928363374
vera4cast,chlorocast_timesfm,2026-11-01 00:00:00,2026-09-29 00:00:00,P1D,fcre,1.6,ensemble,21,Chla_ugL_mean,3.7816724711563
vera4cast,chlorocast_timesfm,2026-11-02 00:00:00,2026-09-29 00:00:00,P1D,fcre,1.6,ensemble,21,Chla_ugL_mean,3.75893616945942
vera4cast,chlorocast_timesfm,2026-11-03 00:00:00,2026-09-29 00:00:00,P1D,fcre,1.6,ensemble,21,Chla_ugL_mean,3.76016837387962
vera4cast,chlorocast_timesfm,2026-09-30 00:00:00,2026-09-29 00:00:00,P1D,fcre,1.6,ensemble,22,Chla_ugL_mean,4.45271780995004
vera4cast,chlorocast_timesfm,2026-10-01 00:00:00,2026-09-29 00:00:00,P1D,fcre,1.6,ensemble,22,Chla_ugL_mean,4.36215185476414
vera4cast,chlorocast_timesfm,2026-10-02 00:00:00,2026-09-29 00:00:00,P1D,fcre,1.6,ensemble,22,Chla_ugL_mean,4.34029441549869
vera4cast,chlorocast_timesfm,2026-10-03 00:00:00,2026-09-29 00:00:00,P1D,fcre,1.6,ensemble,22,Chla_ugL_mean,4.31987699487461
vera4cast,chlorocast_timesfm,2026-10-04 00:00:00,2026-09-29 00:00:00,P1D,fcre,1.6,ensemble,22,Chla_ugL_mean,4.23615027294954
vera4cast,chlorocast_timesfm,2026-10-05 00:00:00,2026-09-29 00:00:00,P1D,fcre,1.6,ensemble,22,Chla_ugL_mean,4.13526980965714
vera4cast,chlorocast_timesfm,2026-10-06 00:00:00,2026-09-29 00:00:00,P1D,fcre,1.6,ensemble,22,Chla_ugL_mean,4.15418838905511
vera4cast,chlorocast_timesfm,2026-10-07 00:00:00,2026-09-29 00:00:00,P1D,fcre,1.6,ensemble,22,Chla_ugL_mean,4.05033277746534
vera4cast,chlorocast_timesfm,2026-10-08 00:00:00,2026-09-29 00:00:00,P1D,fcre,1.6,ensemble,22,Chla_ugL_mean,4.0368096500801
vera4cast,chlorocast_timesfm,2026-10-09 00:00:00,2026-09-29 00:00:00,P1D,fcre,1.6,ensemble,22,Chla_ugL_mean,3.95298714351151
vera4cast,chlorocast_timesfm,2026-10-10 00:00:00,2026-09-29 00:00:00,P1D,fcre,1.6,ensemble,22,Chla_ugL_mean,3.86120682548384
vera4cast,chlorocast_timesfm,2026-10-11 00:00:00,2026-09-29 00:00:00,P1D,fcre,1.6,ensemble,22,Chla_ugL_mean,3.8324657125372
vera4cast,chlorocast_timesfm,2026-10-12 00:00:00,2026-09-29 00:00:00,P1D,fcre,1.6,ensemble,22,Chla_ugL_mean,3.81727606691024
vera4cast,chlorocast_timesfm,2026-10-13 00:00:00,2026-09-29 00:00:00,P1D,fcre,1.6,ensemble,22,Chla_ugL_mean,3.87497189294966
vera4cast,chlorocast_timesfm,2026-10-14 00:00:00,2026-09-29 00:00:00,P1D,fcre,1.6,ensemble,22,Chla_ugL_mean,3.91174303700792
vera4cast,chlorocast_timesfm,2026-10-15 00:00:00,2026-09-29 00:00:00,P1D,fcre,1.6,ensemble,22,Chla_ugL_mean,3.97161379306133
vera4cast,chlorocast_timesfm,2026-10-16 00:00:00,2026-09-29 00:00:00,P1D,fcre,1.6,ensemble,22,Chla_ugL_mean,3.87813959912802
vera4cast,chlorocast_timesfm,2026-10-17 00:00:00,2026-09-29 00:00:00,P1D,fcre,1.6,ensemble,22,Chla_ugL_mean,4.02731920959176
vera4cast,chlorocast_timesfm,2026-10-18 00:00:00,2026-09-29 00:00:00,P1D,fcre,1.6,ensemble,22,Chla_ugL_mean,3.99664109269533
vera4cast,chlorocast_timesfm,2026-10-19 00:00:00,2026-09-29 00:00:00,P1D,fcre,1.6,ensemble,22,Chla_ugL_mean,3.95458980617362
vera4cast,chlorocast_timesfm,2026-10-20 00:00:00,2026-09-29 00:00:00,P1D,fcre,1.6,ensemble,22,Chla_ugL_mean,3.99291404453769
vera4cast,chlorocast_timesfm,2026-10-21 00:00:00,2026-09-29 00:00:00,P1D,fcre,1.6,ensemble,22,Chla_ugL_mean,3.95379998784506
vera4cast,chlorocast_timesfm,2026-10-22 00:00:00,2026-09-29 00:00:00,P1D,fcre,1.6,ensemble,22,Chla_ugL_mean,3.89627076585344
vera4cast,chlorocast_timesfm,2026-10-23 00:00:00,2026-09-29 00:00:00,P1D,fcre,1.6,ensemble,22,Chla_ugL_mean,3.88126206351292
vera4cast,chlorocast_timesfm,2026-10-24 00:00:00,2026-09-29 00:00:00,P1D,fcre,1.6,ensemble,22,Chla_ugL_mean,3.85503574895318
vera4cast,chlorocast_timesfm,2026-10-25 00:00:00,2026-09-29 00:00:00,P1D,fcre,1.6,ensemble,22,Chla_ugL_mean,3.81796670501386
vera4cast,chlorocast_timesfm,2026-10-26 00:00:00,2026-09-29 00:00:00,P1D,fcre,1.6,ensemble,22,Chla_ugL_mean,3.82247424796777
vera4cast,chlorocast_timesfm,2026-10-27 00:00:00,2026-09-29 00:00:00,P1D,fcre,1.6,ensemble,22,Chla_ugL_mean,3.79023122616053
vera4cast,chlorocast_timesfm,2026-10-28 00:00:00,2026-09-29 00:00:00,P1D,fcre,1.6,ensemble,22,Chla_ugL_mean,3.79035323802777
vera4cast,chlorocast_timesfm,2026-10-29 00:00:00,2026-09-29 00:00:00,P1D,fcre,1.6,ensemble,22,Chla_ugL_mean,3.79521582954781
vera4cast,chlorocast_timesfm,2026-10-30 00:00:00,2026-09-29 00:00:00,P1D,fcre,1.6,ensemble,22,Chla_ugL_mean,3.73619376714328
vera4cast,chlorocast_timesfm,2026-10-31 00:00:00,2026-09-29 00:00:00,P1D,fcre,1.6,ensemble,22,Chla_ugL_mean,3.79909224574041
vera4cast,chlorocast_timesfm,2026-11-01 00:00:00,2026-09-29 00:00:00,P1D,fcre,1.6,ensemble,22,Chla_ugL_mean,3.8660482662327
vera4cast,chlorocast_timesfm,2026-11-02 00:00:00,2026-09-29 00:00:00,P1D,fcre,1.6,ensemble,22,Chla_ugL_mean,3.84590125026478
vera4cast,chlorocast_timesfm,2026-11-03 00:00:00,2026-09-29 00:00:00,P1D,fcre,1.6,ensemble,22,Chla_ugL_mean,3.84605700769089
vera4cast,chlorocast_timesfm,2026-09-30 00:00:00,2026-09-29 00:00:00,P1D,fcre,1.6,ensemble,23,Chla_ugL_mean,4.52563661356621
vera4cast,chlorocast_timesfm,2026-10-01 00:00:00,2026-09-29 00:00:00,P1D,fcre,1.6,ensemble,23,Chla_ugL_mean,4.43219495628147
vera4cast,chlorocast_timesfm,2026-10-02 00:00:00,2026-09-29 00:00:00,P1D,fcre,1.6,ensemble,23,Chla_ugL_mean,4.4113602004461
vera4cast,chlorocast_timesfm,2026-10-03 00:00:00,2026-09-29 00:00:00,P1D,fcre,1.6,ensemble,23,Chla_ugL_mean,4.39212743201528
vera4cast,chlorocast_timesfm,2026-10-04 00:00:00,2026-09-29 00:00:00,P1D,fcre,1.6,ensemble,23,Chla_ugL_mean,4.31024678475948
vera4cast,chlorocast_timesfm,2026-10-05 00:00:00,2026-09-29 00:00:00,P1D,fcre,1.6,ensemble,23,Chla_ugL_mean,4.20996139590906
vera4cast,chlorocast_timesfm,2026-10-06 00:00:00,2026-09-29 00:00:00,P1D,fcre,1.6,ensemble,23,Chla_ugL_mean,4.23079845016894
vera4cast,chlorocast_timesfm,2026-10-07 00:00:00,2026-09-29 00:00:00,P1D,fcre,1.6,ensemble,23,Chla_ugL_mean,4.12312007637314
vera4cast,chlorocast_timesfm,2026-10-08 00:00:00,2026-09-29 00:00:00,P1D,fcre,1.6,ensemble,23,Chla_ugL_mean,4.11208766997333
vera4cast,chlorocast_timesfm,2026-10-09 00:00:00,2026-09-29 00:00:00,P1D,fcre,1.6,ensemble,23,Chla_ugL_mean,4.03236002547451
vera4cast,chlorocast_timesfm,2026-10-10 00:00:00,2026-09-29 00:00:00,P1D,fcre,1.6,ensemble,23,Chla_ugL_mean,3.94217462843827
vera4cast,chlorocast_timesfm,2026-10-11 00:00:00,2026-09-29 00:00:00,P1D,fcre,1.6,ensemble,23,Chla_ugL_mean,3.9130318562568
vera4cast,chlorocast_timesfm,2026-10-12 00:00:00,2026-09-29 00:00:00,P1D,fcre,1.6,ensemble,23,Chla_ugL_mean,3.89305063371592
vera4cast,chlorocast_timesfm,2026-10-13 00:00:00,2026-09-29 00:00:00,P1D,fcre,1.6,ensemble,23,Chla_ugL_mean,3.95424501307921
vera4cast,chlorocast_timesfm,2026-10-14 00:00:00,2026-09-29 00:00:00,P1D,fcre,1.6,ensemble,23,Chla_ugL_mean,3.99384509863438
vera4cast,chlorocast_timesfm,2026-10-15 00:00:00,2026-09-29 00:00:00,P1D,fcre,1.6,ensemble,23,Chla_ugL_mean,4.05135622117466
vera4cast,chlorocast_timesfm,2026-10-16 00:00:00,2026-09-29 00:00:00,P1D,fcre,1.6,ensemble,23,Chla_ugL_mean,3.96337605498564
vera4cast,chlorocast_timesfm,2026-10-17 00:00:00,2026-09-29 00:00:00,P1D,fcre,1.6,ensemble,23,Chla_ugL_mean,4.10902393205506
vera4cast,chlorocast_timesfm,2026-10-18 00:00:00,2026-09-29 00:00:00,P1D,fcre,1.6,ensemble,23,Chla_ugL_mean,4.07732725367669
vera4cast,chlorocast_timesfm,2026-10-19 00:00:00,2026-09-29 00:00:00,P1D,fcre,1.6,ensemble,23,Chla_ugL_mean,4.03905758996379
vera4cast,chlorocast_timesfm,2026-10-20 00:00:00,2026-09-29 00:00:00,P1D,fcre,1.6,ensemble,23,Chla_ugL_mean,4.0774631875786
vera4cast,chlorocast_timesfm,2026-10-21 00:00:00,2026-09-29 00:00:00,P1D,fcre,1.6,ensemble,23,Chla_ugL_mean,4.03517513134577
vera4cast,chlorocast_timesfm,2026-10-22 00:00:00,2026-09-29 00:00:00,P1D,fcre,1.6,ensemble,23,Chla_ugL_mean,3.97840043126854
vera4cast,chlorocast_timesfm,2026-10-23 00:00:00,2026-09-29 00:00:00,P1D,fcre,1.6,ensemble,23,Chla_ugL_mean,3.96339055563979
vera4cast,chlorocast_timesfm,2026-10-24 00:00:00,2026-09-29 00:00:00,P1D,fcre,1.6,ensemble,23,Chla_ugL_mean,3.93676627168052
vera4cast,chlorocast_timesfm,2026-10-25 00:00:00,2026-09-29 00:00:00,P1D,fcre,1.6,ensemble,23,Chla_ugL_mean,3.90403646625355
vera4cast,chlorocast_timesfm,2026-10-26 00:00:00,2026-09-29 00:00:00,P1D,fcre,1.6,ensemble,23,Chla_ugL_mean,3.90724502914171
vera4cast,chlorocast_timesfm,2026-10-27 00:00:00,2026-09-29 00:00:00,P1D,fcre,1.6,ensemble,23,Chla_ugL_mean,3.87507609368848
vera4cast,chlorocast_timesfm,2026-10-28 00:00:00,2026-09-29 00:00:00,P1D,fcre,1.6,ensemble,23,Chla_ugL_mean,3.87522520732742
vera4cast,chlorocast_timesfm,2026-10-29 00:00:00,2026-09-29 00:00:00,P1D,fcre,1.6,ensemble,23,Chla_ugL_mean,3.88025750295447
vera4cast,chlorocast_timesfm,2026-10-30 00:00:00,2026-09-29 00:00:00,P1D,fcre,1.6,ensemble,23,Chla_ugL_mean,3.82155210997621
vera4cast,chlorocast_timesfm,2026-10-31 00:00:00,2026-09-29 00:00:00,P1D,fcre,1.6,ensemble,23,Chla_ugL_mean,3.88513053845174
vera4cast,chlorocast_timesfm,2026-11-01 00:00:00,2026-09-29 00:00:00,P1D,fcre,1.6,ensemble,23,Chla_ugL_mean,3.95191292840273
vera4cast,chlorocast_timesfm,2026-11-02 00:00:00,2026-09-29 00:00:00,P1D,fcre,1.6,ensemble,23,Chla_ugL_mean,3.93445553609626
vera4cast,chlorocast_timesfm,2026-11-03 00:00:00,2026-09-29 00:00:00,P1D,fcre,1.6,ensemble,23,Chla_ugL_mean,3.93349534664671
vera4cast,chlorocast_timesfm,2026-09-30 00:00:00,2026-09-29 00:00:00,P1D,fcre,1.6,ensemble,24,Chla_ugL_mean,4.59953055510554
vera4cast,chlorocast_timesfm,2026-10-01 00:00:00,2026-09-29 00:00:00,P1D,fcre,1.6,ensemble,24,Chla_ugL_mean,4.50315299571983
vera4cast,chlorocast_timesfm,2026-10-02 00:00:00,2026-09-29 00:00:00,P1D,fcre,1.6,ensemble,24,Chla_ugL_mean,4.4833716908916
vera4cast,chlorocast_timesfm,2026-10-03 00:00:00,2026-09-29 00:00:00,P1D,fcre,1.6,ensemble,24,Chla_ugL_mean,4.46535911847281
vera4cast,chlorocast_timesfm,2026-10-04 00:00:00,2026-09-29 00:00:00,P1D,fcre,1.6,ensemble,24,Chla_ugL_mean,4.38539183276036
vera4cast,chlorocast_timesfm,2026-10-05 00:00:00,2026-09-29 00:00:00,P1D,fcre,1.6,ensemble,24,Chla_ugL_mean,4.2857393580017
vera4cast,chlorocast_timesfm,2026-10-06 00:00:00,2026-09-29 00:00:00,P1D,fcre,1.6,ensemble,24,Chla_ugL_mean,4.3085472165494
vera4cast,chlorocast_timesfm,2026-10-07 00:00:00,2026-09-29 00:00:00,P1D,fcre,1.6,ensemble,24,Chla_ugL_mean,4.19695641325839
vera4cast,chlorocast_timesfm,2026-10-08 00:00:00,2026-09-29 00:00:00,P1D,fcre,1.6,ensemble,24,Chla_ugL_mean,4.18849076321114
vera4cast,chlorocast_timesfm,2026-10-09 00:00:00,2026-09-29 00:00:00,P1D,fcre,1.6,ensemble,24,Chla_ugL_mean,4.11300487811069
vera4cast,chlorocast_timesfm,2026-10-10 00:00:00,2026-09-29 00:00:00,P1D,fcre,1.6,ensemble,24,Chla_ugL_mean,4.02449102349146
vera4cast,chlorocast_timesfm,2026-10-11 00:00:00,2026-09-29 00:00:00,P1D,fcre,1.6,ensemble,24,Chla_ugL_mean,3.99494118664341
vera4cast,chlorocast_timesfm,2026-10-12 00:00:00,2026-09-29 00:00:00,P1D,fcre,1.6,ensemble,24,Chla_ugL_mean,3.97001711580627
vera4cast,chlorocast_timesfm,2026-10-13 00:00:00,2026-09-29 00:00:00,P1D,fcre,1.6,ensemble,24,Chla_ugL_mean,4.0348072129641
vera4cast,chlorocast_timesfm,2026-10-14 00:00:00,2026-09-29 00:00:00,P1D,fcre,1.6,ensemble,24,Chla_ugL_mean,4.07731953427808
vera4cast,chlorocast_timesfm,2026-10-15 00:00:00,2026-09-29 00:00:00,P1D,fcre,1.6,ensemble,24,Chla_ugL_mean,4.13237768163163
vera4cast,chlorocast_timesfm,2026-10-16 00:00:00,2026-09-29 00:00:00,P1D,fcre,1.6,ensemble,24,Chla_ugL_mean,4.05010186006329
vera4cast,chlorocast_timesfm,2026-10-17 00:00:00,2026-09-29 00:00:00,P1D,fcre,1.6,ensemble,24,Chla_ugL_mean,4.19205653154278
vera4cast,chlorocast_timesfm,2026-10-18 00:00:00,2026-09-29 00:00:00,P1D,fcre,1.6,ensemble,24,Chla_ugL_mean,4.15931634125476
vera4cast,chlorocast_timesfm,2026-10-19 00:00:00,2026-09-29 00:00:00,P1D,fcre,1.6,ensemble,24,Chla_ugL_mean,4.12496541355091
vera4cast,chlorocast_timesfm,2026-10-20 00:00:00,2026-09-29 00:00:00,P1D,fcre,1.6,ensemble,24,Chla_ugL_mean,4.16344407118727
vera4cast,chlorocast_timesfm,2026-10-21 00:00:00,2026-09-29 00:00:00,P1D,fcre,1.6,ensemble,24,Chla_ugL_mean,4.1178870090699
vera4cast,chlorocast_timesfm,2026-10-22 00:00:00,2026-09-29 00:00:00,P1D,fcre,1.6,ensemble,24,Chla_ugL_mean,4.06190773331032
vera4cast,chlorocast_timesfm,2026-10-23 00:00:00,2026-09-29 00:00:00,P1D,fcre,1.6,ensemble,24,Chla_ugL_mean,4.04690088081133
vera4cast,chlorocast_timesfm,2026-10-24 00:00:00,2026-09-29 00:00:00,P1D,fcre,1.6,ensemble,24,Chla_ugL_mean,4.01987266035214
vera4cast,chlorocast_timesfm,2026-10-25 00:00:00,2026-09-29 00:00:00,P1D,fcre,1.6,ensemble,24,Chla_ugL_mean,3.9916438063628
vera4cast,chlorocast_timesfm,2026-10-26 00:00:00,2026-09-29 00:00:00,P1D,fcre,1.6,ensemble,24,Chla_ugL_mean,3.99350593446589
vera4cast,chlorocast_timesfm,2026-10-27 00:00:00,2026-09-29 00:00:00,P1D,fcre,1.6,ensemble,24,Chla_ugL_mean,3.96142373868289
vera4cast,chlorocast_timesfm,2026-10-28 00:00:00,2026-09-29 00:00:00,P1D,fcre,1.6,ensemble,24,Chla_ugL_mean,3.96160087600264
vera4cast,chlorocast_timesfm,2026-10-29 00:00:00,2026-09-29 00:00:00,P1D,fcre,1.6,ensemble,24,Chla_ugL_mean,3.96680736420352
vera4cast,chlorocast_timesfm,2026-10-30 00:00:00,2026-09-29 00:00:00,P1D,fcre,1.6,ensemble,24,Chla_ugL_mean,3.90844882878135
vera4cast,chlorocast_timesfm,2026-10-31 00:00:00,2026-09-29 00:00:00,P1D,fcre,1.6,ensemble,24,Chla_ugL_mean,3.97271132866753
vera4cast,chlorocast_timesfm,2026-11-01 00:00:00,2026-09-29 00:00:00,P1D,fcre,1.6,ensemble,24,Chla_ugL_mean,4.03929272971774
vera4cast,chlorocast_timesfm,2026-11-02 00:00:00,2026-09-29 00:00:00,P1D,fcre,1.6,ensemble,24,Chla_ugL_mean,4.02462806818042
vera4cast,chlorocast_timesfm,2026-11-03 00:00:00,2026-09-29 00:00:00,P1D,fcre,1.6,ensemble,24,Chla_ugL_mean,4.02251135237518
vera4cast,chlorocast_timesfm,2026-09-30 00:00:00,2026-09-29 00:00:00,P1D,fcre,1.6,ensemble,25,Chla_ugL_mean,4.67441267501744
vera4cast,chlorocast_timesfm,2026-10-01 00:00:00,2026-09-29 00:00:00,P1D,fcre,1.6,ensemble,25,Chla_ugL_mean,4.57503792445458
vera4cast,chlorocast_timesfm,2026-10-02 00:00:00,2026-09-29 00:00:00,P1D,fcre,1.6,ensemble,25,Chla_ugL_mean,4.55634147177871
vera4cast,chlorocast_timesfm,2026-10-03 00:00:00,2026-09-29 00:00:00,P1D,fcre,1.6,ensemble,25,Chla_ugL_mean,4.53958538081325
vera4cast,chlorocast_timesfm,2026-10-04 00:00:00,2026-09-29 00:00:00,P1D,fcre,1.6,ensemble,25,Chla_ugL_mean,4.46160025473762
vera4cast,chlorocast_timesfm,2026-10-05 00:00:00,2026-09-29 00:00:00,P1D,fcre,1.6,ensemble,25,Chla_ugL_mean,4.3626194970785
vera4cast,chlorocast_timesfm,2026-10-06 00:00:00,2026-09-29 00:00:00,P1D,fcre,1.6,ensemble,25,Chla_ugL_mean,4.38745161351501
vera4cast,chlorocast_timesfm,2026-10-07 00:00:00,2026-09-29 00:00:00,P1D,fcre,1.6,ensemble,25,Chla_ugL_mean,4.27185690725168
vera4cast,chlorocast_timesfm,2026-10-08 00:00:00,2026-09-29 00:00:00,P1D,fcre,1.6,ensemble,25,Chla_ugL_mean,4.26603574466238
vera4cast,chlorocast_timesfm,2026-10-09 00:00:00,2026-09-29 00:00:00,P1D,fcre,1.6,ensemble,25,Chla_ugL_mean,4.19494208507441
vera4cast,chlorocast_timesfm,2026-10-10 00:00:00,2026-09-29 00:00:00,P1D,fcre,1.6,ensemble,25,Chla_ugL_mean,4.10817847266636
vera4cast,chlorocast_timesfm,2026-10-11 00:00:00,2026-09-29 00:00:00,P1D,fcre,1.6,ensemble,25,Chla_ugL_mean,4.07821609710373
vera4cast,chlorocast_timesfm,2026-10-12 00:00:00,2026-09-29 00:00:00,P1D,fcre,1.6,ensemble,25,Chla_ugL_mean,4.04819426171532
vera4cast,chlorocast_timesfm,2026-10-13 00:00:00,2026-09-29 00:00:00,P1D,fcre,1.6,ensemble,25,Chla_ugL_mean,4.11667945464813
vera4cast,chlorocast_timesfm,2026-10-14 00:00:00,2026-09-29 00:00:00,P1D,fcre,1.6,ensemble,25,Chla_ugL_mean,4.16218928380685
vera4cast,chlorocast_timesfm,2026-10-15 00:00:00,2026-09-29 00:00:00,P1D,fcre,1.6,ensemble,25,Chla_ugL_mean,4.21469868953034
vera4cast,chlorocast_timesfm,2026-10-16 00:00:00,2026-09-29 00:00:00,P1D,fcre,1.6,ensemble,25,Chla_ugL_mean,4.13834303798053
vera4cast,chlorocast_timesfm,2026-10-17 00:00:00,2026-09-29 00:00:00,P1D,fcre,1.6,ensemble,25,Chla_ugL_mean,4.2764385889053
vera4cast,chlorocast_timesfm,2026-10-18 00:00:00,2026-09-29 00:00:00,P1D,fcre,1.6,ensemble,25,Chla_ugL_mean,4.24262939519269
vera4cast,chlorocast_timesfm,2026-10-19 00:00:00,2026-09-29 00:00:00,P1D,fcre,1.6,ensemble,25,Chla_ugL_mean,4.21233782729635
vera4cast,chlorocast_timesfm,2026-10-20 00:00:00,2026-09-29 00:00:00,P1D,fcre,1.6,ensemble,25,Chla_ugL_mean,4.25088094021092
vera4cast,chlorocast_timesfm,2026-10-21 00:00:00,2026-09-29 00:00:00,P1D,fcre,1.6,ensemble,25,Chla_ugL_mean,4.20195757929989
vera4cast,chlorocast_timesfm,2026-10-22 00:00:00,2026-09-29 00:00:00,P1D,fcre,1.6,ensemble,25,Chla_ugL_mean,4.14681578034853
vera4cast,chlorocast_timesfm,2026-10-23 00:00:00,2026-09-29 00:00:00,P1D,fcre,1.6,ensemble,25,Chla_ugL_mean,4.13181628872462
vera4cast,chlorocast_timesfm,2026-10-24 00:00:00,2026-09-29 00:00:00,P1D,fcre,1.6,ensemble,25,Chla_ugL_mean,4.1043780765365
vera4cast,chlorocast_timesfm,2026-10-25 00:00:00,2026-09-29 00:00:00,P1D,fcre,1.6,ensemble,25,Chla_ugL_mean,4.08081619316244
vera4cast,chlorocast_timesfm,2026-10-26 00:00:00,2026-09-29 00:00:00,P1D,fcre,1.6,ensemble,25,Chla_ugL_mean,4.08128315775323
vera4cast,chlorocast_timesfm,2026-10-27 00:00:00,2026-09-29 00:00:00,P1D,fcre,1.6,ensemble,25,Chla_ugL_mean,4.04930077842987
vera4cast,chlorocast_timesfm,2026-10-28 00:00:00,2026-09-29 00:00:00,P1D,fcre,1.6,ensemble,25,Chla_ugL_mean,4.04950688549737
vera4cast,chlorocast_timesfm,2026-10-29 00:00:00,2026-09-29 00:00:00,P1D,fcre,1.6,ensemble,25,Chla_ugL_mean,4.05489216054109
vera4cast,chlorocast_timesfm,2026-10-30 00:00:00,2026-09-29 00:00:00,P1D,fcre,1.6,ensemble,25,Chla_ugL_mean,3.9969116490341
vera4cast,chlorocast_timesfm,2026-10-31 00:00:00,2026-09-29 00:00:00,P1D,fcre,1.6,ensemble,25,Chla_ugL_mean,4.06186227033667
vera4cast,chlorocast_timesfm,2026-11-01 00:00:00,2026-09-29 00:00:00,P1D,fcre,1.6,ensemble,25,Chla_ugL_mean,4.12821440581696
vera4cast,chlorocast_timesfm,2026-11-02 00:00:00,2026-09-29 00:00:00,P1D,fcre,1.6,ensemble,25,Chla_ugL_mean,4.11644841844493
vera4cast,chlorocast_timesfm,2026-11-03 00:00:00,2026-09-29 00:00:00,P1D,fcre,1.6,ensemble,25,Chla_ugL_mean,4.1131334910214
vera4cast,chlorocast_timesfm,2026-09-30 00:00:00,2026-09-29 00:00:00,P1D,fcre,1.6,ensemble,26,Chla_ugL_mean,4.75029618814031
vera4cast,chlorocast_timesfm,2026-10-01 00:00:00,2026-09-29 00:00:00,P1D,fcre,1.6,ensemble,26,Chla_ugL_mean,4.64786184997594
vera4cast,chlorocast_timesfm,2026-10-02 00:00:00,2026-09-29 00:00:00,P1D,fcre,1.6,ensemble,26,Chla_ugL_mean,4.63028229552465
vera4cast,chlorocast_timesfm,2026-10-03 00:00:00,2026-09-29 00:00:00,P1D,fcre,1.6,ensemble,26,Chla_ugL_mean,4.61481972659369
vera4cast,chlorocast_timesfm,2026-10-04 00:00:00,2026-09-29 00:00:00,P1D,fcre,1.6,ensemble,26,Chla_ugL_mean,4.53888709844548
vera4cast,chlorocast_timesfm,2026-10-05 00:00:00,2026-09-29 00:00:00,P1D,fcre,1.6,ensemble,26,Chla_ugL_mean,4.4406178441077
vera4cast,chlorocast_timesfm,2026-10-06 00:00:00,2026-09-29 00:00:00,P1D,fcre,1.6,ensemble,26,Chla_ugL_mean,4.46752881795628
vera4cast,chlorocast_timesfm,2026-10-07 00:00:00,2026-09-29 00:00:00,P1D,fcre,1.6,ensemble,26,Chla_ugL_mean,4.34783689538623
vera4cast,chlorocast_timesfm,2026-10-08 00:00:00,2026-09-29 00:00:00,P1D,fcre,1.6,ensemble,26,Chla_ugL_mean,4.34473968050376
vera4cast,chlorocast_timesfm,2026-10-09 00:00:00,2026-09-29 00:00:00,P1D,fcre,1.6,ensemble,26,Chla_ugL_mean,4.27819235667333
vera4cast,chlorocast_timesfm,2026-10-10 00:00:00,2026-09-29 00:00:00,P1D,fcre,1.6,ensemble,26,Chla_ugL_mean,4.19325981211127
vera4cast,chlorocast_timesfm,2026-10-11 00:00:00,2026-09-29 00:00:00,P1D,fcre,1.6,ensemble,26,Chla_ugL_mean,4.16287935438396
vera4cast,chlorocast_timesfm,2026-10-12 00:00:00,2026-09-29 00:00:00,P1D,fcre,1.6,ensemble,26,Chla_ugL_mean,4.12760111488696
vera4cast,chlorocast_timesfm,2026-10-13 00:00:00,2026-09-29 00:00:00,P1D,fcre,1.6,ensemble,26,Chla_ugL_mean,4.19988304104405
vera4cast,chlorocast_timesfm,2026-10-14 00:00:00,2026-09-29 00:00:00,P1D,fcre,1.6,ensemble,26,Chla_ugL_mean,4.24847767053906
vera4cast,chlorocast_timesfm,2026-10-15 00:00:00,2026-09-29 00:00:00,P1D,fcre,1.6,ensemble,26,Chla_ugL_mean,4.29834008902177
vera4cast,chlorocast_timesfm,2026-10-16 00:00:00,2026-09-29 00:00:00,P1D,fcre,1.6,ensemble,26,Chla_ugL_mean,4.22812606707146
vera4cast,chlorocast_timesfm,2026-10-17 00:00:00,2026-09-29 00:00:00,P1D,fcre,1.6,ensemble,26,Chla_ugL_mean,4.36219203572814
vera4cast,chlorocast_timesfm,2026-10-18 00:00:00,2026-09-29 00:00:00,P1D,fcre,1.6,ensemble,26,Chla_ugL_mean,4.32728779500541
vera4cast,chlorocast_timesfm,2026-10-19 00:00:00,2026-09-29 00:00:00,P1D,fcre,1.6,ensemble,26,Chla_ugL_mean,4.30119980010564
vera4cast,chlorocast_timesfm,2026-10-20 00:00:00,2026-09-29 00:00:00,P1D,fcre,1.6,ensemble,26,Chla_ugL_mean,4.33979845005476
vera4cast,chlorocast_timesfm,2026-10-21 00:00:00,2026-09-29 00:00:00,P1D,fcre,1.6,ensemble,26,Chla_ugL_mean,4.28740916102277
vera4cast,chlorocast_timesfm,2026-10-22 00:00:00,2026-09-29 00:00:00,P1D,fcre,1.6,ensemble,26,Chla_ugL_mean,4.2331480683709
vera4cast,chlorocast_timesfm,2026-10-23 00:00:00,2026-09-29 00:00:00,P1D,fcre,1.6,ensemble,26,Chla_ugL_mean,4.21816042025887
vera4cast,chlorocast_timesfm,2026-10-24 00:00:00,2026-09-29 00:00:00,P1D,fcre,1.6,ensemble,26,Chla_ugL_mean,4.19030607170795
vera4cast,chlorocast_timesfm,2026-10-25 00:00:00,2026-09-29 00:00:00,P1D,fcre,1.6,ensemble,26,Chla_ugL_mean,4.17158158516757
vera4cast,chlorocast_timesfm,2026-10-26 00:00:00,2026-09-29 00:00:00,P1D,fcre,1.6,ensemble,26,Chla_ugL_mean,4.17060335325873
vera4cast,chlorocast_timesfm,2026-10-27 00:00:00,2026-09-29 00:00:00,P1D,fcre,1.6,ensemble,26,Chla_ugL_mean,4.13873430166253
vera4cast,chlorocast_timesfm,2026-10-28 00:00:00,2026-09-29 00:00:00,P1D,fcre,1.6,ensemble,26,Chla_ugL_mean,4.13897034926914
vera4cast,chlorocast_timesfm,2026-10-29 00:00:00,2026-09-29 00:00:00,P1D,fcre,1.6,ensemble,26,Chla_ugL_mean,4.14453911356743
vera4cast,chlorocast_timesfm,2026-10-30 00:00:00,2026-09-29 00:00:00,P1D,fcre,1.6,ensemble,26,Chla_ugL_mean,4.0869687958939
vera4cast,chlorocast_timesfm,2026-10-31 00:00:00,2026-09-29 00:00:00,P1D,fcre,1.6,ensemble,26,Chla_ugL_mean,4.15261151318905
vera4cast,chlorocast_timesfm,2026-11-01 00:00:00,2026-09-29 00:00:00,P1D,fcre,1.6,ensemble,26,Chla_ugL_mean,4.21870516410774
vera4cast,chlorocast_timesfm,2026-11-02 00:00:00,2026-09-29 00:00:00,P1D,fcre,1.6,ensemble,26,Chla_ugL_mean,4.20994669921659
vera4cast,chlorocast_timesfm,2026-11-03 00:00:00,2026-09-29 00:00:00,P1D,fcre,1.6,ensemble,26,Chla_ugL_mean,4.20539074235063
vera4cast,chlorocast_timesfm,2026-09-30 00:00:00,2026-09-29 00:00:00,P1D,fcre,1.6,ensemble,27,Chla_ugL_mean,4.82719448603364
vera4cast,chlorocast_timesfm,2026-10-01 00:00:00,2026-09-29 00:00:00,P1D,fcre,1.6,ensemble,27,Chla_ugL_mean,4.7216370379282
vera4cast,chlorocast_timesfm,2026-10-02 00:00:00,2026-09-29 00:00:00,P1D,fcre,1.6,ensemble,27,Chla_ugL_mean,4.70520708424898
vera4cast,chlorocast_timesfm,2026-10-03 00:00:00,2026-09-29 00:00:00,P1D,fcre,1.6,ensemble,27,Chla_ugL_mean,4.6910758468204
vera4cast,chlorocast_timesfm,2026-10-04 00:00:00,2026-09-29 00:00:00,P1D,fcre,1.6,ensemble,27,Chla_ugL_mean,4.61726762457822
vera4cast,chlorocast_timesfm,2026-10-05 00:00:00,2026-09-29 00:00:00,P1D,fcre,1.6,ensemble,27,Chla_ugL_mean,4.51975066322515
vera4cast,chlorocast_timesfm,2026-10-06 00:00:00,2026-09-29 00:00:00,P1D,fcre,1.6,ensemble,27,Chla_ugL_mean,4.54879626207507
vera4cast,chlorocast_timesfm,2026-10-07 00:00:00,2026-09-29 00:00:00,P1D,fcre,1.6,ensemble,27,Chla_ugL_mean,4.42491193573833
vera4cast,chlorocast_timesfm,2026-10-08 00:00:00,2026-09-29 00:00:00,P1D,fcre,1.6,ensemble,27,Chla_ugL_mean,4.42461989197586
vera4cast,chlorocast_timesfm,2026-10-09 00:00:00,2026-09-29 00:00:00,P1D,fcre,1.6,ensemble,27,Chla_ugL_mean,4.36277673510304
vera4cast,chlorocast_timesfm,2026-10-10 00:00:00,2026-09-29 00:00:00,P1D,fcre,1.6,ensemble,27,Chla_ugL_mean,4.27975825833122
vera4cast,chlorocast_timesfm,2026-10-11 00:00:00,2026-09-29 00:00:00,P1D,fcre,1.6,ensemble,27,Chla_ugL_mean,4.24895410479412
vera4cast,chlorocast_timesfm,2026-10-12 00:00:00,2026-09-29 00:00:00,P1D,fcre,1.6,ensemble,27,Chla_ugL_mean,4.20825701831375
vera4cast,chlorocast_timesfm,2026-10-13 00:00:00,2026-09-29 00:00:00,P1D,fcre,1.6,ensemble,27,Chla_ugL_mean,4.28443962147653
vera4cast,chlorocast_timesfm,2026-10-14 00:00:00,2026-09-29 00:00:00,P1D,fcre,1.6,ensemble,27,Chla_ugL_mean,4.33620840765316
vera4cast,chlorocast_timesfm,2026-10-15 00:00:00,2026-09-29 00:00:00,P1D,fcre,1.6,ensemble,27,Chla_ugL_mean,4.38332305858759
vera4cast,chlorocast_timesfm,2026-10-16 00:00:00,2026-09-29 00:00:00,P1D,fcre,1.6,ensemble,27,Chla_ugL_mean,4.31947788833006
vera4cast,chlorocast_timesfm,2026-10-17 00:00:00,2026-09-29 00:00:00,P1D,fcre,1.6,ensemble,27,Chla_ugL_mean,4.44933916003213
vera4cast,chlorocast_timesfm,2026-10-18 00:00:00,2026-09-29 00:00:00,P1D,fcre,1.6,ensemble,27,Chla_ugL_mean,4.41331326544598
vera4cast,chlorocast_timesfm,2026-10-19 00:00:00,2026-09-29 00:00:00,P1D,fcre,1.6,ensemble,27,Chla_ugL_mean,4.39157672656399
vera4cast,chlorocast_timesfm,2026-10-20 00:00:00,2026-09-29 00:00:00,P1D,fcre,1.6,ensemble,27,Chla_ugL_mean,4.43022167363443
vera4cast,chlorocast_timesfm,2026-10-21 00:00:00,2026-09-29 00:00:00,P1D,fcre,1.6,ensemble,27,Chla_ugL_mean,4.37426443985536
vera4cast,chlorocast_timesfm,2026-10-22 00:00:00,2026-09-29 00:00:00,P1D,fcre,1.6,ensemble,27,Chla_ugL_mean,4.32092848748505
vera4cast,chlorocast_timesfm,2026-10-23 00:00:00,2026-09-29 00:00:00,P1D,fcre,1.6,ensemble,27,Chla_ugL_mean,4.30595731405719
vera4cast,chlorocast_timesfm,2026-10-24 00:00:00,2026-09-29 00:00:00,P1D,fcre,1.6,ensemble,27,Chla_ugL_mean,4.27768059381049
vera4cast,chlorocast_timesfm,2026-10-25 00:00:00,2026-09-29 00:00:00,P1D,fcre,1.6,ensemble,27,Chla_ugL_mean,4.26396844035355
vera4cast,chlorocast_timesfm,2026-10-26 00:00:00,2026-09-29 00:00:00,P1D,fcre,1.6,ensemble,27,Chla_ugL_mean,4.26149364377319
vera4cast,chlorocast_timesfm,2026-10-27 00:00:00,2026-09-29 00:00:00,P1D,fcre,1.6,ensemble,27,Chla_ugL_mean,4.22975187691125
vera4cast,chlorocast_timesfm,2026-10-28 00:00:00,2026-09-29 00:00:00,P1D,fcre,1.6,ensemble,27,Chla_ugL_mean,4.23001886115185
vera4cast,chlorocast_timesfm,2026-10-29 00:00:00,2026-09-29 00:00:00,P1D,fcre,1.6,ensemble,27,Chla_ugL_mean,4.23577592764948
vera4cast,chlorocast_timesfm,2026-10-30 00:00:00,2026-09-29 00:00:00,P1D,fcre,1.6,ensemble,27,Chla_ugL_mean,4.17864900320987
vera4cast,chlorocast_timesfm,2026-10-31 00:00:00,2026-09-29 00:00:00,P1D,fcre,1.6,ensemble,27,Chla_ugL_mean,4.24498771162388
vera4cast,chlorocast_timesfm,2026-11-01 00:00:00,2026-09-29 00:00:00,P1D,fcre,1.6,ensemble,27,Chla_ugL_mean,4.31079269209028
vera4cast,chlorocast_timesfm,2026-11-02 00:00:00,2026-09-29 00:00:00,P1D,fcre,1.6,ensemble,27,Chla_ugL_mean,4.30515357309665
vera4cast,chlorocast_timesfm,2026-11-03 00:00:00,2026-09-29 00:00:00,P1D,fcre,1.6,ensemble,27,Chla_ugL_mean,4.2993126090156
vera4cast,chlorocast_timesfm,2026-09-30 00:00:00,2026-09-29 00:00:00,P1D,fcre,1.6,ensemble,28,Chla_ugL_mean,4.90512113934126
vera4cast,chlorocast_timesfm,2026-10-01 00:00:00,2026-09-29 00:00:00,P1D,fcre,1.6,ensemble,28,Chla_ugL_mean,4.79637591417559
vera4cast,chlorocast_timesfm,2026-10-02 00:00:00,2026-09-29 00:00:00,P1D,fcre,1.6,ensemble,28,Chla_ugL_mean,4.78112893203194
vera4cast,chlorocast_timesfm,2026-10-03 00:00:00,2026-09-29 00:00:00,P1D,fcre,1.6,ensemble,28,Chla_ugL_mean,4.76836761844024
vera4cast,chlorocast_timesfm,2026-10-04 00:00:00,2026-09-29 00:00:00,P1D,fcre,1.6,ensemble,28,Chla_ugL_mean,4.69675730978347
vera4cast,chlorocast_timesfm,2026-10-05 00:00:00,2026-09-29 00:00:00,P1D,fcre,1.6,ensemble,28,Chla_ugL_mean,4.60003445512564
vera4cast,chlorocast_timesfm,2026-10-06 00:00:00,2026-09-29 00:00:00,P1D,fcre,1.6,ensemble,28,Chla_ugL_mean,4.6312716371794
vera4cast,chlorocast_timesfm,2026-10-07 00:00:00,2026-09-29 00:00:00,P1D,fcre,1.6,ensemble,28,Chla_ugL_mean,4.50309781061314
vera4cast,chlorocast_timesfm,2026-10-08 00:00:00,2026-09-29 00:00:00,P1D,fcre,1.6,ensemble,28,Chla_ugL_mean,4.50569395919515
vera4cast,chlorocast_timesfm,2026-10-09 00:00:00,2026-09-29 00:00:00,P1D,fcre,1.6,ensemble,28,Chla_ugL_mean,4.44871659976571
vera4cast,chlorocast_timesfm,2026-10-10 00:00:00,2026-09-29 00:00:00,P1D,fcre,1.6,ensemble,28,Chla_ugL_mean,4.36769741452317
vera4cast,chlorocast_timesfm,2026-10-11 00:00:00,2026-09-29 00:00:00,P1D,fcre,1.6,ensemble,28,Chla_ugL_mean,4.33646388053599
vera4cast,chlorocast_timesfm,2026-10-12 00:00:00,2026-09-29 00:00:00,P1D,fcre,1.6,ensemble,28,Chla_ugL_mean,4.29018161924876
vera4cast,chlorocast_timesfm,2026-10-13 00:00:00,2026-09-29 00:00:00,P1D,fcre,1.6,ensemble,28,Chla_ugL_mean,4.37037119731525
vera4cast,chlorocast_timesfm,2026-10-14 00:00:00,2026-09-29 00:00:00,P1D,fcre,1.6,ensemble,28,Chla_ugL_mean,4.42540560470435
vera4cast,chlorocast_timesfm,2026-10-15 00:00:00,2026-09-29 00:00:00,P1D,fcre,1.6,ensemble,28,Chla_ugL_mean,4.46966911640274
vera4cast,chlorocast_timesfm,2026-10-16 00:00:00,2026-09-29 00:00:00,P1D,fcre,1.6,ensemble,28,Chla_ugL_mean,4.41242591349426
vera4cast,chlorocast_timesfm,2026-10-17 00:00:00,2026-09-29 00:00:00,P1D,fcre,1.6,ensemble,28,Chla_ugL_mean,4.53790261206623
vera4cast,chlorocast_timesfm,2026-10-18 00:00:00,2026-09-29 00:00:00,P1D,fcre,1.6,ensemble,28,Chla_ugL_mean,4.50072788208051
vera4cast,chlorocast_timesfm,2026-10-19 00:00:00,2026-09-29 00:00:00,P1D,fcre,1.6,ensemble,28,Chla_ugL_mean,4.4834944341934
vera4cast,chlorocast_timesfm,2026-10-20 00:00:00,2026-09-29 00:00:00,P1D,fcre,1.6,ensemble,28,Chla_ugL_mean,4.52217610844595
vera4cast,chlorocast_timesfm,2026-10-21 00:00:00,2026-09-29 00:00:00,P1D,fcre,1.6,ensemble,28,Chla_ugL_mean,4.46254647406688
vera4cast,chlorocast_timesfm,2026-10-22 00:00:00,2026-09-29 00:00:00,P1D,fcre,1.6,ensemble,28,Chla_ugL_mean,4.4101813285294
vera4cast,chlorocast_timesfm,2026-10-23 00:00:00,2026-09-29 00:00:00,P1D,fcre,1.6,ensemble,28,Chla_ugL_mean,4.39523141321905
vera4cast,chlorocast_timesfm,2026-10-24 00:00:00,2026-09-29 00:00:00,P1D,fcre,1.6,ensemble,28,Chla_ugL_mean,4.36652599393201
vera4cast,chlorocast_timesfm,2026-10-25 00:00:00,2026-09-29 00:00:00,P1D,fcre,1.6,ensemble,28,Chla_ugL_mean,4.35800572507846
vera4cast,chlorocast_timesfm,2026-10-26 00:00:00,2026-09-29 00:00:00,P1D,fcre,1.6,ensemble,28,Chla_ugL_mean,4.35398162885933
vera4cast,chlorocast_timesfm,2026-10-27 00:00:00,2026-09-29 00:00:00,P1D,fcre,1.6,ensemble,28,Chla_ugL_mean,4.32238156100193
vera4cast,chlorocast_timesfm,2026-10-28 00:00:00,2026-09-29 00:00:00,P1D,fcre,1.6,ensemble,28,Chla_ugL_mean,4.32268050386673
vera4cast,chlorocast_timesfm,2026-10-29 00:00:00,2026-09-29 00:00:00,P1D,fcre,1.6,ensemble,28,Chla_ugL_mean,4.32863079848261
vera4cast,chlorocast_timesfm,2026-10-30 00:00:00,2026-09-29 00:00:00,P1D,fcre,1.6,ensemble,28,Chla_ugL_mean,4.27198152268868
vera4cast,chlorocast_timesfm,2026-10-31 00:00:00,2026-09-29 00:00:00,P1D,fcre,1.6,ensemble,28,Chla_ugL_mean,4.33902003375742
vera4cast,chlorocast_timesfm,2026-11-01 00:00:00,2026-09-29 00:00:00,P1D,fcre,1.6,ensemble,28,Chla_ugL_mean,4.40450516582914
vera4cast,chlorocast_timesfm,2026-11-02 00:00:00,2026-09-29 00:00:00,P1D,fcre,1.6,ensemble,28,Chla_ugL_mean,4.40210026301655
vera4cast,chlorocast_timesfm,2026-11-03 00:00:00,2026-09-29 00:00:00,P1D,fcre,1.6,ensemble,28,Chla_ugL_mean,4.39492912599107
vera4cast,chlorocast_timesfm,2026-09-30 00:00:00,2026-09-29 00:00:00,P1D,fcre,1.6,ensemble,29,Chla_ugL_mean,4.98408990018627
vera4cast,chlorocast_timesfm,2026-10-01 00:00:00,2026-09-29 00:00:00,P1D,fcre,1.6,ensemble,29,Chla_ugL_mean,4.87209106689521
vera4cast,chlorocast_timesfm,2026-10-02 00:00:00,2026-09-29 00:00:00,P1D,fcre,1.6,ensemble,29,Chla_ugL_mean,4.85806110720278
vera4cast,chlorocast_timesfm,2026-10-03 00:00:00,2026-09-29 00:00:00,P1D,fcre,1.6,ensemble,29,Chla_ugL_mean,4.84670910686599
vera4cast,chlorocast_timesfm,2026-10-04 00:00:00,2026-09-29 00:00:00,P1D,fcre,1.6,ensemble,29,Chla_ugL_mean,4.77737184971816
vera4cast,chlorocast_timesfm,2026-10-05 00:00:00,2026-09-29 00:00:00,P1D,fcre,1.6,ensemble,29,Chla_ugL_mean,4.68148596050363
vera4cast,chlorocast_timesfm,2026-10-06 00:00:00,2026-09-29 00:00:00,P1D,fcre,1.6,ensemble,29,Chla_ugL_mean,4.71497289753477
vera4cast,chlorocast_timesfm,2026-10-07 00:00:00,2026-09-29 00:00:00,P1D,fcre,1.6,ensemble,29,Chla_ugL_mean,4.58241052977638
vera4cast,chlorocast_timesfm,2026-10-08 00:00:00,2026-09-29 00:00:00,P1D,fcre,1.6,ensemble,29,Chla_ugL_mean,4.58797972502308
vera4cast,chlorocast_timesfm,2026-10-09 00:00:00,2026-09-29 00:00:00,P1D,fcre,1.6,ensemble,29,Chla_ugL_mean,4.53603367267385
vera4cast,chlorocast_timesfm,2026-10-10 00:00:00,2026-09-29 00:00:00,P1D,fcre,1.6,ensemble,29,Chla_ugL_mean,4.45710127701669
vera4cast,chlorocast_timesfm,2026-10-11 00:00:00,2026-09-29 00:00:00,P1D,fcre,1.6,ensemble,29,Chla_ugL_mean,4.42543260613674
vera4cast,chlorocast_timesfm,2026-10-12 00:00:00,2026-09-29 00:00:00,P1D,fcre,1.6,ensemble,29,Chla_ugL_mean,4.37339487399151
vera4cast,chlorocast_timesfm,2026-10-13 00:00:00,2026-09-29 00:00:00,P1D,fcre,1.6,ensemble,29,Chla_ugL_mean,4.4577001276996
vera4cast,chlorocast_timesfm,2026-10-14 00:00:00,2026-09-29 00:00:00,P1D,fcre,1.6,ensemble,29,Chla_ugL_mean,4.51609377425023
vera4cast,chlorocast_timesfm,2026-10-15 00:00:00,2026-09-29 00:00:00,P1D,fcre,1.6,ensemble,29,Chla_ugL_mean,4.55740012578387
vera4cast,chlorocast_timesfm,2026-10-16 00:00:00,2026-09-29 00:00:00,P1D,fcre,1.6,ensemble,29,Chla_ugL_mean,4.50699803327137
vera4cast,chlorocast_timesfm,2026-10-17 00:00:00,2026-09-29 00:00:00,P1D,fcre,1.6,ensemble,29,Chla_ugL_mean,4.62790541019459
vera4cast,chlorocast_timesfm,2026-10-18 00:00:00,2026-09-29 00:00:00,P1D,fcre,1.6,ensemble,29,Chla_ugL_mean,4.58955407695311
vera4cast,chlorocast_timesfm,2026-10-19 00:00:00,2026-09-29 00:00:00,P1D,fcre,1.6,ensemble,29,Chla_ugL_mean,4.57697919083358
vera4cast,chlorocast_timesfm,2026-10-20 00:00:00,2026-09-29 00:00:00,P1D,fcre,1.6,ensemble,29,Chla_ugL_mean,4.61568768375554
vera4cast,chlorocast_timesfm,2026-10-21 00:00:00,2026-09-29 00:00:00,P1D,fcre,1.6,ensemble,29,Chla_ugL_mean,4.55227870070041
vera4cast,chlorocast_timesfm,2026-10-22 00:00:00,2026-09-29 00:00:00,P1D,fcre,1.6,ensemble,29,Chla_ugL_mean,4.50093128979501
vera4cast,chlorocast_timesfm,2026-10-23 00:00:00,2026-09-29 00:00:00,P1D,fcre,1.6,ensemble,29,Chla_ugL_mean,4.48600757210538
vera4cast,chlorocast_timesfm,2026-10-24 00:00:00,2026-09-29 00:00:00,P1D,fcre,1.6,ensemble,29,Chla_ugL_mean,4.45686703309088
vera4cast,chlorocast_timesfm,2026-10-25 00:00:00,2026-09-29 00:00:00,P1D,fcre,1.6,ensemble,29,Chla_ugL_mean,4.45372292316506
vera4cast,chlorocast_timesfm,2026-10-26 00:00:00,2026-09-29 00:00:00,P1D,fcre,1.6,ensemble,29,Chla_ugL_mean,4.44809539323258
vera4cast,chlorocast_timesfm,2026-10-27 00:00:00,2026-09-29 00:00:00,P1D,fcre,1.6,ensemble,29,Chla_ugL_mean,4.41665190770466
vera4cast,chlorocast_timesfm,2026-10-28 00:00:00,2026-09-29 00:00:00,P1D,fcre,1.6,ensemble,29,Chla_ugL_mean,4.41698385768412
vera4cast,chlorocast_timesfm,2026-10-29 00:00:00,2026-09-29 00:00:00,P1D,fcre,1.6,ensemble,29,Chla_ugL_mean,4.42313242180411
vera4cast,chlorocast_timesfm,2026-10-30 00:00:00,2026-09-29 00:00:00,P1D,fcre,1.6,ensemble,29,Chla_ugL_mean,4.36699613322771
vera4cast,chlorocast_timesfm,2026-10-31 00:00:00,2026-09-29 00:00:00,P1D,fcre,1.6,ensemble,29,Chla_ugL_mean,4.43473817063295
vera4cast,chlorocast_timesfm,2026-11-01 00:00:00,2026-09-29 00:00:00,P1D,fcre,1.6,ensemble,29,Chla_ugL_mean,4.49987125857432
vera4cast,chlorocast_timesfm,2026-11-02 00:00:00,2026-09-29 00:00:00,P1D,fcre,1.6,ensemble,29,Chla_ugL_mean,4.50081856247743
vera4cast,chlorocast_timesfm,2026-11-03 00:00:00,2026-09-29 00:00:00,P1D,fcre,1.6,ensemble,29,Chla_ugL_mean,4.49227087017865
vera4cast,chlorocast_timesfm,2026-09-30 00:00:00,2026-09-29 00:00:00,P1D,fcre,1.6,ensemble,30,Chla_ugL_mean,5.06411470459791
vera4cast,chlorocast_timesfm,2026-10-01 00:00:00,2026-09-29 00:00:00,P1D,fcre,1.6,ensemble,30,Chla_ugL_mean,4.94879524869718
vera4cast,chlorocast_timesfm,2026-10-02 00:00:00,2026-09-29 00:00:00,P1D,fcre,1.6,ensemble,30,Chla_ugL_mean,4.9360170546586
vera4cast,chlorocast_timesfm,2026-10-03 00:00:00,2026-09-29 00:00:00,P1D,fcre,1.6,ensemble,30,Chla_ugL_mean,4.92611456853594
vera4cast,chlorocast_timesfm,2026-10-04 00:00:00,2026-09-29 00:00:00,P1D,fcre,1.6,ensemble,30,Chla_ugL_mean,4.8591271621477
vera4cast,chlorocast_timesfm,2026-10-05 00:00:00,2026-09-29 00:00:00,P1D,fcre,1.6,ensemble,30,Chla_ugL_mean,4.76412216354402
vera4cast,chlorocast_timesfm,2026-10-06 00:00:00,2026-09-29 00:00:00,P1D,fcre,1.6,ensemble,30,Chla_ugL_mean,4.79991826427257
vera4cast,chlorocast_timesfm,2026-10-07 00:00:00,2026-09-29 00:00:00,P1D,fcre,1.6,ensemble,30,Chla_ugL_mean,4.6628663337325
vera4cast,chlorocast_timesfm,2026-10-08 00:00:00,2026-09-29 00:00:00,P1D,fcre,1.6,ensemble,30,Chla_ugL_mean,4.67149529899292
vera4cast,chlorocast_timesfm,2026-10-09 00:00:00,2026-09-29 00:00:00,P1D,fcre,1.6,ensemble,30,Chla_ugL_mean,4.62475002394079
vera4cast,chlorocast_timesfm,2026-10-10 00:00:00,2026-09-29 00:00:00,P1D,fcre,1.6,ensemble,30,Chla_ugL_mean,4.54799424182196
vera4cast,chlorocast_timesfm,2026-10-11 00:00:00,2026-09-29 00:00:00,P1D,fcre,1.6,ensemble,30,Chla_ugL_mean,4.51588460498963
vera4cast,chlorocast_timesfm,2026-10-12 00:00:00,2026-09-29 00:00:00,P1D,fcre,1.6,ensemble,30,Chla_ugL_mean,4.4579170527492
vera4cast,chlorocast_timesfm,2026-10-13 00:00:00,2026-09-29 00:00:00,P1D,fcre,1.6,ensemble,30,Chla_ugL_mean,4.54644913535642
vera4cast,chlorocast_timesfm,2026-10-14 00:00:00,2026-09-29 00:00:00,P1D,fcre,1.6,ensemble,30,Chla_ugL_mean,4.60829783858718
vera4cast,chlorocast_timesfm,2026-10-15 00:00:00,2026-09-29 00:00:00,P1D,fcre,1.6,ensemble,30,Chla_ugL_mean,4.64653830072534
vera4cast,chlorocast_timesfm,2026-10-16 00:00:00,2026-09-29 00:00:00,P1D,fcre,1.6,ensemble,30,Chla_ugL_mean,4.60322262570715
vera4cast,chlorocast_timesfm,2026-10-17 00:00:00,2026-09-29 00:00:00,P1D,fcre,1.6,ensemble,30,Chla_ugL_mean,4.7193709468791
vera4cast,chlorocast_timesfm,2026-10-18 00:00:00,2026-09-29 00:00:00,P1D,fcre,1.6,ensemble,30,Chla_ugL_mean,4.67981464434234
vera4cast,chlorocast_timesfm,2026-10-19 00:00:00,2026-09-29 00:00:00,P1D,fcre,1.6,ensemble,30,Chla_ugL_mean,4.67205771214864
vera4cast,chlorocast_timesfm,2026-10-20 00:00:00,2026-09-29 00:00:00,P1D,fcre,1.6,ensemble,30,Chla_ugL_mean,4.71078276791112
vera4cast,chlorocast_timesfm,2026-10-21 00:00:00,2026-09-29 00:00:00,P1D,fcre,1.6,ensemble,30,Chla_ugL_mean,4.64348494179492
vera4cast,chlorocast_timesfm,2026-10-22 00:00:00,2026-09-29 00:00:00,P1D,fcre,1.6,ensemble,30,Chla_ugL_mean,4.59320348386015
vera4cast,chlorocast_timesfm,2026-10-23 00:00:00,2026-09-29 00:00:00,P1D,fcre,1.6,ensemble,30,Chla_ugL_mean,4.57831106325811
vera4cast,chlorocast_timesfm,2026-10-24 00:00:00,2026-09-29 00:00:00,P1D,fcre,1.6,ensemble,30,Chla_ugL_mean,4.54872888913678
vera4cast,chlorocast_timesfm,2026-10-25 00:00:00,2026-09-29 00:00:00,P1D,fcre,1.6,ensemble,30,Chla_ugL_mean,4.55115004514491
vera4cast,chlorocast_timesfm,2026-10-26 00:00:00,2026-09-29 00:00:00,P1D,fcre,1.6,ensemble,30,Chla_ugL_mean,4.54386351528923
vera4cast,chlorocast_timesfm,2026-10-27 00:00:00,2026-09-29 00:00:00,P1D,fcre,1.6,ensemble,30,Chla_ugL_mean,4.51259197653565
vera4cast,chlorocast_timesfm,2026-10-28 00:00:00,2026-09-29 00:00:00,P1D,fcre,1.6,ensemble,30,Chla_ugL_mean,4.51295800923861
vera4cast,chlorocast_timesfm,2026-10-29 00:00:00,2026-09-29 00:00:00,P1D,fcre,1.6,ensemble,30,Chla_ugL_mean,4.51931000226134
vera4cast,chlorocast_timesfm,2026-10-30 00:00:00,2026-09-29 00:00:00,P1D,fcre,1.6,ensemble,30,Chla_ugL_mean,4.46372315041631
vera4cast,chlorocast_timesfm,2026-10-31 00:00:00,2026-09-29 00:00:00,P1D,fcre,1.6,ensemble,30,Chla_ugL_mean,4.53217234559581
vera4cast,chlorocast_timesfm,2026-11-01 00:00:00,2026-09-29 00:00:00,P1D,fcre,1.6,ensemble,30,Chla_ugL_mean,4.59692014953441
vera4cast,chlorocast_timesfm,2026-11-02 00:00:00,2026-09-29 00:00:00,P1D,fcre,1.6,ensemble,30,Chla_ugL_mean,4.60134084597673
vera4cast,chlorocast_timesfm,2026-11-03 00:00:00,2026-09-29 00:00:00,P1D,fcre,1.6,ensemble,30,Chla_ugL_mean,4.59136897018485
vera4cast,chlorocast_timesfm,2026-09-30 00:00:00,2026-09-29 00:00:00,P1D,fcre,1.6,ensemble,31,Chla_ugL_mean,5.14520967497096
vera4cast,chlorocast_timesfm,2026-10-01 00:00:00,2026-09-29 00:00:00,P1D,fcre,1.6,ensemble,31,Chla_ugL_mean,5.02650137877258
vera4cast,chlorocast_timesfm,2026-10-02 00:00:00,2026-09-29 00:00:00,P1D,fcre,1.6,ensemble,31,Chla_ugL_mean,5.01501039821401
vera4cast,chlorocast_timesfm,2026-10-03 00:00:00,2026-09-29 00:00:00,P1D,fcre,1.6,ensemble,31,Chla_ugL_mean,5.00659845350827
vera4cast,chlorocast_timesfm,2026-10-04 00:00:00,2026-09-29 00:00:00,P1D,fcre,1.6,ensemble,31,Chla_ugL_mean,4.94203939008906
vera4cast,chlorocast_timesfm,2026-10-05 00:00:00,2026-09-29 00:00:00,P1D,fcre,1.6,ensemble,31,Chla_ugL_mean,4.84796029546364
vera4cast,chlorocast_timesfm,2026-10-06 00:00:00,2026-09-29 00:00:00,P1D,fcre,1.6,ensemble,31,Chla_ugL_mean,4.88612622935679
vera4cast,chlorocast_timesfm,2026-10-07 00:00:00,2026-09-29 00:00:00,P1D,fcre,1.6,ensemble,31,Chla_ugL_mean,4.74448169705024
vera4cast,chlorocast_timesfm,2026-10-08 00:00:00,2026-09-29 00:00:00,P1D,fcre,1.6,ensemble,31,Chla_ugL_mean,4.75625906129534
vera4cast,chlorocast_timesfm,2026-10-09 00:00:00,2026-09-29 00:00:00,P1D,fcre,1.6,ensemble,31,Chla_ugL_mean,4.71488807735903
vera4cast,chlorocast_timesfm,2026-10-10 00:00:00,2026-09-29 00:00:00,P1D,fcre,1.6,ensemble,31,Chla_ugL_mean,4.64040111128682
vera4cast,chlorocast_timesfm,2026-10-11 00:00:00,2026-09-29 00:00:00,P1D,fcre,1.6,ensemble,31,Chla_ugL_mean,4.6078446060039
vera4cast,chlorocast_timesfm,2026-10-12 00:00:00,2026-09-29 00:00:00,P1D,fcre,1.6,ensemble,31,Chla_ugL_mean,4.54376874457443
vera4cast,chlorocast_timesfm,2026-10-13 00:00:00,2026-09-29 00:00:00,P1D,fcre,1.6,ensemble,31,Chla_ugL_mean,4.63664131251244
vera4cast,chlorocast_timesfm,2026-10-14 00:00:00,2026-09-29 00:00:00,P1D,fcre,1.6,ensemble,31,Chla_ugL_mean,4.7020431365993
vera4cast,chlorocast_timesfm,2026-10-15 00:00:00,2026-09-29 00:00:00,P1D,fcre,1.6,ensemble,31,Chla_ugL_mean,4.73710621152387
vera4cast,chlorocast_timesfm,2026-10-16 00:00:00,2026-09-29 00:00:00,P1D,fcre,1.6,ensemble,31,Chla_ugL_mean,4.70112856470116
vera4cast,chlorocast_timesfm,2026-10-17 00:00:00,2026-09-29 00:00:00,P1D,fcre,1.6,ensemble,31,Chla_ugL_mean,4.81232299475938
vera4cast,chlorocast_timesfm,2026-10-18 00:00:00,2026-09-29 00:00:00,P1D,fcre,1.6,ensemble,31,Chla_ugL_mean,4.7715327466106
vera4cast,chlorocast_timesfm,2026-10-19 00:00:00,2026-09-29 00:00:00,P1D,fcre,1.6,ensemble,31,Chla_ugL_mean,4.76875716926175
vera4cast,chlorocast_timesfm,2026-10-20 00:00:00,2026-09-29 00:00:00,P1D,fcre,1.6,ensemble,31,Chla_ugL_mean,4.80748817577768
vera4cast,chlorocast_timesfm,2026-10-21 00:00:00,2026-09-29 00:00:00,P1D,fcre,1.6,ensemble,31,Chla_ugL_mean,4.73618941070958
vera4cast,chlorocast_timesfm,2026-10-22 00:00:00,2026-09-29 00:00:00,P1D,fcre,1.6,ensemble,31,Chla_ugL_mean,4.68702344453954
vera4cast,chlorocast_timesfm,2026-10-23 00:00:00,2026-09-29 00:00:00,P1D,fcre,1.6,ensemble,31,Chla_ugL_mean,4.67216758443623
vera4cast,chlorocast_timesfm,2026-10-24 00:00:00,2026-09-29 00:00:00,P1D,fcre,1.6,ensemble,31,Chla_ugL_mean,4.64213716376775
vera4cast,chlorocast_timesfm,2026-10-25 00:00:00,2026-09-29 00:00:00,P1D,fcre,1.6,ensemble,31,Chla_ugL_mean,4.65031763766773
vera4cast,chlorocast_timesfm,2026-10-26 00:00:00,2026-09-29 00:00:00,P1D,fcre,1.6,ensemble,31,Chla_ugL_mean,4.64131507578451
vera4cast,chlorocast_timesfm,2026-10-27 00:00:00,2026-09-29 00:00:00,P1D,fcre,1.6,ensemble,31,Chla_ugL_mean,4.61023134171503
vera4cast,chlorocast_timesfm,2026-10-28 00:00:00,2026-09-29 00:00:00,P1D,fcre,1.6,ensemble,31,Chla_ugL_mean,4.61063256050051
vera4cast,chlorocast_timesfm,2026-10-29 00:00:00,2026-09-29 00:00:00,P1D,fcre,1.6,ensemble,31,Chla_ugL_mean,4.61719326243707
vera4cast,chlorocast_timesfm,2026-10-30 00:00:00,2026-09-29 00:00:00,P1D,fcre,1.6,ensemble,31,Chla_ugL_mean,4.56219343620842
vera4cast,chlorocast_timesfm,2026-10-31 00:00:00,2026-09-29 00:00:00,P1D,fcre,1.6,ensemble,31,Chla_ugL_mean,4.63135332383651
vera4cast,chlorocast_timesfm,2026-11-01 00:00:00,2026-09-29 00:00:00,P1D,fcre,1.6,ensemble,31,Chla_ugL_mean,4.69568153280454
vera4cast,chlorocast_timesfm,2026-11-02 00:00:00,2026-09-29 00:00:00,P1D,fcre,1.6,ensemble,31,Chla_ugL_mean,4.70370007962538
vera4cast,chlorocast_timesfm,2026-11-03 00:00:00,2026-09-29 00:00:00,P1D,fcre,1.6,ensemble,31,Chla_ugL_mean,4.69225511627562
vera4cast,chlorocast_timesfm,2026-09-30 00:00:00,2026-09-29 00:00:00,P1D,fcre,1.6,ensemble,32,Chla_ugL_mean,5.22738912255793
vera4cast,chlorocast_timesfm,2026-10-01 00:00:00,2026-09-29 00:00:00,P1D,fcre,1.6,ensemble,32,Chla_ugL_mean,5.10522254506941
vera4cast,chlorocast_timesfm,2026-10-02 00:00:00,2026-09-29 00:00:00,P1D,fcre,1.6,ensemble,32,Chla_ugL_mean,5.09505494298205
vera4cast,chlorocast_timesfm,2026-10-03 00:00:00,2026-09-29 00:00:00,P1D,fcre,1.6,ensemble,32,Chla_ugL_mean,5.0881754080906
vera4cast,chlorocast_timesfm,2026-10-04 00:00:00,2026-09-29 00:00:00,P1D,fcre,1.6,ensemble,32,Chla_ugL_mean,5.02612490499825
vera4cast,chlorocast_timesfm,2026-10-05 00:00:00,2026-09-29 00:00:00,P1D,fcre,1.6,ensemble,32,Chla_ugL_mean,4.93301783810434
vera4cast,chlorocast_timesfm,2026-10-06 00:00:00,2026-09-29 00:00:00,P1D,fcre,1.6,ensemble,32,Chla_ugL_mean,4.9736155596095
vera4cast,chlorocast_timesfm,2026-10-07 00:00:00,2026-09-29 00:00:00,P1D,fcre,1.6,ensemble,32,Chla_ugL_mean,4.82727333173604
vera4cast,chlorocast_timesfm,2026-10-08 00:00:00,2026-09-29 00:00:00,P1D,fcre,1.6,ensemble,32,Chla_ugL_mean,4.84228966682357
vera4cast,chlorocast_timesfm,2026-10-09 00:00:00,2026-09-29 00:00:00,P1D,fcre,1.6,ensemble,32,Chla_ugL_mean,4.80647061606807
vera4cast,chlorocast_timesfm,2026-10-10 00:00:00,2026-09-29 00:00:00,P1D,fcre,1.6,ensemble,32,Chla_ugL_mean,4.73434710086466
vera4cast,chlorocast_timesfm,2026-10-11 00:00:00,2026-09-29 00:00:00,P1D,fcre,1.6,ensemble,32,Chla_ugL_mean,4.70133775036545
vera4cast,chlorocast_timesfm,2026-10-12 00:00:00,2026-09-29 00:00:00,P1D,fcre,1.6,ensemble,32,Chla_ugL_mean,4.63097086238049
vera4cast,chlorocast_timesfm,2026-10-13 00:00:00,2026-09-29 00:00:00,P1D,fcre,1.6,ensemble,32,Chla_ugL_mean,4.72830012690277
vera4cast,chlorocast_timesfm,2026-10-14 00:00:00,2026-09-29 00:00:00,P1D,fcre,1.6,ensemble,32,Chla_ugL_mean,4.79735543072188
vera4cast,chlorocast_timesfm,2026-10-15 00:00:00,2026-09-29 00:00:00,P1D,fcre,1.6,ensemble,32,Chla_ugL_mean,4.82912679049351
vera4cast,chlorocast_timesfm,2026-10-16 00:00:00,2026-09-29 00:00:00,P1D,fcre,1.6,ensemble,32,Chla_ugL_mean,4.80074522867089
vera4cast,chlorocast_timesfm,2026-10-17 00:00:00,2026-09-29 00:00:00,P1D,fcre,1.6,ensemble,32,Chla_ugL_mean,4.90678571283144
vera4cast,chlorocast_timesfm,2026-10-18 00:00:00,2026-09-29 00:00:00,P1D,fcre,1.6,ensemble,32,Chla_ugL_mean,4.864731920148
vera4cast,chlorocast_timesfm,2026-10-19 00:00:00,2026-09-29 00:00:00,P1D,fcre,1.6,ensemble,32,Chla_ugL_mean,4.86710519652004
vera4cast,chlorocast_timesfm,2026-10-20 00:00:00,2026-09-29 00:00:00,P1D,fcre,1.6,ensemble,32,Chla_ugL_mean,4.90583117629847
vera4cast,chlorocast_timesfm,2026-10-21 00:00:00,2026-09-29 00:00:00,P1D,fcre,1.6,ensemble,32,Chla_ugL_mean,4.83041671855186
vera4cast,chlorocast_timesfm,2026-10-22 00:00:00,2026-09-29 00:00:00,P1D,fcre,1.6,ensemble,32,Chla_ugL_mean,4.7824171339501
vera4cast,chlorocast_timesfm,2026-10-23 00:00:00,2026-09-29 00:00:00,P1D,fcre,1.6,ensemble,32,Chla_ugL_mean,4.76760326577014
vera4cast,chlorocast_timesfm,2026-10-24 00:00:00,2026-09-29 00:00:00,P1D,fcre,1.6,ensemble,32,Chla_ugL_mean,4.73711788966529
vera4cast,chlorocast_timesfm,2026-10-25 00:00:00,2026-09-29 00:00:00,P1D,fcre,1.6,ensemble,32,Chla_ugL_mean,4.75125679307875
vera4cast,chlorocast_timesfm,2026-10-26 00:00:00,2026-09-29 00:00:00,P1D,fcre,1.6,ensemble,32,Chla_ugL_mean,4.74047966666316
vera4cast,chlorocast_timesfm,2026-10-27 00:00:00,2026-09-29 00:00:00,P1D,fcre,1.6,ensemble,32,Chla_ugL_mean,4.70960010128334
vera4cast,chlorocast_timesfm,2026-10-28 00:00:00,2026-09-29 00:00:00,P1D,fcre,1.6,ensemble,32,Chla_ugL_mean,4.71003763790612
vera4cast,chlorocast_timesfm,2026-10-29 00:00:00,2026-09-29 00:00:00,P1D,fcre,1.6,ensemble,32,Chla_ugL_mean,4.71681245203491
vera4cast,chlorocast_timesfm,2026-10-30 00:00:00,2026-09-29 00:00:00,P1D,fcre,1.6,ensemble,32,Chla_ugL_mean,4.66243840876943
vera4cast,chlorocast_timesfm,2026-10-31 00:00:00,2026-09-29 00:00:00,P1D,fcre,1.6,ensemble,32,Chla_ugL_mean,4.73231242210499
vera4cast,chlorocast_timesfm,2026-11-01 00:00:00,2026-09-29 00:00:00,P1D,fcre,1.6,ensemble,32,Chla_ugL_mean,4.79618562645196
vera4cast,chlorocast_timesfm,2026-11-02 00:00:00,2026-09-29 00:00:00,P1D,fcre,1.6,ensemble,32,Chla_ugL_mean,4.80792983195898
vera4cast,chlorocast_timesfm,2026-11-03 00:00:00,2026-09-29 00:00:00,P1D,fcre,1.6,ensemble,32,Chla_ugL_mean,4.79496157051048
vera4cast,chlorocast_timesfm,2026-09-30 00:00:00,2026-09-29 00:00:00,P1D,fcre,1.6,ensemble,33,Chla_ugL_mean,5.31066754999472
vera4cast,chlorocast_timesfm,2026-10-01 00:00:00,2026-09-29 00:00:00,P1D,fcre,1.6,ensemble,33,Chla_ugL_mean,5.18497200649697
vera4cast,chlorocast_timesfm,2026-10-02 00:00:00,2026-09-29 00:00:00,P1D,fcre,1.6,ensemble,33,Chla_ugL_mean,5.17616467778684
vera4cast,chlorocast_timesfm,2026-10-03 00:00:00,2026-09-29 00:00:00,P1D,fcre,1.6,ensemble,33,Chla_ugL_mean,5.17086027750532
vera4cast,chlorocast_timesfm,2026-10-04 00:00:00,2026-09-29 00:00:00,P1D,fcre,1.6,ensemble,33,Chla_ugL_mean,5.11140031000297
vera4cast,chlorocast_timesfm,2026-10-05 00:00:00,2026-09-29 00:00:00,P1D,fcre,1.6,ensemble,33,Chla_ugL_mean,5.01931252757822
vera4cast,chlorocast_timesfm,2026-10-06 00:00:00,2026-09-29 00:00:00,P1D,fcre,1.6,ensemble,33,Chla_ugL_mean,5.0624053007963
vera4cast,chlorocast_timesfm,2026-10-07 00:00:00,2026-09-29 00:00:00,P1D,fcre,1.6,ensemble,33,Chla_ugL_mean,4.91125819065605
vera4cast,chlorocast_timesfm,2026-10-08 00:00:00,2026-09-29 00:00:00,P1D,fcre,1.6,ensemble,33,Chla_ugL_mean,4.92960604927891
vera4cast,chlorocast_timesfm,2026-10-09 00:00:00,2026-09-29 00:00:00,P1D,fcre,1.6,ensemble,33,Chla_ugL_mean,4.89952078831303
vera4cast,chlorocast_timesfm,2026-10-10 00:00:00,2026-09-29 00:00:00,P1D,fcre,1.6,ensemble,33,Chla_ugL_mean,4.82985784599509
vera4cast,chlorocast_timesfm,2026-10-11 00:00:00,2026-09-29 00:00:00,P1D,fcre,1.6,ensemble,33,Chla_ugL_mean,4.79638959841029
vera4cast,chlorocast_timesfm,2026-10-12 00:00:00,2026-09-29 00:00:00,P1D,fcre,1.6,ensemble,33,Chla_ugL_mean,4.71954464803566
vera4cast,chlorocast_timesfm,2026-10-13 00:00:00,2026-09-29 00:00:00,P1D,fcre,1.6,ensemble,33,Chla_ugL_mean,4.82144942787717
vera4cast,chlorocast_timesfm,2026-10-14 00:00:00,2026-09-29 00:00:00,P1D,fcre,1.6,ensemble,33,Chla_ugL_mean,4.89426091402127
vera4cast,chlorocast_timesfm,2026-10-15 00:00:00,2026-09-29 00:00:00,P1D,fcre,1.6,ensemble,33,Chla_ugL_mean,4.92262333777222
vera4cast,chlorocast_timesfm,2026-10-16 00:00:00,2026-09-29 00:00:00,P1D,fcre,1.6,ensemble,33,Chla_ugL_mean,4.90210250936726
vera4cast,chlorocast_timesfm,2026-10-17 00:00:00,2026-09-29 00:00:00,P1D,fcre,1.6,ensemble,33,Chla_ugL_mean,5.00278365272678
vera4cast,chlorocast_timesfm,2026-10-18 00:00:00,2026-09-29 00:00:00,P1D,fcre,1.6,ensemble,33,Chla_ugL_mean,4.95943608141211
vera4cast,chlorocast_timesfm,2026-10-19 00:00:00,2026-09-29 00:00:00,P1D,fcre,1.6,ensemble,33,Chla_ugL_mean,4.96712989939178
vera4cast,chlorocast_timesfm,2026-10-20 00:00:00,2026-09-29 00:00:00,P1D,fcre,1.6,ensemble,33,Chla_ugL_mean,5.00583950018431
vera4cast,chlorocast_timesfm,2026-10-21 00:00:00,2026-09-29 00:00:00,P1D,fcre,1.6,ensemble,33,Chla_ugL_mean,4.92619188071125
vera4cast,chlorocast_timesfm,2026-10-22 00:00:00,2026-09-29 00:00:00,P1D,fcre,1.6,ensemble,33,Chla_ugL_mean,4.87941094969532
vera4cast,chlorocast_timesfm,2026-10-23 00:00:00,2026-09-29 00:00:00,P1D,fcre,1.6,ensemble,33,Chla_ugL_mean,4.8646446770364
vera4cast,chlorocast_timesfm,2026-10-24 00:00:00,2026-09-29 00:00:00,P1D,fcre,1.6,ensemble,33,Chla_ugL_mean,4.8336975377496
vera4cast,chlorocast_timesfm,2026-10-25 00:00:00,2026-09-29 00:00:00,P1D,fcre,1.6,ensemble,33,Chla_ugL_mean,4.8539991591672
vera4cast,chlorocast_timesfm,2026-10-26 00:00:00,2026-09-29 00:00:00,P1D,fcre,1.6,ensemble,33,Chla_ugL_mean,4.84138740004529
vera4cast,chlorocast_timesfm,2026-10-27 00:00:00,2026-09-29 00:00:00,P1D,fcre,1.6,ensemble,33,Chla_ugL_mean,4.81072888637942
vera4cast,chlorocast_timesfm,2026-10-28 00:00:00,2026-09-29 00:00:00,P1D,fcre,1.6,ensemble,33,Chla_ugL_mean,4.8112039016499
vera4cast,chlorocast_timesfm,2026-10-29 00:00:00,2026-09-29 00:00:00,P1D,fcre,1.6,ensemble,33,Chla_ugL_mean,4.81819835722761
vera4cast,chlorocast_timesfm,2026-10-30 00:00:00,2026-09-29 00:00:00,P1D,fcre,1.6,ensemble,33,Chla_ugL_mean,4.76449005250055
vera4cast,chlorocast_timesfm,2026-10-31 00:00:00,2026-09-29 00:00:00,P1D,fcre,1.6,ensemble,33,Chla_ugL_mean,4.83508151859894
vera4cast,chlorocast_timesfm,2026-11-01 00:00:00,2026-09-29 00:00:00,P1D,fcre,1.6,ensemble,33,Chla_ugL_mean,4.89846318176182
vera4cast,chlorocast_timesfm,2026-11-02 00:00:00,2026-09-29 00:00:00,P1D,fcre,1.6,ensemble,33,Chla_ugL_mean,4.91406428494651
vera4cast,chlorocast_timesfm,2026-11-03 00:00:00,2026-09-29 00:00:00,P1D,fcre,1.6,ensemble,33,Chla_ugL_mean,4.8995211770595
vera4cast,chlorocast_timesfm,2026-09-30 00:00:00,2026-09-29 00:00:00,P1D,fcre,1.6,ensemble,34,Chla_ugL_mean,5.39505965385993
vera4cast,chlorocast_timesfm,2026-10-01 00:00:00,2026-09-29 00:00:00,P1D,fcre,1.6,ensemble,34,Chla_ugL_mean,5.26576319515905
vera4cast,chlorocast_timesfm,2026-10-02 00:00:00,2026-09-29 00:00:00,P1D,fcre,1.6,ensemble,34,Chla_ugL_mean,5.2583537776083
vera4cast,chlorocast_timesfm,2026-10-03 00:00:00,2026-09-29 00:00:00,P1D,fcre,1.6,ensemble,34,Chla_ugL_mean,5.25466810859114
vera4cast,chlorocast_timesfm,2026-10-04 00:00:00,2026-09-29 00:00:00,P1D,fcre,1.6,ensemble,34,Chla_ugL_mean,5.197882443181
vera4cast,chlorocast_timesfm,2026-10-05 00:00:00,2026-09-29 00:00:00,P1D,fcre,1.6,ensemble,34,Chla_ugL_mean,5.10686235796597
vera4cast,chlorocast_timesfm,2026-10-06 00:00:00,2026-09-29 00:00:00,P1D,fcre,1.6,ensemble,34,Chla_ugL_mean,5.1525147817724
vera4cast,chlorocast_timesfm,2026-10-07 00:00:00,2026-09-29 00:00:00,P1D,fcre,1.6,ensemble,34,Chla_ugL_mean,4.99645347100755
vera4cast,chlorocast_timesfm,2026-10-08 00:00:00,2026-09-29 00:00:00,P1D,fcre,1.6,ensemble,34,Chla_ugL_mean,5.01822742533777
vera4cast,chlorocast_timesfm,2026-10-09 00:00:00,2026-09-29 00:00:00,P1D,fcre,1.6,ensemble,34,Chla_ugL_mean,4.99406211329558
vera4cast,chlorocast_timesfm,2026-10-10 00:00:00,2026-09-29 00:00:00,P1D,fcre,1.6,ensemble,34,Chla_ugL_mean,4.9269594090992
vera4cast,chlorocast_timesfm,2026-10-11 00:00:00,2026-09-29 00:00:00,P1D,fcre,1.6,ensemble,34,Chla_ugL_mean,4.89302613661247
vera4cast,chlorocast_timesfm,2026-10-12 00:00:00,2026-09-29 00:00:00,P1D,fcre,1.6,ensemble,34,Chla_ugL_mean,4.80951167753759
vera4cast,chlorocast_timesfm,2026-10-13 00:00:00,2026-09-29 00:00:00,P1D,fcre,1.6,ensemble,34,Chla_ugL_mean,4.91611345260551
vera4cast,chlorocast_timesfm,2026-10-14 00:00:00,2026-09-29 00:00:00,P1D,fcre,1.6,ensemble,34,Chla_ugL_mean,4.99278621739305
vera4cast,chlorocast_timesfm,2026-10-15 00:00:00,2026-09-29 00:00:00,P1D,fcre,1.6,ensemble,34,Chla_ugL_mean,5.01761952722156
vera4cast,chlorocast_timesfm,2026-10-16 00:00:00,2026-09-29 00:00:00,P1D,fcre,1.6,ensemble,34,Chla_ugL_mean,5.0052308208442
vera4cast,chlorocast_timesfm,2026-10-17 00:00:00,2026-09-29 00:00:00,P1D,fcre,1.6,ensemble,34,Chla_ugL_mean,5.10034176509362
vera4cast,chlorocast_timesfm,2026-10-18 00:00:00,2026-09-29 00:00:00,P1D,fcre,1.6,ensemble,34,Chla_ugL_mean,5.05566953306544
vera4cast,chlorocast_timesfm,2026-10-19 00:00:00,2026-09-29 00:00:00,P1D,fcre,1.6,ensemble,34,Chla_ugL_mean,5.06885986249824
vera4cast,chlorocast_timesfm,2026-10-20 00:00:00,2026-09-29 00:00:00,P1D,fcre,1.6,ensemble,34,Chla_ugL_mean,5.10754134773311
vera4cast,chlorocast_timesfm,2026-10-21 00:00:00,2026-09-29 00:00:00,P1D,fcre,1.6,ensemble,34,Chla_ugL_mean,5.0235403235004
vera4cast,chlorocast_timesfm,2026-10-22 00:00:00,2026-09-29 00:00:00,P1D,fcre,1.6,ensemble,34,Chla_ugL_mean,4.97803173216999
vera4cast,chlorocast_timesfm,2026-10-23 00:00:00,2026-09-29 00:00:00,P1D,fcre,1.6,ensemble,34,Chla_ugL_mean,4.96331883505492
vera4cast,chlorocast_timesfm,2026-10-24 00:00:00,2026-09-29 00:00:00,P1D,fcre,1.6,ensemble,34,Chla_ugL_mean,4.93190302455703
vera4cast,chlorocast_timesfm,2026-10-25 00:00:00,2026-09-29 00:00:00,P1D,fcre,1.6,ensemble,34,Chla_ugL_mean,4.95857694908894
vera4cast,chlorocast_timesfm,2026-10-26 00:00:00,2026-09-29 00:00:00,P1D,fcre,1.6,ensemble,34,Chla_ugL_mean,4.94406891737015
vera4cast,chlorocast_timesfm,2026-10-27 00:00:00,2026-09-29 00:00:00,P1D,fcre,1.6,ensemble,34,Chla_ugL_mean,4.91364887068273
vera4cast,chlorocast_timesfm,2026-10-28 00:00:00,2026-09-29 00:00:00,P1D,fcre,1.6,ensemble,34,Chla_ugL_mean,4.91416255514115
vera4cast,chlorocast_timesfm,2026-10-29 00:00:00,2026-09-29 00:00:00,P1D,fcre,1.6,ensemble,34,Chla_ugL_mean,4.92138231017122
vera4cast,chlorocast_timesfm,2026-10-30 00:00:00,2026-09-29 00:00:00,P1D,fcre,1.6,ensemble,34,Chla_ugL_mean,4.86838092824382
vera4cast,chlorocast_timesfm,2026-10-31 00:00:00,2026-09-29 00:00:00,P1D,fcre,1.6,ensemble,34,Chla_ugL_mean,4.93969306302951
vera4cast,chlorocast_timesfm,2026-11-01 00:00:00,2026-09-29 00:00:00,P1D,fcre,1.6,ensemble,34,Chla_ugL_mean,5.00254549264618
vera4cast,chlorocast_timesfm,2026-11-02 00:00:00,2026-09-29 00:00:00,P1D,fcre,1.6,ensemble,34,Chla_ugL_mean,5.0221382452003
vera4cast,chlorocast_timesfm,2026-11-03 00:00:00,2026-09-29 00:00:00,P1D,fcre,1.6,ensemble,34,Chla_ugL_mean,5.00596737270642
vera4cast,chlorocast_timesfm,2026-09-30 00:00:00,2026-09-29 00:00:00,P1D,fcre,1.6,ensemble,35,Chla_ugL_mean,5.48058032726843
vera4cast,chlorocast_timesfm,2026-10-01 00:00:00,2026-09-29 00:00:00,P1D,fcre,1.6,ensemble,35,Chla_ugL_mean,5.34760971861626
vera4cast,chlorocast_timesfm,2026-10-02 00:00:00,2026-09-29 00:00:00,P1D,fcre,1.6,ensemble,35,Chla_ugL_mean,5.34163660605939
vera4cast,chlorocast_timesfm,2026-10-03 00:00:00,2026-09-29 00:00:00,P1D,fcre,1.6,ensemble,35,Chla_ugL_mean,5.33961415254119
vera4cast,chlorocast_timesfm,2026-10-04 00:00:00,2026-09-29 00:00:00,P1D,fcre,1.6,ensemble,35,Chla_ugL_mean,5.28558838088494
vera4cast,chlorocast_timesfm,2026-10-05 00:00:00,2026-09-29 00:00:00,P1D,fcre,1.6,ensemble,35,Chla_ugL_mean,5.19568558506902
vera4cast,chlorocast_timesfm,2026-10-06 00:00:00,2026-09-29 00:00:00,P1D,fcre,1.6,ensemble,35,Chla_ugL_mean,5.24396361869039
vera4cast,chlorocast_timesfm,2026-10-07 00:00:00,2026-09-29 00:00:00,P1D,fcre,1.6,ensemble,35,Chla_ugL_mean,5.08287661784026
vera4cast,chlorocast_timesfm,2026-10-08 00:00:00,2026-09-29 00:00:00,P1D,fcre,1.6,ensemble,35,Chla_ugL_mean,5.10817329888083
vera4cast,chlorocast_timesfm,2026-10-09 00:00:00,2026-09-29 00:00:00,P1D,fcre,1.6,ensemble,35,Chla_ugL_mean,5.09011848711855
vera4cast,chlorocast_timesfm,2026-10-10 00:00:00,2026-09-29 00:00:00,P1D,fcre,1.6,ensemble,35,Chla_ugL_mean,5.02567828669131
vera4cast,chlorocast_timesfm,2026-10-11 00:00:00,2026-09-29 00:00:00,P1D,fcre,1.6,ensemble,35,Chla_ugL_mean,4.99127378468867
vera4cast,chlorocast_timesfm,2026-10-12 00:00:00,2026-09-29 00:00:00,P1D,fcre,1.6,ensemble,35,Chla_ugL_mean,4.90089386626905
vera4cast,chlorocast_timesfm,2026-10-13 00:00:00,2026-09-29 00:00:00,P1D,fcre,1.6,ensemble,35,Chla_ugL_mean,5.01231683238432
vera4cast,chlorocast_timesfm,2026-10-14 00:00:00,2026-09-29 00:00:00,P1D,fcre,1.6,ensemble,35,Chla_ugL_mean,5.09295841688058
vera4cast,chlorocast_timesfm,2026-10-15 00:00:00,2026-09-29 00:00:00,P1D,fcre,1.6,ensemble,35,Chla_ugL_mean,5.11413941242112
vera4cast,chlorocast_timesfm,2026-10-16 00:00:00,2026-09-29 00:00:00,P1D,fcre,1.6,ensemble,35,Chla_ugL_mean,5.11016110858487
vera4cast,chlorocast_timesfm,2026-10-17 00:00:00,2026-09-29 00:00:00,P1D,fcre,1.6,ensemble,35,Chla_ugL_mean,5.1994854060817
vera4cast,chlorocast_timesfm,2026-10-18 00:00:00,2026-09-29 00:00:00,P1D,fcre,1.6,ensemble,35,Chla_ugL_mean,5.15345697021179
vera4cast,chlorocast_timesfm,2026-10-19 00:00:00,2026-09-29 00:00:00,P1D,fcre,1.6,ensemble,35,Chla_ugL_mean,5.17232415778251
vera4cast,chlorocast_timesfm,2026-10-20 00:00:00,2026-09-29 00:00:00,P1D,fcre,1.6,ensemble,35,Chla_ugL_mean,5.21096539678172
vera4cast,chlorocast_timesfm,2026-10-21 00:00:00,2026-09-29 00:00:00,P1D,fcre,1.6,ensemble,35,Chla_ugL_mean,5.12248789090518
vera4cast,chlorocast_timesfm,2026-10-22 00:00:00,2026-09-29 00:00:00,P1D,fcre,1.6,ensemble,35,Chla_ugL_mean,5.07830677198764
vera4cast,chlorocast_timesfm,2026-10-23 00:00:00,2026-09-29 00:00:00,P1D,fcre,1.6,ensemble,35,Chla_ugL_mean,5.06365321121058
vera4cast,chlorocast_timesfm,2026-10-24 00:00:00,2026-09-29 00:00:00,P1D,fcre,1.6,ensemble,35,Chla_ugL_mean,5.0317617197416
vera4cast,chlorocast_timesfm,2026-10-25 00:00:00,2026-09-29 00:00:00,P1D,fcre,1.6,ensemble,35,Chla_ugL_mean,5.0650229514664
vera4cast,chlorocast_timesfm,2026-10-26 00:00:00,2026-09-29 00:00:00,P1D,fcre,1.6,ensemble,35,Chla_ugL_mean,5.04855539870067
vera4cast,chlorocast_timesfm,2026-10-27 00:00:00,2026-09-29 00:00:00,P1D,fcre,1.6,ensemble,35,Chla_ugL_mean,5.01839178002283
vera4cast,chlorocast_timesfm,2026-10-28 00:00:00,2026-09-29 00:00:00,P1D,fcre,1.6,ensemble,35,Chla_ugL_mean,5.01894535462833
vera4cast,chlorocast_timesfm,2026-10-29 00:00:00,2026-09-29 00:00:00,P1D,fcre,1.6,ensemble,35,Chla_ugL_mean,5.0263961986879
vera4cast,chlorocast_timesfm,2026-10-30 00:00:00,2026-09-29 00:00:00,P1D,fcre,1.6,ensemble,35,Chla_ugL_mean,4.97414418367105
vera4cast,chlorocast_timesfm,2026-10-31 00:00:00,2026-09-29 00:00:00,P1D,fcre,1.6,ensemble,35,Chla_ugL_mean,5.04618008686741
vera4cast,chlorocast_timesfm,2026-11-01 00:00:00,2026-09-29 00:00:00,P1D,fcre,1.6,ensemble,35,Chla_ugL_mean,5.10846440521901
vera4cast,chlorocast_timesfm,2026-11-02 00:00:00,2026-09-29 00:00:00,P1D,fcre,1.6,ensemble,35,Chla_ugL_mean,5.13218715539074
vera4cast,chlorocast_timesfm,2026-11-03 00:00:00,2026-09-29 00:00:00,P1D,fcre,1.6,ensemble,35,Chla_ugL_mean,5.11433419754132
vera4cast,chlorocast_timesfm,2026-09-30 00:00:00,2026-09-29 00:00:00,P1D,fcre,1.6,ensemble,36,Chla_ugL_mean,5.56724466249967
vera4cast,chlorocast_timesfm,2026-10-01 00:00:00,2026-09-29 00:00:00,P1D,fcre,1.6,ensemble,36,Chla_ugL_mean,5.43052536217799
vera4cast,chlorocast_timesfm,2026-10-02 00:00:00,2026-09-29 00:00:00,P1D,fcre,1.6,ensemble,36,Chla_ugL_mean,5.42602771789639
vera4cast,chlorocast_timesfm,2026-10-03 00:00:00,2026-09-29 00:00:00,P1D,fcre,1.6,ensemble,36,Chla_ugL_mean,5.42571386767851
vera4cast,chlorocast_timesfm,2026-10-04 00:00:00,2026-09-29 00:00:00,P1D,fcre,1.6,ensemble,36,Chla_ugL_mean,5.37453544111403
vera4cast,chlorocast_timesfm,2026-10-05 00:00:00,2026-09-29 00:00:00,P1D,fcre,1.6,ensemble,36,Chla_ugL_mean,5.28580073021615
vera4cast,chlorocast_timesfm,2026-10-06 00:00:00,2026-09-29 00:00:00,P1D,fcre,1.6,ensemble,36,Chla_ugL_mean,5.33677171927053
vera4cast,chlorocast_timesfm,2026-10-07 00:00:00,2026-09-29 00:00:00,P1D,fcre,1.6,ensemble,36,Chla_ugL_mean,5.17054532762858
vera4cast,chlorocast_timesfm,2026-10-08 00:00:00,2026-09-29 00:00:00,P1D,fcre,1.6,ensemble,36,Chla_ugL_mean,5.1994634652855
vera4cast,chlorocast_timesfm,2026-10-09 00:00:00,2026-09-29 00:00:00,P1D,fcre,1.6,ensemble,36,Chla_ugL_mean,5.18771418882597
vera4cast,chlorocast_timesfm,2026-10-10 00:00:00,2026-09-29 00:00:00,P1D,fcre,1.6,ensemble,36,Chla_ugL_mean,5.12604141660917
vera4cast,chlorocast_timesfm,2026-10-11 00:00:00,2026-09-29 00:00:00,P1D,fcre,1.6,ensemble,36,Chla_ugL_mean,5.09115940282114
vera4cast,chlorocast_timesfm,2026-10-12 00:00:00,2026-09-29 00:00:00,P1D,fcre,1.6,ensemble,36,Chla_ugL_mean,4.99371347433641
vera4cast,chlorocast_timesfm,2026-10-13 00:00:00,2026-09-29 00:00:00,P1D,fcre,1.6,ensemble,36,Chla_ugL_mean,5.11008459904566
vera4cast,chlorocast_timesfm,2026-10-14 00:00:00,2026-09-29 00:00:00,P1D,fcre,1.6,ensemble,36,Chla_ugL_mean,5.19480504111582
vera4cast,chlorocast_timesfm,2026-10-15 00:00:00,2026-09-29 00:00:00,P1D,fcre,1.6,ensemble,36,Chla_ugL_mean,5.21220743275896
vera4cast,chlorocast_timesfm,2026-10-16 00:00:00,2026-09-29 00:00:00,P1D,fcre,1.6,ensemble,36,Chla_ugL_mean,5.2169248587875
vera4cast,chlorocast_timesfm,2026-10-17 00:00:00,2026-09-29 00:00:00,P1D,fcre,1.6,ensemble,36,Chla_ugL_mean,5.30024034393263
vera4cast,chlorocast_timesfm,2026-10-18 00:00:00,2026-09-29 00:00:00,P1D,fcre,1.6,ensemble,36,Chla_ugL_mean,5.25282348673349
vera4cast,chlorocast_timesfm,2026-10-19 00:00:00,2026-09-29 00:00:00,P1D,fcre,1.6,ensemble,36,Chla_ugL_mean,5.2775523528175
vera4cast,chlorocast_timesfm,2026-10-20 00:00:00,2026-09-29 00:00:00,P1D,fcre,1.6,ensemble,36,Chla_ugL_mean,5.31614081079253
vera4cast,chlorocast_timesfm,2026-10-21 00:00:00,2026-09-29 00:00:00,P1D,fcre,1.6,ensemble,36,Chla_ugL_mean,5.22306085144582
vera4cast,chlorocast_timesfm,2026-10-22 00:00:00,2026-09-29 00:00:00,P1D,fcre,1.6,ensemble,36,Chla_ugL_mean,5.18026381753242
vera4cast,chlorocast_timesfm,2026-10-23 00:00:00,2026-09-29 00:00:00,P1D,fcre,1.6,ensemble,36,Chla_ugL_mean,5.16567573910138
vera4cast,chlorocast_timesfm,2026-10-24 00:00:00,2026-09-29 00:00:00,P1D,fcre,1.6,ensemble,36,Chla_ugL_mean,5.13330145370288
vera4cast,chlorocast_timesfm,2026-10-25 00:00:00,2026-09-29 00:00:00,P1D,fcre,1.6,ensemble,36,Chla_ugL_mean,5.17337054066887
vera4cast,chlorocast_timesfm,2026-10-26 00:00:00,2026-09-29 00:00:00,P1D,fcre,1.6,ensemble,36,Chla_ugL_mean,5.15487857219148
vera4cast,chlorocast_timesfm,2026-10-27 00:00:00,2026-09-29 00:00:00,P1D,fcre,1.6,ensemble,36,Chla_ugL_mean,5.12498990215911
vera4cast,chlorocast_timesfm,2026-10-28 00:00:00,2026-09-29 00:00:00,P1D,fcre,1.6,ensemble,36,Chla_ugL_mean,5.12558461899385
vera4cast,chlorocast_timesfm,2026-10-29 00:00:00,2026-09-29 00:00:00,P1D,fcre,1.6,ensemble,36,Chla_ugL_mean,5.1332724761205
vera4cast,chlorocast_timesfm,2026-10-30 00:00:00,2026-09-29 00:00:00,P1D,fcre,1.6,ensemble,36,Chla_ugL_mean,5.08181356386
vera4cast,chlorocast_timesfm,2026-10-31 00:00:00,2026-09-29 00:00:00,P1D,fcre,1.6,ensemble,36,Chla_ugL_mean,5.15457621377267
vera4cast,chlorocast_timesfm,2026-11-01 00:00:00,2026-09-29 00:00:00,P1D,fcre,1.6,ensemble,36,Chla_ugL_mean,5.21625232754018
vera4cast,chlorocast_timesfm,2026-11-02 00:00:00,2026-09-29 00:00:00,P1D,fcre,1.6,ensemble,36,Chla_ugL_mean,5.2442471058697
vera4cast,chlorocast_timesfm,2026-11-03 00:00:00,2026-09-29 00:00:00,P1D,fcre,1.6,ensemble,36,Chla_ugL_mean,5.22465630584614
vera4cast,chlorocast_timesfm,2026-09-30 00:00:00,2026-09-29 00:00:00,P1D,fcre,1.6,ensemble,37,Chla_ugL_mean,5.65506795366105
vera4cast,chlorocast_timesfm,2026-10-01 00:00:00,2026-09-29 00:00:00,P1D,fcre,1.6,ensemble,37,Chla_ugL_mean,5.51452409122418
vera4cast,chlorocast_timesfm,2026-10-02 00:00:00,2026-09-29 00:00:00,P1D,fcre,1.6,ensemble,37,Chla_ugL_mean,5.51154186156246
vera4cast,chlorocast_timesfm,2026-10-03 00:00:00,2026-09-29 00:00:00,P1D,fcre,1.6,ensemble,37,Chla_ugL_mean,5.51298292226904
vera4cast,chlorocast_timesfm,2026-10-04 00:00:00,2026-09-29 00:00:00,P1D,fcre,1.6,ensemble,37,Chla_ugL_mean,5.46474118693372
vera4cast,chlorocast_timesfm,2026-10-05 00:00:00,2026-09-29 00:00:00,P1D,fcre,1.6,ensemble,37,Chla_ugL_mean,5.3772265841256
vera4cast,chlorocast_timesfm,2026-10-06 00:00:00,2026-09-29 00:00:00,P1D,fcre,1.6,ensemble,37,Chla_ugL_mean,5.43095928713448
vera4cast,chlorocast_timesfm,2026-10-07 00:00:00,2026-09-29 00:00:00,P1D,fcre,1.6,ensemble,37,Chla_ugL_mean,5.25947755189513
vera4cast,chlorocast_timesfm,2026-10-08 00:00:00,2026-09-29 00:00:00,P1D,fcre,1.6,ensemble,37,Chla_ugL_mean,5.2921180157825
vera4cast,chlorocast_timesfm,2026-10-09 00:00:00,2026-09-29 00:00:00,P1D,fcre,1.6,ensemble,37,Chla_ugL_mean,5.28687388653968
vera4cast,chlorocast_timesfm,2026-10-10 00:00:00,2026-09-29 00:00:00,P1D,fcre,1.6,ensemble,37,Chla_ugL_mean,5.22807618536462
vera4cast,chlorocast_timesfm,2026-10-11 00:00:00,2026-09-29 00:00:00,P1D,fcre,1.6,ensemble,37,Chla_ugL_mean,5.19271029900102
vera4cast,chlorocast_timesfm,2026-10-12 00:00:00,2026-09-29 00:00:00,P1D,fcre,1.6,ensemble,37,Chla_ugL_mean,5.08799311199199
vera4cast,chlorocast_timesfm,2026-10-13 00:00:00,2026-09-29 00:00:00,P1D,fcre,1.6,ensemble,37,Chla_ugL_mean,5.20944219147042
vera4cast,chlorocast_timesfm,2026-10-14 00:00:00,2026-09-29 00:00:00,P1D,fcre,1.6,ensemble,37,Chla_ugL_mean,5.29835407888459
vera4cast,chlorocast_timesfm,2026-10-15 00:00:00,2026-09-29 00:00:00,P1D,fcre,1.6,ensemble,37,Chla_ugL_mean,5.31184841961985
vera4cast,chlorocast_timesfm,2026-10-16 00:00:00,2026-09-29 00:00:00,P1D,fcre,1.6,ensemble,37,Chla_ugL_mean,5.32555410781328
vera4cast,chlorocast_timesfm,2026-10-17 00:00:00,2026-09-29 00:00:00,P1D,fcre,1.6,ensemble,37,Chla_ugL_mean,5.40263276567721
vera4cast,chlorocast_timesfm,2026-10-18 00:00:00,2026-09-29 00:00:00,P1D,fcre,1.6,ensemble,37,Chla_ugL_mean,5.35379458173091
vera4cast,chlorocast_timesfm,2026-10-19 00:00:00,2026-09-29 00:00:00,P1D,fcre,1.6,ensemble,37,Chla_ugL_mean,5.38457451925569
vera4cast,chlorocast_timesfm,2026-10-20 00:00:00,2026-09-29 00:00:00,P1D,fcre,1.6,ensemble,37,Chla_ugL_mean,5.42309724707695
vera4cast,chlorocast_timesfm,2026-10-21 00:00:00,2026-09-29 00:00:00,P1D,fcre,1.6,ensemble,37,Chla_ugL_mean,5.32528590515056
vera4cast,chlorocast_timesfm,2026-10-22 00:00:00,2026-09-29 00:00:00,P1D,fcre,1.6,ensemble,37,Chla_ugL_mean,5.28393108263771
vera4cast,chlorocast_timesfm,2026-10-23 00:00:00,2026-09-29 00:00:00,P1D,fcre,1.6,ensemble,37,Chla_ugL_mean,5.26941482231529
vera4cast,chlorocast_timesfm,2026-10-24 00:00:00,2026-09-29 00:00:00,P1D,fcre,1.6,ensemble,37,Chla_ugL_mean,5.23655052534227
vera4cast,chlorocast_timesfm,2026-10-25 00:00:00,2026-09-29 00:00:00,P1D,fcre,1.6,ensemble,37,Chla_ugL_mean,5.28365368727646
vera4cast,chlorocast_timesfm,2026-10-26 00:00:00,2026-09-29 00:00:00,P1D,fcre,1.6,ensemble,37,Chla_ugL_mean,5.2630707237235
vera4cast,chlorocast_timesfm,2026-10-27 00:00:00,2026-09-29 00:00:00,P1D,fcre,1.6,ensemble,37,Chla_ugL_mean,5.23347609673373
vera4cast,chlorocast_timesfm,2026-10-28 00:00:00,2026-09-29 00:00:00,P1D,fcre,1.6,ensemble,37,Chla_ugL_mean,5.23411323972238
vera4cast,chlorocast_timesfm,2026-10-29 00:00:00,2026-09-29 00:00:00,P1D,fcre,1.6,ensemble,37,Chla_ugL_mean,5.2420441713619
vera4cast,chlorocast_timesfm,2026-10-30 00:00:00,2026-09-29 00:00:00,P1D,fcre,1.6,ensemble,37,Chla_ugL_mean,5.19142342206118
vera4cast,chlorocast_timesfm,2026-10-31 00:00:00,2026-09-29 00:00:00,P1D,fcre,1.6,ensemble,37,Chla_ugL_mean,5.26491567021149
vera4cast,chlorocast_timesfm,2026-11-01 00:00:00,2026-09-29 00:00:00,P1D,fcre,1.6,ensemble,37,Chla_ugL_mean,5.32594223953136
vera4cast,chlorocast_timesfm,2026-11-02 00:00:00,2026-09-29 00:00:00,P1D,fcre,1.6,ensemble,37,Chla_ugL_mean,5.35835484650625
vera4cast,chlorocast_timesfm,2026-11-03 00:00:00,2026-09-29 00:00:00,P1D,fcre,1.6,ensemble,37,Chla_ugL_mean,5.33696897717673
vera4cast,chlorocast_timesfm,2026-09-30 00:00:00,2026-09-29 00:00:00,P1D,fcre,1.6,ensemble,38,Chla_ugL_mean,5.74406569938699
vera4cast,chlorocast_timesfm,2026-10-01 00:00:00,2026-09-29 00:00:00,P1D,fcre,1.6,ensemble,38,Chla_ugL_mean,5.59962005355754
vera4cast,chlorocast_timesfm,2026-10-02 00:00:00,2026-09-29 00:00:00,P1D,fcre,1.6,ensemble,38,Chla_ugL_mean,5.59819398176521
vera4cast,chlorocast_timesfm,2026-10-03 00:00:00,2026-09-29 00:00:00,P1D,fcre,1.6,ensemble,38,Chla_ugL_mean,5.60143719737296
vera4cast,chlorocast_timesfm,2026-10-04 00:00:00,2026-09-29 00:00:00,P1D,fcre,1.6,ensemble,38,Chla_ugL_mean,5.55622342994353
vera4cast,chlorocast_timesfm,2026-10-05 00:00:00,2026-09-29 00:00:00,P1D,fcre,1.6,ensemble,38,Chla_ugL_mean,5.46998221082324
vera4cast,chlorocast_timesfm,2026-10-06 00:00:00,2026-09-29 00:00:00,P1D,fcre,1.6,ensemble,38,Chla_ugL_mean,5.5265468262035
vera4cast,chlorocast_timesfm,2026-10-07 00:00:00,2026-09-29 00:00:00,P1D,fcre,1.6,ensemble,38,Chla_ugL_mean,5.34969150088666
vera4cast,chlorocast_timesfm,2026-10-08 00:00:00,2026-09-29 00:00:00,P1D,fcre,1.6,ensemble,38,Chla_ugL_mean,5.38615734187756
vera4cast,chlorocast_timesfm,2026-10-09 00:00:00,2026-09-29 00:00:00,P1D,fcre,1.6,ensemble,38,Chla_ugL_mean,5.38762264369451
vera4cast,chlorocast_timesfm,2026-10-10 00:00:00,2026-09-29 00:00:00,P1D,fcre,1.6,ensemble,38,Chla_ugL_mean,5.33181043561669
vera4cast,chlorocast_timesfm,2026-10-11 00:00:00,2026-09-29 00:00:00,P1D,fcre,1.6,ensemble,38,Chla_ugL_mean,5.29595423649421
vera4cast,chlorocast_timesfm,2026-10-12 00:00:00,2026-09-29 00:00:00,P1D,fcre,1.6,ensemble,38,Chla_ugL_mean,5.18375574514186
vera4cast,chlorocast_timesfm,2026-10-13 00:00:00,2026-09-29 00:00:00,P1D,fcre,1.6,ensemble,38,Chla_ugL_mean,5.31041546220739
vera4cast,chlorocast_timesfm,2026-10-14 00:00:00,2026-09-29 00:00:00,P1D,fcre,1.6,ensemble,38,Chla_ugL_mean,5.40363398681823
vera4cast,chlorocast_timesfm,2026-10-15 00:00:00,2026-09-29 00:00:00,P1D,fcre,1.6,ensemble,38,Chla_ugL_mean,5.41308760267269
vera4cast,chlorocast_timesfm,2026-10-16 00:00:00,2026-09-29 00:00:00,P1D,fcre,1.6,ensemble,38,Chla_ugL_mean,5.4360814517995
vera4cast,chlorocast_timesfm,2026-10-17 00:00:00,2026-09-29 00:00:00,P1D,fcre,1.6,ensemble,38,Chla_ugL_mean,5.50668928394166
vera4cast,chlorocast_timesfm,2026-10-18 00:00:00,2026-09-29 00:00:00,P1D,fcre,1.6,ensemble,38,Chla_ugL_mean,5.45639616606593
vera4cast,chlorocast_timesfm,2026-10-19 00:00:00,2026-09-29 00:00:00,P1D,fcre,1.6,ensemble,38,Chla_ugL_mean,5.49342124142284
vera4cast,chlorocast_timesfm,2026-10-20 00:00:00,2026-09-29 00:00:00,P1D,fcre,1.6,ensemble,38,Chla_ugL_mean,5.5318648651582
vera4cast,chlorocast_timesfm,2026-10-21 00:00:00,2026-09-29 00:00:00,P1D,fcre,1.6,ensemble,38,Chla_ugL_mean,5.42919019064404
vera4cast,chlorocast_timesfm,2026-10-22 00:00:00,2026-09-29 00:00:00,P1D,fcre,1.6,ensemble,38,Chla_ugL_mean,5.38933725439353
vera4cast,chlorocast_timesfm,2026-10-23 00:00:00,2026-09-29 00:00:00,P1D,fcre,1.6,ensemble,38,Chla_ugL_mean,5.37489934233798
vera4cast,chlorocast_timesfm,2026-10-24 00:00:00,2026-09-29 00:00:00,P1D,fcre,1.6,ensemble,38,Chla_ugL_mean,5.34153770994982
vera4cast,chlorocast_timesfm,2026-10-25 00:00:00,2026-09-29 00:00:00,P1D,fcre,1.6,ensemble,38,Chla_ugL_mean,5.39590696873106
vera4cast,chlorocast_timesfm,2026-10-26 00:00:00,2026-09-29 00:00:00,P1D,fcre,1.6,ensemble,38,Chla_ugL_mean,5.37316470670773
vera4cast,chlorocast_timesfm,2026-10-27 00:00:00,2026-09-29 00:00:00,P1D,fcre,1.6,ensemble,38,Chla_ugL_mean,5.34388380540084
vera4cast,chlorocast_timesfm,2026-10-28 00:00:00,2026-09-29 00:00:00,P1D,fcre,1.6,ensemble,38,Chla_ugL_mean,5.34456469104585
vera4cast,chlorocast_timesfm,2026-10-29 00:00:00,2026-09-29 00:00:00,P1D,fcre,1.6,ensemble,38,Chla_ugL_mean,5.35274489906219
vera4cast,chlorocast_timesfm,2026-10-30 00:00:00,2026-09-29 00:00:00,P1D,fcre,1.6,ensemble,38,Chla_ugL_mean,5.30300873065864
vera4cast,chlorocast_timesfm,2026-10-31 00:00:00,2026-09-29 00:00:00,P1D,fcre,1.6,ensemble,38,Chla_ugL_mean,5.37723329626336
vera4cast,chlorocast_timesfm,2026-11-01 00:00:00,2026-09-29 00:00:00,P1D,fcre,1.6,ensemble,38,Chla_ugL_mean,5.43756770306688
vera4cast,chlorocast_timesfm,2026-11-02 00:00:00,2026-09-29 00:00:00,P1D,fcre,1.6,ensemble,38,Chla_ugL_mean,5.47454779873876
vera4cast,chlorocast_timesfm,2026-11-03 00:00:00,2026-09-29 00:00:00,P1D,fcre,1.6,ensemble,38,Chla_ugL_mean,5.45130812764474
vera4cast,chlorocast_timesfm,2026-09-30 00:00:00,2026-09-29 00:00:00,P1D,fcre,1.6,ensemble,39,Chla_ugL_mean,5.83425360557402
vera4cast,chlorocast_timesfm,2026-10-01 00:00:00,2026-09-29 00:00:00,P1D,fcre,1.6,ensemble,39,Chla_ugL_mean,5.68582758178643
vera4cast,chlorocast_timesfm,2026-10-02 00:00:00,2026-09-29 00:00:00,P1D,fcre,1.6,ensemble,39,Chla_ugL_mean,5.68599922208839
vera4cast,chlorocast_timesfm,2026-10-03 00:00:00,2026-09-29 00:00:00,P1D,fcre,1.6,ensemble,39,Chla_ugL_mean,5.69109278973467
vera4cast,chlorocast_timesfm,2026-10-04 00:00:00,2026-09-29 00:00:00,P1D,fcre,1.6,ensemble,39,Chla_ugL_mean,5.64900023379407
vera4cast,chlorocast_timesfm,2026-10-05 00:00:00,2026-09-29 00:00:00,P1D,fcre,1.6,ensemble,39,Chla_ugL_mean,5.56408695161783
vera4cast,chlorocast_timesfm,2026-10-06 00:00:00,2026-09-29 00:00:00,P1D,fcre,1.6,ensemble,39,Chla_ugL_mean,5.62355514516202
vera4cast,chlorocast_timesfm,2026-10-07 00:00:00,2026-09-29 00:00:00,P1D,fcre,1.6,ensemble,39,Chla_ugL_mean,5.44120564730284
vera4cast,chlorocast_timesfm,2026-10-08 00:00:00,2026-09-29 00:00:00,P1D,fcre,1.6,ensemble,39,Chla_ugL_mean,5.48160213983921
vera4cast,chlorocast_timesfm,2026-10-09 00:00:00,2026-09-29 00:00:00,P1D,fcre,1.6,ensemble,39,Chla_ugL_mean,5.4899859253732
vera4cast,chlorocast_timesfm,2026-10-10 00:00:00,2026-09-29 00:00:00,P1D,fcre,1.6,ensemble,39,Chla_ugL_mean,5.43727247376907
vera4cast,chlorocast_timesfm,2026-10-11 00:00:00,2026-09-29 00:00:00,P1D,fcre,1.6,ensemble,39,Chla_ugL_mean,5.40091944143161
vera4cast,chlorocast_timesfm,2026-10-12 00:00:00,2026-09-29 00:00:00,P1D,fcre,1.6,ensemble,39,Chla_ugL_mean,5.28102470094011
vera4cast,chlorocast_timesfm,2026-10-13 00:00:00,2026-09-29 00:00:00,P1D,fcre,1.6,ensemble,39,Chla_ugL_mean,5.41303068420003
vera4cast,chlorocast_timesfm,2026-10-14 00:00:00,2026-09-29 00:00:00,P1D,fcre,1.6,ensemble,39,Chla_ugL_mean,5.51067369721386
vera4cast,chlorocast_timesfm,2026-10-15 00:00:00,2026-09-29 00:00:00,P1D,fcre,1.6,ensemble,39,Chla_ugL_mean,5.51595061625881
vera4cast,chlorocast_timesfm,2026-10-16 00:00:00,2026-09-29 00:00:00,P1D,fcre,1.6,ensemble,39,Chla_ugL_mean,5.54854005644058
vera4cast,chlorocast_timesfm,2026-10-17 00:00:00,2026-09-29 00:00:00,P1D,fcre,1.6,ensemble,39,Chla_ugL_mean,5.61243694386448
vera4cast,chlorocast_timesfm,2026-10-18 00:00:00,2026-09-29 00:00:00,P1D,fcre,1.6,ensemble,39,Chla_ugL_mean,5.5606545690111
vera4cast,chlorocast_timesfm,2026-10-19 00:00:00,2026-09-29 00:00:00,P1D,fcre,1.6,ensemble,39,Chla_ugL_mean,5.60412362505823
vera4cast,chlorocast_timesfm,2026-10-20 00:00:00,2026-09-29 00:00:00,P1D,fcre,1.6,ensemble,39,Chla_ugL_mean,5.64247433527562
vera4cast,chlorocast_timesfm,2026-10-21 00:00:00,2026-09-29 00:00:00,P1D,fcre,1.6,ensemble,39,Chla_ugL_mean,5.53480129235195
vera4cast,chlorocast_timesfm,2026-10-22 00:00:00,2026-09-29 00:00:00,P1D,fcre,1.6,ensemble,39,Chla_ugL_mean,5.49651150108495
vera4cast,chlorocast_timesfm,2026-10-23 00:00:00,2026-09-29 00:00:00,P1D,fcre,1.6,ensemble,39,Chla_ugL_mean,5.48215866659357
vera4cast,chlorocast_timesfm,2026-10-24 00:00:00,2026-09-29 00:00:00,P1D,fcre,1.6,ensemble,39,Chla_ugL_mean,5.4482922672239
vera4cast,chlorocast_timesfm,2026-10-25 00:00:00,2026-09-29 00:00:00,P1D,fcre,1.6,ensemble,39,Chla_ugL_mean,5.51016558017748
vera4cast,chlorocast_timesfm,2026-10-26 00:00:00,2026-09-29 00:00:00,P1D,fcre,1.6,ensemble,39,Chla_ugL_mean,5.48519395206149
vera4cast,chlorocast_timesfm,2026-10-27 00:00:00,2026-09-29 00:00:00,P1D,fcre,1.6,ensemble,39,Chla_ugL_mean,5.45624706213517
vera4cast,chlorocast_timesfm,2026-10-28 00:00:00,2026-09-29 00:00:00,P1D,fcre,1.6,ensemble,39,Chla_ugL_mean,5.45697304026807
vera4cast,chlorocast_timesfm,2026-10-29 00:00:00,2026-09-29 00:00:00,P1D,fcre,1.6,ensemble,39,Chla_ugL_mean,5.46540887001693
vera4cast,chlorocast_timesfm,2026-10-30 00:00:00,2026-09-29 00:00:00,P1D,fcre,1.6,ensemble,39,Chla_ugL_mean,5.4166050923284
vera4cast,chlorocast_timesfm,2026-10-31 00:00:00,2026-09-29 00:00:00,P1D,fcre,1.6,ensemble,39,Chla_ugL_mean,5.49156455662189
vera4cast,chlorocast_timesfm,2026-11-01 00:00:00,2026-09-29 00:00:00,P1D,fcre,1.6,ensemble,39,Chla_ugL_mean,5.55116287224272
vera4cast,chlorocast_timesfm,2026-11-02 00:00:00,2026-09-29 00:00:00,P1D,fcre,1.6,ensemble,39,Chla_ugL_mean,5.59286406784717
vera4cast,chlorocast_timesfm,2026-11-03 00:00:00,2026-09-29 00:00:00,P1D,fcre,1.6,ensemble,39,Chla_ugL_mean,5.56771032140314
vera4cast,chlorocast_timesfm,2026-09-30 00:00:00,2026-09-29 00:00:00,P1D,fcre,1.6,ensemble,40,Chla_ugL_mean,5.92564758815249
vera4cast,chlorocast_timesfm,2026-10-01 00:00:00,2026-09-29 00:00:00,P1D,fcre,1.6,ensemble,40,Chla_ugL_mean,5.7731611957389
vera4cast,chlorocast_timesfm,2026-10-02 00:00:00,2026-09-29 00:00:00,P1D,fcre,1.6,ensemble,40,Chla_ugL_mean,5.7749729276385
vera4cast,chlorocast_timesfm,2026-10-03 00:00:00,2026-09-29 00:00:00,P1D,fcre,1.6,ensemble,40,Chla_ugL_mean,5.78196601471202
vera4cast,chlorocast_timesfm,2026-10-04 00:00:00,2026-09-29 00:00:00,P1D,fcre,1.6,ensemble,40,Chla_ugL_mean,5.74308991775382
vera4cast,chlorocast_timesfm,2026-10-05 00:00:00,2026-09-29 00:00:00,P1D,fcre,1.6,ensemble,40,Chla_ugL_mean,5.65956042913401
vera4cast,chlorocast_timesfm,2026-10-06 00:00:00,2026-09-29 00:00:00,P1D,fcre,1.6,ensemble,40,Chla_ugL_mean,5.72200536198746
vera4cast,chlorocast_timesfm,2026-10-07 00:00:00,2026-09-29 00:00:00,P1D,fcre,1.6,ensemble,40,Chla_ugL_mean,5.53403873007886
vera4cast,chlorocast_timesfm,2026-10-08 00:00:00,2026-09-29 00:00:00,P1D,fcre,1.6,ensemble,40,Chla_ugL_mean,5.57847341525361
vera4cast,chlorocast_timesfm,2026-10-09 00:00:00,2026-09-29 00:00:00,P1D,fcre,1.6,ensemble,40,Chla_ugL_mean,5.59398960474295
vera4cast,chlorocast_timesfm,2026-10-10 00:00:00,2026-09-29 00:00:00,P1D,fcre,1.6,ensemble,40,Chla_ugL_mean,5.54449107769429
vera4cast,chlorocast_timesfm,2026-10-11 00:00:00,2026-09-29 00:00:00,P1D,fcre,1.6,ensemble,40,Chla_ugL_mean,5.50763461052595
vera4cast,chlorocast_timesfm,2026-10-12 00:00:00,2026-09-29 00:00:00,P1D,fcre,1.6,ensemble,40,Chla_ugL_mean,5.37982367347124
vera4cast,chlorocast_timesfm,2026-10-13 00:00:00,2026-09-29 00:00:00,P1D,fcre,1.6,ensemble,40,Chla_ugL_mean,5.51731455762263
vera4cast,chlorocast_timesfm,2026-10-14 00:00:00,2026-09-29 00:00:00,P1D,fcre,1.6,ensemble,40,Chla_ugL_mean,5.61950262598536
vera4cast,chlorocast_timesfm,2026-10-15 00:00:00,2026-09-29 00:00:00,P1D,fcre,1.6,ensemble,40,Chla_ugL_mean,5.62046350588274
vera4cast,chlorocast_timesfm,2026-10-16 00:00:00,2026-09-29 00:00:00,P1D,fcre,1.6,ensemble,40,Chla_ugL_mean,5.66296366694005
vera4cast,chlorocast_timesfm,2026-10-17 00:00:00,2026-09-29 00:00:00,P1D,fcre,1.6,ensemble,40,Chla_ugL_mean,5.71990323012571
vera4cast,chlorocast_timesfm,2026-10-18 00:00:00,2026-09-29 00:00:00,P1D,fcre,1.6,ensemble,40,Chla_ugL_mean,5.66659654500616
vera4cast,chlorocast_timesfm,2026-10-19 00:00:00,2026-09-29 00:00:00,P1D,fcre,1.6,ensemble,40,Chla_ugL_mean,5.71671330620396
vera4cast,chlorocast_timesfm,2026-10-20 00:00:00,2026-09-29 00:00:00,P1D,fcre,1.6,ensemble,40,Chla_ugL_mean,5.7549568470331
vera4cast,chlorocast_timesfm,2026-10-21 00:00:00,2026-09-29 00:00:00,P1D,fcre,1.6,ensemble,40,Chla_ugL_mean,5.64214724782422
vera4cast,chlorocast_timesfm,2026-10-22 00:00:00,2026-09-29 00:00:00,P1D,fcre,1.6,ensemble,40,Chla_ugL_mean,5.60548348026357
vera4cast,chlorocast_timesfm,2026-10-23 00:00:00,2026-09-29 00:00:00,P1D,fcre,1.6,ensemble,40,Chla_ugL_mean,5.59122265662064
vera4cast,chlorocast_timesfm,2026-10-24 00:00:00,2026-09-29 00:00:00,P1D,fcre,1.6,ensemble,40,Chla_ugL_mean,5.55684394942571
vera4cast,chlorocast_timesfm,2026-10-25 00:00:00,2026-09-29 00:00:00,P1D,fcre,1.6,ensemble,40,Chla_ugL_mean,5.62646534549833
vera4cast,chlorocast_timesfm,2026-10-26 00:00:00,2026-09-29 00:00:00,P1D,fcre,1.6,ensemble,40,Chla_ugL_mean,5.59919247835997
vera4cast,chlorocast_timesfm,2026-10-27 00:00:00,2026-09-29 00:00:00,P1D,fcre,1.6,ensemble,40,Chla_ugL_mean,5.57060050372333
vera4cast,chlorocast_timesfm,2026-10-28 00:00:00,2026-09-29 00:00:00,P1D,fcre,1.6,ensemble,40,Chla_ugL_mean,5.57137295827243
vera4cast,chlorocast_timesfm,2026-10-29 00:00:00,2026-09-29 00:00:00,P1D,fcre,1.6,ensemble,40,Chla_ugL_mean,5.58007090173956
vera4cast,chlorocast_timesfm,2026-10-30 00:00:00,2026-09-29 00:00:00,P1D,fcre,1.6,ensemble,40,Chla_ugL_mean,5.53224875139787
vera4cast,chlorocast_timesfm,2026-10-31 00:00:00,2026-09-29 00:00:00,P1D,fcre,1.6,ensemble,40,Chla_ugL_mean,5.60794555179298
vera4cast,chlorocast_timesfm,2026-11-01 00:00:00,2026-09-29 00:00:00,P1D,fcre,1.6,ensemble,40,Chla_ugL_mean,5.66676250382662
vera4cast,chlorocast_timesfm,2026-11-02 00:00:00,2026-09-29 00:00:00,P1D,fcre,1.6,ensemble,40,Chla_ugL_mean,5.71334245544954
vera4cast,chlorocast_timesfm,2026-11-03 00:00:00,2026-09-29 00:00:00,P1D,fcre,1.6,ensemble,40,Chla_ugL_mean,5.68621278233893
vera4cast,chlorocast_timesfm,2026-09-30 00:00:00,2026-09-29 00:00:00,P1D,fcre,1.6,ensemble,41,Chla_ugL_mean,5.99653814813631
vera4cast,chlorocast_timesfm,2026-10-01 00:00:00,2026-09-29 00:00:00,P1D,fcre,1.6,ensemble,41,Chla_ugL_mean,5.84545942095383
vera4cast,chlorocast_timesfm,2026-10-02 00:00:00,2026-09-29 00:00:00,P1D,fcre,1.6,ensemble,41,Chla_ugL_mean,5.8453116573718
vera4cast,chlorocast_timesfm,2026-10-03 00:00:00,2026-09-29 00:00:00,P1D,fcre,1.6,ensemble,41,Chla_ugL_mean,5.85723096453677
vera4cast,chlorocast_timesfm,2026-10-04 00:00:00,2026-09-29 00:00:00,P1D,fcre,1.6,ensemble,41,Chla_ugL_mean,5.81993421465519
vera4cast,chlorocast_timesfm,2026-10-05 00:00:00,2026-09-29 00:00:00,P1D,fcre,1.6,ensemble,41,Chla_ugL_mean,5.73697959763704
vera4cast,chlorocast_timesfm,2026-10-06 00:00:00,2026-09-29 00:00:00,P1D,fcre,1.6,ensemble,41,Chla_ugL_mean,5.80104023688339
vera4cast,chlorocast_timesfm,2026-10-07 00:00:00,2026-09-29 00:00:00,P1D,fcre,1.6,ensemble,41,Chla_ugL_mean,5.61254466357995
vera4cast,chlorocast_timesfm,2026-10-08 00:00:00,2026-09-29 00:00:00,P1D,fcre,1.6,ensemble,41,Chla_ugL_mean,5.65824666496197
vera4cast,chlorocast_timesfm,2026-10-09 00:00:00,2026-09-29 00:00:00,P1D,fcre,1.6,ensemble,41,Chla_ugL_mean,5.67577927840584
vera4cast,chlorocast_timesfm,2026-10-10 00:00:00,2026-09-29 00:00:00,P1D,fcre,1.6,ensemble,41,Chla_ugL_mean,5.62569171362593
vera4cast,chlorocast_timesfm,2026-10-11 00:00:00,2026-09-29 00:00:00,P1D,fcre,1.6,ensemble,41,Chla_ugL_mean,5.58777338930665
vera4cast,chlorocast_timesfm,2026-10-12 00:00:00,2026-09-29 00:00:00,P1D,fcre,1.6,ensemble,41,Chla_ugL_mean,5.46282226813407
vera4cast,chlorocast_timesfm,2026-10-13 00:00:00,2026-09-29 00:00:00,P1D,fcre,1.6,ensemble,41,Chla_ugL_mean,5.60065454225951
vera4cast,chlorocast_timesfm,2026-10-14 00:00:00,2026-09-29 00:00:00,P1D,fcre,1.6,ensemble,41,Chla_ugL_mean,5.70530845418802
vera4cast,chlorocast_timesfm,2026-10-15 00:00:00,2026-09-29 00:00:00,P1D,fcre,1.6,ensemble,41,Chla_ugL_mean,5.70654788350352
vera4cast,chlorocast_timesfm,2026-10-16 00:00:00,2026-09-29 00:00:00,P1D,fcre,1.6,ensemble,41,Chla_ugL_mean,5.75177261339446
vera4cast,chlorocast_timesfm,2026-10-17 00:00:00,2026-09-29 00:00:00,P1D,fcre,1.6,ensemble,41,Chla_ugL_mean,5.80605913803476
vera4cast,chlorocast_timesfm,2026-10-18 00:00:00,2026-09-29 00:00:00,P1D,fcre,1.6,ensemble,41,Chla_ugL_mean,5.75527780689454
vera4cast,chlorocast_timesfm,2026-10-19 00:00:00,2026-09-29 00:00:00,P1D,fcre,1.6,ensemble,41,Chla_ugL_mean,5.80753228495657
vera4cast,chlorocast_timesfm,2026-10-20 00:00:00,2026-09-29 00:00:00,P1D,fcre,1.6,ensemble,41,Chla_ugL_mean,5.84524453864087
vera4cast,chlorocast_timesfm,2026-10-21 00:00:00,2026-09-29 00:00:00,P1D,fcre,1.6,ensemble,41,Chla_ugL_mean,5.73419033864864
vera4cast,chlorocast_timesfm,2026-10-22 00:00:00,2026-09-29 00:00:00,P1D,fcre,1.6,ensemble,41,Chla_ugL_mean,5.69769664117023
vera4cast,chlorocast_timesfm,2026-10-23 00:00:00,2026-09-29 00:00:00,P1D,fcre,1.6,ensemble,41,Chla_ugL_mean,5.68066917951495
vera4cast,chlorocast_timesfm,2026-10-24 00:00:00,2026-09-29 00:00:00,P1D,fcre,1.6,ensemble,41,Chla_ugL_mean,5.64593148927584
vera4cast,chlorocast_timesfm,2026-10-25 00:00:00,2026-09-29 00:00:00,P1D,fcre,1.6,ensemble,41,Chla_ugL_mean,5.72053985315952
vera4cast,chlorocast_timesfm,2026-10-26 00:00:00,2026-09-29 00:00:00,P1D,fcre,1.6,ensemble,41,Chla_ugL_mean,5.69027745450366
vera4cast,chlorocast_timesfm,2026-10-27 00:00:00,2026-09-29 00:00:00,P1D,fcre,1.6,ensemble,41,Chla_ugL_mean,5.66369679840142
vera4cast,chlorocast_timesfm,2026-10-28 00:00:00,2026-09-29 00:00:00,P1D,fcre,1.6,ensemble,41,Chla_ugL_mean,5.66402237218601
vera4cast,chlorocast_timesfm,2026-10-29 00:00:00,2026-09-29 00:00:00,P1D,fcre,1.6,ensemble,41,Chla_ugL_mean,5.67290024916146
vera4cast,chlorocast_timesfm,2026-10-30 00:00:00,2026-09-29 00:00:00,P1D,fcre,1.6,ensemble,41,Chla_ugL_mean,5.62550877399203
vera4cast,chlorocast_timesfm,2026-10-31 00:00:00,2026-09-29 00:00:00,P1D,fcre,1.6,ensemble,41,Chla_ugL_mean,5.70261317227783
vera4cast,chlorocast_timesfm,2026-11-01 00:00:00,2026-09-29 00:00:00,P1D,fcre,1.6,ensemble,41,Chla_ugL_mean,5.76112072981623
vera4cast,chlorocast_timesfm,2026-11-02 00:00:00,2026-09-29 00:00:00,P1D,fcre,1.6,ensemble,41,Chla_ugL_mean,5.81078439832084
vera4cast,chlorocast_timesfm,2026-11-03 00:00:00,2026-09-29 00:00:00,P1D,fcre,1.6,ensemble,41,Chla_ugL_mean,5.7824071833102
vera4cast,chlorocast_timesfm,2026-09-30 00:00:00,2026-09-29 00:00:00,P1D,fcre,1.6,ensemble,42,Chla_ugL_mean,6.05876886088759
vera4cast,chlorocast_timesfm,2026-10-01 00:00:00,2026-09-29 00:00:00,P1D,fcre,1.6,ensemble,42,Chla_ugL_mean,5.91153452646452
vera4cast,chlorocast_timesfm,2026-10-02 00:00:00,2026-09-29 00:00:00,P1D,fcre,1.6,ensemble,42,Chla_ugL_mean,5.90781632293298
vera4cast,chlorocast_timesfm,2026-10-03 00:00:00,2026-09-29 00:00:00,P1D,fcre,1.6,ensemble,42,Chla_ugL_mean,5.92604567228979
vera4cast,chlorocast_timesfm,2026-10-04 00:00:00,2026-09-29 00:00:00,P1D,fcre,1.6,ensemble,42,Chla_ugL_mean,5.88961762734331
vera4cast,chlorocast_timesfm,2026-10-05 00:00:00,2026-09-29 00:00:00,P1D,fcre,1.6,ensemble,42,Chla_ugL_mean,5.80688655685405
vera4cast,chlorocast_timesfm,2026-10-06 00:00:00,2026-09-29 00:00:00,P1D,fcre,1.6,ensemble,42,Chla_ugL_mean,5.8719709680878
vera4cast,chlorocast_timesfm,2026-10-07 00:00:00,2026-09-29 00:00:00,P1D,fcre,1.6,ensemble,42,Chla_ugL_mean,5.68521103874471
vera4cast,chlorocast_timesfm,2026-10-08 00:00:00,2026-09-29 00:00:00,P1D,fcre,1.6,ensemble,42,Chla_ugL_mean,5.73095865389458
vera4cast,chlorocast_timesfm,2026-10-09 00:00:00,2026-09-29 00:00:00,P1D,fcre,1.6,ensemble,42,Chla_ugL_mean,5.74824831475847
vera4cast,chlorocast_timesfm,2026-10-10 00:00:00,2026-09-29 00:00:00,P1D,fcre,1.6,ensemble,42,Chla_ugL_mean,5.69587212543825
vera4cast,chlorocast_timesfm,2026-10-11 00:00:00,2026-09-29 00:00:00,P1D,fcre,1.6,ensemble,42,Chla_ugL_mean,5.65663471320234
vera4cast,chlorocast_timesfm,2026-10-12 00:00:00,2026-09-29 00:00:00,P1D,fcre,1.6,ensemble,42,Chla_ugL_mean,5.53938067022503
vera4cast,chlorocast_timesfm,2026-10-13 00:00:00,2026-09-29 00:00:00,P1D,fcre,1.6,ensemble,42,Chla_ugL_mean,5.67525745217569
vera4cast,chlorocast_timesfm,2026-10-14 00:00:00,2026-09-29 00:00:00,P1D,fcre,1.6,ensemble,42,Chla_ugL_mean,5.78147032490892
vera4cast,chlorocast_timesfm,2026-10-15 00:00:00,2026-09-29 00:00:00,P1D,fcre,1.6,ensemble,42,Chla_ugL_mean,5.78504183991455
vera4cast,chlorocast_timesfm,2026-10-16 00:00:00,2026-09-29 00:00:00,P1D,fcre,1.6,ensemble,42,Chla_ugL_mean,5.82980787636447
vera4cast,chlorocast_timesfm,2026-10-17 00:00:00,2026-09-29 00:00:00,P1D,fcre,1.6,ensemble,42,Chla_ugL_mean,5.88333556747741
vera4cast,chlorocast_timesfm,2026-10-18 00:00:00,2026-09-29 00:00:00,P1D,fcre,1.6,ensemble,42,Chla_ugL_mean,5.83691643771256
vera4cast,chlorocast_timesfm,2026-10-19 00:00:00,2026-09-29 00:00:00,P1D,fcre,1.6,ensemble,42,Chla_ugL_mean,5.88931455130392
vera4cast,chlorocast_timesfm,2026-10-20 00:00:00,2026-09-29 00:00:00,P1D,fcre,1.6,ensemble,42,Chla_ugL_mean,5.92629883168226
vera4cast,chlorocast_timesfm,2026-10-21 00:00:00,2026-09-29 00:00:00,P1D,fcre,1.6,ensemble,42,Chla_ugL_mean,5.82010685871675
vera4cast,chlorocast_timesfm,2026-10-22 00:00:00,2026-09-29 00:00:00,P1D,fcre,1.6,ensemble,42,Chla_ugL_mean,5.78313614721589
vera4cast,chlorocast_timesfm,2026-10-23 00:00:00,2026-09-29 00:00:00,P1D,fcre,1.6,ensemble,42,Chla_ugL_mean,5.76203216566351
vera4cast,chlorocast_timesfm,2026-10-24 00:00:00,2026-09-29 00:00:00,P1D,fcre,1.6,ensemble,42,Chla_ugL_mean,5.72700165008567
vera4cast,chlorocast_timesfm,2026-10-25 00:00:00,2026-09-29 00:00:00,P1D,fcre,1.6,ensemble,42,Chla_ugL_mean,5.80541373719691
vera4cast,chlorocast_timesfm,2026-10-26 00:00:00,2026-09-29 00:00:00,P1D,fcre,1.6,ensemble,42,Chla_ugL_mean,5.77182203938183
vera4cast,chlorocast_timesfm,2026-10-27 00:00:00,2026-09-29 00:00:00,P1D,fcre,1.6,ensemble,42,Chla_ugL_mean,5.74801769510994
vera4cast,chlorocast_timesfm,2026-10-28 00:00:00,2026-09-29 00:00:00,P1D,fcre,1.6,ensemble,42,Chla_ugL_mean,5.74767033737206
vera4cast,chlorocast_timesfm,2026-10-29 00:00:00,2026-09-29 00:00:00,P1D,fcre,1.6,ensemble,42,Chla_ugL_mean,5.75669296217637
vera4cast,chlorocast_timesfm,2026-10-30 00:00:00,2026-09-29 00:00:00,P1D,fcre,1.6,ensemble,42,Chla_ugL_mean,5.70949230572049
vera4cast,chlorocast_timesfm,2026-10-31 00:00:00,2026-09-29 00:00:00,P1D,fcre,1.6,ensemble,42,Chla_ugL_mean,5.78831713161141
vera4cast,chlorocast_timesfm,2026-11-01 00:00:00,2026-09-29 00:00:00,P1D,fcre,1.6,ensemble,42,Chla_ugL_mean,5.84672038402498
vera4cast,chlorocast_timesfm,2026-11-02 00:00:00,2026-09-29 00:00:00,P1D,fcre,1.6,ensemble,42,Chla_ugL_mean,5.89869632404967
vera4cast,chlorocast_timesfm,2026-11-03 00:00:00,2026-09-29 00:00:00,P1D,fcre,1.6,ensemble,42,Chla_ugL_mean,5.86938512863826
vera4cast,chlorocast_timesfm,2026-09-30 00:00:00,2026-09-29 00:00:00,P1D,fcre,1.6,ensemble,43,Chla_ugL_mean,6.12155308475073
vera4cast,chlorocast_timesfm,2026-10-01 00:00:00,2026-09-29 00:00:00,P1D,fcre,1.6,ensemble,43,Chla_ugL_mean,5.97824741525604
vera4cast,chlorocast_timesfm,2026-10-02 00:00:00,2026-09-29 00:00:00,P1D,fcre,1.6,ensemble,43,Chla_ugL_mean,5.97089171973512
vera4cast,chlorocast_timesfm,2026-10-03 00:00:00,2026-09-29 00:00:00,P1D,fcre,1.6,ensemble,43,Chla_ugL_mean,5.99555095967002
vera4cast,chlorocast_timesfm,2026-10-04 00:00:00,2026-09-29 00:00:00,P1D,fcre,1.6,ensemble,43,Chla_ugL_mean,5.96001303780899
vera4cast,chlorocast_timesfm,2026-10-05 00:00:00,2026-09-29 00:00:00,P1D,fcre,1.6,ensemble,43,Chla_ugL_mean,5.8775189127976
vera4cast,chlorocast_timesfm,2026-10-06 00:00:00,2026-09-29 00:00:00,P1D,fcre,1.6,ensemble,43,Chla_ugL_mean,5.94364146386558
vera4cast,chlorocast_timesfm,2026-10-07 00:00:00,2026-09-29 00:00:00,P1D,fcre,1.6,ensemble,43,Chla_ugL_mean,5.75867595703443
vera4cast,chlorocast_timesfm,2026-10-08 00:00:00,2026-09-29 00:00:00,P1D,fcre,1.6,ensemble,43,Chla_ugL_mean,5.80446470072271
vera4cast,chlorocast_timesfm,2026-10-09 00:00:00,2026-09-29 00:00:00,P1D,fcre,1.6,ensemble,43,Chla_ugL_mean,5.82150403997706
vera4cast,chlorocast_timesfm,2026-10-10 00:00:00,2026-09-29 00:00:00,P1D,fcre,1.6,ensemble,43,Chla_ugL_mean,5.7667958996669
vera4cast,chlorocast_timesfm,2026-10-11 00:00:00,2026-09-29 00:00:00,P1D,fcre,1.6,ensemble,43,Chla_ugL_mean,5.72621583749923
vera4cast,chlorocast_timesfm,2026-10-12 00:00:00,2026-09-29 00:00:00,P1D,fcre,1.6,ensemble,43,Chla_ugL_mean,5.61684598089053
vera4cast,chlorocast_timesfm,2026-10-13 00:00:00,2026-09-29 00:00:00,P1D,fcre,1.6,ensemble,43,Chla_ugL_mean,5.75070355031395
vera4cast,chlorocast_timesfm,2026-10-14 00:00:00,2026-09-29 00:00:00,P1D,fcre,1.6,ensemble,43,Chla_ugL_mean,5.85849727597494
vera4cast,chlorocast_timesfm,2026-10-15 00:00:00,2026-09-29 00:00:00,P1D,fcre,1.6,ensemble,43,Chla_ugL_mean,5.86445449567732
vera4cast,chlorocast_timesfm,2026-10-16 00:00:00,2026-09-29 00:00:00,P1D,fcre,1.6,ensemble,43,Chla_ugL_mean,5.90874505096799
vera4cast,chlorocast_timesfm,2026-10-17 00:00:00,2026-09-29 00:00:00,P1D,fcre,1.6,ensemble,43,Chla_ugL_mean,5.96148939842749
vera4cast,chlorocast_timesfm,2026-10-18 00:00:00,2026-09-29 00:00:00,P1D,fcre,1.6,ensemble,43,Chla_ugL_mean,5.91954168465983
vera4cast,chlorocast_timesfm,2026-10-19 00:00:00,2026-09-29 00:00:00,P1D,fcre,1.6,ensemble,43,Chla_ugL_mean,5.97207930863462
vera4cast,chlorocast_timesfm,2026-10-20 00:00:00,2026-09-29 00:00:00,P1D,fcre,1.6,ensemble,43,Chla_ugL_mean,6.00831288567643
vera4cast,chlorocast_timesfm,2026-10-21 00:00:00,2026-09-29 00:00:00,P1D,fcre,1.6,ensemble,43,Chla_ugL_mean,5.90711952368861
vera4cast,chlorocast_timesfm,2026-10-22 00:00:00,2026-09-29 00:00:00,P1D,fcre,1.6,ensemble,43,Chla_ugL_mean,5.86966556664288
vera4cast,chlorocast_timesfm,2026-10-23 00:00:00,2026-09-29 00:00:00,P1D,fcre,1.6,ensemble,43,Chla_ugL_mean,5.84438606085683
vera4cast,chlorocast_timesfm,2026-10-24 00:00:00,2026-09-29 00:00:00,P1D,fcre,1.6,ensemble,43,Chla_ugL_mean,5.80906074239206
vera4cast,chlorocast_timesfm,2026-10-25 00:00:00,2026-09-29 00:00:00,P1D,fcre,1.6,ensemble,43,Chla_ugL_mean,5.89135949586775
vera4cast,chlorocast_timesfm,2026-10-26 00:00:00,2026-09-29 00:00:00,P1D,fcre,1.6,ensemble,43,Chla_ugL_mean,5.85436053211631
vera4cast,chlorocast_timesfm,2026-10-27 00:00:00,2026-09-29 00:00:00,P1D,fcre,1.6,ensemble,43,Chla_ugL_mean,5.83340556917906
vera4cast,chlorocast_timesfm,2026-10-28 00:00:00,2026-09-29 00:00:00,P1D,fcre,1.6,ensemble,43,Chla_ugL_mean,5.83236826633209
vera4cast,chlorocast_timesfm,2026-10-29 00:00:00,2026-09-29 00:00:00,P1D,fcre,1.6,ensemble,43,Chla_ugL_mean,5.84153787415909
vera4cast,chlorocast_timesfm,2026-10-30 00:00:00,2026-09-29 00:00:00,P1D,fcre,1.6,ensemble,43,Chla_ugL_mean,5.79454039472934
vera4cast,chlorocast_timesfm,2026-10-31 00:00:00,2026-09-29 00:00:00,P1D,fcre,1.6,ensemble,43,Chla_ugL_mean,5.87511695735659
vera4cast,chlorocast_timesfm,2026-11-01 00:00:00,2026-09-29 00:00:00,P1D,fcre,1.6,ensemble,43,Chla_ugL_mean,5.93340377879887
vera4cast,chlorocast_timesfm,2026-11-02 00:00:00,2026-09-29 00:00:00,P1D,fcre,1.6,ensemble,43,Chla_ugL_mean,5.98774299524003
vera4cast,chlorocast_timesfm,2026-11-03 00:00:00,2026-09-29 00:00:00,P1D,fcre,1.6,ensemble,43,Chla_ugL_mean,5.95747848369756
vera4cast,chlorocast_timesfm,2026-09-30 00:00:00,2026-09-29 00:00:00,P1D,fcre,1.6,ensemble,44,Chla_ugL_mean,6.18489574293065
vera4cast,chlorocast_timesfm,2026-10-01 00:00:00,2026-09-29 00:00:00,P1D,fcre,1.6,ensemble,44,Chla_ugL_mean,6.04560424346707
vera4cast,chlorocast_timesfm,2026-10-02 00:00:00,2026-09-29 00:00:00,P1D,fcre,1.6,ensemble,44,Chla_ugL_mean,6.03454305913557
vera4cast,chlorocast_timesfm,2026-10-03 00:00:00,2026-09-29 00:00:00,P1D,fcre,1.6,ensemble,44,Chla_ugL_mean,6.0657537568852
vera4cast,chlorocast_timesfm,2026-10-04 00:00:00,2026-09-29 00:00:00,P1D,fcre,1.6,ensemble,44,Chla_ugL_mean,6.03112772096621
vera4cast,chlorocast_timesfm,2026-10-05 00:00:00,2026-09-29 00:00:00,P1D,fcre,1.6,ensemble,44,Chla_ugL_mean,5.94888419262118
vera4cast,chlorocast_timesfm,2026-10-06 00:00:00,2026-09-29 00:00:00,P1D,fcre,1.6,ensemble,44,Chla_ugL_mean,6.01605943951323
vera4cast,chlorocast_timesfm,2026-10-07 00:00:00,2026-09-29 00:00:00,P1D,fcre,1.6,ensemble,44,Chla_ugL_mean,5.83294819377499
vera4cast,chlorocast_timesfm,2026-10-08 00:00:00,2026-09-29 00:00:00,P1D,fcre,1.6,ensemble,44,Chla_ugL_mean,5.87877347702789
vera4cast,chlorocast_timesfm,2026-10-09 00:00:00,2026-09-29 00:00:00,P1D,fcre,1.6,ensemble,44,Chla_ugL_mean,5.89555499397606
vera4cast,chlorocast_timesfm,2026-10-10 00:00:00,2026-09-29 00:00:00,P1D,fcre,1.6,ensemble,44,Chla_ugL_mean,5.83847091012836
vera4cast,chlorocast_timesfm,2026-10-11 00:00:00,2026-09-29 00:00:00,P1D,fcre,1.6,ensemble,44,Chla_ugL_mean,5.79652428619757
vera4cast,chlorocast_timesfm,2026-10-12 00:00:00,2026-09-29 00:00:00,P1D,fcre,1.6,ensemble,44,Chla_ugL_mean,5.69522894334282
vera4cast,chlorocast_timesfm,2026-10-13 00:00:00,2026-09-29 00:00:00,P1D,fcre,1.6,ensemble,44,Chla_ugL_mean,5.82700236668293
vera4cast,chlorocast_timesfm,2026-10-14 00:00:00,2026-09-29 00:00:00,P1D,fcre,1.6,ensemble,44,Chla_ugL_mean,5.93639913335276
vera4cast,chlorocast_timesfm,2026-10-15 00:00:00,2026-09-29 00:00:00,P1D,fcre,1.6,ensemble,44,Chla_ugL_mean,5.94479660332029
vera4cast,chlorocast_timesfm,2026-10-16 00:00:00,2026-09-29 00:00:00,P1D,fcre,1.6,ensemble,44,Chla_ugL_mean,5.98859456126925
vera4cast,chlorocast_timesfm,2026-10-17 00:00:00,2026-09-29 00:00:00,P1D,fcre,1.6,ensemble,44,Chla_ugL_mean,6.04053059295766
vera4cast,chlorocast_timesfm,2026-10-18 00:00:00,2026-09-29 00:00:00,P1D,fcre,1.6,ensemble,44,Chla_ugL_mean,6.00316547115271
vera4cast,chlorocast_timesfm,2026-10-19 00:00:00,2026-09-29 00:00:00,P1D,fcre,1.6,ensemble,44,Chla_ugL_mean,6.05583836010083
vera4cast,chlorocast_timesfm,2026-10-20 00:00:00,2026-09-29 00:00:00,P1D,fcre,1.6,ensemble,44,Chla_ugL_mean,6.09129806511811
vera4cast,chlorocast_timesfm,2026-10-21 00:00:00,2026-09-29 00:00:00,P1D,fcre,1.6,ensemble,44,Chla_ugL_mean,5.99524231846083
vera4cast,chlorocast_timesfm,2026-10-22 00:00:00,2026-09-29 00:00:00,P1D,fcre,1.6,ensemble,44,Chla_ugL_mean,5.9572988029864
vera4cast,chlorocast_timesfm,2026-10-23 00:00:00,2026-09-29 00:00:00,P1D,fcre,1.6,ensemble,44,Chla_ugL_mean,5.92774293324508
vera4cast,chlorocast_timesfm,2026-10-24 00:00:00,2026-09-29 00:00:00,P1D,fcre,1.6,ensemble,44,Chla_ugL_mean,5.89212082964099
vera4cast,chlorocast_timesfm,2026-10-25 00:00:00,2026-09-29 00:00:00,P1D,fcre,1.6,ensemble,44,Chla_ugL_mean,5.97839066590646
vera4cast,chlorocast_timesfm,2026-10-26 00:00:00,2026-09-29 00:00:00,P1D,fcre,1.6,ensemble,44,Chla_ugL_mean,5.93790504697353
vera4cast,chlorocast_timesfm,2026-10-27 00:00:00,2026-09-29 00:00:00,P1D,fcre,1.6,ensemble,44,Chla_ugL_mean,5.91987392189649
vera4cast,chlorocast_timesfm,2026-10-28 00:00:00,2026-09-29 00:00:00,P1D,fcre,1.6,ensemble,44,Chla_ugL_mean,5.91812933839357
vera4cast,chlorocast_timesfm,2026-10-29 00:00:00,2026-09-29 00:00:00,P1D,fcre,1.6,ensemble,44,Chla_ugL_mean,5.92744819774621
vera4cast,chlorocast_timesfm,2026-10-30 00:00:00,2026-09-29 00:00:00,P1D,fcre,1.6,ensemble,44,Chla_ugL_mean,5.8806665351189
vera4cast,chlorocast_timesfm,2026-10-31 00:00:00,2026-09-29 00:00:00,P1D,fcre,1.6,ensemble,44,Chla_ugL_mean,5.96302666197209
vera4cast,chlorocast_timesfm,2026-11-01 00:00:00,2026-09-29 00:00:00,P1D,fcre,1.6,ensemble,44,Chla_ugL_mean,6.0211846349131
vera4cast,chlorocast_timesfm,2026-11-02 00:00:00,2026-09-29 00:00:00,P1D,fcre,1.6,ensemble,44,Chla_ugL_mean,6.07793905890653
vera4cast,chlorocast_timesfm,2026-11-03 00:00:00,2026-09-29 00:00:00,P1D,fcre,1.6,ensemble,44,Chla_ugL_mean,6.04670155256098
vera4cast,chlorocast_timesfm,2026-09-30 00:00:00,2026-09-29 00:00:00,P1D,fcre,1.6,ensemble,45,Chla_ugL_mean,6.2488018024217
vera4cast,chlorocast_timesfm,2026-10-01 00:00:00,2026-09-29 00:00:00,P1D,fcre,1.6,ensemble,45,Chla_ugL_mean,6.1136112266578
vera4cast,chlorocast_timesfm,2026-10-02 00:00:00,2026-09-29 00:00:00,P1D,fcre,1.6,ensemble,45,Chla_ugL_mean,6.09877560007672
vera4cast,chlorocast_timesfm,2026-10-03 00:00:00,2026-09-29 00:00:00,P1D,fcre,1.6,ensemble,45,Chla_ugL_mean,6.13666106369015
vera4cast,chlorocast_timesfm,2026-10-04 00:00:00,2026-09-29 00:00:00,P1D,fcre,1.6,ensemble,45,Chla_ugL_mean,6.10296902606123
vera4cast,chlorocast_timesfm,2026-10-05 00:00:00,2026-09-29 00:00:00,P1D,fcre,1.6,ensemble,45,Chla_ugL_mean,6.02099000158453
vera4cast,chlorocast_timesfm,2026-10-06 00:00:00,2026-09-29 00:00:00,P1D,fcre,1.6,ensemble,45,Chla_ugL_mean,6.08923269079315
vera4cast,chlorocast_timesfm,2026-10-07 00:00:00,2026-09-29 00:00:00,P1D,fcre,1.6,ensemble,45,Chla_ugL_mean,5.9080366207258
vera4cast,chlorocast_timesfm,2026-10-08 00:00:00,2026-09-29 00:00:00,P1D,fcre,1.6,ensemble,45,Chla_ugL_mean,5.95389374909046
vera4cast,chlorocast_timesfm,2026-10-09 00:00:00,2026-09-29 00:00:00,P1D,fcre,1.6,ensemble,45,Chla_ugL_mean,5.97040980937513
vera4cast,chlorocast_timesfm,2026-10-10 00:00:00,2026-09-29 00:00:00,P1D,fcre,1.6,ensemble,45,Chla_ugL_mean,5.91090511403983
vera4cast,chlorocast_timesfm,2026-10-11 00:00:00,2026-09-29 00:00:00,P1D,fcre,1.6,ensemble,45,Chla_ugL_mean,5.86756766194521
vera4cast,chlorocast_timesfm,2026-10-12 00:00:00,2026-09-29 00:00:00,P1D,fcre,1.6,ensemble,45,Chla_ugL_mean,5.7745404280579
vera4cast,chlorocast_timesfm,2026-10-13 00:00:00,2026-09-29 00:00:00,P1D,fcre,1.6,ensemble,45,Chla_ugL_mean,5.90416353900281
vera4cast,chlorocast_timesfm,2026-10-14 00:00:00,2026-09-29 00:00:00,P1D,fcre,1.6,ensemble,45,Chla_ugL_mean,6.01518583461674
vera4cast,chlorocast_timesfm,2026-10-15 00:00:00,2026-09-29 00:00:00,P1D,fcre,1.6,ensemble,45,Chla_ugL_mean,6.02607904122032
vera4cast,chlorocast_timesfm,2026-10-16 00:00:00,2026-09-29 00:00:00,P1D,fcre,1.6,ensemble,45,Chla_ugL_mean,6.06936695181119
vera4cast,chlorocast_timesfm,2026-10-17 00:00:00,2026-09-29 00:00:00,P1D,fcre,1.6,ensemble,45,Chla_ugL_mean,6.12046922625061
vera4cast,chlorocast_timesfm,2026-10-18 00:00:00,2026-09-29 00:00:00,P1D,fcre,1.6,ensemble,45,Chla_ugL_mean,6.08779986470399
vera4cast,chlorocast_timesfm,2026-10-19 00:00:00,2026-09-29 00:00:00,P1D,fcre,1.6,ensemble,45,Chla_ugL_mean,6.14060365065181
vera4cast,chlorocast_timesfm,2026-10-20 00:00:00,2026-09-29 00:00:00,P1D,fcre,1.6,ensemble,45,Chla_ugL_mean,6.17526586906862
vera4cast,chlorocast_timesfm,2026-10-21 00:00:00,2026-09-29 00:00:00,P1D,fcre,1.6,ensemble,45,Chla_ugL_mean,6.08448940635291
vera4cast,chlorocast_timesfm,2026-10-22 00:00:00,2026-09-29 00:00:00,P1D,fcre,1.6,ensemble,45,Chla_ugL_mean,6.04604993714277
vera4cast,chlorocast_timesfm,2026-10-23 00:00:00,2026-09-29 00:00:00,P1D,fcre,1.6,ensemble,45,Chla_ugL_mean,6.01211499795483
vera4cast,chlorocast_timesfm,2026-10-24 00:00:00,2026-09-29 00:00:00,P1D,fcre,1.6,ensemble,45,Chla_ugL_mean,5.97619412243394
vera4cast,chlorocast_timesfm,2026-10-25 00:00:00,2026-09-29 00:00:00,P1D,fcre,1.6,ensemble,45,Chla_ugL_mean,6.0665209550033
vera4cast,chlorocast_timesfm,2026-10-26 00:00:00,2026-09-29 00:00:00,P1D,fcre,1.6,ensemble,45,Chla_ugL_mean,6.0224678458749
vera4cast,chlorocast_timesfm,2026-10-27 00:00:00,2026-09-29 00:00:00,P1D,fcre,1.6,ensemble,45,Chla_ugL_mean,6.00743642539218
vera4cast,chlorocast_timesfm,2026-10-28 00:00:00,2026-09-29 00:00:00,P1D,fcre,1.6,ensemble,45,Chla_ugL_mean,6.00496689831321
vera4cast,chlorocast_timesfm,2026-10-29 00:00:00,2026-09-29 00:00:00,P1D,fcre,1.6,ensemble,45,Chla_ugL_mean,6.01443731148763
vera4cast,chlorocast_timesfm,2026-10-30 00:00:00,2026-09-29 00:00:00,P1D,fcre,1.6,ensemble,45,Chla_ugL_mean,5.96788439203782
vera4cast,chlorocast_timesfm,2026-10-31 00:00:00,2026-09-29 00:00:00,P1D,fcre,1.6,ensemble,45,Chla_ugL_mean,6.05206043708901
vera4cast,chlorocast_timesfm,2026-11-01 00:00:00,2026-09-29 00:00:00,P1D,fcre,1.6,ensemble,45,Chla_ugL_mean,6.11007684685571
vera4cast,chlorocast_timesfm,2026-11-02 00:00:00,2026-09-29 00:00:00,P1D,fcre,1.6,ensemble,45,Chla_ugL_mean,6.16929935112386
vera4cast,chlorocast_timesfm,2026-11-03 00:00:00,2026-09-29 00:00:00,P1D,fcre,1.6,ensemble,45,Chla_ugL_mean,6.13706882273757
vera4cast,chlorocast_timesfm,2026-09-30 00:00:00,2026-09-29 00:00:00,P1D,fcre,1.6,ensemble,46,Chla_ugL_mean,6.31327627439719
vera4cast,chlorocast_timesfm,2026-10-01 00:00:00,2026-09-29 00:00:00,P1D,fcre,1.6,ensemble,46,Chla_ugL_mean,6.18227464038351
vera4cast,chlorocast_timesfm,2026-10-02 00:00:00,2026-09-29 00:00:00,P1D,fcre,1.6,ensemble,46,Chla_ugL_mean,6.16359464952041
vera4cast,chlorocast_timesfm,2026-10-03 00:00:00,2026-09-29 00:00:00,P1D,fcre,1.6,ensemble,46,Chla_ugL_mean,6.20827995008468
vera4cast,chlorocast_timesfm,2026-10-04 00:00:00,2026-09-29 00:00:00,P1D,fcre,1.6,ensemble,46,Chla_ugL_mean,6.17554437743197
vera4cast,chlorocast_timesfm,2026-10-05 00:00:00,2026-09-29 00:00:00,P1D,fcre,1.6,ensemble,46,Chla_ugL_mean,6.09384402386417
vera4cast,chlorocast_timesfm,2026-10-06 00:00:00,2026-09-29 00:00:00,P1D,fcre,1.6,ensemble,46,Chla_ugL_mean,6.16316909477282
vera4cast,chlorocast_timesfm,2026-10-07 00:00:00,2026-09-29 00:00:00,P1D,fcre,1.6,ensemble,46,Chla_ugL_mean,5.98395020713957
vera4cast,chlorocast_timesfm,2026-10-08 00:00:00,2026-09-29 00:00:00,P1D,fcre,1.6,ensemble,46,Chla_ugL_mean,6.02983437892373
vera4cast,chlorocast_timesfm,2026-10-09 00:00:00,2026-09-29 00:00:00,P1D,fcre,1.6,ensemble,46,Chla_ugL_mean,6.04607721250547
vera4cast,chlorocast_timesfm,2026-10-10 00:00:00,2026-09-29 00:00:00,P1D,fcre,1.6,ensemble,46,Chla_ugL_mean,5.9841065529027
vera4cast,chlorocast_timesfm,2026-10-11 00:00:00,2026-09-29 00:00:00,P1D,fcre,1.6,ensemble,46,Chla_ugL_mean,5.93935364685968
vera4cast,chlorocast_timesfm,2026-10-12 00:00:00,2026-09-29 00:00:00,P1D,fcre,1.6,ensemble,46,Chla_ugL_mean,5.85479143428315
vera4cast,chlorocast_timesfm,2026-10-13 00:00:00,2026-09-29 00:00:00,P1D,fcre,1.6,ensemble,46,Chla_ugL_mean,5.98219681392262
vera4cast,chlorocast_timesfm,2026-10-14 00:00:00,2026-09-29 00:00:00,P1D,fcre,1.6,ensemble,46,Chla_ugL_mean,6.09486743021663
vera4cast,chlorocast_timesfm,2026-10-15 00:00:00,2026-09-29 00:00:00,P1D,fcre,1.6,ensemble,46,Chla_ugL_mean,6.10831281507565
vera4cast,chlorocast_timesfm,2026-10-16 00:00:00,2026-09-29 00:00:00,P1D,fcre,1.6,ensemble,46,Chla_ugL_mean,6.15107288900784
vera4cast,chlorocast_timesfm,2026-10-17 00:00:00,2026-09-29 00:00:00,P1D,fcre,1.6,ensemble,46,Chla_ugL_mean,6.20131548788326
vera4cast,chlorocast_timesfm,2026-10-18 00:00:00,2026-09-29 00:00:00,P1D,fcre,1.6,ensemble,46,Chla_ugL_mean,6.17345707866432
vera4cast,chlorocast_timesfm,2026-10-19 00:00:00,2026-09-29 00:00:00,P1D,fcre,1.6,ensemble,46,Chla_ugL_mean,6.22638726873746
vera4cast,chlorocast_timesfm,2026-10-20 00:00:00,2026-09-29 00:00:00,P1D,fcre,1.6,ensemble,46,Chla_ugL_mean,6.26022793274922
vera4cast,chlorocast_timesfm,2026-10-21 00:00:00,2026-09-29 00:00:00,P1D,fcre,1.6,ensemble,46,Chla_ugL_mean,6.17487513138357
vera4cast,chlorocast_timesfm,2026-10-22 00:00:00,2026-09-29 00:00:00,P1D,fcre,1.6,ensemble,46,Chla_ugL_mean,6.13593322963202
vera4cast,chlorocast_timesfm,2026-10-23 00:00:00,2026-09-29 00:00:00,P1D,fcre,1.6,ensemble,46,Chla_ugL_mean,6.09751461887905
vera4cast,chlorocast_timesfm,2026-10-24 00:00:00,2026-09-29 00:00:00,P1D,fcre,1.6,ensemble,46,Chla_ugL_mean,6.061292980323
vera4cast,chlorocast_timesfm,2026-10-25 00:00:00,2026-09-29 00:00:00,P1D,fcre,1.6,ensemble,46,Chla_ugL_mean,6.15576424396332
vera4cast,chlorocast_timesfm,2026-10-26 00:00:00,2026-09-29 00:00:00,P1D,fcre,1.6,ensemble,46,Chla_ugL_mean,6.10806134019652
vera4cast,chlorocast_timesfm,2026-10-27 00:00:00,2026-09-29 00:00:00,P1D,fcre,1.6,ensemble,46,Chla_ugL_mean,6.09610692480007
vera4cast,chlorocast_timesfm,2026-10-28 00:00:00,2026-09-29 00:00:00,P1D,fcre,1.6,ensemble,46,Chla_ugL_mean,6.0928944583534
vera4cast,chlorocast_timesfm,2026-10-29 00:00:00,2026-09-29 00:00:00,P1D,fcre,1.6,ensemble,46,Chla_ugL_mean,6.10251876192987
vera4cast,chlorocast_timesfm,2026-10-30 00:00:00,2026-09-29 00:00:00,P1D,fcre,1.6,ensemble,46,Chla_ugL_mean,6.05620780385128
vera4cast,chlorocast_timesfm,2026-10-31 00:00:00,2026-09-29 00:00:00,P1D,fcre,1.6,ensemble,46,Chla_ugL_mean,6.14223265580186
vera4cast,chlorocast_timesfm,2026-11-01 00:00:00,2026-09-29 00:00:00,P1D,fcre,1.6,ensemble,46,Chla_ugL_mean,6.20009448502693
vera4cast,chlorocast_timesfm,2026-11-02 00:00:00,2026-09-29 00:00:00,P1D,fcre,1.6,ensemble,46,Chla_ugL_mean,6.2618388994671
vera4cast,chlorocast_timesfm,2026-11-03 00:00:00,2026-09-29 00:00:00,P1D,fcre,1.6,ensemble,46,Chla_ugL_mean,6.22859496752496
vera4cast,chlorocast_timesfm,2026-09-30 00:00:00,2026-09-29 00:00:00,P1D,fcre,1.6,ensemble,47,Chla_ugL_mean,6.3783242146023
vera4cast,chlorocast_timesfm,2026-10-01 00:00:00,2026-09-29 00:00:00,P1D,fcre,1.6,ensemble,47,Chla_ugL_mean,6.2516008207736
vera4cast,chlorocast_timesfm,2026-10-02 00:00:00,2026-09-29 00:00:00,P1D,fcre,1.6,ensemble,47,Chla_ugL_mean,6.22900556288649
vera4cast,chlorocast_timesfm,2026-10-03 00:00:00,2026-09-29 00:00:00,P1D,fcre,1.6,ensemble,47,Chla_ugL_mean,6.28061755701849
vera4cast,chlorocast_timesfm,2026-10-04 00:00:00,2026-09-29 00:00:00,P1D,fcre,1.6,ensemble,47,Chla_ugL_mean,6.24886127527536
vera4cast,chlorocast_timesfm,2026-10-05 00:00:00,2026-09-29 00:00:00,P1D,fcre,1.6,ensemble,47,Chla_ugL_mean,6.16745402337226
vera4cast,chlorocast_timesfm,2026-10-06 00:00:00,2026-09-29 00:00:00,P1D,fcre,1.6,ensemble,47,Chla_ugL_mean,6.23787661067277
vera4cast,chlorocast_timesfm,2026-10-07 00:00:00,2026-09-29 00:00:00,P1D,fcre,1.6,ensemble,47,Chla_ugL_mean,6.06069802083362
vera4cast,chlorocast_timesfm,2026-10-08 00:00:00,2026-09-29 00:00:00,P1D,fcre,1.6,ensemble,47,Chla_ugL_mean,6.10660432531942
vera4cast,chlorocast_timesfm,2026-10-09 00:00:00,2026-09-29 00:00:00,P1D,fcre,1.6,ensemble,47,Chla_ugL_mean,6.12256602442713
vera4cast,chlorocast_timesfm,2026-10-10 00:00:00,2026-09-29 00:00:00,P1D,fcre,1.6,ensemble,47,Chla_ugL_mean,6.05808335339521
vera4cast,chlorocast_timesfm,2026-10-11 00:00:00,2026-09-29 00:00:00,P1D,fcre,1.6,ensemble,47,Chla_ugL_mean,6.01189000335895
vera4cast,chlorocast_timesfm,2026-10-12 00:00:00,2026-09-29 00:00:00,P1D,fcre,1.6,ensemble,47,Chla_ugL_mean,5.93599309156268
vera4cast,chlorocast_timesfm,2026-10-13 00:00:00,2026-09-29 00:00:00,P1D,fcre,1.6,ensemble,47,Chla_ugL_mean,6.06111204825147
vera4cast,chlorocast_timesfm,2026-10-14 00:00:00,2026-09-29 00:00:00,P1D,fcre,1.6,ensemble,47,Chla_ugL_mean,6.17545408475965
vera4cast,chlorocast_timesfm,2026-10-15 00:00:00,2026-09-29 00:00:00,P1D,fcre,1.6,ensemble,47,Chla_ugL_mean,6.19150905939606
vera4cast,chlorocast_timesfm,2026-10-16 00:00:00,2026-09-29 00:00:00,P1D,fcre,1.6,ensemble,47,Chla_ugL_mean,6.23372316255295
vera4cast,chlorocast_timesfm,2026-10-17 00:00:00,2026-09-29 00:00:00,P1D,fcre,1.6,ensemble,47,Chla_ugL_mean,6.28307968312567
vera4cast,chlorocast_timesfm,2026-10-18 00:00:00,2026-09-29 00:00:00,P1D,fcre,1.6,ensemble,47,Chla_ugL_mean,6.26014947398466
vera4cast,chlorocast_timesfm,2026-10-19 00:00:00,2026-09-29 00:00:00,P1D,fcre,1.6,ensemble,47,Chla_ugL_mean,6.3132014480322
vera4cast,chlorocast_timesfm,2026-10-20 00:00:00,2026-09-29 00:00:00,P1D,fcre,1.6,ensemble,47,Chla_ugL_mean,6.34619602915344
vera4cast,chlorocast_timesfm,2026-10-21 00:00:00,2026-09-29 00:00:00,P1D,fcre,1.6,ensemble,47,Chla_ugL_mean,6.26641402057621
vera4cast,chlorocast_timesfm,2026-10-22 00:00:00,2026-09-29 00:00:00,P1D,fcre,1.6,ensemble,47,Chla_ugL_mean,6.22696312288918
vera4cast,chlorocast_timesfm,2026-10-23 00:00:00,2026-09-29 00:00:00,P1D,fcre,1.6,ensemble,47,Chla_ugL_mean,6.18395431048896
vera4cast,chlorocast_timesfm,2026-10-24 00:00:00,2026-09-29 00:00:00,P1D,fcre,1.6,ensemble,47,Chla_ugL_mean,6.14742991362782
vera4cast,chlorocast_timesfm,2026-10-25 00:00:00,2026-09-29 00:00:00,P1D,fcre,1.6,ensemble,47,Chla_ugL_mean,6.24613458889261
vera4cast,chlorocast_timesfm,2026-10-26 00:00:00,2026-09-29 00:00:00,P1D,fcre,1.6,ensemble,47,Chla_ugL_mean,6.1946980925908
vera4cast,chlorocast_timesfm,2026-10-27 00:00:00,2026-09-29 00:00:00,P1D,fcre,1.6,ensemble,47,Chla_ugL_mean,6.18589944044728
vera4cast,chlorocast_timesfm,2026-10-28 00:00:00,2026-09-29 00:00:00,P1D,fcre,1.6,ensemble,47,Chla_ugL_mean,6.18192570038478
vera4cast,chlorocast_timesfm,2026-10-29 00:00:00,2026-09-29 00:00:00,P1D,fcre,1.6,ensemble,47,Chla_ugL_mean,6.19170626572572
vera4cast,chlorocast_timesfm,2026-10-30 00:00:00,2026-09-29 00:00:00,P1D,fcre,1.6,ensemble,47,Chla_ugL_mean,6.14565078433658
vera4cast,chlorocast_timesfm,2026-10-31 00:00:00,2026-09-29 00:00:00,P1D,fcre,1.6,ensemble,47,Chla_ugL_mean,6.23355787498884
vera4cast,chlorocast_timesfm,2026-11-01 00:00:00,2026-09-29 00:00:00,P1D,fcre,1.6,ensemble,47,Chla_ugL_mean,6.29125179796629
vera4cast,chlorocast_timesfm,2026-11-02 00:00:00,2026-09-29 00:00:00,P1D,fcre,1.6,ensemble,47,Chla_ugL_mean,6.35557292548356
vera4cast,chlorocast_timesfm,2026-11-03 00:00:00,2026-09-29 00:00:00,P1D,fcre,1.6,ensemble,47,Chla_ugL_mean,6.32129484839193
vera4cast,chlorocast_timesfm,2026-09-30 00:00:00,2026-09-29 00:00:00,P1D,fcre,1.6,ensemble,48,Chla_ugL_mean,6.44395072375055
vera4cast,chlorocast_timesfm,2026-10-01 00:00:00,2026-09-29 00:00:00,P1D,fcre,1.6,ensemble,48,Chla_ugL_mean,6.32159616511636
vera4cast,chlorocast_timesfm,2026-10-02 00:00:00,2026-09-29 00:00:00,P1D,fcre,1.6,ensemble,48,Chla_ugL_mean,6.29501374449522
vera4cast,chlorocast_timesfm,2026-10-03 00:00:00,2026-09-29 00:00:00,P1D,fcre,1.6,ensemble,48,Chla_ugL_mean,6.35368109710323
vera4cast,chlorocast_timesfm,2026-10-04 00:00:00,2026-09-29 00:00:00,P1D,fcre,1.6,ensemble,48,Chla_ugL_mean,6.32292729642239
vera4cast,chlorocast_timesfm,2026-10-05 00:00:00,2026-09-29 00:00:00,P1D,fcre,1.6,ensemble,48,Chla_ugL_mean,6.24182784458397
vera4cast,chlorocast_timesfm,2026-10-06 00:00:00,2026-09-29 00:00:00,P1D,fcre,1.6,ensemble,48,Chla_ugL_mean,6.31336328072335
vera4cast,chlorocast_timesfm,2026-10-07 00:00:00,2026-09-29 00:00:00,P1D,fcre,1.6,ensemble,48,Chla_ugL_mean,6.13828922927306
vera4cast,chlorocast_timesfm,2026-10-08 00:00:00,2026-09-29 00:00:00,P1D,fcre,1.6,ensemble,48,Chla_ugL_mean,6.18421264490457
vera4cast,chlorocast_timesfm,2026-10-09 00:00:00,2026-09-29 00:00:00,P1D,fcre,1.6,ensemble,48,Chla_ugL_mean,6.19988516195732
vera4cast,chlorocast_timesfm,2026-10-10 00:00:00,2026-09-29 00:00:00,P1D,fcre,1.6,ensemble,48,Chla_ugL_mean,6.13284372827475
vera4cast,chlorocast_timesfm,2026-10-11 00:00:00,2026-09-29 00:00:00,P1D,fcre,1.6,ensemble,48,Chla_ugL_mean,6.08518457500072
vera4cast,chlorocast_timesfm,2026-10-12 00:00:00,2026-09-29 00:00:00,P1D,fcre,1.6,ensemble,48,Chla_ugL_mean,6.01815666128084
vera4cast,chlorocast_timesfm,2026-10-13 00:00:00,2026-09-29 00:00:00,P1D,fcre,1.6,ensemble,48,Chla_ugL_mean,6.14091921020354
vera4cast,chlorocast_timesfm,2026-10-14 00:00:00,2026-09-29 00:00:00,P1D,fcre,1.6,ensemble,48,Chla_ugL_mean,6.25695607830715
vera4cast,chlorocast_timesfm,2026-10-15 00:00:00,2026-09-29 00:00:00,P1D,fcre,1.6,ensemble,48,Chla_ugL_mean,6.2756790390105
vera4cast,chlorocast_timesfm,2026-10-16 00:00:00,2026-09-29 00:00:00,P1D,fcre,1.6,ensemble,48,Chla_ugL_mean,6.31732868684478
vera4cast,chlorocast_timesfm,2026-10-17 00:00:00,2026-09-29 00:00:00,P1D,fcre,1.6,ensemble,48,Chla_ugL_mean,6.36577223425456
vera4cast,chlorocast_timesfm,2026-10-18 00:00:00,2026-09-29 00:00:00,P1D,fcre,1.6,ensemble,48,Chla_ugL_mean,6.34788956100008
vera4cast,chlorocast_timesfm,2026-10-19 00:00:00,2026-09-29 00:00:00,P1D,fcre,1.6,ensemble,48,Chla_ugL_mean,6.40105856917967
vera4cast,chlorocast_timesfm,2026-10-20 00:00:00,2026-09-29 00:00:00,P1D,fcre,1.6,ensemble,48,Chla_ugL_mean,6.43318207067836
vera4cast,chlorocast_timesfm,2026-10-21 00:00:00,2026-09-29 00:00:00,P1D,fcre,1.6,ensemble,48,Chla_ugL_mean,6.35912078629369
vera4cast,chlorocast_timesfm,2026-10-22 00:00:00,2026-09-29 00:00:00,P1D,fcre,1.6,ensemble,48,Chla_ugL_mean,6.31915424358496
vera4cast,chlorocast_timesfm,2026-10-23 00:00:00,2026-09-29 00:00:00,P1D,fcre,1.6,ensemble,48,Chla_ugL_mean,6.27144673966784
vera4cast,chlorocast_timesfm,2026-10-24 00:00:00,2026-09-29 00:00:00,P1D,fcre,1.6,ensemble,48,Chla_ugL_mean,6.23461758527472
vera4cast,chlorocast_timesfm,2026-10-25 00:00:00,2026-09-29 00:00:00,P1D,fcre,1.6,ensemble,48,Chla_ugL_mean,6.33764622341226
vera4cast,chlorocast_timesfm,2026-10-26 00:00:00,2026-09-29 00:00:00,P1D,fcre,1.6,ensemble,48,Chla_ugL_mean,6.2823908188303
vera4cast,chlorocast_timesfm,2026-10-27 00:00:00,2026-09-29 00:00:00,P1D,fcre,1.6,ensemble,48,Chla_ugL_mean,6.27682817007092
vera4cast,chlorocast_timesfm,2026-10-28 00:00:00,2026-09-29 00:00:00,P1D,fcre,1.6,ensemble,48,Chla_ugL_mean,6.27207447801523
vera4cast,chlorocast_timesfm,2026-10-29 00:00:00,2026-09-29 00:00:00,P1D,fcre,1.6,ensemble,48,Chla_ugL_mean,6.28201371177023
vera4cast,chlorocast_timesfm,2026-10-30 00:00:00,2026-09-29 00:00:00,P1D,fcre,1.6,ensemble,48,Chla_ugL_mean,6.23622752490669
vera4cast,chlorocast_timesfm,2026-10-31 00:00:00,2026-09-29 00:00:00,P1D,fcre,1.6,ensemble,48,Chla_ugL_mean,6.32605083766185
vera4cast,chlorocast_timesfm,2026-11-01 00:00:00,2026-09-29 00:00:00,P1D,fcre,1.6,ensemble,48,Chla_ugL_mean,6.38356321460799
vera4cast,chlorocast_timesfm,2026-11-02 00:00:00,2026-09-29 00:00:00,P1D,fcre,1.6,ensemble,48,Chla_ugL_mean,6.45051684719654
vera4cast,chlorocast_timesfm,2026-11-03 00:00:00,2026-09-29 00:00:00,P1D,fcre,1.6,ensemble,48,Chla_ugL_mean,6.41518351739149
vera4cast,chlorocast_timesfm,2026-09-30 00:00:00,2026-09-29 00:00:00,P1D,fcre,1.6,ensemble,49,Chla_ugL_mean,6.51016094792374
vera4cast,chlorocast_timesfm,2026-10-01 00:00:00,2026-09-29 00:00:00,P1D,fcre,1.6,ensemble,49,Chla_ugL_mean,6.39226713244923
vera4cast,chlorocast_timesfm,2026-10-02 00:00:00,2026-09-29 00:00:00,P1D,fcre,1.6,ensemble,49,Chla_ugL_mean,6.36162464801382
vera4cast,chlorocast_timesfm,2026-10-03 00:00:00,2026-09-29 00:00:00,P1D,fcre,1.6,ensemble,49,Chla_ugL_mean,6.42747785533161
vera4cast,chlorocast_timesfm,2026-10-04 00:00:00,2026-09-29 00:00:00,P1D,fcre,1.6,ensemble,49,Chla_ugL_mean,6.39775009512111
vera4cast,chlorocast_timesfm,2026-10-05 00:00:00,2026-09-29 00:00:00,P1D,fcre,1.6,ensemble,49,Chla_ugL_mean,6.3169734133735
vera4cast,chlorocast_timesfm,2026-10-06 00:00:00,2026-09-29 00:00:00,P1D,fcre,1.6,ensemble,49,Chla_ugL_mean,6.38963723103054
vera4cast,chlorocast_timesfm,2026-10-07 00:00:00,2026-09-29 00:00:00,P1D,fcre,1.6,ensemble,49,Chla_ugL_mean,6.21673310066585
vera4cast,chlorocast_timesfm,2026-10-08 00:00:00,2026-09-29 00:00:00,P1D,fcre,1.6,ensemble,49,Chla_ugL_mean,6.26266849320993
vera4cast,chlorocast_timesfm,2026-10-09 00:00:00,2026-09-29 00:00:00,P1D,fcre,1.6,ensemble,49,Chla_ugL_mean,6.2780436387099
vera4cast,chlorocast_timesfm,2026-10-10 00:00:00,2026-09-29 00:00:00,P1D,fcre,1.6,ensemble,49,Chla_ugL_mean,6.20839597728956
vera4cast,chlorocast_timesfm,2026-10-11 00:00:00,2026-09-29 00:00:00,P1D,fcre,1.6,ensemble,49,Chla_ugL_mean,6.1592452873306
vera4cast,chlorocast_timesfm,2026-10-12 00:00:00,2026-09-29 00:00:00,P1D,fcre,1.6,ensemble,49,Chla_ugL_mean,6.10129353822405
vera4cast,chlorocast_timesfm,2026-10-13 00:00:00,2026-09-29 00:00:00,P1D,fcre,1.6,ensemble,49,Chla_ugL_mean,6.2216283806573
vera4cast,chlorocast_timesfm,2026-10-14 00:00:00,2026-09-29 00:00:00,P1D,fcre,1.6,ensemble,49,Chla_ugL_mean,6.33938380768595
vera4cast,chlorocast_timesfm,2026-10-15 00:00:00,2026-09-29 00:00:00,P1D,fcre,1.6,ensemble,49,Chla_ugL_mean,6.36083415059234
vera4cast,chlorocast_timesfm,2026-10-16 00:00:00,2026-09-29 00:00:00,P1D,fcre,1.6,ensemble,49,Chla_ugL_mean,6.40190050242742
vera4cast,chlorocast_timesfm,2026-10-17 00:00:00,2026-09-29 00:00:00,P1D,fcre,1.6,ensemble,49,Chla_ugL_mean,6.44940368188187
vera4cast,chlorocast_timesfm,2026-10-18 00:00:00,2026-09-29 00:00:00,P1D,fcre,1.6,ensemble,49,Chla_ugL_mean,6.4366900012351
vera4cast,chlorocast_timesfm,2026-10-19 00:00:00,2026-09-29 00:00:00,P1D,fcre,1.6,ensemble,49,Chla_ugL_mean,6.48997116155833
vera4cast,chlorocast_timesfm,2026-10-20 00:00:00,2026-09-29 00:00:00,P1D,fcre,1.6,ensemble,49,Chla_ugL_mean,6.52119811077535
vera4cast,chlorocast_timesfm,2026-10-21 00:00:00,2026-09-29 00:00:00,P1D,fcre,1.6,ensemble,49,Chla_ugL_mean,6.45301032860296
vera4cast,chlorocast_timesfm,2026-10-22 00:00:00,2026-09-29 00:00:00,P1D,fcre,1.6,ensemble,49,Chla_ugL_mean,6.41252140497592
vera4cast,chlorocast_timesfm,2026-10-23 00:00:00,2026-09-29 00:00:00,P1D,fcre,1.6,ensemble,49,Chla_ugL_mean,6.36000472756727
vera4cast,chlorocast_timesfm,2026-10-24 00:00:00,2026-09-29 00:00:00,P1D,fcre,1.6,ensemble,49,Chla_ugL_mean,6.32286881265831
vera4cast,chlorocast_timesfm,2026-10-25 00:00:00,2026-09-29 00:00:00,P1D,fcre,1.6,ensemble,49,Chla_ugL_mean,6.43031356090011
vera4cast,chlorocast_timesfm,2026-10-26 00:00:00,2026-09-29 00:00:00,P1D,fcre,1.6,ensemble,49,Chla_ugL_mean,6.37115238967402
vera4cast,chlorocast_timesfm,2026-10-27 00:00:00,2026-09-29 00:00:00,P1D,fcre,1.6,ensemble,49,Chla_ugL_mean,6.36890749106305
vera4cast,chlorocast_timesfm,2026-10-28 00:00:00,2026-09-29 00:00:00,P1D,fcre,1.6,ensemble,49,Chla_ugL_mean,6.36335481874551
vera4cast,chlorocast_timesfm,2026-10-29 00:00:00,2026-09-29 00:00:00,P1D,fcre,1.6,ensemble,49,Chla_ugL_mean,6.37345516336359
vera4cast,chlorocast_timesfm,2026-10-30 00:00:00,2026-09-29 00:00:00,P1D,fcre,1.6,ensemble,49,Chla_ugL_mean,6.32795239686188
vera4cast,chlorocast_timesfm,2026-10-31 00:00:00,2026-09-29 00:00:00,P1D,fcre,1.6,ensemble,49,Chla_ugL_mean,6.41972647534651
vera4cast,chlorocast_timesfm,2026-11-01 00:00:00,2026-09-29 00:00:00,P1D,fcre,1.6,ensemble,49,Chla_ugL_mean,6.47704334656478
vera4cast,chlorocast_timesfm,2026-11-02 00:00:00,2026-09-29 00:00:00,P1D,fcre,1.6,ensemble,49,Chla_ugL_mean,6.54668628164137
vera4cast,chlorocast_timesfm,2026-11-03 00:00:00,2026-09-29 00:00:00,P1D,fcre,1.6,ensemble,49,Chla_ugL_mean,6.51027621960499
vera4cast,chlorocast_timesfm,2026-09-30 00:00:00,2026-09-29 00:00:00,P1D,fcre,1.6,ensemble,50,Chla_ugL_mean,6.57696007897552
vera4cast,chlorocast_timesfm,2026-10-01 00:00:00,2026-09-29 00:00:00,P1D,fcre,1.6,ensemble,50,Chla_ugL_mean,6.46362024415488
vera4cast,chlorocast_timesfm,2026-10-02 00:00:00,2026-09-29 00:00:00,P1D,fcre,1.6,ensemble,50,Chla_ugL_mean,6.42884377690703
vera4cast,chlorocast_timesfm,2026-10-03 00:00:00,2026-09-29 00:00:00,P1D,fcre,1.6,ensemble,50,Chla_ugL_mean,6.50201518980379
vera4cast,chlorocast_timesfm,2026-10-04 00:00:00,2026-09-29 00:00:00,P1D,fcre,1.6,ensemble,50,Chla_ugL_mean,6.47333740382772
vera4cast,chlorocast_timesfm,2026-10-05 00:00:00,2026-09-29 00:00:00,P1D,fcre,1.6,ensemble,50,Chla_ugL_mean,6.39289873785867
vera4cast,chlorocast_timesfm,2026-10-06 00:00:00,2026-09-29 00:00:00,P1D,fcre,1.6,ensemble,50,Chla_ugL_mean,6.46670667245067
vera4cast,chlorocast_timesfm,2026-10-07 00:00:00,2026-09-29 00:00:00,P1D,fcre,1.6,ensemble,50,Chla_ugL_mean,6.29603900506984
vera4cast,chlorocast_timesfm,2026-10-08 00:00:00,2026-09-29 00:00:00,P1D,fcre,1.6,ensemble,50,Chla_ugL_mean,6.34198112575004
vera4cast,chlorocast_timesfm,2026-10-09 00:00:00,2026-09-29 00:00:00,P1D,fcre,1.6,ensemble,50,Chla_ugL_mean,6.35705056614619
vera4cast,chlorocast_timesfm,2026-10-10 00:00:00,2026-09-29 00:00:00,P1D,fcre,1.6,ensemble,50,Chla_ugL_mean,6.28474848810018
vera4cast,chlorocast_timesfm,2026-10-11 00:00:00,2026-09-29 00:00:00,P1D,fcre,1.6,ensemble,50,Chla_ugL_mean,6.23408014873912
vera4cast,chlorocast_timesfm,2026-10-12 00:00:00,2026-09-29 00:00:00,P1D,fcre,1.6,ensemble,50,Chla_ugL_mean,6.18541525216099
vera4cast,chlorocast_timesfm,2026-10-13 00:00:00,2026-09-29 00:00:00,P1D,fcre,1.6,ensemble,50,Chla_ugL_mean,6.30324975442881
vera4cast,chlorocast_timesfm,2026-10-14 00:00:00,2026-09-29 00:00:00,P1D,fcre,1.6,ensemble,50,Chla_ugL_mean,6.4227477878147
vera4cast,chlorocast_timesfm,2026-10-15 00:00:00,2026-09-29 00:00:00,P1D,fcre,1.6,ensemble,50,Chla_ugL_mean,6.44698592420251
vera4cast,chlorocast_timesfm,2026-10-16 00:00:00,2026-09-29 00:00:00,P1D,fcre,1.6,ensemble,50,Chla_ugL_mean,6.48744977744875
vera4cast,chlorocast_timesfm,2026-10-17 00:00:00,2026-09-29 00:00:00,P1D,fcre,1.6,ensemble,50,Chla_ugL_mean,6.53398468629832
vera4cast,chlorocast_timesfm,2026-10-18 00:00:00,2026-09-29 00:00:00,P1D,fcre,1.6,ensemble,50,Chla_ugL_mean,6.5265636092308
vera4cast,chlorocast_timesfm,2026-10-19 00:00:00,2026-09-29 00:00:00,P1D,fcre,1.6,ensemble,50,Chla_ugL_mean,6.5799519050683
vera4cast,chlorocast_timesfm,2026-10-20 00:00:00,2026-09-29 00:00:00,P1D,fcre,1.6,ensemble,50,Chla_ugL_mean,6.61025634562025
vera4cast,chlorocast_timesfm,2026-10-21 00:00:00,2026-09-29 00:00:00,P1D,fcre,1.6,ensemble,50,Chla_ugL_mean,6.54809773766983
vera4cast,chlorocast_timesfm,2026-10-22 00:00:00,2026-09-29 00:00:00,P1D,fcre,1.6,ensemble,50,Chla_ugL_mean,6.5070796092847
vera4cast,chlorocast_timesfm,2026-10-23 00:00:00,2026-09-29 00:00:00,P1D,fcre,1.6,ensemble,50,Chla_ugL_mean,6.44964125148596
vera4cast,chlorocast_timesfm,2026-10-24 00:00:00,2026-09-29 00:00:00,P1D,fcre,1.6,ensemble,50,Chla_ugL_mean,6.41219656952573
vera4cast,chlorocast_timesfm,2026-10-25 00:00:00,2026-09-29 00:00:00,P1D,fcre,1.6,ensemble,50,Chla_ugL_mean,6.524151196761
vera4cast,chlorocast_timesfm,2026-10-26 00:00:00,2026-09-29 00:00:00,P1D,fcre,1.6,ensemble,50,Chla_ugL_mean,6.46099583275649
vera4cast,chlorocast_timesfm,2026-10-27 00:00:00,2026-09-29 00:00:00,P1D,fcre,1.6,ensemble,50,Chla_ugL_mean,6.46215196274394
vera4cast,chlorocast_timesfm,2026-10-28 00:00:00,2026-09-29 00:00:00,P1D,fcre,1.6,ensemble,50,Chla_ugL_mean,6.45578092615201
vera4cast,chlorocast_timesfm,2026-10-29 00:00:00,2026-09-29 00:00:00,P1D,fcre,1.6,ensemble,50,Chla_ugL_mean,6.4660448604012
vera4cast,chlorocast_timesfm,2026-10-30 00:00:00,2026-09-29 00:00:00,P1D,fcre,1.6,ensemble,50,Chla_ugL_mean,6.42083995366994
vera4cast,chlorocast_timesfm,2026-10-31 00:00:00,2026-09-29 00:00:00,P1D,fcre,1.6,ensemble,50,Chla_ugL_mean,6.5145999104926
vera4cast,chlorocast_timesfm,2026-11-01 00:00:00,2026-09-29 00:00:00,P1D,fcre,1.6,ensemble,50,Chla_ugL_mean,6.57170699044076
vera4cast,chlorocast_timesfm,2026-11-02 00:00:00,2026-09-29 00:00:00,P1D,fcre,1.6,ensemble,50,Chla_ugL_mean,6.64409704743423
vera4cast,chlorocast_timesfm,2026-11-03 00:00:00,2026-09-29 00:00:00,P1D,fcre,1.6,ensemble,50,Chla_ugL_mean,6.6065883956175
vera4cast,chlorocast_timesfm,2026-09-30 00:00:00,2026-09-29 00:00:00,P1D,fcre,1.6,ensemble,51,Chla_ugL_mean,6.64435335493847
vera4cast,chlorocast_timesfm,2026-10-01 00:00:00,2026-09-29 00:00:00,P1D,fcre,1.6,ensemble,51,Chla_ugL_mean,6.53566208456295
vera4cast,chlorocast_timesfm,2026-10-02 00:00:00,2026-09-29 00:00:00,P1D,fcre,1.6,ensemble,51,Chla_ugL_mean,6.49667668489184
vera4cast,chlorocast_timesfm,2026-10-03 00:00:00,2026-09-29 00:00:00,P1D,fcre,1.6,ensemble,51,Chla_ugL_mean,6.57730053246104
vera4cast,chlorocast_timesfm,2026-10-04 00:00:00,2026-09-29 00:00:00,P1D,fcre,1.6,ensemble,51,Chla_ugL_mean,6.5496970340056
vera4cast,chlorocast_timesfm,2026-10-05 00:00:00,2026-09-29 00:00:00,P1D,fcre,1.6,ensemble,51,Chla_ugL_mean,6.46961190925438
vera4cast,chlorocast_timesfm,2026-10-06 00:00:00,2026-09-29 00:00:00,P1D,fcre,1.6,ensemble,51,Chla_ugL_mean,6.54457990147431
vera4cast,chlorocast_timesfm,2026-10-07 00:00:00,2026-09-29 00:00:00,P1D,fcre,1.6,ensemble,51,Chla_ugL_mean,6.37621641551202
vera4cast,chlorocast_timesfm,2026-10-08 00:00:00,2026-09-29 00:00:00,P1D,fcre,1.6,ensemble,51,Chla_ugL_mean,6.42215989911516
vera4cast,chlorocast_timesfm,2026-10-09 00:00:00,2026-09-29 00:00:00,P1D,fcre,1.6,ensemble,51,Chla_ugL_mean,6.43691515463712
vera4cast,chlorocast_timesfm,2026-10-10 00:00:00,2026-09-29 00:00:00,P1D,fcre,1.6,ensemble,51,Chla_ugL_mean,6.36190973721061
vera4cast,chlorocast_timesfm,2026-10-11 00:00:00,2026-09-29 00:00:00,P1D,fcre,1.6,ensemble,51,Chla_ugL_mean,6.30969725132773
vera4cast,chlorocast_timesfm,2026-10-12 00:00:00,2026-09-29 00:00:00,P1D,fcre,1.6,ensemble,51,Chla_ugL_mean,6.27053346944167
vera4cast,chlorocast_timesfm,2026-10-13 00:00:00,2026-09-29 00:00:00,P1D,fcre,1.6,ensemble,51,Chla_ugL_mean,6.38579364155951
vera4cast,chlorocast_timesfm,2026-10-14 00:00:00,2026-09-29 00:00:00,P1D,fcre,1.6,ensemble,51,Chla_ugL_mean,6.5070586530451
vera4cast,chlorocast_timesfm,2026-10-15 00:00:00,2026-09-29 00:00:00,P1D,fcre,1.6,ensemble,51,Chla_ugL_mean,6.53414602485067
vera4cast,chlorocast_timesfm,2026-10-16 00:00:00,2026-09-29 00:00:00,P1D,fcre,1.6,ensemble,51,Chla_ugL_mean,6.57398780913525
vera4cast,chlorocast_timesfm,2026-10-17 00:00:00,2026-09-29 00:00:00,P1D,fcre,1.6,ensemble,51,Chla_ugL_mean,6.61952602883223
vera4cast,chlorocast_timesfm,2026-10-18 00:00:00,2026-09-29 00:00:00,P1D,fcre,1.6,ensemble,51,Chla_ugL_mean,6.61752335439409
vera4cast,chlorocast_timesfm,2026-10-19 00:00:00,2026-09-29 00:00:00,P1D,fcre,1.6,ensemble,51,Chla_ugL_mean,6.67101363193961
vera4cast,chlorocast_timesfm,2026-10-20 00:00:00,2026-09-29 00:00:00,P1D,fcre,1.6,ensemble,51,Chla_ugL_mean,6.7003691158034
vera4cast,chlorocast_timesfm,2026-10-21 00:00:00,2026-09-29 00:00:00,P1D,fcre,1.6,ensemble,51,Chla_ugL_mean,6.64439829618429
vera4cast,chlorocast_timesfm,2026-10-22 00:00:00,2026-09-29 00:00:00,P1D,fcre,1.6,ensemble,51,Chla_ugL_mean,6.60284405011054
vera4cast,chlorocast_timesfm,2026-10-23 00:00:00,2026-09-29 00:00:00,P1D,fcre,1.6,ensemble,51,Chla_ugL_mean,6.5403694467714
vera4cast,chlorocast_timesfm,2026-10-24 00:00:00,2026-09-29 00:00:00,P1D,fcre,1.6,ensemble,51,Chla_ugL_mean,6.50261398788389
vera4cast,chlorocast_timesfm,2026-10-25 00:00:00,2026-09-29 00:00:00,P1D,fcre,1.6,ensemble,51,Chla_ugL_mean,6.61917391072549
vera4cast,chlorocast_timesfm,2026-10-26 00:00:00,2026-09-29 00:00:00,P1D,fcre,1.6,ensemble,51,Chla_ugL_mean,6.55193433449984
vera4cast,chlorocast_timesfm,2026-10-27 00:00:00,2026-09-29 00:00:00,P1D,fcre,1.6,ensemble,51,Chla_ugL_mean,6.55657632866419
vera4cast,chlorocast_timesfm,2026-10-28 00:00:00,2026-09-29 00:00:00,P1D,fcre,1.6,ensemble,51,Chla_ugL_mean,6.54936718209685
vera4cast,chlorocast_timesfm,2026-10-29 00:00:00,2026-09-29 00:00:00,P1D,fcre,1.6,ensemble,51,Chla_ugL_mean,6.55979722159117
vera4cast,chlorocast_timesfm,2026-10-30 00:00:00,2026-09-29 00:00:00,P1D,fcre,1.6,ensemble,51,Chla_ugL_mean,6.51490493327533
vera4cast,chlorocast_timesfm,2026-10-31 00:00:00,2026-09-29 00:00:00,P1D,fcre,1.6,ensemble,51,Chla_ugL_mean,6.61068645891534
vera4cast,chlorocast_timesfm,2026-11-01 00:00:00,2026-09-29 00:00:00,P1D,fcre,1.6,ensemble,51,Chla_ugL_mean,6.66756913017353
vera4cast,chlorocast_timesfm,2026-11-02 00:00:00,2026-09-29 00:00:00,P1D,fcre,1.6,ensemble,51,Chla_ugL_mean,6.7427651673741
vera4cast,chlorocast_timesfm,2026-11-03 00:00:00,2026-09-29 00:00:00,P1D,fcre,1.6,ensemble,51,Chla_ugL_mean,6.70413568402494
vera4cast,chlorocast_timesfm,2026-09-30 00:00:00,2026-09-29 00:00:00,P1D,fcre,1.6,ensemble,52,Chla_ugL_mean,6.71234606043485
vera4cast,chlorocast_timesfm,2026-10-01 00:00:00,2026-09-29 00:00:00,P1D,fcre,1.6,ensemble,52,Chla_ugL_mean,6.60839930155766
vera4cast,chlorocast_timesfm,2026-10-02 00:00:00,2026-09-29 00:00:00,P1D,fcre,1.6,ensemble,52,Chla_ugL_mean,6.56512897639633
vera4cast,chlorocast_timesfm,2026-10-03 00:00:00,2026-09-29 00:00:00,P1D,fcre,1.6,ensemble,52,Chla_ugL_mean,6.65334138982675
vera4cast,chlorocast_timesfm,2026-10-04 00:00:00,2026-09-29 00:00:00,P1D,fcre,1.6,ensemble,52,Chla_ugL_mean,6.62683687693259
vera4cast,chlorocast_timesfm,2026-10-05 00:00:00,2026-09-29 00:00:00,P1D,fcre,1.6,ensemble,52,Chla_ugL_mean,6.54712110273482
vera4cast,chlorocast_timesfm,2026-10-06 00:00:00,2026-09-29 00:00:00,P1D,fcre,1.6,ensemble,52,Chla_ugL_mean,6.62326530111944
vera4cast,chlorocast_timesfm,2026-10-07 00:00:00,2026-09-29 00:00:00,P1D,fcre,1.6,ensemble,52,Chla_ugL_mean,6.45727490912012
vera4cast,chlorocast_timesfm,2026-10-08 00:00:00,2026-09-29 00:00:00,P1D,fcre,1.6,ensemble,52,Chla_ugL_mean,6.50321427207502
vera4cast,chlorocast_timesfm,2026-10-09 00:00:00,2026-09-29 00:00:00,P1D,fcre,1.6,ensemble,52,Chla_ugL_mean,6.51764671453697
vera4cast,chlorocast_timesfm,2026-10-10 00:00:00,2026-09-29 00:00:00,P1D,fcre,1.6,ensemble,52,Chla_ugL_mean,6.43988829090939
vera4cast,chlorocast_timesfm,2026-10-11 00:00:00,2026-09-29 00:00:00,P1D,fcre,1.6,ensemble,52,Chla_ugL_mean,6.38610477178376
vera4cast,chlorocast_timesfm,2026-10-12 00:00:00,2026-09-29 00:00:00,P1D,fcre,1.6,ensemble,52,Chla_ugL_mean,6.35665999461532
vera4cast,chlorocast_timesfm,2026-10-13 00:00:00,2026-09-29 00:00:00,P1D,fcre,1.6,ensemble,52,Chla_ugL_mean,6.46927046861858
vera4cast,chlorocast_timesfm,2026-10-14 00:00:00,2026-09-29 00:00:00,P1D,fcre,1.6,ensemble,52,Chla_ugL_mean,6.5923271585186
vera4cast,chlorocast_timesfm,2026-10-15 00:00:00,2026-09-29 00:00:00,P1D,fcre,1.6,ensemble,52,Chla_ugL_mean,6.62232625407465
vera4cast,chlorocast_timesfm,2026-10-16 00:00:00,2026-09-29 00:00:00,P1D,fcre,1.6,ensemble,52,Chla_ugL_mean,6.66152602528385
vera4cast,chlorocast_timesfm,2026-10-17 00:00:00,2026-09-29 00:00:00,P1D,fcre,1.6,ensemble,52,Chla_ugL_mean,6.70603861322383
vera4cast,chlorocast_timesfm,2026-10-18 00:00:00,2026-09-29 00:00:00,P1D,fcre,1.6,ensemble,52,Chla_ugL_mean,6.70958236286926
vera4cast,chlorocast_timesfm,2026-10-19 00:00:00,2026-09-29 00:00:00,P1D,fcre,1.6,ensemble,52,Chla_ugL_mean,6.76316932856226
vera4cast,chlorocast_timesfm,2026-10-20 00:00:00,2026-09-29 00:00:00,P1D,fcre,1.6,ensemble,52,Chla_ugL_mean,6.79154890803958
vera4cast,chlorocast_timesfm,2026-10-21 00:00:00,2026-09-29 00:00:00,P1D,fcre,1.6,ensemble,52,Chla_ugL_mean,6.7419274818168
vera4cast,chlorocast_timesfm,2026-10-22 00:00:00,2026-09-29 00:00:00,P1D,fcre,1.6,ensemble,52,Chla_ugL_mean,6.69983011487057
vera4cast,chlorocast_timesfm,2026-10-23 00:00:00,2026-09-29 00:00:00,P1D,fcre,1.6,ensemble,52,Chla_ugL_mean,6.63220260874474
vera4cast,chlorocast_timesfm,2026-10-24 00:00:00,2026-09-29 00:00:00,P1D,fcre,1.6,ensemble,52,Chla_ugL_mean,6.59413435993005
vera4cast,chlorocast_timesfm,2026-10-25 00:00:00,2026-09-29 00:00:00,P1D,fcre,1.6,ensemble,52,Chla_ugL_mean,6.7153966691778
vera4cast,chlorocast_timesfm,2026-10-26 00:00:00,2026-09-29 00:00:00,P1D,fcre,1.6,ensemble,52,Chla_ugL_mean,6.64398124204915
vera4cast,chlorocast_timesfm,2026-10-27 00:00:00,2026-09-29 00:00:00,P1D,fcre,1.6,ensemble,52,Chla_ugL_mean,6.6521955189359
vera4cast,chlorocast_timesfm,2026-10-28 00:00:00,2026-09-29 00:00:00,P1D,fcre,1.6,ensemble,52,Chla_ugL_mean,6.64412814896581
vera4cast,chlorocast_timesfm,2026-10-29 00:00:00,2026-09-29 00:00:00,P1D,fcre,1.6,ensemble,52,Chla_ugL_mean,6.65472684669974
vera4cast,chlorocast_timesfm,2026-10-30 00:00:00,2026-09-29 00:00:00,P1D,fcre,1.6,ensemble,52,Chla_ugL_mean,6.61016226043752
vera4cast,chlorocast_timesfm,2026-10-31 00:00:00,2026-09-29 00:00:00,P1D,fcre,1.6,ensemble,52,Chla_ugL_mean,6.70800163226793
vera4cast,chlorocast_timesfm,2026-11-01 00:00:00,2026-09-29 00:00:00,P1D,fcre,1.6,ensemble,52,Chla_ugL_mean,6.76464493940589
vera4cast,chlorocast_timesfm,2026-11-02 00:00:00,2026-09-29 00:00:00,P1D,fcre,1.6,ensemble,52,Chla_ugL_mean,6.84270687107827
vera4cast,chlorocast_timesfm,2026-11-03 00:00:00,2026-09-29 00:00:00,P1D,fcre,1.6,ensemble,52,Chla_ugL_mean,6.80293392397344
vera4cast,chlorocast_timesfm,2026-09-30 00:00:00,2026-09-29 00:00:00,P1D,fcre,1.6,ensemble,53,Chla_ugL_mean,6.78094352709102
vera4cast,chlorocast_timesfm,2026-10-01 00:00:00,2026-09-29 00:00:00,P1D,fcre,1.6,ensemble,53,Chla_ugL_mean,6.68183860719127
vera4cast,chlorocast_timesfm,2026-10-02 00:00:00,2026-09-29 00:00:00,P1D,fcre,1.6,ensemble,53,Chla_ugL_mean,6.63420630702271
vera4cast,chlorocast_timesfm,2026-10-03 00:00:00,2026-09-29 00:00:00,P1D,fcre,1.6,ensemble,53,Chla_ugL_mean,6.73014534375491
vera4cast,chlorocast_timesfm,2026-10-04 00:00:00,2026-09-29 00:00:00,P1D,fcre,1.6,ensemble,53,Chla_ugL_mean,6.70476490451652
vera4cast,chlorocast_timesfm,2026-10-05 00:00:00,2026-09-29 00:00:00,P1D,fcre,1.6,ensemble,53,Chla_ugL_mean,6.62543457830475
vera4cast,chlorocast_timesfm,2026-10-06 00:00:00,2026-09-29 00:00:00,P1D,fcre,1.6,ensemble,53,Chla_ugL_mean,6.7027713418338
vera4cast,chlorocast_timesfm,2026-10-07 00:00:00,2026-09-29 00:00:00,P1D,fcre,1.6,ensemble,53,Chla_ugL_mean,6.53922416826652
vera4cast,chlorocast_timesfm,2026-10-08 00:00:00,2026-09-29 00:00:00,P1D,fcre,1.6,ensemble,53,Chla_ugL_mean,6.58515380669473
vera4cast,chlorocast_timesfm,2026-10-09 00:00:00,2026-09-29 00:00:00,P1D,fcre,1.6,ensemble,53,Chla_ugL_mean,6.59925465726873
vera4cast,chlorocast_timesfm,2026-10-10 00:00:00,2026-09-29 00:00:00,P1D,fcre,1.6,ensemble,53,Chla_ugL_mean,6.51869280622058
vera4cast,chlorocast_timesfm,2026-10-11 00:00:00,2026-09-29 00:00:00,P1D,fcre,1.6,ensemble,53,Chla_ugL_mean,6.46331097226462
vera4cast,chlorocast_timesfm,2026-10-12 00:00:00,2026-09-29 00:00:00,P1D,fcre,1.6,ensemble,53,Chla_ugL_mean,6.44380677206752
vera4cast,chlorocast_timesfm,2026-10-13 00:00:00,2026-09-29 00:00:00,P1D,fcre,1.6,ensemble,53,Chla_ugL_mean,6.55369078001988
vera4cast,chlorocast_timesfm,2026-10-14 00:00:00,2026-09-29 00:00:00,P1D,fcre,1.6,ensemble,53,Chla_ugL_mean,6.67856418153828
vera4cast,chlorocast_timesfm,2026-10-15 00:00:00,2026-09-29 00:00:00,P1D,fcre,1.6,ensemble,53,Chla_ugL_mean,6.71153855153839
vera4cast,chlorocast_timesfm,2026-10-16 00:00:00,2026-09-29 00:00:00,P1D,fcre,1.6,ensemble,53,Chla_ugL_mean,6.75007598577105
vera4cast,chlorocast_timesfm,2026-10-17 00:00:00,2026-09-29 00:00:00,P1D,fcre,1.6,ensemble,53,Chla_ugL_mean,6.7935334670151
vera4cast,chlorocast_timesfm,2026-10-18 00:00:00,2026-09-29 00:00:00,P1D,fcre,1.6,ensemble,53,Chla_ugL_mean,6.8027539194322
vera4cast,chlorocast_timesfm,2026-10-19 00:00:00,2026-09-29 00:00:00,P1D,fcre,1.6,ensemble,53,Chla_ugL_mean,6.85643213733821
vera4cast,chlorocast_timesfm,2026-10-20 00:00:00,2026-09-29 00:00:00,P1D,fcre,1.6,ensemble,53,Chla_ugL_mean,6.88380835689835
vera4cast,chlorocast_timesfm,2026-10-21 00:00:00,2026-09-29 00:00:00,P1D,fcre,1.6,ensemble,53,Chla_ugL_mean,6.8407009697059
vera4cast,chlorocast_timesfm,2026-10-22 00:00:00,2026-09-29 00:00:00,P1D,fcre,1.6,ensemble,53,Chla_ugL_mean,6.79805338727233
vera4cast,chlorocast_timesfm,2026-10-23 00:00:00,2026-09-29 00:00:00,P1D,fcre,1.6,ensemble,53,Chla_ugL_mean,6.7251541946491
vera4cast,chlorocast_timesfm,2026-10-24 00:00:00,2026-09-29 00:00:00,P1D,fcre,1.6,ensemble,53,Chla_ugL_mean,6.68677114000587
vera4cast,chlorocast_timesfm,2026-10-25 00:00:00,2026-09-29 00:00:00,P1D,fcre,1.6,ensemble,53,Chla_ugL_mean,6.81283462751301
vera4cast,chlorocast_timesfm,2026-10-26 00:00:00,2026-09-29 00:00:00,P1D,fcre,1.6,ensemble,53,Chla_ugL_mean,6.73715006523148
vera4cast,chlorocast_timesfm,2026-10-27 00:00:00,2026-09-29 00:00:00,P1D,fcre,1.6,ensemble,53,Chla_ugL_mean,6.74902465259342
vera4cast,chlorocast_timesfm,2026-10-28 00:00:00,2026-09-29 00:00:00,P1D,fcre,1.6,ensemble,53,Chla_ugL_mean,6.74007857193425
vera4cast,chlorocast_timesfm,2026-10-29 00:00:00,2026-09-29 00:00:00,P1D,fcre,1.6,ensemble,53,Chla_ugL_mean,6.75084851882479
vera4cast,chlorocast_timesfm,2026-10-30 00:00:00,2026-09-29 00:00:00,P1D,fcre,1.6,ensemble,53,Chla_ugL_mean,6.70662704909905
vera4cast,chlorocast_timesfm,2026-10-31 00:00:00,2026-09-29 00:00:00,P1D,fcre,1.6,ensemble,53,Chla_ugL_mean,6.80656114054558
vera4cast,chlorocast_timesfm,2026-11-01 00:00:00,2026-09-29 00:00:00,P1D,fcre,1.6,ensemble,53,Chla_ugL_mean,6.86294978388763
vera4cast,chlorocast_timesfm,2026-11-02 00:00:00,2026-09-29 00:00:00,P1D,fcre,1.6,ensemble,53,Chla_ugL_mean,6.94393859765198
vera4cast,chlorocast_timesfm,2026-11-03 00:00:00,2026-09-29 00:00:00,P1D,fcre,1.6,ensemble,53,Chla_ugL_mean,6.90299915773114
vera4cast,chlorocast_timesfm,2026-09-30 00:00:00,2026-09-29 00:00:00,P1D,fcre,1.6,ensemble,54,Chla_ugL_mean,6.85015113395547
vera4cast,chlorocast_timesfm,2026-10-01 00:00:00,2026-09-29 00:00:00,P1D,fcre,1.6,ensemble,54,Chla_ugL_mean,6.75598677830343
vera4cast,chlorocast_timesfm,2026-10-02 00:00:00,2026-09-29 00:00:00,P1D,fcre,1.6,ensemble,54,Chla_ugL_mean,6.70391438401459
vera4cast,chlorocast_timesfm,2026-10-03 00:00:00,2026-09-29 00:00:00,P1D,fcre,1.6,ensemble,54,Chla_ugL_mean,6.80772005218604
vera4cast,chlorocast_timesfm,2026-10-04 00:00:00,2026-09-29 00:00:00,P1D,fcre,1.6,ensemble,54,Chla_ugL_mean,6.78348917011906
vera4cast,chlorocast_timesfm,2026-10-05 00:00:00,2026-09-29 00:00:00,P1D,fcre,1.6,ensemble,54,Chla_ugL_mean,6.70456068167968
vera4cast,chlorocast_timesfm,2026-10-06 00:00:00,2026-09-29 00:00:00,P1D,fcre,1.6,ensemble,54,Chla_ugL_mean,6.7831065824068
vera4cast,chlorocast_timesfm,2026-10-07 00:00:00,2026-09-29 00:00:00,P1D,fcre,1.6,ensemble,54,Chla_ugL_mean,6.62207398172486
vera4cast,chlorocast_timesfm,2026-10-08 00:00:00,2026-09-29 00:00:00,P1D,fcre,1.6,ensemble,54,Chla_ugL_mean,6.66798816946277
vera4cast,chlorocast_timesfm,2026-10-09 00:00:00,2026-09-29 00:00:00,P1D,fcre,1.6,ensemble,54,Chla_ugL_mean,6.68174849642125
vera4cast,chlorocast_timesfm,2026-10-10 00:00:00,2026-09-29 00:00:00,P1D,fcre,1.6,ensemble,54,Chla_ugL_mean,6.59833203186486
vera4cast,chlorocast_timesfm,2026-10-11 00:00:00,2026-09-29 00:00:00,P1D,fcre,1.6,ensemble,54,Chla_ugL_mean,6.54132420129122
vera4cast,chlorocast_timesfm,2026-10-12 00:00:00,2026-09-29 00:00:00,P1D,fcre,1.6,ensemble,54,Chla_ugL_mean,6.5319858876767
vera4cast,chlorocast_timesfm,2026-10-13 00:00:00,2026-09-29 00:00:00,P1D,fcre,1.6,ensemble,54,Chla_ugL_mean,6.63906523935398
vera4cast,chlorocast_timesfm,2026-10-14 00:00:00,2026-09-29 00:00:00,P1D,fcre,1.6,ensemble,54,Chla_ugL_mean,6.76578072295647
vera4cast,chlorocast_timesfm,2026-10-15 00:00:00,2026-09-29 00:00:00,P1D,fcre,1.6,ensemble,54,Chla_ugL_mean,6.8017949966486
vera4cast,chlorocast_timesfm,2026-10-16 00:00:00,2026-09-29 00:00:00,P1D,fcre,1.6,ensemble,54,Chla_ugL_mean,6.83964938407943
vera4cast,chlorocast_timesfm,2026-10-17 00:00:00,2026-09-29 00:00:00,P1D,fcre,1.6,ensemble,54,Chla_ugL_mean,6.88202174295543
vera4cast,chlorocast_timesfm,2026-10-18 00:00:00,2026-09-29 00:00:00,P1D,fcre,1.6,ensemble,54,Chla_ugL_mean,6.89705146940746
vera4cast,chlorocast_timesfm,2026-10-19 00:00:00,2026-09-29 00:00:00,P1D,fcre,1.6,ensemble,54,Chla_ugL_mean,6.95081535855561
vera4cast,chlorocast_timesfm,2026-10-20 00:00:00,2026-09-29 00:00:00,P1D,fcre,1.6,ensemble,54,Chla_ugL_mean,6.97716024655473
vera4cast,chlorocast_timesfm,2026-10-21 00:00:00,2026-09-29 00:00:00,P1D,fcre,1.6,ensemble,54,Chla_ugL_mean,6.94073463497752
vera4cast,chlorocast_timesfm,2026-10-22 00:00:00,2026-09-29 00:00:00,P1D,fcre,1.6,ensemble,54,Chla_ugL_mean,6.89752964981769
vera4cast,chlorocast_timesfm,2026-10-23 00:00:00,2026-09-29 00:00:00,P1D,fcre,1.6,ensemble,54,Chla_ugL_mean,6.8192378256216
vera4cast,chlorocast_timesfm,2026-10-24 00:00:00,2026-09-29 00:00:00,P1D,fcre,1.6,ensemble,54,Chla_ugL_mean,6.7805379465753
vera4cast,chlorocast_timesfm,2026-10-25 00:00:00,2026-09-29 00:00:00,P1D,fcre,1.6,ensemble,54,Chla_ugL_mean,6.91150313252413
vera4cast,chlorocast_timesfm,2026-10-26 00:00:00,2026-09-29 00:00:00,P1D,fcre,1.6,ensemble,54,Chla_ugL_mean,6.83145447853868
vera4cast,chlorocast_timesfm,2026-10-27 00:00:00,2026-09-29 00:00:00,P1D,fcre,1.6,ensemble,54,Chla_ugL_mean,6.8470790399839
vera4cast,chlorocast_timesfm,2026-10-28 00:00:00,2026-09-29 00:00:00,P1D,fcre,1.6,ensemble,54,Chla_ugL_mean,6.83723338126152
vera4cast,chlorocast_timesfm,2026-10-29 00:00:00,2026-09-29 00:00:00,P1D,fcre,1.6,ensemble,54,Chla_ugL_mean,6.84817720669803
vera4cast,chlorocast_timesfm,2026-10-30 00:00:00,2026-09-29 00:00:00,P1D,fcre,1.6,ensemble,54,Chla_ugL_mean,6.80431460478354
vera4cast,chlorocast_timesfm,2026-10-31 00:00:00,2026-09-29 00:00:00,P1D,fcre,1.6,ensemble,54,Chla_ugL_mean,6.90638089462175
vera4cast,chlorocast_timesfm,2026-11-01 00:00:00,2026-09-29 00:00:00,P1D,fcre,1.6,ensemble,54,Chla_ugL_mean,6.96249922390775
vera4cast,chlorocast_timesfm,2026-11-02 00:00:00,2026-09-29 00:00:00,P1D,fcre,1.6,ensemble,54,Chla_ugL_mean,7.04647699839234
vera4cast,chlorocast_timesfm,2026-11-03 00:00:00,2026-09-29 00:00:00,P1D,fcre,1.6,ensemble,54,Chla_ugL_mean,7.00434763329309
vera4cast,chlorocast_timesfm,2026-09-30 00:00:00,2026-09-29 00:00:00,P1D,fcre,1.6,ensemble,55,Chla_ugL_mean,6.91997430792065
vera4cast,chlorocast_timesfm,2026-10-01 00:00:00,2026-09-29 00:00:00,P1D,fcre,1.6,ensemble,55,Chla_ugL_mean,6.83085065714658
vera4cast,chlorocast_timesfm,2026-10-02 00:00:00,2026-09-29 00:00:00,P1D,fcre,1.6,ensemble,55,Chla_ugL_mean,6.77425896672855
vera4cast,chlorocast_timesfm,2026-10-03 00:00:00,2026-09-29 00:00:00,P1D,fcre,1.6,ensemble,55,Chla_ugL_mean,6.88607324991078
vera4cast,chlorocast_timesfm,2026-10-04 00:00:00,2026-09-29 00:00:00,P1D,fcre,1.6,ensemble,55,Chla_ugL_mean,6.86301780938796
vera4cast,chlorocast_timesfm,2026-10-05 00:00:00,2026-09-29 00:00:00,P1D,fcre,1.6,ensemble,55,Chla_ugL_mean,6.78450784517533
vera4cast,chlorocast_timesfm,2026-10-06 00:00:00,2026-09-29 00:00:00,P1D,fcre,1.6,ensemble,55,Chla_ugL_mean,6.86427967089084
vera4cast,chlorocast_timesfm,2026-10-07 00:00:00,2026-09-29 00:00:00,P1D,fcre,1.6,ensemble,55,Chla_ugL_mean,6.70583424583924
vera4cast,chlorocast_timesfm,2026-10-08 00:00:00,2026-09-29 00:00:00,P1D,fcre,1.6,ensemble,55,Chla_ugL_mean,6.75172713243143
vera4cast,chlorocast_timesfm,2026-10-09 00:00:00,2026-09-29 00:00:00,P1D,fcre,1.6,ensemble,55,Chla_ugL_mean,6.7651378488583
vera4cast,chlorocast_timesfm,2026-10-10 00:00:00,2026-09-29 00:00:00,P1D,fcre,1.6,ensemble,55,Chla_ugL_mean,6.67881480923078
vera4cast,chlorocast_timesfm,2026-10-11 00:00:00,2026-09-29 00:00:00,P1D,fcre,1.6,ensemble,55,Chla_ugL_mean,6.62015289465072
vera4cast,chlorocast_timesfm,2026-10-12 00:00:00,2026-09-29 00:00:00,P1D,fcre,1.6,ensemble,55,Chla_ugL_mean,6.62120957049022
vera4cast,chlorocast_timesfm,2026-10-13 00:00:00,2026-09-29 00:00:00,P1D,fcre,1.6,ensemble,55,Chla_ugL_mean,6.72540463073506
vera4cast,chlorocast_timesfm,2026-10-14 00:00:00,2026-09-29 00:00:00,P1D,fcre,1.6,ensemble,55,Chla_ugL_mean,6.85398790857807
vera4cast,chlorocast_timesfm,2026-10-15 00:00:00,2026-09-29 00:00:00,P1D,fcre,1.6,ensemble,55,Chla_ugL_mean,6.89310781019027
vera4cast,chlorocast_timesfm,2026-10-16 00:00:00,2026-09-29 00:00:00,P1D,fcre,1.6,ensemble,55,Chla_ugL_mean,6.93025804884187
vera4cast,chlorocast_timesfm,2026-10-17 00:00:00,2026-09-29 00:00:00,P1D,fcre,1.6,ensemble,55,Chla_ugL_mean,6.97151472042327
vera4cast,chlorocast_timesfm,2026-10-18 00:00:00,2026-09-29 00:00:00,P1D,fcre,1.6,ensemble,55,Chla_ugL_mean,6.99248862060853
vera4cast,chlorocast_timesfm,2026-10-19 00:00:00,2026-09-29 00:00:00,P1D,fcre,1.6,ensemble,55,Chla_ugL_mean,7.04633245228557
vera4cast,chlorocast_timesfm,2026-10-20 00:00:00,2026-09-29 00:00:00,P1D,fcre,1.6,ensemble,55,Chla_ugL_mean,7.07161751256071
vera4cast,chlorocast_timesfm,2026-10-21 00:00:00,2026-09-29 00:00:00,P1D,fcre,1.6,ensemble,55,Chla_ugL_mean,7.04204455529654
vera4cast,chlorocast_timesfm,2026-10-22 00:00:00,2026-09-29 00:00:00,P1D,fcre,1.6,ensemble,55,Chla_ugL_mean,6.99827488633881
vera4cast,chlorocast_timesfm,2026-10-23 00:00:00,2026-09-29 00:00:00,P1D,fcre,1.6,ensemble,55,Chla_ugL_mean,6.91446728868933
vera4cast,chlorocast_timesfm,2026-10-24 00:00:00,2026-09-29 00:00:00,P1D,fcre,1.6,ensemble,55,Chla_ugL_mean,6.87544856422667
vera4cast,chlorocast_timesfm,2026-10-25 00:00:00,2026-09-29 00:00:00,P1D,fcre,1.6,ensemble,55,Chla_ugL_mean,7.01141772481923
vera4cast,chlorocast_timesfm,2026-10-26 00:00:00,2026-09-29 00:00:00,P1D,fcre,1.6,ensemble,55,Chla_ugL_mean,6.92690832313444
vera4cast,chlorocast_timesfm,2026-10-27 00:00:00,2026-09-29 00:00:00,P1D,fcre,1.6,ensemble,55,Chla_ugL_mean,6.94637418518811
vera4cast,chlorocast_timesfm,2026-10-28 00:00:00,2026-09-29 00:00:00,P1D,fcre,1.6,ensemble,55,Chla_ugL_mean,6.9356076946142
vera4cast,chlorocast_timesfm,2026-10-29 00:00:00,2026-09-29 00:00:00,P1D,fcre,1.6,ensemble,55,Chla_ugL_mean,6.94672806701603
vera4cast,chlorocast_timesfm,2026-10-30 00:00:00,2026-09-29 00:00:00,P1D,fcre,1.6,ensemble,55,Chla_ugL_mean,6.90324042702418
vera4cast,chlorocast_timesfm,2026-10-31 00:00:00,2026-09-29 00:00:00,P1D,fcre,1.6,ensemble,55,Chla_ugL_mean,7.0074770088166
vera4cast,chlorocast_timesfm,2026-11-01 00:00:00,2026-09-29 00:00:00,P1D,fcre,1.6,ensemble,55,Chla_ugL_mean,7.06330901675737
vera4cast,chlorocast_timesfm,2026-11-02 00:00:00,2026-09-29 00:00:00,P1D,fcre,1.6,ensemble,55,Chla_ugL_mean,7.15033893952732
vera4cast,chlorocast_timesfm,2026-11-03 00:00:00,2026-09-29 00:00:00,P1D,fcre,1.6,ensemble,55,Chla_ugL_mean,7.10699580701945
vera4cast,chlorocast_timesfm,2026-09-30 00:00:00,2026-09-29 00:00:00,P1D,fcre,1.6,ensemble,56,Chla_ugL_mean,6.9904185241485
vera4cast,chlorocast_timesfm,2026-10-01 00:00:00,2026-09-29 00:00:00,P1D,fcre,1.6,ensemble,56,Chla_ugL_mean,6.90643715201726
vera4cast,chlorocast_timesfm,2026-10-02 00:00:00,2026-09-29 00:00:00,P1D,fcre,1.6,ensemble,56,Chla_ugL_mean,6.84524586710994
vera4cast,chlorocast_timesfm,2026-10-03 00:00:00,2026-09-29 00:00:00,P1D,fcre,1.6,ensemble,56,Chla_ugL_mean,6.9652127493411
vera4cast,chlorocast_timesfm,2026-10-04 00:00:00,2026-09-29 00:00:00,P1D,fcre,1.6,ensemble,56,Chla_ugL_mean,6.94335904109782
vera4cast,chlorocast_timesfm,2026-10-05 00:00:00,2026-09-29 00:00:00,P1D,fcre,1.6,ensemble,56,Chla_ugL_mean,6.86528458860616
vera4cast,chlorocast_timesfm,2026-10-06 00:00:00,2026-09-29 00:00:00,P1D,fcre,1.6,ensemble,56,Chla_ugL_mean,6.94629934553226
vera4cast,chlorocast_timesfm,2026-10-07 00:00:00,2026-09-29 00:00:00,P1D,fcre,1.6,ensemble,56,Chla_ugL_mean,6.79051496570639
vera4cast,chlorocast_timesfm,2026-10-08 00:00:00,2026-09-29 00:00:00,P1D,fcre,1.6,ensemble,56,Chla_ugL_mean,6.83638057436955
vera4cast,chlorocast_timesfm,2026-10-09 00:00:00,2026-09-29 00:00:00,P1D,fcre,1.6,ensemble,56,Chla_ugL_mean,6.84943243583968
vera4cast,chlorocast_timesfm,2026-10-10 00:00:00,2026-09-29 00:00:00,P1D,fcre,1.6,ensemble,56,Chla_ugL_mean,6.76015007335635
vera4cast,chlorocast_timesfm,2026-10-11 00:00:00,2026-09-29 00:00:00,P1D,fcre,1.6,ensemble,56,Chla_ugL_mean,6.69980557630868
vera4cast,chlorocast_timesfm,2026-10-12 00:00:00,2026-09-29 00:00:00,P1D,fcre,1.6,ensemble,56,Chla_ugL_mean,6.7114901944204
vera4cast,chlorocast_timesfm,2026-10-13 00:00:00,2026-09-29 00:00:00,P1D,fcre,1.6,ensemble,56,Chla_ugL_mean,6.81271986016313
vera4cast,chlorocast_timesfm,2026-10-14 00:00:00,2026-09-29 00:00:00,P1D,fcre,1.6,ensemble,56,Chla_ugL_mean,6.9431969905798
vera4cast,chlorocast_timesfm,2026-10-15 00:00:00,2026-09-29 00:00:00,P1D,fcre,1.6,ensemble,56,Chla_ugL_mean,6.98548935598145
vera4cast,chlorocast_timesfm,2026-10-16 00:00:00,2026-09-29 00:00:00,P1D,fcre,1.6,ensemble,56,Chla_ugL_mean,7.02191394540358
vera4cast,chlorocast_timesfm,2026-10-17 00:00:00,2026-09-29 00:00:00,P1D,fcre,1.6,ensemble,56,Chla_ugL_mean,7.0620238068638
vera4cast,chlorocast_timesfm,2026-10-18 00:00:00,2026-09-29 00:00:00,P1D,fcre,1.6,ensemble,56,Chla_ugL_mean,7.08907914530156
vera4cast,chlorocast_timesfm,2026-10-19 00:00:00,2026-09-29 00:00:00,P1D,fcre,1.6,ensemble,56,Chla_ugL_mean,7.14299704030174
vera4cast,chlorocast_timesfm,2026-10-20 00:00:00,2026-09-29 00:00:00,P1D,fcre,1.6,ensemble,56,Chla_ugL_mean,7.16719324363765
vera4cast,chlorocast_timesfm,2026-10-21 00:00:00,2026-09-29 00:00:00,P1D,fcre,1.6,ensemble,56,Chla_ugL_mean,7.14464701345076
vera4cast,chlorocast_timesfm,2026-10-22 00:00:00,2026-09-29 00:00:00,P1D,fcre,1.6,ensemble,56,Chla_ugL_mean,7.1003052845664
vera4cast,chlorocast_timesfm,2026-10-23 00:00:00,2026-09-29 00:00:00,P1D,fcre,1.6,ensemble,56,Chla_ugL_mean,7.01085653878982
vera4cast,chlorocast_timesfm,2026-10-24 00:00:00,2026-09-29 00:00:00,P1D,fcre,1.6,ensemble,56,Chla_ugL_mean,6.97151694569911
vera4cast,chlorocast_timesfm,2026-10-25 00:00:00,2026-09-29 00:00:00,P1D,fcre,1.6,ensemble,56,Chla_ugL_mean,7.11259414126913
vera4cast,chlorocast_timesfm,2026-10-26 00:00:00,2026-09-29 00:00:00,P1D,fcre,1.6,ensemble,56,Chla_ugL_mean,7.02352560888574
vera4cast,chlorocast_timesfm,2026-10-27 00:00:00,2026-09-29 00:00:00,P1D,fcre,1.6,ensemble,56,Chla_ugL_mean,7.04692578847193
vera4cast,chlorocast_timesfm,2026-10-28 00:00:00,2026-09-29 00:00:00,P1D,fcre,1.6,ensemble,56,Chla_ugL_mean,7.03521681941842
vera4cast,chlorocast_timesfm,2026-10-29 00:00:00,2026-09-29 00:00:00,P1D,fcre,1.6,ensemble,56,Chla_ugL_mean,7.04651644680047
vera4cast,chlorocast_timesfm,2026-10-30 00:00:00,2026-09-29 00:00:00,P1D,fcre,1.6,ensemble,56,Chla_ugL_mean,7.00342021182292
vera4cast,chlorocast_timesfm,2026-10-31 00:00:00,2026-09-29 00:00:00,P1D,fcre,1.6,ensemble,56,Chla_ugL_mean,7.10986580349844
vera4cast,chlorocast_timesfm,2026-11-01 00:00:00,2026-09-29 00:00:00,P1D,fcre,1.6,ensemble,56,Chla_ugL_mean,7.16539511922393
vera4cast,chlorocast_timesfm,2026-11-02 00:00:00,2026-09-29 00:00:00,P1D,fcre,1.6,ensemble,56,Chla_ugL_mean,7.25554150499001
vera4cast,chlorocast_timesfm,2026-11-03 00:00:00,2026-09-29 00:00:00,P1D,fcre,1.6,ensemble,56,Chla_ugL_mean,7.21096034630764
vera4cast,chlorocast_timesfm,2026-09-30 00:00:00,2026-09-29 00:00:00,P1D,fcre,1.6,ensemble,57,Chla_ugL_mean,7.06148930649981
vera4cast,chlorocast_timesfm,2026-10-01 00:00:00,2026-09-29 00:00:00,P1D,fcre,1.6,ensemble,57,Chla_ugL_mean,6.9827532378937
vera4cast,chlorocast_timesfm,2026-10-02 00:00:00,2026-09-29 00:00:00,P1D,fcre,1.6,ensemble,57,Chla_ugL_mean,6.91688095017309
vera4cast,chlorocast_timesfm,2026-10-03 00:00:00,2026-09-29 00:00:00,P1D,fcre,1.6,ensemble,57,Chla_ugL_mean,7.04514644128924
vera4cast,chlorocast_timesfm,2026-10-04 00:00:00,2026-09-29 00:00:00,P1D,fcre,1.6,ensemble,57,Chla_ugL_mean,7.02452116799947
vera4cast,chlorocast_timesfm,2026-10-05 00:00:00,2026-09-29 00:00:00,P1D,fcre,1.6,ensemble,57,Chla_ugL_mean,6.94689952019341
vera4cast,chlorocast_timesfm,2026-10-06 00:00:00,2026-09-29 00:00:00,P1D,fcre,1.6,ensemble,57,Chla_ugL_mean,7.029174435712
vera4cast,chlorocast_timesfm,2026-10-07 00:00:00,2026-09-29 00:00:00,P1D,fcre,1.6,ensemble,57,Chla_ugL_mean,6.87612625637073
vera4cast,chlorocast_timesfm,2026-10-08 00:00:00,2026-09-29 00:00:00,P1D,fcre,1.6,ensemble,57,Chla_ugL_mean,6.92195848192799
vera4cast,chlorocast_timesfm,2026-10-09 00:00:00,2026-09-29 00:00:00,P1D,fcre,1.6,ensemble,57,Chla_ugL_mean,6.93464208415451
vera4cast,chlorocast_timesfm,2026-10-10 00:00:00,2026-09-29 00:00:00,P1D,fcre,1.6,ensemble,57,Chla_ugL_mean,6.84234685392094
vera4cast,chlorocast_timesfm,2026-10-11 00:00:00,2026-09-29 00:00:00,P1D,fcre,1.6,ensemble,57,Chla_ugL_mean,6.78029085933082
vera4cast,chlorocast_timesfm,2026-10-12 00:00:00,2026-09-29 00:00:00,P1D,fcre,1.6,ensemble,57,Chla_ugL_mean,6.80284027996056
vera4cast,chlorocast_timesfm,2026-10-13 00:00:00,2026-09-29 00:00:00,P1D,fcre,1.6,ensemble,57,Chla_ugL_mean,6.90102195690165
vera4cast,chlorocast_timesfm,2026-10-14 00:00:00,2026-09-29 00:00:00,P1D,fcre,1.6,ensemble,57,Chla_ugL_mean,7.03341934894563
vera4cast,chlorocast_timesfm,2026-10-15 00:00:00,2026-09-29 00:00:00,P1D,fcre,1.6,ensemble,57,Chla_ugL_mean,7.07895214254724
vera4cast,chlorocast_timesfm,2026-10-16 00:00:00,2026-09-29 00:00:00,P1D,fcre,1.6,ensemble,57,Chla_ugL_mean,7.11462917740213
vera4cast,chlorocast_timesfm,2026-10-17 00:00:00,2026-09-29 00:00:00,P1D,fcre,1.6,ensemble,57,Chla_ugL_mean,7.15356053924311
vera4cast,chlorocast_timesfm,2026-10-18 00:00:00,2026-09-29 00:00:00,P1D,fcre,1.6,ensemble,57,Chla_ugL_mean,7.18683698219274
vera4cast,chlorocast_timesfm,2026-10-19 00:00:00,2026-09-29 00:00:00,P1D,fcre,1.6,ensemble,57,Chla_ugL_mean,7.24082290802288
vera4cast,chlorocast_timesfm,2026-10-20 00:00:00,2026-09-29 00:00:00,P1D,fcre,1.6,ensemble,57,Chla_ugL_mean,7.26390068349003
vera4cast,chlorocast_timesfm,2026-10-21 00:00:00,2026-09-29 00:00:00,P1D,fcre,1.6,ensemble,57,Chla_ugL_mean,7.24855849996797
vera4cast,chlorocast_timesfm,2026-10-22 00:00:00,2026-09-29 00:00:00,P1D,fcre,1.6,ensemble,57,Chla_ugL_mean,7.20363723873079
vera4cast,chlorocast_timesfm,2026-10-23 00:00:00,2026-09-29 00:00:00,P1D,fcre,1.6,ensemble,57,Chla_ugL_mean,7.10841970081591
vera4cast,chlorocast_timesfm,2026-10-24 00:00:00,2026-09-29 00:00:00,P1D,fcre,1.6,ensemble,57,Chla_ugL_mean,7.06875721393373
vera4cast,chlorocast_timesfm,2026-10-25 00:00:00,2026-09-29 00:00:00,P1D,fcre,1.6,ensemble,57,Chla_ugL_mean,7.21504831748607
vera4cast,chlorocast_timesfm,2026-10-26 00:00:00,2026-09-29 00:00:00,P1D,fcre,1.6,ensemble,57,Chla_ugL_mean,7.12132051641913
vera4cast,chlorocast_timesfm,2026-10-27 00:00:00,2026-09-29 00:00:00,P1D,fcre,1.6,ensemble,57,Chla_ugL_mean,7.14874974876881
vera4cast,chlorocast_timesfm,2026-10-28 00:00:00,2026-09-29 00:00:00,P1D,fcre,1.6,ensemble,57,Chla_ugL_mean,7.13607625524181
vera4cast,chlorocast_timesfm,2026-10-29 00:00:00,2026-09-29 00:00:00,P1D,fcre,1.6,ensemble,57,Chla_ugL_mean,7.14755788578815
vera4cast,chlorocast_timesfm,2026-10-30 00:00:00,2026-09-29 00:00:00,P1D,fcre,1.6,ensemble,57,Chla_ugL_mean,7.10486985414086
vera4cast,chlorocast_timesfm,2026-10-31 00:00:00,2026-09-29 00:00:00,P1D,fcre,1.6,ensemble,57,Chla_ugL_mean,7.21356380771843
vera4cast,chlorocast_timesfm,2026-11-01 00:00:00,2026-09-29 00:00:00,P1D,fcre,1.6,ensemble,57,Chla_ugL_mean,7.26877369011692
vera4cast,chlorocast_timesfm,2026-11-02 00:00:00,2026-09-29 00:00:00,P1D,fcre,1.6,ensemble,57,Chla_ugL_mean,7.36210199922867
vera4cast,chlorocast_timesfm,2026-11-03 00:00:00,2026-09-29 00:00:00,P1D,fcre,1.6,ensemble,57,Chla_ugL_mean,7.31625813229865
vera4cast,chlorocast_timesfm,2026-09-30 00:00:00,2026-09-29 00:00:00,P1D,fcre,1.6,ensemble,58,Chla_ugL_mean,7.13319222796732
vera4cast,chlorocast_timesfm,2026-10-01 00:00:00,2026-09-29 00:00:00,P1D,fcre,1.6,ensemble,58,Chla_ugL_mean,7.05980595707937
vera4cast,chlorocast_timesfm,2026-10-02 00:00:00,2026-09-29 00:00:00,P1D,fcre,1.6,ensemble,58,Chla_ugL_mean,6.98917013448589
vera4cast,chlorocast_timesfm,2026-10-03 00:00:00,2026-09-29 00:00:00,P1D,fcre,1.6,ensemble,58,Chla_ugL_mean,7.12588229575451
vera4cast,chlorocast_timesfm,2026-10-04 00:00:00,2026-09-29 00:00:00,P1D,fcre,1.6,ensemble,58,Chla_ugL_mean,7.10651257767798
vera4cast,chlorocast_timesfm,2026-10-05 00:00:00,2026-09-29 00:00:00,P1D,fcre,1.6,ensemble,58,Chla_ugL_mean,7.02936133748236
vera4cast,chlorocast_timesfm,2026-10-06 00:00:00,2026-09-29 00:00:00,P1D,fcre,1.6,ensemble,58,Chla_ugL_mean,7.11291386289614
vera4cast,chlorocast_timesfm,2026-10-07 00:00:00,2026-09-29 00:00:00,P1D,fcre,1.6,ensemble,58,Chla_ugL_mean,6.96267834403264
vera4cast,chlorocast_timesfm,2026-10-08 00:00:00,2026-09-29 00:00:00,P1D,fcre,1.6,ensemble,58,Chla_ugL_mean,7.0084709508177
vera4cast,chlorocast_timesfm,2026-10-09 00:00:00,2026-09-29 00:00:00,P1D,fcre,1.6,ensemble,58,Chla_ugL_mean,7.02077672726676
vera4cast,chlorocast_timesfm,2026-10-10 00:00:00,2026-09-29 00:00:00,P1D,fcre,1.6,ensemble,58,Chla_ugL_mean,6.92541427624778
vera4cast,chlorocast_timesfm,2026-10-11 00:00:00,2026-09-29 00:00:00,P1D,fcre,1.6,ensemble,58,Chla_ugL_mean,6.86161744681434
vera4cast,chlorocast_timesfm,2026-10-12 00:00:00,2026-09-29 00:00:00,P1D,fcre,1.6,ensemble,58,Chla_ugL_mean,6.89527249592141
vera4cast,chlorocast_timesfm,2026-10-13 00:00:00,2026-09-29 00:00:00,P1D,fcre,1.6,ensemble,58,Chla_ugL_mean,6.99032207487067
vera4cast,chlorocast_timesfm,2026-10-14 00:00:00,2026-09-29 00:00:00,P1D,fcre,1.6,ensemble,58,Chla_ugL_mean,7.1246664929184
vera4cast,chlorocast_timesfm,2026-10-15 00:00:00,2026-09-29 00:00:00,P1D,fcre,1.6,ensemble,58,Chla_ugL_mean,7.17350882481349
vera4cast,chlorocast_timesfm,2026-10-16 00:00:00,2026-09-29 00:00:00,P1D,fcre,1.6,ensemble,58,Chla_ugL_mean,7.20841598836589
vera4cast,chlorocast_timesfm,2026-10-17 00:00:00,2026-09-29 00:00:00,P1D,fcre,1.6,ensemble,58,Chla_ugL_mean,7.2461365855187
vera4cast,chlorocast_timesfm,2026-10-18 00:00:00,2026-09-29 00:00:00,P1D,fcre,1.6,ensemble,58,Chla_ugL_mean,7.28577623843983
vera4cast,chlorocast_timesfm,2026-10-19 00:00:00,2026-09-29 00:00:00,P1D,fcre,1.6,ensemble,58,Chla_ugL_mean,7.33982400647885
vera4cast,chlorocast_timesfm,2026-10-20 00:00:00,2026-09-29 00:00:00,P1D,fcre,1.6,ensemble,58,Chla_ugL_mean,7.36175323264052
vera4cast,chlorocast_timesfm,2026-10-21 00:00:00,2026-09-29 00:00:00,P1D,fcre,1.6,ensemble,58,Chla_ugL_mean,7.35379571576631
vera4cast,chlorocast_timesfm,2026-10-22 00:00:00,2026-09-29 00:00:00,P1D,fcre,1.6,ensemble,58,Chla_ugL_mean,7.30828735219613
vera4cast,chlorocast_timesfm,2026-10-23 00:00:00,2026-09-29 00:00:00,P1D,fcre,1.6,ensemble,58,Chla_ugL_mean,7.20717107168563
vera4cast,chlorocast_timesfm,2026-10-24 00:00:00,2026-09-29 00:00:00,P1D,fcre,1.6,ensemble,58,Chla_ugL_mean,7.16718366414987
vera4cast,chlorocast_timesfm,2026-10-25 00:00:00,2026-09-29 00:00:00,P1D,fcre,1.6,ensemble,58,Chla_ugL_mean,7.31879639033354
vera4cast,chlorocast_timesfm,2026-10-26 00:00:00,2026-09-29 00:00:00,P1D,fcre,1.6,ensemble,58,Chla_ugL_mean,7.22030739920202
vera4cast,chlorocast_timesfm,2026-10-27 00:00:00,2026-09-29 00:00:00,P1D,fcre,1.6,ensemble,58,Chla_ugL_mean,7.25186216619368
vera4cast,chlorocast_timesfm,2026-10-28 00:00:00,2026-09-29 00:00:00,P1D,fcre,1.6,ensemble,58,Chla_ugL_mean,7.23820169620521
vera4cast,chlorocast_timesfm,2026-10-29 00:00:00,2026-09-29 00:00:00,P1D,fcre,1.6,ensemble,58,Chla_ugL_mean,7.24986811885091
vera4cast,chlorocast_timesfm,2026-10-30 00:00:00,2026-09-29 00:00:00,P1D,fcre,1.6,ensemble,58,Chla_ugL_mean,7.20760545042023
vera4cast,chlorocast_timesfm,2026-10-31 00:00:00,2026-09-29 00:00:00,P1D,fcre,1.6,ensemble,58,Chla_ugL_mean,7.31858776187888
vera4cast,chlorocast_timesfm,2026-11-01 00:00:00,2026-09-29 00:00:00,P1D,fcre,1.6,ensemble,58,Chla_ugL_mean,7.37346109282563
vera4cast,chlorocast_timesfm,2026-11-02 00:00:00,2026-09-29 00:00:00,P1D,fcre,1.6,ensemble,58,Chla_ugL_mean,7.47003795005313
vera4cast,chlorocast_timesfm,2026-11-03 00:00:00,2026-09-29 00:00:00,P1D,fcre,1.6,ensemble,58,Chla_ugL_mean,7.42290626261808
vera4cast,chlorocast_timesfm,2026-09-30 00:00:00,2026-09-29 00:00:00,P1D,fcre,1.6,ensemble,59,Chla_ugL_mean,7.2055329111128
vera4cast,chlorocast_timesfm,2026-10-01 00:00:00,2026-09-29 00:00:00,P1D,fcre,1.6,ensemble,59,Chla_ugL_mean,7.13760241985287
vera4cast,chlorocast_timesfm,2026-10-02 00:00:00,2026-09-29 00:00:00,P1D,fcre,1.6,ensemble,59,Chla_ugL_mean,7.06211939265877
vera4cast,chlorocast_timesfm,2026-10-03 00:00:00,2026-09-29 00:00:00,P1D,fcre,1.6,ensemble,59,Chla_ugL_mean,7.20742836271793
vera4cast,chlorocast_timesfm,2026-10-04 00:00:00,2026-09-29 00:00:00,P1D,fcre,1.6,ensemble,59,Chla_ugL_mean,7.18934174341948
vera4cast,chlorocast_timesfm,2026-10-05 00:00:00,2026-09-29 00:00:00,P1D,fcre,1.6,ensemble,59,Chla_ugL_mean,7.11267882826931
vera4cast,chlorocast_timesfm,2026-10-06 00:00:00,2026-09-29 00:00:00,P1D,fcre,1.6,ensemble,59,Chla_ugL_mean,7.19752664159621
vera4cast,chlorocast_timesfm,2026-10-07 00:00:00,2026-09-29 00:00:00,P1D,fcre,1.6,ensemble,59,Chla_ugL_mean,7.05018156726993
vera4cast,chlorocast_timesfm,2026-10-08 00:00:00,2026-09-29 00:00:00,P1D,fcre,1.6,ensemble,59,Chla_ugL_mean,7.09592818700083
vera4cast,chlorocast_timesfm,2026-10-09 00:00:00,2026-09-29 00:00:00,P1D,fcre,1.6,ensemble,59,Chla_ugL_mean,7.10784640647333
vera4cast,chlorocast_timesfm,2026-10-10 00:00:00,2026-09-29 00:00:00,P1D,fcre,1.6,ensemble,59,Chla_ugL_mean,7.00936156231701
vera4cast,chlorocast_timesfm,2026-10-11 00:00:00,2026-09-29 00:00:00,P1D,fcre,1.6,ensemble,59,Chla_ugL_mean,6.94379413282904
vera4cast,chlorocast_timesfm,2026-10-12 00:00:00,2026-09-29 00:00:00,P1D,fcre,1.6,ensemble,59,Chla_ugL_mean,6.98879966118801
vera4cast,chlorocast_timesfm,2026-10-13 00:00:00,2026-09-29 00:00:00,P1D,fcre,1.6,ensemble,59,Chla_ugL_mean,7.08063149405576
vera4cast,chlorocast_timesfm,2026-10-14 00:00:00,2026-09-29 00:00:00,P1D,fcre,1.6,ensemble,59,Chla_ugL_mean,7.21695006246807
vera4cast,chlorocast_timesfm,2026-10-15 00:00:00,2026-09-29 00:00:00,P1D,fcre,1.6,ensemble,59,Chla_ugL_mean,7.2691722058203
vera4cast,chlorocast_timesfm,2026-10-16 00:00:00,2026-09-29 00:00:00,P1D,fcre,1.6,ensemble,59,Chla_ugL_mean,7.30328676333077
vera4cast,chlorocast_timesfm,2026-10-17 00:00:00,2026-09-29 00:00:00,P1D,fcre,1.6,ensemble,59,Chla_ugL_mean,7.33976374612684
vera4cast,chlorocast_timesfm,2026-10-18 00:00:00,2026-09-29 00:00:00,P1D,fcre,1.6,ensemble,59,Chla_ugL_mean,7.38591119168784
vera4cast,chlorocast_timesfm,2026-10-19 00:00:00,2026-09-29 00:00:00,P1D,fcre,1.6,ensemble,59,Chla_ugL_mean,7.44001445430017
vera4cast,chlorocast_timesfm,2026-10-20 00:00:00,2026-09-29 00:00:00,P1D,fcre,1.6,ensemble,59,Chla_ugL_mean,7.46076445028692
vera4cast,chlorocast_timesfm,2026-10-21 00:00:00,2026-09-29 00:00:00,P1D,fcre,1.6,ensemble,59,Chla_ugL_mean,7.4603755748385
vera4cast,chlorocast_timesfm,2026-10-22 00:00:00,2026-09-29 00:00:00,P1D,fcre,1.6,ensemble,59,Chla_ugL_mean,7.41427244012824
vera4cast,chlorocast_timesfm,2026-10-23 00:00:00,2026-09-29 00:00:00,P1D,fcre,1.6,ensemble,59,Chla_ugL_mean,7.30712512243732
vera4cast,chlorocast_timesfm,2026-10-24 00:00:00,2026-09-29 00:00:00,P1D,fcre,1.6,ensemble,59,Chla_ugL_mean,7.26681076594659
vera4cast,chlorocast_timesfm,2026-10-25 00:00:00,2026-09-29 00:00:00,P1D,fcre,1.6,ensemble,59,Chla_ugL_mean,7.42385470046795
vera4cast,chlorocast_timesfm,2026-10-26 00:00:00,2026-09-29 00:00:00,P1D,fcre,1.6,ensemble,59,Chla_ugL_mean,7.32050078564933
vera4cast,chlorocast_timesfm,2026-10-27 00:00:00,2026-09-29 00:00:00,P1D,fcre,1.6,ensemble,59,Chla_ugL_mean,7.35627934458864
vera4cast,chlorocast_timesfm,2026-10-28 00:00:00,2026-09-29 00:00:00,P1D,fcre,1.6,ensemble,59,Chla_ugL_mean,7.34160903342484
vera4cast,chlorocast_timesfm,2026-10-29 00:00:00,2026-09-29 00:00:00,P1D,fcre,1.6,ensemble,59,Chla_ugL_mean,7.35346307844597
vera4cast,chlorocast_timesfm,2026-10-30 00:00:00,2026-09-29 00:00:00,P1D,fcre,1.6,ensemble,59,Chla_ugL_mean,7.31164330113834
vera4cast,chlorocast_timesfm,2026-10-31 00:00:00,2026-09-29 00:00:00,P1D,fcre,1.6,ensemble,59,Chla_ugL_mean,7.42495462043572
vera4cast,chlorocast_timesfm,2026-11-01 00:00:00,2026-09-29 00:00:00,P1D,fcre,1.6,ensemble,59,Chla_ugL_mean,7.47947389790919
vera4cast,chlorocast_timesfm,2026-11-02 00:00:00,2026-09-29 00:00:00,P1D,fcre,1.6,ensemble,59,Chla_ugL_mean,7.57936711151786
vera4cast,chlorocast_timesfm,2026-11-03 00:00:00,2026-09-29 00:00:00,P1D,fcre,1.6,ensemble,59,Chla_ugL_mean,7.53092205415242
vera4cast,chlorocast_timesfm,2026-09-30 00:00:00,2026-09-29 00:00:00,P1D,fcre,1.6,ensemble,60,Chla_ugL_mean,7.27851702850787
vera4cast,chlorocast_timesfm,2026-10-01 00:00:00,2026-09-29 00:00:00,P1D,fcre,1.6,ensemble,60,Chla_ugL_mean,7.21614980512404
vera4cast,chlorocast_timesfm,2026-10-02 00:00:00,2026-09-29 00:00:00,P1D,fcre,1.6,ensemble,60,Chla_ugL_mean,7.13573475183818
vera4cast,chlorocast_timesfm,2026-10-03 00:00:00,2026-09-29 00:00:00,P1D,fcre,1.6,ensemble,60,Chla_ugL_mean,7.28979277294492
vera4cast,chlorocast_timesfm,2026-10-04 00:00:00,2026-09-29 00:00:00,P1D,fcre,1.6,ensemble,60,Chla_ugL_mean,7.2730172250868
vera4cast,chlorocast_timesfm,2026-10-05 00:00:00,2026-09-29 00:00:00,P1D,fcre,1.6,ensemble,60,Chla_ugL_mean,7.19686087153798
vera4cast,chlorocast_timesfm,2026-10-06 00:00:00,2026-09-29 00:00:00,P1D,fcre,1.6,ensemble,60,Chla_ugL_mean,7.28302188033966
vera4cast,chlorocast_timesfm,2026-10-07 00:00:00,2026-09-29 00:00:00,P1D,fcre,1.6,ensemble,60,Chla_ugL_mean,7.1386463782728
vera4cast,chlorocast_timesfm,2026-10-08 00:00:00,2026-09-29 00:00:00,P1D,fcre,1.6,ensemble,60,Chla_ugL_mean,7.1843405078946
vera4cast,chlorocast_timesfm,2026-10-09 00:00:00,2026-09-29 00:00:00,P1D,fcre,1.6,ensemble,60,Chla_ugL_mean,7.19586127207454
vera4cast,chlorocast_timesfm,2026-10-10 00:00:00,2026-09-29 00:00:00,P1D,fcre,1.6,ensemble,60,Chla_ugL_mean,7.0941980317895
vera4cast,chlorocast_timesfm,2026-10-11 00:00:00,2026-09-29 00:00:00,P1D,fcre,1.6,ensemble,60,Chla_ugL_mean,7.02682980336825
vera4cast,chlorocast_timesfm,2026-10-12 00:00:00,2026-09-29 00:00:00,P1D,fcre,1.6,ensemble,60,Chla_ugL_mean,7.08343474649756
vera4cast,chlorocast_timesfm,2026-10-13 00:00:00,2026-09-29 00:00:00,P1D,fcre,1.6,ensemble,60,Chla_ugL_mean,7.17196162193284
vera4cast,chlorocast_timesfm,2026-10-14 00:00:00,2026-09-29 00:00:00,P1D,fcre,1.6,ensemble,60,Chla_ugL_mean,7.31028182977654
vera4cast,chlorocast_timesfm,2026-10-15 00:00:00,2026-09-29 00:00:00,P1D,fcre,1.6,ensemble,60,Chla_ugL_mean,7.36595523845554
vera4cast,chlorocast_timesfm,2026-10-16 00:00:00,2026-09-29 00:00:00,P1D,fcre,1.6,ensemble,60,Chla_ugL_mean,7.39925403047577
vera4cast,chlorocast_timesfm,2026-10-17 00:00:00,2026-09-29 00:00:00,P1D,fcre,1.6,ensemble,60,Chla_ugL_mean,7.43445395548667
vera4cast,chlorocast_timesfm,2026-10-18 00:00:00,2026-09-29 00:00:00,P1D,fcre,1.6,ensemble,60,Chla_ugL_mean,7.48725629212948
vera4cast,chlorocast_timesfm,2026-10-19 00:00:00,2026-09-29 00:00:00,P1D,fcre,1.6,ensemble,60,Chla_ugL_mean,7.54140853973143
vera4cast,chlorocast_timesfm,2026-10-20 00:00:00,2026-09-29 00:00:00,P1D,fcre,1.6,ensemble,60,Chla_ugL_mean,7.56094805618098
vera4cast,chlorocast_timesfm,2026-10-21 00:00:00,2026-09-29 00:00:00,P1D,fcre,1.6,ensemble,60,Chla_ugL_mean,7.56831520697032
vera4cast,chlorocast_timesfm,2026-10-22 00:00:00,2026-09-29 00:00:00,P1D,fcre,1.6,ensemble,60,Chla_ugL_mean,7.52160953219644
vera4cast,chlorocast_timesfm,2026-10-23 00:00:00,2026-09-29 00:00:00,P1D,fcre,1.6,ensemble,60,Chla_ugL_mean,7.40829650035014
vera4cast,chlorocast_timesfm,2026-10-24 00:00:00,2026-09-29 00:00:00,P1D,fcre,1.6,ensemble,60,Chla_ugL_mean,7.36765316542982
vera4cast,chlorocast_timesfm,2026-10-25 00:00:00,2026-09-29 00:00:00,P1D,fcre,1.6,ensemble,60,Chla_ugL_mean,7.5302397949123
vera4cast,chlorocast_timesfm,2026-10-26 00:00:00,2026-09-29 00:00:00,P1D,fcre,1.6,ensemble,60,Chla_ugL_mean,7.4219153812559
vera4cast,chlorocast_timesfm,2026-10-27 00:00:00,2026-09-29 00:00:00,P1D,fcre,1.6,ensemble,60,Chla_ugL_mean,7.46201779410088
vera4cast,chlorocast_timesfm,2026-10-28 00:00:00,2026-09-29 00:00:00,P1D,fcre,1.6,ensemble,60,Chla_ugL_mean,7.44631435748495
vera4cast,chlorocast_timesfm,2026-10-29 00:00:00,2026-09-29 00:00:00,P1D,fcre,1.6,ensemble,60,Chla_ugL_mean,7.45835889709706
vera4cast,chlorocast_timesfm,2026-10-30 00:00:00,2026-09-29 00:00:00,P1D,fcre,1.6,ensemble,60,Chla_ugL_mean,7.41699991339383
vera4cast,chlorocast_timesfm,2026-10-31 00:00:00,2026-09-29 00:00:00,P1D,fcre,1.6,ensemble,60,Chla_ugL_mean,7.53268155463558
vera4cast,chlorocast_timesfm,2026-11-01 00:00:00,2026-09-29 00:00:00,P1D,fcre,1.6,ensemble,60,Chla_ugL_mean,7.58682888571946
vera4cast,chlorocast_timesfm,2026-11-02 00:00:00,2026-09-29 00:00:00,P1D,fcre,1.6,ensemble,60,Chla_ugL_mean,7.6901074668423
vera4cast,chlorocast_timesfm,2026-11-03 00:00:00,2026-09-29 00:00:00,P1D,fcre,1.6,ensemble,60,Chla_ugL_mean,7.64032304586078
vera4cast,chlorocast_timesfm,2026-09-30 00:00:00,2026-09-29 00:00:00,P1D,fcre,1.6,ensemble,61,Chla_ugL_mean,7.34639770579106
vera4cast,chlorocast_timesfm,2026-10-01 00:00:00,2026-09-29 00:00:00,P1D,fcre,1.6,ensemble,61,Chla_ugL_mean,7.28800242035886
vera4cast,chlorocast_timesfm,2026-10-02 00:00:00,2026-09-29 00:00:00,P1D,fcre,1.6,ensemble,61,Chla_ugL_mean,7.20703528080939
vera4cast,chlorocast_timesfm,2026-10-03 00:00:00,2026-09-29 00:00:00,P1D,fcre,1.6,ensemble,61,Chla_ugL_mean,7.36378025548779
vera4cast,chlorocast_timesfm,2026-10-04 00:00:00,2026-09-29 00:00:00,P1D,fcre,1.6,ensemble,61,Chla_ugL_mean,7.34714923556068
vera4cast,chlorocast_timesfm,2026-10-05 00:00:00,2026-09-29 00:00:00,P1D,fcre,1.6,ensemble,61,Chla_ugL_mean,7.27245549494037
vera4cast,chlorocast_timesfm,2026-10-06 00:00:00,2026-09-29 00:00:00,P1D,fcre,1.6,ensemble,61,Chla_ugL_mean,7.3569883503832
vera4cast,chlorocast_timesfm,2026-10-07 00:00:00,2026-09-29 00:00:00,P1D,fcre,1.6,ensemble,61,Chla_ugL_mean,7.21424232086215
vera4cast,chlorocast_timesfm,2026-10-08 00:00:00,2026-09-29 00:00:00,P1D,fcre,1.6,ensemble,61,Chla_ugL_mean,7.2608518066727
vera4cast,chlorocast_timesfm,2026-10-09 00:00:00,2026-09-29 00:00:00,P1D,fcre,1.6,ensemble,61,Chla_ugL_mean,7.27337935930569
vera4cast,chlorocast_timesfm,2026-10-10 00:00:00,2026-09-29 00:00:00,P1D,fcre,1.6,ensemble,61,Chla_ugL_mean,7.17497552703266
vera4cast,chlorocast_timesfm,2026-10-11 00:00:00,2026-09-29 00:00:00,P1D,fcre,1.6,ensemble,61,Chla_ugL_mean,7.10729516278012
vera4cast,chlorocast_timesfm,2026-10-12 00:00:00,2026-09-29 00:00:00,P1D,fcre,1.6,ensemble,61,Chla_ugL_mean,7.16456827770603
vera4cast,chlorocast_timesfm,2026-10-13 00:00:00,2026-09-29 00:00:00,P1D,fcre,1.6,ensemble,61,Chla_ugL_mean,7.25539772329714
vera4cast,chlorocast_timesfm,2026-10-14 00:00:00,2026-09-29 00:00:00,P1D,fcre,1.6,ensemble,61,Chla_ugL_mean,7.39896836671686
vera4cast,chlorocast_timesfm,2026-10-15 00:00:00,2026-09-29 00:00:00,P1D,fcre,1.6,ensemble,61,Chla_ugL_mean,7.45166302375771
vera4cast,chlorocast_timesfm,2026-10-16 00:00:00,2026-09-29 00:00:00,P1D,fcre,1.6,ensemble,61,Chla_ugL_mean,7.4850711418171
vera4cast,chlorocast_timesfm,2026-10-17 00:00:00,2026-09-29 00:00:00,P1D,fcre,1.6,ensemble,61,Chla_ugL_mean,7.52352647731524
vera4cast,chlorocast_timesfm,2026-10-18 00:00:00,2026-09-29 00:00:00,P1D,fcre,1.6,ensemble,61,Chla_ugL_mean,7.57718730712456
vera4cast,chlorocast_timesfm,2026-10-19 00:00:00,2026-09-29 00:00:00,P1D,fcre,1.6,ensemble,61,Chla_ugL_mean,7.63347852169977
vera4cast,chlorocast_timesfm,2026-10-20 00:00:00,2026-09-29 00:00:00,P1D,fcre,1.6,ensemble,61,Chla_ugL_mean,7.64924117881134
vera4cast,chlorocast_timesfm,2026-10-21 00:00:00,2026-09-29 00:00:00,P1D,fcre,1.6,ensemble,61,Chla_ugL_mean,7.66221190970623
vera4cast,chlorocast_timesfm,2026-10-22 00:00:00,2026-09-29 00:00:00,P1D,fcre,1.6,ensemble,61,Chla_ugL_mean,7.61743151846959
vera4cast,chlorocast_timesfm,2026-10-23 00:00:00,2026-09-29 00:00:00,P1D,fcre,1.6,ensemble,61,Chla_ugL_mean,7.50313976997261
vera4cast,chlorocast_timesfm,2026-10-24 00:00:00,2026-09-29 00:00:00,P1D,fcre,1.6,ensemble,61,Chla_ugL_mean,7.46338485860894
vera4cast,chlorocast_timesfm,2026-10-25 00:00:00,2026-09-29 00:00:00,P1D,fcre,1.6,ensemble,61,Chla_ugL_mean,7.61911237094853
vera4cast,chlorocast_timesfm,2026-10-26 00:00:00,2026-09-29 00:00:00,P1D,fcre,1.6,ensemble,61,Chla_ugL_mean,7.51620308087076
vera4cast,chlorocast_timesfm,2026-10-27 00:00:00,2026-09-29 00:00:00,P1D,fcre,1.6,ensemble,61,Chla_ugL_mean,7.55861638334836
vera4cast,chlorocast_timesfm,2026-10-28 00:00:00,2026-09-29 00:00:00,P1D,fcre,1.6,ensemble,61,Chla_ugL_mean,7.54291458725356
vera4cast,chlorocast_timesfm,2026-10-29 00:00:00,2026-09-29 00:00:00,P1D,fcre,1.6,ensemble,61,Chla_ugL_mean,7.55626254706275
vera4cast,chlorocast_timesfm,2026-10-30 00:00:00,2026-09-29 00:00:00,P1D,fcre,1.6,ensemble,61,Chla_ugL_mean,7.5092936892524
vera4cast,chlorocast_timesfm,2026-10-31 00:00:00,2026-09-29 00:00:00,P1D,fcre,1.6,ensemble,61,Chla_ugL_mean,7.62956462576139
vera4cast,chlorocast_timesfm,2026-11-01 00:00:00,2026-09-29 00:00:00,P1D,fcre,1.6,ensemble,61,Chla_ugL_mean,7.68171621933275
vera4cast,chlorocast_timesfm,2026-11-02 00:00:00,2026-09-29 00:00:00,P1D,fcre,1.6,ensemble,61,Chla_ugL_mean,7.78345000008585
vera4cast,chlorocast_timesfm,2026-11-03 00:00:00,2026-09-29 00:00:00,P1D,fcre,1.6,ensemble,61,Chla_ugL_mean,7.73365957638134
vera4cast,chlorocast_timesfm,2026-09-30 00:00:00,2026-09-29 00:00:00,P1D,fcre,1.6,ensemble,62,Chla_ugL_mean,7.4133856613436
vera4cast,chlorocast_timesfm,2026-10-01 00:00:00,2026-09-29 00:00:00,P1D,fcre,1.6,ensemble,62,Chla_ugL_mean,7.35860493349217
vera4cast,chlorocast_timesfm,2026-10-02 00:00:00,2026-09-29 00:00:00,P1D,fcre,1.6,ensemble,62,Chla_ugL_mean,7.27820755192081
vera4cast,chlorocast_timesfm,2026-10-03 00:00:00,2026-09-29 00:00:00,P1D,fcre,1.6,ensemble,62,Chla_ugL_mean,7.4361082747975
vera4cast,chlorocast_timesfm,2026-10-04 00:00:00,2026-09-29 00:00:00,P1D,fcre,1.6,ensemble,62,Chla_ugL_mean,7.41932465795206
vera4cast,chlorocast_timesfm,2026-10-05 00:00:00,2026-09-29 00:00:00,P1D,fcre,1.6,ensemble,62,Chla_ugL_mean,7.34636193701304
vera4cast,chlorocast_timesfm,2026-10-06 00:00:00,2026-09-29 00:00:00,P1D,fcre,1.6,ensemble,62,Chla_ugL_mean,7.42848540332977
vera4cast,chlorocast_timesfm,2026-10-07 00:00:00,2026-09-29 00:00:00,P1D,fcre,1.6,ensemble,62,Chla_ugL_mean,7.28705171437976
vera4cast,chlorocast_timesfm,2026-10-08 00:00:00,2026-09-29 00:00:00,P1D,fcre,1.6,ensemble,62,Chla_ugL_mean,7.33483482315856
vera4cast,chlorocast_timesfm,2026-10-09 00:00:00,2026-09-29 00:00:00,P1D,fcre,1.6,ensemble,62,Chla_ugL_mean,7.34874299014812
vera4cast,chlorocast_timesfm,2026-10-10 00:00:00,2026-09-29 00:00:00,P1D,fcre,1.6,ensemble,62,Chla_ugL_mean,7.25530786719233
vera4cast,chlorocast_timesfm,2026-10-11 00:00:00,2026-09-29 00:00:00,P1D,fcre,1.6,ensemble,62,Chla_ugL_mean,7.18769919586468
vera4cast,chlorocast_timesfm,2026-10-12 00:00:00,2026-09-29 00:00:00,P1D,fcre,1.6,ensemble,62,Chla_ugL_mean,7.24282793323583
vera4cast,chlorocast_timesfm,2026-10-13 00:00:00,2026-09-29 00:00:00,P1D,fcre,1.6,ensemble,62,Chla_ugL_mean,7.33743288098922
vera4cast,chlorocast_timesfm,2026-10-14 00:00:00,2026-09-29 00:00:00,P1D,fcre,1.6,ensemble,62,Chla_ugL_mean,7.48716041444906
vera4cast,chlorocast_timesfm,2026-10-15 00:00:00,2026-09-29 00:00:00,P1D,fcre,1.6,ensemble,62,Chla_ugL_mean,7.53516838312305
vera4cast,chlorocast_timesfm,2026-10-16 00:00:00,2026-09-29 00:00:00,P1D,fcre,1.6,ensemble,62,Chla_ugL_mean,7.56892383230638
vera4cast,chlorocast_timesfm,2026-10-17 00:00:00,2026-09-29 00:00:00,P1D,fcre,1.6,ensemble,62,Chla_ugL_mean,7.6118496123162
vera4cast,chlorocast_timesfm,2026-10-18 00:00:00,2026-09-29 00:00:00,P1D,fcre,1.6,ensemble,62,Chla_ugL_mean,7.6648809745116
vera4cast,chlorocast_timesfm,2026-10-19 00:00:00,2026-09-29 00:00:00,P1D,fcre,1.6,ensemble,62,Chla_ugL_mean,7.7238790207791
vera4cast,chlorocast_timesfm,2026-10-20 00:00:00,2026-09-29 00:00:00,P1D,fcre,1.6,ensemble,62,Chla_ugL_mean,7.73514512271691
vera4cast,chlorocast_timesfm,2026-10-21 00:00:00,2026-09-29 00:00:00,P1D,fcre,1.6,ensemble,62,Chla_ugL_mean,7.75324466051673
vera4cast,chlorocast_timesfm,2026-10-22 00:00:00,2026-09-29 00:00:00,P1D,fcre,1.6,ensemble,62,Chla_ugL_mean,7.71107671489205
vera4cast,chlorocast_timesfm,2026-10-23 00:00:00,2026-09-29 00:00:00,P1D,fcre,1.6,ensemble,62,Chla_ugL_mean,7.5971425223111
vera4cast,chlorocast_timesfm,2026-10-24 00:00:00,2026-09-29 00:00:00,P1D,fcre,1.6,ensemble,62,Chla_ugL_mean,7.55860919534262
vera4cast,chlorocast_timesfm,2026-10-25 00:00:00,2026-09-29 00:00:00,P1D,fcre,1.6,ensemble,62,Chla_ugL_mean,7.70415424299499
vera4cast,chlorocast_timesfm,2026-10-26 00:00:00,2026-09-29 00:00:00,P1D,fcre,1.6,ensemble,62,Chla_ugL_mean,7.60943352220983
vera4cast,chlorocast_timesfm,2026-10-27 00:00:00,2026-09-29 00:00:00,P1D,fcre,1.6,ensemble,62,Chla_ugL_mean,7.65367035873811
vera4cast,chlorocast_timesfm,2026-10-28 00:00:00,2026-09-29 00:00:00,P1D,fcre,1.6,ensemble,62,Chla_ugL_mean,7.63823949507602
vera4cast,chlorocast_timesfm,2026-10-29 00:00:00,2026-09-29 00:00:00,P1D,fcre,1.6,ensemble,62,Chla_ugL_mean,7.65319929937886
vera4cast,chlorocast_timesfm,2026-10-30 00:00:00,2026-09-29 00:00:00,P1D,fcre,1.6,ensemble,62,Chla_ugL_mean,7.5989642764455
vera4cast,chlorocast_timesfm,2026-10-31 00:00:00,2026-09-29 00:00:00,P1D,fcre,1.6,ensemble,62,Chla_ugL_mean,7.72446044987924
vera4cast,chlorocast_timesfm,2026-11-01 00:00:00,2026-09-29 00:00:00,P1D,fcre,1.6,ensemble,62,Chla_ugL_mean,7.7741606592144
vera4cast,chlorocast_timesfm,2026-11-02 00:00:00,2026-09-29 00:00:00,P1D,fcre,1.6,ensemble,62,Chla_ugL_mean,7.8730441462641
vera4cast,chlorocast_timesfm,2026-11-03 00:00:00,2026-09-29 00:00:00,P1D,fcre,1.6,ensemble,62,Chla_ugL_mean,7.82359584904605
vera4cast,chlorocast_timesfm,2026-09-30 00:00:00,2026-09-29 00:00:00,P1D,fcre,1.6,ensemble,63,Chla_ugL_mean,7.48091126036189
vera4cast,chlorocast_timesfm,2026-10-01 00:00:00,2026-09-29 00:00:00,P1D,fcre,1.6,ensemble,63,Chla_ugL_mean,7.42980888405369
vera4cast,chlorocast_timesfm,2026-10-02 00:00:00,2026-09-29 00:00:00,P1D,fcre,1.6,ensemble,63,Chla_ugL_mean,7.34999703643535
vera4cast,chlorocast_timesfm,2026-10-03 00:00:00,2026-09-29 00:00:00,P1D,fcre,1.6,ensemble,63,Chla_ugL_mean,7.50906176993482
vera4cast,chlorocast_timesfm,2026-10-04 00:00:00,2026-09-29 00:00:00,P1D,fcre,1.6,ensemble,63,Chla_ugL_mean,7.49212416066721
vera4cast,chlorocast_timesfm,2026-10-05 00:00:00,2026-09-29 00:00:00,P1D,fcre,1.6,ensemble,63,Chla_ugL_mean,7.42092866213989
vera4cast,chlorocast_timesfm,2026-10-06 00:00:00,2026-09-29 00:00:00,P1D,fcre,1.6,ensemble,63,Chla_ugL_mean,7.50059413938105
vera4cast,chlorocast_timesfm,2026-10-07 00:00:00,2026-09-29 00:00:00,P1D,fcre,1.6,ensemble,63,Chla_ugL_mean,7.36050647573257
vera4cast,chlorocast_timesfm,2026-10-08 00:00:00,2026-09-29 00:00:00,P1D,fcre,1.6,ensemble,63,Chla_ugL_mean,7.40948042104116
vera4cast,chlorocast_timesfm,2026-10-09 00:00:00,2026-09-29 00:00:00,P1D,fcre,1.6,ensemble,63,Chla_ugL_mean,7.42479312122307
vera4cast,chlorocast_timesfm,2026-10-10 00:00:00,2026-09-29 00:00:00,P1D,fcre,1.6,ensemble,63,Chla_ugL_mean,7.33642960236048
vera4cast,chlorocast_timesfm,2026-10-11 00:00:00,2026-09-29 00:00:00,P1D,fcre,1.6,ensemble,63,Chla_ugL_mean,7.26890063528594
vera4cast,chlorocast_timesfm,2026-10-12 00:00:00,2026-09-29 00:00:00,P1D,fcre,1.6,ensemble,63,Chla_ugL_mean,7.32183772930893
vera4cast,chlorocast_timesfm,2026-10-13 00:00:00,2026-09-29 00:00:00,P1D,fcre,1.6,ensemble,63,Chla_ugL_mean,7.4202832346686
vera4cast,chlorocast_timesfm,2026-10-14 00:00:00,2026-09-29 00:00:00,P1D,fcre,1.6,ensemble,63,Chla_ugL_mean,7.57627850892219
vera4cast,chlorocast_timesfm,2026-10-15 00:00:00,2026-09-29 00:00:00,P1D,fcre,1.6,ensemble,63,Chla_ugL_mean,7.6194988043754
vera4cast,chlorocast_timesfm,2026-10-16 00:00:00,2026-09-29 00:00:00,P1D,fcre,1.6,ensemble,63,Chla_ugL_mean,7.65360518687929
vera4cast,chlorocast_timesfm,2026-10-17 00:00:00,2026-09-29 00:00:00,P1D,fcre,1.6,ensemble,63,Chla_ugL_mean,7.70108797603114
vera4cast,chlorocast_timesfm,2026-10-18 00:00:00,2026-09-29 00:00:00,P1D,fcre,1.6,ensemble,63,Chla_ugL_mean,7.7534712271106
vera4cast,chlorocast_timesfm,2026-10-19 00:00:00,2026-09-29 00:00:00,P1D,fcre,1.6,ensemble,63,Chla_ugL_mean,7.81522609663084
vera4cast,chlorocast_timesfm,2026-10-20 00:00:00,2026-09-29 00:00:00,P1D,fcre,1.6,ensemble,63,Chla_ugL_mean,7.82190226142026
vera4cast,chlorocast_timesfm,2026-10-21 00:00:00,2026-09-29 00:00:00,P1D,fcre,1.6,ensemble,63,Chla_ugL_mean,7.84523409096132
vera4cast,chlorocast_timesfm,2026-10-22 00:00:00,2026-09-29 00:00:00,P1D,fcre,1.6,ensemble,63,Chla_ugL_mean,7.80573954897071
vera4cast,chlorocast_timesfm,2026-10-23 00:00:00,2026-09-29 00:00:00,P1D,fcre,1.6,ensemble,63,Chla_ugL_mean,7.69218448107054
vera4cast,chlorocast_timesfm,2026-10-24 00:00:00,2026-09-29 00:00:00,P1D,fcre,1.6,ensemble,63,Chla_ugL_mean,7.65490493252162
vera4cast,chlorocast_timesfm,2026-10-25 00:00:00,2026-09-29 00:00:00,P1D,fcre,1.6,ensemble,63,Chla_ugL_mean,7.79003519448373
vera4cast,chlorocast_timesfm,2026-10-26 00:00:00,2026-09-29 00:00:00,P1D,fcre,1.6,ensemble,63,Chla_ugL_mean,7.70368459623106
vera4cast,chlorocast_timesfm,2026-10-27 00:00:00,2026-09-29 00:00:00,P1D,fcre,1.6,ensemble,63,Chla_ugL_mean,7.74978002558928
vera4cast,chlorocast_timesfm,2026-10-28 00:00:00,2026-09-29 00:00:00,P1D,fcre,1.6,ensemble,63,Chla_ugL_mean,7.73462807244106
vera4cast,chlorocast_timesfm,2026-10-29 00:00:00,2026-09-29 00:00:00,P1D,fcre,1.6,ensemble,63,Chla_ugL_mean,7.75123428049498
vera4cast,chlorocast_timesfm,2026-10-30 00:00:00,2026-09-29 00:00:00,P1D,fcre,1.6,ensemble,63,Chla_ugL_mean,7.68957980860128
vera4cast,chlorocast_timesfm,2026-10-31 00:00:00,2026-09-29 00:00:00,P1D,fcre,1.6,ensemble,63,Chla_ugL_mean,7.82039980490804
vera4cast,chlorocast_timesfm,2026-11-01 00:00:00,2026-09-29 00:00:00,P1D,fcre,1.6,ensemble,63,Chla_ugL_mean,7.86758946373653
vera4cast,chlorocast_timesfm,2026-11-02 00:00:00,2026-09-29 00:00:00,P1D,fcre,1.6,ensemble,63,Chla_ugL_mean,7.96355218288738
vera4cast,chlorocast_timesfm,2026-11-03 00:00:00,2026-09-29 00:00:00,P1D,fcre,1.6,ensemble,63,Chla_ugL_mean,7.91445825503094
vera4cast,chlorocast_timesfm,2026-09-30 00:00:00,2026-09-29 00:00:00,P1D,fcre,1.6,ensemble,64,Chla_ugL_mean,7.54897881795741
vera4cast,chlorocast_timesfm,2026-10-01 00:00:00,2026-09-29 00:00:00,P1D,fcre,1.6,ensemble,64,Chla_ugL_mean,7.50161939547266
vera4cast,chlorocast_timesfm,2026-10-02 00:00:00,2026-09-29 00:00:00,P1D,fcre,1.6,ensemble,64,Chla_ugL_mean,7.4224090868924
vera4cast,chlorocast_timesfm,2026-10-03 00:00:00,2026-09-29 00:00:00,P1D,fcre,1.6,ensemble,64,Chla_ugL_mean,7.5826461498687
vera4cast,chlorocast_timesfm,2026-10-04 00:00:00,2026-09-29 00:00:00,P1D,fcre,1.6,ensemble,64,Chla_ugL_mean,7.56555313995094
vera4cast,chlorocast_timesfm,2026-10-05 00:00:00,2026-09-29 00:00:00,P1D,fcre,1.6,ensemble,64,Chla_ugL_mean,7.49616156931566
vera4cast,chlorocast_timesfm,2026-10-06 00:00:00,2026-09-29 00:00:00,P1D,fcre,1.6,ensemble,64,Chla_ugL_mean,7.57331979170684
vera4cast,chlorocast_timesfm,2026-10-07 00:00:00,2026-09-29 00:00:00,P1D,fcre,1.6,ensemble,64,Chla_ugL_mean,7.43461232533139
vera4cast,chlorocast_timesfm,2026-10-08 00:00:00,2026-09-29 00:00:00,P1D,fcre,1.6,ensemble,64,Chla_ugL_mean,7.48479453430547
vera4cast,chlorocast_timesfm,2026-10-09 00:00:00,2026-09-29 00:00:00,P1D,fcre,1.6,ensemble,64,Chla_ugL_mean,7.50153600597881
vera4cast,chlorocast_timesfm,2026-10-10 00:00:00,2026-09-29 00:00:00,P1D,fcre,1.6,ensemble,64,Chla_ugL_mean,7.41834848961824
vera4cast,chlorocast_timesfm,2026-10-11 00:00:00,2026-09-29 00:00:00,P1D,fcre,1.6,ensemble,64,Chla_ugL_mean,7.35090738931467
vera4cast,chlorocast_timesfm,2026-10-12 00:00:00,2026-09-29 00:00:00,P1D,fcre,1.6,ensemble,64,Chla_ugL_mean,7.40160485623087
vera4cast,chlorocast_timesfm,2026-10-13 00:00:00,2026-09-29 00:00:00,P1D,fcre,1.6,ensemble,64,Chla_ugL_mean,7.50395688506325
vera4cast,chlorocast_timesfm,2026-10-14 00:00:00,2026-09-29 00:00:00,P1D,fcre,1.6,ensemble,64,Chla_ugL_mean,7.66633237394456
vera4cast,chlorocast_timesfm,2026-10-15 00:00:00,2026-09-29 00:00:00,P1D,fcre,1.6,ensemble,64,Chla_ugL_mean,7.70466243941211
vera4cast,chlorocast_timesfm,2026-10-16 00:00:00,2026-09-29 00:00:00,P1D,fcre,1.6,ensemble,64,Chla_ugL_mean,7.73912339470854
vera4cast,chlorocast_timesfm,2026-10-17 00:00:00,2026-09-29 00:00:00,P1D,fcre,1.6,ensemble,64,Chla_ugL_mean,7.79125105231273
vera4cast,chlorocast_timesfm,2026-10-18 00:00:00,2026-09-29 00:00:00,P1D,fcre,1.6,ensemble,64,Chla_ugL_mean,7.84296723166148
vera4cast,chlorocast_timesfm,2026-10-19 00:00:00,2026-09-29 00:00:00,P1D,fcre,1.6,ensemble,64,Chla_ugL_mean,7.90752966078861
vera4cast,chlorocast_timesfm,2026-10-20 00:00:00,2026-09-29 00:00:00,P1D,fcre,1.6,ensemble,64,Chla_ugL_mean,7.90952106882061
vera4cast,chlorocast_timesfm,2026-10-21 00:00:00,2026-09-29 00:00:00,P1D,fcre,1.6,ensemble,64,Chla_ugL_mean,7.9381902549592
vera4cast,chlorocast_timesfm,2026-10-22 00:00:00,2026-09-29 00:00:00,P1D,fcre,1.6,ensemble,64,Chla_ugL_mean,7.90143107932298
vera4cast,chlorocast_timesfm,2026-10-23 00:00:00,2026-09-29 00:00:00,P1D,fcre,1.6,ensemble,64,Chla_ugL_mean,7.78827713474418
vera4cast,chlorocast_timesfm,2026-10-24 00:00:00,2026-09-29 00:00:00,P1D,fcre,1.6,ensemble,64,Chla_ugL_mean,7.752284124826
vera4cast,chlorocast_timesfm,2026-10-25 00:00:00,2026-09-29 00:00:00,P1D,fcre,1.6,ensemble,64,Chla_ugL_mean,7.87676350432834
vera4cast,chlorocast_timesfm,2026-10-26 00:00:00,2026-09-29 00:00:00,P1D,fcre,1.6,ensemble,64,Chla_ugL_mean,7.79896747622782
vera4cast,chlorocast_timesfm,2026-10-27 00:00:00,2026-09-29 00:00:00,P1D,fcre,1.6,ensemble,64,Chla_ugL_mean,7.84695710865568
vera4cast,chlorocast_timesfm,2026-10-28 00:00:00,2026-09-29 00:00:00,P1D,fcre,1.6,ensemble,64,Chla_ugL_mean,7.83209218815529
vera4cast,chlorocast_timesfm,2026-10-29 00:00:00,2026-09-29 00:00:00,P1D,fcre,1.6,ensemble,64,Chla_ugL_mean,7.85037993261149
vera4cast,chlorocast_timesfm,2026-10-30 00:00:00,2026-09-29 00:00:00,P1D,fcre,1.6,ensemble,64,Chla_ugL_mean,7.78115024351092
vera4cast,chlorocast_timesfm,2026-10-31 00:00:00,2026-09-29 00:00:00,P1D,fcre,1.6,ensemble,64,Chla_ugL_mean,7.9173941661342
vera4cast,chlorocast_timesfm,2026-11-01 00:00:00,2026-09-29 00:00:00,P1D,fcre,1.6,ensemble,64,Chla_ugL_mean,7.96201311458681
vera4cast,chlorocast_timesfm,2026-11-02 00:00:00,2026-09-29 00:00:00,P1D,fcre,1.6,ensemble,64,Chla_ugL_mean,8.0549834319458
vera4cast,chlorocast_timesfm,2026-11-03 00:00:00,2026-09-29 00:00:00,P1D,fcre,1.6,ensemble,64,Chla_ugL_mean,8.00625633134373
vera4cast,chlorocast_timesfm,2026-09-30 00:00:00,2026-09-29 00:00:00,P1D,fcre,1.6,ensemble,65,Chla_ugL_mean,7.61759268387463
vera4cast,chlorocast_timesfm,2026-10-01 00:00:00,2026-09-29 00:00:00,P1D,fcre,1.6,ensemble,65,Chla_ugL_mean,7.57404163482298
vera4cast,chlorocast_timesfm,2026-10-02 00:00:00,2026-09-29 00:00:00,P1D,fcre,1.6,ensemble,65,Chla_ugL_mean,7.49544910224913
vera4cast,chlorocast_timesfm,2026-10-03 00:00:00,2026-09-29 00:00:00,P1D,fcre,1.6,ensemble,65,Chla_ugL_mean,7.65686687034361
vera4cast,chlorocast_timesfm,2026-10-04 00:00:00,2026-09-29 00:00:00,P1D,fcre,1.6,ensemble,65,Chla_ugL_mean,7.63961703870791
vera4cast,chlorocast_timesfm,2026-10-05 00:00:00,2026-09-29 00:00:00,P1D,fcre,1.6,ensemble,65,Chla_ugL_mean,7.57206661023691
vera4cast,chlorocast_timesfm,2026-10-06 00:00:00,2026-09-29 00:00:00,P1D,fcre,1.6,ensemble,65,Chla_ugL_mean,7.64666763824866
vera4cast,chlorocast_timesfm,2026-10-07 00:00:00,2026-09-29 00:00:00,P1D,fcre,1.6,ensemble,65,Chla_ugL_mean,7.50937503429164
vera4cast,chlorocast_timesfm,2026-10-08 00:00:00,2026-09-29 00:00:00,P1D,fcre,1.6,ensemble,65,Chla_ugL_mean,7.56078315008037
vera4cast,chlorocast_timesfm,2026-10-09 00:00:00,2026-09-29 00:00:00,P1D,fcre,1.6,ensemble,65,Chla_ugL_mean,7.5789779548274
vera4cast,chlorocast_timesfm,2026-10-10 00:00:00,2026-09-29 00:00:00,P1D,fcre,1.6,ensemble,65,Chla_ugL_mean,7.50107236227259
vera4cast,chlorocast_timesfm,2026-10-11 00:00:00,2026-09-29 00:00:00,P1D,fcre,1.6,ensemble,65,Chla_ugL_mean,7.43372744465188
vera4cast,chlorocast_timesfm,2026-10-12 00:00:00,2026-09-29 00:00:00,P1D,fcre,1.6,ensemble,65,Chla_ugL_mean,7.48213657322826
vera4cast,chlorocast_timesfm,2026-10-13 00:00:00,2026-09-29 00:00:00,P1D,fcre,1.6,ensemble,65,Chla_ugL_mean,7.58846201339936
vera4cast,chlorocast_timesfm,2026-10-14 00:00:00,2026-09-29 00:00:00,P1D,fcre,1.6,ensemble,65,Chla_ugL_mean,7.75733183542781
vera4cast,chlorocast_timesfm,2026-10-15 00:00:00,2026-09-29 00:00:00,P1D,fcre,1.6,ensemble,65,Chla_ugL_mean,7.79066752067408
vera4cast,chlorocast_timesfm,2026-10-16 00:00:00,2026-09-29 00:00:00,P1D,fcre,1.6,ensemble,65,Chla_ugL_mean,7.82548672589531
vera4cast,chlorocast_timesfm,2026-10-17 00:00:00,2026-09-29 00:00:00,P1D,fcre,1.6,ensemble,65,Chla_ugL_mean,7.8823484232879
vera4cast,chlorocast_timesfm,2026-10-18 00:00:00,2026-09-29 00:00:00,P1D,fcre,1.6,ensemble,65,Chla_ugL_mean,7.93337824862548
vera4cast,chlorocast_timesfm,2026-10-19 00:00:00,2026-09-29 00:00:00,P1D,fcre,1.6,ensemble,65,Chla_ugL_mean,8.00079972856897
vera4cast,chlorocast_timesfm,2026-10-20 00:00:00,2026-09-29 00:00:00,P1D,fcre,1.6,ensemble,65,Chla_ugL_mean,7.99801010297962
vera4cast,chlorocast_timesfm,2026-10-21 00:00:00,2026-09-29 00:00:00,P1D,fcre,1.6,ensemble,65,Chla_ugL_mean,8.03212331208804
vera4cast,chlorocast_timesfm,2026-10-22 00:00:00,2026-09-29 00:00:00,P1D,fcre,1.6,ensemble,65,Chla_ugL_mean,7.99816248473973
vera4cast,chlorocast_timesfm,2026-10-23 00:00:00,2026-09-29 00:00:00,P1D,fcre,1.6,ensemble,65,Chla_ugL_mean,7.88543209883129
vera4cast,chlorocast_timesfm,2026-10-24 00:00:00,2026-09-29 00:00:00,P1D,fcre,1.6,ensemble,65,Chla_ugL_mean,7.85075896256701
vera4cast,chlorocast_timesfm,2026-10-25 00:00:00,2026-09-29 00:00:00,P1D,fcre,1.6,ensemble,65,Chla_ugL_mean,7.96434753312766
vera4cast,chlorocast_timesfm,2026-10-26 00:00:00,2026-09-29 00:00:00,P1D,fcre,1.6,ensemble,65,Chla_ugL_mean,7.89529345781221
vera4cast,chlorocast_timesfm,2026-10-27 00:00:00,2026-09-29 00:00:00,P1D,fcre,1.6,ensemble,65,Chla_ugL_mean,7.94521346290897
vera4cast,chlorocast_timesfm,2026-10-28 00:00:00,2026-09-29 00:00:00,P1D,fcre,1.6,ensemble,65,Chla_ugL_mean,7.93064384346173
vera4cast,chlorocast_timesfm,2026-10-29 00:00:00,2026-09-29 00:00:00,P1D,fcre,1.6,ensemble,65,Chla_ugL_mean,7.95064883889062
vera4cast,chlorocast_timesfm,2026-10-30 00:00:00,2026-09-29 00:00:00,P1D,fcre,1.6,ensemble,65,Chla_ugL_mean,7.87368564390039
vera4cast,chlorocast_timesfm,2026-10-31 00:00:00,2026-09-29 00:00:00,P1D,fcre,1.6,ensemble,65,Chla_ugL_mean,8.01545513503324
vera4cast,chlorocast_timesfm,2026-11-01 00:00:00,2026-09-29 00:00:00,P1D,fcre,1.6,ensemble,65,Chla_ugL_mean,8.05744220506377
vera4cast,chlorocast_timesfm,2026-11-02 00:00:00,2026-09-29 00:00:00,P1D,fcre,1.6,ensemble,65,Chla_ugL_mean,8.14734731051692
vera4cast,chlorocast_timesfm,2026-11-03 00:00:00,2026-09-29 00:00:00,P1D,fcre,1.6,ensemble,65,Chla_ugL_mean,8.09899971320103
vera4cast,chlorocast_timesfm,2026-09-30 00:00:00,2026-09-29 00:00:00,P1D,fcre,1.6,ensemble,66,Chla_ugL_mean,7.6867572427689
vera4cast,chlorocast_timesfm,2026-10-01 00:00:00,2026-09-29 00:00:00,P1D,fcre,1.6,ensemble,66,Chla_ugL_mean,7.64708081319497
vera4cast,chlorocast_timesfm,2026-10-02 00:00:00,2026-09-29 00:00:00,P1D,fcre,1.6,ensemble,66,Chla_ugL_mean,7.56912252828306
vera4cast,chlorocast_timesfm,2026-10-03 00:00:00,2026-09-29 00:00:00,P1D,fcre,1.6,ensemble,66,Chla_ugL_mean,7.731729434284
vera4cast,chlorocast_timesfm,2026-10-04 00:00:00,2026-09-29 00:00:00,P1D,fcre,1.6,ensemble,66,Chla_ugL_mean,7.71432134690597
vera4cast,chlorocast_timesfm,2026-10-05 00:00:00,2026-09-29 00:00:00,P1D,fcre,1.6,ensemble,66,Chla_ugL_mean,7.6486497897729
vera4cast,chlorocast_timesfm,2026-10-06 00:00:00,2026-09-29 00:00:00,P1D,fcre,1.6,ensemble,66,Chla_ugL_mean,7.72064300210267
vera4cast,chlorocast_timesfm,2026-10-07 00:00:00,2026-09-29 00:00:00,P1D,fcre,1.6,ensemble,66,Chla_ugL_mean,7.5848004248827
vera4cast,chlorocast_timesfm,2026-10-08 00:00:00,2026-09-29 00:00:00,P1D,fcre,1.6,ensemble,66,Chla_ugL_mean,7.63745230911463
vera4cast,chlorocast_timesfm,2026-10-09 00:00:00,2026-09-29 00:00:00,P1D,fcre,1.6,ensemble,66,Chla_ugL_mean,7.65712533566348
vera4cast,chlorocast_timesfm,2026-10-10 00:00:00,2026-09-29 00:00:00,P1D,fcre,1.6,ensemble,66,Chla_ugL_mean,7.58460913060538
vera4cast,chlorocast_timesfm,2026-10-11 00:00:00,2026-09-29 00:00:00,P1D,fcre,1.6,ensemble,66,Chla_ugL_mean,7.5173688672066
vera4cast,chlorocast_timesfm,2026-10-12 00:00:00,2026-09-29 00:00:00,P1D,fcre,1.6,ensemble,66,Chla_ugL_mean,7.56344020910943
vera4cast,chlorocast_timesfm,2026-10-13 00:00:00,2026-09-29 00:00:00,P1D,fcre,1.6,ensemble,66,Chla_ugL_mean,7.67380688220118
vera4cast,chlorocast_timesfm,2026-10-14 00:00:00,2026-09-29 00:00:00,P1D,fcre,1.6,ensemble,66,Chla_ugL_mean,7.84928682245899
vera4cast,chlorocast_timesfm,2026-10-15 00:00:00,2026-09-29 00:00:00,P1D,fcre,1.6,ensemble,66,Chla_ugL_mean,7.87752236194162
vera4cast,chlorocast_timesfm,2026-10-16 00:00:00,2026-09-29 00:00:00,P1D,fcre,1.6,ensemble,66,Chla_ugL_mean,7.91270353226911
vera4cast,chlorocast_timesfm,2026-10-17 00:00:00,2026-09-29 00:00:00,P1D,fcre,1.6,ensemble,66,Chla_ugL_mean,7.9743897703763
vera4cast,chlorocast_timesfm,2026-10-18 00:00:00,2026-09-29 00:00:00,P1D,fcre,1.6,ensemble,66,Chla_ugL_mean,8.02471363314329
vera4cast,chlorocast_timesfm,2026-10-19 00:00:00,2026-09-29 00:00:00,P1D,fcre,1.6,ensemble,66,Chla_ugL_mean,8.09504642015805
vera4cast,chlorocast_timesfm,2026-10-20 00:00:00,2026-09-29 00:00:00,P1D,fcre,1.6,ensemble,66,Chla_ugL_mean,8.08737800695733
vera4cast,chlorocast_timesfm,2026-10-21 00:00:00,2026-09-29 00:00:00,P1D,fcre,1.6,ensemble,66,Chla_ugL_mean,8.12704352869434
vera4cast,chlorocast_timesfm,2026-10-22 00:00:00,2026-09-29 00:00:00,P1D,fcre,1.6,ensemble,66,Chla_ugL_mean,8.09594506549115
vera4cast,chlorocast_timesfm,2026-10-23 00:00:00,2026-09-29 00:00:00,P1D,fcre,1.6,ensemble,66,Chla_ugL_mean,7.98366111724122
vera4cast,chlorocast_timesfm,2026-10-24 00:00:00,2026-09-29 00:00:00,P1D,fcre,1.6,ensemble,66,Chla_ugL_mean,7.95034177321314
vera4cast,chlorocast_timesfm,2026-10-25 00:00:00,2026-09-29 00:00:00,P1D,fcre,1.6,ensemble,66,Chla_ugL_mean,8.05279572397174
vera4cast,chlorocast_timesfm,2026-10-26 00:00:00,2026-09-29 00:00:00,P1D,fcre,1.6,ensemble,66,Chla_ugL_mean,7.99267396025409
vera4cast,chlorocast_timesfm,2026-10-27 00:00:00,2026-09-29 00:00:00,P1D,fcre,1.6,ensemble,66,Chla_ugL_mean,8.04456107498488
vera4cast,chlorocast_timesfm,2026-10-28 00:00:00,2026-09-29 00:00:00,P1D,fcre,1.6,ensemble,66,Chla_ugL_mean,8.03029517351756
vera4cast,chlorocast_timesfm,2026-10-29 00:00:00,2026-09-29 00:00:00,P1D,fcre,1.6,ensemble,66,Chla_ugL_mean,8.05205372505343
vera4cast,chlorocast_timesfm,2026-10-30 00:00:00,2026-09-29 00:00:00,P1D,fcre,1.6,ensemble,66,Chla_ugL_mean,7.96719617853625
vera4cast,chlorocast_timesfm,2026-10-31 00:00:00,2026-09-29 00:00:00,P1D,fcre,1.6,ensemble,66,Chla_ugL_mean,8.11459444065736
vera4cast,chlorocast_timesfm,2026-11-01 00:00:00,2026-09-29 00:00:00,P1D,fcre,1.6,ensemble,66,Chla_ugL_mean,8.15388744126521
vera4cast,chlorocast_timesfm,2026-11-02 00:00:00,2026-09-29 00:00:00,P1D,fcre,1.6,ensemble,66,Chla_ugL_mean,8.24065333173565
vera4cast,chlorocast_timesfm,2026-11-03 00:00:00,2026-09-29 00:00:00,P1D,fcre,1.6,ensemble,66,Chla_ugL_mean,8.19269813503963
vera4cast,chlorocast_timesfm,2026-09-30 00:00:00,2026-09-29 00:00:00,P1D,fcre,1.6,ensemble,67,Chla_ugL_mean,7.75647691448674
vera4cast,chlorocast_timesfm,2026-10-01 00:00:00,2026-09-29 00:00:00,P1D,fcre,1.6,ensemble,67,Chla_ugL_mean,7.72074218607038
vera4cast,chlorocast_timesfm,2026-10-02 00:00:00,2026-09-29 00:00:00,P1D,fcre,1.6,ensemble,67,Chla_ugL_mean,7.64343485799804
vera4cast,chlorocast_timesfm,2026-10-03 00:00:00,2026-09-29 00:00:00,P1D,fcre,1.6,ensemble,67,Chla_ugL_mean,7.80723939220233
vera4cast,chlorocast_timesfm,2026-10-04 00:00:00,2026-09-29 00:00:00,P1D,fcre,1.6,ensemble,67,Chla_ugL_mean,7.7896716019832
vera4cast,chlorocast_timesfm,2026-10-05 00:00:00,2026-09-29 00:00:00,P1D,fcre,1.6,ensemble,67,Chla_ugL_mean,7.72591716644064
vera4cast,chlorocast_timesfm,2026-10-06 00:00:00,2026-09-29 00:00:00,P1D,fcre,1.6,ensemble,67,Chla_ugL_mean,7.79525125190607
vera4cast,chlorocast_timesfm,2026-10-07 00:00:00,2026-09-29 00:00:00,P1D,fcre,1.6,ensemble,67,Chla_ugL_mean,7.66089437098141
vera4cast,chlorocast_timesfm,2026-10-08 00:00:00,2026-09-29 00:00:00,P1D,fcre,1.6,ensemble,67,Chla_ugL_mean,7.71480810625711
vera4cast,chlorocast_timesfm,2026-10-09 00:00:00,2026-09-29 00:00:00,P1D,fcre,1.6,ensemble,67,Chla_ugL_mean,7.73598457438795
vera4cast,chlorocast_timesfm,2026-10-10 00:00:00,2026-09-29 00:00:00,P1D,fcre,1.6,ensemble,67,Chla_ugL_mean,7.6689667826298
vera4cast,chlorocast_timesfm,2026-10-11 00:00:00,2026-09-29 00:00:00,P1D,fcre,1.6,ensemble,67,Chla_ugL_mean,7.60183980288145
vera4cast,chlorocast_timesfm,2026-10-12 00:00:00,2026-09-29 00:00:00,P1D,fcre,1.6,ensemble,67,Chla_ugL_mean,7.64552316293136
vera4cast,chlorocast_timesfm,2026-10-13 00:00:00,2026-09-29 00:00:00,P1D,fcre,1.6,ensemble,67,Chla_ugL_mean,7.75999983609897
vera4cast,chlorocast_timesfm,2026-10-14 00:00:00,2026-09-29 00:00:00,P1D,fcre,1.6,ensemble,67,Chla_ugL_mean,7.942207368384
vera4cast,chlorocast_timesfm,2026-10-15 00:00:00,2026-09-29 00:00:00,P1D,fcre,1.6,ensemble,67,Chla_ugL_mean,7.96523535913802
vera4cast,chlorocast_timesfm,2026-10-16 00:00:00,2026-09-29 00:00:00,P1D,fcre,1.6,ensemble,67,Chla_ugL_mean,8.00078224819535
vera4cast,chlorocast_timesfm,2026-10-17 00:00:00,2026-09-29 00:00:00,P1D,fcre,1.6,ensemble,67,Chla_ugL_mean,8.06738487531904
vera4cast,chlorocast_timesfm,2026-10-18 00:00:00,2026-09-29 00:00:00,P1D,fcre,1.6,ensemble,67,Chla_ugL_mean,8.11698283600316
vera4cast,chlorocast_timesfm,2026-10-19 00:00:00,2026-09-29 00:00:00,P1D,fcre,1.6,ensemble,67,Chla_ugL_mean,8.19027996170974
vera4cast,chlorocast_timesfm,2026-10-20 00:00:00,2026-09-29 00:00:00,P1D,fcre,1.6,ensemble,67,Chla_ugL_mean,8.17763350965631
vera4cast,chlorocast_timesfm,2026-10-21 00:00:00,2026-09-29 00:00:00,P1D,fcre,1.6,ensemble,67,Chla_ugL_mean,8.22296127901551
vera4cast,chlorocast_timesfm,2026-10-22 00:00:00,2026-09-29 00:00:00,P1D,fcre,1.6,ensemble,67,Chla_ugL_mean,8.19479024464692
vera4cast,chlorocast_timesfm,2026-10-23 00:00:00,2026-09-29 00:00:00,P1D,fcre,1.6,ensemble,67,Chla_ugL_mean,8.082976063713
vera4cast,chlorocast_timesfm,2026-10-24 00:00:00,2026-09-29 00:00:00,P1D,fcre,1.6,ensemble,67,Chla_ugL_mean,8.05104502293326
vera4cast,chlorocast_timesfm,2026-10-25 00:00:00,2026-09-29 00:00:00,P1D,fcre,1.6,ensemble,67,Chla_ugL_mean,8.14211660325574
vera4cast,chlorocast_timesfm,2026-10-26 00:00:00,2026-09-29 00:00:00,P1D,fcre,1.6,ensemble,67,Chla_ugL_mean,8.0911205278349
vera4cast,chlorocast_timesfm,2026-10-27 00:00:00,2026-09-29 00:00:00,P1D,fcre,1.6,ensemble,67,Chla_ugL_mean,8.14501206464548
vera4cast,chlorocast_timesfm,2026-10-28 00:00:00,2026-09-29 00:00:00,P1D,fcre,1.6,ensemble,67,Chla_ugL_mean,8.13105844888841
vera4cast,chlorocast_timesfm,2026-10-29 00:00:00,2026-09-29 00:00:00,P1D,fcre,1.6,ensemble,67,Chla_ugL_mean,8.15460746099494
vera4cast,chlorocast_timesfm,2026-10-30 00:00:00,2026-09-29 00:00:00,P1D,fcre,1.6,ensemble,67,Chla_ugL_mean,8.06169212334313
vera4cast,chlorocast_timesfm,2026-10-31 00:00:00,2026-09-29 00:00:00,P1D,fcre,1.6,ensemble,67,Chla_ugL_mean,8.21482394103843
vera4cast,chlorocast_timesfm,2026-11-01 00:00:00,2026-09-29 00:00:00,P1D,fcre,1.6,ensemble,67,Chla_ugL_mean,8.25135964328939
vera4cast,chlorocast_timesfm,2026-11-02 00:00:00,2026-09-29 00:00:00,P1D,fcre,1.6,ensemble,67,Chla_ugL_mean,8.3349111057741
vera4cast,chlorocast_timesfm,2026-11-03 00:00:00,2026-09-29 00:00:00,P1D,fcre,1.6,ensemble,67,Chla_ugL_mean,8.28736143153828
vera4cast,chlorocast_timesfm,2026-09-30 00:00:00,2026-09-29 00:00:00,P1D,fcre,1.6,ensemble,68,Chla_ugL_mean,7.8267561543482
vera4cast,chlorocast_timesfm,2026-10-01 00:00:00,2026-09-29 00:00:00,P1D,fcre,1.6,ensemble,68,Chla_ugL_mean,7.79503105370051
vera4cast,chlorocast_timesfm,2026-10-02 00:00:00,2026-09-29 00:00:00,P1D,fcre,1.6,ensemble,68,Chla_ugL_mean,7.71839163203382
vera4cast,chlorocast_timesfm,2026-10-03 00:00:00,2026-09-29 00:00:00,P1D,fcre,1.6,ensemble,68,Chla_ugL_mean,7.8834023426106
vera4cast,chlorocast_timesfm,2026-10-04 00:00:00,2026-09-29 00:00:00,P1D,fcre,1.6,ensemble,68,Chla_ugL_mean,7.86567338925832
vera4cast,chlorocast_timesfm,2026-10-05 00:00:00,2026-09-29 00:00:00,P1D,fcre,1.6,ensemble,68,Chla_ugL_mean,7.80387485288415
vera4cast,chlorocast_timesfm,2026-10-06 00:00:00,2026-09-29 00:00:00,P1D,fcre,1.6,ensemble,68,Chla_ugL_mean,7.8704978022267
vera4cast,chlorocast_timesfm,2026-10-07 00:00:00,2026-09-29 00:00:00,P1D,fcre,1.6,ensemble,68,Chla_ugL_mean,7.73766279852946
vera4cast,chlorocast_timesfm,2026-10-08 00:00:00,2026-09-29 00:00:00,P1D,fcre,1.6,ensemble,68,Chla_ugL_mean,7.79285669094127
vera4cast,chlorocast_timesfm,2026-10-09 00:00:00,2026-09-29 00:00:00,P1D,fcre,1.6,ensemble,68,Chla_ugL_mean,7.81556215543637
vera4cast,chlorocast_timesfm,2026-10-10 00:00:00,2026-09-29 00:00:00,P1D,fcre,1.6,ensemble,68,Chla_ugL_mean,7.75415338485415
vera4cast,chlorocast_timesfm,2026-10-11 00:00:00,2026-09-29 00:00:00,P1D,fcre,1.6,ensemble,68,Chla_ugL_mean,7.68714847836599
vera4cast,chlorocast_timesfm,2026-10-12 00:00:00,2026-09-29 00:00:00,P1D,fcre,1.6,ensemble,68,Chla_ugL_mean,7.72839290467306
vera4cast,chlorocast_timesfm,2026-10-13 00:00:00,2026-09-29 00:00:00,P1D,fcre,1.6,ensemble,68,Chla_ugL_mean,7.84704930264484
vera4cast,chlorocast_timesfm,2026-10-14 00:00:00,2026-09-29 00:00:00,P1D,fcre,1.6,ensemble,68,Chla_ugL_mean,8.0361036119023
vera4cast,chlorocast_timesfm,2026-10-15 00:00:00,2026-09-29 00:00:00,P1D,fcre,1.6,ensemble,68,Chla_ugL_mean,8.05381499114124
vera4cast,chlorocast_timesfm,2026-10-16 00:00:00,2026-09-29 00:00:00,P1D,fcre,1.6,ensemble,68,Chla_ugL_mean,8.08973139139107
vera4cast,chlorocast_timesfm,2026-10-17 00:00:00,2026-09-29 00:00:00,P1D,fcre,1.6,ensemble,68,Chla_ugL_mean,8.1613436212184
vera4cast,chlorocast_timesfm,2026-10-18 00:00:00,2026-09-29 00:00:00,P1D,fcre,1.6,ensemble,68,Chla_ugL_mean,8.21019540461871
vera4cast,chlorocast_timesfm,2026-10-19 00:00:00,2026-09-29 00:00:00,P1D,fcre,1.6,ensemble,68,Chla_ugL_mean,8.28651068645517
vera4cast,chlorocast_timesfm,2026-10-20 00:00:00,2026-09-29 00:00:00,P1D,fcre,1.6,ensemble,68,Chla_ugL_mean,8.26878542667427
vera4cast,chlorocast_timesfm,2026-10-21 00:00:00,2026-09-29 00:00:00,P1D,fcre,1.6,ensemble,68,Chla_ugL_mean,8.31988704631367
vera4cast,chlorocast_timesfm,2026-10-22 00:00:00,2026-09-29 00:00:00,P1D,fcre,1.6,ensemble,68,Chla_ugL_mean,8.29470956941065
vera4cast,chlorocast_timesfm,2026-10-23 00:00:00,2026-09-29 00:00:00,P1D,fcre,1.6,ensemble,68,Chla_ugL_mean,8.1833889432506
vera4cast,chlorocast_timesfm,2026-10-24 00:00:00,2026-09-29 00:00:00,P1D,fcre,1.6,ensemble,68,Chla_ugL_mean,8.15288131815725
vera4cast,chlorocast_timesfm,2026-10-25 00:00:00,2026-09-29 00:00:00,P1D,fcre,1.6,ensemble,68,Chla_ugL_mean,8.23231878150189
vera4cast,chlorocast_timesfm,2026-10-26 00:00:00,2026-09-29 00:00:00,P1D,fcre,1.6,ensemble,68,Chla_ugL_mean,8.19064483121613
vera4cast,chlorocast_timesfm,2026-10-27 00:00:00,2026-09-29 00:00:00,P1D,fcre,1.6,ensemble,68,Chla_ugL_mean,8.24657868625771
vera4cast,chlorocast_timesfm,2026-10-28 00:00:00,2026-09-29 00:00:00,P1D,fcre,1.6,ensemble,68,Chla_ugL_mean,8.2329460770593
vera4cast,chlorocast_timesfm,2026-10-29 00:00:00,2026-09-29 00:00:00,P1D,fcre,1.6,ensemble,68,Chla_ugL_mean,8.25832306241747
vera4cast,chlorocast_timesfm,2026-10-30 00:00:00,2026-09-29 00:00:00,P1D,fcre,1.6,ensemble,68,Chla_ugL_mean,8.15718386253291
vera4cast,chlorocast_timesfm,2026-10-31 00:00:00,2026-09-29 00:00:00,P1D,fcre,1.6,ensemble,68,Chla_ugL_mean,8.31615562460625
vera4cast,chlorocast_timesfm,2026-11-01 00:00:00,2026-09-29 00:00:00,P1D,fcre,1.6,ensemble,68,Chla_ugL_mean,8.34986974644885
vera4cast,chlorocast_timesfm,2026-11-02 00:00:00,2026-09-29 00:00:00,P1D,fcre,1.6,ensemble,68,Chla_ugL_mean,8.43013034083134
vera4cast,chlorocast_timesfm,2026-11-03 00:00:00,2026-09-29 00:00:00,P1D,fcre,1.6,ensemble,68,Chla_ugL_mean,8.38299953864992
vera4cast,chlorocast_timesfm,2026-09-30 00:00:00,2026-09-29 00:00:00,P1D,fcre,1.6,ensemble,69,Chla_ugL_mean,7.89759945343162
vera4cast,chlorocast_timesfm,2026-10-01 00:00:00,2026-09-29 00:00:00,P1D,fcre,1.6,ensemble,69,Chla_ugL_mean,7.86995276148759
vera4cast,chlorocast_timesfm,2026-10-02 00:00:00,2026-09-29 00:00:00,P1D,fcre,1.6,ensemble,69,Chla_ugL_mean,7.79399843907918
vera4cast,chlorocast_timesfm,2026-10-03 00:00:00,2026-09-29 00:00:00,P1D,fcre,1.6,ensemble,69,Chla_ugL_mean,7.96022393243545
vera4cast,chlorocast_timesfm,2026-10-04 00:00:00,2026-09-29 00:00:00,P1D,fcre,1.6,ensemble,69,Chla_ugL_mean,7.94233234234469
vera4cast,chlorocast_timesfm,2026-10-05 00:00:00,2026-09-29 00:00:00,P1D,fcre,1.6,ensemble,69,Chla_ugL_mean,7.88252901635806
vera4cast,chlorocast_timesfm,2026-10-06 00:00:00,2026-09-29 00:00:00,P1D,fcre,1.6,ensemble,69,Chla_ugL_mean,7.94638811395595
vera4cast,chlorocast_timesfm,2026-10-07 00:00:00,2026-09-29 00:00:00,P1D,fcre,1.6,ensemble,69,Chla_ugL_mean,7.8151116859949
vera4cast,chlorocast_timesfm,2026-10-08 00:00:00,2026-09-29 00:00:00,P1D,fcre,1.6,ensemble,69,Chla_ugL_mean,7.871604267674
vera4cast,chlorocast_timesfm,2026-10-09 00:00:00,2026-09-29 00:00:00,P1D,fcre,1.6,ensemble,69,Chla_ugL_mean,7.89586462231208
vera4cast,chlorocast_timesfm,2026-10-10 00:00:00,2026-09-29 00:00:00,P1D,fcre,1.6,ensemble,69,Chla_ugL_mean,7.84017708305319
vera4cast,chlorocast_timesfm,2026-10-11 00:00:00,2026-09-29 00:00:00,P1D,fcre,1.6,ensemble,69,Chla_ugL_mean,7.77330320193787
vera4cast,chlorocast_timesfm,2026-10-12 00:00:00,2026-09-29 00:00:00,P1D,fcre,1.6,ensemble,69,Chla_ugL_mean,7.81205697591534
vera4cast,chlorocast_timesfm,2026-10-13 00:00:00,2026-09-29 00:00:00,P1D,fcre,1.6,ensemble,69,Chla_ugL_mean,7.93496379313679
vera4cast,chlorocast_timesfm,2026-10-14 00:00:00,2026-09-29 00:00:00,P1D,fcre,1.6,ensemble,69,Chla_ugL_mean,8.13098579817317
vera4cast,chlorocast_timesfm,2026-10-15 00:00:00,2026-09-29 00:00:00,P1D,fcre,1.6,ensemble,69,Chla_ugL_mean,8.14326982060349
vera4cast,chlorocast_timesfm,2026-10-16 00:00:00,2026-09-29 00:00:00,P1D,fcre,1.6,ensemble,69,Chla_ugL_mean,8.17955956374859
vera4cast,chlorocast_timesfm,2026-10-17 00:00:00,2026-09-29 00:00:00,P1D,fcre,1.6,ensemble,69,Chla_ugL_mean,8.25627599358805
vera4cast,chlorocast_timesfm,2026-10-18 00:00:00,2026-09-29 00:00:00,P1D,fcre,1.6,ensemble,69,Chla_ugL_mean,8.30436098401691
vera4cast,chlorocast_timesfm,2026-10-19 00:00:00,2026-09-29 00:00:00,P1D,fcre,1.6,ensemble,69,Chla_ugL_mean,8.38374903582396
vera4cast,chlorocast_timesfm,2026-10-20 00:00:00,2026-09-29 00:00:00,P1D,fcre,1.6,ensemble,69,Chla_ugL_mean,8.36084266116512
vera4cast,chlorocast_timesfm,2026-10-21 00:00:00,2026-09-29 00:00:00,P1D,fcre,1.6,ensemble,69,Chla_ugL_mean,8.41783142402145
vera4cast,chlorocast_timesfm,2026-10-22 00:00:00,2026-09-29 00:00:00,P1D,fcre,1.6,ensemble,69,Chla_ugL_mean,8.39571471246883
vera4cast,chlorocast_timesfm,2026-10-23 00:00:00,2026-09-29 00:00:00,P1D,fcre,1.6,ensemble,69,Chla_ugL_mean,8.28491189357407
vera4cast,chlorocast_timesfm,2026-10-24 00:00:00,2026-09-29 00:00:00,P1D,fcre,1.6,ensemble,69,Chla_ugL_mean,8.25586340715407
vera4cast,chlorocast_timesfm,2026-10-25 00:00:00,2026-09-29 00:00:00,P1D,fcre,1.6,ensemble,69,Chla_ugL_mean,8.32341095418952
vera4cast,chlorocast_timesfm,2026-10-26 00:00:00,2026-09-29 00:00:00,P1D,fcre,1.6,ensemble,69,Chla_ugL_mean,8.29125866882288
vera4cast,chlorocast_timesfm,2026-10-27 00:00:00,2026-09-29 00:00:00,P1D,fcre,1.6,ensemble,69,Chla_ugL_mean,8.34927333028837
vera4cast,chlorocast_timesfm,2026-10-28 00:00:00,2026-09-29 00:00:00,P1D,fcre,1.6,ensemble,69,Chla_ugL_mean,8.3359706039624
vera4cast,chlorocast_timesfm,2026-10-29 00:00:00,2026-09-29 00:00:00,P1D,fcre,1.6,ensemble,69,Chla_ugL_mean,8.3632136924826
vera4cast,chlorocast_timesfm,2026-10-30 00:00:00,2026-09-29 00:00:00,P1D,fcre,1.6,ensemble,69,Chla_ugL_mean,8.25368188974588
vera4cast,chlorocast_timesfm,2026-10-31 00:00:00,2026-09-29 00:00:00,P1D,fcre,1.6,ensemble,69,Chla_ugL_mean,8.41860161162256
vera4cast,chlorocast_timesfm,2026-11-01 00:00:00,2026-09-29 00:00:00,P1D,fcre,1.6,ensemble,69,Chla_ugL_mean,8.44942880249724
vera4cast,chlorocast_timesfm,2026-11-02 00:00:00,2026-09-29 00:00:00,P1D,fcre,1.6,ensemble,69,Chla_ugL_mean,8.52632084413336
vera4cast,chlorocast_timesfm,2026-11-03 00:00:00,2026-09-29 00:00:00,P1D,fcre,1.6,ensemble,69,Chla_ugL_mean,8.47962249464456
vera4cast,chlorocast_timesfm,2026-09-30 00:00:00,2026-09-29 00:00:00,P1D,fcre,1.6,ensemble,70,Chla_ugL_mean,7.96901133886061
vera4cast,chlorocast_timesfm,2026-10-01 00:00:00,2026-09-29 00:00:00,P1D,fcre,1.6,ensemble,70,Chla_ugL_mean,7.94551270036942
vera4cast,chlorocast_timesfm,2026-10-02 00:00:00,2026-09-29 00:00:00,P1D,fcre,1.6,ensemble,70,Chla_ugL_mean,7.8702609162886
vera4cast,chlorocast_timesfm,2026-10-03 00:00:00,2026-09-29 00:00:00,P1D,fcre,1.6,ensemble,70,Chla_ugL_mean,8.0377098574368
vera4cast,chlorocast_timesfm,2026-10-04 00:00:00,2026-09-29 00:00:00,P1D,fcre,1.6,ensemble,70,Chla_ugL_mean,8.01965414356795
vera4cast,chlorocast_timesfm,2026-10-05 00:00:00,2026-09-29 00:00:00,P1D,fcre,1.6,ensemble,70,Chla_ugL_mean,7.9618858792155
vera4cast,chlorocast_timesfm,2026-10-06 00:00:00,2026-09-29 00:00:00,P1D,fcre,1.6,ensemble,70,Chla_ugL_mean,8.02292769470514
vera4cast,chlorocast_timesfm,2026-10-07 00:00:00,2026-09-29 00:00:00,P1D,fcre,1.6,ensemble,70,Chla_ugL_mean,7.89324706483772
vera4cast,chlorocast_timesfm,2026-10-08 00:00:00,2026-09-29 00:00:00,P1D,fcre,1.6,ensemble,70,Chla_ugL_mean,7.95105709652892
vera4cast,chlorocast_timesfm,2026-10-09 00:00:00,2026-09-29 00:00:00,P1D,fcre,1.6,ensemble,70,Chla_ugL_mean,7.97689857812437
vera4cast,chlorocast_timesfm,2026-10-10 00:00:00,2026-09-29 00:00:00,P1D,fcre,1.6,ensemble,70,Chla_ugL_mean,7.9270461030471
vera4cast,chlorocast_timesfm,2026-10-11 00:00:00,2026-09-29 00:00:00,P1D,fcre,1.6,ensemble,70,Chla_ugL_mean,7.86031236427206
vera4cast,chlorocast_timesfm,2026-10-12 00:00:00,2026-09-29 00:00:00,P1D,fcre,1.6,ensemble,70,Chla_ugL_mean,7.89652299052718
vera4cast,chlorocast_timesfm,2026-10-13 00:00:00,2026-09-29 00:00:00,P1D,fcre,1.6,ensemble,70,Chla_ugL_mean,8.0237519034509
vera4cast,chlorocast_timesfm,2026-10-14 00:00:00,2026-09-29 00:00:00,P1D,fcre,1.6,ensemble,70,Chla_ugL_mean,8.22686427993358
vera4cast,chlorocast_timesfm,2026-10-15 00:00:00,2026-09-29 00:00:00,P1D,fcre,1.6,ensemble,70,Chla_ugL_mean,8.23360849477892
vera4cast,chlorocast_timesfm,2026-10-16 00:00:00,2026-09-29 00:00:00,P1D,fcre,1.6,ensemble,70,Chla_ugL_mean,8.27027545216743
vera4cast,chlorocast_timesfm,2026-10-17 00:00:00,2026-09-29 00:00:00,P1D,fcre,1.6,ensemble,70,Chla_ugL_mean,8.35219208141434
vera4cast,chlorocast_timesfm,2026-10-18 00:00:00,2026-09-29 00:00:00,P1D,fcre,1.6,ensemble,70,Chla_ugL_mean,8.39948931783603
vera4cast,chlorocast_timesfm,2026-10-19 00:00:00,2026-09-29 00:00:00,P1D,fcre,1.6,ensemble,70,Chla_ugL_mean,8.48200556057716
vera4cast,chlorocast_timesfm,2026-10-20 00:00:00,2026-09-29 00:00:00,P1D,fcre,1.6,ensemble,70,Chla_ugL_mean,8.45381420470856
vera4cast,chlorocast_timesfm,2026-10-21 00:00:00,2026-09-29 00:00:00,P1D,fcre,1.6,ensemble,70,Chla_ugL_mean,8.51680511689977
vera4cast,chlorocast_timesfm,2026-10-22 00:00:00,2026-09-29 00:00:00,P1D,fcre,1.6,ensemble,70,Chla_ugL_mean,8.49781747335444
vera4cast,chlorocast_timesfm,2026-10-23 00:00:00,2026-09-29 00:00:00,P1D,fcre,1.6,ensemble,70,Chla_ugL_mean,8.38755718658671
vera4cast,chlorocast_timesfm,2026-10-24 00:00:00,2026-09-29 00:00:00,P1D,fcre,1.6,ensemble,70,Chla_ugL_mean,8.36000418162769
vera4cast,chlorocast_timesfm,2026-10-25 00:00:00,2026-09-29 00:00:00,P1D,fcre,1.6,ensemble,70,Chla_ugL_mean,8.41540190259335
vera4cast,chlorocast_timesfm,2026-10-26 00:00:00,2026-09-29 00:00:00,P1D,fcre,1.6,ensemble,70,Chla_ugL_mean,8.39297396824259
vera4cast,chlorocast_timesfm,2026-10-27 00:00:00,2026-09-29 00:00:00,P1D,fcre,1.6,ensemble,70,Chla_ugL_mean,8.45310852481564
vera4cast,chlorocast_timesfm,2026-10-28 00:00:00,2026-09-29 00:00:00,P1D,fcre,1.6,ensemble,70,Chla_ugL_mean,8.44014471552191
vera4cast,chlorocast_timesfm,2026-10-29 00:00:00,2026-09-29 00:00:00,P1D,fcre,1.6,ensemble,70,Chla_ugL_mean,8.46929266348176
vera4cast,chlorocast_timesfm,2026-10-30 00:00:00,2026-09-29 00:00:00,P1D,fcre,1.6,ensemble,70,Chla_ugL_mean,8.35119680920386
vera4cast,chlorocast_timesfm,2026-10-31 00:00:00,2026-09-29 00:00:00,P1D,fcre,1.6,ensemble,70,Chla_ugL_mean,8.52217415563068
vera4cast,chlorocast_timesfm,2026-11-01 00:00:00,2026-09-29 00:00:00,P1D,fcre,1.6,ensemble,70,Chla_ugL_mean,8.55004798086926
vera4cast,chlorocast_timesfm,2026-11-02 00:00:00,2026-09-29 00:00:00,P1D,fcre,1.6,ensemble,70,Chla_ugL_mean,8.62349252294316
vera4cast,chlorocast_timesfm,2026-11-03 00:00:00,2026-09-29 00:00:00,P1D,fcre,1.6,ensemble,70,Chla_ugL_mean,8.57724044116292
vera4cast,chlorocast_timesfm,2026-09-30 00:00:00,2026-09-29 00:00:00,P1D,fcre,1.6,ensemble,71,Chla_ugL_mean,8.04099637409335
vera4cast,chlorocast_timesfm,2026-10-01 00:00:00,2026-09-29 00:00:00,P1D,fcre,1.6,ensemble,71,Chla_ugL_mean,8.02171630720724
vera4cast,chlorocast_timesfm,2026-10-02 00:00:00,2026-09-29 00:00:00,P1D,fcre,1.6,ensemble,71,Chla_ugL_mean,7.94718474970252
vera4cast,chlorocast_timesfm,2026-10-03 00:00:00,2026-09-29 00:00:00,P1D,fcre,1.6,ensemble,71,Chla_ugL_mean,8.11586586263019
vera4cast,chlorocast_timesfm,2026-10-04 00:00:00,2026-09-29 00:00:00,P1D,fcre,1.6,ensemble,71,Chla_ugL_mean,8.09764452438717
vera4cast,chlorocast_timesfm,2026-10-05 00:00:00,2026-09-29 00:00:00,P1D,fcre,1.6,ensemble,71,Chla_ugL_mean,8.04195171940034
vera4cast,chlorocast_timesfm,2026-10-06 00:00:00,2026-09-29 00:00:00,P1D,fcre,1.6,ensemble,71,Chla_ugL_mean,8.10012209920516
vera4cast,chlorocast_timesfm,2026-10-07 00:00:00,2026-09-29 00:00:00,P1D,fcre,1.6,ensemble,71,Chla_ugL_mean,7.97207501997956
vera4cast,chlorocast_timesfm,2026-10-08 00:00:00,2026-09-29 00:00:00,P1D,fcre,1.6,ensemble,71,Chla_ugL_mean,8.03122149364393
vera4cast,chlorocast_timesfm,2026-10-09 00:00:00,2026-09-29 00:00:00,P1D,fcre,1.6,ensemble,71,Chla_ugL_mean,8.05867068613134
vera4cast,chlorocast_timesfm,2026-10-10 00:00:00,2026-09-29 00:00:00,P1D,fcre,1.6,ensemble,71,Chla_ugL_mean,8.01476875148802
vera4cast,chlorocast_timesfm,2026-10-11 00:00:00,2026-09-29 00:00:00,P1D,fcre,1.6,ensemble,71,Chla_ugL_mean,7.94818443925793
vera4cast,chlorocast_timesfm,2026-10-12 00:00:00,2026-09-29 00:00:00,P1D,fcre,1.6,ensemble,71,Chla_ugL_mean,7.98179863535861
vera4cast,chlorocast_timesfm,2026-10-13 00:00:00,2026-09-29 00:00:00,P1D,fcre,1.6,ensemble,71,Chla_ugL_mean,8.11342231488181
vera4cast,chlorocast_timesfm,2026-10-14 00:00:00,2026-09-29 00:00:00,P1D,fcre,1.6,ensemble,71,Chla_ugL_mean,8.32374951862779
vera4cast,chlorocast_timesfm,2026-10-15 00:00:00,2026-09-29 00:00:00,P1D,fcre,1.6,ensemble,71,Chla_ugL_mean,8.32483974635958
vera4cast,chlorocast_timesfm,2026-10-16 00:00:00,2026-09-29 00:00:00,P1D,fcre,1.6,ensemble,71,Chla_ugL_mean,8.36188782939429
vera4cast,chlorocast_timesfm,2026-10-17 00:00:00,2026-09-29 00:00:00,P1D,fcre,1.6,ensemble,71,Chla_ugL_mean,8.44910207822846
vera4cast,chlorocast_timesfm,2026-10-18 00:00:00,2026-09-29 00:00:00,P1D,fcre,1.6,ensemble,71,Chla_ugL_mean,8.4955902493339
vera4cast,chlorocast_timesfm,2026-10-19 00:00:00,2026-09-29 00:00:00,P1D,fcre,1.6,ensemble,71,Chla_ugL_mean,8.58129092195203
vera4cast,chlorocast_timesfm,2026-10-20 00:00:00,2026-09-29 00:00:00,P1D,fcre,1.6,ensemble,71,Chla_ugL_mean,8.54770913818832
vera4cast,chlorocast_timesfm,2026-10-21 00:00:00,2026-09-29 00:00:00,P1D,fcre,1.6,ensemble,71,Chla_ugL_mean,8.61681894220785
vera4cast,chlorocast_timesfm,2026-10-22 00:00:00,2026-09-29 00:00:00,P1D,fcre,1.6,ensemble,71,Chla_ugL_mean,8.60102977982542
vera4cast,chlorocast_timesfm,2026-10-23 00:00:00,2026-09-29 00:00:00,P1D,fcre,1.6,ensemble,71,Chla_ugL_mean,8.49133722985853
vera4cast,chlorocast_timesfm,2026-10-24 00:00:00,2026-09-29 00:00:00,P1D,fcre,1.6,ensemble,71,Chla_ugL_mean,8.46531667833087
vera4cast,chlorocast_timesfm,2026-10-25 00:00:00,2026-09-29 00:00:00,P1D,fcre,1.6,ensemble,71,Chla_ugL_mean,8.50830049462995
vera4cast,chlorocast_timesfm,2026-10-26 00:00:00,2026-09-29 00:00:00,P1D,fcre,1.6,ensemble,71,Chla_ugL_mean,8.49580278763895
vera4cast,chlorocast_timesfm,2026-10-27 00:00:00,2026-09-29 00:00:00,P1D,fcre,1.6,ensemble,71,Chla_ugL_mean,8.55809693705745
vera4cast,chlorocast_timesfm,2026-10-28 00:00:00,2026-09-29 00:00:00,P1D,fcre,1.6,ensemble,71,Chla_ugL_mean,8.5454812392161
vera4cast,chlorocast_timesfm,2026-10-29 00:00:00,2026-09-29 00:00:00,P1D,fcre,1.6,ensemble,71,Chla_ugL_mean,8.57657343852574
vera4cast,chlorocast_timesfm,2026-10-30 00:00:00,2026-09-29 00:00:00,P1D,fcre,1.6,ensemble,71,Chla_ugL_mean,8.44973933687554
vera4cast,chlorocast_timesfm,2026-10-31 00:00:00,2026-09-29 00:00:00,P1D,fcre,1.6,ensemble,71,Chla_ugL_mean,8.6268856449212
vera4cast,chlorocast_timesfm,2026-11-01 00:00:00,2026-09-29 00:00:00,P1D,fcre,1.6,ensemble,71,Chla_ugL_mean,8.65173856993371
vera4cast,chlorocast_timesfm,2026-11-02 00:00:00,2026-09-29 00:00:00,P1D,fcre,1.6,ensemble,71,Chla_ugL_mean,8.72165538558113
vera4cast,chlorocast_timesfm,2026-11-03 00:00:00,2026-09-29 00:00:00,P1D,fcre,1.6,ensemble,71,Chla_ugL_mean,8.67586362428094
vera4cast,chlorocast_timesfm,2026-09-30 00:00:00,2026-09-29 00:00:00,P1D,fcre,1.6,ensemble,72,Chla_ugL_mean,8.11355915921419
vera4cast,chlorocast_timesfm,2026-10-01 00:00:00,2026-09-29 00:00:00,P1D,fcre,1.6,ensemble,72,Chla_ugL_mean,8.098569065177
vera4cast,chlorocast_timesfm,2026-10-02 00:00:00,2026-09-29 00:00:00,P1D,fcre,1.6,ensemble,72,Chla_ugL_mean,8.02477567467134
vera4cast,chlorocast_timesfm,2026-10-03 00:00:00,2026-09-29 00:00:00,P1D,fcre,1.6,ensemble,72,Chla_ugL_mean,8.19469774271269
vera4cast,chlorocast_timesfm,2026-10-04 00:00:00,2026-09-29 00:00:00,P1D,fcre,1.6,ensemble,72,Chla_ugL_mean,8.17630926581972
vera4cast,chlorocast_timesfm,2026-10-05 00:00:00,2026-09-29 00:00:00,P1D,fcre,1.6,ensemble,72,Chla_ugL_mean,8.12273287094386
vera4cast,chlorocast_timesfm,2026-10-06 00:00:00,2026-09-29 00:00:00,P1D,fcre,1.6,ensemble,72,Chla_ugL_mean,8.17797692970966
vera4cast,chlorocast_timesfm,2026-10-07 00:00:00,2026-09-29 00:00:00,P1D,fcre,1.6,ensemble,72,Chla_ugL_mean,8.05160169027758
vera4cast,chlorocast_timesfm,2026-10-08 00:00:00,2026-09-29 00:00:00,P1D,fcre,1.6,ensemble,72,Chla_ugL_mean,8.1121038317234
vera4cast,chlorocast_timesfm,2026-10-09 00:00:00,2026-09-29 00:00:00,P1D,fcre,1.6,ensemble,72,Chla_ugL_mean,8.14118767028787
vera4cast,chlorocast_timesfm,2026-10-10 00:00:00,2026-09-29 00:00:00,P1D,fcre,1.6,ensemble,72,Chla_ugL_mean,8.10335341665436
vera4cast,chlorocast_timesfm,2026-10-11 00:00:00,2026-09-29 00:00:00,P1D,fcre,1.6,ensemble,72,Chla_ugL_mean,8.03692798482462
vera4cast,chlorocast_timesfm,2026-10-12 00:00:00,2026-09-29 00:00:00,P1D,fcre,1.6,ensemble,72,Chla_ugL_mean,8.06789167094024
vera4cast,chlorocast_timesfm,2026-10-13 00:00:00,2026-09-29 00:00:00,P1D,fcre,1.6,ensemble,72,Chla_ugL_mean,8.20398379499149
vera4cast,chlorocast_timesfm,2026-10-14 00:00:00,2026-09-29 00:00:00,P1D,fcre,1.6,ensemble,72,Chla_ugL_mean,8.42165208554879
vera4cast,chlorocast_timesfm,2026-10-15 00:00:00,2026-09-29 00:00:00,P1D,fcre,1.6,ensemble,72,Chla_ugL_mean,8.41697239431953
vera4cast,chlorocast_timesfm,2026-10-16 00:00:00,2026-09-29 00:00:00,P1D,fcre,1.6,ensemble,72,Chla_ugL_mean,8.45440555487154
vera4cast,chlorocast_timesfm,2026-10-17 00:00:00,2026-09-29 00:00:00,P1D,fcre,1.6,ensemble,72,Chla_ugL_mean,8.5470162831898
vera4cast,chlorocast_timesfm,2026-10-18 00:00:00,2026-09-29 00:00:00,P1D,fcre,1.6,ensemble,72,Chla_ugL_mean,8.59267372240636
vera4cast,chlorocast_timesfm,2026-10-19 00:00:00,2026-09-29 00:00:00,P1D,fcre,1.6,ensemble,72,Chla_ugL_mean,8.68161589281882
vera4cast,chlorocast_timesfm,2026-10-20 00:00:00,2026-09-29 00:00:00,P1D,fcre,1.6,ensemble,72,Chla_ugL_mean,8.64253663267915
vera4cast,chlorocast_timesfm,2026-10-21 00:00:00,2026-09-29 00:00:00,P1D,fcre,1.6,ensemble,72,Chla_ugL_mean,8.71788383088538
vera4cast,chlorocast_timesfm,2026-10-22 00:00:00,2026-09-29 00:00:00,P1D,fcre,1.6,ensemble,72,Chla_ugL_mean,8.705363689258
vera4cast,chlorocast_timesfm,2026-10-23 00:00:00,2026-09-29 00:00:00,P1D,fcre,1.6,ensemble,72,Chla_ugL_mean,8.596264568126
vera4cast,chlorocast_timesfm,2026-10-24 00:00:00,2026-09-29 00:00:00,P1D,fcre,1.6,ensemble,72,Chla_ugL_mean,8.57181408069719
vera4cast,chlorocast_timesfm,2026-10-25 00:00:00,2026-09-29 00:00:00,P1D,fcre,1.6,ensemble,72,Chla_ugL_mean,8.60211568571262
vera4cast,chlorocast_timesfm,2026-10-26 00:00:00,2026-09-29 00:00:00,P1D,fcre,1.6,ensemble,72,Chla_ugL_mean,8.59975731718146
vera4cast,chlorocast_timesfm,2026-10-27 00:00:00,2026-09-29 00:00:00,P1D,fcre,1.6,ensemble,72,Chla_ugL_mean,8.66425137491677
vera4cast,chlorocast_timesfm,2026-10-28 00:00:00,2026-09-29 00:00:00,P1D,fcre,1.6,ensemble,72,Chla_ugL_mean,8.65199314565691
vera4cast,chlorocast_timesfm,2026-10-29 00:00:00,2026-09-29 00:00:00,P1D,fcre,1.6,ensemble,72,Chla_ugL_mean,8.68506963325344
vera4cast,chlorocast_timesfm,2026-10-30 00:00:00,2026-09-29 00:00:00,P1D,fcre,1.6,ensemble,72,Chla_ugL_mean,8.54932030165405
vera4cast,chlorocast_timesfm,2026-10-31 00:00:00,2026-09-29 00:00:00,P1D,fcre,1.6,ensemble,72,Chla_ugL_mean,8.73274860401371
vera4cast,chlorocast_timesfm,2026-11-01 00:00:00,2026-09-29 00:00:00,P1D,fcre,1.6,ensemble,72,Chla_ugL_mean,8.7545119782599
vera4cast,chlorocast_timesfm,2026-11-02 00:00:00,2026-09-29 00:00:00,P1D,fcre,1.6,ensemble,72,Chla_ugL_mean,8.82081954245591
vera4cast,chlorocast_timesfm,2026-11-03 00:00:00,2026-09-29 00:00:00,P1D,fcre,1.6,ensemble,72,Chla_ugL_mean,8.77550239558515
vera4cast,chlorocast_timesfm,2026-09-30 00:00:00,2026-09-29 00:00:00,P1D,fcre,1.6,ensemble,73,Chla_ugL_mean,8.18670433122765
vera4cast,chlorocast_timesfm,2026-10-01 00:00:00,2026-09-29 00:00:00,P1D,fcre,1.6,ensemble,73,Chla_ugL_mean,8.1760765041638
vera4cast,chlorocast_timesfm,2026-10-02 00:00:00,2026-09-29 00:00:00,P1D,fcre,1.6,ensemble,73,Chla_ugL_mean,8.10303947628304
vera4cast,chlorocast_timesfm,2026-10-03 00:00:00,2026-09-29 00:00:00,P1D,fcre,1.6,ensemble,73,Chla_ugL_mean,8.27421134249259
vera4cast,chlorocast_timesfm,2026-10-04 00:00:00,2026-09-29 00:00:00,P1D,fcre,1.6,ensemble,73,Chla_ugL_mean,8.2556541988698
vera4cast,chlorocast_timesfm,2026-10-05 00:00:00,2026-09-29 00:00:00,P1D,fcre,1.6,ensemble,73,Chla_ugL_mean,8.20423572446579
vera4cast,chlorocast_timesfm,2026-10-06 00:00:00,2026-09-29 00:00:00,P1D,fcre,1.6,ensemble,73,Chla_ugL_mean,8.25649783640159
vera4cast,chlorocast_timesfm,2026-10-07 00:00:00,2026-09-29 00:00:00,P1D,fcre,1.6,ensemble,73,Chla_ugL_mean,8.13183326900253
vera4cast,chlorocast_timesfm,2026-10-08 00:00:00,2026-09-29 00:00:00,P1D,fcre,1.6,ensemble,73,Chla_ugL_mean,8.19371054054473
vera4cast,chlorocast_timesfm,2026-10-09 00:00:00,2026-09-29 00:00:00,P1D,fcre,1.6,ensemble,73,Chla_ugL_mean,8.2244563157985
vera4cast,chlorocast_timesfm,2026-10-10 00:00:00,2026-09-29 00:00:00,P1D,fcre,1.6,ensemble,73,Chla_ugL_mean,8.19280856925294
vera4cast,chlorocast_timesfm,2026-10-11 00:00:00,2026-09-29 00:00:00,P1D,fcre,1.6,ensemble,73,Chla_ugL_mean,8.12655164377446
vera4cast,chlorocast_timesfm,2026-10-12 00:00:00,2026-09-29 00:00:00,P1D,fcre,1.6,ensemble,73,Chla_ugL_mean,8.15480993218953
vera4cast,chlorocast_timesfm,2026-10-13 00:00:00,2026-09-29 00:00:00,P1D,fcre,1.6,ensemble,73,Chla_ugL_mean,8.29544519846654
vera4cast,chlorocast_timesfm,2026-10-14 00:00:00,2026-09-29 00:00:00,P1D,fcre,1.6,ensemble,73,Chla_ugL_mean,8.5205826629918
vera4cast,chlorocast_timesfm,2026-10-15 00:00:00,2026-09-29 00:00:00,P1D,fcre,1.6,ensemble,73,Chla_ugL_mean,8.51001534476735
vera4cast,chlorocast_timesfm,2026-10-16 00:00:00,2026-09-29 00:00:00,P1D,fcre,1.6,ensemble,73,Chla_ugL_mean,8.54783757559388
vera4cast,chlorocast_timesfm,2026-10-17 00:00:00,2026-09-29 00:00:00,P1D,fcre,1.6,ensemble,73,Chla_ugL_mean,8.64594510218047
vera4cast,chlorocast_timesfm,2026-10-18 00:00:00,2026-09-29 00:00:00,P1D,fcre,1.6,ensemble,73,Chla_ugL_mean,8.69074978261625
vera4cast,chlorocast_timesfm,2026-10-19 00:00:00,2026-09-29 00:00:00,P1D,fcre,1.6,ensemble,73,Chla_ugL_mean,8.78299135884973
vera4cast,chlorocast_timesfm,2026-10-20 00:00:00,2026-09-29 00:00:00,P1D,fcre,1.6,ensemble,73,Chla_ugL_mean,8.73830595034256
vera4cast,chlorocast_timesfm,2026-10-21 00:00:00,2026-09-29 00:00:00,P1D,fcre,1.6,ensemble,73,Chla_ugL_mean,8.82001082874734
vera4cast,chlorocast_timesfm,2026-10-22 00:00:00,2026-09-29 00:00:00,P1D,fcre,1.6,ensemble,73,Chla_ugL_mean,8.81083139005539
vera4cast,chlorocast_timesfm,2026-10-23 00:00:00,2026-09-29 00:00:00,P1D,fcre,1.6,ensemble,73,Chla_ugL_mean,8.70235188480844
vera4cast,chlorocast_timesfm,2026-10-24 00:00:00,2026-09-29 00:00:00,P1D,fcre,1.6,ensemble,73,Chla_ugL_mean,8.6795097204914
vera4cast,chlorocast_timesfm,2026-10-25 00:00:00,2026-09-29 00:00:00,P1D,fcre,1.6,ensemble,73,Chla_ugL_mean,8.69685651961473
vera4cast,chlorocast_timesfm,2026-10-26 00:00:00,2026-09-29 00:00:00,P1D,fcre,1.6,ensemble,73,Chla_ugL_mean,8.70484988049046
vera4cast,chlorocast_timesfm,2026-10-27 00:00:00,2026-09-29 00:00:00,P1D,fcre,1.6,ensemble,73,Chla_ugL_mean,8.77158478854412
vera4cast,chlorocast_timesfm,2026-10-28 00:00:00,2026-09-29 00:00:00,P1D,fcre,1.6,ensemble,73,Chla_ugL_mean,8.75969355018694
vera4cast,chlorocast_timesfm,2026-10-29 00:00:00,2026-09-29 00:00:00,P1D,fcre,1.6,ensemble,73,Chla_ugL_mean,8.79479501755985
vera4cast,chlorocast_timesfm,2026-10-30 00:00:00,2026-09-29 00:00:00,P1D,fcre,1.6,ensemble,73,Chla_ugL_mean,8.64995064654694
vera4cast,chlorocast_timesfm,2026-10-31 00:00:00,2026-09-29 00:00:00,P1D,fcre,1.6,ensemble,73,Chla_ugL_mean,8.83977569515485
vera4cast,chlorocast_timesfm,2026-11-01 00:00:00,2026-09-29 00:00:00,P1D,fcre,1.6,ensemble,73,Chla_ugL_mean,8.85837973589761
vera4cast,chlorocast_timesfm,2026-11-02 00:00:00,2026-09-29 00:00:00,P1D,fcre,1.6,ensemble,73,Chla_ugL_mean,8.92099520710573
vera4cast,chlorocast_timesfm,2026-11-03 00:00:00,2026-09-29 00:00:00,P1D,fcre,1.6,ensemble,73,Chla_ugL_mean,8.87616721325922
vera4cast,chlorocast_timesfm,2026-09-30 00:00:00,2026-09-29 00:00:00,P1D,fcre,1.6,ensemble,74,Chla_ugL_mean,8.26043656435471
vera4cast,chlorocast_timesfm,2026-10-01 00:00:00,2026-09-29 00:00:00,P1D,fcre,1.6,ensemble,74,Chla_ugL_mean,8.25424420115989
vera4cast,chlorocast_timesfm,2026-10-02 00:00:00,2026-09-29 00:00:00,P1D,fcre,1.6,ensemble,74,Chla_ugL_mean,8.18198198979446
vera4cast,chlorocast_timesfm,2026-10-03 00:00:00,2026-09-29 00:00:00,P1D,fcre,1.6,ensemble,74,Chla_ugL_mean,8.35441255732269
vera4cast,chlorocast_timesfm,2026-10-04 00:00:00,2026-09-29 00:00:00,P1D,fcre,1.6,ensemble,74,Chla_ugL_mean,8.3356852049606
vera4cast,chlorocast_timesfm,2026-10-05 00:00:00,2026-09-29 00:00:00,P1D,fcre,1.6,ensemble,74,Chla_ugL_mean,8.28646672767995
vera4cast,chlorocast_timesfm,2026-10-06 00:00:00,2026-09-29 00:00:00,P1D,fcre,1.6,ensemble,74,Chla_ugL_mean,8.33569051780323
vera4cast,chlorocast_timesfm,2026-10-07 00:00:00,2026-09-29 00:00:00,P1D,fcre,1.6,ensemble,74,Chla_ugL_mean,8.21277600432108
vera4cast,chlorocast_timesfm,2026-10-08 00:00:00,2026-09-29 00:00:00,P1D,fcre,1.6,ensemble,74,Chla_ugL_mean,8.27604810746948
vera4cast,chlorocast_timesfm,2026-10-09 00:00:00,2026-09-29 00:00:00,P1D,fcre,1.6,ensemble,74,Chla_ugL_mean,8.30848346967536
vera4cast,chlorocast_timesfm,2026-10-10 00:00:00,2026-09-29 00:00:00,P1D,fcre,1.6,ensemble,74,Chla_ugL_mean,8.28314276322893
vera4cast,chlorocast_timesfm,2026-10-11 00:00:00,2026-09-29 00:00:00,P1D,fcre,1.6,ensemble,74,Chla_ugL_mean,8.21706414462465
vera4cast,chlorocast_timesfm,2026-10-12 00:00:00,2026-09-29 00:00:00,P1D,fcre,1.6,ensemble,74,Chla_ugL_mean,8.2425613291238
vera4cast,chlorocast_timesfm,2026-10-13 00:00:00,2026-09-29 00:00:00,P1D,fcre,1.6,ensemble,74,Chla_ugL_mean,8.38781546798394
vera4cast,chlorocast_timesfm,2026-10-14 00:00:00,2026-09-29 00:00:00,P1D,fcre,1.6,ensemble,74,Chla_ugL_mean,8.62055204541979
vera4cast,chlorocast_timesfm,2026-10-15 00:00:00,2026-09-29 00:00:00,P1D,fcre,1.6,ensemble,74,Chla_ugL_mean,8.60397759180706
vera4cast,chlorocast_timesfm,2026-10-16 00:00:00,2026-09-29 00:00:00,P1D,fcre,1.6,ensemble,74,Chla_ugL_mean,8.64219292697361
vera4cast,chlorocast_timesfm,2026-10-17 00:00:00,2026-09-29 00:00:00,P1D,fcre,1.6,ensemble,74,Chla_ugL_mean,8.74589904891123
vera4cast,chlorocast_timesfm,2026-10-18 00:00:00,2026-09-29 00:00:00,P1D,fcre,1.6,ensemble,74,Chla_ugL_mean,8.78982857823283
vera4cast,chlorocast_timesfm,2026-10-19 00:00:00,2026-09-29 00:00:00,P1D,fcre,1.6,ensemble,74,Chla_ugL_mean,8.88542831969997
vera4cast,chlorocast_timesfm,2026-10-20 00:00:00,2026-09-29 00:00:00,P1D,fcre,1.6,ensemble,74,Chla_ugL_mean,8.83502644533152
vera4cast,chlorocast_timesfm,2026-10-21 00:00:00,2026-09-29 00:00:00,P1D,fcre,1.6,ensemble,74,Chla_ugL_mean,8.92321109769113
vera4cast,chlorocast_timesfm,2026-10-22 00:00:00,2026-09-29 00:00:00,P1D,fcre,1.6,ensemble,74,Chla_ugL_mean,8.9174452030715
vera4cast,chlorocast_timesfm,2026-10-23 00:00:00,2026-09-29 00:00:00,P1D,fcre,1.6,ensemble,74,Chla_ugL_mean,8.8096120035412
vera4cast,chlorocast_timesfm,2026-10-24 00:00:00,2026-09-29 00:00:00,P1D,fcre,1.6,ensemble,74,Chla_ugL_mean,8.78841707947832
vera4cast,chlorocast_timesfm,2026-10-25 00:00:00,2026-09-29 00:00:00,P1D,fcre,1.6,ensemble,74,Chla_ugL_mean,8.79253212934149
vera4cast,chlorocast_timesfm,2026-10-26 00:00:00,2026-09-29 00:00:00,P1D,fcre,1.6,ensemble,74,Chla_ugL_mean,8.81109293609817
vera4cast,chlorocast_timesfm,2026-10-27 00:00:00,2026-09-29 00:00:00,P1D,fcre,1.6,ensemble,74,Chla_ugL_mean,8.88011027191737
vera4cast,chlorocast_timesfm,2026-10-28 00:00:00,2026-09-29 00:00:00,P1D,fcre,1.6,ensemble,74,Chla_ugL_mean,8.86859571449455
vera4cast,chlorocast_timesfm,2026-10-29 00:00:00,2026-09-29 00:00:00,P1D,fcre,1.6,ensemble,74,Chla_ugL_mean,8.90576351734369
vera4cast,chlorocast_timesfm,2026-10-30 00:00:00,2026-09-29 00:00:00,P1D,fcre,1.6,ensemble,74,Chla_ugL_mean,8.75164142987874
vera4cast,chlorocast_timesfm,2026-10-31 00:00:00,2026-09-29 00:00:00,P1D,fcre,1.6,ensemble,74,Chla_ugL_mean,8.94797971983287
vera4cast,chlorocast_timesfm,2026-11-01 00:00:00,2026-09-29 00:00:00,P1D,fcre,1.6,ensemble,74,Chla_ugL_mean,8.96335349567061
vera4cast,chlorocast_timesfm,2026-11-02 00:00:00,2026-09-29 00:00:00,P1D,fcre,1.6,ensemble,74,Chla_ugL_mean,9.02219269725032
vera4cast,chlorocast_timesfm,2026-11-03 00:00:00,2026-09-29 00:00:00,P1D,fcre,1.6,ensemble,74,Chla_ugL_mean,8.97786864318167
vera4cast,chlorocast_timesfm,2026-09-30 00:00:00,2026-09-29 00:00:00,P1D,fcre,1.6,ensemble,75,Chla_ugL_mean,8.33476057033152
vera4cast,chlorocast_timesfm,2026-10-01 00:00:00,2026-09-29 00:00:00,P1D,fcre,1.6,ensemble,75,Chla_ugL_mean,8.33307778066588
vera4cast,chlorocast_timesfm,2026-10-02 00:00:00,2026-09-29 00:00:00,P1D,fcre,1.6,ensemble,75,Chla_ugL_mean,8.26160910106641
vera4cast,chlorocast_timesfm,2026-10-03 00:00:00,2026-09-29 00:00:00,P1D,fcre,1.6,ensemble,75,Chla_ugL_mean,8.43530733353744
vera4cast,chlorocast_timesfm,2026-10-04 00:00:00,2026-09-29 00:00:00,P1D,fcre,1.6,ensemble,75,Chla_ugL_mean,8.41640821637036
vera4cast,chlorocast_timesfm,2026-10-05 00:00:00,2026-09-29 00:00:00,P1D,fcre,1.6,ensemble,75,Chla_ugL_mean,8.36943238590426
vera4cast,chlorocast_timesfm,2026-10-06 00:00:00,2026-09-29 00:00:00,P1D,fcre,1.6,ensemble,75,Chla_ugL_mean,8.41556072118979
vera4cast,chlorocast_timesfm,2026-10-07 00:00:00,2026-09-29 00:00:00,P1D,fcre,1.6,ensemble,75,Chla_ugL_mean,8.2944361997824
vera4cast,chlorocast_timesfm,2026-10-08 00:00:00,2026-09-29 00:00:00,P1D,fcre,1.6,ensemble,75,Chla_ugL_mean,8.35912307795911
vera4cast,chlorocast_timesfm,2026-10-09 00:00:00,2026-09-29 00:00:00,P1D,fcre,1.6,ensemble,75,Chla_ugL_mean,8.39327604130119
vera4cast,chlorocast_timesfm,2026-10-10 00:00:00,2026-09-29 00:00:00,P1D,fcre,1.6,ensemble,75,Chla_ugL_mean,8.37436463658384
vera4cast,chlorocast_timesfm,2026-10-11 00:00:00,2026-09-29 00:00:00,P1D,fcre,1.6,ensemble,75,Chla_ugL_mean,8.30847430245746
vera4cast,chlorocast_timesfm,2026-10-12 00:00:00,2026-09-29 00:00:00,P1D,fcre,1.6,ensemble,75,Chla_ugL_mean,8.33115384758009
vera4cast,chlorocast_timesfm,2026-10-13 00:00:00,2026-09-29 00:00:00,P1D,fcre,1.6,ensemble,75,Chla_ugL_mean,8.48110363508543
vera4cast,chlorocast_timesfm,2026-10-14 00:00:00,2026-09-29 00:00:00,P1D,fcre,1.6,ensemble,75,Chla_ugL_mean,8.7215711406413
vera4cast,chlorocast_timesfm,2026-10-15 00:00:00,2026-09-29 00:00:00,P1D,fcre,1.6,ensemble,75,Chla_ugL_mean,8.69886821840756
vera4cast,chlorocast_timesfm,2026-10-16 00:00:00,2026-09-29 00:00:00,P1D,fcre,1.6,ensemble,75,Chla_ugL_mean,8.73748073371442
vera4cast,chlorocast_timesfm,2026-10-17 00:00:00,2026-09-29 00:00:00,P1D,fcre,1.6,ensemble,75,Chla_ugL_mean,8.84688874603878
vera4cast,chlorocast_timesfm,2026-10-18 00:00:00,2026-09-29 00:00:00,P1D,fcre,1.6,ensemble,75,Chla_ugL_mean,8.88992036128187
vera4cast,chlorocast_timesfm,2026-10-19 00:00:00,2026-09-29 00:00:00,P1D,fcre,1.6,ensemble,75,Chla_ugL_mean,8.98893789020131
vera4cast,chlorocast_timesfm,2026-10-20 00:00:00,2026-09-29 00:00:00,P1D,fcre,1.6,ensemble,75,Chla_ugL_mean,8.93270756470407
vera4cast,chlorocast_timesfm,2026-10-21 00:00:00,2026-09-29 00:00:00,P1D,fcre,1.6,ensemble,75,Chla_ugL_mean,9.02749591691657
vera4cast,chlorocast_timesfm,2026-10-22 00:00:00,2026-09-29 00:00:00,P1D,fcre,1.6,ensemble,75,Chla_ugL_mean,9.02521758305039
vera4cast,chlorocast_timesfm,2026-10-23 00:00:00,2026-09-29 00:00:00,P1D,fcre,1.6,ensemble,75,Chla_ugL_mean,8.91805788972572
vera4cast,chlorocast_timesfm,2026-10-24 00:00:00,2026-09-29 00:00:00,P1D,fcre,1.6,ensemble,75,Chla_ugL_mean,8.89854979111058
vera4cast,chlorocast_timesfm,2026-10-25 00:00:00,2026-09-29 00:00:00,P1D,fcre,1.6,ensemble,75,Chla_ugL_mean,8.88915173801039
vera4cast,chlorocast_timesfm,2026-10-26 00:00:00,2026-09-29 00:00:00,P1D,fcre,1.6,ensemble,75,Chla_ugL_mean,8.91849907892556
vera4cast,chlorocast_timesfm,2026-10-27 00:00:00,2026-09-29 00:00:00,P1D,fcre,1.6,ensemble,75,Chla_ugL_mean,8.98984106443917
vera4cast,chlorocast_timesfm,2026-10-28 00:00:00,2026-09-29 00:00:00,P1D,fcre,1.6,ensemble,75,Chla_ugL_mean,8.97871304824677
vera4cast,chlorocast_timesfm,2026-10-29 00:00:00,2026-09-29 00:00:00,P1D,fcre,1.6,ensemble,75,Chla_ugL_mean,9.01798921627487
vera4cast,chlorocast_timesfm,2026-10-30 00:00:00,2026-09-29 00:00:00,P1D,fcre,1.6,ensemble,75,Chla_ugL_mean,8.85440382650612
vera4cast,chlorocast_timesfm,2026-10-31 00:00:00,2026-09-29 00:00:00,P1D,fcre,1.6,ensemble,75,Chla_ugL_mean,9.05737362030881
vera4cast,chlorocast_timesfm,2026-11-01 00:00:00,2026-09-29 00:00:00,P1D,fcre,1.6,ensemble,75,Chla_ugL_mean,9.06944503448399
vera4cast,chlorocast_timesfm,2026-11-02 00:00:00,2026-09-29 00:00:00,P1D,fcre,1.6,ensemble,75,Chla_ugL_mean,9.12442243585363
vera4cast,chlorocast_timesfm,2026-11-03 00:00:00,2026-09-29 00:00:00,P1D,fcre,1.6,ensemble,75,Chla_ugL_mean,9.08061736003487
vera4cast,chlorocast_timesfm,2026-09-30 00:00:00,2026-09-29 00:00:00,P1D,fcre,1.6,ensemble,76,Chla_ugL_mean,8.4096810987105
vera4cast,chlorocast_timesfm,2026-10-01 00:00:00,2026-09-29 00:00:00,P1D,fcre,1.6,ensemble,76,Chla_ugL_mean,8.4125829150955
vera4cast,chlorocast_timesfm,2026-10-02 00:00:00,2026-09-29 00:00:00,P1D,fcre,1.6,ensemble,76,Chla_ugL_mean,8.3419267470025
vera4cast,chlorocast_timesfm,2026-10-03 00:00:00,2026-09-29 00:00:00,P1D,fcre,1.6,ensemble,76,Chla_ugL_mean,8.5169016688938
vera4cast,chlorocast_timesfm,2026-10-04 00:00:00,2026-09-29 00:00:00,P1D,fcre,1.6,ensemble,76,Chla_ugL_mean,8.49782921667197
vera4cast,chlorocast_timesfm,2026-10-05 00:00:00,2026-09-29 00:00:00,P1D,fcre,1.6,ensemble,76,Chla_ugL_mean,8.45313926257542
vera4cast,chlorocast_timesfm,2026-10-06 00:00:00,2026-09-29 00:00:00,P1D,fcre,1.6,ensemble,76,Chla_ugL_mean,8.4961142430065
vera4cast,chlorocast_timesfm,2026-10-07 00:00:00,2026-09-29 00:00:00,P1D,fcre,1.6,ensemble,76,Chla_ugL_mean,8.37682021480903
vera4cast,chlorocast_timesfm,2026-10-08 00:00:00,2026-09-29 00:00:00,P1D,fcre,1.6,ensemble,76,Chla_ugL_mean,8.4429420560953
vera4cast,chlorocast_timesfm,2026-10-09 00:00:00,2026-09-29 00:00:00,P1D,fcre,1.6,ensemble,76,Chla_ugL_mean,8.47884100299747
vera4cast,chlorocast_timesfm,2026-10-10 00:00:00,2026-09-29 00:00:00,P1D,fcre,1.6,ensemble,76,Chla_ugL_mean,8.4664829122015
vera4cast,chlorocast_timesfm,2026-10-11 00:00:00,2026-09-29 00:00:00,P1D,fcre,1.6,ensemble,76,Chla_ugL_mean,8.40079101977862
vera4cast,chlorocast_timesfm,2026-10-12 00:00:00,2026-09-29 00:00:00,P1D,fcre,1.6,ensemble,76,Chla_ugL_mean,8.42059554994189
vera4cast,chlorocast_timesfm,2026-10-13 00:00:00,2026-09-29 00:00:00,P1D,fcre,1.6,ensemble,76,Chla_ugL_mean,8.57531882106057
vera4cast,chlorocast_timesfm,2026-10-14 00:00:00,2026-09-29 00:00:00,P1D,fcre,1.6,ensemble,76,Chla_ugL_mean,8.82365097100058
vera4cast,chlorocast_timesfm,2026-10-15 00:00:00,2026-09-29 00:00:00,P1D,fcre,1.6,ensemble,76,Chla_ugL_mean,8.79469639728059
vera4cast,chlorocast_timesfm,2026-10-16 00:00:00,2026-09-29 00:00:00,P1D,fcre,1.6,ensemble,76,Chla_ugL_mean,8.83371021069375
vera4cast,chlorocast_timesfm,2026-10-17 00:00:00,2026-09-29 00:00:00,P1D,fcre,1.6,ensemble,76,Chla_ugL_mean,8.94892492629475
vera4cast,chlorocast_timesfm,2026-10-18 00:00:00,2026-09-29 00:00:00,P1D,fcre,1.6,ensemble,76,Chla_ugL_mean,8.99103548860643
vera4cast,chlorocast_timesfm,2026-10-19 00:00:00,2026-09-29 00:00:00,P1D,fcre,1.6,ensemble,76,Chla_ugL_mean,9.09353130156811
vera4cast,chlorocast_timesfm,2026-10-20 00:00:00,2026-09-29 00:00:00,P1D,fcre,1.6,ensemble,76,Chla_ugL_mean,9.03135884934613
vera4cast,chlorocast_timesfm,2026-10-21 00:00:00,2026-09-29 00:00:00,P1D,fcre,1.6,ensemble,76,Chla_ugL_mean,9.13287668415861
vera4cast,chlorocast_timesfm,2026-10-22 00:00:00,2026-09-29 00:00:00,P1D,fcre,1.6,ensemble,76,Chla_ugL_mean,9.13416112008116
vera4cast,chlorocast_timesfm,2026-10-23 00:00:00,2026-09-29 00:00:00,P1D,fcre,1.6,ensemble,76,Chla_ugL_mean,9.0277026520968
vera4cast,chlorocast_timesfm,2026-10-24 00:00:00,2026-09-29 00:00:00,P1D,fcre,1.6,ensemble,76,Chla_ugL_mean,9.00992164223525
vera4cast,chlorocast_timesfm,2026-10-25 00:00:00,2026-09-29 00:00:00,P1D,fcre,1.6,ensemble,76,Chla_ugL_mean,8.9867246597403
vera4cast,chlorocast_timesfm,2026-10-26 00:00:00,2026-09-29 00:00:00,P1D,fcre,1.6,ensemble,76,Chla_ugL_mean,9.02708104177547
vera4cast,chlorocast_timesfm,2026-10-27 00:00:00,2026-09-29 00:00:00,P1D,fcre,1.6,ensemble,76,Chla_ugL_mean,9.10079055255202
vera4cast,chlorocast_timesfm,2026-10-28 00:00:00,2026-09-29 00:00:00,P1D,fcre,1.6,ensemble,76,Chla_ugL_mean,9.09005911074049
vera4cast,chlorocast_timesfm,2026-10-29 00:00:00,2026-09-29 00:00:00,P1D,fcre,1.6,ensemble,76,Chla_ugL_mean,9.13148635758184
vera4cast,chlorocast_timesfm,2026-10-30 00:00:00,2026-09-29 00:00:00,P1D,fcre,1.6,ensemble,76,Chla_ugL_mean,8.95824912904597
vera4cast,chlorocast_timesfm,2026-10-31 00:00:00,2026-09-29 00:00:00,P1D,fcre,1.6,ensemble,76,Chla_ugL_mean,9.16797048116448
vera4cast,chlorocast_timesfm,2026-11-01 00:00:00,2026-09-29 00:00:00,P1D,fcre,1.6,ensemble,76,Chla_ugL_mean,9.17666625464539
vera4cast,chlorocast_timesfm,2026-11-02 00:00:00,2026-09-29 00:00:00,P1D,fcre,1.6,ensemble,76,Chla_ugL_mean,9.22769495219737
vera4cast,chlorocast_timesfm,2026-11-03 00:00:00,2026-09-29 00:00:00,P1D,fcre,1.6,ensemble,76,Chla_ugL_mean,9.18442414842544
vera4cast,chlorocast_timesfm,2026-09-30 00:00:00,2026-09-29 00:00:00,P1D,fcre,1.6,ensemble,77,Chla_ugL_mean,8.48520293716382
vera4cast,chlorocast_timesfm,2026-10-01 00:00:00,2026-09-29 00:00:00,P1D,fcre,1.6,ensemble,77,Chla_ugL_mean,8.49276532518372
vera4cast,chlorocast_timesfm,2026-10-02 00:00:00,2026-09-29 00:00:00,P1D,fcre,1.6,ensemble,77,Chla_ugL_mean,8.42294091599181
vera4cast,chlorocast_timesfm,2026-10-03 00:00:00,2026-09-29 00:00:00,P1D,fcre,1.6,ensemble,77,Chla_ugL_mean,8.59920161301592
vera4cast,chlorocast_timesfm,2026-10-04 00:00:00,2026-09-29 00:00:00,P1D,fcre,1.6,ensemble,77,Chla_ugL_mean,8.57995424117665
vera4cast,chlorocast_timesfm,2026-10-05 00:00:00,2026-09-29 00:00:00,P1D,fcre,1.6,ensemble,77,Chla_ugL_mean,8.53759397976812
vera4cast,chlorocast_timesfm,2026-10-06 00:00:00,2026-09-29 00:00:00,P1D,fcre,1.6,ensemble,77,Chla_ugL_mean,8.57735692928928
vera4cast,chlorocast_timesfm,2026-10-07 00:00:00,2026-09-29 00:00:00,P1D,fcre,1.6,ensemble,77,Chla_ugL_mean,8.45993446519217
vera4cast,chlorocast_timesfm,2026-10-08 00:00:00,2026-09-29 00:00:00,P1D,fcre,1.6,ensemble,77,Chla_ugL_mean,8.52751170510496
vera4cast,chlorocast_timesfm,2026-10-09 00:00:00,2026-09-29 00:00:00,P1D,fcre,1.6,ensemble,77,Chla_ugL_mean,8.56518539059775
vera4cast,chlorocast_timesfm,2026-10-10 00:00:00,2026-09-29 00:00:00,P1D,fcre,1.6,ensemble,77,Chla_ugL_mean,8.55950639868215
vera4cast,chlorocast_timesfm,2026-10-11 00:00:00,2026-09-29 00:00:00,P1D,fcre,1.6,ensemble,77,Chla_ugL_mean,8.49402328738439
vera4cast,chlorocast_timesfm,2026-10-12 00:00:00,2026-09-29 00:00:00,P1D,fcre,1.6,ensemble,77,Chla_ugL_mean,8.51089457587289
vera4cast,chlorocast_timesfm,2026-10-13 00:00:00,2026-09-29 00:00:00,P1D,fcre,1.6,ensemble,77,Chla_ugL_mean,8.67047023783858
vera4cast,chlorocast_timesfm,2026-10-14 00:00:00,2026-09-29 00:00:00,P1D,fcre,1.6,ensemble,77,Chla_ugL_mean,8.92680267458029
vera4cast,chlorocast_timesfm,2026-10-15 00:00:00,2026-09-29 00:00:00,P1D,fcre,1.6,ensemble,77,Chla_ugL_mean,8.89147139176749
vera4cast,chlorocast_timesfm,2026-10-16 00:00:00,2026-09-29 00:00:00,P1D,fcre,1.6,ensemble,77,Chla_ugL_mean,8.93089066385398
vera4cast,chlorocast_timesfm,2026-10-17 00:00:00,2026-09-29 00:00:00,P1D,fcre,1.6,ensemble,77,Chla_ugL_mean,9.05201843362628
vera4cast,chlorocast_timesfm,2026-10-18 00:00:00,2026-09-29 00:00:00,P1D,fcre,1.6,ensemble,77,Chla_ugL_mean,9.09318442293857
vera4cast,chlorocast_timesfm,2026-10-19 00:00:00,2026-09-29 00:00:00,P1D,fcre,1.6,ensemble,77,Chla_ugL_mean,9.19921990261589
vera4cast,chlorocast_timesfm,2026-10-20 00:00:00,2026-09-29 00:00:00,P1D,fcre,1.6,ensemble,77,Chla_ugL_mean,9.13098993490331
vera4cast,chlorocast_timesfm,2026-10-21 00:00:00,2026-09-29 00:00:00,P1D,fcre,1.6,ensemble,77,Chla_ugL_mean,9.23936491693308
vera4cast,chlorocast_timesfm,2026-10-22 00:00:00,2026-09-29 00:00:00,P1D,fcre,1.6,ensemble,77,Chla_ugL_mean,9.24428854106881
vera4cast,chlorocast_timesfm,2026-10-23 00:00:00,2026-09-29 00:00:00,P1D,fcre,1.6,ensemble,77,Chla_ugL_mean,9.13855954430711
vera4cast,chlorocast_timesfm,2026-10-24 00:00:00,2026-09-29 00:00:00,P1D,fcre,1.6,ensemble,77,Chla_ugL_mean,9.12254657481981
vera4cast,chlorocast_timesfm,2026-10-25 00:00:00,2026-09-29 00:00:00,P1D,fcre,1.6,ensemble,77,Chla_ugL_mean,9.08526030054937
vera4cast,chlorocast_timesfm,2026-10-26 00:00:00,2026-09-29 00:00:00,P1D,fcre,1.6,ensemble,77,Chla_ugL_mean,9.13685169684206
vera4cast,chlorocast_timesfm,2026-10-27 00:00:00,2026-09-29 00:00:00,P1D,fcre,1.6,ensemble,77,Chla_ugL_mean,9.21297227137135
vera4cast,chlorocast_timesfm,2026-10-28 00:00:00,2026-09-29 00:00:00,P1D,fcre,1.6,ensemble,77,Chla_ugL_mean,9.20264761257212
vera4cast,chlorocast_timesfm,2026-10-29 00:00:00,2026-09-29 00:00:00,P1D,fcre,1.6,ensemble,77,Chla_ugL_mean,9.24626934585937
vera4cast,chlorocast_timesfm,2026-10-30 00:00:00,2026-09-29 00:00:00,P1D,fcre,1.6,ensemble,77,Chla_ugL_mean,9.06318874911627
vera4cast,chlorocast_timesfm,2026-10-31 00:00:00,2026-09-29 00:00:00,P1D,fcre,1.6,ensemble,77,Chla_ugL_mean,9.27978353086754
vera4cast,chlorocast_timesfm,2026-11-01 00:00:00,2026-09-29 00:00:00,P1D,fcre,1.6,ensemble,77,Chla_ugL_mean,9.28502918520032
vera4cast,chlorocast_timesfm,2026-11-02 00:00:00,2026-09-29 00:00:00,P1D,fcre,1.6,ensemble,77,Chla_ugL_mean,9.33202088296544
vera4cast,chlorocast_timesfm,2026-11-03 00:00:00,2026-09-29 00:00:00,P1D,fcre,1.6,ensemble,77,Chla_ugL_mean,9.28929990401624
vera4cast,chlorocast_timesfm,2026-09-30 00:00:00,2026-09-29 00:00:00,P1D,fcre,1.6,ensemble,78,Chla_ugL_mean,8.5613309117894
vera4cast,chlorocast_timesfm,2026-10-01 00:00:00,2026-09-29 00:00:00,P1D,fcre,1.6,ensemble,78,Chla_ugL_mean,8.5736307803984
vera4cast,chlorocast_timesfm,2026-10-02 00:00:00,2026-09-29 00:00:00,P1D,fcre,1.6,ensemble,78,Chla_ugL_mean,8.50465764835533
vera4cast,chlorocast_timesfm,2026-10-03 00:00:00,2026-09-29 00:00:00,P1D,fcre,1.6,ensemble,78,Chla_ugL_mean,8.6822132678437
vera4cast,chlorocast_timesfm,2026-10-04 00:00:00,2026-09-29 00:00:00,P1D,fcre,1.6,ensemble,78,Chla_ugL_mean,8.66278937738116
vera4cast,chlorocast_timesfm,2026-10-05 00:00:00,2026-09-29 00:00:00,P1D,fcre,1.6,ensemble,78,Chla_ugL_mean,8.62280321871894
vera4cast,chlorocast_timesfm,2026-10-06 00:00:00,2026-09-29 00:00:00,P1D,fcre,1.6,ensemble,78,Chla_ugL_mean,8.65929467608897
vera4cast,chlorocast_timesfm,2026-10-07 00:00:00,2026-09-29 00:00:00,P1D,fcre,1.6,ensemble,78,Chla_ugL_mean,8.5437854235913
vera4cast,chlorocast_timesfm,2026-10-08 00:00:00,2026-09-29 00:00:00,P1D,fcre,1.6,ensemble,78,Chla_ugL_mean,8.6128387478899
vera4cast,chlorocast_timesfm,2026-10-09 00:00:00,2026-09-29 00:00:00,P1D,fcre,1.6,ensemble,78,Chla_ugL_mean,8.65231630402621
vera4cast,chlorocast_timesfm,2026-10-10 00:00:00,2026-09-29 00:00:00,P1D,fcre,1.6,ensemble,78,Chla_ugL_mean,8.6534439911848
vera4cast,chlorocast_timesfm,2026-10-11 00:00:00,2026-09-29 00:00:00,P1D,fcre,1.6,ensemble,78,Chla_ugL_mean,8.58818018523719
vera4cast,chlorocast_timesfm,2026-10-12 00:00:00,2026-09-29 00:00:00,P1D,fcre,1.6,ensemble,78,Chla_ugL_mean,8.60205914305772
vera4cast,chlorocast_timesfm,2026-10-13 00:00:00,2026-09-29 00:00:00,P1D,fcre,1.6,ensemble,78,Chla_ugL_mean,8.76656718888903
vera4cast,chlorocast_timesfm,2026-10-14 00:00:00,2026-09-29 00:00:00,P1D,fcre,1.6,ensemble,78,Chla_ugL_mean,9.03103750641678
vera4cast,chlorocast_timesfm,2026-10-15 00:00:00,2026-09-29 00:00:00,P1D,fcre,1.6,ensemble,78,Chla_ugL_mean,8.98920255673464
vera4cast,chlorocast_timesfm,2026-10-16 00:00:00,2026-09-29 00:00:00,P1D,fcre,1.6,ensemble,78,Chla_ugL_mean,9.02903149110233
vera4cast,chlorocast_timesfm,2026-10-17 00:00:00,2026-09-29 00:00:00,P1D,fcre,1.6,ensemble,78,Chla_ugL_mean,9.15618022434849
vera4cast,chlorocast_timesfm,2026-10-18 00:00:00,2026-09-29 00:00:00,P1D,fcre,1.6,ensemble,78,Chla_ugL_mean,9.19637773398193
vera4cast,chlorocast_timesfm,2026-10-19 00:00:00,2026-09-29 00:00:00,P1D,fcre,1.6,ensemble,78,Chla_ugL_mean,9.30601516099278
vera4cast,chlorocast_timesfm,2026-10-20 00:00:00,2026-09-29 00:00:00,P1D,fcre,1.6,ensemble,78,Chla_ugL_mean,9.23161055272211
vera4cast,chlorocast_timesfm,2026-10-21 00:00:00,2026-09-29 00:00:00,P1D,fcre,1.6,ensemble,78,Chla_ugL_mean,9.34697225379544
vera4cast,chlorocast_timesfm,2026-10-22 00:00:00,2026-09-29 00:00:00,P1D,fcre,1.6,ensemble,78,Chla_ugL_mean,9.35561271122097
vera4cast,chlorocast_timesfm,2026-10-23 00:00:00,2026-09-29 00:00:00,P1D,fcre,1.6,ensemble,78,Chla_ugL_mean,9.25064196652932
vera4cast,chlorocast_timesfm,2026-10-24 00:00:00,2026-09-29 00:00:00,P1D,fcre,1.6,ensemble,78,Chla_ugL_mean,9.23643868769738
vera4cast,chlorocast_timesfm,2026-10-25 00:00:00,2026-09-29 00:00:00,P1D,fcre,1.6,ensemble,78,Chla_ugL_mean,9.18476815926176
vera4cast,chlorocast_timesfm,2026-10-26 00:00:00,2026-09-29 00:00:00,P1D,fcre,1.6,ensemble,78,Chla_ugL_mean,9.24782405723681
vera4cast,chlorocast_timesfm,2026-10-27 00:00:00,2026-09-29 00:00:00,P1D,fcre,1.6,ensemble,78,Chla_ugL_mean,9.32639990633673
vera4cast,chlorocast_timesfm,2026-10-28 00:00:00,2026-09-29 00:00:00,P1D,fcre,1.6,ensemble,78,Chla_ugL_mean,9.31649241732582
vera4cast,chlorocast_timesfm,2026-10-29 00:00:00,2026-09-29 00:00:00,P1D,fcre,1.6,ensemble,78,Chla_ugL_mean,9.36235274889668
vera4cast,chlorocast_timesfm,2026-10-30 00:00:00,2026-09-29 00:00:00,P1D,fcre,1.6,ensemble,78,Chla_ugL_mean,9.1692342185902
vera4cast,chlorocast_timesfm,2026-10-31 00:00:00,2026-09-29 00:00:00,P1D,fcre,1.6,ensemble,78,Chla_ugL_mean,9.39282614335377
vera4cast,chlorocast_timesfm,2026-11-01 00:00:00,2026-09-29 00:00:00,P1D,fcre,1.6,ensemble,78,Chla_ugL_mean,9.39454598328166
vera4cast,chlorocast_timesfm,2026-11-02 00:00:00,2026-09-29 00:00:00,P1D,fcre,1.6,ensemble,78,Chla_ugL_mean,9.43741097333951
vera4cast,chlorocast_timesfm,2026-11-03 00:00:00,2026-09-29 00:00:00,P1D,fcre,1.6,ensemble,78,Chla_ugL_mean,9.39525563466998
vera4cast,chlorocast_timesfm,2026-09-30 00:00:00,2026-09-29 00:00:00,P1D,fcre,1.6,ensemble,79,Chla_ugL_mean,8.63806988741929
vera4cast,chlorocast_timesfm,2026-10-01 00:00:00,2026-09-29 00:00:00,P1D,fcre,1.6,ensemble,79,Chla_ugL_mean,8.65518509935542
vera4cast,chlorocast_timesfm,2026-10-02 00:00:00,2026-09-29 00:00:00,P1D,fcre,1.6,ensemble,79,Chla_ugL_mean,8.58708303679637
vera4cast,chlorocast_timesfm,2026-10-03 00:00:00,2026-09-29 00:00:00,P1D,fcre,1.6,ensemble,79,Chla_ugL_mean,8.7659427880852
vera4cast,chlorocast_timesfm,2026-10-04 00:00:00,2026-09-29 00:00:00,P1D,fcre,1.6,ensemble,79,Chla_ugL_mean,8.74634076541917
vera4cast,chlorocast_timesfm,2026-10-05 00:00:00,2026-09-29 00:00:00,P1D,fcre,1.6,ensemble,79,Chla_ugL_mean,8.70877372035487
vera4cast,chlorocast_timesfm,2026-10-06 00:00:00,2026-09-29 00:00:00,P1D,fcre,1.6,ensemble,79,Chla_ugL_mean,8.74193342989928
vera4cast,chlorocast_timesfm,2026-10-07 00:00:00,2026-09-29 00:00:00,P1D,fcre,1.6,ensemble,79,Chla_ugL_mean,8.62837962003825
vera4cast,chlorocast_timesfm,2026-10-08 00:00:00,2026-09-29 00:00:00,P1D,fcre,1.6,ensemble,79,Chla_ugL_mean,8.69892996756129
vera4cast,chlorocast_timesfm,2026-10-09 00:00:00,2026-09-29 00:00:00,P1D,fcre,1.6,ensemble,79,Chla_ugL_mean,8.74024090788145
vera4cast,chlorocast_timesfm,2026-10-10 00:00:00,2026-09-29 00:00:00,P1D,fcre,1.6,ensemble,79,Chla_ugL_mean,8.7483046722777
vera4cast,chlorocast_timesfm,2026-10-11 00:00:00,2026-09-29 00:00:00,P1D,fcre,1.6,ensemble,79,Chla_ugL_mean,8.6832708833499
vera4cast,chlorocast_timesfm,2026-10-12 00:00:00,2026-09-29 00:00:00,P1D,fcre,1.6,ensemble,79,Chla_ugL_mean,8.69409754794979
vera4cast,chlorocast_timesfm,2026-10-13 00:00:00,2026-09-29 00:00:00,P1D,fcre,1.6,ensemble,79,Chla_ugL_mean,8.8636190701315
vera4cast,chlorocast_timesfm,2026-10-14 00:00:00,2026-09-29 00:00:00,P1D,fcre,1.6,ensemble,79,Chla_ugL_mean,9.13636683972813
vera4cast,chlorocast_timesfm,2026-10-15 00:00:00,2026-09-29 00:00:00,P1D,fcre,1.6,ensemble,79,Chla_ugL_mean,9.08789933947769
vera4cast,chlorocast_timesfm,2026-10-16 00:00:00,2026-09-29 00:00:00,P1D,fcre,1.6,ensemble,79,Chla_ugL_mean,9.1281421832197
vera4cast,chlorocast_timesfm,2026-10-17 00:00:00,2026-09-29 00:00:00,P1D,fcre,1.6,ensemble,79,Chla_ugL_mean,9.26142136830887
vera4cast,chlorocast_timesfm,2026-10-18 00:00:00,2026-09-29 00:00:00,P1D,fcre,1.6,ensemble,79,Chla_ugL_mean,9.3006260995054
vera4cast,chlorocast_timesfm,2026-10-19 00:00:00,2026-09-29 00:00:00,P1D,fcre,1.6,ensemble,79,Chla_ugL_mean,9.41392866442377
vera4cast,chlorocast_timesfm,2026-10-20 00:00:00,2026-09-29 00:00:00,P1D,fcre,1.6,ensemble,79,Chla_ugL_mean,9.33323053080039
vera4cast,chlorocast_timesfm,2026-10-21 00:00:00,2026-09-29 00:00:00,P1D,fcre,1.6,ensemble,79,Chla_ugL_mean,9.45571045561286
vera4cast,chlorocast_timesfm,2026-10-22 00:00:00,2026-09-29 00:00:00,P1D,fcre,1.6,ensemble,79,Chla_ugL_mean,9.46814663555081
vera4cast,chlorocast_timesfm,2026-10-23 00:00:00,2026-09-29 00:00:00,P1D,fcre,1.6,ensemble,79,Chla_ugL_mean,9.36396346707584
vera4cast,chlorocast_timesfm,2026-10-24 00:00:00,2026-09-29 00:00:00,P1D,fcre,1.6,ensemble,79,Chla_ugL_mean,9.35161223833174
vera4cast,chlorocast_timesfm,2026-10-25 00:00:00,2026-09-29 00:00:00,P1D,fcre,1.6,ensemble,79,Chla_ugL_mean,9.2852578284233
vera4cast,chlorocast_timesfm,2026-10-26 00:00:00,2026-09-29 00:00:00,P1D,fcre,1.6,ensemble,79,Chla_ugL_mean,9.36001127853116
vera4cast,chlorocast_timesfm,2026-10-27 00:00:00,2026-09-29 00:00:00,P1D,fcre,1.6,ensemble,79,Chla_ugL_mean,9.44108729488138
vera4cast,chlorocast_timesfm,2026-10-28 00:00:00,2026-09-29 00:00:00,P1D,fcre,1.6,ensemble,79,Chla_ugL_mean,9.43160754328061
vera4cast,chlorocast_timesfm,2026-10-29 00:00:00,2026-09-29 00:00:00,P1D,fcre,1.6,ensemble,79,Chla_ugL_mean,9.47975129952634
vera4cast,chlorocast_timesfm,2026-10-30 00:00:00,2026-09-29 00:00:00,P1D,fcre,1.6,ensemble,79,Chla_ugL_mean,9.27639719086333
vera4cast,chlorocast_timesfm,2026-10-31 00:00:00,2026-09-29 00:00:00,P1D,fcre,1.6,ensemble,79,Chla_ugL_mean,9.50711183962666
vera4cast,chlorocast_timesfm,2026-11-01 00:00:00,2026-09-29 00:00:00,P1D,fcre,1.6,ensemble,79,Chla_ugL_mean,9.50522893547362
vera4cast,chlorocast_timesfm,2026-11-02 00:00:00,2026-09-29 00:00:00,P1D,fcre,1.6,ensemble,79,Chla_ugL_mean,9.54387607810571
vera4cast,chlorocast_timesfm,2026-11-03 00:00:00,2026-09-29 00:00:00,P1D,fcre,1.6,ensemble,79,Chla_ugL_mean,9.50230246160462
vera4cast,chlorocast_timesfm,2026-09-30 00:00:00,2026-09-29 00:00:00,P1D,fcre,1.6,ensemble,80,Chla_ugL_mean,8.71542476793052
vera4cast,chlorocast_timesfm,2026-10-01 00:00:00,2026-09-29 00:00:00,P1D,fcre,1.6,ensemble,80,Chla_ugL_mean,8.73743415023736
vera4cast,chlorocast_timesfm,2026-10-02 00:00:00,2026-09-29 00:00:00,P1D,fcre,1.6,ensemble,80,Chla_ugL_mean,8.67022322685478
vera4cast,chlorocast_timesfm,2026-10-03 00:00:00,2026-09-29 00:00:00,P1D,fcre,1.6,ensemble,80,Chla_ugL_mean,8.85039638167294
vera4cast,chlorocast_timesfm,2026-10-04 00:00:00,2026-09-29 00:00:00,P1D,fcre,1.6,ensemble,80,Chla_ugL_mean,8.8306145985163
vera4cast,chlorocast_timesfm,2026-10-05 00:00:00,2026-09-29 00:00:00,P1D,fcre,1.6,ensemble,80,Chla_ugL_mean,8.79551228582663
vera4cast,chlorocast_timesfm,2026-10-06 00:00:00,2026-09-29 00:00:00,P1D,fcre,1.6,ensemble,80,Chla_ugL_mean,8.82527918808831
vera4cast,chlorocast_timesfm,2026-10-07 00:00:00,2026-09-29 00:00:00,P1D,fcre,1.6,ensemble,80,Chla_ugL_mean,8.71372364244575
vera4cast,chlorocast_timesfm,2026-10-08 00:00:00,2026-09-29 00:00:00,P1D,fcre,1.6,ensemble,80,Chla_ugL_mean,8.78579220797888
vera4cast,chlorocast_timesfm,2026-10-09 00:00:00,2026-09-29 00:00:00,P1D,fcre,1.6,ensemble,80,Chla_ugL_mean,8.82896643202562
vera4cast,chlorocast_timesfm,2026-10-10 00:00:00,2026-09-29 00:00:00,P1D,fcre,1.6,ensemble,80,Chla_ugL_mean,8.8440975127974
vera4cast,chlorocast_timesfm,2026-10-11 00:00:00,2026-09-29 00:00:00,P1D,fcre,1.6,ensemble,80,Chla_ugL_mean,8.7793046426789
vera4cast,chlorocast_timesfm,2026-10-12 00:00:00,2026-09-29 00:00:00,P1D,fcre,1.6,ensemble,80,Chla_ugL_mean,8.78701816652633
vera4cast,chlorocast_timesfm,2026-10-13 00:00:00,2026-09-29 00:00:00,P1D,fcre,1.6,ensemble,80,Chla_ugL_mean,8.96163537085428
vera4cast,chlorocast_timesfm,2026-10-14 00:00:00,2026-09-29 00:00:00,P1D,fcre,1.6,ensemble,80,Chla_ugL_mean,9.24280216715511
vera4cast,chlorocast_timesfm,2026-10-15 00:00:00,2026-09-29 00:00:00,P1D,fcre,1.6,ensemble,80,Chla_ugL_mean,9.1875712806349
vera4cast,chlorocast_timesfm,2026-10-16 00:00:00,2026-09-29 00:00:00,P1D,fcre,1.6,ensemble,80,Chla_ugL_mean,9.2282323247785
vera4cast,chlorocast_timesfm,2026-10-17 00:00:00,2026-09-29 00:00:00,P1D,fcre,1.6,ensemble,80,Chla_ugL_mean,9.36775305006372
vera4cast,chlorocast_timesfm,2026-10-18 00:00:00,2026-09-29 00:00:00,P1D,fcre,1.6,ensemble,80,Chla_ugL_mean,9.40594030644803
vera4cast,chlorocast_timesfm,2026-10-19 00:00:00,2026-09-29 00:00:00,P1D,fcre,1.6,ensemble,80,Chla_ugL_mean,9.52297212196804
vera4cast,chlorocast_timesfm,2026-10-20 00:00:00,2026-09-29 00:00:00,P1D,fcre,1.6,ensemble,80,Chla_ugL_mean,9.43585979474735
vera4cast,chlorocast_timesfm,2026-10-21 00:00:00,2026-09-29 00:00:00,P1D,fcre,1.6,ensemble,80,Chla_ugL_mean,9.56559140684958
vera4cast,chlorocast_timesfm,2026-10-22 00:00:00,2026-09-29 00:00:00,P1D,fcre,1.6,ensemble,80,Chla_ugL_mean,9.58190346039638
vera4cast,chlorocast_timesfm,2026-10-23 00:00:00,2026-09-29 00:00:00,P1D,fcre,1.6,ensemble,80,Chla_ugL_mean,9.47853774403657
vera4cast,chlorocast_timesfm,2026-10-24 00:00:00,2026-09-29 00:00:00,P1D,fcre,1.6,ensemble,80,Chla_ugL_mean,9.46808164460206
vera4cast,chlorocast_timesfm,2026-10-25 00:00:00,2026-09-29 00:00:00,P1D,fcre,1.6,ensemble,80,Chla_ugL_mean,9.38673899522625
vera4cast,chlorocast_timesfm,2026-10-26 00:00:00,2026-09-29 00:00:00,P1D,fcre,1.6,ensemble,80,Chla_ugL_mean,9.47342666031612
vera4cast,chlorocast_timesfm,2026-10-27 00:00:00,2026-09-29 00:00:00,P1D,fcre,1.6,ensemble,80,Chla_ugL_mean,9.55704842812025
vera4cast,chlorocast_timesfm,2026-10-28 00:00:00,2026-09-29 00:00:00,P1D,fcre,1.6,ensemble,80,Chla_ugL_mean,9.54800716513647
vera4cast,chlorocast_timesfm,2026-10-29 00:00:00,2026-09-29 00:00:00,P1D,fcre,1.6,ensemble,80,Chla_ugL_mean,9.59847989749408
vera4cast,chlorocast_timesfm,2026-10-30 00:00:00,2026-09-29 00:00:00,P1D,fcre,1.6,ensemble,80,Chla_ugL_mean,9.38468944213422
vera4cast,chlorocast_timesfm,2026-10-31 00:00:00,2026-09-29 00:00:00,P1D,fcre,1.6,ensemble,80,Chla_ugL_mean,9.62265428937474
vera4cast,chlorocast_timesfm,2026-11-01 00:00:00,2026-09-29 00:00:00,P1D,fcre,1.6,ensemble,80,Chla_ugL_mean,9.61709045919006
vera4cast,chlorocast_timesfm,2026-11-02 00:00:00,2026-09-29 00:00:00,P1D,fcre,1.6,ensemble,80,Chla_ugL_mean,9.65142716277267
vera4cast,chlorocast_timesfm,2026-11-03 00:00:00,2026-09-29 00:00:00,P1D,fcre,1.6,ensemble,80,Chla_ugL_mean,9.61045162056068
vera4cast,chlorocast_timesfm,2026-09-30 00:00:00,2026-09-29 00:00:00,P1D,fcre,1.6,ensemble,81,Chla_ugL_mean,8.78811148151784
vera4cast,chlorocast_timesfm,2026-10-01 00:00:00,2026-09-29 00:00:00,P1D,fcre,1.6,ensemble,81,Chla_ugL_mean,8.8106067464837
vera4cast,chlorocast_timesfm,2026-10-02 00:00:00,2026-09-29 00:00:00,P1D,fcre,1.6,ensemble,81,Chla_ugL_mean,8.7499131938152
vera4cast,chlorocast_timesfm,2026-10-03 00:00:00,2026-09-29 00:00:00,P1D,fcre,1.6,ensemble,81,Chla_ugL_mean,8.93062643582168
vera4cast,chlorocast_timesfm,2026-10-04 00:00:00,2026-09-29 00:00:00,P1D,fcre,1.6,ensemble,81,Chla_ugL_mean,8.91339626558593
vera4cast,chlorocast_timesfm,2026-10-05 00:00:00,2026-09-29 00:00:00,P1D,fcre,1.6,ensemble,81,Chla_ugL_mean,8.87857593544874
vera4cast,chlorocast_timesfm,2026-10-06 00:00:00,2026-09-29 00:00:00,P1D,fcre,1.6,ensemble,81,Chla_ugL_mean,8.91074157232606
vera4cast,chlorocast_timesfm,2026-10-07 00:00:00,2026-09-29 00:00:00,P1D,fcre,1.6,ensemble,81,Chla_ugL_mean,8.8025034251168
vera4cast,chlorocast_timesfm,2026-10-08 00:00:00,2026-09-29 00:00:00,P1D,fcre,1.6,ensemble,81,Chla_ugL_mean,8.87318836468491
vera4cast,chlorocast_timesfm,2026-10-09 00:00:00,2026-09-29 00:00:00,P1D,fcre,1.6,ensemble,81,Chla_ugL_mean,8.92038607102942
vera4cast,chlorocast_timesfm,2026-10-10 00:00:00,2026-09-29 00:00:00,P1D,fcre,1.6,ensemble,81,Chla_ugL_mean,8.93139051285718
vera4cast,chlorocast_timesfm,2026-10-11 00:00:00,2026-09-29 00:00:00,P1D,fcre,1.6,ensemble,81,Chla_ugL_mean,8.87070148564195
vera4cast,chlorocast_timesfm,2026-10-12 00:00:00,2026-09-29 00:00:00,P1D,fcre,1.6,ensemble,81,Chla_ugL_mean,8.87893893251634
vera4cast,chlorocast_timesfm,2026-10-13 00:00:00,2026-09-29 00:00:00,P1D,fcre,1.6,ensemble,81,Chla_ugL_mean,9.05660356167627
vera4cast,chlorocast_timesfm,2026-10-14 00:00:00,2026-09-29 00:00:00,P1D,fcre,1.6,ensemble,81,Chla_ugL_mean,9.33716875030059
vera4cast,chlorocast_timesfm,2026-10-15 00:00:00,2026-09-29 00:00:00,P1D,fcre,1.6,ensemble,81,Chla_ugL_mean,9.28766148367828
vera4cast,chlorocast_timesfm,2026-10-16 00:00:00,2026-09-29 00:00:00,P1D,fcre,1.6,ensemble,81,Chla_ugL_mean,9.33138856517769
vera4cast,chlorocast_timesfm,2026-10-17 00:00:00,2026-09-29 00:00:00,P1D,fcre,1.6,ensemble,81,Chla_ugL_mean,9.46877459281085
vera4cast,chlorocast_timesfm,2026-10-18 00:00:00,2026-09-29 00:00:00,P1D,fcre,1.6,ensemble,81,Chla_ugL_mean,9.50890382461512
vera4cast,chlorocast_timesfm,2026-10-19 00:00:00,2026-09-29 00:00:00,P1D,fcre,1.6,ensemble,81,Chla_ugL_mean,9.62453882838608
vera4cast,chlorocast_timesfm,2026-10-20 00:00:00,2026-09-29 00:00:00,P1D,fcre,1.6,ensemble,81,Chla_ugL_mean,9.54244411120054
vera4cast,chlorocast_timesfm,2026-10-21 00:00:00,2026-09-29 00:00:00,P1D,fcre,1.6,ensemble,81,Chla_ugL_mean,9.67091092888002
vera4cast,chlorocast_timesfm,2026-10-22 00:00:00,2026-09-29 00:00:00,P1D,fcre,1.6,ensemble,81,Chla_ugL_mean,9.68323257357735
vera4cast,chlorocast_timesfm,2026-10-23 00:00:00,2026-09-29 00:00:00,P1D,fcre,1.6,ensemble,81,Chla_ugL_mean,9.58202283713605
vera4cast,chlorocast_timesfm,2026-10-24 00:00:00,2026-09-29 00:00:00,P1D,fcre,1.6,ensemble,81,Chla_ugL_mean,9.57056050104981
vera4cast,chlorocast_timesfm,2026-10-25 00:00:00,2026-09-29 00:00:00,P1D,fcre,1.6,ensemble,81,Chla_ugL_mean,9.49370963694382
vera4cast,chlorocast_timesfm,2026-10-26 00:00:00,2026-09-29 00:00:00,P1D,fcre,1.6,ensemble,81,Chla_ugL_mean,9.58111263618706
vera4cast,chlorocast_timesfm,2026-10-27 00:00:00,2026-09-29 00:00:00,P1D,fcre,1.6,ensemble,81,Chla_ugL_mean,9.66357280674172
vera4cast,chlorocast_timesfm,2026-10-28 00:00:00,2026-09-29 00:00:00,P1D,fcre,1.6,ensemble,81,Chla_ugL_mean,9.655658398493
vera4cast,chlorocast_timesfm,2026-10-29 00:00:00,2026-09-29 00:00:00,P1D,fcre,1.6,ensemble,81,Chla_ugL_mean,9.70373679882396
vera4cast,chlorocast_timesfm,2026-10-30 00:00:00,2026-09-29 00:00:00,P1D,fcre,1.6,ensemble,81,Chla_ugL_mean,9.49466048825628
vera4cast,chlorocast_timesfm,2026-10-31 00:00:00,2026-09-29 00:00:00,P1D,fcre,1.6,ensemble,81,Chla_ugL_mean,9.7286420214656
vera4cast,chlorocast_timesfm,2026-11-01 00:00:00,2026-09-29 00:00:00,P1D,fcre,1.6,ensemble,81,Chla_ugL_mean,9.72528015949887
vera4cast,chlorocast_timesfm,2026-11-02 00:00:00,2026-09-29 00:00:00,P1D,fcre,1.6,ensemble,81,Chla_ugL_mean,9.75836711470921
vera4cast,chlorocast_timesfm,2026-11-03 00:00:00,2026-09-29 00:00:00,P1D,fcre,1.6,ensemble,81,Chla_ugL_mean,9.7194895310942
vera4cast,chlorocast_timesfm,2026-09-30 00:00:00,2026-09-29 00:00:00,P1D,fcre,1.6,ensemble,82,Chla_ugL_mean,8.86075011910538
vera4cast,chlorocast_timesfm,2026-10-01 00:00:00,2026-09-29 00:00:00,P1D,fcre,1.6,ensemble,82,Chla_ugL_mean,8.8832353002463
vera4cast,chlorocast_timesfm,2026-10-02 00:00:00,2026-09-29 00:00:00,P1D,fcre,1.6,ensemble,82,Chla_ugL_mean,8.82979268889782
vera4cast,chlorocast_timesfm,2026-10-03 00:00:00,2026-09-29 00:00:00,P1D,fcre,1.6,ensemble,82,Chla_ugL_mean,9.0109551922278
vera4cast,chlorocast_timesfm,2026-10-04 00:00:00,2026-09-29 00:00:00,P1D,fcre,1.6,ensemble,82,Chla_ugL_mean,8.99662621179714
vera4cast,chlorocast_timesfm,2026-10-05 00:00:00,2026-09-29 00:00:00,P1D,fcre,1.6,ensemble,82,Chla_ugL_mean,8.9618454506353
vera4cast,chlorocast_timesfm,2026-10-06 00:00:00,2026-09-29 00:00:00,P1D,fcre,1.6,ensemble,82,Chla_ugL_mean,8.99710464814065
vera4cast,chlorocast_timesfm,2026-10-07 00:00:00,2026-09-29 00:00:00,P1D,fcre,1.6,ensemble,82,Chla_ugL_mean,8.89239508677598
vera4cast,chlorocast_timesfm,2026-10-08 00:00:00,2026-09-29 00:00:00,P1D,fcre,1.6,ensemble,82,Chla_ugL_mean,8.96133769579689
vera4cast,chlorocast_timesfm,2026-10-09 00:00:00,2026-09-29 00:00:00,P1D,fcre,1.6,ensemble,82,Chla_ugL_mean,9.01286752365951
vera4cast,chlorocast_timesfm,2026-10-10 00:00:00,2026-09-29 00:00:00,P1D,fcre,1.6,ensemble,82,Chla_ugL_mean,9.01839982630434
vera4cast,chlorocast_timesfm,2026-10-11 00:00:00,2026-09-29 00:00:00,P1D,fcre,1.6,ensemble,82,Chla_ugL_mean,8.9623258747016
vera4cast,chlorocast_timesfm,2026-10-12 00:00:00,2026-09-29 00:00:00,P1D,fcre,1.6,ensemble,82,Chla_ugL_mean,8.97151102018197
vera4cast,chlorocast_timesfm,2026-10-13 00:00:00,2026-09-29 00:00:00,P1D,fcre,1.6,ensemble,82,Chla_ugL_mean,9.15202605992904
vera4cast,chlorocast_timesfm,2026-10-14 00:00:00,2026-09-29 00:00:00,P1D,fcre,1.6,ensemble,82,Chla_ugL_mean,9.43092712790352
vera4cast,chlorocast_timesfm,2026-10-15 00:00:00,2026-09-29 00:00:00,P1D,fcre,1.6,ensemble,82,Chla_ugL_mean,9.38867148215023
vera4cast,chlorocast_timesfm,2026-10-16 00:00:00,2026-09-29 00:00:00,P1D,fcre,1.6,ensemble,82,Chla_ugL_mean,9.43581830977804
vera4cast,chlorocast_timesfm,2026-10-17 00:00:00,2026-09-29 00:00:00,P1D,fcre,1.6,ensemble,82,Chla_ugL_mean,9.57006133236745
vera4cast,chlorocast_timesfm,2026-10-18 00:00:00,2026-09-29 00:00:00,P1D,fcre,1.6,ensemble,82,Chla_ugL_mean,9.61250161077982
vera4cast,chlorocast_timesfm,2026-10-19 00:00:00,2026-09-29 00:00:00,P1D,fcre,1.6,ensemble,82,Chla_ugL_mean,9.72611942426163
vera4cast,chlorocast_timesfm,2026-10-20 00:00:00,2026-09-29 00:00:00,P1D,fcre,1.6,ensemble,82,Chla_ugL_mean,9.65044657879542
vera4cast,chlorocast_timesfm,2026-10-21 00:00:00,2026-09-29 00:00:00,P1D,fcre,1.6,ensemble,82,Chla_ugL_mean,9.7766390206511
vera4cast,chlorocast_timesfm,2026-10-22 00:00:00,2026-09-29 00:00:00,P1D,fcre,1.6,ensemble,82,Chla_ugL_mean,9.7840003226888
vera4cast,chlorocast_timesfm,2026-10-23 00:00:00,2026-09-29 00:00:00,P1D,fcre,1.6,ensemble,82,Chla_ugL_mean,9.68514441220983
vera4cast,chlorocast_timesfm,2026-10-24 00:00:00,2026-09-29 00:00:00,P1D,fcre,1.6,ensemble,82,Chla_ugL_mean,9.67232721582029
vera4cast,chlorocast_timesfm,2026-10-25 00:00:00,2026-09-29 00:00:00,P1D,fcre,1.6,ensemble,82,Chla_ugL_mean,9.60228588866166
vera4cast,chlorocast_timesfm,2026-10-26 00:00:00,2026-09-29 00:00:00,P1D,fcre,1.6,ensemble,82,Chla_ugL_mean,9.68912358635787
vera4cast,chlorocast_timesfm,2026-10-27 00:00:00,2026-09-29 00:00:00,P1D,fcre,1.6,ensemble,82,Chla_ugL_mean,9.76996907507557
vera4cast,chlorocast_timesfm,2026-10-28 00:00:00,2026-09-29 00:00:00,P1D,fcre,1.6,ensemble,82,Chla_ugL_mean,9.76328114222983
vera4cast,chlorocast_timesfm,2026-10-29 00:00:00,2026-09-29 00:00:00,P1D,fcre,1.6,ensemble,82,Chla_ugL_mean,9.80837765502591
vera4cast,chlorocast_timesfm,2026-10-30 00:00:00,2026-09-29 00:00:00,P1D,fcre,1.6,ensemble,82,Chla_ugL_mean,9.60585646730413
vera4cast,chlorocast_timesfm,2026-10-31 00:00:00,2026-09-29 00:00:00,P1D,fcre,1.6,ensemble,82,Chla_ugL_mean,9.83447311744255
vera4cast,chlorocast_timesfm,2026-11-01 00:00:00,2026-09-29 00:00:00,P1D,fcre,1.6,ensemble,82,Chla_ugL_mean,9.83402663289491
vera4cast,chlorocast_timesfm,2026-11-02 00:00:00,2026-09-29 00:00:00,P1D,fcre,1.6,ensemble,82,Chla_ugL_mean,9.86618905242662
vera4cast,chlorocast_timesfm,2026-11-03 00:00:00,2026-09-29 00:00:00,P1D,fcre,1.6,ensemble,82,Chla_ugL_mean,9.82962271667924
vera4cast,chlorocast_timesfm,2026-09-30 00:00:00,2026-09-29 00:00:00,P1D,fcre,1.6,ensemble,83,Chla_ugL_mean,8.93392781590579
vera4cast,chlorocast_timesfm,2026-10-01 00:00:00,2026-09-29 00:00:00,P1D,fcre,1.6,ensemble,83,Chla_ugL_mean,8.95640152787126
vera4cast,chlorocast_timesfm,2026-10-02 00:00:00,2026-09-29 00:00:00,P1D,fcre,1.6,ensemble,83,Chla_ugL_mean,8.91032662403624
vera4cast,chlorocast_timesfm,2026-10-03 00:00:00,2026-09-29 00:00:00,P1D,fcre,1.6,ensemble,83,Chla_ugL_mean,9.09193372729062
vera4cast,chlorocast_timesfm,2026-10-04 00:00:00,2026-09-29 00:00:00,P1D,fcre,1.6,ensemble,83,Chla_ugL_mean,9.08055493204712
vera4cast,chlorocast_timesfm,2026-10-05 00:00:00,2026-09-29 00:00:00,P1D,fcre,1.6,ensemble,83,Chla_ugL_mean,9.0458168698417
vera4cast,chlorocast_timesfm,2026-10-06 00:00:00,2026-09-29 00:00:00,P1D,fcre,1.6,ensemble,83,Chla_ugL_mean,9.08422029941185
vera4cast,chlorocast_timesfm,2026-10-07 00:00:00,2026-09-29 00:00:00,P1D,fcre,1.6,ensemble,83,Chla_ugL_mean,8.98311107978047
vera4cast,chlorocast_timesfm,2026-10-08 00:00:00,2026-09-29 00:00:00,P1D,fcre,1.6,ensemble,83,Chla_ugL_mean,9.05027403757741
vera4cast,chlorocast_timesfm,2026-10-09 00:00:00,2026-09-29 00:00:00,P1D,fcre,1.6,ensemble,83,Chla_ugL_mean,9.10621112207902
vera4cast,chlorocast_timesfm,2026-10-10 00:00:00,2026-09-29 00:00:00,P1D,fcre,1.6,ensemble,83,Chla_ugL_mean,9.10617143186123
vera4cast,chlorocast_timesfm,2026-10-11 00:00:00,2026-09-29 00:00:00,P1D,fcre,1.6,ensemble,83,Chla_ugL_mean,9.0548007634631
vera4cast,chlorocast_timesfm,2026-10-12 00:00:00,2026-09-29 00:00:00,P1D,fcre,1.6,ensemble,83,Chla_ugL_mean,9.06495056856109
vera4cast,chlorocast_timesfm,2026-10-13 00:00:00,2026-09-29 00:00:00,P1D,fcre,1.6,ensemble,83,Chla_ugL_mean,9.24835397849762
vera4cast,chlorocast_timesfm,2026-10-14 00:00:00,2026-09-29 00:00:00,P1D,fcre,1.6,ensemble,83,Chla_ugL_mean,9.52553589632265
vera4cast,chlorocast_timesfm,2026-10-15 00:00:00,2026-09-29 00:00:00,P1D,fcre,1.6,ensemble,83,Chla_ugL_mean,9.4906732531263
vera4cast,chlorocast_timesfm,2026-10-16 00:00:00,2026-09-29 00:00:00,P1D,fcre,1.6,ensemble,83,Chla_ugL_mean,9.54130363093409
vera4cast,chlorocast_timesfm,2026-10-17 00:00:00,2026-09-29 00:00:00,P1D,fcre,1.6,ensemble,83,Chla_ugL_mean,9.6723280341459
vera4cast,chlorocast_timesfm,2026-10-18 00:00:00,2026-09-29 00:00:00,P1D,fcre,1.6,ensemble,83,Chla_ugL_mean,9.71712067389952
vera4cast,chlorocast_timesfm,2026-10-19 00:00:00,2026-09-29 00:00:00,P1D,fcre,1.6,ensemble,83,Chla_ugL_mean,9.82867122628788
vera4cast,chlorocast_timesfm,2026-10-20 00:00:00,2026-09-29 00:00:00,P1D,fcre,1.6,ensemble,83,Chla_ugL_mean,9.75955548175611
vera4cast,chlorocast_timesfm,2026-10-21 00:00:00,2026-09-29 00:00:00,P1D,fcre,1.6,ensemble,83,Chla_ugL_mean,9.88341467335339
vera4cast,chlorocast_timesfm,2026-10-22 00:00:00,2026-09-29 00:00:00,P1D,fcre,1.6,ensemble,83,Chla_ugL_mean,9.88571854621808
vera4cast,chlorocast_timesfm,2026-10-23 00:00:00,2026-09-29 00:00:00,P1D,fcre,1.6,ensemble,83,Chla_ugL_mean,9.78927090471852
vera4cast,chlorocast_timesfm,2026-10-24 00:00:00,2026-09-29 00:00:00,P1D,fcre,1.6,ensemble,83,Chla_ugL_mean,9.77507367657815
vera4cast,chlorocast_timesfm,2026-10-25 00:00:00,2026-09-29 00:00:00,P1D,fcre,1.6,ensemble,83,Chla_ugL_mean,9.71198555648734
vera4cast,chlorocast_timesfm,2026-10-26 00:00:00,2026-09-29 00:00:00,P1D,fcre,1.6,ensemble,83,Chla_ugL_mean,9.79823710161403
vera4cast,chlorocast_timesfm,2026-10-27 00:00:00,2026-09-29 00:00:00,P1D,fcre,1.6,ensemble,83,Chla_ugL_mean,9.8774269168727
vera4cast,chlorocast_timesfm,2026-10-28 00:00:00,2026-09-29 00:00:00,P1D,fcre,1.6,ensemble,83,Chla_ugL_mean,9.87199088167694
vera4cast,chlorocast_timesfm,2026-10-29 00:00:00,2026-09-29 00:00:00,P1D,fcre,1.6,ensemble,83,Chla_ugL_mean,9.91404149123872
vera4cast,chlorocast_timesfm,2026-10-30 00:00:00,2026-09-29 00:00:00,P1D,fcre,1.6,ensemble,83,Chla_ugL_mean,9.71823062126962
vera4cast,chlorocast_timesfm,2026-10-31 00:00:00,2026-09-29 00:00:00,P1D,fcre,1.6,ensemble,83,Chla_ugL_mean,9.94134816854945
vera4cast,chlorocast_timesfm,2026-11-01 00:00:00,2026-09-29 00:00:00,P1D,fcre,1.6,ensemble,83,Chla_ugL_mean,9.9438757157613
vera4cast,chlorocast_timesfm,2026-11-02 00:00:00,2026-09-29 00:00:00,P1D,fcre,1.6,ensemble,83,Chla_ugL_mean,9.97509159746382
vera4cast,chlorocast_timesfm,2026-11-03 00:00:00,2026-09-29 00:00:00,P1D,fcre,1.6,ensemble,83,Chla_ugL_mean,9.94088742242968
vera4cast,chlorocast_timesfm,2026-09-30 00:00:00,2026-09-29 00:00:00,P1D,fcre,1.6,ensemble,84,Chla_ugL_mean,9.00764857233597
vera4cast,chlorocast_timesfm,2026-10-01 00:00:00,2026-09-29 00:00:00,P1D,fcre,1.6,ensemble,84,Chla_ugL_mean,9.03010940979285
vera4cast,chlorocast_timesfm,2026-10-02 00:00:00,2026-09-29 00:00:00,P1D,fcre,1.6,ensemble,84,Chla_ugL_mean,8.99152036095423
vera4cast,chlorocast_timesfm,2026-10-03 00:00:00,2026-09-29 00:00:00,P1D,fcre,1.6,ensemble,84,Chla_ugL_mean,9.17356729706442
vera4cast,chlorocast_timesfm,2026-10-04 00:00:00,2026-09-29 00:00:00,P1D,fcre,1.6,ensemble,84,Chla_ugL_mean,9.16518829303623
vera4cast,chlorocast_timesfm,2026-10-05 00:00:00,2026-09-29 00:00:00,P1D,fcre,1.6,ensemble,84,Chla_ugL_mean,9.13049610962999
vera4cast,chlorocast_timesfm,2026-10-06 00:00:00,2026-09-29 00:00:00,P1D,fcre,1.6,ensemble,84,Chla_ugL_mean,9.17209508414854
vera4cast,chlorocast_timesfm,2026-10-07 00:00:00,2026-09-29 00:00:00,P1D,fcre,1.6,ensemble,84,Chla_ugL_mean,9.07465896347621
vera4cast,chlorocast_timesfm,2026-10-08 00:00:00,2026-09-29 00:00:00,P1D,fcre,1.6,ensemble,84,Chla_ugL_mean,9.14000441657771
vera4cast,chlorocast_timesfm,2026-10-09 00:00:00,2026-09-29 00:00:00,P1D,fcre,1.6,ensemble,84,Chla_ugL_mean,9.20042490352506
vera4cast,chlorocast_timesfm,2026-10-10 00:00:00,2026-09-29 00:00:00,P1D,fcre,1.6,ensemble,84,Chla_ugL_mean,9.19471200799982
vera4cast,chlorocast_timesfm,2026-10-11 00:00:00,2026-09-29 00:00:00,P1D,fcre,1.6,ensemble,84,Chla_ugL_mean,9.14813404665569
vera4cast,chlorocast_timesfm,2026-10-12 00:00:00,2026-09-29 00:00:00,P1D,fcre,1.6,ensemble,84,Chla_ugL_mean,9.15926570632516
vera4cast,chlorocast_timesfm,2026-10-13 00:00:00,2026-09-29 00:00:00,P1D,fcre,1.6,ensemble,84,Chla_ugL_mean,9.34559590850007
vera4cast,chlorocast_timesfm,2026-10-14 00:00:00,2026-09-29 00:00:00,P1D,fcre,1.6,ensemble,84,Chla_ugL_mean,9.62100276862383
vera4cast,chlorocast_timesfm,2026-10-15 00:00:00,2026-09-29 00:00:00,P1D,fcre,1.6,ensemble,84,Chla_ugL_mean,9.59367653438212
vera4cast,chlorocast_timesfm,2026-10-16 00:00:00,2026-09-29 00:00:00,P1D,fcre,1.6,ensemble,84,Chla_ugL_mean,9.64785519842072
vera4cast,chlorocast_timesfm,2026-10-17 00:00:00,2026-09-29 00:00:00,P1D,fcre,1.6,ensemble,84,Chla_ugL_mean,9.77558417940663
vera4cast,chlorocast_timesfm,2026-10-18 00:00:00,2026-09-29 00:00:00,P1D,fcre,1.6,ensemble,84,Chla_ugL_mean,9.82277108182079
vera4cast,chlorocast_timesfm,2026-10-19 00:00:00,2026-09-29 00:00:00,P1D,fcre,1.6,ensemble,84,Chla_ugL_mean,9.93220352011017
vera4cast,chlorocast_timesfm,2026-10-20 00:00:00,2026-09-29 00:00:00,P1D,fcre,1.6,ensemble,84,Chla_ugL_mean,9.86978215500157
vera4cast,chlorocast_timesfm,2026-10-21 00:00:00,2026-09-29 00:00:00,P1D,fcre,1.6,ensemble,84,Chla_ugL_mean,9.99124826628993
vera4cast,chlorocast_timesfm,2026-10-22 00:00:00,2026-09-29 00:00:00,P1D,fcre,1.6,ensemble,84,Chla_ugL_mean,9.98839620935126
vera4cast,chlorocast_timesfm,2026-10-23 00:00:00,2026-09-29 00:00:00,P1D,fcre,1.6,ensemble,84,Chla_ugL_mean,9.89441210755997
vera4cast,chlorocast_timesfm,2026-10-24 00:00:00,2026-09-29 00:00:00,P1D,fcre,1.6,ensemble,84,Chla_ugL_mean,9.87880931570214
vera4cast,chlorocast_timesfm,2026-10-25 00:00:00,2026-09-29 00:00:00,P1D,fcre,1.6,ensemble,84,Chla_ugL_mean,9.82282026417588
vera4cast,chlorocast_timesfm,2026-10-26 00:00:00,2026-09-29 00:00:00,P1D,fcre,1.6,ensemble,84,Chla_ugL_mean,9.90846443683078
vera4cast,chlorocast_timesfm,2026-10-27 00:00:00,2026-09-29 00:00:00,P1D,fcre,1.6,ensemble,84,Chla_ugL_mean,9.9859569240292
vera4cast,chlorocast_timesfm,2026-10-28 00:00:00,2026-09-29 00:00:00,P1D,fcre,1.6,ensemble,84,Chla_ugL_mean,9.9817985955516
vera4cast,chlorocast_timesfm,2026-10-29 00:00:00,2026-09-29 00:00:00,P1D,fcre,1.6,ensemble,84,Chla_ugL_mean,10.0207383082225
vera4cast,chlorocast_timesfm,2026-10-30 00:00:00,2026-09-29 00:00:00,P1D,fcre,1.6,ensemble,84,Chla_ugL_mean,9.83179543348307
vera4cast,chlorocast_timesfm,2026-10-31 00:00:00,2026-09-29 00:00:00,P1D,fcre,1.6,ensemble,84,Chla_ugL_mean,10.0492774727266
vera4cast,chlorocast_timesfm,2026-11-01 00:00:00,2026-09-29 00:00:00,P1D,fcre,1.6,ensemble,84,Chla_ugL_mean,10.0548385877493
vera4cast,chlorocast_timesfm,2026-11-02 00:00:00,2026-09-29 00:00:00,P1D,fcre,1.6,ensemble,84,Chla_ugL_mean,10.0850855798263
vera4cast,chlorocast_timesfm,2026-11-03 00:00:00,2026-09-29 00:00:00,P1D,fcre,1.6,ensemble,84,Chla_ugL_mean,10.0532952737051
vera4cast,chlorocast_timesfm,2026-09-30 00:00:00,2026-09-29 00:00:00,P1D,fcre,1.6,ensemble,85,Chla_ugL_mean,9.08191641850038
vera4cast,chlorocast_timesfm,2026-10-01 00:00:00,2026-09-29 00:00:00,P1D,fcre,1.6,ensemble,85,Chla_ugL_mean,9.10436295591271
vera4cast,chlorocast_timesfm,2026-10-02 00:00:00,2026-09-29 00:00:00,P1D,fcre,1.6,ensemble,85,Chla_ugL_mean,9.07337930530329
vera4cast,chlorocast_timesfm,2026-10-03 00:00:00,2026-09-29 00:00:00,P1D,fcre,1.6,ensemble,85,Chla_ugL_mean,9.25586120011964
vera4cast,chlorocast_timesfm,2026-10-04 00:00:00,2026-09-29 00:00:00,P1D,fcre,1.6,ensemble,85,Chla_ugL_mean,9.25053221071996
vera4cast,chlorocast_timesfm,2026-10-05 00:00:00,2026-09-29 00:00:00,P1D,fcre,1.6,ensemble,85,Chla_ugL_mean,9.2158891364347
vera4cast,chlorocast_timesfm,2026-10-06 00:00:00,2026-09-29 00:00:00,P1D,fcre,1.6,ensemble,85,Chla_ugL_mean,9.26073561750667
vera4cast,chlorocast_timesfm,2026-10-07 00:00:00,2026-09-29 00:00:00,P1D,fcre,1.6,ensemble,85,Chla_ugL_mean,9.16704636653041
vera4cast,chlorocast_timesfm,2026-10-08 00:00:00,2026-09-29 00:00:00,P1D,fcre,1.6,ensemble,85,Chla_ugL_mean,9.23053592208317
vera4cast,chlorocast_timesfm,2026-10-09 00:00:00,2026-09-29 00:00:00,P1D,fcre,1.6,ensemble,85,Chla_ugL_mean,9.29551698016077
vera4cast,chlorocast_timesfm,2026-10-10 00:00:00,2026-09-29 00:00:00,P1D,fcre,1.6,ensemble,85,Chla_ugL_mean,9.28402829170241
vera4cast,chlorocast_timesfm,2026-10-11 00:00:00,2026-09-29 00:00:00,P1D,fcre,1.6,ensemble,85,Chla_ugL_mean,9.24233369229109
vera4cast,chlorocast_timesfm,2026-10-12 00:00:00,2026-09-29 00:00:00,P1D,fcre,1.6,ensemble,85,Chla_ugL_mean,9.25446463831662
vera4cast,chlorocast_timesfm,2026-10-13 00:00:00,2026-09-29 00:00:00,P1D,fcre,1.6,ensemble,85,Chla_ugL_mean,9.44376052257164
vera4cast,chlorocast_timesfm,2026-10-14 00:00:00,2026-09-29 00:00:00,P1D,fcre,1.6,ensemble,85,Chla_ugL_mean,9.7173355278306
vera4cast,chlorocast_timesfm,2026-10-15 00:00:00,2026-09-29 00:00:00,P1D,fcre,1.6,ensemble,85,Chla_ugL_mean,9.69769115930421
vera4cast,chlorocast_timesfm,2026-10-16 00:00:00,2026-09-29 00:00:00,P1D,fcre,1.6,ensemble,85,Chla_ugL_mean,9.75548378986296
vera4cast,chlorocast_timesfm,2026-10-17 00:00:00,2026-09-29 00:00:00,P1D,fcre,1.6,ensemble,85,Chla_ugL_mean,9.87983934114249
vera4cast,chlorocast_timesfm,2026-10-18 00:00:00,2026-09-29 00:00:00,P1D,fcre,1.6,ensemble,85,Chla_ugL_mean,9.92946300164004
vera4cast,chlorocast_timesfm,2026-10-19 00:00:00,2026-09-29 00:00:00,P1D,fcre,1.6,ensemble,85,Chla_ugL_mean,10.0367256801534
vera4cast,chlorocast_timesfm,2026-10-20 00:00:00,2026-09-29 00:00:00,P1D,fcre,1.6,ensemble,85,Chla_ugL_mean,9.98113804957176
vera4cast,chlorocast_timesfm,2026-10-21 00:00:00,2026-09-29 00:00:00,P1D,fcre,1.6,ensemble,85,Chla_ugL_mean,10.1001502816026
vera4cast,chlorocast_timesfm,2026-10-22 00:00:00,2026-09-29 00:00:00,P1D,fcre,1.6,ensemble,85,Chla_ugL_mean,10.0920423618369
vera4cast,chlorocast_timesfm,2026-10-23 00:00:00,2026-09-29 00:00:00,P1D,fcre,1.6,ensemble,85,Chla_ugL_mean,10.0005779090636
vera4cast,chlorocast_timesfm,2026-10-24 00:00:00,2026-09-29 00:00:00,P1D,fcre,1.6,ensemble,85,Chla_ugL_mean,9.98354365638007
vera4cast,chlorocast_timesfm,2026-10-25 00:00:00,2026-09-29 00:00:00,P1D,fcre,1.6,ensemble,85,Chla_ugL_mean,9.9348017557509
vera4cast,chlorocast_timesfm,2026-10-26 00:00:00,2026-09-29 00:00:00,P1D,fcre,1.6,ensemble,85,Chla_ugL_mean,10.019816961772
vera4cast,chlorocast_timesfm,2026-10-27 00:00:00,2026-09-29 00:00:00,P1D,fcre,1.6,ensemble,85,Chla_ugL_mean,10.0955697941223
vera4cast,chlorocast_timesfm,2026-10-28 00:00:00,2026-09-29 00:00:00,P1D,fcre,1.6,ensemble,85,Chla_ugL_mean,10.0927153734567
vera4cast,chlorocast_timesfm,2026-10-29 00:00:00,2026-09-29 00:00:00,P1D,fcre,1.6,ensemble,85,Chla_ugL_mean,10.1284782045059
vera4cast,chlorocast_timesfm,2026-10-30 00:00:00,2026-09-29 00:00:00,P1D,fcre,1.6,ensemble,85,Chla_ugL_mean,9.94656351954169
vera4cast,chlorocast_timesfm,2026-10-31 00:00:00,2026-09-29 00:00:00,P1D,fcre,1.6,ensemble,85,Chla_ugL_mean,10.158271429497
vera4cast,chlorocast_timesfm,2026-11-01 00:00:00,2026-09-29 00:00:00,P1D,fcre,1.6,ensemble,85,Chla_ugL_mean,10.1669265418635
vera4cast,chlorocast_timesfm,2026-11-02 00:00:00,2026-09-29 00:00:00,P1D,fcre,1.6,ensemble,85,Chla_ugL_mean,10.1961819380595
vera4cast,chlorocast_timesfm,2026-11-03 00:00:00,2026-09-29 00:00:00,P1D,fcre,1.6,ensemble,85,Chla_ugL_mean,10.1668580153052
vera4cast,chlorocast_timesfm,2026-09-30 00:00:00,2026-09-29 00:00:00,P1D,fcre,1.6,ensemble,86,Chla_ugL_mean,9.15673541441132
vera4cast,chlorocast_timesfm,2026-10-01 00:00:00,2026-09-29 00:00:00,P1D,fcre,1.6,ensemble,86,Chla_ugL_mean,9.17916620581805
vera4cast,chlorocast_timesfm,2026-10-02 00:00:00,2026-09-29 00:00:00,P1D,fcre,1.6,ensemble,86,Chla_ugL_mean,9.15590890702259
vera4cast,chlorocast_timesfm,2026-10-03 00:00:00,2026-09-29 00:00:00,P1D,fcre,1.6,ensemble,86,Chla_ugL_mean,9.33882077788682
vera4cast,chlorocast_timesfm,2026-10-04 00:00:00,2026-09-29 00:00:00,P1D,fcre,1.6,ensemble,86,Chla_ugL_mean,9.33659265072236
vera4cast,chlorocast_timesfm,2026-10-05 00:00:00,2026-09-29 00:00:00,P1D,fcre,1.6,ensemble,86,Chla_ugL_mean,9.30200196698328
vera4cast,chlorocast_timesfm,2026-10-06 00:00:00,2026-09-29 00:00:00,P1D,fcre,1.6,ensemble,86,Chla_ugL_mean,9.35014857228723
vera4cast,chlorocast_timesfm,2026-10-07 00:00:00,2026-09-29 00:00:00,P1D,fcre,1.6,ensemble,86,Chla_ugL_mean,9.26028098756728
vera4cast,chlorocast_timesfm,2026-10-08 00:00:00,2026-09-29 00:00:00,P1D,fcre,1.6,ensemble,86,Chla_ugL_mean,9.32187570667336
vera4cast,chlorocast_timesfm,2026-10-09 00:00:00,2026-09-29 00:00:00,P1D,fcre,1.6,ensemble,86,Chla_ugL_mean,9.39149553977384
vera4cast,chlorocast_timesfm,2026-10-10 00:00:00,2026-09-29 00:00:00,P1D,fcre,1.6,ensemble,86,Chla_ugL_mean,9.37412707897433
vera4cast,chlorocast_timesfm,2026-10-11 00:00:00,2026-09-29 00:00:00,P1D,fcre,1.6,ensemble,86,Chla_ugL_mean,9.3374077423438
vera4cast,chlorocast_timesfm,2026-10-12 00:00:00,2026-09-29 00:00:00,P1D,fcre,1.6,ensemble,86,Chla_ugL_mean,9.35055564626261
vera4cast,chlorocast_timesfm,2026-10-13 00:00:00,2026-09-29 00:00:00,P1D,fcre,1.6,ensemble,86,Chla_ugL_mean,9.54285657563822
vera4cast,chlorocast_timesfm,2026-10-14 00:00:00,2026-09-29 00:00:00,P1D,fcre,1.6,ensemble,86,Chla_ugL_mean,9.81454202755872
vera4cast,chlorocast_timesfm,2026-10-15 00:00:00,2026-09-29 00:00:00,P1D,fcre,1.6,ensemble,86,Chla_ugL_mean,9.80272705782877
vera4cast,chlorocast_timesfm,2026-10-16 00:00:00,2026-09-29 00:00:00,P1D,fcre,1.6,ensemble,86,Chla_ugL_mean,9.86420029182614
vera4cast,chlorocast_timesfm,2026-10-17 00:00:00,2026-09-29 00:00:00,P1D,fcre,1.6,ensemble,86,Chla_ugL_mean,9.98510318496627
vera4cast,chlorocast_timesfm,2026-10-18 00:00:00,2026-09-29 00:00:00,P1D,fcre,1.6,ensemble,86,Chla_ugL_mean,10.0372067006819
vera4cast,chlorocast_timesfm,2026-10-19 00:00:00,2026-09-29 00:00:00,P1D,fcre,1.6,ensemble,86,Chla_ugL_mean,10.1422471704706
vera4cast,chlorocast_timesfm,2026-10-20 00:00:00,2026-09-29 00:00:00,P1D,fcre,1.6,ensemble,86,Chla_ugL_mean,10.0936347338173
vera4cast,chlorocast_timesfm,2026-10-21 00:00:00,2026-09-29 00:00:00,P1D,fcre,1.6,ensemble,86,Chla_ugL_mean,10.210131305291
vera4cast,chlorocast_timesfm,2026-10-22 00:00:00,2026-09-29 00:00:00,P1D,fcre,1.6,ensemble,86,Chla_ugL_mean,10.196666138784
vera4cast,chlorocast_timesfm,2026-10-23 00:00:00,2026-09-29 00:00:00,P1D,fcre,1.6,ensemble,86,Chla_ugL_mean,10.1077782939204
vera4cast,chlorocast_timesfm,2026-10-24 00:00:00,2026-09-29 00:00:00,P1D,fcre,1.6,ensemble,86,Chla_ugL_mean,10.089286313483
vera4cast,chlorocast_timesfm,2026-10-25 00:00:00,2026-09-29 00:00:00,P1D,fcre,1.6,ensemble,86,Chla_ugL_mean,10.047941896749
vera4cast,chlorocast_timesfm,2026-10-26 00:00:00,2026-09-29 00:00:00,P1D,fcre,1.6,ensemble,86,Chla_ugL_mean,10.1323061622629
vera4cast,chlorocast_timesfm,2026-10-27 00:00:00,2026-09-29 00:00:00,P1D,fcre,1.6,ensemble,86,Chla_ugL_mean,10.2062763314646
vera4cast,chlorocast_timesfm,2026-10-28 00:00:00,2026-09-29 00:00:00,P1D,fcre,1.6,ensemble,86,Chla_ugL_mean,10.2047524170008
vera4cast,chlorocast_timesfm,2026-10-29 00:00:00,2026-09-29 00:00:00,P1D,fcre,1.6,ensemble,86,Chla_ugL_mean,10.2372713773418
vera4cast,chlorocast_timesfm,2026-10-30 00:00:00,2026-09-29 00:00:00,P1D,fcre,1.6,ensemble,86,Chla_ugL_mean,10.062547628711
vera4cast,chlorocast_timesfm,2026-10-31 00:00:00,2026-09-29 00:00:00,P1D,fcre,1.6,ensemble,86,Chla_ugL_mean,10.2683405409679
vera4cast,chlorocast_timesfm,2026-11-01 00:00:00,2026-09-29 00:00:00,P1D,fcre,1.6,ensemble,86,Chla_ugL_mean,10.2801509856114
vera4cast,chlorocast_timesfm,2026-11-02 00:00:00,2026-09-29 00:00:00,P1D,fcre,1.6,ensemble,86,Chla_ugL_mean,10.3083917203366
vera4cast,chlorocast_timesfm,2026-11-03 00:00:00,2026-09-29 00:00:00,P1D,fcre,1.6,ensemble,86,Chla_ugL_mean,10.2815875126973
vera4cast,chlorocast_timesfm,2026-09-30 00:00:00,2026-09-29 00:00:00,P1D,fcre,1.6,ensemble,87,Chla_ugL_mean,9.23210965021085
vera4cast,chlorocast_timesfm,2026-10-01 00:00:00,2026-09-29 00:00:00,P1D,fcre,1.6,ensemble,87,Chla_ugL_mean,9.25452322900141
vera4cast,chlorocast_timesfm,2026-10-02 00:00:00,2026-09-29 00:00:00,P1D,fcre,1.6,ensemble,87,Chla_ugL_mean,9.23911466070177
vera4cast,chlorocast_timesfm,2026-10-03 00:00:00,2026-09-29 00:00:00,P1D,fcre,1.6,ensemble,87,Chla_ugL_mean,9.42245141500328
vera4cast,chlorocast_timesfm,2026-10-04 00:00:00,2026-09-29 00:00:00,P1D,fcre,1.6,ensemble,87,Chla_ugL_mean,9.42337562875316
vera4cast,chlorocast_timesfm,2026-10-05 00:00:00,2026-09-29 00:00:00,P1D,fcre,1.6,ensemble,87,Chla_ugL_mean,9.38884066871996
vera4cast,chlorocast_timesfm,2026-10-06 00:00:00,2026-09-29 00:00:00,P1D,fcre,1.6,ensemble,87,Chla_ugL_mean,9.4403406794386
vera4cast,chlorocast_timesfm,2026-10-07 00:00:00,2026-09-29 00:00:00,P1D,fcre,1.6,ensemble,87,Chla_ugL_mean,9.35437059580952
vera4cast,chlorocast_timesfm,2026-10-08 00:00:00,2026-09-29 00:00:00,P1D,fcre,1.6,ensemble,87,Chla_ugL_mean,9.4140309867872
vera4cast,chlorocast_timesfm,2026-10-09 00:00:00,2026-09-29 00:00:00,P1D,fcre,1.6,ensemble,87,Chla_ugL_mean,9.48836884648152
vera4cast,chlorocast_timesfm,2026-10-10 00:00:00,2026-09-29 00:00:00,P1D,fcre,1.6,ensemble,87,Chla_ugL_mean,9.46501522536095
vera4cast,chlorocast_timesfm,2026-10-11 00:00:00,2026-09-29 00:00:00,P1D,fcre,1.6,ensemble,87,Chla_ugL_mean,9.43336431343761
vera4cast,chlorocast_timesfm,2026-10-12 00:00:00,2026-09-29 00:00:00,P1D,fcre,1.6,ensemble,87,Chla_ugL_mean,9.44754708949546
vera4cast,chlorocast_timesfm,2026-10-13 00:00:00,2026-09-29 00:00:00,P1D,fcre,1.6,ensemble,87,Chla_ugL_mean,9.64289290569718
vera4cast,chlorocast_timesfm,2026-10-14 00:00:00,2026-09-29 00:00:00,P1D,fcre,1.6,ensemble,87,Chla_ugL_mean,9.91263019265646
vera4cast,chlorocast_timesfm,2026-10-15 00:00:00,2026-09-29 00:00:00,P1D,fcre,1.6,ensemble,87,Chla_ugL_mean,9.90879425738965
vera4cast,chlorocast_timesfm,2026-10-16 00:00:00,2026-09-29 00:00:00,P1D,fcre,1.6,ensemble,87,Chla_ugL_mean,9.97401570091707
vera4cast,chlorocast_timesfm,2026-10-17 00:00:00,2026-09-29 00:00:00,P1D,fcre,1.6,ensemble,87,Chla_ugL_mean,10.0913854700068
vera4cast,chlorocast_timesfm,2026-10-18 00:00:00,2026-09-29 00:00:00,P1D,fcre,1.6,ensemble,87,Chla_ugL_mean,10.1460125474872
vera4cast,chlorocast_timesfm,2026-10-19 00:00:00,2026-09-29 00:00:00,P1D,fcre,1.6,ensemble,87,Chla_ugL_mean,10.2487775456004
vera4cast,chlorocast_timesfm,2026-10-20 00:00:00,2026-09-29 00:00:00,P1D,fcre,1.6,ensemble,87,Chla_ugL_mean,10.2072838946011
vera4cast,chlorocast_timesfm,2026-10-21 00:00:00,2026-09-29 00:00:00,P1D,fcre,1.6,ensemble,87,Chla_ugL_mean,10.3212020282415
vera4cast,chlorocast_timesfm,2026-10-22 00:00:00,2026-09-29 00:00:00,P1D,fcre,1.6,ensemble,87,Chla_ugL_mean,10.3022767614665
vera4cast,chlorocast_timesfm,2026-10-23 00:00:00,2026-09-29 00:00:00,P1D,fcre,1.6,ensemble,87,Chla_ugL_mean,10.2160233441219
vera4cast,chlorocast_timesfm,2026-10-24 00:00:00,2026-09-29 00:00:00,P1D,fcre,1.6,ensemble,87,Chla_ugL_mean,10.1960469944478
vera4cast,chlorocast_timesfm,2026-10-25 00:00:00,2026-09-29 00:00:00,P1D,fcre,1.6,ensemble,87,Chla_ugL_mean,10.1622526754771
vera4cast,chlorocast_timesfm,2026-10-26 00:00:00,2026-09-29 00:00:00,P1D,fcre,1.6,ensemble,87,Chla_ugL_mean,10.2459436413751
vera4cast,chlorocast_timesfm,2026-10-27 00:00:00,2026-09-29 00:00:00,P1D,fcre,1.6,ensemble,87,Chla_ugL_mean,10.3180874481695
vera4cast,chlorocast_timesfm,2026-10-28 00:00:00,2026-09-29 00:00:00,P1D,fcre,1.6,ensemble,87,Chla_ugL_mean,10.3179210409293
vera4cast,chlorocast_timesfm,2026-10-29 00:00:00,2026-09-29 00:00:00,P1D,fcre,1.6,ensemble,87,Chla_ugL_mean,10.3471281236725
vera4cast,chlorocast_timesfm,2026-10-30 00:00:00,2026-09-29 00:00:00,P1D,fcre,1.6,ensemble,87,Chla_ugL_mean,10.1797606453412
vera4cast,chlorocast_timesfm,2026-10-31 00:00:00,2026-09-29 00:00:00,P1D,fcre,1.6,ensemble,87,Chla_ugL_mean,10.3794954128432
vera4cast,chlorocast_timesfm,2026-11-01 00:00:00,2026-09-29 00:00:00,P1D,fcre,1.6,ensemble,87,Chla_ugL_mean,10.3945234421644
vera4cast,chlorocast_timesfm,2026-11-02 00:00:00,2026-09-29 00:00:00,P1D,fcre,1.6,ensemble,87,Chla_ugL_mean,10.421726085557
vera4cast,chlorocast_timesfm,2026-11-03 00:00:00,2026-09-29 00:00:00,P1D,fcre,1.6,ensemble,87,Chla_ugL_mean,10.3974957532553
vera4cast,chlorocast_timesfm,2026-09-30 00:00:00,2026-09-29 00:00:00,P1D,fcre,1.6,ensemble,88,Chla_ugL_mean,9.30804324639445
vera4cast,chlorocast_timesfm,2026-10-01 00:00:00,2026-09-29 00:00:00,P1D,fcre,1.6,ensemble,88,Chla_ugL_mean,9.33043812508204
vera4cast,chlorocast_timesfm,2026-10-02 00:00:00,2026-09-29 00:00:00,P1D,fcre,1.6,ensemble,88,Chla_ugL_mean,9.3230021059468
vera4cast,chlorocast_timesfm,2026-10-03 00:00:00,2026-09-29 00:00:00,P1D,fcre,1.6,ensemble,88,Chla_ugL_mean,9.50675853966264
vera4cast,chlorocast_timesfm,2026-10-04 00:00:00,2026-09-29 00:00:00,P1D,fcre,1.6,ensemble,88,Chla_ugL_mean,9.51088721102815
vera4cast,chlorocast_timesfm,2026-10-05 00:00:00,2026-09-29 00:00:00,P1D,fcre,1.6,ensemble,88,Chla_ugL_mean,9.47641136023334
vera4cast,chlorocast_timesfm,2026-10-06 00:00:00,2026-09-29 00:00:00,P1D,fcre,1.6,ensemble,88,Chla_ugL_mean,9.53131872856322
vera4cast,chlorocast_timesfm,2026-10-07 00:00:00,2026-09-29 00:00:00,P1D,fcre,1.6,ensemble,88,Chla_ugL_mean,9.44932303172578
vera4cast,chlorocast_timesfm,2026-10-08 00:00:00,2026-09-29 00:00:00,P1D,fcre,1.6,ensemble,88,Chla_ugL_mean,9.50700904329307
vera4cast,chlorocast_timesfm,2026-10-09 00:00:00,2026-09-29 00:00:00,P1D,fcre,1.6,ensemble,88,Chla_ugL_mean,9.58614524144214
vera4cast,chlorocast_timesfm,2026-10-10 00:00:00,2026-09-29 00:00:00,P1D,fcre,1.6,ensemble,88,Chla_ugL_mean,9.55669964646935
vera4cast,chlorocast_timesfm,2026-10-11 00:00:00,2026-09-29 00:00:00,P1D,fcre,1.6,ensemble,88,Chla_ugL_mean,9.53021159753855
vera4cast,chlorocast_timesfm,2026-10-12 00:00:00,2026-09-29 00:00:00,P1D,fcre,1.6,ensemble,88,Chla_ugL_mean,9.54544740567985
vera4cast,chlorocast_timesfm,2026-10-13 00:00:00,2026-09-29 00:00:00,P1D,fcre,1.6,ensemble,88,Chla_ugL_mean,9.74387843460561
vera4cast,chlorocast_timesfm,2026-10-14 00:00:00,2026-09-29 00:00:00,P1D,fcre,1.6,ensemble,88,Chla_ugL_mean,10.0116080198506
vera4cast,chlorocast_timesfm,2026-10-15 00:00:00,2026-09-29 00:00:00,P1D,fcre,1.6,ensemble,88,Chla_ugL_mean,10.0159028838756
vera4cast,chlorocast_timesfm,2026-10-16 00:00:00,2026-09-29 00:00:00,P1D,fcre,1.6,ensemble,88,Chla_ugL_mean,10.0849411248963
vera4cast,chlorocast_timesfm,2026-10-17 00:00:00,2026-09-29 00:00:00,P1D,fcre,1.6,ensemble,88,Chla_ugL_mean,10.1986960498137
vera4cast,chlorocast_timesfm,2026-10-18 00:00:00,2026-09-29 00:00:00,P1D,fcre,1.6,ensemble,88,Chla_ugL_mean,10.255891012811
vera4cast,chlorocast_timesfm,2026-10-19 00:00:00,2026-09-29 00:00:00,P1D,fcre,1.6,ensemble,88,Chla_ugL_mean,10.3563264514316
vera4cast,chlorocast_timesfm,2026-10-20 00:00:00,2026-09-29 00:00:00,P1D,fcre,1.6,ensemble,88,Chla_ugL_mean,10.3220973385128
vera4cast,chlorocast_timesfm,2026-10-21 00:00:00,2026-09-29 00:00:00,P1D,fcre,1.6,ensemble,88,Chla_ugL_mean,10.4333732472667
vera4cast,chlorocast_timesfm,2026-10-22 00:00:00,2026-09-29 00:00:00,P1D,fcre,1.6,ensemble,88,Chla_ugL_mean,10.4088835381367
vera4cast,chlorocast_timesfm,2026-10-23 00:00:00,2026-09-29 00:00:00,P1D,fcre,1.6,ensemble,88,Chla_ugL_mean,10.3253232399085
vera4cast,chlorocast_timesfm,2026-10-24 00:00:00,2026-09-29 00:00:00,P1D,fcre,1.6,ensemble,88,Chla_ugL_mean,10.3038355001688
vera4cast,chlorocast_timesfm,2026-10-25 00:00:00,2026-09-29 00:00:00,P1D,fcre,1.6,ensemble,88,Chla_ugL_mean,10.2777462042826
vera4cast,chlorocast_timesfm,2026-10-26 00:00:00,2026-09-29 00:00:00,P1D,fcre,1.6,ensemble,88,Chla_ugL_mean,10.360741120623
vera4cast,chlorocast_timesfm,2026-10-27 00:00:00,2026-09-29 00:00:00,P1D,fcre,1.6,ensemble,88,Chla_ugL_mean,10.4310141652263
vera4cast,chlorocast_timesfm,2026-10-28 00:00:00,2026-09-29 00:00:00,P1D,fcre,1.6,ensemble,88,Chla_ugL_mean,10.4322326742671
vera4cast,chlorocast_timesfm,2026-10-29 00:00:00,2026-09-29 00:00:00,P1D,fcre,1.6,ensemble,88,Chla_ugL_mean,10.4580588411042
vera4cast,chlorocast_timesfm,2026-10-30 00:00:00,2026-09-29 00:00:00,P1D,fcre,1.6,ensemble,88,Chla_ugL_mean,10.2982155902982
vera4cast,chlorocast_timesfm,2026-10-31 00:00:00,2026-09-29 00:00:00,P1D,fcre,1.6,ensemble,88,Chla_ugL_mean,10.4917467554452
vera4cast,chlorocast_timesfm,2026-11-01 00:00:00,2026-09-29 00:00:00,P1D,fcre,1.6,ensemble,88,Chla_ugL_mean,10.51005555153
vera4cast,chlorocast_timesfm,2026-11-02 00:00:00,2026-09-29 00:00:00,P1D,fcre,1.6,ensemble,88,Chla_ugL_mean,10.5361963044566
vera4cast,chlorocast_timesfm,2026-11-03 00:00:00,2026-09-29 00:00:00,P1D,fcre,1.6,ensemble,88,Chla_ugL_mean,10.5145948475132
vera4cast,chlorocast_timesfm,2026-09-30 00:00:00,2026-09-29 00:00:00,P1D,fcre,1.6,ensemble,89,Chla_ugL_mean,9.38454035403626
vera4cast,chlorocast_timesfm,2026-10-01 00:00:00,2026-09-29 00:00:00,P1D,fcre,1.6,ensemble,89,Chla_ugL_mean,9.40691502402894
vera4cast,chlorocast_timesfm,2026-10-02 00:00:00,2026-09-29 00:00:00,P1D,fcre,1.6,ensemble,89,Chla_ugL_mean,9.40757682774872
vera4cast,chlorocast_timesfm,2026-10-03 00:00:00,2026-09-29 00:00:00,P1D,fcre,1.6,ensemble,89,Chla_ugL_mean,9.59174762396713
vera4cast,chlorocast_timesfm,2026-10-04 00:00:00,2026-09-29 00:00:00,P1D,fcre,1.6,ensemble,89,Chla_ugL_mean,9.59913351469331
vera4cast,chlorocast_timesfm,2026-10-05 00:00:00,2026-09-29 00:00:00,P1D,fcre,1.6,ensemble,89,Chla_ugL_mean,9.56472021168744
vera4cast,chlorocast_timesfm,2026-10-06 00:00:00,2026-09-29 00:00:00,P1D,fcre,1.6,ensemble,89,Chla_ugL_mean,9.62308956842874
vera4cast,chlorocast_timesfm,2026-10-07 00:00:00,2026-09-29 00:00:00,P1D,fcre,1.6,ensemble,89,Chla_ugL_mean,9.54514620768393
vera4cast,chlorocast_timesfm,2026-10-08 00:00:00,2026-09-29 00:00:00,P1D,fcre,1.6,ensemble,89,Chla_ugL_mean,9.60081722206403
vera4cast,chlorocast_timesfm,2026-10-09 00:00:00,2026-09-29 00:00:00,P1D,fcre,1.6,ensemble,89,Chla_ugL_mean,9.68483314357336
vera4cast,chlorocast_timesfm,2026-10-10 00:00:00,2026-09-29 00:00:00,P1D,fcre,1.6,ensemble,89,Chla_ugL_mean,9.64918731849455
vera4cast,chlorocast_timesfm,2026-10-11 00:00:00,2026-09-29 00:00:00,P1D,fcre,1.6,ensemble,89,Chla_ugL_mean,9.62795786265424
vera4cast,chlorocast_timesfm,2026-10-12 00:00:00,2026-09-29 00:00:00,P1D,fcre,1.6,ensemble,89,Chla_ugL_mean,9.6442651115469
vera4cast,chlorocast_timesfm,2026-10-13 00:00:00,2026-09-29 00:00:00,P1D,fcre,1.6,ensemble,89,Chla_ugL_mean,9.845822168876
vera4cast,chlorocast_timesfm,2026-10-14 00:00:00,2026-09-29 00:00:00,P1D,fcre,1.6,ensemble,89,Chla_ugL_mean,10.1114835783986
vera4cast,chlorocast_timesfm,2026-10-15 00:00:00,2026-09-29 00:00:00,P1D,fcre,1.6,ensemble,89,Chla_ugL_mean,10.1240631625972
vera4cast,chlorocast_timesfm,2026-10-16 00:00:00,2026-09-29 00:00:00,P1D,fcre,1.6,ensemble,89,Chla_ugL_mean,10.1969877838019
vera4cast,chlorocast_timesfm,2026-10-17 00:00:00,2026-09-29 00:00:00,P1D,fcre,1.6,ensemble,89,Chla_ugL_mean,10.307044873271
vera4cast,chlorocast_timesfm,2026-10-18 00:00:00,2026-09-29 00:00:00,P1D,fcre,1.6,ensemble,89,Chla_ugL_mean,10.3668526706298
vera4cast,chlorocast_timesfm,2026-10-19 00:00:00,2026-09-29 00:00:00,P1D,fcre,1.6,ensemble,89,Chla_ugL_mean,10.4649036260767
vera4cast,chlorocast_timesfm,2026-10-20 00:00:00,2026-09-29 00:00:00,P1D,fcre,1.6,ensemble,89,Chla_ugL_mean,10.4380869930949
vera4cast,chlorocast_timesfm,2026-10-21 00:00:00,2026-09-29 00:00:00,P1D,fcre,1.6,ensemble,89,Chla_ugL_mean,10.5466558661543
vera4cast,chlorocast_timesfm,2026-10-22 00:00:00,2026-09-29 00:00:00,P1D,fcre,1.6,ensemble,89,Chla_ugL_mean,10.5164958648454
vera4cast,chlorocast_timesfm,2026-10-23 00:00:00,2026-09-29 00:00:00,P1D,fcre,1.6,ensemble,89,Chla_ugL_mean,10.4356882607267
vera4cast,chlorocast_timesfm,2026-10-24 00:00:00,2026-09-29 00:00:00,P1D,fcre,1.6,ensemble,89,Chla_ugL_mean,10.4126617258967
vera4cast,chlorocast_timesfm,2026-10-25 00:00:00,2026-09-29 00:00:00,P1D,fcre,1.6,ensemble,89,Chla_ugL_mean,10.3944347208369
vera4cast,chlorocast_timesfm,2026-10-26 00:00:00,2026-09-29 00:00:00,P1D,fcre,1.6,ensemble,89,Chla_ugL_mean,10.4767104411732
vera4cast,chlorocast_timesfm,2026-10-27 00:00:00,2026-09-29 00:00:00,P1D,fcre,1.6,ensemble,89,Chla_ugL_mean,10.5450676135867
vera4cast,chlorocast_timesfm,2026-10-28 00:00:00,2026-09-29 00:00:00,P1D,fcre,1.6,ensemble,89,Chla_ugL_mean,10.547698861473
vera4cast,chlorocast_timesfm,2026-10-29 00:00:00,2026-09-29 00:00:00,P1D,fcre,1.6,ensemble,89,Chla_ugL_mean,10.5700740288915
vera4cast,chlorocast_timesfm,2026-10-30 00:00:00,2026-09-29 00:00:00,P1D,fcre,1.6,ensemble,89,Chla_ugL_mean,10.4179256224106
vera4cast,chlorocast_timesfm,2026-10-31 00:00:00,2026-09-29 00:00:00,P1D,fcre,1.6,ensemble,89,Chla_ugL_mean,10.6051053847466
vera4cast,chlorocast_timesfm,2026-11-01 00:00:00,2026-09-29 00:00:00,P1D,fcre,1.6,ensemble,89,Chla_ugL_mean,10.6267590717371
vera4cast,chlorocast_timesfm,2026-11-02 00:00:00,2026-09-29 00:00:00,P1D,fcre,1.6,ensemble,89,Chla_ugL_mean,10.6518137607278
vera4cast,chlorocast_timesfm,2026-11-03 00:00:00,2026-09-29 00:00:00,P1D,fcre,1.6,ensemble,89,Chla_ugL_mean,10.6328970304296
vera4cast,chlorocast_timesfm,2026-09-30 00:00:00,2026-09-29 00:00:00,P1D,fcre,1.6,ensemble,90,Chla_ugL_mean,9.46160515501594
vera4cast,chlorocast_timesfm,2026-10-01 00:00:00,2026-09-29 00:00:00,P1D,fcre,1.6,ensemble,90,Chla_ugL_mean,9.48395808638554
vera4cast,chlorocast_timesfm,2026-10-02 00:00:00,2026-09-29 00:00:00,P1D,fcre,1.6,ensemble,90,Chla_ugL_mean,9.49284445685555
vera4cast,chlorocast_timesfm,2026-10-03 00:00:00,2026-09-29 00:00:00,P1D,fcre,1.6,ensemble,90,Chla_ugL_mean,9.67742418428277
vera4cast,chlorocast_timesfm,2026-10-04 00:00:00,2026-09-29 00:00:00,P1D,fcre,1.6,ensemble,90,Chla_ugL_mean,9.68812070825238
vera4cast,chlorocast_timesfm,2026-10-05 00:00:00,2026-09-29 00:00:00,P1D,fcre,1.6,ensemble,90,Chla_ugL_mean,9.65377344525646
vera4cast,chlorocast_timesfm,2026-10-06 00:00:00,2026-09-29 00:00:00,P1D,fcre,1.6,ensemble,90,Chla_ugL_mean,9.71566010748358
vera4cast,chlorocast_timesfm,2026-10-07 00:00:00,2026-09-29 00:00:00,P1D,fcre,1.6,ensemble,90,Chla_ugL_mean,9.64184810861047
vera4cast,chlorocast_timesfm,2026-10-08 00:00:00,2026-09-29 00:00:00,P1D,fcre,1.6,ensemble,90,Chla_ugL_mean,9.69546293455826
vera4cast,chlorocast_timesfm,2026-10-09 00:00:00,2026-09-29 00:00:00,P1D,fcre,1.6,ensemble,90,Chla_ugL_mean,9.78444105027706
vera4cast,chlorocast_timesfm,2026-10-10 00:00:00,2026-09-29 00:00:00,P1D,fcre,1.6,ensemble,90,Chla_ugL_mean,9.74248527875026
vera4cast,chlorocast_timesfm,2026-10-11 00:00:00,2026-09-29 00:00:00,P1D,fcre,1.6,ensemble,90,Chla_ugL_mean,9.72661145353974
vera4cast,chlorocast_timesfm,2026-10-12 00:00:00,2026-09-29 00:00:00,P1D,fcre,1.6,ensemble,90,Chla_ugL_mean,9.74400880363504
vera4cast,chlorocast_timesfm,2026-10-13 00:00:00,2026-09-29 00:00:00,P1D,fcre,1.6,ensemble,90,Chla_ugL_mean,9.94873320047948
vera4cast,chlorocast_timesfm,2026-10-14 00:00:00,2026-09-29 00:00:00,P1D,fcre,1.6,ensemble,90,Chla_ugL_mean,10.212265010746
vera4cast,chlorocast_timesfm,2026-10-15 00:00:00,2026-09-29 00:00:00,P1D,fcre,1.6,ensemble,90,Chla_ugL_mean,10.2332854192624
vera4cast,chlorocast_timesfm,2026-10-16 00:00:00,2026-09-29 00:00:00,P1D,fcre,1.6,ensemble,90,Chla_ugL_mean,10.3101670110837
vera4cast,chlorocast_timesfm,2026-10-17 00:00:00,2026-09-29 00:00:00,P1D,fcre,1.6,ensemble,90,Chla_ugL_mean,10.4164419855195
vera4cast,chlorocast_timesfm,2026-10-18 00:00:00,2026-09-29 00:00:00,P1D,fcre,1.6,ensemble,90,Chla_ugL_mean,10.4789081991598
vera4cast,chlorocast_timesfm,2026-10-19 00:00:00,2026-09-29 00:00:00,P1D,fcre,1.6,ensemble,90,Chla_ugL_mean,10.574518900754
vera4cast,chlorocast_timesfm,2026-10-20 00:00:00,2026-09-29 00:00:00,P1D,fcre,1.6,ensemble,90,Chla_ugL_mean,10.5552649080821
vera4cast,chlorocast_timesfm,2026-10-21 00:00:00,2026-09-29 00:00:00,P1D,fcre,1.6,ensemble,90,Chla_ugL_mean,10.6610608967278
vera4cast,chlorocast_timesfm,2026-10-22 00:00:00,2026-09-29 00:00:00,P1D,fcre,1.6,ensemble,90,Chla_ugL_mean,10.6251232262699
vera4cast,chlorocast_timesfm,2026-10-23 00:00:00,2026-09-29 00:00:00,P1D,fcre,1.6,ensemble,90,Chla_ugL_mean,10.547128786196
vera4cast,chlorocast_timesfm,2026-10-24 00:00:00,2026-09-29 00:00:00,P1D,fcre,1.6,ensemble,90,Chla_ugL_mean,10.5225356621479
vera4cast,chlorocast_timesfm,2026-10-25 00:00:00,2026-09-29 00:00:00,P1D,fcre,1.6,ensemble,90,Chla_ugL_mean,10.5123305894319
vera4cast,chlorocast_timesfm,2026-10-26 00:00:00,2026-09-29 00:00:00,P1D,fcre,1.6,ensemble,90,Chla_ugL_mean,10.5938635650655
vera4cast,chlorocast_timesfm,2026-10-27 00:00:00,2026-09-29 00:00:00,P1D,fcre,1.6,ensemble,90,Chla_ugL_mean,10.6602590352621
vera4cast,chlorocast_timesfm,2026-10-28 00:00:00,2026-09-29 00:00:00,P1D,fcre,1.6,ensemble,90,Chla_ugL_mean,10.6643312636054
vera4cast,chlorocast_timesfm,2026-10-29 00:00:00,2026-09-29 00:00:00,P1D,fcre,1.6,ensemble,90,Chla_ugL_mean,10.6831842889304
vera4cast,chlorocast_timesfm,2026-10-30 00:00:00,2026-09-29 00:00:00,P1D,fcre,1.6,ensemble,90,Chla_ugL_mean,10.5389040399306
vera4cast,chlorocast_timesfm,2026-10-31 00:00:00,2026-09-29 00:00:00,P1D,fcre,1.6,ensemble,90,Chla_ugL_mean,10.7195822234125
vera4cast,chlorocast_timesfm,2026-11-01 00:00:00,2026-09-29 00:00:00,P1D,fcre,1.6,ensemble,90,Chla_ugL_mean,10.7446458800324
vera4cast,chlorocast_timesfm,2026-11-02 00:00:00,2026-09-29 00:00:00,P1D,fcre,1.6,ensemble,90,Chla_ugL_mean,10.7685899521525
vera4cast,chlorocast_timesfm,2026-11-03 00:00:00,2026-09-29 00:00:00,P1D,fcre,1.6,ensemble,90,Chla_ugL_mean,10.7524146626665
vera4cast,chlorocast_timesfm,2026-09-30 00:00:00,2026-09-29 00:00:00,P1D,fcre,1.6,ensemble,91,Chla_ugL_mean,9.53924186224737
vera4cast,chlorocast_timesfm,2026-10-01 00:00:00,2026-09-29 00:00:00,P1D,fcre,1.6,ensemble,91,Chla_ugL_mean,9.56157150349603
vera4cast,chlorocast_timesfm,2026-10-02 00:00:00,2026-09-29 00:00:00,P1D,fcre,1.6,ensemble,91,Chla_ugL_mean,9.57881067014715
vera4cast,chlorocast_timesfm,2026-10-03 00:00:00,2026-09-29 00:00:00,P1D,fcre,1.6,ensemble,91,Chla_ugL_mean,9.7637937815974
vera4cast,chlorocast_timesfm,2026-10-04 00:00:00,2026-09-29 00:00:00,P1D,fcre,1.6,ensemble,91,Chla_ugL_mean,9.777855011998
vera4cast,chlorocast_timesfm,2026-10-05 00:00:00,2026-09-29 00:00:00,P1D,fcre,1.6,ensemble,91,Chla_ugL_mean,9.74357733556321
vera4cast,chlorocast_timesfm,2026-10-06 00:00:00,2026-09-29 00:00:00,P1D,fcre,1.6,ensemble,91,Chla_ugL_mean,9.80903731437697
vera4cast,chlorocast_timesfm,2026-10-07 00:00:00,2026-09-29 00:00:00,P1D,fcre,1.6,ensemble,91,Chla_ugL_mean,9.73943679265587
vera4cast,chlorocast_timesfm,2026-10-08 00:00:00,2026-09-29 00:00:00,P1D,fcre,1.6,ensemble,91,Chla_ugL_mean,9.79095365840453
vera4cast,chlorocast_timesfm,2026-10-09 00:00:00,2026-09-29 00:00:00,P1D,fcre,1.6,ensemble,91,Chla_ugL_mean,9.884977538171
vera4cast,chlorocast_timesfm,2026-10-10 00:00:00,2026-09-29 00:00:00,P1D,fcre,1.6,ensemble,91,Chla_ugL_mean,9.8366006262044
vera4cast,chlorocast_timesfm,2026-10-11 00:00:00,2026-09-29 00:00:00,P1D,fcre,1.6,ensemble,91,Chla_ugL_mean,9.82618079240998
vera4cast,chlorocast_timesfm,2026-10-12 00:00:00,2026-09-29 00:00:00,P1D,fcre,1.6,ensemble,91,Chla_ugL_mean,9.84468715903784
vera4cast,chlorocast_timesfm,2026-10-13 00:00:00,2026-09-29 00:00:00,P1D,fcre,1.6,ensemble,91,Chla_ugL_mean,10.0526207076568
vera4cast,chlorocast_timesfm,2026-10-14 00:00:00,2026-09-29 00:00:00,P1D,fcre,1.6,ensemble,91,Chla_ugL_mean,10.3139605331908
vera4cast,chlorocast_timesfm,2026-10-15 00:00:00,2026-09-29 00:00:00,P1D,fcre,1.6,ensemble,91,Chla_ugL_mean,10.3435800809632
vera4cast,chlorocast_timesfm,2026-10-16 00:00:00,2026-09-29 00:00:00,P1D,fcre,1.6,ensemble,91,Chla_ugL_mean,10.4244902547507
vera4cast,chlorocast_timesfm,2026-10-17 00:00:00,2026-09-29 00:00:00,P1D,fcre,1.6,ensemble,91,Chla_ugL_mean,10.5268975288879
vera4cast,chlorocast_timesfm,2026-10-18 00:00:00,2026-09-29 00:00:00,P1D,fcre,1.6,ensemble,91,Chla_ugL_mean,10.5920683818836
vera4cast,chlorocast_timesfm,2026-10-19 00:00:00,2026-09-29 00:00:00,P1D,fcre,1.6,ensemble,91,Chla_ugL_mean,10.6851822006772
vera4cast,chlorocast_timesfm,2026-10-20 00:00:00,2026-09-29 00:00:00,P1D,fcre,1.6,ensemble,91,Chla_ugL_mean,10.673643256653
vera4cast,chlorocast_timesfm,2026-10-21 00:00:00,2026-09-29 00:00:00,P1D,fcre,1.6,ensemble,91,Chla_ugL_mean,10.7765994599165
vera4cast,chlorocast_timesfm,2026-10-22 00:00:00,2026-09-29 00:00:00,P1D,fcre,1.6,ensemble,91,Chla_ugL_mean,10.7347751965501
vera4cast,chlorocast_timesfm,2026-10-23 00:00:00,2026-09-29 00:00:00,P1D,fcre,1.6,ensemble,91,Chla_ugL_mean,10.6596552970851
vera4cast,chlorocast_timesfm,2026-10-24 00:00:00,2026-09-29 00:00:00,P1D,fcre,1.6,ensemble,91,Chla_ugL_mean,10.6334673956209
vera4cast,chlorocast_timesfm,2026-10-25 00:00:00,2026-09-29 00:00:00,P1D,fcre,1.6,ensemble,91,Chla_ugL_mean,10.6314463022907
vera4cast,chlorocast_timesfm,2026-10-26 00:00:00,2026-09-29 00:00:00,P1D,fcre,1.6,ensemble,91,Chla_ugL_mean,10.7122125764475
vera4cast,chlorocast_timesfm,2026-10-27 00:00:00,2026-09-29 00:00:00,P1D,fcre,1.6,ensemble,91,Chla_ugL_mean,10.7765997844315
vera4cast,chlorocast_timesfm,2026-10-28 00:00:00,2026-09-29 00:00:00,P1D,fcre,1.6,ensemble,91,Chla_ugL_mean,10.7821416595
vera4cast,chlorocast_timesfm,2026-10-29 00:00:00,2026-09-29 00:00:00,P1D,fcre,1.6,ensemble,91,Chla_ugL_mean,10.7974003267625
vera4cast,chlorocast_timesfm,2026-10-30 00:00:00,2026-09-29 00:00:00,P1D,fcre,1.6,ensemble,91,Chla_ugL_mean,10.6611642820123
vera4cast,chlorocast_timesfm,2026-10-31 00:00:00,2026-09-29 00:00:00,P1D,fcre,1.6,ensemble,91,Chla_ugL_mean,10.8351883018532
vera4cast,chlorocast_timesfm,2026-11-01 00:00:00,2026-09-29 00:00:00,P1D,fcre,1.6,ensemble,91,Chla_ugL_mean,10.8637279740892
vera4cast,chlorocast_timesfm,2026-11-02 00:00:00,2026-09-29 00:00:00,P1D,fcre,1.6,ensemble,91,Chla_ugL_mean,10.8865364917447
vera4cast,chlorocast_timesfm,2026-11-03 00:00:00,2026-09-29 00:00:00,P1D,fcre,1.6,ensemble,91,Chla_ugL_mean,10.8731602318805
vera4cast,chlorocast_timesfm,2026-09-30 00:00:00,2026-09-29 00:00:00,P1D,fcre,1.6,ensemble,92,Chla_ugL_mean,9.61745471990892
vera4cast,chlorocast_timesfm,2026-10-01 00:00:00,2026-09-29 00:00:00,P1D,fcre,1.6,ensemble,92,Chla_ugL_mean,9.63975949773339
vera4cast,chlorocast_timesfm,2026-10-02 00:00:00,2026-09-29 00:00:00,P1D,fcre,1.6,ensemble,92,Chla_ugL_mean,9.66548119101312
vera4cast,chlorocast_timesfm,2026-10-03 00:00:00,2026-09-29 00:00:00,P1D,fcre,1.6,ensemble,92,Chla_ugL_mean,9.85086202188168
vera4cast,chlorocast_timesfm,2026-10-04 00:00:00,2026-09-29 00:00:00,P1D,fcre,1.6,ensemble,92,Chla_ugL_mean,9.86834269844658
vera4cast,chlorocast_timesfm,2026-10-05 00:00:00,2026-09-29 00:00:00,P1D,fcre,1.6,ensemble,92,Chla_ugL_mean,9.83413821012119
vera4cast,chlorocast_timesfm,2026-10-06 00:00:00,2026-09-29 00:00:00,P1D,fcre,1.6,ensemble,92,Chla_ugL_mean,9.90322821848356
vera4cast,chlorocast_timesfm,2026-10-07 00:00:00,2026-09-29 00:00:00,P1D,fcre,1.6,ensemble,92,Chla_ugL_mean,9.83792039186604
vera4cast,chlorocast_timesfm,2026-10-08 00:00:00,2026-09-29 00:00:00,P1D,fcre,1.6,ensemble,92,Chla_ugL_mean,9.88729693799302
vera4cast,chlorocast_timesfm,2026-10-09 00:00:00,2026-09-29 00:00:00,P1D,fcre,1.6,ensemble,92,Chla_ugL_mean,9.98645126382727
vera4cast,chlorocast_timesfm,2026-10-10 00:00:00,2026-09-29 00:00:00,P1D,fcre,1.6,ensemble,92,Chla_ugL_mean,9.93154052201924
vera4cast,chlorocast_timesfm,2026-10-11 00:00:00,2026-09-29 00:00:00,P1D,fcre,1.6,ensemble,92,Chla_ugL_mean,9.92667437965875
vera4cast,chlorocast_timesfm,2026-10-12 00:00:00,2026-09-29 00:00:00,P1D,fcre,1.6,ensemble,92,Chla_ugL_mean,9.94630893615891
vera4cast,chlorocast_timesfm,2026-10-13 00:00:00,2026-09-29 00:00:00,P1D,fcre,1.6,ensemble,92,Chla_ugL_mean,10.1574939557367
vera4cast,chlorocast_timesfm,2026-10-14 00:00:00,2026-09-29 00:00:00,P1D,fcre,1.6,ensemble,92,Chla_ugL_mean,10.4165784365528
vera4cast,chlorocast_timesfm,2026-10-15 00:00:00,2026-09-29 00:00:00,P1D,fcre,1.6,ensemble,92,Chla_ugL_mean,10.4549576771703
vera4cast,chlorocast_timesfm,2026-10-16 00:00:00,2026-09-29 00:00:00,P1D,fcre,1.6,ensemble,92,Chla_ugL_mean,10.5399690785279
vera4cast,chlorocast_timesfm,2026-10-17 00:00:00,2026-09-29 00:00:00,P1D,fcre,1.6,ensemble,92,Chla_ugL_mean,10.6384217438334
vera4cast,chlorocast_timesfm,2026-10-18 00:00:00,2026-09-29 00:00:00,P1D,fcre,1.6,ensemble,92,Chla_ugL_mean,10.7063441085889
vera4cast,chlorocast_timesfm,2026-10-19 00:00:00,2026-09-29 00:00:00,P1D,fcre,1.6,ensemble,92,Chla_ugL_mean,10.7969035459546
vera4cast,chlorocast_timesfm,2026-10-20 00:00:00,2026-09-29 00:00:00,P1D,fcre,1.6,ensemble,92,Chla_ugL_mean,10.793234336695
vera4cast,chlorocast_timesfm,2026-10-21 00:00:00,2026-09-29 00:00:00,P1D,fcre,1.6,ensemble,92,Chla_ugL_mean,10.8932827868365
vera4cast,chlorocast_timesfm,2026-10-22 00:00:00,2026-09-29 00:00:00,P1D,fcre,1.6,ensemble,92,Chla_ugL_mean,10.8454614401324
vera4cast,chlorocast_timesfm,2026-10-23 00:00:00,2026-09-29 00:00:00,P1D,fcre,1.6,ensemble,92,Chla_ugL_mean,10.7732783762977
vera4cast,chlorocast_timesfm,2026-10-24 00:00:00,2026-09-29 00:00:00,P1D,fcre,1.6,ensemble,92,Chla_ugL_mean,10.7454671101227
vera4cast,chlorocast_timesfm,2026-10-25 00:00:00,2026-09-29 00:00:00,P1D,fcre,1.6,ensemble,92,Chla_ugL_mean,10.7517944808904
vera4cast,chlorocast_timesfm,2026-10-26 00:00:00,2026-09-29 00:00:00,P1D,fcre,1.6,ensemble,92,Chla_ugL_mean,10.83176968282
vera4cast,chlorocast_timesfm,2026-10-27 00:00:00,2026-09-29 00:00:00,P1D,fcre,1.6,ensemble,92,Chla_ugL_mean,10.8941013285605
vera4cast,chlorocast_timesfm,2026-10-28 00:00:00,2026-09-29 00:00:00,P1D,fcre,1.6,ensemble,92,Chla_ugL_mean,10.9011419469596
vera4cast,chlorocast_timesfm,2026-10-29 00:00:00,2026-09-29 00:00:00,P1D,fcre,1.6,ensemble,92,Chla_ugL_mean,10.9127329525876
vera4cast,chlorocast_timesfm,2026-10-30 00:00:00,2026-09-29 00:00:00,P1D,fcre,1.6,ensemble,92,Chla_ugL_mean,10.7847199302038
vera4cast,chlorocast_timesfm,2026-10-31 00:00:00,2026-09-29 00:00:00,P1D,fcre,1.6,ensemble,92,Chla_ugL_mean,10.9519347592867
vera4cast,chlorocast_timesfm,2026-11-01 00:00:00,2026-09-29 00:00:00,P1D,fcre,1.6,ensemble,92,Chla_ugL_mean,10.9840174732283
vera4cast,chlorocast_timesfm,2026-11-02 00:00:00,2026-09-29 00:00:00,P1D,fcre,1.6,ensemble,92,Chla_ugL_mean,11.005665108906
vera4cast,chlorocast_timesfm,2026-11-03 00:00:00,2026-09-29 00:00:00,P1D,fcre,1.6,ensemble,92,Chla_ugL_mean,10.995146354028
vera4cast,chlorocast_timesfm,2026-09-30 00:00:00,2026-09-29 00:00:00,P1D,fcre,1.6,ensemble,93,Chla_ugL_mean,9.69624800367545
vera4cast,chlorocast_timesfm,2026-10-01 00:00:00,2026-09-29 00:00:00,P1D,fcre,1.6,ensemble,93,Chla_ugL_mean,9.71852632272912
vera4cast,chlorocast_timesfm,2026-10-02 00:00:00,2026-09-29 00:00:00,P1D,fcre,1.6,ensemble,93,Chla_ugL_mean,9.7528617897339
vera4cast,chlorocast_timesfm,2026-10-03 00:00:00,2026-09-29 00:00:00,P1D,fcre,1.6,ensemble,93,Chla_ugL_mean,9.93863455645291
vera4cast,chlorocast_timesfm,2026-10-04 00:00:00,2026-09-29 00:00:00,P1D,fcre,1.6,ensemble,93,Chla_ugL_mean,9.95959009277671
vera4cast,chlorocast_timesfm,2026-10-05 00:00:00,2026-09-29 00:00:00,P1D,fcre,1.6,ensemble,93,Chla_ugL_mean,9.92546244978043
vera4cast,chlorocast_timesfm,2026-10-06 00:00:00,2026-09-29 00:00:00,P1D,fcre,1.6,ensemble,93,Chla_ugL_mean,9.99823991043263
vera4cast,chlorocast_timesfm,2026-10-07 00:00:00,2026-09-29 00:00:00,P1D,fcre,1.6,ensemble,93,Chla_ugL_mean,9.93730711286003
vera4cast,chlorocast_timesfm,2026-10-08 00:00:00,2026-09-29 00:00:00,P1D,fcre,1.6,ensemble,93,Chla_ugL_mean,9.9845003850714
vera4cast,chlorocast_timesfm,2026-10-09 00:00:00,2026-09-29 00:00:00,P1D,fcre,1.6,ensemble,93,Chla_ugL_mean,10.0888709645177
vera4cast,chlorocast_timesfm,2026-10-10 00:00:00,2026-09-29 00:00:00,P1D,fcre,1.6,ensemble,93,Chla_ugL_mean,10.0273121900963
vera4cast,chlorocast_timesfm,2026-10-11 00:00:00,2026-09-29 00:00:00,P1D,fcre,1.6,ensemble,93,Chla_ugL_mean,10.0281007945844
vera4cast,chlorocast_timesfm,2026-10-12 00:00:00,2026-09-29 00:00:00,P1D,fcre,1.6,ensemble,93,Chla_ugL_mean,10.0488829754738
vera4cast,chlorocast_timesfm,2026-10-13 00:00:00,2026-09-29 00:00:00,P1D,fcre,1.6,ensemble,93,Chla_ugL_mean,10.2633622979625
vera4cast,chlorocast_timesfm,2026-10-14 00:00:00,2026-09-29 00:00:00,P1D,fcre,1.6,ensemble,93,Chla_ugL_mean,10.52012708685
vera4cast,chlorocast_timesfm,2026-10-15 00:00:00,2026-09-29 00:00:00,P1D,fcre,1.6,ensemble,93,Chla_ugL_mean,10.5674288407388
vera4cast,chlorocast_timesfm,2026-10-16 00:00:00,2026-09-29 00:00:00,P1D,fcre,1.6,ensemble,93,Chla_ugL_mean,10.656615163027
vera4cast,chlorocast_timesfm,2026-10-17 00:00:00,2026-09-29 00:00:00,P1D,fcre,1.6,ensemble,93,Chla_ugL_mean,10.7510249698907
vera4cast,chlorocast_timesfm,2026-10-18 00:00:00,2026-09-29 00:00:00,P1D,fcre,1.6,ensemble,93,Chla_ugL_mean,10.8217463764154
vera4cast,chlorocast_timesfm,2026-10-19 00:00:00,2026-09-29 00:00:00,P1D,fcre,1.6,ensemble,93,Chla_ugL_mean,10.9096930524961
vera4cast,chlorocast_timesfm,2026-10-20 00:00:00,2026-09-29 00:00:00,P1D,fcre,1.6,ensemble,93,Chla_ugL_mean,10.9140505720815
vera4cast,chlorocast_timesfm,2026-10-21 00:00:00,2026-09-29 00:00:00,P1D,fcre,1.6,ensemble,93,Chla_ugL_mean,11.0111222198828
vera4cast,chlorocast_timesfm,2026-10-22 00:00:00,2026-09-29 00:00:00,P1D,fcre,1.6,ensemble,93,Chla_ugL_mean,10.9571917126213
vera4cast,chlorocast_timesfm,2026-10-23 00:00:00,2026-09-29 00:00:00,P1D,fcre,1.6,ensemble,93,Chla_ugL_mean,10.8880087098673
vera4cast,chlorocast_timesfm,2026-10-24 00:00:00,2026-09-29 00:00:00,P1D,fcre,1.6,ensemble,93,Chla_ugL_mean,10.8585450875037
vera4cast,chlorocast_timesfm,2026-10-25 00:00:00,2026-09-29 00:00:00,P1D,fcre,1.6,ensemble,93,Chla_ugL_mean,10.8733878773001
vera4cast,chlorocast_timesfm,2026-10-26 00:00:00,2026-09-29 00:00:00,P1D,fcre,1.6,ensemble,93,Chla_ugL_mean,10.9525472162973
vera4cast,chlorocast_timesfm,2026-10-27 00:00:00,2026-09-29 00:00:00,P1D,fcre,1.6,ensemble,93,Chla_ugL_mean,11.0127752495323
vera4cast,chlorocast_timesfm,2026-10-28 00:00:00,2026-09-29 00:00:00,P1D,fcre,1.6,ensemble,93,Chla_ugL_mean,11.0213441439551
vera4cast,chlorocast_timesfm,2026-10-29 00:00:00,2026-09-29 00:00:00,P1D,fcre,1.6,ensemble,93,Chla_ugL_mean,11.0291930822875
vera4cast,chlorocast_timesfm,2026-10-30 00:00:00,2026-09-29 00:00:00,P1D,fcre,1.6,ensemble,93,Chla_ugL_mean,10.9095847099563
vera4cast,chlorocast_timesfm,2026-10-31 00:00:00,2026-09-29 00:00:00,P1D,fcre,1.6,ensemble,93,Chla_ugL_mean,11.0698328448123
vera4cast,chlorocast_timesfm,2026-11-01 00:00:00,2026-09-29 00:00:00,P1D,fcre,1.6,ensemble,93,Chla_ugL_mean,11.1055266196514
vera4cast,chlorocast_timesfm,2026-11-02 00:00:00,2026-09-29 00:00:00,P1D,fcre,1.6,ensemble,93,Chla_ugL_mean,11.1259876505916
vera4cast,chlorocast_timesfm,2026-11-03 00:00:00,2026-09-29 00:00:00,P1D,fcre,1.6,ensemble,93,Chla_ugL_mean,11.1183857746829
vera4cast,chlorocast_timesfm,2026-09-30 00:00:00,2026-09-29 00:00:00,P1D,fcre,1.6,ensemble,94,Chla_ugL_mean,9.77562602095209
vera4cast,chlorocast_timesfm,2026-10-01 00:00:00,2026-09-29 00:00:00,P1D,fcre,1.6,ensemble,94,Chla_ugL_mean,9.7978762636046
vera4cast,chlorocast_timesfm,2026-10-02 00:00:00,2026-09-29 00:00:00,P1D,fcre,1.6,ensemble,94,Chla_ugL_mean,9.84095828386494
vera4cast,chlorocast_timesfm,2026-10-03 00:00:00,2026-09-29 00:00:00,P1D,fcre,1.6,ensemble,94,Chla_ugL_mean,10.0271170823418
vera4cast,chlorocast_timesfm,2026-10-04 00:00:00,2026-09-29 00:00:00,P1D,fcre,1.6,ensemble,94,Chla_ugL_mean,10.0516035732713
vera4cast,chlorocast_timesfm,2026-10-05 00:00:00,2026-09-29 00:00:00,P1D,fcre,1.6,ensemble,94,Chla_ugL_mean,10.0175564891771
vera4cast,chlorocast_timesfm,2026-10-06 00:00:00,2026-09-29 00:00:00,P1D,fcre,1.6,ensemble,94,Chla_ugL_mean,10.0940795426418
vera4cast,chlorocast_timesfm,2026-10-07 00:00:00,2026-09-29 00:00:00,P1D,fcre,1.6,ensemble,94,Chla_ugL_mean,10.0376052375138
vera4cast,chlorocast_timesfm,2026-10-08 00:00:00,2026-09-29 00:00:00,P1D,fcre,1.6,ensemble,94,Chla_ugL_mean,10.0825716793462
vera4cast,chlorocast_timesfm,2026-10-09 00:00:00,2026-09-29 00:00:00,P1D,fcre,1.6,ensemble,94,Chla_ugL_mean,10.1922454589662
vera4cast,chlorocast_timesfm,2026-10-10 00:00:00,2026-09-29 00:00:00,P1D,fcre,1.6,ensemble,94,Chla_ugL_mean,10.1239229176259
vera4cast,chlorocast_timesfm,2026-10-11 00:00:00,2026-09-29 00:00:00,P1D,fcre,1.6,ensemble,94,Chla_ugL_mean,10.1304686961223
vera4cast,chlorocast_timesfm,2026-10-12 00:00:00,2026-09-29 00:00:00,P1D,fcre,1.6,ensemble,94,Chla_ugL_mean,10.152418200299
vera4cast,chlorocast_timesfm,2026-10-13 00:00:00,2026-09-29 00:00:00,P1D,fcre,1.6,ensemble,94,Chla_ugL_mean,10.370235176326
vera4cast,chlorocast_timesfm,2026-10-14 00:00:00,2026-09-29 00:00:00,P1D,fcre,1.6,ensemble,94,Chla_ugL_mean,10.6246149259802
vera4cast,chlorocast_timesfm,2026-10-15 00:00:00,2026-09-29 00:00:00,P1D,fcre,1.6,ensemble,94,Chla_ugL_mean,10.6810043089228
vera4cast,chlorocast_timesfm,2026-10-16 00:00:00,2026-09-29 00:00:00,P1D,fcre,1.6,ensemble,94,Chla_ugL_mean,10.7744403069271
vera4cast,chlorocast_timesfm,2026-10-17 00:00:00,2026-09-29 00:00:00,P1D,fcre,1.6,ensemble,94,Chla_ugL_mean,10.8647176466311
vera4cast,chlorocast_timesfm,2026-10-18 00:00:00,2026-09-29 00:00:00,P1D,fcre,1.6,ensemble,94,Chla_ugL_mean,10.9382862909143
vera4cast,chlorocast_timesfm,2026-10-19 00:00:00,2026-09-29 00:00:00,P1D,fcre,1.6,ensemble,94,Chla_ugL_mean,11.0235609329292
vera4cast,chlorocast_timesfm,2026-10-20 00:00:00,2026-09-29 00:00:00,P1D,fcre,1.6,ensemble,94,Chla_ugL_mean,11.0361045139628
vera4cast,chlorocast_timesfm,2026-10-21 00:00:00,2026-09-29 00:00:00,P1D,fcre,1.6,ensemble,94,Chla_ugL_mean,11.1301292138312
vera4cast,chlorocast_timesfm,2026-10-22 00:00:00,2026-09-29 00:00:00,P1D,fcre,1.6,ensemble,94,Chla_ugL_mean,11.0699758616396
vera4cast,chlorocast_timesfm,2026-10-23 00:00:00,2026-09-29 00:00:00,P1D,fcre,1.6,ensemble,94,Chla_ugL_mean,11.0038570879628
vera4cast,chlorocast_timesfm,2026-10-24 00:00:00,2026-09-29 00:00:00,P1D,fcre,1.6,ensemble,94,Chla_ugL_mean,10.9727117086013
vera4cast,chlorocast_timesfm,2026-10-25 00:00:00,2026-09-29 00:00:00,P1D,fcre,1.6,ensemble,94,Chla_ugL_mean,10.996239375532
vera4cast,chlorocast_timesfm,2026-10-26 00:00:00,2026-09-29 00:00:00,P1D,fcre,1.6,ensemble,94,Chla_ugL_mean,11.0745576348783
vera4cast,chlorocast_timesfm,2026-10-27 00:00:00,2026-09-29 00:00:00,P1D,fcre,1.6,ensemble,94,Chla_ugL_mean,11.1326332447884
vera4cast,chlorocast_timesfm,2026-10-28 00:00:00,2026-09-29 00:00:00,P1D,fcre,1.6,ensemble,94,Chla_ugL_mean,11.1427603898401
vera4cast,chlorocast_timesfm,2026-10-29 00:00:00,2026-09-29 00:00:00,P1D,fcre,1.6,ensemble,94,Chla_ugL_mean,11.1467917384584
vera4cast,chlorocast_timesfm,2026-10-30 00:00:00,2026-09-29 00:00:00,P1D,fcre,1.6,ensemble,94,Chla_ugL_mean,11.0357724921489
vera4cast,chlorocast_timesfm,2026-10-31 00:00:00,2026-09-29 00:00:00,P1D,fcre,1.6,ensemble,94,Chla_ugL_mean,11.1888939184943
vera4cast,chlorocast_timesfm,2026-11-01 00:00:00,2026-09-29 00:00:00,P1D,fcre,1.6,ensemble,94,Chla_ugL_mean,11.2282677796875
vera4cast,chlorocast_timesfm,2026-11-02 00:00:00,2026-09-29 00:00:00,P1D,fcre,1.6,ensemble,94,Chla_ugL_mean,11.2475160824887
vera4cast,chlorocast_timesfm,2026-11-03 00:00:00,2026-09-29 00:00:00,P1D,fcre,1.6,ensemble,94,Chla_ugL_mean,11.2428913703684
vera4cast,chlorocast_timesfm,2026-09-30 00:00:00,2026-09-29 00:00:00,P1D,fcre,1.6,ensemble,95,Chla_ugL_mean,9.85559311110966
vera4cast,chlorocast_timesfm,2026-10-01 00:00:00,2026-09-29 00:00:00,P1D,fcre,1.6,ensemble,95,Chla_ugL_mean,9.87781363720426
vera4cast,chlorocast_timesfm,2026-10-02 00:00:00,2026-09-29 00:00:00,P1D,fcre,1.6,ensemble,95,Chla_ugL_mean,9.92977653862399
vera4cast,chlorocast_timesfm,2026-10-03 00:00:00,2026-09-29 00:00:00,P1D,fcre,1.6,ensemble,95,Chla_ugL_mean,10.1163153426624
vera4cast,chlorocast_timesfm,2026-10-04 00:00:00,2026-09-29 00:00:00,P1D,fcre,1.6,ensemble,95,Chla_ugL_mean,10.1443895717635
vera4cast,chlorocast_timesfm,2026-10-05 00:00:00,2026-09-29 00:00:00,P1D,fcre,1.6,ensemble,95,Chla_ugL_mean,10.1104268171868
vera4cast,chlorocast_timesfm,2026-10-06 00:00:00,2026-09-29 00:00:00,P1D,fcre,1.6,ensemble,95,Chla_ugL_mean,10.1907543298555
vera4cast,chlorocast_timesfm,2026-10-07 00:00:00,2026-09-29 00:00:00,P1D,fcre,1.6,ensemble,95,Chla_ugL_mean,10.1388231236506
vera4cast,chlorocast_timesfm,2026-10-08 00:00:00,2026-09-29 00:00:00,P1D,fcre,1.6,ensemble,95,Chla_ugL_mean,10.1815185690894
vera4cast,chlorocast_timesfm,2026-10-09 00:00:00,2026-09-29 00:00:00,P1D,fcre,1.6,ensemble,95,Chla_ugL_mean,10.2965836481079
vera4cast,chlorocast_timesfm,2026-10-10 00:00:00,2026-09-29 00:00:00,P1D,fcre,1.6,ensemble,95,Chla_ugL_mean,10.2213800556418
vera4cast,chlorocast_timesfm,2026-10-11 00:00:00,2026-09-29 00:00:00,P1D,fcre,1.6,ensemble,95,Chla_ugL_mean,10.233786823584
vera4cast,chlorocast_timesfm,2026-10-12 00:00:00,2026-09-29 00:00:00,P1D,fcre,1.6,ensemble,95,Chla_ugL_mean,10.2569236175685
vera4cast,chlorocast_timesfm,2026-10-13 00:00:00,2026-09-29 00:00:00,P1D,fcre,1.6,ensemble,95,Chla_ugL_mean,10.47812212241
vera4cast,chlorocast_timesfm,2026-10-14 00:00:00,2026-09-29 00:00:00,P1D,fcre,1.6,ensemble,95,Chla_ugL_mean,10.7300504724094
vera4cast,chlorocast_timesfm,2026-10-15 00:00:00,2026-09-29 00:00:00,P1D,fcre,1.6,ensemble,95,Chla_ugL_mean,10.795694924401
vera4cast,chlorocast_timesfm,2026-10-16 00:00:00,2026-09-29 00:00:00,P1D,fcre,1.6,ensemble,95,Chla_ugL_mean,10.8934564281684
vera4cast,chlorocast_timesfm,2026-10-17 00:00:00,2026-09-29 00:00:00,P1D,fcre,1.6,ensemble,95,Chla_ugL_mean,10.9795103146299
vera4cast,chlorocast_timesfm,2026-10-18 00:00:00,2026-09-29 00:00:00,P1D,fcre,1.6,ensemble,95,Chla_ugL_mean,11.0559750671159
vera4cast,chlorocast_timesfm,2026-10-19 00:00:00,2026-09-29 00:00:00,P1D,fcre,1.6,ensemble,95,Chla_ugL_mean,11.1385174975238
vera4cast,chlorocast_timesfm,2026-10-20 00:00:00,2026-09-29 00:00:00,P1D,fcre,1.6,ensemble,95,Chla_ugL_mean,11.1594088420699
vera4cast,chlorocast_timesfm,2026-10-21 00:00:00,2026-09-29 00:00:00,P1D,fcre,1.6,ensemble,95,Chla_ugL_mean,11.2503153369525
vera4cast,chlorocast_timesfm,2026-10-22 00:00:00,2026-09-29 00:00:00,P1D,fcre,1.6,ensemble,95,Chla_ugL_mean,11.1838238276957
vera4cast,chlorocast_timesfm,2026-10-23 00:00:00,2026-09-29 00:00:00,P1D,fcre,1.6,ensemble,95,Chla_ugL_mean,11.1208344059031
vera4cast,chlorocast_timesfm,2026-10-24 00:00:00,2026-09-29 00:00:00,P1D,fcre,1.6,ensemble,95,Chla_ugL_mean,11.0879774541933
vera4cast,chlorocast_timesfm,2026-10-25 00:00:00,2026-09-29 00:00:00,P1D,fcre,1.6,ensemble,95,Chla_ugL_mean,11.1203619929065
vera4cast,chlorocast_timesfm,2026-10-26 00:00:00,2026-09-29 00:00:00,P1D,fcre,1.6,ensemble,95,Chla_ugL_mean,11.1978135237321
vera4cast,chlorocast_timesfm,2026-10-27 00:00:00,2026-09-29 00:00:00,P1D,fcre,1.6,ensemble,95,Chla_ugL_mean,11.2536871284823
vera4cast,chlorocast_timesfm,2026-10-28 00:00:00,2026-09-29 00:00:00,P1D,fcre,1.6,ensemble,95,Chla_ugL_mean,11.2654029465758
vera4cast,chlorocast_timesfm,2026-10-29 00:00:00,2026-09-29 00:00:00,P1D,fcre,1.6,ensemble,95,Chla_ugL_mean,11.2655400514549
vera4cast,chlorocast_timesfm,2026-10-30 00:00:00,2026-09-29 00:00:00,P1D,fcre,1.6,ensemble,95,Chla_ugL_mean,11.1632972946291
vera4cast,chlorocast_timesfm,2026-10-31 00:00:00,2026-09-29 00:00:00,P1D,fcre,1.6,ensemble,95,Chla_ugL_mean,11.3091294524566
vera4cast,chlorocast_timesfm,2026-11-01 00:00:00,2026-09-29 00:00:00,P1D,fcre,1.6,ensemble,95,Chla_ugL_mean,11.3522534450508
vera4cast,chlorocast_timesfm,2026-11-02 00:00:00,2026-09-29 00:00:00,P1D,fcre,1.6,ensemble,95,Chla_ugL_mean,11.3702624902064
vera4cast,chlorocast_timesfm,2026-11-03 00:00:00,2026-09-29 00:00:00,P1D,fcre,1.6,ensemble,95,Chla_ugL_mean,11.3686761499029
vera4cast,chlorocast_timesfm,2026-09-30 00:00:00,2026-09-29 00:00:00,P1D,fcre,1.6,ensemble,96,Chla_ugL_mean,9.93615364572195
vera4cast,chlorocast_timesfm,2026-10-01 00:00:00,2026-09-29 00:00:00,P1D,fcre,1.6,ensemble,96,Chla_ugL_mean,9.95834279233039
vera4cast,chlorocast_timesfm,2026-10-02 00:00:00,2026-09-29 00:00:00,P1D,fcre,1.6,ensemble,96,Chla_ugL_mean,10.0193224672816
vera4cast,chlorocast_timesfm,2026-10-03 00:00:00,2026-09-29 00:00:00,P1D,fcre,1.6,ensemble,96,Chla_ugL_mean,10.2062351269847
vera4cast,chlorocast_timesfm,2026-10-04 00:00:00,2026-09-29 00:00:00,P1D,fcre,1.6,ensemble,96,Chla_ugL_mean,10.2379545740861
vera4cast,chlorocast_timesfm,2026-10-05 00:00:00,2026-09-29 00:00:00,P1D,fcre,1.6,ensemble,96,Chla_ugL_mean,10.204079977382
vera4cast,chlorocast_timesfm,2026-10-06 00:00:00,2026-09-29 00:00:00,P1D,fcre,1.6,ensemble,96,Chla_ugL_mean,10.288271549688
vera4cast,chlorocast_timesfm,2026-10-07 00:00:00,2026-09-29 00:00:00,P1D,fcre,1.6,ensemble,96,Chla_ugL_mean,10.2409692057368
vera4cast,chlorocast_timesfm,2026-10-08 00:00:00,2026-09-29 00:00:00,P1D,fcre,1.6,ensemble,96,Chla_ugL_mean,10.281348871751
vera4cast,chlorocast_timesfm,2026-10-09 00:00:00,2026-09-29 00:00:00,P1D,fcre,1.6,ensemble,96,Chla_ugL_mean,10.4018945158558
vera4cast,chlorocast_timesfm,2026-10-10 00:00:00,2026-09-29 00:00:00,P1D,fcre,1.6,ensemble,96,Chla_ugL_mean,10.3196910195806
vera4cast,chlorocast_timesfm,2026-10-11 00:00:00,2026-09-29 00:00:00,P1D,fcre,1.6,ensemble,96,Chla_ugL_mean,10.3380639974033
vera4cast,chlorocast_timesfm,2026-10-12 00:00:00,2026-09-29 00:00:00,P1D,fcre,1.6,ensemble,96,Chla_ugL_mean,10.3624083186168
vera4cast,chlorocast_timesfm,2026-10-13 00:00:00,2026-09-29 00:00:00,P1D,fcre,1.6,ensemble,96,Chla_ugL_mean,10.5870327582378
vera4cast,chlorocast_timesfm,2026-10-14 00:00:00,2026-09-29 00:00:00,P1D,fcre,1.6,ensemble,96,Chla_ugL_mean,10.8364423218664
vera4cast,chlorocast_timesfm,2026-10-15 00:00:00,2026-09-29 00:00:00,P1D,fcre,1.6,ensemble,96,Chla_ugL_mean,10.9115116363117
vera4cast,chlorocast_timesfm,2026-10-16 00:00:00,2026-09-29 00:00:00,P1D,fcre,1.6,ensemble,96,Chla_ugL_mean,11.0136755651579
vera4cast,chlorocast_timesfm,2026-10-17 00:00:00,2026-09-29 00:00:00,P1D,fcre,1.6,ensemble,96,Chla_ugL_mean,11.0954136164439
vera4cast,chlorocast_timesfm,2026-10-18 00:00:00,2026-09-29 00:00:00,P1D,fcre,1.6,ensemble,96,Chla_ugL_mean,11.1748240306095
vera4cast,chlorocast_timesfm,2026-10-19 00:00:00,2026-09-29 00:00:00,P1D,fcre,1.6,ensemble,96,Chla_ugL_mean,11.2545731551256
vera4cast,chlorocast_timesfm,2026-10-20 00:00:00,2026-09-29 00:00:00,P1D,fcre,1.6,ensemble,96,Chla_ugL_mean,11.2839763660317
vera4cast,chlorocast_timesfm,2026-10-21 00:00:00,2026-09-29 00:00:00,P1D,fcre,1.6,ensemble,96,Chla_ugL_mean,11.3716922721366
vera4cast,chlorocast_timesfm,2026-10-22 00:00:00,2026-09-29 00:00:00,P1D,fcre,1.6,ensemble,96,Chla_ugL_mean,11.2987456450606
vera4cast,chlorocast_timesfm,2026-10-23 00:00:00,2026-09-29 00:00:00,P1D,fcre,1.6,ensemble,96,Chla_ugL_mean,11.2389516651816
vera4cast,chlorocast_timesfm,2026-10-24 00:00:00,2026-09-29 00:00:00,P1D,fcre,1.6,ensemble,96,Chla_ugL_mean,11.2043529059596
vera4cast,chlorocast_timesfm,2026-10-25 00:00:00,2026-09-29 00:00:00,P1D,fcre,1.6,ensemble,96,Chla_ugL_mean,11.2457688814314
vera4cast,chlorocast_timesfm,2026-10-26 00:00:00,2026-09-29 00:00:00,P1D,fcre,1.6,ensemble,96,Chla_ugL_mean,11.3223275964959
vera4cast,chlorocast_timesfm,2026-10-27 00:00:00,2026-09-29 00:00:00,P1D,fcre,1.6,ensemble,96,Chla_ugL_mean,11.3759488326436
vera4cast,chlorocast_timesfm,2026-10-28 00:00:00,2026-09-29 00:00:00,P1D,fcre,1.6,ensemble,96,Chla_ugL_mean,11.3892841999702
vera4cast,chlorocast_timesfm,2026-10-29 00:00:00,2026-09-29 00:00:00,P1D,fcre,1.6,ensemble,96,Chla_ugL_mean,11.385449260443
vera4cast,chlorocast_timesfm,2026-10-30 00:00:00,2026-09-29 00:00:00,P1D,fcre,1.6,ensemble,96,Chla_ugL_mean,11.2921732837704
vera4cast,chlorocast_timesfm,2026-10-31 00:00:00,2026-09-29 00:00:00,P1D,fcre,1.6,ensemble,96,Chla_ugL_mean,11.4305510319882
vera4cast,chlorocast_timesfm,2026-11-01 00:00:00,2026-09-29 00:00:00,P1D,fcre,1.6,ensemble,96,Chla_ugL_mean,11.4774962341125
vera4cast,chlorocast_timesfm,2026-11-02 00:00:00,2026-09-29 00:00:00,P1D,fcre,1.6,ensemble,96,Chla_ugL_mean,11.4942390804776
vera4cast,chlorocast_timesfm,2026-11-03 00:00:00,2026-09-29 00:00:00,P1D,fcre,1.6,ensemble,96,Chla_ugL_mean,11.4957532557583
vera4cast,chlorocast_timesfm,2026-09-30 00:00:00,2026-09-29 00:00:00,P1D,fcre,1.6,ensemble,97,Chla_ugL_mean,10.0173120288047
vera4cast,chlorocast_timesfm,2026-10-01 00:00:00,2026-09-29 00:00:00,P1D,fcre,1.6,ensemble,97,Chla_ugL_mean,10.0394681099798
vera4cast,chlorocast_timesfm,2026-10-02 00:00:00,2026-09-29 00:00:00,P1D,fcre,1.6,ensemble,97,Chla_ugL_mean,10.1096020315548
vera4cast,chlorocast_timesfm,2026-10-03 00:00:00,2026-09-29 00:00:00,P1D,fcre,1.6,ensemble,97,Chla_ugL_mean,10.2968822717105
vera4cast,chlorocast_timesfm,2026-10-04 00:00:00,2026-09-29 00:00:00,P1D,fcre,1.6,ensemble,97,Chla_ugL_mean,10.3323051205252
vera4cast,chlorocast_timesfm,2026-10-05 00:00:00,2026-09-29 00:00:00,P1D,fcre,1.6,ensemble,97,Chla_ugL_mean,10.2985225684928
vera4cast,chlorocast_timesfm,2026-10-06 00:00:00,2026-09-29 00:00:00,P1D,fcre,1.6,ensemble,97,Chla_ugL_mean,10.3866385431715
vera4cast,chlorocast_timesfm,2026-10-07 00:00:00,2026-09-29 00:00:00,P1D,fcre,1.6,ensemble,97,Chla_ugL_mean,10.3440519955856
vera4cast,chlorocast_timesfm,2026-10-08 00:00:00,2026-09-29 00:00:00,P1D,fcre,1.6,ensemble,97,Chla_ugL_mean,10.3820704745762
vera4cast,chlorocast_timesfm,2026-10-09 00:00:00,2026-09-29 00:00:00,P1D,fcre,1.6,ensemble,97,Chla_ugL_mean,10.5081871298742
vera4cast,chlorocast_timesfm,2026-10-10 00:00:00,2026-09-29 00:00:00,P1D,fcre,1.6,ensemble,97,Chla_ugL_mean,10.4188632898455
vera4cast,chlorocast_timesfm,2026-10-11 00:00:00,2026-09-29 00:00:00,P1D,fcre,1.6,ensemble,97,Chla_ugL_mean,10.4433091198896
vera4cast,chlorocast_timesfm,2026-10-12 00:00:00,2026-09-29 00:00:00,P1D,fcre,1.6,ensemble,97,Chla_ugL_mean,10.4688814799703
vera4cast,chlorocast_timesfm,2026-10-13 00:00:00,2026-09-29 00:00:00,P1D,fcre,1.6,ensemble,97,Chla_ugL_mean,10.696976797132
vera4cast,chlorocast_timesfm,2026-10-14 00:00:00,2026-09-29 00:00:00,P1D,fcre,1.6,ensemble,97,Chla_ugL_mean,10.9437991480434
vera4cast,chlorocast_timesfm,2026-10-15 00:00:00,2026-09-29 00:00:00,P1D,fcre,1.6,ensemble,97,Chla_ugL_mean,11.0284655012975
vera4cast,chlorocast_timesfm,2026-10-16 00:00:00,2026-09-29 00:00:00,P1D,fcre,1.6,ensemble,97,Chla_ugL_mean,11.1351098779868
vera4cast,chlorocast_timesfm,2026-10-17 00:00:00,2026-09-29 00:00:00,P1D,fcre,1.6,ensemble,97,Chla_ugL_mean,11.212438297598
vera4cast,chlorocast_timesfm,2026-10-18 00:00:00,2026-09-29 00:00:00,P1D,fcre,1.6,ensemble,97,Chla_ugL_mean,11.2948446186334
vera4cast,chlorocast_timesfm,2026-10-19 00:00:00,2026-09-29 00:00:00,P1D,fcre,1.6,ensemble,97,Chla_ugL_mean,11.3717384140987
vera4cast,chlorocast_timesfm,2026-10-20 00:00:00,2026-09-29 00:00:00,P1D,fcre,1.6,ensemble,97,Chla_ugL_mean,11.4098200267061
vera4cast,chlorocast_timesfm,2026-10-21 00:00:00,2026-09-29 00:00:00,P1D,fcre,1.6,ensemble,97,Chla_ugL_mean,11.4942718180282
vera4cast,chlorocast_timesfm,2026-10-22 00:00:00,2026-09-29 00:00:00,P1D,fcre,1.6,ensemble,97,Chla_ugL_mean,11.4147514426515
vera4cast,chlorocast_timesfm,2026-10-23 00:00:00,2026-09-29 00:00:00,P1D,fcre,1.6,ensemble,97,Chla_ugL_mean,11.3582199745011
vera4cast,chlorocast_timesfm,2026-10-24 00:00:00,2026-09-29 00:00:00,P1D,fcre,1.6,ensemble,97,Chla_ugL_mean,11.321848747454
vera4cast,chlorocast_timesfm,2026-10-25 00:00:00,2026-09-29 00:00:00,P1D,fcre,1.6,ensemble,97,Chla_ugL_mean,11.3724733291958
vera4cast,chlorocast_timesfm,2026-10-26 00:00:00,2026-09-29 00:00:00,P1D,fcre,1.6,ensemble,97,Chla_ugL_mean,11.4481126965866
vera4cast,chlorocast_timesfm,2026-10-27 00:00:00,2026-09-29 00:00:00,P1D,fcre,1.6,ensemble,97,Chla_ugL_mean,11.4994304083545
vera4cast,chlorocast_timesfm,2026-10-28 00:00:00,2026-09-29 00:00:00,P1D,fcre,1.6,ensemble,97,Chla_ugL_mean,11.5144166609286
vera4cast,chlorocast_timesfm,2026-10-29 00:00:00,2026-09-29 00:00:00,P1D,fcre,1.6,ensemble,97,Chla_ugL_mean,11.5065307144639
vera4cast,chlorocast_timesfm,2026-10-30 00:00:00,2026-09-29 00:00:00,P1D,fcre,1.6,ensemble,97,Chla_ugL_mean,11.4224147760459
vera4cast,chlorocast_timesfm,2026-10-31 00:00:00,2026-09-29 00:00:00,P1D,fcre,1.6,ensemble,97,Chla_ugL_mean,11.5531703566595
vera4cast,chlorocast_timesfm,2026-11-01 00:00:00,2026-09-29 00:00:00,P1D,fcre,1.6,ensemble,97,Chla_ugL_mean,11.6040088931847
vera4cast,chlorocast_timesfm,2026-11-02 00:00:00,2026-09-29 00:00:00,P1D,fcre,1.6,ensemble,97,Chla_ugL_mean,11.6194581823727
vera4cast,chlorocast_timesfm,2026-11-03 00:00:00,2026-09-29 00:00:00,P1D,fcre,1.6,ensemble,97,Chla_ugL_mean,11.6241359654339
vera4cast,chlorocast_timesfm,2026-09-30 00:00:00,2026-09-29 00:00:00,P1D,fcre,1.6,ensemble,98,Chla_ugL_mean,10.0990726970562
vera4cast,chlorocast_timesfm,2026-10-01 00:00:00,2026-09-29 00:00:00,P1D,fcre,1.6,ensemble,98,Chla_ugL_mean,10.121194003582
vera4cast,chlorocast_timesfm,2026-10-02 00:00:00,2026-09-29 00:00:00,P1D,fcre,1.6,ensemble,98,Chla_ugL_mean,10.200621242004
vera4cast,chlorocast_timesfm,2026-10-03 00:00:00,2026-09-29 00:00:00,P1D,fcre,1.6,ensemble,98,Chla_ugL_mean,10.3882626604521
vera4cast,chlorocast_timesfm,2026-10-04 00:00:00,2026-09-29 00:00:00,P1D,fcre,1.6,ensemble,98,Chla_ugL_mean,10.4274478062771
vera4cast,chlorocast_timesfm,2026-10-05 00:00:00,2026-09-29 00:00:00,P1D,fcre,1.6,ensemble,98,Chla_ugL_mean,10.3937612448719
vera4cast,chlorocast_timesfm,2026-10-06 00:00:00,2026-09-29 00:00:00,P1D,fcre,1.6,ensemble,98,Chla_ugL_mean,10.4858627153084
vera4cast,chlorocast_timesfm,2026-10-07 00:00:00,2026-09-29 00:00:00,P1D,fcre,1.6,ensemble,98,Chla_ugL_mean,10.4480800830656
vera4cast,chlorocast_timesfm,2026-10-08 00:00:00,2026-09-29 00:00:00,P1D,fcre,1.6,ensemble,98,Chla_ugL_mean,10.4836913352287
vera4cast,chlorocast_timesfm,2026-10-09 00:00:00,2026-09-29 00:00:00,P1D,fcre,1.6,ensemble,98,Chla_ugL_mean,10.6154706423594
vera4cast,chlorocast_timesfm,2026-10-10 00:00:00,2026-09-29 00:00:00,P1D,fcre,1.6,ensemble,98,Chla_ugL_mean,10.5189044123762
vera4cast,chlorocast_timesfm,2026-10-11 00:00:00,2026-09-29 00:00:00,P1D,fcre,1.6,ensemble,98,Chla_ugL_mean,10.5495311759872
vera4cast,chlorocast_timesfm,2026-10-12 00:00:00,2026-09-29 00:00:00,P1D,fcre,1.6,ensemble,98,Chla_ugL_mean,10.5763523641456
vera4cast,chlorocast_timesfm,2026-10-13 00:00:00,2026-09-29 00:00:00,P1D,fcre,1.6,ensemble,98,Chla_ugL_mean,10.80796404458
vera4cast,chlorocast_timesfm,2026-10-14 00:00:00,2026-09-29 00:00:00,P1D,fcre,1.6,ensemble,98,Chla_ugL_mean,11.0521297033034
vera4cast,chlorocast_timesfm,2026-10-15 00:00:00,2026-09-29 00:00:00,P1D,fcre,1.6,ensemble,98,Chla_ugL_mean,11.1465676845618
vera4cast,chlorocast_timesfm,2026-10-16 00:00:00,2026-09-29 00:00:00,P1D,fcre,1.6,ensemble,98,Chla_ugL_mean,11.2577716496606
vera4cast,chlorocast_timesfm,2026-10-17 00:00:00,2026-09-29 00:00:00,P1D,fcre,1.6,ensemble,98,Chla_ugL_mean,11.3305952075815
vera4cast,chlorocast_timesfm,2026-10-18 00:00:00,2026-09-29 00:00:00,P1D,fcre,1.6,ensemble,98,Chla_ugL_mean,11.4160483811748
vera4cast,chlorocast_timesfm,2026-10-19 00:00:00,2026-09-29 00:00:00,P1D,fcre,1.6,ensemble,98,Chla_ugL_mean,11.4900238832772
vera4cast,chlorocast_timesfm,2026-10-20 00:00:00,2026-09-29 00:00:00,P1D,fcre,1.6,ensemble,98,Chla_ugL_mean,11.5369528975239
vera4cast,chlorocast_timesfm,2026-10-21 00:00:00,2026-09-29 00:00:00,P1D,fcre,1.6,ensemble,98,Chla_ugL_mean,11.6180658901738
vera4cast,chlorocast_timesfm,2026-10-22 00:00:00,2026-09-29 00:00:00,P1D,fcre,1.6,ensemble,98,Chla_ugL_mean,11.531851444925
vera4cast,chlorocast_timesfm,2026-10-23 00:00:00,2026-09-29 00:00:00,P1D,fcre,1.6,ensemble,98,Chla_ugL_mean,11.4786505508184
vera4cast,chlorocast_timesfm,2026-10-24 00:00:00,2026-09-29 00:00:00,P1D,fcre,1.6,ensemble,98,Chla_ugL_mean,11.440475765085
vera4cast,chlorocast_timesfm,2026-10-25 00:00:00,2026-09-29 00:00:00,P1D,fcre,1.6,ensemble,98,Chla_ugL_mean,11.5004887617778
vera4cast,chlorocast_timesfm,2026-10-26 00:00:00,2026-09-29 00:00:00,P1D,fcre,1.6,ensemble,98,Chla_ugL_mean,11.5751817985252
vera4cast,chlorocast_timesfm,2026-10-27 00:00:00,2026-09-29 00:00:00,P1D,fcre,1.6,ensemble,98,Chla_ugL_mean,11.6241440269371
vera4cast,chlorocast_timesfm,2026-10-28 00:00:00,2026-09-29 00:00:00,P1D,fcre,1.6,ensemble,98,Chla_ugL_mean,11.6408129667173
vera4cast,chlorocast_timesfm,2026-10-29 00:00:00,2026-09-29 00:00:00,P1D,fcre,1.6,ensemble,98,Chla_ugL_mean,11.6287958735083
vera4cast,chlorocast_timesfm,2026-10-30 00:00:00,2026-09-29 00:00:00,P1D,fcre,1.6,ensemble,98,Chla_ugL_mean,11.5540362396184
vera4cast,chlorocast_timesfm,2026-10-31 00:00:00,2026-09-29 00:00:00,P1D,fcre,1.6,ensemble,98,Chla_ugL_mean,11.6769992414497
vera4cast,chlorocast_timesfm,2026-11-01 00:00:00,2026-09-29 00:00:00,P1D,fcre,1.6,ensemble,98,Chla_ugL_mean,11.7318042978177
vera4cast,chlorocast_timesfm,2026-11-02 00:00:00,2026-09-29 00:00:00,P1D,fcre,1.6,ensemble,98,Chla_ugL_mean,11.745932248526
vera4cast,chlorocast_timesfm,2026-11-03 00:00:00,2026-09-29 00:00:00,P1D,fcre,1.6,ensemble,98,Chla_ugL_mean,11.7538376928435
vera4cast,chlorocast_timesfm,2026-09-30 00:00:00,2026-09-29 00:00:00,P1D,fcre,1.6,ensemble,99,Chla_ugL_mean,10.1814401201001
vera4cast,chlorocast_timesfm,2026-10-01 00:00:00,2026-09-29 00:00:00,P1D,fcre,1.6,ensemble,99,Chla_ugL_mean,10.2035249192394
vera4cast,chlorocast_timesfm,2026-10-02 00:00:00,2026-09-29 00:00:00,P1D,fcre,1.6,ensemble,99,Chla_ugL_mean,10.2923861584332
vera4cast,chlorocast_timesfm,2026-10-03 00:00:00,2026-09-29 00:00:00,P1D,fcre,1.6,ensemble,99,Chla_ugL_mean,10.4803822244143
vera4cast,chlorocast_timesfm,2026-10-04 00:00:00,2026-09-29 00:00:00,P1D,fcre,1.6,ensemble,99,Chla_ugL_mean,10.5233892819094
vera4cast,chlorocast_timesfm,2026-10-05 00:00:00,2026-09-29 00:00:00,P1D,fcre,1.6,ensemble,99,Chla_ugL_mean,10.4898027169638
vera4cast,chlorocast_timesfm,2026-10-06 00:00:00,2026-09-29 00:00:00,P1D,fcre,1.6,ensemble,99,Chla_ugL_mean,10.5859515356292
vera4cast,chlorocast_timesfm,2026-10-07 00:00:00,2026-09-29 00:00:00,P1D,fcre,1.6,ensemble,99,Chla_ugL_mean,10.553062136817
vera4cast,chlorocast_timesfm,2026-10-08 00:00:00,2026-09-29 00:00:00,P1D,fcre,1.6,ensemble,99,Chla_ugL_mean,10.5862194824195
vera4cast,chlorocast_timesfm,2026-10-09 00:00:00,2026-09-29 00:00:00,P1D,fcre,1.6,ensemble,99,Chla_ugL_mean,10.723754290828
vera4cast,chlorocast_timesfm,2026-10-10 00:00:00,2026-09-29 00:00:00,P1D,fcre,1.6,ensemble,99,Chla_ugL_mean,10.6198219992224
vera4cast,chlorocast_timesfm,2026-10-11 00:00:00,2026-09-29 00:00:00,P1D,fcre,1.6,ensemble,99,Chla_ugL_mean,10.6567392340431
vera4cast,chlorocast_timesfm,2026-10-12 00:00:00,2026-09-29 00:00:00,P1D,fcre,1.6,ensemble,99,Chla_ugL_mean,10.6848303204547
vera4cast,chlorocast_timesfm,2026-10-13 00:00:00,2026-09-29 00:00:00,P1D,fcre,1.6,ensemble,99,Chla_ugL_mean,10.9200043991095
vera4cast,chlorocast_timesfm,2026-10-14 00:00:00,2026-09-29 00:00:00,P1D,fcre,1.6,ensemble,99,Chla_ugL_mean,11.1614428193932
vera4cast,chlorocast_timesfm,2026-10-15 00:00:00,2026-09-29 00:00:00,P1D,fcre,1.6,ensemble,99,Chla_ugL_mean,11.2658294609337
vera4cast,chlorocast_timesfm,2026-10-16 00:00:00,2026-09-29 00:00:00,P1D,fcre,1.6,ensemble,99,Chla_ugL_mean,11.3816732873415
vera4cast,chlorocast_timesfm,2026-10-17 00:00:00,2026-09-29 00:00:00,P1D,fcre,1.6,ensemble,99,Chla_ugL_mean,11.4498953008537
vera4cast,chlorocast_timesfm,2026-10-18 00:00:00,2026-09-29 00:00:00,P1D,fcre,1.6,ensemble,99,Chla_ugL_mean,11.5384469820822
vera4cast,chlorocast_timesfm,2026-10-19 00:00:00,2026-09-29 00:00:00,P1D,fcre,1.6,ensemble,99,Chla_ugL_mean,11.6094402729254
vera4cast,chlorocast_timesfm,2026-10-20 00:00:00,2026-09-29 00:00:00,P1D,fcre,1.6,ensemble,99,Chla_ugL_mean,11.6653881858471
vera4cast,chlorocast_timesfm,2026-10-21 00:00:00,2026-09-29 00:00:00,P1D,fcre,1.6,ensemble,99,Chla_ugL_mean,11.7430865221799
vera4cast,chlorocast_timesfm,2026-10-22 00:00:00,2026-09-29 00:00:00,P1D,fcre,1.6,ensemble,99,Chla_ugL_mean,11.6500559727781
vera4cast,chlorocast_timesfm,2026-10-23 00:00:00,2026-09-29 00:00:00,P1D,fcre,1.6,ensemble,99,Chla_ugL_mean,11.6002547203992
vera4cast,chlorocast_timesfm,2026-10-24 00:00:00,2026-09-29 00:00:00,P1D,fcre,1.6,ensemble,99,Chla_ugL_mean,11.5602448491056
vera4cast,chlorocast_timesfm,2026-10-25 00:00:00,2026-09-29 00:00:00,P1D,fcre,1.6,ensemble,99,Chla_ugL_mean,11.6298287436672
vera4cast,chlorocast_timesfm,2026-10-26 00:00:00,2026-09-29 00:00:00,P1D,fcre,1.6,ensemble,99,Chla_ugL_mean,11.7035480092755
vera4cast,chlorocast_timesfm,2026-10-27 00:00:00,2026-09-29 00:00:00,P1D,fcre,1.6,ensemble,99,Chla_ugL_mean,11.7501019811535
vera4cast,chlorocast_timesfm,2026-10-28 00:00:00,2026-09-29 00:00:00,P1D,fcre,1.6,ensemble,99,Chla_ugL_mean,11.7684858822393
vera4cast,chlorocast_timesfm,2026-10-29 00:00:00,2026-09-29 00:00:00,P1D,fcre,1.6,ensemble,99,Chla_ugL_mean,11.7522563096009
vera4cast,chlorocast_timesfm,2026-10-30 00:00:00,2026-09-29 00:00:00,P1D,fcre,1.6,ensemble,99,Chla_ugL_mean,11.687052295948
vera4cast,chlorocast_timesfm,2026-10-31 00:00:00,2026-09-29 00:00:00,P1D,fcre,1.6,ensemble,99,Chla_ugL_mean,11.8020496178848
vera4cast,chlorocast_timesfm,2026-11-01 00:00:00,2026-09-29 00:00:00,P1D,fcre,1.6,ensemble,99,Chla_ugL_mean,11.8608954541107
vera4cast,chlorocast_timesfm,2026-11-02 00:00:00,2026-09-29 00:00:00,P1D,fcre,1.6,ensemble,99,Chla_ugL_mean,11.8736738563739
vera4cast,chlorocast_timesfm,2026-11-03 00:00:00,2026-09-29 00:00:00,P1D,fcre,1.6,ensemble,99,Chla_ugL_mean,11.8848719897168
vera4cast,chlorocast_timesfm,2026-09-30 00:00:00,2026-09-29 00:00:00,P1D,fcre,1.6,ensemble,100,Chla_ugL_mean,10.2644188007296
vera4cast,chlorocast_timesfm,2026-10-01 00:00:00,2026-09-29 00:00:00,P1D,fcre,1.6,ensemble,100,Chla_ugL_mean,10.2864653359694
vera4cast,chlorocast_timesfm,2026-10-02 00:00:00,2026-09-29 00:00:00,P1D,fcre,1.6,ensemble,100,Chla_ugL_mean,10.3849028902935
vera4cast,chlorocast_timesfm,2026-10-03 00:00:00,2026-09-29 00:00:00,P1D,fcre,1.6,ensemble,100,Chla_ugL_mean,10.5732469427797
vera4cast,chlorocast_timesfm,2026-10-04 00:00:00,2026-09-29 00:00:00,P1D,fcre,1.6,ensemble,100,Chla_ugL_mean,10.6201362538259
vera4cast,chlorocast_timesfm,2026-10-05 00:00:00,2026-09-29 00:00:00,P1D,fcre,1.6,ensemble,100,Chla_ugL_mean,10.5866537517771
vera4cast,chlorocast_timesfm,2026-10-06 00:00:00,2026-09-29 00:00:00,P1D,fcre,1.6,ensemble,100,Chla_ugL_mean,10.6869125387543
vera4cast,chlorocast_timesfm,2026-10-07 00:00:00,2026-09-29 00:00:00,P1D,fcre,1.6,ensemble,100,Chla_ugL_mean,10.6590069049738
vera4cast,chlorocast_timesfm,2026-10-08 00:00:00,2026-09-29 00:00:00,P1D,fcre,1.6,ensemble,100,Chla_ugL_mean,10.6896630165411
vera4cast,chlorocast_timesfm,2026-10-09 00:00:00,2026-09-29 00:00:00,P1D,fcre,1.6,ensemble,100,Chla_ugL_mean,10.8330473989117
vera4cast,chlorocast_timesfm,2026-10-10 00:00:00,2026-09-29 00:00:00,P1D,fcre,1.6,ensemble,100,Chla_ugL_mean,10.7216237291233
vera4cast,chlorocast_timesfm,2026-10-11 00:00:00,2026-09-29 00:00:00,P1D,fcre,1.6,ensemble,100,Chla_ugL_mean,10.7649424465808
vera4cast,chlorocast_timesfm,2026-10-12 00:00:00,2026-09-29 00:00:00,P1D,fcre,1.6,ensemble,100,Chla_ugL_mean,10.7943247858191
vera4cast,chlorocast_timesfm,2026-10-13 00:00:00,2026-09-29 00:00:00,P1D,fcre,1.6,ensemble,100,Chla_ugL_mean,11.0331078531705
vera4cast,chlorocast_timesfm,2026-10-14 00:00:00,2026-09-29 00:00:00,P1D,fcre,1.6,ensemble,100,Chla_ugL_mean,11.2717474081641
vera4cast,chlorocast_timesfm,2026-10-15 00:00:00,2026-09-29 00:00:00,P1D,fcre,1.6,ensemble,100,Chla_ugL_mean,11.3862622159453
vera4cast,chlorocast_timesfm,2026-10-16 00:00:00,2026-09-29 00:00:00,P1D,fcre,1.6,ensemble,100,Chla_ugL_mean,11.5068273236034
vera4cast,chlorocast_timesfm,2026-10-17 00:00:00,2026-09-29 00:00:00,P1D,fcre,1.6,ensemble,100,Chla_ugL_mean,11.5703496378599
vera4cast,chlorocast_timesfm,2026-10-18 00:00:00,2026-09-29 00:00:00,P1D,fcre,1.6,ensemble,100,Chla_ugL_mean,11.6620522001874
vera4cast,chlorocast_timesfm,2026-10-19 00:00:00,2026-09-29 00:00:00,P1D,fcre,1.6,ensemble,100,Chla_ugL_mean,11.729998395708
vera4cast,chlorocast_timesfm,2026-10-20 00:00:00,2026-09-29 00:00:00,P1D,fcre,1.6,ensemble,100,Chla_ugL_mean,11.7951392343412
vera4cast,chlorocast_timesfm,2026-10-21 00:00:00,2026-09-29 00:00:00,P1D,fcre,1.6,ensemble,100,Chla_ugL_mean,11.8693458668829
vera4cast,chlorocast_timesfm,2026-10-22 00:00:00,2026-09-29 00:00:00,P1D,fcre,1.6,ensemble,100,Chla_ugL_mean,11.7693754444578
vera4cast,chlorocast_timesfm,2026-10-23 00:00:00,2026-09-29 00:00:00,P1D,fcre,1.6,ensemble,100,Chla_ugL_mean,11.7230439198837
vera4cast,chlorocast_timesfm,2026-10-24 00:00:00,2026-09-29 00:00:00,P1D,fcre,1.6,ensemble,100,Chla_ugL_mean,11.6811669946133
vera4cast,chlorocast_timesfm,2026-10-25 00:00:00,2026-09-29 00:00:00,P1D,fcre,1.6,ensemble,100,Chla_ugL_mean,11.7605069797028
vera4cast,chlorocast_timesfm,2026-10-26 00:00:00,2026-09-29 00:00:00,P1D,fcre,1.6,ensemble,100,Chla_ugL_mean,11.8332245695958
vera4cast,chlorocast_timesfm,2026-10-27 00:00:00,2026-09-29 00:00:00,P1D,fcre,1.6,ensemble,100,Chla_ugL_mean,11.8773166864175
vera4cast,chlorocast_timesfm,2026-10-28 00:00:00,2026-09-29 00:00:00,P1D,fcre,1.6,ensemble,100,Chla_ugL_mean,11.8974483013241
vera4cast,chlorocast_timesfm,2026-10-29 00:00:00,2026-09-29 00:00:00,P1D,fcre,1.6,ensemble,100,Chla_ugL_mean,11.8769237078959
vera4cast,chlorocast_timesfm,2026-10-30 00:00:00,2026-09-29 00:00:00,P1D,fcre,1.6,ensemble,100,Chla_ugL_mean,11.8214777214163
vera4cast,chlorocast_timesfm,2026-10-31 00:00:00,2026-09-29 00:00:00,P1D,fcre,1.6,ensemble,100,Chla_ugL_mean,11.9283335351878
vera4cast,chlorocast_timesfm,2026-11-01 00:00:00,2026-09-29 00:00:00,P1D,fcre,1.6,ensemble,100,Chla_ugL_mean,11.991295500035
vera4cast,chlorocast_timesfm,2026-11-02 00:00:00,2026-09-29 00:00:00,P1D,fcre,1.6,ensemble,100,Chla_ugL_mean,12.0026957094057
vera4cast,chlorocast_timesfm,2026-11-03 00:00:00,2026-09-29 00:00:00,P1D,fcre,1.6,ensemble,100,Chla_ugL_mean,12.0172525470154
vera4cast,chlorocast_timesfm,2026-09-30 00:00:00,2026-09-29 00:00:00,P1D,fcre,1.6,ensemble,101,Chla_ugL_mean,10.3495722841521
vera4cast,chlorocast_timesfm,2026-10-01 00:00:00,2026-09-29 00:00:00,P1D,fcre,1.6,ensemble,101,Chla_ugL_mean,10.377143699116
vera4cast,chlorocast_timesfm,2026-10-02 00:00:00,2026-09-29 00:00:00,P1D,fcre,1.6,ensemble,101,Chla_ugL_mean,10.4778690105535
vera4cast,chlorocast_timesfm,2026-10-03 00:00:00,2026-09-29 00:00:00,P1D,fcre,1.6,ensemble,101,Chla_ugL_mean,10.6628154133235
vera4cast,chlorocast_timesfm,2026-10-04 00:00:00,2026-09-29 00:00:00,P1D,fcre,1.6,ensemble,101,Chla_ugL_mean,10.7208418562662
vera4cast,chlorocast_timesfm,2026-10-05 00:00:00,2026-09-29 00:00:00,P1D,fcre,1.6,ensemble,101,Chla_ugL_mean,10.6854026299504
vera4cast,chlorocast_timesfm,2026-10-06 00:00:00,2026-09-29 00:00:00,P1D,fcre,1.6,ensemble,101,Chla_ugL_mean,10.7962320459823
vera4cast,chlorocast_timesfm,2026-10-07 00:00:00,2026-09-29 00:00:00,P1D,fcre,1.6,ensemble,101,Chla_ugL_mean,10.762370433456
vera4cast,chlorocast_timesfm,2026-10-08 00:00:00,2026-09-29 00:00:00,P1D,fcre,1.6,ensemble,101,Chla_ugL_mean,10.7966437860334
vera4cast,chlorocast_timesfm,2026-10-09 00:00:00,2026-09-29 00:00:00,P1D,fcre,1.6,ensemble,101,Chla_ugL_mean,10.9445174719697
vera4cast,chlorocast_timesfm,2026-10-10 00:00:00,2026-09-29 00:00:00,P1D,fcre,1.6,ensemble,101,Chla_ugL_mean,10.8280730631613
vera4cast,chlorocast_timesfm,2026-10-11 00:00:00,2026-09-29 00:00:00,P1D,fcre,1.6,ensemble,101,Chla_ugL_mean,10.8726138608526
vera4cast,chlorocast_timesfm,2026-10-12 00:00:00,2026-09-29 00:00:00,P1D,fcre,1.6,ensemble,101,Chla_ugL_mean,10.9029675675742
vera4cast,chlorocast_timesfm,2026-10-13 00:00:00,2026-09-29 00:00:00,P1D,fcre,1.6,ensemble,101,Chla_ugL_mean,11.1465355961211
vera4cast,chlorocast_timesfm,2026-10-14 00:00:00,2026-09-29 00:00:00,P1D,fcre,1.6,ensemble,101,Chla_ugL_mean,11.3784728647707
vera4cast,chlorocast_timesfm,2026-10-15 00:00:00,2026-09-29 00:00:00,P1D,fcre,1.6,ensemble,101,Chla_ugL_mean,11.5053745229267
vera4cast,chlorocast_timesfm,2026-10-16 00:00:00,2026-09-29 00:00:00,P1D,fcre,1.6,ensemble,101,Chla_ugL_mean,11.6299958428884
vera4cast,chlorocast_timesfm,2026-10-17 00:00:00,2026-09-29 00:00:00,P1D,fcre,1.6,ensemble,101,Chla_ugL_mean,11.6950334681389
vera4cast,chlorocast_timesfm,2026-10-18 00:00:00,2026-09-29 00:00:00,P1D,fcre,1.6,ensemble,101,Chla_ugL_mean,11.786820166697
vera4cast,chlorocast_timesfm,2026-10-19 00:00:00,2026-09-29 00:00:00,P1D,fcre,1.6,ensemble,101,Chla_ugL_mean,11.8566476063775
vera4cast,chlorocast_timesfm,2026-10-20 00:00:00,2026-09-29 00:00:00,P1D,fcre,1.6,ensemble,101,Chla_ugL_mean,11.9345211933429
vera4cast,chlorocast_timesfm,2026-10-21 00:00:00,2026-09-29 00:00:00,P1D,fcre,1.6,ensemble,101,Chla_ugL_mean,11.9967954695375
vera4cast,chlorocast_timesfm,2026-10-22 00:00:00,2026-09-29 00:00:00,P1D,fcre,1.6,ensemble,101,Chla_ugL_mean,11.8938241530258
vera4cast,chlorocast_timesfm,2026-10-23 00:00:00,2026-09-29 00:00:00,P1D,fcre,1.6,ensemble,101,Chla_ugL_mean,11.8485463421032
vera4cast,chlorocast_timesfm,2026-10-24 00:00:00,2026-09-29 00:00:00,P1D,fcre,1.6,ensemble,101,Chla_ugL_mean,11.8146777862464
vera4cast,chlorocast_timesfm,2026-10-25 00:00:00,2026-09-29 00:00:00,P1D,fcre,1.6,ensemble,101,Chla_ugL_mean,11.8921171830906
vera4cast,chlorocast_timesfm,2026-10-26 00:00:00,2026-09-29 00:00:00,P1D,fcre,1.6,ensemble,101,Chla_ugL_mean,11.9640052316538
vera4cast,chlorocast_timesfm,2026-10-27 00:00:00,2026-09-29 00:00:00,P1D,fcre,1.6,ensemble,101,Chla_ugL_mean,12.0034342981889
vera4cast,chlorocast_timesfm,2026-10-28 00:00:00,2026-09-29 00:00:00,P1D,fcre,1.6,ensemble,101,Chla_ugL_mean,12.0280382165938
vera4cast,chlorocast_timesfm,2026-10-29 00:00:00,2026-09-29 00:00:00,P1D,fcre,1.6,ensemble,101,Chla_ugL_mean,12.0065874114819
vera4cast,chlorocast_timesfm,2026-10-30 00:00:00,2026-09-29 00:00:00,P1D,fcre,1.6,ensemble,101,Chla_ugL_mean,11.9595489625029
vera4cast,chlorocast_timesfm,2026-10-31 00:00:00,2026-09-29 00:00:00,P1D,fcre,1.6,ensemble,101,Chla_ugL_mean,12.0613667115761
vera4cast,chlorocast_timesfm,2026-11-01 00:00:00,2026-09-29 00:00:00,P1D,fcre,1.6,ensemble,101,Chla_ugL_mean,12.1305583243796
vera4cast,chlorocast_timesfm,2026-11-02 00:00:00,2026-09-29 00:00:00,P1D,fcre,1.6,ensemble,101,Chla_ugL_mean,12.1375558459875
vera4cast,chlorocast_timesfm,2026-11-03 00:00:00,2026-09-29 00:00:00,P1D,fcre,1.6,ensemble,101,Chla_ugL_mean,12.1544019728499
vera4cast,chlorocast_timesfm,2026-09-30 00:00:00,2026-09-29 00:00:00,P1D,fcre,1.6,ensemble,102,Chla_ugL_mean,10.4353694861604
vera4cast,chlorocast_timesfm,2026-10-01 00:00:00,2026-09-29 00:00:00,P1D,fcre,1.6,ensemble,102,Chla_ugL_mean,10.4685505955366
vera4cast,chlorocast_timesfm,2026-10-02 00:00:00,2026-09-29 00:00:00,P1D,fcre,1.6,ensemble,102,Chla_ugL_mean,10.5715942676808
vera4cast,chlorocast_timesfm,2026-10-03 00:00:00,2026-09-29 00:00:00,P1D,fcre,1.6,ensemble,102,Chla_ugL_mean,10.7530770783489
vera4cast,chlorocast_timesfm,2026-10-04 00:00:00,2026-09-29 00:00:00,P1D,fcre,1.6,ensemble,102,Chla_ugL_mean,10.8224202211372
vera4cast,chlorocast_timesfm,2026-10-05 00:00:00,2026-09-29 00:00:00,P1D,fcre,1.6,ensemble,102,Chla_ugL_mean,10.784993109258
vera4cast,chlorocast_timesfm,2026-10-06 00:00:00,2026-09-29 00:00:00,P1D,fcre,1.6,ensemble,102,Chla_ugL_mean,10.906574129072
vera4cast,chlorocast_timesfm,2026-10-07 00:00:00,2026-09-29 00:00:00,P1D,fcre,1.6,ensemble,102,Chla_ugL_mean,10.8666503366438
vera4cast,chlorocast_timesfm,2026-10-08 00:00:00,2026-09-29 00:00:00,P1D,fcre,1.6,ensemble,102,Chla_ugL_mean,10.904603615831
vera4cast,chlorocast_timesfm,2026-10-09 00:00:00,2026-09-29 00:00:00,P1D,fcre,1.6,ensemble,102,Chla_ugL_mean,11.0570376191774
vera4cast,chlorocast_timesfm,2026-10-10 00:00:00,2026-09-29 00:00:00,P1D,fcre,1.6,ensemble,102,Chla_ugL_mean,10.9354891114513
vera4cast,chlorocast_timesfm,2026-10-11 00:00:00,2026-09-29 00:00:00,P1D,fcre,1.6,ensemble,102,Chla_ugL_mean,10.9812706716535
vera4cast,chlorocast_timesfm,2026-10-12 00:00:00,2026-09-29 00:00:00,P1D,fcre,1.6,ensemble,102,Chla_ugL_mean,11.0126111064088
vera4cast,chlorocast_timesfm,2026-10-13 00:00:00,2026-09-29 00:00:00,P1D,fcre,1.6,ensemble,102,Chla_ugL_mean,11.2610325435555
vera4cast,chlorocast_timesfm,2026-10-14 00:00:00,2026-09-29 00:00:00,P1D,fcre,1.6,ensemble,102,Chla_ugL_mean,11.4861264958832
vera4cast,chlorocast_timesfm,2026-10-15 00:00:00,2026-09-29 00:00:00,P1D,fcre,1.6,ensemble,102,Chla_ugL_mean,11.6256322716424
vera4cast,chlorocast_timesfm,2026-10-16 00:00:00,2026-09-29 00:00:00,P1D,fcre,1.6,ensemble,102,Chla_ugL_mean,11.7543773383943
vera4cast,chlorocast_timesfm,2026-10-17 00:00:00,2026-09-29 00:00:00,P1D,fcre,1.6,ensemble,102,Chla_ugL_mean,11.8209540227717
vera4cast,chlorocast_timesfm,2026-10-18 00:00:00,2026-09-29 00:00:00,P1D,fcre,1.6,ensemble,102,Chla_ugL_mean,11.91281755836
vera4cast,chlorocast_timesfm,2026-10-19 00:00:00,2026-09-29 00:00:00,P1D,fcre,1.6,ensemble,102,Chla_ugL_mean,11.9845568346892
vera4cast,chlorocast_timesfm,2026-10-20 00:00:00,2026-09-29 00:00:00,P1D,fcre,1.6,ensemble,102,Chla_ugL_mean,12.0754214891238
vera4cast,chlorocast_timesfm,2026-10-21 00:00:00,2026-09-29 00:00:00,P1D,fcre,1.6,ensemble,102,Chla_ugL_mean,12.1255072498804
vera4cast,chlorocast_timesfm,2026-10-22 00:00:00,2026-09-29 00:00:00,P1D,fcre,1.6,ensemble,102,Chla_ugL_mean,12.0194857228751
vera4cast,chlorocast_timesfm,2026-10-23 00:00:00,2026-09-29 00:00:00,P1D,fcre,1.6,ensemble,102,Chla_ugL_mean,11.9752867430707
vera4cast,chlorocast_timesfm,2026-10-24 00:00:00,2026-09-29 00:00:00,P1D,fcre,1.6,ensemble,102,Chla_ugL_mean,11.9495942159798
vera4cast,chlorocast_timesfm,2026-10-25 00:00:00,2026-09-29 00:00:00,P1D,fcre,1.6,ensemble,102,Chla_ugL_mean,12.0250847969374
vera4cast,chlorocast_timesfm,2026-10-26 00:00:00,2026-09-29 00:00:00,P1D,fcre,1.6,ensemble,102,Chla_ugL_mean,12.0961186516227
vera4cast,chlorocast_timesfm,2026-10-27 00:00:00,2026-09-29 00:00:00,P1D,fcre,1.6,ensemble,102,Chla_ugL_mean,12.1307870781545
vera4cast,chlorocast_timesfm,2026-10-28 00:00:00,2026-09-29 00:00:00,P1D,fcre,1.6,ensemble,102,Chla_ugL_mean,12.159950387675
vera4cast,chlorocast_timesfm,2026-10-29 00:00:00,2026-09-29 00:00:00,P1D,fcre,1.6,ensemble,102,Chla_ugL_mean,12.1375567589009
vera4cast,chlorocast_timesfm,2026-10-30 00:00:00,2026-09-29 00:00:00,P1D,fcre,1.6,ensemble,102,Chla_ugL_mean,12.0991070577595
vera4cast,chlorocast_timesfm,2026-10-31 00:00:00,2026-09-29 00:00:00,P1D,fcre,1.6,ensemble,102,Chla_ugL_mean,12.1957688057737
vera4cast,chlorocast_timesfm,2026-11-01 00:00:00,2026-09-29 00:00:00,P1D,fcre,1.6,ensemble,102,Chla_ugL_mean,12.2713140047865
vera4cast,chlorocast_timesfm,2026-11-02 00:00:00,2026-09-29 00:00:00,P1D,fcre,1.6,ensemble,102,Chla_ugL_mean,12.2738147122516
vera4cast,chlorocast_timesfm,2026-11-03 00:00:00,2026-09-29 00:00:00,P1D,fcre,1.6,ensemble,102,Chla_ugL_mean,12.2929964013789
vera4cast,chlorocast_timesfm,2026-09-30 00:00:00,2026-09-29 00:00:00,P1D,fcre,1.6,ensemble,103,Chla_ugL_mean,10.5218152729512
vera4cast,chlorocast_timesfm,2026-10-01 00:00:00,2026-09-29 00:00:00,P1D,fcre,1.6,ensemble,103,Chla_ugL_mean,10.5606918784547
vera4cast,chlorocast_timesfm,2026-10-02 00:00:00,2026-09-29 00:00:00,P1D,fcre,1.6,ensemble,103,Chla_ugL_mean,10.6660848605875
vera4cast,chlorocast_timesfm,2026-10-03 00:00:00,2026-09-29 00:00:00,P1D,fcre,1.6,ensemble,103,Chla_ugL_mean,10.8440373026746
vera4cast,chlorocast_timesfm,2026-10-04 00:00:00,2026-09-29 00:00:00,P1D,fcre,1.6,ensemble,103,Chla_ugL_mean,10.9248789122115
vera4cast,chlorocast_timesfm,2026-10-05 00:00:00,2026-09-29 00:00:00,P1D,fcre,1.6,ensemble,103,Chla_ugL_mean,10.8854323623633
vera4cast,chlorocast_timesfm,2026-10-06 00:00:00,2026-09-29 00:00:00,P1D,fcre,1.6,ensemble,103,Chla_ugL_mean,11.0179483532093
vera4cast,chlorocast_timesfm,2026-10-07 00:00:00,2026-09-29 00:00:00,P1D,fcre,1.6,ensemble,103,Chla_ugL_mean,10.9718547387045
vera4cast,chlorocast_timesfm,2026-10-08 00:00:00,2026-09-29 00:00:00,P1D,fcre,1.6,ensemble,103,Chla_ugL_mean,11.0135514660402
vera4cast,chlorocast_timesfm,2026-10-09 00:00:00,2026-09-29 00:00:00,P1D,fcre,1.6,ensemble,103,Chla_ugL_mean,11.170617732479
vera4cast,chlorocast_timesfm,2026-10-10 00:00:00,2026-09-29 00:00:00,P1D,fcre,1.6,ensemble,103,Chla_ugL_mean,11.0438806531603
vera4cast,chlorocast_timesfm,2026-10-11 00:00:00,2026-09-29 00:00:00,P1D,fcre,1.6,ensemble,103,Chla_ugL_mean,11.0909218972203
vera4cast,chlorocast_timesfm,2026-10-12 00:00:00,2026-09-29 00:00:00,P1D,fcre,1.6,ensemble,103,Chla_ugL_mean,11.1232646207424
vera4cast,chlorocast_timesfm,2026-10-13 00:00:00,2026-09-29 00:00:00,P1D,fcre,1.6,ensemble,103,Chla_ugL_mean,11.3766087741211
vera4cast,chlorocast_timesfm,2026-10-14 00:00:00,2026-09-29 00:00:00,P1D,fcre,1.6,ensemble,103,Chla_ugL_mean,11.5947163736893
vera4cast,chlorocast_timesfm,2026-10-15 00:00:00,2026-09-29 00:00:00,P1D,fcre,1.6,ensemble,103,Chla_ugL_mean,11.7470464772158
vera4cast,chlorocast_timesfm,2026-10-16 00:00:00,2026-09-29 00:00:00,P1D,fcre,1.6,ensemble,103,Chla_ugL_mean,11.8799837556354
vera4cast,chlorocast_timesfm,2026-10-17 00:00:00,2026-09-29 00:00:00,P1D,fcre,1.6,ensemble,103,Chla_ugL_mean,11.9481235686828
vera4cast,chlorocast_timesfm,2026-10-18 00:00:00,2026-09-29 00:00:00,P1D,fcre,1.6,ensemble,103,Chla_ugL_mean,12.0400564895533
vera4cast,chlorocast_timesfm,2026-10-19 00:00:00,2026-09-29 00:00:00,P1D,fcre,1.6,ensemble,103,Chla_ugL_mean,12.1137386164058
vera4cast,chlorocast_timesfm,2026-10-20 00:00:00,2026-09-29 00:00:00,P1D,fcre,1.6,ensemble,103,Chla_ugL_mean,12.2178566614613
vera4cast,chlorocast_timesfm,2026-10-21 00:00:00,2026-09-29 00:00:00,P1D,fcre,1.6,ensemble,103,Chla_ugL_mean,12.2554937076958
vera4cast,chlorocast_timesfm,2026-10-22 00:00:00,2026-09-29 00:00:00,P1D,fcre,1.6,ensemble,103,Chla_ugL_mean,12.1463719743977
vera4cast,chlorocast_timesfm,2026-10-23 00:00:00,2026-09-29 00:00:00,P1D,fcre,1.6,ensemble,103,Chla_ugL_mean,12.103277334434
vera4cast,chlorocast_timesfm,2026-10-24 00:00:00,2026-09-29 00:00:00,P1D,fcre,1.6,ensemble,103,Chla_ugL_mean,12.0859310827554
vera4cast,chlorocast_timesfm,2026-10-25 00:00:00,2026-09-29 00:00:00,P1D,fcre,1.6,ensemble,103,Chla_ugL_mean,12.1594238213974
vera4cast,chlorocast_timesfm,2026-10-26 00:00:00,2026-09-29 00:00:00,P1D,fcre,1.6,ensemble,103,Chla_ugL_mean,12.229578411355
vera4cast,chlorocast_timesfm,2026-10-27 00:00:00,2026-09-29 00:00:00,P1D,fcre,1.6,ensemble,103,Chla_ugL_mean,12.2593871232805
vera4cast,chlorocast_timesfm,2026-10-28 00:00:00,2026-09-29 00:00:00,P1D,fcre,1.6,ensemble,103,Chla_ugL_mean,12.2931982027412
vera4cast,chlorocast_timesfm,2026-10-29 00:00:00,2026-09-29 00:00:00,P1D,fcre,1.6,ensemble,103,Chla_ugL_mean,12.2698448972849
vera4cast,chlorocast_timesfm,2026-10-30 00:00:00,2026-09-29 00:00:00,P1D,fcre,1.6,ensemble,103,Chla_ugL_mean,12.2401680187414
vera4cast,chlorocast_timesfm,2026-10-31 00:00:00,2026-09-29 00:00:00,P1D,fcre,1.6,ensemble,103,Chla_ugL_mean,12.3315539040109
vera4cast,chlorocast_timesfm,2026-11-01 00:00:00,2026-09-29 00:00:00,P1D,fcre,1.6,ensemble,103,Chla_ugL_mean,12.4135785442287
vera4cast,chlorocast_timesfm,2026-11-02 00:00:00,2026-09-29 00:00:00,P1D,fcre,1.6,ensemble,103,Chla_ugL_mean,12.411486815411
vera4cast,chlorocast_timesfm,2026-11-03 00:00:00,2026-09-29 00:00:00,P1D,fcre,1.6,ensemble,103,Chla_ugL_mean,12.4330510571124
vera4cast,chlorocast_timesfm,2026-09-30 00:00:00,2026-09-29 00:00:00,P1D,fcre,1.6,ensemble,104,Chla_ugL_mean,10.6089145475075
vera4cast,chlorocast_timesfm,2026-10-01 00:00:00,2026-09-29 00:00:00,P1D,fcre,1.6,ensemble,104,Chla_ugL_mean,10.6535734481202
vera4cast,chlorocast_timesfm,2026-10-02 00:00:00,2026-09-29 00:00:00,P1D,fcre,1.6,ensemble,104,Chla_ugL_mean,10.7613470388039
vera4cast,chlorocast_timesfm,2026-10-03 00:00:00,2026-09-29 00:00:00,P1D,fcre,1.6,ensemble,104,Chla_ugL_mean,10.9357014926387
vera4cast,chlorocast_timesfm,2026-10-04 00:00:00,2026-09-29 00:00:00,P1D,fcre,1.6,ensemble,104,Chla_ugL_mean,11.0282255588127
vera4cast,chlorocast_timesfm,2026-10-05 00:00:00,2026-09-29 00:00:00,P1D,fcre,1.6,ensemble,104,Chla_ugL_mean,10.9867276230599
vera4cast,chlorocast_timesfm,2026-10-06 00:00:00,2026-09-29 00:00:00,P1D,fcre,1.6,ensemble,104,Chla_ugL_mean,11.1303643730526
vera4cast,chlorocast_timesfm,2026-10-07 00:00:00,2026-09-29 00:00:00,P1D,fcre,1.6,ensemble,104,Chla_ugL_mean,11.0779918358308
vera4cast,chlorocast_timesfm,2026-10-08 00:00:00,2026-09-29 00:00:00,P1D,fcre,1.6,ensemble,104,Chla_ugL_mean,11.1234963787681
vera4cast,chlorocast_timesfm,2026-10-09 00:00:00,2026-09-29 00:00:00,P1D,fcre,1.6,ensemble,104,Chla_ugL_mean,11.2852677970029
vera4cast,chlorocast_timesfm,2026-10-10 00:00:00,2026-09-29 00:00:00,P1D,fcre,1.6,ensemble,104,Chla_ugL_mean,11.1532565471822
vera4cast,chlorocast_timesfm,2026-10-11 00:00:00,2026-09-29 00:00:00,P1D,fcre,1.6,ensemble,104,Chla_ugL_mean,11.2015766383238
vera4cast,chlorocast_timesfm,2026-10-12 00:00:00,2026-09-29 00:00:00,P1D,fcre,1.6,ensemble,104,Chla_ugL_mean,11.2349374139094
vera4cast,chlorocast_timesfm,2026-10-13 00:00:00,2026-09-29 00:00:00,P1D,fcre,1.6,ensemble,104,Chla_ugL_mean,11.4932744614698
vera4cast,chlorocast_timesfm,2026-10-14 00:00:00,2026-09-29 00:00:00,P1D,fcre,1.6,ensemble,104,Chla_ugL_mean,11.7042506405793
vera4cast,chlorocast_timesfm,2026-10-15 00:00:00,2026-09-29 00:00:00,P1D,fcre,1.6,ensemble,104,Chla_ugL_mean,11.8696282606973
vera4cast,chlorocast_timesfm,2026-10-16 00:00:00,2026-09-29 00:00:00,P1D,fcre,1.6,ensemble,104,Chla_ugL_mean,12.0068271577668
vera4cast,chlorocast_timesfm,2026-10-17 00:00:00,2026-09-29 00:00:00,P1D,fcre,1.6,ensemble,104,Chla_ugL_mean,12.0765544944708
vera4cast,chlorocast_timesfm,2026-10-18 00:00:00,2026-09-29 00:00:00,P1D,fcre,1.6,ensemble,104,Chla_ugL_mean,12.1685491940257
vera4cast,chlorocast_timesfm,2026-10-19 00:00:00,2026-09-29 00:00:00,P1D,fcre,1.6,ensemble,104,Chla_ugL_mean,12.2442056120068
vera4cast,chlorocast_timesfm,2026-10-20 00:00:00,2026-09-29 00:00:00,P1D,fcre,1.6,ensemble,104,Chla_ugL_mean,12.3618434303065
vera4cast,chlorocast_timesfm,2026-10-21 00:00:00,2026-09-29 00:00:00,P1D,fcre,1.6,ensemble,104,Chla_ugL_mean,12.3867674665574
vera4cast,chlorocast_timesfm,2026-10-22 00:00:00,2026-09-29 00:00:00,P1D,fcre,1.6,ensemble,104,Chla_ugL_mean,12.2744948431851
vera4cast,chlorocast_timesfm,2026-10-23 00:00:00,2026-09-29 00:00:00,P1D,fcre,1.6,ensemble,104,Chla_ugL_mean,12.2325304482989
vera4cast,chlorocast_timesfm,2026-10-24 00:00:00,2026-09-29 00:00:00,P1D,fcre,1.6,ensemble,104,Chla_ugL_mean,12.2237033413226
vera4cast,chlorocast_timesfm,2026-10-25 00:00:00,2026-09-29 00:00:00,P1D,fcre,1.6,ensemble,104,Chla_ugL_mean,12.2951484010207
vera4cast,chlorocast_timesfm,2026-10-26 00:00:00,2026-09-29 00:00:00,P1D,fcre,1.6,ensemble,104,Chla_ugL_mean,12.3643982311128
vera4cast,chlorocast_timesfm,2026-10-27 00:00:00,2026-09-29 00:00:00,P1D,fcre,1.6,ensemble,104,Chla_ugL_mean,12.3892466490079
vera4cast,chlorocast_timesfm,2026-10-28 00:00:00,2026-09-29 00:00:00,P1D,fcre,1.6,ensemble,104,Chla_ugL_mean,12.4277951855242
vera4cast,chlorocast_timesfm,2026-10-29 00:00:00,2026-09-29 00:00:00,P1D,fcre,1.6,ensemble,104,Chla_ugL_mean,12.4034651061504
vera4cast,chlorocast_timesfm,2026-10-30 00:00:00,2026-09-29 00:00:00,P1D,fcre,1.6,ensemble,104,Chla_ugL_mean,12.3827480294284
vera4cast,chlorocast_timesfm,2026-10-31 00:00:00,2026-09-29 00:00:00,P1D,fcre,1.6,ensemble,104,Chla_ugL_mean,12.468736237466
vera4cast,chlorocast_timesfm,2026-11-01 00:00:00,2026-09-29 00:00:00,P1D,fcre,1.6,ensemble,104,Chla_ugL_mean,12.5573681172264
vera4cast,chlorocast_timesfm,2026-11-02 00:00:00,2026-09-29 00:00:00,P1D,fcre,1.6,ensemble,104,Chla_ugL_mean,12.5505868131433
vera4cast,chlorocast_timesfm,2026-11-03 00:00:00,2026-09-29 00:00:00,P1D,fcre,1.6,ensemble,104,Chla_ugL_mean,12.5745813249653
vera4cast,chlorocast_timesfm,2026-09-30 00:00:00,2026-09-29 00:00:00,P1D,fcre,1.6,ensemble,105,Chla_ugL_mean,10.6966722498766
vera4cast,chlorocast_timesfm,2026-10-01 00:00:00,2026-09-29 00:00:00,P1D,fcre,1.6,ensemble,105,Chla_ugL_mean,10.7472012521871
vera4cast,chlorocast_timesfm,2026-10-02 00:00:00,2026-09-29 00:00:00,P1D,fcre,1.6,ensemble,105,Chla_ugL_mean,10.8573871028927
vera4cast,chlorocast_timesfm,2026-10-03 00:00:00,2026-09-29 00:00:00,P1D,fcre,1.6,ensemble,105,Chla_ugL_mean,11.0280750964206
vera4cast,chlorocast_timesfm,2026-10-04 00:00:00,2026-09-29 00:00:00,P1D,fcre,1.6,ensemble,105,Chla_ugL_mean,11.1324678563837
vera4cast,chlorocast_timesfm,2026-10-05 00:00:00,2026-09-29 00:00:00,P1D,fcre,1.6,ensemble,105,Chla_ugL_mean,11.0888861867923
vera4cast,chlorocast_timesfm,2026-10-06 00:00:00,2026-09-29 00:00:00,P1D,fcre,1.6,ensemble,105,Chla_ugL_mean,11.2438319335705
vera4cast,chlorocast_timesfm,2026-10-07 00:00:00,2026-09-29 00:00:00,P1D,fcre,1.6,ensemble,105,Chla_ugL_mean,11.1850698968788
vera4cast,chlorocast_timesfm,2026-10-08 00:00:00,2026-09-29 00:00:00,P1D,fcre,1.6,ensemble,105,Chla_ugL_mean,11.2344474788728
vera4cast,chlorocast_timesfm,2026-10-09 00:00:00,2026-09-29 00:00:00,P1D,fcre,1.6,ensemble,105,Chla_ugL_mean,11.4009978919398
vera4cast,chlorocast_timesfm,2026-10-10 00:00:00,2026-09-29 00:00:00,P1D,fcre,1.6,ensemble,105,Chla_ugL_mean,11.263625732863
vera4cast,chlorocast_timesfm,2026-10-11 00:00:00,2026-09-29 00:00:00,P1D,fcre,1.6,ensemble,105,Chla_ugL_mean,11.313244079024
vera4cast,chlorocast_timesfm,2026-10-12 00:00:00,2026-09-29 00:00:00,P1D,fcre,1.6,ensemble,105,Chla_ugL_mean,11.3476388749413
vera4cast,chlorocast_timesfm,2026-10-13 00:00:00,2026-09-29 00:00:00,P1D,fcre,1.6,ensemble,105,Chla_ugL_mean,11.6110398751533
vera4cast,chlorocast_timesfm,2026-10-14 00:00:00,2026-09-29 00:00:00,P1D,fcre,1.6,ensemble,105,Chla_ugL_mean,11.8147375097564
vera4cast,chlorocast_timesfm,2026-10-15 00:00:00,2026-09-29 00:00:00,P1D,fcre,1.6,ensemble,105,Chla_ugL_mean,11.9933888500824
vera4cast,chlorocast_timesfm,2026-10-16 00:00:00,2026-09-29 00:00:00,P1D,fcre,1.6,ensemble,105,Chla_ugL_mean,12.1349197267426
vera4cast,chlorocast_timesfm,2026-10-17 00:00:00,2026-09-29 00:00:00,P1D,fcre,1.6,ensemble,105,Chla_ugL_mean,12.2062593116154
vera4cast,chlorocast_timesfm,2026-10-18 00:00:00,2026-09-29 00:00:00,P1D,fcre,1.6,ensemble,105,Chla_ugL_mean,12.2983080260733
vera4cast,chlorocast_timesfm,2026-10-19 00:00:00,2026-09-29 00:00:00,P1D,fcre,1.6,ensemble,105,Chla_ugL_mean,12.3759706079294
vera4cast,chlorocast_timesfm,2026-10-20 00:00:00,2026-09-29 00:00:00,P1D,fcre,1.6,ensemble,105,Chla_ugL_mean,12.5073986977467
vera4cast,chlorocast_timesfm,2026-10-21 00:00:00,2026-09-29 00:00:00,P1D,fcre,1.6,ensemble,105,Chla_ugL_mean,12.5193412750547
vera4cast,chlorocast_timesfm,2026-10-22 00:00:00,2026-09-29 00:00:00,P1D,fcre,1.6,ensemble,105,Chla_ugL_mean,12.403866381152
vera4cast,chlorocast_timesfm,2026-10-23 00:00:00,2026-09-29 00:00:00,P1D,fcre,1.6,ensemble,105,Chla_ugL_mean,12.3630585384172
vera4cast,chlorocast_timesfm,2026-10-24 00:00:00,2026-09-29 00:00:00,P1D,fcre,1.6,ensemble,105,Chla_ugL_mean,12.3629261038784
vera4cast,chlorocast_timesfm,2026-10-25 00:00:00,2026-09-29 00:00:00,P1D,fcre,1.6,ensemble,105,Chla_ugL_mean,12.4322728262424
vera4cast,chlorocast_timesfm,2026-10-26 00:00:00,2026-09-29 00:00:00,P1D,fcre,1.6,ensemble,105,Chla_ugL_mean,12.5005919709786
vera4cast,chlorocast_timesfm,2026-10-27 00:00:00,2026-09-29 00:00:00,P1D,fcre,1.6,ensemble,105,Chla_ugL_mean,12.5203779904132
vera4cast,chlorocast_timesfm,2026-10-28 00:00:00,2026-09-29 00:00:00,P1D,fcre,1.6,ensemble,105,Chla_ugL_mean,12.5637549966875
vera4cast,chlorocast_timesfm,2026-10-29 00:00:00,2026-09-29 00:00:00,P1D,fcre,1.6,ensemble,105,Chla_ugL_mean,12.5384307987314
vera4cast,chlorocast_timesfm,2026-10-30 00:00:00,2026-09-29 00:00:00,P1D,fcre,1.6,ensemble,105,Chla_ugL_mean,12.5268634480814
vera4cast,chlorocast_timesfm,2026-10-31 00:00:00,2026-09-29 00:00:00,P1D,fcre,1.6,ensemble,105,Chla_ugL_mean,12.6073301837569
vera4cast,chlorocast_timesfm,2026-11-01 00:00:00,2026-09-29 00:00:00,P1D,fcre,1.6,ensemble,105,Chla_ugL_mean,12.7026990716858
vera4cast,chlorocast_timesfm,2026-11-02 00:00:00,2026-09-29 00:00:00,P1D,fcre,1.6,ensemble,105,Chla_ugL_mean,12.691129515151
vera4cast,chlorocast_timesfm,2026-11-03 00:00:00,2026-09-29 00:00:00,P1D,fcre,1.6,ensemble,105,Chla_ugL_mean,12.7176027519475
vera4cast,chlorocast_timesfm,2026-09-30 00:00:00,2026-09-29 00:00:00,P1D,fcre,1.6,ensemble,106,Chla_ugL_mean,10.7850933574497
vera4cast,chlorocast_timesfm,2026-10-01 00:00:00,2026-09-29 00:00:00,P1D,fcre,1.6,ensemble,106,Chla_ugL_mean,10.8415812860944
vera4cast,chlorocast_timesfm,2026-10-02 00:00:00,2026-09-29 00:00:00,P1D,fcre,1.6,ensemble,106,Chla_ugL_mean,10.954211404865
vera4cast,chlorocast_timesfm,2026-10-03 00:00:00,2026-09-29 00:00:00,P1D,fcre,1.6,ensemble,106,Chla_ugL_mean,11.1211636043647
vera4cast,chlorocast_timesfm,2026-10-04 00:00:00,2026-09-29 00:00:00,P1D,fcre,1.6,ensemble,106,Chla_ugL_mean,11.2376135670601
vera4cast,chlorocast_timesfm,2026-10-05 00:00:00,2026-09-29 00:00:00,P1D,fcre,1.6,ensemble,106,Chla_ugL_mean,11.1919154111813
vera4cast,chlorocast_timesfm,2026-10-06 00:00:00,2026-09-29 00:00:00,P1D,fcre,1.6,ensemble,106,Chla_ugL_mean,11.3583608708858
vera4cast,chlorocast_timesfm,2026-10-07 00:00:00,2026-09-29 00:00:00,P1D,fcre,1.6,ensemble,106,Chla_ugL_mean,11.293097264013
vera4cast,chlorocast_timesfm,2026-10-08 00:00:00,2026-09-29 00:00:00,P1D,fcre,1.6,ensemble,106,Chla_ugL_mean,11.3464139747205
vera4cast,chlorocast_timesfm,2026-10-09 00:00:00,2026-09-29 00:00:00,P1D,fcre,1.6,ensemble,106,Chla_ugL_mean,11.5178181914285
vera4cast,chlorocast_timesfm,2026-10-10 00:00:00,2026-09-29 00:00:00,P1D,fcre,1.6,ensemble,106,Chla_ugL_mean,11.3749972307307
vera4cast,chlorocast_timesfm,2026-10-11 00:00:00,2026-09-29 00:00:00,P1D,fcre,1.6,ensemble,106,Chla_ugL_mean,11.4259334874323
vera4cast,chlorocast_timesfm,2026-10-12 00:00:00,2026-09-29 00:00:00,P1D,fcre,1.6,ensemble,106,Chla_ugL_mean,11.4613784793563
vera4cast,chlorocast_timesfm,2026-10-13 00:00:00,2026-09-29 00:00:00,P1D,fcre,1.6,ensemble,106,Chla_ugL_mean,11.7299153815273
vera4cast,chlorocast_timesfm,2026-10-14 00:00:00,2026-09-29 00:00:00,P1D,fcre,1.6,ensemble,106,Chla_ugL_mean,11.9261852658528
vera4cast,chlorocast_timesfm,2026-10-15 00:00:00,2026-09-29 00:00:00,P1D,fcre,1.6,ensemble,106,Chla_ugL_mean,12.1183395813407
vera4cast,chlorocast_timesfm,2026-10-16 00:00:00,2026-09-29 00:00:00,P1D,fcre,1.6,ensemble,106,Chla_ugL_mean,12.2642737644862
vera4cast,chlorocast_timesfm,2026-10-17 00:00:00,2026-09-29 00:00:00,P1D,fcre,1.6,ensemble,106,Chla_ugL_mean,12.3372506556963
vera4cast,chlorocast_timesfm,2026-10-18 00:00:00,2026-09-29 00:00:00,P1D,fcre,1.6,ensemble,106,Chla_ugL_mean,12.4293454617275
vera4cast,chlorocast_timesfm,2026-10-19 00:00:00,2026-09-29 00:00:00,P1D,fcre,1.6,ensemble,106,Chla_ugL_mean,12.5090465178214
vera4cast,chlorocast_timesfm,2026-10-20 00:00:00,2026-09-29 00:00:00,P1D,fcre,1.6,ensemble,106,Chla_ugL_mean,12.6545395499897
vera4cast,chlorocast_timesfm,2026-10-21 00:00:00,2026-09-29 00:00:00,P1D,fcre,1.6,ensemble,106,Chla_ugL_mean,12.6532280080309
vera4cast,chlorocast_timesfm,2026-10-22 00:00:00,2026-09-29 00:00:00,P1D,fcre,1.6,ensemble,106,Chla_ugL_mean,12.5344987576694
vera4cast,chlorocast_timesfm,2026-10-23 00:00:00,2026-09-29 00:00:00,P1D,fcre,1.6,ensemble,106,Chla_ugL_mean,12.494874181387
vera4cast,chlorocast_timesfm,2026-10-24 00:00:00,2026-09-29 00:00:00,P1D,fcre,1.6,ensemble,106,Chla_ugL_mean,12.5036146417252
vera4cast,chlorocast_timesfm,2026-10-25 00:00:00,2026-09-29 00:00:00,P1D,fcre,1.6,ensemble,106,Chla_ugL_mean,12.5708115348874
vera4cast,chlorocast_timesfm,2026-10-26 00:00:00,2026-09-29 00:00:00,P1D,fcre,1.6,ensemble,106,Chla_ugL_mean,12.63817363228
vera4cast,chlorocast_timesfm,2026-10-27 00:00:00,2026-09-29 00:00:00,P1D,fcre,1.6,ensemble,106,Chla_ugL_mean,12.6527936033798
vera4cast,chlorocast_timesfm,2026-10-28 00:00:00,2026-09-29 00:00:00,P1D,fcre,1.6,ensemble,106,Chla_ugL_mean,12.7010914352119
vera4cast,chlorocast_timesfm,2026-10-29 00:00:00,2026-09-29 00:00:00,P1D,fcre,1.6,ensemble,106,Chla_ugL_mean,12.6747555233261
vera4cast,chlorocast_timesfm,2026-10-30 00:00:00,2026-09-29 00:00:00,P1D,fcre,1.6,ensemble,106,Chla_ugL_mean,12.6725308091194
vera4cast,chlorocast_timesfm,2026-10-31 00:00:00,2026-09-29 00:00:00,P1D,fcre,1.6,ensemble,106,Chla_ugL_mean,12.7473502684479
vera4cast,chlorocast_timesfm,2026-11-01 00:00:00,2026-09-29 00:00:00,P1D,fcre,1.6,ensemble,106,Chla_ugL_mean,12.8495879307578
vera4cast,chlorocast_timesfm,2026-11-02 00:00:00,2026-09-29 00:00:00,P1D,fcre,1.6,ensemble,106,Chla_ugL_mean,12.8331298847387
vera4cast,chlorocast_timesfm,2026-11-03 00:00:00,2026-09-29 00:00:00,P1D,fcre,1.6,ensemble,106,Chla_ugL_mean,12.8621310488719
vera4cast,chlorocast_timesfm,2026-09-30 00:00:00,2026-09-29 00:00:00,P1D,fcre,1.6,ensemble,107,Chla_ugL_mean,10.8741828852451
vera4cast,chlorocast_timesfm,2026-10-01 00:00:00,2026-09-29 00:00:00,P1D,fcre,1.6,ensemble,107,Chla_ugL_mean,10.9367195934499
vera4cast,chlorocast_timesfm,2026-10-02 00:00:00,2026-09-29 00:00:00,P1D,fcre,1.6,ensemble,107,Chla_ugL_mean,11.0518263486012
vera4cast,chlorocast_timesfm,2026-10-03 00:00:00,2026-09-29 00:00:00,P1D,fcre,1.6,ensemble,107,Chla_ugL_mean,11.2149725493066
vera4cast,chlorocast_timesfm,2026-10-04 00:00:00,2026-09-29 00:00:00,P1D,fcre,1.6,ensemble,107,Chla_ugL_mean,11.3436705202474
vera4cast,chlorocast_timesfm,2026-10-05 00:00:00,2026-09-29 00:00:00,P1D,fcre,1.6,ensemble,107,Chla_ugL_mean,11.2958227165543
vera4cast,chlorocast_timesfm,2026-10-06 00:00:00,2026-09-29 00:00:00,P1D,fcre,1.6,ensemble,107,Chla_ugL_mean,11.4739611131286
vera4cast,chlorocast_timesfm,2026-10-07 00:00:00,2026-09-29 00:00:00,P1D,fcre,1.6,ensemble,107,Chla_ugL_mean,11.4020823533555
vera4cast,chlorocast_timesfm,2026-10-08 00:00:00,2026-09-29 00:00:00,P1D,fcre,1.6,ensemble,107,Chla_ugL_mean,11.4594051589503
vera4cast,chlorocast_timesfm,2026-10-09 00:00:00,2026-09-29 00:00:00,P1D,fcre,1.6,ensemble,107,Chla_ugL_mean,11.635738965451
vera4cast,chlorocast_timesfm,2026-10-10 00:00:00,2026-09-29 00:00:00,P1D,fcre,1.6,ensemble,107,Chla_ugL_mean,11.4873801432328
vera4cast,chlorocast_timesfm,2026-10-11 00:00:00,2026-09-29 00:00:00,P1D,fcre,1.6,ensemble,107,Chla_ugL_mean,11.5396542164809
vera4cast,chlorocast_timesfm,2026-10-12 00:00:00,2026-09-29 00:00:00,P1D,fcre,1.6,ensemble,107,Chla_ugL_mean,11.5761657899558
vera4cast,chlorocast_timesfm,2026-10-13 00:00:00,2026-09-29 00:00:00,P1D,fcre,1.6,ensemble,107,Chla_ugL_mean,11.8499114446639
vera4cast,chlorocast_timesfm,2026-10-14 00:00:00,2026-09-29 00:00:00,P1D,fcre,1.6,ensemble,107,Chla_ugL_mean,12.0386022655509
vera4cast,chlorocast_timesfm,2026-10-15 00:00:00,2026-09-29 00:00:00,P1D,fcre,1.6,ensemble,107,Chla_ugL_mean,12.2444918994538
vera4cast,chlorocast_timesfm,2026-10-16 00:00:00,2026-09-29 00:00:00,P1D,fcre,1.6,ensemble,107,Chla_ugL_mean,12.3949016940714
vera4cast,chlorocast_timesfm,2026-10-17 00:00:00,2026-09-29 00:00:00,P1D,fcre,1.6,ensemble,107,Chla_ugL_mean,12.4695412876239
vera4cast,chlorocast_timesfm,2026-10-18 00:00:00,2026-09-29 00:00:00,P1D,fcre,1.6,ensemble,107,Chla_ugL_mean,12.5616740999549
vera4cast,chlorocast_timesfm,2026-10-19 00:00:00,2026-09-29 00:00:00,P1D,fcre,1.6,ensemble,107,Chla_ugL_mean,12.643446383807
vera4cast,chlorocast_timesfm,2026-10-20 00:00:00,2026-09-29 00:00:00,P1D,fcre,1.6,ensemble,107,Chla_ugL_mean,12.8032832593692
vera4cast,chlorocast_timesfm,2026-10-21 00:00:00,2026-09-29 00:00:00,P1D,fcre,1.6,ensemble,107,Chla_ugL_mean,12.7884406678331
vera4cast,chlorocast_timesfm,2026-10-22 00:00:00,2026-09-29 00:00:00,P1D,fcre,1.6,ensemble,107,Chla_ugL_mean,12.6664042607093
vera4cast,chlorocast_timesfm,2026-10-23 00:00:00,2026-09-29 00:00:00,P1D,fcre,1.6,ensemble,107,Chla_ugL_mean,12.6279900778639
vera4cast,chlorocast_timesfm,2026-10-24 00:00:00,2026-09-29 00:00:00,P1D,fcre,1.6,ensemble,107,Chla_ugL_mean,12.645784386946
vera4cast,chlorocast_timesfm,2026-10-25 00:00:00,2026-09-29 00:00:00,P1D,fcre,1.6,ensemble,107,Chla_ugL_mean,12.7107791136901
vera4cast,chlorocast_timesfm,2026-10-26 00:00:00,2026-09-29 00:00:00,P1D,fcre,1.6,ensemble,107,Chla_ugL_mean,12.7771573590291
vera4cast,chlorocast_timesfm,2026-10-27 00:00:00,2026-09-29 00:00:00,P1D,fcre,1.6,ensemble,107,Chla_ugL_mean,12.7865060657814
vera4cast,chlorocast_timesfm,2026-10-28 00:00:00,2026-09-29 00:00:00,P1D,fcre,1.6,ensemble,107,Chla_ugL_mean,12.8398184397965
vera4cast,chlorocast_timesfm,2026-10-29 00:00:00,2026-09-29 00:00:00,P1D,fcre,1.6,ensemble,107,Chla_ugL_mean,12.8124529646568
vera4cast,chlorocast_timesfm,2026-10-30 00:00:00,2026-09-29 00:00:00,P1D,fcre,1.6,ensemble,107,Chla_ugL_mean,12.8197668250161
vera4cast,chlorocast_timesfm,2026-10-31 00:00:00,2026-09-29 00:00:00,P1D,fcre,1.6,ensemble,107,Chla_ugL_mean,12.8888111665719
vera4cast,chlorocast_timesfm,2026-11-01 00:00:00,2026-09-29 00:00:00,P1D,fcre,1.6,ensemble,107,Chla_ugL_mean,12.9980513947165
vera4cast,chlorocast_timesfm,2026-11-02 00:00:00,2026-09-29 00:00:00,P1D,fcre,1.6,ensemble,107,Chla_ugL_mean,12.976603040406
vera4cast,chlorocast_timesfm,2026-11-03 00:00:00,2026-09-29 00:00:00,P1D,fcre,1.6,ensemble,107,Chla_ugL_mean,13.00818209208
vera4cast,chlorocast_timesfm,2026-09-30 00:00:00,2026-09-29 00:00:00,P1D,fcre,1.6,ensemble,108,Chla_ugL_mean,10.9639458861919
vera4cast,chlorocast_timesfm,2026-10-01 00:00:00,2026-09-29 00:00:00,P1D,fcre,1.6,ensemble,108,Chla_ugL_mean,11.0326222664173
vera4cast,chlorocast_timesfm,2026-10-02 00:00:00,2026-09-29 00:00:00,P1D,fcre,1.6,ensemble,108,Chla_ugL_mean,11.1502383902736
vera4cast,chlorocast_timesfm,2026-10-03 00:00:00,2026-09-29 00:00:00,P1D,fcre,1.6,ensemble,108,Chla_ugL_mean,11.3095075069019
vera4cast,chlorocast_timesfm,2026-10-04 00:00:00,2026-09-29 00:00:00,P1D,fcre,1.6,ensemble,108,Chla_ugL_mean,11.4506466132047
vera4cast,chlorocast_timesfm,2026-10-05 00:00:00,2026-09-29 00:00:00,P1D,fcre,1.6,ensemble,108,Chla_ugL_mean,11.4006155864794
vera4cast,chlorocast_timesfm,2026-10-06 00:00:00,2026-09-29 00:00:00,P1D,fcre,1.6,ensemble,108,Chla_ugL_mean,11.5906426812969
vera4cast,chlorocast_timesfm,2026-10-07 00:00:00,2026-09-29 00:00:00,P1D,fcre,1.6,ensemble,108,Chla_ugL_mean,11.512033655642
vera4cast,chlorocast_timesfm,2026-10-08 00:00:00,2026-09-29 00:00:00,P1D,fcre,1.6,ensemble,108,Chla_ugL_mean,11.5734304092449
vera4cast,chlorocast_timesfm,2026-10-09 00:00:00,2026-09-29 00:00:00,P1D,fcre,1.6,ensemble,108,Chla_ugL_mean,11.7547705807346
vera4cast,chlorocast_timesfm,2026-10-10 00:00:00,2026-09-29 00:00:00,P1D,fcre,1.6,ensemble,108,Chla_ugL_mean,11.6007836554803
vera4cast,chlorocast_timesfm,2026-10-11 00:00:00,2026-09-29 00:00:00,P1D,fcre,1.6,ensemble,108,Chla_ugL_mean,11.6544157046989
vera4cast,chlorocast_timesfm,2026-10-12 00:00:00,2026-09-29 00:00:00,P1D,fcre,1.6,ensemble,108,Chla_ugL_mean,11.6920104576282
vera4cast,chlorocast_timesfm,2026-10-13 00:00:00,2026-09-29 00:00:00,P1D,fcre,1.6,ensemble,108,Chla_ugL_mean,11.9710386272728
vera4cast,chlorocast_timesfm,2026-10-14 00:00:00,2026-09-29 00:00:00,P1D,fcre,1.6,ensemble,108,Chla_ugL_mean,12.1519969382099
vera4cast,chlorocast_timesfm,2026-10-15 00:00:00,2026-09-29 00:00:00,P1D,fcre,1.6,ensemble,108,Chla_ugL_mean,12.3718573594639
vera4cast,chlorocast_timesfm,2026-10-16 00:00:00,2026-09-29 00:00:00,P1D,fcre,1.6,ensemble,108,Chla_ugL_mean,12.5268160609159
vera4cast,chlorocast_timesfm,2026-10-17 00:00:00,2026-09-29 00:00:00,P1D,fcre,1.6,ensemble,108,Chla_ugL_mean,12.6031440948826
vera4cast,chlorocast_timesfm,2026-10-18 00:00:00,2026-09-29 00:00:00,P1D,fcre,1.6,ensemble,108,Chla_ugL_mean,12.6953066638684
vera4cast,chlorocast_timesfm,2026-10-19 00:00:00,2026-09-29 00:00:00,P1D,fcre,1.6,ensemble,108,Chla_ugL_mean,12.7791833777648
vera4cast,chlorocast_timesfm,2026-10-20 00:00:00,2026-09-29 00:00:00,P1D,fcre,1.6,ensemble,108,Chla_ugL_mean,12.9536472863727
vera4cast,chlorocast_timesfm,2026-10-21 00:00:00,2026-09-29 00:00:00,P1D,fcre,1.6,ensemble,108,Chla_ugL_mean,12.9249923855753
vera4cast,chlorocast_timesfm,2026-10-22 00:00:00,2026-09-29 00:00:00,P1D,fcre,1.6,ensemble,108,Chla_ugL_mean,12.7995952980009
vera4cast,chlorocast_timesfm,2026-10-23 00:00:00,2026-09-29 00:00:00,P1D,fcre,1.6,ensemble,108,Chla_ugL_mean,12.7624190537854
vera4cast,chlorocast_timesfm,2026-10-24 00:00:00,2026-09-29 00:00:00,P1D,fcre,1.6,ensemble,108,Chla_ugL_mean,12.7894509340966
vera4cast,chlorocast_timesfm,2026-10-25 00:00:00,2026-09-29 00:00:00,P1D,fcre,1.6,ensemble,108,Chla_ugL_mean,12.8521902998309
vera4cast,chlorocast_timesfm,2026-10-26 00:00:00,2026-09-29 00:00:00,P1D,fcre,1.6,ensemble,108,Chla_ugL_mean,12.9175574393767
vera4cast,chlorocast_timesfm,2026-10-27 00:00:00,2026-09-29 00:00:00,P1D,fcre,1.6,ensemble,108,Chla_ugL_mean,12.9215280786765
vera4cast,chlorocast_timesfm,2026-10-28 00:00:00,2026-09-29 00:00:00,P1D,fcre,1.6,ensemble,108,Chla_ugL_mean,12.979950090273
vera4cast,chlorocast_timesfm,2026-10-29 00:00:00,2026-09-29 00:00:00,P1D,fcre,1.6,ensemble,108,Chla_ugL_mean,12.9515369452434
vera4cast,chlorocast_timesfm,2026-10-30 00:00:00,2026-09-29 00:00:00,P1D,fcre,1.6,ensemble,108,Chla_ugL_mean,12.9685883882179
vera4cast,chlorocast_timesfm,2026-10-31 00:00:00,2026-09-29 00:00:00,P1D,fcre,1.6,ensemble,108,Chla_ugL_mean,13.0317277041689
vera4cast,chlorocast_timesfm,2026-11-01 00:00:00,2026-09-29 00:00:00,P1D,fcre,1.6,ensemble,108,Chla_ugL_mean,13.148106342858
vera4cast,chlorocast_timesfm,2026-11-02 00:00:00,2026-09-29 00:00:00,P1D,fcre,1.6,ensemble,108,Chla_ugL_mean,13.121564257457
vera4cast,chlorocast_timesfm,2026-11-03 00:00:00,2026-09-29 00:00:00,P1D,fcre,1.6,ensemble,108,Chla_ugL_mean,13.1557719251861
vera4cast,chlorocast_timesfm,2026-09-30 00:00:00,2026-09-29 00:00:00,P1D,fcre,1.6,ensemble,109,Chla_ugL_mean,11.0543874514169
vera4cast,chlorocast_timesfm,2026-10-01 00:00:00,2026-09-29 00:00:00,P1D,fcre,1.6,ensemble,109,Chla_ugL_mean,11.1292954461065
vera4cast,chlorocast_timesfm,2026-10-02 00:00:00,2026-09-29 00:00:00,P1D,fcre,1.6,ensemble,109,Chla_ugL_mean,11.2494540387742
vera4cast,chlorocast_timesfm,2026-10-03 00:00:00,2026-09-29 00:00:00,P1D,fcre,1.6,ensemble,109,Chla_ugL_mean,11.4047740959579
vera4cast,chlorocast_timesfm,2026-10-04 00:00:00,2026-09-29 00:00:00,P1D,fcre,1.6,ensemble,109,Chla_ugL_mean,11.5585498116324
vera4cast,chlorocast_timesfm,2026-10-05 00:00:00,2026-09-29 00:00:00,P1D,fcre,1.6,ensemble,109,Chla_ugL_mean,11.5063015683044
vera4cast,chlorocast_timesfm,2026-10-06 00:00:00,2026-09-29 00:00:00,P1D,fcre,1.6,ensemble,109,Chla_ugL_mean,11.7084156901253
vera4cast,chlorocast_timesfm,2026-10-07 00:00:00,2026-09-29 00:00:00,P1D,fcre,1.6,ensemble,109,Chla_ugL_mean,11.6229597368834
vera4cast,chlorocast_timesfm,2026-10-08 00:00:00,2026-09-29 00:00:00,P1D,fcre,1.6,ensemble,109,Chla_ugL_mean,11.6884991891093
vera4cast,chlorocast_timesfm,2026-10-09 00:00:00,2026-09-29 00:00:00,P1D,fcre,1.6,ensemble,109,Chla_ugL_mean,11.8749235016636
vera4cast,chlorocast_timesfm,2026-10-10 00:00:00,2026-09-29 00:00:00,P1D,fcre,1.6,ensemble,109,Chla_ugL_mean,11.7152170359982
vera4cast,chlorocast_timesfm,2026-10-11 00:00:00,2026-09-29 00:00:00,P1D,fcre,1.6,ensemble,109,Chla_ugL_mean,11.7702274769957
vera4cast,chlorocast_timesfm,2026-10-12 00:00:00,2026-09-29 00:00:00,P1D,fcre,1.6,ensemble,109,Chla_ugL_mean,11.8089222221609
vera4cast,chlorocast_timesfm,2026-10-13 00:00:00,2026-09-29 00:00:00,P1D,fcre,1.6,ensemble,109,Chla_ugL_mean,12.0933075916309
vera4cast,chlorocast_timesfm,2026-10-14 00:00:00,2026-09-29 00:00:00,P1D,fcre,1.6,ensemble,109,Chla_ugL_mean,12.2663777864976
vera4cast,chlorocast_timesfm,2026-10-15 00:00:00,2026-09-29 00:00:00,P1D,fcre,1.6,ensemble,109,Chla_ugL_mean,12.5004476275321
vera4cast,chlorocast_timesfm,2026-10-16 00:00:00,2026-09-29 00:00:00,P1D,fcre,1.6,ensemble,109,Chla_ugL_mean,12.6600295339858
vera4cast,chlorocast_timesfm,2026-10-17 00:00:00,2026-09-29 00:00:00,P1D,fcre,1.6,ensemble,109,Chla_ugL_mean,12.7380720927864
vera4cast,chlorocast_timesfm,2026-10-18 00:00:00,2026-09-29 00:00:00,P1D,fcre,1.6,ensemble,109,Chla_ugL_mean,12.8302560019506
vera4cast,chlorocast_timesfm,2026-10-19 00:00:00,2026-09-29 00:00:00,P1D,fcre,1.6,ensemble,109,Chla_ugL_mean,12.9162708026189
vera4cast,chlorocast_timesfm,2026-10-20 00:00:00,2026-09-29 00:00:00,P1D,fcre,1.6,ensemble,109,Chla_ugL_mean,13.1056492816908
vera4cast,chlorocast_timesfm,2026-10-21 00:00:00,2026-09-29 00:00:00,P1D,fcre,1.6,ensemble,109,Chla_ugL_mean,13.0628964224134
vera4cast,chlorocast_timesfm,2026-10-22 00:00:00,2026-09-29 00:00:00,P1D,fcre,1.6,ensemble,109,Chla_ugL_mean,12.9340843981975
vera4cast,chlorocast_timesfm,2026-10-23 00:00:00,2026-09-29 00:00:00,P1D,fcre,1.6,ensemble,109,Chla_ugL_mean,12.8981740616063
vera4cast,chlorocast_timesfm,2026-10-24 00:00:00,2026-09-29 00:00:00,P1D,fcre,1.6,ensemble,109,Chla_ugL_mean,12.9346300419168
vera4cast,chlorocast_timesfm,2026-10-25 00:00:00,2026-09-29 00:00:00,P1D,fcre,1.6,ensemble,109,Chla_ugL_mean,12.9950599824875
vera4cast,chlorocast_timesfm,2026-10-26 00:00:00,2026-09-29 00:00:00,P1D,fcre,1.6,ensemble,109,Chla_ugL_mean,13.0593883070811
vera4cast,chlorocast_timesfm,2026-10-27 00:00:00,2026-09-29 00:00:00,P1D,fcre,1.6,ensemble,109,Chla_ugL_mean,13.057872467515
vera4cast,chlorocast_timesfm,2026-10-28 00:00:00,2026-09-29 00:00:00,P1D,fcre,1.6,ensemble,109,Chla_ugL_mean,13.1215006090354
vera4cast,chlorocast_timesfm,2026-10-29 00:00:00,2026-09-29 00:00:00,P1D,fcre,1.6,ensemble,109,Chla_ugL_mean,13.0920214267914
vera4cast,chlorocast_timesfm,2026-10-30 00:00:00,2026-09-29 00:00:00,P1D,fcre,1.6,ensemble,109,Chla_ugL_mean,13.1190125730813
vera4cast,chlorocast_timesfm,2026-10-31 00:00:00,2026-09-29 00:00:00,P1D,fcre,1.6,ensemble,109,Chla_ugL_mean,13.1761148598391
vera4cast,chlorocast_timesfm,2026-11-01 00:00:00,2026-09-29 00:00:00,P1D,fcre,1.6,ensemble,109,Chla_ugL_mean,13.2997698354195
vera4cast,chlorocast_timesfm,2026-11-02 00:00:00,2026-09-29 00:00:00,P1D,fcre,1.6,ensemble,109,Chla_ugL_mean,13.2680289696268
vera4cast,chlorocast_timesfm,2026-11-03 00:00:00,2026-09-29 00:00:00,P1D,fcre,1.6,ensemble,109,Chla_ugL_mean,13.3049167608394
vera4cast,chlorocast_timesfm,2026-09-30 00:00:00,2026-09-29 00:00:00,P1D,fcre,1.6,ensemble,110,Chla_ugL_mean,11.1455127105334
vera4cast,chlorocast_timesfm,2026-10-01 00:00:00,2026-09-29 00:00:00,P1D,fcre,1.6,ensemble,110,Chla_ugL_mean,11.2267453229664
vera4cast,chlorocast_timesfm,2026-10-02 00:00:00,2026-09-29 00:00:00,P1D,fcre,1.6,ensemble,110,Chla_ugL_mean,11.3494798561448
vera4cast,chlorocast_timesfm,2026-10-03 00:00:00,2026-09-29 00:00:00,P1D,fcre,1.6,ensemble,110,Chla_ugL_mean,11.500777978767
vera4cast,chlorocast_timesfm,2026-10-04 00:00:00,2026-09-29 00:00:00,P1D,fcre,1.6,ensemble,110,Chla_ugL_mean,11.6673881502655
vera4cast,chlorocast_timesfm,2026-10-05 00:00:00,2026-09-29 00:00:00,P1D,fcre,1.6,ensemble,110,Chla_ugL_mean,11.6128882737004
vera4cast,chlorocast_timesfm,2026-10-06 00:00:00,2026-09-29 00:00:00,P1D,fcre,1.6,ensemble,110,Chla_ugL_mean,11.8272903489615
vera4cast,chlorocast_timesfm,2026-10-07 00:00:00,2026-09-29 00:00:00,P1D,fcre,1.6,ensemble,110,Chla_ugL_mean,11.7348692390328
vera4cast,chlorocast_timesfm,2026-10-08 00:00:00,2026-09-29 00:00:00,P1D,fcre,1.6,ensemble,110,Chla_ugL_mean,11.8046210486558
vera4cast,chlorocast_timesfm,2026-10-09 00:00:00,2026-09-29 00:00:00,P1D,fcre,1.6,ensemble,110,Chla_ugL_mean,11.9962082911996
vera4cast,chlorocast_timesfm,2026-10-10 00:00:00,2026-09-29 00:00:00,P1D,fcre,1.6,ensemble,110,Chla_ugL_mean,11.8306896374832
vera4cast,chlorocast_timesfm,2026-10-11 00:00:00,2026-09-29 00:00:00,P1D,fcre,1.6,ensemble,110,Chla_ugL_mean,11.8870991454517
vera4cast,chlorocast_timesfm,2026-10-12 00:00:00,2026-09-29 00:00:00,P1D,fcre,1.6,ensemble,110,Chla_ugL_mean,11.9269109130586
vera4cast,chlorocast_timesfm,2026-10-13 00:00:00,2026-09-29 00:00:00,P1D,fcre,1.6,ensemble,110,Chla_ugL_mean,12.2167291005211
vera4cast,chlorocast_timesfm,2026-10-14 00:00:00,2026-09-29 00:00:00,P1D,fcre,1.6,ensemble,110,Chla_ugL_mean,12.3817533870284
vera4cast,chlorocast_timesfm,2026-10-15 00:00:00,2026-09-29 00:00:00,P1D,fcre,1.6,ensemble,110,Chla_ugL_mean,12.6302744820069
vera4cast,chlorocast_timesfm,2026-10-16 00:00:00,2026-09-29 00:00:00,P1D,fcre,1.6,ensemble,110,Chla_ugL_mean,12.7945549070126
vera4cast,chlorocast_timesfm,2026-10-17 00:00:00,2026-09-29 00:00:00,P1D,fcre,1.6,ensemble,110,Chla_ugL_mean,12.8743384257465
vera4cast,chlorocast_timesfm,2026-10-18 00:00:00,2026-09-29 00:00:00,P1D,fcre,1.6,ensemble,110,Chla_ugL_mean,12.9665350892889
vera4cast,chlorocast_timesfm,2026-10-19 00:00:00,2026-09-29 00:00:00,P1D,fcre,1.6,ensemble,110,Chla_ugL_mean,13.0547220936425
vera4cast,chlorocast_timesfm,2026-10-20 00:00:00,2026-09-29 00:00:00,P1D,fcre,1.6,ensemble,110,Chla_ugL_mean,13.2593070882893
vera4cast,chlorocast_timesfm,2026-10-21 00:00:00,2026-09-29 00:00:00,P1D,fcre,1.6,ensemble,110,Chla_ugL_mean,13.2021661708333
vera4cast,chlorocast_timesfm,2026-10-22 00:00:00,2026-09-29 00:00:00,P1D,fcre,1.6,ensemble,110,Chla_ugL_mean,13.0698842120549
vera4cast,chlorocast_timesfm,2026-10-23 00:00:00,2026-09-29 00:00:00,P1D,fcre,1.6,ensemble,110,Chla_ugL_mean,13.0352681815467
vera4cast,chlorocast_timesfm,2026-10-24 00:00:00,2026-09-29 00:00:00,P1D,fcre,1.6,ensemble,110,Chla_ugL_mean,13.0813376350588
vera4cast,chlorocast_timesfm,2026-10-25 00:00:00,2026-09-29 00:00:00,P1D,fcre,1.6,ensemble,110,Chla_ugL_mean,13.1394032044026
vera4cast,chlorocast_timesfm,2026-10-26 00:00:00,2026-09-29 00:00:00,P1D,fcre,1.6,ensemble,110,Chla_ugL_mean,13.2026645429919
vera4cast,chlorocast_timesfm,2026-10-27 00:00:00,2026-09-29 00:00:00,P1D,fcre,1.6,ensemble,110,Chla_ugL_mean,13.1955521833567
vera4cast,chlorocast_timesfm,2026-10-28 00:00:00,2026-09-29 00:00:00,P1D,fcre,1.6,ensemble,110,Chla_ugL_mean,13.2644843624826
vera4cast,chlorocast_timesfm,2026-10-29 00:00:00,2026-09-29 00:00:00,P1D,fcre,1.6,ensemble,110,Chla_ugL_mean,13.2339205115931
vera4cast,chlorocast_timesfm,2026-10-30 00:00:00,2026-09-29 00:00:00,P1D,fcre,1.6,ensemble,110,Chla_ugL_mean,13.2710566378326
vera4cast,chlorocast_timesfm,2026-10-31 00:00:00,2026-09-29 00:00:00,P1D,fcre,1.6,ensemble,110,Chla_ugL_mean,13.3219877663137
vera4cast,chlorocast_timesfm,2026-11-01 00:00:00,2026-09-29 00:00:00,P1D,fcre,1.6,ensemble,110,Chla_ugL_mean,13.4530591155188
vera4cast,chlorocast_timesfm,2026-11-02 00:00:00,2026-09-29 00:00:00,P1D,fcre,1.6,ensemble,110,Chla_ugL_mean,13.4160127707247
vera4cast,chlorocast_timesfm,2026-11-03 00:00:00,2026-09-29 00:00:00,P1D,fcre,1.6,ensemble,110,Chla_ugL_mean,13.4556329825054
vera4cast,chlorocast_timesfm,2026-09-30 00:00:00,2026-09-29 00:00:00,P1D,fcre,1.6,ensemble,111,Chla_ugL_mean,11.2373268319319
vera4cast,chlorocast_timesfm,2026-10-01 00:00:00,2026-09-29 00:00:00,P1D,fcre,1.6,ensemble,111,Chla_ugL_mean,11.3249781371818
vera4cast,chlorocast_timesfm,2026-10-02 00:00:00,2026-09-29 00:00:00,P1D,fcre,1.6,ensemble,111,Chla_ugL_mean,11.4503224580113
vera4cast,chlorocast_timesfm,2026-10-03 00:00:00,2026-09-29 00:00:00,P1D,fcre,1.6,ensemble,111,Chla_ugL_mean,11.5975248614441
vera4cast,chlorocast_timesfm,2026-10-04 00:00:00,2026-09-29 00:00:00,P1D,fcre,1.6,ensemble,111,Chla_ugL_mean,11.7771697334717
vera4cast,chlorocast_timesfm,2026-10-05 00:00:00,2026-09-29 00:00:00,P1D,fcre,1.6,ensemble,111,Chla_ugL_mean,11.7203833792102
vera4cast,chlorocast_timesfm,2026-10-06 00:00:00,2026-09-29 00:00:00,P1D,fcre,1.6,ensemble,111,Chla_ugL_mean,11.9472769626517
vera4cast,chlorocast_timesfm,2026-10-07 00:00:00,2026-09-29 00:00:00,P1D,fcre,1.6,ensemble,111,Chla_ugL_mean,11.8477708806593
vera4cast,chlorocast_timesfm,2026-10-08 00:00:00,2026-09-29 00:00:00,P1D,fcre,1.6,ensemble,111,Chla_ugL_mean,11.9218056253972
vera4cast,chlorocast_timesfm,2026-10-09 00:00:00,2026-09-29 00:00:00,P1D,fcre,1.6,ensemble,111,Chla_ugL_mean,12.1186356118092
vera4cast,chlorocast_timesfm,2026-10-10 00:00:00,2026-09-29 00:00:00,P1D,fcre,1.6,ensemble,111,Chla_ugL_mean,11.947210897568
vera4cast,chlorocast_timesfm,2026-10-11 00:00:00,2026-09-29 00:00:00,P1D,fcre,1.6,ensemble,111,Chla_ugL_mean,12.005040410116
vera4cast,chlorocast_timesfm,2026-10-12 00:00:00,2026-09-29 00:00:00,P1D,fcre,1.6,ensemble,111,Chla_ugL_mean,12.0459864503698
vera4cast,chlorocast_timesfm,2026-10-13 00:00:00,2026-09-29 00:00:00,P1D,fcre,1.6,ensemble,111,Chla_ugL_mean,12.3413140181794
vera4cast,chlorocast_timesfm,2026-10-14 00:00:00,2026-09-29 00:00:00,P1D,fcre,1.6,ensemble,111,Chla_ugL_mean,12.498132391006
vera4cast,chlorocast_timesfm,2026-10-15 00:00:00,2026-09-29 00:00:00,P1D,fcre,1.6,ensemble,111,Chla_ugL_mean,12.7613498145032
vera4cast,chlorocast_timesfm,2026-10-16 00:00:00,2026-09-29 00:00:00,P1D,fcre,1.6,ensemble,111,Chla_ugL_mean,12.9304050997218
vera4cast,chlorocast_timesfm,2026-10-17 00:00:00,2026-09-29 00:00:00,P1D,fcre,1.6,ensemble,111,Chla_ugL_mean,13.0119563685521
vera4cast,chlorocast_timesfm,2026-10-18 00:00:00,2026-09-29 00:00:00,P1D,fcre,1.6,ensemble,111,Chla_ugL_mean,13.1041570288234
vera4cast,chlorocast_timesfm,2026-10-19 00:00:00,2026-09-29 00:00:00,P1D,fcre,1.6,ensemble,111,Chla_ugL_mean,13.1945508197749
vera4cast,chlorocast_timesfm,2026-10-20 00:00:00,2026-09-29 00:00:00,P1D,fcre,1.6,ensemble,111,Chla_ugL_mean,13.414638743504
vera4cast,chlorocast_timesfm,2026-10-21 00:00:00,2026-09-29 00:00:00,P1D,fcre,1.6,ensemble,111,Chla_ugL_mean,13.3428151559511
vera4cast,chlorocast_timesfm,2026-10-22 00:00:00,2026-09-29 00:00:00,P1D,fcre,1.6,ensemble,111,Chla_ugL_mean,13.2070075136218
vera4cast,chlorocast_timesfm,2026-10-23 00:00:00,2026-09-29 00:00:00,P1D,fcre,1.6,ensemble,111,Chla_ugL_mean,13.1737146228524
vera4cast,chlorocast_timesfm,2026-10-24 00:00:00,2026-09-29 00:00:00,P1D,fcre,1.6,ensemble,111,Chla_ugL_mean,13.2295898058337
vera4cast,chlorocast_timesfm,2026-10-25 00:00:00,2026-09-29 00:00:00,P1D,fcre,1.6,ensemble,111,Chla_ugL_mean,13.2852351634677
vera4cast,chlorocast_timesfm,2026-10-26 00:00:00,2026-09-29 00:00:00,P1D,fcre,1.6,ensemble,111,Chla_ugL_mean,13.3474008765491
vera4cast,chlorocast_timesfm,2026-10-27 00:00:00,2026-09-29 00:00:00,P1D,fcre,1.6,ensemble,111,Chla_ugL_mean,13.3345803041009
vera4cast,chlorocast_timesfm,2026-10-28 00:00:00,2026-09-29 00:00:00,P1D,fcre,1.6,ensemble,111,Chla_ugL_mean,13.4089158624772
vera4cast,chlorocast_timesfm,2026-10-29 00:00:00,2026-09-29 00:00:00,P1D,fcre,1.6,ensemble,111,Chla_ugL_mean,13.3772484439431
vera4cast,chlorocast_timesfm,2026-10-30 00:00:00,2026-09-29 00:00:00,P1D,fcre,1.6,ensemble,111,Chla_ugL_mean,13.4247380265474
vera4cast,chlorocast_timesfm,2026-10-31 00:00:00,2026-09-29 00:00:00,P1D,fcre,1.6,ensemble,111,Chla_ugL_mean,13.4693617120401
vera4cast,chlorocast_timesfm,2026-11-01 00:00:00,2026-09-29 00:00:00,P1D,fcre,1.6,ensemble,111,Chla_ugL_mean,13.6079916111149
vera4cast,chlorocast_timesfm,2026-11-02 00:00:00,2026-09-29 00:00:00,P1D,fcre,1.6,ensemble,111,Chla_ugL_mean,13.5655314162944
vera4cast,chlorocast_timesfm,2026-11-03 00:00:00,2026-09-29 00:00:00,P1D,fcre,1.6,ensemble,111,Chla_ugL_mean,13.6079371462653
vera4cast,chlorocast_timesfm,2026-09-30 00:00:00,2026-09-29 00:00:00,P1D,fcre,1.6,ensemble,112,Chla_ugL_mean,11.3298350230737
vera4cast,chlorocast_timesfm,2026-10-01 00:00:00,2026-09-29 00:00:00,P1D,fcre,1.6,ensemble,112,Chla_ugL_mean,11.4240001790726
vera4cast,chlorocast_timesfm,2026-10-02 00:00:00,2026-09-29 00:00:00,P1D,fcre,1.6,ensemble,112,Chla_ugL_mean,11.5519885140207
vera4cast,chlorocast_timesfm,2026-10-03 00:00:00,2026-09-29 00:00:00,P1D,fcre,1.6,ensemble,112,Chla_ugL_mean,11.6950204942648
vera4cast,chlorocast_timesfm,2026-10-04 00:00:00,2026-09-29 00:00:00,P1D,fcre,1.6,ensemble,112,Chla_ugL_mean,11.8879027358552
vera4cast,chlorocast_timesfm,2026-10-05 00:00:00,2026-09-29 00:00:00,P1D,fcre,1.6,ensemble,112,Chla_ugL_mean,11.8287946268008
vera4cast,chlorocast_timesfm,2026-10-06 00:00:00,2026-09-29 00:00:00,P1D,fcre,1.6,ensemble,112,Chla_ugL_mean,12.0683859324338
vera4cast,chlorocast_timesfm,2026-10-07 00:00:00,2026-09-29 00:00:00,P1D,fcre,1.6,ensemble,112,Chla_ugL_mean,11.9616734576265
vera4cast,chlorocast_timesfm,2026-10-08 00:00:00,2026-09-29 00:00:00,P1D,fcre,1.6,ensemble,112,Chla_ugL_mean,12.040062645046
vera4cast,chlorocast_timesfm,2026-10-09 00:00:00,2026-09-29 00:00:00,P1D,fcre,1.6,ensemble,112,Chla_ugL_mean,12.2422162264025
vera4cast,chlorocast_timesfm,2026-10-10 00:00:00,2026-09-29 00:00:00,P1D,fcre,1.6,ensemble,112,Chla_ugL_mean,12.0647903395929
vera4cast,chlorocast_timesfm,2026-10-11 00:00:00,2026-09-29 00:00:00,P1D,fcre,1.6,ensemble,112,Chla_ugL_mean,12.1240610598113
vera4cast,chlorocast_timesfm,2026-10-12 00:00:00,2026-09-29 00:00:00,P1D,fcre,1.6,ensemble,112,Chla_ugL_mean,12.1661588455214
vera4cast,chlorocast_timesfm,2026-10-13 00:00:00,2026-09-29 00:00:00,P1D,fcre,1.6,ensemble,112,Chla_ugL_mean,12.4670733112517
vera4cast,chlorocast_timesfm,2026-10-14 00:00:00,2026-09-29 00:00:00,P1D,fcre,1.6,ensemble,112,Chla_ugL_mean,12.6155235248724
vera4cast,chlorocast_timesfm,2026-10-15 00:00:00,2026-09-29 00:00:00,P1D,fcre,1.6,ensemble,112,Chla_ugL_mean,12.8936856309913
vera4cast,chlorocast_timesfm,2026-10-16 00:00:00,2026-09-29 00:00:00,P1D,fcre,1.6,ensemble,112,Chla_ugL_mean,13.0675931590735
vera4cast,chlorocast_timesfm,2026-10-17 00:00:00,2026-09-29 00:00:00,P1D,fcre,1.6,ensemble,112,Chla_ugL_mean,13.1509393276634
vera4cast,chlorocast_timesfm,2026-10-18 00:00:00,2026-09-29 00:00:00,P1D,fcre,1.6,ensemble,112,Chla_ugL_mean,13.2431350526064
vera4cast,chlorocast_timesfm,2026-10-19 00:00:00,2026-09-29 00:00:00,P1D,fcre,1.6,ensemble,112,Chla_ugL_mean,13.3357706849509
vera4cast,chlorocast_timesfm,2026-10-20 00:00:00,2026-09-29 00:00:00,P1D,fcre,1.6,ensemble,112,Chla_ugL_mean,13.5716624811573
vera4cast,chlorocast_timesfm,2026-10-21 00:00:00,2026-09-29 00:00:00,P1D,fcre,1.6,ensemble,112,Chla_ugL_mean,13.484857036827
vera4cast,chlorocast_timesfm,2026-10-22 00:00:00,2026-09-29 00:00:00,P1D,fcre,1.6,ensemble,112,Chla_ugL_mean,13.345467201441
vera4cast,chlorocast_timesfm,2026-10-23 00:00:00,2026-09-29 00:00:00,P1D,fcre,1.6,ensemble,112,Chla_ugL_mean,13.3135267250676
vera4cast,chlorocast_timesfm,2026-10-24 00:00:00,2026-09-29 00:00:00,P1D,fcre,1.6,ensemble,112,Chla_ugL_mean,13.3794028159769
vera4cast,chlorocast_timesfm,2026-10-25 00:00:00,2026-09-29 00:00:00,P1D,fcre,1.6,ensemble,112,Chla_ugL_mean,13.4325712143234
vera4cast,chlorocast_timesfm,2026-10-26 00:00:00,2026-09-29 00:00:00,P1D,fcre,1.6,ensemble,112,Chla_ugL_mean,13.4936121872973
vera4cast,chlorocast_timesfm,2026-10-27 00:00:00,2026-09-29 00:00:00,P1D,fcre,1.6,ensemble,112,Chla_ugL_mean,13.4749700357292
vera4cast,chlorocast_timesfm,2026-10-28 00:00:00,2026-09-29 00:00:00,P1D,fcre,1.6,ensemble,112,Chla_ugL_mean,13.5548097678178
vera4cast,chlorocast_timesfm,2026-10-29 00:00:00,2026-09-29 00:00:00,P1D,fcre,1.6,ensemble,112,Chla_ugL_mean,13.5220196115687
vera4cast,chlorocast_timesfm,2026-10-30 00:00:00,2026-09-29 00:00:00,P1D,fcre,1.6,ensemble,112,Chla_ugL_mean,13.580074371152
vera4cast,chlorocast_timesfm,2026-10-31 00:00:00,2026-09-29 00:00:00,P1D,fcre,1.6,ensemble,112,Chla_ugL_mean,13.6182521427848
vera4cast,chlorocast_timesfm,2026-11-01 00:00:00,2026-09-29 00:00:00,P1D,fcre,1.6,ensemble,112,Chla_ugL_mean,13.7645849369892
vera4cast,chlorocast_timesfm,2026-11-02 00:00:00,2026-09-29 00:00:00,P1D,fcre,1.6,ensemble,112,Chla_ugL_mean,13.7166008252914
vera4cast,chlorocast_timesfm,2026-11-03 00:00:00,2026-09-29 00:00:00,P1D,fcre,1.6,ensemble,112,Chla_ugL_mean,13.7618459826346
vera4cast,chlorocast_timesfm,2026-09-30 00:00:00,2026-09-29 00:00:00,P1D,fcre,1.6,ensemble,113,Chla_ugL_mean,11.4230425307857
vera4cast,chlorocast_timesfm,2026-10-01 00:00:00,2026-09-29 00:00:00,P1D,fcre,1.6,ensemble,113,Chla_ugL_mean,11.5238177894967
vera4cast,chlorocast_timesfm,2026-10-02 00:00:00,2026-09-29 00:00:00,P1D,fcre,1.6,ensemble,113,Chla_ugL_mean,11.6544847482829
vera4cast,chlorocast_timesfm,2026-10-03 00:00:00,2026-09-29 00:00:00,P1D,fcre,1.6,ensemble,113,Chla_ugL_mean,11.793270672008
vera4cast,chlorocast_timesfm,2026-10-04 00:00:00,2026-09-29 00:00:00,P1D,fcre,1.6,ensemble,113,Chla_ugL_mean,11.9995954028649
vera4cast,chlorocast_timesfm,2026-10-05 00:00:00,2026-09-29 00:00:00,P1D,fcre,1.6,ensemble,113,Chla_ugL_mean,11.9381298244214
vera4cast,chlorocast_timesfm,2026-10-06 00:00:00,2026-09-29 00:00:00,P1D,fcre,1.6,ensemble,113,Chla_ugL_mean,12.1906277568387
vera4cast,chlorocast_timesfm,2026-10-07 00:00:00,2026-09-29 00:00:00,P1D,fcre,1.6,ensemble,113,Chla_ugL_mean,12.0765858437786
vera4cast,chlorocast_timesfm,2026-10-08 00:00:00,2026-09-29 00:00:00,P1D,fcre,1.6,ensemble,113,Chla_ugL_mean,12.1594019223221
vera4cast,chlorocast_timesfm,2026-10-09 00:00:00,2026-09-29 00:00:00,P1D,fcre,1.6,ensemble,113,Chla_ugL_mean,12.3669609992783
vera4cast,chlorocast_timesfm,2026-10-10 00:00:00,2026-09-29 00:00:00,P1D,fcre,1.6,ensemble,113,Chla_ugL_mean,12.1834375733835
vera4cast,chlorocast_timesfm,2026-10-11 00:00:00,2026-09-29 00:00:00,P1D,fcre,1.6,ensemble,113,Chla_ugL_mean,12.2441709729466
vera4cast,chlorocast_timesfm,2026-10-12 00:00:00,2026-09-29 00:00:00,P1D,fcre,1.6,ensemble,113,Chla_ugL_mean,12.2874382021597
vera4cast,chlorocast_timesfm,2026-10-13 00:00:00,2026-09-29 00:00:00,P1D,fcre,1.6,ensemble,113,Chla_ugL_mean,12.5940180497586
vera4cast,chlorocast_timesfm,2026-10-14 00:00:00,2026-09-29 00:00:00,P1D,fcre,1.6,ensemble,113,Chla_ugL_mean,12.7339355909619
vera4cast,chlorocast_timesfm,2026-10-15 00:00:00,2026-09-29 00:00:00,P1D,fcre,1.6,ensemble,113,Chla_ugL_mean,13.0272940528969
vera4cast,chlorocast_timesfm,2026-10-16 00:00:00,2026-09-29 00:00:00,P1D,fcre,1.6,ensemble,113,Chla_ugL_mean,13.2061322605158
vera4cast,chlorocast_timesfm,2026-10-17 00:00:00,2026-09-29 00:00:00,P1D,fcre,1.6,ensemble,113,Chla_ugL_mean,13.2913008425177
vera4cast,chlorocast_timesfm,2026-10-18 00:00:00,2026-09-29 00:00:00,P1D,fcre,1.6,ensemble,113,Chla_ugL_mean,13.3834825230749
vera4cast,chlorocast_timesfm,2026-10-19 00:00:00,2026-09-29 00:00:00,P1D,fcre,1.6,ensemble,113,Chla_ugL_mean,13.4783955294442
vera4cast,chlorocast_timesfm,2026-10-20 00:00:00,2026-09-29 00:00:00,P1D,fcre,1.6,ensemble,113,Chla_ugL_mean,13.7303967336993
vera4cast,chlorocast_timesfm,2026-10-21 00:00:00,2026-09-29 00:00:00,P1D,fcre,1.6,ensemble,113,Chla_ugL_mean,13.6283056077914
vera4cast,chlorocast_timesfm,2026-10-22 00:00:00,2026-09-29 00:00:00,P1D,fcre,1.6,ensemble,113,Chla_ugL_mean,13.4852762997629
vera4cast,chlorocast_timesfm,2026-10-23 00:00:00,2026-09-29 00:00:00,P1D,fcre,1.6,ensemble,113,Chla_ugL_mean,13.4547179593202
vera4cast,chlorocast_timesfm,2026-10-24 00:00:00,2026-09-29 00:00:00,P1D,fcre,1.6,ensemble,113,Chla_ugL_mean,13.5307930984319
vera4cast,chlorocast_timesfm,2026-10-25 00:00:00,2026-09-29 00:00:00,P1D,fcre,1.6,ensemble,113,Chla_ugL_mean,13.5814268699763
vera4cast,chlorocast_timesfm,2026-10-26 00:00:00,2026-09-29 00:00:00,P1D,fcre,1.6,ensemble,113,Chla_ugL_mean,13.6413135064152
vera4cast,chlorocast_timesfm,2026-10-27 00:00:00,2026-09-29 00:00:00,P1D,fcre,1.6,ensemble,113,Chla_ugL_mean,13.6167347135594
vera4cast,chlorocast_timesfm,2026-10-28 00:00:00,2026-09-29 00:00:00,P1D,fcre,1.6,ensemble,113,Chla_ugL_mean,13.7021808857273
vera4cast,chlorocast_timesfm,2026-10-29 00:00:00,2026-09-29 00:00:00,P1D,fcre,1.6,ensemble,113,Chla_ugL_mean,13.6682485470737
vera4cast,chlorocast_timesfm,2026-10-30 00:00:00,2026-09-29 00:00:00,P1D,fcre,1.6,ensemble,113,Chla_ugL_mean,13.7370834934467
vera4cast,chlorocast_timesfm,2026-10-31 00:00:00,2026-09-29 00:00:00,P1D,fcre,1.6,ensemble,113,Chla_ugL_mean,13.7686746632517
vera4cast,chlorocast_timesfm,2026-11-01 00:00:00,2026-09-29 00:00:00,P1D,fcre,1.6,ensemble,113,Chla_ugL_mean,13.9228568967483
vera4cast,chlorocast_timesfm,2026-11-02 00:00:00,2026-09-29 00:00:00,P1D,fcre,1.6,ensemble,113,Chla_ugL_mean,13.869237081778
vera4cast,chlorocast_timesfm,2026-11-03 00:00:00,2026-09-29 00:00:00,P1D,fcre,1.6,ensemble,113,Chla_ugL_mean,13.9173763984011
vera4cast,chlorocast_timesfm,2026-09-30 00:00:00,2026-09-29 00:00:00,P1D,fcre,1.6,ensemble,114,Chla_ugL_mean,11.5169546415582
vera4cast,chlorocast_timesfm,2026-10-01 00:00:00,2026-09-29 00:00:00,P1D,fcre,1.6,ensemble,114,Chla_ugL_mean,11.6244373602563
vera4cast,chlorocast_timesfm,2026-10-02 00:00:00,2026-09-29 00:00:00,P1D,fcre,1.6,ensemble,114,Chla_ugL_mean,11.7578179398149
vera4cast,chlorocast_timesfm,2026-10-03 00:00:00,2026-09-29 00:00:00,P1D,fcre,1.6,ensemble,114,Chla_ugL_mean,11.8922812342996
vera4cast,chlorocast_timesfm,2026-10-04 00:00:00,2026-09-29 00:00:00,P1D,fcre,1.6,ensemble,114,Chla_ugL_mean,12.1122560514088
vera4cast,chlorocast_timesfm,2026-10-05 00:00:00,2026-09-29 00:00:00,P1D,fcre,1.6,ensemble,114,Chla_ugL_mean,12.0483968465653
vera4cast,chlorocast_timesfm,2026-10-06 00:00:00,2026-09-29 00:00:00,P1D,fcre,1.6,ensemble,114,Chla_ugL_mean,12.3140130326011
vera4cast,chlorocast_timesfm,2026-10-07 00:00:00,2026-09-29 00:00:00,P1D,fcre,1.6,ensemble,114,Chla_ugL_mean,12.192516991631
vera4cast,chlorocast_timesfm,2026-10-08 00:00:00,2026-09-29 00:00:00,P1D,fcre,1.6,ensemble,114,Chla_ugL_mean,12.279833361767
vera4cast,chlorocast_timesfm,2026-10-09 00:00:00,2026-09-29 00:00:00,P1D,fcre,1.6,ensemble,114,Chla_ugL_mean,12.4928808970798
vera4cast,chlorocast_timesfm,2026-10-10 00:00:00,2026-09-29 00:00:00,P1D,fcre,1.6,ensemble,114,Chla_ugL_mean,12.303162296037
vera4cast,chlorocast_timesfm,2026-10-11 00:00:00,2026-09-29 00:00:00,P1D,fcre,1.6,ensemble,114,Chla_ugL_mean,12.3653801183368
vera4cast,chlorocast_timesfm,2026-10-12 00:00:00,2026-09-29 00:00:00,P1D,fcre,1.6,ensemble,114,Chla_ugL_mean,12.4098347170003
vera4cast,chlorocast_timesfm,2026-10-13 00:00:00,2026-09-29 00:00:00,P1D,fcre,1.6,ensemble,114,Chla_ugL_mean,12.72215940807
vera4cast,chlorocast_timesfm,2026-10-14 00:00:00,2026-09-29 00:00:00,P1D,fcre,1.6,ensemble,114,Chla_ugL_mean,12.8533774681615
vera4cast,chlorocast_timesfm,2026-10-15 00:00:00,2026-09-29 00:00:00,P1D,fcre,1.6,ensemble,114,Chla_ugL_mean,13.162187318211
vera4cast,chlorocast_timesfm,2026-10-16 00:00:00,2026-09-29 00:00:00,P1D,fcre,1.6,ensemble,114,Chla_ugL_mean,13.3460357092499
vera4cast,chlorocast_timesfm,2026-10-17 00:00:00,2026-09-29 00:00:00,P1D,fcre,1.6,ensemble,114,Chla_ugL_mean,13.4330545868485
vera4cast,chlorocast_timesfm,2026-10-18 00:00:00,2026-09-29 00:00:00,P1D,fcre,1.6,ensemble,114,Chla_ugL_mean,13.5252129343351
vera4cast,chlorocast_timesfm,2026-10-19 00:00:00,2026-09-29 00:00:00,P1D,fcre,1.6,ensemble,114,Chla_ugL_mean,13.6224393312238
vera4cast,chlorocast_timesfm,2026-10-20 00:00:00,2026-09-29 00:00:00,P1D,fcre,1.6,ensemble,114,Chla_ugL_mean,13.8908601343713
vera4cast,chlorocast_timesfm,2026-10-21 00:00:00,2026-09-29 00:00:00,P1D,fcre,1.6,ensemble,114,Chla_ugL_mean,13.7731747997851
vera4cast,chlorocast_timesfm,2026-10-22 00:00:00,2026-09-29 00:00:00,P1D,fcre,1.6,ensemble,114,Chla_ugL_mean,13.6264479597706
vera4cast,chlorocast_timesfm,2026-10-23 00:00:00,2026-09-29 00:00:00,P1D,fcre,1.6,ensemble,114,Chla_ugL_mean,13.5973019296199
vera4cast,chlorocast_timesfm,2026-10-24 00:00:00,2026-09-29 00:00:00,P1D,fcre,1.6,ensemble,114,Chla_ugL_mean,13.6837772591525
vera4cast,chlorocast_timesfm,2026-10-25 00:00:00,2026-09-29 00:00:00,P1D,fcre,1.6,ensemble,114,Chla_ugL_mean,13.7318178034317
vera4cast,chlorocast_timesfm,2026-10-26 00:00:00,2026-09-29 00:00:00,P1D,fcre,1.6,ensemble,114,Chla_ugL_mean,13.7905200182613
vera4cast,chlorocast_timesfm,2026-10-27 00:00:00,2026-09-29 00:00:00,P1D,fcre,1.6,ensemble,114,Chla_ugL_mean,13.7598878035129
vera4cast,chlorocast_timesfm,2026-10-28 00:00:00,2026-09-29 00:00:00,P1D,fcre,1.6,ensemble,114,Chla_ugL_mean,13.8510441733553
vera4cast,chlorocast_timesfm,2026-10-29 00:00:00,2026-09-29 00:00:00,P1D,fcre,1.6,ensemble,114,Chla_ugL_mean,13.8159499293974
vera4cast,chlorocast_timesfm,2026-10-30 00:00:00,2026-09-29 00:00:00,P1D,fcre,1.6,ensemble,114,Chla_ugL_mean,13.8957834071499
vera4cast,chlorocast_timesfm,2026-10-31 00:00:00,2026-09-29 00:00:00,P1D,fcre,1.6,ensemble,114,Chla_ugL_mean,13.9206450387182
vera4cast,chlorocast_timesfm,2026-11-01 00:00:00,2026-09-29 00:00:00,P1D,fcre,1.6,ensemble,114,Chla_ugL_mean,14.0828254848483
vera4cast,chlorocast_timesfm,2026-11-02 00:00:00,2026-09-29 00:00:00,P1D,fcre,1.6,ensemble,114,Chla_ugL_mean,14.0234564366358
vera4cast,chlorocast_timesfm,2026-11-03 00:00:00,2026-09-29 00:00:00,P1D,fcre,1.6,ensemble,114,Chla_ugL_mean,14.0745454784822
vera4cast,chlorocast_timesfm,2026-09-30 00:00:00,2026-09-29 00:00:00,P1D,fcre,1.6,ensemble,115,Chla_ugL_mean,11.6115766818451
vera4cast,chlorocast_timesfm,2026-10-01 00:00:00,2026-09-29 00:00:00,P1D,fcre,1.6,ensemble,115,Chla_ugL_mean,11.7258653345067
vera4cast,chlorocast_timesfm,2026-10-02 00:00:00,2026-09-29 00:00:00,P1D,fcre,1.6,ensemble,115,Chla_ugL_mean,11.8619949229895
vera4cast,chlorocast_timesfm,2026-10-03 00:00:00,2026-09-29 00:00:00,P1D,fcre,1.6,ensemble,115,Chla_ugL_mean,11.9920580659603
vera4cast,chlorocast_timesfm,2026-10-04 00:00:00,2026-09-29 00:00:00,P1D,fcre,1.6,ensemble,115,Chla_ugL_mean,12.2258930704733
vera4cast,chlorocast_timesfm,2026-10-05 00:00:00,2026-09-29 00:00:00,P1D,fcre,1.6,ensemble,115,Chla_ugL_mean,12.1596036348376
vera4cast,chlorocast_timesfm,2026-10-06 00:00:00,2026-09-29 00:00:00,P1D,fcre,1.6,ensemble,115,Chla_ugL_mean,12.4385524555774
vera4cast,chlorocast_timesfm,2026-10-07 00:00:00,2026-09-29 00:00:00,P1D,fcre,1.6,ensemble,115,Chla_ugL_mean,12.3094759330683
vera4cast,chlorocast_timesfm,2026-10-08 00:00:00,2026-09-29 00:00:00,P1D,fcre,1.6,ensemble,115,Chla_ugL_mean,12.4013669585663
vera4cast,chlorocast_timesfm,2026-10-09 00:00:00,2026-09-29 00:00:00,P1D,fcre,1.6,ensemble,115,Chla_ugL_mean,12.6199869897587
vera4cast,chlorocast_timesfm,2026-10-10 00:00:00,2026-09-29 00:00:00,P1D,fcre,1.6,ensemble,115,Chla_ugL_mean,12.423974292714
vera4cast,chlorocast_timesfm,2026-10-11 00:00:00,2026-09-29 00:00:00,P1D,fcre,1.6,ensemble,115,Chla_ugL_mean,12.4876985560305
vera4cast,chlorocast_timesfm,2026-10-12 00:00:00,2026-09-29 00:00:00,P1D,fcre,1.6,ensemble,115,Chla_ugL_mean,12.5333586806852
vera4cast,chlorocast_timesfm,2026-10-13 00:00:00,2026-09-29 00:00:00,P1D,fcre,1.6,ensemble,115,Chla_ugL_mean,12.8515086658892
vera4cast,chlorocast_timesfm,2026-10-14 00:00:00,2026-09-29 00:00:00,P1D,fcre,1.6,ensemble,115,Chla_ugL_mean,12.9738581125764
vera4cast,chlorocast_timesfm,2026-10-15 00:00:00,2026-09-29 00:00:00,P1D,fcre,1.6,ensemble,115,Chla_ugL_mean,13.2983777826114
vera4cast,chlorocast_timesfm,2026-10-16 00:00:00,2026-09-29 00:00:00,P1D,fcre,1.6,ensemble,115,Chla_ugL_mean,13.4873169415079
vera4cast,chlorocast_timesfm,2026-10-17 00:00:00,2026-09-29 00:00:00,P1D,fcre,1.6,ensemble,115,Chla_ugL_mean,13.5762143700175
vera4cast,chlorocast_timesfm,2026-10-18 00:00:00,2026-09-29 00:00:00,P1D,fcre,1.6,ensemble,115,Chla_ugL_mean,13.6683399134602
vera4cast,chlorocast_timesfm,2026-10-19 00:00:00,2026-09-29 00:00:00,P1D,fcre,1.6,ensemble,115,Chla_ugL_mean,13.7679162073235
vera4cast,chlorocast_timesfm,2026-10-20 00:00:00,2026-09-29 00:00:00,P1D,fcre,1.6,ensemble,115,Chla_ugL_mean,14.0530715193931
vera4cast,chlorocast_timesfm,2026-10-21 00:00:00,2026-09-29 00:00:00,P1D,fcre,1.6,ensemble,115,Chla_ugL_mean,13.9194786817116
vera4cast,chlorocast_timesfm,2026-10-22 00:00:00,2026-09-29 00:00:00,P1D,fcre,1.6,ensemble,115,Chla_ugL_mean,13.7689954608169
vera4cast,chlorocast_timesfm,2026-10-23 00:00:00,2026-09-29 00:00:00,P1D,fcre,1.6,ensemble,115,Chla_ugL_mean,13.7412923741685
vera4cast,chlorocast_timesfm,2026-10-24 00:00:00,2026-09-29 00:00:00,P1D,fcre,1.6,ensemble,115,Chla_ugL_mean,13.8383720789248
vera4cast,chlorocast_timesfm,2026-10-25 00:00:00,2026-09-29 00:00:00,P1D,fcre,1.6,ensemble,115,Chla_ugL_mean,13.8837598493446
vera4cast,chlorocast_timesfm,2026-10-26 00:00:00,2026-09-29 00:00:00,P1D,fcre,1.6,ensemble,115,Chla_ugL_mean,13.9412470619345
vera4cast,chlorocast_timesfm,2026-10-27 00:00:00,2026-09-29 00:00:00,P1D,fcre,1.6,ensemble,115,Chla_ugL_mean,13.9044429033929
vera4cast,chlorocast_timesfm,2026-10-28 00:00:00,2026-09-29 00:00:00,P1D,fcre,1.6,ensemble,115,Chla_ugL_mean,14.0014147392963
vera4cast,chlorocast_timesfm,2026-10-29 00:00:00,2026-09-29 00:00:00,P1D,fcre,1.6,ensemble,115,Chla_ugL_mean,13.9651385852883
vera4cast,chlorocast_timesfm,2026-10-30 00:00:00,2026-09-29 00:00:00,P1D,fcre,1.6,ensemble,115,Chla_ugL_mean,14.0561923199656
vera4cast,chlorocast_timesfm,2026-10-31 00:00:00,2026-09-29 00:00:00,P1D,fcre,1.6,ensemble,115,Chla_ugL_mean,14.0741791966869
vera4cast,chlorocast_timesfm,2026-11-01 00:00:00,2026-09-29 00:00:00,P1D,fcre,1.6,ensemble,115,Chla_ugL_mean,14.2445088886406
vera4cast,chlorocast_timesfm,2026-11-02 00:00:00,2026-09-29 00:00:00,P1D,fcre,1.6,ensemble,115,Chla_ugL_mean,14.1792753092954
vera4cast,chlorocast_timesfm,2026-11-03 00:00:00,2026-09-29 00:00:00,P1D,fcre,1.6,ensemble,115,Chla_ugL_mean,14.2333704878013
vera4cast,chlorocast_timesfm,2026-09-30 00:00:00,2026-09-29 00:00:00,P1D,fcre,1.6,ensemble,116,Chla_ugL_mean,11.7069140183653
vera4cast,chlorocast_timesfm,2026-10-01 00:00:00,2026-09-29 00:00:00,P1D,fcre,1.6,ensemble,116,Chla_ugL_mean,11.8281082071693
vera4cast,chlorocast_timesfm,2026-10-02 00:00:00,2026-09-29 00:00:00,P1D,fcre,1.6,ensemble,116,Chla_ugL_mean,11.9670225879873
vera4cast,chlorocast_timesfm,2026-10-03 00:00:00,2026-09-29 00:00:00,P1D,fcre,1.6,ensemble,116,Chla_ugL_mean,12.0926070973546
vera4cast,chlorocast_timesfm,2026-10-04 00:00:00,2026-09-29 00:00:00,P1D,fcre,1.6,ensemble,116,Chla_ugL_mean,12.3405149217476
vera4cast,chlorocast_timesfm,2026-10-05 00:00:00,2026-09-29 00:00:00,P1D,fcre,1.6,ensemble,116,Chla_ugL_mean,12.2717581985265
vera4cast,chlorocast_timesfm,2026-10-06 00:00:00,2026-09-29 00:00:00,P1D,fcre,1.6,ensemble,116,Chla_ugL_mean,12.5642568216732
vera4cast,chlorocast_timesfm,2026-10-07 00:00:00,2026-09-29 00:00:00,P1D,fcre,1.6,ensemble,116,Chla_ugL_mean,12.4274717800477
vera4cast,chlorocast_timesfm,2026-10-08 00:00:00,2026-09-29 00:00:00,P1D,fcre,1.6,ensemble,116,Chla_ugL_mean,12.5240127993786
vera4cast,chlorocast_timesfm,2026-10-09 00:00:00,2026-09-29 00:00:00,P1D,fcre,1.6,ensemble,116,Chla_ugL_mean,12.7482904515479
vera4cast,chlorocast_timesfm,2026-10-10 00:00:00,2026-09-29 00:00:00,P1D,fcre,1.6,ensemble,116,Chla_ugL_mean,12.5458834374387
vera4cast,chlorocast_timesfm,2026-10-11 00:00:00,2026-09-29 00:00:00,P1D,fcre,1.6,ensemble,116,Chla_ugL_mean,12.6111364381446
vera4cast,chlorocast_timesfm,2026-10-12 00:00:00,2026-09-29 00:00:00,P1D,fcre,1.6,ensemble,116,Chla_ugL_mean,12.6580204786481
vera4cast,chlorocast_timesfm,2026-10-13 00:00:00,2026-09-29 00:00:00,P1D,fcre,1.6,ensemble,116,Chla_ugL_mean,12.9820772092451
vera4cast,chlorocast_timesfm,2026-10-14 00:00:00,2026-09-29 00:00:00,P1D,fcre,1.6,ensemble,116,Chla_ugL_mean,13.0953865582016
vera4cast,chlorocast_timesfm,2026-10-15 00:00:00,2026-09-29 00:00:00,P1D,fcre,1.6,ensemble,116,Chla_ugL_mean,13.4358779205937
vera4cast,chlorocast_timesfm,2026-10-16 00:00:00,2026-09-29 00:00:00,P1D,fcre,1.6,ensemble,116,Chla_ugL_mean,13.6299895258435
vera4cast,chlorocast_timesfm,2026-10-17 00:00:00,2026-09-29 00:00:00,P1D,fcre,1.6,ensemble,116,Chla_ugL_mean,13.7207941383596
vera4cast,chlorocast_timesfm,2026-10-18 00:00:00,2026-09-29 00:00:00,P1D,fcre,1.6,ensemble,116,Chla_ugL_mean,13.8128772218001
vera4cast,chlorocast_timesfm,2026-10-19 00:00:00,2026-09-29 00:00:00,P1D,fcre,1.6,ensemble,116,Chla_ugL_mean,13.9148404152261
vera4cast,chlorocast_timesfm,2026-10-20 00:00:00,2026-09-29 00:00:00,P1D,fcre,1.6,ensemble,116,Chla_ugL_mean,14.2170499301738
vera4cast,chlorocast_timesfm,2026-10-21 00:00:00,2026-09-29 00:00:00,P1D,fcre,1.6,ensemble,116,Chla_ugL_mean,14.0672314618036
vera4cast,chlorocast_timesfm,2026-10-22 00:00:00,2026-09-29 00:00:00,P1D,fcre,1.6,ensemble,116,Chla_ugL_mean,13.9129322116736
vera4cast,chlorocast_timesfm,2026-10-23 00:00:00,2026-09-29 00:00:00,P1D,fcre,1.6,ensemble,116,Chla_ugL_mean,13.8867031666843
vera4cast,chlorocast_timesfm,2026-10-24 00:00:00,2026-09-29 00:00:00,P1D,fcre,1.6,ensemble,116,Chla_ugL_mean,13.9945945152074
vera4cast,chlorocast_timesfm,2026-10-25 00:00:00,2026-09-29 00:00:00,P1D,fcre,1.6,ensemble,116,Chla_ugL_mean,14.0372690056864
vera4cast,chlorocast_timesfm,2026-10-26 00:00:00,2026-09-29 00:00:00,P1D,fcre,1.6,ensemble,116,Chla_ugL_mean,14.0935101328513
vera4cast,chlorocast_timesfm,2026-10-27 00:00:00,2026-09-29 00:00:00,P1D,fcre,1.6,ensemble,116,Chla_ugL_mean,14.0504137441769
vera4cast,chlorocast_timesfm,2026-10-28 00:00:00,2026-09-29 00:00:00,P1D,fcre,1.6,ensemble,116,Chla_ugL_mean,14.1533078451232
vera4cast,chlorocast_timesfm,2026-10-29 00:00:00,2026-09-29 00:00:00,P1D,fcre,1.6,ensemble,116,Chla_ugL_mean,14.115829490792
vera4cast,chlorocast_timesfm,2026-10-30 00:00:00,2026-09-29 00:00:00,P1D,fcre,1.6,ensemble,116,Chla_ugL_mean,14.2183286356715
vera4cast,chlorocast_timesfm,2026-10-31 00:00:00,2026-09-29 00:00:00,P1D,fcre,1.6,ensemble,116,Chla_ugL_mean,14.2292932285554
vera4cast,chlorocast_timesfm,2026-11-01 00:00:00,2026-09-29 00:00:00,P1D,fcre,1.6,ensemble,116,Chla_ugL_mean,14.4079254904393
vera4cast,chlorocast_timesfm,2026-11-02 00:00:00,2026-09-29 00:00:00,P1D,fcre,1.6,ensemble,116,Chla_ugL_mean,14.3367102894852
vera4cast,chlorocast_timesfm,2026-11-03 00:00:00,2026-09-29 00:00:00,P1D,fcre,1.6,ensemble,116,Chla_ugL_mean,14.3938688731848
vera4cast,chlorocast_timesfm,2026-09-30 00:00:00,2026-09-29 00:00:00,P1D,fcre,1.6,ensemble,117,Chla_ugL_mean,11.8029720584076
vera4cast,chlorocast_timesfm,2026-10-01 00:00:00,2026-09-29 00:00:00,P1D,fcre,1.6,ensemble,117,Chla_ugL_mean,11.9311725253475
vera4cast,chlorocast_timesfm,2026-10-02 00:00:00,2026-09-29 00:00:00,P1D,fcre,1.6,ensemble,117,Chla_ugL_mean,12.0729078812519
vera4cast,chlorocast_timesfm,2026-10-03 00:00:00,2026-09-29 00:00:00,P1D,fcre,1.6,ensemble,117,Chla_ugL_mean,12.1939343047441
vera4cast,chlorocast_timesfm,2026-10-04 00:00:00,2026-09-29 00:00:00,P1D,fcre,1.6,ensemble,117,Chla_ugL_mean,12.4561301402538
vera4cast,chlorocast_timesfm,2026-10-05 00:00:00,2026-09-29 00:00:00,P1D,fcre,1.6,ensemble,117,Chla_ugL_mean,12.3848686151807
vera4cast,chlorocast_timesfm,2026-10-06 00:00:00,2026-09-29 00:00:00,P1D,fcre,1.6,ensemble,117,Chla_ugL_mean,12.6911370277792
vera4cast,chlorocast_timesfm,2026-10-07 00:00:00,2026-09-29 00:00:00,P1D,fcre,1.6,ensemble,117,Chla_ugL_mean,12.5465137253088
vera4cast,chlorocast_timesfm,2026-10-08 00:00:00,2026-09-29 00:00:00,P1D,fcre,1.6,ensemble,117,Chla_ugL_mean,12.6477810631732
vera4cast,chlorocast_timesfm,2026-10-09 00:00:00,2026-09-29 00:00:00,P1D,fcre,1.6,ensemble,117,Chla_ugL_mean,12.8778025619444
vera4cast,chlorocast_timesfm,2026-10-10 00:00:00,2026-09-29 00:00:00,P1D,fcre,1.6,ensemble,117,Chla_ugL_mean,12.6688996939057
vera4cast,chlorocast_timesfm,2026-10-11 00:00:00,2026-09-29 00:00:00,P1D,fcre,1.6,ensemble,117,Chla_ugL_mean,12.735704009707
vera4cast,chlorocast_timesfm,2026-10-12 00:00:00,2026-09-29 00:00:00,P1D,fcre,1.6,ensemble,117,Chla_ugL_mean,12.7838305919878
vera4cast,chlorocast_timesfm,2026-10-13 00:00:00,2026-09-29 00:00:00,P1D,fcre,1.6,ensemble,117,Chla_ugL_mean,13.1138765314948
vera4cast,chlorocast_timesfm,2026-10-14 00:00:00,2026-09-29 00:00:00,P1D,fcre,1.6,ensemble,117,Chla_ugL_mean,13.2179719175995
vera4cast,chlorocast_timesfm,2026-10-15 00:00:00,2026-09-29 00:00:00,P1D,fcre,1.6,ensemble,117,Chla_ugL_mean,13.5747003266146
vera4cast,chlorocast_timesfm,2026-10-16 00:00:00,2026-09-29 00:00:00,P1D,fcre,1.6,ensemble,117,Chla_ugL_mean,13.7740671644347
vera4cast,chlorocast_timesfm,2026-10-17 00:00:00,2026-09-29 00:00:00,P1D,fcre,1.6,ensemble,117,Chla_ugL_mean,13.8668079765421
vera4cast,chlorocast_timesfm,2026-10-18 00:00:00,2026-09-29 00:00:00,P1D,fcre,1.6,ensemble,117,Chla_ugL_mean,13.9588387563051
vera4cast,chlorocast_timesfm,2026-10-19 00:00:00,2026-09-29 00:00:00,P1D,fcre,1.6,ensemble,117,Chla_ugL_mean,14.0632263542602
vera4cast,chlorocast_timesfm,2026-10-20 00:00:00,2026-09-29 00:00:00,P1D,fcre,1.6,ensemble,117,Chla_ugL_mean,14.3828146155475
vera4cast,chlorocast_timesfm,2026-10-21 00:00:00,2026-09-29 00:00:00,P1D,fcre,1.6,ensemble,117,Chla_ugL_mean,14.216447489003
vera4cast,chlorocast_timesfm,2026-10-22 00:00:00,2026-09-29 00:00:00,P1D,fcre,1.6,ensemble,117,Chla_ugL_mean,14.0582717517927
vera4cast,chlorocast_timesfm,2026-10-23 00:00:00,2026-09-29 00:00:00,P1D,fcre,1.6,ensemble,117,Chla_ugL_mean,14.0335483177383
vera4cast,chlorocast_timesfm,2026-10-24 00:00:00,2026-09-29 00:00:00,P1D,fcre,1.6,ensemble,117,Chla_ugL_mean,14.1524617039916
vera4cast,chlorocast_timesfm,2026-10-25 00:00:00,2026-09-29 00:00:00,P1D,fcre,1.6,ensemble,117,Chla_ugL_mean,14.1923614354295
vera4cast,chlorocast_timesfm,2026-10-26 00:00:00,2026-09-29 00:00:00,P1D,fcre,1.6,ensemble,117,Chla_ugL_mean,14.2473248843385
vera4cast,chlorocast_timesfm,2026-10-27 00:00:00,2026-09-29 00:00:00,P1D,fcre,1.6,ensemble,117,Chla_ugL_mean,14.1978141913204
vera4cast,chlorocast_timesfm,2026-10-28 00:00:00,2026-09-29 00:00:00,P1D,fcre,1.6,ensemble,117,Chla_ugL_mean,14.3067389069362
vera4cast,chlorocast_timesfm,2026-10-29 00:00:00,2026-09-29 00:00:00,P1D,fcre,1.6,ensemble,117,Chla_ugL_mean,14.2680377727553
vera4cast,chlorocast_timesfm,2026-10-30 00:00:00,2026-09-29 00:00:00,P1D,fcre,1.6,ensemble,117,Chla_ugL_mean,14.3822109562313
vera4cast,chlorocast_timesfm,2026-10-31 00:00:00,2026-09-29 00:00:00,P1D,fcre,1.6,ensemble,117,Chla_ugL_mean,14.3860033913022
vera4cast,chlorocast_timesfm,2026-11-01 00:00:00,2026-09-29 00:00:00,P1D,fcre,1.6,ensemble,117,Chla_ugL_mean,14.5730938696116
vera4cast,chlorocast_timesfm,2026-11-02 00:00:00,2026-09-29 00:00:00,P1D,fcre,1.6,ensemble,117,Chla_ugL_mean,14.4957781389973
vera4cast,chlorocast_timesfm,2026-11-03 00:00:00,2026-09-29 00:00:00,P1D,fcre,1.6,ensemble,117,Chla_ugL_mean,14.5560582652783
vera4cast,chlorocast_timesfm,2026-09-30 00:00:00,2026-09-29 00:00:00,P1D,fcre,1.6,ensemble,118,Chla_ugL_mean,11.8997562501374
vera4cast,chlorocast_timesfm,2026-10-01 00:00:00,2026-09-29 00:00:00,P1D,fcre,1.6,ensemble,118,Chla_ugL_mean,12.0350648887456
vera4cast,chlorocast_timesfm,2026-10-02 00:00:00,2026-09-29 00:00:00,P1D,fcre,1.6,ensemble,118,Chla_ugL_mean,12.1796578059501
vera4cast,chlorocast_timesfm,2026-10-03 00:00:00,2026-09-29 00:00:00,P1D,fcre,1.6,ensemble,118,Chla_ugL_mean,12.296045710642
vera4cast,chlorocast_timesfm,2026-10-04 00:00:00,2026-09-29 00:00:00,P1D,fcre,1.6,ensemble,118,Chla_ugL_mean,12.5727473349827
vera4cast,chlorocast_timesfm,2026-10-05 00:00:00,2026-09-29 00:00:00,P1D,fcre,1.6,ensemble,118,Chla_ugL_mean,12.4989430311908
vera4cast,chlorocast_timesfm,2026-10-06 00:00:00,2026-09-29 00:00:00,P1D,fcre,1.6,ensemble,118,Chla_ugL_mean,12.8192040727155
vera4cast,chlorocast_timesfm,2026-10-07 00:00:00,2026-09-29 00:00:00,P1D,fcre,1.6,ensemble,118,Chla_ugL_mean,12.66661104309
vera4cast,chlorocast_timesfm,2026-10-08 00:00:00,2026-09-29 00:00:00,P1D,fcre,1.6,ensemble,118,Chla_ugL_mean,12.7726820220746
vera4cast,chlorocast_timesfm,2026-10-09 00:00:00,2026-09-29 00:00:00,P1D,fcre,1.6,ensemble,118,Chla_ugL_mean,13.0085347067008
vera4cast,chlorocast_timesfm,2026-10-10 00:00:00,2026-09-29 00:00:00,P1D,fcre,1.6,ensemble,118,Chla_ugL_mean,12.7930331162943
vera4cast,chlorocast_timesfm,2026-10-11 00:00:00,2026-09-29 00:00:00,P1D,fcre,1.6,ensemble,118,Chla_ugL_mean,12.861411609507
vera4cast,chlorocast_timesfm,2026-10-12 00:00:00,2026-09-29 00:00:00,P1D,fcre,1.6,ensemble,118,Chla_ugL_mean,12.9107995983488
vera4cast,chlorocast_timesfm,2026-10-13 00:00:00,2026-09-29 00:00:00,P1D,fcre,1.6,ensemble,118,Chla_ugL_mean,13.2469182343354
vera4cast,chlorocast_timesfm,2026-10-14 00:00:00,2026-09-29 00:00:00,P1D,fcre,1.6,ensemble,118,Chla_ugL_mean,13.3416233825829
vera4cast,chlorocast_timesfm,2026-10-15 00:00:00,2026-09-29 00:00:00,P1D,fcre,1.6,ensemble,118,Chla_ugL_mean,13.7148577162451
vera4cast,chlorocast_timesfm,2026-10-16 00:00:00,2026-09-29 00:00:00,P1D,fcre,1.6,ensemble,118,Chla_ugL_mean,13.9195636944
vera4cast,chlorocast_timesfm,2026-10-17 00:00:00,2026-09-29 00:00:00,P1D,fcre,1.6,ensemble,118,Chla_ugL_mean,14.0142701089361
vera4cast,chlorocast_timesfm,2026-10-18 00:00:00,2026-09-29 00:00:00,P1D,fcre,1.6,ensemble,118,Chla_ugL_mean,14.1062385508615
vera4cast,chlorocast_timesfm,2026-10-19 00:00:00,2026-09-29 00:00:00,P1D,fcre,1.6,ensemble,118,Chla_ugL_mean,14.2130885670117
vera4cast,chlorocast_timesfm,2026-10-20 00:00:00,2026-09-29 00:00:00,P1D,fcre,1.6,ensemble,118,Chla_ugL_mean,14.5503850340326
vera4cast,chlorocast_timesfm,2026-10-21 00:00:00,2026-09-29 00:00:00,P1D,fcre,1.6,ensemble,118,Chla_ugL_mean,14.3671412543542
vera4cast,chlorocast_timesfm,2026-10-22 00:00:00,2026-09-29 00:00:00,P1D,fcre,1.6,ensemble,118,Chla_ugL_mean,14.2050277525796
vera4cast,chlorocast_timesfm,2026-10-23 00:00:00,2026-09-29 00:00:00,P1D,fcre,1.6,ensemble,118,Chla_ugL_mean,14.1818419761041
vera4cast,chlorocast_timesfm,2026-10-24 00:00:00,2026-09-29 00:00:00,P1D,fcre,1.6,ensemble,118,Chla_ugL_mean,14.3119909616814
vera4cast,chlorocast_timesfm,2026-10-25 00:00:00,2026-09-29 00:00:00,P1D,fcre,1.6,ensemble,118,Chla_ugL_mean,14.3490534682491
vera4cast,chlorocast_timesfm,2026-10-26 00:00:00,2026-09-29 00:00:00,P1D,fcre,1.6,ensemble,118,Chla_ugL_mean,14.4027071292429
vera4cast,chlorocast_timesfm,2026-10-27 00:00:00,2026-09-29 00:00:00,P1D,fcre,1.6,ensemble,118,Chla_ugL_mean,14.3466582460742
vera4cast,chlorocast_timesfm,2026-10-28 00:00:00,2026-09-29 00:00:00,P1D,fcre,1.6,ensemble,118,Chla_ugL_mean,14.4617234969272
vera4cast,chlorocast_timesfm,2026-10-29 00:00:00,2026-09-29 00:00:00,P1D,fcre,1.6,ensemble,118,Chla_ugL_mean,14.4217787103437
vera4cast,chlorocast_timesfm,2026-10-30 00:00:00,2026-09-29 00:00:00,P1D,fcre,1.6,ensemble,118,Chla_ugL_mean,14.5478580839282
vera4cast,chlorocast_timesfm,2026-10-31 00:00:00,2026-09-29 00:00:00,P1D,fcre,1.6,ensemble,118,Chla_ugL_mean,14.5443261091912
vera4cast,chlorocast_timesfm,2026-11-01 00:00:00,2026-09-29 00:00:00,P1D,fcre,1.6,ensemble,118,Chla_ugL_mean,14.74003280469
vera4cast,chlorocast_timesfm,2026-11-02 00:00:00,2026-09-29 00:00:00,P1D,fcre,1.6,ensemble,118,Chla_ugL_mean,14.6564957934722
vera4cast,chlorocast_timesfm,2026-11-03 00:00:00,2026-09-29 00:00:00,P1D,fcre,1.6,ensemble,118,Chla_ugL_mean,14.7199564804834
vera4cast,chlorocast_timesfm,2026-09-30 00:00:00,2026-09-29 00:00:00,P1D,fcre,1.6,ensemble,119,Chla_ugL_mean,11.9972720829054
vera4cast,chlorocast_timesfm,2026-10-01 00:00:00,2026-09-29 00:00:00,P1D,fcre,1.6,ensemble,119,Chla_ugL_mean,12.1397919500917
vera4cast,chlorocast_timesfm,2026-10-02 00:00:00,2026-09-29 00:00:00,P1D,fcre,1.6,ensemble,119,Chla_ugL_mean,12.2872794224346
vera4cast,chlorocast_timesfm,2026-10-03 00:00:00,2026-09-29 00:00:00,P1D,fcre,1.6,ensemble,119,Chla_ugL_mean,12.3989473841716
vera4cast,chlorocast_timesfm,2026-10-04 00:00:00,2026-09-29 00:00:00,P1D,fcre,1.6,ensemble,119,Chla_ugL_mean,12.6903751895347
vera4cast,chlorocast_timesfm,2026-10-05 00:00:00,2026-09-29 00:00:00,P1D,fcre,1.6,ensemble,119,Chla_ugL_mean,12.6139896623763
vera4cast,chlorocast_timesfm,2026-10-06 00:00:00,2026-09-29 00:00:00,P1D,fcre,1.6,ensemble,119,Chla_ugL_mean,12.9484690581856
vera4cast,chlorocast_timesfm,2026-10-07 00:00:00,2026-09-29 00:00:00,P1D,fcre,1.6,ensemble,119,Chla_ugL_mean,12.787773089851
vera4cast,chlorocast_timesfm,2026-10-08 00:00:00,2026-09-29 00:00:00,P1D,fcre,1.6,ensemble,119,Chla_ugL_mean,12.8987260422153
vera4cast,chlorocast_timesfm,2026-10-09 00:00:00,2026-09-29 00:00:00,P1D,fcre,1.6,ensemble,119,Chla_ugL_mean,13.1404983788258
vera4cast,chlorocast_timesfm,2026-10-10 00:00:00,2026-09-29 00:00:00,P1D,fcre,1.6,ensemble,119,Chla_ugL_mean,12.9182938500905
vera4cast,chlorocast_timesfm,2026-10-11 00:00:00,2026-09-29 00:00:00,P1D,fcre,1.6,ensemble,119,Chla_ugL_mean,12.9882696709532
vera4cast,chlorocast_timesfm,2026-10-12 00:00:00,2026-09-29 00:00:00,P1D,fcre,1.6,ensemble,119,Chla_ugL_mean,13.0389381728113
vera4cast,chlorocast_timesfm,2026-10-13 00:00:00,2026-09-29 00:00:00,P1D,fcre,1.6,ensemble,119,Chla_ugL_mean,13.3812140288252
vera4cast,chlorocast_timesfm,2026-10-14 00:00:00,2026-09-29 00:00:00,P1D,fcre,1.6,ensemble,119,Chla_ugL_mean,13.4663502249042
vera4cast,chlorocast_timesfm,2026-10-15 00:00:00,2026-09-29 00:00:00,P1D,fcre,1.6,ensemble,119,Chla_ugL_mean,13.8563629273351
vera4cast,chlorocast_timesfm,2026-10-16 00:00:00,2026-09-29 00:00:00,P1D,fcre,1.6,ensemble,119,Chla_ugL_mean,14.0664930891274
vera4cast,chlorocast_timesfm,2026-10-17 00:00:00,2026-09-29 00:00:00,P1D,fcre,1.6,ensemble,119,Chla_ugL_mean,14.163194901003
vera4cast,chlorocast_timesfm,2026-10-18 00:00:00,2026-09-29 00:00:00,P1D,fcre,1.6,ensemble,119,Chla_ugL_mean,14.2550907776414
vera4cast,chlorocast_timesfm,2026-10-19 00:00:00,2026-09-29 00:00:00,P1D,fcre,1.6,ensemble,119,Chla_ugL_mean,14.3644417407487
vera4cast,chlorocast_timesfm,2026-10-20 00:00:00,2026-09-29 00:00:00,P1D,fcre,1.6,ensemble,119,Chla_ugL_mean,14.7197808561161
vera4cast,chlorocast_timesfm,2026-10-21 00:00:00,2026-09-29 00:00:00,P1D,fcre,1.6,ensemble,119,Chla_ugL_mean,14.5193273924115
vera4cast,chlorocast_timesfm,2026-10-22 00:00:00,2026-09-29 00:00:00,P1D,fcre,1.6,ensemble,119,Chla_ugL_mean,14.3532140186801
vera4cast,chlorocast_timesfm,2026-10-23 00:00:00,2026-09-29 00:00:00,P1D,fcre,1.6,ensemble,119,Chla_ugL_mean,14.3315984301219
vera4cast,chlorocast_timesfm,2026-10-24 00:00:00,2026-09-29 00:00:00,P1D,fcre,1.6,ensemble,119,Chla_ugL_mean,14.4731997869924
vera4cast,chlorocast_timesfm,2026-10-25 00:00:00,2026-09-29 00:00:00,P1D,fcre,1.6,ensemble,119,Chla_ugL_mean,14.5073616022425
vera4cast,chlorocast_timesfm,2026-10-26 00:00:00,2026-09-29 00:00:00,P1D,fcre,1.6,ensemble,119,Chla_ugL_mean,14.5596728415566
vera4cast,chlorocast_timesfm,2026-10-27 00:00:00,2026-09-29 00:00:00,P1D,fcre,1.6,ensemble,119,Chla_ugL_mean,14.496960046814
vera4cast,chlorocast_timesfm,2026-10-28 00:00:00,2026-09-29 00:00:00,P1D,fcre,1.6,ensemble,119,Chla_ugL_mean,14.6182773449609
vera4cast,chlorocast_timesfm,2026-10-29 00:00:00,2026-09-29 00:00:00,P1D,fcre,1.6,ensemble,119,Chla_ugL_mean,14.577067736576
vera4cast,chlorocast_timesfm,2026-10-30 00:00:00,2026-09-29 00:00:00,P1D,fcre,1.6,ensemble,119,Chla_ugL_mean,14.7152890235227
vera4cast,chlorocast_timesfm,2026-10-31 00:00:00,2026-09-29 00:00:00,P1D,fcre,1.6,ensemble,119,Chla_ugL_mean,14.7042779754927
vera4cast,chlorocast_timesfm,2026-11-01 00:00:00,2026-09-29 00:00:00,P1D,fcre,1.6,ensemble,119,Chla_ugL_mean,14.9087612755074
vera4cast,chlorocast_timesfm,2026-11-02 00:00:00,2026-09-29 00:00:00,P1D,fcre,1.6,ensemble,119,Chla_ugL_mean,14.8188803642019
vera4cast,chlorocast_timesfm,2026-11-03 00:00:00,2026-09-29 00:00:00,P1D,fcre,1.6,ensemble,119,Chla_ugL_mean,14.8855815229149
vera4cast,chlorocast_timesfm,2026-09-30 00:00:00,2026-09-29 00:00:00,P1D,fcre,1.6,ensemble,120,Chla_ugL_mean,12.0968223935389
vera4cast,chlorocast_timesfm,2026-10-01 00:00:00,2026-09-29 00:00:00,P1D,fcre,1.6,ensemble,120,Chla_ugL_mean,12.2467854213956
vera4cast,chlorocast_timesfm,2026-10-02 00:00:00,2026-09-29 00:00:00,P1D,fcre,1.6,ensemble,120,Chla_ugL_mean,12.3975351750086
vera4cast,chlorocast_timesfm,2026-10-03 00:00:00,2026-09-29 00:00:00,P1D,fcre,1.6,ensemble,120,Chla_ugL_mean,12.505226225287
vera4cast,chlorocast_timesfm,2026-10-04 00:00:00,2026-09-29 00:00:00,P1D,fcre,1.6,ensemble,120,Chla_ugL_mean,12.80958408901
vera4cast,chlorocast_timesfm,2026-10-05 00:00:00,2026-09-29 00:00:00,P1D,fcre,1.6,ensemble,120,Chla_ugL_mean,12.7315755418542
vera4cast,chlorocast_timesfm,2026-10-06 00:00:00,2026-09-29 00:00:00,P1D,fcre,1.6,ensemble,120,Chla_ugL_mean,13.0785560465346
vera4cast,chlorocast_timesfm,2026-10-07 00:00:00,2026-09-29 00:00:00,P1D,fcre,1.6,ensemble,120,Chla_ugL_mean,12.9110071452919
vera4cast,chlorocast_timesfm,2026-10-08 00:00:00,2026-09-29 00:00:00,P1D,fcre,1.6,ensemble,120,Chla_ugL_mean,13.0266281362272
vera4cast,chlorocast_timesfm,2026-10-09 00:00:00,2026-09-29 00:00:00,P1D,fcre,1.6,ensemble,120,Chla_ugL_mean,13.2743660835415
vera4cast,chlorocast_timesfm,2026-10-10 00:00:00,2026-09-29 00:00:00,P1D,fcre,1.6,ensemble,120,Chla_ugL_mean,13.0464228668006
vera4cast,chlorocast_timesfm,2026-10-11 00:00:00,2026-09-29 00:00:00,P1D,fcre,1.6,ensemble,120,Chla_ugL_mean,13.118439918781
vera4cast,chlorocast_timesfm,2026-10-12 00:00:00,2026-09-29 00:00:00,P1D,fcre,1.6,ensemble,120,Chla_ugL_mean,13.1696423641984
vera4cast,chlorocast_timesfm,2026-10-13 00:00:00,2026-09-29 00:00:00,P1D,fcre,1.6,ensemble,120,Chla_ugL_mean,13.5175050663337
vera4cast,chlorocast_timesfm,2026-10-14 00:00:00,2026-09-29 00:00:00,P1D,fcre,1.6,ensemble,120,Chla_ugL_mean,13.5946673596891
vera4cast,chlorocast_timesfm,2026-10-15 00:00:00,2026-09-29 00:00:00,P1D,fcre,1.6,ensemble,120,Chla_ugL_mean,14.0002205745209
vera4cast,chlorocast_timesfm,2026-10-16 00:00:00,2026-09-29 00:00:00,P1D,fcre,1.6,ensemble,120,Chla_ugL_mean,14.2155911866792
vera4cast,chlorocast_timesfm,2026-10-17 00:00:00,2026-09-29 00:00:00,P1D,fcre,1.6,ensemble,120,Chla_ugL_mean,14.3153932072905
vera4cast,chlorocast_timesfm,2026-10-18 00:00:00,2026-09-29 00:00:00,P1D,fcre,1.6,ensemble,120,Chla_ugL_mean,14.4067265430316
vera4cast,chlorocast_timesfm,2026-10-19 00:00:00,2026-09-29 00:00:00,P1D,fcre,1.6,ensemble,120,Chla_ugL_mean,14.5185114404334
vera4cast,chlorocast_timesfm,2026-10-20 00:00:00,2026-09-29 00:00:00,P1D,fcre,1.6,ensemble,120,Chla_ugL_mean,14.8901945441983
vera4cast,chlorocast_timesfm,2026-10-21 00:00:00,2026-09-29 00:00:00,P1D,fcre,1.6,ensemble,120,Chla_ugL_mean,14.6736732924195
vera4cast,chlorocast_timesfm,2026-10-22 00:00:00,2026-09-29 00:00:00,P1D,fcre,1.6,ensemble,120,Chla_ugL_mean,14.5047457911419
vera4cast,chlorocast_timesfm,2026-10-23 00:00:00,2026-09-29 00:00:00,P1D,fcre,1.6,ensemble,120,Chla_ugL_mean,14.4849574595746
vera4cast,chlorocast_timesfm,2026-10-24 00:00:00,2026-09-29 00:00:00,P1D,fcre,1.6,ensemble,120,Chla_ugL_mean,14.6377915999762
vera4cast,chlorocast_timesfm,2026-10-25 00:00:00,2026-09-29 00:00:00,P1D,fcre,1.6,ensemble,120,Chla_ugL_mean,14.667753798145
vera4cast,chlorocast_timesfm,2026-10-26 00:00:00,2026-09-29 00:00:00,P1D,fcre,1.6,ensemble,120,Chla_ugL_mean,14.7206295213602
vera4cast,chlorocast_timesfm,2026-10-27 00:00:00,2026-09-29 00:00:00,P1D,fcre,1.6,ensemble,120,Chla_ugL_mean,14.6516433622859
vera4cast,chlorocast_timesfm,2026-10-28 00:00:00,2026-09-29 00:00:00,P1D,fcre,1.6,ensemble,120,Chla_ugL_mean,14.7784475652298
vera4cast,chlorocast_timesfm,2026-10-29 00:00:00,2026-09-29 00:00:00,P1D,fcre,1.6,ensemble,120,Chla_ugL_mean,14.735787075254
vera4cast,chlorocast_timesfm,2026-10-30 00:00:00,2026-09-29 00:00:00,P1D,fcre,1.6,ensemble,120,Chla_ugL_mean,14.8847665828688
vera4cast,chlorocast_timesfm,2026-10-31 00:00:00,2026-09-29 00:00:00,P1D,fcre,1.6,ensemble,120,Chla_ugL_mean,14.8681626585328
vera4cast,chlorocast_timesfm,2026-11-01 00:00:00,2026-09-29 00:00:00,P1D,fcre,1.6,ensemble,120,Chla_ugL_mean,15.0805428164321
vera4cast,chlorocast_timesfm,2026-11-02 00:00:00,2026-09-29 00:00:00,P1D,fcre,1.6,ensemble,120,Chla_ugL_mean,14.9843265225625
vera4cast,chlorocast_timesfm,2026-11-03 00:00:00,2026-09-29 00:00:00,P1D,fcre,1.6,ensemble,120,Chla_ugL_mean,15.0538888844871
vera4cast,chlorocast_timesfm,2026-09-30 00:00:00,2026-09-29 00:00:00,P1D,fcre,1.6,ensemble,121,Chla_ugL_mean,12.2089062035103
vera4cast,chlorocast_timesfm,2026-10-01 00:00:00,2026-09-29 00:00:00,P1D,fcre,1.6,ensemble,121,Chla_ugL_mean,12.3675865493824
vera4cast,chlorocast_timesfm,2026-10-02 00:00:00,2026-09-29 00:00:00,P1D,fcre,1.6,ensemble,121,Chla_ugL_mean,12.5246452779339
vera4cast,chlorocast_timesfm,2026-10-03 00:00:00,2026-09-29 00:00:00,P1D,fcre,1.6,ensemble,121,Chla_ugL_mean,12.6357817309636
vera4cast,chlorocast_timesfm,2026-10-04 00:00:00,2026-09-29 00:00:00,P1D,fcre,1.6,ensemble,121,Chla_ugL_mean,12.9349306859777
vera4cast,chlorocast_timesfm,2026-10-05 00:00:00,2026-09-29 00:00:00,P1D,fcre,1.6,ensemble,121,Chla_ugL_mean,12.8643349545698
vera4cast,chlorocast_timesfm,2026-10-06 00:00:00,2026-09-29 00:00:00,P1D,fcre,1.6,ensemble,121,Chla_ugL_mean,13.2063399586804
vera4cast,chlorocast_timesfm,2026-10-07 00:00:00,2026-09-29 00:00:00,P1D,fcre,1.6,ensemble,121,Chla_ugL_mean,13.0444067379659
vera4cast,chlorocast_timesfm,2026-10-08 00:00:00,2026-09-29 00:00:00,P1D,fcre,1.6,ensemble,121,Chla_ugL_mean,13.1621081651367
vera4cast,chlorocast_timesfm,2026-10-09 00:00:00,2026-09-29 00:00:00,P1D,fcre,1.6,ensemble,121,Chla_ugL_mean,13.4155069467088
vera4cast,chlorocast_timesfm,2026-10-10 00:00:00,2026-09-29 00:00:00,P1D,fcre,1.6,ensemble,121,Chla_ugL_mean,13.1914611026504
vera4cast,chlorocast_timesfm,2026-10-11 00:00:00,2026-09-29 00:00:00,P1D,fcre,1.6,ensemble,121,Chla_ugL_mean,13.269377311063
vera4cast,chlorocast_timesfm,2026-10-12 00:00:00,2026-09-29 00:00:00,P1D,fcre,1.6,ensemble,121,Chla_ugL_mean,13.3141531329006
vera4cast,chlorocast_timesfm,2026-10-13 00:00:00,2026-09-29 00:00:00,P1D,fcre,1.6,ensemble,121,Chla_ugL_mean,13.661715577455
vera4cast,chlorocast_timesfm,2026-10-14 00:00:00,2026-09-29 00:00:00,P1D,fcre,1.6,ensemble,121,Chla_ugL_mean,13.7468922981022
vera4cast,chlorocast_timesfm,2026-10-15 00:00:00,2026-09-29 00:00:00,P1D,fcre,1.6,ensemble,121,Chla_ugL_mean,14.1544855101094
vera4cast,chlorocast_timesfm,2026-10-16 00:00:00,2026-09-29 00:00:00,P1D,fcre,1.6,ensemble,121,Chla_ugL_mean,14.3727261393617
vera4cast,chlorocast_timesfm,2026-10-17 00:00:00,2026-09-29 00:00:00,P1D,fcre,1.6,ensemble,121,Chla_ugL_mean,14.4854581563083
vera4cast,chlorocast_timesfm,2026-10-18 00:00:00,2026-09-29 00:00:00,P1D,fcre,1.6,ensemble,121,Chla_ugL_mean,14.5718436376829
vera4cast,chlorocast_timesfm,2026-10-19 00:00:00,2026-09-29 00:00:00,P1D,fcre,1.6,ensemble,121,Chla_ugL_mean,14.6851362478441
vera4cast,chlorocast_timesfm,2026-10-20 00:00:00,2026-09-29 00:00:00,P1D,fcre,1.6,ensemble,121,Chla_ugL_mean,15.0549300682932
vera4cast,chlorocast_timesfm,2026-10-21 00:00:00,2026-09-29 00:00:00,P1D,fcre,1.6,ensemble,121,Chla_ugL_mean,14.8354873611006
vera4cast,chlorocast_timesfm,2026-10-22 00:00:00,2026-09-29 00:00:00,P1D,fcre,1.6,ensemble,121,Chla_ugL_mean,14.6750643428577
vera4cast,chlorocast_timesfm,2026-10-23 00:00:00,2026-09-29 00:00:00,P1D,fcre,1.6,ensemble,121,Chla_ugL_mean,14.6591832645714
vera4cast,chlorocast_timesfm,2026-10-24 00:00:00,2026-09-29 00:00:00,P1D,fcre,1.6,ensemble,121,Chla_ugL_mean,14.8194754977175
vera4cast,chlorocast_timesfm,2026-10-25 00:00:00,2026-09-29 00:00:00,P1D,fcre,1.6,ensemble,121,Chla_ugL_mean,14.8339091586463
vera4cast,chlorocast_timesfm,2026-10-26 00:00:00,2026-09-29 00:00:00,P1D,fcre,1.6,ensemble,121,Chla_ugL_mean,14.9050126681927
vera4cast,chlorocast_timesfm,2026-10-27 00:00:00,2026-09-29 00:00:00,P1D,fcre,1.6,ensemble,121,Chla_ugL_mean,14.8343420488053
vera4cast,chlorocast_timesfm,2026-10-28 00:00:00,2026-09-29 00:00:00,P1D,fcre,1.6,ensemble,121,Chla_ugL_mean,14.9587407764937
vera4cast,chlorocast_timesfm,2026-10-29 00:00:00,2026-09-29 00:00:00,P1D,fcre,1.6,ensemble,121,Chla_ugL_mean,14.9131046179358
vera4cast,chlorocast_timesfm,2026-10-30 00:00:00,2026-09-29 00:00:00,P1D,fcre,1.6,ensemble,121,Chla_ugL_mean,15.0582880291701
vera4cast,chlorocast_timesfm,2026-10-31 00:00:00,2026-09-29 00:00:00,P1D,fcre,1.6,ensemble,121,Chla_ugL_mean,15.0545695095715
vera4cast,chlorocast_timesfm,2026-11-01 00:00:00,2026-09-29 00:00:00,P1D,fcre,1.6,ensemble,121,Chla_ugL_mean,15.2655037092492
vera4cast,chlorocast_timesfm,2026-11-02 00:00:00,2026-09-29 00:00:00,P1D,fcre,1.6,ensemble,121,Chla_ugL_mean,15.1640345393442
vera4cast,chlorocast_timesfm,2026-11-03 00:00:00,2026-09-29 00:00:00,P1D,fcre,1.6,ensemble,121,Chla_ugL_mean,15.2325070066152
vera4cast,chlorocast_timesfm,2026-09-30 00:00:00,2026-09-29 00:00:00,P1D,fcre,1.6,ensemble,122,Chla_ugL_mean,12.3219492370308
vera4cast,chlorocast_timesfm,2026-10-01 00:00:00,2026-09-29 00:00:00,P1D,fcre,1.6,ensemble,122,Chla_ugL_mean,12.4894892965214
vera4cast,chlorocast_timesfm,2026-10-02 00:00:00,2026-09-29 00:00:00,P1D,fcre,1.6,ensemble,122,Chla_ugL_mean,12.6529613473341
vera4cast,chlorocast_timesfm,2026-10-03 00:00:00,2026-09-29 00:00:00,P1D,fcre,1.6,ensemble,122,Chla_ugL_mean,12.7675993213901
vera4cast,chlorocast_timesfm,2026-10-04 00:00:00,2026-09-29 00:00:00,P1D,fcre,1.6,ensemble,122,Chla_ugL_mean,13.0614150267956
vera4cast,chlorocast_timesfm,2026-10-05 00:00:00,2026-09-29 00:00:00,P1D,fcre,1.6,ensemble,122,Chla_ugL_mean,12.9983779098484
vera4cast,chlorocast_timesfm,2026-10-06 00:00:00,2026-09-29 00:00:00,P1D,fcre,1.6,ensemble,122,Chla_ugL_mean,13.3352837005806
vera4cast,chlorocast_timesfm,2026-10-07 00:00:00,2026-09-29 00:00:00,P1D,fcre,1.6,ensemble,122,Chla_ugL_mean,13.1790855659346
vera4cast,chlorocast_timesfm,2026-10-08 00:00:00,2026-09-29 00:00:00,P1D,fcre,1.6,ensemble,122,Chla_ugL_mean,13.2988967650053
vera4cast,chlorocast_timesfm,2026-10-09 00:00:00,2026-09-29 00:00:00,P1D,fcre,1.6,ensemble,122,Chla_ugL_mean,13.5580433705012
vera4cast,chlorocast_timesfm,2026-10-10 00:00:00,2026-09-29 00:00:00,P1D,fcre,1.6,ensemble,122,Chla_ugL_mean,13.3379969503873
vera4cast,chlorocast_timesfm,2026-10-11 00:00:00,2026-09-29 00:00:00,P1D,fcre,1.6,ensemble,122,Chla_ugL_mean,13.4219283445489
vera4cast,chlorocast_timesfm,2026-10-12 00:00:00,2026-09-29 00:00:00,P1D,fcre,1.6,ensemble,122,Chla_ugL_mean,13.4601377117197
vera4cast,chlorocast_timesfm,2026-10-13 00:00:00,2026-09-29 00:00:00,P1D,fcre,1.6,ensemble,122,Chla_ugL_mean,13.8073586123759
vera4cast,chlorocast_timesfm,2026-10-14 00:00:00,2026-09-29 00:00:00,P1D,fcre,1.6,ensemble,122,Chla_ugL_mean,13.9007049693018
vera4cast,chlorocast_timesfm,2026-10-15 00:00:00,2026-09-29 00:00:00,P1D,fcre,1.6,ensemble,122,Chla_ugL_mean,14.3103369337254
vera4cast,chlorocast_timesfm,2026-10-16 00:00:00,2026-09-29 00:00:00,P1D,fcre,1.6,ensemble,122,Chla_ugL_mean,14.5314838612848
vera4cast,chlorocast_timesfm,2026-10-17 00:00:00,2026-09-29 00:00:00,P1D,fcre,1.6,ensemble,122,Chla_ugL_mean,14.6574115378653
vera4cast,chlorocast_timesfm,2026-10-18 00:00:00,2026-09-29 00:00:00,P1D,fcre,1.6,ensemble,122,Chla_ugL_mean,14.7387303266
vera4cast,chlorocast_timesfm,2026-10-19 00:00:00,2026-09-29 00:00:00,P1D,fcre,1.6,ensemble,122,Chla_ugL_mean,14.8535501331925
vera4cast,chlorocast_timesfm,2026-10-20 00:00:00,2026-09-29 00:00:00,P1D,fcre,1.6,ensemble,122,Chla_ugL_mean,15.221373425028
vera4cast,chlorocast_timesfm,2026-10-21 00:00:00,2026-09-29 00:00:00,P1D,fcre,1.6,ensemble,122,Chla_ugL_mean,14.9989719885801
vera4cast,chlorocast_timesfm,2026-10-22 00:00:00,2026-09-29 00:00:00,P1D,fcre,1.6,ensemble,122,Chla_ugL_mean,14.8472538319917
vera4cast,chlorocast_timesfm,2026-10-23 00:00:00,2026-09-29 00:00:00,P1D,fcre,1.6,ensemble,122,Chla_ugL_mean,14.835369335278
vera4cast,chlorocast_timesfm,2026-10-24 00:00:00,2026-09-29 00:00:00,P1D,fcre,1.6,ensemble,122,Chla_ugL_mean,15.0032702458617
vera4cast,chlorocast_timesfm,2026-10-25 00:00:00,2026-09-29 00:00:00,P1D,fcre,1.6,ensemble,122,Chla_ugL_mean,15.0018265843537
vera4cast,chlorocast_timesfm,2026-10-26 00:00:00,2026-09-29 00:00:00,P1D,fcre,1.6,ensemble,122,Chla_ugL_mean,15.0915583966693
vera4cast,chlorocast_timesfm,2026-10-27 00:00:00,2026-09-29 00:00:00,P1D,fcre,1.6,ensemble,122,Chla_ugL_mean,15.0191733426991
vera4cast,chlorocast_timesfm,2026-10-28 00:00:00,2026-09-29 00:00:00,P1D,fcre,1.6,ensemble,122,Chla_ugL_mean,15.1410941170506
vera4cast,chlorocast_timesfm,2026-10-29 00:00:00,2026-09-29 00:00:00,P1D,fcre,1.6,ensemble,122,Chla_ugL_mean,15.0924202501185
vera4cast,chlorocast_timesfm,2026-10-30 00:00:00,2026-09-29 00:00:00,P1D,fcre,1.6,ensemble,122,Chla_ugL_mean,15.233704982854
vera4cast,chlorocast_timesfm,2026-10-31 00:00:00,2026-09-29 00:00:00,P1D,fcre,1.6,ensemble,122,Chla_ugL_mean,15.243166123525
vera4cast,chlorocast_timesfm,2026-11-01 00:00:00,2026-09-29 00:00:00,P1D,fcre,1.6,ensemble,122,Chla_ugL_mean,15.4525920508884
vera4cast,chlorocast_timesfm,2026-11-02 00:00:00,2026-09-29 00:00:00,P1D,fcre,1.6,ensemble,122,Chla_ugL_mean,15.3457629710148
vera4cast,chlorocast_timesfm,2026-11-03 00:00:00,2026-09-29 00:00:00,P1D,fcre,1.6,ensemble,122,Chla_ugL_mean,15.4131124623907
vera4cast,chlorocast_timesfm,2026-09-30 00:00:00,2026-09-29 00:00:00,P1D,fcre,1.6,ensemble,123,Chla_ugL_mean,12.4359597032237
vera4cast,chlorocast_timesfm,2026-10-01 00:00:00,2026-09-29 00:00:00,P1D,fcre,1.6,ensemble,123,Chla_ugL_mean,12.6125037087844
vera4cast,chlorocast_timesfm,2026-10-02 00:00:00,2026-09-29 00:00:00,P1D,fcre,1.6,ensemble,123,Chla_ugL_mean,12.7824948249048
vera4cast,chlorocast_timesfm,2026-10-03 00:00:00,2026-09-29 00:00:00,P1D,fcre,1.6,ensemble,123,Chla_ugL_mean,12.9006911971849
vera4cast,chlorocast_timesfm,2026-10-04 00:00:00,2026-09-29 00:00:00,P1D,fcre,1.6,ensemble,123,Chla_ugL_mean,13.1890474385176
vera4cast,chlorocast_timesfm,2026-10-05 00:00:00,2026-09-29 00:00:00,P1D,fcre,1.6,ensemble,123,Chla_ugL_mean,13.1337168172169
vera4cast,chlorocast_timesfm,2026-10-06 00:00:00,2026-09-29 00:00:00,P1D,fcre,1.6,ensemble,123,Chla_ugL_mean,13.4653977994217
vera4cast,chlorocast_timesfm,2026-10-07 00:00:00,2026-09-29 00:00:00,P1D,fcre,1.6,ensemble,123,Chla_ugL_mean,13.315055896424
vera4cast,chlorocast_timesfm,2026-10-08 00:00:00,2026-09-29 00:00:00,P1D,fcre,1.6,ensemble,123,Chla_ugL_mean,13.4370065750239
vera4cast,chlorocast_timesfm,2026-10-09 00:00:00,2026-09-29 00:00:00,P1D,fcre,1.6,ensemble,123,Chla_ugL_mean,13.7019891538245
vera4cast,chlorocast_timesfm,2026-10-10 00:00:00,2026-09-29 00:00:00,P1D,fcre,1.6,ensemble,123,Chla_ugL_mean,13.4860458738053
vera4cast,chlorocast_timesfm,2026-10-11 00:00:00,2026-09-29 00:00:00,P1D,fcre,1.6,ensemble,123,Chla_ugL_mean,13.5761102703513
vera4cast,chlorocast_timesfm,2026-10-12 00:00:00,2026-09-29 00:00:00,P1D,fcre,1.6,ensemble,123,Chla_ugL_mean,13.6076111314822
vera4cast,chlorocast_timesfm,2026-10-13 00:00:00,2026-09-29 00:00:00,P1D,fcre,1.6,ensemble,123,Chla_ugL_mean,13.9544484011578
vera4cast,chlorocast_timesfm,2026-10-14 00:00:00,2026-09-29 00:00:00,P1D,fcre,1.6,ensemble,123,Chla_ugL_mean,14.0561219336192
vera4cast,chlorocast_timesfm,2026-10-15 00:00:00,2026-09-29 00:00:00,P1D,fcre,1.6,ensemble,123,Chla_ugL_mean,14.4677911610939
vera4cast,chlorocast_timesfm,2026-10-16 00:00:00,2026-09-29 00:00:00,P1D,fcre,1.6,ensemble,123,Chla_ugL_mean,14.6918811111642
vera4cast,chlorocast_timesfm,2026-10-17 00:00:00,2026-09-29 00:00:00,P1D,fcre,1.6,ensemble,123,Chla_ugL_mean,14.8312743214646
vera4cast,chlorocast_timesfm,2026-10-18 00:00:00,2026-09-29 00:00:00,P1D,fcre,1.6,ensemble,123,Chla_ugL_mean,14.907405574893
vera4cast,chlorocast_timesfm,2026-10-19 00:00:00,2026-09-29 00:00:00,P1D,fcre,1.6,ensemble,123,Chla_ugL_mean,15.0237723061025
vera4cast,chlorocast_timesfm,2026-10-20 00:00:00,2026-09-29 00:00:00,P1D,fcre,1.6,ensemble,123,Chla_ugL_mean,15.3895423197057
vera4cast,chlorocast_timesfm,2026-10-21 00:00:00,2026-09-29 00:00:00,P1D,fcre,1.6,ensemble,123,Chla_ugL_mean,15.1641444216076
vera4cast,chlorocast_timesfm,2026-10-22 00:00:00,2026-09-29 00:00:00,P1D,fcre,1.6,ensemble,123,Chla_ugL_mean,15.0213348106609
vera4cast,chlorocast_timesfm,2026-10-23 00:00:00,2026-09-29 00:00:00,P1D,fcre,1.6,ensemble,123,Chla_ugL_mean,15.0135377272198
vera4cast,chlorocast_timesfm,2026-10-24 00:00:00,2026-09-29 00:00:00,P1D,fcre,1.6,ensemble,123,Chla_ugL_mean,15.1892003688133
vera4cast,chlorocast_timesfm,2026-10-25 00:00:00,2026-09-29 00:00:00,P1D,fcre,1.6,ensemble,123,Chla_ugL_mean,15.1715247618371
vera4cast,chlorocast_timesfm,2026-10-26 00:00:00,2026-09-29 00:00:00,P1D,fcre,1.6,ensemble,123,Chla_ugL_mean,15.2802920711436
vera4cast,chlorocast_timesfm,2026-10-27 00:00:00,2026-09-29 00:00:00,P1D,fcre,1.6,ensemble,123,Chla_ugL_mean,15.2061621374918
vera4cast,chlorocast_timesfm,2026-10-28 00:00:00,2026-09-29 00:00:00,P1D,fcre,1.6,ensemble,123,Chla_ugL_mean,15.3255311270698
vera4cast,chlorocast_timesfm,2026-10-29 00:00:00,2026-09-29 00:00:00,P1D,fcre,1.6,ensemble,123,Chla_ugL_mean,15.2737564871245
vera4cast,chlorocast_timesfm,2026-10-30 00:00:00,2026-09-29 00:00:00,P1D,fcre,1.6,ensemble,123,Chla_ugL_mean,15.4110381499962
vera4cast,chlorocast_timesfm,2026-10-31 00:00:00,2026-09-29 00:00:00,P1D,fcre,1.6,ensemble,123,Chla_ugL_mean,15.4339782240272
vera4cast,chlorocast_timesfm,2026-11-01 00:00:00,2026-09-29 00:00:00,P1D,fcre,1.6,ensemble,123,Chla_ugL_mean,15.6418323115952
vera4cast,chlorocast_timesfm,2026-11-02 00:00:00,2026-09-29 00:00:00,P1D,fcre,1.6,ensemble,123,Chla_ugL_mean,15.5295345326229
vera4cast,chlorocast_timesfm,2026-11-03 00:00:00,2026-09-29 00:00:00,P1D,fcre,1.6,ensemble,123,Chla_ugL_mean,15.5957273632041
vera4cast,chlorocast_timesfm,2026-09-30 00:00:00,2026-09-29 00:00:00,P1D,fcre,1.6,ensemble,124,Chla_ugL_mean,12.5509458814666
vera4cast,chlorocast_timesfm,2026-10-01 00:00:00,2026-09-29 00:00:00,P1D,fcre,1.6,ensemble,124,Chla_ugL_mean,12.7366399237555
vera4cast,chlorocast_timesfm,2026-10-02 00:00:00,2026-09-29 00:00:00,P1D,fcre,1.6,ensemble,124,Chla_ugL_mean,12.913257260896
vera4cast,chlorocast_timesfm,2026-10-03 00:00:00,2026-09-29 00:00:00,P1D,fcre,1.6,ensemble,124,Chla_ugL_mean,13.0350696769104
vera4cast,chlorocast_timesfm,2026-10-04 00:00:00,2026-09-29 00:00:00,P1D,fcre,1.6,ensemble,124,Chla_ugL_mean,13.3178383419342
vera4cast,chlorocast_timesfm,2026-10-05 00:00:00,2026-09-29 00:00:00,P1D,fcre,1.6,ensemble,124,Chla_ugL_mean,13.2703642061799
vera4cast,chlorocast_timesfm,2026-10-06 00:00:00,2026-09-29 00:00:00,P1D,fcre,1.6,ensemble,124,Chla_ugL_mean,13.59669287794
vera4cast,chlorocast_timesfm,2026-10-07 00:00:00,2026-09-29 00:00:00,P1D,fcre,1.6,ensemble,124,Chla_ugL_mean,13.4523301142965
vera4cast,chlorocast_timesfm,2026-10-08 00:00:00,2026-09-29 00:00:00,P1D,fcre,1.6,ensemble,124,Chla_ugL_mean,13.5764503564626
vera4cast,chlorocast_timesfm,2026-10-09 00:00:00,2026-09-29 00:00:00,P1D,fcre,1.6,ensemble,124,Chla_ugL_mean,13.847358232024
vera4cast,chlorocast_timesfm,2026-10-10 00:00:00,2026-09-29 00:00:00,P1D,fcre,1.6,ensemble,124,Chla_ugL_mean,13.6356234963715
vera4cast,chlorocast_timesfm,2026-10-11 00:00:00,2026-09-29 00:00:00,P1D,fcre,1.6,ensemble,124,Chla_ugL_mean,13.7319405240109
vera4cast,chlorocast_timesfm,2026-10-12 00:00:00,2026-09-29 00:00:00,P1D,fcre,1.6,ensemble,124,Chla_ugL_mean,13.756588576308
vera4cast,chlorocast_timesfm,2026-10-13 00:00:00,2026-09-29 00:00:00,P1D,fcre,1.6,ensemble,124,Chla_ugL_mean,14.1029993152174
vera4cast,chlorocast_timesfm,2026-10-14 00:00:00,2026-09-29 00:00:00,P1D,fcre,1.6,ensemble,124,Chla_ugL_mean,14.2131599241126
vera4cast,chlorocast_timesfm,2026-10-15 00:00:00,2026-09-29 00:00:00,P1D,fcre,1.6,ensemble,124,Chla_ugL_mean,14.6268646757338
vera4cast,chlorocast_timesfm,2026-10-16 00:00:00,2026-09-29 00:00:00,P1D,fcre,1.6,ensemble,124,Chla_ugL_mean,14.8539348207868
vera4cast,chlorocast_timesfm,2026-10-17 00:00:00,2026-09-29 00:00:00,P1D,fcre,1.6,ensemble,124,Chla_ugL_mean,15.0070677094584
vera4cast,chlorocast_timesfm,2026-10-18 00:00:00,2026-09-29 00:00:00,P1D,fcre,1.6,ensemble,124,Chla_ugL_mean,15.0778885509249
vera4cast,chlorocast_timesfm,2026-10-19 00:00:00,2026-09-29 00:00:00,P1D,fcre,1.6,ensemble,124,Chla_ugL_mean,15.1958221824547
vera4cast,chlorocast_timesfm,2026-10-20 00:00:00,2026-09-29 00:00:00,P1D,fcre,1.6,ensemble,124,Chla_ugL_mean,15.5594546411818
vera4cast,chlorocast_timesfm,2026-10-21 00:00:00,2026-09-29 00:00:00,P1D,fcre,1.6,ensemble,124,Chla_ugL_mean,15.3310220849868
vera4cast,chlorocast_timesfm,2026-10-22 00:00:00,2026-09-29 00:00:00,P1D,fcre,1.6,ensemble,124,Chla_ugL_mean,15.1973280567459
vera4cast,chlorocast_timesfm,2026-10-23 00:00:00,2026-09-29 00:00:00,P1D,fcre,1.6,ensemble,124,Chla_ugL_mean,15.1937107440754
vera4cast,chlorocast_timesfm,2026-10-24 00:00:00,2026-09-29 00:00:00,P1D,fcre,1.6,ensemble,124,Chla_ugL_mean,15.3772906759079
vera4cast,chlorocast_timesfm,2026-10-25 00:00:00,2026-09-29 00:00:00,P1D,fcre,1.6,ensemble,124,Chla_ugL_mean,15.3430225758363
vera4cast,chlorocast_timesfm,2026-10-26 00:00:00,2026-09-29 00:00:00,P1D,fcre,1.6,ensemble,124,Chla_ugL_mean,15.4712393534615
vera4cast,chlorocast_timesfm,2026-10-27 00:00:00,2026-09-29 00:00:00,P1D,fcre,1.6,ensemble,124,Chla_ugL_mean,15.395333617285
vera4cast,chlorocast_timesfm,2026-10-28 00:00:00,2026-09-29 00:00:00,P1D,fcre,1.6,ensemble,124,Chla_ugL_mean,15.5120756157034
vera4cast,chlorocast_timesfm,2026-10-29 00:00:00,2026-09-29 00:00:00,P1D,fcre,1.6,ensemble,124,Chla_ugL_mean,15.4571360979885
vera4cast,chlorocast_timesfm,2026-10-30 00:00:00,2026-09-29 00:00:00,P1D,fcre,1.6,ensemble,124,Chla_ugL_mean,15.5903084628609
vera4cast,chlorocast_timesfm,2026-10-31 00:00:00,2026-09-29 00:00:00,P1D,fcre,1.6,ensemble,124,Chla_ugL_mean,15.6270318368936
vera4cast,chlorocast_timesfm,2026-11-01 00:00:00,2026-09-29 00:00:00,P1D,fcre,1.6,ensemble,124,Chla_ugL_mean,15.833249243076
vera4cast,chlorocast_timesfm,2026-11-02 00:00:00,2026-09-29 00:00:00,P1D,fcre,1.6,ensemble,124,Chla_ugL_mean,15.7153721945969
vera4cast,chlorocast_timesfm,2026-11-03 00:00:00,2026-09-29 00:00:00,P1D,fcre,1.6,ensemble,124,Chla_ugL_mean,15.7803740664605
vera4cast,chlorocast_timesfm,2026-09-30 00:00:00,2026-09-29 00:00:00,P1D,fcre,1.6,ensemble,125,Chla_ugL_mean,12.6669161219931
vera4cast,chlorocast_timesfm,2026-10-01 00:00:00,2026-09-29 00:00:00,P1D,fcre,1.6,ensemble,125,Chla_ugL_mean,12.8619081714663
vera4cast,chlorocast_timesfm,2026-10-02 00:00:00,2026-09-29 00:00:00,P1D,fcre,1.6,ensemble,125,Chla_ugL_mean,13.0452603151413
vera4cast,chlorocast_timesfm,2026-10-03 00:00:00,2026-09-29 00:00:00,P1D,fcre,1.6,ensemble,125,Chla_ugL_mean,13.1707471982129
vera4cast,chlorocast_timesfm,2026-10-04 00:00:00,2026-09-29 00:00:00,P1D,fcre,1.6,ensemble,125,Chla_ugL_mean,13.447798252423
vera4cast,chlorocast_timesfm,2026-10-05 00:00:00,2026-09-29 00:00:00,P1D,fcre,1.6,ensemble,125,Chla_ugL_mean,13.4083327273796
vera4cast,chlorocast_timesfm,2026-10-06 00:00:00,2026-09-29 00:00:00,P1D,fcre,1.6,ensemble,125,Chla_ugL_mean,13.7291796552891
vera4cast,chlorocast_timesfm,2026-10-07 00:00:00,2026-09-29 00:00:00,P1D,fcre,1.6,ensemble,125,Chla_ugL_mean,13.5909207231791
vera4cast,chlorocast_timesfm,2026-10-08 00:00:00,2026-09-29 00:00:00,P1D,fcre,1.6,ensemble,125,Chla_ugL_mean,13.7172409938496
vera4cast,chlorocast_timesfm,2026-10-09 00:00:00,2026-09-29 00:00:00,P1D,fcre,1.6,ensemble,125,Chla_ugL_mean,13.9941646782338
vera4cast,chlorocast_timesfm,2026-10-10 00:00:00,2026-09-29 00:00:00,P1D,fcre,1.6,ensemble,125,Chla_ugL_mean,13.7867456028753
vera4cast,chlorocast_timesfm,2026-10-11 00:00:00,2026-09-29 00:00:00,P1D,fcre,1.6,ensemble,125,Chla_ugL_mean,13.8894367274682
vera4cast,chlorocast_timesfm,2026-10-12 00:00:00,2026-09-29 00:00:00,P1D,fcre,1.6,ensemble,125,Chla_ugL_mean,13.9070853851739
vera4cast,chlorocast_timesfm,2026-10-13 00:00:00,2026-09-29 00:00:00,P1D,fcre,1.6,ensemble,125,Chla_ugL_mean,14.2530258687306
vera4cast,chlorocast_timesfm,2026-10-14 00:00:00,2026-09-29 00:00:00,P1D,fcre,1.6,ensemble,125,Chla_ugL_mean,14.3718358483693
vera4cast,chlorocast_timesfm,2026-10-15 00:00:00,2026-09-29 00:00:00,P1D,fcre,1.6,ensemble,125,Chla_ugL_mean,14.7875741306832
vera4cast,chlorocast_timesfm,2026-10-16 00:00:00,2026-09-29 00:00:00,P1D,fcre,1.6,ensemble,125,Chla_ugL_mean,15.0176620967981
vera4cast,chlorocast_timesfm,2026-10-17 00:00:00,2026-09-29 00:00:00,P1D,fcre,1.6,ensemble,125,Chla_ugL_mean,15.1848131396337
vera4cast,chlorocast_timesfm,2026-10-18 00:00:00,2026-09-29 00:00:00,P1D,fcre,1.6,ensemble,125,Chla_ugL_mean,15.2501986284901
vera4cast,chlorocast_timesfm,2026-10-19 00:00:00,2026-09-29 00:00:00,P1D,fcre,1.6,ensemble,125,Chla_ugL_mean,15.3697193866013
vera4cast,chlorocast_timesfm,2026-10-20 00:00:00,2026-09-29 00:00:00,P1D,fcre,1.6,ensemble,125,Chla_ugL_mean,15.7311284637679
vera4cast,chlorocast_timesfm,2026-10-21 00:00:00,2026-09-29 00:00:00,P1D,fcre,1.6,ensemble,125,Chla_ugL_mean,15.4996225834143
vera4cast,chlorocast_timesfm,2026-10-22 00:00:00,2026-09-29 00:00:00,P1D,fcre,1.6,ensemble,125,Chla_ugL_mean,15.3752545763712
vera4cast,chlorocast_timesfm,2026-10-23 00:00:00,2026-09-29 00:00:00,P1D,fcre,1.6,ensemble,125,Chla_ugL_mean,15.3759109404684
vera4cast,chlorocast_timesfm,2026-10-24 00:00:00,2026-09-29 00:00:00,P1D,fcre,1.6,ensemble,125,Chla_ugL_mean,15.5675662647223
vera4cast,chlorocast_timesfm,2026-10-25 00:00:00,2026-09-29 00:00:00,P1D,fcre,1.6,ensemble,125,Chla_ugL_mean,15.5163391113624
vera4cast,chlorocast_timesfm,2026-10-26 00:00:00,2026-09-29 00:00:00,P1D,fcre,1.6,ensemble,125,Chla_ugL_mean,15.6644262064495
vera4cast,chlorocast_timesfm,2026-10-27 00:00:00,2026-09-29 00:00:00,P1D,fcre,1.6,ensemble,125,Chla_ugL_mean,15.5867132601501
vera4cast,chlorocast_timesfm,2026-10-28 00:00:00,2026-09-29 00:00:00,P1D,fcre,1.6,ensemble,125,Chla_ugL_mean,15.70075166416
vera4cast,chlorocast_timesfm,2026-10-29 00:00:00,2026-09-29 00:00:00,P1D,fcre,1.6,ensemble,125,Chla_ugL_mean,15.6425821083165
vera4cast,chlorocast_timesfm,2026-10-30 00:00:00,2026-09-29 00:00:00,P1D,fcre,1.6,ensemble,125,Chla_ugL_mean,15.7715370823716
vera4cast,chlorocast_timesfm,2026-10-31 00:00:00,2026-09-29 00:00:00,P1D,fcre,1.6,ensemble,125,Chla_ugL_mean,15.8223532936704
vera4cast,chlorocast_timesfm,2026-11-01 00:00:00,2026-09-29 00:00:00,P1D,fcre,1.6,ensemble,125,Chla_ugL_mean,16.0268678817349
vera4cast,chlorocast_timesfm,2026-11-02 00:00:00,2026-09-29 00:00:00,P1D,fcre,1.6,ensemble,125,Chla_ugL_mean,15.9032991856164
vera4cast,chlorocast_timesfm,2026-11-03 00:00:00,2026-09-29 00:00:00,P1D,fcre,1.6,ensemble,125,Chla_ugL_mean,15.9670751783172
vera4cast,chlorocast_timesfm,2026-09-30 00:00:00,2026-09-29 00:00:00,P1D,fcre,1.6,ensemble,126,Chla_ugL_mean,12.7838788464986
vera4cast,chlorocast_timesfm,2026-10-01 00:00:00,2026-09-29 00:00:00,P1D,fcre,1.6,ensemble,126,Chla_ugL_mean,12.9883187752389
vera4cast,chlorocast_timesfm,2026-10-02 00:00:00,2026-09-29 00:00:00,P1D,fcre,1.6,ensemble,126,Chla_ugL_mean,13.1785157580978
vera4cast,chlorocast_timesfm,2026-10-03 00:00:00,2026-09-29 00:00:00,P1D,fcre,1.6,ensemble,126,Chla_ugL_mean,13.3077363189737
vera4cast,chlorocast_timesfm,2026-10-04 00:00:00,2026-09-29 00:00:00,P1D,fcre,1.6,ensemble,126,Chla_ugL_mean,13.5789377808074
vera4cast,chlorocast_timesfm,2026-10-05 00:00:00,2026-09-29 00:00:00,P1D,fcre,1.6,ensemble,126,Chla_ugL_mean,13.5476351537667
vera4cast,chlorocast_timesfm,2026-10-06 00:00:00,2026-09-29 00:00:00,P1D,fcre,1.6,ensemble,126,Chla_ugL_mean,13.8628689479146
vera4cast,chlorocast_timesfm,2026-10-07 00:00:00,2026-09-29 00:00:00,P1D,fcre,1.6,ensemble,126,Chla_ugL_mean,13.7308403466026
vera4cast,chlorocast_timesfm,2026-10-08 00:00:00,2026-09-29 00:00:00,P1D,fcre,1.6,ensemble,126,Chla_ugL_mean,13.8593914961621
vera4cast,chlorocast_timesfm,2026-10-09 00:00:00,2026-09-29 00:00:00,P1D,fcre,1.6,ensemble,126,Chla_ugL_mean,14.1424227047389
vera4cast,chlorocast_timesfm,2026-10-10 00:00:00,2026-09-29 00:00:00,P1D,fcre,1.6,ensemble,126,Chla_ugL_mean,13.9394281410943
vera4cast,chlorocast_timesfm,2026-10-11 00:00:00,2026-09-29 00:00:00,P1D,fcre,1.6,ensemble,126,Chla_ugL_mean,14.0486166910562
vera4cast,chlorocast_timesfm,2026-10-12 00:00:00,2026-09-29 00:00:00,P1D,fcre,1.6,ensemble,126,Chla_ugL_mean,14.0591170534934
vera4cast,chlorocast_timesfm,2026-10-13 00:00:00,2026-09-29 00:00:00,P1D,fcre,1.6,ensemble,126,Chla_ugL_mean,14.4045427200508
vera4cast,chlorocast_timesfm,2026-10-14 00:00:00,2026-09-29 00:00:00,P1D,fcre,1.6,ensemble,126,Chla_ugL_mean,14.5321667903254
vera4cast,chlorocast_timesfm,2026-10-15 00:00:00,2026-09-29 00:00:00,P1D,fcre,1.6,ensemble,126,Chla_ugL_mean,14.9499363502431
vera4cast,chlorocast_timesfm,2026-10-16 00:00:00,2026-09-29 00:00:00,P1D,fcre,1.6,ensemble,126,Chla_ugL_mean,15.1830802225077
vera4cast,chlorocast_timesfm,2026-10-17 00:00:00,2026-09-29 00:00:00,P1D,fcre,1.6,ensemble,126,Chla_ugL_mean,15.3645322878266
vera4cast,chlorocast_timesfm,2026-10-18 00:00:00,2026-09-29 00:00:00,P1D,fcre,1.6,ensemble,126,Chla_ugL_mean,15.424355389016
vera4cast,chlorocast_timesfm,2026-10-19 00:00:00,2026-09-29 00:00:00,P1D,fcre,1.6,ensemble,126,Chla_ugL_mean,15.5454837536045
vera4cast,chlorocast_timesfm,2026-10-20 00:00:00,2026-09-29 00:00:00,P1D,fcre,1.6,ensemble,126,Chla_ugL_mean,15.9045820491543
vera4cast,chlorocast_timesfm,2026-10-21 00:00:00,2026-09-29 00:00:00,P1D,fcre,1.6,ensemble,126,Chla_ugL_mean,15.6699637033364
vera4cast,chlorocast_timesfm,2026-10-22 00:00:00,2026-09-29 00:00:00,P1D,fcre,1.6,ensemble,126,Chla_ugL_mean,15.5551356064117
vera4cast,chlorocast_timesfm,2026-10-23 00:00:00,2026-09-29 00:00:00,P1D,fcre,1.6,ensemble,126,Chla_ugL_mean,15.5601611247913
vera4cast,chlorocast_timesfm,2026-10-24 00:00:00,2026-09-29 00:00:00,P1D,fcre,1.6,ensemble,126,Chla_ugL_mean,15.7600525244232
vera4cast,chlorocast_timesfm,2026-10-25 00:00:00,2026-09-29 00:00:00,P1D,fcre,1.6,ensemble,126,Chla_ugL_mean,15.6914936558215
vera4cast,chlorocast_timesfm,2026-10-26 00:00:00,2026-09-29 00:00:00,P1D,fcre,1.6,ensemble,126,Chla_ugL_mean,15.8598788974456
vera4cast,chlorocast_timesfm,2026-10-27 00:00:00,2026-09-29 00:00:00,P1D,fcre,1.6,ensemble,126,Chla_ugL_mean,15.7803268415588
vera4cast,chlorocast_timesfm,2026-10-28 00:00:00,2026-09-29 00:00:00,P1D,fcre,1.6,ensemble,126,Chla_ugL_mean,15.8915836288134
vera4cast,chlorocast_timesfm,2026-10-29 00:00:00,2026-09-29 00:00:00,P1D,fcre,1.6,ensemble,126,Chla_ugL_mean,15.8301178031765
vera4cast,chlorocast_timesfm,2026-10-30 00:00:00,2026-09-29 00:00:00,P1D,fcre,1.6,ensemble,126,Chla_ugL_mean,15.9547454006083
vera4cast,chlorocast_timesfm,2026-10-31 00:00:00,2026-09-29 00:00:00,P1D,fcre,1.6,ensemble,126,Chla_ugL_mean,16.0199692352267
vera4cast,chlorocast_timesfm,2026-11-01 00:00:00,2026-09-29 00:00:00,P1D,fcre,1.6,ensemble,126,Chla_ugL_mean,16.2227135519487
vera4cast,chlorocast_timesfm,2026-11-02 00:00:00,2026-09-29 00:00:00,P1D,fcre,1.6,ensemble,126,Chla_ugL_mean,16.0933389955156
vera4cast,chlorocast_timesfm,2026-11-03 00:00:00,2026-09-29 00:00:00,P1D,fcre,1.6,ensemble,126,Chla_ugL_mean,16.1558535564512
vera4cast,chlorocast_timesfm,2026-09-30 00:00:00,2026-09-29 00:00:00,P1D,fcre,1.6,ensemble,127,Chla_ugL_mean,12.9018425487523
vera4cast,chlorocast_timesfm,2026-10-01 00:00:00,2026-09-29 00:00:00,P1D,fcre,1.6,ensemble,127,Chla_ugL_mean,13.1158821525364
vera4cast,chlorocast_timesfm,2026-10-02 00:00:00,2026-09-29 00:00:00,P1D,fcre,1.6,ensemble,127,Chla_ugL_mean,13.3130354718958
vera4cast,chlorocast_timesfm,2026-10-03 00:00:00,2026-09-29 00:00:00,P1D,fcre,1.6,ensemble,127,Chla_ugL_mean,13.4460497184718
vera4cast,chlorocast_timesfm,2026-10-04 00:00:00,2026-09-29 00:00:00,P1D,fcre,1.6,ensemble,127,Chla_ugL_mean,13.7112676342229
vera4cast,chlorocast_timesfm,2026-10-05 00:00:00,2026-09-29 00:00:00,P1D,fcre,1.6,ensemble,127,Chla_ugL_mean,13.6882843817834
vera4cast,chlorocast_timesfm,2026-10-06 00:00:00,2026-09-29 00:00:00,P1D,fcre,1.6,ensemble,127,Chla_ugL_mean,13.9977716704378
vera4cast,chlorocast_timesfm,2026-10-07 00:00:00,2026-09-29 00:00:00,P1D,fcre,1.6,ensemble,127,Chla_ugL_mean,13.8721017291509
vera4cast,chlorocast_timesfm,2026-10-08 00:00:00,2026-09-29 00:00:00,P1D,fcre,1.6,ensemble,127,Chla_ugL_mean,14.0029149980276
vera4cast,chlorocast_timesfm,2026-10-09 00:00:00,2026-09-29 00:00:00,P1D,fcre,1.6,ensemble,127,Chla_ugL_mean,14.2921466643517
vera4cast,chlorocast_timesfm,2026-10-10 00:00:00,2026-09-29 00:00:00,P1D,fcre,1.6,ensemble,127,Chla_ugL_mean,14.0936872234768
vera4cast,chlorocast_timesfm,2026-10-11 00:00:00,2026-09-29 00:00:00,P1D,fcre,1.6,ensemble,127,Chla_ugL_mean,14.2094984155148
vera4cast,chlorocast_timesfm,2026-10-12 00:00:00,2026-09-29 00:00:00,P1D,fcre,1.6,ensemble,127,Chla_ugL_mean,14.2126992347117
vera4cast,chlorocast_timesfm,2026-10-13 00:00:00,2026-09-29 00:00:00,P1D,fcre,1.6,ensemble,127,Chla_ugL_mean,14.5575646731411
vera4cast,chlorocast_timesfm,2026-10-14 00:00:00,2026-09-29 00:00:00,P1D,fcre,1.6,ensemble,127,Chla_ugL_mean,14.6941700121056
vera4cast,chlorocast_timesfm,2026-10-15 00:00:00,2026-09-29 00:00:00,P1D,fcre,1.6,ensemble,127,Chla_ugL_mean,15.1139683317388
vera4cast,chlorocast_timesfm,2026-10-16 00:00:00,2026-09-29 00:00:00,P1D,fcre,1.6,ensemble,127,Chla_ugL_mean,15.3502066597143
vera4cast,chlorocast_timesfm,2026-10-17 00:00:00,2026-09-29 00:00:00,P1D,fcre,1.6,ensemble,127,Chla_ugL_mean,15.5462470705658
vera4cast,chlorocast_timesfm,2026-10-18 00:00:00,2026-09-29 00:00:00,P1D,fcre,1.6,ensemble,127,Chla_ugL_mean,15.6003786237881
vera4cast,chlorocast_timesfm,2026-10-19 00:00:00,2026-09-29 00:00:00,P1D,fcre,1.6,ensemble,127,Chla_ugL_mean,15.7231353314986
vera4cast,chlorocast_timesfm,2026-10-20 00:00:00,2026-09-29 00:00:00,P1D,fcre,1.6,ensemble,127,Chla_ugL_mean,16.0798338483519
vera4cast,chlorocast_timesfm,2026-10-21 00:00:00,2026-09-29 00:00:00,P1D,fcre,1.6,ensemble,127,Chla_ugL_mean,15.8420634148257
vera4cast,chlorocast_timesfm,2026-10-22 00:00:00,2026-09-29 00:00:00,P1D,fcre,1.6,ensemble,127,Chla_ugL_mean,15.736992617028
vera4cast,chlorocast_timesfm,2026-10-23 00:00:00,2026-09-29 00:00:00,P1D,fcre,1.6,ensemble,127,Chla_ugL_mean,15.7464843620604
vera4cast,chlorocast_timesfm,2026-10-24 00:00:00,2026-09-29 00:00:00,P1D,fcre,1.6,ensemble,127,Chla_ugL_mean,15.9547751391556
vera4cast,chlorocast_timesfm,2026-10-25 00:00:00,2026-09-29 00:00:00,P1D,fcre,1.6,ensemble,127,Chla_ugL_mean,15.8685057011613
vera4cast,chlorocast_timesfm,2026-10-26 00:00:00,2026-09-29 00:00:00,P1D,fcre,1.6,ensemble,127,Chla_ugL_mean,16.0576240018705
vera4cast,chlorocast_timesfm,2026-10-27 00:00:00,2026-09-29 00:00:00,P1D,fcre,1.6,ensemble,127,Chla_ugL_mean,15.9762004378552
vera4cast,chlorocast_timesfm,2026-10-28 00:00:00,2026-09-29 00:00:00,P1D,fcre,1.6,ensemble,127,Chla_ugL_mean,16.0845961443464
vera4cast,chlorocast_timesfm,2026-10-29 00:00:00,2026-09-29 00:00:00,P1D,fcre,1.6,ensemble,127,Chla_ugL_mean,16.0197667300229
vera4cast,chlorocast_timesfm,2026-10-30 00:00:00,2026-09-29 00:00:00,P1D,fcre,1.6,ensemble,127,Chla_ugL_mean,16.1399550433334
vera4cast,chlorocast_timesfm,2026-10-31 00:00:00,2026-09-29 00:00:00,P1D,fcre,1.6,ensemble,127,Chla_ugL_mean,16.2199066153877
vera4cast,chlorocast_timesfm,2026-11-01 00:00:00,2026-09-29 00:00:00,P1D,fcre,1.6,ensemble,127,Chla_ugL_mean,16.4208118693791
vera4cast,chlorocast_timesfm,2026-11-02 00:00:00,2026-09-29 00:00:00,P1D,fcre,1.6,ensemble,127,Chla_ugL_mean,16.2855153782194
vera4cast,chlorocast_timesfm,2026-11-03 00:00:00,2026-09-29 00:00:00,P1D,fcre,1.6,ensemble,127,Chla_ugL_mean,16.3467323128576
vera4cast,chlorocast_timesfm,2026-09-30 00:00:00,2026-09-29 00:00:00,P1D,fcre,1.6,ensemble,128,Chla_ugL_mean,13.0208157952137
vera4cast,chlorocast_timesfm,2026-10-01 00:00:00,2026-09-29 00:00:00,P1D,fcre,1.6,ensemble,128,Chla_ugL_mean,13.244608815822
vera4cast,chlorocast_timesfm,2026-10-02 00:00:00,2026-09-29 00:00:00,P1D,fcre,1.6,ensemble,128,Chla_ugL_mean,13.4488314513981
vera4cast,chlorocast_timesfm,2026-10-03 00:00:00,2026-09-29 00:00:00,P1D,fcre,1.6,ensemble,128,Chla_ugL_mean,13.5857001985573
vera4cast,chlorocast_timesfm,2026-10-04 00:00:00,2026-09-29 00:00:00,P1D,fcre,1.6,ensemble,128,Chla_ugL_mean,13.8447986169914
vera4cast,chlorocast_timesfm,2026-10-05 00:00:00,2026-09-29 00:00:00,P1D,fcre,1.6,ensemble,128,Chla_ugL_mean,13.8302934325571
vera4cast,chlorocast_timesfm,2026-10-06 00:00:00,2026-09-29 00:00:00,P1D,fcre,1.6,ensemble,128,Chla_ugL_mean,14.1338988365465
vera4cast,chlorocast_timesfm,2026-10-07 00:00:00,2026-09-29 00:00:00,P1D,fcre,1.6,ensemble,128,Chla_ugL_mean,14.014717737622
vera4cast,chlorocast_timesfm,2026-10-08 00:00:00,2026-09-29 00:00:00,P1D,fcre,1.6,ensemble,128,Chla_ugL_mean,14.1478247609384
vera4cast,chlorocast_timesfm,2026-10-09 00:00:00,2026-09-29 00:00:00,P1D,fcre,1.6,ensemble,128,Chla_ugL_mean,14.4433510518009
vera4cast,chlorocast_timesfm,2026-10-10 00:00:00,2026-09-29 00:00:00,P1D,fcre,1.6,ensemble,128,Chla_ugL_mean,14.2495391288423
vera4cast,chlorocast_timesfm,2026-10-11 00:00:00,2026-09-29 00:00:00,P1D,fcre,1.6,ensemble,128,Chla_ugL_mean,14.3721000940261
vera4cast,chlorocast_timesfm,2026-10-12 00:00:00,2026-09-29 00:00:00,P1D,fcre,1.6,ensemble,128,Chla_ugL_mean,14.3678477419173
vera4cast,chlorocast_timesfm,2026-10-13 00:00:00,2026-09-29 00:00:00,P1D,fcre,1.6,ensemble,128,Chla_ugL_mean,14.7121066790206
vera4cast,chlorocast_timesfm,2026-10-14 00:00:00,2026-09-29 00:00:00,P1D,fcre,1.6,ensemble,128,Chla_ugL_mean,14.8578629558816
vera4cast,chlorocast_timesfm,2026-10-15 00:00:00,2026-09-29 00:00:00,P1D,fcre,1.6,ensemble,128,Chla_ugL_mean,15.2796872472988
vera4cast,chlorocast_timesfm,2026-10-16 00:00:00,2026-09-29 00:00:00,P1D,fcre,1.6,ensemble,128,Chla_ugL_mean,15.5190590505483
vera4cast,chlorocast_timesfm,2026-10-17 00:00:00,2026-09-29 00:00:00,P1D,fcre,1.6,ensemble,128,Chla_ugL_mean,15.7299796477452
vera4cast,chlorocast_timesfm,2026-10-18 00:00:00,2026-09-29 00:00:00,P1D,fcre,1.6,ensemble,128,Chla_ugL_mean,15.7782883361995
vera4cast,chlorocast_timesfm,2026-10-19 00:00:00,2026-09-29 00:00:00,P1D,fcre,1.6,ensemble,128,Chla_ugL_mean,15.9026943835771
vera4cast,chlorocast_timesfm,2026-10-20 00:00:00,2026-09-29 00:00:00,P1D,fcre,1.6,ensemble,128,Chla_ugL_mean,16.256902503656
vera4cast,chlorocast_timesfm,2026-10-21 00:00:00,2026-09-29 00:00:00,P1D,fcre,1.6,ensemble,128,Chla_ugL_mean,16.0159398734766
vera4cast,chlorocast_timesfm,2026-10-22 00:00:00,2026-09-29 00:00:00,P1D,fcre,1.6,ensemble,128,Chla_ugL_mean,15.9208473142292
vera4cast,chlorocast_timesfm,2026-10-23 00:00:00,2026-09-29 00:00:00,P1D,fcre,1.6,ensemble,128,Chla_ugL_mean,15.9349039768035
vera4cast,chlorocast_timesfm,2026-10-24 00:00:00,2026-09-29 00:00:00,P1D,fcre,1.6,ensemble,128,Chla_ugL_mean,16.151760091469
vera4cast,chlorocast_timesfm,2026-10-25 00:00:00,2026-09-29 00:00:00,P1D,fcre,1.6,ensemble,128,Chla_ugL_mean,16.04739494604
vera4cast,chlorocast_timesfm,2026-10-26 00:00:00,2026-09-29 00:00:00,P1D,fcre,1.6,ensemble,128,Chla_ugL_mean,16.2576884068408
vera4cast,chlorocast_timesfm,2026-10-27 00:00:00,2026-09-29 00:00:00,P1D,fcre,1.6,ensemble,128,Chla_ugL_mean,16.1743604297676
vera4cast,chlorocast_timesfm,2026-10-28 00:00:00,2026-09-29 00:00:00,P1D,fcre,1.6,ensemble,128,Chla_ugL_mean,16.2798141269316
vera4cast,chlorocast_timesfm,2026-10-29 00:00:00,2026-09-29 00:00:00,P1D,fcre,1.6,ensemble,128,Chla_ugL_mean,16.2115527016526
vera4cast,chlorocast_timesfm,2026-10-30 00:00:00,2026-09-29 00:00:00,P1D,fcre,1.6,ensemble,128,Chla_ugL_mean,16.327187872544
vera4cast,chlorocast_timesfm,2026-10-31 00:00:00,2026-09-29 00:00:00,P1D,fcre,1.6,ensemble,128,Chla_ugL_mean,16.4221927046112
vera4cast,chlorocast_timesfm,2026-11-01 00:00:00,2026-09-29 00:00:00,P1D,fcre,1.6,ensemble,128,Chla_ugL_mean,16.6211887443231
vera4cast,chlorocast_timesfm,2026-11-02 00:00:00,2026-09-29 00:00:00,P1D,fcre,1.6,ensemble,128,Chla_ugL_mean,16.4798523547122
vera4cast,chlorocast_timesfm,2026-11-03 00:00:00,2026-09-29 00:00:00,P1D,fcre,1.6,ensemble,128,Chla_ugL_mean,16.5397348166793
vera4cast,chlorocast_timesfm,2026-09-30 00:00:00,2026-09-29 00:00:00,P1D,fcre,1.6,ensemble,129,Chla_ugL_mean,13.1408072256549
vera4cast,chlorocast_timesfm,2026-10-01 00:00:00,2026-09-29 00:00:00,P1D,fcre,1.6,ensemble,129,Chla_ugL_mean,13.3745093734248
vera4cast,chlorocast_timesfm,2026-10-02 00:00:00,2026-09-29 00:00:00,P1D,fcre,1.6,ensemble,129,Chla_ugL_mean,13.5859158052697
vera4cast,chlorocast_timesfm,2026-10-03 00:00:00,2026-09-29 00:00:00,P1D,fcre,1.6,ensemble,129,Chla_ugL_mean,13.7267006848361
vera4cast,chlorocast_timesfm,2026-10-04 00:00:00,2026-09-29 00:00:00,P1D,fcre,1.6,ensemble,129,Chla_ugL_mean,13.9795416315034
vera4cast,chlorocast_timesfm,2026-10-05 00:00:00,2026-09-29 00:00:00,P1D,fcre,1.6,ensemble,129,Chla_ugL_mean,13.9736754531057
vera4cast,chlorocast_timesfm,2026-10-06 00:00:00,2026-09-29 00:00:00,P1D,fcre,1.6,ensemble,129,Chla_ugL_mean,14.271261559894
vera4cast,chlorocast_timesfm,2026-10-07 00:00:00,2026-09-29 00:00:00,P1D,fcre,1.6,ensemble,129,Chla_ugL_mean,14.1587013622003
vera4cast,chlorocast_timesfm,2026-10-08 00:00:00,2026-09-29 00:00:00,P1D,fcre,1.6,ensemble,129,Chla_ugL_mean,14.2941341744764
vera4cast,chlorocast_timesfm,2026-10-09 00:00:00,2026-09-29 00:00:00,P1D,fcre,1.6,ensemble,129,Chla_ugL_mean,14.5960505051349
vera4cast,chlorocast_timesfm,2026-10-10 00:00:00,2026-09-29 00:00:00,P1D,fcre,1.6,ensemble,129,Chla_ugL_mean,14.4070003040997
vera4cast,chlorocast_timesfm,2026-10-11 00:00:00,2026-09-29 00:00:00,P1D,fcre,1.6,ensemble,129,Chla_ugL_mean,14.5364401142718
vera4cast,chlorocast_timesfm,2026-10-12 00:00:00,2026-09-29 00:00:00,P1D,fcre,1.6,ensemble,129,Chla_ugL_mean,14.5245785494706
vera4cast,chlorocast_timesfm,2026-10-13 00:00:00,2026-09-29 00:00:00,P1D,fcre,1.6,ensemble,129,Chla_ugL_mean,14.8681838372252
vera4cast,chlorocast_timesfm,2026-10-14 00:00:00,2026-09-29 00:00:00,P1D,fcre,1.6,ensemble,129,Chla_ugL_mean,15.0232632457498
vera4cast,chlorocast_timesfm,2026-10-15 00:00:00,2026-09-29 00:00:00,P1D,fcre,1.6,ensemble,129,Chla_ugL_mean,15.447110445653
vera4cast,chlorocast_timesfm,2026-10-16 00:00:00,2026-09-29 00:00:00,P1D,fcre,1.6,ensemble,129,Chla_ugL_mean,15.6896552193347
vera4cast,chlorocast_timesfm,2026-10-17 00:00:00,2026-09-29 00:00:00,P1D,fcre,1.6,ensemble,129,Chla_ugL_mean,15.9157524253261
vera4cast,chlorocast_timesfm,2026-10-18 00:00:00,2026-09-29 00:00:00,P1D,fcre,1.6,ensemble,129,Chla_ugL_mean,15.9581047440235
vera4cast,chlorocast_timesfm,2026-10-19 00:00:00,2026-09-29 00:00:00,P1D,fcre,1.6,ensemble,129,Chla_ugL_mean,16.0841813907038
vera4cast,chlorocast_timesfm,2026-10-20 00:00:00,2026-09-29 00:00:00,P1D,fcre,1.6,ensemble,129,Chla_ugL_mean,16.4358068506284
vera4cast,chlorocast_timesfm,2026-10-21 00:00:00,2026-09-29 00:00:00,P1D,fcre,1.6,ensemble,129,Chla_ugL_mean,16.191611422321
vera4cast,chlorocast_timesfm,2026-10-22 00:00:00,2026-09-29 00:00:00,P1D,fcre,1.6,ensemble,129,Chla_ugL_mean,16.106721642463
vera4cast,chlorocast_timesfm,2026-10-23 00:00:00,2026-09-29 00:00:00,P1D,fcre,1.6,ensemble,129,Chla_ugL_mean,16.1254435559793
vera4cast,chlorocast_timesfm,2026-10-24 00:00:00,2026-09-29 00:00:00,P1D,fcre,1.6,ensemble,129,Chla_ugL_mean,16.3510336657854
vera4cast,chlorocast_timesfm,2026-10-25 00:00:00,2026-09-29 00:00:00,P1D,fcre,1.6,ensemble,129,Chla_ugL_mean,16.2281812980188
vera4cast,chlorocast_timesfm,2026-10-26 00:00:00,2026-09-29 00:00:00,P1D,fcre,1.6,ensemble,129,Chla_ugL_mean,16.4600993148254
vera4cast,chlorocast_timesfm,2026-10-27 00:00:00,2026-09-29 00:00:00,P1D,fcre,1.6,ensemble,129,Chla_ugL_mean,16.3748335059617
vera4cast,chlorocast_timesfm,2026-10-28 00:00:00,2026-09-29 00:00:00,P1D,fcre,1.6,ensemble,129,Chla_ugL_mean,16.4772627774473
vera4cast,chlorocast_timesfm,2026-10-29 00:00:00,2026-09-29 00:00:00,P1D,fcre,1.6,ensemble,129,Chla_ugL_mean,16.4054997991953
vera4cast,chlorocast_timesfm,2026-10-30 00:00:00,2026-09-29 00:00:00,P1D,fcre,1.6,ensemble,129,Chla_ugL_mean,16.5164659890523
vera4cast,chlorocast_timesfm,2026-10-31 00:00:00,2026-09-29 00:00:00,P1D,fcre,1.6,ensemble,129,Chla_ugL_mean,16.626855093707
vera4cast,chlorocast_timesfm,2026-11-01 00:00:00,2026-09-29 00:00:00,P1D,fcre,1.6,ensemble,129,Chla_ugL_mean,16.823870385102
vera4cast,chlorocast_timesfm,2026-11-02 00:00:00,2026-09-29 00:00:00,P1D,fcre,1.6,ensemble,129,Chla_ugL_mean,16.676374216041
vera4cast,chlorocast_timesfm,2026-11-03 00:00:00,2026-09-29 00:00:00,P1D,fcre,1.6,ensemble,129,Chla_ugL_mean,16.7348846970679
vera4cast,chlorocast_timesfm,2026-09-30 00:00:00,2026-09-29 00:00:00,P1D,fcre,1.6,ensemble,130,Chla_ugL_mean,13.261825553788
vera4cast,chlorocast_timesfm,2026-10-01 00:00:00,2026-09-29 00:00:00,P1D,fcre,1.6,ensemble,130,Chla_ugL_mean,13.5055945304141
vera4cast,chlorocast_timesfm,2026-10-02 00:00:00,2026-09-29 00:00:00,P1D,fcre,1.6,ensemble,130,Chla_ugL_mean,13.7243007570575
vera4cast,chlorocast_timesfm,2026-10-03 00:00:00,2026-09-29 00:00:00,P1D,fcre,1.6,ensemble,130,Chla_ugL_mean,13.8690642278663
vera4cast,chlorocast_timesfm,2026-10-04 00:00:00,2026-09-29 00:00:00,P1D,fcre,1.6,ensemble,130,Chla_ugL_mean,14.1155076791079
vera4cast,chlorocast_timesfm,2026-10-05 00:00:00,2026-09-29 00:00:00,P1D,fcre,1.6,ensemble,130,Chla_ugL_mean,14.118443717555
vera4cast,chlorocast_timesfm,2026-10-06 00:00:00,2026-09-29 00:00:00,P1D,fcre,1.6,ensemble,130,Chla_ugL_mean,14.4098710550065
vera4cast,chlorocast_timesfm,2026-10-07 00:00:00,2026-09-29 00:00:00,P1D,fcre,1.6,ensemble,130,Chla_ugL_mean,14.3040657176395
vera4cast,chlorocast_timesfm,2026-10-08 00:00:00,2026-09-29 00:00:00,P1D,fcre,1.6,ensemble,130,Chla_ugL_mean,14.4418567575505
vera4cast,chlorocast_timesfm,2026-10-09 00:00:00,2026-09-29 00:00:00,P1D,fcre,1.6,ensemble,130,Chla_ugL_mean,14.7502598071391
vera4cast,chlorocast_timesfm,2026-10-10 00:00:00,2026-09-29 00:00:00,P1D,fcre,1.6,ensemble,130,Chla_ugL_mean,14.5660873659825
vera4cast,chlorocast_timesfm,2026-10-11 00:00:00,2026-09-29 00:00:00,P1D,fcre,1.6,ensemble,130,Chla_ugL_mean,14.7025370605125
vera4cast,chlorocast_timesfm,2026-10-12 00:00:00,2026-09-29 00:00:00,P1D,fcre,1.6,ensemble,130,Chla_ugL_mean,14.6829077946483
vera4cast,chlorocast_timesfm,2026-10-13 00:00:00,2026-09-29 00:00:00,P1D,fcre,1.6,ensemble,130,Chla_ugL_mean,15.025811397283
vera4cast,chlorocast_timesfm,2026-10-14 00:00:00,2026-09-29 00:00:00,P1D,fcre,1.6,ensemble,130,Chla_ugL_mean,15.1903886896293
vera4cast,chlorocast_timesfm,2026-10-15 00:00:00,2026-09-29 00:00:00,P1D,fcre,1.6,ensemble,130,Chla_ugL_mean,15.6162554539487
vera4cast,chlorocast_timesfm,2026-10-16 00:00:00,2026-09-29 00:00:00,P1D,fcre,1.6,ensemble,130,Chla_ugL_mean,15.8620131744745
vera4cast,chlorocast_timesfm,2026-10-17 00:00:00,2026-09-29 00:00:00,P1D,fcre,1.6,ensemble,130,Chla_ugL_mean,16.1035880580699
vera4cast,chlorocast_timesfm,2026-10-18 00:00:00,2026-09-29 00:00:00,P1D,fcre,1.6,ensemble,130,Chla_ugL_mean,16.1398482817117
vera4cast,chlorocast_timesfm,2026-10-19 00:00:00,2026-09-29 00:00:00,P1D,fcre,1.6,ensemble,130,Chla_ugL_mean,16.2676170536488
vera4cast,chlorocast_timesfm,2026-10-20 00:00:00,2026-09-29 00:00:00,P1D,fcre,1.6,ensemble,130,Chla_ugL_mean,16.6165659201014
vera4cast,chlorocast_timesfm,2026-10-21 00:00:00,2026-09-29 00:00:00,P1D,fcre,1.6,ensemble,130,Chla_ugL_mean,16.3690965937629
vera4cast,chlorocast_timesfm,2026-10-22 00:00:00,2026-09-29 00:00:00,P1D,fcre,1.6,ensemble,130,Chla_ugL_mean,16.2946377872357
vera4cast,chlorocast_timesfm,2026-10-23 00:00:00,2026-09-29 00:00:00,P1D,fcre,1.6,ensemble,130,Chla_ugL_mean,16.3181269519303
vera4cast,chlorocast_timesfm,2026-10-24 00:00:00,2026-09-29 00:00:00,P1D,fcre,1.6,ensemble,130,Chla_ugL_mean,16.5526224519057
vera4cast,chlorocast_timesfm,2026-10-25 00:00:00,2026-09-29 00:00:00,P1D,fcre,1.6,ensemble,130,Chla_ugL_mean,16.410884875777
vera4cast,chlorocast_timesfm,2026-10-26 00:00:00,2026-09-29 00:00:00,P1D,fcre,1.6,ensemble,130,Chla_ugL_mean,16.6648842473436
vera4cast,chlorocast_timesfm,2026-10-27 00:00:00,2026-09-29 00:00:00,P1D,fcre,1.6,ensemble,130,Chla_ugL_mean,16.5776466666347
vera4cast,chlorocast_timesfm,2026-10-28 00:00:00,2026-09-29 00:00:00,P1D,fcre,1.6,ensemble,130,Chla_ugL_mean,16.676967584731
vera4cast,chlorocast_timesfm,2026-10-29 00:00:00,2026-09-29 00:00:00,P1D,fcre,1.6,ensemble,130,Chla_ugL_mean,16.6016323751372
vera4cast,chlorocast_timesfm,2026-10-30 00:00:00,2026-09-29 00:00:00,P1D,fcre,1.6,ensemble,130,Chla_ugL_mean,16.7078117350948
vera4cast,chlorocast_timesfm,2026-10-31 00:00:00,2026-09-29 00:00:00,P1D,fcre,1.6,ensemble,130,Chla_ugL_mean,16.8339216976007
vera4cast,chlorocast_timesfm,2026-11-01 00:00:00,2026-09-29 00:00:00,P1D,fcre,1.6,ensemble,130,Chla_ugL_mean,17.0288833014893
vera4cast,chlorocast_timesfm,2026-11-02 00:00:00,2026-09-29 00:00:00,P1D,fcre,1.6,ensemble,130,Chla_ugL_mean,16.8751055263513
vera4cast,chlorocast_timesfm,2026-11-03 00:00:00,2026-09-29 00:00:00,P1D,fcre,1.6,ensemble,130,Chla_ugL_mean,16.9322058460768
vera4cast,chlorocast_timesfm,2026-09-30 00:00:00,2026-09-29 00:00:00,P1D,fcre,1.6,ensemble,131,Chla_ugL_mean,13.383879567898
vera4cast,chlorocast_timesfm,2026-10-01 00:00:00,2026-09-29 00:00:00,P1D,fcre,1.6,ensemble,131,Chla_ugL_mean,13.637875089482
vera4cast,chlorocast_timesfm,2026-10-02 00:00:00,2026-09-29 00:00:00,P1D,fcre,1.6,ensemble,131,Chla_ugL_mean,13.86399864628
vera4cast,chlorocast_timesfm,2026-10-03 00:00:00,2026-09-29 00:00:00,P1D,fcre,1.6,ensemble,131,Chla_ugL_mean,14.0128040043665
vera4cast,chlorocast_timesfm,2026-10-04 00:00:00,2026-09-29 00:00:00,P1D,fcre,1.6,ensemble,131,Chla_ugL_mean,14.2527078610108
vera4cast,chlorocast_timesfm,2026-10-05 00:00:00,2026-09-29 00:00:00,P1D,fcre,1.6,ensemble,131,Chla_ugL_mean,14.2646116283675
vera4cast,chlorocast_timesfm,2026-10-06 00:00:00,2026-09-29 00:00:00,P1D,fcre,1.6,ensemble,131,Chla_ugL_mean,14.5497386381991
vera4cast,chlorocast_timesfm,2026-10-07 00:00:00,2026-09-29 00:00:00,P1D,fcre,1.6,ensemble,131,Chla_ugL_mean,14.450824044457
vera4cast,chlorocast_timesfm,2026-10-08 00:00:00,2026-09-29 00:00:00,P1D,fcre,1.6,ensemble,131,Chla_ugL_mean,14.5910061596456
vera4cast,chlorocast_timesfm,2026-10-09 00:00:00,2026-09-29 00:00:00,P1D,fcre,1.6,ensemble,131,Chla_ugL_mean,14.9059938867668
vera4cast,chlorocast_timesfm,2026-10-10 00:00:00,2026-09-29 00:00:00,P1D,fcre,1.6,ensemble,131,Chla_ugL_mean,14.7268171028027
vera4cast,chlorocast_timesfm,2026-10-11 00:00:00,2026-09-29 00:00:00,P1D,fcre,1.6,ensemble,131,Chla_ugL_mean,14.8704097156897
vera4cast,chlorocast_timesfm,2026-10-12 00:00:00,2026-09-29 00:00:00,P1D,fcre,1.6,ensemble,131,Chla_ugL_mean,14.842851779305
vera4cast,chlorocast_timesfm,2026-10-13 00:00:00,2026-09-29 00:00:00,P1D,fcre,1.6,ensemble,131,Chla_ugL_mean,15.1850047602043
vera4cast,chlorocast_timesfm,2026-10-14 00:00:00,2026-09-29 00:00:00,P1D,fcre,1.6,ensemble,131,Chla_ugL_mean,15.3592572811788
vera4cast,chlorocast_timesfm,2026-10-15 00:00:00,2026-09-29 00:00:00,P1D,fcre,1.6,ensemble,131,Chla_ugL_mean,15.7871399795855
vera4cast,chlorocast_timesfm,2026-10-16 00:00:00,2026-09-29 00:00:00,P1D,fcre,1.6,ensemble,131,Chla_ugL_mean,16.0361511103453
vera4cast,chlorocast_timesfm,2026-10-17 00:00:00,2026-09-29 00:00:00,P1D,fcre,1.6,ensemble,131,Chla_ugL_mean,16.2935094523003
vera4cast,chlorocast_timesfm,2026-10-18 00:00:00,2026-09-29 00:00:00,P1D,fcre,1.6,ensemble,131,Chla_ugL_mean,16.3235396027159
vera4cast,chlorocast_timesfm,2026-10-19 00:00:00,2026-09-29 00:00:00,P1D,fcre,1.6,ensemble,131,Chla_ugL_mean,16.4530222954498
vera4cast,chlorocast_timesfm,2026-10-20 00:00:00,2026-09-29 00:00:00,P1D,fcre,1.6,ensemble,131,Chla_ugL_mean,16.7991989402025
vera4cast,chlorocast_timesfm,2026-10-21 00:00:00,2026-09-29 00:00:00,P1D,fcre,1.6,ensemble,131,Chla_ugL_mean,16.5484141115339
vera4cast,chlorocast_timesfm,2026-10-22 00:00:00,2026-09-29 00:00:00,P1D,fcre,1.6,ensemble,131,Chla_ugL_mean,16.4846181777594
vera4cast,chlorocast_timesfm,2026-10-23 00:00:00,2026-09-29 00:00:00,P1D,fcre,1.6,ensemble,131,Chla_ugL_mean,16.5129782853688
vera4cast,chlorocast_timesfm,2026-10-24 00:00:00,2026-09-29 00:00:00,P1D,fcre,1.6,ensemble,131,Chla_ugL_mean,16.7565533485579
vera4cast,chlorocast_timesfm,2026-10-25 00:00:00,2026-09-29 00:00:00,P1D,fcre,1.6,ensemble,131,Chla_ugL_mean,16.5955260113509
vera4cast,chlorocast_timesfm,2026-10-26 00:00:00,2026-09-29 00:00:00,P1D,fcre,1.6,ensemble,131,Chla_ugL_mean,16.8720710487074
vera4cast,chlorocast_timesfm,2026-10-27 00:00:00,2026-09-29 00:00:00,P1D,fcre,1.6,ensemble,131,Chla_ugL_mean,16.7828272271524
vera4cast,chlorocast_timesfm,2026-10-28 00:00:00,2026-09-29 00:00:00,P1D,fcre,1.6,ensemble,131,Chla_ugL_mean,16.8789543288693
vera4cast,chlorocast_timesfm,2026-10-29 00:00:00,2026-09-29 00:00:00,P1D,fcre,1.6,ensemble,131,Chla_ugL_mean,16.7999750563785
vera4cast,chlorocast_timesfm,2026-10-30 00:00:00,2026-09-29 00:00:00,P1D,fcre,1.6,ensemble,131,Chla_ugL_mean,16.9012476969691
vera4cast,chlorocast_timesfm,2026-10-31 00:00:00,2026-09-29 00:00:00,P1D,fcre,1.6,ensemble,131,Chla_ugL_mean,17.0434207591404
vera4cast,chlorocast_timesfm,2026-11-01 00:00:00,2026-09-29 00:00:00,P1D,fcre,1.6,ensemble,131,Chla_ugL_mean,17.2362543081777
vera4cast,chlorocast_timesfm,2026-11-02 00:00:00,2026-09-29 00:00:00,P1D,fcre,1.6,ensemble,131,Chla_ugL_mean,17.0760711259572
vera4cast,chlorocast_timesfm,2026-11-03 00:00:00,2026-09-29 00:00:00,P1D,fcre,1.6,ensemble,131,Chla_ugL_mean,17.1317224215862
vera4cast,chlorocast_timesfm,2026-09-30 00:00:00,2026-09-29 00:00:00,P1D,fcre,1.6,ensemble,132,Chla_ugL_mean,13.5069781314805
vera4cast,chlorocast_timesfm,2026-10-01 00:00:00,2026-09-29 00:00:00,P1D,fcre,1.6,ensemble,132,Chla_ugL_mean,13.7713619518332
vera4cast,chlorocast_timesfm,2026-10-02 00:00:00,2026-09-29 00:00:00,P1D,fcre,1.6,ensemble,132,Chla_ugL_mean,14.0050219295281
vera4cast,chlorocast_timesfm,2026-10-03 00:00:00,2026-09-29 00:00:00,P1D,fcre,1.6,ensemble,132,Chla_ugL_mean,14.1579333184349
vera4cast,chlorocast_timesfm,2026-10-04 00:00:00,2026-09-29 00:00:00,P1D,fcre,1.6,ensemble,132,Chla_ugL_mean,14.3911533791811
vera4cast,chlorocast_timesfm,2026-10-05 00:00:00,2026-09-29 00:00:00,P1D,fcre,1.6,ensemble,132,Chla_ugL_mean,14.4121927175832
vera4cast,chlorocast_timesfm,2026-10-06 00:00:00,2026-09-29 00:00:00,P1D,fcre,1.6,ensemble,132,Chla_ugL_mean,14.690875728499
vera4cast,chlorocast_timesfm,2026-10-07 00:00:00,2026-09-29 00:00:00,P1D,fcre,1.6,ensemble,132,Chla_ugL_mean,14.5989897101403
vera4cast,chlorocast_timesfm,2026-10-08 00:00:00,2026-09-29 00:00:00,P1D,fcre,1.6,ensemble,132,Chla_ugL_mean,14.7415961620839
vera4cast,chlorocast_timesfm,2026-10-09 00:00:00,2026-09-29 00:00:00,P1D,fcre,1.6,ensemble,132,Chla_ugL_mean,15.0632678205844
vera4cast,chlorocast_timesfm,2026-10-10 00:00:00,2026-09-29 00:00:00,P1D,fcre,1.6,ensemble,132,Chla_ugL_mean,14.889206476222
vera4cast,chlorocast_timesfm,2026-10-11 00:00:00,2026-09-29 00:00:00,P1D,fcre,1.6,ensemble,132,Chla_ugL_mean,15.0400770635491
vera4cast,chlorocast_timesfm,2026-10-12 00:00:00,2026-09-29 00:00:00,P1D,fcre,1.6,ensemble,132,Chla_ugL_mean,15.0044269715516
vera4cast,chlorocast_timesfm,2026-10-13 00:00:00,2026-09-29 00:00:00,P1D,fcre,1.6,ensemble,132,Chla_ugL_mean,15.345779479986
vera4cast,chlorocast_timesfm,2026-10-14 00:00:00,2026-09-29 00:00:00,P1D,fcre,1.6,ensemble,132,Chla_ugL_mean,15.5298872017339
vera4cast,chlorocast_timesfm,2026-10-15 00:00:00,2026-09-29 00:00:00,P1D,fcre,1.6,ensemble,132,Chla_ugL_mean,15.9597819120691
vera4cast,chlorocast_timesfm,2026-10-16 00:00:00,2026-09-29 00:00:00,P1D,fcre,1.6,ensemble,132,Chla_ugL_mean,16.2120874092228
vera4cast,chlorocast_timesfm,2026-10-17 00:00:00,2026-09-29 00:00:00,P1D,fcre,1.6,ensemble,132,Chla_ugL_mean,16.4855397686976
vera4cast,chlorocast_timesfm,2026-10-18 00:00:00,2026-09-29 00:00:00,P1D,fcre,1.6,ensemble,132,Chla_ugL_mean,16.5091995818352
vera4cast,chlorocast_timesfm,2026-10-19 00:00:00,2026-09-29 00:00:00,P1D,fcre,1.6,ensemble,132,Chla_ugL_mean,16.6404182637987
vera4cast,chlorocast_timesfm,2026-10-20 00:00:00,2026-09-29 00:00:00,P1D,fcre,1.6,ensemble,132,Chla_ugL_mean,16.983725338399
vera4cast,chlorocast_timesfm,2026-10-21 00:00:00,2026-09-29 00:00:00,P1D,fcre,1.6,ensemble,132,Chla_ugL_mean,16.7295828926684
vera4cast,chlorocast_timesfm,2026-10-22 00:00:00,2026-09-29 00:00:00,P1D,fcre,1.6,ensemble,132,Chla_ugL_mean,16.67668548963
vera4cast,chlorocast_timesfm,2026-10-23 00:00:00,2026-09-29 00:00:00,P1D,fcre,1.6,ensemble,132,Chla_ugL_mean,16.7100219483963
vera4cast,chlorocast_timesfm,2026-10-24 00:00:00,2026-09-29 00:00:00,P1D,fcre,1.6,ensemble,132,Chla_ugL_mean,16.9628535669866
vera4cast,chlorocast_timesfm,2026-10-25 00:00:00,2026-09-29 00:00:00,P1D,fcre,1.6,ensemble,132,Chla_ugL_mean,16.7821252523968
vera4cast,chlorocast_timesfm,2026-10-26 00:00:00,2026-09-29 00:00:00,P1D,fcre,1.6,ensemble,132,Chla_ugL_mean,17.0816878898076
vera4cast,chlorocast_timesfm,2026-10-27 00:00:00,2026-09-29 00:00:00,P1D,fcre,1.6,ensemble,132,Chla_ugL_mean,16.9904028217274
vera4cast,chlorocast_timesfm,2026-10-28 00:00:00,2026-09-29 00:00:00,P1D,fcre,1.6,ensemble,132,Chla_ugL_mean,17.0832490845268
vera4cast,chlorocast_timesfm,2026-10-29 00:00:00,2026-09-29 00:00:00,P1D,fcre,1.6,ensemble,132,Chla_ugL_mean,17.0005527473259
vera4cast,chlorocast_timesfm,2026-10-30 00:00:00,2026-09-29 00:00:00,P1D,fcre,1.6,ensemble,132,Chla_ugL_mean,17.0967967077004
vera4cast,chlorocast_timesfm,2026-10-31 00:00:00,2026-09-29 00:00:00,P1D,fcre,1.6,ensemble,132,Chla_ugL_mean,17.2553808529493
vera4cast,chlorocast_timesfm,2026-11-01 00:00:00,2026-09-29 00:00:00,P1D,fcre,1.6,ensemble,132,Chla_ugL_mean,17.4460105282871
vera4cast,chlorocast_timesfm,2026-11-02 00:00:00,2026-09-29 00:00:00,P1D,fcre,1.6,ensemble,132,Chla_ugL_mean,17.279296134447
vera4cast,chlorocast_timesfm,2026-11-03 00:00:00,2026-09-29 00:00:00,P1D,fcre,1.6,ensemble,132,Chla_ugL_mean,17.3334588502605
vera4cast,chlorocast_timesfm,2026-09-30 00:00:00,2026-09-29 00:00:00,P1D,fcre,1.6,ensemble,133,Chla_ugL_mean,13.6311301838861
vera4cast,chlorocast_timesfm,2026-10-01 00:00:00,2026-09-29 00:00:00,P1D,fcre,1.6,ensemble,133,Chla_ugL_mean,13.9060661180834
vera4cast,chlorocast_timesfm,2026-10-02 00:00:00,2026-09-29 00:00:00,P1D,fcre,1.6,ensemble,133,Chla_ugL_mean,14.1473831815752
vera4cast,chlorocast_timesfm,2026-10-03 00:00:00,2026-09-29 00:00:00,P1D,fcre,1.6,ensemble,133,Chla_ugL_mean,14.3044656027808
vera4cast,chlorocast_timesfm,2026-10-04 00:00:00,2026-09-29 00:00:00,P1D,fcre,1.6,ensemble,133,Chla_ugL_mean,14.5308555372659
vera4cast,chlorocast_timesfm,2026-10-05 00:00:00,2026-09-29 00:00:00,P1D,fcre,1.6,ensemble,133,Chla_ugL_mean,14.5612006480723
vera4cast,chlorocast_timesfm,2026-10-06 00:00:00,2026-09-29 00:00:00,P1D,fcre,1.6,ensemble,133,Chla_ugL_mean,14.8332938485785
vera4cast,chlorocast_timesfm,2026-10-07 00:00:00,2026-09-29 00:00:00,P1D,fcre,1.6,ensemble,133,Chla_ugL_mean,14.7485762103646
vera4cast,chlorocast_timesfm,2026-10-08 00:00:00,2026-09-29 00:00:00,P1D,fcre,1.6,ensemble,133,Chla_ugL_mean,14.8936406792984
vera4cast,chlorocast_timesfm,2026-10-09 00:00:00,2026-09-29 00:00:00,P1D,fcre,1.6,ensemble,133,Chla_ugL_mean,15.2220968342313
vera4cast,chlorocast_timesfm,2026-10-10 00:00:00,2026-09-29 00:00:00,P1D,fcre,1.6,ensemble,133,Chla_ugL_mean,15.0532726230422
vera4cast,chlorocast_timesfm,2026-10-11 00:00:00,2026-09-29 00:00:00,P1D,fcre,1.6,ensemble,133,Chla_ugL_mean,15.2115582907882
vera4cast,chlorocast_timesfm,2026-10-12 00:00:00,2026-09-29 00:00:00,P1D,fcre,1.6,ensemble,133,Chla_ugL_mean,15.1676500074512
vera4cast,chlorocast_timesfm,2026-10-13 00:00:00,2026-09-29 00:00:00,P1D,fcre,1.6,ensemble,133,Chla_ugL_mean,15.5081512651319
vera4cast,chlorocast_timesfm,2026-10-14 00:00:00,2026-09-29 00:00:00,P1D,fcre,1.6,ensemble,133,Chla_ugL_mean,15.7022968222649
vera4cast,chlorocast_timesfm,2026-10-15 00:00:00,2026-09-29 00:00:00,P1D,fcre,1.6,ensemble,133,Chla_ugL_mean,16.134199324884
vera4cast,chlorocast_timesfm,2026-10-16 00:00:00,2026-09-29 00:00:00,P1D,fcre,1.6,ensemble,133,Chla_ugL_mean,16.3898406432202
vera4cast,chlorocast_timesfm,2026-10-17 00:00:00,2026-09-29 00:00:00,P1D,fcre,1.6,ensemble,133,Chla_ugL_mean,16.679702425122
vera4cast,chlorocast_timesfm,2026-10-18 00:00:00,2026-09-29 00:00:00,P1D,fcre,1.6,ensemble,133,Chla_ugL_mean,16.6968493175884
vera4cast,chlorocast_timesfm,2026-10-19 00:00:00,2026-09-29 00:00:00,P1D,fcre,1.6,ensemble,133,Chla_ugL_mean,16.8298263334536
vera4cast,chlorocast_timesfm,2026-10-20 00:00:00,2026-09-29 00:00:00,P1D,fcre,1.6,ensemble,133,Chla_ugL_mean,17.1701647435654
vera4cast,chlorocast_timesfm,2026-10-21 00:00:00,2026-09-29 00:00:00,P1D,fcre,1.6,ensemble,133,Chla_ugL_mean,16.9126220494989
vera4cast,chlorocast_timesfm,2026-10-22 00:00:00,2026-09-29 00:00:00,P1D,fcre,1.6,ensemble,133,Chla_ugL_mean,16.8708626475329
vera4cast,chlorocast_timesfm,2026-10-23 00:00:00,2026-09-29 00:00:00,P1D,fcre,1.6,ensemble,133,Chla_ugL_mean,16.909282607557
vera4cast,chlorocast_timesfm,2026-10-24 00:00:00,2026-09-29 00:00:00,P1D,fcre,1.6,ensemble,133,Chla_ugL_mean,17.1715506345835
vera4cast,chlorocast_timesfm,2026-10-25 00:00:00,2026-09-29 00:00:00,P1D,fcre,1.6,ensemble,133,Chla_ugL_mean,16.9707033644771
vera4cast,chlorocast_timesfm,2026-10-26 00:00:00,2026-09-29 00:00:00,P1D,fcre,1.6,ensemble,133,Chla_ugL_mean,17.2937632719439
vera4cast,chlorocast_timesfm,2026-10-27 00:00:00,2026-09-29 00:00:00,P1D,fcre,1.6,ensemble,133,Chla_ugL_mean,17.2004014071414
vera4cast,chlorocast_timesfm,2026-10-28 00:00:00,2026-09-29 00:00:00,P1D,fcre,1.6,ensemble,133,Chla_ugL_mean,17.289878224311
vera4cast,chlorocast_timesfm,2026-10-29 00:00:00,2026-09-29 00:00:00,P1D,fcre,1.6,ensemble,133,Chla_ugL_mean,17.2033906330196
vera4cast,chlorocast_timesfm,2026-10-30 00:00:00,2026-09-29 00:00:00,P1D,fcre,1.6,ensemble,133,Chla_ugL_mean,17.2944818497363
vera4cast,chlorocast_timesfm,2026-10-31 00:00:00,2026-09-29 00:00:00,P1D,fcre,1.6,ensemble,133,Chla_ugL_mean,17.4698308893234
vera4cast,chlorocast_timesfm,2026-11-01 00:00:00,2026-09-29 00:00:00,P1D,fcre,1.6,ensemble,133,Chla_ugL_mean,17.6581793969114
vera4cast,chlorocast_timesfm,2026-11-02 00:00:00,2026-09-29 00:00:00,P1D,fcre,1.6,ensemble,133,Chla_ugL_mean,17.4848059538222
vera4cast,chlorocast_timesfm,2026-11-03 00:00:00,2026-09-29 00:00:00,P1D,fcre,1.6,ensemble,133,Chla_ugL_mean,17.5374398305394
vera4cast,chlorocast_timesfm,2026-09-30 00:00:00,2026-09-29 00:00:00,P1D,fcre,1.6,ensemble,134,Chla_ugL_mean,13.7563447409688
vera4cast,chlorocast_timesfm,2026-10-01 00:00:00,2026-09-29 00:00:00,P1D,fcre,1.6,ensemble,134,Chla_ugL_mean,14.0419986891661
vera4cast,chlorocast_timesfm,2026-10-02 00:00:00,2026-09-29 00:00:00,P1D,fcre,1.6,ensemble,134,Chla_ugL_mean,14.291095096499
vera4cast,chlorocast_timesfm,2026-10-03 00:00:00,2026-09-29 00:00:00,P1D,fcre,1.6,ensemble,134,Chla_ugL_mean,14.4524144199684
vera4cast,chlorocast_timesfm,2026-10-04 00:00:00,2026-09-29 00:00:00,P1D,fcre,1.6,ensemble,134,Chla_ugL_mean,14.6718257415129
vera4cast,chlorocast_timesfm,2026-10-05 00:00:00,2026-09-29 00:00:00,P1D,fcre,1.6,ensemble,134,Chla_ugL_mean,14.7116492148002
vera4cast,chlorocast_timesfm,2026-10-06 00:00:00,2026-09-29 00:00:00,P1D,fcre,1.6,ensemble,134,Chla_ugL_mean,14.9770046256949
vera4cast,chlorocast_timesfm,2026-10-07 00:00:00,2026-09-29 00:00:00,P1D,fcre,1.6,ensemble,134,Chla_ugL_mean,14.8995971702215
vera4cast,chlorocast_timesfm,2026-10-08 00:00:00,2026-09-29 00:00:00,P1D,fcre,1.6,ensemble,134,Chla_ugL_mean,15.0471537601184
vera4cast,chlorocast_timesfm,2026-10-09 00:00:00,2026-09-29 00:00:00,P1D,fcre,1.6,ensemble,134,Chla_ugL_mean,15.3824963038937
vera4cast,chlorocast_timesfm,2026-10-10 00:00:00,2026-09-29 00:00:00,P1D,fcre,1.6,ensemble,134,Chla_ugL_mean,15.2190328570135
vera4cast,chlorocast_timesfm,2026-10-11 00:00:00,2026-09-29 00:00:00,P1D,fcre,1.6,ensemble,134,Chla_ugL_mean,15.3848727892254
vera4cast,chlorocast_timesfm,2026-10-12 00:00:00,2026-09-29 00:00:00,P1D,fcre,1.6,ensemble,134,Chla_ugL_mean,15.3325376927317
vera4cast,chlorocast_timesfm,2026-10-13 00:00:00,2026-09-29 00:00:00,P1D,fcre,1.6,ensemble,134,Chla_ugL_mean,15.672135980187
vera4cast,chlorocast_timesfm,2026-10-14 00:00:00,2026-09-29 00:00:00,P1D,fcre,1.6,ensemble,134,Chla_ugL_mean,15.8765047053544
vera4cast,chlorocast_timesfm,2026-10-15 00:00:00,2026-09-29 00:00:00,P1D,fcre,1.6,ensemble,134,Chla_ugL_mean,16.3104104773855
vera4cast,chlorocast_timesfm,2026-10-16 00:00:00,2026-09-29 00:00:00,P1D,fcre,1.6,ensemble,134,Chla_ugL_mean,16.5694295762498
vera4cast,chlorocast_timesfm,2026-10-17 00:00:00,2026-09-29 00:00:00,P1D,fcre,1.6,ensemble,134,Chla_ugL_mean,16.8760210994702
vera4cast,chlorocast_timesfm,2026-10-18 00:00:00,2026-09-29 00:00:00,P1D,fcre,1.6,ensemble,134,Chla_ugL_mean,16.8865101346114
vera4cast,chlorocast_timesfm,2026-10-19 00:00:00,2026-09-29 00:00:00,P1D,fcre,1.6,ensemble,134,Chla_ugL_mean,17.0212681086767
vera4cast,chlorocast_timesfm,2026-10-20 00:00:00,2026-09-29 00:00:00,P1D,fcre,1.6,ensemble,134,Chla_ugL_mean,17.358536988071
vera4cast,chlorocast_timesfm,2026-10-21 00:00:00,2026-09-29 00:00:00,P1D,fcre,1.6,ensemble,134,Chla_ugL_mean,17.0975508916725
vera4cast,chlorocast_timesfm,2026-10-22 00:00:00,2026-09-29 00:00:00,P1D,fcre,1.6,ensemble,134,Chla_ugL_mean,17.0671728279797
vera4cast,chlorocast_timesfm,2026-10-23 00:00:00,2026-09-29 00:00:00,P1D,fcre,1.6,ensemble,134,Chla_ugL_mean,17.1107852069255
vera4cast,chlorocast_timesfm,2026-10-24 00:00:00,2026-09-29 00:00:00,P1D,fcre,1.6,ensemble,134,Chla_ugL_mean,17.3826723985607
vera4cast,chlorocast_timesfm,2026-10-25 00:00:00,2026-09-29 00:00:00,P1D,fcre,1.6,ensemble,134,Chla_ugL_mean,17.1612813333715
vera4cast,chlorocast_timesfm,2026-10-26 00:00:00,2026-09-29 00:00:00,P1D,fcre,1.6,ensemble,134,Chla_ugL_mean,17.5083260307003
vera4cast,chlorocast_timesfm,2026-10-27 00:00:00,2026-09-29 00:00:00,P1D,fcre,1.6,ensemble,134,Chla_ugL_mean,17.4128512665104
vera4cast,chlorocast_timesfm,2026-10-28 00:00:00,2026-09-29 00:00:00,P1D,fcre,1.6,ensemble,134,Chla_ugL_mean,17.4988684221777
vera4cast,chlorocast_timesfm,2026-10-29 00:00:00,2026-09-29 00:00:00,P1D,fcre,1.6,ensemble,134,Chla_ugL_mean,17.4085141822954
vera4cast,chlorocast_timesfm,2026-10-30 00:00:00,2026-09-29 00:00:00,P1D,fcre,1.6,ensemble,134,Chla_ugL_mean,17.4943264576719
vera4cast,chlorocast_timesfm,2026-10-31 00:00:00,2026-09-29 00:00:00,P1D,fcre,1.6,ensemble,134,Chla_ugL_mean,17.686800118174
vera4cast,chlorocast_timesfm,2026-11-01 00:00:00,2026-09-29 00:00:00,P1D,fcre,1.6,ensemble,134,Chla_ugL_mean,17.8727886647073
vera4cast,chlorocast_timesfm,2026-11-02 00:00:00,2026-09-29 00:00:00,P1D,fcre,1.6,ensemble,134,Chla_ugL_mean,17.6926262716734
vera4cast,chlorocast_timesfm,2026-11-03 00:00:00,2026-09-29 00:00:00,P1D,fcre,1.6,ensemble,134,Chla_ugL_mean,17.7436903356611
vera4cast,chlorocast_timesfm,2026-09-30 00:00:00,2026-09-29 00:00:00,P1D,fcre,1.6,ensemble,135,Chla_ugL_mean,13.8826308957414
vera4cast,chlorocast_timesfm,2026-10-01 00:00:00,2026-09-29 00:00:00,P1D,fcre,1.6,ensemble,135,Chla_ugL_mean,14.1791708672474
vera4cast,chlorocast_timesfm,2026-10-02 00:00:00,2026-09-29 00:00:00,P1D,fcre,1.6,ensemble,135,Chla_ugL_mean,14.4361704888132
vera4cast,chlorocast_timesfm,2026-10-03 00:00:00,2026-09-29 00:00:00,P1D,fcre,1.6,ensemble,135,Chla_ugL_mean,14.6017934636712
vera4cast,chlorocast_timesfm,2026-10-04 00:00:00,2026-09-29 00:00:00,P1D,fcre,1.6,ensemble,135,Chla_ugL_mean,14.8140755017017
vera4cast,chlorocast_timesfm,2026-10-05 00:00:00,2026-09-29 00:00:00,P1D,fcre,1.6,ensemble,135,Chla_ugL_mean,14.8635523461047
vera4cast,chlorocast_timesfm,2026-10-06 00:00:00,2026-09-29 00:00:00,P1D,fcre,1.6,ensemble,135,Chla_ugL_mean,15.1220197926405
vera4cast,chlorocast_timesfm,2026-10-07 00:00:00,2026-09-29 00:00:00,P1D,fcre,1.6,ensemble,135,Chla_ugL_mean,15.0520663454606
vera4cast,chlorocast_timesfm,2026-10-08 00:00:00,2026-09-29 00:00:00,P1D,fcre,1.6,ensemble,135,Chla_ugL_mean,15.2021495890675
vera4cast,chlorocast_timesfm,2026-10-09 00:00:00,2026-09-29 00:00:00,P1D,fcre,1.6,ensemble,135,Chla_ugL_mean,15.5444817577929
vera4cast,chlorocast_timesfm,2026-10-10 00:00:00,2026-09-29 00:00:00,P1D,fcre,1.6,ensemble,135,Chla_ugL_mean,15.3865046706616
vera4cast,chlorocast_timesfm,2026-10-11 00:00:00,2026-09-29 00:00:00,P1D,fcre,1.6,ensemble,135,Chla_ugL_mean,15.560040157993
vera4cast,chlorocast_timesfm,2026-10-12 00:00:00,2026-09-29 00:00:00,P1D,fcre,1.6,ensemble,135,Chla_ugL_mean,15.4991070045159
vera4cast,chlorocast_timesfm,2026-10-13 00:00:00,2026-09-29 00:00:00,P1D,fcre,1.6,ensemble,135,Chla_ugL_mean,15.8377496472876
vera4cast,chlorocast_timesfm,2026-10-14 00:00:00,2026-09-29 00:00:00,P1D,fcre,1.6,ensemble,135,Chla_ugL_mean,16.0525296071961
vera4cast,chlorocast_timesfm,2026-10-15 00:00:00,2026-09-29 00:00:00,P1D,fcre,1.6,ensemble,135,Chla_ugL_mean,16.4884338167116
vera4cast,chlorocast_timesfm,2026-10-16 00:00:00,2026-09-29 00:00:00,P1D,fcre,1.6,ensemble,135,Chla_ugL_mean,16.7508731660026
vera4cast,chlorocast_timesfm,2026-10-17 00:00:00,2026-09-29 00:00:00,P1D,fcre,1.6,ensemble,135,Chla_ugL_mean,17.0745197325628
vera4cast,chlorocast_timesfm,2026-10-18 00:00:00,2026-09-29 00:00:00,P1D,fcre,1.6,ensemble,135,Chla_ugL_mean,17.0782035860807
vera4cast,chlorocast_timesfm,2026-10-19 00:00:00,2026-09-29 00:00:00,P1D,fcre,1.6,ensemble,135,Chla_ugL_mean,17.2147654256991
vera4cast,chlorocast_timesfm,2026-10-20 00:00:00,2026-09-29 00:00:00,P1D,fcre,1.6,ensemble,135,Chla_ugL_mean,17.5488621098896
vera4cast,chlorocast_timesfm,2026-10-21 00:00:00,2026-09-29 00:00:00,P1D,fcre,1.6,ensemble,135,Chla_ugL_mean,17.2843889281882
vera4cast,chlorocast_timesfm,2026-10-22 00:00:00,2026-09-29 00:00:00,P1D,fcre,1.6,ensemble,135,Chla_ugL_mean,17.2656394620744
vera4cast,chlorocast_timesfm,2026-10-23 00:00:00,2026-09-29 00:00:00,P1D,fcre,1.6,ensemble,135,Chla_ugL_mean,17.3145549712299
vera4cast,chlorocast_timesfm,2026-10-24 00:00:00,2026-09-29 00:00:00,P1D,fcre,1.6,ensemble,135,Chla_ugL_mean,17.5962470296664
vera4cast,chlorocast_timesfm,2026-10-25 00:00:00,2026-09-29 00:00:00,P1D,fcre,1.6,ensemble,135,Chla_ugL_mean,17.3538803674123
vera4cast,chlorocast_timesfm,2026-10-26 00:00:00,2026-09-29 00:00:00,P1D,fcre,1.6,ensemble,135,Chla_ugL_mean,17.7254053398657
vera4cast,chlorocast_timesfm,2026-10-27 00:00:00,2026-09-29 00:00:00,P1D,fcre,1.6,ensemble,135,Chla_ugL_mean,17.6277810130937
vera4cast,chlorocast_timesfm,2026-10-28 00:00:00,2026-09-29 00:00:00,P1D,fcre,1.6,ensemble,135,Chla_ugL_mean,17.7102466568737
vera4cast,chlorocast_timesfm,2026-10-29 00:00:00,2026-09-29 00:00:00,P1D,fcre,1.6,ensemble,135,Chla_ugL_mean,17.6159491509828
vera4cast,chlorocast_timesfm,2026-10-30 00:00:00,2026-09-29 00:00:00,P1D,fcre,1.6,ensemble,135,Chla_ugL_mean,17.6963541210035
vera4cast,chlorocast_timesfm,2026-10-31 00:00:00,2026-09-29 00:00:00,P1D,fcre,1.6,ensemble,135,Chla_ugL_mean,17.9063181330178
vera4cast,chlorocast_timesfm,2026-11-01 00:00:00,2026-09-29 00:00:00,P1D,fcre,1.6,ensemble,135,Chla_ugL_mean,18.089866401524
vera4cast,chlorocast_timesfm,2026-11-02 00:00:00,2026-09-29 00:00:00,P1D,fcre,1.6,ensemble,135,Chla_ugL_mean,17.9027830643904
vera4cast,chlorocast_timesfm,2026-11-03 00:00:00,2026-09-29 00:00:00,P1D,fcre,1.6,ensemble,135,Chla_ugL_mean,17.9522356167202
vera4cast,chlorocast_timesfm,2026-09-30 00:00:00,2026-09-29 00:00:00,P1D,fcre,1.6,ensemble,136,Chla_ugL_mean,14.0099978190354
vera4cast,chlorocast_timesfm,2026-10-01 00:00:00,2026-09-29 00:00:00,P1D,fcre,1.6,ensemble,136,Chla_ugL_mean,14.317593956649
vera4cast,chlorocast_timesfm,2026-10-02 00:00:00,2026-09-29 00:00:00,P1D,fcre,1.6,ensemble,136,Chla_ugL_mean,14.58262229461
vera4cast,chlorocast_timesfm,2026-10-03 00:00:00,2026-09-29 00:00:00,P1D,fcre,1.6,ensemble,136,Chla_ugL_mean,14.7526165599402
vera4cast,chlorocast_timesfm,2026-10-04 00:00:00,2026-09-29 00:00:00,P1D,fcre,1.6,ensemble,136,Chla_ugL_mean,14.9576164320839
vera4cast,chlorocast_timesfm,2026-10-05 00:00:00,2026-09-29 00:00:00,P1D,fcre,1.6,ensemble,136,Chla_ugL_mean,15.016924104985
vera4cast,chlorocast_timesfm,2026-10-06 00:00:00,2026-09-29 00:00:00,P1D,fcre,1.6,ensemble,136,Chla_ugL_mean,15.2683511887002
vera4cast,chlorocast_timesfm,2026-10-07 00:00:00,2026-09-29 00:00:00,P1D,fcre,1.6,ensemble,136,Chla_ugL_mean,15.2059976237423
vera4cast,chlorocast_timesfm,2026-10-08 00:00:00,2026-09-29 00:00:00,P1D,fcre,1.6,ensemble,136,Chla_ugL_mean,15.3586424876746
vera4cast,chlorocast_timesfm,2026-10-09 00:00:00,2026-09-29 00:00:00,P1D,fcre,1.6,ensemble,136,Chla_ugL_mean,15.7080688776891
vera4cast,chlorocast_timesfm,2026-10-10 00:00:00,2026-09-29 00:00:00,P1D,fcre,1.6,ensemble,136,Chla_ugL_mean,15.5557057371334
vera4cast,chlorocast_timesfm,2026-10-11 00:00:00,2026-09-29 00:00:00,P1D,fcre,1.6,ensemble,136,Chla_ugL_mean,15.7370802057541
vera4cast,chlorocast_timesfm,2026-10-12 00:00:00,2026-09-29 00:00:00,P1D,fcre,1.6,ensemble,136,Chla_ugL_mean,15.6673750930702
vera4cast,chlorocast_timesfm,2026-10-13 00:00:00,2026-09-29 00:00:00,P1D,fcre,1.6,ensemble,136,Chla_ugL_mean,16.005008447727
vera4cast,chlorocast_timesfm,2026-10-14 00:00:00,2026-09-29 00:00:00,P1D,fcre,1.6,ensemble,136,Chla_ugL_mean,16.2303904796141
vera4cast,chlorocast_timesfm,2026-10-15 00:00:00,2026-09-29 00:00:00,P1D,fcre,1.6,ensemble,136,Chla_ugL_mean,16.6682879797137
vera4cast,chlorocast_timesfm,2026-10-16 00:00:00,2026-09-29 00:00:00,P1D,fcre,1.6,ensemble,136,Chla_ugL_mean,16.9341905659506
vera4cast,chlorocast_timesfm,2026-10-17 00:00:00,2026-09-29 00:00:00,P1D,fcre,1.6,ensemble,136,Chla_ugL_mean,17.2752225310633
vera4cast,chlorocast_timesfm,2026-10-18 00:00:00,2026-09-29 00:00:00,P1D,fcre,1.6,ensemble,136,Chla_ugL_mean,17.2719514561627
vera4cast,chlorocast_timesfm,2026-10-19 00:00:00,2026-09-29 00:00:00,P1D,fcre,1.6,ensemble,136,Chla_ugL_mean,17.4103403552107
vera4cast,chlorocast_timesfm,2026-10-20 00:00:00,2026-09-29 00:00:00,P1D,fcre,1.6,ensemble,136,Chla_ugL_mean,17.7411603547308
vera4cast,chlorocast_timesfm,2026-10-21 00:00:00,2026-09-29 00:00:00,P1D,fcre,1.6,ensemble,136,Chla_ugL_mean,17.4731558694545
vera4cast,chlorocast_timesfm,2026-10-22 00:00:00,2026-09-29 00:00:00,P1D,fcre,1.6,ensemble,136,Chla_ugL_mean,17.46628623831
vera4cast,chlorocast_timesfm,2026-10-23 00:00:00,2026-09-29 00:00:00,P1D,fcre,1.6,ensemble,136,Chla_ugL_mean,17.5206174090087
vera4cast,chlorocast_timesfm,2026-10-24 00:00:00,2026-09-29 00:00:00,P1D,fcre,1.6,ensemble,136,Chla_ugL_mean,17.8123030259437
vera4cast,chlorocast_timesfm,2026-10-25 00:00:00,2026-09-29 00:00:00,P1D,fcre,1.6,ensemble,136,Chla_ugL_mean,17.5485218998449
vera4cast,chlorocast_timesfm,2026-10-26 00:00:00,2026-09-29 00:00:00,P1D,fcre,1.6,ensemble,136,Chla_ugL_mean,17.9450307154009
vera4cast,chlorocast_timesfm,2026-10-27 00:00:00,2026-09-29 00:00:00,P1D,fcre,1.6,ensemble,136,Chla_ugL_mean,17.8452195941481
vera4cast,chlorocast_timesfm,2026-10-28 00:00:00,2026-09-29 00:00:00,P1D,fcre,1.6,ensemble,136,Chla_ugL_mean,17.9240402154201
vera4cast,chlorocast_timesfm,2026-10-29 00:00:00,2026-09-29 00:00:00,P1D,fcre,1.6,ensemble,136,Chla_ugL_mean,17.8257215851392
vera4cast,chlorocast_timesfm,2026-10-30 00:00:00,2026-09-29 00:00:00,P1D,fcre,1.6,ensemble,136,Chla_ugL_mean,17.9005886869138
vera4cast,chlorocast_timesfm,2026-10-31 00:00:00,2026-09-29 00:00:00,P1D,fcre,1.6,ensemble,136,Chla_ugL_mean,18.1284148750131
vera4cast,chlorocast_timesfm,2026-11-01 00:00:00,2026-09-29 00:00:00,P1D,fcre,1.6,ensemble,136,Chla_ugL_mean,18.3094410000741
vera4cast,chlorocast_timesfm,2026-11-02 00:00:00,2026-09-29 00:00:00,P1D,fcre,1.6,ensemble,136,Chla_ugL_mean,18.1153026004097
vera4cast,chlorocast_timesfm,2026-11-03 00:00:00,2026-09-29 00:00:00,P1D,fcre,1.6,ensemble,136,Chla_ugL_mean,18.1631012057587
vera4cast,chlorocast_timesfm,2026-09-30 00:00:00,2026-09-29 00:00:00,P1D,fcre,1.6,ensemble,137,Chla_ugL_mean,14.1384547601672
vera4cast,chlorocast_timesfm,2026-10-01 00:00:00,2026-09-29 00:00:00,P1D,fcre,1.6,ensemble,137,Chla_ugL_mean,14.4572793647798
vera4cast,chlorocast_timesfm,2026-10-02 00:00:00,2026-09-29 00:00:00,P1D,fcre,1.6,ensemble,137,Chla_ugL_mean,14.7304635727139
vera4cast,chlorocast_timesfm,2026-10-03 00:00:00,2026-09-29 00:00:00,P1D,fcre,1.6,ensemble,137,Chla_ugL_mean,14.9048976684834
vera4cast,chlorocast_timesfm,2026-10-04 00:00:00,2026-09-29 00:00:00,P1D,fcre,1.6,ensemble,137,Chla_ugL_mean,15.1024602523311
vera4cast,chlorocast_timesfm,2026-10-05 00:00:00,2026-09-29 00:00:00,P1D,fcre,1.6,ensemble,137,Chla_ugL_mean,15.1717786904044
vera4cast,chlorocast_timesfm,2026-10-06 00:00:00,2026-09-29 00:00:00,P1D,fcre,1.6,ensemble,137,Chla_ugL_mean,15.4160107606181
vera4cast,chlorocast_timesfm,2026-10-07 00:00:00,2026-09-29 00:00:00,P1D,fcre,1.6,ensemble,137,Chla_ugL_mean,15.3614050259026
vera4cast,chlorocast_timesfm,2026-10-08 00:00:00,2026-09-29 00:00:00,P1D,fcre,1.6,ensemble,137,Chla_ugL_mean,15.5166469157969
vera4cast,chlorocast_timesfm,2026-10-09 00:00:00,2026-09-29 00:00:00,P1D,fcre,1.6,ensemble,137,Chla_ugL_mean,15.873273500399
vera4cast,chlorocast_timesfm,2026-10-10 00:00:00,2026-09-29 00:00:00,P1D,fcre,1.6,ensemble,137,Chla_ugL_mean,15.7266539120624
vera4cast,chlorocast_timesfm,2026-10-11 00:00:00,2026-09-29 00:00:00,P1D,fcre,1.6,ensemble,137,Chla_ugL_mean,15.9160129529417
vera4cast,chlorocast_timesfm,2026-10-12 00:00:00,2026-09-29 00:00:00,P1D,fcre,1.6,ensemble,137,Chla_ugL_mean,15.8373592835698
vera4cast,chlorocast_timesfm,2026-10-13 00:00:00,2026-09-29 00:00:00,P1D,fcre,1.6,ensemble,137,Chla_ugL_mean,16.1739287235363
vera4cast,chlorocast_timesfm,2026-10-14 00:00:00,2026-09-29 00:00:00,P1D,fcre,1.6,ensemble,137,Chla_ugL_mean,16.4101064721031
vera4cast,chlorocast_timesfm,2026-10-15 00:00:00,2026-09-29 00:00:00,P1D,fcre,1.6,ensemble,137,Chla_ugL_mean,16.8499917949082
vera4cast,chlorocast_timesfm,2026-10-16 00:00:00,2026-09-29 00:00:00,P1D,fcre,1.6,ensemble,137,Chla_ugL_mean,17.1194011273679
vera4cast,chlorocast_timesfm,2026-10-17 00:00:00,2026-09-29 00:00:00,P1D,fcre,1.6,ensemble,137,Chla_ugL_mean,17.4781539704308
vera4cast,chlorocast_timesfm,2026-10-18 00:00:00,2026-09-29 00:00:00,P1D,fcre,1.6,ensemble,137,Chla_ugL_mean,17.4677757624892
vera4cast,chlorocast_timesfm,2026-10-19 00:00:00,2026-09-29 00:00:00,P1D,fcre,1.6,ensemble,137,Chla_ugL_mean,17.6080152048783
vera4cast,chlorocast_timesfm,2026-10-20 00:00:00,2026-09-29 00:00:00,P1D,fcre,1.6,ensemble,137,Chla_ugL_mean,17.9354521781944
vera4cast,chlorocast_timesfm,2026-10-21 00:00:00,2026-09-29 00:00:00,P1D,fcre,1.6,ensemble,137,Chla_ugL_mean,17.663871629369
vera4cast,chlorocast_timesfm,2026-10-22 00:00:00,2026-09-29 00:00:00,P1D,fcre,1.6,ensemble,137,Chla_ugL_mean,17.6691371053959
vera4cast,chlorocast_timesfm,2026-10-23 00:00:00,2026-09-29 00:00:00,P1D,fcre,1.6,ensemble,137,Chla_ugL_mean,17.7289983158046
vera4cast,chlorocast_timesfm,2026-10-24 00:00:00,2026-09-29 00:00:00,P1D,fcre,1.6,ensemble,137,Chla_ugL_mean,18.0308692165336
vera4cast,chlorocast_timesfm,2026-10-25 00:00:00,2026-09-29 00:00:00,P1D,fcre,1.6,ensemble,137,Chla_ugL_mean,17.7452275912122
vera4cast,chlorocast_timesfm,2026-10-26 00:00:00,2026-09-29 00:00:00,P1D,fcre,1.6,ensemble,137,Chla_ugL_mean,18.1672320194515
vera4cast,chlorocast_timesfm,2026-10-27 00:00:00,2026-09-29 00:00:00,P1D,fcre,1.6,ensemble,137,Chla_ugL_mean,18.0651962948258
vera4cast,chlorocast_timesfm,2026-10-28 00:00:00,2026-09-29 00:00:00,P1D,fcre,1.6,ensemble,137,Chla_ugL_mean,18.1402766966341
vera4cast,chlorocast_timesfm,2026-10-29 00:00:00,2026-09-29 00:00:00,P1D,fcre,1.6,ensemble,137,Chla_ugL_mean,18.0378578243197
vera4cast,chlorocast_timesfm,2026-10-30 00:00:00,2026-09-29 00:00:00,P1D,fcre,1.6,ensemble,137,Chla_ugL_mean,18.1070542630865
vera4cast,chlorocast_timesfm,2026-10-31 00:00:00,2026-09-29 00:00:00,P1D,fcre,1.6,ensemble,137,Chla_ugL_mean,18.3531206370439
vera4cast,chlorocast_timesfm,2026-11-01 00:00:00,2026-09-29 00:00:00,P1D,fcre,1.6,ensemble,137,Chla_ugL_mean,18.5315411796479
vera4cast,chlorocast_timesfm,2026-11-02 00:00:00,2026-09-29 00:00:00,P1D,fcre,1.6,ensemble,137,Chla_ugL_mean,18.3302114434975
vera4cast,chlorocast_timesfm,2026-11-03 00:00:00,2026-09-29 00:00:00,P1D,fcre,1.6,ensemble,137,Chla_ugL_mean,18.3763129188927
vera4cast,chlorocast_timesfm,2026-09-30 00:00:00,2026-09-29 00:00:00,P1D,fcre,1.6,ensemble,138,Chla_ugL_mean,14.2680110476096
vera4cast,chlorocast_timesfm,2026-10-01 00:00:00,2026-09-29 00:00:00,P1D,fcre,1.6,ensemble,138,Chla_ugL_mean,14.5982386030761
vera4cast,chlorocast_timesfm,2026-10-02 00:00:00,2026-09-29 00:00:00,P1D,fcre,1.6,ensemble,138,Chla_ugL_mean,14.8797075058458
vera4cast,chlorocast_timesfm,2026-10-03 00:00:00,2026-09-29 00:00:00,P1D,fcre,1.6,ensemble,138,Chla_ugL_mean,15.0586508839575
vera4cast,chlorocast_timesfm,2026-10-04 00:00:00,2026-09-29 00:00:00,P1D,fcre,1.6,ensemble,138,Chla_ugL_mean,15.2486187884918
vera4cast,chlorocast_timesfm,2026-10-05 00:00:00,2026-09-29 00:00:00,P1D,fcre,1.6,ensemble,138,Chla_ugL_mean,15.3281304386041
vera4cast,chlorocast_timesfm,2026-10-06 00:00:00,2026-09-29 00:00:00,P1D,fcre,1.6,ensemble,138,Chla_ugL_mean,15.5650105635726
vera4cast,chlorocast_timesfm,2026-10-07 00:00:00,2026-09-29 00:00:00,P1D,fcre,1.6,ensemble,138,Chla_ugL_mean,15.5183027072303
vera4cast,chlorocast_timesfm,2026-10-08 00:00:00,2026-09-29 00:00:00,P1D,fcre,1.6,ensemble,138,Chla_ugL_mean,15.6761774729563
vera4cast,chlorocast_timesfm,2026-10-09 00:00:00,2026-09-29 00:00:00,P1D,fcre,1.6,ensemble,138,Chla_ugL_mean,16.0401116193296
vera4cast,chlorocast_timesfm,2026-10-10 00:00:00,2026-09-29 00:00:00,P1D,fcre,1.6,ensemble,138,Chla_ugL_mean,15.899367235453
vera4cast,chlorocast_timesfm,2026-10-11 00:00:00,2026-09-29 00:00:00,P1D,fcre,1.6,ensemble,138,Chla_ugL_mean,16.0968586340235
vera4cast,chlorocast_timesfm,2026-10-12 00:00:00,2026-09-29 00:00:00,P1D,fcre,1.6,ensemble,138,Chla_ugL_mean,16.0090770778827
vera4cast,chlorocast_timesfm,2026-10-13 00:00:00,2026-09-29 00:00:00,P1D,fcre,1.6,ensemble,138,Chla_ugL_mean,16.3445269790814
vera4cast,chlorocast_timesfm,2026-10-14 00:00:00,2026-09-29 00:00:00,P1D,fcre,1.6,ensemble,138,Chla_ugL_mean,16.5916969338907
vera4cast,chlorocast_timesfm,2026-10-15 00:00:00,2026-09-29 00:00:00,P1D,fcre,1.6,ensemble,138,Chla_ugL_mean,17.033564284447
vera4cast,chlorocast_timesfm,2026-10-16 00:00:00,2026-09-29 00:00:00,P1D,fcre,1.6,ensemble,138,Chla_ugL_mean,17.3065244013736
vera4cast,chlorocast_timesfm,2026-10-17 00:00:00,2026-09-29 00:00:00,P1D,fcre,1.6,ensemble,138,Chla_ugL_mean,17.6833387979041
vera4cast,chlorocast_timesfm,2026-10-18 00:00:00,2026-09-29 00:00:00,P1D,fcre,1.6,ensemble,138,Chla_ugL_mean,17.6656987586595
vera4cast,chlorocast_timesfm,2026-10-19 00:00:00,2026-09-29 00:00:00,P1D,fcre,1.6,ensemble,138,Chla_ugL_mean,17.8078125218896
vera4cast,chlorocast_timesfm,2026-10-20 00:00:00,2026-09-29 00:00:00,P1D,fcre,1.6,ensemble,138,Chla_ugL_mean,18.1317582479452
vera4cast,chlorocast_timesfm,2026-10-21 00:00:00,2026-09-29 00:00:00,P1D,fcre,1.6,ensemble,138,Chla_ugL_mean,17.8565563274193
vera4cast,chlorocast_timesfm,2026-10-22 00:00:00,2026-09-29 00:00:00,P1D,fcre,1.6,ensemble,138,Chla_ugL_mean,17.8742162751165
vera4cast,chlorocast_timesfm,2026-10-23 00:00:00,2026-09-29 00:00:00,P1D,fcre,1.6,ensemble,138,Chla_ugL_mean,17.9397237773935
vera4cast,chlorocast_timesfm,2026-10-24 00:00:00,2026-09-29 00:00:00,P1D,fcre,1.6,ensemble,138,Chla_ugL_mean,18.2519747655211
vera4cast,chlorocast_timesfm,2026-10-25 00:00:00,2026-09-29 00:00:00,P1D,fcre,1.6,ensemble,138,Chla_ugL_mean,17.9440193317657
vera4cast,chlorocast_timesfm,2026-10-26 00:00:00,2026-09-29 00:00:00,P1D,fcre,1.6,ensemble,138,Chla_ugL_mean,18.3920394644087
vera4cast,chlorocast_timesfm,2026-10-27 00:00:00,2026-09-29 00:00:00,P1D,fcre,1.6,ensemble,138,Chla_ugL_mean,18.2877407421197
vera4cast,chlorocast_timesfm,2026-10-28 00:00:00,2026-09-29 00:00:00,P1D,fcre,1.6,ensemble,138,Chla_ugL_mean,18.3589840146924
vera4cast,chlorocast_timesfm,2026-10-29 00:00:00,2026-09-29 00:00:00,P1D,fcre,1.6,ensemble,138,Chla_ugL_mean,18.2523845048848
vera4cast,chlorocast_timesfm,2026-10-30 00:00:00,2026-09-29 00:00:00,P1D,fcre,1.6,ensemble,138,Chla_ugL_mean,18.3157752205519
vera4cast,chlorocast_timesfm,2026-10-31 00:00:00,2026-09-29 00:00:00,P1D,fcre,1.6,ensemble,138,Chla_ugL_mean,18.5804660678512
vera4cast,chlorocast_timesfm,2026-11-01 00:00:00,2026-09-29 00:00:00,P1D,fcre,1.6,ensemble,138,Chla_ugL_mean,18.7561959898694
vera4cast,chlorocast_timesfm,2026-11-02 00:00:00,2026-09-29 00:00:00,P1D,fcre,1.6,ensemble,138,Chla_ugL_mean,18.5475364560702
vera4cast,chlorocast_timesfm,2026-11-03 00:00:00,2026-09-29 00:00:00,P1D,fcre,1.6,ensemble,138,Chla_ugL_mean,18.5918968594719
vera4cast,chlorocast_timesfm,2026-09-30 00:00:00,2026-09-29 00:00:00,P1D,fcre,1.6,ensemble,139,Chla_ugL_mean,14.3986760896695
vera4cast,chlorocast_timesfm,2026-10-01 00:00:00,2026-09-29 00:00:00,P1D,fcre,1.6,ensemble,139,Chla_ugL_mean,14.7404832879501
vera4cast,chlorocast_timesfm,2026-10-02 00:00:00,2026-09-29 00:00:00,P1D,fcre,1.6,ensemble,139,Chla_ugL_mean,15.0303674017987
vera4cast,chlorocast_timesfm,2026-10-03 00:00:00,2026-09-29 00:00:00,P1D,fcre,1.6,ensemble,139,Chla_ugL_mean,15.2138904372731
vera4cast,chlorocast_timesfm,2026-10-04 00:00:00,2026-09-29 00:00:00,P1D,fcre,1.6,ensemble,139,Chla_ugL_mean,15.3961039739568
vera4cast,chlorocast_timesfm,2026-10-05 00:00:00,2026-09-29 00:00:00,P1D,fcre,1.6,ensemble,139,Chla_ugL_mean,15.4859938244309
vera4cast,chlorocast_timesfm,2026-10-06 00:00:00,2026-09-29 00:00:00,P1D,fcre,1.6,ensemble,139,Chla_ugL_mean,15.7153627621612
vera4cast,chlorocast_timesfm,2026-10-07 00:00:00,2026-09-29 00:00:00,P1D,fcre,1.6,ensemble,139,Chla_ugL_mean,15.6767049587564
vera4cast,chlorocast_timesfm,2026-10-08 00:00:00,2026-09-29 00:00:00,P1D,fcre,1.6,ensemble,139,Chla_ugL_mean,15.8372488996878
vera4cast,chlorocast_timesfm,2026-10-09 00:00:00,2026-09-29 00:00:00,P1D,fcre,1.6,ensemble,139,Chla_ugL_mean,16.2085993860257
vera4cast,chlorocast_timesfm,2026-10-10 00:00:00,2026-09-29 00:00:00,P1D,fcre,1.6,ensemble,139,Chla_ugL_mean,16.0738639335839
vera4cast,chlorocast_timesfm,2026-10-11 00:00:00,2026-09-29 00:00:00,P1D,fcre,1.6,ensemble,139,Chla_ugL_mean,16.2796376997898
vera4cast,chlorocast_timesfm,2026-10-12 00:00:00,2026-09-29 00:00:00,P1D,fcre,1.6,ensemble,139,Chla_ugL_mean,16.182546156372
vera4cast,chlorocast_timesfm,2026-10-13 00:00:00,2026-09-29 00:00:00,P1D,fcre,1.6,ensemble,139,Chla_ugL_mean,16.5168198826748
vera4cast,chlorocast_timesfm,2026-10-14 00:00:00,2026-09-29 00:00:00,P1D,fcre,1.6,ensemble,139,Chla_ugL_mean,16.7751814160201
vera4cast,chlorocast_timesfm,2026-10-15 00:00:00,2026-09-29 00:00:00,P1D,fcre,1.6,ensemble,139,Chla_ugL_mean,17.2190246661094
vera4cast,chlorocast_timesfm,2026-10-16 00:00:00,2026-09-29 00:00:00,P1D,fcre,1.6,ensemble,139,Chla_ugL_mean,17.4955801409961
vera4cast,chlorocast_timesfm,2026-10-17 00:00:00,2026-09-29 00:00:00,P1D,fcre,1.6,ensemble,139,Chla_ugL_mean,17.8908020355201
vera4cast,chlorocast_timesfm,2026-10-18 00:00:00,2026-09-29 00:00:00,P1D,fcre,1.6,ensemble,139,Chla_ugL_mean,17.8657429367695
vera4cast,chlorocast_timesfm,2026-10-19 00:00:00,2026-09-29 00:00:00,P1D,fcre,1.6,ensemble,139,Chla_ugL_mean,18.0097550955253
vera4cast,chlorocast_timesfm,2026-10-20 00:00:00,2026-09-29 00:00:00,P1D,fcre,1.6,ensemble,139,Chla_ugL_mean,18.3300994459126
vera4cast,chlorocast_timesfm,2026-10-21 00:00:00,2026-09-29 00:00:00,P1D,fcre,1.6,ensemble,139,Chla_ugL_mean,18.0512302908054
vera4cast,chlorocast_timesfm,2026-10-22 00:00:00,2026-09-29 00:00:00,P1D,fcre,1.6,ensemble,139,Chla_ugL_mean,18.0815482252208
vera4cast,chlorocast_timesfm,2026-10-23 00:00:00,2026-09-29 00:00:00,P1D,fcre,1.6,ensemble,139,Chla_ugL_mean,18.1528201730502
vera4cast,chlorocast_timesfm,2026-10-24 00:00:00,2026-09-29 00:00:00,P1D,fcre,1.6,ensemble,139,Chla_ugL_mean,18.4756491758274
vera4cast,chlorocast_timesfm,2026-10-25 00:00:00,2026-09-29 00:00:00,P1D,fcre,1.6,ensemble,139,Chla_ugL_mean,18.1449192439017
vera4cast,chlorocast_timesfm,2026-10-26 00:00:00,2026-09-29 00:00:00,P1D,fcre,1.6,ensemble,139,Chla_ugL_mean,18.6194836170165
vera4cast,chlorocast_timesfm,2026-10-27 00:00:00,2026-09-29 00:00:00,P1D,fcre,1.6,ensemble,139,Chla_ugL_mean,18.5128829088523
vera4cast,chlorocast_timesfm,2026-10-28 00:00:00,2026-09-29 00:00:00,P1D,fcre,1.6,ensemble,139,Chla_ugL_mean,18.5801904027345
vera4cast,chlorocast_timesfm,2026-10-29 00:00:00,2026-09-29 00:00:00,P1D,fcre,1.6,ensemble,139,Chla_ugL_mean,18.4693285633451
vera4cast,chlorocast_timesfm,2026-10-30 00:00:00,2026-09-29 00:00:00,P1D,fcre,1.6,ensemble,139,Chla_ugL_mean,18.5267761965635
vera4cast,chlorocast_timesfm,2026-10-31 00:00:00,2026-09-29 00:00:00,P1D,fcre,1.6,ensemble,139,Chla_ugL_mean,18.8104821762138
vera4cast,chlorocast_timesfm,2026-11-01 00:00:00,2026-09-29 00:00:00,P1D,fcre,1.6,ensemble,139,Chla_ugL_mean,18.9834348144956
vera4cast,chlorocast_timesfm,2026-11-02 00:00:00,2026-09-29 00:00:00,P1D,fcre,1.6,ensemble,139,Chla_ugL_mean,18.7673048025519
vera4cast,chlorocast_timesfm,2026-11-03 00:00:00,2026-09-29 00:00:00,P1D,fcre,1.6,ensemble,139,Chla_ugL_mean,18.8098794212764
vera4cast,chlorocast_timesfm,2026-09-30 00:00:00,2026-09-29 00:00:00,P1D,fcre,1.6,ensemble,140,Chla_ugL_mean,14.5354628009725
vera4cast,chlorocast_timesfm,2026-10-01 00:00:00,2026-09-29 00:00:00,P1D,fcre,1.6,ensemble,140,Chla_ugL_mean,14.8877381374245
vera4cast,chlorocast_timesfm,2026-10-02 00:00:00,2026-09-29 00:00:00,P1D,fcre,1.6,ensemble,140,Chla_ugL_mean,15.1839887627004
vera4cast,chlorocast_timesfm,2026-10-03 00:00:00,2026-09-29 00:00:00,P1D,fcre,1.6,ensemble,140,Chla_ugL_mean,15.3749498973899
vera4cast,chlorocast_timesfm,2026-10-04 00:00:00,2026-09-29 00:00:00,P1D,fcre,1.6,ensemble,140,Chla_ugL_mean,15.5505627949767
vera4cast,chlorocast_timesfm,2026-10-05 00:00:00,2026-09-29 00:00:00,P1D,fcre,1.6,ensemble,140,Chla_ugL_mean,15.6486018242854
vera4cast,chlorocast_timesfm,2026-10-06 00:00:00,2026-09-29 00:00:00,P1D,fcre,1.6,ensemble,140,Chla_ugL_mean,15.8749732115133
vera4cast,chlorocast_timesfm,2026-10-07 00:00:00,2026-09-29 00:00:00,P1D,fcre,1.6,ensemble,140,Chla_ugL_mean,15.8435646385536
vera4cast,chlorocast_timesfm,2026-10-08 00:00:00,2026-09-29 00:00:00,P1D,fcre,1.6,ensemble,140,Chla_ugL_mean,16.0082427703386
vera4cast,chlorocast_timesfm,2026-10-09 00:00:00,2026-09-29 00:00:00,P1D,fcre,1.6,ensemble,140,Chla_ugL_mean,16.3850670779146
vera4cast,chlorocast_timesfm,2026-10-10 00:00:00,2026-09-29 00:00:00,P1D,fcre,1.6,ensemble,140,Chla_ugL_mean,16.2548872848628
vera4cast,chlorocast_timesfm,2026-10-11 00:00:00,2026-09-29 00:00:00,P1D,fcre,1.6,ensemble,140,Chla_ugL_mean,16.4670791096546
vera4cast,chlorocast_timesfm,2026-10-12 00:00:00,2026-09-29 00:00:00,P1D,fcre,1.6,ensemble,140,Chla_ugL_mean,16.3651796652406
vera4cast,chlorocast_timesfm,2026-10-13 00:00:00,2026-09-29 00:00:00,P1D,fcre,1.6,ensemble,140,Chla_ugL_mean,16.6986088991142
vera4cast,chlorocast_timesfm,2026-10-14 00:00:00,2026-09-29 00:00:00,P1D,fcre,1.6,ensemble,140,Chla_ugL_mean,16.9667077019516
vera4cast,chlorocast_timesfm,2026-10-15 00:00:00,2026-09-29 00:00:00,P1D,fcre,1.6,ensemble,140,Chla_ugL_mean,17.4132243070846
vera4cast,chlorocast_timesfm,2026-10-16 00:00:00,2026-09-29 00:00:00,P1D,fcre,1.6,ensemble,140,Chla_ugL_mean,17.6929622941288
vera4cast,chlorocast_timesfm,2026-10-17 00:00:00,2026-09-29 00:00:00,P1D,fcre,1.6,ensemble,140,Chla_ugL_mean,18.1031139531449
vera4cast,chlorocast_timesfm,2026-10-18 00:00:00,2026-09-29 00:00:00,P1D,fcre,1.6,ensemble,140,Chla_ugL_mean,18.0764173569436
vera4cast,chlorocast_timesfm,2026-10-19 00:00:00,2026-09-29 00:00:00,P1D,fcre,1.6,ensemble,140,Chla_ugL_mean,18.2232819882215
vera4cast,chlorocast_timesfm,2026-10-20 00:00:00,2026-09-29 00:00:00,P1D,fcre,1.6,ensemble,140,Chla_ugL_mean,18.5378583236363
vera4cast,chlorocast_timesfm,2026-10-21 00:00:00,2026-09-29 00:00:00,P1D,fcre,1.6,ensemble,140,Chla_ugL_mean,18.2603847498128
vera4cast,chlorocast_timesfm,2026-10-22 00:00:00,2026-09-29 00:00:00,P1D,fcre,1.6,ensemble,140,Chla_ugL_mean,18.3000273731369
vera4cast,chlorocast_timesfm,2026-10-23 00:00:00,2026-09-29 00:00:00,P1D,fcre,1.6,ensemble,140,Chla_ugL_mean,18.3758801137601
vera4cast,chlorocast_timesfm,2026-10-24 00:00:00,2026-09-29 00:00:00,P1D,fcre,1.6,ensemble,140,Chla_ugL_mean,18.7058424065089
vera4cast,chlorocast_timesfm,2026-10-25 00:00:00,2026-09-29 00:00:00,P1D,fcre,1.6,ensemble,140,Chla_ugL_mean,18.3585364051201
vera4cast,chlorocast_timesfm,2026-10-26 00:00:00,2026-09-29 00:00:00,P1D,fcre,1.6,ensemble,140,Chla_ugL_mean,18.8532692659921
vera4cast,chlorocast_timesfm,2026-10-27 00:00:00,2026-09-29 00:00:00,P1D,fcre,1.6,ensemble,140,Chla_ugL_mean,18.7461297810457
vera4cast,chlorocast_timesfm,2026-10-28 00:00:00,2026-09-29 00:00:00,P1D,fcre,1.6,ensemble,140,Chla_ugL_mean,18.8116233453035
vera4cast,chlorocast_timesfm,2026-10-29 00:00:00,2026-09-29 00:00:00,P1D,fcre,1.6,ensemble,140,Chla_ugL_mean,18.6976355134015
vera4cast,chlorocast_timesfm,2026-10-30 00:00:00,2026-09-29 00:00:00,P1D,fcre,1.6,ensemble,140,Chla_ugL_mean,18.748011068425
vera4cast,chlorocast_timesfm,2026-10-31 00:00:00,2026-09-29 00:00:00,P1D,fcre,1.6,ensemble,140,Chla_ugL_mean,19.0473369301583
vera4cast,chlorocast_timesfm,2026-11-01 00:00:00,2026-09-29 00:00:00,P1D,fcre,1.6,ensemble,140,Chla_ugL_mean,19.2203363911607
vera4cast,chlorocast_timesfm,2026-11-02 00:00:00,2026-09-29 00:00:00,P1D,fcre,1.6,ensemble,140,Chla_ugL_mean,18.9984089674014
vera4cast,chlorocast_timesfm,2026-11-03 00:00:00,2026-09-29 00:00:00,P1D,fcre,1.6,ensemble,140,Chla_ugL_mean,19.0391322017095
vera4cast,chlorocast_timesfm,2026-09-30 00:00:00,2026-09-29 00:00:00,P1D,fcre,1.6,ensemble,141,Chla_ugL_mean,14.6936723442254
vera4cast,chlorocast_timesfm,2026-10-01 00:00:00,2026-09-29 00:00:00,P1D,fcre,1.6,ensemble,141,Chla_ugL_mean,15.051370268708
vera4cast,chlorocast_timesfm,2026-10-02 00:00:00,2026-09-29 00:00:00,P1D,fcre,1.6,ensemble,141,Chla_ugL_mean,15.3452707645792
vera4cast,chlorocast_timesfm,2026-10-03 00:00:00,2026-09-29 00:00:00,P1D,fcre,1.6,ensemble,141,Chla_ugL_mean,15.5550691611988
vera4cast,chlorocast_timesfm,2026-10-04 00:00:00,2026-09-29 00:00:00,P1D,fcre,1.6,ensemble,141,Chla_ugL_mean,15.7292481813056
vera4cast,chlorocast_timesfm,2026-10-05 00:00:00,2026-09-29 00:00:00,P1D,fcre,1.6,ensemble,141,Chla_ugL_mean,15.8258204000344
vera4cast,chlorocast_timesfm,2026-10-06 00:00:00,2026-09-29 00:00:00,P1D,fcre,1.6,ensemble,141,Chla_ugL_mean,16.0680208638302
vera4cast,chlorocast_timesfm,2026-10-07 00:00:00,2026-09-29 00:00:00,P1D,fcre,1.6,ensemble,141,Chla_ugL_mean,16.0401541448137
vera4cast,chlorocast_timesfm,2026-10-08 00:00:00,2026-09-29 00:00:00,P1D,fcre,1.6,ensemble,141,Chla_ugL_mean,16.2148214617905
vera4cast,chlorocast_timesfm,2026-10-09 00:00:00,2026-09-29 00:00:00,P1D,fcre,1.6,ensemble,141,Chla_ugL_mean,16.5888824167244
vera4cast,chlorocast_timesfm,2026-10-10 00:00:00,2026-09-29 00:00:00,P1D,fcre,1.6,ensemble,141,Chla_ugL_mean,16.4569428289177
vera4cast,chlorocast_timesfm,2026-10-11 00:00:00,2026-09-29 00:00:00,P1D,fcre,1.6,ensemble,141,Chla_ugL_mean,16.6675087151658
vera4cast,chlorocast_timesfm,2026-10-12 00:00:00,2026-09-29 00:00:00,P1D,fcre,1.6,ensemble,141,Chla_ugL_mean,16.5796818046074
vera4cast,chlorocast_timesfm,2026-10-13 00:00:00,2026-09-29 00:00:00,P1D,fcre,1.6,ensemble,141,Chla_ugL_mean,16.913780820684
vera4cast,chlorocast_timesfm,2026-10-14 00:00:00,2026-09-29 00:00:00,P1D,fcre,1.6,ensemble,141,Chla_ugL_mean,17.1850950408192
vera4cast,chlorocast_timesfm,2026-10-15 00:00:00,2026-09-29 00:00:00,P1D,fcre,1.6,ensemble,141,Chla_ugL_mean,17.6371386915423
vera4cast,chlorocast_timesfm,2026-10-16 00:00:00,2026-09-29 00:00:00,P1D,fcre,1.6,ensemble,141,Chla_ugL_mean,17.9182409149219
vera4cast,chlorocast_timesfm,2026-10-17 00:00:00,2026-09-29 00:00:00,P1D,fcre,1.6,ensemble,141,Chla_ugL_mean,18.3281097442244
vera4cast,chlorocast_timesfm,2026-10-18 00:00:00,2026-09-29 00:00:00,P1D,fcre,1.6,ensemble,141,Chla_ugL_mean,18.3238069700076
vera4cast,chlorocast_timesfm,2026-10-19 00:00:00,2026-09-29 00:00:00,P1D,fcre,1.6,ensemble,141,Chla_ugL_mean,18.4773411811346
vera4cast,chlorocast_timesfm,2026-10-20 00:00:00,2026-09-29 00:00:00,P1D,fcre,1.6,ensemble,141,Chla_ugL_mean,18.7776405328701
vera4cast,chlorocast_timesfm,2026-10-21 00:00:00,2026-09-29 00:00:00,P1D,fcre,1.6,ensemble,141,Chla_ugL_mean,18.5223475665581
vera4cast,chlorocast_timesfm,2026-10-22 00:00:00,2026-09-29 00:00:00,P1D,fcre,1.6,ensemble,141,Chla_ugL_mean,18.5569342272344
vera4cast,chlorocast_timesfm,2026-10-23 00:00:00,2026-09-29 00:00:00,P1D,fcre,1.6,ensemble,141,Chla_ugL_mean,18.6321839947096
vera4cast,chlorocast_timesfm,2026-10-24 00:00:00,2026-09-29 00:00:00,P1D,fcre,1.6,ensemble,141,Chla_ugL_mean,18.9546300983456
vera4cast,chlorocast_timesfm,2026-10-25 00:00:00,2026-09-29 00:00:00,P1D,fcre,1.6,ensemble,141,Chla_ugL_mean,18.6174150767553
vera4cast,chlorocast_timesfm,2026-10-26 00:00:00,2026-09-29 00:00:00,P1D,fcre,1.6,ensemble,141,Chla_ugL_mean,19.1047181502233
vera4cast,chlorocast_timesfm,2026-10-27 00:00:00,2026-09-29 00:00:00,P1D,fcre,1.6,ensemble,141,Chla_ugL_mean,19.0043486591804
vera4cast,chlorocast_timesfm,2026-10-28 00:00:00,2026-09-29 00:00:00,P1D,fcre,1.6,ensemble,141,Chla_ugL_mean,19.0769817757865
vera4cast,chlorocast_timesfm,2026-10-29 00:00:00,2026-09-29 00:00:00,P1D,fcre,1.6,ensemble,141,Chla_ugL_mean,18.9647520070722
vera4cast,chlorocast_timesfm,2026-10-30 00:00:00,2026-09-29 00:00:00,P1D,fcre,1.6,ensemble,141,Chla_ugL_mean,19.0038599326091
vera4cast,chlorocast_timesfm,2026-10-31 00:00:00,2026-09-29 00:00:00,P1D,fcre,1.6,ensemble,141,Chla_ugL_mean,19.3037763771527
vera4cast,chlorocast_timesfm,2026-11-01 00:00:00,2026-09-29 00:00:00,P1D,fcre,1.6,ensemble,141,Chla_ugL_mean,19.4886016191042
vera4cast,chlorocast_timesfm,2026-11-02 00:00:00,2026-09-29 00:00:00,P1D,fcre,1.6,ensemble,141,Chla_ugL_mean,19.2681294472795
vera4cast,chlorocast_timesfm,2026-11-03 00:00:00,2026-09-29 00:00:00,P1D,fcre,1.6,ensemble,141,Chla_ugL_mean,19.3068666466057
vera4cast,chlorocast_timesfm,2026-09-30 00:00:00,2026-09-29 00:00:00,P1D,fcre,1.6,ensemble,142,Chla_ugL_mean,14.8534930567043
vera4cast,chlorocast_timesfm,2026-10-01 00:00:00,2026-09-29 00:00:00,P1D,fcre,1.6,ensemble,142,Chla_ugL_mean,15.2166876917653
vera4cast,chlorocast_timesfm,2026-10-02 00:00:00,2026-09-29 00:00:00,P1D,fcre,1.6,ensemble,142,Chla_ugL_mean,15.5081600268505
vera4cast,chlorocast_timesfm,2026-10-03 00:00:00,2026-09-29 00:00:00,P1D,fcre,1.6,ensemble,142,Chla_ugL_mean,15.7371696798756
vera4cast,chlorocast_timesfm,2026-10-04 00:00:00,2026-09-29 00:00:00,P1D,fcre,1.6,ensemble,142,Chla_ugL_mean,15.9098627145574
vera4cast,chlorocast_timesfm,2026-10-05 00:00:00,2026-09-29 00:00:00,P1D,fcre,1.6,ensemble,142,Chla_ugL_mean,16.0049254058827
vera4cast,chlorocast_timesfm,2026-10-06 00:00:00,2026-09-29 00:00:00,P1D,fcre,1.6,ensemble,142,Chla_ugL_mean,16.2632769579383
vera4cast,chlorocast_timesfm,2026-10-07 00:00:00,2026-09-29 00:00:00,P1D,fcre,1.6,ensemble,142,Chla_ugL_mean,16.239038143647
vera4cast,chlorocast_timesfm,2026-10-08 00:00:00,2026-09-29 00:00:00,P1D,fcre,1.6,ensemble,142,Chla_ugL_mean,16.4239092164266
vera4cast,chlorocast_timesfm,2026-10-09 00:00:00,2026-09-29 00:00:00,P1D,fcre,1.6,ensemble,142,Chla_ugL_mean,16.7950872023018
vera4cast,chlorocast_timesfm,2026-10-10 00:00:00,2026-09-29 00:00:00,P1D,fcre,1.6,ensemble,142,Chla_ugL_mean,16.6613644529249
vera4cast,chlorocast_timesfm,2026-10-11 00:00:00,2026-09-29 00:00:00,P1D,fcre,1.6,ensemble,142,Chla_ugL_mean,16.8702381915664
vera4cast,chlorocast_timesfm,2026-10-12 00:00:00,2026-09-29 00:00:00,P1D,fcre,1.6,ensemble,142,Chla_ugL_mean,16.7968335663034
vera4cast,chlorocast_timesfm,2026-10-13 00:00:00,2026-09-29 00:00:00,P1D,fcre,1.6,ensemble,142,Chla_ugL_mean,17.1315687080675
vera4cast,chlorocast_timesfm,2026-10-14 00:00:00,2026-09-29 00:00:00,P1D,fcre,1.6,ensemble,142,Chla_ugL_mean,17.406136902183
vera4cast,chlorocast_timesfm,2026-10-15 00:00:00,2026-09-29 00:00:00,P1D,fcre,1.6,ensemble,142,Chla_ugL_mean,17.8637759913748
vera4cast,chlorocast_timesfm,2026-10-16 00:00:00,2026-09-29 00:00:00,P1D,fcre,1.6,ensemble,142,Chla_ugL_mean,18.1462344856619
vera4cast,chlorocast_timesfm,2026-10-17 00:00:00,2026-09-29 00:00:00,P1D,fcre,1.6,ensemble,142,Chla_ugL_mean,18.5557555276625
vera4cast,chlorocast_timesfm,2026-10-18 00:00:00,2026-09-29 00:00:00,P1D,fcre,1.6,ensemble,142,Chla_ugL_mean,18.57440481759
vera4cast,chlorocast_timesfm,2026-10-19 00:00:00,2026-09-29 00:00:00,P1D,fcre,1.6,ensemble,142,Chla_ugL_mean,18.7347580771466
vera4cast,chlorocast_timesfm,2026-10-20 00:00:00,2026-09-29 00:00:00,P1D,fcre,1.6,ensemble,142,Chla_ugL_mean,19.0203655164302
vera4cast,chlorocast_timesfm,2026-10-21 00:00:00,2026-09-29 00:00:00,P1D,fcre,1.6,ensemble,142,Chla_ugL_mean,18.7878733711797
vera4cast,chlorocast_timesfm,2026-10-22 00:00:00,2026-09-29 00:00:00,P1D,fcre,1.6,ensemble,142,Chla_ugL_mean,18.8172608242372
vera4cast,chlorocast_timesfm,2026-10-23 00:00:00,2026-09-29 00:00:00,P1D,fcre,1.6,ensemble,142,Chla_ugL_mean,18.8918782599412
vera4cast,chlorocast_timesfm,2026-10-24 00:00:00,2026-09-29 00:00:00,P1D,fcre,1.6,ensemble,142,Chla_ugL_mean,19.2065587528641
vera4cast,chlorocast_timesfm,2026-10-25 00:00:00,2026-09-29 00:00:00,P1D,fcre,1.6,ensemble,142,Chla_ugL_mean,18.8797556922702
vera4cast,chlorocast_timesfm,2026-10-26 00:00:00,2026-09-29 00:00:00,P1D,fcre,1.6,ensemble,142,Chla_ugL_mean,19.3593517261309
vera4cast,chlorocast_timesfm,2026-10-27 00:00:00,2026-09-29 00:00:00,P1D,fcre,1.6,ensemble,142,Chla_ugL_mean,19.2659442490942
vera4cast,chlorocast_timesfm,2026-10-28 00:00:00,2026-09-29 00:00:00,P1D,fcre,1.6,ensemble,142,Chla_ugL_mean,19.3458944378134
vera4cast,chlorocast_timesfm,2026-10-29 00:00:00,2026-09-29 00:00:00,P1D,fcre,1.6,ensemble,142,Chla_ugL_mean,19.2354908249118
vera4cast,chlorocast_timesfm,2026-10-30 00:00:00,2026-09-29 00:00:00,P1D,fcre,1.6,ensemble,142,Chla_ugL_mean,19.2630234921858
vera4cast,chlorocast_timesfm,2026-10-31 00:00:00,2026-09-29 00:00:00,P1D,fcre,1.6,ensemble,142,Chla_ugL_mean,19.5634961196899
vera4cast,chlorocast_timesfm,2026-11-01 00:00:00,2026-09-29 00:00:00,P1D,fcre,1.6,ensemble,142,Chla_ugL_mean,19.7604259486933
vera4cast,chlorocast_timesfm,2026-11-02 00:00:00,2026-09-29 00:00:00,P1D,fcre,1.6,ensemble,142,Chla_ugL_mean,19.5414876734095
vera4cast,chlorocast_timesfm,2026-11-03 00:00:00,2026-09-29 00:00:00,P1D,fcre,1.6,ensemble,142,Chla_ugL_mean,19.5781781791854
vera4cast,chlorocast_timesfm,2026-09-30 00:00:00,2026-09-29 00:00:00,P1D,fcre,1.6,ensemble,143,Chla_ugL_mean,15.0149413461822
vera4cast,chlorocast_timesfm,2026-10-01 00:00:00,2026-09-29 00:00:00,P1D,fcre,1.6,ensemble,143,Chla_ugL_mean,15.3837077638743
vera4cast,chlorocast_timesfm,2026-10-02 00:00:00,2026-09-29 00:00:00,P1D,fcre,1.6,ensemble,143,Chla_ugL_mean,15.6726725667136
vera4cast,chlorocast_timesfm,2026-10-03 00:00:00,2026-09-29 00:00:00,P1D,fcre,1.6,ensemble,143,Chla_ugL_mean,15.9212732465964
vera4cast,chlorocast_timesfm,2026-10-04 00:00:00,2026-09-29 00:00:00,P1D,fcre,1.6,ensemble,143,Chla_ugL_mean,16.0924272224444
vera4cast,chlorocast_timesfm,2026-10-05 00:00:00,2026-09-29 00:00:00,P1D,fcre,1.6,ensemble,143,Chla_ugL_mean,16.1859369222224
vera4cast,chlorocast_timesfm,2026-10-06 00:00:00,2026-09-29 00:00:00,P1D,fcre,1.6,ensemble,143,Chla_ugL_mean,16.4607667581444
vera4cast,chlorocast_timesfm,2026-10-07 00:00:00,2026-09-29 00:00:00,P1D,fcre,1.6,ensemble,143,Chla_ugL_mean,16.4402434152022
vera4cast,chlorocast_timesfm,2026-10-08 00:00:00,2026-09-29 00:00:00,P1D,fcre,1.6,ensemble,143,Chla_ugL_mean,16.635536508823
vera4cast,chlorocast_timesfm,2026-10-09 00:00:00,2026-09-29 00:00:00,P1D,fcre,1.6,ensemble,143,Chla_ugL_mean,17.0037094475329
vera4cast,chlorocast_timesfm,2026-10-10 00:00:00,2026-09-29 00:00:00,P1D,fcre,1.6,ensemble,143,Chla_ugL_mean,16.8681798637922
vera4cast,chlorocast_timesfm,2026-10-11 00:00:00,2026-09-29 00:00:00,P1D,fcre,1.6,ensemble,143,Chla_ugL_mean,17.0752939291995
vera4cast,chlorocast_timesfm,2026-10-12 00:00:00,2026-09-29 00:00:00,P1D,fcre,1.6,ensemble,143,Chla_ugL_mean,17.016667679599
vera4cast,chlorocast_timesfm,2026-10-13 00:00:00,2026-09-29 00:00:00,P1D,fcre,1.6,ensemble,143,Chla_ugL_mean,17.3520043650294
vera4cast,chlorocast_timesfm,2026-10-14 00:00:00,2026-09-29 00:00:00,P1D,fcre,1.6,ensemble,143,Chla_ugL_mean,17.6298655520605
vera4cast,chlorocast_timesfm,2026-10-15 00:00:00,2026-09-29 00:00:00,P1D,fcre,1.6,ensemble,143,Chla_ugL_mean,18.0931693186494
vera4cast,chlorocast_timesfm,2026-10-16 00:00:00,2026-09-29 00:00:00,P1D,fcre,1.6,ensemble,143,Chla_ugL_mean,18.376975725624
vera4cast,chlorocast_timesfm,2026-10-17 00:00:00,2026-09-29 00:00:00,P1D,fcre,1.6,ensemble,143,Chla_ugL_mean,18.7860825149744
vera4cast,chlorocast_timesfm,2026-10-18 00:00:00,2026-09-29 00:00:00,P1D,fcre,1.6,ensemble,143,Chla_ugL_mean,18.8282525051915
vera4cast,chlorocast_timesfm,2026-10-19 00:00:00,2026-09-29 00:00:00,P1D,fcre,1.6,ensemble,143,Chla_ugL_mean,18.9955770524124
vera4cast,chlorocast_timesfm,2026-10-20 00:00:00,2026-09-29 00:00:00,P1D,fcre,1.6,ensemble,143,Chla_ugL_mean,19.2660693900932
vera4cast,chlorocast_timesfm,2026-10-21 00:00:00,2026-09-29 00:00:00,P1D,fcre,1.6,ensemble,143,Chla_ugL_mean,19.0570106243057
vera4cast,chlorocast_timesfm,2026-10-22 00:00:00,2026-09-29 00:00:00,P1D,fcre,1.6,ensemble,143,Chla_ugL_mean,19.0810526850856
vera4cast,chlorocast_timesfm,2026-10-23 00:00:00,2026-09-29 00:00:00,P1D,fcre,1.6,ensemble,143,Chla_ugL_mean,19.1550077574125
vera4cast,chlorocast_timesfm,2026-10-24 00:00:00,2026-09-29 00:00:00,P1D,fcre,1.6,ensemble,143,Chla_ugL_mean,19.4616680249462
vera4cast,chlorocast_timesfm,2026-10-25 00:00:00,2026-09-29 00:00:00,P1D,fcre,1.6,ensemble,143,Chla_ugL_mean,19.1456045476975
vera4cast,chlorocast_timesfm,2026-10-26 00:00:00,2026-09-29 00:00:00,P1D,fcre,1.6,ensemble,143,Chla_ugL_mean,19.6172103289946
vera4cast,chlorocast_timesfm,2026-10-27 00:00:00,2026-09-29 00:00:00,P1D,fcre,1.6,ensemble,143,Chla_ugL_mean,19.5309607078315
vera4cast,chlorocast_timesfm,2026-10-28 00:00:00,2026-09-29 00:00:00,P1D,fcre,1.6,ensemble,143,Chla_ugL_mean,19.618408937039
vera4cast,chlorocast_timesfm,2026-10-29 00:00:00,2026-09-29 00:00:00,P1D,fcre,1.6,ensemble,143,Chla_ugL_mean,19.5099010886806
vera4cast,chlorocast_timesfm,2026-10-30 00:00:00,2026-09-29 00:00:00,P1D,fcre,1.6,ensemble,143,Chla_ugL_mean,19.5255446912801
vera4cast,chlorocast_timesfm,2026-10-31 00:00:00,2026-09-29 00:00:00,P1D,fcre,1.6,ensemble,143,Chla_ugL_mean,19.8265381183144
vera4cast,chlorocast_timesfm,2026-11-01 00:00:00,2026-09-29 00:00:00,P1D,fcre,1.6,ensemble,143,Chla_ugL_mean,20.0358565988859
vera4cast,chlorocast_timesfm,2026-11-02 00:00:00,2026-09-29 00:00:00,P1D,fcre,1.6,ensemble,143,Chla_ugL_mean,19.8185327084277
vera4cast,chlorocast_timesfm,2026-11-03 00:00:00,2026-09-29 00:00:00,P1D,fcre,1.6,ensemble,143,Chla_ugL_mean,19.8531145914174
vera4cast,chlorocast_timesfm,2026-09-30 00:00:00,2026-09-29 00:00:00,P1D,fcre,1.6,ensemble,144,Chla_ugL_mean,15.1780337875251
vera4cast,chlorocast_timesfm,2026-10-01 00:00:00,2026-09-29 00:00:00,P1D,fcre,1.6,ensemble,144,Chla_ugL_mean,15.5524480210802
vera4cast,chlorocast_timesfm,2026-10-02 00:00:00,2026-09-29 00:00:00,P1D,fcre,1.6,ensemble,144,Chla_ugL_mean,15.8388245609875
vera4cast,chlorocast_timesfm,2026-10-03 00:00:00,2026-09-29 00:00:00,P1D,fcre,1.6,ensemble,144,Chla_ugL_mean,16.1074018942555
vera4cast,chlorocast_timesfm,2026-10-04 00:00:00,2026-09-29 00:00:00,P1D,fcre,1.6,ensemble,144,Chla_ugL_mean,16.2769627575423
vera4cast,chlorocast_timesfm,2026-10-05 00:00:00,2026-09-29 00:00:00,P1D,fcre,1.6,ensemble,144,Chla_ugL_mean,16.3688752431946
vera4cast,chlorocast_timesfm,2026-10-06 00:00:00,2026-09-29 00:00:00,P1D,fcre,1.6,ensemble,144,Chla_ugL_mean,16.6605158177763
vera4cast,chlorocast_timesfm,2026-10-07 00:00:00,2026-09-29 00:00:00,P1D,fcre,1.6,ensemble,144,Chla_ugL_mean,16.643797052192
vera4cast,chlorocast_timesfm,2026-10-08 00:00:00,2026-09-29 00:00:00,P1D,fcre,1.6,ensemble,144,Chla_ugL_mean,16.8497341836939
vera4cast,chlorocast_timesfm,2026-10-09 00:00:00,2026-09-29 00:00:00,P1D,fcre,1.6,ensemble,144,Chla_ugL_mean,17.2147774937151
vera4cast,chlorocast_timesfm,2026-10-10 00:00:00,2026-09-29 00:00:00,P1D,fcre,1.6,ensemble,144,Chla_ugL_mean,17.0774170928767
vera4cast,chlorocast_timesfm,2026-10-11 00:00:00,2026-09-29 00:00:00,P1D,fcre,1.6,ensemble,144,Chla_ugL_mean,17.2827026212302
vera4cast,chlorocast_timesfm,2026-10-12 00:00:00,2026-09-29 00:00:00,P1D,fcre,1.6,ensemble,144,Chla_ugL_mean,17.2392172780503
vera4cast,chlorocast_timesfm,2026-10-13 00:00:00,2026-09-29 00:00:00,P1D,fcre,1.6,ensemble,144,Chla_ugL_mean,17.5751199819906
vera4cast,chlorocast_timesfm,2026-10-14 00:00:00,2026-09-29 00:00:00,P1D,fcre,1.6,ensemble,144,Chla_ugL_mean,17.8563136486661
vera4cast,chlorocast_timesfm,2026-10-15 00:00:00,2026-09-29 00:00:00,P1D,fcre,1.6,ensemble,144,Chla_ugL_mean,18.3253521880931
vera4cast,chlorocast_timesfm,2026-10-16 00:00:00,2026-09-29 00:00:00,P1D,fcre,1.6,ensemble,144,Chla_ugL_mean,18.6104977484006
vera4cast,chlorocast_timesfm,2026-10-17 00:00:00,2026-09-29 00:00:00,P1D,fcre,1.6,ensemble,144,Chla_ugL_mean,19.019122285283
vera4cast,chlorocast_timesfm,2026-10-18 00:00:00,2026-09-29 00:00:00,P1D,fcre,1.6,ensemble,144,Chla_ugL_mean,19.0853921778674
vera4cast,chlorocast_timesfm,2026-10-19 00:00:00,2026-09-29 00:00:00,P1D,fcre,1.6,ensemble,144,Chla_ugL_mean,19.2598430695722
vera4cast,chlorocast_timesfm,2026-10-20 00:00:00,2026-09-29 00:00:00,P1D,fcre,1.6,ensemble,144,Chla_ugL_mean,19.514788712874
vera4cast,chlorocast_timesfm,2026-10-21 00:00:00,2026-09-29 00:00:00,P1D,fcre,1.6,ensemble,144,Chla_ugL_mean,19.3298084456828
vera4cast,chlorocast_timesfm,2026-10-22 00:00:00,2026-09-29 00:00:00,P1D,fcre,1.6,ensemble,144,Chla_ugL_mean,19.3483559366587
vera4cast,chlorocast_timesfm,2026-10-23 00:00:00,2026-09-29 00:00:00,P1D,fcre,1.6,ensemble,144,Chla_ugL_mean,19.4216179283292
vera4cast,chlorocast_timesfm,2026-10-24 00:00:00,2026-09-29 00:00:00,P1D,fcre,1.6,ensemble,144,Chla_ugL_mean,19.7199980701198
vera4cast,chlorocast_timesfm,2026-10-25 00:00:00,2026-09-29 00:00:00,P1D,fcre,1.6,ensemble,144,Chla_ugL_mean,19.4150085581792
vera4cast,chlorocast_timesfm,2026-10-26 00:00:00,2026-09-29 00:00:00,P1D,fcre,1.6,ensemble,144,Chla_ugL_mean,19.8783348049551
vera4cast,chlorocast_timesfm,2026-10-27 00:00:00,2026-09-29 00:00:00,P1D,fcre,1.6,ensemble,144,Chla_ugL_mean,19.7994427698755
vera4cast,chlorocast_timesfm,2026-10-28 00:00:00,2026-09-29 00:00:00,P1D,fcre,1.6,ensemble,144,Chla_ugL_mean,19.8945735167521
vera4cast,chlorocast_timesfm,2026-10-29 00:00:00,2026-09-29 00:00:00,P1D,fcre,1.6,ensemble,144,Chla_ugL_mean,19.7880325862714
vera4cast,chlorocast_timesfm,2026-10-30 00:00:00,2026-09-29 00:00:00,P1D,fcre,1.6,ensemble,144,Chla_ugL_mean,19.7914670303869
vera4cast,chlorocast_timesfm,2026-10-31 00:00:00,2026-09-29 00:00:00,P1D,fcre,1.6,ensemble,144,Chla_ugL_mean,20.0929448703172
vera4cast,chlorocast_timesfm,2026-11-01 00:00:00,2026-09-29 00:00:00,P1D,fcre,1.6,ensemble,144,Chla_ugL_mean,20.3149414150986
vera4cast,chlorocast_timesfm,2026-11-02 00:00:00,2026-09-29 00:00:00,P1D,fcre,1.6,ensemble,144,Chla_ugL_mean,20.0993142766828
vera4cast,chlorocast_timesfm,2026-11-03 00:00:00,2026-09-29 00:00:00,P1D,fcre,1.6,ensemble,144,Chla_ugL_mean,20.1317243137992
vera4cast,chlorocast_timesfm,2026-09-30 00:00:00,2026-09-29 00:00:00,P1D,fcre,1.6,ensemble,145,Chla_ugL_mean,15.3427871243934
vera4cast,chlorocast_timesfm,2026-10-01 00:00:00,2026-09-29 00:00:00,P1D,fcre,1.6,ensemble,145,Chla_ugL_mean,15.7229261800365
vera4cast,chlorocast_timesfm,2026-10-02 00:00:00,2026-09-29 00:00:00,P1D,fcre,1.6,ensemble,145,Chla_ugL_mean,16.0066323477021
vera4cast,chlorocast_timesfm,2026-10-03 00:00:00,2026-09-29 00:00:00,P1D,fcre,1.6,ensemble,145,Chla_ugL_mean,16.295577898102
vera4cast,chlorocast_timesfm,2026-10-04 00:00:00,2026-09-29 00:00:00,P1D,fcre,1.6,ensemble,145,Chla_ugL_mean,16.4634905997168
vera4cast,chlorocast_timesfm,2026-10-05 00:00:00,2026-09-29 00:00:00,P1D,fcre,1.6,ensemble,145,Chla_ugL_mean,16.5537608789644
vera4cast,chlorocast_timesfm,2026-10-06 00:00:00,2026-09-29 00:00:00,P1D,fcre,1.6,ensemble,145,Chla_ugL_mean,16.8625499824884
vera4cast,chlorocast_timesfm,2026-10-07 00:00:00,2026-09-29 00:00:00,P1D,fcre,1.6,ensemble,145,Chla_ugL_mean,16.8497264635414
vera4cast,chlorocast_timesfm,2026-10-08 00:00:00,2026-09-29 00:00:00,P1D,fcre,1.6,ensemble,145,Chla_ugL_mean,17.0665334603872
vera4cast,chlorocast_timesfm,2026-10-09 00:00:00,2026-09-29 00:00:00,P1D,fcre,1.6,ensemble,145,Chla_ugL_mean,17.4283200144076
vera4cast,chlorocast_timesfm,2026-10-10 00:00:00,2026-09-29 00:00:00,P1D,fcre,1.6,ensemble,145,Chla_ugL_mean,17.2891044997839
vera4cast,chlorocast_timesfm,2026-10-11 00:00:00,2026-09-29 00:00:00,P1D,fcre,1.6,ensemble,145,Chla_ugL_mean,17.4924912671193
vera4cast,chlorocast_timesfm,2026-10-12 00:00:00,2026-09-29 00:00:00,P1D,fcre,1.6,ensemble,145,Chla_ugL_mean,17.4645159044934
vera4cast,chlorocast_timesfm,2026-10-13 00:00:00,2026-09-29 00:00:00,P1D,fcre,1.6,ensemble,145,Chla_ugL_mean,17.8009481407287
vera4cast,chlorocast_timesfm,2026-10-14 00:00:00,2026-09-29 00:00:00,P1D,fcre,1.6,ensemble,145,Chla_ugL_mean,18.0855142471785
vera4cast,chlorocast_timesfm,2026-10-15 00:00:00,2026-09-29 00:00:00,P1D,fcre,1.6,ensemble,145,Chla_ugL_mean,18.5603585219897
vera4cast,chlorocast_timesfm,2026-10-16 00:00:00,2026-09-29 00:00:00,P1D,fcre,1.6,ensemble,145,Chla_ugL_mean,18.8468340666531
vera4cast,chlorocast_timesfm,2026-10-17 00:00:00,2026-09-29 00:00:00,P1D,fcre,1.6,ensemble,145,Chla_ugL_mean,19.2549067896493
vera4cast,chlorocast_timesfm,2026-10-18 00:00:00,2026-09-29 00:00:00,P1D,fcre,1.6,ensemble,145,Chla_ugL_mean,19.3458665272248
vera4cast,chlorocast_timesfm,2026-10-19 00:00:00,2026-09-29 00:00:00,P1D,fcre,1.6,ensemble,145,Chla_ugL_mean,19.5276016855023
vera4cast,chlorocast_timesfm,2026-10-20 00:00:00,2026-09-29 00:00:00,P1D,fcre,1.6,ensemble,145,Chla_ugL_mean,19.7665604924649
vera4cast,chlorocast_timesfm,2026-10-21 00:00:00,2026-09-29 00:00:00,P1D,fcre,1.6,ensemble,145,Chla_ugL_mean,19.6063166231414
vera4cast,chlorocast_timesfm,2026-10-22 00:00:00,2026-09-29 00:00:00,P1D,fcre,1.6,ensemble,145,Chla_ugL_mean,19.619217319841
vera4cast,chlorocast_timesfm,2026-10-23 00:00:00,2026-09-29 00:00:00,P1D,fcre,1.6,ensemble,145,Chla_ugL_mean,19.6917548149928
vera4cast,chlorocast_timesfm,2026-10-24 00:00:00,2026-09-29 00:00:00,P1D,fcre,1.6,ensemble,145,Chla_ugL_mean,19.9815895508791
vera4cast,chlorocast_timesfm,2026-10-25 00:00:00,2026-09-29 00:00:00,P1D,fcre,1.6,ensemble,145,Chla_ugL_mean,19.6880152662465
vera4cast,chlorocast_timesfm,2026-10-26 00:00:00,2026-09-29 00:00:00,P1D,fcre,1.6,ensemble,145,Chla_ugL_mean,20.1427665174843
vera4cast,chlorocast_timesfm,2026-10-27 00:00:00,2026-09-29 00:00:00,P1D,fcre,1.6,ensemble,145,Chla_ugL_mean,20.0714357546992
vera4cast,chlorocast_timesfm,2026-10-28 00:00:00,2026-09-29 00:00:00,P1D,fcre,1.6,ensemble,145,Chla_ugL_mean,20.1744370664159
vera4cast,chlorocast_timesfm,2026-10-29 00:00:00,2026-09-29 00:00:00,P1D,fcre,1.6,ensemble,145,Chla_ugL_mean,20.0699357807426
vera4cast,chlorocast_timesfm,2026-10-30 00:00:00,2026-09-29 00:00:00,P1D,fcre,1.6,ensemble,145,Chla_ugL_mean,20.0608345735796
vera4cast,chlorocast_timesfm,2026-10-31 00:00:00,2026-09-29 00:00:00,P1D,fcre,1.6,ensemble,145,Chla_ugL_mean,20.362759416602
vera4cast,chlorocast_timesfm,2026-11-01 00:00:00,2026-09-29 00:00:00,P1D,fcre,1.6,ensemble,145,Chla_ugL_mean,20.597728877518
vera4cast,chlorocast_timesfm,2026-11-02 00:00:00,2026-09-29 00:00:00,P1D,fcre,1.6,ensemble,145,Chla_ugL_mean,20.3838827731608
vera4cast,chlorocast_timesfm,2026-11-03 00:00:00,2026-09-29 00:00:00,P1D,fcre,1.6,ensemble,145,Chla_ugL_mean,20.414056423888
vera4cast,chlorocast_timesfm,2026-09-30 00:00:00,2026-09-29 00:00:00,P1D,fcre,1.6,ensemble,146,Chla_ugL_mean,15.5092182709614
vera4cast,chlorocast_timesfm,2026-10-01 00:00:00,2026-09-29 00:00:00,P1D,fcre,1.6,ensemble,146,Chla_ugL_mean,15.8951601398655
vera4cast,chlorocast_timesfm,2026-10-02 00:00:00,2026-09-29 00:00:00,P1D,fcre,1.6,ensemble,146,Chla_ugL_mean,16.1761124277042
vera4cast,chlorocast_timesfm,2026-10-03 00:00:00,2026-09-29 00:00:00,P1D,fcre,1.6,ensemble,146,Chla_ugL_mean,16.4858237784056
vera4cast,chlorocast_timesfm,2026-10-04 00:00:00,2026-09-29 00:00:00,P1D,fcre,1.6,ensemble,146,Chla_ugL_mean,16.6520322585786
vera4cast,chlorocast_timesfm,2026-10-05 00:00:00,2026-09-29 00:00:00,P1D,fcre,1.6,ensemble,146,Chla_ugL_mean,16.7406145580207
vera4cast,chlorocast_timesfm,2026-10-06 00:00:00,2026-09-29 00:00:00,P1D,fcre,1.6,ensemble,146,Chla_ugL_mean,17.0668953936064
vera4cast,chlorocast_timesfm,2026-10-07 00:00:00,2026-09-29 00:00:00,P1D,fcre,1.6,ensemble,146,Chla_ugL_mean,17.0580593780785
vera4cast,chlorocast_timesfm,2026-10-08 00:00:00,2026-09-29 00:00:00,P1D,fcre,1.6,ensemble,146,Chla_ugL_mean,17.2859659374346
vera4cast,chlorocast_timesfm,2026-10-09 00:00:00,2026-09-29 00:00:00,P1D,fcre,1.6,ensemble,146,Chla_ugL_mean,17.6443660193266
vera4cast,chlorocast_timesfm,2026-10-10 00:00:00,2026-09-29 00:00:00,P1D,fcre,1.6,ensemble,146,Chla_ugL_mean,17.5032707762117
vera4cast,chlorocast_timesfm,2026-10-11 00:00:00,2026-09-29 00:00:00,P1D,fcre,1.6,ensemble,146,Chla_ugL_mean,17.7046871761388
vera4cast,chlorocast_timesfm,2026-10-12 00:00:00,2026-09-29 00:00:00,P1D,fcre,1.6,ensemble,146,Chla_ugL_mean,17.6925975161
vera4cast,chlorocast_timesfm,2026-10-13 00:00:00,2026-09-29 00:00:00,P1D,fcre,1.6,ensemble,146,Chla_ugL_mean,18.0295218191366
vera4cast,chlorocast_timesfm,2026-10-14 00:00:00,2026-09-29 00:00:00,P1D,fcre,1.6,ensemble,146,Chla_ugL_mean,18.3175008045659
vera4cast,chlorocast_timesfm,2026-10-15 00:00:00,2026-09-29 00:00:00,P1D,fcre,1.6,ensemble,146,Chla_ugL_mean,18.7982226551354
vera4cast,chlorocast_timesfm,2026-10-16 00:00:00,2026-09-29 00:00:00,P1D,fcre,1.6,ensemble,146,Chla_ugL_mean,19.0860185969215
vera4cast,chlorocast_timesfm,2026-10-17 00:00:00,2026-09-29 00:00:00,P1D,fcre,1.6,ensemble,146,Chla_ugL_mean,19.4934683554524
vera4cast,chlorocast_timesfm,2026-10-18 00:00:00,2026-09-29 00:00:00,P1D,fcre,1.6,ensemble,146,Chla_ugL_mean,19.6097187985104
vera4cast,chlorocast_timesfm,2026-10-19 00:00:00,2026-09-29 00:00:00,P1D,fcre,1.6,ensemble,146,Chla_ugL_mean,19.7988990591691
vera4cast,chlorocast_timesfm,2026-10-20 00:00:00,2026-09-29 00:00:00,P1D,fcre,1.6,ensemble,146,Chla_ugL_mean,20.0214221907426
vera4cast,chlorocast_timesfm,2026-10-21 00:00:00,2026-09-29 00:00:00,P1D,fcre,1.6,ensemble,146,Chla_ugL_mean,19.8865856216824
vera4cast,chlorocast_timesfm,2026-10-22 00:00:00,2026-09-29 00:00:00,P1D,fcre,1.6,ensemble,146,Chla_ugL_mean,19.8936841976945
vera4cast,chlorocast_timesfm,2026-10-23 00:00:00,2026-09-29 00:00:00,P1D,fcre,1.6,ensemble,146,Chla_ugL_mean,19.9654650687516
vera4cast,chlorocast_timesfm,2026-10-24 00:00:00,2026-09-29 00:00:00,P1D,fcre,1.6,ensemble,146,Chla_ugL_mean,20.2464836430852
vera4cast,chlorocast_timesfm,2026-10-25 00:00:00,2026-09-29 00:00:00,P1D,fcre,1.6,ensemble,146,Chla_ugL_mean,19.9646728502092
vera4cast,chlorocast_timesfm,2026-10-26 00:00:00,2026-09-29 00:00:00,P1D,fcre,1.6,ensemble,146,Chla_ugL_mean,20.4105473539377
vera4cast,chlorocast_timesfm,2026-10-27 00:00:00,2026-09-29 00:00:00,P1D,fcre,1.6,ensemble,146,Chla_ugL_mean,20.3469855744156
vera4cast,chlorocast_timesfm,2026-10-28 00:00:00,2026-09-29 00:00:00,P1D,fcre,1.6,ensemble,146,Chla_ugL_mean,20.4580491303227
vera4cast,chlorocast_timesfm,2026-10-29 00:00:00,2026-09-29 00:00:00,P1D,fcre,1.6,ensemble,146,Chla_ugL_mean,20.355661819474
vera4cast,chlorocast_timesfm,2026-10-30 00:00:00,2026-09-29 00:00:00,P1D,fcre,1.6,ensemble,146,Chla_ugL_mean,20.3336919558116
vera4cast,chlorocast_timesfm,2026-10-31 00:00:00,2026-09-29 00:00:00,P1D,fcre,1.6,ensemble,146,Chla_ugL_mean,20.6360253486385
vera4cast,chlorocast_timesfm,2026-11-01 00:00:00,2026-09-29 00:00:00,P1D,fcre,1.6,ensemble,146,Chla_ugL_mean,20.8842681095222
vera4cast,chlorocast_timesfm,2026-11-02 00:00:00,2026-09-29 00:00:00,P1D,fcre,1.6,ensemble,146,Chla_ugL_mean,20.6722892725296
vera4cast,chlorocast_timesfm,2026-11-03 00:00:00,2026-09-29 00:00:00,P1D,fcre,1.6,ensemble,146,Chla_ugL_mean,20.7001606549453
vera4cast,chlorocast_timesfm,2026-09-30 00:00:00,2026-09-29 00:00:00,P1D,fcre,1.6,ensemble,147,Chla_ugL_mean,15.6773443136531
vera4cast,chlorocast_timesfm,2026-10-01 00:00:00,2026-09-29 00:00:00,P1D,fcre,1.6,ensemble,147,Chla_ugL_mean,16.0691679840374
vera4cast,chlorocast_timesfm,2026-10-02 00:00:00,2026-09-29 00:00:00,P1D,fcre,1.6,ensemble,147,Chla_ugL_mean,16.3472814662802
vera4cast,chlorocast_timesfm,2026-10-03 00:00:00,2026-09-29 00:00:00,P1D,fcre,1.6,ensemble,147,Chla_ugL_mean,16.6781623031519
vera4cast,chlorocast_timesfm,2026-10-04 00:00:00,2026-09-29 00:00:00,P1D,fcre,1.6,ensemble,147,Chla_ugL_mean,16.8426094759631
vera4cast,chlorocast_timesfm,2026-10-05 00:00:00,2026-09-29 00:00:00,P1D,fcre,1.6,ensemble,147,Chla_ugL_mean,16.9294572294995
vera4cast,chlorocast_timesfm,2026-10-06 00:00:00,2026-09-29 00:00:00,P1D,fcre,1.6,ensemble,147,Chla_ugL_mean,17.2735784915097
vera4cast,chlorocast_timesfm,2026-10-07 00:00:00,2026-09-29 00:00:00,P1D,fcre,1.6,ensemble,147,Chla_ugL_mean,17.2688238482682
vera4cast,chlorocast_timesfm,2026-10-08 00:00:00,2026-09-29 00:00:00,P1D,fcre,1.6,ensemble,147,Chla_ugL_mean,17.5080635971575
vera4cast,chlorocast_timesfm,2026-10-09 00:00:00,2026-09-29 00:00:00,P1D,fcre,1.6,ensemble,147,Chla_ugL_mean,17.8629448582861
vera4cast,chlorocast_timesfm,2026-10-10 00:00:00,2026-09-29 00:00:00,P1D,fcre,1.6,ensemble,147,Chla_ugL_mean,17.7199449498392
vera4cast,chlorocast_timesfm,2026-10-11 00:00:00,2026-09-29 00:00:00,P1D,fcre,1.6,ensemble,147,Chla_ugL_mean,17.9193179709265
vera4cast,chlorocast_timesfm,2026-10-12 00:00:00,2026-09-29 00:00:00,P1D,fcre,1.6,ensemble,147,Chla_ugL_mean,17.9234964894951
vera4cast,chlorocast_timesfm,2026-10-13 00:00:00,2026-09-29 00:00:00,P1D,fcre,1.6,ensemble,147,Chla_ugL_mean,18.2608743960378
vera4cast,chlorocast_timesfm,2026-10-14 00:00:00,2026-09-29 00:00:00,P1D,fcre,1.6,ensemble,147,Chla_ugL_mean,18.5523071844695
vera4cast,chlorocast_timesfm,2026-10-15 00:00:00,2026-09-29 00:00:00,P1D,fcre,1.6,ensemble,147,Chla_ugL_mean,19.0389793398554
vera4cast,chlorocast_timesfm,2026-10-16 00:00:00,2026-09-29 00:00:00,P1D,fcre,1.6,ensemble,147,Chla_ugL_mean,19.3280856644917
vera4cast,chlorocast_timesfm,2026-10-17 00:00:00,2026-09-29 00:00:00,P1D,fcre,1.6,ensemble,147,Chla_ugL_mean,19.7348396908225
vera4cast,chlorocast_timesfm,2026-10-18 00:00:00,2026-09-29 00:00:00,P1D,fcre,1.6,ensemble,147,Chla_ugL_mean,19.8769927977902
vera4cast,chlorocast_timesfm,2026-10-19 00:00:00,2026-09-29 00:00:00,P1D,fcre,1.6,ensemble,147,Chla_ugL_mean,20.0737819595859
vera4cast,chlorocast_timesfm,2026-10-20 00:00:00,2026-09-29 00:00:00,P1D,fcre,1.6,ensemble,147,Chla_ugL_mean,20.2794117293418
vera4cast,chlorocast_timesfm,2026-10-21 00:00:00,2026-09-29 00:00:00,P1D,fcre,1.6,ensemble,147,Chla_ugL_mean,20.1706665926869
vera4cast,chlorocast_timesfm,2026-10-22 00:00:00,2026-09-29 00:00:00,P1D,fcre,1.6,ensemble,147,Chla_ugL_mean,20.1718045637416
vera4cast,chlorocast_timesfm,2026-10-23 00:00:00,2026-09-29 00:00:00,P1D,fcre,1.6,ensemble,147,Chla_ugL_mean,20.2427959580574
vera4cast,chlorocast_timesfm,2026-10-24 00:00:00,2026-09-29 00:00:00,P1D,fcre,1.6,ensemble,147,Chla_ugL_mean,20.5147220424477
vera4cast,chlorocast_timesfm,2026-10-25 00:00:00,2026-09-29 00:00:00,P1D,fcre,1.6,ensemble,147,Chla_ugL_mean,20.2450301326581
vera4cast,chlorocast_timesfm,2026-10-26 00:00:00,2026-09-29 00:00:00,P1D,fcre,1.6,ensemble,147,Chla_ugL_mean,20.6817197321892
vera4cast,chlorocast_timesfm,2026-10-27 00:00:00,2026-09-29 00:00:00,P1D,fcre,1.6,ensemble,147,Chla_ugL_mean,20.6261387415275
vera4cast,chlorocast_timesfm,2026-10-28 00:00:00,2026-09-29 00:00:00,P1D,fcre,1.6,ensemble,147,Chla_ugL_mean,20.7454599163652
vera4cast,chlorocast_timesfm,2026-10-29 00:00:00,2026-09-29 00:00:00,P1D,fcre,1.6,ensemble,147,Chla_ugL_mean,20.6452625434468
vera4cast,chlorocast_timesfm,2026-10-30 00:00:00,2026-09-29 00:00:00,P1D,fcre,1.6,ensemble,147,Chla_ugL_mean,20.6100843903121
vera4cast,chlorocast_timesfm,2026-10-31 00:00:00,2026-09-29 00:00:00,P1D,fcre,1.6,ensemble,147,Chla_ugL_mean,20.9127868155053
vera4cast,chlorocast_timesfm,2026-11-01 00:00:00,2026-09-29 00:00:00,P1D,fcre,1.6,ensemble,147,Chla_ugL_mean,21.1746088862139
vera4cast,chlorocast_timesfm,2026-11-02 00:00:00,2026-09-29 00:00:00,P1D,fcre,1.6,ensemble,147,Chla_ugL_mean,20.9645855383061
vera4cast,chlorocast_timesfm,2026-11-03 00:00:00,2026-09-29 00:00:00,P1D,fcre,1.6,ensemble,147,Chla_ugL_mean,20.9900874046983
vera4cast,chlorocast_timesfm,2026-09-30 00:00:00,2026-09-29 00:00:00,P1D,fcre,1.6,ensemble,148,Chla_ugL_mean,15.8471825128967
vera4cast,chlorocast_timesfm,2026-10-01 00:00:00,2026-09-29 00:00:00,P1D,fcre,1.6,ensemble,148,Chla_ugL_mean,16.244967982269
vera4cast,chlorocast_timesfm,2026-10-02 00:00:00,2026-09-29 00:00:00,P1D,fcre,1.6,ensemble,148,Chla_ugL_mean,16.520156294795
vera4cast,chlorocast_timesfm,2026-10-03 00:00:00,2026-09-29 00:00:00,P1D,fcre,1.6,ensemble,148,Chla_ugL_mean,16.8726164907672
vera4cast,chlorocast_timesfm,2026-10-04 00:00:00,2026-09-29 00:00:00,P1D,fcre,1.6,ensemble,148,Chla_ugL_mean,17.0352442284379
vera4cast,chlorocast_timesfm,2026-10-05 00:00:00,2026-09-29 00:00:00,P1D,fcre,1.6,ensemble,148,Chla_ugL_mean,17.1203100655335
vera4cast,chlorocast_timesfm,2026-10-06 00:00:00,2026-09-29 00:00:00,P1D,fcre,1.6,ensemble,148,Chla_ugL_mean,17.4826260190523
vera4cast,chlorocast_timesfm,2026-10-07 00:00:00,2026-09-29 00:00:00,P1D,fcre,1.6,ensemble,148,Chla_ugL_mean,17.4820482539895
vera4cast,chlorocast_timesfm,2026-10-08 00:00:00,2026-09-29 00:00:00,P1D,fcre,1.6,ensemble,148,Chla_ugL_mean,17.7328588103278
vera4cast,chlorocast_timesfm,2026-10-09 00:00:00,2026-09-29 00:00:00,P1D,fcre,1.6,ensemble,148,Chla_ugL_mean,18.0840862251852
vera4cast,chlorocast_timesfm,2026-10-10 00:00:00,2026-09-29 00:00:00,P1D,fcre,1.6,ensemble,148,Chla_ugL_mean,17.9391563882609
vera4cast,chlorocast_timesfm,2026-10-11 00:00:00,2026-09-29 00:00:00,P1D,fcre,1.6,ensemble,148,Chla_ugL_mean,18.1364115910818
vera4cast,chlorocast_timesfm,2026-10-12 00:00:00,2026-09-29 00:00:00,P1D,fcre,1.6,ensemble,148,Chla_ugL_mean,18.1572476259386
vera4cast,chlorocast_timesfm,2026-10-13 00:00:00,2026-09-29 00:00:00,P1D,fcre,1.6,ensemble,148,Chla_ugL_mean,18.4950396560609
vera4cast,chlorocast_timesfm,2026-10-14 00:00:00,2026-09-29 00:00:00,P1D,fcre,1.6,ensemble,148,Chla_ugL_mean,18.789967662147
vera4cast,chlorocast_timesfm,2026-10-15 00:00:00,2026-09-29 00:00:00,P1D,fcre,1.6,ensemble,148,Chla_ugL_mean,19.2826637510813
vera4cast,chlorocast_timesfm,2026-10-16 00:00:00,2026-09-29 00:00:00,P1D,fcre,1.6,ensemble,148,Chla_ugL_mean,19.5730700083215
vera4cast,chlorocast_timesfm,2026-10-17 00:00:00,2026-09-29 00:00:00,P1D,fcre,1.6,ensemble,148,Chla_ugL_mean,19.9790538891247
vera4cast,chlorocast_timesfm,2026-10-18 00:00:00,2026-09-29 00:00:00,P1D,fcre,1.6,ensemble,148,Chla_ugL_mean,20.1477328992226
vera4cast,chlorocast_timesfm,2026-10-19 00:00:00,2026-09-29 00:00:00,P1D,fcre,1.6,ensemble,148,Chla_ugL_mean,20.352297773876
vera4cast,chlorocast_timesfm,2026-10-20 00:00:00,2026-09-29 00:00:00,P1D,fcre,1.6,ensemble,148,Chla_ugL_mean,20.5405674952982
vera4cast,chlorocast_timesfm,2026-10-21 00:00:00,2026-09-29 00:00:00,P1D,fcre,1.6,ensemble,148,Chla_ugL_mean,20.4586113832524
vera4cast,chlorocast_timesfm,2026-10-22 00:00:00,2026-09-29 00:00:00,P1D,fcre,1.6,ensemble,148,Chla_ugL_mean,20.4536270503567
vera4cast,chlorocast_timesfm,2026-10-23 00:00:00,2026-09-29 00:00:00,P1D,fcre,1.6,ensemble,148,Chla_ugL_mean,20.5237953766285
vera4cast,chlorocast_timesfm,2026-10-24 00:00:00,2026-09-29 00:00:00,P1D,fcre,1.6,ensemble,148,Chla_ugL_mean,20.7863469710873
vera4cast,chlorocast_timesfm,2026-10-25 00:00:00,2026-09-29 00:00:00,P1D,fcre,1.6,ensemble,148,Chla_ugL_mean,20.529136589081
vera4cast,chlorocast_timesfm,2026-10-26 00:00:00,2026-09-29 00:00:00,P1D,fcre,1.6,ensemble,148,Chla_ugL_mean,20.9563266073506
vera4cast,chlorocast_timesfm,2026-10-27 00:00:00,2026-09-29 00:00:00,P1D,fcre,1.6,ensemble,148,Chla_ugL_mean,20.9089423767787
vera4cast,chlorocast_timesfm,2026-10-28 00:00:00,2026-09-29 00:00:00,P1D,fcre,1.6,ensemble,148,Chla_ugL_mean,21.0367203049243
vera4cast,chlorocast_timesfm,2026-10-29 00:00:00,2026-09-29 00:00:00,P1D,fcre,1.6,ensemble,148,Chla_ugL_mean,20.9387904966498
vera4cast,chlorocast_timesfm,2026-10-30 00:00:00,2026-09-29 00:00:00,P1D,fcre,1.6,ensemble,148,Chla_ugL_mean,20.8900576760787
vera4cast,chlorocast_timesfm,2026-10-31 00:00:00,2026-09-29 00:00:00,P1D,fcre,1.6,ensemble,148,Chla_ugL_mean,21.1930885310226
vera4cast,chlorocast_timesfm,2026-11-01 00:00:00,2026-09-29 00:00:00,P1D,fcre,1.6,ensemble,148,Chla_ugL_mean,21.4688016430673
vera4cast,chlorocast_timesfm,2026-11-02 00:00:00,2026-09-29 00:00:00,P1D,fcre,1.6,ensemble,148,Chla_ugL_mean,21.2608240321469
vera4cast,chlorocast_timesfm,2026-11-03 00:00:00,2026-09-29 00:00:00,P1D,fcre,1.6,ensemble,148,Chla_ugL_mean,21.2838877442168
vera4cast,chlorocast_timesfm,2026-09-30 00:00:00,2026-09-29 00:00:00,P1D,fcre,1.6,ensemble,149,Chla_ugL_mean,16.0187503048969
vera4cast,chlorocast_timesfm,2026-10-01 00:00:00,2026-09-29 00:00:00,P1D,fcre,1.6,ensemble,149,Chla_ugL_mean,16.4225785924418
vera4cast,chlorocast_timesfm,2026-10-02 00:00:00,2026-09-29 00:00:00,P1D,fcre,1.6,ensemble,149,Chla_ugL_mean,16.694753912347
vera4cast,chlorocast_timesfm,2026-10-03 00:00:00,2026-09-29 00:00:00,P1D,fcre,1.6,ensemble,149,Chla_ugL_mean,17.0692096128732
vera4cast,chlorocast_timesfm,2026-10-04 00:00:00,2026-09-29 00:00:00,P1D,fcre,1.6,ensemble,149,Chla_ugL_mean,17.2299587298367
vera4cast,chlorocast_timesfm,2026-10-05 00:00:00,2026-09-29 00:00:00,P1D,fcre,1.6,ensemble,149,Chla_ugL_mean,17.3131944636252
vera4cast,chlorocast_timesfm,2026-10-06 00:00:00,2026-09-29 00:00:00,P1D,fcre,1.6,ensemble,149,Chla_ugL_mean,17.6940650250233
vera4cast,chlorocast_timesfm,2026-10-07 00:00:00,2026-09-29 00:00:00,P1D,fcre,1.6,ensemble,149,Chla_ugL_mean,17.6977613063566
vera4cast,chlorocast_timesfm,2026-10-08 00:00:00,2026-09-29 00:00:00,P1D,fcre,1.6,ensemble,149,Chla_ugL_mean,17.9603843408864
vera4cast,chlorocast_timesfm,2026-10-09 00:00:00,2026-09-29 00:00:00,P1D,fcre,1.6,ensemble,149,Chla_ugL_mean,18.307820162042
vera4cast,chlorocast_timesfm,2026-10-10 00:00:00,2026-09-29 00:00:00,P1D,fcre,1.6,ensemble,149,Chla_ugL_mean,18.1609348029671
vera4cast,chlorocast_timesfm,2026-10-11 00:00:00,2026-09-29 00:00:00,P1D,fcre,1.6,ensemble,149,Chla_ugL_mean,18.3559962968029
vera4cast,chlorocast_timesfm,2026-10-12 00:00:00,2026-09-29 00:00:00,P1D,fcre,1.6,ensemble,149,Chla_ugL_mean,18.3938861565706
vera4cast,chlorocast_timesfm,2026-10-13 00:00:00,2026-09-29 00:00:00,P1D,fcre,1.6,ensemble,149,Chla_ugL_mean,18.7320517945733
vera4cast,chlorocast_timesfm,2026-10-14 00:00:00,2026-09-29 00:00:00,P1D,fcre,1.6,ensemble,149,Chla_ugL_mean,19.0305169294757
vera4cast,chlorocast_timesfm,2026-10-15 00:00:00,2026-09-29 00:00:00,P1D,fcre,1.6,ensemble,149,Chla_ugL_mean,19.5293114914902
vera4cast,chlorocast_timesfm,2026-10-16 00:00:00,2026-09-29 00:00:00,P1D,fcre,1.6,ensemble,149,Chla_ugL_mean,19.8210067860259
vera4cast,chlorocast_timesfm,2026-10-17 00:00:00,2026-09-29 00:00:00,P1D,fcre,1.6,ensemble,149,Chla_ugL_mean,20.2261444334967
vera4cast,chlorocast_timesfm,2026-10-18 00:00:00,2026-09-29 00:00:00,P1D,fcre,1.6,ensemble,149,Chla_ugL_mean,20.4219840524253
vera4cast,chlorocast_timesfm,2026-10-19 00:00:00,2026-09-29 00:00:00,P1D,fcre,1.6,ensemble,149,Chla_ugL_mean,20.6344945154414
vera4cast,chlorocast_timesfm,2026-10-20 00:00:00,2026-09-29 00:00:00,P1D,fcre,1.6,ensemble,149,Chla_ugL_mean,20.8049283467598
vera4cast,chlorocast_timesfm,2026-10-21 00:00:00,2026-09-29 00:00:00,P1D,fcre,1.6,ensemble,149,Chla_ugL_mean,20.7504725456549
vera4cast,chlorocast_timesfm,2026-10-22 00:00:00,2026-09-29 00:00:00,P1D,fcre,1.6,ensemble,149,Chla_ugL_mean,20.7392009372704
vera4cast,chlorocast_timesfm,2026-10-23 00:00:00,2026-09-29 00:00:00,P1D,fcre,1.6,ensemble,149,Chla_ugL_mean,20.8085118517203
vera4cast,chlorocast_timesfm,2026-10-24 00:00:00,2026-09-29 00:00:00,P1D,fcre,1.6,ensemble,149,Chla_ugL_mean,21.0614011841821
vera4cast,chlorocast_timesfm,2026-10-25 00:00:00,2026-09-29 00:00:00,P1D,fcre,1.6,ensemble,149,Chla_ugL_mean,20.8170423565935
vera4cast,chlorocast_timesfm,2026-10-26 00:00:00,2026-09-29 00:00:00,P1D,fcre,1.6,ensemble,149,Chla_ugL_mean,21.2344114785758
vera4cast,chlorocast_timesfm,2026-10-27 00:00:00,2026-09-29 00:00:00,P1D,fcre,1.6,ensemble,149,Chla_ugL_mean,21.1954442171079
vera4cast,chlorocast_timesfm,2026-10-28 00:00:00,2026-09-29 00:00:00,P1D,fcre,1.6,ensemble,149,Chla_ugL_mean,21.3318818578767
vera4cast,chlorocast_timesfm,2026-10-29 00:00:00,2026-09-29 00:00:00,P1D,fcre,1.6,ensemble,149,Chla_ugL_mean,21.2362989356121
vera4cast,chlorocast_timesfm,2026-10-30 00:00:00,2026-09-29 00:00:00,P1D,fcre,1.6,ensemble,149,Chla_ugL_mean,21.1736582054658
vera4cast,chlorocast_timesfm,2026-10-31 00:00:00,2026-09-29 00:00:00,P1D,fcre,1.6,ensemble,149,Chla_ugL_mean,21.4769757809761
vera4cast,chlorocast_timesfm,2026-11-01 00:00:00,2026-09-29 00:00:00,P1D,fcre,1.6,ensemble,149,Chla_ugL_mean,21.7668974846888
vera4cast,chlorocast_timesfm,2026-11-02 00:00:00,2026-09-29 00:00:00,P1D,fcre,1.6,ensemble,149,Chla_ugL_mean,21.5610579232639
vera4cast,chlorocast_timesfm,2026-11-03 00:00:00,2026-09-29 00:00:00,P1D,fcre,1.6,ensemble,149,Chla_ugL_mean,21.5816134269097
vera4cast,chlorocast_timesfm,2026-09-30 00:00:00,2026-09-29 00:00:00,P1D,fcre,1.6,ensemble,150,Chla_ugL_mean,16.1920653034243
vera4cast,chlorocast_timesfm,2026-10-01 00:00:00,2026-09-29 00:00:00,P1D,fcre,1.6,ensemble,150,Chla_ugL_mean,16.6020184625401
vera4cast,chlorocast_timesfm,2026-10-02 00:00:00,2026-09-29 00:00:00,P1D,fcre,1.6,ensemble,150,Chla_ugL_mean,16.8710914874394
vera4cast,chlorocast_timesfm,2026-10-03 00:00:00,2026-09-29 00:00:00,P1D,fcre,1.6,ensemble,150,Chla_ugL_mean,17.2679651970718
vera4cast,chlorocast_timesfm,2026-10-04 00:00:00,2026-09-29 00:00:00,P1D,fcre,1.6,ensemble,150,Chla_ugL_mean,17.4267754338215
vera4cast,chlorocast_timesfm,2026-10-05 00:00:00,2026-09-29 00:00:00,P1D,fcre,1.6,ensemble,150,Chla_ugL_mean,17.508132049046
vera4cast,chlorocast_timesfm,2026-10-06 00:00:00,2026-09-29 00:00:00,P1D,fcre,1.6,ensemble,150,Chla_ugL_mean,17.9079228676466
vera4cast,chlorocast_timesfm,2026-10-07 00:00:00,2026-09-29 00:00:00,P1D,fcre,1.6,ensemble,150,Chla_ugL_mean,17.9159920515857
vera4cast,chlorocast_timesfm,2026-10-08 00:00:00,2026-09-29 00:00:00,P1D,fcre,1.6,ensemble,150,Chla_ugL_mean,18.1906733507186
vera4cast,chlorocast_timesfm,2026-10-09 00:00:00,2026-09-29 00:00:00,P1D,fcre,1.6,ensemble,150,Chla_ugL_mean,18.5341770630748
vera4cast,chlorocast_timesfm,2026-10-10 00:00:00,2026-09-29 00:00:00,P1D,fcre,1.6,ensemble,150,Chla_ugL_mean,18.3853102533712
vera4cast,chlorocast_timesfm,2026-10-11 00:00:00,2026-09-29 00:00:00,P1D,fcre,1.6,ensemble,150,Chla_ugL_mean,18.5781006725655
vera4cast,chlorocast_timesfm,2026-10-12 00:00:00,2026-09-29 00:00:00,P1D,fcre,1.6,ensemble,150,Chla_ugL_mean,18.6334477477211
vera4cast,chlorocast_timesfm,2026-10-13 00:00:00,2026-09-29 00:00:00,P1D,fcre,1.6,ensemble,150,Chla_ugL_mean,18.9719454226744
vera4cast,chlorocast_timesfm,2026-10-14 00:00:00,2026-09-29 00:00:00,P1D,fcre,1.6,ensemble,150,Chla_ugL_mean,19.2739901000163
vera4cast,chlorocast_timesfm,2026-10-15 00:00:00,2026-09-29 00:00:00,P1D,fcre,1.6,ensemble,150,Chla_ugL_mean,19.7789585967062
vera4cast,chlorocast_timesfm,2026-10-16 00:00:00,2026-09-29 00:00:00,P1D,fcre,1.6,ensemble,150,Chla_ugL_mean,20.0719315789226
vera4cast,chlorocast_timesfm,2026-10-17 00:00:00,2026-09-29 00:00:00,P1D,fcre,1.6,ensemble,150,Chla_ugL_mean,20.4761452014393
vera4cast,chlorocast_timesfm,2026-10-18 00:00:00,2026-09-29 00:00:00,P1D,fcre,1.6,ensemble,150,Chla_ugL_mean,20.6997917899386
vera4cast,chlorocast_timesfm,2026-10-19 00:00:00,2026-09-29 00:00:00,P1D,fcre,1.6,ensemble,150,Chla_ugL_mean,20.9204208322402
vera4cast,chlorocast_timesfm,2026-10-20 00:00:00,2026-09-29 00:00:00,P1D,fcre,1.6,ensemble,150,Chla_ugL_mean,21.0725336187688
vera4cast,chlorocast_timesfm,2026-10-21 00:00:00,2026-09-29 00:00:00,P1D,fcre,1.6,ensemble,150,Chla_ugL_mean,21.0463033469403
vera4cast,chlorocast_timesfm,2026-10-22 00:00:00,2026-09-29 00:00:00,P1D,fcre,1.6,ensemble,150,Chla_ugL_mean,21.0285761601865
vera4cast,chlorocast_timesfm,2026-10-23 00:00:00,2026-09-29 00:00:00,P1D,fcre,1.6,ensemble,150,Chla_ugL_mean,21.0969945525066
vera4cast,chlorocast_timesfm,2026-10-24 00:00:00,2026-09-29 00:00:00,P1D,fcre,1.6,ensemble,150,Chla_ugL_mean,21.3399279766974
vera4cast,chlorocast_timesfm,2026-10-25 00:00:00,2026-09-29 00:00:00,P1D,fcre,1.6,ensemble,150,Chla_ugL_mean,21.1087982427869
vera4cast,chlorocast_timesfm,2026-10-26 00:00:00,2026-09-29 00:00:00,P1D,fcre,1.6,ensemble,150,Chla_ugL_mean,21.5160183959514
vera4cast,chlorocast_timesfm,2026-10-27 00:00:00,2026-09-29 00:00:00,P1D,fcre,1.6,ensemble,150,Chla_ugL_mean,21.4856926237067
vera4cast,chlorocast_timesfm,2026-10-28 00:00:00,2026-09-29 00:00:00,P1D,fcre,1.6,ensemble,150,Chla_ugL_mean,21.6309968277231
vera4cast,chlorocast_timesfm,2026-10-29 00:00:00,2026-09-29 00:00:00,P1D,fcre,1.6,ensemble,150,Chla_ugL_mean,21.5378418390663
vera4cast,chlorocast_timesfm,2026-10-30 00:00:00,2026-09-29 00:00:00,P1D,fcre,1.6,ensemble,150,Chla_ugL_mean,21.4609329718722
vera4cast,chlorocast_timesfm,2026-10-31 00:00:00,2026-09-29 00:00:00,P1D,fcre,1.6,ensemble,150,Chla_ugL_mean,21.7644944304338
vera4cast,chlorocast_timesfm,2026-11-01 00:00:00,2026-09-29 00:00:00,P1D,fcre,1.6,ensemble,150,Chla_ugL_mean,22.0689481936952
vera4cast,chlorocast_timesfm,2026-11-02 00:00:00,2026-09-29 00:00:00,P1D,fcre,1.6,ensemble,150,Chla_ugL_mean,21.8653410979674
vera4cast,chlorocast_timesfm,2026-11-03 00:00:00,2026-09-29 00:00:00,P1D,fcre,1.6,ensemble,150,Chla_ugL_mean,21.8833168976419
vera4cast,chlorocast_timesfm,2026-09-30 00:00:00,2026-09-29 00:00:00,P1D,fcre,1.6,ensemble,151,Chla_ugL_mean,16.3671453016242
vera4cast,chlorocast_timesfm,2026-10-01 00:00:00,2026-09-29 00:00:00,P1D,fcre,1.6,ensemble,151,Chla_ugL_mean,16.7833064326087
vera4cast,chlorocast_timesfm,2026-10-02 00:00:00,2026-09-29 00:00:00,P1D,fcre,1.6,ensemble,151,Chla_ugL_mean,17.0491863596687
vera4cast,chlorocast_timesfm,2026-10-03 00:00:00,2026-09-29 00:00:00,P1D,fcre,1.6,ensemble,151,Chla_ugL_mean,17.4689070297616
vera4cast,chlorocast_timesfm,2026-10-04 00:00:00,2026-09-29 00:00:00,P1D,fcre,1.6,ensemble,151,Chla_ugL_mean,17.6257170364713
vera4cast,chlorocast_timesfm,2026-10-05 00:00:00,2026-09-29 00:00:00,P1D,fcre,1.6,ensemble,151,Chla_ugL_mean,17.705144677261
vera4cast,chlorocast_timesfm,2026-10-06 00:00:00,2026-09-29 00:00:00,P1D,fcre,1.6,ensemble,151,Chla_ugL_mean,18.1242272181209
vera4cast,chlorocast_timesfm,2026-10-07 00:00:00,2026-09-29 00:00:00,P1D,fcre,1.6,ensemble,151,Chla_ugL_mean,18.1367698749051
vera4cast,chlorocast_timesfm,2026-10-08 00:00:00,2026-09-29 00:00:00,P1D,fcre,1.6,ensemble,151,Chla_ugL_mean,18.423759404487
vera4cast,chlorocast_timesfm,2026-10-09 00:00:00,2026-09-29 00:00:00,P1D,fcre,1.6,ensemble,151,Chla_ugL_mean,18.7631876788313
vera4cast,chlorocast_timesfm,2026-10-10 00:00:00,2026-09-29 00:00:00,P1D,fcre,1.6,ensemble,151,Chla_ugL_mean,18.6123131508839
vera4cast,chlorocast_timesfm,2026-10-11 00:00:00,2026-09-29 00:00:00,P1D,fcre,1.6,ensemble,151,Chla_ugL_mean,18.8027536308436
vera4cast,chlorocast_timesfm,2026-10-12 00:00:00,2026-09-29 00:00:00,P1D,fcre,1.6,ensemble,151,Chla_ugL_mean,18.8759685062861
vera4cast,chlorocast_timesfm,2026-10-13 00:00:00,2026-09-29 00:00:00,P1D,fcre,1.6,ensemble,151,Chla_ugL_mean,19.2147555722505
vera4cast,chlorocast_timesfm,2026-10-14 00:00:00,2026-09-29 00:00:00,P1D,fcre,1.6,ensemble,151,Chla_ugL_mean,19.520422714139
vera4cast,chlorocast_timesfm,2026-10-15 00:00:00,2026-09-29 00:00:00,P1D,fcre,1.6,ensemble,151,Chla_ugL_mean,20.0316415405653
vera4cast,chlorocast_timesfm,2026-10-16 00:00:00,2026-09-29 00:00:00,P1D,fcre,1.6,ensemble,151,Chla_ugL_mean,20.3258803971384
vera4cast,chlorocast_timesfm,2026-10-17 00:00:00,2026-09-29 00:00:00,P1D,fcre,1.6,ensemble,151,Chla_ugL_mean,20.7290904694614
vera4cast,chlorocast_timesfm,2026-10-18 00:00:00,2026-09-29 00:00:00,P1D,fcre,1.6,ensemble,151,Chla_ugL_mean,20.9812022347844
vera4cast,chlorocast_timesfm,2026-10-19 00:00:00,2026-09-29 00:00:00,P1D,fcre,1.6,ensemble,151,Chla_ugL_mean,21.2101260151723
vera4cast,chlorocast_timesfm,2026-10-20 00:00:00,2026-09-29 00:00:00,P1D,fcre,1.6,ensemble,151,Chla_ugL_mean,21.3434231291146
vera4cast,chlorocast_timesfm,2026-10-21 00:00:00,2026-09-29 00:00:00,P1D,fcre,1.6,ensemble,151,Chla_ugL_mean,21.3461577786458
vera4cast,chlorocast_timesfm,2026-10-22 00:00:00,2026-09-29 00:00:00,P1D,fcre,1.6,ensemble,151,Chla_ugL_mean,21.3218033195136
vera4cast,chlorocast_timesfm,2026-10-23 00:00:00,2026-09-29 00:00:00,P1D,fcre,1.6,ensemble,151,Chla_ugL_mean,21.38929329857
vera4cast,chlorocast_timesfm,2026-10-24 00:00:00,2026-09-29 00:00:00,P1D,fcre,1.6,ensemble,151,Chla_ugL_mean,21.6219711902008
vera4cast,chlorocast_timesfm,2026-10-25 00:00:00,2026-09-29 00:00:00,P1D,fcre,1.6,ensemble,151,Chla_ugL_mean,21.4044557346947
vera4cast,chlorocast_timesfm,2026-10-26 00:00:00,2026-09-29 00:00:00,P1D,fcre,1.6,ensemble,151,Chla_ugL_mean,21.8011919674744
vera4cast,chlorocast_timesfm,2026-10-27 00:00:00,2026-09-29 00:00:00,P1D,fcre,1.6,ensemble,151,Chla_ugL_mean,21.7797365901829
vera4cast,chlorocast_timesfm,2026-10-28 00:00:00,2026-09-29 00:00:00,P1D,fcre,1.6,ensemble,151,Chla_ugL_mean,21.9341181668382
vera4cast,chlorocast_timesfm,2026-10-29 00:00:00,2026-09-29 00:00:00,P1D,fcre,1.6,ensemble,151,Chla_ugL_mean,21.8434739177419
vera4cast,chlorocast_timesfm,2026-10-30 00:00:00,2026-09-29 00:00:00,P1D,fcre,1.6,ensemble,151,Chla_ugL_mean,21.7519295775282
vera4cast,chlorocast_timesfm,2026-10-31 00:00:00,2026-09-29 00:00:00,P1D,fcre,1.6,ensemble,151,Chla_ugL_mean,22.0556909311554
vera4cast,chlorocast_timesfm,2026-11-01 00:00:00,2026-09-29 00:00:00,P1D,fcre,1.6,ensemble,151,Chla_ugL_mean,22.3750062397079
vera4cast,chlorocast_timesfm,2026-11-02 00:00:00,2026-09-29 00:00:00,P1D,fcre,1.6,ensemble,151,Chla_ugL_mean,22.1737281693376
vera4cast,chlorocast_timesfm,2026-11-03 00:00:00,2026-09-29 00:00:00,P1D,fcre,1.6,ensemble,151,Chla_ugL_mean,22.1890513019717
vera4cast,chlorocast_timesfm,2026-09-30 00:00:00,2026-09-29 00:00:00,P1D,fcre,1.6,ensemble,152,Chla_ugL_mean,16.5440082738432
vera4cast,chlorocast_timesfm,2026-10-01 00:00:00,2026-09-29 00:00:00,P1D,fcre,1.6,ensemble,152,Chla_ugL_mean,16.9664615367315
vera4cast,chlorocast_timesfm,2026-10-02 00:00:00,2026-09-29 00:00:00,P1D,fcre,1.6,ensemble,152,Chla_ugL_mean,17.2290560414298
vera4cast,chlorocast_timesfm,2026-10-03 00:00:00,2026-09-29 00:00:00,P1D,fcre,1.6,ensemble,152,Chla_ugL_mean,17.6720591589834
vera4cast,chlorocast_timesfm,2026-10-04 00:00:00,2026-09-29 00:00:00,P1D,fcre,1.6,ensemble,152,Chla_ugL_mean,17.8268064788995
vera4cast,chlorocast_timesfm,2026-10-05 00:00:00,2026-09-29 00:00:00,P1D,fcre,1.6,ensemble,152,Chla_ugL_mean,17.904254436379
vera4cast,chlorocast_timesfm,2026-10-06 00:00:00,2026-09-29 00:00:00,P1D,fcre,1.6,ensemble,152,Chla_ugL_mean,18.3430060642002
vera4cast,chlorocast_timesfm,2026-10-07 00:00:00,2026-09-29 00:00:00,P1D,fcre,1.6,ensemble,152,Chla_ugL_mean,18.360124504513
vera4cast,chlorocast_timesfm,2026-10-08 00:00:00,2026-09-29 00:00:00,P1D,fcre,1.6,ensemble,152,Chla_ugL_mean,18.659676474524
vera4cast,chlorocast_timesfm,2026-10-09 00:00:00,2026-09-29 00:00:00,P1D,fcre,1.6,ensemble,152,Chla_ugL_mean,18.9948831203658
vera4cast,chlorocast_timesfm,2026-10-10 00:00:00,2026-09-29 00:00:00,P1D,fcre,1.6,ensemble,152,Chla_ugL_mean,18.8419742630346
vera4cast,chlorocast_timesfm,2026-10-11 00:00:00,2026-09-29 00:00:00,P1D,fcre,1.6,ensemble,152,Chla_ugL_mean,19.0299844158735
vera4cast,chlorocast_timesfm,2026-10-12 00:00:00,2026-09-29 00:00:00,P1D,fcre,1.6,ensemble,152,Chla_ugL_mean,19.1214849851694
vera4cast,chlorocast_timesfm,2026-10-13 00:00:00,2026-09-29 00:00:00,P1D,fcre,1.6,ensemble,152,Chla_ugL_mean,19.46051770109
vera4cast,chlorocast_timesfm,2026-10-14 00:00:00,2026-09-29 00:00:00,P1D,fcre,1.6,ensemble,152,Chla_ugL_mean,19.7698507442112
vera4cast,chlorocast_timesfm,2026-10-15 00:00:00,2026-09-29 00:00:00,P1D,fcre,1.6,ensemble,152,Chla_ugL_mean,20.2873972404444
vera4cast,chlorocast_timesfm,2026-10-16 00:00:00,2026-09-29 00:00:00,P1D,fcre,1.6,ensemble,152,Chla_ugL_mean,20.5828896847769
vera4cast,chlorocast_timesfm,2026-10-17 00:00:00,2026-09-29 00:00:00,P1D,fcre,1.6,ensemble,152,Chla_ugL_mean,20.9850149177794
vera4cast,chlorocast_timesfm,2026-10-18 00:00:00,2026-09-29 00:00:00,P1D,fcre,1.6,ensemble,152,Chla_ugL_mean,21.2662621081241
vera4cast,chlorocast_timesfm,2026-10-19 00:00:00,2026-09-29 00:00:00,P1D,fcre,1.6,ensemble,152,Chla_ugL_mean,21.5036600065776
vera4cast,chlorocast_timesfm,2026-10-20 00:00:00,2026-09-29 00:00:00,P1D,fcre,1.6,ensemble,152,Chla_ugL_mean,21.6176371842582
vera4cast,chlorocast_timesfm,2026-10-21 00:00:00,2026-09-29 00:00:00,P1D,fcre,1.6,ensemble,152,Chla_ugL_mean,21.6500905666544
vera4cast,chlorocast_timesfm,2026-10-22 00:00:00,2026-09-29 00:00:00,P1D,fcre,1.6,ensemble,152,Chla_ugL_mean,21.6189336892135
vera4cast,chlorocast_timesfm,2026-10-23 00:00:00,2026-09-29 00:00:00,P1D,fcre,1.6,ensemble,152,Chla_ugL_mean,21.685458568506
vera4cast,chlorocast_timesfm,2026-10-24 00:00:00,2026-09-29 00:00:00,P1D,fcre,1.6,ensemble,152,Chla_ugL_mean,21.9075752197625
vera4cast,chlorocast_timesfm,2026-10-25 00:00:00,2026-09-29 00:00:00,P1D,fcre,1.6,ensemble,152,Chla_ugL_mean,21.7040670078782
vera4cast,chlorocast_timesfm,2026-10-26 00:00:00,2026-09-29 00:00:00,P1D,fcre,1.6,ensemble,152,Chla_ugL_mean,22.0899773661182
vera4cast,chlorocast_timesfm,2026-10-27 00:00:00,2026-09-29 00:00:00,P1D,fcre,1.6,ensemble,152,Chla_ugL_mean,22.0776257508308
vera4cast,chlorocast_timesfm,2026-10-28 00:00:00,2026-09-29 00:00:00,P1D,fcre,1.6,ensemble,152,Chla_ugL_mean,22.2412995368448
vera4cast,chlorocast_timesfm,2026-10-29 00:00:00,2026-09-29 00:00:00,P1D,fcre,1.6,ensemble,152,Chla_ugL_mean,22.1532506242919
vera4cast,chlorocast_timesfm,2026-10-30 00:00:00,2026-09-29 00:00:00,P1D,fcre,1.6,ensemble,152,Chla_ugL_mean,22.0466962413829
vera4cast,chlorocast_timesfm,2026-10-31 00:00:00,2026-09-29 00:00:00,P1D,fcre,1.6,ensemble,152,Chla_ugL_mean,22.3506123290976
vera4cast,chlorocast_timesfm,2026-11-01 00:00:00,2026-09-29 00:00:00,P1D,fcre,1.6,ensemble,152,Chla_ugL_mean,22.6851247884684
vera4cast,chlorocast_timesfm,2026-11-02 00:00:00,2026-09-29 00:00:00,P1D,fcre,1.6,ensemble,152,Chla_ugL_mean,22.4862744870265
vera4cast,chlorocast_timesfm,2026-11-03 00:00:00,2026-09-29 00:00:00,P1D,fcre,1.6,ensemble,152,Chla_ugL_mean,22.4988704955131
vera4cast,chlorocast_timesfm,2026-09-30 00:00:00,2026-09-29 00:00:00,P1D,fcre,1.6,ensemble,153,Chla_ugL_mean,16.7226723774743
vera4cast,chlorocast_timesfm,2026-10-01 00:00:00,2026-09-29 00:00:00,P1D,fcre,1.6,ensemble,153,Chla_ugL_mean,17.1515030050291
vera4cast,chlorocast_timesfm,2026-10-02 00:00:00,2026-09-29 00:00:00,P1D,fcre,1.6,ensemble,153,Chla_ugL_mean,17.4107182196376
vera4cast,chlorocast_timesfm,2026-10-03 00:00:00,2026-09-29 00:00:00,P1D,fcre,1.6,ensemble,153,Chla_ugL_mean,17.8774458972994
vera4cast,chlorocast_timesfm,2026-10-04 00:00:00,2026-09-29 00:00:00,P1D,fcre,1.6,ensemble,153,Chla_ugL_mean,18.0300669498994
vera4cast,chlorocast_timesfm,2026-10-05 00:00:00,2026-09-29 00:00:00,P1D,fcre,1.6,ensemble,153,Chla_ugL_mean,18.105483649629
vera4cast,chlorocast_timesfm,2026-10-06 00:00:00,2026-09-29 00:00:00,P1D,fcre,1.6,ensemble,153,Chla_ugL_mean,18.5642877138148
vera4cast,chlorocast_timesfm,2026-10-07 00:00:00,2026-09-29 00:00:00,P1D,fcre,1.6,ensemble,153,Chla_ugL_mean,18.5860860155795
vera4cast,chlorocast_timesfm,2026-10-08 00:00:00,2026-09-29 00:00:00,P1D,fcre,1.6,ensemble,153,Chla_ugL_mean,18.8984589457831
vera4cast,chlorocast_timesfm,2026-10-09 00:00:00,2026-09-29 00:00:00,P1D,fcre,1.6,ensemble,153,Chla_ugL_mean,19.2292948634655
vera4cast,chlorocast_timesfm,2026-10-10 00:00:00,2026-09-29 00:00:00,P1D,fcre,1.6,ensemble,153,Chla_ugL_mean,19.0743247176423
vera4cast,chlorocast_timesfm,2026-10-11 00:00:00,2026-09-29 00:00:00,P1D,fcre,1.6,ensemble,153,Chla_ugL_mean,19.2598226074605
vera4cast,chlorocast_timesfm,2026-10-12 00:00:00,2026-09-29 00:00:00,P1D,fcre,1.6,ensemble,153,Chla_ugL_mean,19.3700341887918
vera4cast,chlorocast_timesfm,2026-10-13 00:00:00,2026-09-29 00:00:00,P1D,fcre,1.6,ensemble,153,Chla_ugL_mean,19.7092676980615
vera4cast,chlorocast_timesfm,2026-10-14 00:00:00,2026-09-29 00:00:00,P1D,fcre,1.6,ensemble,153,Chla_ugL_mean,20.0223105998481
vera4cast,chlorocast_timesfm,2026-10-15 00:00:00,2026-09-29 00:00:00,P1D,fcre,1.6,ensemble,153,Chla_ugL_mean,20.5462630626548
vera4cast,chlorocast_timesfm,2026-10-16 00:00:00,2026-09-29 00:00:00,P1D,fcre,1.6,ensemble,153,Chla_ugL_mean,20.8429963251485
vera4cast,chlorocast_timesfm,2026-10-17 00:00:00,2026-09-29 00:00:00,P1D,fcre,1.6,ensemble,153,Chla_ugL_mean,21.2439536350719
vera4cast,chlorocast_timesfm,2026-10-18 00:00:00,2026-09-29 00:00:00,P1D,fcre,1.6,ensemble,153,Chla_ugL_mean,21.5550187370151
vera4cast,chlorocast_timesfm,2026-10-19 00:00:00,2026-09-29 00:00:00,P1D,fcre,1.6,ensemble,153,Chla_ugL_mean,21.8010734088449
vera4cast,chlorocast_timesfm,2026-10-20 00:00:00,2026-09-29 00:00:00,P1D,fcre,1.6,ensemble,153,Chla_ugL_mean,21.8952165853294
vera4cast,chlorocast_timesfm,2026-10-21 00:00:00,2026-09-29 00:00:00,P1D,fcre,1.6,ensemble,153,Chla_ugL_mean,21.9581571811822
vera4cast,chlorocast_timesfm,2026-10-22 00:00:00,2026-09-29 00:00:00,P1D,fcre,1.6,ensemble,153,Chla_ugL_mean,21.9200192257669
vera4cast,chlorocast_timesfm,2026-10-23 00:00:00,2026-09-29 00:00:00,P1D,fcre,1.6,ensemble,153,Chla_ugL_mean,21.9855415086403
vera4cast,chlorocast_timesfm,2026-10-24 00:00:00,2026-09-29 00:00:00,P1D,fcre,1.6,ensemble,153,Chla_ugL_mean,22.1967850209441
vera4cast,chlorocast_timesfm,2026-10-25 00:00:00,2026-09-29 00:00:00,P1D,fcre,1.6,ensemble,153,Chla_ugL_mean,22.0076849356344
vera4cast,chlorocast_timesfm,2026-10-26 00:00:00,2026-09-29 00:00:00,P1D,fcre,1.6,ensemble,153,Chla_ugL_mean,22.3824203369884
vera4cast,chlorocast_timesfm,2026-10-27 00:00:00,2026-09-29 00:00:00,P1D,fcre,1.6,ensemble,153,Chla_ugL_mean,22.3794103890089
vera4cast,chlorocast_timesfm,2026-10-28 00:00:00,2026-09-29 00:00:00,P1D,fcre,1.6,ensemble,153,Chla_ugL_mean,22.5525953181138
vera4cast,chlorocast_timesfm,2026-10-29 00:00:00,2026-09-29 00:00:00,P1D,fcre,1.6,ensemble,153,Chla_ugL_mean,22.467228163354
vera4cast,chlorocast_timesfm,2026-10-30 00:00:00,2026-09-29 00:00:00,P1D,fcre,1.6,ensemble,153,Chla_ugL_mean,22.3452818070948
vera4cast,chlorocast_timesfm,2026-10-31 00:00:00,2026-09-29 00:00:00,P1D,fcre,1.6,ensemble,153,Chla_ugL_mean,22.6493062720147
vera4cast,chlorocast_timesfm,2026-11-01 00:00:00,2026-09-29 00:00:00,P1D,fcre,1.6,ensemble,153,Chla_ugL_mean,22.9993577110733
vera4cast,chlorocast_timesfm,2026-11-02 00:00:00,2026-09-29 00:00:00,P1D,fcre,1.6,ensemble,153,Chla_ugL_mean,22.8030361471923
vera4cast,chlorocast_timesfm,2026-11-03 00:00:00,2026-09-29 00:00:00,P1D,fcre,1.6,ensemble,153,Chla_ugL_mean,22.8128290534226
vera4cast,chlorocast_timesfm,2026-09-30 00:00:00,2026-09-29 00:00:00,P1D,fcre,1.6,ensemble,154,Chla_ugL_mean,16.9031559548213
vera4cast,chlorocast_timesfm,2026-10-01 00:00:00,2026-09-29 00:00:00,P1D,fcre,1.6,ensemble,154,Chla_ugL_mean,17.3384502656788
vera4cast,chlorocast_timesfm,2026-10-02 00:00:00,2026-09-29 00:00:00,P1D,fcre,1.6,ensemble,154,Chla_ugL_mean,17.5941907574668
vera4cast,chlorocast_timesfm,2026-10-03 00:00:00,2026-09-29 00:00:00,P1D,fcre,1.6,ensemble,154,Chla_ugL_mean,18.085091824702
vera4cast,chlorocast_timesfm,2026-10-04 00:00:00,2026-09-29 00:00:00,P1D,fcre,1.6,ensemble,154,Chla_ugL_mean,18.2355218886185
vera4cast,chlorocast_timesfm,2026-10-05 00:00:00,2026-09-29 00:00:00,P1D,fcre,1.6,ensemble,154,Chla_ugL_mean,18.308854877863
vera4cast,chlorocast_timesfm,2026-10-06 00:00:00,2026-09-29 00:00:00,P1D,fcre,1.6,ensemble,154,Chla_ugL_mean,18.7881007987344
vera4cast,chlorocast_timesfm,2026-10-07 00:00:00,2026-09-29 00:00:00,P1D,fcre,1.6,ensemble,154,Chla_ugL_mean,18.8146848342973
vera4cast,chlorocast_timesfm,2026-10-08 00:00:00,2026-09-29 00:00:00,P1D,fcre,1.6,ensemble,154,Chla_ugL_mean,19.1401416208505
vera4cast,chlorocast_timesfm,2026-10-09 00:00:00,2026-09-29 00:00:00,P1D,fcre,1.6,ensemble,154,Chla_ugL_mean,19.4664547529271
vera4cast,chlorocast_timesfm,2026-10-10 00:00:00,2026-09-29 00:00:00,P1D,fcre,1.6,ensemble,154,Chla_ugL_mean,19.3093960070338
vera4cast,chlorocast_timesfm,2026-10-11 00:00:00,2026-09-29 00:00:00,P1D,fcre,1.6,ensemble,154,Chla_ugL_mean,19.4922981248294
vera4cast,chlorocast_timesfm,2026-10-12 00:00:00,2026-09-29 00:00:00,P1D,fcre,1.6,ensemble,154,Chla_ugL_mean,19.6216535786686
vera4cast,chlorocast_timesfm,2026-10-13 00:00:00,2026-09-29 00:00:00,P1D,fcre,1.6,ensemble,154,Chla_ugL_mean,19.9610418883549
vera4cast,chlorocast_timesfm,2026-10-14 00:00:00,2026-09-29 00:00:00,P1D,fcre,1.6,ensemble,154,Chla_ugL_mean,20.2778391332282
vera4cast,chlorocast_timesfm,2026-10-15 00:00:00,2026-09-29 00:00:00,P1D,fcre,1.6,ensemble,154,Chla_ugL_mean,20.8082768279018
vera4cast,chlorocast_timesfm,2026-10-16 00:00:00,2026-09-29 00:00:00,P1D,fcre,1.6,ensemble,154,Chla_ugL_mean,21.1062376460634
vera4cast,chlorocast_timesfm,2026-10-17 00:00:00,2026-09-29 00:00:00,P1D,fcre,1.6,ensemble,154,Chla_ugL_mean,21.5059421232908
vera4cast,chlorocast_timesfm,2026-10-18 00:00:00,2026-09-29 00:00:00,P1D,fcre,1.6,ensemble,154,Chla_ugL_mean,21.8475200622689
vera4cast,chlorocast_timesfm,2026-10-19 00:00:00,2026-09-29 00:00:00,P1D,fcre,1.6,ensemble,154,Chla_ugL_mean,22.1024174931356
vera4cast,chlorocast_timesfm,2026-10-20 00:00:00,2026-09-29 00:00:00,P1D,fcre,1.6,ensemble,154,Chla_ugL_mean,22.1762026341981
vera4cast,chlorocast_timesfm,2026-10-21 00:00:00,2026-09-29 00:00:00,P1D,fcre,1.6,ensemble,154,Chla_ugL_mean,22.2704138469023
vera4cast,chlorocast_timesfm,2026-10-22 00:00:00,2026-09-29 00:00:00,P1D,fcre,1.6,ensemble,154,Chla_ugL_mean,22.2251125772582
vera4cast,chlorocast_timesfm,2026-10-23 00:00:00,2026-09-29 00:00:00,P1D,fcre,1.6,ensemble,154,Chla_ugL_mean,22.2895939418615
vera4cast,chlorocast_timesfm,2026-10-24 00:00:00,2026-09-29 00:00:00,P1D,fcre,1.6,ensemble,154,Chla_ugL_mean,22.4896461168742
vera4cast,chlorocast_timesfm,2026-10-25 00:00:00,2026-09-29 00:00:00,P1D,fcre,1.6,ensemble,154,Chla_ugL_mean,22.3153630983267
vera4cast,chlorocast_timesfm,2026-10-26 00:00:00,2026-09-29 00:00:00,P1D,fcre,1.6,ensemble,154,Chla_ugL_mean,22.6785672045691
vera4cast,chlorocast_timesfm,2026-10-27 00:00:00,2026-09-29 00:00:00,P1D,fcre,1.6,ensemble,154,Chla_ugL_mean,22.6851414456281
vera4cast,chlorocast_timesfm,2026-10-28 00:00:00,2026-09-29 00:00:00,P1D,fcre,1.6,ensemble,154,Chla_ugL_mean,22.868060619391
vera4cast,chlorocast_timesfm,2026-10-29 00:00:00,2026-09-29 00:00:00,P1D,fcre,1.6,ensemble,154,Chla_ugL_mean,22.7854635017477
vera4cast,chlorocast_timesfm,2026-10-30 00:00:00,2026-09-29 00:00:00,P1D,fcre,1.6,ensemble,154,Chla_ugL_mean,22.6477357511252
vera4cast,chlorocast_timesfm,2026-10-31 00:00:00,2026-09-29 00:00:00,P1D,fcre,1.6,ensemble,154,Chla_ugL_mean,22.9518210171565
vera4cast,chlorocast_timesfm,2026-11-01 00:00:00,2026-09-29 00:00:00,P1D,fcre,1.6,ensemble,154,Chla_ugL_mean,23.3177595933324
vera4cast,chlorocast_timesfm,2026-11-02 00:00:00,2026-09-29 00:00:00,P1D,fcre,1.6,ensemble,154,Chla_ugL_mean,23.1240700025676
vera4cast,chlorocast_timesfm,2026-11-03 00:00:00,2026-09-29 00:00:00,P1D,fcre,1.6,ensemble,154,Chla_ugL_mean,23.1309822800121
vera4cast,chlorocast_timesfm,2026-09-30 00:00:00,2026-09-29 00:00:00,P1D,fcre,1.6,ensemble,155,Chla_ugL_mean,17.0854775349818
vera4cast,chlorocast_timesfm,2026-10-01 00:00:00,2026-09-29 00:00:00,P1D,fcre,1.6,ensemble,155,Chla_ugL_mean,17.5273229469537
vera4cast,chlorocast_timesfm,2026-10-02 00:00:00,2026-09-29 00:00:00,P1D,fcre,1.6,ensemble,155,Chla_ugL_mean,17.7794916961076
vera4cast,chlorocast_timesfm,2026-10-03 00:00:00,2026-09-29 00:00:00,P1D,fcre,1.6,ensemble,155,Chla_ugL_mean,18.2950217915558
vera4cast,chlorocast_timesfm,2026-10-04 00:00:00,2026-09-29 00:00:00,P1D,fcre,1.6,ensemble,155,Chla_ugL_mean,18.4431949872607
vera4cast,chlorocast_timesfm,2026-10-05 00:00:00,2026-09-29 00:00:00,P1D,fcre,1.6,ensemble,155,Chla_ugL_mean,18.5143909220856
vera4cast,chlorocast_timesfm,2026-10-06 00:00:00,2026-09-29 00:00:00,P1D,fcre,1.6,ensemble,155,Chla_ugL_mean,19.0144742782726
vera4cast,chlorocast_timesfm,2026-10-07 00:00:00,2026-09-29 00:00:00,P1D,fcre,1.6,ensemble,155,Chla_ugL_mean,19.0459517419777
vera4cast,chlorocast_timesfm,2026-10-08 00:00:00,2026-09-29 00:00:00,P1D,fcre,1.6,ensemble,155,Chla_ugL_mean,19.3847597250175
vera4cast,chlorocast_timesfm,2026-10-09 00:00:00,2026-09-29 00:00:00,P1D,fcre,1.6,ensemble,155,Chla_ugL_mean,19.7063950068823
vera4cast,chlorocast_timesfm,2026-10-10 00:00:00,2026-09-29 00:00:00,P1D,fcre,1.6,ensemble,155,Chla_ugL_mean,19.5472199923129
vera4cast,chlorocast_timesfm,2026-10-11 00:00:00,2026-09-29 00:00:00,P1D,fcre,1.6,ensemble,155,Chla_ugL_mean,19.7274412305195
vera4cast,chlorocast_timesfm,2026-10-12 00:00:00,2026-09-29 00:00:00,P1D,fcre,1.6,ensemble,155,Chla_ugL_mean,19.876381079056
vera4cast,chlorocast_timesfm,2026-10-13 00:00:00,2026-09-29 00:00:00,P1D,fcre,1.6,ensemble,155,Chla_ugL_mean,20.2158770387857
vera4cast,chlorocast_timesfm,2026-10-14 00:00:00,2026-09-29 00:00:00,P1D,fcre,1.6,ensemble,155,Chla_ugL_mean,20.5364736444723
vera4cast,chlorocast_timesfm,2026-10-15 00:00:00,2026-09-29 00:00:00,P1D,fcre,1.6,ensemble,155,Chla_ugL_mean,21.0734768168099
vera4cast,chlorocast_timesfm,2026-10-16 00:00:00,2026-09-29 00:00:00,P1D,fcre,1.6,ensemble,155,Chla_ugL_mean,21.372651425189
vera4cast,chlorocast_timesfm,2026-10-17 00:00:00,2026-09-29 00:00:00,P1D,fcre,1.6,ensemble,155,Chla_ugL_mean,21.7710163025287
vera4cast,chlorocast_timesfm,2026-10-18 00:00:00,2026-09-29 00:00:00,P1D,fcre,1.6,ensemble,155,Chla_ugL_mean,22.14381464641
vera4cast,chlorocast_timesfm,2026-10-19 00:00:00,2026-09-29 00:00:00,P1D,fcre,1.6,ensemble,155,Chla_ugL_mean,22.4077442082221
vera4cast,chlorocast_timesfm,2026-10-20 00:00:00,2026-09-29 00:00:00,P1D,fcre,1.6,ensemble,155,Chla_ugL_mean,22.4606371396196
vera4cast,chlorocast_timesfm,2026-10-21 00:00:00,2026-09-29 00:00:00,P1D,fcre,1.6,ensemble,155,Chla_ugL_mean,22.5869175532067
vera4cast,chlorocast_timesfm,2026-10-22 00:00:00,2026-09-29 00:00:00,P1D,fcre,1.6,ensemble,155,Chla_ugL_mean,22.5342670925823
vera4cast,chlorocast_timesfm,2026-10-23 00:00:00,2026-09-29 00:00:00,P1D,fcre,1.6,ensemble,155,Chla_ugL_mean,22.5976683765705
vera4cast,chlorocast_timesfm,2026-10-24 00:00:00,2026-09-29 00:00:00,P1D,fcre,1.6,ensemble,155,Chla_ugL_mean,22.7862046054141
vera4cast,chlorocast_timesfm,2026-10-25 00:00:00,2026-09-29 00:00:00,P1D,fcre,1.6,ensemble,155,Chla_ugL_mean,22.62715579284
vera4cast,chlorocast_timesfm,2026-10-26 00:00:00,2026-09-29 00:00:00,P1D,fcre,1.6,ensemble,155,Chla_ugL_mean,22.9784648800608
vera4cast,chlorocast_timesfm,2026-10-27 00:00:00,2026-09-29 00:00:00,P1D,fcre,1.6,ensemble,155,Chla_ugL_mean,22.9948705277503
vera4cast,chlorocast_timesfm,2026-10-28 00:00:00,2026-09-29 00:00:00,P1D,fcre,1.6,ensemble,155,Chla_ugL_mean,23.1877512875531
vera4cast,chlorocast_timesfm,2026-10-29 00:00:00,2026-09-29 00:00:00,P1D,fcre,1.6,ensemble,155,Chla_ugL_mean,23.1080143788109
vera4cast,chlorocast_timesfm,2026-10-30 00:00:00,2026-09-29 00:00:00,P1D,fcre,1.6,ensemble,155,Chla_ugL_mean,22.9541081909363
vera4cast,chlorocast_timesfm,2026-10-31 00:00:00,2026-09-29 00:00:00,P1D,fcre,1.6,ensemble,155,Chla_ugL_mean,23.2582054390649
vera4cast,chlorocast_timesfm,2026-11-01 00:00:00,2026-09-29 00:00:00,P1D,fcre,1.6,ensemble,155,Chla_ugL_mean,23.640385745251
vera4cast,chlorocast_timesfm,2026-11-02 00:00:00,2026-09-29 00:00:00,P1D,fcre,1.6,ensemble,155,Chla_ugL_mean,23.4494336726631
vera4cast,chlorocast_timesfm,2026-11-03 00:00:00,2026-09-29 00:00:00,P1D,fcre,1.6,ensemble,155,Chla_ugL_mean,23.4533862184915
vera4cast,chlorocast_timesfm,2026-09-30 00:00:00,2026-09-29 00:00:00,P1D,fcre,1.6,ensemble,156,Chla_ugL_mean,17.2696558357493
vera4cast,chlorocast_timesfm,2026-10-01 00:00:00,2026-09-29 00:00:00,P1D,fcre,1.6,ensemble,156,Chla_ugL_mean,17.7181408792839
vera4cast,chlorocast_timesfm,2026-10-02 00:00:00,2026-09-29 00:00:00,P1D,fcre,1.6,ensemble,156,Chla_ugL_mean,17.9666392565407
vera4cast,chlorocast_timesfm,2026-10-03 00:00:00,2026-09-29 00:00:00,P1D,fcre,1.6,ensemble,156,Chla_ugL_mean,18.5072609215715
vera4cast,chlorocast_timesfm,2026-10-04 00:00:00,2026-09-29 00:00:00,P1D,fcre,1.6,ensemble,156,Chla_ugL_mean,18.6531101938192
vera4cast,chlorocast_timesfm,2026-10-05 00:00:00,2026-09-29 00:00:00,P1D,fcre,1.6,ensemble,156,Chla_ugL_mean,18.72211482601
vera4cast,chlorocast_timesfm,2026-10-06 00:00:00,2026-09-29 00:00:00,P1D,fcre,1.6,ensemble,156,Chla_ugL_mean,19.2434374430344
vera4cast,chlorocast_timesfm,2026-10-07 00:00:00,2026-09-29 00:00:00,P1D,fcre,1.6,ensemble,156,Chla_ugL_mean,19.2799178791959
vera4cast,chlorocast_timesfm,2026-10-08 00:00:00,2026-09-29 00:00:00,P1D,fcre,1.6,ensemble,156,Chla_ugL_mean,19.6323489114148
vera4cast,chlorocast_timesfm,2026-10-09 00:00:00,2026-09-29 00:00:00,P1D,fcre,1.6,ensemble,156,Chla_ugL_mean,19.949148221175
vera4cast,chlorocast_timesfm,2026-10-10 00:00:00,2026-09-29 00:00:00,P1D,fcre,1.6,ensemble,156,Chla_ugL_mean,19.7878289076783
vera4cast,chlorocast_timesfm,2026-10-11 00:00:00,2026-09-29 00:00:00,P1D,fcre,1.6,ensemble,156,Chla_ugL_mean,19.9652825343236
vera4cast,chlorocast_timesfm,2026-10-12 00:00:00,2026-09-29 00:00:00,P1D,fcre,1.6,ensemble,156,Chla_ugL_mean,20.1342550826667
vera4cast,chlorocast_timesfm,2026-10-13 00:00:00,2026-09-29 00:00:00,P1D,fcre,1.6,ensemble,156,Chla_ugL_mean,20.4738103631641
vera4cast,chlorocast_timesfm,2026-10-14 00:00:00,2026-09-29 00:00:00,P1D,fcre,1.6,ensemble,156,Chla_ugL_mean,20.7982518870881
vera4cast,chlorocast_timesfm,2026-10-15 00:00:00,2026-09-29 00:00:00,P1D,fcre,1.6,ensemble,156,Chla_ugL_mean,21.341901775516
vera4cast,chlorocast_timesfm,2026-10-16 00:00:00,2026-09-29 00:00:00,P1D,fcre,1.6,ensemble,156,Chla_ugL_mean,21.6422758954708
vera4cast,chlorocast_timesfm,2026-10-17 00:00:00,2026-09-29 00:00:00,P1D,fcre,1.6,ensemble,156,Chla_ugL_mean,22.0392125159439
vera4cast,chlorocast_timesfm,2026-10-18 00:00:00,2026-09-29 00:00:00,P1D,fcre,1.6,ensemble,156,Chla_ugL_mean,22.4439516817383
vera4cast,chlorocast_timesfm,2026-10-19 00:00:00,2026-09-29 00:00:00,P1D,fcre,1.6,ensemble,156,Chla_ugL_mean,22.7171061894437
vera4cast,chlorocast_timesfm,2026-10-20 00:00:00,2026-09-29 00:00:00,P1D,fcre,1.6,ensemble,156,Chla_ugL_mean,22.7485624234551
vera4cast,chlorocast_timesfm,2026-10-21 00:00:00,2026-09-29 00:00:00,P1D,fcre,1.6,ensemble,156,Chla_ugL_mean,22.9077260646066
vera4cast,chlorocast_timesfm,2026-10-22 00:00:00,2026-09-29 00:00:00,P1D,fcre,1.6,ensemble,156,Chla_ugL_mean,22.8475368307724
vera4cast,chlorocast_timesfm,2026-10-23 00:00:00,2026-09-29 00:00:00,P1D,fcre,1.6,ensemble,156,Chla_ugL_mean,22.9098180157489
vera4cast,chlorocast_timesfm,2026-10-24 00:00:00,2026-09-29 00:00:00,P1D,fcre,1.6,ensemble,156,Chla_ugL_mean,23.0865071664142
vera4cast,chlorocast_timesfm,2026-10-25 00:00:00,2026-09-29 00:00:00,P1D,fcre,1.6,ensemble,156,Chla_ugL_mean,22.9431180421633
vera4cast,chlorocast_timesfm,2026-10-26 00:00:00,2026-09-29 00:00:00,P1D,fcre,1.6,ensemble,156,Chla_ugL_mean,23.2821608688114
vera4cast,chlorocast_timesfm,2026-10-27 00:00:00,2026-09-29 00:00:00,P1D,fcre,1.6,ensemble,156,Chla_ugL_mean,23.3086499172998
vera4cast,chlorocast_timesfm,2026-10-28 00:00:00,2026-09-29 00:00:00,P1D,fcre,1.6,ensemble,156,Chla_ugL_mean,23.5117239174942
vera4cast,chlorocast_timesfm,2026-10-29 00:00:00,2026-09-29 00:00:00,P1D,fcre,1.6,ensemble,156,Chla_ugL_mean,23.4349393168751
vera4cast,chlorocast_timesfm,2026-10-30 00:00:00,2026-09-29 00:00:00,P1D,fcre,1.6,ensemble,156,Chla_ugL_mean,23.264449893296
vera4cast,chlorocast_timesfm,2026-10-31 00:00:00,2026-09-29 00:00:00,P1D,fcre,1.6,ensemble,156,Chla_ugL_mean,23.5685090374703
vera4cast,chlorocast_timesfm,2026-11-01 00:00:00,2026-09-29 00:00:00,P1D,fcre,1.6,ensemble,156,Chla_ugL_mean,23.9672922106378
vera4cast,chlorocast_timesfm,2026-11-02 00:00:00,2026-09-29 00:00:00,P1D,fcre,1.6,ensemble,156,Chla_ugL_mean,23.7791855541096
vera4cast,chlorocast_timesfm,2026-11-03 00:00:00,2026-09-29 00:00:00,P1D,fcre,1.6,ensemble,156,Chla_ugL_mean,23.7800976608405
vera4cast,chlorocast_timesfm,2026-09-30 00:00:00,2026-09-29 00:00:00,P1D,fcre,1.6,ensemble,157,Chla_ugL_mean,17.4557097655351
vera4cast,chlorocast_timesfm,2026-10-01 00:00:00,2026-09-29 00:00:00,P1D,fcre,1.6,ensemble,157,Chla_ugL_mean,17.9109240973385
vera4cast,chlorocast_timesfm,2026-10-02 00:00:00,2026-09-29 00:00:00,P1D,fcre,1.6,ensemble,157,Chla_ugL_mean,18.1556518413281
vera4cast,chlorocast_timesfm,2026-10-03 00:00:00,2026-09-29 00:00:00,P1D,fcre,1.6,ensemble,157,Chla_ugL_mean,18.7218346148126
vera4cast,chlorocast_timesfm,2026-10-04 00:00:00,2026-09-29 00:00:00,P1D,fcre,1.6,ensemble,157,Chla_ugL_mean,18.8652917148375
vera4cast,chlorocast_timesfm,2026-10-05 00:00:00,2026-09-29 00:00:00,P1D,fcre,1.6,ensemble,157,Chla_ugL_mean,18.9320498786416
vera4cast,chlorocast_timesfm,2026-10-06 00:00:00,2026-09-29 00:00:00,P1D,fcre,1.6,ensemble,157,Chla_ugL_mean,19.4750199187052
vera4cast,chlorocast_timesfm,2026-10-07 00:00:00,2026-09-29 00:00:00,P1D,fcre,1.6,ensemble,157,Chla_ugL_mean,19.5166147499842
vera4cast,chlorocast_timesfm,2026-10-08 00:00:00,2026-09-29 00:00:00,P1D,fcre,1.6,ensemble,157,Chla_ugL_mean,19.882945266209
vera4cast,chlorocast_timesfm,2026-10-09 00:00:00,2026-09-29 00:00:00,P1D,fcre,1.6,ensemble,157,Chla_ugL_mean,20.1947473737891
vera4cast,chlorocast_timesfm,2026-10-10 00:00:00,2026-09-29 00:00:00,P1D,fcre,1.6,ensemble,157,Chla_ugL_mean,20.0312553647927
vera4cast,chlorocast_timesfm,2026-10-11 00:00:00,2026-09-29 00:00:00,P1D,fcre,1.6,ensemble,157,Chla_ugL_mean,20.2058529972732
vera4cast,chlorocast_timesfm,2026-10-12 00:00:00,2026-09-29 00:00:00,P1D,fcre,1.6,ensemble,157,Chla_ugL_mean,20.3953144564564
vera4cast,chlorocast_timesfm,2026-10-13 00:00:00,2026-09-29 00:00:00,P1D,fcre,1.6,ensemble,157,Chla_ugL_mean,20.7348795277298
vera4cast,chlorocast_timesfm,2026-10-14 00:00:00,2026-09-29 00:00:00,P1D,fcre,1.6,ensemble,157,Chla_ugL_mean,21.0632120734816
vera4cast,chlorocast_timesfm,2026-10-15 00:00:00,2026-09-29 00:00:00,P1D,fcre,1.6,ensemble,157,Chla_ugL_mean,21.6135909213302
vera4cast,chlorocast_timesfm,2026-10-16 00:00:00,2026-09-29 00:00:00,P1D,fcre,1.6,ensemble,157,Chla_ugL_mean,21.9151497506196
vera4cast,chlorocast_timesfm,2026-10-17 00:00:00,2026-09-29 00:00:00,P1D,fcre,1.6,ensemble,157,Chla_ugL_mean,22.3105675347427
vera4cast,chlorocast_timesfm,2026-10-18 00:00:00,2026-09-29 00:00:00,P1D,fcre,1.6,ensemble,157,Chla_ugL_mean,22.7479809984971
vera4cast,chlorocast_timesfm,2026-10-19 00:00:00,2026-09-29 00:00:00,P1D,fcre,1.6,ensemble,157,Chla_ugL_mean,23.0305567677796
vera4cast,chlorocast_timesfm,2026-10-20 00:00:00,2026-09-29 00:00:00,P1D,fcre,1.6,ensemble,157,Chla_ugL_mean,23.0400213269692
vera4cast,chlorocast_timesfm,2026-10-21 00:00:00,2026-09-29 00:00:00,P1D,fcre,1.6,ensemble,157,Chla_ugL_mean,23.2328979312756
vera4cast,chlorocast_timesfm,2026-10-22 00:00:00,2026-09-29 00:00:00,P1D,fcre,1.6,ensemble,157,Chla_ugL_mean,23.1649765704536
vera4cast,chlorocast_timesfm,2026-10-23 00:00:00,2026-09-29 00:00:00,P1D,fcre,1.6,ensemble,157,Chla_ugL_mean,23.2260967661464
vera4cast,chlorocast_timesfm,2026-10-24 00:00:00,2026-09-29 00:00:00,P1D,fcre,1.6,ensemble,157,Chla_ugL_mean,23.3906010690612
vera4cast,chlorocast_timesfm,2026-10-25 00:00:00,2026-09-29 00:00:00,P1D,fcre,1.6,ensemble,157,Chla_ugL_mean,23.2633056050991
vera4cast,chlorocast_timesfm,2026-10-26 00:00:00,2026-09-29 00:00:00,P1D,fcre,1.6,ensemble,157,Chla_ugL_mean,23.5897032778414
vera4cast,chlorocast_timesfm,2026-10-27 00:00:00,2026-09-29 00:00:00,P1D,fcre,1.6,ensemble,157,Chla_ugL_mean,23.6265325798881
vera4cast,chlorocast_timesfm,2026-10-28 00:00:00,2026-09-29 00:00:00,P1D,fcre,1.6,ensemble,157,Chla_ugL_mean,23.8400358621447
vera4cast,chlorocast_timesfm,2026-10-29 00:00:00,2026-09-29 00:00:00,P1D,fcre,1.6,ensemble,157,Chla_ugL_mean,23.766297631884
vera4cast,chlorocast_timesfm,2026-10-30 00:00:00,2026-09-29 00:00:00,P1D,fcre,1.6,ensemble,157,Chla_ugL_mean,23.57881228269
vera4cast,chlorocast_timesfm,2026-10-31 00:00:00,2026-09-29 00:00:00,P1D,fcre,1.6,ensemble,157,Chla_ugL_mean,23.8827819452883
vera4cast,chlorocast_timesfm,2026-11-01 00:00:00,2026-09-29 00:00:00,P1D,fcre,1.6,ensemble,157,Chla_ugL_mean,24.2985357768401
vera4cast,chlorocast_timesfm,2026-11-02 00:00:00,2026-09-29 00:00:00,P1D,fcre,1.6,ensemble,157,Chla_ugL_mean,24.113384831139
vera4cast,chlorocast_timesfm,2026-11-03 00:00:00,2026-09-29 00:00:00,P1D,fcre,1.6,ensemble,157,Chla_ugL_mean,24.1111741578125
vera4cast,chlorocast_timesfm,2026-09-30 00:00:00,2026-09-29 00:00:00,P1D,fcre,1.6,ensemble,158,Chla_ugL_mean,17.6436584253092
vera4cast,chlorocast_timesfm,2026-10-01 00:00:00,2026-09-29 00:00:00,P1D,fcre,1.6,ensemble,158,Chla_ugL_mean,18.105692842129
vera4cast,chlorocast_timesfm,2026-10-02 00:00:00,2026-09-29 00:00:00,P1D,fcre,1.6,ensemble,158,Chla_ugL_mean,18.3465480364234
vera4cast,chlorocast_timesfm,2026-10-03 00:00:00,2026-09-29 00:00:00,P1D,fcre,1.6,ensemble,158,Chla_ugL_mean,18.9387685507356
vera4cast,chlorocast_timesfm,2026-10-04 00:00:00,2026-09-29 00:00:00,P1D,fcre,1.6,ensemble,158,Chla_ugL_mean,19.0797640182011
vera4cast,chlorocast_timesfm,2026-10-05 00:00:00,2026-09-29 00:00:00,P1D,fcre,1.6,ensemble,158,Chla_ugL_mean,19.1442196168895
vera4cast,chlorocast_timesfm,2026-10-06 00:00:00,2026-09-29 00:00:00,P1D,fcre,1.6,ensemble,158,Chla_ugL_mean,19.7092516698852
vera4cast,chlorocast_timesfm,2026-10-07 00:00:00,2026-09-29 00:00:00,P1D,fcre,1.6,ensemble,158,Chla_ugL_mean,19.7560742260737
vera4cast,chlorocast_timesfm,2026-10-08 00:00:00,2026-09-29 00:00:00,P1D,fcre,1.6,ensemble,158,Chla_ugL_mean,20.1365853138616
vera4cast,chlorocast_timesfm,2026-10-09 00:00:00,2026-09-29 00:00:00,P1D,fcre,1.6,ensemble,158,Chla_ugL_mean,20.443225829329
vera4cast,chlorocast_timesfm,2026-10-10 00:00:00,2026-09-29 00:00:00,P1D,fcre,1.6,ensemble,158,Chla_ugL_mean,20.2775323572027
vera4cast,chlorocast_timesfm,2026-10-11 00:00:00,2026-09-29 00:00:00,P1D,fcre,1.6,ensemble,158,Chla_ugL_mean,20.4491839356682
vera4cast,chlorocast_timesfm,2026-10-12 00:00:00,2026-09-29 00:00:00,P1D,fcre,1.6,ensemble,158,Chla_ugL_mean,20.6595985474826
vera4cast,chlorocast_timesfm,2026-10-13 00:00:00,2026-09-29 00:00:00,P1D,fcre,1.6,ensemble,158,Chla_ugL_mean,20.9991226566517
vera4cast,chlorocast_timesfm,2026-10-14 00:00:00,2026-09-29 00:00:00,P1D,fcre,1.6,ensemble,158,Chla_ugL_mean,21.3313928805349
vera4cast,chlorocast_timesfm,2026-10-15 00:00:00,2026-09-29 00:00:00,P1D,fcre,1.6,ensemble,158,Chla_ugL_mean,21.8885839484655
vera4cast,chlorocast_timesfm,2026-10-16 00:00:00,2026-09-29 00:00:00,P1D,fcre,1.6,ensemble,158,Chla_ugL_mean,22.1913121506641
vera4cast,chlorocast_timesfm,2026-10-17 00:00:00,2026-09-29 00:00:00,P1D,fcre,1.6,ensemble,158,Chla_ugL_mean,22.5851185632219
vera4cast,chlorocast_timesfm,2026-10-18 00:00:00,2026-09-29 00:00:00,P1D,fcre,1.6,ensemble,158,Chla_ugL_mean,23.055953073145
vera4cast,chlorocast_timesfm,2026-10-19 00:00:00,2026-09-29 00:00:00,P1D,fcre,1.6,ensemble,158,Chla_ugL_mean,23.3481499790437
vera4cast,chlorocast_timesfm,2026-10-20 00:00:00,2026-09-29 00:00:00,P1D,fcre,1.6,ensemble,158,Chla_ugL_mean,23.3350572172047
vera4cast,chlorocast_timesfm,2026-10-21 00:00:00,2026-09-29 00:00:00,P1D,fcre,1.6,ensemble,158,Chla_ugL_mean,23.5624924997351
vera4cast,chlorocast_timesfm,2026-10-22 00:00:00,2026-09-29 00:00:00,P1D,fcre,1.6,ensemble,158,Chla_ugL_mean,23.4866418194208
vera4cast,chlorocast_timesfm,2026-10-23 00:00:00,2026-09-29 00:00:00,P1D,fcre,1.6,ensemble,158,Chla_ugL_mean,23.5465592475906
vera4cast,chlorocast_timesfm,2026-10-24 00:00:00,2026-09-29 00:00:00,P1D,fcre,1.6,ensemble,158,Chla_ugL_mean,23.6985341793188
vera4cast,chlorocast_timesfm,2026-10-25 00:00:00,2026-09-29 00:00:00,P1D,fcre,1.6,ensemble,158,Chla_ugL_mean,23.5877749861039
vera4cast,chlorocast_timesfm,2026-10-26 00:00:00,2026-09-29 00:00:00,P1D,fcre,1.6,ensemble,158,Chla_ugL_mean,23.9011408234641
vera4cast,chlorocast_timesfm,2026-10-27 00:00:00,2026-09-29 00:00:00,P1D,fcre,1.6,ensemble,158,Chla_ugL_mean,23.9485721737547
vera4cast,chlorocast_timesfm,2026-10-28 00:00:00,2026-09-29 00:00:00,P1D,fcre,1.6,ensemble,158,Chla_ugL_mean,24.1727452426248
vera4cast,chlorocast_timesfm,2026-10-29 00:00:00,2026-09-29 00:00:00,P1D,fcre,1.6,ensemble,158,Chla_ugL_mean,24.1021494441552
vera4cast,chlorocast_timesfm,2026-10-30 00:00:00,2026-09-29 00:00:00,P1D,fcre,1.6,ensemble,158,Chla_ugL_mean,23.8972474498433
vera4cast,chlorocast_timesfm,2026-10-31 00:00:00,2026-09-29 00:00:00,P1D,fcre,1.6,ensemble,158,Chla_ugL_mean,24.2010749367197
vera4cast,chlorocast_timesfm,2026-11-01 00:00:00,2026-09-29 00:00:00,P1D,fcre,1.6,ensemble,158,Chla_ugL_mean,24.6341739846088
vera4cast,chlorocast_timesfm,2026-11-02 00:00:00,2026-09-29 00:00:00,P1D,fcre,1.6,ensemble,158,Chla_ugL_mean,24.4520914862063
vera4cast,chlorocast_timesfm,2026-11-03 00:00:00,2026-09-29 00:00:00,P1D,fcre,1.6,ensemble,158,Chla_ugL_mean,24.4466740290725
vera4cast,chlorocast_timesfm,2026-09-30 00:00:00,2026-09-29 00:00:00,P1D,fcre,1.6,ensemble,159,Chla_ugL_mean,17.8335211105616
vera4cast,chlorocast_timesfm,2026-10-01 00:00:00,2026-09-29 00:00:00,P1D,fcre,1.6,ensemble,159,Chla_ugL_mean,18.3024675631348
vera4cast,chlorocast_timesfm,2026-10-02 00:00:00,2026-09-29 00:00:00,P1D,fcre,1.6,ensemble,159,Chla_ugL_mean,18.5393466129987
vera4cast,chlorocast_timesfm,2026-10-03 00:00:00,2026-09-29 00:00:00,P1D,fcre,1.6,ensemble,159,Chla_ugL_mean,19.1580886912624
vera4cast,chlorocast_timesfm,2026-10-04 00:00:00,2026-09-29 00:00:00,P1D,fcre,1.6,ensemble,159,Chla_ugL_mean,19.2965518359588
vera4cast,chlorocast_timesfm,2026-10-05 00:00:00,2026-09-29 00:00:00,P1D,fcre,1.6,ensemble,159,Chla_ugL_mean,19.3586478282048
vera4cast,chlorocast_timesfm,2026-10-06 00:00:00,2026-09-29 00:00:00,P1D,fcre,1.6,ensemble,159,Chla_ugL_mean,19.9461630039656
vera4cast,chlorocast_timesfm,2026-10-07 00:00:00,2026-09-29 00:00:00,P1D,fcre,1.6,ensemble,159,Chla_ugL_mean,19.9983285511861
vera4cast,chlorocast_timesfm,2026-10-08 00:00:00,2026-09-29 00:00:00,P1D,fcre,1.6,ensemble,159,Chla_ugL_mean,20.3933060224532
vera4cast,chlorocast_timesfm,2026-10-09 00:00:00,2026-09-29 00:00:00,P1D,fcre,1.6,ensemble,159,Chla_ugL_mean,20.6946173435517
vera4cast,chlorocast_timesfm,2026-10-10 00:00:00,2026-09-29 00:00:00,P1D,fcre,1.6,ensemble,159,Chla_ugL_mean,20.5266932648113
vera4cast,chlorocast_timesfm,2026-10-11 00:00:00,2026-09-29 00:00:00,P1D,fcre,1.6,ensemble,159,Chla_ugL_mean,20.6953070251542
vera4cast,chlorocast_timesfm,2026-10-12 00:00:00,2026-09-29 00:00:00,P1D,fcre,1.6,ensemble,159,Chla_ugL_mean,20.9271471888342
vera4cast,chlorocast_timesfm,2026-10-13 00:00:00,2026-09-29 00:00:00,P1D,fcre,1.6,ensemble,159,Chla_ugL_mean,21.2665783375961
vera4cast,chlorocast_timesfm,2026-10-14 00:00:00,2026-09-29 00:00:00,P1D,fcre,1.6,ensemble,159,Chla_ugL_mean,21.6028334552517
vera4cast,chlorocast_timesfm,2026-10-15 00:00:00,2026-09-29 00:00:00,P1D,fcre,1.6,ensemble,159,Chla_ugL_mean,22.1669210338371
vera4cast,chlorocast_timesfm,2026-10-16 00:00:00,2026-09-29 00:00:00,P1D,fcre,1.6,ensemble,159,Chla_ugL_mean,22.470802727571
vera4cast,chlorocast_timesfm,2026-10-17 00:00:00,2026-09-29 00:00:00,P1D,fcre,1.6,ensemble,159,Chla_ugL_mean,22.8629032438688
vera4cast,chlorocast_timesfm,2026-10-18 00:00:00,2026-09-29 00:00:00,P1D,fcre,1.6,ensemble,159,Chla_ugL_mean,23.3679190367375
vera4cast,chlorocast_timesfm,2026-10-19 00:00:00,2026-09-29 00:00:00,P1D,fcre,1.6,ensemble,159,Chla_ugL_mean,23.6699405731988
vera4cast,chlorocast_timesfm,2026-10-20 00:00:00,2026-09-29 00:00:00,P1D,fcre,1.6,ensemble,159,Chla_ugL_mean,23.6337139934345
vera4cast,chlorocast_timesfm,2026-10-21 00:00:00,2026-09-29 00:00:00,P1D,fcre,1.6,ensemble,159,Chla_ugL_mean,23.8965699236857
vera4cast,chlorocast_timesfm,2026-10-22 00:00:00,2026-09-29 00:00:00,P1D,fcre,1.6,ensemble,159,Chla_ugL_mean,23.8125888243455
vera4cast,chlorocast_timesfm,2026-10-23 00:00:00,2026-09-29 00:00:00,P1D,fcre,1.6,ensemble,159,Chla_ugL_mean,23.8712608024194
vera4cast,chlorocast_timesfm,2026-10-24 00:00:00,2026-09-29 00:00:00,P1D,fcre,1.6,ensemble,159,Chla_ugL_mean,24.0103549674621
vera4cast,chlorocast_timesfm,2026-10-25 00:00:00,2026-09-29 00:00:00,P1D,fcre,1.6,ensemble,159,Chla_ugL_mean,23.9165834452591
vera4cast,chlorocast_timesfm,2026-10-26 00:00:00,2026-09-29 00:00:00,P1D,fcre,1.6,ensemble,159,Chla_ugL_mean,24.2165228390029
vera4cast,chlorocast_timesfm,2026-10-27 00:00:00,2026-09-29 00:00:00,P1D,fcre,1.6,ensemble,159,Chla_ugL_mean,24.2748230588244
vera4cast,chlorocast_timesfm,2026-10-28 00:00:00,2026-09-29 00:00:00,P1D,fcre,1.6,ensemble,159,Chla_ugL_mean,24.5099109585335
vera4cast,chlorocast_timesfm,2026-10-29 00:00:00,2026-09-29 00:00:00,P1D,fcre,1.6,ensemble,159,Chla_ugL_mean,24.4425556892884
vera4cast,chlorocast_timesfm,2026-10-30 00:00:00,2026-09-29 00:00:00,P1D,fcre,1.6,ensemble,159,Chla_ugL_mean,24.2198081603513
vera4cast,chlorocast_timesfm,2026-10-31 00:00:00,2026-09-29 00:00:00,P1D,fcre,1.6,ensemble,159,Chla_ugL_mean,24.5234394354535
vera4cast,chlorocast_timesfm,2026-11-01 00:00:00,2026-09-29 00:00:00,P1D,fcre,1.6,ensemble,159,Chla_ugL_mean,24.9742651380938
vera4cast,chlorocast_timesfm,2026-11-02 00:00:00,2026-09-29 00:00:00,P1D,fcre,1.6,ensemble,159,Chla_ugL_mean,24.7953663107562
vera4cast,chlorocast_timesfm,2026-11-03 00:00:00,2026-09-29 00:00:00,P1D,fcre,1.6,ensemble,159,Chla_ugL_mean,24.78665637347
vera4cast,chlorocast_timesfm,2026-09-30 00:00:00,2026-09-29 00:00:00,P1D,fcre,1.6,ensemble,160,Chla_ugL_mean,18.0503624599015
vera4cast,chlorocast_timesfm,2026-10-01 00:00:00,2026-09-29 00:00:00,P1D,fcre,1.6,ensemble,160,Chla_ugL_mean,18.5290339160777
vera4cast,chlorocast_timesfm,2026-10-02 00:00:00,2026-09-29 00:00:00,P1D,fcre,1.6,ensemble,160,Chla_ugL_mean,18.7659765929635
vera4cast,chlorocast_timesfm,2026-10-03 00:00:00,2026-09-29 00:00:00,P1D,fcre,1.6,ensemble,160,Chla_ugL_mean,19.4006103898438
vera4cast,chlorocast_timesfm,2026-10-04 00:00:00,2026-09-29 00:00:00,P1D,fcre,1.6,ensemble,160,Chla_ugL_mean,19.5464162784123
vera4cast,chlorocast_timesfm,2026-10-05 00:00:00,2026-09-29 00:00:00,P1D,fcre,1.6,ensemble,160,Chla_ugL_mean,19.6105258528743
vera4cast,chlorocast_timesfm,2026-10-06 00:00:00,2026-09-29 00:00:00,P1D,fcre,1.6,ensemble,160,Chla_ugL_mean,20.2187670267418
vera4cast,chlorocast_timesfm,2026-10-07 00:00:00,2026-09-29 00:00:00,P1D,fcre,1.6,ensemble,160,Chla_ugL_mean,20.2710687578337
vera4cast,chlorocast_timesfm,2026-10-08 00:00:00,2026-09-29 00:00:00,P1D,fcre,1.6,ensemble,160,Chla_ugL_mean,20.6807643892777
vera4cast,chlorocast_timesfm,2026-10-09 00:00:00,2026-09-29 00:00:00,P1D,fcre,1.6,ensemble,160,Chla_ugL_mean,20.9853297869535
vera4cast,chlorocast_timesfm,2026-10-10 00:00:00,2026-09-29 00:00:00,P1D,fcre,1.6,ensemble,160,Chla_ugL_mean,20.8174307017405
vera4cast,chlorocast_timesfm,2026-10-11 00:00:00,2026-09-29 00:00:00,P1D,fcre,1.6,ensemble,160,Chla_ugL_mean,20.9857930642699
vera4cast,chlorocast_timesfm,2026-10-12 00:00:00,2026-09-29 00:00:00,P1D,fcre,1.6,ensemble,160,Chla_ugL_mean,21.231693593899
vera4cast,chlorocast_timesfm,2026-10-13 00:00:00,2026-09-29 00:00:00,P1D,fcre,1.6,ensemble,160,Chla_ugL_mean,21.5725538564324
vera4cast,chlorocast_timesfm,2026-10-14 00:00:00,2026-09-29 00:00:00,P1D,fcre,1.6,ensemble,160,Chla_ugL_mean,21.9162909152884
vera4cast,chlorocast_timesfm,2026-10-15 00:00:00,2026-09-29 00:00:00,P1D,fcre,1.6,ensemble,160,Chla_ugL_mean,22.4872331294692
vera4cast,chlorocast_timesfm,2026-10-16 00:00:00,2026-09-29 00:00:00,P1D,fcre,1.6,ensemble,160,Chla_ugL_mean,22.8036143570782
vera4cast,chlorocast_timesfm,2026-10-17 00:00:00,2026-09-29 00:00:00,P1D,fcre,1.6,ensemble,160,Chla_ugL_mean,23.1908196275508
vera4cast,chlorocast_timesfm,2026-10-18 00:00:00,2026-09-29 00:00:00,P1D,fcre,1.6,ensemble,160,Chla_ugL_mean,23.7192510494265
vera4cast,chlorocast_timesfm,2026-10-19 00:00:00,2026-09-29 00:00:00,P1D,fcre,1.6,ensemble,160,Chla_ugL_mean,24.033124253957
vera4cast,chlorocast_timesfm,2026-10-20 00:00:00,2026-09-29 00:00:00,P1D,fcre,1.6,ensemble,160,Chla_ugL_mean,23.9819219570381
vera4cast,chlorocast_timesfm,2026-10-21 00:00:00,2026-09-29 00:00:00,P1D,fcre,1.6,ensemble,160,Chla_ugL_mean,24.2713503906634
vera4cast,chlorocast_timesfm,2026-10-22 00:00:00,2026-09-29 00:00:00,P1D,fcre,1.6,ensemble,160,Chla_ugL_mean,24.1814874851892
vera4cast,chlorocast_timesfm,2026-10-23 00:00:00,2026-09-29 00:00:00,P1D,fcre,1.6,ensemble,160,Chla_ugL_mean,24.2379605974763
vera4cast,chlorocast_timesfm,2026-10-24 00:00:00,2026-09-29 00:00:00,P1D,fcre,1.6,ensemble,160,Chla_ugL_mean,24.3736353552674
vera4cast,chlorocast_timesfm,2026-10-25 00:00:00,2026-09-29 00:00:00,P1D,fcre,1.6,ensemble,160,Chla_ugL_mean,24.2937722898456
vera4cast,chlorocast_timesfm,2026-10-26 00:00:00,2026-09-29 00:00:00,P1D,fcre,1.6,ensemble,160,Chla_ugL_mean,24.5815147126095
vera4cast,chlorocast_timesfm,2026-10-27 00:00:00,2026-09-29 00:00:00,P1D,fcre,1.6,ensemble,160,Chla_ugL_mean,24.6485870952434
vera4cast,chlorocast_timesfm,2026-10-28 00:00:00,2026-09-29 00:00:00,P1D,fcre,1.6,ensemble,160,Chla_ugL_mean,24.8908445344872
vera4cast,chlorocast_timesfm,2026-10-29 00:00:00,2026-09-29 00:00:00,P1D,fcre,1.6,ensemble,160,Chla_ugL_mean,24.8261129653044
vera4cast,chlorocast_timesfm,2026-10-30 00:00:00,2026-09-29 00:00:00,P1D,fcre,1.6,ensemble,160,Chla_ugL_mean,24.593145045234
vera4cast,chlorocast_timesfm,2026-10-31 00:00:00,2026-09-29 00:00:00,P1D,fcre,1.6,ensemble,160,Chla_ugL_mean,24.9016575761526
vera4cast,chlorocast_timesfm,2026-11-01 00:00:00,2026-09-29 00:00:00,P1D,fcre,1.6,ensemble,160,Chla_ugL_mean,25.3618583749495
vera4cast,chlorocast_timesfm,2026-11-02 00:00:00,2026-09-29 00:00:00,P1D,fcre,1.6,ensemble,160,Chla_ugL_mean,25.1856491591763
vera4cast,chlorocast_timesfm,2026-11-03 00:00:00,2026-09-29 00:00:00,P1D,fcre,1.6,ensemble,160,Chla_ugL_mean,25.173680836613
vera4cast,chlorocast_timesfm,2026-09-30 00:00:00,2026-09-29 00:00:00,P1D,fcre,1.6,ensemble,161,Chla_ugL_mean,18.3289417123782
vera4cast,chlorocast_timesfm,2026-10-01 00:00:00,2026-09-29 00:00:00,P1D,fcre,1.6,ensemble,161,Chla_ugL_mean,18.8239606827439
vera4cast,chlorocast_timesfm,2026-10-02 00:00:00,2026-09-29 00:00:00,P1D,fcre,1.6,ensemble,161,Chla_ugL_mean,19.070758722469
vera4cast,chlorocast_timesfm,2026-10-03 00:00:00,2026-09-29 00:00:00,P1D,fcre,1.6,ensemble,161,Chla_ugL_mean,19.6952248759331
vera4cast,chlorocast_timesfm,2026-10-04 00:00:00,2026-09-29 00:00:00,P1D,fcre,1.6,ensemble,161,Chla_ugL_mean,19.8721386099716
vera4cast,chlorocast_timesfm,2026-10-05 00:00:00,2026-09-29 00:00:00,P1D,fcre,1.6,ensemble,161,Chla_ugL_mean,19.9488291924411
vera4cast,chlorocast_timesfm,2026-10-06 00:00:00,2026-09-29 00:00:00,P1D,fcre,1.6,ensemble,161,Chla_ugL_mean,20.5730819196444
vera4cast,chlorocast_timesfm,2026-10-07 00:00:00,2026-09-29 00:00:00,P1D,fcre,1.6,ensemble,161,Chla_ugL_mean,20.6128679731758
vera4cast,chlorocast_timesfm,2026-10-08 00:00:00,2026-09-29 00:00:00,P1D,fcre,1.6,ensemble,161,Chla_ugL_mean,21.0375358460443
vera4cast,chlorocast_timesfm,2026-10-09 00:00:00,2026-09-29 00:00:00,P1D,fcre,1.6,ensemble,161,Chla_ugL_mean,21.3661848843038
vera4cast,chlorocast_timesfm,2026-10-10 00:00:00,2026-09-29 00:00:00,P1D,fcre,1.6,ensemble,161,Chla_ugL_mean,21.2037877457915
vera4cast,chlorocast_timesfm,2026-10-11 00:00:00,2026-09-29 00:00:00,P1D,fcre,1.6,ensemble,161,Chla_ugL_mean,21.378700177417
vera4cast,chlorocast_timesfm,2026-10-12 00:00:00,2026-09-29 00:00:00,P1D,fcre,1.6,ensemble,161,Chla_ugL_mean,21.6203802725799
vera4cast,chlorocast_timesfm,2026-10-13 00:00:00,2026-09-29 00:00:00,P1D,fcre,1.6,ensemble,161,Chla_ugL_mean,21.96637501467
vera4cast,chlorocast_timesfm,2026-10-14 00:00:00,2026-09-29 00:00:00,P1D,fcre,1.6,ensemble,161,Chla_ugL_mean,22.3259476416916
vera4cast,chlorocast_timesfm,2026-10-15 00:00:00,2026-09-29 00:00:00,P1D,fcre,1.6,ensemble,161,Chla_ugL_mean,22.9035135002152
vera4cast,chlorocast_timesfm,2026-10-16 00:00:00,2026-09-29 00:00:00,P1D,fcre,1.6,ensemble,161,Chla_ugL_mean,23.2597690977488
vera4cast,chlorocast_timesfm,2026-10-17 00:00:00,2026-09-29 00:00:00,P1D,fcre,1.6,ensemble,161,Chla_ugL_mean,23.6344434240013
vera4cast,chlorocast_timesfm,2026-10-18 00:00:00,2026-09-29 00:00:00,P1D,fcre,1.6,ensemble,161,Chla_ugL_mean,24.1594504249055
vera4cast,chlorocast_timesfm,2026-10-19 00:00:00,2026-09-29 00:00:00,P1D,fcre,1.6,ensemble,161,Chla_ugL_mean,24.4898088578346
vera4cast,chlorocast_timesfm,2026-10-20 00:00:00,2026-09-29 00:00:00,P1D,fcre,1.6,ensemble,161,Chla_ugL_mean,24.4439657176919
vera4cast,chlorocast_timesfm,2026-10-21 00:00:00,2026-09-29 00:00:00,P1D,fcre,1.6,ensemble,161,Chla_ugL_mean,24.7376188591958
vera4cast,chlorocast_timesfm,2026-10-22 00:00:00,2026-09-29 00:00:00,P1D,fcre,1.6,ensemble,161,Chla_ugL_mean,24.6475411886888
vera4cast,chlorocast_timesfm,2026-10-23 00:00:00,2026-09-29 00:00:00,P1D,fcre,1.6,ensemble,161,Chla_ugL_mean,24.6995606966797
vera4cast,chlorocast_timesfm,2026-10-24 00:00:00,2026-09-29 00:00:00,P1D,fcre,1.6,ensemble,161,Chla_ugL_mean,24.8550418557994
vera4cast,chlorocast_timesfm,2026-10-25 00:00:00,2026-09-29 00:00:00,P1D,fcre,1.6,ensemble,161,Chla_ugL_mean,24.7811549786225
vera4cast,chlorocast_timesfm,2026-10-26 00:00:00,2026-09-29 00:00:00,P1D,fcre,1.6,ensemble,161,Chla_ugL_mean,25.0600879089249
vera4cast,chlorocast_timesfm,2026-10-27 00:00:00,2026-09-29 00:00:00,P1D,fcre,1.6,ensemble,161,Chla_ugL_mean,25.1305682456126
vera4cast,chlorocast_timesfm,2026-10-28 00:00:00,2026-09-29 00:00:00,P1D,fcre,1.6,ensemble,161,Chla_ugL_mean,25.3706571675291
vera4cast,chlorocast_timesfm,2026-10-29 00:00:00,2026-09-29 00:00:00,P1D,fcre,1.6,ensemble,161,Chla_ugL_mean,25.3069501095929
vera4cast,chlorocast_timesfm,2026-10-30 00:00:00,2026-09-29 00:00:00,P1D,fcre,1.6,ensemble,161,Chla_ugL_mean,25.0826805261654
vera4cast,chlorocast_timesfm,2026-10-31 00:00:00,2026-09-29 00:00:00,P1D,fcre,1.6,ensemble,161,Chla_ugL_mean,25.408381334373
vera4cast,chlorocast_timesfm,2026-11-01 00:00:00,2026-09-29 00:00:00,P1D,fcre,1.6,ensemble,161,Chla_ugL_mean,25.8573197036874
vera4cast,chlorocast_timesfm,2026-11-02 00:00:00,2026-09-29 00:00:00,P1D,fcre,1.6,ensemble,161,Chla_ugL_mean,25.6824870127185
vera4cast,chlorocast_timesfm,2026-11-03 00:00:00,2026-09-29 00:00:00,P1D,fcre,1.6,ensemble,161,Chla_ugL_mean,25.667441531221
vera4cast,chlorocast_timesfm,2026-09-30 00:00:00,2026-09-29 00:00:00,P1D,fcre,1.6,ensemble,162,Chla_ugL_mean,18.6115947141116
vera4cast,chlorocast_timesfm,2026-10-01 00:00:00,2026-09-29 00:00:00,P1D,fcre,1.6,ensemble,162,Chla_ugL_mean,19.1233414228157
vera4cast,chlorocast_timesfm,2026-10-02 00:00:00,2026-09-29 00:00:00,P1D,fcre,1.6,ensemble,162,Chla_ugL_mean,19.3802404500959
vera4cast,chlorocast_timesfm,2026-10-03 00:00:00,2026-09-29 00:00:00,P1D,fcre,1.6,ensemble,162,Chla_ugL_mean,19.9940940237093
vera4cast,chlorocast_timesfm,2026-10-04 00:00:00,2026-09-29 00:00:00,P1D,fcre,1.6,ensemble,162,Chla_ugL_mean,20.2030246175628
vera4cast,chlorocast_timesfm,2026-10-05 00:00:00,2026-09-29 00:00:00,P1D,fcre,1.6,ensemble,162,Chla_ugL_mean,20.2926854786128
vera4cast,chlorocast_timesfm,2026-10-06 00:00:00,2026-09-29 00:00:00,P1D,fcre,1.6,ensemble,162,Chla_ugL_mean,20.9333132281038
vera4cast,chlorocast_timesfm,2026-10-07 00:00:00,2026-09-29 00:00:00,P1D,fcre,1.6,ensemble,162,Chla_ugL_mean,20.9601594703087
vera4cast,chlorocast_timesfm,2026-10-08 00:00:00,2026-09-29 00:00:00,P1D,fcre,1.6,ensemble,162,Chla_ugL_mean,21.4001782153894
vera4cast,chlorocast_timesfm,2026-10-09 00:00:00,2026-09-29 00:00:00,P1D,fcre,1.6,ensemble,162,Chla_ugL_mean,21.7536375904497
vera4cast,chlorocast_timesfm,2026-10-10 00:00:00,2026-09-29 00:00:00,P1D,fcre,1.6,ensemble,162,Chla_ugL_mean,21.5969866479663
vera4cast,chlorocast_timesfm,2026-10-11 00:00:00,2026-09-29 00:00:00,P1D,fcre,1.6,ensemble,162,Chla_ugL_mean,21.7786289158068
vera4cast,chlorocast_timesfm,2026-10-12 00:00:00,2026-09-29 00:00:00,P1D,fcre,1.6,ensemble,162,Chla_ugL_mean,22.0158625349415
vera4cast,chlorocast_timesfm,2026-10-13 00:00:00,2026-09-29 00:00:00,P1D,fcre,1.6,ensemble,162,Chla_ugL_mean,22.3670671324658
vera4cast,chlorocast_timesfm,2026-10-14 00:00:00,2026-09-29 00:00:00,P1D,fcre,1.6,ensemble,162,Chla_ugL_mean,22.7429274830835
vera4cast,chlorocast_timesfm,2026-10-15 00:00:00,2026-09-29 00:00:00,P1D,fcre,1.6,ensemble,162,Chla_ugL_mean,23.3271718939966
vera4cast,chlorocast_timesfm,2026-10-16 00:00:00,2026-09-29 00:00:00,P1D,fcre,1.6,ensemble,162,Chla_ugL_mean,23.7246652482034
vera4cast,chlorocast_timesfm,2026-10-17 00:00:00,2026-09-29 00:00:00,P1D,fcre,1.6,ensemble,162,Chla_ugL_mean,24.0862026237083
vera4cast,chlorocast_timesfm,2026-10-18 00:00:00,2026-09-29 00:00:00,P1D,fcre,1.6,ensemble,162,Chla_ugL_mean,24.6074888522144
vera4cast,chlorocast_timesfm,2026-10-19 00:00:00,2026-09-29 00:00:00,P1D,fcre,1.6,ensemble,162,Chla_ugL_mean,24.9548248559602
vera4cast,chlorocast_timesfm,2026-10-20 00:00:00,2026-09-29 00:00:00,P1D,fcre,1.6,ensemble,162,Chla_ugL_mean,24.9145550352938
vera4cast,chlorocast_timesfm,2026-10-21 00:00:00,2026-09-29 00:00:00,P1D,fcre,1.6,ensemble,162,Chla_ugL_mean,25.2124902033713
vera4cast,chlorocast_timesfm,2026-10-22 00:00:00,2026-09-29 00:00:00,P1D,fcre,1.6,ensemble,162,Chla_ugL_mean,25.1222205166544
vera4cast,chlorocast_timesfm,2026-10-23 00:00:00,2026-09-29 00:00:00,P1D,fcre,1.6,ensemble,162,Chla_ugL_mean,25.1696034214574
vera4cast,chlorocast_timesfm,2026-10-24 00:00:00,2026-09-29 00:00:00,P1D,fcre,1.6,ensemble,162,Chla_ugL_mean,25.3455819398921
vera4cast,chlorocast_timesfm,2026-10-25 00:00:00,2026-09-29 00:00:00,P1D,fcre,1.6,ensemble,162,Chla_ugL_mean,25.2779289864402
vera4cast,chlorocast_timesfm,2026-10-26 00:00:00,2026-09-29 00:00:00,P1D,fcre,1.6,ensemble,162,Chla_ugL_mean,25.5476141444487
vera4cast,chlorocast_timesfm,2026-10-27 00:00:00,2026-09-29 00:00:00,P1D,fcre,1.6,ensemble,162,Chla_ugL_mean,25.6216066523697
vera4cast,chlorocast_timesfm,2026-10-28 00:00:00,2026-09-29 00:00:00,P1D,fcre,1.6,ensemble,162,Chla_ugL_mean,25.8593617531885
vera4cast,chlorocast_timesfm,2026-10-29 00:00:00,2026-09-29 00:00:00,P1D,fcre,1.6,ensemble,162,Chla_ugL_mean,25.7967396022135
vera4cast,chlorocast_timesfm,2026-10-30 00:00:00,2026-09-29 00:00:00,P1D,fcre,1.6,ensemble,162,Chla_ugL_mean,25.5815796467224
vera4cast,chlorocast_timesfm,2026-10-31 00:00:00,2026-09-29 00:00:00,P1D,fcre,1.6,ensemble,162,Chla_ugL_mean,25.9250183178915
vera4cast,chlorocast_timesfm,2026-11-01 00:00:00,2026-09-29 00:00:00,P1D,fcre,1.6,ensemble,162,Chla_ugL_mean,26.3620930439224
vera4cast,chlorocast_timesfm,2026-11-02 00:00:00,2026-09-29 00:00:00,P1D,fcre,1.6,ensemble,162,Chla_ugL_mean,26.1887517035032
vera4cast,chlorocast_timesfm,2026-11-03 00:00:00,2026-09-29 00:00:00,P1D,fcre,1.6,ensemble,162,Chla_ugL_mean,26.1705169120232
vera4cast,chlorocast_timesfm,2026-09-30 00:00:00,2026-09-29 00:00:00,P1D,fcre,1.6,ensemble,163,Chla_ugL_mean,18.8983810367777
vera4cast,chlorocast_timesfm,2026-10-01 00:00:00,2026-09-29 00:00:00,P1D,fcre,1.6,ensemble,163,Chla_ugL_mean,19.4272434000387
vera4cast,chlorocast_timesfm,2026-10-02 00:00:00,2026-09-29 00:00:00,P1D,fcre,1.6,ensemble,163,Chla_ugL_mean,19.6944942414529
vera4cast,chlorocast_timesfm,2026-10-03 00:00:00,2026-09-29 00:00:00,P1D,fcre,1.6,ensemble,163,Chla_ugL_mean,20.2972792766753
vera4cast,chlorocast_timesfm,2026-10-04 00:00:00,2026-09-29 00:00:00,P1D,fcre,1.6,ensemble,163,Chla_ugL_mean,20.5391561609404
vera4cast,chlorocast_timesfm,2026-10-05 00:00:00,2026-09-29 00:00:00,P1D,fcre,1.6,ensemble,163,Chla_ugL_mean,20.6421858580393
vera4cast,chlorocast_timesfm,2026-10-06 00:00:00,2026-09-29 00:00:00,P1D,fcre,1.6,ensemble,163,Chla_ugL_mean,21.2995597455203
vera4cast,chlorocast_timesfm,2026-10-07 00:00:00,2026-09-29 00:00:00,P1D,fcre,1.6,ensemble,163,Chla_ugL_mean,21.3130315032654
vera4cast,chlorocast_timesfm,2026-10-08 00:00:00,2026-09-29 00:00:00,P1D,fcre,1.6,ensemble,163,Chla_ugL_mean,21.7687881071001
vera4cast,chlorocast_timesfm,2026-10-09 00:00:00,2026-09-29 00:00:00,P1D,fcre,1.6,ensemble,163,Chla_ugL_mean,22.1478021967376
vera4cast,chlorocast_timesfm,2026-10-10 00:00:00,2026-09-29 00:00:00,P1D,fcre,1.6,ensemble,163,Chla_ugL_mean,21.9971485682731
vera4cast,chlorocast_timesfm,2026-10-11 00:00:00,2026-09-29 00:00:00,P1D,fcre,1.6,ensemble,163,Chla_ugL_mean,22.1857047625864
vera4cast,chlorocast_timesfm,2026-10-12 00:00:00,2026-09-29 00:00:00,P1D,fcre,1.6,ensemble,163,Chla_ugL_mean,22.418259191224
vera4cast,chlorocast_timesfm,2026-10-13 00:00:00,2026-09-29 00:00:00,P1D,fcre,1.6,ensemble,163,Chla_ugL_mean,22.7747500867852
vera4cast,chlorocast_timesfm,2026-10-14 00:00:00,2026-09-29 00:00:00,P1D,fcre,1.6,ensemble,163,Chla_ugL_mean,23.1673613491006
vera4cast,chlorocast_timesfm,2026-10-15 00:00:00,2026-09-29 00:00:00,P1D,fcre,1.6,ensemble,163,Chla_ugL_mean,23.7583390765851
vera4cast,chlorocast_timesfm,2026-10-16 00:00:00,2026-09-29 00:00:00,P1D,fcre,1.6,ensemble,163,Chla_ugL_mean,24.19847032231
vera4cast,chlorocast_timesfm,2026-10-17 00:00:00,2026-09-29 00:00:00,P1D,fcre,1.6,ensemble,163,Chla_ugL_mean,24.5462464179161
vera4cast,chlorocast_timesfm,2026-10-18 00:00:00,2026-09-29 00:00:00,P1D,fcre,1.6,ensemble,163,Chla_ugL_mean,25.0635059288561
vera4cast,chlorocast_timesfm,2026-10-19 00:00:00,2026-09-29 00:00:00,P1D,fcre,1.6,ensemble,163,Chla_ugL_mean,25.4283242397291
vera4cast,chlorocast_timesfm,2026-10-20 00:00:00,2026-09-29 00:00:00,P1D,fcre,1.6,ensemble,163,Chla_ugL_mean,25.393847960985
vera4cast,chlorocast_timesfm,2026-10-21 00:00:00,2026-09-29 00:00:00,P1D,fcre,1.6,ensemble,163,Chla_ugL_mean,25.6961231503491
vera4cast,chlorocast_timesfm,2026-10-22 00:00:00,2026-09-29 00:00:00,P1D,fcre,1.6,ensemble,163,Chla_ugL_mean,25.6056851103397
vera4cast,chlorocast_timesfm,2026-10-23 00:00:00,2026-09-29 00:00:00,P1D,fcre,1.6,ensemble,163,Chla_ugL_mean,25.6482431866953
vera4cast,chlorocast_timesfm,2026-10-24 00:00:00,2026-09-29 00:00:00,P1D,fcre,1.6,ensemble,163,Chla_ugL_mean,25.8454288963327
vera4cast,chlorocast_timesfm,2026-10-25 00:00:00,2026-09-29 00:00:00,P1D,fcre,1.6,ensemble,163,Chla_ugL_mean,25.7842752735079
vera4cast,chlorocast_timesfm,2026-10-26 00:00:00,2026-09-29 00:00:00,P1D,fcre,1.6,ensemble,163,Chla_ugL_mean,26.0442609106151
vera4cast,chlorocast_timesfm,2026-10-27 00:00:00,2026-09-29 00:00:00,P1D,fcre,1.6,ensemble,163,Chla_ugL_mean,26.1218725169703
vera4cast,chlorocast_timesfm,2026-10-28 00:00:00,2026-09-29 00:00:00,P1D,fcre,1.6,ensemble,163,Chla_ugL_mean,26.3571230783341
vera4cast,chlorocast_timesfm,2026-10-29 00:00:00,2026-09-29 00:00:00,P1D,fcre,1.6,ensemble,163,Chla_ugL_mean,26.2956481202658
vera4cast,chlorocast_timesfm,2026-10-30 00:00:00,2026-09-29 00:00:00,P1D,fcre,1.6,ensemble,163,Chla_ugL_mean,26.090021510873
vera4cast,chlorocast_timesfm,2026-10-31 00:00:00,2026-09-29 00:00:00,P1D,fcre,1.6,ensemble,163,Chla_ugL_mean,26.4517624628206
vera4cast,chlorocast_timesfm,2026-11-01 00:00:00,2026-09-29 00:00:00,P1D,fcre,1.6,ensemble,163,Chla_ugL_mean,26.8763534114491
vera4cast,chlorocast_timesfm,2026-11-02 00:00:00,2026-09-29 00:00:00,P1D,fcre,1.6,ensemble,163,Chla_ugL_mean,26.7046220932249
vera4cast,chlorocast_timesfm,2026-11-03 00:00:00,2026-09-29 00:00:00,P1D,fcre,1.6,ensemble,163,Chla_ugL_mean,26.6830826985125
vera4cast,chlorocast_timesfm,2026-09-30 00:00:00,2026-09-29 00:00:00,P1D,fcre,1.6,ensemble,164,Chla_ugL_mean,19.1893611231876
vera4cast,chlorocast_timesfm,2026-10-01 00:00:00,2026-09-29 00:00:00,P1D,fcre,1.6,ensemble,164,Chla_ugL_mean,19.7357348939737
vera4cast,chlorocast_timesfm,2026-10-02 00:00:00,2026-09-29 00:00:00,P1D,fcre,1.6,ensemble,164,Chla_ugL_mean,20.0135936795345
vera4cast,chlorocast_timesfm,2026-10-03 00:00:00,2026-09-29 00:00:00,P1D,fcre,1.6,ensemble,164,Chla_ugL_mean,20.6048429656677
vera4cast,chlorocast_timesfm,2026-10-04 00:00:00,2026-09-29 00:00:00,P1D,fcre,1.6,ensemble,164,Chla_ugL_mean,20.880616397582
vera4cast,chlorocast_timesfm,2026-10-05 00:00:00,2026-09-29 00:00:00,P1D,fcre,1.6,ensemble,164,Chla_ugL_mean,20.997422973461
vera4cast,chlorocast_timesfm,2026-10-06 00:00:00,2026-09-29 00:00:00,P1D,fcre,1.6,ensemble,164,Chla_ugL_mean,21.6719219149645
vera4cast,chlorocast_timesfm,2026-10-07 00:00:00,2026-09-29 00:00:00,P1D,fcre,1.6,ensemble,164,Chla_ugL_mean,21.67157374421
vera4cast,chlorocast_timesfm,2026-10-08 00:00:00,2026-09-29 00:00:00,P1D,fcre,1.6,ensemble,164,Chla_ugL_mean,22.1434637207422
vera4cast,chlorocast_timesfm,2026-10-09 00:00:00,2026-09-29 00:00:00,P1D,fcre,1.6,ensemble,164,Chla_ugL_mean,22.5487949743994
vera4cast,chlorocast_timesfm,2026-10-10 00:00:00,2026-09-29 00:00:00,P1D,fcre,1.6,ensemble,164,Chla_ugL_mean,22.4043968122989
vera4cast,chlorocast_timesfm,2026-10-11 00:00:00,2026-09-29 00:00:00,P1D,fcre,1.6,ensemble,164,Chla_ugL_mean,22.6000554434064
vera4cast,chlorocast_timesfm,2026-10-12 00:00:00,2026-09-29 00:00:00,P1D,fcre,1.6,ensemble,164,Chla_ugL_mean,22.8276911288799
vera4cast,chlorocast_timesfm,2026-10-13 00:00:00,2026-09-29 00:00:00,P1D,fcre,1.6,ensemble,164,Chla_ugL_mean,23.1895458460748
vera4cast,chlorocast_timesfm,2026-10-14 00:00:00,2026-09-29 00:00:00,P1D,fcre,1.6,ensemble,164,Chla_ugL_mean,23.5993824895493
vera4cast,chlorocast_timesfm,2026-10-15 00:00:00,2026-09-29 00:00:00,P1D,fcre,1.6,ensemble,164,Chla_ugL_mean,24.1971481314041
vera4cast,chlorocast_timesfm,2026-10-16 00:00:00,2026-09-29 00:00:00,P1D,fcre,1.6,ensemble,164,Chla_ugL_mean,24.6813550440476
vera4cast,chlorocast_timesfm,2026-10-17 00:00:00,2026-09-29 00:00:00,P1D,fcre,1.6,ensemble,164,Chla_ugL_mean,25.0147267338152
vera4cast,chlorocast_timesfm,2026-10-18 00:00:00,2026-09-29 00:00:00,P1D,fcre,1.6,ensemble,164,Chla_ugL_mean,25.5276437382798
vera4cast,chlorocast_timesfm,2026-10-19 00:00:00,2026-09-29 00:00:00,P1D,fcre,1.6,ensemble,164,Chla_ugL_mean,25.9104617733476
vera4cast,chlorocast_timesfm,2026-10-20 00:00:00,2026-09-29 00:00:00,P1D,fcre,1.6,ensemble,164,Chla_ugL_mean,25.8820054690818
vera4cast,chlorocast_timesfm,2026-10-21 00:00:00,2026-09-29 00:00:00,P1D,fcre,1.6,ensemble,164,Chla_ugL_mean,26.1886793558799
vera4cast,chlorocast_timesfm,2026-10-22 00:00:00,2026-09-29 00:00:00,P1D,fcre,1.6,ensemble,164,Chla_ugL_mean,26.0980975656051
vera4cast,chlorocast_timesfm,2026-10-23 00:00:00,2026-09-29 00:00:00,P1D,fcre,1.6,ensemble,164,Chla_ugL_mean,26.1356372315139
vera4cast,chlorocast_timesfm,2026-10-24 00:00:00,2026-09-29 00:00:00,P1D,fcre,1.6,ensemble,164,Chla_ugL_mean,26.3547593016655
vera4cast,chlorocast_timesfm,2026-10-25 00:00:00,2026-09-29 00:00:00,P1D,fcre,1.6,ensemble,164,Chla_ugL_mean,26.3003782869356
vera4cast,chlorocast_timesfm,2026-10-26 00:00:00,2026-09-29 00:00:00,P1D,fcre,1.6,ensemble,164,Chla_ugL_mean,26.5501988322504
vera4cast,chlorocast_timesfm,2026-10-27 00:00:00,2026-09-29 00:00:00,P1D,fcre,1.6,ensemble,164,Chla_ugL_mean,26.6315392392484
vera4cast,chlorocast_timesfm,2026-10-28 00:00:00,2026-09-29 00:00:00,P1D,fcre,1.6,ensemble,164,Chla_ugL_mean,26.864108983687
vera4cast,chlorocast_timesfm,2026-10-29 00:00:00,2026-09-29 00:00:00,P1D,fcre,1.6,ensemble,164,Chla_ugL_mean,26.8038454440863
vera4cast,chlorocast_timesfm,2026-10-30 00:00:00,2026-09-29 00:00:00,P1D,fcre,1.6,ensemble,164,Chla_ugL_mean,26.6081886484142
vera4cast,chlorocast_timesfm,2026-10-31 00:00:00,2026-09-29 00:00:00,P1D,fcre,1.6,ensemble,164,Chla_ugL_mean,26.9888114993171
vera4cast,chlorocast_timesfm,2026-11-01 00:00:00,2026-09-29 00:00:00,P1D,fcre,1.6,ensemble,164,Chla_ugL_mean,27.400279111419
vera4cast,chlorocast_timesfm,2026-11-02 00:00:00,2026-09-29 00:00:00,P1D,fcre,1.6,ensemble,164,Chla_ugL_mean,27.2302804372408
vera4cast,chlorocast_timesfm,2026-11-03 00:00:00,2026-09-29 00:00:00,P1D,fcre,1.6,ensemble,164,Chla_ugL_mean,27.2053179250913
vera4cast,chlorocast_timesfm,2026-09-30 00:00:00,2026-09-29 00:00:00,P1D,fcre,1.6,ensemble,165,Chla_ugL_mean,19.4845963000258
vera4cast,chlorocast_timesfm,2026-10-01 00:00:00,2026-09-29 00:00:00,P1D,fcre,1.6,ensemble,165,Chla_ugL_mean,20.0488852153367
vera4cast,chlorocast_timesfm,2026-10-02 00:00:00,2026-09-29 00:00:00,P1D,fcre,1.6,ensemble,165,Chla_ugL_mean,20.3376134819505
vera4cast,chlorocast_timesfm,2026-10-03 00:00:00,2026-09-29 00:00:00,P1D,fcre,1.6,ensemble,165,Chla_ugL_mean,20.9168483216712
vera4cast,chlorocast_timesfm,2026-10-04 00:00:00,2026-09-29 00:00:00,P1D,fcre,1.6,ensemble,165,Chla_ugL_mean,21.2274898032602
vera4cast,chlorocast_timesfm,2026-10-05 00:00:00,2026-09-29 00:00:00,P1D,fcre,1.6,ensemble,165,Chla_ugL_mean,21.358490988266
vera4cast,chlorocast_timesfm,2026-10-06 00:00:00,2026-09-29 00:00:00,P1D,fcre,1.6,ensemble,165,Chla_ugL_mean,22.0505018567243
vera4cast,chlorocast_timesfm,2026-10-07 00:00:00,2026-09-29 00:00:00,P1D,fcre,1.6,ensemble,165,Chla_ugL_mean,22.0358773062249
vera4cast,chlorocast_timesfm,2026-10-08 00:00:00,2026-09-29 00:00:00,P1D,fcre,1.6,ensemble,165,Chla_ugL_mean,22.5243048718207
vera4cast,chlorocast_timesfm,2026-10-09 00:00:00,2026-09-29 00:00:00,P1D,fcre,1.6,ensemble,165,Chla_ugL_mean,22.956734208851
vera4cast,chlorocast_timesfm,2026-10-10 00:00:00,2026-09-29 00:00:00,P1D,fcre,1.6,ensemble,165,Chla_ugL_mean,22.8188568692054
vera4cast,chlorocast_timesfm,2026-10-11 00:00:00,2026-09-29 00:00:00,P1D,fcre,1.6,ensemble,165,Chla_ugL_mean,23.0218109664969
vera4cast,chlorocast_timesfm,2026-10-12 00:00:00,2026-09-29 00:00:00,P1D,fcre,1.6,ensemble,165,Chla_ugL_mean,23.2442813488917
vera4cast,chlorocast_timesfm,2026-10-13 00:00:00,2026-09-29 00:00:00,P1D,fcre,1.6,ensemble,165,Chla_ugL_mean,23.6115785067534
vera4cast,chlorocast_timesfm,2026-10-14 00:00:00,2026-09-29 00:00:00,P1D,fcre,1.6,ensemble,165,Chla_ugL_mean,24.0391265362391
vera4cast,chlorocast_timesfm,2026-10-15 00:00:00,2026-09-29 00:00:00,P1D,fcre,1.6,ensemble,165,Chla_ugL_mean,24.6437345006057
vera4cast,chlorocast_timesfm,2026-10-16 00:00:00,2026-09-29 00:00:00,P1D,fcre,1.6,ensemble,165,Chla_ugL_mean,25.1734934090225
vera4cast,chlorocast_timesfm,2026-10-17 00:00:00,2026-09-29 00:00:00,P1D,fcre,1.6,ensemble,165,Chla_ugL_mean,25.491798284716
vera4cast,chlorocast_timesfm,2026-10-18 00:00:00,2026-09-29 00:00:00,P1D,fcre,1.6,ensemble,165,Chla_ugL_mean,26.000046894151
vera4cast,chlorocast_timesfm,2026-10-19 00:00:00,2026-09-29 00:00:00,P1D,fcre,1.6,ensemble,165,Chla_ugL_mean,26.4013950444188
vera4cast,chlorocast_timesfm,2026-10-20 00:00:00,2026-09-29 00:00:00,P1D,fcre,1.6,ensemble,165,Chla_ugL_mean,26.3791915111409
vera4cast,chlorocast_timesfm,2026-10-21 00:00:00,2026-09-29 00:00:00,P1D,fcre,1.6,ensemble,165,Chla_ugL_mean,26.6903234583402
vera4cast,chlorocast_timesfm,2026-10-22 00:00:00,2026-09-29 00:00:00,P1D,fcre,1.6,ensemble,165,Chla_ugL_mean,26.5996234876012
vera4cast,chlorocast_timesfm,2026-10-23 00:00:00,2026-09-29 00:00:00,P1D,fcre,1.6,ensemble,165,Chla_ugL_mean,26.6319456709235
vera4cast,chlorocast_timesfm,2026-10-24 00:00:00,2026-09-29 00:00:00,P1D,fcre,1.6,ensemble,165,Chla_ugL_mean,26.8737530825696
vera4cast,chlorocast_timesfm,2026-10-25 00:00:00,2026-09-29 00:00:00,P1D,fcre,1.6,ensemble,165,Chla_ugL_mean,26.8264260279226
vera4cast,chlorocast_timesfm,2026-10-26 00:00:00,2026-09-29 00:00:00,P1D,fcre,1.6,ensemble,165,Chla_ugL_mean,27.0656017261914
vera4cast,chlorocast_timesfm,2026-10-27 00:00:00,2026-09-29 00:00:00,P1D,fcre,1.6,ensemble,165,Chla_ugL_mean,27.1507834775196
vera4cast,chlorocast_timesfm,2026-10-28 00:00:00,2026-09-29 00:00:00,P1D,fcre,1.6,ensemble,165,Chla_ugL_mean,27.3804904204154
vera4cast,chlorocast_timesfm,2026-10-29 00:00:00,2026-09-29 00:00:00,P1D,fcre,1.6,ensemble,165,Chla_ugL_mean,27.3215045150249
vera4cast,chlorocast_timesfm,2026-10-30 00:00:00,2026-09-29 00:00:00,P1D,fcre,1.6,ensemble,165,Chla_ugL_mean,27.1362670805005
vera4cast,chlorocast_timesfm,2026-10-31 00:00:00,2026-09-29 00:00:00,P1D,fcre,1.6,ensemble,165,Chla_ugL_mean,27.5363670258065
vera4cast,chlorocast_timesfm,2026-11-01 00:00:00,2026-09-29 00:00:00,P1D,fcre,1.6,ensemble,165,Chla_ugL_mean,27.9340518001623
vera4cast,chlorocast_timesfm,2026-11-02 00:00:00,2026-09-29 00:00:00,P1D,fcre,1.6,ensemble,165,Chla_ugL_mean,27.7659124489611
vera4cast,chlorocast_timesfm,2026-11-03 00:00:00,2026-09-29 00:00:00,P1D,fcre,1.6,ensemble,165,Chla_ugL_mean,27.7374050036061
vera4cast,chlorocast_timesfm,2026-09-30 00:00:00,2026-09-29 00:00:00,P1D,fcre,1.6,ensemble,166,Chla_ugL_mean,19.7841487907755
vera4cast,chlorocast_timesfm,2026-10-01 00:00:00,2026-09-29 00:00:00,P1D,fcre,1.6,ensemble,166,Chla_ugL_mean,20.3667647215717
vera4cast,chlorocast_timesfm,2026-10-02 00:00:00,2026-09-29 00:00:00,P1D,fcre,1.6,ensemble,166,Chla_ugL_mean,20.6666295184213
vera4cast,chlorocast_timesfm,2026-10-03 00:00:00,2026-09-29 00:00:00,P1D,fcre,1.6,ensemble,166,Chla_ugL_mean,21.2333594888175
vera4cast,chlorocast_timesfm,2026-10-04 00:00:00,2026-09-29 00:00:00,P1D,fcre,1.6,ensemble,166,Chla_ugL_mean,21.5798621929424
vera4cast,chlorocast_timesfm,2026-10-05 00:00:00,2026-09-29 00:00:00,P1D,fcre,1.6,ensemble,166,Chla_ugL_mean,21.7254856114501
vera4cast,chlorocast_timesfm,2026-10-06 00:00:00,2026-09-29 00:00:00,P1D,fcre,1.6,ensemble,166,Chla_ugL_mean,22.4354033963106
vera4cast,chlorocast_timesfm,2026-10-07 00:00:00,2026-09-29 00:00:00,P1D,fcre,1.6,ensemble,166,Chla_ugL_mean,22.4060347664646
vera4cast,chlorocast_timesfm,2026-10-08 00:00:00,2026-09-29 00:00:00,P1D,fcre,1.6,ensemble,166,Chla_ugL_mean,22.9114130183717
vera4cast,chlorocast_timesfm,2026-10-09 00:00:00,2026-09-29 00:00:00,P1D,fcre,1.6,ensemble,166,Chla_ugL_mean,23.3717402345837
vera4cast,chlorocast_timesfm,2026-10-10 00:00:00,2026-09-29 00:00:00,P1D,fcre,1.6,ensemble,166,Chla_ugL_mean,23.2406564503964
vera4cast,chlorocast_timesfm,2026-10-11 00:00:00,2026-09-29 00:00:00,P1D,fcre,1.6,ensemble,166,Chla_ugL_mean,23.451103663459
vera4cast,chlorocast_timesfm,2026-10-12 00:00:00,2026-09-29 00:00:00,P1D,fcre,1.6,ensemble,166,Chla_ugL_mean,23.668155002723
vera4cast,chlorocast_timesfm,2026-10-13 00:00:00,2026-09-29 00:00:00,P1D,fcre,1.6,ensemble,166,Chla_ugL_mean,24.0409743303377
vera4cast,chlorocast_timesfm,2026-10-14 00:00:00,2026-09-29 00:00:00,P1D,fcre,1.6,ensemble,166,Chla_ugL_mean,24.4867315455641
vera4cast,chlorocast_timesfm,2026-10-15 00:00:00,2026-09-29 00:00:00,P1D,fcre,1.6,ensemble,166,Chla_ugL_mean,25.0982360268765
vera4cast,chlorocast_timesfm,2026-10-16 00:00:00,2026-09-29 00:00:00,P1D,fcre,1.6,ensemble,166,Chla_ugL_mean,25.6750627471631
vera4cast,chlorocast_timesfm,2026-10-17 00:00:00,2026-09-29 00:00:00,P1D,fcre,1.6,ensemble,166,Chla_ugL_mean,25.9776186211415
vera4cast,chlorocast_timesfm,2026-10-18 00:00:00,2026-09-29 00:00:00,P1D,fcre,1.6,ensemble,166,Chla_ugL_mean,26.480862585409
vera4cast,chlorocast_timesfm,2026-10-19 00:00:00,2026-09-29 00:00:00,P1D,fcre,1.6,ensemble,166,Chla_ugL_mean,26.9012845154494
vera4cast,chlorocast_timesfm,2026-10-20 00:00:00,2026-09-29 00:00:00,P1D,fcre,1.6,ensemble,166,Chla_ugL_mean,26.8855730710234
vera4cast,chlorocast_timesfm,2026-10-21 00:00:00,2026-09-29 00:00:00,P1D,fcre,1.6,ensemble,166,Chla_ugL_mean,27.201223133763
vera4cast,chlorocast_timesfm,2026-10-22 00:00:00,2026-09-29 00:00:00,P1D,fcre,1.6,ensemble,166,Chla_ugL_mean,27.110431546464
vera4cast,chlorocast_timesfm,2026-10-23 00:00:00,2026-09-29 00:00:00,P1D,fcre,1.6,ensemble,166,Chla_ugL_mean,27.1373315484241
vera4cast,chlorocast_timesfm,2026-10-24 00:00:00,2026-09-29 00:00:00,P1D,fcre,1.6,ensemble,166,Chla_ugL_mean,27.4025935794197
vera4cast,chlorocast_timesfm,2026-10-25 00:00:00,2026-09-29 00:00:00,P1D,fcre,1.6,ensemble,166,Chla_ugL_mean,27.3626101202411
vera4cast,chlorocast_timesfm,2026-10-26 00:00:00,2026-09-29 00:00:00,P1D,fcre,1.6,ensemble,166,Chla_ugL_mean,27.5906466610012
vera4cast,chlorocast_timesfm,2026-10-27 00:00:00,2026-09-29 00:00:00,P1D,fcre,1.6,ensemble,166,Chla_ugL_mean,27.6797852098141
vera4cast,chlorocast_timesfm,2026-10-28 00:00:00,2026-09-29 00:00:00,P1D,fcre,1.6,ensemble,166,Chla_ugL_mean,27.9064415077776
vera4cast,chlorocast_timesfm,2026-10-29 00:00:00,2026-09-29 00:00:00,P1D,fcre,1.6,ensemble,166,Chla_ugL_mean,27.8488014942976
vera4cast,chlorocast_timesfm,2026-10-30 00:00:00,2026-09-29 00:00:00,P1D,fcre,1.6,ensemble,166,Chla_ugL_mean,27.6744463864249
vera4cast,chlorocast_timesfm,2026-10-31 00:00:00,2026-09-29 00:00:00,P1D,fcre,1.6,ensemble,166,Chla_ugL_mean,28.0946345846591
vera4cast,chlorocast_timesfm,2026-11-01 00:00:00,2026-09-29 00:00:00,P1D,fcre,1.6,ensemble,166,Chla_ugL_mean,28.4778565481728
vera4cast,chlorocast_timesfm,2026-11-02 00:00:00,2026-09-29 00:00:00,P1D,fcre,1.6,ensemble,166,Chla_ugL_mean,28.3117073654609
vera4cast,chlorocast_timesfm,2026-11-03 00:00:00,2026-09-29 00:00:00,P1D,fcre,1.6,ensemble,166,Chla_ugL_mean,28.2795297870627
vera4cast,chlorocast_timesfm,2026-09-30 00:00:00,2026-09-29 00:00:00,P1D,fcre,1.6,ensemble,167,Chla_ugL_mean,20.088081728833
vera4cast,chlorocast_timesfm,2026-10-01 00:00:00,2026-09-29 00:00:00,P1D,fcre,1.6,ensemble,167,Chla_ugL_mean,20.6894448326582
vera4cast,chlorocast_timesfm,2026-10-02 00:00:00,2026-09-29 00:00:00,P1D,fcre,1.6,ensemble,167,Chla_ugL_mean,21.0007188285433
vera4cast,chlorocast_timesfm,2026-10-03 00:00:00,2026-09-29 00:00:00,P1D,fcre,1.6,ensemble,167,Chla_ugL_mean,21.5544415375732
vera4cast,chlorocast_timesfm,2026-10-04 00:00:00,2026-09-29 00:00:00,P1D,fcre,1.6,ensemble,167,Chla_ugL_mean,21.9378207420204
vera4cast,chlorocast_timesfm,2026-10-05 00:00:00,2026-09-29 00:00:00,P1D,fcre,1.6,ensemble,167,Chla_ugL_mean,22.0985041229869
vera4cast,chlorocast_timesfm,2026-10-06 00:00:00,2026-09-29 00:00:00,P1D,fcre,1.6,ensemble,167,Chla_ugL_mean,22.8267320929323
vera4cast,chlorocast_timesfm,2026-10-07 00:00:00,2026-09-29 00:00:00,P1D,fcre,1.6,ensemble,167,Chla_ugL_mean,22.7821401896819
vera4cast,chlorocast_timesfm,2026-10-08 00:00:00,2026-09-29 00:00:00,P1D,fcre,1.6,ensemble,167,Chla_ugL_mean,23.3048912879908
vera4cast,chlorocast_timesfm,2026-10-09 00:00:00,2026-09-29 00:00:00,P1D,fcre,1.6,ensemble,167,Chla_ugL_mean,23.7939354706609
vera4cast,chlorocast_timesfm,2026-10-10 00:00:00,2026-09-29 00:00:00,P1D,fcre,1.6,ensemble,167,Chla_ugL_mean,23.6699255288715
vera4cast,chlorocast_timesfm,2026-10-11 00:00:00,2026-09-29 00:00:00,P1D,fcre,1.6,ensemble,167,Chla_ugL_mean,23.888068230786
vera4cast,chlorocast_timesfm,2026-10-12 00:00:00,2026-09-29 00:00:00,P1D,fcre,1.6,ensemble,167,Chla_ugL_mean,24.0994394299168
vera4cast,chlorocast_timesfm,2026-10-13 00:00:00,2026-09-29 00:00:00,P1D,fcre,1.6,ensemble,167,Chla_ugL_mean,24.4778617812169
vera4cast,chlorocast_timesfm,2026-10-14 00:00:00,2026-09-29 00:00:00,P1D,fcre,1.6,ensemble,167,Chla_ugL_mean,24.9423380418452
vera4cast,chlorocast_timesfm,2026-10-15 00:00:00,2026-09-29 00:00:00,P1D,fcre,1.6,ensemble,167,Chla_ugL_mean,25.5607929959838
vera4cast,chlorocast_timesfm,2026-10-16 00:00:00,2026-09-29 00:00:00,P1D,fcre,1.6,ensemble,167,Chla_ugL_mean,26.1862437866167
vera4cast,chlorocast_timesfm,2026-10-17 00:00:00,2026-09-29 00:00:00,P1D,fcre,1.6,ensemble,167,Chla_ugL_mean,26.4723481828581
vera4cast,chlorocast_timesfm,2026-10-18 00:00:00,2026-09-29 00:00:00,P1D,fcre,1.6,ensemble,167,Chla_ugL_mean,26.9702406221276
vera4cast,chlorocast_timesfm,2026-10-19 00:00:00,2026-09-29 00:00:00,P1D,fcre,1.6,ensemble,167,Chla_ugL_mean,27.4102935762981
vera4cast,chlorocast_timesfm,2026-10-20 00:00:00,2026-09-29 00:00:00,P1D,fcre,1.6,ensemble,167,Chla_ugL_mean,27.4013202209776
vera4cast,chlorocast_timesfm,2026-10-21 00:00:00,2026-09-29 00:00:00,P1D,fcre,1.6,ensemble,167,Chla_ugL_mean,27.7215491518842
vera4cast,chlorocast_timesfm,2026-10-22 00:00:00,2026-09-29 00:00:00,P1D,fcre,1.6,ensemble,167,Chla_ugL_mean,27.6306935340414
vera4cast,chlorocast_timesfm,2026-10-23 00:00:00,2026-09-29 00:00:00,P1D,fcre,1.6,ensemble,167,Chla_ugL_mean,27.6519608895671
vera4cast,chlorocast_timesfm,2026-10-24 00:00:00,2026-09-29 00:00:00,P1D,fcre,1.6,ensemble,167,Chla_ugL_mean,27.9414676110536
vera4cast,chlorocast_timesfm,2026-10-25 00:00:00,2026-09-29 00:00:00,P1D,fcre,1.6,ensemble,167,Chla_ugL_mean,27.9091258800388
vera4cast,chlorocast_timesfm,2026-10-26 00:00:00,2026-09-29 00:00:00,P1D,fcre,1.6,ensemble,167,Chla_ugL_mean,28.1255140178014
vera4cast,chlorocast_timesfm,2026-10-27 00:00:00,2026-09-29 00:00:00,P1D,fcre,1.6,ensemble,167,Chla_ugL_mean,28.218727796259
vera4cast,chlorocast_timesfm,2026-10-28 00:00:00,2026-09-29 00:00:00,P1D,fcre,1.6,ensemble,167,Chla_ugL_mean,28.4421395918338
vera4cast,chlorocast_timesfm,2026-10-29 00:00:00,2026-09-29 00:00:00,P1D,fcre,1.6,ensemble,167,Chla_ugL_mean,28.3859158229347
vera4cast,chlorocast_timesfm,2026-10-30 00:00:00,2026-09-29 00:00:00,P1D,fcre,1.6,ensemble,167,Chla_ugL_mean,28.2229197716775
vera4cast,chlorocast_timesfm,2026-10-31 00:00:00,2026-09-29 00:00:00,P1D,fcre,1.6,ensemble,167,Chla_ugL_mean,28.6638237393471
vera4cast,chlorocast_timesfm,2026-11-01 00:00:00,2026-09-29 00:00:00,P1D,fcre,1.6,ensemble,167,Chla_ugL_mean,29.0318819042751
vera4cast,chlorocast_timesfm,2026-11-02 00:00:00,2026-09-29 00:00:00,P1D,fcre,1.6,ensemble,167,Chla_ugL_mean,28.8678580143368
vera4cast,chlorocast_timesfm,2026-11-03 00:00:00,2026-09-29 00:00:00,P1D,fcre,1.6,ensemble,167,Chla_ugL_mean,28.8318816345428
vera4cast,chlorocast_timesfm,2026-09-30 00:00:00,2026-09-29 00:00:00,P1D,fcre,1.6,ensemble,168,Chla_ugL_mean,20.3964591708135
vera4cast,chlorocast_timesfm,2026-10-01 00:00:00,2026-09-29 00:00:00,P1D,fcre,1.6,ensemble,168,Chla_ugL_mean,21.0169980471578
vera4cast,chlorocast_timesfm,2026-10-02 00:00:00,2026-09-29 00:00:00,P1D,fcre,1.6,ensemble,168,Chla_ugL_mean,21.3399596398271
vera4cast,chlorocast_timesfm,2026-10-03 00:00:00,2026-09-29 00:00:00,P1D,fcre,1.6,ensemble,168,Chla_ugL_mean,21.8801604781168
vera4cast,chlorocast_timesfm,2026-10-04 00:00:00,2026-09-29 00:00:00,P1D,fcre,1.6,ensemble,168,Chla_ugL_mean,22.3014540078777
vera4cast,chlorocast_timesfm,2026-10-05 00:00:00,2026-09-29 00:00:00,P1D,fcre,1.6,ensemble,168,Chla_ugL_mean,22.4776453996134
vera4cast,chlorocast_timesfm,2026-10-06 00:00:00,2026-09-29 00:00:00,P1D,fcre,1.6,ensemble,168,Chla_ugL_mean,23.2245952684451
vera4cast,chlorocast_timesfm,2026-10-07 00:00:00,2026-09-29 00:00:00,P1D,fcre,1.6,ensemble,168,Chla_ugL_mean,23.164289152131
vera4cast,chlorocast_timesfm,2026-10-08 00:00:00,2026-09-29 00:00:00,P1D,fcre,1.6,ensemble,168,Chla_ugL_mean,23.7048445053073
vera4cast,chlorocast_timesfm,2026-10-09 00:00:00,2026-09-29 00:00:00,P1D,fcre,1.6,ensemble,168,Chla_ugL_mean,24.2234444568294
vera4cast,chlorocast_timesfm,2026-10-10 00:00:00,2026-09-29 00:00:00,P1D,fcre,1.6,ensemble,168,Chla_ugL_mean,24.1067963792752
vera4cast,chlorocast_timesfm,2026-10-11 00:00:00,2026-09-29 00:00:00,P1D,fcre,1.6,ensemble,168,Chla_ugL_mean,24.3328417721261
vera4cast,chlorocast_timesfm,2026-10-12 00:00:00,2026-09-29 00:00:00,P1D,fcre,1.6,ensemble,168,Chla_ugL_mean,24.5382641963503
vera4cast,chlorocast_timesfm,2026-10-13 00:00:00,2026-09-29 00:00:00,P1D,fcre,1.6,ensemble,168,Chla_ugL_mean,24.922371565086
vera4cast,chlorocast_timesfm,2026-10-14 00:00:00,2026-09-29 00:00:00,P1D,fcre,1.6,ensemble,168,Chla_ugL_mean,25.4060890614475
vera4cast,chlorocast_timesfm,2026-10-15 00:00:00,2026-09-29 00:00:00,P1D,fcre,1.6,ensemble,168,Chla_ugL_mean,26.0315481800758
vera4cast,chlorocast_timesfm,2026-10-16 00:00:00,2026-09-29 00:00:00,P1D,fcre,1.6,ensemble,168,Chla_ugL_mean,26.70722071887
vera4cast,chlorocast_timesfm,2026-10-17 00:00:00,2026-09-29 00:00:00,P1D,fcre,1.6,ensemble,168,Chla_ugL_mean,26.9761503518597
vera4cast,chlorocast_timesfm,2026-10-18 00:00:00,2026-09-29 00:00:00,P1D,fcre,1.6,ensemble,168,Chla_ugL_mean,27.468333482192
vera4cast,chlorocast_timesfm,2026-10-19 00:00:00,2026-09-29 00:00:00,P1D,fcre,1.6,ensemble,168,Chla_ugL_mean,27.9285885975793
vera4cast,chlorocast_timesfm,2026-10-20 00:00:00,2026-09-29 00:00:00,P1D,fcre,1.6,ensemble,168,Chla_ugL_mean,27.9266061787594
vera4cast,chlorocast_timesfm,2026-10-21 00:00:00,2026-09-29 00:00:00,P1D,fcre,1.6,ensemble,168,Chla_ugL_mean,28.2514754332226
vera4cast,chlorocast_timesfm,2026-10-22 00:00:00,2026-09-29 00:00:00,P1D,fcre,1.6,ensemble,168,Chla_ugL_mean,28.1605844216687
vera4cast,chlorocast_timesfm,2026-10-23 00:00:00,2026-09-29 00:00:00,P1D,fcre,1.6,ensemble,168,Chla_ugL_mean,28.1760027564966
vera4cast,chlorocast_timesfm,2026-10-24 00:00:00,2026-09-29 00:00:00,P1D,fcre,1.6,ensemble,168,Chla_ugL_mean,28.4905655407678
vera4cast,chlorocast_timesfm,2026-10-25 00:00:00,2026-09-29 00:00:00,P1D,fcre,1.6,ensemble,168,Chla_ugL_mean,28.466172386987
vera4cast,chlorocast_timesfm,2026-10-26 00:00:00,2026-09-29 00:00:00,P1D,fcre,1.6,ensemble,168,Chla_ugL_mean,28.670387552243
vera4cast,chlorocast_timesfm,2026-10-27 00:00:00,2026-09-29 00:00:00,P1D,fcre,1.6,ensemble,168,Chla_ugL_mean,28.7677980426344
vera4cast,chlorocast_timesfm,2026-10-28 00:00:00,2026-09-29 00:00:00,P1D,fcre,1.6,ensemble,168,Chla_ugL_mean,28.9877653052449
vera4cast,chlorocast_timesfm,2026-10-29 00:00:00,2026-09-29 00:00:00,P1D,fcre,1.6,ensemble,168,Chla_ugL_mean,28.9330302828453
vera4cast,chlorocast_timesfm,2026-10-30 00:00:00,2026-09-29 00:00:00,P1D,fcre,1.6,ensemble,168,Chla_ugL_mean,28.781884137306
vera4cast,chlorocast_timesfm,2026-10-31 00:00:00,2026-09-29 00:00:00,P1D,fcre,1.6,ensemble,168,Chla_ugL_mean,29.2441481531109
vera4cast,chlorocast_timesfm,2026-11-01 00:00:00,2026-09-29 00:00:00,P1D,fcre,1.6,ensemble,168,Chla_ugL_mean,29.5963199609991
vera4cast,chlorocast_timesfm,2026-11-02 00:00:00,2026-09-29 00:00:00,P1D,fcre,1.6,ensemble,168,Chla_ugL_mean,29.4345608818326
vera4cast,chlorocast_timesfm,2026-11-03 00:00:00,2026-09-29 00:00:00,P1D,fcre,1.6,ensemble,168,Chla_ugL_mean,29.3946534773449
vera4cast,chlorocast_timesfm,2026-09-30 00:00:00,2026-09-29 00:00:00,P1D,fcre,1.6,ensemble,169,Chla_ugL_mean,20.7093461100515
vera4cast,chlorocast_timesfm,2026-10-01 00:00:00,2026-09-29 00:00:00,P1D,fcre,1.6,ensemble,169,Chla_ugL_mean,21.3494979585026
vera4cast,chlorocast_timesfm,2026-10-02 00:00:00,2026-09-29 00:00:00,P1D,fcre,1.6,ensemble,169,Chla_ugL_mean,21.6844313860153
vera4cast,chlorocast_timesfm,2026-10-03 00:00:00,2026-09-29 00:00:00,P1D,fcre,1.6,ensemble,169,Chla_ugL_mean,22.2105832739101
vera4cast,chlorocast_timesfm,2026-10-04 00:00:00,2026-09-29 00:00:00,P1D,fcre,1.6,ensemble,169,Chla_ugL_mean,22.6708519517976
vera4cast,chlorocast_timesfm,2026-10-05 00:00:00,2026-09-29 00:00:00,P1D,fcre,1.6,ensemble,169,Chla_ugL_mean,22.86300994104
vera4cast,chlorocast_timesfm,2026-10-06 00:00:00,2026-09-29 00:00:00,P1D,fcre,1.6,ensemble,169,Chla_ugL_mean,23.6291020367852
vera4cast,chlorocast_timesfm,2026-10-07 00:00:00,2026-09-29 00:00:00,P1D,fcre,1.6,ensemble,169,Chla_ugL_mean,23.552578765856
vera4cast,chlorocast_timesfm,2026-10-08 00:00:00,2026-09-29 00:00:00,P1D,fcre,1.6,ensemble,169,Chla_ugL_mean,24.1113792199094
vera4cast,chlorocast_timesfm,2026-10-09 00:00:00,2026-09-29 00:00:00,P1D,fcre,1.6,ensemble,169,Chla_ugL_mean,24.6603938902564
vera4cast,chlorocast_timesfm,2026-10-10 00:00:00,2026-09-29 00:00:00,P1D,fcre,1.6,ensemble,169,Chla_ugL_mean,24.5514036186562
vera4cast,chlorocast_timesfm,2026-10-11 00:00:00,2026-09-29 00:00:00,P1D,fcre,1.6,ensemble,169,Chla_ugL_mean,24.7855638413005
vera4cast,chlorocast_timesfm,2026-10-12 00:00:00,2026-09-29 00:00:00,P1D,fcre,1.6,ensemble,169,Chla_ugL_mean,24.9847611331593
vera4cast,chlorocast_timesfm,2026-10-13 00:00:00,2026-09-29 00:00:00,P1D,fcre,1.6,ensemble,169,Chla_ugL_mean,25.3746366680494
vera4cast,chlorocast_timesfm,2026-10-14 00:00:00,2026-09-29 00:00:00,P1D,fcre,1.6,ensemble,169,Chla_ugL_mean,25.878130197686
vera4cast,chlorocast_timesfm,2026-10-15 00:00:00,2026-09-29 00:00:00,P1D,fcre,1.6,ensemble,169,Chla_ugL_mean,26.5106468817496
vera4cast,chlorocast_timesfm,2026-10-16 00:00:00,2026-09-29 00:00:00,P1D,fcre,1.6,ensemble,169,Chla_ugL_mean,27.2381812651182
vera4cast,chlorocast_timesfm,2026-10-17 00:00:00,2026-09-29 00:00:00,P1D,fcre,1.6,ensemble,169,Chla_ugL_mean,27.4891915063242
vera4cast,chlorocast_timesfm,2026-10-18 00:00:00,2026-09-29 00:00:00,P1D,fcre,1.6,ensemble,169,Chla_ugL_mean,27.9752963588071
vera4cast,chlorocast_timesfm,2026-10-19 00:00:00,2026-09-29 00:00:00,P1D,fcre,1.6,ensemble,169,Chla_ugL_mean,28.4563389850418
vera4cast,chlorocast_timesfm,2026-10-20 00:00:00,2026-09-29 00:00:00,P1D,fcre,1.6,ensemble,169,Chla_ugL_mean,28.4616073658086
vera4cast,chlorocast_timesfm,2026-10-21 00:00:00,2026-09-29 00:00:00,P1D,fcre,1.6,ensemble,169,Chla_ugL_mean,28.7911791072138
vera4cast,chlorocast_timesfm,2026-10-22 00:00:00,2026-09-29 00:00:00,P1D,fcre,1.6,ensemble,169,Chla_ugL_mean,28.7002824190138
vera4cast,chlorocast_timesfm,2026-10-23 00:00:00,2026-09-29 00:00:00,P1D,fcre,1.6,ensemble,169,Chla_ugL_mean,28.7096293034889
vera4cast,chlorocast_timesfm,2026-10-24 00:00:00,2026-09-29 00:00:00,P1D,fcre,1.6,ensemble,169,Chla_ugL_mean,29.0500813435652
vera4cast,chlorocast_timesfm,2026-10-25 00:00:00,2026-09-29 00:00:00,P1D,fcre,1.6,ensemble,169,Chla_ugL_mean,29.0339525567998
vera4cast,chlorocast_timesfm,2026-10-26 00:00:00,2026-09-29 00:00:00,P1D,fcre,1.6,ensemble,169,Chla_ugL_mean,29.2254544576359
vera4cast,chlorocast_timesfm,2026-10-27 00:00:00,2026-09-29 00:00:00,P1D,fcre,1.6,ensemble,169,Chla_ugL_mean,29.3271862651227
vera4cast,chlorocast_timesfm,2026-10-28 00:00:00,2026-09-29 00:00:00,P1D,fcre,1.6,ensemble,169,Chla_ugL_mean,29.5435026281811
vera4cast,chlorocast_timesfm,2026-10-29 00:00:00,2026-09-29 00:00:00,P1D,fcre,1.6,ensemble,169,Chla_ugL_mean,29.4903310590187
vera4cast,chlorocast_timesfm,2026-10-30 00:00:00,2026-09-29 00:00:00,P1D,fcre,1.6,ensemble,169,Chla_ugL_mean,29.351540150603
vera4cast,chlorocast_timesfm,2026-10-31 00:00:00,2026-09-29 00:00:00,P1D,fcre,1.6,ensemble,169,Chla_ugL_mean,29.8358256691642
vera4cast,chlorocast_timesfm,2026-11-01 00:00:00,2026-09-29 00:00:00,P1D,fcre,1.6,ensemble,169,Chla_ugL_mean,30.1713664211823
vera4cast,chlorocast_timesfm,2026-11-02 00:00:00,2026-09-29 00:00:00,P1D,fcre,1.6,ensemble,169,Chla_ugL_mean,30.0120161822573
vera4cast,chlorocast_timesfm,2026-11-03 00:00:00,2026-09-29 00:00:00,P1D,fcre,1.6,ensemble,169,Chla_ugL_mean,29.9680418863741
vera4cast,chlorocast_timesfm,2026-09-30 00:00:00,2026-09-29 00:00:00,P1D,fcre,1.6,ensemble,170,Chla_ugL_mean,21.0268084902989
vera4cast,chlorocast_timesfm,2026-10-01 00:00:00,2026-09-29 00:00:00,P1D,fcre,1.6,ensemble,170,Chla_ugL_mean,21.6870192715302
vera4cast,chlorocast_timesfm,2026-10-02 00:00:00,2026-09-29 00:00:00,P1D,fcre,1.6,ensemble,170,Chla_ugL_mean,22.0342147256814
vera4cast,chlorocast_timesfm,2026-10-03 00:00:00,2026-09-29 00:00:00,P1D,fcre,1.6,ensemble,170,Chla_ugL_mean,22.5457778554644
vera4cast,chlorocast_timesfm,2026-10-04 00:00:00,2026-09-29 00:00:00,P1D,fcre,1.6,ensemble,170,Chla_ugL_mean,23.04610596122
vera4cast,chlorocast_timesfm,2026-10-05 00:00:00,2026-09-29 00:00:00,P1D,fcre,1.6,ensemble,170,Chla_ugL_mean,23.2546998965897
vera4cast,chlorocast_timesfm,2026-10-06 00:00:00,2026-09-29 00:00:00,P1D,fcre,1.6,ensemble,170,Chla_ugL_mean,24.0403633338932
vera4cast,chlorocast_timesfm,2026-10-07 00:00:00,2026-09-29 00:00:00,P1D,fcre,1.6,ensemble,170,Chla_ugL_mean,23.9471077033691
vera4cast,chlorocast_timesfm,2026-10-08 00:00:00,2026-09-29 00:00:00,P1D,fcre,1.6,ensemble,170,Chla_ugL_mean,24.5246037347303
vera4cast,chlorocast_timesfm,2026-10-09 00:00:00,2026-09-29 00:00:00,P1D,fcre,1.6,ensemble,170,Chla_ugL_mean,25.1049126629026
vera4cast,chlorocast_timesfm,2026-10-10 00:00:00,2026-09-29 00:00:00,P1D,fcre,1.6,ensemble,170,Chla_ugL_mean,25.0038842479482
vera4cast,chlorocast_timesfm,2026-10-11 00:00:00,2026-09-29 00:00:00,P1D,fcre,1.6,ensemble,170,Chla_ugL_mean,25.2463764860907
vera4cast,chlorocast_timesfm,2026-10-12 00:00:00,2026-09-29 00:00:00,P1D,fcre,1.6,ensemble,170,Chla_ugL_mean,25.4390643763425
vera4cast,chlorocast_timesfm,2026-10-13 00:00:00,2026-09-29 00:00:00,P1D,fcre,1.6,ensemble,170,Chla_ugL_mean,25.8347923964073
vera4cast,chlorocast_timesfm,2026-10-14 00:00:00,2026-09-29 00:00:00,P1D,fcre,1.6,ensemble,170,Chla_ugL_mean,26.3586096465342
vera4cast,chlorocast_timesfm,2026-10-15 00:00:00,2026-09-29 00:00:00,P1D,fcre,1.6,ensemble,170,Chla_ugL_mean,26.9982369789001
vera4cast,chlorocast_timesfm,2026-10-16 00:00:00,2026-09-29 00:00:00,P1D,fcre,1.6,ensemble,170,Chla_ugL_mean,27.779316743906
vera4cast,chlorocast_timesfm,2026-10-17 00:00:00,2026-09-29 00:00:00,P1D,fcre,1.6,ensemble,170,Chla_ugL_mean,28.0116410755586
vera4cast,chlorocast_timesfm,2026-10-18 00:00:00,2026-09-29 00:00:00,P1D,fcre,1.6,ensemble,170,Chla_ugL_mean,28.491287208852
vera4cast,chlorocast_timesfm,2026-10-19 00:00:00,2026-09-29 00:00:00,P1D,fcre,1.6,ensemble,170,Chla_ugL_mean,28.9937172349398
vera4cast,chlorocast_timesfm,2026-10-20 00:00:00,2026-09-29 00:00:00,P1D,fcre,1.6,ensemble,170,Chla_ugL_mean,29.0065034665014
vera4cast,chlorocast_timesfm,2026-10-21 00:00:00,2026-09-29 00:00:00,P1D,fcre,1.6,ensemble,170,Chla_ugL_mean,29.3408405714158
vera4cast,chlorocast_timesfm,2026-10-22 00:00:00,2026-09-29 00:00:00,P1D,fcre,1.6,ensemble,170,Chla_ugL_mean,29.2499690340125
vera4cast,chlorocast_timesfm,2026-10-23 00:00:00,2026-09-29 00:00:00,P1D,fcre,1.6,ensemble,170,Chla_ugL_mean,29.2530158335066
vera4cast,chlorocast_timesfm,2026-10-24 00:00:00,2026-09-29 00:00:00,P1D,fcre,1.6,ensemble,170,Chla_ugL_mean,29.6202126746795
vera4cast,chlorocast_timesfm,2026-10-25 00:00:00,2026-09-29 00:00:00,P1D,fcre,1.6,ensemble,170,Chla_ugL_mean,29.6126732151497
vera4cast,chlorocast_timesfm,2026-10-26 00:00:00,2026-09-29 00:00:00,P1D,fcre,1.6,ensemble,170,Chla_ugL_mean,29.7909054292606
vera4cast,chlorocast_timesfm,2026-10-27 00:00:00,2026-09-29 00:00:00,P1D,fcre,1.6,ensemble,170,Chla_ugL_mean,29.8970863562757
vera4cast,chlorocast_timesfm,2026-10-28 00:00:00,2026-09-29 00:00:00,P1D,fcre,1.6,ensemble,170,Chla_ugL_mean,30.1095389503578
vera4cast,chlorocast_timesfm,2026-10-29 00:00:00,2026-09-29 00:00:00,P1D,fcre,1.6,ensemble,170,Chla_ugL_mean,30.0580078028836
vera4cast,chlorocast_timesfm,2026-10-30 00:00:00,2026-09-29 00:00:00,P1D,fcre,1.6,ensemble,170,Chla_ugL_mean,29.932092317145
vera4cast,chlorocast_timesfm,2026-10-31 00:00:00,2026-09-29 00:00:00,P1D,fcre,1.6,ensemble,170,Chla_ugL_mean,30.4390783924685
vera4cast,chlorocast_timesfm,2026-11-01 00:00:00,2026-09-29 00:00:00,P1D,fcre,1.6,ensemble,170,Chla_ugL_mean,30.7572206658242
vera4cast,chlorocast_timesfm,2026-11-02 00:00:00,2026-09-29 00:00:00,P1D,fcre,1.6,ensemble,170,Chla_ugL_mean,30.6004279287199
vera4cast,chlorocast_timesfm,2026-11-03 00:00:00,2026-09-29 00:00:00,P1D,fcre,1.6,ensemble,170,Chla_ugL_mean,30.5522471408019
vera4cast,chlorocast_timesfm,2026-09-30 00:00:00,2026-09-29 00:00:00,P1D,fcre,1.6,ensemble,171,Chla_ugL_mean,21.3489132196231
vera4cast,chlorocast_timesfm,2026-10-01 00:00:00,2026-09-29 00:00:00,P1D,fcre,1.6,ensemble,171,Chla_ugL_mean,22.029637819268
vera4cast,chlorocast_timesfm,2026-10-02 00:00:00,2026-09-29 00:00:00,P1D,fcre,1.6,ensemble,171,Chla_ugL_mean,22.3893915611168
vera4cast,chlorocast_timesfm,2026-10-03 00:00:00,2026-09-29 00:00:00,P1D,fcre,1.6,ensemble,171,Chla_ugL_mean,22.8858131343066
vera4cast,chlorocast_timesfm,2026-10-04 00:00:00,2026-09-29 00:00:00,P1D,fcre,1.6,ensemble,171,Chla_ugL_mean,23.4273088723496
vera4cast,chlorocast_timesfm,2026-10-05 00:00:00,2026-09-29 00:00:00,P1D,fcre,1.6,ensemble,171,Chla_ugL_mean,23.6528190922754
vera4cast,chlorocast_timesfm,2026-10-06 00:00:00,2026-09-29 00:00:00,P1D,fcre,1.6,ensemble,171,Chla_ugL_mean,24.4584919481388
vera4cast,chlorocast_timesfm,2026-10-07 00:00:00,2026-09-29 00:00:00,P1D,fcre,1.6,ensemble,171,Chla_ugL_mean,24.3479762227248
vera4cast,chlorocast_timesfm,2026-10-08 00:00:00,2026-09-29 00:00:00,P1D,fcre,1.6,ensemble,171,Chla_ugL_mean,24.9446281349002
vera4cast,chlorocast_timesfm,2026-10-09 00:00:00,2026-09-29 00:00:00,P1D,fcre,1.6,ensemble,171,Chla_ugL_mean,25.5571318995433
vera4cast,chlorocast_timesfm,2026-10-10 00:00:00,2026-09-29 00:00:00,P1D,fcre,1.6,ensemble,171,Chla_ugL_mean,25.4643776941852
vera4cast,chlorocast_timesfm,2026-10-11 00:00:00,2026-09-29 00:00:00,P1D,fcre,1.6,ensemble,171,Chla_ugL_mean,25.7154242928073
vera4cast,chlorocast_timesfm,2026-10-12 00:00:00,2026-09-29 00:00:00,P1D,fcre,1.6,ensemble,171,Chla_ugL_mean,25.9013104070582
vera4cast,chlorocast_timesfm,2026-10-13 00:00:00,2026-09-29 00:00:00,P1D,fcre,1.6,ensemble,171,Chla_ugL_mean,26.3029764171359
vera4cast,chlorocast_timesfm,2026-10-14 00:00:00,2026-09-29 00:00:00,P1D,fcre,1.6,ensemble,171,Chla_ugL_mean,26.8476782531501
vera4cast,chlorocast_timesfm,2026-10-15 00:00:00,2026-09-29 00:00:00,P1D,fcre,1.6,ensemble,171,Chla_ugL_mean,27.4944689703639
vera4cast,chlorocast_timesfm,2026-10-16 00:00:00,2026-09-29 00:00:00,P1D,fcre,1.6,ensemble,171,Chla_ugL_mean,28.330822140064
vera4cast,chlorocast_timesfm,2026-10-17 00:00:00,2026-09-29 00:00:00,P1D,fcre,1.6,ensemble,171,Chla_ugL_mean,28.5436715959523
vera4cast,chlorocast_timesfm,2026-10-18 00:00:00,2026-09-29 00:00:00,P1D,fcre,1.6,ensemble,171,Chla_ugL_mean,29.016466802095
vera4cast,chlorocast_timesfm,2026-10-19 00:00:00,2026-09-29 00:00:00,P1D,fcre,1.6,ensemble,171,Chla_ugL_mean,29.5408989904128
vera4cast,chlorocast_timesfm,2026-10-20 00:00:00,2026-09-29 00:00:00,P1D,fcre,1.6,ensemble,171,Chla_ugL_mean,29.5614774884992
vera4cast,chlorocast_timesfm,2026-10-21 00:00:00,2026-09-29 00:00:00,P1D,fcre,1.6,ensemble,171,Chla_ugL_mean,29.9006435518076
vera4cast,chlorocast_timesfm,2026-10-22 00:00:00,2026-09-29 00:00:00,P1D,fcre,1.6,ensemble,171,Chla_ugL_mean,29.8098291339108
vera4cast,chlorocast_timesfm,2026-10-23 00:00:00,2026-09-29 00:00:00,P1D,fcre,1.6,ensemble,171,Chla_ugL_mean,29.8063408557886
vera4cast,chlorocast_timesfm,2026-10-24 00:00:00,2026-09-29 00:00:00,P1D,fcre,1.6,ensemble,171,Chla_ugL_mean,30.2011609393989
vera4cast,chlorocast_timesfm,2026-10-25 00:00:00,2026-09-29 00:00:00,P1D,fcre,1.6,ensemble,171,Chla_ugL_mean,30.2025451730086
vera4cast,chlorocast_timesfm,2026-10-26 00:00:00,2026-09-29 00:00:00,P1D,fcre,1.6,ensemble,171,Chla_ugL_mean,30.3669347298815
vera4cast,chlorocast_timesfm,2026-10-27 00:00:00,2026-09-29 00:00:00,P1D,fcre,1.6,ensemble,171,Chla_ugL_mean,30.4776958522201
vera4cast,chlorocast_timesfm,2026-10-28 00:00:00,2026-09-29 00:00:00,P1D,fcre,1.6,ensemble,171,Chla_ugL_mean,30.6860651342221
vera4cast,chlorocast_timesfm,2026-10-29 00:00:00,2026-09-29 00:00:00,P1D,fcre,1.6,ensemble,171,Chla_ugL_mean,30.6362536968473
vera4cast,chlorocast_timesfm,2026-10-30 00:00:00,2026-09-29 00:00:00,P1D,fcre,1.6,ensemble,171,Chla_ugL_mean,30.5237490542097
vera4cast,chlorocast_timesfm,2026-10-31 00:00:00,2026-09-29 00:00:00,P1D,fcre,1.6,ensemble,171,Chla_ugL_mean,31.0541327731073
vera4cast,chlorocast_timesfm,2026-11-01 00:00:00,2026-09-29 00:00:00,P1D,fcre,1.6,ensemble,171,Chla_ugL_mean,31.3540858232161
vera4cast,chlorocast_timesfm,2026-11-02 00:00:00,2026-09-29 00:00:00,P1D,fcre,1.6,ensemble,171,Chla_ugL_mean,31.2000040052067
vera4cast,chlorocast_timesfm,2026-11-03 00:00:00,2026-09-29 00:00:00,P1D,fcre,1.6,ensemble,171,Chla_ugL_mean,31.1474732980221
vera4cast,chlorocast_timesfm,2026-09-30 00:00:00,2026-09-29 00:00:00,P1D,fcre,1.6,ensemble,172,Chla_ugL_mean,21.6757281845086
vera4cast,chlorocast_timesfm,2026-10-01 00:00:00,2026-09-29 00:00:00,P1D,fcre,1.6,ensemble,172,Chla_ugL_mean,22.3774305799708
vera4cast,chlorocast_timesfm,2026-10-02 00:00:00,2026-09-29 00:00:00,P1D,fcre,1.6,ensemble,172,Chla_ugL_mean,22.7500450575077
vera4cast,chlorocast_timesfm,2026-10-03 00:00:00,2026-09-29 00:00:00,P1D,fcre,1.6,ensemble,172,Chla_ugL_mean,23.2307590171461
vera4cast,chlorocast_timesfm,2026-10-04 00:00:00,2026-09-29 00:00:00,P1D,fcre,1.6,ensemble,172,Chla_ugL_mean,23.8145549931235
vera4cast,chlorocast_timesfm,2026-10-05 00:00:00,2026-09-29 00:00:00,P1D,fcre,1.6,ensemble,172,Chla_ugL_mean,24.057473058321
vera4cast,chlorocast_timesfm,2026-10-06 00:00:00,2026-09-29 00:00:00,P1D,fcre,1.6,ensemble,172,Chla_ugL_mean,24.8836025512525
vera4cast,chlorocast_timesfm,2026-10-07 00:00:00,2026-09-29 00:00:00,P1D,fcre,1.6,ensemble,172,Chla_ugL_mean,24.7552861929982
vera4cast,chlorocast_timesfm,2026-10-08 00:00:00,2026-09-29 00:00:00,P1D,fcre,1.6,ensemble,172,Chla_ugL_mean,25.3715643170735
vera4cast,chlorocast_timesfm,2026-10-09 00:00:00,2026-09-29 00:00:00,P1D,fcre,1.6,ensemble,172,Chla_ugL_mean,26.0171849964473
vera4cast,chlorocast_timesfm,2026-10-10 00:00:00,2026-09-29 00:00:00,P1D,fcre,1.6,ensemble,172,Chla_ugL_mean,25.9330258534645
vera4cast,chlorocast_timesfm,2026-10-11 00:00:00,2026-09-29 00:00:00,P1D,fcre,1.6,ensemble,172,Chla_ugL_mean,26.1928544316566
vera4cast,chlorocast_timesfm,2026-10-12 00:00:00,2026-09-29 00:00:00,P1D,fcre,1.6,ensemble,172,Chla_ugL_mean,26.3716380926265
vera4cast,chlorocast_timesfm,2026-10-13 00:00:00,2026-09-29 00:00:00,P1D,fcre,1.6,ensemble,172,Chla_ugL_mean,26.7793287990736
vera4cast,chlorocast_timesfm,2026-10-14 00:00:00,2026-09-29 00:00:00,P1D,fcre,1.6,ensemble,172,Chla_ugL_mean,27.345489559233
vera4cast,chlorocast_timesfm,2026-10-15 00:00:00,2026-09-29 00:00:00,P1D,fcre,1.6,ensemble,172,Chla_ugL_mean,27.9994960223715
vera4cast,chlorocast_timesfm,2026-10-16 00:00:00,2026-09-29 00:00:00,P1D,fcre,1.6,ensemble,172,Chla_ugL_mean,28.8928961749669
vera4cast,chlorocast_timesfm,2026-10-17 00:00:00,2026-09-29 00:00:00,P1D,fcre,1.6,ensemble,172,Chla_ugL_mean,29.0854587679568
vera4cast,chlorocast_timesfm,2026-10-18 00:00:00,2026-09-29 00:00:00,P1D,fcre,1.6,ensemble,172,Chla_ugL_mean,29.5509987712857
vera4cast,chlorocast_timesfm,2026-10-19 00:00:00,2026-09-29 00:00:00,P1D,fcre,1.6,ensemble,172,Chla_ugL_mean,30.098063098896
vera4cast,chlorocast_timesfm,2026-10-20 00:00:00,2026-09-29 00:00:00,P1D,fcre,1.6,ensemble,172,Chla_ugL_mean,30.1267158242128
vera4cast,chlorocast_timesfm,2026-10-21 00:00:00,2026-09-29 00:00:00,P1D,fcre,1.6,ensemble,172,Chla_ugL_mean,30.4707751642001
vera4cast,chlorocast_timesfm,2026-10-22 00:00:00,2026-09-29 00:00:00,P1D,fcre,1.6,ensemble,172,Chla_ugL_mean,30.3800510074397
vera4cast,chlorocast_timesfm,2026-10-23 00:00:00,2026-09-29 00:00:00,P1D,fcre,1.6,ensemble,172,Chla_ugL_mean,30.3697861444918
vera4cast,chlorocast_timesfm,2026-10-24 00:00:00,2026-09-29 00:00:00,P1D,fcre,1.6,ensemble,172,Chla_ugL_mean,30.7931313642145
vera4cast,chlorocast_timesfm,2026-10-25 00:00:00,2026-09-29 00:00:00,P1D,fcre,1.6,ensemble,172,Chla_ugL_mean,30.80378330344
vera4cast,chlorocast_timesfm,2026-10-26 00:00:00,2026-09-29 00:00:00,P1D,fcre,1.6,ensemble,172,Chla_ugL_mean,30.9537402564868
vera4cast,chlorocast_timesfm,2026-10-27 00:00:00,2026-09-29 00:00:00,P1D,fcre,1.6,ensemble,172,Chla_ugL_mean,31.0692160011268
vera4cast,chlorocast_timesfm,2026-10-28 00:00:00,2026-09-29 00:00:00,P1D,fcre,1.6,ensemble,172,Chla_ugL_mean,31.2732755793097
vera4cast,chlorocast_timesfm,2026-10-29 00:00:00,2026-09-29 00:00:00,P1D,fcre,1.6,ensemble,172,Chla_ugL_mean,31.2252655200363
vera4cast,chlorocast_timesfm,2026-10-30 00:00:00,2026-09-29 00:00:00,P1D,fcre,1.6,ensemble,172,Chla_ugL_mean,31.1267227655975
vera4cast,chlorocast_timesfm,2026-10-31 00:00:00,2026-09-29 00:00:00,P1D,fcre,1.6,ensemble,172,Chla_ugL_mean,31.6812196912913
vera4cast,chlorocast_timesfm,2026-11-01 00:00:00,2026-09-29 00:00:00,P1D,fcre,1.6,ensemble,172,Chla_ugL_mean,31.9621688393703
vera4cast,chlorocast_timesfm,2026-11-02 00:00:00,2026-09-29 00:00:00,P1D,fcre,1.6,ensemble,172,Chla_ugL_mean,31.8109562400262
vera4cast,chlorocast_timesfm,2026-11-03 00:00:00,2026-09-29 00:00:00,P1D,fcre,1.6,ensemble,172,Chla_ugL_mean,31.7539282649261
vera4cast,chlorocast_timesfm,2026-09-30 00:00:00,2026-09-29 00:00:00,P1D,fcre,1.6,ensemble,173,Chla_ugL_mean,22.0073222641647
vera4cast,chlorocast_timesfm,2026-10-01 00:00:00,2026-09-29 00:00:00,P1D,fcre,1.6,ensemble,173,Chla_ugL_mean,22.7304756944166
vera4cast,chlorocast_timesfm,2026-10-02 00:00:00,2026-09-29 00:00:00,P1D,fcre,1.6,ensemble,173,Chla_ugL_mean,23.1162596624089
vera4cast,chlorocast_timesfm,2026-10-03 00:00:00,2026-09-29 00:00:00,P1D,fcre,1.6,ensemble,173,Chla_ugL_mean,23.580686420247
vera4cast,chlorocast_timesfm,2026-10-04 00:00:00,2026-09-29 00:00:00,P1D,fcre,1.6,ensemble,173,Chla_ugL_mean,24.2079401265426
vera4cast,chlorocast_timesfm,2026-10-05 00:00:00,2026-09-29 00:00:00,P1D,fcre,1.6,ensemble,173,Chla_ugL_mean,24.4687690571347
vera4cast,chlorocast_timesfm,2026-10-06 00:00:00,2026-09-29 00:00:00,P1D,fcre,1.6,ensemble,173,Chla_ugL_mean,25.3158117297746
vera4cast,chlorocast_timesfm,2026-10-07 00:00:00,2026-09-29 00:00:00,P1D,fcre,1.6,ensemble,173,Chla_ugL_mean,25.1691411201719
vera4cast,chlorocast_timesfm,2026-10-08 00:00:00,2026-09-29 00:00:00,P1D,fcre,1.6,ensemble,173,Chla_ugL_mean,25.8055260192389
vera4cast,chlorocast_timesfm,2026-10-09 00:00:00,2026-09-29 00:00:00,P1D,fcre,1.6,ensemble,173,Chla_ugL_mean,26.4852076607267
vera4cast,chlorocast_timesfm,2026-10-10 00:00:00,2026-09-29 00:00:00,P1D,fcre,1.6,ensemble,173,Chla_ugL_mean,26.4099731346704
vera4cast,chlorocast_timesfm,2026-10-11 00:00:00,2026-09-29 00:00:00,P1D,fcre,1.6,ensemble,173,Chla_ugL_mean,26.6788167029168
vera4cast,chlorocast_timesfm,2026-10-12 00:00:00,2026-09-29 00:00:00,P1D,fcre,1.6,ensemble,173,Chla_ugL_mean,26.8501887282468
vera4cast,chlorocast_timesfm,2026-10-13 00:00:00,2026-09-29 00:00:00,P1D,fcre,1.6,ensemble,173,Chla_ugL_mean,27.2639920548264
vera4cast,chlorocast_timesfm,2026-10-14 00:00:00,2026-09-29 00:00:00,P1D,fcre,1.6,ensemble,173,Chla_ugL_mean,27.8521998512281
vera4cast,chlorocast_timesfm,2026-10-15 00:00:00,2026-09-29 00:00:00,P1D,fcre,1.6,ensemble,173,Chla_ugL_mean,28.5134740158241
vera4cast,chlorocast_timesfm,2026-10-16 00:00:00,2026-09-29 00:00:00,P1D,fcre,1.6,ensemble,173,Chla_ugL_mean,29.4657413781378
vera4cast,chlorocast_timesfm,2026-10-17 00:00:00,2026-09-29 00:00:00,P1D,fcre,1.6,ensemble,173,Chla_ugL_mean,29.6371815141094
vera4cast,chlorocast_timesfm,2026-10-18 00:00:00,2026-09-29 00:00:00,P1D,fcre,1.6,ensemble,173,Chla_ugL_mean,30.0950496631388
vera4cast,chlorocast_timesfm,2026-10-19 00:00:00,2026-09-29 00:00:00,P1D,fcre,1.6,ensemble,173,Chla_ugL_mean,30.6653916705758
vera4cast,chlorocast_timesfm,2026-10-20 00:00:00,2026-09-29 00:00:00,P1D,fcre,1.6,ensemble,173,Chla_ugL_mean,30.7024083134037
vera4cast,chlorocast_timesfm,2026-10-21 00:00:00,2026-09-29 00:00:00,P1D,fcre,1.6,ensemble,173,Chla_ugL_mean,31.0514259767803
vera4cast,chlorocast_timesfm,2026-10-22 00:00:00,2026-09-29 00:00:00,P1D,fcre,1.6,ensemble,173,Chla_ugL_mean,30.9608264281381
vera4cast,chlorocast_timesfm,2026-10-23 00:00:00,2026-09-29 00:00:00,P1D,fcre,1.6,ensemble,173,Chla_ugL_mean,30.943536798407
vera4cast,chlorocast_timesfm,2026-10-24 00:00:00,2026-09-29 00:00:00,P1D,fcre,1.6,ensemble,173,Chla_ugL_mean,31.3963330693191
vera4cast,chlorocast_timesfm,2026-10-25 00:00:00,2026-09-29 00:00:00,P1D,fcre,1.6,ensemble,173,Chla_ugL_mean,31.4166066198708
vera4cast,chlorocast_timesfm,2026-10-26 00:00:00,2026-09-29 00:00:00,P1D,fcre,1.6,ensemble,173,Chla_ugL_mean,31.5515236082772
vera4cast,chlorocast_timesfm,2026-10-27 00:00:00,2026-09-29 00:00:00,P1D,fcre,1.6,ensemble,173,Chla_ugL_mean,31.6718518329667
vera4cast,chlorocast_timesfm,2026-10-28 00:00:00,2026-09-29 00:00:00,P1D,fcre,1.6,ensemble,173,Chla_ugL_mean,31.8713682877948
vera4cast,chlorocast_timesfm,2026-10-29 00:00:00,2026-09-29 00:00:00,P1D,fcre,1.6,ensemble,173,Chla_ugL_mean,31.8252437152611
vera4cast,chlorocast_timesfm,2026-10-30 00:00:00,2026-09-29 00:00:00,P1D,fcre,1.6,ensemble,173,Chla_ugL_mean,31.7412299178842
vera4cast,chlorocast_timesfm,2026-10-31 00:00:00,2026-09-29 00:00:00,P1D,fcre,1.6,ensemble,173,Chla_ugL_mean,32.3205745440266
vera4cast,chlorocast_timesfm,2026-11-01 00:00:00,2026-09-29 00:00:00,P1D,fcre,1.6,ensemble,173,Chla_ugL_mean,32.5816805497721
vera4cast,chlorocast_timesfm,2026-11-02 00:00:00,2026-09-29 00:00:00,P1D,fcre,1.6,ensemble,173,Chla_ugL_mean,32.4335004806469
vera4cast,chlorocast_timesfm,2026-11-03 00:00:00,2026-09-29 00:00:00,P1D,fcre,1.6,ensemble,173,Chla_ugL_mean,32.3718238705227
vera4cast,chlorocast_timesfm,2026-09-30 00:00:00,2026-09-29 00:00:00,P1D,fcre,1.6,ensemble,174,Chla_ugL_mean,22.3437653450421
vera4cast,chlorocast_timesfm,2026-10-01 00:00:00,2026-09-29 00:00:00,P1D,fcre,1.6,ensemble,174,Chla_ugL_mean,23.0888524834622
vera4cast,chlorocast_timesfm,2026-10-02 00:00:00,2026-09-29 00:00:00,P1D,fcre,1.6,ensemble,174,Chla_ugL_mean,23.4881211255167
vera4cast,chlorocast_timesfm,2026-10-03 00:00:00,2026-09-29 00:00:00,P1D,fcre,1.6,ensemble,174,Chla_ugL_mean,23.9356672840073
vera4cast,chlorocast_timesfm,2026-10-04 00:00:00,2026-09-29 00:00:00,P1D,fcre,1.6,ensemble,174,Chla_ugL_mean,24.6075615943726
vera4cast,chlorocast_timesfm,2026-10-05 00:00:00,2026-09-29 00:00:00,P1D,fcre,1.6,ensemble,174,Chla_ugL_mean,24.8868161117411
vera4cast,chlorocast_timesfm,2026-10-06 00:00:00,2026-09-29 00:00:00,P1D,fcre,1.6,ensemble,174,Chla_ugL_mean,25.7552380170292
vera4cast,chlorocast_timesfm,2026-10-07 00:00:00,2026-09-29 00:00:00,P1D,fcre,1.6,ensemble,174,Chla_ugL_mean,25.5896461734385
vera4cast,chlorocast_timesfm,2026-10-08 00:00:00,2026-09-29 00:00:00,P1D,fcre,1.6,ensemble,174,Chla_ugL_mean,26.2466288510196
vera4cast,chlorocast_timesfm,2026-10-09 00:00:00,2026-09-29 00:00:00,P1D,fcre,1.6,ensemble,174,Chla_ugL_mean,26.9613379503679
vera4cast,chlorocast_timesfm,2026-10-10 00:00:00,2026-09-29 00:00:00,P1D,fcre,1.6,ensemble,174,Chla_ugL_mean,26.8953665039722
vera4cast,chlorocast_timesfm,2026-10-11 00:00:00,2026-09-29 00:00:00,P1D,fcre,1.6,ensemble,174,Chla_ugL_mean,27.1734635839404
vera4cast,chlorocast_timesfm,2026-10-12 00:00:00,2026-09-29 00:00:00,P1D,fcre,1.6,ensemble,174,Chla_ugL_mean,27.3371060794461
vera4cast,chlorocast_timesfm,2026-10-13 00:00:00,2026-09-29 00:00:00,P1D,fcre,1.6,ensemble,174,Chla_ugL_mean,27.7571111834037
vera4cast,chlorocast_timesfm,2026-10-14 00:00:00,2026-09-29 00:00:00,P1D,fcre,1.6,ensemble,174,Chla_ugL_mean,28.3679682093921
vera4cast,chlorocast_timesfm,2026-10-15 00:00:00,2026-09-29 00:00:00,P1D,fcre,1.6,ensemble,174,Chla_ugL_mean,29.0365615944071
vera4cast,chlorocast_timesfm,2026-10-16 00:00:00,2026-09-29 00:00:00,P1D,fcre,1.6,ensemble,174,Chla_ugL_mean,30.049564160225
vera4cast,chlorocast_timesfm,2026-10-17 00:00:00,2026-09-29 00:00:00,P1D,fcre,1.6,ensemble,174,Chla_ugL_mean,30.1990220381217
vera4cast,chlorocast_timesfm,2026-10-18 00:00:00,2026-09-29 00:00:00,P1D,fcre,1.6,ensemble,174,Chla_ugL_mean,30.6487889902258
vera4cast,chlorocast_timesfm,2026-10-19 00:00:00,2026-09-29 00:00:00,P1D,fcre,1.6,ensemble,174,Chla_ugL_mean,31.2430701379138
vera4cast,chlorocast_timesfm,2026-10-20 00:00:00,2026-09-29 00:00:00,P1D,fcre,1.6,ensemble,174,Chla_ugL_mean,31.2887483069437
vera4cast,chlorocast_timesfm,2026-10-21 00:00:00,2026-09-29 00:00:00,P1D,fcre,1.6,ensemble,174,Chla_ugL_mean,31.642790073809
vera4cast,chlorocast_timesfm,2026-10-22 00:00:00,2026-09-29 00:00:00,P1D,fcre,1.6,ensemble,174,Chla_ugL_mean,31.5523507188497
vera4cast,chlorocast_timesfm,2026-10-23 00:00:00,2026-09-29 00:00:00,P1D,fcre,1.6,ensemble,174,Chla_ugL_mean,31.5277813017654
vera4cast,chlorocast_timesfm,2026-10-24 00:00:00,2026-09-29 00:00:00,P1D,fcre,1.6,ensemble,174,Chla_ugL_mean,32.0109791424816
vera4cast,chlorocast_timesfm,2026-10-25 00:00:00,2026-09-29 00:00:00,P1D,fcre,1.6,ensemble,174,Chla_ugL_mean,32.0412383558716
vera4cast,chlorocast_timesfm,2026-10-26 00:00:00,2026-09-29 00:00:00,P1D,fcre,1.6,ensemble,174,Chla_ugL_mean,32.1604901559254
vera4cast,chlorocast_timesfm,2026-10-27 00:00:00,2026-09-29 00:00:00,P1D,fcre,1.6,ensemble,174,Chla_ugL_mean,32.2858122305773
vera4cast,chlorocast_timesfm,2026-10-28 00:00:00,2026-09-29 00:00:00,P1D,fcre,1.6,ensemble,174,Chla_ugL_mean,32.4805449312545
vera4cast,chlorocast_timesfm,2026-10-29 00:00:00,2026-09-29 00:00:00,P1D,fcre,1.6,ensemble,174,Chla_ugL_mean,32.4363924572273
vera4cast,chlorocast_timesfm,2026-10-30 00:00:00,2026-09-29 00:00:00,P1D,fcre,1.6,ensemble,174,Chla_ugL_mean,32.3674911181317
vera4cast,chlorocast_timesfm,2026-10-31 00:00:00,2026-09-29 00:00:00,P1D,fcre,1.6,ensemble,174,Chla_ugL_mean,32.9724373334783
vera4cast,chlorocast_timesfm,2026-11-01 00:00:00,2026-09-29 00:00:00,P1D,fcre,1.6,ensemble,174,Chla_ugL_mean,33.2128357524815
vera4cast,chlorocast_timesfm,2026-11-02 00:00:00,2026-09-29 00:00:00,P1D,fcre,1.6,ensemble,174,Chla_ugL_mean,33.0678566699563
vera4cast,chlorocast_timesfm,2026-11-03 00:00:00,2026-09-29 00:00:00,P1D,fcre,1.6,ensemble,174,Chla_ugL_mean,33.001375939928
vera4cast,chlorocast_timesfm,2026-09-30 00:00:00,2026-09-29 00:00:00,P1D,fcre,1.6,ensemble,175,Chla_ugL_mean,22.6851283355627
vera4cast,chlorocast_timesfm,2026-10-01 00:00:00,2026-09-29 00:00:00,P1D,fcre,1.6,ensemble,175,Chla_ugL_mean,23.4526414658654
vera4cast,chlorocast_timesfm,2026-10-02 00:00:00,2026-09-29 00:00:00,P1D,fcre,1.6,ensemble,175,Chla_ugL_mean,23.8657165187481
vera4cast,chlorocast_timesfm,2026-10-03 00:00:00,2026-09-29 00:00:00,P1D,fcre,1.6,ensemble,175,Chla_ugL_mean,24.295774587749
vera4cast,chlorocast_timesfm,2026-10-04 00:00:00,2026-09-29 00:00:00,P1D,fcre,1.6,ensemble,175,Chla_ugL_mean,25.0135182612212
vera4cast,chlorocast_timesfm,2026-10-05 00:00:00,2026-09-29 00:00:00,P1D,fcre,1.6,ensemble,175,Chla_ugL_mean,25.3117250346801
vera4cast,chlorocast_timesfm,2026-10-06 00:00:00,2026-09-29 00:00:00,P1D,fcre,1.6,ensemble,175,Chla_ugL_mean,26.2020019256314
vera4cast,chlorocast_timesfm,2026-10-07 00:00:00,2026-09-29 00:00:00,P1D,fcre,1.6,ensemble,175,Chla_ugL_mean,26.0169082119273
vera4cast,chlorocast_timesfm,2026-10-08 00:00:00,2026-09-29 00:00:00,P1D,fcre,1.6,ensemble,175,Chla_ugL_mean,26.6949903244723
vera4cast,chlorocast_timesfm,2026-10-09 00:00:00,2026-09-29 00:00:00,P1D,fcre,1.6,ensemble,175,Chla_ugL_mean,27.4457163149558
vera4cast,chlorocast_timesfm,2026-10-10 00:00:00,2026-09-29 00:00:00,P1D,fcre,1.6,ensemble,175,Chla_ugL_mean,27.3893555301106
vera4cast,chlorocast_timesfm,2026-10-11 00:00:00,2026-09-29 00:00:00,P1D,fcre,1.6,ensemble,175,Chla_ugL_mean,27.6769502769954
vera4cast,chlorocast_timesfm,2026-10-12 00:00:00,2026-09-29 00:00:00,P1D,fcre,1.6,ensemble,175,Chla_ugL_mean,27.8325364252686
vera4cast,chlorocast_timesfm,2026-10-13 00:00:00,2026-09-29 00:00:00,P1D,fcre,1.6,ensemble,175,Chla_ugL_mean,28.2588337135988
vera4cast,chlorocast_timesfm,2026-10-14 00:00:00,2026-09-29 00:00:00,P1D,fcre,1.6,ensemble,175,Chla_ugL_mean,28.8929565577354
vera4cast,chlorocast_timesfm,2026-10-15 00:00:00,2026-09-29 00:00:00,P1D,fcre,1.6,ensemble,175,Chla_ugL_mean,29.5689202135569
vera4cast,chlorocast_timesfm,2026-10-16 00:00:00,2026-09-29 00:00:00,P1D,fcre,1.6,ensemble,175,Chla_ugL_mean,30.6445748873766
vera4cast,chlorocast_timesfm,2026-10-17 00:00:00,2026-09-29 00:00:00,P1D,fcre,1.6,ensemble,175,Chla_ugL_mean,30.7711658850516
vera4cast,chlorocast_timesfm,2026-10-18 00:00:00,2026-09-29 00:00:00,P1D,fcre,1.6,ensemble,175,Chla_ugL_mean,31.2123892837908
vera4cast,chlorocast_timesfm,2026-10-19 00:00:00,2026-09-29 00:00:00,P1D,fcre,1.6,ensemble,175,Chla_ugL_mean,31.8312873162551
vera4cast,chlorocast_timesfm,2026-10-20 00:00:00,2026-09-29 00:00:00,P1D,fcre,1.6,ensemble,175,Chla_ugL_mean,31.8859327317529
vera4cast,chlorocast_timesfm,2026-10-21 00:00:00,2026-09-29 00:00:00,P1D,fcre,1.6,ensemble,175,Chla_ugL_mean,32.2450651204943
vera4cast,chlorocast_timesfm,2026-10-22 00:00:00,2026-09-29 00:00:00,P1D,fcre,1.6,ensemble,175,Chla_ugL_mean,32.1548228174125
vera4cast,chlorocast_timesfm,2026-10-23 00:00:00,2026-09-29 00:00:00,P1D,fcre,1.6,ensemble,175,Chla_ugL_mean,32.1227115861586
vera4cast,chlorocast_timesfm,2026-10-24 00:00:00,2026-09-29 00:00:00,P1D,fcre,1.6,ensemble,175,Chla_ugL_mean,32.6372867143219
vera4cast,chlorocast_timesfm,2026-10-25 00:00:00,2026-09-29 00:00:00,P1D,fcre,1.6,ensemble,175,Chla_ugL_mean,32.6779060464741
vera4cast,chlorocast_timesfm,2026-10-26 00:00:00,2026-09-29 00:00:00,P1D,fcre,1.6,ensemble,175,Chla_ugL_mean,32.7808491121323
vera4cast,chlorocast_timesfm,2026-10-27 00:00:00,2026-09-29 00:00:00,P1D,fcre,1.6,ensemble,175,Chla_ugL_mean,32.9113100020644
vera4cast,chlorocast_timesfm,2026-10-28 00:00:00,2026-09-29 00:00:00,P1D,fcre,1.6,ensemble,175,Chla_ugL_mean,33.1010109186713
vera4cast,chlorocast_timesfm,2026-10-29 00:00:00,2026-09-29 00:00:00,P1D,fcre,1.6,ensemble,175,Chla_ugL_mean,33.0589197220171
vera4cast,chlorocast_timesfm,2026-10-30 00:00:00,2026-09-29 00:00:00,P1D,fcre,1.6,ensemble,175,Chla_ugL_mean,33.005731193086
vera4cast,chlorocast_timesfm,2026-10-31 00:00:00,2026-09-29 00:00:00,P1D,fcre,1.6,ensemble,175,Chla_ugL_mean,33.6370527570633
vera4cast,chlorocast_timesfm,2026-11-01 00:00:00,2026-09-29 00:00:00,P1D,fcre,1.6,ensemble,175,Chla_ugL_mean,33.8558532826084
vera4cast,chlorocast_timesfm,2026-11-02 00:00:00,2026-09-29 00:00:00,P1D,fcre,1.6,ensemble,175,Chla_ugL_mean,33.7142489239651
vera4cast,chlorocast_timesfm,2026-11-03 00:00:00,2026-09-29 00:00:00,P1D,fcre,1.6,ensemble,175,Chla_ugL_mean,33.6428043697514
vera4cast,chlorocast_timesfm,2026-09-30 00:00:00,2026-09-29 00:00:00,P1D,fcre,1.6,ensemble,176,Chla_ugL_mean,23.0314831810636
vera4cast,chlorocast_timesfm,2026-10-01 00:00:00,2026-09-29 00:00:00,P1D,fcre,1.6,ensemble,176,Chla_ugL_mean,23.8219243763754
vera4cast,chlorocast_timesfm,2026-10-02 00:00:00,2026-09-29 00:00:00,P1D,fcre,1.6,ensemble,176,Chla_ugL_mean,24.2491342566281
vera4cast,chlorocast_timesfm,2026-10-03 00:00:00,2026-09-29 00:00:00,P1D,fcre,1.6,ensemble,176,Chla_ugL_mean,24.6610823647218
vera4cast,chlorocast_timesfm,2026-10-04 00:00:00,2026-09-29 00:00:00,P1D,fcre,1.6,ensemble,176,Chla_ugL_mean,25.4259105589967
vera4cast,chlorocast_timesfm,2026-10-05 00:00:00,2026-09-29 00:00:00,P1D,fcre,1.6,ensemble,176,Chla_ugL_mean,25.7436084573805
vera4cast,chlorocast_timesfm,2026-10-06 00:00:00,2026-09-29 00:00:00,P1D,fcre,1.6,ensemble,176,Chla_ugL_mean,26.6562259805386
vera4cast,chlorocast_timesfm,2026-10-07 00:00:00,2026-09-29 00:00:00,P1D,fcre,1.6,ensemble,176,Chla_ugL_mean,26.4510358118583
vera4cast,chlorocast_timesfm,2026-10-08 00:00:00,2026-09-29 00:00:00,P1D,fcre,1.6,ensemble,176,Chla_ugL_mean,27.1507298853932
vera4cast,chlorocast_timesfm,2026-10-09 00:00:00,2026-09-29 00:00:00,P1D,fcre,1.6,ensemble,176,Chla_ugL_mean,27.9384856371044
vera4cast,chlorocast_timesfm,2026-10-10 00:00:00,2026-09-29 00:00:00,P1D,fcre,1.6,ensemble,176,Chla_ugL_mean,27.892092430485
vera4cast,chlorocast_timesfm,2026-10-11 00:00:00,2026-09-29 00:00:00,P1D,fcre,1.6,ensemble,176,Chla_ugL_mean,28.1894347579627
vera4cast,chlorocast_timesfm,2026-10-12 00:00:00,2026-09-29 00:00:00,P1D,fcre,1.6,ensemble,176,Chla_ugL_mean,28.3366286022208
vera4cast,chlorocast_timesfm,2026-10-13 00:00:00,2026-09-29 00:00:00,P1D,fcre,1.6,ensemble,176,Chla_ugL_mean,28.7693097481253
vera4cast,chlorocast_timesfm,2026-10-14 00:00:00,2026-09-29 00:00:00,P1D,fcre,1.6,ensemble,176,Chla_ugL_mean,29.4273297148586
vera4cast,chlorocast_timesfm,2026-10-15 00:00:00,2026-09-29 00:00:00,P1D,fcre,1.6,ensemble,176,Chla_ugL_mean,30.1107141902955
vera4cast,chlorocast_timesfm,2026-10-16 00:00:00,2026-09-29 00:00:00,P1D,fcre,1.6,ensemble,176,Chla_ugL_mean,31.2509879570409
vera4cast,chlorocast_timesfm,2026-10-17 00:00:00,2026-09-29 00:00:00,P1D,fcre,1.6,ensemble,176,Chla_ugL_mean,31.3538020025782
vera4cast,chlorocast_timesfm,2026-10-18 00:00:00,2026-09-29 00:00:00,P1D,fcre,1.6,ensemble,176,Chla_ugL_mean,31.7860261475073
vera4cast,chlorocast_timesfm,2026-10-19 00:00:00,2026-09-29 00:00:00,P1D,fcre,1.6,ensemble,176,Chla_ugL_mean,32.4302354655436
vera4cast,chlorocast_timesfm,2026-10-20 00:00:00,2026-09-29 00:00:00,P1D,fcre,1.6,ensemble,176,Chla_ugL_mean,32.4941621569395
vera4cast,chlorocast_timesfm,2026-10-21 00:00:00,2026-09-29 00:00:00,P1D,fcre,1.6,ensemble,176,Chla_ugL_mean,32.8584524290617
vera4cast,chlorocast_timesfm,2026-10-22 00:00:00,2026-09-29 00:00:00,P1D,fcre,1.6,ensemble,176,Chla_ugL_mean,32.7684453435645
vera4cast,chlorocast_timesfm,2026-10-23 00:00:00,2026-09-29 00:00:00,P1D,fcre,1.6,ensemble,176,Chla_ugL_mean,32.7285230935902
vera4cast,chlorocast_timesfm,2026-10-24 00:00:00,2026-09-29 00:00:00,P1D,fcre,1.6,ensemble,176,Chla_ugL_mean,33.2754770350152
vera4cast,chlorocast_timesfm,2026-10-25 00:00:00,2026-09-29 00:00:00,P1D,fcre,1.6,ensemble,176,Chla_ugL_mean,33.3268416110556
vera4cast,chlorocast_timesfm,2026-10-26 00:00:00,2026-09-29 00:00:00,P1D,fcre,1.6,ensemble,176,Chla_ugL_mean,33.4128136035028
vera4cast,chlorocast_timesfm,2026-10-27 00:00:00,2026-09-29 00:00:00,P1D,fcre,1.6,ensemble,176,Chla_ugL_mean,33.5485619545648
vera4cast,chlorocast_timesfm,2026-10-28 00:00:00,2026-09-29 00:00:00,P1D,fcre,1.6,ensemble,176,Chla_ugL_mean,33.7329754656943
vera4cast,chlorocast_timesfm,2026-10-29 00:00:00,2026-09-29 00:00:00,P1D,fcre,1.6,ensemble,176,Chla_ugL_mean,33.6930373578645
vera4cast,chlorocast_timesfm,2026-10-30 00:00:00,2026-09-29 00:00:00,P1D,fcre,1.6,ensemble,176,Chla_ugL_mean,33.6561792698898
vera4cast,chlorocast_timesfm,2026-10-31 00:00:00,2026-09-29 00:00:00,P1D,fcre,1.6,ensemble,176,Chla_ugL_mean,34.314670299305
vera4cast,chlorocast_timesfm,2026-11-01 00:00:00,2026-09-29 00:00:00,P1D,fcre,1.6,ensemble,176,Chla_ugL_mean,34.5109560881868
vera4cast,chlorocast_timesfm,2026-11-02 00:00:00,2026-09-29 00:00:00,P1D,fcre,1.6,ensemble,176,Chla_ugL_mean,34.3729056109874
vera4cast,chlorocast_timesfm,2026-11-03 00:00:00,2026-09-29 00:00:00,P1D,fcre,1.6,ensemble,176,Chla_ugL_mean,34.2963332049028
vera4cast,chlorocast_timesfm,2026-09-30 00:00:00,2026-09-29 00:00:00,P1D,fcre,1.6,ensemble,177,Chla_ugL_mean,23.3829028789606
vera4cast,chlorocast_timesfm,2026-10-01 00:00:00,2026-09-29 00:00:00,P1D,fcre,1.6,ensemble,177,Chla_ugL_mean,24.1967841840964
vera4cast,chlorocast_timesfm,2026-10-02 00:00:00,2026-09-29 00:00:00,P1D,fcre,1.6,ensemble,177,Chla_ugL_mean,24.6384641169925
vera4cast,chlorocast_timesfm,2026-10-03 00:00:00,2026-09-29 00:00:00,P1D,fcre,1.6,ensemble,177,Chla_ugL_mean,25.0316657173229
vera4cast,chlorocast_timesfm,2026-10-04 00:00:00,2026-09-29 00:00:00,P1D,fcre,1.6,ensemble,177,Chla_ugL_mean,25.8448405117544
vera4cast,chlorocast_timesfm,2026-10-05 00:00:00,2026-09-29 00:00:00,P1D,fcre,1.6,ensemble,177,Chla_ugL_mean,26.182580860015
vera4cast,chlorocast_timesfm,2026-10-06 00:00:00,2026-09-29 00:00:00,P1D,fcre,1.6,ensemble,177,Chla_ugL_mean,27.1180347526522
vera4cast,chlorocast_timesfm,2026-10-07 00:00:00,2026-09-29 00:00:00,P1D,fcre,1.6,ensemble,177,Chla_ugL_mean,26.8921392941347
vera4cast,chlorocast_timesfm,2026-10-08 00:00:00,2026-09-29 00:00:00,P1D,fcre,1.6,ensemble,177,Chla_ugL_mean,27.6139689451389
vera4cast,chlorocast_timesfm,2026-10-09 00:00:00,2026-09-29 00:00:00,P1D,fcre,1.6,ensemble,177,Chla_ugL_mean,28.439791274604
vera4cast,chlorocast_timesfm,2026-10-10 00:00:00,2026-09-29 00:00:00,P1D,fcre,1.6,ensemble,177,Chla_ugL_mean,28.4037321180583
vera4cast,chlorocast_timesfm,2026-10-11 00:00:00,2026-09-29 00:00:00,P1D,fcre,1.6,ensemble,177,Chla_ugL_mean,28.7110778259029
vera4cast,chlorocast_timesfm,2026-10-12 00:00:00,2026-09-29 00:00:00,P1D,fcre,1.6,ensemble,177,Chla_ugL_mean,28.8495340489844
vera4cast,chlorocast_timesfm,2026-10-13 00:00:00,2026-09-29 00:00:00,P1D,fcre,1.6,ensemble,177,Chla_ugL_mean,29.2886920085246
vera4cast,chlorocast_timesfm,2026-10-14 00:00:00,2026-09-29 00:00:00,P1D,fcre,1.6,ensemble,177,Chla_ugL_mean,29.971255445696
vera4cast,chlorocast_timesfm,2026-10-15 00:00:00,2026-09-29 00:00:00,P1D,fcre,1.6,ensemble,177,Chla_ugL_mean,30.6621107539486
vera4cast,chlorocast_timesfm,2026-10-16 00:00:00,2026-09-29 00:00:00,P1D,fcre,1.6,ensemble,177,Chla_ugL_mean,31.8690218752193
vera4cast,chlorocast_timesfm,2026-10-17 00:00:00,2026-09-29 00:00:00,P1D,fcre,1.6,ensemble,177,Chla_ugL_mean,31.9471228034015
vera4cast,chlorocast_timesfm,2026-10-18 00:00:00,2026-09-29 00:00:00,P1D,fcre,1.6,ensemble,177,Chla_ugL_mean,32.3698783121911
vera4cast,chlorocast_timesfm,2026-10-19 00:00:00,2026-09-29 00:00:00,P1D,fcre,1.6,ensemble,177,Chla_ugL_mean,33.040110353162
vera4cast,chlorocast_timesfm,2026-10-20 00:00:00,2026-09-29 00:00:00,P1D,fcre,1.6,ensemble,177,Chla_ugL_mean,33.1136408611623
vera4cast,chlorocast_timesfm,2026-10-21 00:00:00,2026-09-29 00:00:00,P1D,fcre,1.6,ensemble,177,Chla_ugL_mean,33.483157026043
vera4cast,chlorocast_timesfm,2026-10-22 00:00:00,2026-09-29 00:00:00,P1D,fcre,1.6,ensemble,177,Chla_ugL_mean,33.3934246670872
vera4cast,chlorocast_timesfm,2026-10-23 00:00:00,2026-09-29 00:00:00,P1D,fcre,1.6,ensemble,177,Chla_ugL_mean,33.345414840681
vera4cast,chlorocast_timesfm,2026-10-24 00:00:00,2026-09-29 00:00:00,P1D,fcre,1.6,ensemble,177,Chla_ugL_mean,33.9257755524513
vera4cast,chlorocast_timesfm,2026-10-25 00:00:00,2026-09-29 00:00:00,P1D,fcre,1.6,ensemble,177,Chla_ugL_mean,33.9882814378201
vera4cast,chlorocast_timesfm,2026-10-26 00:00:00,2026-09-29 00:00:00,P1D,fcre,1.6,ensemble,177,Chla_ugL_mean,34.056600743766
vera4cast,chlorocast_timesfm,2026-10-27 00:00:00,2026-09-29 00:00:00,P1D,fcre,1.6,ensemble,177,Chla_ugL_mean,34.1977889693952
vera4cast,chlorocast_timesfm,2026-10-28 00:00:00,2026-09-29 00:00:00,P1D,fcre,1.6,ensemble,177,Chla_ugL_mean,34.3766516651855
vera4cast,chlorocast_timesfm,2026-10-29 00:00:00,2026-09-29 00:00:00,P1D,fcre,1.6,ensemble,177,Chla_ugL_mean,34.3389611572478
vera4cast,chlorocast_timesfm,2026-10-30 00:00:00,2026-09-29 00:00:00,P1D,fcre,1.6,ensemble,177,Chla_ugL_mean,34.3190688583379
vera4cast,chlorocast_timesfm,2026-10-31 00:00:00,2026-09-29 00:00:00,P1D,fcre,1.6,ensemble,177,Chla_ugL_mean,35.0055443254853
vera4cast,chlorocast_timesfm,2026-11-01 00:00:00,2026-09-29 00:00:00,P1D,fcre,1.6,ensemble,177,Chla_ugL_mean,35.1783713074766
vera4cast,chlorocast_timesfm,2026-11-02 00:00:00,2026-09-29 00:00:00,P1D,fcre,1.6,ensemble,177,Chla_ugL_mean,35.0440594323222
vera4cast,chlorocast_timesfm,2026-11-03 00:00:00,2026-09-29 00:00:00,P1D,fcre,1.6,ensemble,177,Chla_ugL_mean,34.9621907168501
vera4cast,chlorocast_timesfm,2026-09-30 00:00:00,2026-09-29 00:00:00,P1D,fcre,1.6,ensemble,178,Chla_ugL_mean,23.7394614941329
vera4cast,chlorocast_timesfm,2026-10-01 00:00:00,2026-09-29 00:00:00,P1D,fcre,1.6,ensemble,178,Chla_ugL_mean,24.5773051111294
vera4cast,chlorocast_timesfm,2026-10-02 00:00:00,2026-09-29 00:00:00,P1D,fcre,1.6,ensemble,178,Chla_ugL_mean,25.0337972620093
vera4cast,chlorocast_timesfm,2026-10-03 00:00:00,2026-09-29 00:00:00,P1D,fcre,1.6,ensemble,178,Chla_ugL_mean,25.4076008325377
vera4cast,chlorocast_timesfm,2026-10-04 00:00:00,2026-09-29 00:00:00,P1D,fcre,1.6,ensemble,178,Chla_ugL_mean,26.2704117609369
vera4cast,chlorocast_timesfm,2026-10-05 00:00:00,2026-09-29 00:00:00,P1D,fcre,1.6,ensemble,178,Chla_ugL_mean,26.6287586018461
vera4cast,chlorocast_timesfm,2026-10-06 00:00:00,2026-09-29 00:00:00,P1D,fcre,1.6,ensemble,178,Chla_ugL_mean,27.5875548929819
vera4cast,chlorocast_timesfm,2026-10-07 00:00:00,2026-09-29 00:00:00,P1D,fcre,1.6,ensemble,178,Chla_ugL_mean,27.3403307523771
vera4cast,chlorocast_timesfm,2026-10-08 00:00:00,2026-09-29 00:00:00,P1D,fcre,1.6,ensemble,178,Chla_ugL_mean,28.0848309129707
vera4cast,chlorocast_timesfm,2026-10-09 00:00:00,2026-09-29 00:00:00,P1D,fcre,1.6,ensemble,178,Chla_ugL_mean,28.9497811032994
vera4cast,chlorocast_timesfm,2026-10-10 00:00:00,2026-09-29 00:00:00,P1D,fcre,1.6,ensemble,178,Chla_ugL_mean,28.9244322490913
vera4cast,chlorocast_timesfm,2026-10-11 00:00:00,2026-09-29 00:00:00,P1D,fcre,1.6,ensemble,178,Chla_ugL_mean,29.2420431535097
vera4cast,chlorocast_timesfm,2026-10-12 00:00:00,2026-09-29 00:00:00,P1D,fcre,1.6,ensemble,178,Chla_ugL_mean,29.3714068519117
vera4cast,chlorocast_timesfm,2026-10-13 00:00:00,2026-09-29 00:00:00,P1D,fcre,1.6,ensemble,178,Chla_ugL_mean,29.8171358808558
vera4cast,chlorocast_timesfm,2026-10-14 00:00:00,2026-09-29 00:00:00,P1D,fcre,1.6,ensemble,178,Chla_ugL_mean,30.5249045141854
vera4cast,chlorocast_timesfm,2026-10-15 00:00:00,2026-09-29 00:00:00,P1D,fcre,1.6,ensemble,178,Chla_ugL_mean,31.2232800977618
vera4cast,chlorocast_timesfm,2026-10-16 00:00:00,2026-09-29 00:00:00,P1D,fcre,1.6,ensemble,178,Chla_ugL_mean,32.4988993351995
vera4cast,chlorocast_timesfm,2026-10-17 00:00:00,2026-09-29 00:00:00,P1D,fcre,1.6,ensemble,178,Chla_ugL_mean,32.5513242287851
vera4cast,chlorocast_timesfm,2026-10-18 00:00:00,2026-09-29 00:00:00,P1D,fcre,1.6,ensemble,178,Chla_ugL_mean,32.9641276914893
vera4cast,chlorocast_timesfm,2026-10-19 00:00:00,2026-09-29 00:00:00,P1D,fcre,1.6,ensemble,178,Chla_ugL_mean,33.6611113179188
vera4cast,chlorocast_timesfm,2026-10-20 00:00:00,2026-09-29 00:00:00,P1D,fcre,1.6,ensemble,178,Chla_ugL_mean,33.7445769012391
vera4cast,chlorocast_timesfm,2026-10-21 00:00:00,2026-09-29 00:00:00,P1D,fcre,1.6,ensemble,178,Chla_ugL_mean,34.1193877208077
vera4cast,chlorocast_timesfm,2026-10-22 00:00:00,2026-09-29 00:00:00,P1D,fcre,1.6,ensemble,178,Chla_ugL_mean,34.0299709772111
vera4cast,chlorocast_timesfm,2026-10-23 00:00:00,2026-09-29 00:00:00,P1D,fcre,1.6,ensemble,178,Chla_ugL_mean,33.9735894840485
vera4cast,chlorocast_timesfm,2026-10-24 00:00:00,2026-09-29 00:00:00,P1D,fcre,1.6,ensemble,178,Chla_ugL_mean,34.5884119918759
vera4cast,chlorocast_timesfm,2026-10-25 00:00:00,2026-09-29 00:00:00,P1D,fcre,1.6,ensemble,178,Chla_ugL_mean,34.6624664699078
vera4cast,chlorocast_timesfm,2026-10-26 00:00:00,2026-09-29 00:00:00,P1D,fcre,1.6,ensemble,178,Chla_ugL_mean,34.7124317083659
vera4cast,chlorocast_timesfm,2026-10-27 00:00:00,2026-09-29 00:00:00,P1D,fcre,1.6,ensemble,178,Chla_ugL_mean,34.8592160786127
vera4cast,chlorocast_timesfm,2026-10-28 00:00:00,2026-09-29 00:00:00,P1D,fcre,1.6,ensemble,178,Chla_ugL_mean,35.0322565590726
vera4cast,chlorocast_timesfm,2026-10-29 00:00:00,2026-09-29 00:00:00,P1D,fcre,1.6,ensemble,178,Chla_ugL_mean,34.9969109303245
vera4cast,chlorocast_timesfm,2026-10-30 00:00:00,2026-09-29 00:00:00,P1D,fcre,1.6,ensemble,178,Chla_ugL_mean,34.9946379347081
vera4cast,chlorocast_timesfm,2026-10-31 00:00:00,2026-09-29 00:00:00,P1D,fcre,1.6,ensemble,178,Chla_ugL_mean,35.7099341771287
vera4cast,chlorocast_timesfm,2026-11-01 00:00:00,2026-09-29 00:00:00,P1D,fcre,1.6,ensemble,178,Chla_ugL_mean,35.8583303477166
vera4cast,chlorocast_timesfm,2026-11-02 00:00:00,2026-09-29 00:00:00,P1D,fcre,1.6,ensemble,178,Chla_ugL_mean,35.7279475044659
vera4cast,chlorocast_timesfm,2026-11-03 00:00:00,2026-09-29 00:00:00,P1D,fcre,1.6,ensemble,178,Chla_ugL_mean,35.6406094833515
vera4cast,chlorocast_timesfm,2026-09-30 00:00:00,2026-09-29 00:00:00,P1D,fcre,1.6,ensemble,179,Chla_ugL_mean,24.101234174533
vera4cast,chlorocast_timesfm,2026-10-01 00:00:00,2026-09-29 00:00:00,P1D,fcre,1.6,ensemble,179,Chla_ugL_mean,24.9635726514941
vera4cast,chlorocast_timesfm,2026-10-02 00:00:00,2026-09-29 00:00:00,P1D,fcre,1.6,ensemble,179,Chla_ugL_mean,25.4352262595248
vera4cast,chlorocast_timesfm,2026-10-03 00:00:00,2026-09-29 00:00:00,P1D,fcre,1.6,ensemble,179,Chla_ugL_mean,25.7889649976023
vera4cast,chlorocast_timesfm,2026-10-04 00:00:00,2026-09-29 00:00:00,P1D,fcre,1.6,ensemble,179,Chla_ugL_mean,26.7027295910146
vera4cast,chlorocast_timesfm,2026-10-05 00:00:00,2026-09-29 00:00:00,P1D,fcre,1.6,ensemble,179,Chla_ugL_mean,27.0822599520692
vera4cast,chlorocast_timesfm,2026-10-06 00:00:00,2026-09-29 00:00:00,P1D,fcre,1.6,ensemble,179,Chla_ugL_mean,28.0649151673791
vera4cast,chlorocast_timesfm,2026-10-07 00:00:00,2026-09-29 00:00:00,P1D,fcre,1.6,ensemble,179,Chla_ugL_mean,27.7957240814091
vera4cast,chlorocast_timesfm,2026-10-08 00:00:00,2026-09-29 00:00:00,P1D,fcre,1.6,ensemble,179,Chla_ugL_mean,28.5634412289318
vera4cast,chlorocast_timesfm,2026-10-09 00:00:00,2026-09-29 00:00:00,P1D,fcre,1.6,ensemble,179,Chla_ugL_mean,29.4686055607103
vera4cast,chlorocast_timesfm,2026-10-10 00:00:00,2026-09-29 00:00:00,P1D,fcre,1.6,ensemble,179,Chla_ugL_mean,29.454353271723
vera4cast,chlorocast_timesfm,2026-10-11 00:00:00,2026-09-29 00:00:00,P1D,fcre,1.6,ensemble,179,Chla_ugL_mean,29.7824973384636
vera4cast,chlorocast_timesfm,2026-10-12 00:00:00,2026-09-29 00:00:00,P1D,fcre,1.6,ensemble,179,Chla_ugL_mean,29.902403791316
vera4cast,chlorocast_timesfm,2026-10-13 00:00:00,2026-09-29 00:00:00,P1D,fcre,1.6,ensemble,179,Chla_ugL_mean,30.3547994621836
vera4cast,chlorocast_timesfm,2026-10-14 00:00:00,2026-09-29 00:00:00,P1D,fcre,1.6,ensemble,179,Chla_ugL_mean,31.0884507368789
vera4cast,chlorocast_timesfm,2026-10-15 00:00:00,2026-09-29 00:00:00,P1D,fcre,1.6,ensemble,179,Chla_ugL_mean,31.7943954314329
vera4cast,chlorocast_timesfm,2026-10-16 00:00:00,2026-09-29 00:00:00,P1D,fcre,1.6,ensemble,179,Chla_ugL_mean,33.1408472977976
vera4cast,chlorocast_timesfm,2026-10-17 00:00:00,2026-09-29 00:00:00,P1D,fcre,1.6,ensemble,179,Chla_ugL_mean,33.1666058132653
vera4cast,chlorocast_timesfm,2026-10-18 00:00:00,2026-09-29 00:00:00,P1D,fcre,1.6,ensemble,179,Chla_ugL_mean,33.5689594385592
vera4cast,chlorocast_timesfm,2026-10-19 00:00:00,2026-09-29 00:00:00,P1D,fcre,1.6,ensemble,179,Chla_ugL_mean,34.293441335203
vera4cast,chlorocast_timesfm,2026-10-20 00:00:00,2026-09-29 00:00:00,P1D,fcre,1.6,ensemble,179,Chla_ugL_mean,34.387182182025
vera4cast,chlorocast_timesfm,2026-10-21 00:00:00,2026-09-29 00:00:00,P1D,fcre,1.6,ensemble,179,Chla_ugL_mean,34.7673571753575
vera4cast,chlorocast_timesfm,2026-10-22 00:00:00,2026-09-29 00:00:00,P1D,fcre,1.6,ensemble,179,Chla_ugL_mean,34.6782983533049
vera4cast,chlorocast_timesfm,2026-10-23 00:00:00,2026-09-29 00:00:00,P1D,fcre,1.6,ensemble,179,Chla_ugL_mean,34.6132533868818
vera4cast,chlorocast_timesfm,2026-10-24 00:00:00,2026-09-29 00:00:00,P1D,fcre,1.6,ensemble,179,Chla_ugL_mean,35.2636204370443
vera4cast,chlorocast_timesfm,2026-10-25 00:00:00,2026-09-29 00:00:00,P1D,fcre,1.6,ensemble,179,Chla_ugL_mean,35.3496422931636
vera4cast,chlorocast_timesfm,2026-10-26 00:00:00,2026-09-29 00:00:00,P1D,fcre,1.6,ensemble,179,Chla_ugL_mean,35.3805318104464
vera4cast,chlorocast_timesfm,2026-10-27 00:00:00,2026-09-29 00:00:00,P1D,fcre,1.6,ensemble,179,Chla_ugL_mean,35.5330725430147
vera4cast,chlorocast_timesfm,2026-10-28 00:00:00,2026-09-29 00:00:00,P1D,fcre,1.6,ensemble,179,Chla_ugL_mean,35.7000112115337
vera4cast,chlorocast_timesfm,2026-10-29 00:00:00,2026-09-29 00:00:00,P1D,fcre,1.6,ensemble,179,Chla_ugL_mean,35.6671105797336
vera4cast,chlorocast_timesfm,2026-10-30 00:00:00,2026-09-29 00:00:00,P1D,fcre,1.6,ensemble,179,Chla_ugL_mean,35.683129027193
vera4cast,chlorocast_timesfm,2026-10-31 00:00:00,2026-09-29 00:00:00,P1D,fcre,1.6,ensemble,179,Chla_ugL_mean,36.4281042693543
vera4cast,chlorocast_timesfm,2026-11-01 00:00:00,2026-09-29 00:00:00,P1D,fcre,1.6,ensemble,179,Chla_ugL_mean,36.5510689653586
vera4cast,chlorocast_timesfm,2026-11-02 00:00:00,2026-09-29 00:00:00,P1D,fcre,1.6,ensemble,179,Chla_ugL_mean,36.4248114428852
vera4cast,chlorocast_timesfm,2026-11-03 00:00:00,2026-09-29 00:00:00,P1D,fcre,1.6,ensemble,179,Chla_ugL_mean,36.3318264696935
vera4cast,chlorocast_timesfm,2026-09-30 00:00:00,2026-09-29 00:00:00,P1D,fcre,1.6,ensemble,180,Chla_ugL_mean,24.5061642417684
vera4cast,chlorocast_timesfm,2026-10-01 00:00:00,2026-09-29 00:00:00,P1D,fcre,1.6,ensemble,180,Chla_ugL_mean,25.3975102618753
vera4cast,chlorocast_timesfm,2026-10-02 00:00:00,2026-09-29 00:00:00,P1D,fcre,1.6,ensemble,180,Chla_ugL_mean,25.8843925058835
vera4cast,chlorocast_timesfm,2026-10-03 00:00:00,2026-09-29 00:00:00,P1D,fcre,1.6,ensemble,180,Chla_ugL_mean,26.2274878186564
vera4cast,chlorocast_timesfm,2026-10-04 00:00:00,2026-09-29 00:00:00,P1D,fcre,1.6,ensemble,180,Chla_ugL_mean,27.1874073427728
vera4cast,chlorocast_timesfm,2026-10-05 00:00:00,2026-09-29 00:00:00,P1D,fcre,1.6,ensemble,180,Chla_ugL_mean,27.5873763233127
vera4cast,chlorocast_timesfm,2026-10-06 00:00:00,2026-09-29 00:00:00,P1D,fcre,1.6,ensemble,180,Chla_ugL_mean,28.5995817804555
vera4cast,chlorocast_timesfm,2026-10-07 00:00:00,2026-09-29 00:00:00,P1D,fcre,1.6,ensemble,180,Chla_ugL_mean,28.3126210920107
vera4cast,chlorocast_timesfm,2026-10-08 00:00:00,2026-09-29 00:00:00,P1D,fcre,1.6,ensemble,180,Chla_ugL_mean,29.1074765227609
vera4cast,chlorocast_timesfm,2026-10-09 00:00:00,2026-09-29 00:00:00,P1D,fcre,1.6,ensemble,180,Chla_ugL_mean,30.050349740212
vera4cast,chlorocast_timesfm,2026-10-10 00:00:00,2026-09-29 00:00:00,P1D,fcre,1.6,ensemble,180,Chla_ugL_mean,30.0454581980966
vera4cast,chlorocast_timesfm,2026-10-11 00:00:00,2026-09-29 00:00:00,P1D,fcre,1.6,ensemble,180,Chla_ugL_mean,30.3849872257005
vera4cast,chlorocast_timesfm,2026-10-12 00:00:00,2026-09-29 00:00:00,P1D,fcre,1.6,ensemble,180,Chla_ugL_mean,30.5003734549267
vera4cast,chlorocast_timesfm,2026-10-13 00:00:00,2026-09-29 00:00:00,P1D,fcre,1.6,ensemble,180,Chla_ugL_mean,30.9592425750786
vera4cast,chlorocast_timesfm,2026-10-14 00:00:00,2026-09-29 00:00:00,P1D,fcre,1.6,ensemble,180,Chla_ugL_mean,31.7164196029762
vera4cast,chlorocast_timesfm,2026-10-15 00:00:00,2026-09-29 00:00:00,P1D,fcre,1.6,ensemble,180,Chla_ugL_mean,32.4369008884015
vera4cast,chlorocast_timesfm,2026-10-16 00:00:00,2026-09-29 00:00:00,P1D,fcre,1.6,ensemble,180,Chla_ugL_mean,33.8491173070134
vera4cast,chlorocast_timesfm,2026-10-17 00:00:00,2026-09-29 00:00:00,P1D,fcre,1.6,ensemble,180,Chla_ugL_mean,33.8569684060394
vera4cast,chlorocast_timesfm,2026-10-18 00:00:00,2026-09-29 00:00:00,P1D,fcre,1.6,ensemble,180,Chla_ugL_mean,34.2577357818844
vera4cast,chlorocast_timesfm,2026-10-19 00:00:00,2026-09-29 00:00:00,P1D,fcre,1.6,ensemble,180,Chla_ugL_mean,35.0109605450028
vera4cast,chlorocast_timesfm,2026-10-20 00:00:00,2026-09-29 00:00:00,P1D,fcre,1.6,ensemble,180,Chla_ugL_mean,35.1112177059911
vera4cast,chlorocast_timesfm,2026-10-21 00:00:00,2026-09-29 00:00:00,P1D,fcre,1.6,ensemble,180,Chla_ugL_mean,35.4998138498536
vera4cast,chlorocast_timesfm,2026-10-22 00:00:00,2026-09-29 00:00:00,P1D,fcre,1.6,ensemble,180,Chla_ugL_mean,35.4119109228081
vera4cast,chlorocast_timesfm,2026-10-23 00:00:00,2026-09-29 00:00:00,P1D,fcre,1.6,ensemble,180,Chla_ugL_mean,35.3414136004303
vera4cast,chlorocast_timesfm,2026-10-24 00:00:00,2026-09-29 00:00:00,P1D,fcre,1.6,ensemble,180,Chla_ugL_mean,36.0272296932825
vera4cast,chlorocast_timesfm,2026-10-25 00:00:00,2026-09-29 00:00:00,P1D,fcre,1.6,ensemble,180,Chla_ugL_mean,36.1203009066446
vera4cast,chlorocast_timesfm,2026-10-26 00:00:00,2026-09-29 00:00:00,P1D,fcre,1.6,ensemble,180,Chla_ugL_mean,36.1378461742966
vera4cast,chlorocast_timesfm,2026-10-27 00:00:00,2026-09-29 00:00:00,P1D,fcre,1.6,ensemble,180,Chla_ugL_mean,36.2956760792625
vera4cast,chlorocast_timesfm,2026-10-28 00:00:00,2026-09-29 00:00:00,P1D,fcre,1.6,ensemble,180,Chla_ugL_mean,36.461330635117
vera4cast,chlorocast_timesfm,2026-10-29 00:00:00,2026-09-29 00:00:00,P1D,fcre,1.6,ensemble,180,Chla_ugL_mean,36.4298977968619
vera4cast,chlorocast_timesfm,2026-10-30 00:00:00,2026-09-29 00:00:00,P1D,fcre,1.6,ensemble,180,Chla_ugL_mean,36.4591868444328
vera4cast,chlorocast_timesfm,2026-10-31 00:00:00,2026-09-29 00:00:00,P1D,fcre,1.6,ensemble,180,Chla_ugL_mean,37.2338791948152
vera4cast,chlorocast_timesfm,2026-11-01 00:00:00,2026-09-29 00:00:00,P1D,fcre,1.6,ensemble,180,Chla_ugL_mean,37.341433785708
vera4cast,chlorocast_timesfm,2026-11-02 00:00:00,2026-09-29 00:00:00,P1D,fcre,1.6,ensemble,180,Chla_ugL_mean,37.2151235598518
vera4cast,chlorocast_timesfm,2026-11-03 00:00:00,2026-09-29 00:00:00,P1D,fcre,1.6,ensemble,180,Chla_ugL_mean,37.1164710067601
vera4cast,chlorocast_timesfm,2026-09-30 00:00:00,2026-09-29 00:00:00,P1D,fcre,1.6,ensemble,181,Chla_ugL_mean,24.9882618725949
vera4cast,chlorocast_timesfm,2026-10-01 00:00:00,2026-09-29 00:00:00,P1D,fcre,1.6,ensemble,181,Chla_ugL_mean,25.9164253107
vera4cast,chlorocast_timesfm,2026-10-02 00:00:00,2026-09-29 00:00:00,P1D,fcre,1.6,ensemble,181,Chla_ugL_mean,26.4189038191599
vera4cast,chlorocast_timesfm,2026-10-03 00:00:00,2026-09-29 00:00:00,P1D,fcre,1.6,ensemble,181,Chla_ugL_mean,26.7664495056328
vera4cast,chlorocast_timesfm,2026-10-04 00:00:00,2026-09-29 00:00:00,P1D,fcre,1.6,ensemble,181,Chla_ugL_mean,27.7655337770626
vera4cast,chlorocast_timesfm,2026-10-05 00:00:00,2026-09-29 00:00:00,P1D,fcre,1.6,ensemble,181,Chla_ugL_mean,28.1850549477612
vera4cast,chlorocast_timesfm,2026-10-06 00:00:00,2026-09-29 00:00:00,P1D,fcre,1.6,ensemble,181,Chla_ugL_mean,29.2365532100664
vera4cast,chlorocast_timesfm,2026-10-07 00:00:00,2026-09-29 00:00:00,P1D,fcre,1.6,ensemble,181,Chla_ugL_mean,28.9383742510408
vera4cast,chlorocast_timesfm,2026-10-08 00:00:00,2026-09-29 00:00:00,P1D,fcre,1.6,ensemble,181,Chla_ugL_mean,29.7672024938655
vera4cast,chlorocast_timesfm,2026-10-09 00:00:00,2026-09-29 00:00:00,P1D,fcre,1.6,ensemble,181,Chla_ugL_mean,30.7442941884541
vera4cast,chlorocast_timesfm,2026-10-10 00:00:00,2026-09-29 00:00:00,P1D,fcre,1.6,ensemble,181,Chla_ugL_mean,30.746059379464
vera4cast,chlorocast_timesfm,2026-10-11 00:00:00,2026-09-29 00:00:00,P1D,fcre,1.6,ensemble,181,Chla_ugL_mean,31.0985365587122
vera4cast,chlorocast_timesfm,2026-10-12 00:00:00,2026-09-29 00:00:00,P1D,fcre,1.6,ensemble,181,Chla_ugL_mean,31.217413742314
vera4cast,chlorocast_timesfm,2026-10-13 00:00:00,2026-09-29 00:00:00,P1D,fcre,1.6,ensemble,181,Chla_ugL_mean,31.6825484632459
vera4cast,chlorocast_timesfm,2026-10-14 00:00:00,2026-09-29 00:00:00,P1D,fcre,1.6,ensemble,181,Chla_ugL_mean,32.4597580224325
vera4cast,chlorocast_timesfm,2026-10-15 00:00:00,2026-09-29 00:00:00,P1D,fcre,1.6,ensemble,181,Chla_ugL_mean,33.2064000188049
vera4cast,chlorocast_timesfm,2026-10-16 00:00:00,2026-09-29 00:00:00,P1D,fcre,1.6,ensemble,181,Chla_ugL_mean,34.6770033844952
vera4cast,chlorocast_timesfm,2026-10-17 00:00:00,2026-09-29 00:00:00,P1D,fcre,1.6,ensemble,181,Chla_ugL_mean,34.6810833326328
vera4cast,chlorocast_timesfm,2026-10-18 00:00:00,2026-09-29 00:00:00,P1D,fcre,1.6,ensemble,181,Chla_ugL_mean,35.0947686959884
vera4cast,chlorocast_timesfm,2026-10-19 00:00:00,2026-09-29 00:00:00,P1D,fcre,1.6,ensemble,181,Chla_ugL_mean,35.8792118620208
vera4cast,chlorocast_timesfm,2026-10-20 00:00:00,2026-09-29 00:00:00,P1D,fcre,1.6,ensemble,181,Chla_ugL_mean,35.9799173303218
vera4cast,chlorocast_timesfm,2026-10-21 00:00:00,2026-09-29 00:00:00,P1D,fcre,1.6,ensemble,181,Chla_ugL_mean,36.3820759022396
vera4cast,chlorocast_timesfm,2026-10-22 00:00:00,2026-09-29 00:00:00,P1D,fcre,1.6,ensemble,181,Chla_ugL_mean,36.2966514019821
vera4cast,chlorocast_timesfm,2026-10-23 00:00:00,2026-09-29 00:00:00,P1D,fcre,1.6,ensemble,181,Chla_ugL_mean,36.2258884201581
vera4cast,chlorocast_timesfm,2026-10-24 00:00:00,2026-09-29 00:00:00,P1D,fcre,1.6,ensemble,181,Chla_ugL_mean,36.9475119529848
vera4cast,chlorocast_timesfm,2026-10-25 00:00:00,2026-09-29 00:00:00,P1D,fcre,1.6,ensemble,181,Chla_ugL_mean,37.0396483581278
vera4cast,chlorocast_timesfm,2026-10-26 00:00:00,2026-09-29 00:00:00,P1D,fcre,1.6,ensemble,181,Chla_ugL_mean,37.0530856304102
vera4cast,chlorocast_timesfm,2026-10-27 00:00:00,2026-09-29 00:00:00,P1D,fcre,1.6,ensemble,181,Chla_ugL_mean,37.2155151896041
vera4cast,chlorocast_timesfm,2026-10-28 00:00:00,2026-09-29 00:00:00,P1D,fcre,1.6,ensemble,181,Chla_ugL_mean,37.3877792232463
vera4cast,chlorocast_timesfm,2026-10-29 00:00:00,2026-09-29 00:00:00,P1D,fcre,1.6,ensemble,181,Chla_ugL_mean,37.3562309363991
vera4cast,chlorocast_timesfm,2026-10-30 00:00:00,2026-09-29 00:00:00,P1D,fcre,1.6,ensemble,181,Chla_ugL_mean,37.3907281199039
vera4cast,chlorocast_timesfm,2026-10-31 00:00:00,2026-09-29 00:00:00,P1D,fcre,1.6,ensemble,181,Chla_ugL_mean,38.19561348637
vera4cast,chlorocast_timesfm,2026-11-01 00:00:00,2026-09-29 00:00:00,P1D,fcre,1.6,ensemble,181,Chla_ugL_mean,38.3040281950305
vera4cast,chlorocast_timesfm,2026-11-02 00:00:00,2026-09-29 00:00:00,P1D,fcre,1.6,ensemble,181,Chla_ugL_mean,38.1707980451985
vera4cast,chlorocast_timesfm,2026-11-03 00:00:00,2026-09-29 00:00:00,P1D,fcre,1.6,ensemble,181,Chla_ugL_mean,38.0663631852651
vera4cast,chlorocast_timesfm,2026-09-30 00:00:00,2026-09-29 00:00:00,P1D,fcre,1.6,ensemble,182,Chla_ugL_mean,25.49970958519
vera4cast,chlorocast_timesfm,2026-10-01 00:00:00,2026-09-29 00:00:00,P1D,fcre,1.6,ensemble,182,Chla_ugL_mean,26.4673490160351
vera4cast,chlorocast_timesfm,2026-10-02 00:00:00,2026-09-29 00:00:00,P1D,fcre,1.6,ensemble,182,Chla_ugL_mean,26.9865131185397
vera4cast,chlorocast_timesfm,2026-10-03 00:00:00,2026-09-29 00:00:00,P1D,fcre,1.6,ensemble,182,Chla_ugL_mean,27.3387348831278
vera4cast,chlorocast_timesfm,2026-10-04 00:00:00,2026-09-29 00:00:00,P1D,fcre,1.6,ensemble,182,Chla_ugL_mean,28.3798448815705
vera4cast,chlorocast_timesfm,2026-10-05 00:00:00,2026-09-29 00:00:00,P1D,fcre,1.6,ensemble,182,Chla_ugL_mean,28.8203941348478
vera4cast,chlorocast_timesfm,2026-10-06 00:00:00,2026-09-29 00:00:00,P1D,fcre,1.6,ensemble,182,Chla_ugL_mean,29.9140756994948
vera4cast,chlorocast_timesfm,2026-10-07 00:00:00,2026-09-29 00:00:00,P1D,fcre,1.6,ensemble,182,Chla_ugL_mean,29.6038498891
vera4cast,chlorocast_timesfm,2026-10-08 00:00:00,2026-09-29 00:00:00,P1D,fcre,1.6,ensemble,182,Chla_ugL_mean,30.4692034762483
vera4cast,chlorocast_timesfm,2026-10-09 00:00:00,2026-09-29 00:00:00,P1D,fcre,1.6,ensemble,182,Chla_ugL_mean,31.4830283504501
vera4cast,chlorocast_timesfm,2026-10-10 00:00:00,2026-09-29 00:00:00,P1D,fcre,1.6,ensemble,182,Chla_ugL_mean,31.4920421838653
vera4cast,chlorocast_timesfm,2026-10-11 00:00:00,2026-09-29 00:00:00,P1D,fcre,1.6,ensemble,182,Chla_ugL_mean,31.8584339474497
vera4cast,chlorocast_timesfm,2026-10-12 00:00:00,2026-09-29 00:00:00,P1D,fcre,1.6,ensemble,182,Chla_ugL_mean,31.9810498249503
vera4cast,chlorocast_timesfm,2026-10-13 00:00:00,2026-09-29 00:00:00,P1D,fcre,1.6,ensemble,182,Chla_ugL_mean,32.4527567846674
vera4cast,chlorocast_timesfm,2026-10-14 00:00:00,2026-09-29 00:00:00,P1D,fcre,1.6,ensemble,182,Chla_ugL_mean,33.2513677988091
vera4cast,chlorocast_timesfm,2026-10-15 00:00:00,2026-09-29 00:00:00,P1D,fcre,1.6,ensemble,182,Chla_ugL_mean,34.0261087941127
vera4cast,chlorocast_timesfm,2026-10-16 00:00:00,2026-09-29 00:00:00,P1D,fcre,1.6,ensemble,182,Chla_ugL_mean,35.5595623816107
vera4cast,chlorocast_timesfm,2026-10-17 00:00:00,2026-09-29 00:00:00,P1D,fcre,1.6,ensemble,182,Chla_ugL_mean,35.5595226969934
vera4cast,chlorocast_timesfm,2026-10-18 00:00:00,2026-09-29 00:00:00,P1D,fcre,1.6,ensemble,182,Chla_ugL_mean,35.987064440192
vera4cast,chlorocast_timesfm,2026-10-19 00:00:00,2026-09-29 00:00:00,P1D,fcre,1.6,ensemble,182,Chla_ugL_mean,36.805128841291
vera4cast,chlorocast_timesfm,2026-10-20 00:00:00,2026-09-29 00:00:00,P1D,fcre,1.6,ensemble,182,Chla_ugL_mean,36.9062620547091
vera4cast,chlorocast_timesfm,2026-10-21 00:00:00,2026-09-29 00:00:00,P1D,fcre,1.6,ensemble,182,Chla_ugL_mean,37.322991284749
vera4cast,chlorocast_timesfm,2026-10-22 00:00:00,2026-09-29 00:00:00,P1D,fcre,1.6,ensemble,182,Chla_ugL_mean,37.2403288434599
vera4cast,chlorocast_timesfm,2026-10-23 00:00:00,2026-09-29 00:00:00,P1D,fcre,1.6,ensemble,182,Chla_ugL_mean,37.1693199390073
vera4cast,chlorocast_timesfm,2026-10-24 00:00:00,2026-09-29 00:00:00,P1D,fcre,1.6,ensemble,182,Chla_ugL_mean,37.9296426621321
vera4cast,chlorocast_timesfm,2026-10-25 00:00:00,2026-09-29 00:00:00,P1D,fcre,1.6,ensemble,182,Chla_ugL_mean,38.0206959443256
vera4cast,chlorocast_timesfm,2026-10-26 00:00:00,2026-09-29 00:00:00,P1D,fcre,1.6,ensemble,182,Chla_ugL_mean,38.0296305497479
vera4cast,chlorocast_timesfm,2026-10-27 00:00:00,2026-09-29 00:00:00,P1D,fcre,1.6,ensemble,182,Chla_ugL_mean,38.1969864722389
vera4cast,chlorocast_timesfm,2026-10-28 00:00:00,2026-09-29 00:00:00,P1D,fcre,1.6,ensemble,182,Chla_ugL_mean,38.3763691733215
vera4cast,chlorocast_timesfm,2026-10-29 00:00:00,2026-09-29 00:00:00,P1D,fcre,1.6,ensemble,182,Chla_ugL_mean,38.344715103272
vera4cast,chlorocast_timesfm,2026-10-30 00:00:00,2026-09-29 00:00:00,P1D,fcre,1.6,ensemble,182,Chla_ugL_mean,38.3848883415958
vera4cast,chlorocast_timesfm,2026-10-31 00:00:00,2026-09-29 00:00:00,P1D,fcre,1.6,ensemble,182,Chla_ugL_mean,39.2222884500238
vera4cast,chlorocast_timesfm,2026-11-01 00:00:00,2026-09-29 00:00:00,P1D,fcre,1.6,ensemble,182,Chla_ugL_mean,39.331572120227
vera4cast,chlorocast_timesfm,2026-11-02 00:00:00,2026-09-29 00:00:00,P1D,fcre,1.6,ensemble,182,Chla_ugL_mean,39.1908555037267
vera4cast,chlorocast_timesfm,2026-11-03 00:00:00,2026-09-29 00:00:00,P1D,fcre,1.6,ensemble,182,Chla_ugL_mean,39.0801609856379
vera4cast,chlorocast_timesfm,2026-09-30 00:00:00,2026-09-29 00:00:00,P1D,fcre,1.6,ensemble,183,Chla_ugL_mean,26.044178433281
vera4cast,chlorocast_timesfm,2026-10-01 00:00:00,2026-09-29 00:00:00,P1D,fcre,1.6,ensemble,183,Chla_ugL_mean,27.0543057614406
vera4cast,chlorocast_timesfm,2026-10-02 00:00:00,2026-09-29 00:00:00,P1D,fcre,1.6,ensemble,183,Chla_ugL_mean,27.5913881532036
vera4cast,chlorocast_timesfm,2026-10-03 00:00:00,2026-09-29 00:00:00,P1D,fcre,1.6,ensemble,183,Chla_ugL_mean,27.9485376133197
vera4cast,chlorocast_timesfm,2026-10-04 00:00:00,2026-09-29 00:00:00,P1D,fcre,1.6,ensemble,183,Chla_ugL_mean,29.0349168084646
vera4cast,chlorocast_timesfm,2026-10-05 00:00:00,2026-09-29 00:00:00,P1D,fcre,1.6,ensemble,183,Chla_ugL_mean,29.4981697283027
vera4cast,chlorocast_timesfm,2026-10-06 00:00:00,2026-09-29 00:00:00,P1D,fcre,1.6,ensemble,183,Chla_ugL_mean,30.6373134200996
vera4cast,chlorocast_timesfm,2026-10-07 00:00:00,2026-09-29 00:00:00,P1D,fcre,1.6,ensemble,183,Chla_ugL_mean,30.3141006537105
vera4cast,chlorocast_timesfm,2026-10-08 00:00:00,2026-09-29 00:00:00,P1D,fcre,1.6,ensemble,183,Chla_ugL_mean,31.2188778140859
vera4cast,chlorocast_timesfm,2026-10-09 00:00:00,2026-09-29 00:00:00,P1D,fcre,1.6,ensemble,183,Chla_ugL_mean,32.2722889854113
vera4cast,chlorocast_timesfm,2026-10-10 00:00:00,2026-09-29 00:00:00,P1D,fcre,1.6,ensemble,183,Chla_ugL_mean,32.2892279581788
vera4cast,chlorocast_timesfm,2026-10-11 00:00:00,2026-09-29 00:00:00,P1D,fcre,1.6,ensemble,183,Chla_ugL_mean,32.6706316461723
vera4cast,chlorocast_timesfm,2026-10-12 00:00:00,2026-09-29 00:00:00,P1D,fcre,1.6,ensemble,183,Chla_ugL_mean,32.7972669147012
vera4cast,chlorocast_timesfm,2026-10-13 00:00:00,2026-09-29 00:00:00,P1D,fcre,1.6,ensemble,183,Chla_ugL_mean,33.2758866849115
vera4cast,chlorocast_timesfm,2026-10-14 00:00:00,2026-09-29 00:00:00,P1D,fcre,1.6,ensemble,183,Chla_ugL_mean,34.0974475546651
vera4cast,chlorocast_timesfm,2026-10-15 00:00:00,2026-09-29 00:00:00,P1D,fcre,1.6,ensemble,183,Chla_ugL_mean,34.9024878287348
vera4cast,chlorocast_timesfm,2026-10-16 00:00:00,2026-09-29 00:00:00,P1D,fcre,1.6,ensemble,183,Chla_ugL_mean,36.5038655466452
vera4cast,chlorocast_timesfm,2026-10-17 00:00:00,2026-09-29 00:00:00,P1D,fcre,1.6,ensemble,183,Chla_ugL_mean,36.4993071427046
vera4cast,chlorocast_timesfm,2026-10-18 00:00:00,2026-09-29 00:00:00,P1D,fcre,1.6,ensemble,183,Chla_ugL_mean,36.9417697719062
vera4cast,chlorocast_timesfm,2026-10-19 00:00:00,2026-09-29 00:00:00,P1D,fcre,1.6,ensemble,183,Chla_ugL_mean,37.7961881763801
vera4cast,chlorocast_timesfm,2026-10-20 00:00:00,2026-09-29 00:00:00,P1D,fcre,1.6,ensemble,183,Chla_ugL_mean,37.8977230779754
vera4cast,chlorocast_timesfm,2026-10-21 00:00:00,2026-09-29 00:00:00,P1D,fcre,1.6,ensemble,183,Chla_ugL_mean,38.3301679660432
vera4cast,chlorocast_timesfm,2026-10-22 00:00:00,2026-09-29 00:00:00,P1D,fcre,1.6,ensemble,183,Chla_ugL_mean,38.2505947201333
vera4cast,chlorocast_timesfm,2026-10-23 00:00:00,2026-09-29 00:00:00,P1D,fcre,1.6,ensemble,183,Chla_ugL_mean,38.1793643094431
vera4cast,chlorocast_timesfm,2026-10-24 00:00:00,2026-09-29 00:00:00,P1D,fcre,1.6,ensemble,183,Chla_ugL_mean,38.981682356762
vera4cast,chlorocast_timesfm,2026-10-25 00:00:00,2026-09-29 00:00:00,P1D,fcre,1.6,ensemble,183,Chla_ugL_mean,39.0714799838678
vera4cast,chlorocast_timesfm,2026-10-26 00:00:00,2026-09-29 00:00:00,P1D,fcre,1.6,ensemble,183,Chla_ugL_mean,39.0754590623891
vera4cast,chlorocast_timesfm,2026-10-27 00:00:00,2026-09-29 00:00:00,P1D,fcre,1.6,ensemble,183,Chla_ugL_mean,39.2481116352854
vera4cast,chlorocast_timesfm,2026-10-28 00:00:00,2026-09-29 00:00:00,P1D,fcre,1.6,ensemble,183,Chla_ugL_mean,39.4351922538585
vera4cast,chlorocast_timesfm,2026-10-29 00:00:00,2026-09-29 00:00:00,P1D,fcre,1.6,ensemble,183,Chla_ugL_mean,39.4034443191036
vera4cast,chlorocast_timesfm,2026-10-30 00:00:00,2026-09-29 00:00:00,P1D,fcre,1.6,ensemble,183,Chla_ugL_mean,39.4498292542262
vera4cast,chlorocast_timesfm,2026-10-31 00:00:00,2026-09-29 00:00:00,P1D,fcre,1.6,ensemble,183,Chla_ugL_mean,40.3223852759534
vera4cast,chlorocast_timesfm,2026-11-01 00:00:00,2026-09-29 00:00:00,P1D,fcre,1.6,ensemble,183,Chla_ugL_mean,40.4325450690545
vera4cast,chlorocast_timesfm,2026-11-02 00:00:00,2026-09-29 00:00:00,P1D,fcre,1.6,ensemble,183,Chla_ugL_mean,40.2836957484545
vera4cast,chlorocast_timesfm,2026-11-03 00:00:00,2026-09-29 00:00:00,P1D,fcre,1.6,ensemble,183,Chla_ugL_mean,40.1661969039821
vera4cast,chlorocast_timesfm,2026-09-30 00:00:00,2026-09-29 00:00:00,P1D,fcre,1.6,ensemble,184,Chla_ugL_mean,26.6260571060256
vera4cast,chlorocast_timesfm,2026-10-01 00:00:00,2026-09-29 00:00:00,P1D,fcre,1.6,ensemble,184,Chla_ugL_mean,27.6821094088088
vera4cast,chlorocast_timesfm,2026-10-02 00:00:00,2026-09-29 00:00:00,P1D,fcre,1.6,ensemble,184,Chla_ugL_mean,28.2385151282093
vera4cast,chlorocast_timesfm,2026-10-03 00:00:00,2026-09-29 00:00:00,P1D,fcre,1.6,ensemble,184,Chla_ugL_mean,28.6008745694006
vera4cast,chlorocast_timesfm,2026-10-04 00:00:00,2026-09-29 00:00:00,P1D,fcre,1.6,ensemble,184,Chla_ugL_mean,29.7362269991239
vera4cast,chlorocast_timesfm,2026-10-05 00:00:00,2026-09-29 00:00:00,P1D,fcre,1.6,ensemble,184,Chla_ugL_mean,30.2240999316674
vera4cast,chlorocast_timesfm,2026-10-06 00:00:00,2026-09-29 00:00:00,P1D,fcre,1.6,ensemble,184,Chla_ugL_mean,31.4124524394051
vera4cast,chlorocast_timesfm,2026-10-07 00:00:00,2026-09-29 00:00:00,P1D,fcre,1.6,ensemble,184,Chla_ugL_mean,31.0751782186985
vera4cast,chlorocast_timesfm,2026-10-08 00:00:00,2026-09-29 00:00:00,P1D,fcre,1.6,ensemble,184,Chla_ugL_mean,32.0226940438145
vera4cast,chlorocast_timesfm,2026-10-09 00:00:00,2026-09-29 00:00:00,P1D,fcre,1.6,ensemble,184,Chla_ugL_mean,33.1189524517063
vera4cast,chlorocast_timesfm,2026-10-10 00:00:00,2026-09-29 00:00:00,P1D,fcre,1.6,ensemble,184,Chla_ugL_mean,33.1445956277726
vera4cast,chlorocast_timesfm,2026-10-11 00:00:00,2026-09-29 00:00:00,P1D,fcre,1.6,ensemble,184,Chla_ugL_mean,33.5422664489578
vera4cast,chlorocast_timesfm,2026-10-12 00:00:00,2026-09-29 00:00:00,P1D,fcre,1.6,ensemble,184,Chla_ugL_mean,33.6732414751008
vera4cast,chlorocast_timesfm,2026-10-13 00:00:00,2026-09-29 00:00:00,P1D,fcre,1.6,ensemble,184,Chla_ugL_mean,34.1591545844526
vera4cast,chlorocast_timesfm,2026-10-14 00:00:00,2026-09-29 00:00:00,P1D,fcre,1.6,ensemble,184,Chla_ugL_mean,35.0054293966784
vera4cast,chlorocast_timesfm,2026-10-15 00:00:00,2026-09-29 00:00:00,P1D,fcre,1.6,ensemble,184,Chla_ugL_mean,35.8432851133975
vera4cast,chlorocast_timesfm,2026-10-16 00:00:00,2026-09-29 00:00:00,P1D,fcre,1.6,ensemble,184,Chla_ugL_mean,37.5183980759532
vera4cast,chlorocast_timesfm,2026-10-17 00:00:00,2026-09-29 00:00:00,P1D,fcre,1.6,ensemble,184,Chla_ugL_mean,37.5088603987744
vera4cast,chlorocast_timesfm,2026-10-18 00:00:00,2026-09-29 00:00:00,P1D,fcre,1.6,ensemble,184,Chla_ugL_mean,37.9674603891804
vera4cast,chlorocast_timesfm,2026-10-19 00:00:00,2026-09-29 00:00:00,P1D,fcre,1.6,ensemble,184,Chla_ugL_mean,38.861364056774
vera4cast,chlorocast_timesfm,2026-10-20 00:00:00,2026-09-29 00:00:00,P1D,fcre,1.6,ensemble,184,Chla_ugL_mean,38.9632676134153
vera4cast,chlorocast_timesfm,2026-10-21 00:00:00,2026-09-29 00:00:00,P1D,fcre,1.6,ensemble,184,Chla_ugL_mean,39.4127381372145
vera4cast,chlorocast_timesfm,2026-10-22 00:00:00,2026-09-29 00:00:00,P1D,fcre,1.6,ensemble,184,Chla_ugL_mean,39.3366343483979
vera4cast,chlorocast_timesfm,2026-10-23 00:00:00,2026-09-29 00:00:00,P1D,fcre,1.6,ensemble,184,Chla_ugL_mean,39.2652127509713
vera4cast,chlorocast_timesfm,2026-10-24 00:00:00,2026-09-29 00:00:00,P1D,fcre,1.6,ensemble,184,Chla_ugL_mean,40.1133116208307
vera4cast,chlorocast_timesfm,2026-10-25 00:00:00,2026-09-29 00:00:00,P1D,fcre,1.6,ensemble,184,Chla_ugL_mean,40.2016513159776
vera4cast,chlorocast_timesfm,2026-10-26 00:00:00,2026-09-29 00:00:00,P1D,fcre,1.6,ensemble,184,Chla_ugL_mean,40.2001512133325
vera4cast,chlorocast_timesfm,2026-10-27 00:00:00,2026-09-29 00:00:00,P1D,fcre,1.6,ensemble,184,Chla_ugL_mean,40.3785231949618
vera4cast,chlorocast_timesfm,2026-10-28 00:00:00,2026-09-29 00:00:00,P1D,fcre,1.6,ensemble,184,Chla_ugL_mean,40.5739656214122
vera4cast,chlorocast_timesfm,2026-10-29 00:00:00,2026-09-29 00:00:00,P1D,fcre,1.6,ensemble,184,Chla_ugL_mean,40.5421385804297
vera4cast,chlorocast_timesfm,2026-10-30 00:00:00,2026-09-29 00:00:00,P1D,fcre,1.6,ensemble,184,Chla_ugL_mean,40.5953530988668
vera4cast,chlorocast_timesfm,2026-10-31 00:00:00,2026-09-29 00:00:00,P1D,fcre,1.6,ensemble,184,Chla_ugL_mean,41.5060921361683
vera4cast,chlorocast_timesfm,2026-11-01 00:00:00,2026-09-29 00:00:00,P1D,fcre,1.6,ensemble,184,Chla_ugL_mean,41.6171328088242
vera4cast,chlorocast_timesfm,2026-11-02 00:00:00,2026-09-29 00:00:00,P1D,fcre,1.6,ensemble,184,Chla_ugL_mean,41.4594080412949
vera4cast,chlorocast_timesfm,2026-11-03 00:00:00,2026-09-29 00:00:00,P1D,fcre,1.6,ensemble,184,Chla_ugL_mean,41.3344786651381
vera4cast,chlorocast_timesfm,2026-09-30 00:00:00,2026-09-29 00:00:00,P1D,fcre,1.6,ensemble,185,Chla_ugL_mean,27.2506497468561
vera4cast,chlorocast_timesfm,2026-10-01 00:00:00,2026-09-29 00:00:00,P1D,fcre,1.6,ensemble,185,Chla_ugL_mean,28.3565814939129
vera4cast,chlorocast_timesfm,2026-10-02 00:00:00,2026-09-29 00:00:00,P1D,fcre,1.6,ensemble,185,Chla_ugL_mean,28.9339250852809
vera4cast,chlorocast_timesfm,2026-10-03 00:00:00,2026-09-29 00:00:00,P1D,fcre,1.6,ensemble,185,Chla_ugL_mean,29.3018134626305
vera4cast,chlorocast_timesfm,2026-10-04 00:00:00,2026-09-29 00:00:00,P1D,fcre,1.6,ensemble,185,Chla_ugL_mean,30.4904040221545
vera4cast,chlorocast_timesfm,2026-10-05 00:00:00,2026-09-29 00:00:00,P1D,fcre,1.6,ensemble,185,Chla_ugL_mean,31.005106892804
vera4cast,chlorocast_timesfm,2026-10-06 00:00:00,2026-09-29 00:00:00,P1D,fcre,1.6,ensemble,185,Chla_ugL_mean,32.2469849904727
vera4cast,chlorocast_timesfm,2026-10-07 00:00:00,2026-09-29 00:00:00,P1D,fcre,1.6,ensemble,185,Chla_ugL_mean,31.8944110248539
vera4cast,chlorocast_timesfm,2026-10-08 00:00:00,2026-09-29 00:00:00,P1D,fcre,1.6,ensemble,185,Chla_ugL_mean,32.8884890069774
vera4cast,chlorocast_timesfm,2026-10-09 00:00:00,2026-09-29 00:00:00,P1D,fcre,1.6,ensemble,185,Chla_ugL_mean,34.0313526383956
vera4cast,chlorocast_timesfm,2026-10-10 00:00:00,2026-09-29 00:00:00,P1D,fcre,1.6,ensemble,185,Chla_ugL_mean,34.0666048901663
vera4cast,chlorocast_timesfm,2026-10-11 00:00:00,2026-09-29 00:00:00,P1D,fcre,1.6,ensemble,185,Chla_ugL_mean,34.4819906057669
vera4cast,chlorocast_timesfm,2026-10-12 00:00:00,2026-09-29 00:00:00,P1D,fcre,1.6,ensemble,185,Chla_ugL_mean,34.6176740445167
vera4cast,chlorocast_timesfm,2026-10-13 00:00:00,2026-09-29 00:00:00,P1D,fcre,1.6,ensemble,185,Chla_ugL_mean,35.1113085317035
vera4cast,chlorocast_timesfm,2026-10-14 00:00:00,2026-09-29 00:00:00,P1D,fcre,1.6,ensemble,185,Chla_ugL_mean,35.9843234871779
vera4cast,chlorocast_timesfm,2026-10-15 00:00:00,2026-09-29 00:00:00,P1D,fcre,1.6,ensemble,185,Chla_ugL_mean,36.857896009937
vera4cast,chlorocast_timesfm,2026-10-16 00:00:00,2026-09-29 00:00:00,P1D,fcre,1.6,ensemble,185,Chla_ugL_mean,38.613455532193
vera4cast,chlorocast_timesfm,2026-10-17 00:00:00,2026-09-29 00:00:00,P1D,fcre,1.6,ensemble,185,Chla_ugL_mean,38.5984024959797
vera4cast,chlorocast_timesfm,2026-10-18 00:00:00,2026-09-29 00:00:00,P1D,fcre,1.6,ensemble,185,Chla_ugL_mean,39.074541529988
vera4cast,chlorocast_timesfm,2026-10-19 00:00:00,2026-09-29 00:00:00,P1D,fcre,1.6,ensemble,185,Chla_ugL_mean,40.0115485315527
vera4cast,chlorocast_timesfm,2026-10-20 00:00:00,2026-09-29 00:00:00,P1D,fcre,1.6,ensemble,185,Chla_ugL_mean,40.1137787563717
vera4cast,chlorocast_timesfm,2026-10-21 00:00:00,2026-09-29 00:00:00,P1D,fcre,1.6,ensemble,185,Chla_ugL_mean,40.5817861692757
vera4cast,chlorocast_timesfm,2026-10-22 00:00:00,2026-09-29 00:00:00,P1D,fcre,1.6,ensemble,185,Chla_ugL_mean,40.5095977378448
vera4cast,chlorocast_timesfm,2026-10-23 00:00:00,2026-09-29 00:00:00,P1D,fcre,1.6,ensemble,185,Chla_ugL_mean,40.4380228037224
vera4cast,chlorocast_timesfm,2026-10-24 00:00:00,2026-09-29 00:00:00,P1D,fcre,1.6,ensemble,185,Chla_ugL_mean,41.336287038659
vera4cast,chlorocast_timesfm,2026-10-25 00:00:00,2026-09-29 00:00:00,P1D,fcre,1.6,ensemble,185,Chla_ugL_mean,41.4229295578297
vera4cast,chlorocast_timesfm,2026-10-26 00:00:00,2026-09-29 00:00:00,P1D,fcre,1.6,ensemble,185,Chla_ugL_mean,41.4153394798307
vera4cast,chlorocast_timesfm,2026-10-27 00:00:00,2026-09-29 00:00:00,P1D,fcre,1.6,ensemble,185,Chla_ugL_mean,41.5999175242598
vera4cast,chlorocast_timesfm,2026-10-28 00:00:00,2026-09-29 00:00:00,P1D,fcre,1.6,ensemble,185,Chla_ugL_mean,41.8044890779793
vera4cast,chlorocast_timesfm,2026-10-29 00:00:00,2026-09-29 00:00:00,P1D,fcre,1.6,ensemble,185,Chla_ugL_mean,41.7726013095783
vera4cast,chlorocast_timesfm,2026-10-30 00:00:00,2026-09-29 00:00:00,P1D,fcre,1.6,ensemble,185,Chla_ugL_mean,41.833364343093
vera4cast,chlorocast_timesfm,2026-10-31 00:00:00,2026-09-29 00:00:00,P1D,fcre,1.6,ensemble,185,Chla_ugL_mean,42.7857851095799
vera4cast,chlorocast_timesfm,2026-11-01 00:00:00,2026-09-29 00:00:00,P1D,fcre,1.6,ensemble,185,Chla_ugL_mean,42.8977080067879
vera4cast,chlorocast_timesfm,2026-11-02 00:00:00,2026-09-29 00:00:00,P1D,fcre,1.6,ensemble,185,Chla_ugL_mean,42.7302468342123
vera4cast,chlorocast_timesfm,2026-11-03 00:00:00,2026-09-29 00:00:00,P1D,fcre,1.6,ensemble,185,Chla_ugL_mean,42.5971608155681
vera4cast,chlorocast_timesfm,2026-09-30 00:00:00,2026-09-29 00:00:00,P1D,fcre,1.6,ensemble,186,Chla_ugL_mean,27.9244464463192
vera4cast,chlorocast_timesfm,2026-10-01 00:00:00,2026-09-29 00:00:00,P1D,fcre,1.6,ensemble,186,Chla_ugL_mean,29.084849752485
vera4cast,chlorocast_timesfm,2026-10-02 00:00:00,2026-09-29 00:00:00,P1D,fcre,1.6,ensemble,186,Chla_ugL_mean,29.6850036801638
vera4cast,chlorocast_timesfm,2026-10-03 00:00:00,2026-09-29 00:00:00,P1D,fcre,1.6,ensemble,186,Chla_ugL_mean,30.0587843045244
vera4cast,chlorocast_timesfm,2026-10-04 00:00:00,2026-09-29 00:00:00,P1D,fcre,1.6,ensemble,186,Chla_ugL_mean,31.3055696123639
vera4cast,chlorocast_timesfm,2026-10-05 00:00:00,2026-09-29 00:00:00,P1D,fcre,1.6,ensemble,186,Chla_ugL_mean,31.8496749324157
vera4cast,chlorocast_timesfm,2026-10-06 00:00:00,2026-09-29 00:00:00,P1D,fcre,1.6,ensemble,186,Chla_ugL_mean,33.1500989480289
vera4cast,chlorocast_timesfm,2026-10-07 00:00:00,2026-09-29 00:00:00,P1D,fcre,1.6,ensemble,186,Chla_ugL_mean,32.7807847611908
vera4cast,chlorocast_timesfm,2026-10-08 00:00:00,2026-09-29 00:00:00,P1D,fcre,1.6,ensemble,186,Chla_ugL_mean,33.8258764156925
vera4cast,chlorocast_timesfm,2026-10-09 00:00:00,2026-09-29 00:00:00,P1D,fcre,1.6,ensemble,186,Chla_ugL_mean,35.0197168378118
vera4cast,chlorocast_timesfm,2026-10-10 00:00:00,2026-09-29 00:00:00,P1D,fcre,1.6,ensemble,186,Chla_ugL_mean,35.0656393757238
vera4cast,chlorocast_timesfm,2026-10-11 00:00:00,2026-09-29 00:00:00,P1D,fcre,1.6,ensemble,186,Chla_ugL_mean,35.5004256305852
vera4cast,chlorocast_timesfm,2026-10-12 00:00:00,2026-09-29 00:00:00,P1D,fcre,1.6,ensemble,186,Chla_ugL_mean,35.6412456692649
vera4cast,chlorocast_timesfm,2026-10-13 00:00:00,2026-09-29 00:00:00,P1D,fcre,1.6,ensemble,186,Chla_ugL_mean,36.1430866882426
vera4cast,chlorocast_timesfm,2026-10-14 00:00:00,2026-09-29 00:00:00,P1D,fcre,1.6,ensemble,186,Chla_ugL_mean,37.0451905736437
vera4cast,chlorocast_timesfm,2026-10-15 00:00:00,2026-09-29 00:00:00,P1D,fcre,1.6,ensemble,186,Chla_ugL_mean,37.9578570423965
vera4cast,chlorocast_timesfm,2026-10-16 00:00:00,2026-09-29 00:00:00,P1D,fcre,1.6,ensemble,186,Chla_ugL_mean,39.8016879064445
vera4cast,chlorocast_timesfm,2026-10-17 00:00:00,2026-09-29 00:00:00,P1D,fcre,1.6,ensemble,186,Chla_ugL_mean,39.7804893874419
vera4cast,chlorocast_timesfm,2026-10-18 00:00:00,2026-09-29 00:00:00,P1D,fcre,1.6,ensemble,186,Chla_ugL_mean,40.2757977658825
vera4cast,chlorocast_timesfm,2026-10-19 00:00:00,2026-09-29 00:00:00,P1D,fcre,1.6,ensemble,186,Chla_ugL_mean,41.2601285927361
vera4cast,chlorocast_timesfm,2026-10-20 00:00:00,2026-09-29 00:00:00,P1D,fcre,1.6,ensemble,186,Chla_ugL_mean,41.3626318623233
vera4cast,chlorocast_timesfm,2026-10-21 00:00:00,2026-09-29 00:00:00,P1D,fcre,1.6,ensemble,186,Chla_ugL_mean,41.8509361490234
vera4cast,chlorocast_timesfm,2026-10-22 00:00:00,2026-09-29 00:00:00,P1D,fcre,1.6,ensemble,186,Chla_ugL_mean,41.7831911554127
vera4cast,chlorocast_timesfm,2026-10-23 00:00:00,2026-09-29 00:00:00,P1D,fcre,1.6,ensemble,186,Chla_ugL_mean,41.7115104653309
vera4cast,chlorocast_timesfm,2026-10-24 00:00:00,2026-09-29 00:00:00,P1D,fcre,1.6,ensemble,186,Chla_ugL_mean,42.665067494283
vera4cast,chlorocast_timesfm,2026-10-25 00:00:00,2026-09-29 00:00:00,P1D,fcre,1.6,ensemble,186,Chla_ugL_mean,42.7497270333566
vera4cast,chlorocast_timesfm,2026-10-26 00:00:00,2026-09-29 00:00:00,P1D,fcre,1.6,ensemble,186,Chla_ugL_mean,42.7353275047948
vera4cast,chlorocast_timesfm,2026-10-27 00:00:00,2026-09-29 00:00:00,P1D,fcre,1.6,ensemble,186,Chla_ugL_mean,42.9266770719932
vera4cast,chlorocast_timesfm,2026-10-28 00:00:00,2026-09-29 00:00:00,P1D,fcre,1.6,ensemble,186,Chla_ugL_mean,43.1412731029958
vera4cast,chlorocast_timesfm,2026-10-29 00:00:00,2026-09-29 00:00:00,P1D,fcre,1.6,ensemble,186,Chla_ugL_mean,43.1093476609786
vera4cast,chlorocast_timesfm,2026-10-30 00:00:00,2026-09-29 00:00:00,P1D,fcre,1.6,ensemble,186,Chla_ugL_mean,43.1785039234685
vera4cast,chlorocast_timesfm,2026-10-31 00:00:00,2026-09-29 00:00:00,P1D,fcre,1.6,ensemble,186,Chla_ugL_mean,44.176688936978
vera4cast,chlorocast_timesfm,2026-11-01 00:00:00,2026-09-29 00:00:00,P1D,fcre,1.6,ensemble,186,Chla_ugL_mean,44.289490569408
vera4cast,chlorocast_timesfm,2026-11-02 00:00:00,2026-09-29 00:00:00,P1D,fcre,1.6,ensemble,186,Chla_ugL_mean,44.1112853280119
vera4cast,chlorocast_timesfm,2026-11-03 00:00:00,2026-09-29 00:00:00,P1D,fcre,1.6,ensemble,186,Chla_ugL_mean,43.9691925398368
vera4cast,chlorocast_timesfm,2026-09-30 00:00:00,2026-09-29 00:00:00,P1D,fcre,1.6,ensemble,187,Chla_ugL_mean,28.6555008128544
vera4cast,chlorocast_timesfm,2026-10-01 00:00:00,2026-09-29 00:00:00,P1D,fcre,1.6,ensemble,187,Chla_ugL_mean,29.8757650740299
vera4cast,chlorocast_timesfm,2026-10-02 00:00:00,2026-09-29 00:00:00,P1D,fcre,1.6,ensemble,187,Chla_ugL_mean,30.5009239289938
vera4cast,chlorocast_timesfm,2026-10-03 00:00:00,2026-09-29 00:00:00,P1D,fcre,1.6,ensemble,187,Chla_ugL_mean,30.8810144764575
vera4cast,chlorocast_timesfm,2026-10-04 00:00:00,2026-09-29 00:00:00,P1D,fcre,1.6,ensemble,187,Chla_ugL_mean,32.19181672663
vera4cast,chlorocast_timesfm,2026-10-05 00:00:00,2026-09-29 00:00:00,P1D,fcre,1.6,ensemble,187,Chla_ugL_mean,32.7683513875777
vera4cast,chlorocast_timesfm,2026-10-06 00:00:00,2026-09-29 00:00:00,P1D,fcre,1.6,ensemble,187,Chla_ugL_mean,34.1332226288641
vera4cast,chlorocast_timesfm,2026-10-07 00:00:00,2026-09-29 00:00:00,P1D,fcre,1.6,ensemble,187,Chla_ugL_mean,33.7454745093505
vera4cast,chlorocast_timesfm,2026-10-08 00:00:00,2026-09-29 00:00:00,P1D,fcre,1.6,ensemble,187,Chla_ugL_mean,34.8468185367902
vera4cast,chlorocast_timesfm,2026-10-09 00:00:00,2026-09-29 00:00:00,P1D,fcre,1.6,ensemble,187,Chla_ugL_mean,36.0967758547949
vera4cast,chlorocast_timesfm,2026-10-10 00:00:00,2026-09-29 00:00:00,P1D,fcre,1.6,ensemble,187,Chla_ugL_mean,36.1546270679899
vera4cast,chlorocast_timesfm,2026-10-11 00:00:00,2026-09-29 00:00:00,P1D,fcre,1.6,ensemble,187,Chla_ugL_mean,36.6107977149061
vera4cast,chlorocast_timesfm,2026-10-12 00:00:00,2026-09-29 00:00:00,P1D,fcre,1.6,ensemble,187,Chla_ugL_mean,36.7572570068181
vera4cast,chlorocast_timesfm,2026-10-13 00:00:00,2026-09-29 00:00:00,P1D,fcre,1.6,ensemble,187,Chla_ugL_mean,37.267859237286
vera4cast,chlorocast_timesfm,2026-10-14 00:00:00,2026-09-29 00:00:00,P1D,fcre,1.6,ensemble,187,Chla_ugL_mean,38.2018036075756
vera4cast,chlorocast_timesfm,2026-10-15 00:00:00,2026-09-29 00:00:00,P1D,fcre,1.6,ensemble,187,Chla_ugL_mean,39.1575374500387
vera4cast,chlorocast_timesfm,2026-10-16 00:00:00,2026-09-29 00:00:00,P1D,fcre,1.6,ensemble,187,Chla_ugL_mean,41.0988620362828
vera4cast,chlorocast_timesfm,2026-10-17 00:00:00,2026-09-29 00:00:00,P1D,fcre,1.6,ensemble,187,Chla_ugL_mean,41.0707690726417
vera4cast,chlorocast_timesfm,2026-10-18 00:00:00,2026-09-29 00:00:00,P1D,fcre,1.6,ensemble,187,Chla_ugL_mean,41.5871634419504
vera4cast,chlorocast_timesfm,2026-10-19 00:00:00,2026-09-29 00:00:00,P1D,fcre,1.6,ensemble,187,Chla_ugL_mean,42.6237951011644
vera4cast,chlorocast_timesfm,2026-10-20 00:00:00,2026-09-29 00:00:00,P1D,fcre,1.6,ensemble,187,Chla_ugL_mean,42.7265024482382
vera4cast,chlorocast_timesfm,2026-10-21 00:00:00,2026-09-29 00:00:00,P1D,fcre,1.6,ensemble,187,Chla_ugL_mean,43.2371754976629
vera4cast,chlorocast_timesfm,2026-10-22 00:00:00,2026-09-29 00:00:00,P1D,fcre,1.6,ensemble,187,Chla_ugL_mean,43.1745064765034
vera4cast,chlorocast_timesfm,2026-10-23 00:00:00,2026-09-29 00:00:00,P1D,fcre,1.6,ensemble,187,Chla_ugL_mean,43.1027803719842
vera4cast,chlorocast_timesfm,2026-10-24 00:00:00,2026-09-29 00:00:00,P1D,fcre,1.6,ensemble,187,Chla_ugL_mean,44.117692619098
vera4cast,chlorocast_timesfm,2026-10-25 00:00:00,2026-09-29 00:00:00,P1D,fcre,1.6,ensemble,187,Chla_ugL_mean,44.2000238333486
vera4cast,chlorocast_timesfm,2026-10-26 00:00:00,2026-09-29 00:00:00,P1D,fcre,1.6,ensemble,187,Chla_ugL_mean,44.1779577835806
vera4cast,chlorocast_timesfm,2026-10-27 00:00:00,2026-09-29 00:00:00,P1D,fcre,1.6,ensemble,187,Chla_ugL_mean,44.3767429512871
vera4cast,chlorocast_timesfm,2026-10-28 00:00:00,2026-09-29 00:00:00,P1D,fcre,1.6,ensemble,187,Chla_ugL_mean,44.6024196423065
vera4cast,chlorocast_timesfm,2026-10-29 00:00:00,2026-09-29 00:00:00,P1D,fcre,1.6,ensemble,187,Chla_ugL_mean,44.5704857075824
vera4cast,chlorocast_timesfm,2026-10-30 00:00:00,2026-09-29 00:00:00,P1D,fcre,1.6,ensemble,187,Chla_ugL_mean,44.6490388443909
vera4cast,chlorocast_timesfm,2026-10-31 00:00:00,2026-09-29 00:00:00,P1D,fcre,1.6,ensemble,187,Chla_ugL_mean,45.6978040235238
vera4cast,chlorocast_timesfm,2026-11-01 00:00:00,2026-09-29 00:00:00,P1D,fcre,1.6,ensemble,187,Chla_ugL_mean,45.8114740251377
vera4cast,chlorocast_timesfm,2026-11-02 00:00:00,2026-09-29 00:00:00,P1D,fcre,1.6,ensemble,187,Chla_ugL_mean,45.6213322692428
vera4cast,chlorocast_timesfm,2026-11-03 00:00:00,2026-09-29 00:00:00,P1D,fcre,1.6,ensemble,187,Chla_ugL_mean,45.4692263376713
vera4cast,chlorocast_timesfm,2026-09-30 00:00:00,2026-09-29 00:00:00,P1D,fcre,1.6,ensemble,188,Chla_ugL_mean,29.4539695769936
vera4cast,chlorocast_timesfm,2026-10-01 00:00:00,2026-09-29 00:00:00,P1D,fcre,1.6,ensemble,188,Chla_ugL_mean,30.7404977744171
vera4cast,chlorocast_timesfm,2026-10-02 00:00:00,2026-09-29 00:00:00,P1D,fcre,1.6,ensemble,188,Chla_ugL_mean,31.3932651837544
vera4cast,chlorocast_timesfm,2026-10-03 00:00:00,2026-09-29 00:00:00,P1D,fcre,1.6,ensemble,188,Chla_ugL_mean,31.7801509818679
vera4cast,chlorocast_timesfm,2026-10-04 00:00:00,2026-09-29 00:00:00,P1D,fcre,1.6,ensemble,188,Chla_ugL_mean,33.1618936949222
vera4cast,chlorocast_timesfm,2026-10-05 00:00:00,2026-09-29 00:00:00,P1D,fcre,1.6,ensemble,188,Chla_ugL_mean,33.7744636182909
vera4cast,chlorocast_timesfm,2026-10-06 00:00:00,2026-09-29 00:00:00,P1D,fcre,1.6,ensemble,188,Chla_ugL_mean,35.2108051371949
vera4cast,chlorocast_timesfm,2026-10-07 00:00:00,2026-09-29 00:00:00,P1D,fcre,1.6,ensemble,188,Chla_ugL_mean,34.8026068484734
vera4cast,chlorocast_timesfm,2026-10-08 00:00:00,2026-09-29 00:00:00,P1D,fcre,1.6,ensemble,188,Chla_ugL_mean,35.9664453207952
vera4cast,chlorocast_timesfm,2026-10-09 00:00:00,2026-09-29 00:00:00,P1D,fcre,1.6,ensemble,188,Chla_ugL_mean,37.2786385213796
vera4cast,chlorocast_timesfm,2026-10-10 00:00:00,2026-09-29 00:00:00,P1D,fcre,1.6,ensemble,188,Chla_ugL_mean,37.3499297652191
vera4cast,chlorocast_timesfm,2026-10-11 00:00:00,2026-09-29 00:00:00,P1D,fcre,1.6,ensemble,188,Chla_ugL_mean,37.8298488165173
vera4cast,chlorocast_timesfm,2026-10-12 00:00:00,2026-09-29 00:00:00,P1D,fcre,1.6,ensemble,188,Chla_ugL_mean,37.9825447269026
vera4cast,chlorocast_timesfm,2026-10-13 00:00:00,2026-09-29 00:00:00,P1D,fcre,1.6,ensemble,188,Chla_ugL_mean,38.5025487033077
vera4cast,chlorocast_timesfm,2026-10-14 00:00:00,2026-09-29 00:00:00,P1D,fcre,1.6,ensemble,188,Chla_ugL_mean,39.4715963958651
vera4cast,chlorocast_timesfm,2026-10-15 00:00:00,2026-09-29 00:00:00,P1D,fcre,1.6,ensemble,188,Chla_ugL_mean,40.475131010124
vera4cast,chlorocast_timesfm,2026-10-16 00:00:00,2026-09-29 00:00:00,P1D,fcre,1.6,ensemble,188,Chla_ugL_mean,42.5249557660784
vera4cast,chlorocast_timesfm,2026-10-17 00:00:00,2026-09-29 00:00:00,P1D,fcre,1.6,ensemble,188,Chla_ugL_mean,42.489066618268
vera4cast,chlorocast_timesfm,2026-10-18 00:00:00,2026-09-29 00:00:00,P1D,fcre,1.6,ensemble,188,Chla_ugL_mean,43.0288283342315
vera4cast,chlorocast_timesfm,2026-10-19 00:00:00,2026-09-29 00:00:00,P1D,fcre,1.6,ensemble,188,Chla_ugL_mean,44.1237040478345
vera4cast,chlorocast_timesfm,2026-10-20 00:00:00,2026-09-29 00:00:00,P1D,fcre,1.6,ensemble,188,Chla_ugL_mean,44.2265259282844
vera4cast,chlorocast_timesfm,2026-10-21 00:00:00,2026-09-29 00:00:00,P1D,fcre,1.6,ensemble,188,Chla_ugL_mean,44.7620373869715
vera4cast,chlorocast_timesfm,2026-10-22 00:00:00,2026-09-29 00:00:00,P1D,fcre,1.6,ensemble,188,Chla_ugL_mean,44.7052119615614
vera4cast,chlorocast_timesfm,2026-10-23 00:00:00,2026-09-29 00:00:00,P1D,fcre,1.6,ensemble,188,Chla_ugL_mean,44.6335178078278
vera4cast,chlorocast_timesfm,2026-10-24 00:00:00,2026-09-29 00:00:00,P1D,fcre,1.6,ensemble,188,Chla_ugL_mean,45.7170446705142
vera4cast,chlorocast_timesfm,2026-10-25 00:00:00,2026-09-29 00:00:00,P1D,fcre,1.6,ensemble,188,Chla_ugL_mean,45.7966247322976
vera4cast,chlorocast_timesfm,2026-10-26 00:00:00,2026-09-29 00:00:00,P1D,fcre,1.6,ensemble,188,Chla_ugL_mean,45.7658578574506
vera4cast,chlorocast_timesfm,2026-10-27 00:00:00,2026-09-29 00:00:00,P1D,fcre,1.6,ensemble,188,Chla_ugL_mean,45.9728681937281
vera4cast,chlorocast_timesfm,2026-10-28 00:00:00,2026-09-29 00:00:00,P1D,fcre,1.6,ensemble,188,Chla_ugL_mean,46.2108872143354
vera4cast,chlorocast_timesfm,2026-10-29 00:00:00,2026-09-29 00:00:00,P1D,fcre,1.6,ensemble,188,Chla_ugL_mean,46.1789821373669
vera4cast,chlorocast_timesfm,2026-10-30 00:00:00,2026-09-29 00:00:00,P1D,fcre,1.6,ensemble,188,Chla_ugL_mean,46.2681400908235
vera4cast,chlorocast_timesfm,2026-10-31 00:00:00,2026-09-29 00:00:00,P1D,fcre,1.6,ensemble,188,Chla_ugL_mean,47.3732384132499
vera4cast,chlorocast_timesfm,2026-11-01 00:00:00,2026-09-29 00:00:00,P1D,fcre,1.6,ensemble,188,Chla_ugL_mean,47.4877565527065
vera4cast,chlorocast_timesfm,2026-11-02 00:00:00,2026-09-29 00:00:00,P1D,fcre,1.6,ensemble,188,Chla_ugL_mean,47.2842490930169
vera4cast,chlorocast_timesfm,2026-11-03 00:00:00,2026-09-29 00:00:00,P1D,fcre,1.6,ensemble,188,Chla_ugL_mean,47.1209234023785
vera4cast,chlorocast_timesfm,2026-09-30 00:00:00,2026-09-29 00:00:00,P1D,fcre,1.6,ensemble,189,Chla_ugL_mean,30.3329050313159
vera4cast,chlorocast_timesfm,2026-10-01 00:00:00,2026-09-29 00:00:00,P1D,fcre,1.6,ensemble,189,Chla_ugL_mean,31.6934138605219
vera4cast,chlorocast_timesfm,2026-10-02 00:00:00,2026-09-29 00:00:00,P1D,fcre,1.6,ensemble,189,Chla_ugL_mean,32.3769229465242
vera4cast,chlorocast_timesfm,2026-10-03 00:00:00,2026-09-29 00:00:00,P1D,fcre,1.6,ensemble,189,Chla_ugL_mean,32.7711750041667
vera4cast,chlorocast_timesfm,2026-10-04 00:00:00,2026-09-29 00:00:00,P1D,fcre,1.6,ensemble,189,Chla_ugL_mean,34.2322104121502
vera4cast,chlorocast_timesfm,2026-10-05 00:00:00,2026-09-29 00:00:00,P1D,fcre,1.6,ensemble,189,Chla_ugL_mean,34.8851739041147
vera4cast,chlorocast_timesfm,2026-10-06 00:00:00,2026-09-29 00:00:00,P1D,fcre,1.6,ensemble,189,Chla_ugL_mean,36.4014650942774
vera4cast,chlorocast_timesfm,2026-10-07 00:00:00,2026-09-29 00:00:00,P1D,fcre,1.6,ensemble,189,Chla_ugL_mean,35.9703815560817
vera4cast,chlorocast_timesfm,2026-10-08 00:00:00,2026-09-29 00:00:00,P1D,fcre,1.6,ensemble,189,Chla_ugL_mean,37.2042606596661
vera4cast,chlorocast_timesfm,2026-10-09 00:00:00,2026-09-29 00:00:00,P1D,fcre,1.6,ensemble,189,Chla_ugL_mean,38.5860800340664
vera4cast,chlorocast_timesfm,2026-10-10 00:00:00,2026-09-29 00:00:00,P1D,fcre,1.6,ensemble,189,Chla_ugL_mean,38.6726537007097
vera4cast,chlorocast_timesfm,2026-10-11 00:00:00,2026-09-29 00:00:00,P1D,fcre,1.6,ensemble,189,Chla_ugL_mean,39.1791793562045
vera4cast,chlorocast_timesfm,2026-10-12 00:00:00,2026-09-29 00:00:00,P1D,fcre,1.6,ensemble,189,Chla_ugL_mean,39.338832071434
vera4cast,chlorocast_timesfm,2026-10-13 00:00:00,2026-09-29 00:00:00,P1D,fcre,1.6,ensemble,189,Chla_ugL_mean,39.8689861232818
vera4cast,chlorocast_timesfm,2026-10-14 00:00:00,2026-09-29 00:00:00,P1D,fcre,1.6,ensemble,189,Chla_ugL_mean,40.8770616355286
vera4cast,chlorocast_timesfm,2026-10-15 00:00:00,2026-09-29 00:00:00,P1D,fcre,1.6,ensemble,189,Chla_ugL_mean,41.9341180899177
vera4cast,chlorocast_timesfm,2026-10-16 00:00:00,2026-09-29 00:00:00,P1D,fcre,1.6,ensemble,189,Chla_ugL_mean,44.1057719640037
vera4cast,chlorocast_timesfm,2026-10-17 00:00:00,2026-09-29 00:00:00,P1D,fcre,1.6,ensemble,189,Chla_ugL_mean,44.0609845251772
vera4cast,chlorocast_timesfm,2026-10-18 00:00:00,2026-09-29 00:00:00,P1D,fcre,1.6,ensemble,189,Chla_ugL_mean,44.6268686023377
vera4cast,chlorocast_timesfm,2026-10-19 00:00:00,2026-09-29 00:00:00,P1D,fcre,1.6,ensemble,189,Chla_ugL_mean,45.7871901157177
vera4cast,chlorocast_timesfm,2026-10-20 00:00:00,2026-09-29 00:00:00,P1D,fcre,1.6,ensemble,189,Chla_ugL_mean,45.8900088379148
vera4cast,chlorocast_timesfm,2026-10-21 00:00:00,2026-09-29 00:00:00,P1D,fcre,1.6,ensemble,189,Chla_ugL_mean,46.4533456158582
vera4cast,chlorocast_timesfm,2026-10-22 00:00:00,2026-09-29 00:00:00,P1D,fcre,1.6,ensemble,189,Chla_ugL_mean,46.4033096760844
vera4cast,chlorocast_timesfm,2026-10-23 00:00:00,2026-09-29 00:00:00,P1D,fcre,1.6,ensemble,189,Chla_ugL_mean,46.3317480094656
vera4cast,chlorocast_timesfm,2026-10-24 00:00:00,2026-09-29 00:00:00,P1D,fcre,1.6,ensemble,189,Chla_ugL_mean,47.4927118507695
vera4cast,chlorocast_timesfm,2026-10-25 00:00:00,2026-09-29 00:00:00,P1D,fcre,1.6,ensemble,189,Chla_ugL_mean,47.5690150295565
vera4cast,chlorocast_timesfm,2026-10-26 00:00:00,2026-09-29 00:00:00,P1D,fcre,1.6,ensemble,189,Chla_ugL_mean,47.5282801125348
vera4cast,chlorocast_timesfm,2026-10-27 00:00:00,2026-09-29 00:00:00,P1D,fcre,1.6,ensemble,189,Chla_ugL_mean,47.7444680049862
vera4cast,chlorocast_timesfm,2026-10-28 00:00:00,2026-09-29 00:00:00,P1D,fcre,1.6,ensemble,189,Chla_ugL_mean,47.9963587804852
vera4cast,chlorocast_timesfm,2026-10-29 00:00:00,2026-09-29 00:00:00,P1D,fcre,1.6,ensemble,189,Chla_ugL_mean,47.9645310260413
vera4cast,chlorocast_timesfm,2026-10-30 00:00:00,2026-09-29 00:00:00,P1D,fcre,1.6,ensemble,189,Chla_ugL_mean,48.0657696478882
vera4cast,chlorocast_timesfm,2026-10-31 00:00:00,2026-09-29 00:00:00,P1D,fcre,1.6,ensemble,189,Chla_ugL_mean,49.2341751614235
vera4cast,chlorocast_timesfm,2026-11-01 00:00:00,2026-09-29 00:00:00,P1D,fcre,1.6,ensemble,189,Chla_ugL_mean,49.3495068678609
vera4cast,chlorocast_timesfm,2026-11-02 00:00:00,2026-09-29 00:00:00,P1D,fcre,1.6,ensemble,189,Chla_ugL_mean,49.1308951238506
vera4cast,chlorocast_timesfm,2026-11-03 00:00:00,2026-09-29 00:00:00,P1D,fcre,1.6,ensemble,189,Chla_ugL_mean,48.9548812917098
vera4cast,chlorocast_timesfm,2026-09-30 00:00:00,2026-09-29 00:00:00,P1D,fcre,1.6,ensemble,190,Chla_ugL_mean,31.3094563387401
vera4cast,chlorocast_timesfm,2026-10-01 00:00:00,2026-09-29 00:00:00,P1D,fcre,1.6,ensemble,190,Chla_ugL_mean,32.7534043990362
vera4cast,chlorocast_timesfm,2026-10-02 00:00:00,2026-09-29 00:00:00,P1D,fcre,1.6,ensemble,190,Chla_ugL_mean,33.4714894397715
vera4cast,chlorocast_timesfm,2026-10-03 00:00:00,2026-09-29 00:00:00,P1D,fcre,1.6,ensemble,190,Chla_ugL_mean,33.8737895564471
vera4cast,chlorocast_timesfm,2026-10-04 00:00:00,2026-09-29 00:00:00,P1D,fcre,1.6,ensemble,190,Chla_ugL_mean,35.4243660975829
vera4cast,chlorocast_timesfm,2026-10-05 00:00:00,2026-09-29 00:00:00,P1D,fcre,1.6,ensemble,190,Chla_ugL_mean,36.1230817816197
vera4cast,chlorocast_timesfm,2026-10-06 00:00:00,2026-09-29 00:00:00,P1D,fcre,1.6,ensemble,190,Chla_ugL_mean,37.7297365591147
vera4cast,chlorocast_timesfm,2026-10-07 00:00:00,2026-09-29 00:00:00,P1D,fcre,1.6,ensemble,190,Chla_ugL_mean,37.2727761588479
vera4cast,chlorocast_timesfm,2026-10-08 00:00:00,2026-09-29 00:00:00,P1D,fcre,1.6,ensemble,190,Chla_ugL_mean,38.5859764550784
vera4cast,chlorocast_timesfm,2026-10-09 00:00:00,2026-09-29 00:00:00,P1D,fcre,1.6,ensemble,190,Chla_ugL_mean,40.0465016681432
vera4cast,chlorocast_timesfm,2026-10-10 00:00:00,2026-09-29 00:00:00,P1D,fcre,1.6,ensemble,190,Chla_ugL_mean,40.1506435831514
vera4cast,chlorocast_timesfm,2026-10-11 00:00:00,2026-09-29 00:00:00,P1D,fcre,1.6,ensemble,190,Chla_ugL_mean,40.6872914020082
vera4cast,chlorocast_timesfm,2026-10-12 00:00:00,2026-09-29 00:00:00,P1D,fcre,1.6,ensemble,190,Chla_ugL_mean,40.8547840604472
vera4cast,chlorocast_timesfm,2026-10-13 00:00:00,2026-09-29 00:00:00,P1D,fcre,1.6,ensemble,190,Chla_ugL_mean,41.3959745237867
vera4cast,chlorocast_timesfm,2026-10-14 00:00:00,2026-09-29 00:00:00,P1D,fcre,1.6,ensemble,190,Chla_ugL_mean,42.4478782748814
vera4cast,chlorocast_timesfm,2026-10-15 00:00:00,2026-09-29 00:00:00,P1D,fcre,1.6,ensemble,190,Chla_ugL_mean,43.5654910685477
vera4cast,chlorocast_timesfm,2026-10-16 00:00:00,2026-09-29 00:00:00,P1D,fcre,1.6,ensemble,190,Chla_ugL_mean,45.8753970688759
vera4cast,chlorocast_timesfm,2026-10-17 00:00:00,2026-09-29 00:00:00,P1D,fcre,1.6,ensemble,190,Chla_ugL_mean,45.8203402072931
vera4cast,chlorocast_timesfm,2026-10-18 00:00:00,2026-09-29 00:00:00,P1D,fcre,1.6,ensemble,190,Chla_ugL_mean,46.4157310941017
vera4cast,chlorocast_timesfm,2026-10-19 00:00:00,2026-09-29 00:00:00,P1D,fcre,1.6,ensemble,190,Chla_ugL_mean,47.6503777799279
vera4cast,chlorocast_timesfm,2026-10-20 00:00:00,2026-09-29 00:00:00,P1D,fcre,1.6,ensemble,190,Chla_ugL_mean,47.7530362301098
vera4cast,chlorocast_timesfm,2026-10-21 00:00:00,2026-09-29 00:00:00,P1D,fcre,1.6,ensemble,190,Chla_ugL_mean,48.3478735890136
vera4cast,chlorocast_timesfm,2026-10-22 00:00:00,2026-09-29 00:00:00,P1D,fcre,1.6,ensemble,190,Chla_ugL_mean,48.3058139216374
vera4cast,chlorocast_timesfm,2026-10-23 00:00:00,2026-09-29 00:00:00,P1D,fcre,1.6,ensemble,190,Chla_ugL_mean,48.2345175755986
vera4cast,chlorocast_timesfm,2026-10-24 00:00:00,2026-09-29 00:00:00,P1D,fcre,1.6,ensemble,190,Chla_ugL_mean,49.4838297122857
vera4cast,chlorocast_timesfm,2026-10-25 00:00:00,2026-09-29 00:00:00,P1D,fcre,1.6,ensemble,190,Chla_ugL_mean,49.556190304489
vera4cast,chlorocast_timesfm,2026-10-26 00:00:00,2026-09-29 00:00:00,P1D,fcre,1.6,ensemble,190,Chla_ugL_mean,49.5039067314002
vera4cast,chlorocast_timesfm,2026-10-27 00:00:00,2026-09-29 00:00:00,P1D,fcre,1.6,ensemble,190,Chla_ugL_mean,49.7304407122106
vera4cast,chlorocast_timesfm,2026-10-28 00:00:00,2026-09-29 00:00:00,P1D,fcre,1.6,ensemble,190,Chla_ugL_mean,49.998089740118
vera4cast,chlorocast_timesfm,2026-10-29 00:00:00,2026-09-29 00:00:00,P1D,fcre,1.6,ensemble,190,Chla_ugL_mean,49.9664032581347
vera4cast,chlorocast_timesfm,2026-10-30 00:00:00,2026-09-29 00:00:00,P1D,fcre,1.6,ensemble,190,Chla_ugL_mean,50.0815580880789
vera4cast,chlorocast_timesfm,2026-10-31 00:00:00,2026-09-29 00:00:00,P1D,fcre,1.6,ensemble,190,Chla_ugL_mean,51.3218733121552
vera4cast,chlorocast_timesfm,2026-11-01 00:00:00,2026-09-29 00:00:00,P1D,fcre,1.6,ensemble,190,Chla_ugL_mean,51.4379627905
vera4cast,chlorocast_timesfm,2026-11-02 00:00:00,2026-09-29 00:00:00,P1D,fcre,1.6,ensemble,190,Chla_ugL_mean,51.2020942995722
vera4cast,chlorocast_timesfm,2026-11-03 00:00:00,2026-09-29 00:00:00,P1D,fcre,1.6,ensemble,190,Chla_ugL_mean,51.0115736603078
vera4cast,chlorocast_timesfm,2026-09-30 00:00:00,2026-09-29 00:00:00,P1D,fcre,1.6,ensemble,191,Chla_ugL_mean,32.406760477167
vera4cast,chlorocast_timesfm,2026-10-01 00:00:00,2026-09-29 00:00:00,P1D,fcre,1.6,ensemble,191,Chla_ugL_mean,33.9459797194601
vera4cast,chlorocast_timesfm,2026-10-02 00:00:00,2026-09-29 00:00:00,P1D,fcre,1.6,ensemble,191,Chla_ugL_mean,34.703428987567
vera4cast,chlorocast_timesfm,2026-10-03 00:00:00,2026-09-29 00:00:00,P1D,fcre,1.6,ensemble,191,Chla_ugL_mean,35.1146058151923
vera4cast,chlorocast_timesfm,2026-10-04 00:00:00,2026-09-29 00:00:00,P1D,fcre,1.6,ensemble,191,Chla_ugL_mean,36.7675582158195
vera4cast,chlorocast_timesfm,2026-10-05 00:00:00,2026-09-29 00:00:00,P1D,fcre,1.6,ensemble,191,Chla_ugL_mean,37.5187516284308
vera4cast,chlorocast_timesfm,2026-10-06 00:00:00,2026-09-29 00:00:00,P1D,fcre,1.6,ensemble,191,Chla_ugL_mean,39.2288249102567
vera4cast,chlorocast_timesfm,2026-10-07 00:00:00,2026-09-29 00:00:00,P1D,fcre,1.6,ensemble,191,Chla_ugL_mean,38.7422360179363
vera4cast,chlorocast_timesfm,2026-10-08 00:00:00,2026-09-29 00:00:00,P1D,fcre,1.6,ensemble,191,Chla_ugL_mean,40.1464088565786
vera4cast,chlorocast_timesfm,2026-10-09 00:00:00,2026-09-29 00:00:00,P1D,fcre,1.6,ensemble,191,Chla_ugL_mean,41.6970268773333
vera4cast,chlorocast_timesfm,2026-10-10 00:00:00,2026-09-29 00:00:00,P1D,fcre,1.6,ensemble,191,Chla_ugL_mean,41.8216336643253
vera4cast,chlorocast_timesfm,2026-10-11 00:00:00,2026-09-29 00:00:00,P1D,fcre,1.6,ensemble,191,Chla_ugL_mean,42.392817980538
vera4cast,chlorocast_timesfm,2026-10-12 00:00:00,2026-09-29 00:00:00,P1D,fcre,1.6,ensemble,191,Chla_ugL_mean,42.5692559001665
vera4cast,chlorocast_timesfm,2026-10-13 00:00:00,2026-09-29 00:00:00,P1D,fcre,1.6,ensemble,191,Chla_ugL_mean,43.1225499439833
vera4cast,chlorocast_timesfm,2026-10-14 00:00:00,2026-09-29 00:00:00,P1D,fcre,1.6,ensemble,191,Chla_ugL_mean,44.2242738157018
vera4cast,chlorocast_timesfm,2026-10-15 00:00:00,2026-09-29 00:00:00,P1D,fcre,1.6,ensemble,191,Chla_ugL_mean,45.4112727319389
vera4cast,chlorocast_timesfm,2026-10-16 00:00:00,2026-09-29 00:00:00,P1D,fcre,1.6,ensemble,191,Chla_ugL_mean,47.8800911667444
vera4cast,chlorocast_timesfm,2026-10-17 00:00:00,2026-09-29 00:00:00,P1D,fcre,1.6,ensemble,191,Chla_ugL_mean,47.8130222610627
vera4cast,chlorocast_timesfm,2026-10-18 00:00:00,2026-09-29 00:00:00,P1D,fcre,1.6,ensemble,191,Chla_ugL_mean,48.4421641105126
vera4cast,chlorocast_timesfm,2026-10-19 00:00:00,2026-09-29 00:00:00,P1D,fcre,1.6,ensemble,191,Chla_ugL_mean,49.7623143444402
vera4cast,chlorocast_timesfm,2026-10-20 00:00:00,2026-09-29 00:00:00,P1D,fcre,1.6,ensemble,191,Chla_ugL_mean,49.8645986063829
vera4cast,chlorocast_timesfm,2026-10-21 00:00:00,2026-09-29 00:00:00,P1D,fcre,1.6,ensemble,191,Chla_ugL_mean,50.4955534159848
vera4cast,chlorocast_timesfm,2026-10-22 00:00:00,2026-09-29 00:00:00,P1D,fcre,1.6,ensemble,191,Chla_ugL_mean,50.4629917063801
vera4cast,chlorocast_timesfm,2026-10-23 00:00:00,2026-09-29 00:00:00,P1D,fcre,1.6,ensemble,191,Chla_ugL_mean,50.392139835892
vera4cast,chlorocast_timesfm,2026-10-24 00:00:00,2026-09-29 00:00:00,P1D,fcre,1.6,ensemble,191,Chla_ugL_mean,51.7435823527696
vera4cast,chlorocast_timesfm,2026-10-25 00:00:00,2026-09-29 00:00:00,P1D,fcre,1.6,ensemble,191,Chla_ugL_mean,51.8111387316964
vera4cast,chlorocast_timesfm,2026-10-26 00:00:00,2026-09-29 00:00:00,P1D,fcre,1.6,ensemble,191,Chla_ugL_mean,51.7452921319184
vera4cast,chlorocast_timesfm,2026-10-27 00:00:00,2026-09-29 00:00:00,P1D,fcre,1.6,ensemble,191,Chla_ugL_mean,51.9836356288031
vera4cast,chlorocast_timesfm,2026-10-28 00:00:00,2026-09-29 00:00:00,P1D,fcre,1.6,ensemble,191,Chla_ugL_mean,52.2694189623867
vera4cast,chlorocast_timesfm,2026-10-29 00:00:00,2026-09-29 00:00:00,P1D,fcre,1.6,ensemble,191,Chla_ugL_mean,52.2379599040044
vera4cast,chlorocast_timesfm,2026-10-30 00:00:00,2026-09-29 00:00:00,P1D,fcre,1.6,ensemble,191,Chla_ugL_mean,52.3693631525026
vera4cast,chlorocast_timesfm,2026-10-31 00:00:00,2026-09-29 00:00:00,P1D,fcre,1.6,ensemble,191,Chla_ugL_mean,53.6924234216873
vera4cast,chlorocast_timesfm,2026-11-01 00:00:00,2026-09-29 00:00:00,P1D,fcre,1.6,ensemble,191,Chla_ugL_mean,53.8091827005747
vera4cast,chlorocast_timesfm,2026-11-02 00:00:00,2026-09-29 00:00:00,P1D,fcre,1.6,ensemble,191,Chla_ugL_mean,53.5533356700365
vera4cast,chlorocast_timesfm,2026-11-03 00:00:00,2026-09-29 00:00:00,P1D,fcre,1.6,ensemble,191,Chla_ugL_mean,53.346007554552
vera4cast,chlorocast_timesfm,2026-09-30 00:00:00,2026-09-29 00:00:00,P1D,fcre,1.6,ensemble,192,Chla_ugL_mean,33.6570566054818
vera4cast,chlorocast_timesfm,2026-10-01 00:00:00,2026-09-29 00:00:00,P1D,fcre,1.6,ensemble,192,Chla_ugL_mean,35.3067215743986
vera4cast,chlorocast_timesfm,2026-10-02 00:00:00,2026-09-29 00:00:00,P1D,fcre,1.6,ensemble,192,Chla_ugL_mean,36.1096649275291
vera4cast,chlorocast_timesfm,2026-10-03 00:00:00,2026-09-29 00:00:00,P1D,fcre,1.6,ensemble,192,Chla_ugL_mean,36.530747726367
vera4cast,chlorocast_timesfm,2026-10-04 00:00:00,2026-09-29 00:00:00,P1D,fcre,1.6,ensemble,192,Chla_ugL_mean,38.302557370996
vera4cast,chlorocast_timesfm,2026-10-05 00:00:00,2026-09-29 00:00:00,P1D,fcre,1.6,ensemble,192,Chla_ugL_mean,39.1148852916131
vera4cast,chlorocast_timesfm,2026-10-06 00:00:00,2026-09-29 00:00:00,P1D,fcre,1.6,ensemble,192,Chla_ugL_mean,40.9451596131779
vera4cast,chlorocast_timesfm,2026-10-07 00:00:00,2026-09-29 00:00:00,P1D,fcre,1.6,ensemble,192,Chla_ugL_mean,40.4241175056833
vera4cast,chlorocast_timesfm,2026-10-08 00:00:00,2026-09-29 00:00:00,P1D,fcre,1.6,ensemble,192,Chla_ugL_mean,41.9342650996445
vera4cast,chlorocast_timesfm,2026-10-09 00:00:00,2026-09-29 00:00:00,P1D,fcre,1.6,ensemble,192,Chla_ugL_mean,43.5896210771295
vera4cast,chlorocast_timesfm,2026-10-10 00:00:00,2026-09-29 00:00:00,P1D,fcre,1.6,ensemble,192,Chla_ugL_mean,43.7384597510232
vera4cast,chlorocast_timesfm,2026-10-11 00:00:00,2026-09-29 00:00:00,P1D,fcre,1.6,ensemble,192,Chla_ugL_mean,44.3498655633633
vera4cast,chlorocast_timesfm,2026-10-12 00:00:00,2026-09-29 00:00:00,P1D,fcre,1.6,ensemble,192,Chla_ugL_mean,44.5366672363268
vera4cast,chlorocast_timesfm,2026-10-13 00:00:00,2026-09-29 00:00:00,P1D,fcre,1.6,ensemble,192,Chla_ugL_mean,45.1033757312706
vera4cast,chlorocast_timesfm,2026-10-14 00:00:00,2026-09-29 00:00:00,P1D,fcre,1.6,ensemble,192,Chla_ugL_mean,46.262586720028
vera4cast,chlorocast_timesfm,2026-10-15 00:00:00,2026-09-29 00:00:00,P1D,fcre,1.6,ensemble,192,Chla_ugL_mean,47.5303389128036
vera4cast,chlorocast_timesfm,2026-10-16 00:00:00,2026-09-29 00:00:00,P1D,fcre,1.6,ensemble,192,Chla_ugL_mean,50.1847313593956
vera4cast,chlorocast_timesfm,2026-10-17 00:00:00,2026-09-29 00:00:00,P1D,fcre,1.6,ensemble,192,Chla_ugL_mean,50.1033769833703
vera4cast,chlorocast_timesfm,2026-10-18 00:00:00,2026-09-29 00:00:00,P1D,fcre,1.6,ensemble,192,Chla_ugL_mean,50.7717280469254
vera4cast,chlorocast_timesfm,2026-10-19 00:00:00,2026-09-29 00:00:00,P1D,fcre,1.6,ensemble,192,Chla_ugL_mean,52.191818599635
vera4cast,chlorocast_timesfm,2026-10-20 00:00:00,2026-09-29 00:00:00,P1D,fcre,1.6,ensemble,192,Chla_ugL_mean,52.2934300173359
vera4cast,chlorocast_timesfm,2026-10-21 00:00:00,2026-09-29 00:00:00,P1D,fcre,1.6,ensemble,192,Chla_ugL_mean,52.966451109086
vera4cast,chlorocast_timesfm,2026-10-22 00:00:00,2026-09-29 00:00:00,P1D,fcre,1.6,ensemble,192,Chla_ugL_mean,52.9453909785538
vera4cast,chlorocast_timesfm,2026-10-23 00:00:00,2026-09-29 00:00:00,P1D,fcre,1.6,ensemble,192,Chla_ugL_mean,52.8752315336083
vera4cast,chlorocast_timesfm,2026-10-24 00:00:00,2026-09-29 00:00:00,P1D,fcre,1.6,ensemble,192,Chla_ugL_mean,54.3466676773302
vera4cast,chlorocast_timesfm,2026-10-25 00:00:00,2026-09-29 00:00:00,P1D,fcre,1.6,ensemble,192,Chla_ugL_mean,54.4082742623947
vera4cast,chlorocast_timesfm,2026-10-26 00:00:00,2026-09-29 00:00:00,P1D,fcre,1.6,ensemble,192,Chla_ugL_mean,54.3262289562256
vera4cast,chlorocast_timesfm,2026-10-27 00:00:00,2026-09-29 00:00:00,P1D,fcre,1.6,ensemble,192,Chla_ugL_mean,54.5782613684922
vera4cast,chlorocast_timesfm,2026-10-28 00:00:00,2026-09-29 00:00:00,P1D,fcre,1.6,ensemble,192,Chla_ugL_mean,54.8852492721511
vera4cast,chlorocast_timesfm,2026-10-29 00:00:00,2026-09-29 00:00:00,P1D,fcre,1.6,ensemble,192,Chla_ugL_mean,54.85413675099
vera4cast,chlorocast_timesfm,2026-10-30 00:00:00,2026-09-29 00:00:00,P1D,fcre,1.6,ensemble,192,Chla_ugL_mean,55.0048303130177
vera4cast,chlorocast_timesfm,2026-10-31 00:00:00,2026-09-29 00:00:00,P1D,fcre,1.6,ensemble,192,Chla_ugL_mean,56.4246374205494
vera4cast,chlorocast_timesfm,2026-11-01 00:00:00,2026-09-29 00:00:00,P1D,fcre,1.6,ensemble,192,Chla_ugL_mean,56.5419282034804
vera4cast,chlorocast_timesfm,2026-11-02 00:00:00,2026-09-29 00:00:00,P1D,fcre,1.6,ensemble,192,Chla_ugL_mean,56.2625706203074
vera4cast,chlorocast_timesfm,2026-11-03 00:00:00,2026-09-29 00:00:00,P1D,fcre,1.6,ensemble,192,Chla_ugL_mean,56.0354481747772
vera4cast,chlorocast_timesfm,2026-09-30 00:00:00,2026-09-29 00:00:00,P1D,fcre,1.6,ensemble,193,Chla_ugL_mean,35.107108891136
vera4cast,chlorocast_timesfm,2026-10-01 00:00:00,2026-09-29 00:00:00,P1D,fcre,1.6,ensemble,193,Chla_ugL_mean,36.8872999787419
vera4cast,chlorocast_timesfm,2026-10-02 00:00:00,2026-09-29 00:00:00,P1D,fcre,1.6,ensemble,193,Chla_ugL_mean,37.7438331111835
vera4cast,chlorocast_timesfm,2026-10-03 00:00:00,2026-09-29 00:00:00,P1D,fcre,1.6,ensemble,193,Chla_ugL_mean,38.1761356511416
vera4cast,chlorocast_timesfm,2026-10-04 00:00:00,2026-09-29 00:00:00,P1D,fcre,1.6,ensemble,193,Chla_ugL_mean,40.0886428257056
vera4cast,chlorocast_timesfm,2026-10-05 00:00:00,2026-09-29 00:00:00,P1D,fcre,1.6,ensemble,193,Chla_ugL_mean,40.9736063437039
vera4cast,chlorocast_timesfm,2026-10-06 00:00:00,2026-09-29 00:00:00,P1D,fcre,1.6,ensemble,193,Chla_ugL_mean,42.9463483779704
vera4cast,chlorocast_timesfm,2026-10-07 00:00:00,2026-09-29 00:00:00,P1D,fcre,1.6,ensemble,193,Chla_ugL_mean,42.3844489727601
vera4cast,chlorocast_timesfm,2026-10-08 00:00:00,2026-09-29 00:00:00,P1D,fcre,1.6,ensemble,193,Chla_ugL_mean,44.0205108550298
vera4cast,chlorocast_timesfm,2026-10-09 00:00:00,2026-09-29 00:00:00,P1D,fcre,1.6,ensemble,193,Chla_ugL_mean,45.80004603715
vera4cast,chlorocast_timesfm,2026-10-10 00:00:00,2026-09-29 00:00:00,P1D,fcre,1.6,ensemble,193,Chla_ugL_mean,45.9781774767872
vera4cast,chlorocast_timesfm,2026-10-11 00:00:00,2026-09-29 00:00:00,P1D,fcre,1.6,ensemble,193,Chla_ugL_mean,46.6373626405779
vera4cast,chlorocast_timesfm,2026-10-12 00:00:00,2026-09-29 00:00:00,P1D,fcre,1.6,ensemble,193,Chla_ugL_mean,46.8364066510231
vera4cast,chlorocast_timesfm,2026-10-13 00:00:00,2026-09-29 00:00:00,P1D,fcre,1.6,ensemble,193,Chla_ugL_mean,47.4181805106005
vera4cast,chlorocast_timesfm,2026-10-14 00:00:00,2026-09-29 00:00:00,P1D,fcre,1.6,ensemble,193,Chla_ugL_mean,48.644999626726
vera4cast,chlorocast_timesfm,2026-10-15 00:00:00,2026-09-29 00:00:00,P1D,fcre,1.6,ensemble,193,Chla_ugL_mean,50.008610938328
vera4cast,chlorocast_timesfm,2026-10-16 00:00:00,2026-09-29 00:00:00,P1D,fcre,1.6,ensemble,193,Chla_ugL_mean,52.8841016752762
vera4cast,chlorocast_timesfm,2026-10-17 00:00:00,2026-09-29 00:00:00,P1D,fcre,1.6,ensemble,193,Chla_ugL_mean,52.7853970187136
vera4cast,chlorocast_timesfm,2026-10-18 00:00:00,2026-09-29 00:00:00,P1D,fcre,1.6,ensemble,193,Chla_ugL_mean,53.5002029418008
vera4cast,chlorocast_timesfm,2026-10-19 00:00:00,2026-09-29 00:00:00,P1D,fcre,1.6,ensemble,193,Chla_ugL_mean,55.0394864049684
vera4cast,chlorocast_timesfm,2026-10-20 00:00:00,2026-09-29 00:00:00,P1D,fcre,1.6,ensemble,193,Chla_ugL_mean,55.1399942885435
vera4cast,chlorocast_timesfm,2026-10-21 00:00:00,2026-09-29 00:00:00,P1D,fcre,1.6,ensemble,193,Chla_ugL_mean,55.8629949590638
vera4cast,chlorocast_timesfm,2026-10-22 00:00:00,2026-09-29 00:00:00,P1D,fcre,1.6,ensemble,193,Chla_ugL_mean,55.8561640081912
vera4cast,chlorocast_timesfm,2026-10-23 00:00:00,2026-09-29 00:00:00,P1D,fcre,1.6,ensemble,193,Chla_ugL_mean,55.7870516620507
vera4cast,chlorocast_timesfm,2026-10-24 00:00:00,2026-09-29 00:00:00,P1D,fcre,1.6,ensemble,193,Chla_ugL_mean,57.402396560712
vera4cast,chlorocast_timesfm,2026-10-25 00:00:00,2026-09-29 00:00:00,P1D,fcre,1.6,ensemble,193,Chla_ugL_mean,57.4564780069535
vera4cast,chlorocast_timesfm,2026-10-26 00:00:00,2026-09-29 00:00:00,P1D,fcre,1.6,ensemble,193,Chla_ugL_mean,57.3546695047351
vera4cast,chlorocast_timesfm,2026-10-27 00:00:00,2026-09-29 00:00:00,P1D,fcre,1.6,ensemble,193,Chla_ugL_mean,57.6228818486597
vera4cast,chlorocast_timesfm,2026-10-28 00:00:00,2026-09-29 00:00:00,P1D,fcre,1.6,ensemble,193,Chla_ugL_mean,57.9551712130745
vera4cast,chlorocast_timesfm,2026-10-29 00:00:00,2026-09-29 00:00:00,P1D,fcre,1.6,ensemble,193,Chla_ugL_mean,57.9245754662345
vera4cast,chlorocast_timesfm,2026-10-30 00:00:00,2026-09-29 00:00:00,P1D,fcre,1.6,ensemble,193,Chla_ugL_mean,58.0986593973286
vera4cast,chlorocast_timesfm,2026-10-31 00:00:00,2026-09-29 00:00:00,P1D,fcre,1.6,ensemble,193,Chla_ugL_mean,59.6338982300796
vera4cast,chlorocast_timesfm,2026-11-01 00:00:00,2026-09-29 00:00:00,P1D,fcre,1.6,ensemble,193,Chla_ugL_mean,59.7515002444088
vera4cast,chlorocast_timesfm,2026-11-02 00:00:00,2026-09-29 00:00:00,P1D,fcre,1.6,ensemble,193,Chla_ugL_mean,59.4438972599453
vera4cast,chlorocast_timesfm,2026-11-03 00:00:00,2026-09-29 00:00:00,P1D,fcre,1.6,ensemble,193,Chla_ugL_mean,59.1929745548407
vera4cast,chlorocast_timesfm,2026-09-30 00:00:00,2026-09-29 00:00:00,P1D,fcre,1.6,ensemble,194,Chla_ugL_mean,36.8283352747854
vera4cast,chlorocast_timesfm,2026-10-01 00:00:00,2026-09-29 00:00:00,P1D,fcre,1.6,ensemble,194,Chla_ugL_mean,38.7667236929736
vera4cast,chlorocast_timesfm,2026-10-02 00:00:00,2026-09-29 00:00:00,P1D,fcre,1.6,ensemble,194,Chla_ugL_mean,39.6879786760858
vera4cast,chlorocast_timesfm,2026-10-03 00:00:00,2026-09-29 00:00:00,P1D,fcre,1.6,ensemble,194,Chla_ugL_mean,40.1332380498657
vera4cast,chlorocast_timesfm,2026-10-04 00:00:00,2026-09-29 00:00:00,P1D,fcre,1.6,ensemble,194,Chla_ugL_mean,42.2165866946881
vera4cast,chlorocast_timesfm,2026-10-05 00:00:00,2026-09-29 00:00:00,P1D,fcre,1.6,ensemble,194,Chla_ugL_mean,43.1901049733032
vera4cast,chlorocast_timesfm,2026-10-06 00:00:00,2026-09-29 00:00:00,P1D,fcre,1.6,ensemble,194,Chla_ugL_mean,45.3360901094508
vera4cast,chlorocast_timesfm,2026-10-07 00:00:00,2026-09-29 00:00:00,P1D,fcre,1.6,ensemble,194,Chla_ugL_mean,44.7244778723039
vera4cast,chlorocast_timesfm,2026-10-08 00:00:00,2026-09-29 00:00:00,P1D,fcre,1.6,ensemble,194,Chla_ugL_mean,46.5140667780051
vera4cast,chlorocast_timesfm,2026-10-09 00:00:00,2026-09-29 00:00:00,P1D,fcre,1.6,ensemble,194,Chla_ugL_mean,48.4446683148325
vera4cast,chlorocast_timesfm,2026-10-10 00:00:00,2026-09-29 00:00:00,P1D,fcre,1.6,ensemble,194,Chla_ugL_mean,48.6591837686152
vera4cast,chlorocast_timesfm,2026-10-11 00:00:00,2026-09-29 00:00:00,P1D,fcre,1.6,ensemble,194,Chla_ugL_mean,49.3766179193925
vera4cast,chlorocast_timesfm,2026-10-12 00:00:00,2026-09-29 00:00:00,P1D,fcre,1.6,ensemble,194,Chla_ugL_mean,49.5904956010264
vera4cast,chlorocast_timesfm,2026-10-13 00:00:00,2026-09-29 00:00:00,P1D,fcre,1.6,ensemble,194,Chla_ugL_mean,50.1894816271032
vera4cast,chlorocast_timesfm,2026-10-14 00:00:00,2026-09-29 00:00:00,P1D,fcre,1.6,ensemble,194,Chla_ugL_mean,51.497819583928
vera4cast,chlorocast_timesfm,2026-10-15 00:00:00,2026-09-29 00:00:00,P1D,fcre,1.6,ensemble,194,Chla_ugL_mean,52.9782065005923
vera4cast,chlorocast_timesfm,2026-10-16 00:00:00,2026-09-29 00:00:00,P1D,fcre,1.6,ensemble,194,Chla_ugL_mean,56.1241289257099
vera4cast,chlorocast_timesfm,2026-10-17 00:00:00,2026-09-29 00:00:00,P1D,fcre,1.6,ensemble,194,Chla_ugL_mean,56.0037632642025
vera4cast,chlorocast_timesfm,2026-10-18 00:00:00,2026-09-29 00:00:00,P1D,fcre,1.6,ensemble,194,Chla_ugL_mean,56.7750451082229
vera4cast,chlorocast_timesfm,2026-10-19 00:00:00,2026-09-29 00:00:00,P1D,fcre,1.6,ensemble,194,Chla_ugL_mean,58.4602843571131
vera4cast,chlorocast_timesfm,2026-10-20 00:00:00,2026-09-29 00:00:00,P1D,fcre,1.6,ensemble,194,Chla_ugL_mean,58.5590404682383
vera4cast,chlorocast_timesfm,2026-10-21 00:00:00,2026-09-29 00:00:00,P1D,fcre,1.6,ensemble,194,Chla_ugL_mean,59.3429905280965
vera4cast,chlorocast_timesfm,2026-10-22 00:00:00,2026-09-29 00:00:00,P1D,fcre,1.6,ensemble,194,Chla_ugL_mean,59.3542654659783
vera4cast,chlorocast_timesfm,2026-10-23 00:00:00,2026-09-29 00:00:00,P1D,fcre,1.6,ensemble,194,Chla_ugL_mean,59.2867299850451
vera4cast,chlorocast_timesfm,2026-10-24 00:00:00,2026-09-29 00:00:00,P1D,fcre,1.6,ensemble,194,Chla_ugL_mean,61.0793713079651
vera4cast,chlorocast_timesfm,2026-10-25 00:00:00,2026-09-29 00:00:00,P1D,fcre,1.6,ensemble,194,Chla_ugL_mean,61.1236647012596
vera4cast,chlorocast_timesfm,2026-10-26 00:00:00,2026-09-29 00:00:00,P1D,fcre,1.6,ensemble,194,Chla_ugL_mean,60.997061905971
vera4cast,chlorocast_timesfm,2026-10-27 00:00:00,2026-09-29 00:00:00,P1D,fcre,1.6,ensemble,194,Chla_ugL_mean,61.284893583826
vera4cast,chlorocast_timesfm,2026-10-28 00:00:00,2026-09-29 00:00:00,P1D,fcre,1.6,ensemble,194,Chla_ugL_mean,61.648183401008
vera4cast,chlorocast_timesfm,2026-10-29 00:00:00,2026-09-29 00:00:00,P1D,fcre,1.6,ensemble,194,Chla_ugL_mean,61.6183585270067
vera4cast,chlorocast_timesfm,2026-10-30 00:00:00,2026-09-29 00:00:00,P1D,fcre,1.6,ensemble,194,Chla_ugL_mean,61.8215990547563
vera4cast,chlorocast_timesfm,2026-10-31 00:00:00,2026-09-29 00:00:00,P1D,fcre,1.6,ensemble,194,Chla_ugL_mean,63.4982634881386
vera4cast,chlorocast_timesfm,2026-11-01 00:00:00,2026-09-29 00:00:00,P1D,fcre,1.6,ensemble,194,Chla_ugL_mean,63.6158155510281
vera4cast,chlorocast_timesfm,2026-11-02 00:00:00,2026-09-29 00:00:00,P1D,fcre,1.6,ensemble,194,Chla_ugL_mean,63.273347218354
vera4cast,chlorocast_timesfm,2026-11-03 00:00:00,2026-09-29 00:00:00,P1D,fcre,1.6,ensemble,194,Chla_ugL_mean,62.9930205722317
vera4cast,chlorocast_timesfm,2026-09-30 00:00:00,2026-09-29 00:00:00,P1D,fcre,1.6,ensemble,195,Chla_ugL_mean,38.9375402155359
vera4cast,chlorocast_timesfm,2026-10-01 00:00:00,2026-09-29 00:00:00,P1D,fcre,1.6,ensemble,195,Chla_ugL_mean,41.0743976493708
vera4cast,chlorocast_timesfm,2026-10-02 00:00:00,2026-09-29 00:00:00,P1D,fcre,1.6,ensemble,195,Chla_ugL_mean,42.0765369572283
vera4cast,chlorocast_timesfm,2026-10-03 00:00:00,2026-09-29 00:00:00,P1D,fcre,1.6,ensemble,195,Chla_ugL_mean,42.5371615251003
vera4cast,chlorocast_timesfm,2026-10-04 00:00:00,2026-09-29 00:00:00,P1D,fcre,1.6,ensemble,195,Chla_ugL_mean,44.8353018908946
vera4cast,chlorocast_timesfm,2026-10-05 00:00:00,2026-09-29 00:00:00,P1D,fcre,1.6,ensemble,195,Chla_ugL_mean,45.9206602359476
vera4cast,chlorocast_timesfm,2026-10-06 00:00:00,2026-09-29 00:00:00,P1D,fcre,1.6,ensemble,195,Chla_ugL_mean,48.2848323316013
vera4cast,chlorocast_timesfm,2026-10-07 00:00:00,2026-09-29 00:00:00,P1D,fcre,1.6,ensemble,195,Chla_ugL_mean,47.61056763706
vera4cast,chlorocast_timesfm,2026-10-08 00:00:00,2026-09-29 00:00:00,P1D,fcre,1.6,ensemble,195,Chla_ugL_mean,49.5940977813455
vera4cast,chlorocast_timesfm,2026-10-09 00:00:00,2026-09-29 00:00:00,P1D,fcre,1.6,ensemble,195,Chla_ugL_mean,51.7150607751538
vera4cast,chlorocast_timesfm,2026-10-10 00:00:00,2026-09-29 00:00:00,P1D,fcre,1.6,ensemble,195,Chla_ugL_mean,51.9764754974076
vera4cast,chlorocast_timesfm,2026-10-11 00:00:00,2026-09-29 00:00:00,P1D,fcre,1.6,ensemble,195,Chla_ugL_mean,52.767488441986
vera4cast,chlorocast_timesfm,2026-10-12 00:00:00,2026-09-29 00:00:00,P1D,fcre,1.6,ensemble,195,Chla_ugL_mean,52.9999760102765
vera4cast,chlorocast_timesfm,2026-10-13 00:00:00,2026-09-29 00:00:00,P1D,fcre,1.6,ensemble,195,Chla_ugL_mean,53.6190874031947
vera4cast,chlorocast_timesfm,2026-10-14 00:00:00,2026-09-29 00:00:00,P1D,fcre,1.6,ensemble,195,Chla_ugL_mean,55.0291325650287
vera4cast,chlorocast_timesfm,2026-10-15 00:00:00,2026-09-29 00:00:00,P1D,fcre,1.6,ensemble,195,Chla_ugL_mean,56.6569067158031
vera4cast,chlorocast_timesfm,2026-10-16 00:00:00,2026-09-29 00:00:00,P1D,fcre,1.6,ensemble,195,Chla_ugL_mean,60.1457006261168
vera4cast,chlorocast_timesfm,2026-10-17 00:00:00,2026-09-29 00:00:00,P1D,fcre,1.6,ensemble,195,Chla_ugL_mean,59.9972544005502
vera4cast,chlorocast_timesfm,2026-10-18 00:00:00,2026-09-29 00:00:00,P1D,fcre,1.6,ensemble,195,Chla_ugL_mean,60.839659431591
vera4cast,chlorocast_timesfm,2026-10-19 00:00:00,2026-09-29 00:00:00,P1D,fcre,1.6,ensemble,195,Chla_ugL_mean,62.710196900561
vera4cast,chlorocast_timesfm,2026-10-20 00:00:00,2026-09-29 00:00:00,P1D,fcre,1.6,ensemble,195,Chla_ugL_mean,62.8061668033339
vera4cast,chlorocast_timesfm,2026-10-21 00:00:00,2026-09-29 00:00:00,P1D,fcre,1.6,ensemble,195,Chla_ugL_mean,63.6671424500744
vera4cast,chlorocast_timesfm,2026-10-22 00:00:00,2026-09-29 00:00:00,P1D,fcre,1.6,ensemble,195,Chla_ugL_mean,63.7023623424832
vera4cast,chlorocast_timesfm,2026-10-23 00:00:00,2026-09-29 00:00:00,P1D,fcre,1.6,ensemble,195,Chla_ugL_mean,63.6372430064573
vera4cast,chlorocast_timesfm,2026-10-24 00:00:00,2026-09-29 00:00:00,P1D,fcre,1.6,ensemble,195,Chla_ugL_mean,65.6565001743591
vera4cast,chlorocast_timesfm,2026-10-25 00:00:00,2026-09-29 00:00:00,P1D,fcre,1.6,ensemble,195,Chla_ugL_mean,65.6875583094836
vera4cast,chlorocast_timesfm,2026-10-26 00:00:00,2026-09-29 00:00:00,P1D,fcre,1.6,ensemble,195,Chla_ugL_mean,65.5286394758057
vera4cast,chlorocast_timesfm,2026-10-27 00:00:00,2026-09-29 00:00:00,P1D,fcre,1.6,ensemble,195,Chla_ugL_mean,65.8411082736599
vera4cast,chlorocast_timesfm,2026-10-28 00:00:00,2026-09-29 00:00:00,P1D,fcre,1.6,ensemble,195,Chla_ugL_mean,66.2437831333752
vera4cast,chlorocast_timesfm,2026-10-29 00:00:00,2026-09-29 00:00:00,P1D,fcre,1.6,ensemble,195,Chla_ugL_mean,66.2151314634824
vera4cast,chlorocast_timesfm,2026-10-30 00:00:00,2026-09-29 00:00:00,P1D,fcre,1.6,ensemble,195,Chla_ugL_mean,66.4561157144817
vera4cast,chlorocast_timesfm,2026-10-31 00:00:00,2026-09-29 00:00:00,P1D,fcre,1.6,ensemble,195,Chla_ugL_mean,68.312453314614
vera4cast,chlorocast_timesfm,2026-11-01 00:00:00,2026-09-29 00:00:00,P1D,fcre,1.6,ensemble,195,Chla_ugL_mean,68.4293336423172
vera4cast,chlorocast_timesfm,2026-11-02 00:00:00,2026-09-29 00:00:00,P1D,fcre,1.6,ensemble,195,Chla_ugL_mean,68.0422049280525
vera4cast,chlorocast_timesfm,2026-11-03 00:00:00,2026-09-29 00:00:00,P1D,fcre,1.6,ensemble,195,Chla_ugL_mean,67.7241783631018
vera4cast,chlorocast_timesfm,2026-09-30 00:00:00,2026-09-29 00:00:00,P1D,fcre,1.6,ensemble,196,Chla_ugL_mean,41.6450197350834
vera4cast,chlorocast_timesfm,2026-10-01 00:00:00,2026-09-29 00:00:00,P1D,fcre,1.6,ensemble,196,Chla_ugL_mean,44.0436999422549
vera4cast,chlorocast_timesfm,2026-10-02 00:00:00,2026-09-29 00:00:00,P1D,fcre,1.6,ensemble,196,Chla_ugL_mean,45.1520804434999
vera4cast,chlorocast_timesfm,2026-10-03 00:00:00,2026-09-29 00:00:00,P1D,fcre,1.6,ensemble,196,Chla_ugL_mean,45.6316420499021
vera4cast,chlorocast_timesfm,2026-10-04 00:00:00,2026-09-29 00:00:00,P1D,fcre,1.6,ensemble,196,Chla_ugL_mean,48.2138642770921
vera4cast,chlorocast_timesfm,2026-10-05 00:00:00,2026-09-29 00:00:00,P1D,fcre,1.6,ensemble,196,Chla_ugL_mean,49.4479110093792
vera4cast,chlorocast_timesfm,2026-10-06 00:00:00,2026-09-29 00:00:00,P1D,fcre,1.6,ensemble,196,Chla_ugL_mean,52.1012650005869
vera4cast,chlorocast_timesfm,2026-10-07 00:00:00,2026-09-29 00:00:00,P1D,fcre,1.6,ensemble,196,Chla_ugL_mean,51.3438946093994
vera4cast,chlorocast_timesfm,2026-10-08 00:00:00,2026-09-29 00:00:00,P1D,fcre,1.6,ensemble,196,Chla_ugL_mean,53.5853698037523
vera4cast,chlorocast_timesfm,2026-10-09 00:00:00,2026-09-29 00:00:00,P1D,fcre,1.6,ensemble,196,Chla_ugL_mean,55.9588242556347
vera4cast,chlorocast_timesfm,2026-10-10 00:00:00,2026-09-29 00:00:00,P1D,fcre,1.6,ensemble,196,Chla_ugL_mean,56.2840409858132
vera4cast,chlorocast_timesfm,2026-10-11 00:00:00,2026-09-29 00:00:00,P1D,fcre,1.6,ensemble,196,Chla_ugL_mean,57.1729240261547
vera4cast,chlorocast_timesfm,2026-10-12 00:00:00,2026-09-29 00:00:00,P1D,fcre,1.6,ensemble,196,Chla_ugL_mean,57.4299723028157
vera4cast,chlorocast_timesfm,2026-10-13 00:00:00,2026-09-29 00:00:00,P1D,fcre,1.6,ensemble,196,Chla_ugL_mean,58.073405497252
vera4cast,chlorocast_timesfm,2026-10-14 00:00:00,2026-09-29 00:00:00,P1D,fcre,1.6,ensemble,196,Chla_ugL_mean,59.616819903087
vera4cast,chlorocast_timesfm,2026-10-15 00:00:00,2026-09-29 00:00:00,P1D,fcre,1.6,ensemble,196,Chla_ugL_mean,61.4404619568953
vera4cast,chlorocast_timesfm,2026-10-16 00:00:00,2026-09-29 00:00:00,P1D,fcre,1.6,ensemble,196,Chla_ugL_mean,65.3872952228554
vera4cast,chlorocast_timesfm,2026-10-17 00:00:00,2026-09-29 00:00:00,P1D,fcre,1.6,ensemble,196,Chla_ugL_mean,65.200398059905
vera4cast,chlorocast_timesfm,2026-10-18 00:00:00,2026-09-29 00:00:00,P1D,fcre,1.6,ensemble,196,Chla_ugL_mean,66.1370906186444
vera4cast,chlorocast_timesfm,2026-10-19 00:00:00,2026-09-29 00:00:00,P1D,fcre,1.6,ensemble,196,Chla_ugL_mean,68.2555587287131
vera4cast,chlorocast_timesfm,2026-10-20 00:00:00,2026-09-29 00:00:00,P1D,fcre,1.6,ensemble,196,Chla_ugL_mean,68.346946663272
vera4cast,chlorocast_timesfm,2026-10-21 00:00:00,2026-09-29 00:00:00,P1D,fcre,1.6,ensemble,196,Chla_ugL_mean,69.3104502083172
vera4cast,chlorocast_timesfm,2026-10-22 00:00:00,2026-09-29 00:00:00,P1D,fcre,1.6,ensemble,196,Chla_ugL_mean,69.3791672654274
vera4cast,chlorocast_timesfm,2026-10-23 00:00:00,2026-09-29 00:00:00,P1D,fcre,1.6,ensemble,196,Chla_ugL_mean,69.3179109113648
vera4cast,chlorocast_timesfm,2026-10-24 00:00:00,2026-09-29 00:00:00,P1D,fcre,1.6,ensemble,196,Chla_ugL_mean,71.642740145936
vera4cast,chlorocast_timesfm,2026-10-25 00:00:00,2026-09-29 00:00:00,P1D,fcre,1.6,ensemble,196,Chla_ugL_mean,71.6548536035178
vera4cast,chlorocast_timesfm,2026-10-26 00:00:00,2026-09-29 00:00:00,P1D,fcre,1.6,ensemble,196,Chla_ugL_mean,71.4514129255451
vera4cast,chlorocast_timesfm,2026-10-27 00:00:00,2026-09-29 00:00:00,P1D,fcre,1.6,ensemble,196,Chla_ugL_mean,71.7964374240655
vera4cast,chlorocast_timesfm,2026-10-28 00:00:00,2026-09-29 00:00:00,P1D,fcre,1.6,ensemble,196,Chla_ugL_mean,72.2518588109503
vera4cast,chlorocast_timesfm,2026-10-29 00:00:00,2026-09-29 00:00:00,P1D,fcre,1.6,ensemble,196,Chla_ugL_mean,72.2250736647751
vera4cast,chlorocast_timesfm,2026-10-30 00:00:00,2026-09-29 00:00:00,P1D,fcre,1.6,ensemble,196,Chla_ugL_mean,72.5176757977763
vera4cast,chlorocast_timesfm,2026-10-31 00:00:00,2026-09-29 00:00:00,P1D,fcre,1.6,ensemble,196,Chla_ugL_mean,74.614646385855
vera4cast,chlorocast_timesfm,2026-11-01 00:00:00,2026-09-29 00:00:00,P1D,fcre,1.6,ensemble,196,Chla_ugL_mean,74.7296982709687
vera4cast,chlorocast_timesfm,2026-11-02 00:00:00,2026-09-29 00:00:00,P1D,fcre,1.6,ensemble,196,Chla_ugL_mean,74.2821978411944
vera4cast,chlorocast_timesfm,2026-11-03 00:00:00,2026-09-29 00:00:00,P1D,fcre,1.6,ensemble,196,Chla_ugL_mean,73.913156203593
vera4cast,chlorocast_timesfm,2026-09-30 00:00:00,2026-09-29 00:00:00,P1D,fcre,1.6,ensemble,197,Chla_ugL_mean,45.388776657513
vera4cast,chlorocast_timesfm,2026-10-01 00:00:00,2026-09-29 00:00:00,P1D,fcre,1.6,ensemble,197,Chla_ugL_mean,48.1617324662914
vera4cast,chlorocast_timesfm,2026-10-02 00:00:00,2026-09-29 00:00:00,P1D,fcre,1.6,ensemble,197,Chla_ugL_mean,49.4212175397796
vera4cast,chlorocast_timesfm,2026-10-03 00:00:00,2026-09-29 00:00:00,P1D,fcre,1.6,ensemble,197,Chla_ugL_mean,49.9255944643752
vera4cast,chlorocast_timesfm,2026-10-04 00:00:00,2026-09-29 00:00:00,P1D,fcre,1.6,ensemble,197,Chla_ugL_mean,52.9152195375078
vera4cast,chlorocast_timesfm,2026-10-05 00:00:00,2026-09-29 00:00:00,P1D,fcre,1.6,ensemble,197,Chla_ugL_mean,54.36383471236
vera4cast,chlorocast_timesfm,2026-10-06 00:00:00,2026-09-29 00:00:00,P1D,fcre,1.6,ensemble,197,Chla_ugL_mean,57.4330370618214
vera4cast,chlorocast_timesfm,2026-10-07 00:00:00,2026-09-29 00:00:00,P1D,fcre,1.6,ensemble,197,Chla_ugL_mean,56.5560396317544
vera4cast,chlorocast_timesfm,2026-10-08 00:00:00,2026-09-29 00:00:00,P1D,fcre,1.6,ensemble,197,Chla_ugL_mean,59.1700099105274
vera4cast,chlorocast_timesfm,2026-10-09 00:00:00,2026-09-29 00:00:00,P1D,fcre,1.6,ensemble,197,Chla_ugL_mean,61.9069416522068
vera4cast,chlorocast_timesfm,2026-10-10 00:00:00,2026-09-29 00:00:00,P1D,fcre,1.6,ensemble,197,Chla_ugL_mean,62.3267509387385
vera4cast,chlorocast_timesfm,2026-10-11 00:00:00,2026-09-29 00:00:00,P1D,fcre,1.6,ensemble,197,Chla_ugL_mean,63.3570135293049
vera4cast,chlorocast_timesfm,2026-10-12 00:00:00,2026-09-29 00:00:00,P1D,fcre,1.6,ensemble,197,Chla_ugL_mean,63.6492108043118
vera4cast,chlorocast_timesfm,2026-10-13 00:00:00,2026-09-29 00:00:00,P1D,fcre,1.6,ensemble,197,Chla_ugL_mean,64.3235807571434
vera4cast,chlorocast_timesfm,2026-10-14 00:00:00,2026-09-29 00:00:00,P1D,fcre,1.6,ensemble,197,Chla_ugL_mean,66.0563716929425
vera4cast,chlorocast_timesfm,2026-10-15 00:00:00,2026-09-29 00:00:00,P1D,fcre,1.6,ensemble,197,Chla_ugL_mean,68.1626644409817
vera4cast,chlorocast_timesfm,2026-10-16 00:00:00,2026-09-29 00:00:00,P1D,fcre,1.6,ensemble,197,Chla_ugL_mean,72.7746590558584
vera4cast,chlorocast_timesfm,2026-10-17 00:00:00,2026-09-29 00:00:00,P1D,fcre,1.6,ensemble,197,Chla_ugL_mean,72.5303062354588
vera4cast,chlorocast_timesfm,2026-10-18 00:00:00,2026-09-29 00:00:00,P1D,fcre,1.6,ensemble,197,Chla_ugL_mean,73.6026837678903
vera4cast,chlorocast_timesfm,2026-10-19 00:00:00,2026-09-29 00:00:00,P1D,fcre,1.6,ensemble,197,Chla_ugL_mean,76.0819114692874
vera4cast,chlorocast_timesfm,2026-10-20 00:00:00,2026-09-29 00:00:00,P1D,fcre,1.6,ensemble,197,Chla_ugL_mean,76.1651615880497
vera4cast,chlorocast_timesfm,2026-10-21 00:00:00,2026-09-29 00:00:00,P1D,fcre,1.6,ensemble,197,Chla_ugL_mean,77.2769397689207
vera4cast,chlorocast_timesfm,2026-10-22 00:00:00,2026-09-29 00:00:00,P1D,fcre,1.6,ensemble,197,Chla_ugL_mean,77.3969153876726
vera4cast,chlorocast_timesfm,2026-10-23 00:00:00,2026-09-29 00:00:00,P1D,fcre,1.6,ensemble,197,Chla_ugL_mean,77.3423673068692
vera4cast,chlorocast_timesfm,2026-10-24 00:00:00,2026-09-29 00:00:00,P1D,fcre,1.6,ensemble,197,Chla_ugL_mean,80.1159671451166
vera4cast,chlorocast_timesfm,2026-10-25 00:00:00,2026-09-29 00:00:00,P1D,fcre,1.6,ensemble,197,Chla_ugL_mean,80.0983706203155
vera4cast,chlorocast_timesfm,2026-10-26 00:00:00,2026-09-29 00:00:00,P1D,fcre,1.6,ensemble,197,Chla_ugL_mean,79.8279180432506
vera4cast,chlorocast_timesfm,2026-10-27 00:00:00,2026-09-29 00:00:00,P1D,fcre,1.6,ensemble,197,Chla_ugL_mean,80.21961392374
vera4cast,chlorocast_timesfm,2026-10-28 00:00:00,2026-09-29 00:00:00,P1D,fcre,1.6,ensemble,197,Chla_ugL_mean,80.7518829453061
vera4cast,chlorocast_timesfm,2026-10-29 00:00:00,2026-09-29 00:00:00,P1D,fcre,1.6,ensemble,197,Chla_ugL_mean,80.7283275801867
vera4cast,chlorocast_timesfm,2026-10-30 00:00:00,2026-09-29 00:00:00,P1D,fcre,1.6,ensemble,197,Chla_ugL_mean,81.0979840194231
vera4cast,chlorocast_timesfm,2026-10-31 00:00:00,2026-09-29 00:00:00,P1D,fcre,1.6,ensemble,197,Chla_ugL_mean,83.5455697720878
vera4cast,chlorocast_timesfm,2026-11-01 00:00:00,2026-09-29 00:00:00,P1D,fcre,1.6,ensemble,197,Chla_ugL_mean,83.6563477962145
vera4cast,chlorocast_timesfm,2026-11-02 00:00:00,2026-09-29 00:00:00,P1D,fcre,1.6,ensemble,197,Chla_ugL_mean,83.1199136937113
vera4cast,chlorocast_timesfm,2026-11-03 00:00:00,2026-09-29 00:00:00,P1D,fcre,1.6,ensemble,197,Chla_ugL_mean,82.675633569841
vera4cast,chlorocast_timesfm,2026-09-30 00:00:00,2026-09-29 00:00:00,P1D,fcre,1.6,ensemble,198,Chla_ugL_mean,51.3439723657769
vera4cast,chlorocast_timesfm,2026-10-01 00:00:00,2026-09-29 00:00:00,P1D,fcre,1.6,ensemble,198,Chla_ugL_mean,54.7391129448074
vera4cast,chlorocast_timesfm,2026-10-02 00:00:00,2026-09-29 00:00:00,P1D,fcre,1.6,ensemble,198,Chla_ugL_mean,56.2482019784089
vera4cast,chlorocast_timesfm,2026-10-03 00:00:00,2026-09-29 00:00:00,P1D,fcre,1.6,ensemble,198,Chla_ugL_mean,56.7890341055008
vera4cast,chlorocast_timesfm,2026-10-04 00:00:00,2026-09-29 00:00:00,P1D,fcre,1.6,ensemble,198,Chla_ugL_mean,60.4589279074617
vera4cast,chlorocast_timesfm,2026-10-05 00:00:00,2026-09-29 00:00:00,P1D,fcre,1.6,ensemble,198,Chla_ugL_mean,62.2687536081394
vera4cast,chlorocast_timesfm,2026-10-06 00:00:00,2026-09-29 00:00:00,P1D,fcre,1.6,ensemble,198,Chla_ugL_mean,66.0350290241388
vera4cast,chlorocast_timesfm,2026-10-07 00:00:00,2026-09-29 00:00:00,P1D,fcre,1.6,ensemble,198,Chla_ugL_mean,64.9572315892975
vera4cast,chlorocast_timesfm,2026-10-08 00:00:00,2026-09-29 00:00:00,P1D,fcre,1.6,ensemble,198,Chla_ugL_mean,68.1990707726844
vera4cast,chlorocast_timesfm,2026-10-09 00:00:00,2026-09-29 00:00:00,P1D,fcre,1.6,ensemble,198,Chla_ugL_mean,71.5463275875338
vera4cast,chlorocast_timesfm,2026-10-10 00:00:00,2026-09-29 00:00:00,P1D,fcre,1.6,ensemble,198,Chla_ugL_mean,72.1309429280996
vera4cast,chlorocast_timesfm,2026-10-11 00:00:00,2026-09-29 00:00:00,P1D,fcre,1.6,ensemble,198,Chla_ugL_mean,73.3997039563156
vera4cast,chlorocast_timesfm,2026-10-12 00:00:00,2026-09-29 00:00:00,P1D,fcre,1.6,ensemble,198,Chla_ugL_mean,73.7504810165449
vera4cast,chlorocast_timesfm,2026-10-13 00:00:00,2026-09-29 00:00:00,P1D,fcre,1.6,ensemble,198,Chla_ugL_mean,74.4679454397639
vera4cast,chlorocast_timesfm,2026-10-14 00:00:00,2026-09-29 00:00:00,P1D,fcre,1.6,ensemble,198,Chla_ugL_mean,76.5130921690469
vera4cast,chlorocast_timesfm,2026-10-15 00:00:00,2026-09-29 00:00:00,P1D,fcre,1.6,ensemble,198,Chla_ugL_mean,79.0955997794923
vera4cast,chlorocast_timesfm,2026-10-16 00:00:00,2026-09-29 00:00:00,P1D,fcre,1.6,ensemble,198,Chla_ugL_mean,84.8375848035317
vera4cast,chlorocast_timesfm,2026-10-17 00:00:00,2026-09-29 00:00:00,P1D,fcre,1.6,ensemble,198,Chla_ugL_mean,84.4920944420975
vera4cast,chlorocast_timesfm,2026-10-18 00:00:00,2026-09-29 00:00:00,P1D,fcre,1.6,ensemble,198,Chla_ugL_mean,85.7923076060095
vera4cast,chlorocast_timesfm,2026-10-19 00:00:00,2026-09-29 00:00:00,P1D,fcre,1.6,ensemble,198,Chla_ugL_mean,88.8860859342714
vera4cast,chlorocast_timesfm,2026-10-20 00:00:00,2026-09-29 00:00:00,P1D,fcre,1.6,ensemble,198,Chla_ugL_mean,88.9522673797322
vera4cast,chlorocast_timesfm,2026-10-21 00:00:00,2026-09-29 00:00:00,P1D,fcre,1.6,ensemble,198,Chla_ugL_mean,90.3146598598095
vera4cast,chlorocast_timesfm,2026-10-22 00:00:00,2026-09-29 00:00:00,P1D,fcre,1.6,ensemble,198,Chla_ugL_mean,90.5274583472003
vera4cast,chlorocast_timesfm,2026-10-23 00:00:00,2026-09-29 00:00:00,P1D,fcre,1.6,ensemble,198,Chla_ugL_mean,90.486714356407
vera4cast,chlorocast_timesfm,2026-10-24 00:00:00,2026-09-29 00:00:00,P1D,fcre,1.6,ensemble,198,Chla_ugL_mean,94.0340422333984
vera4cast,chlorocast_timesfm,2026-10-25 00:00:00,2026-09-29 00:00:00,P1D,fcre,1.6,ensemble,198,Chla_ugL_mean,93.961114160376
vera4cast,chlorocast_timesfm,2026-10-26 00:00:00,2026-09-29 00:00:00,P1D,fcre,1.6,ensemble,198,Chla_ugL_mean,93.5715885843948
vera4cast,chlorocast_timesfm,2026-10-27 00:00:00,2026-09-29 00:00:00,P1D,fcre,1.6,ensemble,198,Chla_ugL_mean,94.0412764168345
vera4cast,chlorocast_timesfm,2026-10-28 00:00:00,2026-09-29 00:00:00,P1D,fcre,1.6,ensemble,198,Chla_ugL_mean,94.7047043331923
vera4cast,chlorocast_timesfm,2026-10-29 00:00:00,2026-09-29 00:00:00,P1D,fcre,1.6,ensemble,198,Chla_ugL_mean,94.6877793135046
vera4cast,chlorocast_timesfm,2026-10-30 00:00:00,2026-09-29 00:00:00,P1D,fcre,1.6,ensemble,198,Chla_ugL_mean,95.1930093608747
vera4cast,chlorocast_timesfm,2026-10-31 00:00:00,2026-09-29 00:00:00,P1D,fcre,1.6,ensemble,198,Chla_ugL_mean,98.2391399618967
vera4cast,chlorocast_timesfm,2026-11-01 00:00:00,2026-09-29 00:00:00,P1D,fcre,1.6,ensemble,198,Chla_ugL_mean,98.3390833698782
vera4cast,chlorocast_timesfm,2026-11-02 00:00:00,2026-09-29 00:00:00,P1D,fcre,1.6,ensemble,198,Chla_ugL_mean,97.6486976529628
vera4cast,chlorocast_timesfm,2026-11-03 00:00:00,2026-09-29 00:00:00,P1D,fcre,1.6,ensemble,198,Chla_ugL_mean,97.0739879181714
vera4cast,chlorocast_timesfm,2026-09-30 00:00:00,2026-09-29 00:00:00,P1D,fcre,1.6,ensemble,199,Chla_ugL_mean,65.337580060462
vera4cast,chlorocast_timesfm,2026-10-01 00:00:00,2026-09-29 00:00:00,P1D,fcre,1.6,ensemble,199,Chla_ugL_mean,70.3068708609166
vera4cast,chlorocast_timesfm,2026-10-02 00:00:00,2026-09-29 00:00:00,P1D,fcre,1.6,ensemble,199,Chla_ugL_mean,72.4413801371018
vera4cast,chlorocast_timesfm,2026-10-03 00:00:00,2026-09-29 00:00:00,P1D,fcre,1.6,ensemble,199,Chla_ugL_mean,73.0551408663145
vera4cast,chlorocast_timesfm,2026-10-04 00:00:00,2026-09-29 00:00:00,P1D,fcre,1.6,ensemble,199,Chla_ugL_mean,78.459872422216
vera4cast,chlorocast_timesfm,2026-10-05 00:00:00,2026-09-29 00:00:00,P1D,fcre,1.6,ensemble,199,Chla_ugL_mean,81.203317444781
vera4cast,chlorocast_timesfm,2026-10-06 00:00:00,2026-09-29 00:00:00,P1D,fcre,1.6,ensemble,199,Chla_ugL_mean,86.760237354737
vera4cast,chlorocast_timesfm,2026-10-07 00:00:00,2026-09-29 00:00:00,P1D,fcre,1.6,ensemble,199,Chla_ugL_mean,85.1653932384577
vera4cast,chlorocast_timesfm,2026-10-08 00:00:00,2026-09-29 00:00:00,P1D,fcre,1.6,ensemble,199,Chla_ugL_mean,90.0350357148726
vera4cast,chlorocast_timesfm,2026-10-09 00:00:00,2026-09-29 00:00:00,P1D,fcre,1.6,ensemble,199,Chla_ugL_mean,94.9557798337293
vera4cast,chlorocast_timesfm,2026-10-10 00:00:00,2026-09-29 00:00:00,P1D,fcre,1.6,ensemble,199,Chla_ugL_mean,95.9902677050272
vera4cast,chlorocast_timesfm,2026-10-11 00:00:00,2026-09-29 00:00:00,P1D,fcre,1.6,ensemble,199,Chla_ugL_mean,97.8788006025033
vera4cast,chlorocast_timesfm,2026-10-12 00:00:00,2026-09-29 00:00:00,P1D,fcre,1.6,ensemble,199,Chla_ugL_mean,98.3788472746133
vera4cast,chlorocast_timesfm,2026-10-13 00:00:00,2026-09-29 00:00:00,P1D,fcre,1.6,ensemble,199,Chla_ugL_mean,99.1704922373006
vera4cast,chlorocast_timesfm,2026-10-14 00:00:00,2026-09-29 00:00:00,P1D,fcre,1.6,ensemble,199,Chla_ugL_mean,101.997804153905
vera4cast,chlorocast_timesfm,2026-10-15 00:00:00,2026-09-29 00:00:00,P1D,fcre,1.6,ensemble,199,Chla_ugL_mean,105.815585023554
vera4cast,chlorocast_timesfm,2026-10-16 00:00:00,2026-09-29 00:00:00,P1D,fcre,1.6,ensemble,199,Chla_ugL_mean,114.529271321276
vera4cast,chlorocast_timesfm,2026-10-17 00:00:00,2026-09-29 00:00:00,P1D,fcre,1.6,ensemble,199,Chla_ugL_mean,113.902913762098
vera4cast,chlorocast_timesfm,2026-10-18 00:00:00,2026-09-29 00:00:00,P1D,fcre,1.6,ensemble,199,Chla_ugL_mean,115.791291876653
vera4cast,chlorocast_timesfm,2026-10-19 00:00:00,2026-09-29 00:00:00,P1D,fcre,1.6,ensemble,199,Chla_ugL_mean,120.509211288077
vera4cast,chlorocast_timesfm,2026-10-20 00:00:00,2026-09-29 00:00:00,P1D,fcre,1.6,ensemble,199,Chla_ugL_mean,120.516786866047
vera4cast,chlorocast_timesfm,2026-10-21 00:00:00,2026-09-29 00:00:00,P1D,fcre,1.6,ensemble,199,Chla_ugL_mean,122.533339842257
vera4cast,chlorocast_timesfm,2026-10-22 00:00:00,2026-09-29 00:00:00,P1D,fcre,1.6,ensemble,199,Chla_ugL_mean,123.014743870522
vera4cast,chlorocast_timesfm,2026-10-23 00:00:00,2026-09-29 00:00:00,P1D,fcre,1.6,ensemble,199,Chla_ugL_mean,123.020532396159
vera4cast,chlorocast_timesfm,2026-10-24 00:00:00,2026-09-29 00:00:00,P1D,fcre,1.6,ensemble,199,Chla_ugL_mean,128.653299861502
vera4cast,chlorocast_timesfm,2026-10-25 00:00:00,2026-09-29 00:00:00,P1D,fcre,1.6,ensemble,199,Chla_ugL_mean,128.413922987065
vera4cast,chlorocast_timesfm,2026-10-26 00:00:00,2026-09-29 00:00:00,P1D,fcre,1.6,ensemble,199,Chla_ugL_mean,127.68856724973
vera4cast,chlorocast_timesfm,2026-10-27 00:00:00,2026-09-29 00:00:00,P1D,fcre,1.6,ensemble,199,Chla_ugL_mean,128.358103046045
vera4cast,chlorocast_timesfm,2026-10-28 00:00:00,2026-09-29 00:00:00,P1D,fcre,1.6,ensemble,199,Chla_ugL_mean,129.369486266733
vera4cast,chlorocast_timesfm,2026-10-29 00:00:00,2026-09-29 00:00:00,P1D,fcre,1.6,ensemble,199,Chla_ugL_mean,129.374895014746
vera4cast,chlorocast_timesfm,2026-10-30 00:00:00,2026-09-29 00:00:00,P1D,fcre,1.6,ensemble,199,Chla_ugL_mean,130.257084347651
vera4cast,chlorocast_timesfm,2026-10-31 00:00:00,2026-09-29 00:00:00,P1D,fcre,1.6,ensemble,199,Chla_ugL_mean,134.892180868163
vera4cast,chlorocast_timesfm,2026-11-01 00:00:00,2026-09-29 00:00:00,P1D,fcre,1.6,ensemble,199,Chla_ugL_mean,134.948256625814
vera4cast,chlorocast_timesfm,2026-11-02 00:00:00,2026-09-29 00:00:00,P1D,fcre,1.6,ensemble,199,Chla_ugL_mean,133.840073994455
vera4cast,chlorocast_timesfm,2026-11-03 00:00:00,2026-09-29 00:00:00,P1D,fcre,1.6,ensemble,199,Chla_ugL_mean,132.910665020809
