project_id,model_id,datetime,reference_datetime,duration,site_id,depth_m,family,parameter,variable,prediction
vera4cast,chlorocast_chronos,2026-09-29 00:00:00,2026-09-28 00:00:00,P1D,fcre,1.6,ensemble,1,Chla_ugL_mean,0.96720971221733
vera4cast,chlorocast_chronos,2026-09-30 00:00:00,2026-09-28 00:00:00,P1D,fcre,1.6,ensemble,1,Chla_ugL_mean,0.790271518318028
vera4cast,chlorocast_chronos,2026-10-01 00:00:00,2026-09-28 00:00:00,P1D,fcre,1.6,ensemble,1,Chla_ugL_mean,0.64051937158379
vera4cast,chlorocast_chronos,2026-10-02 00:00:00,2026-09-28 00:00:00,P1D,fcre,1.6,ensemble,1,Chla_ugL_mean,0.52450364358855
vera4cast,chlorocast_chronos,2026-10-03 00:00:00,2026-09-28 00:00:00,P1D,fcre,1.6,ensemble,1,Chla_ugL_mean,0.397401271654867
vera4cast,chlorocast_chronos,2026-10-04 00:00:00,2026-09-28 00:00:00,P1D,fcre,1.6,ensemble,1,Chla_ugL_mean,0.162439431736579
vera4cast,chlorocast_chronos,2026-10-05 00:00:00,2026-09-28 00:00:00,P1D,fcre,1.6,ensemble,1,Chla_ugL_mean,0.215954149093473
vera4cast,chlorocast_chronos,2026-10-06 00:00:00,2026-09-28 00:00:00,P1D,fcre,1.6,ensemble,1,Chla_ugL_mean,0.138642652581236
vera4cast,chlorocast_chronos,2026-10-07 00:00:00,2026-09-28 00:00:00,P1D,fcre,1.6,ensemble,1,Chla_ugL_mean,0.183411175826164
vera4cast,chlorocast_chronos,2026-10-08 00:00:00,2026-09-28 00:00:00,P1D,fcre,1.6,ensemble,1,Chla_ugL_mean,0.195550192144373
vera4cast,chlorocast_chronos,2026-10-09 00:00:00,2026-09-28 00:00:00,P1D,fcre,1.6,ensemble,1,Chla_ugL_mean,0.154461430517552
vera4cast,chlorocast_chronos,2026-10-10 00:00:00,2026-09-28 00:00:00,P1D,fcre,1.6,ensemble,1,Chla_ugL_mean,0.131182941328548
vera4cast,chlorocast_chronos,2026-10-11 00:00:00,2026-09-28 00:00:00,P1D,fcre,1.6,ensemble,1,Chla_ugL_mean,0.109538256968014
vera4cast,chlorocast_chronos,2026-10-12 00:00:00,2026-09-28 00:00:00,P1D,fcre,1.6,ensemble,1,Chla_ugL_mean,0.0926089855841179
vera4cast,chlorocast_chronos,2026-10-13 00:00:00,2026-09-28 00:00:00,P1D,fcre,1.6,ensemble,1,Chla_ugL_mean,0.0483924530535738
vera4cast,chlorocast_chronos,2026-10-14 00:00:00,2026-09-28 00:00:00,P1D,fcre,1.6,ensemble,1,Chla_ugL_mean,0
vera4cast,chlorocast_chronos,2026-10-15 00:00:00,2026-09-28 00:00:00,P1D,fcre,1.6,ensemble,1,Chla_ugL_mean,0
vera4cast,chlorocast_chronos,2026-10-16 00:00:00,2026-09-28 00:00:00,P1D,fcre,1.6,ensemble,1,Chla_ugL_mean,0
vera4cast,chlorocast_chronos,2026-10-17 00:00:00,2026-09-28 00:00:00,P1D,fcre,1.6,ensemble,1,Chla_ugL_mean,0
vera4cast,chlorocast_chronos,2026-10-18 00:00:00,2026-09-28 00:00:00,P1D,fcre,1.6,ensemble,1,Chla_ugL_mean,0
vera4cast,chlorocast_chronos,2026-10-19 00:00:00,2026-09-28 00:00:00,P1D,fcre,1.6,ensemble,1,Chla_ugL_mean,0
vera4cast,chlorocast_chronos,2026-10-20 00:00:00,2026-09-28 00:00:00,P1D,fcre,1.6,ensemble,1,Chla_ugL_mean,0.380815476394793
vera4cast,chlorocast_chronos,2026-10-21 00:00:00,2026-09-28 00:00:00,P1D,fcre,1.6,ensemble,1,Chla_ugL_mean,0.354281467998757
vera4cast,chlorocast_chronos,2026-10-22 00:00:00,2026-09-28 00:00:00,P1D,fcre,1.6,ensemble,1,Chla_ugL_mean,0.340995073756286
vera4cast,chlorocast_chronos,2026-10-23 00:00:00,2026-09-28 00:00:00,P1D,fcre,1.6,ensemble,1,Chla_ugL_mean,0.102595279190002
vera4cast,chlorocast_chronos,2026-10-24 00:00:00,2026-09-28 00:00:00,P1D,fcre,1.6,ensemble,1,Chla_ugL_mean,0
vera4cast,chlorocast_chronos,2026-10-25 00:00:00,2026-09-28 00:00:00,P1D,fcre,1.6,ensemble,1,Chla_ugL_mean,0
vera4cast,chlorocast_chronos,2026-10-26 00:00:00,2026-09-28 00:00:00,P1D,fcre,1.6,ensemble,1,Chla_ugL_mean,0
vera4cast,chlorocast_chronos,2026-10-27 00:00:00,2026-09-28 00:00:00,P1D,fcre,1.6,ensemble,1,Chla_ugL_mean,0
vera4cast,chlorocast_chronos,2026-10-28 00:00:00,2026-09-28 00:00:00,P1D,fcre,1.6,ensemble,1,Chla_ugL_mean,0
vera4cast,chlorocast_chronos,2026-10-29 00:00:00,2026-09-28 00:00:00,P1D,fcre,1.6,ensemble,1,Chla_ugL_mean,0
vera4cast,chlorocast_chronos,2026-10-30 00:00:00,2026-09-28 00:00:00,P1D,fcre,1.6,ensemble,1,Chla_ugL_mean,0
vera4cast,chlorocast_chronos,2026-10-31 00:00:00,2026-09-28 00:00:00,P1D,fcre,1.6,ensemble,1,Chla_ugL_mean,0
vera4cast,chlorocast_chronos,2026-11-01 00:00:00,2026-09-28 00:00:00,P1D,fcre,1.6,ensemble,1,Chla_ugL_mean,0
vera4cast,chlorocast_chronos,2026-11-02 00:00:00,2026-09-28 00:00:00,P1D,fcre,1.6,ensemble,1,Chla_ugL_mean,0
vera4cast,chlorocast_chronos,2026-09-29 00:00:00,2026-09-28 00:00:00,P1D,fcre,1.6,ensemble,2,Chla_ugL_mean,1.44840699231818
vera4cast,chlorocast_chronos,2026-09-30 00:00:00,2026-09-28 00:00:00,P1D,fcre,1.6,ensemble,2,Chla_ugL_mean,1.2578178389581
vera4cast,chlorocast_chronos,2026-10-01 00:00:00,2026-09-28 00:00:00,P1D,fcre,1.6,ensemble,2,Chla_ugL_mean,1.09218668610629
vera4cast,chlorocast_chronos,2026-10-02 00:00:00,2026-09-28 00:00:00,P1D,fcre,1.6,ensemble,2,Chla_ugL_mean,0.959924096807852
vera4cast,chlorocast_chronos,2026-10-03 00:00:00,2026-09-28 00:00:00,P1D,fcre,1.6,ensemble,2,Chla_ugL_mean,0.815455125228863
vera4cast,chlorocast_chronos,2026-10-04 00:00:00,2026-09-28 00:00:00,P1D,fcre,1.6,ensemble,2,Chla_ugL_mean,0.549996341966623
vera4cast,chlorocast_chronos,2026-10-05 00:00:00,2026-09-28 00:00:00,P1D,fcre,1.6,ensemble,2,Chla_ugL_mean,0.610941863742559
vera4cast,chlorocast_chronos,2026-10-06 00:00:00,2026-09-28 00:00:00,P1D,fcre,1.6,ensemble,2,Chla_ugL_mean,0.522133051345084
vera4cast,chlorocast_chronos,2026-10-07 00:00:00,2026-09-28 00:00:00,P1D,fcre,1.6,ensemble,2,Chla_ugL_mean,0.575289275488953
vera4cast,chlorocast_chronos,2026-10-08 00:00:00,2026-09-28 00:00:00,P1D,fcre,1.6,ensemble,2,Chla_ugL_mean,0.591017282198296
vera4cast,chlorocast_chronos,2026-10-09 00:00:00,2026-09-28 00:00:00,P1D,fcre,1.6,ensemble,2,Chla_ugL_mean,0.542792487905495
vera4cast,chlorocast_chronos,2026-10-10 00:00:00,2026-09-28 00:00:00,P1D,fcre,1.6,ensemble,2,Chla_ugL_mean,0.51544218892069
vera4cast,chlorocast_chronos,2026-10-11 00:00:00,2026-09-28 00:00:00,P1D,fcre,1.6,ensemble,2,Chla_ugL_mean,0.4933913789576
vera4cast,chlorocast_chronos,2026-10-12 00:00:00,2026-09-28 00:00:00,P1D,fcre,1.6,ensemble,2,Chla_ugL_mean,0.479144028712644
vera4cast,chlorocast_chronos,2026-10-13 00:00:00,2026-09-28 00:00:00,P1D,fcre,1.6,ensemble,2,Chla_ugL_mean,0.431633821629363
vera4cast,chlorocast_chronos,2026-10-14 00:00:00,2026-09-28 00:00:00,P1D,fcre,1.6,ensemble,2,Chla_ugL_mean,0.312029296616262
vera4cast,chlorocast_chronos,2026-10-15 00:00:00,2026-09-28 00:00:00,P1D,fcre,1.6,ensemble,2,Chla_ugL_mean,0.230321063598848
vera4cast,chlorocast_chronos,2026-10-16 00:00:00,2026-09-28 00:00:00,P1D,fcre,1.6,ensemble,2,Chla_ugL_mean,0.182471483805906
vera4cast,chlorocast_chronos,2026-10-17 00:00:00,2026-09-28 00:00:00,P1D,fcre,1.6,ensemble,2,Chla_ugL_mean,0.147328207713279
vera4cast,chlorocast_chronos,2026-10-18 00:00:00,2026-09-28 00:00:00,P1D,fcre,1.6,ensemble,2,Chla_ugL_mean,0.165084125702106
vera4cast,chlorocast_chronos,2026-10-19 00:00:00,2026-09-28 00:00:00,P1D,fcre,1.6,ensemble,2,Chla_ugL_mean,0.194383645912533
vera4cast,chlorocast_chronos,2026-10-20 00:00:00,2026-09-28 00:00:00,P1D,fcre,1.6,ensemble,2,Chla_ugL_mean,0.829516019827632
vera4cast,chlorocast_chronos,2026-10-21 00:00:00,2026-09-28 00:00:00,P1D,fcre,1.6,ensemble,2,Chla_ugL_mean,0.799329811851752
vera4cast,chlorocast_chronos,2026-10-22 00:00:00,2026-09-28 00:00:00,P1D,fcre,1.6,ensemble,2,Chla_ugL_mean,0.781579410471963
vera4cast,chlorocast_chronos,2026-10-23 00:00:00,2026-09-28 00:00:00,P1D,fcre,1.6,ensemble,2,Chla_ugL_mean,0.501413229570459
vera4cast,chlorocast_chronos,2026-10-24 00:00:00,2026-09-28 00:00:00,P1D,fcre,1.6,ensemble,2,Chla_ugL_mean,0.340424735521193
vera4cast,chlorocast_chronos,2026-10-25 00:00:00,2026-09-28 00:00:00,P1D,fcre,1.6,ensemble,2,Chla_ugL_mean,0.197850257679659
vera4cast,chlorocast_chronos,2026-10-26 00:00:00,2026-09-28 00:00:00,P1D,fcre,1.6,ensemble,2,Chla_ugL_mean,0.164909014008584
vera4cast,chlorocast_chronos,2026-10-27 00:00:00,2026-09-28 00:00:00,P1D,fcre,1.6,ensemble,2,Chla_ugL_mean,0.141154993629653
vera4cast,chlorocast_chronos,2026-10-28 00:00:00,2026-09-28 00:00:00,P1D,fcre,1.6,ensemble,2,Chla_ugL_mean,0.11075912926505
vera4cast,chlorocast_chronos,2026-10-29 00:00:00,2026-09-28 00:00:00,P1D,fcre,1.6,ensemble,2,Chla_ugL_mean,0.0935017552315868
vera4cast,chlorocast_chronos,2026-10-30 00:00:00,2026-09-28 00:00:00,P1D,fcre,1.6,ensemble,2,Chla_ugL_mean,0.065502598458645
vera4cast,chlorocast_chronos,2026-10-31 00:00:00,2026-09-28 00:00:00,P1D,fcre,1.6,ensemble,2,Chla_ugL_mean,0.0404615338948999
vera4cast,chlorocast_chronos,2026-11-01 00:00:00,2026-09-28 00:00:00,P1D,fcre,1.6,ensemble,2,Chla_ugL_mean,0.0351104441448084
vera4cast,chlorocast_chronos,2026-11-02 00:00:00,2026-09-28 00:00:00,P1D,fcre,1.6,ensemble,2,Chla_ugL_mean,0.0249521977104143
vera4cast,chlorocast_chronos,2026-09-29 00:00:00,2026-09-28 00:00:00,P1D,fcre,1.6,ensemble,3,Chla_ugL_mean,1.73735059836544
vera4cast,chlorocast_chronos,2026-09-30 00:00:00,2026-09-28 00:00:00,P1D,fcre,1.6,ensemble,3,Chla_ugL_mean,1.54132612418991
vera4cast,chlorocast_chronos,2026-10-01 00:00:00,2026-09-28 00:00:00,P1D,fcre,1.6,ensemble,3,Chla_ugL_mean,1.36833941280762
vera4cast,chlorocast_chronos,2026-10-02 00:00:00,2026-09-28 00:00:00,P1D,fcre,1.6,ensemble,3,Chla_ugL_mean,1.22773126907111
vera4cast,chlorocast_chronos,2026-10-03 00:00:00,2026-09-28 00:00:00,P1D,fcre,1.6,ensemble,3,Chla_ugL_mean,1.07458122885438
vera4cast,chlorocast_chronos,2026-10-04 00:00:00,2026-09-28 00:00:00,P1D,fcre,1.6,ensemble,3,Chla_ugL_mean,0.794874799129041
vera4cast,chlorocast_chronos,2026-10-05 00:00:00,2026-09-28 00:00:00,P1D,fcre,1.6,ensemble,3,Chla_ugL_mean,0.859332800345487
vera4cast,chlorocast_chronos,2026-10-06 00:00:00,2026-09-28 00:00:00,P1D,fcre,1.6,ensemble,3,Chla_ugL_mean,0.764896870543811
vera4cast,chlorocast_chronos,2026-10-07 00:00:00,2026-09-28 00:00:00,P1D,fcre,1.6,ensemble,3,Chla_ugL_mean,0.822589047120689
vera4cast,chlorocast_chronos,2026-10-08 00:00:00,2026-09-28 00:00:00,P1D,fcre,1.6,ensemble,3,Chla_ugL_mean,0.840532127285149
vera4cast,chlorocast_chronos,2026-10-09 00:00:00,2026-09-28 00:00:00,P1D,fcre,1.6,ensemble,3,Chla_ugL_mean,0.78856344363094
vera4cast,chlorocast_chronos,2026-10-10 00:00:00,2026-09-28 00:00:00,P1D,fcre,1.6,ensemble,3,Chla_ugL_mean,0.759081596278348
vera4cast,chlorocast_chronos,2026-10-11 00:00:00,2026-09-28 00:00:00,P1D,fcre,1.6,ensemble,3,Chla_ugL_mean,0.737610730262709
vera4cast,chlorocast_chronos,2026-10-12 00:00:00,2026-09-28 00:00:00,P1D,fcre,1.6,ensemble,3,Chla_ugL_mean,0.726120451082232
vera4cast,chlorocast_chronos,2026-10-13 00:00:00,2026-09-28 00:00:00,P1D,fcre,1.6,ensemble,3,Chla_ugL_mean,0.678072031552057
vera4cast,chlorocast_chronos,2026-10-14 00:00:00,2026-09-28 00:00:00,P1D,fcre,1.6,ensemble,3,Chla_ugL_mean,0.55164323887411
vera4cast,chlorocast_chronos,2026-10-15 00:00:00,2026-09-28 00:00:00,P1D,fcre,1.6,ensemble,3,Chla_ugL_mean,0.464184104756383
vera4cast,chlorocast_chronos,2026-10-16 00:00:00,2026-09-28 00:00:00,P1D,fcre,1.6,ensemble,3,Chla_ugL_mean,0.413892301664699
vera4cast,chlorocast_chronos,2026-10-17 00:00:00,2026-09-28 00:00:00,P1D,fcre,1.6,ensemble,3,Chla_ugL_mean,0.374509062826808
vera4cast,chlorocast_chronos,2026-10-18 00:00:00,2026-09-28 00:00:00,P1D,fcre,1.6,ensemble,3,Chla_ugL_mean,0.394012256784826
vera4cast,chlorocast_chronos,2026-10-19 00:00:00,2026-09-28 00:00:00,P1D,fcre,1.6,ensemble,3,Chla_ugL_mean,0.425555969069418
vera4cast,chlorocast_chronos,2026-10-20 00:00:00,2026-09-28 00:00:00,P1D,fcre,1.6,ensemble,3,Chla_ugL_mean,1.11170282850185
vera4cast,chlorocast_chronos,2026-10-21 00:00:00,2026-09-28 00:00:00,P1D,fcre,1.6,ensemble,3,Chla_ugL_mean,1.07979129037397
vera4cast,chlorocast_chronos,2026-10-22 00:00:00,2026-09-28 00:00:00,P1D,fcre,1.6,ensemble,3,Chla_ugL_mean,1.05921651444098
vera4cast,chlorocast_chronos,2026-10-23 00:00:00,2026-09-28 00:00:00,P1D,fcre,1.6,ensemble,3,Chla_ugL_mean,0.757336495469382
vera4cast,chlorocast_chronos,2026-10-24 00:00:00,2026-09-28 00:00:00,P1D,fcre,1.6,ensemble,3,Chla_ugL_mean,0.582368366151616
vera4cast,chlorocast_chronos,2026-10-25 00:00:00,2026-09-28 00:00:00,P1D,fcre,1.6,ensemble,3,Chla_ugL_mean,0.425767896712857
vera4cast,chlorocast_chronos,2026-10-26 00:00:00,2026-09-28 00:00:00,P1D,fcre,1.6,ensemble,3,Chla_ugL_mean,0.388149365096402
vera4cast,chlorocast_chronos,2026-10-27 00:00:00,2026-09-28 00:00:00,P1D,fcre,1.6,ensemble,3,Chla_ugL_mean,0.360530638012503
vera4cast,chlorocast_chronos,2026-10-28 00:00:00,2026-09-28 00:00:00,P1D,fcre,1.6,ensemble,3,Chla_ugL_mean,0.32670289719532
vera4cast,chlorocast_chronos,2026-10-29 00:00:00,2026-09-28 00:00:00,P1D,fcre,1.6,ensemble,3,Chla_ugL_mean,0.306622389285326
vera4cast,chlorocast_chronos,2026-10-30 00:00:00,2026-09-28 00:00:00,P1D,fcre,1.6,ensemble,3,Chla_ugL_mean,0.275366342407605
vera4cast,chlorocast_chronos,2026-10-31 00:00:00,2026-09-28 00:00:00,P1D,fcre,1.6,ensemble,3,Chla_ugL_mean,0.247065243138772
vera4cast,chlorocast_chronos,2026-11-01 00:00:00,2026-09-28 00:00:00,P1D,fcre,1.6,ensemble,3,Chla_ugL_mean,0.241053614662743
vera4cast,chlorocast_chronos,2026-11-02 00:00:00,2026-09-28 00:00:00,P1D,fcre,1.6,ensemble,3,Chla_ugL_mean,0.22954661468442
vera4cast,chlorocast_chronos,2026-09-29 00:00:00,2026-09-28 00:00:00,P1D,fcre,1.6,ensemble,4,Chla_ugL_mean,1.95858044177831
vera4cast,chlorocast_chronos,2026-09-30 00:00:00,2026-09-28 00:00:00,P1D,fcre,1.6,ensemble,4,Chla_ugL_mean,1.75963084618359
vera4cast,chlorocast_chronos,2026-10-01 00:00:00,2026-09-28 00:00:00,P1D,fcre,1.6,ensemble,4,Chla_ugL_mean,1.58200323972159
vera4cast,chlorocast_chronos,2026-10-02 00:00:00,2026-09-28 00:00:00,P1D,fcre,1.6,ensemble,4,Chla_ugL_mean,1.43565514020439
vera4cast,chlorocast_chronos,2026-10-03 00:00:00,2026-09-28 00:00:00,P1D,fcre,1.6,ensemble,4,Chla_ugL_mean,1.27667347200215
vera4cast,chlorocast_chronos,2026-10-04 00:00:00,2026-09-28 00:00:00,P1D,fcre,1.6,ensemble,4,Chla_ugL_mean,0.988000365200179
vera4cast,chlorocast_chronos,2026-10-05 00:00:00,2026-09-28 00:00:00,P1D,fcre,1.6,ensemble,4,Chla_ugL_mean,1.05468749978405
vera4cast,chlorocast_chronos,2026-10-06 00:00:00,2026-09-28 00:00:00,P1D,fcre,1.6,ensemble,4,Chla_ugL_mean,0.956563899370582
vera4cast,chlorocast_chronos,2026-10-07 00:00:00,2026-09-28 00:00:00,P1D,fcre,1.6,ensemble,4,Chla_ugL_mean,1.01748242566239
vera4cast,chlorocast_chronos,2026-10-08 00:00:00,2026-09-28 00:00:00,P1D,fcre,1.6,ensemble,4,Chla_ugL_mean,1.03714832248706
vera4cast,chlorocast_chronos,2026-10-09 00:00:00,2026-09-28 00:00:00,P1D,fcre,1.6,ensemble,4,Chla_ugL_mean,0.982578380101749
vera4cast,chlorocast_chronos,2026-10-10 00:00:00,2026-09-28 00:00:00,P1D,fcre,1.6,ensemble,4,Chla_ugL_mean,0.951618971778293
vera4cast,chlorocast_chronos,2026-10-11 00:00:00,2026-09-28 00:00:00,P1D,fcre,1.6,ensemble,4,Chla_ugL_mean,0.930992993353306
vera4cast,chlorocast_chronos,2026-10-12 00:00:00,2026-09-28 00:00:00,P1D,fcre,1.6,ensemble,4,Chla_ugL_mean,0.922172353281254
vera4cast,chlorocast_chronos,2026-10-13 00:00:00,2026-09-28 00:00:00,P1D,fcre,1.6,ensemble,4,Chla_ugL_mean,0.87442518747207
vera4cast,chlorocast_chronos,2026-10-14 00:00:00,2026-09-28 00:00:00,P1D,fcre,1.6,ensemble,4,Chla_ugL_mean,0.743995679603557
vera4cast,chlorocast_chronos,2026-10-15 00:00:00,2026-09-28 00:00:00,P1D,fcre,1.6,ensemble,4,Chla_ugL_mean,0.652914687321557
vera4cast,chlorocast_chronos,2026-10-16 00:00:00,2026-09-28 00:00:00,P1D,fcre,1.6,ensemble,4,Chla_ugL_mean,0.60139408911224
vera4cast,chlorocast_chronos,2026-10-17 00:00:00,2026-09-28 00:00:00,P1D,fcre,1.6,ensemble,4,Chla_ugL_mean,0.558873035804351
vera4cast,chlorocast_chronos,2026-10-18 00:00:00,2026-09-28 00:00:00,P1D,fcre,1.6,ensemble,4,Chla_ugL_mean,0.579596291435649
vera4cast,chlorocast_chronos,2026-10-19 00:00:00,2026-09-28 00:00:00,P1D,fcre,1.6,ensemble,4,Chla_ugL_mean,0.612571924275276
vera4cast,chlorocast_chronos,2026-10-20 00:00:00,2026-09-28 00:00:00,P1D,fcre,1.6,ensemble,4,Chla_ugL_mean,1.33364564807593
vera4cast,chlorocast_chronos,2026-10-21 00:00:00,2026-09-28 00:00:00,P1D,fcre,1.6,ensemble,4,Chla_ugL_mean,1.30063923001001
vera4cast,chlorocast_chronos,2026-10-22 00:00:00,2026-09-28 00:00:00,P1D,fcre,1.6,ensemble,4,Chla_ugL_mean,1.277835263333
vera4cast,chlorocast_chronos,2026-10-23 00:00:00,2026-09-28 00:00:00,P1D,fcre,1.6,ensemble,4,Chla_ugL_mean,0.961000604474217
vera4cast,chlorocast_chronos,2026-10-24 00:00:00,2026-09-28 00:00:00,P1D,fcre,1.6,ensemble,4,Chla_ugL_mean,0.776296579737581
vera4cast,chlorocast_chronos,2026-10-25 00:00:00,2026-09-28 00:00:00,P1D,fcre,1.6,ensemble,4,Chla_ugL_mean,0.609725061496299
vera4cast,chlorocast_chronos,2026-10-26 00:00:00,2026-09-28 00:00:00,P1D,fcre,1.6,ensemble,4,Chla_ugL_mean,0.568505170105014
vera4cast,chlorocast_chronos,2026-10-27 00:00:00,2026-09-28 00:00:00,P1D,fcre,1.6,ensemble,4,Chla_ugL_mean,0.537839481801816
vera4cast,chlorocast_chronos,2026-10-28 00:00:00,2026-09-28 00:00:00,P1D,fcre,1.6,ensemble,4,Chla_ugL_mean,0.501505122492118
vera4cast,chlorocast_chronos,2026-10-29 00:00:00,2026-09-28 00:00:00,P1D,fcre,1.6,ensemble,4,Chla_ugL_mean,0.479198407182363
vera4cast,chlorocast_chronos,2026-10-30 00:00:00,2026-09-28 00:00:00,P1D,fcre,1.6,ensemble,4,Chla_ugL_mean,0.445551910225396
vera4cast,chlorocast_chronos,2026-10-31 00:00:00,2026-09-28 00:00:00,P1D,fcre,1.6,ensemble,4,Chla_ugL_mean,0.414796214024309
vera4cast,chlorocast_chronos,2026-11-01 00:00:00,2026-09-28 00:00:00,P1D,fcre,1.6,ensemble,4,Chla_ugL_mean,0.408293867995677
vera4cast,chlorocast_chronos,2026-11-02 00:00:00,2026-09-28 00:00:00,P1D,fcre,1.6,ensemble,4,Chla_ugL_mean,0.395767986924108
vera4cast,chlorocast_chronos,2026-09-29 00:00:00,2026-09-28 00:00:00,P1D,fcre,1.6,ensemble,5,Chla_ugL_mean,2.14336103579974
vera4cast,chlorocast_chronos,2026-09-30 00:00:00,2026-09-28 00:00:00,P1D,fcre,1.6,ensemble,5,Chla_ugL_mean,1.94272877897188
vera4cast,chlorocast_chronos,2026-10-01 00:00:00,2026-09-28 00:00:00,P1D,fcre,1.6,ensemble,5,Chla_ugL_mean,1.76184019733057
vera4cast,chlorocast_chronos,2026-10-02 00:00:00,2026-09-28 00:00:00,P1D,fcre,1.6,ensemble,5,Chla_ugL_mean,1.6111046559766
vera4cast,chlorocast_chronos,2026-10-03 00:00:00,2026-09-28 00:00:00,P1D,fcre,1.6,ensemble,5,Chla_ugL_mean,1.44776624271293
vera4cast,chlorocast_chronos,2026-10-04 00:00:00,2026-09-28 00:00:00,P1D,fcre,1.6,ensemble,5,Chla_ugL_mean,1.15284646994142
vera4cast,chlorocast_chronos,2026-10-05 00:00:00,2026-09-28 00:00:00,P1D,fcre,1.6,ensemble,5,Chla_ugL_mean,1.22109847142931
vera4cast,chlorocast_chronos,2026-10-06 00:00:00,2026-09-28 00:00:00,P1D,fcre,1.6,ensemble,5,Chla_ugL_mean,1.12029612185322
vera4cast,chlorocast_chronos,2026-10-07 00:00:00,2026-09-28 00:00:00,P1D,fcre,1.6,ensemble,5,Chla_ugL_mean,1.18374878395563
vera4cast,chlorocast_chronos,2026-10-08 00:00:00,2026-09-28 00:00:00,P1D,fcre,1.6,ensemble,5,Chla_ugL_mean,1.20487014528349
vera4cast,chlorocast_chronos,2026-10-09 00:00:00,2026-09-28 00:00:00,P1D,fcre,1.6,ensemble,5,Chla_ugL_mean,1.14829984230491
vera4cast,chlorocast_chronos,2026-10-10 00:00:00,2026-09-28 00:00:00,P1D,fcre,1.6,ensemble,5,Chla_ugL_mean,1.11620696390475
vera4cast,chlorocast_chronos,2026-10-11 00:00:00,2026-09-28 00:00:00,P1D,fcre,1.6,ensemble,5,Chla_ugL_mean,1.0965460317866
vera4cast,chlorocast_chronos,2026-10-12 00:00:00,2026-09-28 00:00:00,P1D,fcre,1.6,ensemble,5,Chla_ugL_mean,1.09031699744909
vera4cast,chlorocast_chronos,2026-10-13 00:00:00,2026-09-28 00:00:00,P1D,fcre,1.6,ensemble,5,Chla_ugL_mean,1.0432880183371
vera4cast,chlorocast_chronos,2026-10-14 00:00:00,2026-09-28 00:00:00,P1D,fcre,1.6,ensemble,5,Chla_ugL_mean,0.910330302343975
vera4cast,chlorocast_chronos,2026-10-15 00:00:00,2026-09-28 00:00:00,P1D,fcre,1.6,ensemble,5,Chla_ugL_mean,0.81675148906794
vera4cast,chlorocast_chronos,2026-10-16 00:00:00,2026-09-28 00:00:00,P1D,fcre,1.6,ensemble,5,Chla_ugL_mean,0.764638630909285
vera4cast,chlorocast_chronos,2026-10-17 00:00:00,2026-09-28 00:00:00,P1D,fcre,1.6,ensemble,5,Chla_ugL_mean,0.719576080367296
vera4cast,chlorocast_chronos,2026-10-18 00:00:00,2026-09-28 00:00:00,P1D,fcre,1.6,ensemble,5,Chla_ugL_mean,0.741236312656041
vera4cast,chlorocast_chronos,2026-10-19 00:00:00,2026-09-28 00:00:00,P1D,fcre,1.6,ensemble,5,Chla_ugL_mean,0.775211927014186
vera4cast,chlorocast_chronos,2026-10-20 00:00:00,2026-09-28 00:00:00,P1D,fcre,1.6,ensemble,5,Chla_ugL_mean,1.52271064240002
vera4cast,chlorocast_chronos,2026-10-21 00:00:00,2026-09-28 00:00:00,P1D,fcre,1.6,ensemble,5,Chla_ugL_mean,1.48893544857265
vera4cast,chlorocast_chronos,2026-10-22 00:00:00,2026-09-28 00:00:00,P1D,fcre,1.6,ensemble,5,Chla_ugL_mean,1.46422764000902
vera4cast,chlorocast_chronos,2026-10-23 00:00:00,2026-09-28 00:00:00,P1D,fcre,1.6,ensemble,5,Chla_ugL_mean,1.13599553091251
vera4cast,chlorocast_chronos,2026-10-24 00:00:00,2026-09-28 00:00:00,P1D,fcre,1.6,ensemble,5,Chla_ugL_mean,0.943807272854161
vera4cast,chlorocast_chronos,2026-10-25 00:00:00,2026-09-28 00:00:00,P1D,fcre,1.6,ensemble,5,Chla_ugL_mean,0.769433739743639
vera4cast,chlorocast_chronos,2026-10-26 00:00:00,2026-09-28 00:00:00,P1D,fcre,1.6,ensemble,5,Chla_ugL_mean,0.725198025042069
vera4cast,chlorocast_chronos,2026-10-27 00:00:00,2026-09-28 00:00:00,P1D,fcre,1.6,ensemble,5,Chla_ugL_mean,0.691933194949738
vera4cast,chlorocast_chronos,2026-10-28 00:00:00,2026-09-28 00:00:00,P1D,fcre,1.6,ensemble,5,Chla_ugL_mean,0.653591053225683
vera4cast,chlorocast_chronos,2026-10-29 00:00:00,2026-09-28 00:00:00,P1D,fcre,1.6,ensemble,5,Chla_ugL_mean,0.629385164468062
vera4cast,chlorocast_chronos,2026-10-30 00:00:00,2026-09-28 00:00:00,P1D,fcre,1.6,ensemble,5,Chla_ugL_mean,0.593816216648629
vera4cast,chlorocast_chronos,2026-10-31 00:00:00,2026-09-28 00:00:00,P1D,fcre,1.6,ensemble,5,Chla_ugL_mean,0.561043121910774
vera4cast,chlorocast_chronos,2026-11-01 00:00:00,2026-09-28 00:00:00,P1D,fcre,1.6,ensemble,5,Chla_ugL_mean,0.554142065850198
vera4cast,chlorocast_chronos,2026-11-02 00:00:00,2026-09-28 00:00:00,P1D,fcre,1.6,ensemble,5,Chla_ugL_mean,0.540776558717805
vera4cast,chlorocast_chronos,2026-09-29 00:00:00,2026-09-28 00:00:00,P1D,fcre,1.6,ensemble,6,Chla_ugL_mean,2.30489973033338
vera4cast,chlorocast_chronos,2026-09-30 00:00:00,2026-09-28 00:00:00,P1D,fcre,1.6,ensemble,6,Chla_ugL_mean,2.10333122678484
vera4cast,chlorocast_chronos,2026-10-01 00:00:00,2026-09-28 00:00:00,P1D,fcre,1.6,ensemble,6,Chla_ugL_mean,1.92002758629564
vera4cast,chlorocast_chronos,2026-10-02 00:00:00,2026-09-28 00:00:00,P1D,fcre,1.6,ensemble,6,Chla_ugL_mean,1.76574632617388
vera4cast,chlorocast_chronos,2026-10-03 00:00:00,2026-09-28 00:00:00,P1D,fcre,1.6,ensemble,6,Chla_ugL_mean,1.59896751316006
vera4cast,chlorocast_chronos,2026-10-04 00:00:00,2026-09-28 00:00:00,P1D,fcre,1.6,ensemble,6,Chla_ugL_mean,1.2994867864477
vera4cast,chlorocast_chronos,2026-10-05 00:00:00,2026-09-28 00:00:00,P1D,fcre,1.6,ensemble,6,Chla_ugL_mean,1.36889036854912
vera4cast,chlorocast_chronos,2026-10-06 00:00:00,2026-09-28 00:00:00,P1D,fcre,1.6,ensemble,6,Chla_ugL_mean,1.26603910886644
vera4cast,chlorocast_chronos,2026-10-07 00:00:00,2026-09-28 00:00:00,P1D,fcre,1.6,ensemble,6,Chla_ugL_mean,1.33158928517093
vera4cast,chlorocast_chronos,2026-10-08 00:00:00,2026-09-28 00:00:00,P1D,fcre,1.6,ensemble,6,Chla_ugL_mean,1.35399462657164
vera4cast,chlorocast_chronos,2026-10-09 00:00:00,2026-09-28 00:00:00,P1D,fcre,1.6,ensemble,6,Chla_ugL_mean,1.29580176216111
vera4cast,chlorocast_chronos,2026-10-10 00:00:00,2026-09-28 00:00:00,P1D,fcre,1.6,ensemble,6,Chla_ugL_mean,1.26279185497747
vera4cast,chlorocast_chronos,2026-10-11 00:00:00,2026-09-28 00:00:00,P1D,fcre,1.6,ensemble,6,Chla_ugL_mean,1.24416398212511
vera4cast,chlorocast_chronos,2026-10-12 00:00:00,2026-09-28 00:00:00,P1D,fcre,1.6,ensemble,6,Chla_ugL_mean,1.24046498106759
vera4cast,chlorocast_chronos,2026-10-13 00:00:00,2026-09-28 00:00:00,P1D,fcre,1.6,ensemble,6,Chla_ugL_mean,1.1944072881342
vera4cast,chlorocast_chronos,2026-10-14 00:00:00,2026-09-28 00:00:00,P1D,fcre,1.6,ensemble,6,Chla_ugL_mean,1.05984487648227
vera4cast,chlorocast_chronos,2026-10-15 00:00:00,2026-09-28 00:00:00,P1D,fcre,1.6,ensemble,6,Chla_ugL_mean,0.964479443241371
vera4cast,chlorocast_chronos,2026-10-16 00:00:00,2026-09-28 00:00:00,P1D,fcre,1.6,ensemble,6,Chla_ugL_mean,0.91217647667316
vera4cast,chlorocast_chronos,2026-10-17 00:00:00,2026-09-28 00:00:00,P1D,fcre,1.6,ensemble,6,Chla_ugL_mean,0.864955071053917
vera4cast,chlorocast_chronos,2026-10-18 00:00:00,2026-09-28 00:00:00,P1D,fcre,1.6,ensemble,6,Chla_ugL_mean,0.887371234434666
vera4cast,chlorocast_chronos,2026-10-19 00:00:00,2026-09-28 00:00:00,P1D,fcre,1.6,ensemble,6,Chla_ugL_mean,0.922071961081274
vera4cast,chlorocast_chronos,2026-10-20 00:00:00,2026-09-28 00:00:00,P1D,fcre,1.6,ensemble,6,Chla_ugL_mean,1.69062559024506
vera4cast,chlorocast_chronos,2026-10-21 00:00:00,2026-09-28 00:00:00,P1D,fcre,1.6,ensemble,6,Chla_ugL_mean,1.65628439907644
vera4cast,chlorocast_chronos,2026-10-22 00:00:00,2026-09-28 00:00:00,P1D,fcre,1.6,ensemble,6,Chla_ugL_mean,1.62988224947831
vera4cast,chlorocast_chronos,2026-10-23 00:00:00,2026-09-28 00:00:00,P1D,fcre,1.6,ensemble,6,Chla_ugL_mean,1.29249123457
vera4cast,chlorocast_chronos,2026-10-24 00:00:00,2026-09-28 00:00:00,P1D,fcre,1.6,ensemble,6,Chla_ugL_mean,1.09424467849029
vera4cast,chlorocast_chronos,2026-10-25 00:00:00,2026-09-28 00:00:00,P1D,fcre,1.6,ensemble,6,Chla_ugL_mean,0.913450791263272
vera4cast,chlorocast_chronos,2026-10-26 00:00:00,2026-09-28 00:00:00,P1D,fcre,1.6,ensemble,6,Chla_ugL_mean,0.866575738387866
vera4cast,chlorocast_chronos,2026-10-27 00:00:00,2026-09-28 00:00:00,P1D,fcre,1.6,ensemble,6,Chla_ugL_mean,0.831000579687789
vera4cast,chlorocast_chronos,2026-10-28 00:00:00,2026-09-28 00:00:00,P1D,fcre,1.6,ensemble,6,Chla_ugL_mean,0.790970049331582
vera4cast,chlorocast_chronos,2026-10-29 00:00:00,2026-09-28 00:00:00,P1D,fcre,1.6,ensemble,6,Chla_ugL_mean,0.765075972531051
vera4cast,chlorocast_chronos,2026-10-30 00:00:00,2026-09-28 00:00:00,P1D,fcre,1.6,ensemble,6,Chla_ugL_mean,0.727884606383408
vera4cast,chlorocast_chronos,2026-10-31 00:00:00,2026-09-28 00:00:00,P1D,fcre,1.6,ensemble,6,Chla_ugL_mean,0.693375091633025
vera4cast,chlorocast_chronos,2026-11-01 00:00:00,2026-09-28 00:00:00,P1D,fcre,1.6,ensemble,6,Chla_ugL_mean,0.686134417645161
vera4cast,chlorocast_chronos,2026-11-02 00:00:00,2026-09-28 00:00:00,P1D,fcre,1.6,ensemble,6,Chla_ugL_mean,0.672044566887297
vera4cast,chlorocast_chronos,2026-09-29 00:00:00,2026-09-28 00:00:00,P1D,fcre,1.6,ensemble,7,Chla_ugL_mean,2.45014899276877
vera4cast,chlorocast_chronos,2026-09-30 00:00:00,2026-09-28 00:00:00,P1D,fcre,1.6,ensemble,7,Chla_ugL_mean,2.24814464620939
vera4cast,chlorocast_chronos,2026-10-01 00:00:00,2026-09-28 00:00:00,P1D,fcre,1.6,ensemble,7,Chla_ugL_mean,2.06300222255732
vera4cast,chlorocast_chronos,2026-10-02 00:00:00,2026-09-28 00:00:00,P1D,fcre,1.6,ensemble,7,Chla_ugL_mean,1.90575523563168
vera4cast,chlorocast_chronos,2026-10-03 00:00:00,2026-09-28 00:00:00,P1D,fcre,1.6,ensemble,7,Chla_ugL_mean,1.73616690447758
vera4cast,chlorocast_chronos,2026-10-04 00:00:00,2026-09-28 00:00:00,P1D,fcre,1.6,ensemble,7,Chla_ugL_mean,1.43328496349243
vera4cast,chlorocast_chronos,2026-10-05 00:00:00,2026-09-28 00:00:00,P1D,fcre,1.6,ensemble,7,Chla_ugL_mean,1.50355484240201
vera4cast,chlorocast_chronos,2026-10-06 00:00:00,2026-09-28 00:00:00,P1D,fcre,1.6,ensemble,7,Chla_ugL_mean,1.39909043238623
vera4cast,chlorocast_chronos,2026-10-07 00:00:00,2026-09-28 00:00:00,P1D,fcre,1.6,ensemble,7,Chla_ugL_mean,1.466434000522
vera4cast,chlorocast_chronos,2026-10-08 00:00:00,2026-09-28 00:00:00,P1D,fcre,1.6,ensemble,7,Chla_ugL_mean,1.49000263231485
vera4cast,chlorocast_chronos,2026-10-09 00:00:00,2026-09-28 00:00:00,P1D,fcre,1.6,ensemble,7,Chla_ugL_mean,1.43044981662152
vera4cast,chlorocast_chronos,2026-10-10 00:00:00,2026-09-28 00:00:00,P1D,fcre,1.6,ensemble,7,Chla_ugL_mean,1.39667340591482
vera4cast,chlorocast_chronos,2026-10-11 00:00:00,2026-09-28 00:00:00,P1D,fcre,1.6,ensemble,7,Chla_ugL_mean,1.37912267658026
vera4cast,chlorocast_chronos,2026-10-12 00:00:00,2026-09-28 00:00:00,P1D,fcre,1.6,ensemble,7,Chla_ugL_mean,1.37790567922229
vera4cast,chlorocast_chronos,2026-10-13 00:00:00,2026-09-28 00:00:00,P1D,fcre,1.6,ensemble,7,Chla_ugL_mean,1.33299188019963
vera4cast,chlorocast_chronos,2026-10-14 00:00:00,2026-09-28 00:00:00,P1D,fcre,1.6,ensemble,7,Chla_ugL_mean,1.19746788514449
vera4cast,chlorocast_chronos,2026-10-15 00:00:00,2026-09-28 00:00:00,P1D,fcre,1.6,ensemble,7,Chla_ugL_mean,1.1008143863407
vera4cast,chlorocast_chronos,2026-10-16 00:00:00,2026-09-28 00:00:00,P1D,fcre,1.6,ensemble,7,Chla_ugL_mean,1.04860379805518
vera4cast,chlorocast_chronos,2026-10-17 00:00:00,2026-09-28 00:00:00,P1D,fcre,1.6,ensemble,7,Chla_ugL_mean,0.999493741374453
vera4cast,chlorocast_chronos,2026-10-18 00:00:00,2026-09-28 00:00:00,P1D,fcre,1.6,ensemble,7,Chla_ugL_mean,1.02253805503181
vera4cast,chlorocast_chronos,2026-10-19 00:00:00,2026-09-28 00:00:00,P1D,fcre,1.6,ensemble,7,Chla_ugL_mean,1.05777025931166
vera4cast,chlorocast_chronos,2026-10-20 00:00:00,2026-09-28 00:00:00,P1D,fcre,1.6,ensemble,7,Chla_ugL_mean,1.84362854796376
vera4cast,chlorocast_chronos,2026-10-21 00:00:00,2026-09-28 00:00:00,P1D,fcre,1.6,ensemble,7,Chla_ugL_mean,1.80886126304698
vera4cast,chlorocast_chronos,2026-10-22 00:00:00,2026-09-28 00:00:00,P1D,fcre,1.6,ensemble,7,Chla_ugL_mean,1.78091257262686
vera4cast,chlorocast_chronos,2026-10-23 00:00:00,2026-09-28 00:00:00,P1D,fcre,1.6,ensemble,7,Chla_ugL_mean,1.43592041462239
vera4cast,chlorocast_chronos,2026-10-24 00:00:00,2026-09-28 00:00:00,P1D,fcre,1.6,ensemble,7,Chla_ugL_mean,1.23261311445784
vera4cast,chlorocast_chronos,2026-10-25 00:00:00,2026-09-28 00:00:00,P1D,fcre,1.6,ensemble,7,Chla_ugL_mean,1.04636982969272
vera4cast,chlorocast_chronos,2026-10-26 00:00:00,2026-09-28 00:00:00,P1D,fcre,1.6,ensemble,7,Chla_ugL_mean,0.997121165745891
vera4cast,chlorocast_chronos,2026-10-27 00:00:00,2026-09-28 00:00:00,P1D,fcre,1.6,ensemble,7,Chla_ugL_mean,0.959439736859993
vera4cast,chlorocast_chronos,2026-10-28 00:00:00,2026-09-28 00:00:00,P1D,fcre,1.6,ensemble,7,Chla_ugL_mean,0.917946056627793
vera4cast,chlorocast_chronos,2026-10-29 00:00:00,2026-09-28 00:00:00,P1D,fcre,1.6,ensemble,7,Chla_ugL_mean,0.890512905001869
vera4cast,chlorocast_chronos,2026-10-30 00:00:00,2026-09-28 00:00:00,P1D,fcre,1.6,ensemble,7,Chla_ugL_mean,0.851910902575527
vera4cast,chlorocast_chronos,2026-10-31 00:00:00,2026-09-28 00:00:00,P1D,fcre,1.6,ensemble,7,Chla_ugL_mean,0.815863478729326
vera4cast,chlorocast_chronos,2026-11-01 00:00:00,2026-09-28 00:00:00,P1D,fcre,1.6,ensemble,7,Chla_ugL_mean,0.80832494087578
vera4cast,chlorocast_chronos,2026-11-02 00:00:00,2026-09-28 00:00:00,P1D,fcre,1.6,ensemble,7,Chla_ugL_mean,0.793592228727257
vera4cast,chlorocast_chronos,2026-09-29 00:00:00,2026-09-28 00:00:00,P1D,fcre,1.6,ensemble,8,Chla_ugL_mean,2.58326616081668
vera4cast,chlorocast_chronos,2026-09-30 00:00:00,2026-09-28 00:00:00,P1D,fcre,1.6,ensemble,8,Chla_ugL_mean,2.38118644498582
vera4cast,chlorocast_chronos,2026-10-01 00:00:00,2026-09-28 00:00:00,P1D,fcre,1.6,ensemble,8,Chla_ugL_mean,2.19462573811977
vera4cast,chlorocast_chronos,2026-10-02 00:00:00,2026-09-28 00:00:00,P1D,fcre,1.6,ensemble,8,Chla_ugL_mean,2.03483992653143
vera4cast,chlorocast_chronos,2026-10-03 00:00:00,2026-09-28 00:00:00,P1D,fcre,1.6,ensemble,8,Chla_ugL_mean,1.86290635718701
vera4cast,chlorocast_chronos,2026-10-04 00:00:00,2026-09-28 00:00:00,P1D,fcre,1.6,ensemble,8,Chla_ugL_mean,1.55747732318295
vera4cast,chlorocast_chronos,2026-10-05 00:00:00,2026-09-28 00:00:00,P1D,fcre,1.6,ensemble,8,Chla_ugL_mean,1.62840277033053
vera4cast,chlorocast_chronos,2026-10-06 00:00:00,2026-09-28 00:00:00,P1D,fcre,1.6,ensemble,8,Chla_ugL_mean,1.52264755971256
vera4cast,chlorocast_chronos,2026-10-07 00:00:00,2026-09-28 00:00:00,P1D,fcre,1.6,ensemble,8,Chla_ugL_mean,1.59155863567718
vera4cast,chlorocast_chronos,2026-10-08 00:00:00,2026-09-28 00:00:00,P1D,fcre,1.6,ensemble,8,Chla_ugL_mean,1.61620039809854
vera4cast,chlorocast_chronos,2026-10-09 00:00:00,2026-09-28 00:00:00,P1D,fcre,1.6,ensemble,8,Chla_ugL_mean,1.5554824519322
vera4cast,chlorocast_chronos,2026-10-10 00:00:00,2026-09-28 00:00:00,P1D,fcre,1.6,ensemble,8,Chla_ugL_mean,1.52105126741481
vera4cast,chlorocast_chronos,2026-10-11 00:00:00,2026-09-28 00:00:00,P1D,fcre,1.6,ensemble,8,Chla_ugL_mean,1.50460915710666
vera4cast,chlorocast_chronos,2026-10-12 00:00:00,2026-09-28 00:00:00,P1D,fcre,1.6,ensemble,8,Chla_ugL_mean,1.5058365867736
vera4cast,chlorocast_chronos,2026-10-13 00:00:00,2026-09-28 00:00:00,P1D,fcre,1.6,ensemble,8,Chla_ugL_mean,1.46219394546955
vera4cast,chlorocast_chronos,2026-10-14 00:00:00,2026-09-28 00:00:00,P1D,fcre,1.6,ensemble,8,Chla_ugL_mean,1.32618800326724
vera4cast,chlorocast_chronos,2026-10-15 00:00:00,2026-09-28 00:00:00,P1D,fcre,1.6,ensemble,8,Chla_ugL_mean,1.22862013664888
vera4cast,chlorocast_chronos,2026-10-16 00:00:00,2026-09-28 00:00:00,P1D,fcre,1.6,ensemble,8,Chla_ugL_mean,1.17671468689434
vera4cast,chlorocast_chronos,2026-10-17 00:00:00,2026-09-28 00:00:00,P1D,fcre,1.6,ensemble,8,Chla_ugL_mean,1.12591898674528
vera4cast,chlorocast_chronos,2026-10-18 00:00:00,2026-09-28 00:00:00,P1D,fcre,1.6,ensemble,8,Chla_ugL_mean,1.14949529254076
vera4cast,chlorocast_chronos,2026-10-19 00:00:00,2026-09-28 00:00:00,P1D,fcre,1.6,ensemble,8,Chla_ugL_mean,1.18511319663771
vera4cast,chlorocast_chronos,2026-10-20 00:00:00,2026-09-28 00:00:00,P1D,fcre,1.6,ensemble,8,Chla_ugL_mean,1.98548043659638
vera4cast,chlorocast_chronos,2026-10-21 00:00:00,2026-09-28 00:00:00,P1D,fcre,1.6,ensemble,8,Chla_ugL_mean,1.95039035071482
vera4cast,chlorocast_chronos,2026-10-22 00:00:00,2026-09-28 00:00:00,P1D,fcre,1.6,ensemble,8,Chla_ugL_mean,1.9210056820235
vera4cast,chlorocast_chronos,2026-10-23 00:00:00,2026-09-28 00:00:00,P1D,fcre,1.6,ensemble,8,Chla_ugL_mean,1.56956954405377
vera4cast,chlorocast_chronos,2026-10-24 00:00:00,2026-09-28 00:00:00,P1D,fcre,1.6,ensemble,8,Chla_ugL_mean,1.36194598007101
vera4cast,chlorocast_chronos,2026-10-25 00:00:00,2026-09-28 00:00:00,P1D,fcre,1.6,ensemble,8,Chla_ugL_mean,1.1709805501267
vera4cast,chlorocast_chronos,2026-10-26 00:00:00,2026-09-28 00:00:00,P1D,fcre,1.6,ensemble,8,Chla_ugL_mean,1.11955744045606
vera4cast,chlorocast_chronos,2026-10-27 00:00:00,2026-09-28 00:00:00,P1D,fcre,1.6,ensemble,8,Chla_ugL_mean,1.07992261767953
vera4cast,chlorocast_chronos,2026-10-28 00:00:00,2026-09-28 00:00:00,P1D,fcre,1.6,ensemble,8,Chla_ugL_mean,1.03713488671684
vera4cast,chlorocast_chronos,2026-10-29 00:00:00,2026-09-28 00:00:00,P1D,fcre,1.6,ensemble,8,Chla_ugL_mean,1.00827440275429
vera4cast,chlorocast_chronos,2026-10-30 00:00:00,2026-09-28 00:00:00,P1D,fcre,1.6,ensemble,8,Chla_ugL_mean,0.968420870775813
vera4cast,chlorocast_chronos,2026-10-31 00:00:00,2026-09-28 00:00:00,P1D,fcre,1.6,ensemble,8,Chla_ugL_mean,0.930984635364355
vera4cast,chlorocast_chronos,2026-11-01 00:00:00,2026-09-28 00:00:00,P1D,fcre,1.6,ensemble,8,Chla_ugL_mean,0.923179617492277
vera4cast,chlorocast_chronos,2026-11-02 00:00:00,2026-09-28 00:00:00,P1D,fcre,1.6,ensemble,8,Chla_ugL_mean,0.90786525942818
vera4cast,chlorocast_chronos,2026-09-29 00:00:00,2026-09-28 00:00:00,P1D,fcre,1.6,ensemble,9,Chla_ugL_mean,2.70695574314826
vera4cast,chlorocast_chronos,2026-09-30 00:00:00,2026-09-28 00:00:00,P1D,fcre,1.6,ensemble,9,Chla_ugL_mean,2.50507399578289
vera4cast,chlorocast_chronos,2026-10-01 00:00:00,2026-09-28 00:00:00,P1D,fcre,1.6,ensemble,9,Chla_ugL_mean,2.31741713842783
vera4cast,chlorocast_chronos,2026-10-02 00:00:00,2026-09-28 00:00:00,P1D,fcre,1.6,ensemble,9,Chla_ugL_mean,2.15542167692054
vera4cast,chlorocast_chronos,2026-10-03 00:00:00,2026-09-28 00:00:00,P1D,fcre,1.6,ensemble,9,Chla_ugL_mean,1.98150100769708
vera4cast,chlorocast_chronos,2026-10-04 00:00:00,2026-09-28 00:00:00,P1D,fcre,1.6,ensemble,9,Chla_ugL_mean,1.67418507068215
vera4cast,chlorocast_chronos,2026-10-05 00:00:00,2026-09-28 00:00:00,P1D,fcre,1.6,ensemble,9,Chla_ugL_mean,1.74560276455643
vera4cast,chlorocast_chronos,2026-10-06 00:00:00,2026-09-28 00:00:00,P1D,fcre,1.6,ensemble,9,Chla_ugL_mean,1.63880678235431
vera4cast,chlorocast_chronos,2026-10-07 00:00:00,2026-09-28 00:00:00,P1D,fcre,1.6,ensemble,9,Chla_ugL_mean,1.70910983078158
vera4cast,chlorocast_chronos,2026-10-08 00:00:00,2026-09-28 00:00:00,P1D,fcre,1.6,ensemble,9,Chla_ugL_mean,1.73475450985458
vera4cast,chlorocast_chronos,2026-10-09 00:00:00,2026-09-28 00:00:00,P1D,fcre,1.6,ensemble,9,Chla_ugL_mean,1.67302275639119
vera4cast,chlorocast_chronos,2026-10-10 00:00:00,2026-09-28 00:00:00,P1D,fcre,1.6,ensemble,9,Chla_ugL_mean,1.63802363265174
vera4cast,chlorocast_chronos,2026-10-11 00:00:00,2026-09-28 00:00:00,P1D,fcre,1.6,ensemble,9,Chla_ugL_mean,1.62271435138984
vera4cast,chlorocast_chronos,2026-10-12 00:00:00,2026-09-28 00:00:00,P1D,fcre,1.6,ensemble,9,Chla_ugL_mean,1.62635672963897
vera4cast,chlorocast_chronos,2026-10-13 00:00:00,2026-09-28 00:00:00,P1D,fcre,1.6,ensemble,9,Chla_ugL_mean,1.58408455473064
vera4cast,chlorocast_chronos,2026-10-14 00:00:00,2026-09-28 00:00:00,P1D,fcre,1.6,ensemble,9,Chla_ugL_mean,1.44797229217414
vera4cast,chlorocast_chronos,2026-10-15 00:00:00,2026-09-28 00:00:00,P1D,fcre,1.6,ensemble,9,Chla_ugL_mean,1.34978382446211
vera4cast,chlorocast_chronos,2026-10-16 00:00:00,2026-09-28 00:00:00,P1D,fcre,1.6,ensemble,9,Chla_ugL_mean,1.2983519439839
vera4cast,chlorocast_chronos,2026-10-17 00:00:00,2026-09-28 00:00:00,P1D,fcre,1.6,ensemble,9,Chla_ugL_mean,1.2460299256184
vera4cast,chlorocast_chronos,2026-10-18 00:00:00,2026-09-28 00:00:00,P1D,fcre,1.6,ensemble,9,Chla_ugL_mean,1.27006250483656
vera4cast,chlorocast_chronos,2026-10-19 00:00:00,2026-09-28 00:00:00,P1D,fcre,1.6,ensemble,9,Chla_ugL_mean,1.30595105520356
vera4cast,chlorocast_chronos,2026-10-20 00:00:00,2026-09-28 00:00:00,P1D,fcre,1.6,ensemble,9,Chla_ugL_mean,2.11864466784524
vera4cast,chlorocast_chronos,2026-10-21 00:00:00,2026-09-28 00:00:00,P1D,fcre,1.6,ensemble,9,Chla_ugL_mean,2.08331180002848
vera4cast,chlorocast_chronos,2026-10-22 00:00:00,2026-09-28 00:00:00,P1D,fcre,1.6,ensemble,9,Chla_ugL_mean,2.05257730394897
vera4cast,chlorocast_chronos,2026-10-23 00:00:00,2026-09-28 00:00:00,P1D,fcre,1.6,ensemble,9,Chla_ugL_mean,1.69559733600912
vera4cast,chlorocast_chronos,2026-10-24 00:00:00,2026-09-28 00:00:00,P1D,fcre,1.6,ensemble,9,Chla_ugL_mean,1.48423908181256
vera4cast,chlorocast_chronos,2026-10-25 00:00:00,2026-09-28 00:00:00,P1D,fcre,1.6,ensemble,9,Chla_ugL_mean,1.28912129377532
vera4cast,chlorocast_chronos,2026-10-26 00:00:00,2026-09-28 00:00:00,P1D,fcre,1.6,ensemble,9,Chla_ugL_mean,1.23567942619987
vera4cast,chlorocast_chronos,2026-10-27 00:00:00,2026-09-28 00:00:00,P1D,fcre,1.6,ensemble,9,Chla_ugL_mean,1.19421051694427
vera4cast,chlorocast_chronos,2026-10-28 00:00:00,2026-09-28 00:00:00,P1D,fcre,1.6,ensemble,9,Chla_ugL_mean,1.15026141161898
vera4cast,chlorocast_chronos,2026-10-29 00:00:00,2026-09-28 00:00:00,P1D,fcre,1.6,ensemble,9,Chla_ugL_mean,1.12006082368934
vera4cast,chlorocast_chronos,2026-10-30 00:00:00,2026-09-28 00:00:00,P1D,fcre,1.6,ensemble,9,Chla_ugL_mean,1.07908066284938
vera4cast,chlorocast_chronos,2026-10-31 00:00:00,2026-09-28 00:00:00,P1D,fcre,1.6,ensemble,9,Chla_ugL_mean,1.04037251970581
vera4cast,chlorocast_chronos,2026-11-01 00:00:00,2026-09-28 00:00:00,P1D,fcre,1.6,ensemble,9,Chla_ugL_mean,1.03232565964942
vera4cast,chlorocast_chronos,2026-11-02 00:00:00,2026-09-28 00:00:00,P1D,fcre,1.6,ensemble,9,Chla_ugL_mean,1.01647765919976
vera4cast,chlorocast_chronos,2026-09-29 00:00:00,2026-09-28 00:00:00,P1D,fcre,1.6,ensemble,10,Chla_ugL_mean,2.8230862724291
vera4cast,chlorocast_chronos,2026-09-30 00:00:00,2026-09-28 00:00:00,P1D,fcre,1.6,ensemble,10,Chla_ugL_mean,2.62161794788719
vera4cast,chlorocast_chronos,2026-10-01 00:00:00,2026-09-28 00:00:00,P1D,fcre,1.6,ensemble,10,Chla_ugL_mean,2.43312088510643
vera4cast,chlorocast_chronos,2026-10-02 00:00:00,2026-09-28 00:00:00,P1D,fcre,1.6,ensemble,10,Chla_ugL_mean,2.26917854436035
vera4cast,chlorocast_chronos,2026-10-03 00:00:00,2026-09-28 00:00:00,P1D,fcre,1.6,ensemble,10,Chla_ugL_mean,2.09355692423974
vera4cast,chlorocast_chronos,2026-10-04 00:00:00,2026-09-28 00:00:00,P1D,fcre,1.6,ensemble,10,Chla_ugL_mean,1.78488323366283
vera4cast,chlorocast_chronos,2026-10-05 00:00:00,2026-09-28 00:00:00,P1D,fcre,1.6,ensemble,10,Chla_ugL_mean,1.8566619442378
vera4cast,chlorocast_chronos,2026-10-06 00:00:00,2026-09-28 00:00:00,P1D,fcre,1.6,ensemble,10,Chla_ugL_mean,1.74902613548356
vera4cast,chlorocast_chronos,2026-10-07 00:00:00,2026-09-28 00:00:00,P1D,fcre,1.6,ensemble,10,Chla_ugL_mean,1.82058007345558
vera4cast,chlorocast_chronos,2026-10-08 00:00:00,2026-09-28 00:00:00,P1D,fcre,1.6,ensemble,10,Chla_ugL_mean,1.8471712862142
vera4cast,chlorocast_chronos,2026-10-09 00:00:00,2026-09-28 00:00:00,P1D,fcre,1.6,ensemble,10,Chla_ugL_mean,1.78454736153039
vera4cast,chlorocast_chronos,2026-10-10 00:00:00,2026-09-28 00:00:00,P1D,fcre,1.6,ensemble,10,Chla_ugL_mean,1.74905014154653
vera4cast,chlorocast_chronos,2026-10-11 00:00:00,2026-09-28 00:00:00,P1D,fcre,1.6,ensemble,10,Chla_ugL_mean,1.73489344698852
vera4cast,chlorocast_chronos,2026-10-12 00:00:00,2026-09-28 00:00:00,P1D,fcre,1.6,ensemble,10,Chla_ugL_mean,1.74092767667568
vera4cast,chlorocast_chronos,2026-10-13 00:00:00,2026-09-28 00:00:00,P1D,fcre,1.6,ensemble,10,Chla_ugL_mean,1.70010690137916
vera4cast,chlorocast_chronos,2026-10-14 00:00:00,2026-09-28 00:00:00,P1D,fcre,1.6,ensemble,10,Chla_ugL_mean,1.5641935198393
vera4cast,chlorocast_chronos,2026-10-15 00:00:00,2026-09-28 00:00:00,P1D,fcre,1.6,ensemble,10,Chla_ugL_mean,1.46562379551323
vera4cast,chlorocast_chronos,2026-10-16 00:00:00,2026-09-28 00:00:00,P1D,fcre,1.6,ensemble,10,Chla_ugL_mean,1.41480392821693
vera4cast,chlorocast_chronos,2026-10-17 00:00:00,2026-09-28 00:00:00,P1D,fcre,1.6,ensemble,10,Chla_ugL_mean,1.3610847639323
vera4cast,chlorocast_chronos,2026-10-18 00:00:00,2026-09-28 00:00:00,P1D,fcre,1.6,ensemble,10,Chla_ugL_mean,1.38551193418507
vera4cast,chlorocast_chronos,2026-10-19 00:00:00,2026-09-28 00:00:00,P1D,fcre,1.6,ensemble,10,Chla_ugL_mean,1.42157704804781
vera4cast,chlorocast_chronos,2026-10-20 00:00:00,2026-09-28 00:00:00,P1D,fcre,1.6,ensemble,10,Chla_ugL_mean,2.24483325099525
vera4cast,chlorocast_chronos,2026-10-21 00:00:00,2026-09-28 00:00:00,P1D,fcre,1.6,ensemble,10,Chla_ugL_mean,2.20932186883977
vera4cast,chlorocast_chronos,2026-10-22 00:00:00,2026-09-28 00:00:00,P1D,fcre,1.6,ensemble,10,Chla_ugL_mean,2.17730671822429
vera4cast,chlorocast_chronos,2026-10-23 00:00:00,2026-09-28 00:00:00,P1D,fcre,1.6,ensemble,10,Chla_ugL_mean,1.81550768796414
vera4cast,chlorocast_chronos,2026-10-24 00:00:00,2026-09-28 00:00:00,P1D,fcre,1.6,ensemble,10,Chla_ugL_mean,1.60088483092216
vera4cast,chlorocast_chronos,2026-10-25 00:00:00,2026-09-28 00:00:00,P1D,fcre,1.6,ensemble,10,Chla_ugL_mean,1.40207635563827
vera4cast,chlorocast_chronos,2026-10-26 00:00:00,2026-09-28 00:00:00,P1D,fcre,1.6,ensemble,10,Chla_ugL_mean,1.34674127732501
vera4cast,chlorocast_chronos,2026-10-27 00:00:00,2026-09-28 00:00:00,P1D,fcre,1.6,ensemble,10,Chla_ugL_mean,1.30353423363154
vera4cast,chlorocast_chronos,2026-10-28 00:00:00,2026-09-28 00:00:00,P1D,fcre,1.6,ensemble,10,Chla_ugL_mean,1.25853133199504
vera4cast,chlorocast_chronos,2026-10-29 00:00:00,2026-09-28 00:00:00,P1D,fcre,1.6,ensemble,10,Chla_ugL_mean,1.22706081075099
vera4cast,chlorocast_chronos,2026-10-30 00:00:00,2026-09-28 00:00:00,P1D,fcre,1.6,ensemble,10,Chla_ugL_mean,1.18505533244123
vera4cast,chlorocast_chronos,2026-10-31 00:00:00,2026-09-28 00:00:00,P1D,fcre,1.6,ensemble,10,Chla_ugL_mean,1.14516991880028
vera4cast,chlorocast_chronos,2026-11-01 00:00:00,2026-09-28 00:00:00,P1D,fcre,1.6,ensemble,10,Chla_ugL_mean,1.13690119497227
vera4cast,chlorocast_chronos,2026-11-02 00:00:00,2026-09-28 00:00:00,P1D,fcre,1.6,ensemble,10,Chla_ugL_mean,1.12055841299538
vera4cast,chlorocast_chronos,2026-09-29 00:00:00,2026-09-28 00:00:00,P1D,fcre,1.6,ensemble,11,Chla_ugL_mean,2.93300849667396
vera4cast,chlorocast_chronos,2026-09-30 00:00:00,2026-09-28 00:00:00,P1D,fcre,1.6,ensemble,11,Chla_ugL_mean,2.73212868564641
vera4cast,chlorocast_chronos,2026-10-01 00:00:00,2026-09-28 00:00:00,P1D,fcre,1.6,ensemble,11,Chla_ugL_mean,2.54300065138958
vera4cast,chlorocast_chronos,2026-10-02 00:00:00,2026-09-28 00:00:00,P1D,fcre,1.6,ensemble,11,Chla_ugL_mean,2.37732691496555
vera4cast,chlorocast_chronos,2026-10-03 00:00:00,2026-09-28 00:00:00,P1D,fcre,1.6,ensemble,11,Chla_ugL_mean,2.20023931693398
vera4cast,chlorocast_chronos,2026-10-04 00:00:00,2026-09-28 00:00:00,P1D,fcre,1.6,ensemble,11,Chla_ugL_mean,1.89064420029628
vera4cast,chlorocast_chronos,2026-10-05 00:00:00,2026-09-28 00:00:00,P1D,fcre,1.6,ensemble,11,Chla_ugL_mean,1.96267546629946
vera4cast,chlorocast_chronos,2026-10-06 00:00:00,2026-09-28 00:00:00,P1D,fcre,1.6,ensemble,11,Chla_ugL_mean,1.85436586709395
vera4cast,chlorocast_chronos,2026-10-07 00:00:00,2026-09-28 00:00:00,P1D,fcre,1.6,ensemble,11,Chla_ugL_mean,1.92705429962972
vera4cast,chlorocast_chronos,2026-10-08 00:00:00,2026-09-28 00:00:00,P1D,fcre,1.6,ensemble,11,Chla_ugL_mean,1.95454569370664
vera4cast,chlorocast_chronos,2026-10-09 00:00:00,2026-09-28 00:00:00,P1D,fcre,1.6,ensemble,11,Chla_ugL_mean,1.89113001132835
vera4cast,chlorocast_chronos,2026-10-10 00:00:00,2026-09-28 00:00:00,P1D,fcre,1.6,ensemble,11,Chla_ugL_mean,1.8551923909552
vera4cast,chlorocast_chronos,2026-10-11 00:00:00,2026-09-28 00:00:00,P1D,fcre,1.6,ensemble,11,Chla_ugL_mean,1.84220519114285
vera4cast,chlorocast_chronos,2026-10-12 00:00:00,2026-09-28 00:00:00,P1D,fcre,1.6,ensemble,11,Chla_ugL_mean,1.85061329967001
vera4cast,chlorocast_chronos,2026-10-13 00:00:00,2026-09-28 00:00:00,P1D,fcre,1.6,ensemble,11,Chla_ugL_mean,1.81131218757558
vera4cast,chlorocast_chronos,2026-10-14 00:00:00,2026-09-28 00:00:00,P1D,fcre,1.6,ensemble,11,Chla_ugL_mean,1.6758529256862
vera4cast,chlorocast_chronos,2026-10-15 00:00:00,2026-09-28 00:00:00,P1D,fcre,1.6,ensemble,11,Chla_ugL_mean,1.57710248411502
vera4cast,chlorocast_chronos,2026-10-16 00:00:00,2026-09-28 00:00:00,P1D,fcre,1.6,ensemble,11,Chla_ugL_mean,1.527011826223
vera4cast,chlorocast_chronos,2026-10-17 00:00:00,2026-09-28 00:00:00,P1D,fcre,1.6,ensemble,11,Chla_ugL_mean,1.47200291481279
vera4cast,chlorocast_chronos,2026-10-18 00:00:00,2026-09-28 00:00:00,P1D,fcre,1.6,ensemble,11,Chla_ugL_mean,1.496773081016
vera4cast,chlorocast_chronos,2026-10-19 00:00:00,2026-09-28 00:00:00,P1D,fcre,1.6,ensemble,11,Chla_ugL_mean,1.53293566102574
vera4cast,chlorocast_chronos,2026-10-20 00:00:00,2026-09-28 00:00:00,P1D,fcre,1.6,ensemble,11,Chla_ugL_mean,2.36529023626785
vera4cast,chlorocast_chronos,2026-10-21 00:00:00,2026-09-28 00:00:00,P1D,fcre,1.6,ensemble,11,Chla_ugL_mean,2.32965343389818
vera4cast,chlorocast_chronos,2026-10-22 00:00:00,2026-09-28 00:00:00,P1D,fcre,1.6,ensemble,11,Chla_ugL_mean,2.29641445625593
vera4cast,chlorocast_chronos,2026-10-23 00:00:00,2026-09-28 00:00:00,P1D,fcre,1.6,ensemble,11,Chla_ugL_mean,1.93039577963363
vera4cast,chlorocast_chronos,2026-10-24 00:00:00,2026-09-28 00:00:00,P1D,fcre,1.6,ensemble,11,Chla_ugL_mean,1.71289852211592
vera4cast,chlorocast_chronos,2026-10-25 00:00:00,2026-09-28 00:00:00,P1D,fcre,1.6,ensemble,11,Chla_ugL_mean,1.51078333365438
vera4cast,chlorocast_chronos,2026-10-26 00:00:00,2026-09-28 00:00:00,P1D,fcre,1.6,ensemble,11,Chla_ugL_mean,1.45365874046414
vera4cast,chlorocast_chronos,2026-10-27 00:00:00,2026-09-28 00:00:00,P1D,fcre,1.6,ensemble,11,Chla_ugL_mean,1.40879252697399
vera4cast,chlorocast_chronos,2026-10-28 00:00:00,2026-09-28 00:00:00,P1D,fcre,1.6,ensemble,11,Chla_ugL_mean,1.36282531183052
vera4cast,chlorocast_chronos,2026-10-29 00:00:00,2026-09-28 00:00:00,P1D,fcre,1.6,ensemble,11,Chla_ugL_mean,1.33014261977909
vera4cast,chlorocast_chronos,2026-10-30 00:00:00,2026-09-28 00:00:00,P1D,fcre,1.6,ensemble,11,Chla_ugL_mean,1.28719611624418
vera4cast,chlorocast_chronos,2026-10-31 00:00:00,2026-09-28 00:00:00,P1D,fcre,1.6,ensemble,11,Chla_ugL_mean,1.24621196141996
vera4cast,chlorocast_chronos,2026-11-01 00:00:00,2026-09-28 00:00:00,P1D,fcre,1.6,ensemble,11,Chla_ugL_mean,1.23773798585476
vera4cast,chlorocast_chronos,2026-11-02 00:00:00,2026-09-28 00:00:00,P1D,fcre,1.6,ensemble,11,Chla_ugL_mean,1.22093266624945
vera4cast,chlorocast_chronos,2026-09-29 00:00:00,2026-09-28 00:00:00,P1D,fcre,1.6,ensemble,12,Chla_ugL_mean,3.03773399864586
vera4cast,chlorocast_chronos,2026-09-30 00:00:00,2026-09-28 00:00:00,P1D,fcre,1.6,ensemble,12,Chla_ugL_mean,2.83758856072384
vera4cast,chlorocast_chronos,2026-10-01 00:00:00,2026-09-28 00:00:00,P1D,fcre,1.6,ensemble,12,Chla_ugL_mean,2.64800457454604
vera4cast,chlorocast_chronos,2026-10-02 00:00:00,2026-09-28 00:00:00,P1D,fcre,1.6,ensemble,12,Chla_ugL_mean,2.48077999795873
vera4cast,chlorocast_chronos,2026-10-03 00:00:00,2026-09-28 00:00:00,P1D,fcre,1.6,ensemble,12,Chla_ugL_mean,2.30242365713174
vera4cast,chlorocast_chronos,2026-10-04 00:00:00,2026-09-28 00:00:00,P1D,fcre,1.6,ensemble,12,Chla_ugL_mean,1.99227523221198
vera4cast,chlorocast_chronos,2026-10-05 00:00:00,2026-09-28 00:00:00,P1D,fcre,1.6,ensemble,12,Chla_ugL_mean,2.06446734836456
vera4cast,chlorocast_chronos,2026-10-06 00:00:00,2026-09-28 00:00:00,P1D,fcre,1.6,ensemble,12,Chla_ugL_mean,1.95562424609848
vera4cast,chlorocast_chronos,2026-10-07 00:00:00,2026-09-28 00:00:00,P1D,fcre,1.6,ensemble,12,Chla_ugL_mean,2.02934911679505
vera4cast,chlorocast_chronos,2026-10-08 00:00:00,2026-09-28 00:00:00,P1D,fcre,1.6,ensemble,12,Chla_ugL_mean,2.05770187353739
vera4cast,chlorocast_chronos,2026-10-09 00:00:00,2026-09-28 00:00:00,P1D,fcre,1.6,ensemble,12,Chla_ugL_mean,1.99357911759784
vera4cast,chlorocast_chronos,2026-10-10 00:00:00,2026-09-28 00:00:00,P1D,fcre,1.6,ensemble,12,Chla_ugL_mean,1.95724978967564
vera4cast,chlorocast_chronos,2026-10-11 00:00:00,2026-09-28 00:00:00,P1D,fcre,1.6,ensemble,12,Chla_ugL_mean,1.94544711264423
vera4cast,chlorocast_chronos,2026-10-12 00:00:00,2026-09-28 00:00:00,P1D,fcre,1.6,ensemble,12,Chla_ugL_mean,1.95621531768525
vera4cast,chlorocast_chronos,2026-10-13 00:00:00,2026-09-28 00:00:00,P1D,fcre,1.6,ensemble,12,Chla_ugL_mean,1.91849306954876
vera4cast,chlorocast_chronos,2026-10-14 00:00:00,2026-09-28 00:00:00,P1D,fcre,1.6,ensemble,12,Chla_ugL_mean,1.78370641276099
vera4cast,chlorocast_chronos,2026-10-15 00:00:00,2026-09-28 00:00:00,P1D,fcre,1.6,ensemble,12,Chla_ugL_mean,1.68494711358968
vera4cast,chlorocast_chronos,2026-10-16 00:00:00,2026-09-28 00:00:00,P1D,fcre,1.6,ensemble,12,Chla_ugL_mean,1.63568725567089
vera4cast,chlorocast_chronos,2026-10-17 00:00:00,2026-09-28 00:00:00,P1D,fcre,1.6,ensemble,12,Chla_ugL_mean,1.57947971126914
vera4cast,chlorocast_chronos,2026-10-18 00:00:00,2026-09-28 00:00:00,P1D,fcre,1.6,ensemble,12,Chla_ugL_mean,1.60454878845327
vera4cast,chlorocast_chronos,2026-10-19 00:00:00,2026-09-28 00:00:00,P1D,fcre,1.6,ensemble,12,Chla_ugL_mean,1.64074083381679
vera4cast,chlorocast_chronos,2026-10-20 00:00:00,2026-09-28 00:00:00,P1D,fcre,1.6,ensemble,12,Chla_ugL_mean,2.48095167745491
vera4cast,chlorocast_chronos,2026-10-21 00:00:00,2026-09-28 00:00:00,P1D,fcre,1.6,ensemble,12,Chla_ugL_mean,2.44523432755761
vera4cast,chlorocast_chronos,2026-10-22 00:00:00,2026-09-28 00:00:00,P1D,fcre,1.6,ensemble,12,Chla_ugL_mean,2.41081905595556
vera4cast,chlorocast_chronos,2026-10-23 00:00:00,2026-09-28 00:00:00,P1D,fcre,1.6,ensemble,12,Chla_ugL_mean,2.04108726452056
vera4cast,chlorocast_chronos,2026-10-24 00:00:00,2026-09-28 00:00:00,P1D,fcre,1.6,ensemble,12,Chla_ugL_mean,1.82104648179729
vera4cast,chlorocast_chronos,2026-10-25 00:00:00,2026-09-28 00:00:00,P1D,fcre,1.6,ensemble,12,Chla_ugL_mean,1.61595069971527
vera4cast,chlorocast_chronos,2026-10-26 00:00:00,2026-09-28 00:00:00,P1D,fcre,1.6,ensemble,12,Chla_ugL_mean,1.55712388261203
vera4cast,chlorocast_chronos,2026-10-27 00:00:00,2026-09-28 00:00:00,P1D,fcre,1.6,ensemble,12,Chla_ugL_mean,1.51066467191712
vera4cast,chlorocast_chronos,2026-10-28 00:00:00,2026-09-28 00:00:00,P1D,fcre,1.6,ensemble,12,Chla_ugL_mean,1.46380911189129
vera4cast,chlorocast_chronos,2026-10-29 00:00:00,2026-09-28 00:00:00,P1D,fcre,1.6,ensemble,12,Chla_ugL_mean,1.42996266698613
vera4cast,chlorocast_chronos,2026-10-30 00:00:00,2026-09-28 00:00:00,P1D,fcre,1.6,ensemble,12,Chla_ugL_mean,1.38614671194569
vera4cast,chlorocast_chronos,2026-10-31 00:00:00,2026-09-28 00:00:00,P1D,fcre,1.6,ensemble,12,Chla_ugL_mean,1.34413027738998
vera4cast,chlorocast_chronos,2026-11-01 00:00:00,2026-09-28 00:00:00,P1D,fcre,1.6,ensemble,12,Chla_ugL_mean,1.33546514314387
vera4cast,chlorocast_chronos,2026-11-02 00:00:00,2026-09-28 00:00:00,P1D,fcre,1.6,ensemble,12,Chla_ugL_mean,1.31822457037822
vera4cast,chlorocast_chronos,2026-09-29 00:00:00,2026-09-28 00:00:00,P1D,fcre,1.6,ensemble,13,Chla_ugL_mean,3.13804218748198
vera4cast,chlorocast_chronos,2026-09-30 00:00:00,2026-09-28 00:00:00,P1D,fcre,1.6,ensemble,13,Chla_ugL_mean,2.93875516311316
vera4cast,chlorocast_chronos,2026-10-01 00:00:00,2026-09-28 00:00:00,P1D,fcre,1.6,ensemble,13,Chla_ugL_mean,2.74886442595727
vera4cast,chlorocast_chronos,2026-10-02 00:00:00,2026-09-28 00:00:00,P1D,fcre,1.6,ensemble,13,Chla_ugL_mean,2.5802429977587
vera4cast,chlorocast_chronos,2026-10-03 00:00:00,2026-09-28 00:00:00,P1D,fcre,1.6,ensemble,13,Chla_ugL_mean,2.40078649155969
vera4cast,chlorocast_chronos,2026-10-04 00:00:00,2026-09-28 00:00:00,P1D,fcre,1.6,ensemble,13,Chla_ugL_mean,2.09040125776778
vera4cast,chlorocast_chronos,2026-10-05 00:00:00,2026-09-28 00:00:00,P1D,fcre,1.6,ensemble,13,Chla_ugL_mean,2.16267521589506
vera4cast,chlorocast_chronos,2026-10-06 00:00:00,2026-09-28 00:00:00,P1D,fcre,1.6,ensemble,13,Chla_ugL_mean,2.05341934389435
vera4cast,chlorocast_chronos,2026-10-07 00:00:00,2026-09-28 00:00:00,P1D,fcre,1.6,ensemble,13,Chla_ugL_mean,2.12809661689761
vera4cast,chlorocast_chronos,2026-10-08 00:00:00,2026-09-28 00:00:00,P1D,fcre,1.6,ensemble,13,Chla_ugL_mean,2.15727773757944
vera4cast,chlorocast_chronos,2026-10-09 00:00:00,2026-09-28 00:00:00,P1D,fcre,1.6,ensemble,13,Chla_ugL_mean,2.09252059189119
vera4cast,chlorocast_chronos,2026-10-10 00:00:00,2026-09-28 00:00:00,P1D,fcre,1.6,ensemble,13,Chla_ugL_mean,2.05584138079019
vera4cast,chlorocast_chronos,2026-10-11 00:00:00,2026-09-28 00:00:00,P1D,fcre,1.6,ensemble,13,Chla_ugL_mean,2.04523698954409
vera4cast,chlorocast_chronos,2026-10-12 00:00:00,2026-09-28 00:00:00,P1D,fcre,1.6,ensemble,13,Chla_ugL_mean,2.0583549920141
vera4cast,chlorocast_chronos,2026-10-13 00:00:00,2026-09-28 00:00:00,P1D,fcre,1.6,ensemble,13,Chla_ugL_mean,2.02226413542527
vera4cast,chlorocast_chronos,2026-10-14 00:00:00,2026-09-28 00:00:00,P1D,fcre,1.6,ensemble,13,Chla_ugL_mean,1.88834074099449
vera4cast,chlorocast_chronos,2026-10-15 00:00:00,2026-09-28 00:00:00,P1D,fcre,1.6,ensemble,13,Chla_ugL_mean,1.78972263256045
vera4cast,chlorocast_chronos,2026-10-16 00:00:00,2026-09-28 00:00:00,P1D,fcre,1.6,ensemble,13,Chla_ugL_mean,1.74138337222576
vera4cast,chlorocast_chronos,2026-10-17 00:00:00,2026-09-28 00:00:00,P1D,fcre,1.6,ensemble,13,Chla_ugL_mean,1.68405578193297
vera4cast,chlorocast_chronos,2026-10-18 00:00:00,2026-09-28 00:00:00,P1D,fcre,1.6,ensemble,13,Chla_ugL_mean,1.70938543667612
vera4cast,chlorocast_chronos,2026-10-19 00:00:00,2026-09-28 00:00:00,P1D,fcre,1.6,ensemble,13,Chla_ugL_mean,1.74554740002383
vera4cast,chlorocast_chronos,2026-10-20 00:00:00,2026-09-28 00:00:00,P1D,fcre,1.6,ensemble,13,Chla_ugL_mean,2.59254189792122
vera4cast,chlorocast_chronos,2026-10-21 00:00:00,2026-09-28 00:00:00,P1D,fcre,1.6,ensemble,13,Chla_ugL_mean,2.55678264415884
vera4cast,chlorocast_chronos,2026-10-22 00:00:00,2026-09-28 00:00:00,P1D,fcre,1.6,ensemble,13,Chla_ugL_mean,2.52123141563981
vera4cast,chlorocast_chronos,2026-10-23 00:00:00,2026-09-28 00:00:00,P1D,fcre,1.6,ensemble,13,Chla_ugL_mean,2.14822219696117
vera4cast,chlorocast_chronos,2026-10-24 00:00:00,2026-09-28 00:00:00,P1D,fcre,1.6,ensemble,13,Chla_ugL_mean,1.92592342414963
vera4cast,chlorocast_chronos,2026-10-25 00:00:00,2026-09-28 00:00:00,P1D,fcre,1.6,ensemble,13,Chla_ugL_mean,1.71812884636262
vera4cast,chlorocast_chronos,2026-10-26 00:00:00,2026-09-28 00:00:00,P1D,fcre,1.6,ensemble,13,Chla_ugL_mean,1.65767442993688
vera4cast,chlorocast_chronos,2026-10-27 00:00:00,2026-09-28 00:00:00,P1D,fcre,1.6,ensemble,13,Chla_ugL_mean,1.60967848919255
vera4cast,chlorocast_chronos,2026-10-28 00:00:00,2026-09-28 00:00:00,P1D,fcre,1.6,ensemble,13,Chla_ugL_mean,1.56200017112138
vera4cast,chlorocast_chronos,2026-10-29 00:00:00,2026-09-28 00:00:00,P1D,fcre,1.6,ensemble,13,Chla_ugL_mean,1.52703115489018
vera4cast,chlorocast_chronos,2026-10-30 00:00:00,2026-09-28 00:00:00,P1D,fcre,1.6,ensemble,13,Chla_ugL_mean,1.48240754585814
vera4cast,chlorocast_chronos,2026-10-31 00:00:00,2026-09-28 00:00:00,P1D,fcre,1.6,ensemble,13,Chla_ugL_mean,1.43941599452038
vera4cast,chlorocast_chronos,2026-11-01 00:00:00,2026-09-28 00:00:00,P1D,fcre,1.6,ensemble,13,Chla_ugL_mean,1.4305718560468
vera4cast,chlorocast_chronos,2026-11-02 00:00:00,2026-09-28 00:00:00,P1D,fcre,1.6,ensemble,13,Chla_ugL_mean,1.41291949176491
vera4cast,chlorocast_chronos,2026-09-29 00:00:00,2026-09-28 00:00:00,P1D,fcre,1.6,ensemble,14,Chla_ugL_mean,3.2345477721102
vera4cast,chlorocast_chronos,2026-09-30 00:00:00,2026-09-28 00:00:00,P1D,fcre,1.6,ensemble,14,Chla_ugL_mean,3.03622650756977
vera4cast,chlorocast_chronos,2026-10-01 00:00:00,2026-09-28 00:00:00,P1D,fcre,1.6,ensemble,14,Chla_ugL_mean,2.8461582564778
vera4cast,chlorocast_chronos,2026-10-02 00:00:00,2026-09-28 00:00:00,P1D,fcre,1.6,ensemble,14,Chla_ugL_mean,2.67627326626795
vera4cast,chlorocast_chronos,2026-10-03 00:00:00,2026-09-28 00:00:00,P1D,fcre,1.6,ensemble,14,Chla_ugL_mean,2.49586288010973
vera4cast,chlorocast_chronos,2026-10-04 00:00:00,2026-09-28 00:00:00,P1D,fcre,1.6,ensemble,14,Chla_ugL_mean,2.18551732477228
vera4cast,chlorocast_chronos,2026-10-05 00:00:00,2026-09-28 00:00:00,P1D,fcre,1.6,ensemble,14,Chla_ugL_mean,2.25780397078959
vera4cast,chlorocast_chronos,2026-10-06 00:00:00,2026-09-28 00:00:00,P1D,fcre,1.6,ensemble,14,Chla_ugL_mean,2.14824085444897
vera4cast,chlorocast_chronos,2026-10-07 00:00:00,2026-09-28 00:00:00,P1D,fcre,1.6,ensemble,14,Chla_ugL_mean,2.22379746933732
vera4cast,chlorocast_chronos,2026-10-08 00:00:00,2026-09-28 00:00:00,P1D,fcre,1.6,ensemble,14,Chla_ugL_mean,2.25377855652109
vera4cast,chlorocast_chronos,2026-10-09 00:00:00,2026-09-28 00:00:00,P1D,fcre,1.6,ensemble,14,Chla_ugL_mean,2.18845033008066
vera4cast,chlorocast_chronos,2026-10-10 00:00:00,2026-09-28 00:00:00,P1D,fcre,1.6,ensemble,14,Chla_ugL_mean,2.15145769465448
vera4cast,chlorocast_chronos,2026-10-11 00:00:00,2026-09-28 00:00:00,P1D,fcre,1.6,ensemble,14,Chla_ugL_mean,2.14206449244986
vera4cast,chlorocast_chronos,2026-10-12 00:00:00,2026-09-28 00:00:00,P1D,fcre,1.6,ensemble,14,Chla_ugL_mean,2.15752493210685
vera4cast,chlorocast_chronos,2026-10-13 00:00:00,2026-09-28 00:00:00,P1D,fcre,1.6,ensemble,14,Chla_ugL_mean,2.12311296639194
vera4cast,chlorocast_chronos,2026-10-14 00:00:00,2026-09-28 00:00:00,P1D,fcre,1.6,ensemble,14,Chla_ugL_mean,1.99022192041989
vera4cast,chlorocast_chronos,2026-10-15 00:00:00,2026-09-28 00:00:00,P1D,fcre,1.6,ensemble,14,Chla_ugL_mean,1.89187807268638
vera4cast,chlorocast_chronos,2026-10-16 00:00:00,2026-09-28 00:00:00,P1D,fcre,1.6,ensemble,14,Chla_ugL_mean,1.84454008829815
vera4cast,chlorocast_chronos,2026-10-17 00:00:00,2026-09-28 00:00:00,P1D,fcre,1.6,ensemble,14,Chla_ugL_mean,1.78616117817725
vera4cast,chlorocast_chronos,2026-10-18 00:00:00,2026-09-28 00:00:00,P1D,fcre,1.6,ensemble,14,Chla_ugL_mean,1.81171758453169
vera4cast,chlorocast_chronos,2026-10-19 00:00:00,2026-09-28 00:00:00,P1D,fcre,1.6,ensemble,14,Chla_ugL_mean,1.84779650869363
vera4cast,chlorocast_chronos,2026-10-20 00:00:00,2026-09-28 00:00:00,P1D,fcre,1.6,ensemble,14,Chla_ugL_mean,2.70063445419735
vera4cast,chlorocast_chronos,2026-10-21 00:00:00,2026-09-28 00:00:00,P1D,fcre,1.6,ensemble,14,Chla_ugL_mean,2.66486710655208
vera4cast,chlorocast_chronos,2026-10-22 00:00:00,2026-09-28 00:00:00,P1D,fcre,1.6,ensemble,14,Chla_ugL_mean,2.62821455704709
vera4cast,chlorocast_chronos,2026-10-23 00:00:00,2026-09-28 00:00:00,P1D,fcre,1.6,ensemble,14,Chla_ugL_mean,2.25230827259403
vera4cast,chlorocast_chronos,2026-10-24 00:00:00,2026-09-28 00:00:00,P1D,fcre,1.6,ensemble,14,Chla_ugL_mean,2.0280015726667
vera4cast,chlorocast_chronos,2026-10-25 00:00:00,2026-09-28 00:00:00,P1D,fcre,1.6,ensemble,14,Chla_ugL_mean,1.81775524431845
vera4cast,chlorocast_chronos,2026-10-26 00:00:00,2026-09-28 00:00:00,P1D,fcre,1.6,ensemble,14,Chla_ugL_mean,1.75573784543328
vera4cast,chlorocast_chronos,2026-10-27 00:00:00,2026-09-28 00:00:00,P1D,fcre,1.6,ensemble,14,Chla_ugL_mean,1.70625359346591
vera4cast,chlorocast_chronos,2026-10-28 00:00:00,2026-09-28 00:00:00,P1D,fcre,1.6,ensemble,14,Chla_ugL_mean,1.65780994239324
vera4cast,chlorocast_chronos,2026-10-29 00:00:00,2026-09-28 00:00:00,P1D,fcre,1.6,ensemble,14,Chla_ugL_mean,1.62175380241165
vera4cast,chlorocast_chronos,2026-10-30 00:00:00,2026-09-28 00:00:00,P1D,fcre,1.6,ensemble,14,Chla_ugL_mean,1.57637664706658
vera4cast,chlorocast_chronos,2026-10-31 00:00:00,2026-09-28 00:00:00,P1D,fcre,1.6,ensemble,14,Chla_ugL_mean,1.5324598104681
vera4cast,chlorocast_chronos,2026-11-01 00:00:00,2026-09-28 00:00:00,P1D,fcre,1.6,ensemble,14,Chla_ugL_mean,1.52344729554838
vera4cast,chlorocast_chronos,2026-11-02 00:00:00,2026-09-28 00:00:00,P1D,fcre,1.6,ensemble,14,Chla_ugL_mean,1.50540358616359
vera4cast,chlorocast_chronos,2026-09-29 00:00:00,2026-09-28 00:00:00,P1D,fcre,1.6,ensemble,15,Chla_ugL_mean,3.32774513452768
vera4cast,chlorocast_chronos,2026-09-30 00:00:00,2026-09-28 00:00:00,P1D,fcre,1.6,ensemble,15,Chla_ugL_mean,3.13048393822162
vera4cast,chlorocast_chronos,2026-10-01 00:00:00,2026-09-28 00:00:00,P1D,fcre,1.6,ensemble,15,Chla_ugL_mean,2.94035165683252
vera4cast,chlorocast_chronos,2026-10-02 00:00:00,2026-09-28 00:00:00,P1D,fcre,1.6,ensemble,15,Chla_ugL_mean,2.7693199405519
vera4cast,chlorocast_chronos,2026-10-03 00:00:00,2026-09-28 00:00:00,P1D,fcre,1.6,ensemble,15,Chla_ugL_mean,2.58808426852257
vera4cast,chlorocast_chronos,2026-10-04 00:00:00,2026-09-28 00:00:00,P1D,fcre,1.6,ensemble,15,Chla_ugL_mean,2.27802323851915
vera4cast,chlorocast_chronos,2026-10-05 00:00:00,2026-09-28 00:00:00,P1D,fcre,1.6,ensemble,15,Chla_ugL_mean,2.35026121927557
vera4cast,chlorocast_chronos,2026-10-06 00:00:00,2026-09-28 00:00:00,P1D,fcre,1.6,ensemble,15,Chla_ugL_mean,2.24048431950792
vera4cast,chlorocast_chronos,2026-10-07 00:00:00,2026-09-28 00:00:00,P1D,fcre,1.6,ensemble,15,Chla_ugL_mean,2.31685597843353
vera4cast,chlorocast_chronos,2026-10-08 00:00:00,2026-09-28 00:00:00,P1D,fcre,1.6,ensemble,15,Chla_ugL_mean,2.34761234373271
vera4cast,chlorocast_chronos,2026-10-09 00:00:00,2026-09-28 00:00:00,P1D,fcre,1.6,ensemble,15,Chla_ugL_mean,2.28176887581959
vera4cast,chlorocast_chronos,2026-10-10 00:00:00,2026-09-28 00:00:00,P1D,fcre,1.6,ensemble,15,Chla_ugL_mean,2.24449500003705
vera4cast,chlorocast_chronos,2026-10-11 00:00:00,2026-09-28 00:00:00,P1D,fcre,1.6,ensemble,15,Chla_ugL_mean,2.23632530610046
vera4cast,chlorocast_chronos,2026-10-12 00:00:00,2026-09-28 00:00:00,P1D,fcre,1.6,ensemble,15,Chla_ugL_mean,2.25412333564649
vera4cast,chlorocast_chronos,2026-10-13 00:00:00,2026-09-28 00:00:00,P1D,fcre,1.6,ensemble,15,Chla_ugL_mean,2.22143390061703
vera4cast,chlorocast_chronos,2026-10-14 00:00:00,2026-09-28 00:00:00,P1D,fcre,1.6,ensemble,15,Chla_ugL_mean,2.08972724094068
vera4cast,chlorocast_chronos,2026-10-15 00:00:00,2026-09-28 00:00:00,P1D,fcre,1.6,ensemble,15,Chla_ugL_mean,1.99177725088946
vera4cast,chlorocast_chronos,2026-10-16 00:00:00,2026-09-28 00:00:00,P1D,fcre,1.6,ensemble,15,Chla_ugL_mean,1.94551403500498
vera4cast,chlorocast_chronos,2026-10-17 00:00:00,2026-09-28 00:00:00,P1D,fcre,1.6,ensemble,15,Chla_ugL_mean,1.88614461827334
vera4cast,chlorocast_chronos,2026-10-18 00:00:00,2026-09-28 00:00:00,P1D,fcre,1.6,ensemble,15,Chla_ugL_mean,1.91189755098593
vera4cast,chlorocast_chronos,2026-10-19 00:00:00,2026-09-28 00:00:00,P1D,fcre,1.6,ensemble,15,Chla_ugL_mean,1.94784571525074
vera4cast,chlorocast_chronos,2026-10-20 00:00:00,2026-09-28 00:00:00,P1D,fcre,1.6,ensemble,15,Chla_ugL_mean,2.80569237967007
vera4cast,chlorocast_chronos,2026-10-21 00:00:00,2026-09-28 00:00:00,P1D,fcre,1.6,ensemble,15,Chla_ugL_mean,2.7699469219734
vera4cast,chlorocast_chronos,2026-10-22 00:00:00,2026-09-28 00:00:00,P1D,fcre,1.6,ensemble,15,Chla_ugL_mean,2.73222308263654
vera4cast,chlorocast_chronos,2026-10-23 00:00:00,2026-09-28 00:00:00,P1D,fcre,1.6,ensemble,15,Chla_ugL_mean,2.35375602790931
vera4cast,chlorocast_chronos,2026-10-24 00:00:00,2026-09-28 00:00:00,P1D,fcre,1.6,ensemble,15,Chla_ugL_mean,2.12766316588349
vera4cast,chlorocast_chronos,2026-10-25 00:00:00,2026-09-28 00:00:00,P1D,fcre,1.6,ensemble,15,Chla_ugL_mean,1.91518435030837
vera4cast,chlorocast_chronos,2026-10-26 00:00:00,2026-09-28 00:00:00,P1D,fcre,1.6,ensemble,15,Chla_ugL_mean,1.85166052490063
vera4cast,chlorocast_chronos,2026-10-27 00:00:00,2026-09-28 00:00:00,P1D,fcre,1.6,ensemble,15,Chla_ugL_mean,1.80073004131831
vera4cast,chlorocast_chronos,2026-10-28 00:00:00,2026-09-28 00:00:00,P1D,fcre,1.6,ensemble,15,Chla_ugL_mean,1.751571941182
vera4cast,chlorocast_chronos,2026-10-29 00:00:00,2026-09-28 00:00:00,P1D,fcre,1.6,ensemble,15,Chla_ugL_mean,1.71445949339839
vera4cast,chlorocast_chronos,2026-10-30 00:00:00,2026-09-28 00:00:00,P1D,fcre,1.6,ensemble,15,Chla_ugL_mean,1.66837673344336
vera4cast,chlorocast_chronos,2026-10-31 00:00:00,2026-09-28 00:00:00,P1D,fcre,1.6,ensemble,15,Chla_ugL_mean,1.62357855058476
vera4cast,chlorocast_chronos,2026-11-01 00:00:00,2026-09-28 00:00:00,P1D,fcre,1.6,ensemble,15,Chla_ugL_mean,1.61440706145574
vera4cast,chlorocast_chronos,2026-11-02 00:00:00,2026-09-28 00:00:00,P1D,fcre,1.6,ensemble,15,Chla_ugL_mean,1.59599002907526
vera4cast,chlorocast_chronos,2026-09-29 00:00:00,2026-09-28 00:00:00,P1D,fcre,1.6,ensemble,16,Chla_ugL_mean,3.41803854577897
vera4cast,chlorocast_chronos,2026-09-30 00:00:00,2026-09-28 00:00:00,P1D,fcre,1.6,ensemble,16,Chla_ugL_mean,3.22192136644187
vera4cast,chlorocast_chronos,2026-10-01 00:00:00,2026-09-28 00:00:00,P1D,fcre,1.6,ensemble,16,Chla_ugL_mean,3.03182589260517
vera4cast,chlorocast_chronos,2026-10-02 00:00:00,2026-09-28 00:00:00,P1D,fcre,1.6,ensemble,16,Chla_ugL_mean,2.85975098331939
vera4cast,chlorocast_chronos,2026-10-03 00:00:00,2026-09-28 00:00:00,P1D,fcre,1.6,ensemble,16,Chla_ugL_mean,2.67780433956386
vera4cast,chlorocast_chronos,2026-10-04 00:00:00,2026-09-28 00:00:00,P1D,fcre,1.6,ensemble,16,Chla_ugL_mean,2.36824723761139
vera4cast,chlorocast_chronos,2026-10-05 00:00:00,2026-09-28 00:00:00,P1D,fcre,1.6,ensemble,16,Chla_ugL_mean,2.44038147950079
vera4cast,chlorocast_chronos,2026-10-06 00:00:00,2026-09-28 00:00:00,P1D,fcre,1.6,ensemble,16,Chla_ugL_mean,2.33047452531708
vera4cast,chlorocast_chronos,2026-10-07 00:00:00,2026-09-28 00:00:00,P1D,fcre,1.6,ensemble,16,Chla_ugL_mean,2.40760404383564
vera4cast,chlorocast_chronos,2026-10-08 00:00:00,2026-09-28 00:00:00,P1D,fcre,1.6,ensemble,16,Chla_ugL_mean,2.43911403841998
vera4cast,chlorocast_chronos,2026-10-09 00:00:00,2026-09-28 00:00:00,P1D,fcre,1.6,ensemble,16,Chla_ugL_mean,2.37280511647358
vera4cast,chlorocast_chronos,2026-10-10 00:00:00,2026-09-28 00:00:00,P1D,fcre,1.6,ensemble,16,Chla_ugL_mean,2.33527872117833
vera4cast,chlorocast_chronos,2026-10-11 00:00:00,2026-09-28 00:00:00,P1D,fcre,1.6,ensemble,16,Chla_ugL_mean,2.32834446340281
vera4cast,chlorocast_chronos,2026-10-12 00:00:00,2026-09-28 00:00:00,P1D,fcre,1.6,ensemble,16,Chla_ugL_mean,2.34847741048303
vera4cast,chlorocast_chronos,2026-10-13 00:00:00,2026-09-28 00:00:00,P1D,fcre,1.6,ensemble,16,Chla_ugL_mean,2.31755113946117
vera4cast,chlorocast_chronos,2026-10-14 00:00:00,2026-09-28 00:00:00,P1D,fcre,1.6,ensemble,16,Chla_ugL_mean,2.18716721041453
vera4cast,chlorocast_chronos,2026-10-15 00:00:00,2026-09-28 00:00:00,P1D,fcre,1.6,ensemble,16,Chla_ugL_mean,2.08971981037358
vera4cast,chlorocast_chronos,2026-10-16 00:00:00,2026-09-28 00:00:00,P1D,fcre,1.6,ensemble,16,Chla_ugL_mean,2.04459910458839
vera4cast,chlorocast_chronos,2026-10-17 00:00:00,2026-09-28 00:00:00,P1D,fcre,1.6,ensemble,16,Chla_ugL_mean,1.98429354108521
vera4cast,chlorocast_chronos,2026-10-18 00:00:00,2026-09-28 00:00:00,P1D,fcre,1.6,ensemble,16,Chla_ugL_mean,2.01021569783613
vera4cast,chlorocast_chronos,2026-10-19 00:00:00,2026-09-28 00:00:00,P1D,fcre,1.6,ensemble,16,Chla_ugL_mean,2.04598960900656
vera4cast,chlorocast_chronos,2026-10-20 00:00:00,2026-09-28 00:00:00,P1D,fcre,1.6,ensemble,16,Chla_ugL_mean,2.9080956828955
vera4cast,chlorocast_chronos,2026-10-21 00:00:00,2026-09-28 00:00:00,P1D,fcre,1.6,ensemble,16,Chla_ugL_mean,2.87239901929913
vera4cast,chlorocast_chronos,2026-10-22 00:00:00,2026-09-28 00:00:00,P1D,fcre,1.6,ensemble,16,Chla_ugL_mean,2.83363014037993
vera4cast,chlorocast_chronos,2026-10-23 00:00:00,2026-09-28 00:00:00,P1D,fcre,1.6,ensemble,16,Chla_ugL_mean,2.45290292555693
vera4cast,chlorocast_chronos,2026-10-24 00:00:00,2026-09-28 00:00:00,P1D,fcre,1.6,ensemble,16,Chla_ugL_mean,2.22522271768772
vera4cast,chlorocast_chronos,2026-10-25 00:00:00,2026-09-28 00:00:00,P1D,fcre,1.6,ensemble,16,Chla_ugL_mean,2.01070810395191
vera4cast,chlorocast_chronos,2026-10-26 00:00:00,2026-09-28 00:00:00,P1D,fcre,1.6,ensemble,16,Chla_ugL_mean,1.94572780806267
vera4cast,chlorocast_chronos,2026-10-27 00:00:00,2026-09-28 00:00:00,P1D,fcre,1.6,ensemble,16,Chla_ugL_mean,1.89338796766219
vera4cast,chlorocast_chronos,2026-10-28 00:00:00,2026-09-28 00:00:00,P1D,fcre,1.6,ensemble,16,Chla_ugL_mean,1.8435609743379
vera4cast,chlorocast_chronos,2026-10-29 00:00:00,2026-09-28 00:00:00,P1D,fcre,1.6,ensemble,16,Chla_ugL_mean,1.8054192317656
vera4cast,chlorocast_chronos,2026-10-30 00:00:00,2026-09-28 00:00:00,P1D,fcre,1.6,ensemble,16,Chla_ugL_mean,1.7586737839974
vera4cast,chlorocast_chronos,2026-10-31 00:00:00,2026-09-28 00:00:00,P1D,fcre,1.6,ensemble,16,Chla_ugL_mean,1.71303338026987
vera4cast,chlorocast_chronos,2026-11-01 00:00:00,2026-09-28 00:00:00,P1D,fcre,1.6,ensemble,16,Chla_ugL_mean,1.70371131928353
vera4cast,chlorocast_chronos,2026-11-02 00:00:00,2026-09-28 00:00:00,P1D,fcre,1.6,ensemble,16,Chla_ugL_mean,1.68493700490914
vera4cast,chlorocast_chronos,2026-09-29 00:00:00,2026-09-28 00:00:00,P1D,fcre,1.6,ensemble,17,Chla_ugL_mean,3.50576335583558
vera4cast,chlorocast_chronos,2026-09-30 00:00:00,2026-09-28 00:00:00,P1D,fcre,1.6,ensemble,17,Chla_ugL_mean,3.31086578898949
vera4cast,chlorocast_chronos,2026-10-01 00:00:00,2026-09-28 00:00:00,P1D,fcre,1.6,ensemble,17,Chla_ugL_mean,3.12089765976083
vera4cast,chlorocast_chronos,2026-10-02 00:00:00,2026-09-28 00:00:00,P1D,fcre,1.6,ensemble,17,Chla_ugL_mean,2.94787217766187
vera4cast,chlorocast_chronos,2026-10-03 00:00:00,2026-09-28 00:00:00,P1D,fcre,1.6,ensemble,17,Chla_ugL_mean,2.76531718185401
vera4cast,chlorocast_chronos,2026-10-04 00:00:00,2026-09-28 00:00:00,P1D,fcre,1.6,ensemble,17,Chla_ugL_mean,2.45646265491437
vera4cast,chlorocast_chronos,2026-10-05 00:00:00,2026-09-28 00:00:00,P1D,fcre,1.6,ensemble,17,Chla_ugL_mean,2.52844321146373
vera4cast,chlorocast_chronos,2026-10-06 00:00:00,2026-09-28 00:00:00,P1D,fcre,1.6,ensemble,17,Chla_ugL_mean,2.41848196914986
vera4cast,chlorocast_chronos,2026-10-07 00:00:00,2026-09-28 00:00:00,P1D,fcre,1.6,ensemble,17,Chla_ugL_mean,2.49631802038634
vera4cast,chlorocast_chronos,2026-10-08 00:00:00,2026-09-28 00:00:00,P1D,fcre,1.6,ensemble,17,Chla_ugL_mean,2.52856252200196
vera4cast,chlorocast_chronos,2026-10-09 00:00:00,2026-09-28 00:00:00,P1D,fcre,1.6,ensemble,17,Chla_ugL_mean,2.46183295998144
vera4cast,chlorocast_chronos,2026-10-10 00:00:00,2026-09-28 00:00:00,P1D,fcre,1.6,ensemble,17,Chla_ugL_mean,2.42407992031361
vera4cast,chlorocast_chronos,2026-10-11 00:00:00,2026-09-28 00:00:00,P1D,fcre,1.6,ensemble,17,Chla_ugL_mean,2.41839277310209
vera4cast,chlorocast_chronos,2026-10-12 00:00:00,2026-09-28 00:00:00,P1D,fcre,1.6,ensemble,17,Chla_ugL_mean,2.44085986860947
vera4cast,chlorocast_chronos,2026-10-13 00:00:00,2026-09-28 00:00:00,P1D,fcre,1.6,ensemble,17,Chla_ugL_mean,2.41173502555717
vera4cast,chlorocast_chronos,2026-10-14 00:00:00,2026-09-28 00:00:00,P1D,fcre,1.6,ensemble,17,Chla_ugL_mean,2.28280102180923
vera4cast,chlorocast_chronos,2026-10-15 00:00:00,2026-09-28 00:00:00,P1D,fcre,1.6,ensemble,17,Chla_ugL_mean,2.18595606317576
vera4cast,chlorocast_chronos,2026-10-16 00:00:00,2026-09-28 00:00:00,P1D,fcre,1.6,ensemble,17,Chla_ugL_mean,2.14204094686294
vera4cast,chlorocast_chronos,2026-10-17 00:00:00,2026-09-28 00:00:00,P1D,fcre,1.6,ensemble,17,Chla_ugL_mean,2.08084825982756
vera4cast,chlorocast_chronos,2026-10-18 00:00:00,2026-09-28 00:00:00,P1D,fcre,1.6,ensemble,17,Chla_ugL_mean,2.10691474364503
vera4cast,chlorocast_chronos,2026-10-19 00:00:00,2026-09-28 00:00:00,P1D,fcre,1.6,ensemble,17,Chla_ugL_mean,2.14247436750774
vera4cast,chlorocast_chronos,2026-10-20 00:00:00,2026-09-28 00:00:00,P1D,fcre,1.6,ensemble,17,Chla_ugL_mean,3.00816069261802
vera4cast,chlorocast_chronos,2026-10-21 00:00:00,2026-09-28 00:00:00,P1D,fcre,1.6,ensemble,17,Chla_ugL_mean,2.97253721294655
vera4cast,chlorocast_chronos,2026-10-22 00:00:00,2026-09-28 00:00:00,P1D,fcre,1.6,ensemble,17,Chla_ugL_mean,2.93274639591041
vera4cast,chlorocast_chronos,2026-10-23 00:00:00,2026-09-28 00:00:00,P1D,fcre,1.6,ensemble,17,Chla_ugL_mean,2.55003032001908
vera4cast,chlorocast_chronos,2026-10-24 00:00:00,2026-09-28 00:00:00,P1D,fcre,1.6,ensemble,17,Chla_ugL_mean,2.32094270922846
vera4cast,chlorocast_chronos,2026-10-25 00:00:00,2026-09-28 00:00:00,P1D,fcre,1.6,ensemble,17,Chla_ugL_mean,2.10457038667092
vera4cast,chlorocast_chronos,2026-10-26 00:00:00,2026-09-28 00:00:00,P1D,fcre,1.6,ensemble,17,Chla_ugL_mean,2.03817809614309
vera4cast,chlorocast_chronos,2026-10-27 00:00:00,2026-09-28 00:00:00,P1D,fcre,1.6,ensemble,17,Chla_ugL_mean,1.98446143954569
vera4cast,chlorocast_chronos,2026-10-28 00:00:00,2026-09-28 00:00:00,P1D,fcre,1.6,ensemble,17,Chla_ugL_mean,1.93400670831497
vera4cast,chlorocast_chronos,2026-10-29 00:00:00,2026-09-28 00:00:00,P1D,fcre,1.6,ensemble,17,Chla_ugL_mean,1.89485951708782
vera4cast,chlorocast_chronos,2026-10-30 00:00:00,2026-09-28 00:00:00,P1D,fcre,1.6,ensemble,17,Chla_ugL_mean,1.84749014618667
vera4cast,chlorocast_chronos,2026-10-31 00:00:00,2026-09-28 00:00:00,P1D,fcre,1.6,ensemble,17,Chla_ugL_mean,1.80104265960597
vera4cast,chlorocast_chronos,2026-11-01 00:00:00,2026-09-28 00:00:00,P1D,fcre,1.6,ensemble,17,Chla_ugL_mean,1.79157760195453
vera4cast,chlorocast_chronos,2026-11-02 00:00:00,2026-09-28 00:00:00,P1D,fcre,1.6,ensemble,17,Chla_ugL_mean,1.77246040496911
vera4cast,chlorocast_chronos,2026-09-29 00:00:00,2026-09-28 00:00:00,P1D,fcre,1.6,ensemble,18,Chla_ugL_mean,3.59120123276366
vera4cast,chlorocast_chronos,2026-09-30 00:00:00,2026-09-28 00:00:00,P1D,fcre,1.6,ensemble,18,Chla_ugL_mean,3.39759205353142
vera4cast,chlorocast_chronos,2026-10-01 00:00:00,2026-09-28 00:00:00,P1D,fcre,1.6,ensemble,18,Chla_ugL_mean,3.20783330892221
vera4cast,chlorocast_chronos,2026-10-02 00:00:00,2026-09-28 00:00:00,P1D,fcre,1.6,ensemble,18,Chla_ugL_mean,3.03394080871322
vera4cast,chlorocast_chronos,2026-10-03 00:00:00,2026-09-28 00:00:00,P1D,fcre,1.6,ensemble,18,Chla_ugL_mean,2.85087038298018
vera4cast,chlorocast_chronos,2026-10-04 00:00:00,2026-09-28 00:00:00,P1D,fcre,1.6,ensemble,18,Chla_ugL_mean,2.54289993803615
vera4cast,chlorocast_chronos,2026-10-05 00:00:00,2026-09-28 00:00:00,P1D,fcre,1.6,ensemble,18,Chla_ugL_mean,2.614681100219
vera4cast,chlorocast_chronos,2026-10-06 00:00:00,2026-09-28 00:00:00,P1D,fcre,1.6,ensemble,18,Chla_ugL_mean,2.50473474083306
vera4cast,chlorocast_chronos,2026-10-07 00:00:00,2026-09-28 00:00:00,P1D,fcre,1.6,ensemble,18,Chla_ugL_mean,2.58323088120801
vera4cast,chlorocast_chronos,2026-10-08 00:00:00,2026-09-28 00:00:00,P1D,fcre,1.6,ensemble,18,Chla_ugL_mean,2.61619289396491
vera4cast,chlorocast_chronos,2026-10-09 00:00:00,2026-09-28 00:00:00,P1D,fcre,1.6,ensemble,18,Chla_ugL_mean,2.54908336798332
vera4cast,chlorocast_chronos,2026-10-10 00:00:00,2026-09-28 00:00:00,P1D,fcre,1.6,ensemble,18,Chla_ugL_mean,2.51112719186089
vera4cast,chlorocast_chronos,2026-10-11 00:00:00,2026-09-28 00:00:00,P1D,fcre,1.6,ensemble,18,Chla_ugL_mean,2.50669867677241
vera4cast,chlorocast_chronos,2026-10-12 00:00:00,2026-09-28 00:00:00,P1D,fcre,1.6,ensemble,18,Chla_ugL_mean,2.53150083395456
vera4cast,chlorocast_chronos,2026-10-13 00:00:00,2026-09-28 00:00:00,P1D,fcre,1.6,ensemble,18,Chla_ugL_mean,2.50421379902278
vera4cast,chlorocast_chronos,2026-10-14 00:00:00,2026-09-28 00:00:00,P1D,fcre,1.6,ensemble,18,Chla_ugL_mean,2.37684773174815
vera4cast,chlorocast_chronos,2026-10-15 00:00:00,2026-09-28 00:00:00,P1D,fcre,1.6,ensemble,18,Chla_ugL_mean,2.28069772251924
vera4cast,chlorocast_chronos,2026-10-16 00:00:00,2026-09-28 00:00:00,P1D,fcre,1.6,ensemble,18,Chla_ugL_mean,2.23804745503891
vera4cast,chlorocast_chronos,2026-10-17 00:00:00,2026-09-28 00:00:00,P1D,fcre,1.6,ensemble,18,Chla_ugL_mean,2.17601220146815
vera4cast,chlorocast_chronos,2026-10-18 00:00:00,2026-09-28 00:00:00,P1D,fcre,1.6,ensemble,18,Chla_ugL_mean,2.20220011804897
vera4cast,chlorocast_chronos,2026-10-19 00:00:00,2026-09-28 00:00:00,P1D,fcre,1.6,ensemble,18,Chla_ugL_mean,2.23750828281608
vera4cast,chlorocast_chronos,2026-10-20 00:00:00,2026-09-28 00:00:00,P1D,fcre,1.6,ensemble,18,Chla_ugL_mean,3.10615401083734
vera4cast,chlorocast_chronos,2026-10-21 00:00:00,2026-09-28 00:00:00,P1D,fcre,1.6,ensemble,18,Chla_ugL_mean,3.0706260269933
vera4cast,chlorocast_chronos,2026-10-22 00:00:00,2026-09-28 00:00:00,P1D,fcre,1.6,ensemble,18,Chla_ugL_mean,3.02983371828618
vera4cast,chlorocast_chronos,2026-10-23 00:00:00,2026-09-28 00:00:00,P1D,fcre,1.6,ensemble,18,Chla_ugL_mean,2.6453757089656
vera4cast,chlorocast_chronos,2026-10-24 00:00:00,2026-09-28 00:00:00,P1D,fcre,1.6,ensemble,18,Chla_ugL_mean,2.41504492828112
vera4cast,chlorocast_chronos,2026-10-25 00:00:00,2026-09-28 00:00:00,P1D,fcre,1.6,ensemble,18,Chla_ugL_mean,2.19697747676488
vera4cast,chlorocast_chronos,2026-10-26 00:00:00,2026-09-28 00:00:00,P1D,fcre,1.6,ensemble,18,Chla_ugL_mean,2.12921306101739
vera4cast,chlorocast_chronos,2026-10-27 00:00:00,2026-09-28 00:00:00,P1D,fcre,1.6,ensemble,18,Chla_ugL_mean,2.07414847494146
vera4cast,chlorocast_chronos,2026-10-28 00:00:00,2026-09-28 00:00:00,P1D,fcre,1.6,ensemble,18,Chla_ugL_mean,2.02310348278196
vera4cast,chlorocast_chronos,2026-10-29 00:00:00,2026-09-28 00:00:00,P1D,fcre,1.6,ensemble,18,Chla_ugL_mean,1.98297201917468
vera4cast,chlorocast_chronos,2026-10-30 00:00:00,2026-09-28 00:00:00,P1D,fcre,1.6,ensemble,18,Chla_ugL_mean,1.9350140176666
vera4cast,chlorocast_chronos,2026-10-31 00:00:00,2026-09-28 00:00:00,P1D,fcre,1.6,ensemble,18,Chla_ugL_mean,1.88779124324349
vera4cast,chlorocast_chronos,2026-11-01 00:00:00,2026-09-28 00:00:00,P1D,fcre,1.6,ensemble,18,Chla_ugL_mean,1.87819007160902
vera4cast,chlorocast_chronos,2026-11-02 00:00:00,2026-09-28 00:00:00,P1D,fcre,1.6,ensemble,18,Chla_ugL_mean,1.85874301459651
vera4cast,chlorocast_chronos,2026-09-29 00:00:00,2026-09-28 00:00:00,P1D,fcre,1.6,ensemble,19,Chla_ugL_mean,3.67459136411869
vera4cast,chlorocast_chronos,2026-09-30 00:00:00,2026-09-28 00:00:00,P1D,fcre,1.6,ensemble,19,Chla_ugL_mean,3.48233371835893
vera4cast,chlorocast_chronos,2026-10-01 00:00:00,2026-09-28 00:00:00,P1D,fcre,1.6,ensemble,19,Chla_ugL_mean,3.29285931218675
vera4cast,chlorocast_chronos,2026-10-02 00:00:00,2026-09-28 00:00:00,P1D,fcre,1.6,ensemble,19,Chla_ugL_mean,3.11817573471892
vera4cast,chlorocast_chronos,2026-10-03 00:00:00,2026-09-28 00:00:00,P1D,fcre,1.6,ensemble,19,Chla_ugL_mean,2.93467467167844
vera4cast,chlorocast_chronos,2026-10-04 00:00:00,2026-09-28 00:00:00,P1D,fcre,1.6,ensemble,19,Chla_ugL_mean,2.62775551117649
vera4cast,chlorocast_chronos,2026-10-05 00:00:00,2026-09-28 00:00:00,P1D,fcre,1.6,ensemble,19,Chla_ugL_mean,2.69929510903117
vera4cast,chlorocast_chronos,2026-10-06 00:00:00,2026-09-28 00:00:00,P1D,fcre,1.6,ensemble,19,Chla_ugL_mean,2.58942728305754
vera4cast,chlorocast_chronos,2026-10-07 00:00:00,2026-09-28 00:00:00,P1D,fcre,1.6,ensemble,19,Chla_ugL_mean,2.66854118406713
vera4cast,chlorocast_chronos,2026-10-08 00:00:00,2026-09-28 00:00:00,P1D,fcre,1.6,ensemble,19,Chla_ugL_mean,2.70220552125654
vera4cast,chlorocast_chronos,2026-10-09 00:00:00,2026-09-28 00:00:00,P1D,fcre,1.6,ensemble,19,Chla_ugL_mean,2.63475322779522
vera4cast,chlorocast_chronos,2026-10-10 00:00:00,2026-09-28 00:00:00,P1D,fcre,1.6,ensemble,19,Chla_ugL_mean,2.59661543283391
vera4cast,chlorocast_chronos,2026-10-11 00:00:00,2026-09-28 00:00:00,P1D,fcre,1.6,ensemble,19,Chla_ugL_mean,2.59345699343464
vera4cast,chlorocast_chronos,2026-10-12 00:00:00,2026-09-28 00:00:00,P1D,fcre,1.6,ensemble,19,Chla_ugL_mean,2.62059662648268
vera4cast,chlorocast_chronos,2026-10-13 00:00:00,2026-09-28 00:00:00,P1D,fcre,1.6,ensemble,19,Chla_ugL_mean,2.59518227267675
vera4cast,chlorocast_chronos,2026-10-14 00:00:00,2026-09-28 00:00:00,P1D,fcre,1.6,ensemble,19,Chla_ugL_mean,2.46949451491965
vera4cast,chlorocast_chronos,2026-10-15 00:00:00,2026-09-28 00:00:00,P1D,fcre,1.6,ensemble,19,Chla_ugL_mean,2.37412583132313
vera4cast,chlorocast_chronos,2026-10-16 00:00:00,2026-09-28 00:00:00,P1D,fcre,1.6,ensemble,19,Chla_ugL_mean,2.33279651466068
vera4cast,chlorocast_chronos,2026-10-17 00:00:00,2026-09-28 00:00:00,P1D,fcre,1.6,ensemble,19,Chla_ugL_mean,2.26995947456068
vera4cast,chlorocast_chronos,2026-10-18 00:00:00,2026-09-28 00:00:00,P1D,fcre,1.6,ensemble,19,Chla_ugL_mean,2.29624761385173
vera4cast,chlorocast_chronos,2026-10-19 00:00:00,2026-09-28 00:00:00,P1D,fcre,1.6,ensemble,19,Chla_ugL_mean,2.33126953936914
vera4cast,chlorocast_chronos,2026-10-20 00:00:00,2026-09-28 00:00:00,P1D,fcre,1.6,ensemble,19,Chla_ugL_mean,3.20230279674583
vera4cast,chlorocast_chronos,2026-10-21 00:00:00,2026-09-28 00:00:00,P1D,fcre,1.6,ensemble,19,Chla_ugL_mean,3.16689088523137
vera4cast,chlorocast_chronos,2026-10-22 00:00:00,2026-09-28 00:00:00,P1D,fcre,1.6,ensemble,19,Chla_ugL_mean,3.12511526803682
vera4cast,chlorocast_chronos,2026-10-23 00:00:00,2026-09-28 00:00:00,P1D,fcre,1.6,ensemble,19,Chla_ugL_mean,2.73914177286048
vera4cast,chlorocast_chronos,2026-10-24 00:00:00,2026-09-28 00:00:00,P1D,fcre,1.6,ensemble,19,Chla_ugL_mean,2.50771884130337
vera4cast,chlorocast_chronos,2026-10-25 00:00:00,2026-09-28 00:00:00,P1D,fcre,1.6,ensemble,19,Chla_ugL_mean,2.28810577316899
vera4cast,chlorocast_chronos,2026-10-26 00:00:00,2026-09-28 00:00:00,P1D,fcre,1.6,ensemble,19,Chla_ugL_mean,2.21900518790225
vera4cast,chlorocast_chronos,2026-10-27 00:00:00,2026-09-28 00:00:00,P1D,fcre,1.6,ensemble,19,Chla_ugL_mean,2.16261844505506
vera4cast,chlorocast_chronos,2026-10-28 00:00:00,2026-09-28 00:00:00,P1D,fcre,1.6,ensemble,19,Chla_ugL_mean,2.11101756225619
vera4cast,chlorocast_chronos,2026-10-29 00:00:00,2026-09-28 00:00:00,P1D,fcre,1.6,ensemble,19,Chla_ugL_mean,2.06992072716841
vera4cast,chlorocast_chronos,2026-10-30 00:00:00,2026-09-28 00:00:00,P1D,fcre,1.6,ensemble,19,Chla_ugL_mean,2.02140645372984
vera4cast,chlorocast_chronos,2026-10-31 00:00:00,2026-09-28 00:00:00,P1D,fcre,1.6,ensemble,19,Chla_ugL_mean,1.97343735406565
vera4cast,chlorocast_chronos,2026-11-01 00:00:00,2026-09-28 00:00:00,P1D,fcre,1.6,ensemble,19,Chla_ugL_mean,1.96370636527832
vera4cast,chlorocast_chronos,2026-11-02 00:00:00,2026-09-28 00:00:00,P1D,fcre,1.6,ensemble,19,Chla_ugL_mean,1.94394130390741
vera4cast,chlorocast_chronos,2026-09-29 00:00:00,2026-09-28 00:00:00,P1D,fcre,1.6,ensemble,20,Chla_ugL_mean,3.75613884914513
vera4cast,chlorocast_chronos,2026-09-30 00:00:00,2026-09-28 00:00:00,P1D,fcre,1.6,ensemble,20,Chla_ugL_mean,3.56529119313561
vera4cast,chlorocast_chronos,2026-10-01 00:00:00,2026-09-28 00:00:00,P1D,fcre,1.6,ensemble,20,Chla_ugL_mean,3.37617011297572
vera4cast,chlorocast_chronos,2026-10-02 00:00:00,2026-09-28 00:00:00,P1D,fcre,1.6,ensemble,20,Chla_ugL_mean,3.20076494256146
vera4cast,chlorocast_chronos,2026-10-03 00:00:00,2026-09-28 00:00:00,P1D,fcre,1.6,ensemble,20,Chla_ugL_mean,3.01691115464556
vera4cast,chlorocast_chronos,2026-10-04 00:00:00,2026-09-28 00:00:00,P1D,fcre,1.6,ensemble,20,Chla_ugL_mean,2.71119843299728
vera4cast,chlorocast_chronos,2026-10-05 00:00:00,2026-09-28 00:00:00,P1D,fcre,1.6,ensemble,20,Chla_ugL_mean,2.78245727930014
vera4cast,chlorocast_chronos,2026-10-06 00:00:00,2026-09-28 00:00:00,P1D,fcre,1.6,ensemble,20,Chla_ugL_mean,2.67272697359653
vera4cast,chlorocast_chronos,2026-10-07 00:00:00,2026-09-28 00:00:00,P1D,fcre,1.6,ensemble,20,Chla_ugL_mean,2.75241980733333
vera4cast,chlorocast_chronos,2026-10-08 00:00:00,2026-09-28 00:00:00,P1D,fcre,1.6,ensemble,20,Chla_ugL_mean,2.78677283655101
vera4cast,chlorocast_chronos,2026-10-09 00:00:00,2026-09-28 00:00:00,P1D,fcre,1.6,ensemble,20,Chla_ugL_mean,2.71901201844862
vera4cast,chlorocast_chronos,2026-10-10 00:00:00,2026-09-28 00:00:00,P1D,fcre,1.6,ensemble,20,Chla_ugL_mean,2.68071243318881
vera4cast,chlorocast_chronos,2026-10-11 00:00:00,2026-09-28 00:00:00,P1D,fcre,1.6,ensemble,20,Chla_ugL_mean,2.67883549166517
vera4cast,chlorocast_chronos,2026-10-12 00:00:00,2026-09-28 00:00:00,P1D,fcre,1.6,ensemble,20,Chla_ugL_mean,2.70831636538956
vera4cast,chlorocast_chronos,2026-10-13 00:00:00,2026-09-28 00:00:00,P1D,fcre,1.6,ensemble,20,Chla_ugL_mean,2.68480835544201
vera4cast,chlorocast_chronos,2026-10-14 00:00:00,2026-09-28 00:00:00,P1D,fcre,1.6,ensemble,20,Chla_ugL_mean,2.56090287488872
vera4cast,chlorocast_chronos,2026-10-15 00:00:00,2026-09-28 00:00:00,P1D,fcre,1.6,ensemble,20,Chla_ugL_mean,2.46639673030844
vera4cast,chlorocast_chronos,2026-10-16 00:00:00,2026-09-28 00:00:00,P1D,fcre,1.6,ensemble,20,Chla_ugL_mean,2.42644183833285
vera4cast,chlorocast_chronos,2026-10-17 00:00:00,2026-09-28 00:00:00,P1D,fcre,1.6,ensemble,20,Chla_ugL_mean,2.36284056830365
vera4cast,chlorocast_chronos,2026-10-18 00:00:00,2026-09-28 00:00:00,P1D,fcre,1.6,ensemble,20,Chla_ugL_mean,2.3892091490709
vera4cast,chlorocast_chronos,2026-10-19 00:00:00,2026-09-28 00:00:00,P1D,fcre,1.6,ensemble,20,Chla_ugL_mean,2.42391206980024
vera4cast,chlorocast_chronos,2026-10-20 00:00:00,2026-09-28 00:00:00,P1D,fcre,1.6,ensemble,20,Chla_ugL_mean,3.29680249113519
vera4cast,chlorocast_chronos,2026-10-21 00:00:00,2026-09-28 00:00:00,P1D,fcre,1.6,ensemble,20,Chla_ugL_mean,3.26152576586699
vera4cast,chlorocast_chronos,2026-10-22 00:00:00,2026-09-28 00:00:00,P1D,fcre,1.6,ensemble,20,Chla_ugL_mean,3.21878307521987
vera4cast,chlorocast_chronos,2026-10-23 00:00:00,2026-09-28 00:00:00,P1D,fcre,1.6,ensemble,20,Chla_ugL_mean,2.83150317167833
vera4cast,chlorocast_chronos,2026-10-24 00:00:00,2026-09-28 00:00:00,P1D,fcre,1.6,ensemble,20,Chla_ugL_mean,2.5991278919916
vera4cast,chlorocast_chronos,2026-10-25 00:00:00,2026-09-28 00:00:00,P1D,fcre,1.6,ensemble,20,Chla_ugL_mean,2.37810760949631
vera4cast,chlorocast_chronos,2026-10-26 00:00:00,2026-09-28 00:00:00,P1D,fcre,1.6,ensemble,20,Chla_ugL_mean,2.30770345352576
vera4cast,chlorocast_chronos,2026-10-27 00:00:00,2026-09-28 00:00:00,P1D,fcre,1.6,ensemble,20,Chla_ugL_mean,2.25001764699986
vera4cast,chlorocast_chronos,2026-10-28 00:00:00,2026-09-28 00:00:00,P1D,fcre,1.6,ensemble,20,Chla_ugL_mean,2.19789259599125
vera4cast,chlorocast_chronos,2026-10-29 00:00:00,2026-09-28 00:00:00,P1D,fcre,1.6,ensemble,20,Chla_ugL_mean,2.15584733237155
vera4cast,chlorocast_chronos,2026-10-30 00:00:00,2026-09-28 00:00:00,P1D,fcre,1.6,ensemble,20,Chla_ugL_mean,2.1068066440596
vera4cast,chlorocast_chronos,2026-10-31 00:00:00,2026-09-28 00:00:00,P1D,fcre,1.6,ensemble,20,Chla_ugL_mean,2.05811775964848
vera4cast,chlorocast_chronos,2026-11-01 00:00:00,2026-09-28 00:00:00,P1D,fcre,1.6,ensemble,20,Chla_ugL_mean,2.04826275037093
vera4cast,chlorocast_chronos,2026-11-02 00:00:00,2026-09-28 00:00:00,P1D,fcre,1.6,ensemble,20,Chla_ugL_mean,2.02819054208303
vera4cast,chlorocast_chronos,2026-09-29 00:00:00,2026-09-28 00:00:00,P1D,fcre,1.6,ensemble,21,Chla_ugL_mean,3.82720082204254
vera4cast,chlorocast_chronos,2026-09-30 00:00:00,2026-09-28 00:00:00,P1D,fcre,1.6,ensemble,21,Chla_ugL_mean,3.63764854630638
vera4cast,chlorocast_chronos,2026-10-01 00:00:00,2026-09-28 00:00:00,P1D,fcre,1.6,ensemble,21,Chla_ugL_mean,3.44918322181726
vera4cast,chlorocast_chronos,2026-10-02 00:00:00,2026-09-28 00:00:00,P1D,fcre,1.6,ensemble,21,Chla_ugL_mean,3.27320758915689
vera4cast,chlorocast_chronos,2026-10-03 00:00:00,2026-09-28 00:00:00,P1D,fcre,1.6,ensemble,21,Chla_ugL_mean,3.08923985586658
vera4cast,chlorocast_chronos,2026-10-04 00:00:00,2026-09-28 00:00:00,P1D,fcre,1.6,ensemble,21,Chla_ugL_mean,2.78474822656456
vera4cast,chlorocast_chronos,2026-10-05 00:00:00,2026-09-28 00:00:00,P1D,fcre,1.6,ensemble,21,Chla_ugL_mean,2.85564272394019
vera4cast,chlorocast_chronos,2026-10-06 00:00:00,2026-09-28 00:00:00,P1D,fcre,1.6,ensemble,21,Chla_ugL_mean,2.74626962345656
vera4cast,chlorocast_chronos,2026-10-07 00:00:00,2026-09-28 00:00:00,P1D,fcre,1.6,ensemble,21,Chla_ugL_mean,2.82653006109892
vera4cast,chlorocast_chronos,2026-10-08 00:00:00,2026-09-28 00:00:00,P1D,fcre,1.6,ensemble,21,Chla_ugL_mean,2.86178806350111
vera4cast,chlorocast_chronos,2026-10-09 00:00:00,2026-09-28 00:00:00,P1D,fcre,1.6,ensemble,21,Chla_ugL_mean,2.79391731665512
vera4cast,chlorocast_chronos,2026-10-10 00:00:00,2026-09-28 00:00:00,P1D,fcre,1.6,ensemble,21,Chla_ugL_mean,2.75564456427688
vera4cast,chlorocast_chronos,2026-10-11 00:00:00,2026-09-28 00:00:00,P1D,fcre,1.6,ensemble,21,Chla_ugL_mean,2.75512882134043
vera4cast,chlorocast_chronos,2026-10-12 00:00:00,2026-09-28 00:00:00,P1D,fcre,1.6,ensemble,21,Chla_ugL_mean,2.78674296504875
vera4cast,chlorocast_chronos,2026-10-13 00:00:00,2026-09-28 00:00:00,P1D,fcre,1.6,ensemble,21,Chla_ugL_mean,2.76498151627495
vera4cast,chlorocast_chronos,2026-10-14 00:00:00,2026-09-28 00:00:00,P1D,fcre,1.6,ensemble,21,Chla_ugL_mean,2.64351515874034
vera4cast,chlorocast_chronos,2026-10-15 00:00:00,2026-09-28 00:00:00,P1D,fcre,1.6,ensemble,21,Chla_ugL_mean,2.54962998639437
vera4cast,chlorocast_chronos,2026-10-16 00:00:00,2026-09-28 00:00:00,P1D,fcre,1.6,ensemble,21,Chla_ugL_mean,2.51129271771102
vera4cast,chlorocast_chronos,2026-10-17 00:00:00,2026-09-28 00:00:00,P1D,fcre,1.6,ensemble,21,Chla_ugL_mean,2.44718167816656
vera4cast,chlorocast_chronos,2026-10-18 00:00:00,2026-09-28 00:00:00,P1D,fcre,1.6,ensemble,21,Chla_ugL_mean,2.47339121479841
vera4cast,chlorocast_chronos,2026-10-19 00:00:00,2026-09-28 00:00:00,P1D,fcre,1.6,ensemble,21,Chla_ugL_mean,2.50796220711455
vera4cast,chlorocast_chronos,2026-10-20 00:00:00,2026-09-28 00:00:00,P1D,fcre,1.6,ensemble,21,Chla_ugL_mean,3.38175800036282
vera4cast,chlorocast_chronos,2026-10-21 00:00:00,2026-09-28 00:00:00,P1D,fcre,1.6,ensemble,21,Chla_ugL_mean,3.34685979386545
vera4cast,chlorocast_chronos,2026-10-22 00:00:00,2026-09-28 00:00:00,P1D,fcre,1.6,ensemble,21,Chla_ugL_mean,3.3034512290926
vera4cast,chlorocast_chronos,2026-10-23 00:00:00,2026-09-28 00:00:00,P1D,fcre,1.6,ensemble,21,Chla_ugL_mean,2.91531987651246
vera4cast,chlorocast_chronos,2026-10-24 00:00:00,2026-09-28 00:00:00,P1D,fcre,1.6,ensemble,21,Chla_ugL_mean,2.68235764705802
vera4cast,chlorocast_chronos,2026-10-25 00:00:00,2026-09-28 00:00:00,P1D,fcre,1.6,ensemble,21,Chla_ugL_mean,2.46019091147895
vera4cast,chlorocast_chronos,2026-10-26 00:00:00,2026-09-28 00:00:00,P1D,fcre,1.6,ensemble,21,Chla_ugL_mean,2.38890386803348
vera4cast,chlorocast_chronos,2026-10-27 00:00:00,2026-09-28 00:00:00,P1D,fcre,1.6,ensemble,21,Chla_ugL_mean,2.33010188139736
vera4cast,chlorocast_chronos,2026-10-28 00:00:00,2026-09-28 00:00:00,P1D,fcre,1.6,ensemble,21,Chla_ugL_mean,2.27739922629551
vera4cast,chlorocast_chronos,2026-10-29 00:00:00,2026-09-28 00:00:00,P1D,fcre,1.6,ensemble,21,Chla_ugL_mean,2.23437753872229
vera4cast,chlorocast_chronos,2026-10-30 00:00:00,2026-09-28 00:00:00,P1D,fcre,1.6,ensemble,21,Chla_ugL_mean,2.184667138867
vera4cast,chlorocast_chronos,2026-10-31 00:00:00,2026-09-28 00:00:00,P1D,fcre,1.6,ensemble,21,Chla_ugL_mean,2.13576852574803
vera4cast,chlorocast_chronos,2026-11-01 00:00:00,2026-09-28 00:00:00,P1D,fcre,1.6,ensemble,21,Chla_ugL_mean,2.12569272319447
vera4cast,chlorocast_chronos,2026-11-02 00:00:00,2026-09-28 00:00:00,P1D,fcre,1.6,ensemble,21,Chla_ugL_mean,2.105510206899
vera4cast,chlorocast_chronos,2026-09-29 00:00:00,2026-09-28 00:00:00,P1D,fcre,1.6,ensemble,22,Chla_ugL_mean,3.89276898010374
vera4cast,chlorocast_chronos,2026-09-30 00:00:00,2026-09-28 00:00:00,P1D,fcre,1.6,ensemble,22,Chla_ugL_mean,3.7044663572354
vera4cast,chlorocast_chronos,2026-10-01 00:00:00,2026-09-28 00:00:00,P1D,fcre,1.6,ensemble,22,Chla_ugL_mean,3.51688082507617
vera4cast,chlorocast_chronos,2026-10-02 00:00:00,2026-09-28 00:00:00,P1D,fcre,1.6,ensemble,22,Chla_ugL_mean,3.3404263548306
vera4cast,chlorocast_chronos,2026-10-03 00:00:00,2026-09-28 00:00:00,P1D,fcre,1.6,ensemble,22,Chla_ugL_mean,3.15650803432082
vera4cast,chlorocast_chronos,2026-10-04 00:00:00,2026-09-28 00:00:00,P1D,fcre,1.6,ensemble,22,Chla_ugL_mean,2.8532834648662
vera4cast,chlorocast_chronos,2026-10-05 00:00:00,2026-09-28 00:00:00,P1D,fcre,1.6,ensemble,22,Chla_ugL_mean,2.9237455163878
vera4cast,chlorocast_chronos,2026-10-06 00:00:00,2026-09-28 00:00:00,P1D,fcre,1.6,ensemble,22,Chla_ugL_mean,2.8148921320732
vera4cast,chlorocast_chronos,2026-10-07 00:00:00,2026-09-28 00:00:00,P1D,fcre,1.6,ensemble,22,Chla_ugL_mean,2.89572527338577
vera4cast,chlorocast_chronos,2026-10-08 00:00:00,2026-09-28 00:00:00,P1D,fcre,1.6,ensemble,22,Chla_ugL_mean,2.9320598127476
vera4cast,chlorocast_chronos,2026-10-09 00:00:00,2026-09-28 00:00:00,P1D,fcre,1.6,ensemble,22,Chla_ugL_mean,2.86421500157113
vera4cast,chlorocast_chronos,2026-10-10 00:00:00,2026-09-28 00:00:00,P1D,fcre,1.6,ensemble,22,Chla_ugL_mean,2.82610106188185
vera4cast,chlorocast_chronos,2026-10-11 00:00:00,2026-09-28 00:00:00,P1D,fcre,1.6,ensemble,22,Chla_ugL_mean,2.82703743654262
vera4cast,chlorocast_chronos,2026-10-12 00:00:00,2026-09-28 00:00:00,P1D,fcre,1.6,ensemble,22,Chla_ugL_mean,2.86069655646473
vera4cast,chlorocast_chronos,2026-10-13 00:00:00,2026-09-28 00:00:00,P1D,fcre,1.6,ensemble,22,Chla_ugL_mean,2.8406184256265
vera4cast,chlorocast_chronos,2026-10-14 00:00:00,2026-09-28 00:00:00,P1D,fcre,1.6,ensemble,22,Chla_ugL_mean,2.72211956906854
vera4cast,chlorocast_chronos,2026-10-15 00:00:00,2026-09-28 00:00:00,P1D,fcre,1.6,ensemble,22,Chla_ugL_mean,2.62870905296286
vera4cast,chlorocast_chronos,2026-10-16 00:00:00,2026-09-28 00:00:00,P1D,fcre,1.6,ensemble,22,Chla_ugL_mean,2.59220721254476
vera4cast,chlorocast_chronos,2026-10-17 00:00:00,2026-09-28 00:00:00,P1D,fcre,1.6,ensemble,22,Chla_ugL_mean,2.52775378106054
vera4cast,chlorocast_chronos,2026-10-18 00:00:00,2026-09-28 00:00:00,P1D,fcre,1.6,ensemble,22,Chla_ugL_mean,2.55363049160541
vera4cast,chlorocast_chronos,2026-10-19 00:00:00,2026-09-28 00:00:00,P1D,fcre,1.6,ensemble,22,Chla_ugL_mean,2.58819461761337
vera4cast,chlorocast_chronos,2026-10-20 00:00:00,2026-09-28 00:00:00,P1D,fcre,1.6,ensemble,22,Chla_ugL_mean,3.46221919639949
vera4cast,chlorocast_chronos,2026-10-21 00:00:00,2026-09-28 00:00:00,P1D,fcre,1.6,ensemble,22,Chla_ugL_mean,3.42787866057896
vera4cast,chlorocast_chronos,2026-10-22 00:00:00,2026-09-28 00:00:00,P1D,fcre,1.6,ensemble,22,Chla_ugL_mean,3.38399598899294
vera4cast,chlorocast_chronos,2026-10-23 00:00:00,2026-09-28 00:00:00,P1D,fcre,1.6,ensemble,22,Chla_ugL_mean,2.99532286906522
vera4cast,chlorocast_chronos,2026-10-24 00:00:00,2026-09-28 00:00:00,P1D,fcre,1.6,ensemble,22,Chla_ugL_mean,2.76202415447189
vera4cast,chlorocast_chronos,2026-10-25 00:00:00,2026-09-28 00:00:00,P1D,fcre,1.6,ensemble,22,Chla_ugL_mean,2.53887409803621
vera4cast,chlorocast_chronos,2026-10-26 00:00:00,2026-09-28 00:00:00,P1D,fcre,1.6,ensemble,22,Chla_ugL_mean,2.46697756844753
vera4cast,chlorocast_chronos,2026-10-27 00:00:00,2026-09-28 00:00:00,P1D,fcre,1.6,ensemble,22,Chla_ugL_mean,2.40715908221551
vera4cast,chlorocast_chronos,2026-10-28 00:00:00,2026-09-28 00:00:00,P1D,fcre,1.6,ensemble,22,Chla_ugL_mean,2.35382847207268
vera4cast,chlorocast_chronos,2026-10-29 00:00:00,2026-09-28 00:00:00,P1D,fcre,1.6,ensemble,22,Chla_ugL_mean,2.3097854361548
vera4cast,chlorocast_chronos,2026-10-30 00:00:00,2026-09-28 00:00:00,P1D,fcre,1.6,ensemble,22,Chla_ugL_mean,2.25928902679394
vera4cast,chlorocast_chronos,2026-10-31 00:00:00,2026-09-28 00:00:00,P1D,fcre,1.6,ensemble,22,Chla_ugL_mean,2.21053544121059
vera4cast,chlorocast_chronos,2026-11-01 00:00:00,2026-09-28 00:00:00,P1D,fcre,1.6,ensemble,22,Chla_ugL_mean,2.20016529842656
vera4cast,chlorocast_chronos,2026-11-02 00:00:00,2026-09-28 00:00:00,P1D,fcre,1.6,ensemble,22,Chla_ugL_mean,2.18000878400801
vera4cast,chlorocast_chronos,2026-09-29 00:00:00,2026-09-28 00:00:00,P1D,fcre,1.6,ensemble,23,Chla_ugL_mean,3.9592277543854
vera4cast,chlorocast_chronos,2026-09-30 00:00:00,2026-09-28 00:00:00,P1D,fcre,1.6,ensemble,23,Chla_ugL_mean,3.77224685859099
vera4cast,chlorocast_chronos,2026-10-01 00:00:00,2026-09-28 00:00:00,P1D,fcre,1.6,ensemble,23,Chla_ugL_mean,3.58560849728448
vera4cast,chlorocast_chronos,2026-10-02 00:00:00,2026-09-28 00:00:00,P1D,fcre,1.6,ensemble,23,Chla_ugL_mean,3.40870249072666
vera4cast,chlorocast_chronos,2026-10-03 00:00:00,2026-09-28 00:00:00,P1D,fcre,1.6,ensemble,23,Chla_ugL_mean,3.22488277731811
vera4cast,chlorocast_chronos,2026-10-04 00:00:00,2026-09-28 00:00:00,P1D,fcre,1.6,ensemble,23,Chla_ugL_mean,2.92305975768662
vera4cast,chlorocast_chronos,2026-10-05 00:00:00,2026-09-28 00:00:00,P1D,fcre,1.6,ensemble,23,Chla_ugL_mean,2.99305121861499
vera4cast,chlorocast_chronos,2026-10-06 00:00:00,2026-09-28 00:00:00,P1D,fcre,1.6,ensemble,23,Chla_ugL_mean,2.88477163742583
vera4cast,chlorocast_chronos,2026-10-07 00:00:00,2026-09-28 00:00:00,P1D,fcre,1.6,ensemble,23,Chla_ugL_mean,2.9661717439476
vera4cast,chlorocast_chronos,2026-10-08 00:00:00,2026-09-28 00:00:00,P1D,fcre,1.6,ensemble,23,Chla_ugL_mean,3.0036102750309
vera4cast,chlorocast_chronos,2026-10-09 00:00:00,2026-09-28 00:00:00,P1D,fcre,1.6,ensemble,23,Chla_ugL_mean,2.93581523582917
vera4cast,chlorocast_chronos,2026-10-10 00:00:00,2026-09-28 00:00:00,P1D,fcre,1.6,ensemble,23,Chla_ugL_mean,2.89787933474265
vera4cast,chlorocast_chronos,2026-10-11 00:00:00,2026-09-28 00:00:00,P1D,fcre,1.6,ensemble,23,Chla_ugL_mean,2.90032306147904
vera4cast,chlorocast_chronos,2026-10-12 00:00:00,2026-09-28 00:00:00,P1D,fcre,1.6,ensemble,23,Chla_ugL_mean,2.9360944322522
vera4cast,chlorocast_chronos,2026-10-13 00:00:00,2026-09-28 00:00:00,P1D,fcre,1.6,ensemble,23,Chla_ugL_mean,2.91777484896012
vera4cast,chlorocast_chronos,2026-10-14 00:00:00,2026-09-28 00:00:00,P1D,fcre,1.6,ensemble,23,Chla_ugL_mean,2.80241977399449
vera4cast,chlorocast_chronos,2026-10-15 00:00:00,2026-09-28 00:00:00,P1D,fcre,1.6,ensemble,23,Chla_ugL_mean,2.70954985210442
vera4cast,chlorocast_chronos,2026-10-16 00:00:00,2026-09-28 00:00:00,P1D,fcre,1.6,ensemble,23,Chla_ugL_mean,2.67498630711442
vera4cast,chlorocast_chronos,2026-10-17 00:00:00,2026-09-28 00:00:00,P1D,fcre,1.6,ensemble,23,Chla_ugL_mean,2.61020912202285
vera4cast,chlorocast_chronos,2026-10-18 00:00:00,2026-09-28 00:00:00,P1D,fcre,1.6,ensemble,23,Chla_ugL_mean,2.63572338671923
vera4cast,chlorocast_chronos,2026-10-19 00:00:00,2026-09-28 00:00:00,P1D,fcre,1.6,ensemble,23,Chla_ugL_mean,2.67026206489833
vera4cast,chlorocast_chronos,2026-10-20 00:00:00,2026-09-28 00:00:00,P1D,fcre,1.6,ensemble,23,Chla_ugL_mean,3.5441578825365
vera4cast,chlorocast_chronos,2026-10-21 00:00:00,2026-09-28 00:00:00,P1D,fcre,1.6,ensemble,23,Chla_ugL_mean,3.51040759595693
vera4cast,chlorocast_chronos,2026-10-22 00:00:00,2026-09-28 00:00:00,P1D,fcre,1.6,ensemble,23,Chla_ugL_mean,3.4660482501991
vera4cast,chlorocast_chronos,2026-10-23 00:00:00,2026-09-28 00:00:00,P1D,fcre,1.6,ensemble,23,Chla_ugL_mean,3.07696058854177
vera4cast,chlorocast_chronos,2026-10-24 00:00:00,2026-09-28 00:00:00,P1D,fcre,1.6,ensemble,23,Chla_ugL_mean,2.84341421864256
vera4cast,chlorocast_chronos,2026-10-25 00:00:00,2026-09-28 00:00:00,P1D,fcre,1.6,ensemble,23,Chla_ugL_mean,2.61934650490103
vera4cast,chlorocast_chronos,2026-10-26 00:00:00,2026-09-28 00:00:00,P1D,fcre,1.6,ensemble,23,Chla_ugL_mean,2.54684993383814
vera4cast,chlorocast_chronos,2026-10-27 00:00:00,2026-09-28 00:00:00,P1D,fcre,1.6,ensemble,23,Chla_ugL_mean,2.48599935526669
vera4cast,chlorocast_chronos,2026-10-28 00:00:00,2026-09-28 00:00:00,P1D,fcre,1.6,ensemble,23,Chla_ugL_mean,2.43204005475993
vera4cast,chlorocast_chronos,2026-10-29 00:00:00,2026-09-28 00:00:00,P1D,fcre,1.6,ensemble,23,Chla_ugL_mean,2.38695143106577
vera4cast,chlorocast_chronos,2026-10-30 00:00:00,2026-09-28 00:00:00,P1D,fcre,1.6,ensemble,23,Chla_ugL_mean,2.33565942592
vera4cast,chlorocast_chronos,2026-10-31 00:00:00,2026-09-28 00:00:00,P1D,fcre,1.6,ensemble,23,Chla_ugL_mean,2.28708504299131
vera4cast,chlorocast_chronos,2026-11-01 00:00:00,2026-09-28 00:00:00,P1D,fcre,1.6,ensemble,23,Chla_ugL_mean,2.27641225295721
vera4cast,chlorocast_chronos,2026-11-02 00:00:00,2026-09-28 00:00:00,P1D,fcre,1.6,ensemble,23,Chla_ugL_mean,2.25629451930407
vera4cast,chlorocast_chronos,2026-09-29 00:00:00,2026-09-28 00:00:00,P1D,fcre,1.6,ensemble,24,Chla_ugL_mean,4.02658924218101
vera4cast,chlorocast_chronos,2026-09-30 00:00:00,2026-09-28 00:00:00,P1D,fcre,1.6,ensemble,24,Chla_ugL_mean,3.84100392052012
vera4cast,chlorocast_chronos,2026-10-01 00:00:00,2026-09-28 00:00:00,P1D,fcre,1.6,ensemble,24,Chla_ugL_mean,3.65538191170077
vera4cast,chlorocast_chronos,2026-10-02 00:00:00,2026-09-28 00:00:00,P1D,fcre,1.6,ensemble,24,Chla_ugL_mean,3.47805262957815
vera4cast,chlorocast_chronos,2026-10-03 00:00:00,2026-09-28 00:00:00,P1D,fcre,1.6,ensemble,24,Chla_ugL_mean,3.29438228789466
vera4cast,chlorocast_chronos,2026-10-04 00:00:00,2026-09-28 00:00:00,P1D,fcre,1.6,ensemble,24,Chla_ugL_mean,2.99409957837469
vera4cast,chlorocast_chronos,2026-10-05 00:00:00,2026-09-28 00:00:00,P1D,fcre,1.6,ensemble,24,Chla_ugL_mean,3.06358107779658
vera4cast,chlorocast_chronos,2026-10-06 00:00:00,2026-09-28 00:00:00,P1D,fcre,1.6,ensemble,24,Chla_ugL_mean,2.95593116462424
vera4cast,chlorocast_chronos,2026-10-07 00:00:00,2026-09-28 00:00:00,P1D,fcre,1.6,ensemble,24,Chla_ugL_mean,3.03789209931043
vera4cast,chlorocast_chronos,2026-10-08 00:00:00,2026-09-28 00:00:00,P1D,fcre,1.6,ensemble,24,Chla_ugL_mean,3.07646271869208
vera4cast,chlorocast_chronos,2026-10-09 00:00:00,2026-09-28 00:00:00,P1D,fcre,1.6,ensemble,24,Chla_ugL_mean,3.00874215443157
vera4cast,chlorocast_chronos,2026-10-10 00:00:00,2026-09-28 00:00:00,P1D,fcre,1.6,ensemble,24,Chla_ugL_mean,2.97100417957621
vera4cast,chlorocast_chronos,2026-10-11 00:00:00,2026-09-28 00:00:00,P1D,fcre,1.6,ensemble,24,Chla_ugL_mean,2.97501206511541
vera4cast,chlorocast_chronos,2026-10-12 00:00:00,2026-09-28 00:00:00,P1D,fcre,1.6,ensemble,24,Chla_ugL_mean,3.01296479871334
vera4cast,chlorocast_chronos,2026-10-13 00:00:00,2026-09-28 00:00:00,P1D,fcre,1.6,ensemble,24,Chla_ugL_mean,2.99648131267837
vera4cast,chlorocast_chronos,2026-10-14 00:00:00,2026-09-28 00:00:00,P1D,fcre,1.6,ensemble,24,Chla_ugL_mean,2.88445235822517
vera4cast,chlorocast_chronos,2026-10-15 00:00:00,2026-09-28 00:00:00,P1D,fcre,1.6,ensemble,24,Chla_ugL_mean,2.79219163190066
vera4cast,chlorocast_chronos,2026-10-16 00:00:00,2026-09-28 00:00:00,P1D,fcre,1.6,ensemble,24,Chla_ugL_mean,2.75967296939728
vera4cast,chlorocast_chronos,2026-10-17 00:00:00,2026-09-28 00:00:00,P1D,fcre,1.6,ensemble,24,Chla_ugL_mean,2.69459171859175
vera4cast,chlorocast_chronos,2026-10-18 00:00:00,2026-09-28 00:00:00,P1D,fcre,1.6,ensemble,24,Chla_ugL_mean,2.71971272082526
vera4cast,chlorocast_chronos,2026-10-19 00:00:00,2026-09-28 00:00:00,P1D,fcre,1.6,ensemble,24,Chla_ugL_mean,2.75420651904095
vera4cast,chlorocast_chronos,2026-10-20 00:00:00,2026-09-28 00:00:00,P1D,fcre,1.6,ensemble,24,Chla_ugL_mean,3.62760118957857
vera4cast,chlorocast_chronos,2026-10-21 00:00:00,2026-09-28 00:00:00,P1D,fcre,1.6,ensemble,24,Chla_ugL_mean,3.59447474538654
vera4cast,chlorocast_chronos,2026-10-22 00:00:00,2026-09-28 00:00:00,P1D,fcre,1.6,ensemble,24,Chla_ugL_mean,3.54963622758429
vera4cast,chlorocast_chronos,2026-10-23 00:00:00,2026-09-28 00:00:00,P1D,fcre,1.6,ensemble,24,Chla_ugL_mean,3.16026643784405
vera4cast,chlorocast_chronos,2026-10-24 00:00:00,2026-09-28 00:00:00,P1D,fcre,1.6,ensemble,24,Chla_ugL_mean,2.92656512811185
vera4cast,chlorocast_chronos,2026-10-25 00:00:00,2026-09-28 00:00:00,P1D,fcre,1.6,ensemble,24,Chla_ugL_mean,2.70164881813923
vera4cast,chlorocast_chronos,2026-10-26 00:00:00,2026-09-28 00:00:00,P1D,fcre,1.6,ensemble,24,Chla_ugL_mean,2.62856240191968
vera4cast,chlorocast_chronos,2026-10-27 00:00:00,2026-09-28 00:00:00,P1D,fcre,1.6,ensemble,24,Chla_ugL_mean,2.56666396011596
vera4cast,chlorocast_chronos,2026-10-28 00:00:00,2026-09-28 00:00:00,P1D,fcre,1.6,ensemble,24,Chla_ugL_mean,2.51207553861486
vera4cast,chlorocast_chronos,2026-10-29 00:00:00,2026-09-28 00:00:00,P1D,fcre,1.6,ensemble,24,Chla_ugL_mean,2.4659165126201
vera4cast,chlorocast_chronos,2026-10-30 00:00:00,2026-09-28 00:00:00,P1D,fcre,1.6,ensemble,24,Chla_ugL_mean,2.41381930668292
vera4cast,chlorocast_chronos,2026-10-31 00:00:00,2026-09-28 00:00:00,P1D,fcre,1.6,ensemble,24,Chla_ugL_mean,2.36545983612721
vera4cast,chlorocast_chronos,2026-11-01 00:00:00,2026-09-28 00:00:00,P1D,fcre,1.6,ensemble,24,Chla_ugL_mean,2.35447586304563
vera4cast,chlorocast_chronos,2026-11-02 00:00:00,2026-09-28 00:00:00,P1D,fcre,1.6,ensemble,24,Chla_ugL_mean,2.33441028520852
vera4cast,chlorocast_chronos,2026-09-29 00:00:00,2026-09-28 00:00:00,P1D,fcre,1.6,ensemble,25,Chla_ugL_mean,4.09486570510235
vera4cast,chlorocast_chronos,2026-09-30 00:00:00,2026-09-28 00:00:00,P1D,fcre,1.6,ensemble,25,Chla_ugL_mean,3.91075161300656
vera4cast,chlorocast_chronos,2026-10-01 00:00:00,2026-09-28 00:00:00,P1D,fcre,1.6,ensemble,25,Chla_ugL_mean,3.72621698006379
vera4cast,chlorocast_chronos,2026-10-02 00:00:00,2026-09-28 00:00:00,P1D,fcre,1.6,ensemble,25,Chla_ugL_mean,3.54849366575575
vera4cast,chlorocast_chronos,2026-10-03 00:00:00,2026-09-28 00:00:00,P1D,fcre,1.6,ensemble,25,Chla_ugL_mean,3.36502506852744
vera4cast,chlorocast_chronos,2026-10-04 00:00:00,2026-09-28 00:00:00,P1D,fcre,1.6,ensemble,25,Chla_ugL_mean,3.06642580723268
vera4cast,chlorocast_chronos,2026-10-05 00:00:00,2026-09-28 00:00:00,P1D,fcre,1.6,ensemble,25,Chla_ugL_mean,3.13535671639944
vera4cast,chlorocast_chronos,2026-10-06 00:00:00,2026-09-28 00:00:00,P1D,fcre,1.6,ensemble,25,Chla_ugL_mean,3.02839416054197
vera4cast,chlorocast_chronos,2026-10-07 00:00:00,2026-09-28 00:00:00,P1D,fcre,1.6,ensemble,25,Chla_ugL_mean,3.11090937515614
vera4cast,chlorocast_chronos,2026-10-08 00:00:00,2026-09-28 00:00:00,P1D,fcre,1.6,ensemble,25,Chla_ugL_mean,3.15064083547898
vera4cast,chlorocast_chronos,2026-10-09 00:00:00,2026-09-28 00:00:00,P1D,fcre,1.6,ensemble,25,Chla_ugL_mean,3.08302033957932
vera4cast,chlorocast_chronos,2026-10-10 00:00:00,2026-09-28 00:00:00,P1D,fcre,1.6,ensemble,25,Chla_ugL_mean,3.04550085828987
vera4cast,chlorocast_chronos,2026-10-11 00:00:00,2026-09-28 00:00:00,P1D,fcre,1.6,ensemble,25,Chla_ugL_mean,3.05113132136836
vera4cast,chlorocast_chronos,2026-10-12 00:00:00,2026-09-28 00:00:00,P1D,fcre,1.6,ensemble,25,Chla_ugL_mean,3.09133641300824
vera4cast,chlorocast_chronos,2026-10-13 00:00:00,2026-09-28 00:00:00,P1D,fcre,1.6,ensemble,25,Chla_ugL_mean,3.07676895644648
vera4cast,chlorocast_chronos,2026-10-14 00:00:00,2026-09-28 00:00:00,P1D,fcre,1.6,ensemble,25,Chla_ugL_mean,2.9682546957381
vera4cast,chlorocast_chronos,2026-10-15 00:00:00,2026-09-28 00:00:00,P1D,fcre,1.6,ensemble,25,Chla_ugL_mean,2.87667451480648
vera4cast,chlorocast_chronos,2026-10-16 00:00:00,2026-09-28 00:00:00,P1D,fcre,1.6,ensemble,25,Chla_ugL_mean,2.84631115752793
vera4cast,chlorocast_chronos,2026-10-17 00:00:00,2026-09-28 00:00:00,P1D,fcre,1.6,ensemble,25,Chla_ugL_mean,2.78094661714179
vera4cast,chlorocast_chronos,2026-10-18 00:00:00,2026-09-28 00:00:00,P1D,fcre,1.6,ensemble,25,Chla_ugL_mean,2.80564230381528
vera4cast,chlorocast_chronos,2026-10-19 00:00:00,2026-09-28 00:00:00,P1D,fcre,1.6,ensemble,25,Chla_ugL_mean,2.84007091003186
vera4cast,chlorocast_chronos,2026-10-20 00:00:00,2026-09-28 00:00:00,P1D,fcre,1.6,ensemble,25,Chla_ugL_mean,3.71257674652703
vera4cast,chlorocast_chronos,2026-10-21 00:00:00,2026-09-28 00:00:00,P1D,fcre,1.6,ensemble,25,Chla_ugL_mean,3.68010877884223
vera4cast,chlorocast_chronos,2026-10-22 00:00:00,2026-09-28 00:00:00,P1D,fcre,1.6,ensemble,25,Chla_ugL_mean,3.63478866410021
vera4cast,chlorocast_chronos,2026-10-23 00:00:00,2026-09-28 00:00:00,P1D,fcre,1.6,ensemble,25,Chla_ugL_mean,3.24527450240627
vera4cast,chlorocast_chronos,2026-10-24 00:00:00,2026-09-28 00:00:00,P1D,fcre,1.6,ensemble,25,Chla_ugL_mean,3.01151497814603
vera4cast,chlorocast_chronos,2026-10-25 00:00:00,2026-09-28 00:00:00,P1D,fcre,1.6,ensemble,25,Chla_ugL_mean,2.78582264899952
vera4cast,chlorocast_chronos,2026-10-26 00:00:00,2026-09-28 00:00:00,P1D,fcre,1.6,ensemble,25,Chla_ugL_mean,2.71215736505021
vera4cast,chlorocast_chronos,2026-10-27 00:00:00,2026-09-28 00:00:00,P1D,fcre,1.6,ensemble,25,Chla_ugL_mean,2.64919511105785
vera4cast,chlorocast_chronos,2026-10-28 00:00:00,2026-09-28 00:00:00,P1D,fcre,1.6,ensemble,25,Chla_ugL_mean,2.59397745717735
vera4cast,chlorocast_chronos,2026-10-29 00:00:00,2026-09-28 00:00:00,P1D,fcre,1.6,ensemble,25,Chla_ugL_mean,2.54672262562462
vera4cast,chlorocast_chronos,2026-10-30 00:00:00,2026-09-28 00:00:00,P1D,fcre,1.6,ensemble,25,Chla_ugL_mean,2.49381059952388
vera4cast,chlorocast_chronos,2026-10-31 00:00:00,2026-09-28 00:00:00,P1D,fcre,1.6,ensemble,25,Chla_ugL_mean,2.44570333911356
vera4cast,chlorocast_chronos,2026-11-01 00:00:00,2026-09-28 00:00:00,P1D,fcre,1.6,ensemble,25,Chla_ugL_mean,2.43439941222278
vera4cast,chlorocast_chronos,2026-11-02 00:00:00,2026-09-28 00:00:00,P1D,fcre,1.6,ensemble,25,Chla_ugL_mean,2.41439998261599
vera4cast,chlorocast_chronos,2026-09-29 00:00:00,2026-09-28 00:00:00,P1D,fcre,1.6,ensemble,26,Chla_ugL_mean,4.16406957131137
vera4cast,chlorocast_chronos,2026-09-30 00:00:00,2026-09-28 00:00:00,P1D,fcre,1.6,ensemble,26,Chla_ugL_mean,3.98150420875005
vera4cast,chlorocast_chronos,2026-10-01 00:00:00,2026-09-28 00:00:00,P1D,fcre,1.6,ensemble,26,Chla_ugL_mean,3.79812985622114
vera4cast,chlorocast_chronos,2026-10-02 00:00:00,2026-09-28 00:00:00,P1D,fcre,1.6,ensemble,26,Chla_ugL_mean,3.62004275938336
vera4cast,chlorocast_chronos,2026-10-03 00:00:00,2026-09-28 00:00:00,P1D,fcre,1.6,ensemble,26,Chla_ugL_mean,3.43682992605999
vera4cast,chlorocast_chronos,2026-10-04 00:00:00,2026-09-28 00:00:00,P1D,fcre,1.6,ensemble,26,Chla_ugL_mean,3.14006173888555
vera4cast,chlorocast_chronos,2026-10-05 00:00:00,2026-09-28 00:00:00,P1D,fcre,1.6,ensemble,26,Chla_ugL_mean,3.20840013881125
vera4cast,chlorocast_chronos,2026-10-06 00:00:00,2026-09-28 00:00:00,P1D,fcre,1.6,ensemble,26,Chla_ugL_mean,3.10218450154202
vera4cast,chlorocast_chronos,2026-10-07 00:00:00,2026-09-28 00:00:00,P1D,fcre,1.6,ensemble,26,Chla_ugL_mean,3.18524702372128
vera4cast,chlorocast_chronos,2026-10-08 00:00:00,2026-09-28 00:00:00,P1D,fcre,1.6,ensemble,26,Chla_ugL_mean,3.22616874825071
vera4cast,chlorocast_chronos,2026-10-09 00:00:00,2026-09-28 00:00:00,P1D,fcre,1.6,ensemble,26,Chla_ugL_mean,3.15867482895824
vera4cast,chlorocast_chronos,2026-10-10 00:00:00,2026-09-28 00:00:00,P1D,fcre,1.6,ensemble,26,Chla_ugL_mean,3.12139510670842
vera4cast,chlorocast_chronos,2026-10-11 00:00:00,2026-09-28 00:00:00,P1D,fcre,1.6,ensemble,26,Chla_ugL_mean,3.12870821877499
vera4cast,chlorocast_chronos,2026-10-12 00:00:00,2026-09-28 00:00:00,P1D,fcre,1.6,ensemble,26,Chla_ugL_mean,3.17123859391293
vera4cast,chlorocast_chronos,2026-10-13 00:00:00,2026-09-28 00:00:00,P1D,fcre,1.6,ensemble,26,Chla_ugL_mean,3.15866954551258
vera4cast,chlorocast_chronos,2026-10-14 00:00:00,2026-09-28 00:00:00,P1D,fcre,1.6,ensemble,26,Chla_ugL_mean,3.05386496680898
vera4cast,chlorocast_chronos,2026-10-15 00:00:00,2026-09-28 00:00:00,P1D,fcre,1.6,ensemble,26,Chla_ugL_mean,2.9630395171295
vera4cast,chlorocast_chronos,2026-10-16 00:00:00,2026-09-28 00:00:00,P1D,fcre,1.6,ensemble,26,Chla_ugL_mean,2.93494584261554
vera4cast,chlorocast_chronos,2026-10-17 00:00:00,2026-09-28 00:00:00,P1D,fcre,1.6,ensemble,26,Chla_ugL_mean,2.86931991693115
vera4cast,chlorocast_chronos,2026-10-18 00:00:00,2026-09-28 00:00:00,P1D,fcre,1.6,ensemble,26,Chla_ugL_mean,2.89355695763927
vera4cast,chlorocast_chronos,2026-10-19 00:00:00,2026-09-28 00:00:00,P1D,fcre,1.6,ensemble,26,Chla_ugL_mean,2.92789914973564
vera4cast,chlorocast_chronos,2026-10-20 00:00:00,2026-09-28 00:00:00,P1D,fcre,1.6,ensemble,26,Chla_ugL_mean,3.79911268972808
vera4cast,chlorocast_chronos,2026-10-21 00:00:00,2026-09-28 00:00:00,P1D,fcre,1.6,ensemble,26,Chla_ugL_mean,3.76733890066324
vera4cast,chlorocast_chronos,2026-10-22 00:00:00,2026-09-28 00:00:00,P1D,fcre,1.6,ensemble,26,Chla_ugL_mean,3.7215348406608
vera4cast,chlorocast_chronos,2026-10-23 00:00:00,2026-09-28 00:00:00,P1D,fcre,1.6,ensemble,26,Chla_ugL_mean,3.33201956414128
vera4cast,chlorocast_chronos,2026-10-24 00:00:00,2026-09-28 00:00:00,P1D,fcre,1.6,ensemble,26,Chla_ugL_mean,3.09830268818898
vera4cast,chlorocast_chronos,2026-10-25 00:00:00,2026-09-28 00:00:00,P1D,fcre,1.6,ensemble,26,Chla_ugL_mean,2.8719105549517
vera4cast,chlorocast_chronos,2026-10-26 00:00:00,2026-09-28 00:00:00,P1D,fcre,1.6,ensemble,26,Chla_ugL_mean,2.79767819222461
vera4cast,chlorocast_chronos,2026-10-27 00:00:00,2026-09-28 00:00:00,P1D,fcre,1.6,ensemble,26,Chla_ugL_mean,2.73363599920851
vera4cast,chlorocast_chronos,2026-10-28 00:00:00,2026-09-28 00:00:00,P1D,fcre,1.6,ensemble,26,Chla_ugL_mean,2.67778933587322
vera4cast,chlorocast_chronos,2026-10-29 00:00:00,2026-09-28 00:00:00,P1D,fcre,1.6,ensemble,26,Chla_ugL_mean,2.62941269280841
vera4cast,chlorocast_chronos,2026-10-30 00:00:00,2026-09-28 00:00:00,P1D,fcre,1.6,ensemble,26,Chla_ugL_mean,2.57567621738194
vera4cast,chlorocast_chronos,2026-10-31 00:00:00,2026-09-28 00:00:00,P1D,fcre,1.6,ensemble,26,Chla_ugL_mean,2.52786010806802
vera4cast,chlorocast_chronos,2026-11-01 00:00:00,2026-09-28 00:00:00,P1D,fcre,1.6,ensemble,26,Chla_ugL_mean,2.51622721529051
vera4cast,chlorocast_chronos,2026-11-02 00:00:00,2026-09-28 00:00:00,P1D,fcre,1.6,ensemble,26,Chla_ugL_mean,2.49630856556664
vera4cast,chlorocast_chronos,2026-09-29 00:00:00,2026-09-28 00:00:00,P1D,fcre,1.6,ensemble,27,Chla_ugL_mean,4.23421343778252
vera4cast,chlorocast_chronos,2026-09-30 00:00:00,2026-09-28 00:00:00,P1D,fcre,1.6,ensemble,27,Chla_ugL_mean,4.05327618608703
vera4cast,chlorocast_chronos,2026-10-01 00:00:00,2026-09-28 00:00:00,P1D,fcre,1.6,ensemble,27,Chla_ugL_mean,3.87113693981311
vera4cast,chlorocast_chronos,2026-10-02 00:00:00,2026-09-28 00:00:00,P1D,fcre,1.6,ensemble,27,Chla_ugL_mean,3.69271734051851
vera4cast,chlorocast_chronos,2026-10-03 00:00:00,2026-09-28 00:00:00,P1D,fcre,1.6,ensemble,27,Chla_ugL_mean,3.50981597670925
vera4cast,chlorocast_chronos,2026-10-04 00:00:00,2026-09-28 00:00:00,P1D,fcre,1.6,ensemble,27,Chla_ugL_mean,3.21503108978358
vera4cast,chlorocast_chronos,2026-10-05 00:00:00,2026-09-28 00:00:00,P1D,fcre,1.6,ensemble,27,Chla_ugL_mean,3.28273373808652
vera4cast,chlorocast_chronos,2026-10-06 00:00:00,2026-09-28 00:00:00,P1D,fcre,1.6,ensemble,27,Chla_ugL_mean,3.17732650134404
vera4cast,chlorocast_chronos,2026-10-07 00:00:00,2026-09-28 00:00:00,P1D,fcre,1.6,ensemble,27,Chla_ugL_mean,3.26092892132961
vera4cast,chlorocast_chronos,2026-10-08 00:00:00,2026-09-28 00:00:00,P1D,fcre,1.6,ensemble,27,Chla_ugL_mean,3.30307101882255
vera4cast,chlorocast_chronos,2026-10-09 00:00:00,2026-09-28 00:00:00,P1D,fcre,1.6,ensemble,27,Chla_ugL_mean,3.23573112417871
vera4cast,chlorocast_chronos,2026-10-10 00:00:00,2026-09-28 00:00:00,P1D,fcre,1.6,ensemble,27,Chla_ugL_mean,3.19871314346488
vera4cast,chlorocast_chronos,2026-10-11 00:00:00,2026-09-28 00:00:00,P1D,fcre,1.6,ensemble,27,Chla_ugL_mean,3.20777067034756
vera4cast,chlorocast_chronos,2026-10-12 00:00:00,2026-09-28 00:00:00,P1D,fcre,1.6,ensemble,27,Chla_ugL_mean,3.25270123278755
vera4cast,chlorocast_chronos,2026-10-13 00:00:00,2026-09-28 00:00:00,P1D,fcre,1.6,ensemble,27,Chla_ugL_mean,3.24221548327543
vera4cast,chlorocast_chronos,2026-10-14 00:00:00,2026-09-28 00:00:00,P1D,fcre,1.6,ensemble,27,Chla_ugL_mean,3.14132217540649
vera4cast,chlorocast_chronos,2026-10-15 00:00:00,2026-09-28 00:00:00,P1D,fcre,1.6,ensemble,27,Chla_ugL_mean,3.05132856894332
vera4cast,chlorocast_chronos,2026-10-16 00:00:00,2026-09-28 00:00:00,P1D,fcre,1.6,ensemble,27,Chla_ugL_mean,3.02562303208691
vera4cast,chlorocast_chronos,2026-10-17 00:00:00,2026-09-28 00:00:00,P1D,fcre,1.6,ensemble,27,Chla_ugL_mean,2.95975879471103
vera4cast,chlorocast_chronos,2026-10-18 00:00:00,2026-09-28 00:00:00,P1D,fcre,1.6,ensemble,27,Chla_ugL_mean,2.98350253968507
vera4cast,chlorocast_chronos,2026-10-19 00:00:00,2026-09-28 00:00:00,P1D,fcre,1.6,ensemble,27,Chla_ugL_mean,3.01773615434772
vera4cast,chlorocast_chronos,2026-10-20 00:00:00,2026-09-28 00:00:00,P1D,fcre,1.6,ensemble,27,Chla_ugL_mean,3.88723767218907
vera4cast,chlorocast_chronos,2026-10-21 00:00:00,2026-09-28 00:00:00,P1D,fcre,1.6,ensemble,27,Chla_ugL_mean,3.85619485951336
vera4cast,chlorocast_chronos,2026-10-22 00:00:00,2026-09-28 00:00:00,P1D,fcre,1.6,ensemble,27,Chla_ugL_mean,3.80990458621089
vera4cast,chlorocast_chronos,2026-10-23 00:00:00,2026-09-28 00:00:00,P1D,fcre,1.6,ensemble,27,Chla_ugL_mean,3.42053711567198
vera4cast,chlorocast_chronos,2026-10-24 00:00:00,2026-09-28 00:00:00,P1D,fcre,1.6,ensemble,27,Chla_ugL_mean,3.18696801969304
vera4cast,chlorocast_chronos,2026-10-25 00:00:00,2026-09-28 00:00:00,P1D,fcre,1.6,ensemble,27,Chla_ugL_mean,2.95995606120329
vera4cast,chlorocast_chronos,2026-10-26 00:00:00,2026-09-28 00:00:00,P1D,fcre,1.6,ensemble,27,Chla_ugL_mean,2.88516925157436
vera4cast,chlorocast_chronos,2026-10-27 00:00:00,2026-09-28 00:00:00,P1D,fcre,1.6,ensemble,27,Chla_ugL_mean,2.8200308151089
vera4cast,chlorocast_chronos,2026-10-28 00:00:00,2026-09-28 00:00:00,P1D,fcre,1.6,ensemble,27,Chla_ugL_mean,2.76355571514519
vera4cast,chlorocast_chronos,2026-10-29 00:00:00,2026-09-28 00:00:00,P1D,fcre,1.6,ensemble,27,Chla_ugL_mean,2.7140306376225
vera4cast,chlorocast_chronos,2026-10-30 00:00:00,2026-09-28 00:00:00,P1D,fcre,1.6,ensemble,27,Chla_ugL_mean,2.65946007871554
vera4cast,chlorocast_chronos,2026-10-31 00:00:00,2026-09-28 00:00:00,P1D,fcre,1.6,ensemble,27,Chla_ugL_mean,2.61197576147096
vera4cast,chlorocast_chronos,2026-11-01 00:00:00,2026-09-28 00:00:00,P1D,fcre,1.6,ensemble,27,Chla_ugL_mean,2.60000464289261
vera4cast,chlorocast_chronos,2026-11-02 00:00:00,2026-09-28 00:00:00,P1D,fcre,1.6,ensemble,27,Chla_ugL_mean,2.58018206651025
vera4cast,chlorocast_chronos,2026-09-29 00:00:00,2026-09-28 00:00:00,P1D,fcre,1.6,ensemble,28,Chla_ugL_mean,4.30531007259568
vera4cast,chlorocast_chronos,2026-09-30 00:00:00,2026-09-28 00:00:00,P1D,fcre,1.6,ensemble,28,Chla_ugL_mean,4.12608223195331
vera4cast,chlorocast_chronos,2026-10-01 00:00:00,2026-09-28 00:00:00,P1D,fcre,1.6,ensemble,28,Chla_ugL_mean,3.94525488001261
vera4cast,chlorocast_chronos,2026-10-02 00:00:00,2026-09-28 00:00:00,P1D,fcre,1.6,ensemble,28,Chla_ugL_mean,3.76653511339846
vera4cast,chlorocast_chronos,2026-10-03 00:00:00,2026-09-28 00:00:00,P1D,fcre,1.6,ensemble,28,Chla_ugL_mean,3.58400265115483
vera4cast,chlorocast_chronos,2026-10-04 00:00:00,2026-09-28 00:00:00,P1D,fcre,1.6,ensemble,28,Chla_ugL_mean,3.29135800584091
vera4cast,chlorocast_chronos,2026-10-05 00:00:00,2026-09-28 00:00:00,P1D,fcre,1.6,ensemble,28,Chla_ugL_mean,3.35838030281159
vera4cast,chlorocast_chronos,2026-10-06 00:00:00,2026-09-28 00:00:00,P1D,fcre,1.6,ensemble,28,Chla_ugL_mean,3.25384491903563
vera4cast,chlorocast_chronos,2026-10-07 00:00:00,2026-09-28 00:00:00,P1D,fcre,1.6,ensemble,28,Chla_ugL_mean,3.33797937606089
vera4cast,chlorocast_chronos,2026-10-08 00:00:00,2026-09-28 00:00:00,P1D,fcre,1.6,ensemble,28,Chla_ugL_mean,3.38137265595341
vera4cast,chlorocast_chronos,2026-10-09 00:00:00,2026-09-28 00:00:00,P1D,fcre,1.6,ensemble,28,Chla_ugL_mean,3.31421519937173
vera4cast,chlorocast_chronos,2026-10-10 00:00:00,2026-09-28 00:00:00,P1D,fcre,1.6,ensemble,28,Chla_ugL_mean,3.27748167905803
vera4cast,chlorocast_chronos,2026-10-11 00:00:00,2026-09-28 00:00:00,P1D,fcre,1.6,ensemble,28,Chla_ugL_mean,3.2883471236169
vera4cast,chlorocast_chronos,2026-10-12 00:00:00,2026-09-28 00:00:00,P1D,fcre,1.6,ensemble,28,Chla_ugL_mean,3.33575480475866
vera4cast,chlorocast_chronos,2026-10-13 00:00:00,2026-09-28 00:00:00,P1D,fcre,1.6,ensemble,28,Chla_ugL_mean,3.32743982410451
vera4cast,chlorocast_chronos,2026-10-14 00:00:00,2026-09-28 00:00:00,P1D,fcre,1.6,ensemble,28,Chla_ugL_mean,3.23066616696256
vera4cast,chlorocast_chronos,2026-10-15 00:00:00,2026-09-28 00:00:00,P1D,fcre,1.6,ensemble,28,Chla_ugL_mean,3.1415845344446
vera4cast,chlorocast_chronos,2026-10-16 00:00:00,2026-09-28 00:00:00,P1D,fcre,1.6,ensemble,28,Chla_ugL_mean,3.11838979356748
vera4cast,chlorocast_chronos,2026-10-17 00:00:00,2026-09-28 00:00:00,P1D,fcre,1.6,ensemble,28,Chla_ugL_mean,3.0523115299102
vera4cast,chlorocast_chronos,2026-10-18 00:00:00,2026-09-28 00:00:00,P1D,fcre,1.6,ensemble,28,Chla_ugL_mean,3.07552596669824
vera4cast,chlorocast_chronos,2026-10-19 00:00:00,2026-09-28 00:00:00,P1D,fcre,1.6,ensemble,28,Chla_ugL_mean,3.10962786736498
vera4cast,chlorocast_chronos,2026-10-20 00:00:00,2026-09-28 00:00:00,P1D,fcre,1.6,ensemble,28,Chla_ugL_mean,3.9769808730658
vera4cast,chlorocast_chronos,2026-10-21 00:00:00,2026-09-28 00:00:00,P1D,fcre,1.6,ensemble,28,Chla_ugL_mean,3.94670695852631
vera4cast,chlorocast_chronos,2026-10-22 00:00:00,2026-09-28 00:00:00,P1D,fcre,1.6,ensemble,28,Chla_ugL_mean,3.89992828798329
vera4cast,chlorocast_chronos,2026-10-23 00:00:00,2026-09-28 00:00:00,P1D,fcre,1.6,ensemble,28,Chla_ugL_mean,3.51086337485347
vera4cast,chlorocast_chronos,2026-10-24 00:00:00,2026-09-28 00:00:00,P1D,fcre,1.6,ensemble,28,Chla_ugL_mean,3.2775515943355
vera4cast,chlorocast_chronos,2026-10-25 00:00:00,2026-09-28 00:00:00,P1D,fcre,1.6,ensemble,28,Chla_ugL_mean,3.0500036827055
vera4cast,chlorocast_chronos,2026-10-26 00:00:00,2026-09-28 00:00:00,P1D,fcre,1.6,ensemble,28,Chla_ugL_mean,2.97467593338571
vera4cast,chlorocast_chronos,2026-10-27 00:00:00,2026-09-28 00:00:00,P1D,fcre,1.6,ensemble,28,Chla_ugL_mean,2.90842477185109
vera4cast,chlorocast_chronos,2026-10-28 00:00:00,2026-09-28 00:00:00,P1D,fcre,1.6,ensemble,28,Chla_ugL_mean,2.85132217412311
vera4cast,chlorocast_chronos,2026-10-29 00:00:00,2026-09-28 00:00:00,P1D,fcre,1.6,ensemble,28,Chla_ugL_mean,2.80062140757129
vera4cast,chlorocast_chronos,2026-10-30 00:00:00,2026-09-28 00:00:00,P1D,fcre,1.6,ensemble,28,Chla_ugL_mean,2.74520713106342
vera4cast,chlorocast_chronos,2026-10-31 00:00:00,2026-09-28 00:00:00,P1D,fcre,1.6,ensemble,28,Chla_ugL_mean,2.69809700549559
vera4cast,chlorocast_chronos,2026-11-01 00:00:00,2026-09-28 00:00:00,P1D,fcre,1.6,ensemble,28,Chla_ugL_mean,2.68577814667121
vera4cast,chlorocast_chronos,2026-11-02 00:00:00,2026-09-28 00:00:00,P1D,fcre,1.6,ensemble,28,Chla_ugL_mean,2.66606762217632
vera4cast,chlorocast_chronos,2026-09-29 00:00:00,2026-09-28 00:00:00,P1D,fcre,1.6,ensemble,29,Chla_ugL_mean,4.37737241726035
vera4cast,chlorocast_chronos,2026-09-30 00:00:00,2026-09-28 00:00:00,P1D,fcre,1.6,ensemble,29,Chla_ugL_mean,4.19993724488956
vera4cast,chlorocast_chronos,2026-10-01 00:00:00,2026-09-28 00:00:00,P1D,fcre,1.6,ensemble,29,Chla_ugL_mean,4.02050057932201
vera4cast,chlorocast_chronos,2026-10-02 00:00:00,2026-09-28 00:00:00,P1D,fcre,1.6,ensemble,29,Chla_ugL_mean,3.84151406075315
vera4cast,chlorocast_chronos,2026-10-03 00:00:00,2026-09-28 00:00:00,P1D,fcre,1.6,ensemble,29,Chla_ugL_mean,3.65940969971183
vera4cast,chlorocast_chronos,2026-10-04 00:00:00,2026-09-28 00:00:00,P1D,fcre,1.6,ensemble,29,Chla_ugL_mean,3.36906707021239
vera4cast,chlorocast_chronos,2026-10-05 00:00:00,2026-09-28 00:00:00,P1D,fcre,1.6,ensemble,29,Chla_ugL_mean,3.43536302409102
vera4cast,chlorocast_chronos,2026-10-06 00:00:00,2026-09-28 00:00:00,P1D,fcre,1.6,ensemble,29,Chla_ugL_mean,3.33176496723041
vera4cast,chlorocast_chronos,2026-10-07 00:00:00,2026-09-28 00:00:00,P1D,fcre,1.6,ensemble,29,Chla_ugL_mean,3.41642313555832
vera4cast,chlorocast_chronos,2026-10-08 00:00:00,2026-09-28 00:00:00,P1D,fcre,1.6,ensemble,29,Chla_ugL_mean,3.46109912347878
vera4cast,chlorocast_chronos,2026-10-09 00:00:00,2026-09-28 00:00:00,P1D,fcre,1.6,ensemble,29,Chla_ugL_mean,3.39415350994426
vera4cast,chlorocast_chronos,2026-10-10 00:00:00,2026-09-28 00:00:00,P1D,fcre,1.6,ensemble,29,Chla_ugL_mean,3.35772792507995
vera4cast,chlorocast_chronos,2026-10-11 00:00:00,2026-09-28 00:00:00,P1D,fcre,1.6,ensemble,29,Chla_ugL_mean,3.37046657086811
vera4cast,chlorocast_chronos,2026-10-12 00:00:00,2026-09-28 00:00:00,P1D,fcre,1.6,ensemble,29,Chla_ugL_mean,3.42043038011999
vera4cast,chlorocast_chronos,2026-10-13 00:00:00,2026-09-28 00:00:00,P1D,fcre,1.6,ensemble,29,Chla_ugL_mean,3.41437628641785
vera4cast,chlorocast_chronos,2026-10-14 00:00:00,2026-09-28 00:00:00,P1D,fcre,1.6,ensemble,29,Chla_ugL_mean,3.32193764652586
vera4cast,chlorocast_chronos,2026-10-15 00:00:00,2026-09-28 00:00:00,P1D,fcre,1.6,ensemble,29,Chla_ugL_mean,3.2338512327635
vera4cast,chlorocast_chronos,2026-10-16 00:00:00,2026-09-28 00:00:00,P1D,fcre,1.6,ensemble,29,Chla_ugL_mean,3.2132942793126
vera4cast,chlorocast_chronos,2026-10-17 00:00:00,2026-09-28 00:00:00,P1D,fcre,1.6,ensemble,29,Chla_ugL_mean,3.14702753040835
vera4cast,chlorocast_chronos,2026-10-18 00:00:00,2026-09-28 00:00:00,P1D,fcre,1.6,ensemble,29,Chla_ugL_mean,3.16967523925434
vera4cast,chlorocast_chronos,2026-10-19 00:00:00,2026-09-28 00:00:00,P1D,fcre,1.6,ensemble,29,Chla_ugL_mean,3.20362128308169
vera4cast,chlorocast_chronos,2026-10-20 00:00:00,2026-09-28 00:00:00,P1D,fcre,1.6,ensemble,29,Chla_ugL_mean,4.06837200732409
vera4cast,chlorocast_chronos,2026-10-21 00:00:00,2026-09-28 00:00:00,P1D,fcre,1.6,ensemble,29,Chla_ugL_mean,4.03890606564019
vera4cast,chlorocast_chronos,2026-10-22 00:00:00,2026-09-28 00:00:00,P1D,fcre,1.6,ensemble,29,Chla_ugL_mean,3.99163690194792
vera4cast,chlorocast_chronos,2026-10-23 00:00:00,2026-09-28 00:00:00,P1D,fcre,1.6,ensemble,29,Chla_ugL_mean,3.60303529959193
vera4cast,chlorocast_chronos,2026-10-24 00:00:00,2026-09-28 00:00:00,P1D,fcre,1.6,ensemble,29,Chla_ugL_mean,3.37009491262932
vera4cast,chlorocast_chronos,2026-10-25 00:00:00,2026-09-28 00:00:00,P1D,fcre,1.6,ensemble,29,Chla_ugL_mean,3.14209894665951
vera4cast,chlorocast_chronos,2026-10-26 00:00:00,2026-09-28 00:00:00,P1D,fcre,1.6,ensemble,29,Chla_ugL_mean,3.06624467364808
vera4cast,chlorocast_chronos,2026-10-27 00:00:00,2026-09-28 00:00:00,P1D,fcre,1.6,ensemble,29,Chla_ugL_mean,2.9988641287397
vera4cast,chlorocast_chronos,2026-10-28 00:00:00,2026-09-28 00:00:00,P1D,fcre,1.6,ensemble,29,Chla_ugL_mean,2.94113535484624
vera4cast,chlorocast_chronos,2026-10-29 00:00:00,2026-09-28 00:00:00,P1D,fcre,1.6,ensemble,29,Chla_ugL_mean,2.88923099808779
vera4cast,chlorocast_chronos,2026-10-30 00:00:00,2026-09-28 00:00:00,P1D,fcre,1.6,ensemble,29,Chla_ugL_mean,2.83296337515768
vera4cast,chlorocast_chronos,2026-10-31 00:00:00,2026-09-28 00:00:00,P1D,fcre,1.6,ensemble,29,Chla_ugL_mean,2.78627165994215
vera4cast,chlorocast_chronos,2026-11-01 00:00:00,2026-09-28 00:00:00,P1D,fcre,1.6,ensemble,29,Chla_ugL_mean,2.77359528502262
vera4cast,chlorocast_chronos,2026-11-02 00:00:00,2026-09-28 00:00:00,P1D,fcre,1.6,ensemble,29,Chla_ugL_mean,2.75401350006485
vera4cast,chlorocast_chronos,2026-09-29 00:00:00,2026-09-28 00:00:00,P1D,fcre,1.6,ensemble,30,Chla_ugL_mean,4.45041358907131
vera4cast,chlorocast_chronos,2026-09-30 00:00:00,2026-09-28 00:00:00,P1D,fcre,1.6,ensemble,30,Chla_ugL_mean,4.27485633809004
vera4cast,chlorocast_chronos,2026-10-01 00:00:00,2026-09-28 00:00:00,P1D,fcre,1.6,ensemble,30,Chla_ugL_mean,4.0968911974277
vera4cast,chlorocast_chronos,2026-10-02 00:00:00,2026-09-28 00:00:00,P1D,fcre,1.6,ensemble,30,Chla_ugL_mean,3.91767244818594
vera4cast,chlorocast_chronos,2026-10-03 00:00:00,2026-09-28 00:00:00,P1D,fcre,1.6,ensemble,30,Chla_ugL_mean,3.73605719758896
vera4cast,chlorocast_chronos,2026-10-04 00:00:00,2026-09-28 00:00:00,P1D,fcre,1.6,ensemble,30,Chla_ugL_mean,3.44818331121123
vera4cast,chlorocast_chronos,2026-10-05 00:00:00,2026-09-28 00:00:00,P1D,fcre,1.6,ensemble,30,Chla_ugL_mean,3.5137055026573
vera4cast,chlorocast_chronos,2026-10-06 00:00:00,2026-09-28 00:00:00,P1D,fcre,1.6,ensemble,30,Chla_ugL_mean,3.41111232037546
vera4cast,chlorocast_chronos,2026-10-07 00:00:00,2026-09-28 00:00:00,P1D,fcre,1.6,ensemble,30,Chla_ugL_mean,3.49628539497717
vera4cast,chlorocast_chronos,2026-10-08 00:00:00,2026-09-28 00:00:00,P1D,fcre,1.6,ensemble,30,Chla_ugL_mean,3.54227634859161
vera4cast,chlorocast_chronos,2026-10-09 00:00:00,2026-09-28 00:00:00,P1D,fcre,1.6,ensemble,30,Chla_ugL_mean,3.47557300149685
vera4cast,chlorocast_chronos,2026-10-10 00:00:00,2026-09-28 00:00:00,P1D,fcre,1.6,ensemble,30,Chla_ugL_mean,3.43947960361656
vera4cast,chlorocast_chronos,2026-10-11 00:00:00,2026-09-28 00:00:00,P1D,fcre,1.6,ensemble,30,Chla_ugL_mean,3.45415855957235
vera4cast,chlorocast_chronos,2026-10-12 00:00:00,2026-09-28 00:00:00,P1D,fcre,1.6,ensemble,30,Chla_ugL_mean,3.50675963595579
vera4cast,chlorocast_chronos,2026-10-13 00:00:00,2026-09-28 00:00:00,P1D,fcre,1.6,ensemble,30,Chla_ugL_mean,3.50305926602242
vera4cast,chlorocast_chronos,2026-10-14 00:00:00,2026-09-28 00:00:00,P1D,fcre,1.6,ensemble,30,Chla_ugL_mean,3.415178197307
vera4cast,chlorocast_chronos,2026-10-15 00:00:00,2026-09-28 00:00:00,P1D,fcre,1.6,ensemble,30,Chla_ugL_mean,3.32817345923785
vera4cast,chlorocast_chronos,2026-10-16 00:00:00,2026-09-28 00:00:00,P1D,fcre,1.6,ensemble,30,Chla_ugL_mean,3.31038575120181
vera4cast,chlorocast_chronos,2026-10-17 00:00:00,2026-09-28 00:00:00,P1D,fcre,1.6,ensemble,30,Chla_ugL_mean,3.2439573589116
vera4cast,chlorocast_chronos,2026-10-18 00:00:00,2026-09-28 00:00:00,P1D,fcre,1.6,ensemble,30,Chla_ugL_mean,3.26599946679669
vera4cast,chlorocast_chronos,2026-10-19 00:00:00,2026-09-28 00:00:00,P1D,fcre,1.6,ensemble,30,Chla_ugL_mean,3.29976447062281
vera4cast,chlorocast_chronos,2026-10-20 00:00:00,2026-09-28 00:00:00,P1D,fcre,1.6,ensemble,30,Chla_ugL_mean,4.16144133557871
vera4cast,chlorocast_chronos,2026-10-21 00:00:00,2026-09-28 00:00:00,P1D,fcre,1.6,ensemble,30,Chla_ugL_mean,4.13282362412463
vera4cast,chlorocast_chronos,2026-10-22 00:00:00,2026-09-28 00:00:00,P1D,fcre,1.6,ensemble,30,Chla_ugL_mean,4.08506196345649
vera4cast,chlorocast_chronos,2026-10-23 00:00:00,2026-09-28 00:00:00,P1D,fcre,1.6,ensemble,30,Chla_ugL_mean,3.69709060296636
vera4cast,chlorocast_chronos,2026-10-24 00:00:00,2026-09-28 00:00:00,P1D,fcre,1.6,ensemble,30,Chla_ugL_mean,3.46464037293637
vera4cast,chlorocast_chronos,2026-10-25 00:00:00,2026-09-28 00:00:00,P1D,fcre,1.6,ensemble,30,Chla_ugL_mean,3.23628841553462
vera4cast,chlorocast_chronos,2026-10-26 00:00:00,2026-09-28 00:00:00,P1D,fcre,1.6,ensemble,30,Chla_ugL_mean,3.15992297814506
vera4cast,chlorocast_chronos,2026-10-27 00:00:00,2026-09-28 00:00:00,P1D,fcre,1.6,ensemble,30,Chla_ugL_mean,3.0913962155008
vera4cast,chlorocast_chronos,2026-10-28 00:00:00,2026-09-28 00:00:00,P1D,fcre,1.6,ensemble,30,Chla_ugL_mean,3.03304298705043
vera4cast,chlorocast_chronos,2026-10-29 00:00:00,2026-09-28 00:00:00,P1D,fcre,1.6,ensemble,30,Chla_ugL_mean,2.97990647696556
vera4cast,chlorocast_chronos,2026-10-30 00:00:00,2026-09-28 00:00:00,P1D,fcre,1.6,ensemble,30,Chla_ugL_mean,2.92277588960176
vera4cast,chlorocast_chronos,2026-10-31 00:00:00,2026-09-28 00:00:00,P1D,fcre,1.6,ensemble,30,Chla_ugL_mean,2.87654868479036
vera4cast,chlorocast_chronos,2026-11-01 00:00:00,2026-09-28 00:00:00,P1D,fcre,1.6,ensemble,30,Chla_ugL_mean,2.86350474946674
vera4cast,chlorocast_chronos,2026-11-02 00:00:00,2026-09-28 00:00:00,P1D,fcre,1.6,ensemble,30,Chla_ugL_mean,2.84406912557255
vera4cast,chlorocast_chronos,2026-09-29 00:00:00,2026-09-28 00:00:00,P1D,fcre,1.6,ensemble,31,Chla_ugL_mean,4.52444688349636
vera4cast,chlorocast_chronos,2026-09-30 00:00:00,2026-09-28 00:00:00,P1D,fcre,1.6,ensemble,31,Chla_ugL_mean,4.35085484249523
vera4cast,chlorocast_chronos,2026-10-01 00:00:00,2026-09-28 00:00:00,P1D,fcre,1.6,ensemble,31,Chla_ugL_mean,4.17444415511335
vera4cast,chlorocast_chronos,2026-10-02 00:00:00,2026-09-28 00:00:00,P1D,fcre,1.6,ensemble,31,Chla_ugL_mean,3.99502882862331
vera4cast,chlorocast_chronos,2026-10-03 00:00:00,2026-09-28 00:00:00,P1D,fcre,1.6,ensemble,31,Chla_ugL_mean,3.81396555023299
vera4cast,chlorocast_chronos,2026-10-04 00:00:00,2026-09-28 00:00:00,P1D,fcre,1.6,ensemble,31,Chla_ugL_mean,3.5287322103701
vera4cast,chlorocast_chronos,2026-10-05 00:00:00,2026-09-28 00:00:00,P1D,fcre,1.6,ensemble,31,Chla_ugL_mean,3.59343175610617
vera4cast,chlorocast_chronos,2026-10-06 00:00:00,2026-09-28 00:00:00,P1D,fcre,1.6,ensemble,31,Chla_ugL_mean,3.49191312321107
vera4cast,chlorocast_chronos,2026-10-07 00:00:00,2026-09-28 00:00:00,P1D,fcre,1.6,ensemble,31,Chla_ugL_mean,3.57759180507717
vera4cast,chlorocast_chronos,2026-10-08 00:00:00,2026-09-28 00:00:00,P1D,fcre,1.6,ensemble,31,Chla_ugL_mean,3.62493073027384
vera4cast,chlorocast_chronos,2026-10-09 00:00:00,2026-09-28 00:00:00,P1D,fcre,1.6,ensemble,31,Chla_ugL_mean,3.55850111890643
vera4cast,chlorocast_chronos,2026-10-10 00:00:00,2026-09-28 00:00:00,P1D,fcre,1.6,ensemble,31,Chla_ugL_mean,3.52276495682456
vera4cast,chlorocast_chronos,2026-10-11 00:00:00,2026-09-28 00:00:00,P1D,fcre,1.6,ensemble,31,Chla_ugL_mean,3.53945320301829
vera4cast,chlorocast_chronos,2026-10-12 00:00:00,2026-09-28 00:00:00,P1D,fcre,1.6,ensemble,31,Chla_ugL_mean,3.59477486799127
vera4cast,chlorocast_chronos,2026-10-13 00:00:00,2026-09-28 00:00:00,P1D,fcre,1.6,ensemble,31,Chla_ugL_mean,3.59352384972262
vera4cast,chlorocast_chronos,2026-10-14 00:00:00,2026-09-28 00:00:00,P1D,fcre,1.6,ensemble,31,Chla_ugL_mean,3.51043029962382
vera4cast,chlorocast_chronos,2026-10-15 00:00:00,2026-09-28 00:00:00,P1D,fcre,1.6,ensemble,31,Chla_ugL_mean,3.42459700716115
vera4cast,chlorocast_chronos,2026-10-16 00:00:00,2026-09-28 00:00:00,P1D,fcre,1.6,ensemble,31,Chla_ugL_mean,3.40971460630917
vera4cast,chlorocast_chronos,2026-10-17 00:00:00,2026-09-28 00:00:00,P1D,fcre,1.6,ensemble,31,Chla_ugL_mean,3.34315275994476
vera4cast,chlorocast_chronos,2026-10-18 00:00:00,2026-09-28 00:00:00,P1D,fcre,1.6,ensemble,31,Chla_ugL_mean,3.36454889325244
vera4cast,chlorocast_chronos,2026-10-19 00:00:00,2026-09-28 00:00:00,P1D,fcre,1.6,ensemble,31,Chla_ugL_mean,3.39810659852704
vera4cast,chlorocast_chronos,2026-10-20 00:00:00,2026-09-28 00:00:00,P1D,fcre,1.6,ensemble,31,Chla_ugL_mean,4.256219674113
vera4cast,chlorocast_chronos,2026-10-21 00:00:00,2026-09-28 00:00:00,P1D,fcre,1.6,ensemble,31,Chla_ugL_mean,4.22849166330403
vera4cast,chlorocast_chronos,2026-10-22 00:00:00,2026-09-28 00:00:00,P1D,fcre,1.6,ensemble,31,Chla_ugL_mean,4.18023559808632
vera4cast,chlorocast_chronos,2026-10-23 00:00:00,2026-09-28 00:00:00,P1D,fcre,1.6,ensemble,31,Chla_ugL_mean,3.79306776865925
vera4cast,chlorocast_chronos,2026-10-24 00:00:00,2026-09-28 00:00:00,P1D,fcre,1.6,ensemble,31,Chla_ugL_mean,3.56123129089215
vera4cast,chlorocast_chronos,2026-10-25 00:00:00,2026-09-28 00:00:00,P1D,fcre,1.6,ensemble,31,Chla_ugL_mean,3.33261971060974
vera4cast,chlorocast_chronos,2026-10-26 00:00:00,2026-09-28 00:00:00,P1D,fcre,1.6,ensemble,31,Chla_ugL_mean,3.25575944710034
vera4cast,chlorocast_chronos,2026-10-27 00:00:00,2026-09-28 00:00:00,P1D,fcre,1.6,ensemble,31,Chla_ugL_mean,3.18606945705104
vera4cast,chlorocast_chronos,2026-10-28 00:00:00,2026-09-28 00:00:00,P1D,fcre,1.6,ensemble,31,Chla_ugL_mean,3.12709391353325
vera4cast,chlorocast_chronos,2026-10-29 00:00:00,2026-09-28 00:00:00,P1D,fcre,1.6,ensemble,31,Chla_ugL_mean,3.07269600936028
vera4cast,chlorocast_chronos,2026-10-30 00:00:00,2026-09-28 00:00:00,P1D,fcre,1.6,ensemble,31,Chla_ugL_mean,3.01469285612671
vera4cast,chlorocast_chronos,2026-10-31 00:00:00,2026-09-28 00:00:00,P1D,fcre,1.6,ensemble,31,Chla_ugL_mean,2.968978207385
vera4cast,chlorocast_chronos,2026-11-01 00:00:00,2026-09-28 00:00:00,P1D,fcre,1.6,ensemble,31,Chla_ugL_mean,2.95555639164484
vera4cast,chlorocast_chronos,2026-11-02 00:00:00,2026-09-28 00:00:00,P1D,fcre,1.6,ensemble,31,Chla_ugL_mean,2.9362851097698
vera4cast,chlorocast_chronos,2026-09-29 00:00:00,2026-09-28 00:00:00,P1D,fcre,1.6,ensemble,32,Chla_ugL_mean,4.59948577659642
vera4cast,chlorocast_chronos,2026-09-30 00:00:00,2026-09-28 00:00:00,P1D,fcre,1.6,ensemble,32,Chla_ugL_mean,4.42794830992912
vera4cast,chlorocast_chronos,2026-10-01 00:00:00,2026-09-28 00:00:00,P1D,fcre,1.6,ensemble,32,Chla_ugL_mean,4.25317713823271
vera4cast,chlorocast_chronos,2026-10-02 00:00:00,2026-09-28 00:00:00,P1D,fcre,1.6,ensemble,32,Chla_ugL_mean,4.07360204683453
vera4cast,chlorocast_chronos,2026-10-03 00:00:00,2026-09-28 00:00:00,P1D,fcre,1.6,ensemble,32,Chla_ugL_mean,3.89315549876121
vera4cast,chlorocast_chronos,2026-10-04 00:00:00,2026-09-28 00:00:00,P1D,fcre,1.6,ensemble,32,Chla_ugL_mean,3.61073971064806
vera4cast,chlorocast_chronos,2026-10-05 00:00:00,2026-09-28 00:00:00,P1D,fcre,1.6,ensemble,32,Chla_ugL_mean,3.67456622625974
vera4cast,chlorocast_chronos,2026-10-06 00:00:00,2026-09-28 00:00:00,P1D,fcre,1.6,ensemble,32,Chla_ugL_mean,3.57419399938525
vera4cast,chlorocast_chronos,2026-10-07 00:00:00,2026-09-28 00:00:00,P1D,fcre,1.6,ensemble,32,Chla_ugL_mean,3.66036848046121
vera4cast,chlorocast_chronos,2026-10-08 00:00:00,2026-09-28 00:00:00,P1D,fcre,1.6,ensemble,32,Chla_ugL_mean,3.70908914788145
vera4cast,chlorocast_chronos,2026-10-09 00:00:00,2026-09-28 00:00:00,P1D,fcre,1.6,ensemble,32,Chla_ugL_mean,3.64296581557743
vera4cast,chlorocast_chronos,2026-10-10 00:00:00,2026-09-28 00:00:00,P1D,fcre,1.6,ensemble,32,Chla_ugL_mean,3.6076127566881
vera4cast,chlorocast_chronos,2026-10-11 00:00:00,2026-09-28 00:00:00,P1D,fcre,1.6,ensemble,32,Chla_ugL_mean,3.62638119114725
vera4cast,chlorocast_chronos,2026-10-12 00:00:00,2026-09-28 00:00:00,P1D,fcre,1.6,ensemble,32,Chla_ugL_mean,3.68450900267433
vera4cast,chlorocast_chronos,2026-10-13 00:00:00,2026-09-28 00:00:00,P1D,fcre,1.6,ensemble,32,Chla_ugL_mean,3.68580582920214
vera4cast,chlorocast_chronos,2026-10-14 00:00:00,2026-09-28 00:00:00,P1D,fcre,1.6,ensemble,32,Chla_ugL_mean,3.60773735025537
vera4cast,chlorocast_chronos,2026-10-15 00:00:00,2026-09-28 00:00:00,P1D,fcre,1.6,ensemble,32,Chla_ugL_mean,3.52316869001519
vera4cast,chlorocast_chronos,2026-10-16 00:00:00,2026-09-28 00:00:00,P1D,fcre,1.6,ensemble,32,Chla_ugL_mean,3.51133240306268
vera4cast,chlorocast_chronos,2026-10-17 00:00:00,2026-09-28 00:00:00,P1D,fcre,1.6,ensemble,32,Chla_ugL_mean,3.4446666874743
vera4cast,chlorocast_chronos,2026-10-18 00:00:00,2026-09-28 00:00:00,P1D,fcre,1.6,ensemble,32,Chla_ugL_mean,3.46537492324045
vera4cast,chlorocast_chronos,2026-10-19 00:00:00,2026-09-28 00:00:00,P1D,fcre,1.6,ensemble,32,Chla_ugL_mean,3.49869795989203
vera4cast,chlorocast_chronos,2026-10-20 00:00:00,2026-09-28 00:00:00,P1D,fcre,1.6,ensemble,32,Chla_ugL_mean,4.35273840508253
vera4cast,chlorocast_chronos,2026-10-21 00:00:00,2026-09-28 00:00:00,P1D,fcre,1.6,ensemble,32,Chla_ugL_mean,4.32594280948081
vera4cast,chlorocast_chronos,2026-10-22 00:00:00,2026-09-28 00:00:00,P1D,fcre,1.6,ensemble,32,Chla_ugL_mean,4.27719053268727
vera4cast,chlorocast_chronos,2026-10-23 00:00:00,2026-09-28 00:00:00,P1D,fcre,1.6,ensemble,32,Chla_ugL_mean,3.89100606670259
vera4cast,chlorocast_chronos,2026-10-24 00:00:00,2026-09-28 00:00:00,P1D,fcre,1.6,ensemble,32,Chla_ugL_mean,3.65991191925061
vera4cast,chlorocast_chronos,2026-10-25 00:00:00,2026-09-28 00:00:00,P1D,fcre,1.6,ensemble,32,Chla_ugL_mean,3.43114153605025
vera4cast,chlorocast_chronos,2026-10-26 00:00:00,2026-09-28 00:00:00,P1D,fcre,1.6,ensemble,32,Chla_ugL_mean,3.35380380039149
vera4cast,chlorocast_chronos,2026-10-27 00:00:00,2026-09-28 00:00:00,P1D,fcre,1.6,ensemble,32,Chla_ugL_mean,3.28293339883991
vera4cast,chlorocast_chronos,2026-10-28 00:00:00,2026-09-28 00:00:00,P1D,fcre,1.6,ensemble,32,Chla_ugL_mean,3.22333811611075
vera4cast,chlorocast_chronos,2026-10-29 00:00:00,2026-09-28 00:00:00,P1D,fcre,1.6,ensemble,32,Chla_ugL_mean,3.16764888337416
vera4cast,chlorocast_chronos,2026-10-30 00:00:00,2026-09-28 00:00:00,P1D,fcre,1.6,ensemble,32,Chla_ugL_mean,3.10876358543927
vera4cast,chlorocast_chronos,2026-10-31 00:00:00,2026-09-28 00:00:00,P1D,fcre,1.6,ensemble,32,Chla_ugL_mean,3.06361155026974
vera4cast,chlorocast_chronos,2026-11-01 00:00:00,2026-09-28 00:00:00,P1D,fcre,1.6,ensemble,32,Chla_ugL_mean,3.04980125096053
vera4cast,chlorocast_chronos,2026-11-02 00:00:00,2026-09-28 00:00:00,P1D,fcre,1.6,ensemble,32,Chla_ugL_mean,3.030713277844
vera4cast,chlorocast_chronos,2026-09-29 00:00:00,2026-09-28 00:00:00,P1D,fcre,1.6,ensemble,33,Chla_ugL_mean,4.67554392747856
vera4cast,chlorocast_chronos,2026-09-30 00:00:00,2026-09-28 00:00:00,P1D,fcre,1.6,ensemble,33,Chla_ugL_mean,4.50615251628153
vera4cast,chlorocast_chronos,2026-10-01 00:00:00,2026-09-28 00:00:00,P1D,fcre,1.6,ensemble,33,Chla_ugL_mean,4.33310810174281
vera4cast,chlorocast_chronos,2026-10-02 00:00:00,2026-09-28 00:00:00,P1D,fcre,1.6,ensemble,33,Chla_ugL_mean,4.15341124402243
vera4cast,chlorocast_chronos,2026-10-03 00:00:00,2026-09-28 00:00:00,P1D,fcre,1.6,ensemble,33,Chla_ugL_mean,3.97364812548321
vera4cast,chlorocast_chronos,2026-10-04 00:00:00,2026-09-28 00:00:00,P1D,fcre,1.6,ensemble,33,Chla_ugL_mean,3.69423222478629
vera4cast,chlorocast_chronos,2026-10-05 00:00:00,2026-09-28 00:00:00,P1D,fcre,1.6,ensemble,33,Chla_ugL_mean,3.7571337866597
vera4cast,chlorocast_chronos,2026-10-06 00:00:00,2026-09-28 00:00:00,P1D,fcre,1.6,ensemble,33,Chla_ugL_mean,3.65798206022625
vera4cast,chlorocast_chronos,2026-10-07 00:00:00,2026-09-28 00:00:00,P1D,fcre,1.6,ensemble,33,Chla_ugL_mean,3.744642007963
vera4cast,chlorocast_chronos,2026-10-08 00:00:00,2026-09-28 00:00:00,P1D,fcre,1.6,ensemble,33,Chla_ugL_mean,3.79477896988564
vera4cast,chlorocast_chronos,2026-10-09 00:00:00,2026-09-28 00:00:00,P1D,fcre,1.6,ensemble,33,Chla_ugL_mean,3.72899556286434
vera4cast,chlorocast_chronos,2026-10-10 00:00:00,2026-09-28 00:00:00,P1D,fcre,1.6,ensemble,33,Chla_ugL_mean,3.69405231495836
vera4cast,chlorocast_chronos,2026-10-11 00:00:00,2026-09-28 00:00:00,P1D,fcre,1.6,ensemble,33,Chla_ugL_mean,3.71497380159572
vera4cast,chlorocast_chronos,2026-10-12 00:00:00,2026-09-28 00:00:00,P1D,fcre,1.6,ensemble,33,Chla_ugL_mean,3.77599560949337
vera4cast,chlorocast_chronos,2026-10-13 00:00:00,2026-09-28 00:00:00,P1D,fcre,1.6,ensemble,33,Chla_ugL_mean,3.77994171518464
vera4cast,chlorocast_chronos,2026-10-14 00:00:00,2026-09-28 00:00:00,P1D,fcre,1.6,ensemble,33,Chla_ugL_mean,3.70714368221344
vera4cast,chlorocast_chronos,2026-10-15 00:00:00,2026-09-28 00:00:00,P1D,fcre,1.6,ensemble,33,Chla_ugL_mean,3.62393636419792
vera4cast,chlorocast_chronos,2026-10-16 00:00:00,2026-09-28 00:00:00,P1D,fcre,1.6,ensemble,33,Chla_ugL_mean,3.61529188800669
vera4cast,chlorocast_chronos,2026-10-17 00:00:00,2026-09-28 00:00:00,P1D,fcre,1.6,ensemble,33,Chla_ugL_mean,3.54855333317704
vera4cast,chlorocast_chronos,2026-10-18 00:00:00,2026-09-28 00:00:00,P1D,fcre,1.6,ensemble,33,Chla_ugL_mean,3.5685301488846
vera4cast,chlorocast_chronos,2026-10-19 00:00:00,2026-09-28 00:00:00,P1D,fcre,1.6,ensemble,33,Chla_ugL_mean,3.60158999809478
vera4cast,chlorocast_chronos,2026-10-20 00:00:00,2026-09-28 00:00:00,P1D,fcre,1.6,ensemble,33,Chla_ugL_mean,4.45102948690601
vera4cast,chlorocast_chronos,2026-10-21 00:00:00,2026-09-28 00:00:00,P1D,fcre,1.6,ensemble,33,Chla_ugL_mean,4.42521029706209
vera4cast,chlorocast_chronos,2026-10-22 00:00:00,2026-09-28 00:00:00,P1D,fcre,1.6,ensemble,33,Chla_ugL_mean,4.37596010663531
vera4cast,chlorocast_chronos,2026-10-23 00:00:00,2026-09-28 00:00:00,P1D,fcre,1.6,ensemble,33,Chla_ugL_mean,3.99094556954557
vera4cast,chlorocast_chronos,2026-10-24 00:00:00,2026-09-28 00:00:00,P1D,fcre,1.6,ensemble,33,Chla_ugL_mean,3.7607274681584
vera4cast,chlorocast_chronos,2026-10-25 00:00:00,2026-09-28 00:00:00,P1D,fcre,1.6,ensemble,33,Chla_ugL_mean,3.53190370353242
vera4cast,chlorocast_chronos,2026-10-26 00:00:00,2026-09-28 00:00:00,P1D,fcre,1.6,ensemble,33,Chla_ugL_mean,3.45410690334453
vera4cast,chlorocast_chronos,2026-10-27 00:00:00,2026-09-28 00:00:00,P1D,fcre,1.6,ensemble,33,Chla_ugL_mean,3.38203873277842
vera4cast,chlorocast_chronos,2026-10-28 00:00:00,2026-09-28 00:00:00,P1D,fcre,1.6,ensemble,33,Chla_ugL_mean,3.32182674217941
vera4cast,chlorocast_chronos,2026-10-29 00:00:00,2026-09-28 00:00:00,P1D,fcre,1.6,ensemble,33,Chla_ugL_mean,3.26481553623694
vera4cast,chlorocast_chronos,2026-10-30 00:00:00,2026-09-28 00:00:00,P1D,fcre,1.6,ensemble,33,Chla_ugL_mean,3.20503854367557
vera4cast,chlorocast_chronos,2026-10-31 00:00:00,2026-09-28 00:00:00,P1D,fcre,1.6,ensemble,33,Chla_ugL_mean,3.16050125968451
vera4cast,chlorocast_chronos,2026-11-01 00:00:00,2026-09-28 00:00:00,P1D,fcre,1.6,ensemble,33,Chla_ugL_mean,3.14629158287931
vera4cast,chlorocast_chronos,2026-11-02 00:00:00,2026-09-28 00:00:00,P1D,fcre,1.6,ensemble,33,Chla_ugL_mean,3.12740669822518
vera4cast,chlorocast_chronos,2026-09-29 00:00:00,2026-09-28 00:00:00,P1D,fcre,1.6,ensemble,34,Chla_ugL_mean,4.75263518078231
vera4cast,chlorocast_chronos,2026-09-30 00:00:00,2026-09-28 00:00:00,P1D,fcre,1.6,ensemble,34,Chla_ugL_mean,4.58548346473648
vera4cast,chlorocast_chronos,2026-10-01 00:00:00,2026-09-28 00:00:00,P1D,fcre,1.6,ensemble,34,Chla_ugL_mean,4.41425527379863
vera4cast,chlorocast_chronos,2026-10-02 00:00:00,2026-09-28 00:00:00,P1D,fcre,1.6,ensemble,34,Chla_ugL_mean,4.23447586248637
vera4cast,chlorocast_chronos,2026-10-03 00:00:00,2026-09-28 00:00:00,P1D,fcre,1.6,ensemble,34,Chla_ugL_mean,4.05546485951352
vera4cast,chlorocast_chronos,2026-10-04 00:00:00,2026-09-28 00:00:00,P1D,fcre,1.6,ensemble,34,Chla_ugL_mean,3.77923664381497
vera4cast,chlorocast_chronos,2026-10-05 00:00:00,2026-09-28 00:00:00,P1D,fcre,1.6,ensemble,34,Chla_ugL_mean,3.8411597501928
vera4cast,chlorocast_chronos,2026-10-06 00:00:00,2026-09-28 00:00:00,P1D,fcre,1.6,ensemble,34,Chla_ugL_mean,3.74330491367562
vera4cast,chlorocast_chronos,2026-10-07 00:00:00,2026-09-28 00:00:00,P1D,fcre,1.6,ensemble,34,Chla_ugL_mean,3.83043945518645
vera4cast,chlorocast_chronos,2026-10-08 00:00:00,2026-09-28 00:00:00,P1D,fcre,1.6,ensemble,34,Chla_ugL_mean,3.88202806277312
vera4cast,chlorocast_chronos,2026-10-09 00:00:00,2026-09-28 00:00:00,P1D,fcre,1.6,ensemble,34,Chla_ugL_mean,3.81661935966878
vera4cast,chlorocast_chronos,2026-10-10 00:00:00,2026-09-28 00:00:00,P1D,fcre,1.6,ensemble,34,Chla_ugL_mean,3.78211349327973
vera4cast,chlorocast_chronos,2026-10-11 00:00:00,2026-09-28 00:00:00,P1D,fcre,1.6,ensemble,34,Chla_ugL_mean,3.80526291094945
vera4cast,chlorocast_chronos,2026-10-12 00:00:00,2026-09-28 00:00:00,P1D,fcre,1.6,ensemble,34,Chla_ugL_mean,3.86926891353565
vera4cast,chlorocast_chronos,2026-10-13 00:00:00,2026-09-28 00:00:00,P1D,fcre,1.6,ensemble,34,Chla_ugL_mean,3.87596875187904
vera4cast,chlorocast_chronos,2026-10-14 00:00:00,2026-09-28 00:00:00,P1D,fcre,1.6,ensemble,34,Chla_ugL_mean,3.80869458494069
vera4cast,chlorocast_chronos,2026-10-15 00:00:00,2026-09-28 00:00:00,P1D,fcre,1.6,ensemble,34,Chla_ugL_mean,3.72694895225765
vera4cast,chlorocast_chronos,2026-10-16 00:00:00,2026-09-28 00:00:00,P1D,fcre,1.6,ensemble,34,Chla_ugL_mean,3.72164702318088
vera4cast,chlorocast_chronos,2026-10-17 00:00:00,2026-09-28 00:00:00,P1D,fcre,1.6,ensemble,34,Chla_ugL_mean,3.65486815536954
vera4cast,chlorocast_chronos,2026-10-18 00:00:00,2026-09-28 00:00:00,P1D,fcre,1.6,ensemble,34,Chla_ugL_mean,3.67406837724646
vera4cast,chlorocast_chronos,2026-10-19 00:00:00,2026-09-28 00:00:00,P1D,fcre,1.6,ensemble,34,Chla_ugL_mean,3.70683533310028
vera4cast,chlorocast_chronos,2026-10-20 00:00:00,2026-09-28 00:00:00,P1D,fcre,1.6,ensemble,34,Chla_ugL_mean,4.55112546484712
vera4cast,chlorocast_chronos,2026-10-21 00:00:00,2026-09-28 00:00:00,P1D,fcre,1.6,ensemble,34,Chla_ugL_mean,4.5263279798939
vera4cast,chlorocast_chronos,2026-10-22 00:00:00,2026-09-28 00:00:00,P1D,fcre,1.6,ensemble,34,Chla_ugL_mean,4.47657828329676
vera4cast,chlorocast_chronos,2026-10-23 00:00:00,2026-09-28 00:00:00,P1D,fcre,1.6,ensemble,34,Chla_ugL_mean,4.09292716845064
vera4cast,chlorocast_chronos,2026-10-24 00:00:00,2026-09-28 00:00:00,P1D,fcre,1.6,ensemble,34,Chla_ugL_mean,3.86372412586776
vera4cast,chlorocast_chronos,2026-10-25 00:00:00,2026-09-28 00:00:00,P1D,fcre,1.6,ensemble,34,Chla_ugL_mean,3.6349571574276
vera4cast,chlorocast_chronos,2026-10-26 00:00:00,2026-09-28 00:00:00,P1D,fcre,1.6,ensemble,34,Chla_ugL_mean,3.5567207931229
vera4cast,chlorocast_chronos,2026-10-27 00:00:00,2026-09-28 00:00:00,P1D,fcre,1.6,ensemble,34,Chla_ugL_mean,3.48343732376775
vera4cast,chlorocast_chronos,2026-10-28 00:00:00,2026-09-28 00:00:00,P1D,fcre,1.6,ensemble,34,Chla_ugL_mean,3.42261213189763
vera4cast,chlorocast_chronos,2026-10-29 00:00:00,2026-09-28 00:00:00,P1D,fcre,1.6,ensemble,34,Chla_ugL_mean,3.36424758109716
vera4cast,chlorocast_chronos,2026-10-30 00:00:00,2026-09-28 00:00:00,P1D,fcre,1.6,ensemble,34,Chla_ugL_mean,3.3035693794747
vera4cast,chlorocast_chronos,2026-10-31 00:00:00,2026-09-28 00:00:00,P1D,fcre,1.6,ensemble,34,Chla_ugL_mean,3.25970113474241
vera4cast,chlorocast_chronos,2026-11-01 00:00:00,2026-09-28 00:00:00,P1D,fcre,1.6,ensemble,34,Chla_ugL_mean,3.24508088790241
vera4cast,chlorocast_chronos,2026-11-02 00:00:00,2026-09-28 00:00:00,P1D,fcre,1.6,ensemble,34,Chla_ugL_mean,3.22641971241037
vera4cast,chlorocast_chronos,2026-09-29 00:00:00,2026-09-28 00:00:00,P1D,fcre,1.6,ensemble,35,Chla_ugL_mean,4.83077356919979
vera4cast,chlorocast_chronos,2026-09-30 00:00:00,2026-09-28 00:00:00,P1D,fcre,1.6,ensemble,35,Chla_ugL_mean,4.66595738904693
vera4cast,chlorocast_chronos,2026-10-01 00:00:00,2026-09-28 00:00:00,P1D,fcre,1.6,ensemble,35,Chla_ugL_mean,4.49663715990994
vera4cast,chlorocast_chronos,2026-10-02 00:00:00,2026-09-28 00:00:00,P1D,fcre,1.6,ensemble,35,Chla_ugL_mean,4.3168156503586
vera4cast,chlorocast_chronos,2026-10-03 00:00:00,2026-09-28 00:00:00,P1D,fcre,1.6,ensemble,35,Chla_ugL_mean,4.13862748247656
vera4cast,chlorocast_chronos,2026-10-04 00:00:00,2026-09-28 00:00:00,P1D,fcre,1.6,ensemble,35,Chla_ugL_mean,3.86578034571429
vera4cast,chlorocast_chronos,2026-10-05 00:00:00,2026-09-28 00:00:00,P1D,fcre,1.6,ensemble,35,Chla_ugL_mean,3.92666987685106
vera4cast,chlorocast_chronos,2026-10-06 00:00:00,2026-09-28 00:00:00,P1D,fcre,1.6,ensemble,35,Chla_ugL_mean,3.83019067338496
vera4cast,chlorocast_chronos,2026-10-07 00:00:00,2026-09-28 00:00:00,P1D,fcre,1.6,ensemble,35,Chla_ugL_mean,3.91778837919946
vera4cast,chlorocast_chronos,2026-10-08 00:00:00,2026-09-28 00:00:00,P1D,fcre,1.6,ensemble,35,Chla_ugL_mean,3.97086480010834
vera4cast,chlorocast_chronos,2026-10-09 00:00:00,2026-09-28 00:00:00,P1D,fcre,1.6,ensemble,35,Chla_ugL_mean,3.90586674221449
vera4cast,chlorocast_chronos,2026-10-10 00:00:00,2026-09-28 00:00:00,P1D,fcre,1.6,ensemble,35,Chla_ugL_mean,3.87182671350584
vera4cast,chlorocast_chronos,2026-10-11 00:00:00,2026-09-28 00:00:00,P1D,fcre,1.6,ensemble,35,Chla_ugL_mean,3.89728100621295
vera4cast,chlorocast_chronos,2026-10-12 00:00:00,2026-09-28 00:00:00,P1D,fcre,1.6,ensemble,35,Chla_ugL_mean,3.9643638082908
vera4cast,chlorocast_chronos,2026-10-13 00:00:00,2026-09-28 00:00:00,P1D,fcre,1.6,ensemble,35,Chla_ugL_mean,3.97392493171488
vera4cast,chlorocast_chronos,2026-10-14 00:00:00,2026-09-28 00:00:00,P1D,fcre,1.6,ensemble,35,Chla_ugL_mean,3.91243632494441
vera4cast,chlorocast_chronos,2026-10-15 00:00:00,2026-09-28 00:00:00,P1D,fcre,1.6,ensemble,35,Chla_ugL_mean,3.83225646664485
vera4cast,chlorocast_chronos,2026-10-16 00:00:00,2026-09-28 00:00:00,P1D,fcre,1.6,ensemble,35,Chla_ugL_mean,3.83045301413026
vera4cast,chlorocast_chronos,2026-10-17 00:00:00,2026-09-28 00:00:00,P1D,fcre,1.6,ensemble,35,Chla_ugL_mean,3.76366790861371
vera4cast,chlorocast_chronos,2026-10-18 00:00:00,2026-09-28 00:00:00,P1D,fcre,1.6,ensemble,35,Chla_ugL_mean,3.78204465839177
vera4cast,chlorocast_chronos,2026-10-19 00:00:00,2026-09-28 00:00:00,P1D,fcre,1.6,ensemble,35,Chla_ugL_mean,3.81448778837182
vera4cast,chlorocast_chronos,2026-10-20 00:00:00,2026-09-28 00:00:00,P1D,fcre,1.6,ensemble,35,Chla_ugL_mean,4.6530594817906
vera4cast,chlorocast_chronos,2026-10-21 00:00:00,2026-09-28 00:00:00,P1D,fcre,1.6,ensemble,35,Chla_ugL_mean,4.62933034280655
vera4cast,chlorocast_chronos,2026-10-22 00:00:00,2026-09-28 00:00:00,P1D,fcre,1.6,ensemble,35,Chla_ugL_mean,4.57907966170707
vera4cast,chlorocast_chronos,2026-10-23 00:00:00,2026-09-28 00:00:00,P1D,fcre,1.6,ensemble,35,Chla_ugL_mean,4.19699259022461
vera4cast,chlorocast_chronos,2026-10-24 00:00:00,2026-09-28 00:00:00,P1D,fcre,1.6,ensemble,35,Chla_ugL_mean,3.96894907989743
vera4cast,chlorocast_chronos,2026-10-25 00:00:00,2026-09-28 00:00:00,P1D,fcre,1.6,ensemble,35,Chla_ugL_mean,3.74035400055928
vera4cast,chlorocast_chronos,2026-10-26 00:00:00,2026-09-28 00:00:00,P1D,fcre,1.6,ensemble,35,Chla_ugL_mean,3.66169870572424
vera4cast,chlorocast_chronos,2026-10-27 00:00:00,2026-09-28 00:00:00,P1D,fcre,1.6,ensemble,35,Chla_ugL_mean,3.58718223684175
vera4cast,chlorocast_chronos,2026-10-28 00:00:00,2026-09-28 00:00:00,P1D,fcre,1.6,ensemble,35,Chla_ugL_mean,3.52574784600103
vera4cast,chlorocast_chronos,2026-10-29 00:00:00,2026-09-28 00:00:00,P1D,fcre,1.6,ensemble,35,Chla_ugL_mean,3.46599783443817
vera4cast,chlorocast_chronos,2026-10-30 00:00:00,2026-09-28 00:00:00,P1D,fcre,1.6,ensemble,35,Chla_ugL_mean,3.4044089516867
vera4cast,chlorocast_chronos,2026-10-31 00:00:00,2026-09-28 00:00:00,P1D,fcre,1.6,ensemble,35,Chla_ugL_mean,3.3612662573023
vera4cast,chlorocast_chronos,2026-11-01 00:00:00,2026-09-28 00:00:00,P1D,fcre,1.6,ensemble,35,Chla_ugL_mean,3.34622394123092
vera4cast,chlorocast_chronos,2026-11-02 00:00:00,2026-09-28 00:00:00,P1D,fcre,1.6,ensemble,35,Chla_ugL_mean,3.32780796550338
vera4cast,chlorocast_chronos,2026-09-29 00:00:00,2026-09-28 00:00:00,P1D,fcre,1.6,ensemble,36,Chla_ugL_mean,4.90997331602999
vera4cast,chlorocast_chronos,2026-09-30 00:00:00,2026-09-28 00:00:00,P1D,fcre,1.6,ensemble,36,Chla_ugL_mean,4.74759075685673
vera4cast,chlorocast_chronos,2026-10-01 00:00:00,2026-09-28 00:00:00,P1D,fcre,1.6,ensemble,36,Chla_ugL_mean,4.58027254716149
vera4cast,chlorocast_chronos,2026-10-02 00:00:00,2026-09-28 00:00:00,P1D,fcre,1.6,ensemble,36,Chla_ugL_mean,4.40045066641507
vera4cast,chlorocast_chronos,2026-10-03 00:00:00,2026-09-28 00:00:00,P1D,fcre,1.6,ensemble,36,Chla_ugL_mean,4.22315813430545
vera4cast,chlorocast_chronos,2026-10-04 00:00:00,2026-09-28 00:00:00,P1D,fcre,1.6,ensemble,36,Chla_ugL_mean,3.95389120423226
vera4cast,chlorocast_chronos,2026-10-05 00:00:00,2026-09-28 00:00:00,P1D,fcre,1.6,ensemble,36,Chla_ugL_mean,4.01369038162911
vera4cast,chlorocast_chronos,2026-10-06 00:00:00,2026-09-28 00:00:00,P1D,fcre,1.6,ensemble,36,Chla_ugL_mean,3.91866796797929
vera4cast,chlorocast_chronos,2026-10-07 00:00:00,2026-09-28 00:00:00,P1D,fcre,1.6,ensemble,36,Chla_ugL_mean,4.00671683538484
vera4cast,chlorocast_chronos,2026-10-08 00:00:00,2026-09-28 00:00:00,P1D,fcre,1.6,ensemble,36,Chla_ugL_mean,4.06131807176063
vera4cast,chlorocast_chronos,2026-10-09 00:00:00,2026-09-28 00:00:00,P1D,fcre,1.6,ensemble,36,Chla_ugL_mean,3.9967677940034
vera4cast,chlorocast_chronos,2026-10-10 00:00:00,2026-09-28 00:00:00,P1D,fcre,1.6,ensemble,36,Chla_ugL_mean,3.9632229682092
vera4cast,chlorocast_chronos,2026-10-11 00:00:00,2026-09-28 00:00:00,P1D,fcre,1.6,ensemble,36,Chla_ugL_mean,3.99106119649868
vera4cast,chlorocast_chronos,2026-10-12 00:00:00,2026-09-28 00:00:00,P1D,fcre,1.6,ensemble,36,Chla_ugL_mean,4.0613158687045
vera4cast,chlorocast_chronos,2026-10-13 00:00:00,2026-09-28 00:00:00,P1D,fcre,1.6,ensemble,36,Chla_ugL_mean,4.07384901037377
vera4cast,chlorocast_chronos,2026-10-14 00:00:00,2026-09-28 00:00:00,P1D,fcre,1.6,ensemble,36,Chla_ugL_mean,4.01841616687556
vera4cast,chlorocast_chronos,2026-10-15 00:00:00,2026-09-28 00:00:00,P1D,fcre,1.6,ensemble,36,Chla_ugL_mean,3.93991003399316
vera4cast,chlorocast_chronos,2026-10-16 00:00:00,2026-09-28 00:00:00,P1D,fcre,1.6,ensemble,36,Chla_ugL_mean,3.94176633856059
vera4cast,chlorocast_chronos,2026-10-17 00:00:00,2026-09-28 00:00:00,P1D,fcre,1.6,ensemble,36,Chla_ugL_mean,3.87501067401439
vera4cast,chlorocast_chronos,2026-10-18 00:00:00,2026-09-28 00:00:00,P1D,fcre,1.6,ensemble,36,Chla_ugL_mean,3.89251531410523
vera4cast,chlorocast_chronos,2026-10-19 00:00:00,2026-09-28 00:00:00,P1D,fcre,1.6,ensemble,36,Chla_ugL_mean,3.92460241839685
vera4cast,chlorocast_chronos,2026-10-20 00:00:00,2026-09-28 00:00:00,P1D,fcre,1.6,ensemble,36,Chla_ugL_mean,4.75686528921621
vera4cast,chlorocast_chronos,2026-10-21 00:00:00,2026-09-28 00:00:00,P1D,fcre,1.6,ensemble,36,Chla_ugL_mean,4.73425251337525
vera4cast,chlorocast_chronos,2026-10-22 00:00:00,2026-09-28 00:00:00,P1D,fcre,1.6,ensemble,36,Chla_ugL_mean,4.68349948846826
vera4cast,chlorocast_chronos,2026-10-23 00:00:00,2026-09-28 00:00:00,P1D,fcre,1.6,ensemble,36,Chla_ugL_mean,4.30318441429156
vera4cast,chlorocast_chronos,2026-10-24 00:00:00,2026-09-28 00:00:00,P1D,fcre,1.6,ensemble,36,Chla_ugL_mean,4.07645053865146
vera4cast,chlorocast_chronos,2026-10-25 00:00:00,2026-09-28 00:00:00,P1D,fcre,1.6,ensemble,36,Chla_ugL_mean,3.84814752054575
vera4cast,chlorocast_chronos,2026-10-26 00:00:00,2026-09-28 00:00:00,P1D,fcre,1.6,ensemble,36,Chla_ugL_mean,3.76909510359919
vera4cast,chlorocast_chronos,2026-10-27 00:00:00,2026-09-28 00:00:00,P1D,fcre,1.6,ensemble,36,Chla_ugL_mean,3.69332776493755
vera4cast,chlorocast_chronos,2026-10-28 00:00:00,2026-09-28 00:00:00,P1D,fcre,1.6,ensemble,36,Chla_ugL_mean,3.63128869426641
vera4cast,chlorocast_chronos,2026-10-29 00:00:00,2026-09-28 00:00:00,P1D,fcre,1.6,ensemble,36,Chla_ugL_mean,3.57012034413324
vera4cast,chlorocast_chronos,2026-10-30 00:00:00,2026-09-28 00:00:00,P1D,fcre,1.6,ensemble,36,Chla_ugL_mean,3.5076113577297
vera4cast,chlorocast_chronos,2026-10-31 00:00:00,2026-09-28 00:00:00,P1D,fcre,1.6,ensemble,36,Chla_ugL_mean,3.46525302255362
vera4cast,chlorocast_chronos,2026-11-01 00:00:00,2026-09-28 00:00:00,P1D,fcre,1.6,ensemble,36,Chla_ugL_mean,3.44977682313674
vera4cast,chlorocast_chronos,2026-11-02 00:00:00,2026-09-28 00:00:00,P1D,fcre,1.6,ensemble,36,Chla_ugL_mean,3.43162843748726
vera4cast,chlorocast_chronos,2026-09-29 00:00:00,2026-09-28 00:00:00,P1D,fcre,1.6,ensemble,37,Chla_ugL_mean,4.99024883776786
vera4cast,chlorocast_chronos,2026-09-30 00:00:00,2026-09-28 00:00:00,P1D,fcre,1.6,ensemble,37,Chla_ugL_mean,4.83040027307048
vera4cast,chlorocast_chronos,2026-10-01 00:00:00,2026-09-28 00:00:00,P1D,fcre,1.6,ensemble,37,Chla_ugL_mean,4.66518050849737
vera4cast,chlorocast_chronos,2026-10-02 00:00:00,2026-09-28 00:00:00,P1D,fcre,1.6,ensemble,37,Chla_ugL_mean,4.48540128496197
vera4cast,chlorocast_chronos,2026-10-03 00:00:00,2026-09-28 00:00:00,P1D,fcre,1.6,ensemble,37,Chla_ugL_mean,4.30907931913619
vera4cast,chlorocast_chronos,2026-10-04 00:00:00,2026-09-28 00:00:00,P1D,fcre,1.6,ensemble,37,Chla_ugL_mean,4.0435975978622
vera4cast,chlorocast_chronos,2026-10-05 00:00:00,2026-09-28 00:00:00,P1D,fcre,1.6,ensemble,37,Chla_ugL_mean,4.10224794256094
vera4cast,chlorocast_chronos,2026-10-06 00:00:00,2026-09-28 00:00:00,P1D,fcre,1.6,ensemble,37,Chla_ugL_mean,4.00876595049011
vera4cast,chlorocast_chronos,2026-10-07 00:00:00,2026-09-28 00:00:00,P1D,fcre,1.6,ensemble,37,Chla_ugL_mean,4.09725338645145
vera4cast,chlorocast_chronos,2026-10-08 00:00:00,2026-09-28 00:00:00,P1D,fcre,1.6,ensemble,37,Chla_ugL_mean,4.15341729329923
vera4cast,chlorocast_chronos,2026-10-09 00:00:00,2026-09-28 00:00:00,P1D,fcre,1.6,ensemble,37,Chla_ugL_mean,4.08935315595615
vera4cast,chlorocast_chronos,2026-10-10 00:00:00,2026-09-28 00:00:00,P1D,fcre,1.6,ensemble,37,Chla_ugL_mean,4.056333831388
vera4cast,chlorocast_chronos,2026-10-11 00:00:00,2026-09-28 00:00:00,P1D,fcre,1.6,ensemble,37,Chla_ugL_mean,4.08663722494009
vera4cast,chlorocast_chronos,2026-10-12 00:00:00,2026-09-28 00:00:00,P1D,fcre,1.6,ensemble,37,Chla_ugL_mean,4.16016136448705
vera4cast,chlorocast_chronos,2026-10-13 00:00:00,2026-09-28 00:00:00,P1D,fcre,1.6,ensemble,37,Chla_ugL_mean,4.1757805221228
vera4cast,chlorocast_chronos,2026-10-14 00:00:00,2026-09-28 00:00:00,P1D,fcre,1.6,ensemble,37,Chla_ugL_mean,4.12668239506249
vera4cast,chlorocast_chronos,2026-10-15 00:00:00,2026-09-28 00:00:00,P1D,fcre,1.6,ensemble,37,Chla_ugL_mean,4.04996191994123
vera4cast,chlorocast_chronos,2026-10-16 00:00:00,2026-09-28 00:00:00,P1D,fcre,1.6,ensemble,37,Chla_ugL_mean,4.05564477565417
vera4cast,chlorocast_chronos,2026-10-17 00:00:00,2026-09-28 00:00:00,P1D,fcre,1.6,ensemble,37,Chla_ugL_mean,3.988955890225
vera4cast,chlorocast_chronos,2026-10-18 00:00:00,2026-09-28 00:00:00,P1D,fcre,1.6,ensemble,37,Chla_ugL_mean,4.00553796726863
vera4cast,chlorocast_chronos,2026-10-19 00:00:00,2026-09-28 00:00:00,P1D,fcre,1.6,ensemble,37,Chla_ugL_mean,4.03723553684235
vera4cast,chlorocast_chronos,2026-10-20 00:00:00,2026-09-28 00:00:00,P1D,fcre,1.6,ensemble,37,Chla_ugL_mean,4.86257725837424
vera4cast,chlorocast_chronos,2026-10-21 00:00:00,2026-09-28 00:00:00,P1D,fcre,1.6,ensemble,37,Chla_ugL_mean,4.84113027389984
vera4cast,chlorocast_chronos,2026-10-22 00:00:00,2026-09-28 00:00:00,P1D,fcre,1.6,ensemble,37,Chla_ugL_mean,4.78987366986892
vera4cast,chlorocast_chronos,2026-10-23 00:00:00,2026-09-28 00:00:00,P1D,fcre,1.6,ensemble,37,Chla_ugL_mean,4.41154609011468
vera4cast,chlorocast_chronos,2026-10-24 00:00:00,2026-09-28 00:00:00,P1D,fcre,1.6,ensemble,37,Chla_ugL_mean,4.18627775350571
vera4cast,chlorocast_chronos,2026-10-25 00:00:00,2026-09-28 00:00:00,P1D,fcre,1.6,ensemble,37,Chla_ugL_mean,3.95839221674178
vera4cast,chlorocast_chronos,2026-10-26 00:00:00,2026-09-28 00:00:00,P1D,fcre,1.6,ensemble,37,Chla_ugL_mean,3.87896570390648
vera4cast,chlorocast_chronos,2026-10-27 00:00:00,2026-09-28 00:00:00,P1D,fcre,1.6,ensemble,37,Chla_ugL_mean,3.80192945730871
vera4cast,chlorocast_chronos,2026-10-28 00:00:00,2026-09-28 00:00:00,P1D,fcre,1.6,ensemble,37,Chla_ugL_mean,3.73929076463952
vera4cast,chlorocast_chronos,2026-10-29 00:00:00,2026-09-28 00:00:00,P1D,fcre,1.6,ensemble,37,Chla_ugL_mean,3.67667041815483
vera4cast,chlorocast_chronos,2026-10-30 00:00:00,2026-09-28 00:00:00,P1D,fcre,1.6,ensemble,37,Chla_ugL_mean,3.61323196261162
vera4cast,chlorocast_chronos,2026-10-31 00:00:00,2026-09-28 00:00:00,P1D,fcre,1.6,ensemble,37,Chla_ugL_mean,3.57171917033044
vera4cast,chlorocast_chronos,2026-11-01 00:00:00,2026-09-28 00:00:00,P1D,fcre,1.6,ensemble,37,Chla_ugL_mean,3.55579695005707
vera4cast,chlorocast_chronos,2026-11-02 00:00:00,2026-09-28 00:00:00,P1D,fcre,1.6,ensemble,37,Chla_ugL_mean,3.5379394752469
vera4cast,chlorocast_chronos,2026-09-29 00:00:00,2026-09-28 00:00:00,P1D,fcre,1.6,ensemble,38,Chla_ugL_mean,5.07161474672842
vera4cast,chlorocast_chronos,2026-09-30 00:00:00,2026-09-28 00:00:00,P1D,fcre,1.6,ensemble,38,Chla_ugL_mean,4.91440288327189
vera4cast,chlorocast_chronos,2026-10-01 00:00:00,2026-09-28 00:00:00,P1D,fcre,1.6,ensemble,38,Chla_ugL_mean,4.75138040707061
vera4cast,chlorocast_chronos,2026-10-02 00:00:00,2026-09-28 00:00:00,P1D,fcre,1.6,ensemble,38,Chla_ugL_mean,4.5716882007991
vera4cast,chlorocast_chronos,2026-10-03 00:00:00,2026-09-28 00:00:00,P1D,fcre,1.6,ensemble,38,Chla_ugL_mean,4.39641391129884
vera4cast,chlorocast_chronos,2026-10-04 00:00:00,2026-09-28 00:00:00,P1D,fcre,1.6,ensemble,38,Chla_ugL_mean,4.13492841898285
vera4cast,chlorocast_chronos,2026-10-05 00:00:00,2026-09-28 00:00:00,P1D,fcre,1.6,ensemble,38,Chla_ugL_mean,4.19236970889862
vera4cast,chlorocast_chronos,2026-10-06 00:00:00,2026-09-28 00:00:00,P1D,fcre,1.6,ensemble,38,Chla_ugL_mean,4.10051430796127
vera4cast,chlorocast_chronos,2026-10-07 00:00:00,2026-09-28 00:00:00,P1D,fcre,1.6,ensemble,38,Chla_ugL_mean,4.1894271116081
vera4cast,chlorocast_chronos,2026-10-08 00:00:00,2026-09-28 00:00:00,P1D,fcre,1.6,ensemble,38,Chla_ugL_mean,4.24719241555929
vera4cast,chlorocast_chronos,2026-10-09 00:00:00,2026-09-28 00:00:00,P1D,fcre,1.6,ensemble,38,Chla_ugL_mean,4.18365403674053
vera4cast,chlorocast_chronos,2026-10-10 00:00:00,2026-09-28 00:00:00,P1D,fcre,1.6,ensemble,38,Chla_ugL_mean,4.15119146937369
vera4cast,chlorocast_chronos,2026-10-11 00:00:00,2026-09-28 00:00:00,P1D,fcre,1.6,ensemble,38,Chla_ugL_mean,4.18404348083274
vera4cast,chlorocast_chronos,2026-10-12 00:00:00,2026-09-28 00:00:00,P1D,fcre,1.6,ensemble,38,Chla_ugL_mean,4.26093727368184
vera4cast,chlorocast_chronos,2026-10-13 00:00:00,2026-09-28 00:00:00,P1D,fcre,1.6,ensemble,38,Chla_ugL_mean,4.27975979545602
vera4cast,chlorocast_chronos,2026-10-14 00:00:00,2026-09-28 00:00:00,P1D,fcre,1.6,ensemble,38,Chla_ugL_mean,4.23728433550924
vera4cast,chlorocast_chronos,2026-10-15 00:00:00,2026-09-28 00:00:00,P1D,fcre,1.6,ensemble,38,Chla_ugL_mean,4.16246555450767
vera4cast,chlorocast_chronos,2026-10-16 00:00:00,2026-09-28 00:00:00,P1D,fcre,1.6,ensemble,38,Chla_ugL_mean,4.17214743606112
vera4cast,chlorocast_chronos,2026-10-17 00:00:00,2026-09-28 00:00:00,P1D,fcre,1.6,ensemble,38,Chla_ugL_mean,4.10556438517806
vera4cast,chlorocast_chronos,2026-10-18 00:00:00,2026-09-28 00:00:00,P1D,fcre,1.6,ensemble,38,Chla_ugL_mean,4.12117157191772
vera4cast,chlorocast_chronos,2026-10-19 00:00:00,2026-09-28 00:00:00,P1D,fcre,1.6,ensemble,38,Chla_ugL_mean,4.15244474535421
vera4cast,chlorocast_chronos,2026-10-20 00:00:00,2026-09-28 00:00:00,P1D,fcre,1.6,ensemble,38,Chla_ugL_mean,4.97023039166619
vera4cast,chlorocast_chronos,2026-10-21 00:00:00,2026-09-28 00:00:00,P1D,fcre,1.6,ensemble,38,Chla_ugL_mean,4.95000007360795
vera4cast,chlorocast_chronos,2026-10-22 00:00:00,2026-09-28 00:00:00,P1D,fcre,1.6,ensemble,38,Chla_ugL_mean,4.89823878423115
vera4cast,chlorocast_chronos,2026-10-23 00:00:00,2026-09-28 00:00:00,P1D,fcre,1.6,ensemble,38,Chla_ugL_mean,4.52212195497402
vera4cast,chlorocast_chronos,2026-10-24 00:00:00,2026-09-28 00:00:00,P1D,fcre,1.6,ensemble,38,Chla_ugL_mean,4.29848104137216
vera4cast,chlorocast_chronos,2026-10-25 00:00:00,2026-09-28 00:00:00,P1D,fcre,1.6,ensemble,38,Chla_ugL_mean,4.07114382779299
vera4cast,chlorocast_chronos,2026-10-26 00:00:00,2026-09-28 00:00:00,P1D,fcre,1.6,ensemble,38,Chla_ugL_mean,3.99136750741892
vera4cast,chlorocast_chronos,2026-10-27 00:00:00,2026-09-28 00:00:00,P1D,fcre,1.6,ensemble,38,Chla_ugL_mean,3.91304414859592
vera4cast,chlorocast_chronos,2026-10-28 00:00:00,2026-09-28 00:00:00,P1D,fcre,1.6,ensemble,38,Chla_ugL_mean,3.84981145304206
vera4cast,chlorocast_chronos,2026-10-29 00:00:00,2026-09-28 00:00:00,P1D,fcre,1.6,ensemble,38,Chla_ugL_mean,3.78570465395316
vera4cast,chlorocast_chronos,2026-10-30 00:00:00,2026-09-28 00:00:00,P1D,fcre,1.6,ensemble,38,Chla_ugL_mean,3.7213274286318
vera4cast,chlorocast_chronos,2026-10-31 00:00:00,2026-09-28 00:00:00,P1D,fcre,1.6,ensemble,38,Chla_ugL_mean,3.68072381717219
vera4cast,chlorocast_chronos,2026-11-01 00:00:00,2026-09-28 00:00:00,P1D,fcre,1.6,ensemble,38,Chla_ugL_mean,3.66434310642989
vera4cast,chlorocast_chronos,2026-11-02 00:00:00,2026-09-28 00:00:00,P1D,fcre,1.6,ensemble,38,Chla_ugL_mean,3.64680082535989
vera4cast,chlorocast_chronos,2026-09-29 00:00:00,2026-09-28 00:00:00,P1D,fcre,1.6,ensemble,39,Chla_ugL_mean,5.15408585370667
vera4cast,chlorocast_chronos,2026-09-30 00:00:00,2026-09-28 00:00:00,P1D,fcre,1.6,ensemble,39,Chla_ugL_mean,4.99961577719142
vera4cast,chlorocast_chronos,2026-10-01 00:00:00,2026-09-28 00:00:00,P1D,fcre,1.6,ensemble,39,Chla_ugL_mean,4.83889190065884
vera4cast,chlorocast_chronos,2026-10-02 00:00:00,2026-09-28 00:00:00,P1D,fcre,1.6,ensemble,39,Chla_ugL_mean,4.65933243426129
vera4cast,chlorocast_chronos,2026-10-03 00:00:00,2026-09-28 00:00:00,P1D,fcre,1.6,ensemble,39,Chla_ugL_mean,4.48518516140719
vera4cast,chlorocast_chronos,2026-10-04 00:00:00,2026-09-28 00:00:00,P1D,fcre,1.6,ensemble,39,Chla_ugL_mean,4.22791308316388
vera4cast,chlorocast_chronos,2026-10-05 00:00:00,2026-09-28 00:00:00,P1D,fcre,1.6,ensemble,39,Chla_ugL_mean,4.2840833094355
vera4cast,chlorocast_chronos,2026-10-06 00:00:00,2026-09-28 00:00:00,P1D,fcre,1.6,ensemble,39,Chla_ugL_mean,4.19394327123071
vera4cast,chlorocast_chronos,2026-10-07 00:00:00,2026-09-28 00:00:00,P1D,fcre,1.6,ensemble,39,Chla_ugL_mean,4.28326761590345
vera4cast,chlorocast_chronos,2026-10-08 00:00:00,2026-09-28 00:00:00,P1D,fcre,1.6,ensemble,39,Chla_ugL_mean,4.34267393438194
vera4cast,chlorocast_chronos,2026-10-09 00:00:00,2026-09-28 00:00:00,P1D,fcre,1.6,ensemble,39,Chla_ugL_mean,4.27970222329132
vera4cast,chlorocast_chronos,2026-10-10 00:00:00,2026-09-28 00:00:00,P1D,fcre,1.6,ensemble,39,Chla_ugL_mean,4.24782865194332
vera4cast,chlorocast_chronos,2026-10-11 00:00:00,2026-09-28 00:00:00,P1D,fcre,1.6,ensemble,39,Chla_ugL_mean,4.28331501200795
vera4cast,chlorocast_chronos,2026-10-12 00:00:00,2026-09-28 00:00:00,P1D,fcre,1.6,ensemble,39,Chla_ugL_mean,4.3636812964988
vera4cast,chlorocast_chronos,2026-10-13 00:00:00,2026-09-28 00:00:00,P1D,fcre,1.6,ensemble,39,Chla_ugL_mean,4.38582796905012
vera4cast,chlorocast_chronos,2026-10-14 00:00:00,2026-09-28 00:00:00,P1D,fcre,1.6,ensemble,39,Chla_ugL_mean,4.35027237836842
vera4cast,chlorocast_chronos,2026-10-15 00:00:00,2026-09-28 00:00:00,P1D,fcre,1.6,ensemble,39,Chla_ugL_mean,4.27747555803121
vera4cast,chlorocast_chronos,2026-10-16 00:00:00,2026-09-28 00:00:00,P1D,fcre,1.6,ensemble,39,Chla_ugL_mean,4.29133479258185
vera4cast,chlorocast_chronos,2026-10-17 00:00:00,2026-09-28 00:00:00,P1D,fcre,1.6,ensemble,39,Chla_ugL_mean,4.22489840855719
vera4cast,chlorocast_chronos,2026-10-18 00:00:00,2026-09-28 00:00:00,P1D,fcre,1.6,ensemble,39,Chla_ugL_mean,4.23947644399333
vera4cast,chlorocast_chronos,2026-10-19 00:00:00,2026-09-28 00:00:00,P1D,fcre,1.6,ensemble,39,Chla_ugL_mean,4.2702889630152
vera4cast,chlorocast_chronos,2026-10-20 00:00:00,2026-09-28 00:00:00,P1D,fcre,1.6,ensemble,39,Chla_ugL_mean,5.07986033423448
vera4cast,chlorocast_chronos,2026-10-21 00:00:00,2026-09-28 00:00:00,P1D,fcre,1.6,ensemble,39,Chla_ugL_mean,5.06089904108542
vera4cast,chlorocast_chronos,2026-10-22 00:00:00,2026-09-28 00:00:00,P1D,fcre,1.6,ensemble,39,Chla_ugL_mean,5.00863209448854
vera4cast,chlorocast_chronos,2026-10-23 00:00:00,2026-09-28 00:00:00,P1D,fcre,1.6,ensemble,39,Chla_ugL_mean,4.63495725210757
vera4cast,chlorocast_chronos,2026-10-24 00:00:00,2026-09-28 00:00:00,P1D,fcre,1.6,ensemble,39,Chla_ugL_mean,4.4131118077514
vera4cast,chlorocast_chronos,2026-10-25 00:00:00,2026-09-28 00:00:00,P1D,fcre,1.6,ensemble,39,Chla_ugL_mean,4.18645935981675
vera4cast,chlorocast_chronos,2026-10-26 00:00:00,2026-09-28 00:00:00,P1D,fcre,1.6,ensemble,39,Chla_ugL_mean,4.10635882809536
vera4cast,chlorocast_chronos,2026-10-27 00:00:00,2026-09-28 00:00:00,P1D,fcre,1.6,ensemble,39,Chla_ugL_mean,4.02672998857025
vera4cast,chlorocast_chronos,2026-10-28 00:00:00,2026-09-28 00:00:00,P1D,fcre,1.6,ensemble,39,Chla_ugL_mean,3.9629094938738
vera4cast,chlorocast_chronos,2026-10-29 00:00:00,2026-09-28 00:00:00,P1D,fcre,1.6,ensemble,39,Chla_ugL_mean,3.89728096851975
vera4cast,chlorocast_chronos,2026-10-30 00:00:00,2026-09-28 00:00:00,P1D,fcre,1.6,ensemble,39,Chla_ugL_mean,3.83195574577865
vera4cast,chlorocast_chronos,2026-10-31 00:00:00,2026-09-28 00:00:00,P1D,fcre,1.6,ensemble,39,Chla_ugL_mean,3.79232748914878
vera4cast,chlorocast_chronos,2026-11-01 00:00:00,2026-09-28 00:00:00,P1D,fcre,1.6,ensemble,39,Chla_ugL_mean,3.77547547728778
vera4cast,chlorocast_chronos,2026-11-02 00:00:00,2026-09-28 00:00:00,P1D,fcre,1.6,ensemble,39,Chla_ugL_mean,3.75827366767391
vera4cast,chlorocast_chronos,2026-09-29 00:00:00,2026-09-28 00:00:00,P1D,fcre,1.6,ensemble,40,Chla_ugL_mean,5.23767717067352
vera4cast,chlorocast_chronos,2026-09-30 00:00:00,2026-09-28 00:00:00,P1D,fcre,1.6,ensemble,40,Chla_ugL_mean,5.08605639222388
vera4cast,chlorocast_chronos,2026-10-01 00:00:00,2026-09-28 00:00:00,P1D,fcre,1.6,ensemble,40,Chla_ugL_mean,4.92773494614732
vera4cast,chlorocast_chronos,2026-10-02 00:00:00,2026-09-28 00:00:00,P1D,fcre,1.6,ensemble,40,Chla_ugL_mean,4.74835533633924
vera4cast,chlorocast_chronos,2026-10-03 00:00:00,2026-09-28 00:00:00,P1D,fcre,1.6,ensemble,40,Chla_ugL_mean,4.57541670254868
vera4cast,chlorocast_chronos,2026-10-04 00:00:00,2026-09-28 00:00:00,P1D,fcre,1.6,ensemble,40,Chla_ugL_mean,4.32258153864001
vera4cast,chlorocast_chronos,2026-10-05 00:00:00,2026-09-28 00:00:00,P1D,fcre,1.6,ensemble,40,Chla_ugL_mean,4.37741686097646
vera4cast,chlorocast_chronos,2026-10-06 00:00:00,2026-09-28 00:00:00,P1D,fcre,1.6,ensemble,40,Chla_ugL_mean,4.2890836248915
vera4cast,chlorocast_chronos,2026-10-07 00:00:00,2026-09-28 00:00:00,P1D,fcre,1.6,ensemble,40,Chla_ugL_mean,4.37880503973482
vera4cast,chlorocast_chronos,2026-10-08 00:00:00,2026-09-28 00:00:00,P1D,fcre,1.6,ensemble,40,Chla_ugL_mean,4.4398929005316
vera4cast,chlorocast_chronos,2026-10-09 00:00:00,2026-09-28 00:00:00,P1D,fcre,1.6,ensemble,40,Chla_ugL_mean,4.37753009152502
vera4cast,chlorocast_chronos,2026-10-10 00:00:00,2026-09-28 00:00:00,P1D,fcre,1.6,ensemble,40,Chla_ugL_mean,4.34627876364023
vera4cast,chlorocast_chronos,2026-10-11 00:00:00,2026-09-28 00:00:00,P1D,fcre,1.6,ensemble,40,Chla_ugL_mean,4.38448753744339
vera4cast,chlorocast_chronos,2026-10-12 00:00:00,2026-09-28 00:00:00,P1D,fcre,1.6,ensemble,40,Chla_ugL_mean,4.46843186941804
vera4cast,chlorocast_chronos,2026-10-13 00:00:00,2026-09-28 00:00:00,P1D,fcre,1.6,ensemble,40,Chla_ugL_mean,4.49402700804065
vera4cast,chlorocast_chronos,2026-10-14 00:00:00,2026-09-28 00:00:00,P1D,fcre,1.6,ensemble,40,Chla_ugL_mean,4.46569800089891
vera4cast,chlorocast_chronos,2026-10-15 00:00:00,2026-09-28 00:00:00,P1D,fcre,1.6,ensemble,40,Chla_ugL_mean,4.39504776768879
vera4cast,chlorocast_chronos,2026-10-16 00:00:00,2026-09-28 00:00:00,P1D,fcre,1.6,ensemble,40,Chla_ugL_mean,4.41326871155658
vera4cast,chlorocast_chronos,2026-10-17 00:00:00,2026-09-28 00:00:00,P1D,fcre,1.6,ensemble,40,Chla_ugL_mean,4.34702166502819
vera4cast,chlorocast_chronos,2026-10-18 00:00:00,2026-09-28 00:00:00,P1D,fcre,1.6,ensemble,40,Chla_ugL_mean,4.36051429280292
vera4cast,chlorocast_chronos,2026-10-19 00:00:00,2026-09-28 00:00:00,P1D,fcre,1.6,ensemble,40,Chla_ugL_mean,4.3908284564768
vera4cast,chlorocast_chronos,2026-10-20 00:00:00,2026-09-28 00:00:00,P1D,fcre,1.6,ensemble,40,Chla_ugL_mean,5.19150338576491
vera4cast,chlorocast_chronos,2026-10-21 00:00:00,2026-09-28 00:00:00,P1D,fcre,1.6,ensemble,40,Chla_ugL_mean,5.17386499693859
vera4cast,chlorocast_chronos,2026-10-22 00:00:00,2026-09-28 00:00:00,P1D,fcre,1.6,ensemble,40,Chla_ugL_mean,5.12109156099959
vera4cast,chlorocast_chronos,2026-10-23 00:00:00,2026-09-28 00:00:00,P1D,fcre,1.6,ensemble,40,Chla_ugL_mean,4.75009814922299
vera4cast,chlorocast_chronos,2026-10-24 00:00:00,2026-09-28 00:00:00,P1D,fcre,1.6,ensemble,40,Chla_ugL_mean,4.5302225702839
vera4cast,chlorocast_chronos,2026-10-25 00:00:00,2026-09-28 00:00:00,P1D,fcre,1.6,ensemble,40,Chla_ugL_mean,4.30439711522393
vera4cast,chlorocast_chronos,2026-10-26 00:00:00,2026-09-28 00:00:00,P1D,fcre,1.6,ensemble,40,Chla_ugL_mean,4.22399932333393
vera4cast,chlorocast_chronos,2026-10-27 00:00:00,2026-09-28 00:00:00,P1D,fcre,1.6,ensemble,40,Chla_ugL_mean,4.14304647256481
vera4cast,chlorocast_chronos,2026-10-28 00:00:00,2026-09-28 00:00:00,P1D,fcre,1.6,ensemble,40,Chla_ugL_mean,4.07864499122604
vera4cast,chlorocast_chronos,2026-10-29 00:00:00,2026-09-28 00:00:00,P1D,fcre,1.6,ensemble,40,Chla_ugL_mean,4.01145862915186
vera4cast,chlorocast_chronos,2026-10-30 00:00:00,2026-09-28 00:00:00,P1D,fcre,1.6,ensemble,40,Chla_ugL_mean,3.94517626283956
vera4cast,chlorocast_chronos,2026-10-31 00:00:00,2026-09-28 00:00:00,P1D,fcre,1.6,ensemble,40,Chla_ugL_mean,3.90659215546838
vera4cast,chlorocast_chronos,2026-11-01 00:00:00,2026-09-28 00:00:00,P1D,fcre,1.6,ensemble,40,Chla_ugL_mean,3.88925568162848
vera4cast,chlorocast_chronos,2026-11-02 00:00:00,2026-09-28 00:00:00,P1D,fcre,1.6,ensemble,40,Chla_ugL_mean,3.87242064968976
vera4cast,chlorocast_chronos,2026-09-29 00:00:00,2026-09-28 00:00:00,P1D,fcre,1.6,ensemble,41,Chla_ugL_mean,5.30322032811464
vera4cast,chlorocast_chronos,2026-09-30 00:00:00,2026-09-28 00:00:00,P1D,fcre,1.6,ensemble,41,Chla_ugL_mean,5.15402295161616
vera4cast,chlorocast_chronos,2026-10-01 00:00:00,2026-09-28 00:00:00,P1D,fcre,1.6,ensemble,41,Chla_ugL_mean,4.99720201883263
vera4cast,chlorocast_chronos,2026-10-02 00:00:00,2026-09-28 00:00:00,P1D,fcre,1.6,ensemble,41,Chla_ugL_mean,4.81814855848076
vera4cast,chlorocast_chronos,2026-10-03 00:00:00,2026-09-28 00:00:00,P1D,fcre,1.6,ensemble,41,Chla_ugL_mean,4.64576401333071
vera4cast,chlorocast_chronos,2026-10-04 00:00:00,2026-09-28 00:00:00,P1D,fcre,1.6,ensemble,41,Chla_ugL_mean,4.39676867952521
vera4cast,chlorocast_chronos,2026-10-05 00:00:00,2026-09-28 00:00:00,P1D,fcre,1.6,ensemble,41,Chla_ugL_mean,4.45065828599364
vera4cast,chlorocast_chronos,2026-10-06 00:00:00,2026-09-28 00:00:00,P1D,fcre,1.6,ensemble,41,Chla_ugL_mean,4.36344570371451
vera4cast,chlorocast_chronos,2026-10-07 00:00:00,2026-09-28 00:00:00,P1D,fcre,1.6,ensemble,41,Chla_ugL_mean,4.45338473453212
vera4cast,chlorocast_chronos,2026-10-08 00:00:00,2026-09-28 00:00:00,P1D,fcre,1.6,ensemble,41,Chla_ugL_mean,4.51512941475238
vera4cast,chlorocast_chronos,2026-10-09 00:00:00,2026-09-28 00:00:00,P1D,fcre,1.6,ensemble,41,Chla_ugL_mean,4.45344439741349
vera4cast,chlorocast_chronos,2026-10-10 00:00:00,2026-09-28 00:00:00,P1D,fcre,1.6,ensemble,41,Chla_ugL_mean,4.42255067028253
vera4cast,chlorocast_chronos,2026-10-11 00:00:00,2026-09-28 00:00:00,P1D,fcre,1.6,ensemble,41,Chla_ugL_mean,4.46259670347122
vera4cast,chlorocast_chronos,2026-10-12 00:00:00,2026-09-28 00:00:00,P1D,fcre,1.6,ensemble,41,Chla_ugL_mean,4.54933828077905
vera4cast,chlorocast_chronos,2026-10-13 00:00:00,2026-09-28 00:00:00,P1D,fcre,1.6,ensemble,41,Chla_ugL_mean,4.57813970779148
vera4cast,chlorocast_chronos,2026-10-14 00:00:00,2026-09-28 00:00:00,P1D,fcre,1.6,ensemble,41,Chla_ugL_mean,4.55449182277621
vera4cast,chlorocast_chronos,2026-10-15 00:00:00,2026-09-28 00:00:00,P1D,fcre,1.6,ensemble,41,Chla_ugL_mean,4.48639581816064
vera4cast,chlorocast_chronos,2026-10-16 00:00:00,2026-09-28 00:00:00,P1D,fcre,1.6,ensemble,41,Chla_ugL_mean,4.50738218898609
vera4cast,chlorocast_chronos,2026-10-17 00:00:00,2026-09-28 00:00:00,P1D,fcre,1.6,ensemble,41,Chla_ugL_mean,4.44073884901752
vera4cast,chlorocast_chronos,2026-10-18 00:00:00,2026-09-28 00:00:00,P1D,fcre,1.6,ensemble,41,Chla_ugL_mean,4.45384591073472
vera4cast,chlorocast_chronos,2026-10-19 00:00:00,2026-09-28 00:00:00,P1D,fcre,1.6,ensemble,41,Chla_ugL_mean,4.48362175593136
vera4cast,chlorocast_chronos,2026-10-20 00:00:00,2026-09-28 00:00:00,P1D,fcre,1.6,ensemble,41,Chla_ugL_mean,5.27766336851179
vera4cast,chlorocast_chronos,2026-10-21 00:00:00,2026-09-28 00:00:00,P1D,fcre,1.6,ensemble,41,Chla_ugL_mean,5.26091250395525
vera4cast,chlorocast_chronos,2026-10-22 00:00:00,2026-09-28 00:00:00,P1D,fcre,1.6,ensemble,41,Chla_ugL_mean,5.20783838699594
vera4cast,chlorocast_chronos,2026-10-23 00:00:00,2026-09-28 00:00:00,P1D,fcre,1.6,ensemble,41,Chla_ugL_mean,4.83866741935049
vera4cast,chlorocast_chronos,2026-10-24 00:00:00,2026-09-28 00:00:00,P1D,fcre,1.6,ensemble,41,Chla_ugL_mean,4.62008840919149
vera4cast,chlorocast_chronos,2026-10-25 00:00:00,2026-09-28 00:00:00,P1D,fcre,1.6,ensemble,41,Chla_ugL_mean,4.39515723472098
vera4cast,chlorocast_chronos,2026-10-26 00:00:00,2026-09-28 00:00:00,P1D,fcre,1.6,ensemble,41,Chla_ugL_mean,4.31394096184105
vera4cast,chlorocast_chronos,2026-10-27 00:00:00,2026-09-28 00:00:00,P1D,fcre,1.6,ensemble,41,Chla_ugL_mean,4.23194567872932
vera4cast,chlorocast_chronos,2026-10-28 00:00:00,2026-09-28 00:00:00,P1D,fcre,1.6,ensemble,41,Chla_ugL_mean,4.16724354127946
vera4cast,chlorocast_chronos,2026-10-29 00:00:00,2026-09-28 00:00:00,P1D,fcre,1.6,ensemble,41,Chla_ugL_mean,4.09901984918745
vera4cast,chlorocast_chronos,2026-10-30 00:00:00,2026-09-28 00:00:00,P1D,fcre,1.6,ensemble,41,Chla_ugL_mean,4.03301880856855
vera4cast,chlorocast_chronos,2026-10-31 00:00:00,2026-09-28 00:00:00,P1D,fcre,1.6,ensemble,41,Chla_ugL_mean,3.99414983812695
vera4cast,chlorocast_chronos,2026-11-01 00:00:00,2026-09-28 00:00:00,P1D,fcre,1.6,ensemble,41,Chla_ugL_mean,3.97679947639168
vera4cast,chlorocast_chronos,2026-11-02 00:00:00,2026-09-28 00:00:00,P1D,fcre,1.6,ensemble,41,Chla_ugL_mean,3.96024934642499
vera4cast,chlorocast_chronos,2026-09-29 00:00:00,2026-09-28 00:00:00,P1D,fcre,1.6,ensemble,42,Chla_ugL_mean,5.36116227912079
vera4cast,chlorocast_chronos,2026-09-30 00:00:00,2026-09-28 00:00:00,P1D,fcre,1.6,ensemble,42,Chla_ugL_mean,5.21422246300286
vera4cast,chlorocast_chronos,2026-10-01 00:00:00,2026-09-28 00:00:00,P1D,fcre,1.6,ensemble,42,Chla_ugL_mean,5.0585178610441
vera4cast,chlorocast_chronos,2026-10-02 00:00:00,2026-09-28 00:00:00,P1D,fcre,1.6,ensemble,42,Chla_ugL_mean,4.8798629782135
vera4cast,chlorocast_chronos,2026-10-03 00:00:00,2026-09-28 00:00:00,P1D,fcre,1.6,ensemble,42,Chla_ugL_mean,4.70775042241565
vera4cast,chlorocast_chronos,2026-10-04 00:00:00,2026-09-28 00:00:00,P1D,fcre,1.6,ensemble,42,Chla_ugL_mean,4.46237311054947
vera4cast,chlorocast_chronos,2026-10-05 00:00:00,2026-09-28 00:00:00,P1D,fcre,1.6,ensemble,42,Chla_ugL_mean,4.51547974928512
vera4cast,chlorocast_chronos,2026-10-06 00:00:00,2026-09-28 00:00:00,P1D,fcre,1.6,ensemble,42,Chla_ugL_mean,4.42909497148295
vera4cast,chlorocast_chronos,2026-10-07 00:00:00,2026-09-28 00:00:00,P1D,fcre,1.6,ensemble,42,Chla_ugL_mean,4.5191706126034
vera4cast,chlorocast_chronos,2026-10-08 00:00:00,2026-09-28 00:00:00,P1D,fcre,1.6,ensemble,42,Chla_ugL_mean,4.58111811965924
vera4cast,chlorocast_chronos,2026-10-09 00:00:00,2026-09-28 00:00:00,P1D,fcre,1.6,ensemble,42,Chla_ugL_mean,4.52015038833613
vera4cast,chlorocast_chronos,2026-10-10 00:00:00,2026-09-28 00:00:00,P1D,fcre,1.6,ensemble,42,Chla_ugL_mean,4.48950024707737
vera4cast,chlorocast_chronos,2026-10-11 00:00:00,2026-09-28 00:00:00,P1D,fcre,1.6,ensemble,42,Chla_ugL_mean,4.53100431126358
vera4cast,chlorocast_chronos,2026-10-12 00:00:00,2026-09-28 00:00:00,P1D,fcre,1.6,ensemble,42,Chla_ugL_mean,4.62021926487829
vera4cast,chlorocast_chronos,2026-10-13 00:00:00,2026-09-28 00:00:00,P1D,fcre,1.6,ensemble,42,Chla_ugL_mean,4.65215184466354
vera4cast,chlorocast_chronos,2026-10-14 00:00:00,2026-09-28 00:00:00,P1D,fcre,1.6,ensemble,42,Chla_ugL_mean,4.63209185418556
vera4cast,chlorocast_chronos,2026-10-15 00:00:00,2026-09-28 00:00:00,P1D,fcre,1.6,ensemble,42,Chla_ugL_mean,4.56676678476612
vera4cast,chlorocast_chronos,2026-10-16 00:00:00,2026-09-28 00:00:00,P1D,fcre,1.6,ensemble,42,Chla_ugL_mean,4.58982921747089
vera4cast,chlorocast_chronos,2026-10-17 00:00:00,2026-09-28 00:00:00,P1D,fcre,1.6,ensemble,42,Chla_ugL_mean,4.52252212866126
vera4cast,chlorocast_chronos,2026-10-18 00:00:00,2026-09-28 00:00:00,P1D,fcre,1.6,ensemble,42,Chla_ugL_mean,4.53555537687997
vera4cast,chlorocast_chronos,2026-10-19 00:00:00,2026-09-28 00:00:00,P1D,fcre,1.6,ensemble,42,Chla_ugL_mean,4.56476713477543
vera4cast,chlorocast_chronos,2026-10-20 00:00:00,2026-09-28 00:00:00,P1D,fcre,1.6,ensemble,42,Chla_ugL_mean,5.35309556368321
vera4cast,chlorocast_chronos,2026-10-21 00:00:00,2026-09-28 00:00:00,P1D,fcre,1.6,ensemble,42,Chla_ugL_mean,5.33704651733442
vera4cast,chlorocast_chronos,2026-10-22 00:00:00,2026-09-28 00:00:00,P1D,fcre,1.6,ensemble,42,Chla_ugL_mean,5.28376240544956
vera4cast,chlorocast_chronos,2026-10-23 00:00:00,2026-09-28 00:00:00,P1D,fcre,1.6,ensemble,42,Chla_ugL_mean,4.91605820777186
vera4cast,chlorocast_chronos,2026-10-24 00:00:00,2026-09-28 00:00:00,P1D,fcre,1.6,ensemble,42,Chla_ugL_mean,4.69849380848576
vera4cast,chlorocast_chronos,2026-10-25 00:00:00,2026-09-28 00:00:00,P1D,fcre,1.6,ensemble,42,Chla_ugL_mean,4.47450563411975
vera4cast,chlorocast_chronos,2026-10-26 00:00:00,2026-09-28 00:00:00,P1D,fcre,1.6,ensemble,42,Chla_ugL_mean,4.39222822834547
vera4cast,chlorocast_chronos,2026-10-27 00:00:00,2026-09-28 00:00:00,P1D,fcre,1.6,ensemble,42,Chla_ugL_mean,4.30930843012749
vera4cast,chlorocast_chronos,2026-10-28 00:00:00,2026-09-28 00:00:00,P1D,fcre,1.6,ensemble,42,Chla_ugL_mean,4.24443123969223
vera4cast,chlorocast_chronos,2026-10-29 00:00:00,2026-09-28 00:00:00,P1D,fcre,1.6,ensemble,42,Chla_ugL_mean,4.17539593715397
vera4cast,chlorocast_chronos,2026-10-30 00:00:00,2026-09-28 00:00:00,P1D,fcre,1.6,ensemble,42,Chla_ugL_mean,4.11024350495439
vera4cast,chlorocast_chronos,2026-10-31 00:00:00,2026-09-28 00:00:00,P1D,fcre,1.6,ensemble,42,Chla_ugL_mean,4.07048521187549
vera4cast,chlorocast_chronos,2026-11-01 00:00:00,2026-09-28 00:00:00,P1D,fcre,1.6,ensemble,42,Chla_ugL_mean,4.05333485959841
vera4cast,chlorocast_chronos,2026-11-02 00:00:00,2026-09-28 00:00:00,P1D,fcre,1.6,ensemble,42,Chla_ugL_mean,4.03703672072522
vera4cast,chlorocast_chronos,2026-09-29 00:00:00,2026-09-28 00:00:00,P1D,fcre,1.6,ensemble,43,Chla_ugL_mean,5.41963685781749
vera4cast,chlorocast_chronos,2026-09-30 00:00:00,2026-09-28 00:00:00,P1D,fcre,1.6,ensemble,43,Chla_ugL_mean,5.27501085441157
vera4cast,chlorocast_chronos,2026-10-01 00:00:00,2026-09-28 00:00:00,P1D,fcre,1.6,ensemble,43,Chla_ugL_mean,5.1204606010146
vera4cast,chlorocast_chronos,2026-10-02 00:00:00,2026-09-28 00:00:00,P1D,fcre,1.6,ensemble,43,Chla_ugL_mean,4.94223201677639
vera4cast,chlorocast_chronos,2026-10-03 00:00:00,2026-09-28 00:00:00,P1D,fcre,1.6,ensemble,43,Chla_ugL_mean,4.77041739747928
vera4cast,chlorocast_chronos,2026-10-04 00:00:00,2026-09-28 00:00:00,P1D,fcre,1.6,ensemble,43,Chla_ugL_mean,4.52877504497355
vera4cast,chlorocast_chronos,2026-10-05 00:00:00,2026-09-28 00:00:00,P1D,fcre,1.6,ensemble,43,Chla_ugL_mean,4.58107209599706
vera4cast,chlorocast_chronos,2026-10-06 00:00:00,2026-09-28 00:00:00,P1D,fcre,1.6,ensemble,43,Chla_ugL_mean,4.49554779476339
vera4cast,chlorocast_chronos,2026-10-07 00:00:00,2026-09-28 00:00:00,P1D,fcre,1.6,ensemble,43,Chla_ugL_mean,4.58575008620557
vera4cast,chlorocast_chronos,2026-10-08 00:00:00,2026-09-28 00:00:00,P1D,fcre,1.6,ensemble,43,Chla_ugL_mean,4.64789638159147
vera4cast,chlorocast_chronos,2026-10-09 00:00:00,2026-09-28 00:00:00,P1D,fcre,1.6,ensemble,43,Chla_ugL_mean,4.58767232032293
vera4cast,chlorocast_chronos,2026-10-10 00:00:00,2026-09-28 00:00:00,P1D,fcre,1.6,ensemble,43,Chla_ugL_mean,4.55727641750048
vera4cast,chlorocast_chronos,2026-10-11 00:00:00,2026-09-28 00:00:00,P1D,fcre,1.6,ensemble,43,Chla_ugL_mean,4.60026858138302
vera4cast,chlorocast_chronos,2026-10-12 00:00:00,2026-09-28 00:00:00,P1D,fcre,1.6,ensemble,43,Chla_ugL_mean,4.69200560267065
vera4cast,chlorocast_chronos,2026-10-13 00:00:00,2026-09-28 00:00:00,P1D,fcre,1.6,ensemble,43,Chla_ugL_mean,4.72714599286758
vera4cast,chlorocast_chronos,2026-10-14 00:00:00,2026-09-28 00:00:00,P1D,fcre,1.6,ensemble,43,Chla_ugL_mean,4.71077601085188
vera4cast,chlorocast_chronos,2026-10-15 00:00:00,2026-09-28 00:00:00,P1D,fcre,1.6,ensemble,43,Chla_ugL_mean,4.64831511671073
vera4cast,chlorocast_chronos,2026-10-16 00:00:00,2026-09-28 00:00:00,P1D,fcre,1.6,ensemble,43,Chla_ugL_mean,4.67351050068376
vera4cast,chlorocast_chronos,2026-10-17 00:00:00,2026-09-28 00:00:00,P1D,fcre,1.6,ensemble,43,Chla_ugL_mean,4.60553474590325
vera4cast,chlorocast_chronos,2026-10-18 00:00:00,2026-09-28 00:00:00,P1D,fcre,1.6,ensemble,43,Chla_ugL_mean,4.61848901344862
vera4cast,chlorocast_chronos,2026-10-19 00:00:00,2026-09-28 00:00:00,P1D,fcre,1.6,ensemble,43,Chla_ugL_mean,4.64711328435111
vera4cast,chlorocast_chronos,2026-10-20 00:00:00,2026-09-28 00:00:00,P1D,fcre,1.6,ensemble,43,Chla_ugL_mean,5.42943414961412
vera4cast,chlorocast_chronos,2026-10-21 00:00:00,2026-09-28 00:00:00,P1D,fcre,1.6,ensemble,43,Chla_ugL_mean,5.4141063363353
vera4cast,chlorocast_chronos,2026-10-22 00:00:00,2026-09-28 00:00:00,P1D,fcre,1.6,ensemble,43,Chla_ugL_mean,5.36061500100504
vera4cast,chlorocast_chronos,2026-10-23 00:00:00,2026-09-28 00:00:00,P1D,fcre,1.6,ensemble,43,Chla_ugL_mean,4.99447480117616
vera4cast,chlorocast_chronos,2026-10-24 00:00:00,2026-09-28 00:00:00,P1D,fcre,1.6,ensemble,43,Chla_ugL_mean,4.77799303517045
vera4cast,chlorocast_chronos,2026-10-25 00:00:00,2026-09-28 00:00:00,P1D,fcre,1.6,ensemble,43,Chla_ugL_mean,4.55502103722447
vera4cast,chlorocast_chronos,2026-10-26 00:00:00,2026-09-28 00:00:00,P1D,fcre,1.6,ensemble,43,Chla_ugL_mean,4.47166885657157
vera4cast,chlorocast_chronos,2026-10-27 00:00:00,2026-09-28 00:00:00,P1D,fcre,1.6,ensemble,43,Chla_ugL_mean,4.38781511452332
vera4cast,chlorocast_chronos,2026-10-28 00:00:00,2026-09-28 00:00:00,P1D,fcre,1.6,ensemble,43,Chla_ugL_mean,4.32277195919615
vera4cast,chlorocast_chronos,2026-10-29 00:00:00,2026-09-28 00:00:00,P1D,fcre,1.6,ensemble,43,Chla_ugL_mean,4.25291603063245
vera4cast,chlorocast_chronos,2026-10-30 00:00:00,2026-09-28 00:00:00,P1D,fcre,1.6,ensemble,43,Chla_ugL_mean,4.18865310725032
vera4cast,chlorocast_chronos,2026-10-31 00:00:00,2026-09-28 00:00:00,P1D,fcre,1.6,ensemble,43,Chla_ugL_mean,4.14798736865503
vera4cast,chlorocast_chronos,2026-11-01 00:00:00,2026-09-28 00:00:00,P1D,fcre,1.6,ensemble,43,Chla_ugL_mean,4.13104723715873
vera4cast,chlorocast_chronos,2026-11-02 00:00:00,2026-09-28 00:00:00,P1D,fcre,1.6,ensemble,43,Chla_ugL_mean,4.11501280560029
vera4cast,chlorocast_chronos,2026-09-29 00:00:00,2026-09-28 00:00:00,P1D,fcre,1.6,ensemble,44,Chla_ugL_mean,5.47864896035082
vera4cast,chlorocast_chronos,2026-09-30 00:00:00,2026-09-28 00:00:00,P1D,fcre,1.6,ensemble,44,Chla_ugL_mean,5.33639388634885
vera4cast,chlorocast_chronos,2026-10-01 00:00:00,2026-09-28 00:00:00,P1D,fcre,1.6,ensemble,44,Chla_ugL_mean,5.18303664819375
vera4cast,chlorocast_chronos,2026-10-02 00:00:00,2026-09-28 00:00:00,P1D,fcre,1.6,ensemble,44,Chla_ugL_mean,5.00526261785964
vera4cast,chlorocast_chronos,2026-10-03 00:00:00,2026-09-28 00:00:00,P1D,fcre,1.6,ensemble,44,Chla_ugL_mean,4.83377241064427
vera4cast,chlorocast_chronos,2026-10-04 00:00:00,2026-09-28 00:00:00,P1D,fcre,1.6,ensemble,44,Chla_ugL_mean,4.59598417744252
vera4cast,chlorocast_chronos,2026-10-05 00:00:00,2026-09-28 00:00:00,P1D,fcre,1.6,ensemble,44,Chla_ugL_mean,4.64744449379118
vera4cast,chlorocast_chronos,2026-10-06 00:00:00,2026-09-28 00:00:00,P1D,fcre,1.6,ensemble,44,Chla_ugL_mean,4.56281400917903
vera4cast,chlorocast_chronos,2026-10-07 00:00:00,2026-09-28 00:00:00,P1D,fcre,1.6,ensemble,44,Chla_ugL_mean,4.65313272872863
vera4cast,chlorocast_chronos,2026-10-08 00:00:00,2026-09-28 00:00:00,P1D,fcre,1.6,ensemble,44,Chla_ugL_mean,4.71547364762487
vera4cast,chlorocast_chronos,2026-10-09 00:00:00,2026-09-28 00:00:00,P1D,fcre,1.6,ensemble,44,Chla_ugL_mean,4.65602017388404
vera4cast,chlorocast_chronos,2026-10-10 00:00:00,2026-09-28 00:00:00,P1D,fcre,1.6,ensemble,44,Chla_ugL_mean,4.62588938709847
vera4cast,chlorocast_chronos,2026-10-11 00:00:00,2026-09-28 00:00:00,P1D,fcre,1.6,ensemble,44,Chla_ugL_mean,4.6704002417349
vera4cast,chlorocast_chronos,2026-10-12 00:00:00,2026-09-28 00:00:00,P1D,fcre,1.6,ensemble,44,Chla_ugL_mean,4.7647088581224
vera4cast,chlorocast_chronos,2026-10-13 00:00:00,2026-09-28 00:00:00,P1D,fcre,1.6,ensemble,44,Chla_ugL_mean,4.80313518197274
vera4cast,chlorocast_chronos,2026-10-14 00:00:00,2026-09-28 00:00:00,P1D,fcre,1.6,ensemble,44,Chla_ugL_mean,4.79055943874292
vera4cast,chlorocast_chronos,2026-10-15 00:00:00,2026-09-28 00:00:00,P1D,fcre,1.6,ensemble,44,Chla_ugL_mean,4.73105806138121
vera4cast,chlorocast_chronos,2026-10-16 00:00:00,2026-09-28 00:00:00,P1D,fcre,1.6,ensemble,44,Chla_ugL_mean,4.75844451575795
vera4cast,chlorocast_chronos,2026-10-17 00:00:00,2026-09-28 00:00:00,P1D,fcre,1.6,ensemble,44,Chla_ugL_mean,4.68979517971541
vera4cast,chlorocast_chronos,2026-10-18 00:00:00,2026-09-28 00:00:00,P1D,fcre,1.6,ensemble,44,Chla_ugL_mean,4.70266516095001
vera4cast,chlorocast_chronos,2026-10-19 00:00:00,2026-09-28 00:00:00,P1D,fcre,1.6,ensemble,44,Chla_ugL_mean,4.73067797338868
vera4cast,chlorocast_chronos,2026-10-20 00:00:00,2026-09-28 00:00:00,P1D,fcre,1.6,ensemble,44,Chla_ugL_mean,5.50669001746587
vera4cast,chlorocast_chronos,2026-10-21 00:00:00,2026-09-28 00:00:00,P1D,fcre,1.6,ensemble,44,Chla_ugL_mean,5.49210321894906
vera4cast,chlorocast_chronos,2026-10-22 00:00:00,2026-09-28 00:00:00,P1D,fcre,1.6,ensemble,44,Chla_ugL_mean,5.43840753048267
vera4cast,chlorocast_chronos,2026-10-23 00:00:00,2026-09-28 00:00:00,P1D,fcre,1.6,ensemble,44,Chla_ugL_mean,5.073930796477
vera4cast,chlorocast_chronos,2026-10-24 00:00:00,2026-09-28 00:00:00,P1D,fcre,1.6,ensemble,44,Chla_ugL_mean,4.85860134914308
vera4cast,chlorocast_chronos,2026-10-25 00:00:00,2026-09-28 00:00:00,P1D,fcre,1.6,ensemble,44,Chla_ugL_mean,4.63672060755276
vera4cast,chlorocast_chronos,2026-10-26 00:00:00,2026-09-28 00:00:00,P1D,fcre,1.6,ensemble,44,Chla_ugL_mean,4.55227983834091
vera4cast,chlorocast_chronos,2026-10-27 00:00:00,2026-09-28 00:00:00,P1D,fcre,1.6,ensemble,44,Chla_ugL_mean,4.46748264681035
vera4cast,chlorocast_chronos,2026-10-28 00:00:00,2026-09-28 00:00:00,P1D,fcre,1.6,ensemble,44,Chla_ugL_mean,4.40228292348962
vera4cast,chlorocast_chronos,2026-10-29 00:00:00,2026-09-28 00:00:00,P1D,fcre,1.6,ensemble,44,Chla_ugL_mean,4.3315972652035
vera4cast,chlorocast_chronos,2026-10-30 00:00:00,2026-09-28 00:00:00,P1D,fcre,1.6,ensemble,44,Chla_ugL_mean,4.26826579619491
vera4cast,chlorocast_chronos,2026-10-31 00:00:00,2026-09-28 00:00:00,P1D,fcre,1.6,ensemble,44,Chla_ugL_mean,4.22667414269592
vera4cast,chlorocast_chronos,2026-11-01 00:00:00,2026-09-28 00:00:00,P1D,fcre,1.6,ensemble,44,Chla_ugL_mean,4.20995470940282
vera4cast,chlorocast_chronos,2026-11-02 00:00:00,2026-09-28 00:00:00,P1D,fcre,1.6,ensemble,44,Chla_ugL_mean,4.1941960029404
vera4cast,chlorocast_chronos,2026-09-29 00:00:00,2026-09-28 00:00:00,P1D,fcre,1.6,ensemble,45,Chla_ugL_mean,5.5382035278744
vera4cast,chlorocast_chronos,2026-09-30 00:00:00,2026-09-28 00:00:00,P1D,fcre,1.6,ensemble,45,Chla_ugL_mean,5.39837737567135
vera4cast,chlorocast_chronos,2026-10-01 00:00:00,2026-09-28 00:00:00,P1D,fcre,1.6,ensemble,45,Chla_ugL_mean,5.24625247756182
vera4cast,chlorocast_chronos,2026-10-02 00:00:00,2026-09-28 00:00:00,P1D,fcre,1.6,ensemble,45,Chla_ugL_mean,5.06896179880677
vera4cast,chlorocast_chronos,2026-10-03 00:00:00,2026-09-28 00:00:00,P1D,fcre,1.6,ensemble,45,Chla_ugL_mean,4.89782301607176
vera4cast,chlorocast_chronos,2026-10-04 00:00:00,2026-09-28 00:00:00,P1D,fcre,1.6,ensemble,45,Chla_ugL_mean,4.66401032045189
vera4cast,chlorocast_chronos,2026-10-05 00:00:00,2026-09-28 00:00:00,P1D,fcre,1.6,ensemble,45,Chla_ugL_mean,4.71460621935479
vera4cast,chlorocast_chronos,2026-10-06 00:00:00,2026-09-28 00:00:00,P1D,fcre,1.6,ensemble,45,Chla_ugL_mean,4.63090357074235
vera4cast,chlorocast_chronos,2026-10-07 00:00:00,2026-09-28 00:00:00,P1D,fcre,1.6,ensemble,45,Chla_ugL_mean,4.72132822904936
vera4cast,chlorocast_chronos,2026-10-08 00:00:00,2026-09-28 00:00:00,P1D,fcre,1.6,ensemble,45,Chla_ugL_mean,4.7838594778698
vera4cast,chlorocast_chronos,2026-10-09 00:00:00,2026-09-28 00:00:00,P1D,fcre,1.6,ensemble,45,Chla_ugL_mean,4.72520405161026
vera4cast,chlorocast_chronos,2026-10-10 00:00:00,2026-09-28 00:00:00,P1D,fcre,1.6,ensemble,45,Chla_ugL_mean,4.69534948742082
vera4cast,chlorocast_chronos,2026-10-11 00:00:00,2026-09-28 00:00:00,P1D,fcre,1.6,ensemble,45,Chla_ugL_mean,4.74141015456918
vera4cast,chlorocast_chronos,2026-10-12 00:00:00,2026-09-28 00:00:00,P1D,fcre,1.6,ensemble,45,Chla_ugL_mean,4.83834074290488
vera4cast,chlorocast_chronos,2026-10-13 00:00:00,2026-09-28 00:00:00,P1D,fcre,1.6,ensemble,45,Chla_ugL_mean,4.88013261442775
vera4cast,chlorocast_chronos,2026-10-14 00:00:00,2026-09-28 00:00:00,P1D,fcre,1.6,ensemble,45,Chla_ugL_mean,4.87145749542591
vera4cast,chlorocast_chronos,2026-10-15 00:00:00,2026-09-28 00:00:00,P1D,fcre,1.6,ensemble,45,Chla_ugL_mean,4.81501311882359
vera4cast,chlorocast_chronos,2026-10-16 00:00:00,2026-09-28 00:00:00,P1D,fcre,1.6,ensemble,45,Chla_ugL_mean,4.84465001643454
vera4cast,chlorocast_chronos,2026-10-17 00:00:00,2026-09-28 00:00:00,P1D,fcre,1.6,ensemble,45,Chla_ugL_mean,4.77532218683915
vera4cast,chlorocast_chronos,2026-10-18 00:00:00,2026-09-28 00:00:00,P1D,fcre,1.6,ensemble,45,Chla_ugL_mean,4.78810243467077
vera4cast,chlorocast_chronos,2026-10-19 00:00:00,2026-09-28 00:00:00,P1D,fcre,1.6,ensemble,45,Chla_ugL_mean,4.81547923355601
vera4cast,chlorocast_chronos,2026-10-20 00:00:00,2026-09-28 00:00:00,P1D,fcre,1.6,ensemble,45,Chla_ugL_mean,5.58487418926765
vera4cast,chlorocast_chronos,2026-10-21 00:00:00,2026-09-28 00:00:00,P1D,fcre,1.6,ensemble,45,Chla_ugL_mean,5.57104856006638
vera4cast,chlorocast_chronos,2026-10-22 00:00:00,2026-09-28 00:00:00,P1D,fcre,1.6,ensemble,45,Chla_ugL_mean,5.5171514896006
vera4cast,chlorocast_chronos,2026-10-23 00:00:00,2026-09-28 00:00:00,P1D,fcre,1.6,ensemble,45,Chla_ugL_mean,5.1544399708133
vera4cast,chlorocast_chronos,2026-10-24 00:00:00,2026-09-28 00:00:00,P1D,fcre,1.6,ensemble,45,Chla_ugL_mean,4.94033422319081
vera4cast,chlorocast_chronos,2026-10-25 00:00:00,2026-09-28 00:00:00,P1D,fcre,1.6,ensemble,45,Chla_ugL_mean,4.71962176105185
vera4cast,chlorocast_chronos,2026-10-26 00:00:00,2026-09-28 00:00:00,P1D,fcre,1.6,ensemble,45,Chla_ugL_mean,4.63407841580585
vera4cast,chlorocast_chronos,2026-10-27 00:00:00,2026-09-28 00:00:00,P1D,fcre,1.6,ensemble,45,Chla_ugL_mean,4.54832819199608
vera4cast,chlorocast_chronos,2026-10-28 00:00:00,2026-09-28 00:00:00,P1D,fcre,1.6,ensemble,45,Chla_ugL_mean,4.48298161355669
vera4cast,chlorocast_chronos,2026-10-29 00:00:00,2026-09-28 00:00:00,P1D,fcre,1.6,ensemble,45,Chla_ugL_mean,4.41145703311441
vera4cast,chlorocast_chronos,2026-10-30 00:00:00,2026-09-28 00:00:00,P1D,fcre,1.6,ensemble,45,Chla_ugL_mean,4.34910003148495
vera4cast,chlorocast_chronos,2026-10-31 00:00:00,2026-09-28 00:00:00,P1D,fcre,1.6,ensemble,45,Chla_ugL_mean,4.30656364082404
vera4cast,chlorocast_chronos,2026-11-01 00:00:00,2026-09-28 00:00:00,P1D,fcre,1.6,ensemble,45,Chla_ugL_mean,4.29007565501564
vera4cast,chlorocast_chronos,2026-11-02 00:00:00,2026-09-28 00:00:00,P1D,fcre,1.6,ensemble,45,Chla_ugL_mean,4.27460499950707
vera4cast,chlorocast_chronos,2026-09-29 00:00:00,2026-09-28 00:00:00,P1D,fcre,1.6,ensemble,46,Chla_ugL_mean,5.59830554696305
vera4cast,chlorocast_chronos,2026-09-30 00:00:00,2026-09-28 00:00:00,P1D,fcre,1.6,ensemble,46,Chla_ugL_mean,5.460967196137
vera4cast,chlorocast_chronos,2026-10-01 00:00:00,2026-09-28 00:00:00,P1D,fcre,1.6,ensemble,46,Chla_ugL_mean,5.31011463029979
vera4cast,chlorocast_chronos,2026-10-02 00:00:00,2026-09-28 00:00:00,P1D,fcre,1.6,ensemble,46,Chla_ugL_mean,5.13333665139585
vera4cast,chlorocast_chronos,2026-10-03 00:00:00,2026-09-28 00:00:00,P1D,fcre,1.6,ensemble,46,Chla_ugL_mean,4.96257685086216
vera4cast,chlorocast_chronos,2026-10-04 00:00:00,2026-09-28 00:00:00,P1D,fcre,1.6,ensemble,46,Chla_ugL_mean,4.73286340578025
vera4cast,chlorocast_chronos,2026-10-05 00:00:00,2026-09-28 00:00:00,P1D,fcre,1.6,ensemble,46,Chla_ugL_mean,4.78256665969739
vera4cast,chlorocast_chronos,2026-10-06 00:00:00,2026-09-28 00:00:00,P1D,fcre,1.6,ensemble,46,Chla_ugL_mean,4.69982655732874
vera4cast,chlorocast_chronos,2026-10-07 00:00:00,2026-09-28 00:00:00,P1D,fcre,1.6,ensemble,46,Chla_ugL_mean,4.79034639292448
vera4cast,chlorocast_chronos,2026-10-08 00:00:00,2026-09-28 00:00:00,P1D,fcre,1.6,ensemble,46,Chla_ugL_mean,4.85306354682364
vera4cast,chlorocast_chronos,2026-10-09 00:00:00,2026-09-28 00:00:00,P1D,fcre,1.6,ensemble,46,Chla_ugL_mean,4.79523417966622
vera4cast,chlorocast_chronos,2026-10-10 00:00:00,2026-09-28 00:00:00,P1D,fcre,1.6,ensemble,46,Chla_ugL_mean,4.7656671775756
vera4cast,chlorocast_chronos,2026-10-11 00:00:00,2026-09-28 00:00:00,P1D,fcre,1.6,ensemble,46,Chla_ugL_mean,4.8133093181628
vera4cast,chlorocast_chronos,2026-10-12 00:00:00,2026-09-28 00:00:00,P1D,fcre,1.6,ensemble,46,Chla_ugL_mean,4.91291311828108
vera4cast,chlorocast_chronos,2026-10-13 00:00:00,2026-09-28 00:00:00,P1D,fcre,1.6,ensemble,46,Chla_ugL_mean,4.95815166785465
vera4cast,chlorocast_chronos,2026-10-14 00:00:00,2026-09-28 00:00:00,P1D,fcre,1.6,ensemble,46,Chla_ugL_mean,4.95348575302373
vera4cast,chlorocast_chronos,2026-10-15 00:00:00,2026-09-28 00:00:00,P1D,fcre,1.6,ensemble,46,Chla_ugL_mean,4.90019804544452
vera4cast,chlorocast_chronos,2026-10-16 00:00:00,2026-09-28 00:00:00,P1D,fcre,1.6,ensemble,46,Chla_ugL_mean,4.93214603720324
vera4cast,chlorocast_chronos,2026-10-17 00:00:00,2026-09-28 00:00:00,P1D,fcre,1.6,ensemble,46,Chla_ugL_mean,4.86213480596059
vera4cast,chlorocast_chronos,2026-10-18 00:00:00,2026-09-28 00:00:00,P1D,fcre,1.6,ensemble,46,Chla_ugL_mean,4.87481972879162
vera4cast,chlorocast_chronos,2026-10-19 00:00:00,2026-09-28 00:00:00,P1D,fcre,1.6,ensemble,46,Chla_ugL_mean,4.90153536334948
vera4cast,chlorocast_chronos,2026-10-20 00:00:00,2026-09-28 00:00:00,P1D,fcre,1.6,ensemble,46,Chla_ugL_mean,5.66399781948898
vera4cast,chlorocast_chronos,2026-10-21 00:00:00,2026-09-28 00:00:00,P1D,fcre,1.6,ensemble,46,Chla_ugL_mean,5.65095389314222
vera4cast,chlorocast_chronos,2026-10-22 00:00:00,2026-09-28 00:00:00,P1D,fcre,1.6,ensemble,46,Chla_ugL_mean,5.59685851467362
vera4cast,chlorocast_chronos,2026-10-23 00:00:00,2026-09-28 00:00:00,P1D,fcre,1.6,ensemble,46,Chla_ugL_mean,5.23601628393823
vera4cast,chlorocast_chronos,2026-10-24 00:00:00,2026-09-28 00:00:00,P1D,fcre,1.6,ensemble,46,Chla_ugL_mean,5.02320734596037
vera4cast,chlorocast_chronos,2026-10-25 00:00:00,2026-09-28 00:00:00,P1D,fcre,1.6,ensemble,46,Chla_ugL_mean,4.80374216981123
vera4cast,chlorocast_chronos,2026-10-26 00:00:00,2026-09-28 00:00:00,P1D,fcre,1.6,ensemble,46,Chla_ugL_mean,4.71708208513757
vera4cast,chlorocast_chronos,2026-10-27 00:00:00,2026-09-28 00:00:00,P1D,fcre,1.6,ensemble,46,Chla_ugL_mean,4.63036916890031
vera4cast,chlorocast_chronos,2026-10-28 00:00:00,2026-09-28 00:00:00,P1D,fcre,1.6,ensemble,46,Chla_ugL_mean,4.56488577151034
vera4cast,chlorocast_chronos,2026-10-29 00:00:00,2026-09-28 00:00:00,P1D,fcre,1.6,ensemble,46,Chla_ugL_mean,4.49251298712371
vera4cast,chlorocast_chronos,2026-10-30 00:00:00,2026-09-28 00:00:00,P1D,fcre,1.6,ensemble,46,Chla_ugL_mean,4.4311745560557
vera4cast,chlorocast_chronos,2026-10-31 00:00:00,2026-09-28 00:00:00,P1D,fcre,1.6,ensemble,46,Chla_ugL_mean,4.3876742466273
vera4cast,chlorocast_chronos,2026-11-01 00:00:00,2026-09-28 00:00:00,P1D,fcre,1.6,ensemble,46,Chla_ugL_mean,4.37142873531752
vera4cast,chlorocast_chronos,2026-11-02 00:00:00,2026-09-28 00:00:00,P1D,fcre,1.6,ensemble,46,Chla_ugL_mean,4.35625877134315
vera4cast,chlorocast_chronos,2026-09-29 00:00:00,2026-09-28 00:00:00,P1D,fcre,1.6,ensemble,47,Chla_ugL_mean,5.65896005003038
vera4cast,chlorocast_chronos,2026-09-30 00:00:00,2026-09-28 00:00:00,P1D,fcre,1.6,ensemble,47,Chla_ugL_mean,5.52416927896166
vera4cast,chlorocast_chronos,2026-10-01 00:00:00,2026-09-28 00:00:00,P1D,fcre,1.6,ensemble,47,Chla_ugL_mean,5.37462971446617
vera4cast,chlorocast_chronos,2026-10-02 00:00:00,2026-09-28 00:00:00,P1D,fcre,1.6,ensemble,47,Chla_ugL_mean,5.19839434262904
vera4cast,chlorocast_chronos,2026-10-03 00:00:00,2026-09-28 00:00:00,P1D,fcre,1.6,ensemble,47,Chla_ugL_mean,5.02804163596568
vera4cast,chlorocast_chronos,2026-10-04 00:00:00,2026-09-28 00:00:00,P1D,fcre,1.6,ensemble,47,Chla_ugL_mean,4.80255348593931
vera4cast,chlorocast_chronos,2026-10-05 00:00:00,2026-09-28 00:00:00,P1D,fcre,1.6,ensemble,47,Chla_ugL_mean,4.85133531346263
vera4cast,chlorocast_chronos,2026-10-06 00:00:00,2026-09-28 00:00:00,P1D,fcre,1.6,ensemble,47,Chla_ugL_mean,4.76959317016805
vera4cast,chlorocast_chronos,2026-10-07 00:00:00,2026-09-28 00:00:00,P1D,fcre,1.6,ensemble,47,Chla_ugL_mean,4.86019714440058
vera4cast,chlorocast_chronos,2026-10-08 00:00:00,2026-09-28 00:00:00,P1D,fcre,1.6,ensemble,47,Chla_ugL_mean,4.92309564473948
vera4cast,chlorocast_chronos,2026-10-09 00:00:00,2026-09-28 00:00:00,P1D,fcre,1.6,ensemble,47,Chla_ugL_mean,4.86612090930203
vera4cast,chlorocast_chronos,2026-10-10 00:00:00,2026-09-28 00:00:00,P1D,fcre,1.6,ensemble,47,Chla_ugL_mean,4.83685304580438
vera4cast,chlorocast_chronos,2026-10-11 00:00:00,2026-09-28 00:00:00,P1D,fcre,1.6,ensemble,47,Chla_ugL_mean,4.88610886852314
vera4cast,chlorocast_chronos,2026-10-12 00:00:00,2026-09-28 00:00:00,P1D,fcre,1.6,ensemble,47,Chla_ugL_mean,4.98843799701639
vera4cast,chlorocast_chronos,2026-10-13 00:00:00,2026-09-28 00:00:00,P1D,fcre,1.6,ensemble,47,Chla_ugL_mean,5.03720589737311
vera4cast,chlorocast_chronos,2026-10-14 00:00:00,2026-09-28 00:00:00,P1D,fcre,1.6,ensemble,47,Chla_ugL_mean,5.03666000121244
vera4cast,chlorocast_chronos,2026-10-15 00:00:00,2026-09-28 00:00:00,P1D,fcre,1.6,ensemble,47,Chla_ugL_mean,4.98663085776668
vera4cast,chlorocast_chronos,2026-10-16 00:00:00,2026-09-28 00:00:00,P1D,fcre,1.6,ensemble,47,Chla_ugL_mean,5.02095189750533
vera4cast,chlorocast_chronos,2026-10-17 00:00:00,2026-09-28 00:00:00,P1D,fcre,1.6,ensemble,47,Chla_ugL_mean,4.95025236194874
vera4cast,chlorocast_chronos,2026-10-18 00:00:00,2026-09-28 00:00:00,P1D,fcre,1.6,ensemble,47,Chla_ugL_mean,4.96283622056568
vera4cast,chlorocast_chronos,2026-10-19 00:00:00,2026-09-28 00:00:00,P1D,fcre,1.6,ensemble,47,Chla_ugL_mean,4.98886493204241
vera4cast,chlorocast_chronos,2026-10-20 00:00:00,2026-09-28 00:00:00,P1D,fcre,1.6,ensemble,47,Chla_ugL_mean,5.74407219663113
vera4cast,chlorocast_chronos,2026-10-21 00:00:00,2026-09-28 00:00:00,P1D,fcre,1.6,ensemble,47,Chla_ugL_mean,5.7318308918808
vera4cast,chlorocast_chronos,2026-10-22 00:00:00,2026-09-28 00:00:00,P1D,fcre,1.6,ensemble,47,Chla_ugL_mean,5.67754038433267
vera4cast,chlorocast_chronos,2026-10-23 00:00:00,2026-09-28 00:00:00,P1D,fcre,1.6,ensemble,47,Chla_ugL_mean,5.31867388063966
vera4cast,chlorocast_chronos,2026-10-24 00:00:00,2026-09-28 00:00:00,P1D,fcre,1.6,ensemble,47,Chla_ugL_mean,5.10723662496955
vera4cast,chlorocast_chronos,2026-10-25 00:00:00,2026-09-28 00:00:00,P1D,fcre,1.6,ensemble,47,Chla_ugL_mean,4.88909976582973
vera4cast,chlorocast_chronos,2026-10-26 00:00:00,2026-09-28 00:00:00,P1D,fcre,1.6,ensemble,47,Chla_ugL_mean,4.80130860026839
vera4cast,chlorocast_chronos,2026-10-27 00:00:00,2026-09-28 00:00:00,P1D,fcre,1.6,ensemble,47,Chla_ugL_mean,4.71362325390819
vera4cast,chlorocast_chronos,2026-10-28 00:00:00,2026-09-28 00:00:00,P1D,fcre,1.6,ensemble,47,Chla_ugL_mean,4.64801340449326
vera4cast,chlorocast_chronos,2026-10-29 00:00:00,2026-09-28 00:00:00,P1D,fcre,1.6,ensemble,47,Chla_ugL_mean,4.57478304440318
vera4cast,chlorocast_chronos,2026-10-30 00:00:00,2026-09-28 00:00:00,P1D,fcre,1.6,ensemble,47,Chla_ugL_mean,4.51450840042677
vera4cast,chlorocast_chronos,2026-10-31 00:00:00,2026-09-28 00:00:00,P1D,fcre,1.6,ensemble,47,Chla_ugL_mean,4.47002462468603
vera4cast,chlorocast_chronos,2026-11-01 00:00:00,2026-09-28 00:00:00,P1D,fcre,1.6,ensemble,47,Chla_ugL_mean,4.45403289861068
vera4cast,chlorocast_chronos,2026-11-02 00:00:00,2026-09-28 00:00:00,P1D,fcre,1.6,ensemble,47,Chla_ugL_mean,4.43917658825097
vera4cast,chlorocast_chronos,2026-09-29 00:00:00,2026-09-28 00:00:00,P1D,fcre,1.6,ensemble,48,Chla_ugL_mean,5.72017211575015
vera4cast,chlorocast_chronos,2026-09-30 00:00:00,2026-09-28 00:00:00,P1D,fcre,1.6,ensemble,48,Chla_ugL_mean,5.58798961338119
vera4cast,chlorocast_chronos,2026-10-01 00:00:00,2026-09-28 00:00:00,P1D,fcre,1.6,ensemble,48,Chla_ugL_mean,5.43980440568073
vera4cast,chlorocast_chronos,2026-10-02 00:00:00,2026-09-28 00:00:00,P1D,fcre,1.6,ensemble,48,Chla_ugL_mean,5.26414211553052
vera4cast,chlorocast_chronos,2026-10-03 00:00:00,2026-09-28 00:00:00,P1D,fcre,1.6,ensemble,48,Chla_ugL_mean,5.09422517710302
vera4cast,chlorocast_chronos,2026-10-04 00:00:00,2026-09-28 00:00:00,P1D,fcre,1.6,ensemble,48,Chla_ugL_mean,4.87309073564154
vera4cast,chlorocast_chronos,2026-10-05 00:00:00,2026-09-28 00:00:00,P1D,fcre,1.6,ensemble,48,Chla_ugL_mean,4.92092179225592
vera4cast,chlorocast_chronos,2026-10-06 00:00:00,2026-09-28 00:00:00,P1D,fcre,1.6,ensemble,48,Chla_ugL_mean,4.84021373535453
vera4cast,chlorocast_chronos,2026-10-07 00:00:00,2026-09-28 00:00:00,P1D,fcre,1.6,ensemble,48,Chla_ugL_mean,4.93089052724114
vera4cast,chlorocast_chronos,2026-10-08 00:00:00,2026-09-28 00:00:00,P1D,fcre,1.6,ensemble,48,Chla_ugL_mean,4.99396567901108
vera4cast,chlorocast_chronos,2026-10-09 00:00:00,2026-09-28 00:00:00,P1D,fcre,1.6,ensemble,48,Chla_ugL_mean,4.93787471838324
vera4cast,chlorocast_chronos,2026-10-10 00:00:00,2026-09-28 00:00:00,P1D,fcre,1.6,ensemble,48,Chla_ugL_mean,4.90891781107654
vera4cast,chlorocast_chronos,2026-10-11 00:00:00,2026-09-28 00:00:00,P1D,fcre,1.6,ensemble,48,Chla_ugL_mean,4.95982008111278
vera4cast,chlorocast_chronos,2026-10-12 00:00:00,2026-09-28 00:00:00,P1D,fcre,1.6,ensemble,48,Chla_ugL_mean,5.06492754531371
vera4cast,chlorocast_chronos,2026-10-13 00:00:00,2026-09-28 00:00:00,P1D,fcre,1.6,ensemble,48,Chla_ugL_mean,5.11730903795546
vera4cast,chlorocast_chronos,2026-10-14 00:00:00,2026-09-28 00:00:00,P1D,fcre,1.6,ensemble,48,Chla_ugL_mean,5.1209962502606
vera4cast,chlorocast_chronos,2026-10-15 00:00:00,2026-09-28 00:00:00,P1D,fcre,1.6,ensemble,48,Chla_ugL_mean,5.07432983623925
vera4cast,chlorocast_chronos,2026-10-16 00:00:00,2026-09-28 00:00:00,P1D,fcre,1.6,ensemble,48,Chla_ugL_mean,5.11108720599945
vera4cast,chlorocast_chronos,2026-10-17 00:00:00,2026-09-28 00:00:00,P1D,fcre,1.6,ensemble,48,Chla_ugL_mean,5.03969447015726
vera4cast,chlorocast_chronos,2026-10-18 00:00:00,2026-09-28 00:00:00,P1D,fcre,1.6,ensemble,48,Chla_ugL_mean,5.05217137455948
vera4cast,chlorocast_chronos,2026-10-19 00:00:00,2026-09-28 00:00:00,P1D,fcre,1.6,ensemble,48,Chla_ugL_mean,5.07748678369199
vera4cast,chlorocast_chronos,2026-10-20 00:00:00,2026-09-28 00:00:00,P1D,fcre,1.6,ensemble,48,Chla_ugL_mean,5.82510874483761
vera4cast,chlorocast_chronos,2026-10-21 00:00:00,2026-09-28 00:00:00,P1D,fcre,1.6,ensemble,48,Chla_ugL_mean,5.81369137194102
vera4cast,chlorocast_chronos,2026-10-22 00:00:00,2026-09-28 00:00:00,P1D,fcre,1.6,ensemble,48,Chla_ugL_mean,5.75920902126544
vera4cast,chlorocast_chronos,2026-10-23 00:00:00,2026-09-28 00:00:00,P1D,fcre,1.6,ensemble,48,Chla_ugL_mean,5.40242709319284
vera4cast,chlorocast_chronos,2026-10-24 00:00:00,2026-09-28 00:00:00,P1D,fcre,1.6,ensemble,48,Chla_ugL_mean,5.19243818966064
vera4cast,chlorocast_chronos,2026-10-25 00:00:00,2026-09-28 00:00:00,P1D,fcre,1.6,ensemble,48,Chla_ugL_mean,4.97571274483819
vera4cast,chlorocast_chronos,2026-10-26 00:00:00,2026-09-28 00:00:00,P1D,fcre,1.6,ensemble,48,Chla_ugL_mean,4.88677597668918
vera4cast,chlorocast_chronos,2026-10-27 00:00:00,2026-09-28 00:00:00,P1D,fcre,1.6,ensemble,48,Chla_ugL_mean,4.7981083847787
vera4cast,chlorocast_chronos,2026-10-28 00:00:00,2026-09-28 00:00:00,P1D,fcre,1.6,ensemble,48,Chla_ugL_mean,4.73238278863677
vera4cast,chlorocast_chronos,2026-10-29 00:00:00,2026-09-28 00:00:00,P1D,fcre,1.6,ensemble,48,Chla_ugL_mean,4.65828539049847
vera4cast,chlorocast_chronos,2026-10-30 00:00:00,2026-09-28 00:00:00,P1D,fcre,1.6,ensemble,48,Chla_ugL_mean,4.5991208871147
vera4cast,chlorocast_chronos,2026-10-31 00:00:00,2026-09-28 00:00:00,P1D,fcre,1.6,ensemble,48,Chla_ugL_mean,4.55363372486789
vera4cast,chlorocast_chronos,2026-11-01 00:00:00,2026-09-28 00:00:00,P1D,fcre,1.6,ensemble,48,Chla_ugL_mean,4.53790738459258
vera4cast,chlorocast_chronos,2026-11-02 00:00:00,2026-09-28 00:00:00,P1D,fcre,1.6,ensemble,48,Chla_ugL_mean,4.52337801833999
vera4cast,chlorocast_chronos,2026-09-29 00:00:00,2026-09-28 00:00:00,P1D,fcre,1.6,ensemble,49,Chla_ugL_mean,5.78194686948149
vera4cast,chlorocast_chronos,2026-09-30 00:00:00,2026-09-28 00:00:00,P1D,fcre,1.6,ensemble,49,Chla_ugL_mean,5.65243424721897
vera4cast,chlorocast_chronos,2026-10-01 00:00:00,2026-09-28 00:00:00,P1D,fcre,1.6,ensemble,49,Chla_ugL_mean,5.50564544781529
vera4cast,chlorocast_chronos,2026-10-02 00:00:00,2026-09-28 00:00:00,P1D,fcre,1.6,ensemble,49,Chla_ugL_mean,5.33058728995287
vera4cast,chlorocast_chronos,2026-10-03 00:00:00,2026-09-28 00:00:00,P1D,fcre,1.6,ensemble,49,Chla_ugL_mean,5.16113536569603
vera4cast,chlorocast_chronos,2026-10-04 00:00:00,2026-09-28 00:00:00,P1D,fcre,1.6,ensemble,49,Chla_ugL_mean,4.94448545328571
vera4cast,chlorocast_chronos,2026-10-05 00:00:00,2026-09-28 00:00:00,P1D,fcre,1.6,ensemble,49,Chla_ugL_mean,4.99133582198783
vera4cast,chlorocast_chronos,2026-10-06 00:00:00,2026-09-28 00:00:00,P1D,fcre,1.6,ensemble,49,Chla_ugL_mean,4.91169870537515
vera4cast,chlorocast_chronos,2026-10-07 00:00:00,2026-09-28 00:00:00,P1D,fcre,1.6,ensemble,49,Chla_ugL_mean,5.00243670637068
vera4cast,chlorocast_chronos,2026-10-08 00:00:00,2026-09-28 00:00:00,P1D,fcre,1.6,ensemble,49,Chla_ugL_mean,5.06568367557451
vera4cast,chlorocast_chronos,2026-10-09 00:00:00,2026-09-28 00:00:00,P1D,fcre,1.6,ensemble,49,Chla_ugL_mean,5.01050621293961
vera4cast,chlorocast_chronos,2026-10-10 00:00:00,2026-09-28 00:00:00,P1D,fcre,1.6,ensemble,49,Chla_ugL_mean,4.98187232470333
vera4cast,chlorocast_chronos,2026-10-11 00:00:00,2026-09-28 00:00:00,P1D,fcre,1.6,ensemble,49,Chla_ugL_mean,5.03445437259594
vera4cast,chlorocast_chronos,2026-10-12 00:00:00,2026-09-28 00:00:00,P1D,fcre,1.6,ensemble,49,Chla_ugL_mean,5.14239408477327
vera4cast,chlorocast_chronos,2026-10-13 00:00:00,2026-09-28 00:00:00,P1D,fcre,1.6,ensemble,49,Chla_ugL_mean,5.19847500681305
vera4cast,chlorocast_chronos,2026-10-14 00:00:00,2026-09-28 00:00:00,P1D,fcre,1.6,ensemble,49,Chla_ugL_mean,5.20651073411114
vera4cast,chlorocast_chronos,2026-10-15 00:00:00,2026-09-28 00:00:00,P1D,fcre,1.6,ensemble,49,Chla_ugL_mean,5.16331352910426
vera4cast,chlorocast_chronos,2026-10-16 00:00:00,2026-09-28 00:00:00,P1D,fcre,1.6,ensemble,49,Chla_ugL_mean,5.20257186489125
vera4cast,chlorocast_chronos,2026-10-17 00:00:00,2026-09-28 00:00:00,P1D,fcre,1.6,ensemble,49,Chla_ugL_mean,5.13048104079092
vera4cast,chlorocast_chronos,2026-10-18 00:00:00,2026-09-28 00:00:00,P1D,fcre,1.6,ensemble,49,Chla_ugL_mean,5.14284494695753
vera4cast,chlorocast_chronos,2026-10-19 00:00:00,2026-09-28 00:00:00,P1D,fcre,1.6,ensemble,49,Chla_ugL_mean,5.16742004120544
vera4cast,chlorocast_chronos,2026-10-20 00:00:00,2026-09-28 00:00:00,P1D,fcre,1.6,ensemble,49,Chla_ugL_mean,5.90711902552408
vera4cast,chlorocast_chronos,2026-10-21 00:00:00,2026-09-28 00:00:00,P1D,fcre,1.6,ensemble,49,Chla_ugL_mean,5.89654729266267
vera4cast,chlorocast_chronos,2026-10-22 00:00:00,2026-09-28 00:00:00,P1D,fcre,1.6,ensemble,49,Chla_ugL_mean,5.84187649397825
vera4cast,chlorocast_chronos,2026-10-23 00:00:00,2026-09-28 00:00:00,P1D,fcre,1.6,ensemble,49,Chla_ugL_mean,5.48729044384549
vera4cast,chlorocast_chronos,2026-10-24 00:00:00,2026-09-28 00:00:00,P1D,fcre,1.6,ensemble,49,Chla_ugL_mean,5.27882839449646
vera4cast,chlorocast_chronos,2026-10-25 00:00:00,2026-09-28 00:00:00,P1D,fcre,1.6,ensemble,49,Chla_ugL_mean,5.06359957017819
vera4cast,chlorocast_chronos,2026-10-26 00:00:00,2026-09-28 00:00:00,P1D,fcre,1.6,ensemble,49,Chla_ugL_mean,4.97350249530281
vera4cast,chlorocast_chronos,2026-10-27 00:00:00,2026-09-28 00:00:00,P1D,fcre,1.6,ensemble,49,Chla_ugL_mean,4.88384276450954
vera4cast,chlorocast_chronos,2026-10-28 00:00:00,2026-09-28 00:00:00,P1D,fcre,1.6,ensemble,49,Chla_ugL_mean,4.81801247307898
vera4cast,chlorocast_chronos,2026-10-29 00:00:00,2026-09-28 00:00:00,P1D,fcre,1.6,ensemble,49,Chla_ugL_mean,4.74303848334891
vera4cast,chlorocast_chronos,2026-10-30 00:00:00,2026-09-28 00:00:00,P1D,fcre,1.6,ensemble,49,Chla_ugL_mean,4.68503163511327
vera4cast,chlorocast_chronos,2026-10-31 00:00:00,2026-09-28 00:00:00,P1D,fcre,1.6,ensemble,49,Chla_ugL_mean,4.63852078668847
vera4cast,chlorocast_chronos,2026-11-01 00:00:00,2026-09-28 00:00:00,P1D,fcre,1.6,ensemble,49,Chla_ugL_mean,4.62307172883706
vera4cast,chlorocast_chronos,2026-11-02 00:00:00,2026-09-28 00:00:00,P1D,fcre,1.6,ensemble,49,Chla_ugL_mean,4.60888293264468
vera4cast,chlorocast_chronos,2026-09-29 00:00:00,2026-09-28 00:00:00,P1D,fcre,1.6,ensemble,50,Chla_ugL_mean,5.84428948369807
vera4cast,chlorocast_chronos,2026-09-30 00:00:00,2026-09-28 00:00:00,P1D,fcre,1.6,ensemble,50,Chla_ugL_mean,5.71750928745904
vera4cast,chlorocast_chronos,2026-10-01 00:00:00,2026-09-28 00:00:00,P1D,fcre,1.6,ensemble,50,Chla_ugL_mean,5.57215965369152
vera4cast,chlorocast_chronos,2026-10-02 00:00:00,2026-09-28 00:00:00,P1D,fcre,1.6,ensemble,50,Chla_ugL_mean,5.39773726339201
vera4cast,chlorocast_chronos,2026-10-03 00:00:00,2026-09-28 00:00:00,P1D,fcre,1.6,ensemble,50,Chla_ugL_mean,5.22878017980869
vera4cast,chlorocast_chronos,2026-10-04 00:00:00,2026-09-28 00:00:00,P1D,fcre,1.6,ensemble,50,Chla_ugL_mean,5.0167480624604
vera4cast,chlorocast_chronos,2026-10-05 00:00:00,2026-09-28 00:00:00,P1D,fcre,1.6,ensemble,50,Chla_ugL_mean,5.06258724423346
vera4cast,chlorocast_chronos,2026-10-06 00:00:00,2026-09-28 00:00:00,P1D,fcre,1.6,ensemble,50,Chla_ugL_mean,4.98405866065664
vera4cast,chlorocast_chronos,2026-10-07 00:00:00,2026-09-28 00:00:00,P1D,fcre,1.6,ensemble,50,Chla_ugL_mean,5.07484596933637
vera4cast,chlorocast_chronos,2026-10-08 00:00:00,2026-09-28 00:00:00,P1D,fcre,1.6,ensemble,50,Chla_ugL_mean,5.1382597803265
vera4cast,chlorocast_chronos,2026-10-09 00:00:00,2026-09-28 00:00:00,P1D,fcre,1.6,ensemble,50,Chla_ugL_mean,5.08402612873282
vera4cast,chlorocast_chronos,2026-10-10 00:00:00,2026-09-28 00:00:00,P1D,fcre,1.6,ensemble,50,Chla_ugL_mean,5.05572757197183
vera4cast,chlorocast_chronos,2026-10-11 00:00:00,2026-09-28 00:00:00,P1D,fcre,1.6,ensemble,50,Chla_ugL_mean,5.11002330260667
vera4cast,chlorocast_chronos,2026-10-12 00:00:00,2026-09-28 00:00:00,P1D,fcre,1.6,ensemble,50,Chla_ugL_mean,5.22085009437753
vera4cast,chlorocast_chronos,2026-10-13 00:00:00,2026-09-28 00:00:00,P1D,fcre,1.6,ensemble,50,Chla_ugL_mean,5.28071790581421
vera4cast,chlorocast_chronos,2026-10-14 00:00:00,2026-09-28 00:00:00,P1D,fcre,1.6,ensemble,50,Chla_ugL_mean,5.29321991350619
vera4cast,chlorocast_chronos,2026-10-15 00:00:00,2026-09-28 00:00:00,P1D,fcre,1.6,ensemble,50,Chla_ugL_mean,5.25360075631945
vera4cast,chlorocast_chronos,2026-10-16 00:00:00,2026-09-28 00:00:00,P1D,fcre,1.6,ensemble,50,Chla_ugL_mean,5.29542607432789
vera4cast,chlorocast_chronos,2026-10-17 00:00:00,2026-09-28 00:00:00,P1D,fcre,1.6,ensemble,50,Chla_ugL_mean,5.22263228333773
vera4cast,chlorocast_chronos,2026-10-18 00:00:00,2026-09-28 00:00:00,P1D,fcre,1.6,ensemble,50,Chla_ugL_mean,5.23487698993128
vera4cast,chlorocast_chronos,2026-10-19 00:00:00,2026-09-28 00:00:00,P1D,fcre,1.6,ensemble,50,Chla_ugL_mean,5.25868411046638
vera4cast,chlorocast_chronos,2026-10-20 00:00:00,2026-09-28 00:00:00,P1D,fcre,1.6,ensemble,50,Chla_ugL_mean,5.99011473902776
vera4cast,chlorocast_chronos,2026-10-21 00:00:00,2026-09-28 00:00:00,P1D,fcre,1.6,ensemble,50,Chla_ugL_mean,5.98041075881365
vera4cast,chlorocast_chronos,2026-10-22 00:00:00,2026-09-28 00:00:00,P1D,fcre,1.6,ensemble,50,Chla_ugL_mean,5.9255550185794
vera4cast,chlorocast_chronos,2026-10-23 00:00:00,2026-09-28 00:00:00,P1D,fcre,1.6,ensemble,50,Chla_ugL_mean,5.57327864733585
vera4cast,chlorocast_chronos,2026-10-24 00:00:00,2026-09-28 00:00:00,P1D,fcre,1.6,ensemble,50,Chla_ugL_mean,5.36642382209962
vera4cast,chlorocast_chronos,2026-10-25 00:00:00,2026-09-28 00:00:00,P1D,fcre,1.6,ensemble,50,Chla_ugL_mean,5.15277897673788
vera4cast,chlorocast_chronos,2026-10-26 00:00:00,2026-09-28 00:00:00,P1D,fcre,1.6,ensemble,50,Chla_ugL_mean,5.06150670633426
vera4cast,chlorocast_chronos,2026-10-27 00:00:00,2026-09-28 00:00:00,P1D,fcre,1.6,ensemble,50,Chla_ugL_mean,4.97084486525902
vera4cast,chlorocast_chronos,2026-10-28 00:00:00,2026-09-28 00:00:00,P1D,fcre,1.6,ensemble,50,Chla_ugL_mean,4.90492128404292
vera4cast,chlorocast_chronos,2026-10-29 00:00:00,2026-09-28 00:00:00,P1D,fcre,1.6,ensemble,50,Chla_ugL_mean,4.82906105736758
vera4cast,chlorocast_chronos,2026-10-30 00:00:00,2026-09-28 00:00:00,P1D,fcre,1.6,ensemble,50,Chla_ugL_mean,4.77226056444254
vera4cast,chlorocast_chronos,2026-10-31 00:00:00,2026-09-28 00:00:00,P1D,fcre,1.6,ensemble,50,Chla_ugL_mean,4.72470534373857
vera4cast,chlorocast_chronos,2026-11-01 00:00:00,2026-09-28 00:00:00,P1D,fcre,1.6,ensemble,50,Chla_ugL_mean,4.70954576734454
vera4cast,chlorocast_chronos,2026-11-02 00:00:00,2026-09-28 00:00:00,P1D,fcre,1.6,ensemble,50,Chla_ugL_mean,4.695711509814
vera4cast,chlorocast_chronos,2026-09-29 00:00:00,2026-09-28 00:00:00,P1D,fcre,1.6,ensemble,51,Chla_ugL_mean,5.90720517842121
vera4cast,chlorocast_chronos,2026-09-30 00:00:00,2026-09-28 00:00:00,P1D,fcre,1.6,ensemble,51,Chla_ugL_mean,5.78322090082481
vera4cast,chlorocast_chronos,2026-10-01 00:00:00,2026-09-28 00:00:00,P1D,fcre,1.6,ensemble,51,Chla_ugL_mean,5.6393539057859
vera4cast,chlorocast_chronos,2026-10-02 00:00:00,2026-09-28 00:00:00,P1D,fcre,1.6,ensemble,51,Chla_ugL_mean,5.46559951181076
vera4cast,chlorocast_chronos,2026-10-03 00:00:00,2026-09-28 00:00:00,P1D,fcre,1.6,ensemble,51,Chla_ugL_mean,5.29716768509834
vera4cast,chlorocast_chronos,2026-10-04 00:00:00,2026-09-28 00:00:00,P1D,fcre,1.6,ensemble,51,Chla_ugL_mean,5.0898891134659
vera4cast,chlorocast_chronos,2026-10-05 00:00:00,2026-09-28 00:00:00,P1D,fcre,1.6,ensemble,51,Chla_ugL_mean,5.13468601760791
vera4cast,chlorocast_chronos,2026-10-06 00:00:00,2026-09-28 00:00:00,P1D,fcre,1.6,ensemble,51,Chla_ugL_mean,5.05730431113157
vera4cast,chlorocast_chronos,2026-10-07 00:00:00,2026-09-28 00:00:00,P1D,fcre,1.6,ensemble,51,Chla_ugL_mean,5.14812872778727
vera4cast,chlorocast_chronos,2026-10-08 00:00:00,2026-09-28 00:00:00,P1D,fcre,1.6,ensemble,51,Chla_ugL_mean,5.21170426055975
vera4cast,chlorocast_chronos,2026-10-09 00:00:00,2026-09-28 00:00:00,P1D,fcre,1.6,ensemble,51,Chla_ugL_mean,5.15844533284332
vera4cast,chlorocast_chronos,2026-10-10 00:00:00,2026-09-28 00:00:00,P1D,fcre,1.6,ensemble,51,Chla_ugL_mean,5.13049467379907
vera4cast,chlorocast_chronos,2026-10-11 00:00:00,2026-09-28 00:00:00,P1D,fcre,1.6,ensemble,51,Chla_ugL_mean,5.18653857553928
vera4cast,chlorocast_chronos,2026-10-12 00:00:00,2026-09-28 00:00:00,P1D,fcre,1.6,ensemble,51,Chla_ugL_mean,5.30030821250137
vera4cast,chlorocast_chronos,2026-10-13 00:00:00,2026-09-28 00:00:00,P1D,fcre,1.6,ensemble,51,Chla_ugL_mean,5.36405202393439
vera4cast,chlorocast_chronos,2026-10-14 00:00:00,2026-09-28 00:00:00,P1D,fcre,1.6,ensemble,51,Chla_ugL_mean,5.38114047915569
vera4cast,chlorocast_chronos,2026-10-15 00:00:00,2026-09-28 00:00:00,P1D,fcre,1.6,ensemble,51,Chla_ugL_mean,5.34521061353873
vera4cast,chlorocast_chronos,2026-10-16 00:00:00,2026-09-28 00:00:00,P1D,fcre,1.6,ensemble,51,Chla_ugL_mean,5.3896703368583
vera4cast,chlorocast_chronos,2026-10-17 00:00:00,2026-09-28 00:00:00,P1D,fcre,1.6,ensemble,51,Chla_ugL_mean,5.31616871106764
vera4cast,chlorocast_chronos,2026-10-18 00:00:00,2026-09-28 00:00:00,P1D,fcre,1.6,ensemble,51,Chla_ugL_mean,5.32828785607362
vera4cast,chlorocast_chronos,2026-10-19 00:00:00,2026-09-28 00:00:00,P1D,fcre,1.6,ensemble,51,Chla_ugL_mean,5.35129868452226
vera4cast,chlorocast_chronos,2026-10-20 00:00:00,2026-09-28 00:00:00,P1D,fcre,1.6,ensemble,51,Chla_ugL_mean,6.07410772627678
vera4cast,chlorocast_chronos,2026-10-21 00:00:00,2026-09-28 00:00:00,P1D,fcre,1.6,ensemble,51,Chla_ugL_mean,6.06529402235836
vera4cast,chlorocast_chronos,2026-10-22 00:00:00,2026-09-28 00:00:00,P1D,fcre,1.6,ensemble,51,Chla_ugL_mean,6.01025696058448
vera4cast,chlorocast_chronos,2026-10-23 00:00:00,2026-09-28 00:00:00,P1D,fcre,1.6,ensemble,51,Chla_ugL_mean,5.66040661344412
vera4cast,chlorocast_chronos,2026-10-24 00:00:00,2026-09-28 00:00:00,P1D,fcre,1.6,ensemble,51,Chla_ugL_mean,5.45524128643558
vera4cast,chlorocast_chronos,2026-10-25 00:00:00,2026-09-28 00:00:00,P1D,fcre,1.6,ensemble,51,Chla_ugL_mean,5.24326997494579
vera4cast,chlorocast_chronos,2026-10-26 00:00:00,2026-09-28 00:00:00,P1D,fcre,1.6,ensemble,51,Chla_ugL_mean,5.15080743329843
vera4cast,chlorocast_chronos,2026-10-27 00:00:00,2026-09-28 00:00:00,P1D,fcre,1.6,ensemble,51,Chla_ugL_mean,5.05913343232615
vera4cast,chlorocast_chronos,2026-10-28 00:00:00,2026-09-28 00:00:00,P1D,fcre,1.6,ensemble,51,Chla_ugL_mean,4.99312832897562
vera4cast,chlorocast_chronos,2026-10-29 00:00:00,2026-09-28 00:00:00,P1D,fcre,1.6,ensemble,51,Chla_ugL_mean,4.91637212758251
vera4cast,chlorocast_chronos,2026-10-30 00:00:00,2026-09-28 00:00:00,P1D,fcre,1.6,ensemble,51,Chla_ugL_mean,4.86082790076763
vera4cast,chlorocast_chronos,2026-10-31 00:00:00,2026-09-28 00:00:00,P1D,fcre,1.6,ensemble,51,Chla_ugL_mean,4.81220722817912
vera4cast,chlorocast_chronos,2026-11-01 00:00:00,2026-09-28 00:00:00,P1D,fcre,1.6,ensemble,51,Chla_ugL_mean,4.79734964116204
vera4cast,chlorocast_chronos,2026-11-02 00:00:00,2026-09-28 00:00:00,P1D,fcre,1.6,ensemble,51,Chla_ugL_mean,4.78388424087347
vera4cast,chlorocast_chronos,2026-09-29 00:00:00,2026-09-28 00:00:00,P1D,fcre,1.6,ensemble,52,Chla_ugL_mean,5.97069922165691
vera4cast,chlorocast_chronos,2026-09-30 00:00:00,2026-09-28 00:00:00,P1D,fcre,1.6,ensemble,52,Chla_ugL_mean,5.84957531436343
vera4cast,chlorocast_chronos,2026-10-01 00:00:00,2026-09-28 00:00:00,P1D,fcre,1.6,ensemble,52,Chla_ugL_mean,5.70723515694183
vera4cast,chlorocast_chronos,2026-10-02 00:00:00,2026-09-28 00:00:00,P1D,fcre,1.6,ensemble,52,Chla_ugL_mean,5.53418159047117
vera4cast,chlorocast_chronos,2026-10-03 00:00:00,2026-09-28 00:00:00,P1D,fcre,1.6,ensemble,52,Chla_ugL_mean,5.36630603577741
vera4cast,chlorocast_chronos,2026-10-04 00:00:00,2026-09-28 00:00:00,P1D,fcre,1.6,ensemble,52,Chla_ugL_mean,5.16391928485447
vera4cast,chlorocast_chronos,2026-10-05 00:00:00,2026-09-28 00:00:00,P1D,fcre,1.6,ensemble,52,Chla_ugL_mean,5.20764221915828
vera4cast,chlorocast_chronos,2026-10-06 00:00:00,2026-09-28 00:00:00,P1D,fcre,1.6,ensemble,52,Chla_ugL_mean,5.13144649782342
vera4cast,chlorocast_chronos,2026-10-07 00:00:00,2026-09-28 00:00:00,P1D,fcre,1.6,ensemble,52,Chla_ugL_mean,5.22229551897138
vera4cast,chlorocast_chronos,2026-10-08 00:00:00,2026-09-28 00:00:00,P1D,fcre,1.6,ensemble,52,Chla_ugL_mean,5.28602750641547
vera4cast,chlorocast_chronos,2026-10-09 00:00:00,2026-09-28 00:00:00,P1D,fcre,1.6,ensemble,52,Chla_ugL_mean,5.23377482527658
vera4cast,chlorocast_chronos,2026-10-10 00:00:00,2026-09-28 00:00:00,P1D,fcre,1.6,ensemble,52,Chla_ugL_mean,5.2061848884066
vera4cast,chlorocast_chronos,2026-10-11 00:00:00,2026-09-28 00:00:00,P1D,fcre,1.6,ensemble,52,Chla_ugL_mean,5.26401204236118
vera4cast,chlorocast_chronos,2026-10-12 00:00:00,2026-09-28 00:00:00,P1D,fcre,1.6,ensemble,52,Chla_ugL_mean,5.38078123894804
vera4cast,chlorocast_chronos,2026-10-13 00:00:00,2026-09-28 00:00:00,P1D,fcre,1.6,ensemble,52,Chla_ugL_mean,5.44849183973866
vera4cast,chlorocast_chronos,2026-10-14 00:00:00,2026-09-28 00:00:00,P1D,fcre,1.6,ensemble,52,Chla_ugL_mean,5.47028935495013
vera4cast,chlorocast_chronos,2026-10-15 00:00:00,2026-09-28 00:00:00,P1D,fcre,1.6,ensemble,52,Chla_ugL_mean,5.43816247615086
vera4cast,chlorocast_chronos,2026-10-16 00:00:00,2026-09-28 00:00:00,P1D,fcre,1.6,ensemble,52,Chla_ugL_mean,5.4853254619602
vera4cast,chlorocast_chronos,2026-10-17 00:00:00,2026-09-28 00:00:00,P1D,fcre,1.6,ensemble,52,Chla_ugL_mean,5.41111114559886
vera4cast,chlorocast_chronos,2026-10-18 00:00:00,2026-09-28 00:00:00,P1D,fcre,1.6,ensemble,52,Chla_ugL_mean,5.42309820289979
vera4cast,chlorocast_chronos,2026-10-19 00:00:00,2026-09-28 00:00:00,P1D,fcre,1.6,ensemble,52,Chla_ugL_mean,5.44528374783374
vera4cast,chlorocast_chronos,2026-10-20 00:00:00,2026-09-28 00:00:00,P1D,fcre,1.6,ensemble,52,Chla_ugL_mean,6.15910997047941
vera4cast,chlorocast_chronos,2026-10-21 00:00:00,2026-09-28 00:00:00,P1D,fcre,1.6,ensemble,52,Chla_ugL_mean,6.1512094842477
vera4cast,chlorocast_chronos,2026-10-22 00:00:00,2026-09-28 00:00:00,P1D,fcre,1.6,ensemble,52,Chla_ugL_mean,6.0959948367436
vera4cast,chlorocast_chronos,2026-10-23 00:00:00,2026-09-28 00:00:00,P1D,fcre,1.6,ensemble,52,Chla_ugL_mean,5.74868944957776
vera4cast,chlorocast_chronos,2026-10-24 00:00:00,2026-09-28 00:00:00,P1D,fcre,1.6,ensemble,52,Chla_ugL_mean,5.54529783604005
vera4cast,chlorocast_chronos,2026-10-25 00:00:00,2026-09-28 00:00:00,P1D,fcre,1.6,ensemble,52,Chla_ugL_mean,5.33509185482321
vera4cast,chlorocast_chronos,2026-10-26 00:00:00,2026-09-28 00:00:00,P1D,fcre,1.6,ensemble,52,Chla_ugL_mean,5.24142377702633
vera4cast,chlorocast_chronos,2026-10-27 00:00:00,2026-09-28 00:00:00,P1D,fcre,1.6,ensemble,52,Chla_ugL_mean,5.14872748818936
vera4cast,chlorocast_chronos,2026-10-28 00:00:00,2026-09-28 00:00:00,P1D,fcre,1.6,ensemble,52,Chla_ugL_mean,5.08265300074896
vera4cast,chlorocast_chronos,2026-10-29 00:00:00,2026-09-28 00:00:00,P1D,fcre,1.6,ensemble,52,Chla_ugL_mean,5.0049909938399
vera4cast,chlorocast_chronos,2026-10-30 00:00:00,2026-09-28 00:00:00,P1D,fcre,1.6,ensemble,52,Chla_ugL_mean,4.95075418008848
vera4cast,chlorocast_chronos,2026-10-31 00:00:00,2026-09-28 00:00:00,P1D,fcre,1.6,ensemble,52,Chla_ugL_mean,4.90104657530481
vera4cast,chlorocast_chronos,2026-11-01 00:00:00,2026-09-28 00:00:00,P1D,fcre,1.6,ensemble,52,Chla_ugL_mean,4.88650380107436
vera4cast,chlorocast_chronos,2026-11-02 00:00:00,2026-09-28 00:00:00,P1D,fcre,1.6,ensemble,52,Chla_ugL_mean,4.87342193406086
vera4cast,chlorocast_chronos,2026-09-29 00:00:00,2026-09-28 00:00:00,P1D,fcre,1.6,ensemble,53,Chla_ugL_mean,6.03477692983702
vera4cast,chlorocast_chronos,2026-09-30 00:00:00,2026-09-28 00:00:00,P1D,fcre,1.6,ensemble,53,Chla_ugL_mean,5.91657881603591
vera4cast,chlorocast_chronos,2026-10-01 00:00:00,2026-09-28 00:00:00,P1D,fcre,1.6,ensemble,53,Chla_ugL_mean,5.77581043108915
vera4cast,chlorocast_chronos,2026-10-02 00:00:00,2026-09-28 00:00:00,P1D,fcre,1.6,ensemble,53,Chla_ugL_mean,5.60349113477569
vera4cast,chlorocast_chronos,2026-10-03 00:00:00,2026-09-28 00:00:00,P1D,fcre,1.6,ensemble,53,Chla_ugL_mean,5.4362034755857
vera4cast,chlorocast_chronos,2026-10-04 00:00:00,2026-09-28 00:00:00,P1D,fcre,1.6,ensemble,53,Chla_ugL_mean,5.23884938498948
vera4cast,chlorocast_chronos,2026-10-05 00:00:00,2026-09-28 00:00:00,P1D,fcre,1.6,ensemble,53,Chla_ugL_mean,5.281466045772
vera4cast,chlorocast_chronos,2026-10-06 00:00:00,2026-09-28 00:00:00,P1D,fcre,1.6,ensemble,53,Chla_ugL_mean,5.20649619445122
vera4cast,chlorocast_chronos,2026-10-07 00:00:00,2026-09-28 00:00:00,P1D,fcre,1.6,ensemble,53,Chla_ugL_mean,5.29735700725084
vera4cast,chlorocast_chronos,2026-10-08 00:00:00,2026-09-28 00:00:00,P1D,fcre,1.6,ensemble,53,Chla_ugL_mean,5.36124003235324
vera4cast,chlorocast_chronos,2026-10-09 00:00:00,2026-09-28 00:00:00,P1D,fcre,1.6,ensemble,53,Chla_ugL_mean,5.31002574058909
vera4cast,chlorocast_chronos,2026-10-10 00:00:00,2026-09-28 00:00:00,P1D,fcre,1.6,ensemble,53,Chla_ugL_mean,5.28280961301571
vera4cast,chlorocast_chronos,2026-10-11 00:00:00,2026-09-28 00:00:00,P1D,fcre,1.6,ensemble,53,Chla_ugL_mean,5.34245570244837
vera4cast,chlorocast_chronos,2026-10-12 00:00:00,2026-09-28 00:00:00,P1D,fcre,1.6,ensemble,53,Chla_ugL_mean,5.46228213701099
vera4cast,chlorocast_chronos,2026-10-13 00:00:00,2026-09-28 00:00:00,P1D,fcre,1.6,ensemble,53,Chla_ugL_mean,5.53405202389727
vera4cast,chlorocast_chronos,2026-10-14 00:00:00,2026-09-28 00:00:00,P1D,fcre,1.6,ensemble,53,Chla_ugL_mean,5.56068370121829
vera4cast,chlorocast_chronos,2026-10-15 00:00:00,2026-09-28 00:00:00,P1D,fcre,1.6,ensemble,53,Chla_ugL_mean,5.53247600337734
vera4cast,chlorocast_chronos,2026-10-16 00:00:00,2026-09-28 00:00:00,P1D,fcre,1.6,ensemble,53,Chla_ugL_mean,5.58241257063495
vera4cast,chlorocast_chronos,2026-10-17 00:00:00,2026-09-28 00:00:00,P1D,fcre,1.6,ensemble,53,Chla_ugL_mean,5.50748072153289
vera4cast,chlorocast_chronos,2026-10-18 00:00:00,2026-09-28 00:00:00,P1D,fcre,1.6,ensemble,53,Chla_ugL_mean,5.51932899741571
vera4cast,chlorocast_chronos,2026-10-19 00:00:00,2026-09-28 00:00:00,P1D,fcre,1.6,ensemble,53,Chla_ugL_mean,5.54065958058693
vera4cast,chlorocast_chronos,2026-10-20 00:00:00,2026-09-28 00:00:00,P1D,fcre,1.6,ensemble,53,Chla_ugL_mean,6.24513359883382
vera4cast,chlorocast_chronos,2026-10-21 00:00:00,2026-09-28 00:00:00,P1D,fcre,1.6,ensemble,53,Chla_ugL_mean,6.2381696962307
vera4cast,chlorocast_chronos,2026-10-22 00:00:00,2026-09-28 00:00:00,P1D,fcre,1.6,ensemble,53,Chla_ugL_mean,6.18278131689108
vera4cast,chlorocast_chronos,2026-10-23 00:00:00,2026-09-28 00:00:00,P1D,fcre,1.6,ensemble,53,Chla_ugL_mean,5.83814246339095
vera4cast,chlorocast_chronos,2026-10-24 00:00:00,2026-09-28 00:00:00,P1D,fcre,1.6,ensemble,53,Chla_ugL_mean,5.6366107572915
vera4cast,chlorocast_chronos,2026-10-25 00:00:00,2026-09-28 00:00:00,P1D,fcre,1.6,ensemble,53,Chla_ugL_mean,5.42826419009629
vera4cast,chlorocast_chronos,2026-10-26 00:00:00,2026-09-28 00:00:00,P1D,fcre,1.6,ensemble,53,Chla_ugL_mean,5.33337511975065
vera4cast,chlorocast_chronos,2026-10-27 00:00:00,2026-09-28 00:00:00,P1D,fcre,1.6,ensemble,53,Chla_ugL_mean,5.23964633660512
vera4cast,chlorocast_chronos,2026-10-28 00:00:00,2026-09-28 00:00:00,P1D,fcre,1.6,ensemble,53,Chla_ugL_mean,5.17351498192336
vera4cast,chlorocast_chronos,2026-10-29 00:00:00,2026-09-28 00:00:00,P1D,fcre,1.6,ensemble,53,Chla_ugL_mean,5.09493724507027
vera4cast,chlorocast_chronos,2026-10-30 00:00:00,2026-09-28 00:00:00,P1D,fcre,1.6,ensemble,53,Chla_ugL_mean,5.04206025350146
vera4cast,chlorocast_chronos,2026-10-31 00:00:00,2026-09-28 00:00:00,P1D,fcre,1.6,ensemble,53,Chla_ugL_mean,4.99124382817747
vera4cast,chlorocast_chronos,2026-11-01 00:00:00,2026-09-28 00:00:00,P1D,fcre,1.6,ensemble,53,Chla_ugL_mean,4.97702901236734
vera4cast,chlorocast_chronos,2026-11-02 00:00:00,2026-09-28 00:00:00,P1D,fcre,1.6,ensemble,53,Chla_ugL_mean,4.96434571973688
vera4cast,chlorocast_chronos,2026-09-29 00:00:00,2026-09-28 00:00:00,P1D,fcre,1.6,ensemble,54,Chla_ugL_mean,6.09944366826431
vera4cast,chlorocast_chronos,2026-09-30 00:00:00,2026-09-28 00:00:00,P1D,fcre,1.6,ensemble,54,Chla_ugL_mean,5.98423775531296
vera4cast,chlorocast_chronos,2026-10-01 00:00:00,2026-09-28 00:00:00,P1D,fcre,1.6,ensemble,54,Chla_ugL_mean,5.84508682397083
vera4cast,chlorocast_chronos,2026-10-02 00:00:00,2026-09-28 00:00:00,P1D,fcre,1.6,ensemble,54,Chla_ugL_mean,5.6735358611172
vera4cast,chlorocast_chronos,2026-10-03 00:00:00,2026-09-28 00:00:00,P1D,fcre,1.6,ensemble,54,Chla_ugL_mean,5.5068683387733
vera4cast,chlorocast_chronos,2026-10-04 00:00:00,2026-09-28 00:00:00,P1D,fcre,1.6,ensemble,54,Chla_ugL_mean,5.31469035362338
vera4cast,chlorocast_chronos,2026-10-05 00:00:00,2026-09-28 00:00:00,P1D,fcre,1.6,ensemble,54,Chla_ugL_mean,5.35616781560208
vera4cast,chlorocast_chronos,2026-10-06 00:00:00,2026-09-28 00:00:00,P1D,fcre,1.6,ensemble,54,Chla_ugL_mean,5.28246450905374
vera4cast,chlorocast_chronos,2026-10-07 00:00:00,2026-09-28 00:00:00,P1D,fcre,1.6,ensemble,54,Chla_ugL_mean,5.37332398563529
vera4cast,chlorocast_chronos,2026-10-08 00:00:00,2026-09-28 00:00:00,P1D,fcre,1.6,ensemble,54,Chla_ugL_mean,5.43735247863852
vera4cast,chlorocast_chronos,2026-10-09 00:00:00,2026-09-28 00:00:00,P1D,fcre,1.6,ensemble,54,Chla_ugL_mean,5.38720934953411
vera4cast,chlorocast_chronos,2026-10-10 00:00:00,2026-09-28 00:00:00,P1D,fcre,1.6,ensemble,54,Chla_ugL_mean,5.36038038556362
vera4cast,chlorocast_chronos,2026-10-11 00:00:00,2026-09-28 00:00:00,P1D,fcre,1.6,ensemble,54,Chla_ugL_mean,5.42188170544394
vera4cast,chlorocast_chronos,2026-10-12 00:00:00,2026-09-28 00:00:00,P1D,fcre,1.6,ensemble,54,Chla_ugL_mean,5.54482403556217
vera4cast,chlorocast_chronos,2026-10-13 00:00:00,2026-09-28 00:00:00,P1D,fcre,1.6,ensemble,54,Chla_ugL_mean,5.62074744173458
vera4cast,chlorocast_chronos,2026-10-14 00:00:00,2026-09-28 00:00:00,P1D,fcre,1.6,ensemble,54,Chla_ugL_mean,5.65234091803041
vera4cast,chlorocast_chronos,2026-10-15 00:00:00,2026-09-28 00:00:00,P1D,fcre,1.6,ensemble,54,Chla_ugL_mean,5.62817114243032
vera4cast,chlorocast_chronos,2026-10-16 00:00:00,2026-09-28 00:00:00,P1D,fcre,1.6,ensemble,54,Chla_ugL_mean,5.6809531000711
vera4cast,chlorocast_chronos,2026-10-17 00:00:00,2026-09-28 00:00:00,P1D,fcre,1.6,ensemble,54,Chla_ugL_mean,5.60529889115916
vera4cast,chlorocast_chronos,2026-10-18 00:00:00,2026-09-28 00:00:00,P1D,fcre,1.6,ensemble,54,Chla_ugL_mean,5.61700152075481
vera4cast,chlorocast_chronos,2026-10-19 00:00:00,2026-09-28 00:00:00,P1D,fcre,1.6,ensemble,54,Chla_ugL_mean,5.63744676306952
vera4cast,chlorocast_chronos,2026-10-20 00:00:00,2026-09-28 00:00:00,P1D,fcre,1.6,ensemble,54,Chla_ugL_mean,6.33219088425813
vera4cast,chlorocast_chronos,2026-10-21 00:00:00,2026-09-28 00:00:00,P1D,fcre,1.6,ensemble,54,Chla_ugL_mean,6.32618736268833
vera4cast,chlorocast_chronos,2026-10-22 00:00:00,2026-09-28 00:00:00,P1D,fcre,1.6,ensemble,54,Chla_ugL_mean,6.2706292258177
vera4cast,chlorocast_chronos,2026-10-23 00:00:00,2026-09-28 00:00:00,P1D,fcre,1.6,ensemble,54,Chla_ugL_mean,5.92878116543889
vera4cast,chlorocast_chronos,2026-10-24 00:00:00,2026-09-28 00:00:00,P1D,fcre,1.6,ensemble,54,Chla_ugL_mean,5.72919757772925
vera4cast,chlorocast_chronos,2026-10-25 00:00:00,2026-09-28 00:00:00,P1D,fcre,1.6,ensemble,54,Chla_ugL_mean,5.52280684236857
vera4cast,chlorocast_chronos,2026-10-26 00:00:00,2026-09-28 00:00:00,P1D,fcre,1.6,ensemble,54,Chla_ugL_mean,5.42668112925146
vera4cast,chlorocast_chronos,2026-10-27 00:00:00,2026-09-28 00:00:00,P1D,fcre,1.6,ensemble,54,Chla_ugL_mean,5.33190956676704
vera4cast,chlorocast_chronos,2026-10-28 00:00:00,2026-09-28 00:00:00,P1D,fcre,1.6,ensemble,54,Chla_ugL_mean,5.26573424907511
vera4cast,chlorocast_chronos,2026-10-29 00:00:00,2026-09-28 00:00:00,P1D,fcre,1.6,ensemble,54,Chla_ugL_mean,5.18623076361857
vera4cast,chlorocast_chronos,2026-10-30 00:00:00,2026-09-28 00:00:00,P1D,fcre,1.6,ensemble,54,Chla_ugL_mean,5.13476729203413
vera4cast,chlorocast_chronos,2026-10-31 00:00:00,2026-09-28 00:00:00,P1D,fcre,1.6,ensemble,54,Chla_ugL_mean,5.08281974233028
vera4cast,chlorocast_chronos,2026-11-01 00:00:00,2026-09-28 00:00:00,P1D,fcre,1.6,ensemble,54,Chla_ugL_mean,5.0689463596644
vera4cast,chlorocast_chronos,2026-11-02 00:00:00,2026-09-28 00:00:00,P1D,fcre,1.6,ensemble,54,Chla_ugL_mean,5.05667705537175
vera4cast,chlorocast_chronos,2026-09-29 00:00:00,2026-09-28 00:00:00,P1D,fcre,1.6,ensemble,55,Chla_ugL_mean,6.16470485156179
vera4cast,chlorocast_chronos,2026-09-30 00:00:00,2026-09-28 00:00:00,P1D,fcre,1.6,ensemble,55,Chla_ugL_mean,6.0525585437767
vera4cast,chlorocast_chronos,2026-10-01 00:00:00,2026-09-28 00:00:00,P1D,fcre,1.6,ensemble,55,Chla_ugL_mean,5.9150715038773
vera4cast,chlorocast_chronos,2026-10-02 00:00:00,2026-09-28 00:00:00,P1D,fcre,1.6,ensemble,55,Chla_ugL_mean,5.74432356773809
vera4cast,chlorocast_chronos,2026-10-03 00:00:00,2026-09-28 00:00:00,P1D,fcre,1.6,ensemble,55,Chla_ugL_mean,5.57830905109437
vera4cast,chlorocast_chronos,2026-10-04 00:00:00,2026-09-28 00:00:00,P1D,fcre,1.6,ensemble,55,Chla_ugL_mean,5.3914532634949
vera4cast,chlorocast_chronos,2026-10-05 00:00:00,2026-09-28 00:00:00,P1D,fcre,1.6,ensemble,55,Chla_ugL_mean,5.43175796950923
vera4cast,chlorocast_chronos,2026-10-06 00:00:00,2026-09-28 00:00:00,P1D,fcre,1.6,ensemble,55,Chla_ugL_mean,5.35936268563358
vera4cast,chlorocast_chronos,2026-10-07 00:00:00,2026-09-28 00:00:00,P1D,fcre,1.6,ensemble,55,Chla_ugL_mean,5.4502073773338
vera4cast,chlorocast_chronos,2026-10-08 00:00:00,2026-09-28 00:00:00,P1D,fcre,1.6,ensemble,55,Chla_ugL_mean,5.51437561284785
vera4cast,chlorocast_chronos,2026-10-09 00:00:00,2026-09-28 00:00:00,P1D,fcre,1.6,ensemble,55,Chla_ugL_mean,5.46533706072762
vera4cast,chlorocast_chronos,2026-10-10 00:00:00,2026-09-28 00:00:00,P1D,fcre,1.6,ensemble,55,Chla_ugL_mean,5.43890888644078
vera4cast,chlorocast_chronos,2026-10-11 00:00:00,2026-09-28 00:00:00,P1D,fcre,1.6,ensemble,55,Chla_ugL_mean,5.5023023531399
vera4cast,chlorocast_chronos,2026-10-12 00:00:00,2026-09-28 00:00:00,P1D,fcre,1.6,ensemble,55,Chla_ugL_mean,5.62842023116694
vera4cast,chlorocast_chronos,2026-10-13 00:00:00,2026-09-28 00:00:00,P1D,fcre,1.6,ensemble,55,Chla_ugL_mean,5.70859315581173
vera4cast,chlorocast_chronos,2026-10-14 00:00:00,2026-09-28 00:00:00,P1D,fcre,1.6,ensemble,55,Chla_ugL_mean,5.74527864854755
vera4cast,chlorocast_chronos,2026-10-15 00:00:00,2026-09-28 00:00:00,P1D,fcre,1.6,ensemble,55,Chla_ugL_mean,5.72526813273137
vera4cast,chlorocast_chronos,2026-10-16 00:00:00,2026-09-28 00:00:00,P1D,fcre,1.6,ensemble,55,Chla_ugL_mean,5.78096880837781
vera4cast,chlorocast_chronos,2026-10-17 00:00:00,2026-09-28 00:00:00,P1D,fcre,1.6,ensemble,55,Chla_ugL_mean,5.70458742923037
vera4cast,chlorocast_chronos,2026-10-18 00:00:00,2026-09-28 00:00:00,P1D,fcre,1.6,ensemble,55,Chla_ugL_mean,5.71613737288422
vera4cast,chlorocast_chronos,2026-10-19 00:00:00,2026-09-28 00:00:00,P1D,fcre,1.6,ensemble,55,Chla_ugL_mean,5.73566618011155
vera4cast,chlorocast_chronos,2026-10-20 00:00:00,2026-09-28 00:00:00,P1D,fcre,1.6,ensemble,55,Chla_ugL_mean,6.42029424714148
vera4cast,chlorocast_chronos,2026-10-21 00:00:00,2026-09-28 00:00:00,P1D,fcre,1.6,ensemble,55,Chla_ugL_mean,6.4152753424895
vera4cast,chlorocast_chronos,2026-10-22 00:00:00,2026-09-28 00:00:00,P1D,fcre,1.6,ensemble,55,Chla_ugL_mean,6.3595515451659
vera4cast,chlorocast_chronos,2026-10-23 00:00:00,2026-09-28 00:00:00,P1D,fcre,1.6,ensemble,55,Chla_ugL_mean,6.02062127186716
vera4cast,chlorocast_chronos,2026-10-24 00:00:00,2026-09-28 00:00:00,P1D,fcre,1.6,ensemble,55,Chla_ugL_mean,5.82307606941793
vera4cast,chlorocast_chronos,2026-10-25 00:00:00,2026-09-28 00:00:00,P1D,fcre,1.6,ensemble,55,Chla_ugL_mean,5.61873996535494
vera4cast,chlorocast_chronos,2026-10-26 00:00:00,2026-09-28 00:00:00,P1D,fcre,1.6,ensemble,55,Chla_ugL_mean,5.52136176306308
vera4cast,chlorocast_chronos,2026-10-27 00:00:00,2026-09-28 00:00:00,P1D,fcre,1.6,ensemble,55,Chla_ugL_mean,5.42553705752655
vera4cast,chlorocast_chronos,2026-10-28 00:00:00,2026-09-28 00:00:00,P1D,fcre,1.6,ensemble,55,Chla_ugL_mean,5.3593310771883
vera4cast,chlorocast_chronos,2026-10-29 00:00:00,2026-09-28 00:00:00,P1D,fcre,1.6,ensemble,55,Chla_ugL_mean,5.27889172963906
vera4cast,chlorocast_chronos,2026-10-30 00:00:00,2026-09-28 00:00:00,P1D,fcre,1.6,ensemble,55,Chla_ugL_mean,5.22889679155409
vera4cast,chlorocast_chronos,2026-10-31 00:00:00,2026-09-28 00:00:00,P1D,fcre,1.6,ensemble,55,Chla_ugL_mean,5.1757953905439
vera4cast,chlorocast_chronos,2026-11-01 00:00:00,2026-09-28 00:00:00,P1D,fcre,1.6,ensemble,55,Chla_ugL_mean,5.16227725183745
vera4cast,chlorocast_chronos,2026-11-02 00:00:00,2026-09-28 00:00:00,P1D,fcre,1.6,ensemble,55,Chla_ugL_mean,5.15043773060911
vera4cast,chlorocast_chronos,2026-09-29 00:00:00,2026-09-28 00:00:00,P1D,fcre,1.6,ensemble,56,Chla_ugL_mean,6.23056594412602
vera4cast,chlorocast_chronos,2026-09-30 00:00:00,2026-09-28 00:00:00,P1D,fcre,1.6,ensemble,56,Chla_ugL_mean,6.12154765572825
vera4cast,chlorocast_chronos,2026-10-01 00:00:00,2026-09-28 00:00:00,P1D,fcre,1.6,ensemble,56,Chla_ugL_mean,5.98577171238808
vera4cast,chlorocast_chronos,2026-10-02 00:00:00,2026-09-28 00:00:00,P1D,fcre,1.6,ensemble,56,Chla_ugL_mean,5.8158621355985
vera4cast,chlorocast_chronos,2026-10-03 00:00:00,2026-09-28 00:00:00,P1D,fcre,1.6,ensemble,56,Chla_ugL_mean,5.65053413081174
vera4cast,chlorocast_chronos,2026-10-04 00:00:00,2026-09-28 00:00:00,P1D,fcre,1.6,ensemble,56,Chla_ugL_mean,5.46914932194568
vera4cast,chlorocast_chronos,2026-10-05 00:00:00,2026-09-28 00:00:00,P1D,fcre,1.6,ensemble,56,Chla_ugL_mean,5.50824707252116
vera4cast,chlorocast_chronos,2026-10-06 00:00:00,2026-09-28 00:00:00,P1D,fcre,1.6,ensemble,56,Chla_ugL_mean,5.43720210582136
vera4cast,chlorocast_chronos,2026-10-07 00:00:00,2026-09-28 00:00:00,P1D,fcre,1.6,ensemble,56,Chla_ugL_mean,5.52801823732553
vera4cast,chlorocast_chronos,2026-10-08 00:00:00,2026-09-28 00:00:00,P1D,fcre,1.6,ensemble,56,Chla_ugL_mean,5.59232033139222
vera4cast,chlorocast_chronos,2026-10-09 00:00:00,2026-09-28 00:00:00,P1D,fcre,1.6,ensemble,56,Chla_ugL_mean,5.54442042233468
vera4cast,chlorocast_chronos,2026-10-10 00:00:00,2026-09-28 00:00:00,P1D,fcre,1.6,ensemble,56,Chla_ugL_mean,5.51840694024971
vera4cast,chlorocast_chronos,2026-10-11 00:00:00,2026-09-28 00:00:00,P1D,fcre,1.6,ensemble,56,Chla_ugL_mean,5.58373010138246
vera4cast,chlorocast_chronos,2026-10-12 00:00:00,2026-09-28 00:00:00,P1D,fcre,1.6,ensemble,56,Chla_ugL_mean,5.71308419022594
vera4cast,chlorocast_chronos,2026-10-13 00:00:00,2026-09-28 00:00:00,P1D,fcre,1.6,ensemble,56,Chla_ugL_mean,5.79760442854364
vera4cast,chlorocast_chronos,2026-10-14 00:00:00,2026-09-28 00:00:00,P1D,fcre,1.6,ensemble,56,Chla_ugL_mean,5.83951478241775
vera4cast,chlorocast_chronos,2026-10-15 00:00:00,2026-09-28 00:00:00,P1D,fcre,1.6,ensemble,56,Chla_ugL_mean,5.82378751019215
vera4cast,chlorocast_chronos,2026-10-16 00:00:00,2026-09-28 00:00:00,P1D,fcre,1.6,ensemble,56,Chla_ugL_mean,5.88248177938914
vera4cast,chlorocast_chronos,2026-10-17 00:00:00,2026-09-28 00:00:00,P1D,fcre,1.6,ensemble,56,Chla_ugL_mean,5.80536843780969
vera4cast,chlorocast_chronos,2026-10-18 00:00:00,2026-09-28 00:00:00,P1D,fcre,1.6,ensemble,56,Chla_ugL_mean,5.81675847738158
vera4cast,chlorocast_chronos,2026-10-19 00:00:00,2026-09-28 00:00:00,P1D,fcre,1.6,ensemble,56,Chla_ugL_mean,5.83533902559203
vera4cast,chlorocast_chronos,2026-10-20 00:00:00,2026-09-28 00:00:00,P1D,fcre,1.6,ensemble,56,Chla_ugL_mean,6.50945625711598
vera4cast,chlorocast_chronos,2026-10-21 00:00:00,2026-09-28 00:00:00,P1D,fcre,1.6,ensemble,56,Chla_ugL_mean,6.50544665086965
vera4cast,chlorocast_chronos,2026-10-22 00:00:00,2026-09-28 00:00:00,P1D,fcre,1.6,ensemble,56,Chla_ugL_mean,6.4495614153481
vera4cast,chlorocast_chronos,2026-10-23 00:00:00,2026-09-28 00:00:00,P1D,fcre,1.6,ensemble,56,Chla_ugL_mean,6.11367870713688
vera4cast,chlorocast_chronos,2026-10-24 00:00:00,2026-09-28 00:00:00,P1D,fcre,1.6,ensemble,56,Chla_ugL_mean,5.91826425235879
vera4cast,chlorocast_chronos,2026-10-25 00:00:00,2026-09-28 00:00:00,P1D,fcre,1.6,ensemble,56,Chla_ugL_mean,5.71608400917774
vera4cast,chlorocast_chronos,2026-10-26 00:00:00,2026-09-28 00:00:00,P1D,fcre,1.6,ensemble,56,Chla_ugL_mean,5.61743727274275
vera4cast,chlorocast_chronos,2026-10-27 00:00:00,2026-09-28 00:00:00,P1D,fcre,1.6,ensemble,56,Chla_ugL_mean,5.52054898167593
vera4cast,chlorocast_chronos,2026-10-28 00:00:00,2026-09-28 00:00:00,P1D,fcre,1.6,ensemble,56,Chla_ugL_mean,5.45432604411246
vera4cast,chlorocast_chronos,2026-10-29 00:00:00,2026-09-28 00:00:00,P1D,fcre,1.6,ensemble,56,Chla_ugL_mean,5.3729406255561
vera4cast,chlorocast_chronos,2026-10-30 00:00:00,2026-09-28 00:00:00,P1D,fcre,1.6,ensemble,56,Chla_ugL_mean,5.32447057775325
vera4cast,chlorocast_chronos,2026-10-31 00:00:00,2026-09-28 00:00:00,P1D,fcre,1.6,ensemble,56,Chla_ugL_mean,5.27019216769557
vera4cast,chlorocast_chronos,2026-11-01 00:00:00,2026-09-28 00:00:00,P1D,fcre,1.6,ensemble,56,Chla_ugL_mean,5.25704342699335
vera4cast,chlorocast_chronos,2026-11-02 00:00:00,2026-09-28 00:00:00,P1D,fcre,1.6,ensemble,56,Chla_ugL_mean,5.24564987240817
vera4cast,chlorocast_chronos,2026-09-29 00:00:00,2026-09-28 00:00:00,P1D,fcre,1.6,ensemble,57,Chla_ugL_mean,6.29703246058469
vera4cast,chlorocast_chronos,2026-09-30 00:00:00,2026-09-28 00:00:00,P1D,fcre,1.6,ensemble,57,Chla_ugL_mean,6.19121162880124
vera4cast,chlorocast_chronos,2026-10-01 00:00:00,2026-09-28 00:00:00,P1D,fcre,1.6,ensemble,57,Chla_ugL_mean,6.05719476512118
vera4cast,chlorocast_chronos,2026-10-02 00:00:00,2026-09-28 00:00:00,P1D,fcre,1.6,ensemble,57,Chla_ugL_mean,5.88815952925369
vera4cast,chlorocast_chronos,2026-10-03 00:00:00,2026-09-28 00:00:00,P1D,fcre,1.6,ensemble,57,Chla_ugL_mean,5.72355218971262
vera4cast,chlorocast_chronos,2026-10-04 00:00:00,2026-09-28 00:00:00,P1D,fcre,1.6,ensemble,57,Chla_ugL_mean,5.54778987255651
vera4cast,chlorocast_chronos,2026-10-05 00:00:00,2026-09-28 00:00:00,P1D,fcre,1.6,ensemble,57,Chla_ugL_mean,5.58564581530924
vera4cast,chlorocast_chronos,2026-10-06 00:00:00,2026-09-28 00:00:00,P1D,fcre,1.6,ensemble,57,Chla_ugL_mean,5.51599429056035
vera4cast,chlorocast_chronos,2026-10-07 00:00:00,2026-09-28 00:00:00,P1D,fcre,1.6,ensemble,57,Chla_ugL_mean,5.60676775394928
vera4cast,chlorocast_chronos,2026-10-08 00:00:00,2026-09-28 00:00:00,P1D,fcre,1.6,ensemble,57,Chla_ugL_mean,5.67119766105852
vera4cast,chlorocast_chronos,2026-10-09 00:00:00,2026-09-28 00:00:00,P1D,fcre,1.6,ensemble,57,Chla_ugL_mean,5.62447112377637
vera4cast,chlorocast_chronos,2026-10-10 00:00:00,2026-09-28 00:00:00,P1D,fcre,1.6,ensemble,57,Chla_ugL_mean,5.59888651758551
vera4cast,chlorocast_chronos,2026-10-11 00:00:00,2026-09-28 00:00:00,P1D,fcre,1.6,ensemble,57,Chla_ugL_mean,5.66617756200132
vera4cast,chlorocast_chronos,2026-10-12 00:00:00,2026-09-28 00:00:00,P1D,fcre,1.6,ensemble,57,Chla_ugL_mean,5.79882955114444
vera4cast,chlorocast_chronos,2026-10-13 00:00:00,2026-09-28 00:00:00,P1D,fcre,1.6,ensemble,57,Chla_ugL_mean,5.88779672485073
vera4cast,chlorocast_chronos,2026-10-14 00:00:00,2026-09-28 00:00:00,P1D,fcre,1.6,ensemble,57,Chla_ugL_mean,5.93506745921961
vera4cast,chlorocast_chronos,2026-10-15 00:00:00,2026-09-28 00:00:00,P1D,fcre,1.6,ensemble,57,Chla_ugL_mean,5.92375011155773
vera4cast,chlorocast_chronos,2026-10-16 00:00:00,2026-09-28 00:00:00,P1D,fcre,1.6,ensemble,57,Chla_ugL_mean,5.98551442754025
vera4cast,chlorocast_chronos,2026-10-17 00:00:00,2026-09-28 00:00:00,P1D,fcre,1.6,ensemble,57,Chla_ugL_mean,5.90766435119076
vera4cast,chlorocast_chronos,2026-10-18 00:00:00,2026-09-28 00:00:00,P1D,fcre,1.6,ensemble,57,Chla_ugL_mean,5.91888708628335
vera4cast,chlorocast_chronos,2026-10-19 00:00:00,2026-09-28 00:00:00,P1D,fcre,1.6,ensemble,57,Chla_ugL_mean,5.93648680701211
vera4cast,chlorocast_chronos,2026-10-20 00:00:00,2026-09-28 00:00:00,P1D,fcre,1.6,ensemble,57,Chla_ugL_mean,6.59968963485001
vera4cast,chlorocast_chronos,2026-10-21 00:00:00,2026-09-28 00:00:00,P1D,fcre,1.6,ensemble,57,Chla_ugL_mean,6.59671446133226
vera4cast,chlorocast_chronos,2026-10-22 00:00:00,2026-09-28 00:00:00,P1D,fcre,1.6,ensemble,57,Chla_ugL_mean,6.54067213748854
vera4cast,chlorocast_chronos,2026-10-23 00:00:00,2026-09-28 00:00:00,P1D,fcre,1.6,ensemble,57,Chla_ugL_mean,6.20796960678584
vera4cast,chlorocast_chronos,2026-10-24 00:00:00,2026-09-28 00:00:00,P1D,fcre,1.6,ensemble,57,Chla_ugL_mean,6.01478039794867
vera4cast,chlorocast_chronos,2026-10-25 00:00:00,2026-09-28 00:00:00,P1D,fcre,1.6,ensemble,57,Chla_ugL_mean,5.81485972472617
vera4cast,chlorocast_chronos,2026-10-26 00:00:00,2026-09-28 00:00:00,P1D,fcre,1.6,ensemble,57,Chla_ugL_mean,5.71492820820244
vera4cast,chlorocast_chronos,2026-10-27 00:00:00,2026-09-28 00:00:00,P1D,fcre,1.6,ensemble,57,Chla_ugL_mean,5.61696581029474
vera4cast,chlorocast_chronos,2026-10-28 00:00:00,2026-09-28 00:00:00,P1D,fcre,1.6,ensemble,57,Chla_ugL_mean,5.5507400350867
vera4cast,chlorocast_chronos,2026-10-29 00:00:00,2026-09-28 00:00:00,P1D,fcre,1.6,ensemble,57,Chla_ugL_mean,5.46839824059176
vera4cast,chlorocast_chronos,2026-10-30 00:00:00,2026-09-28 00:00:00,P1D,fcre,1.6,ensemble,57,Chla_ugL_mean,5.4215108112085
vera4cast,chlorocast_chronos,2026-10-31 00:00:00,2026-09-28 00:00:00,P1D,fcre,1.6,ensemble,57,Chla_ugL_mean,5.36603179568234
vera4cast,chlorocast_chronos,2026-11-01 00:00:00,2026-09-28 00:00:00,P1D,fcre,1.6,ensemble,57,Chla_ugL_mean,5.35326695753699
vera4cast,chlorocast_chronos,2026-11-02 00:00:00,2026-09-28 00:00:00,P1D,fcre,1.6,ensemble,57,Chla_ugL_mean,5.34233595026562
vera4cast,chlorocast_chronos,2026-09-29 00:00:00,2026-09-28 00:00:00,P1D,fcre,1.6,ensemble,58,Chla_ugL_mean,6.36410996625835
vera4cast,chlorocast_chronos,2026-09-30 00:00:00,2026-09-28 00:00:00,P1D,fcre,1.6,ensemble,58,Chla_ugL_mean,6.26155706458134
vera4cast,chlorocast_chronos,2026-10-01 00:00:00,2026-09-28 00:00:00,P1D,fcre,1.6,ensemble,58,Chla_ugL_mean,6.12934805249001
vera4cast,chlorocast_chronos,2026-10-02 00:00:00,2026-09-28 00:00:00,P1D,fcre,1.6,ensemble,58,Chla_ugL_mean,5.96122379774076
vera4cast,chlorocast_chronos,2026-10-03 00:00:00,2026-09-28 00:00:00,P1D,fcre,1.6,ensemble,58,Chla_ugL_mean,5.7973719341354
vera4cast,chlorocast_chronos,2026-10-04 00:00:00,2026-09-28 00:00:00,P1D,fcre,1.6,ensemble,58,Chla_ugL_mean,5.62738639680355
vera4cast,chlorocast_chronos,2026-10-05 00:00:00,2026-09-28 00:00:00,P1D,fcre,1.6,ensemble,58,Chla_ugL_mean,5.66396501568266
vera4cast,chlorocast_chronos,2026-10-06 00:00:00,2026-09-28 00:00:00,P1D,fcre,1.6,ensemble,58,Chla_ugL_mean,5.59575090181165
vera4cast,chlorocast_chronos,2026-10-07 00:00:00,2026-09-28 00:00:00,P1D,fcre,1.6,ensemble,58,Chla_ugL_mean,5.68646725051227
vera4cast,chlorocast_chronos,2026-10-08 00:00:00,2026-09-28 00:00:00,P1D,fcre,1.6,ensemble,58,Chla_ugL_mean,5.7510187605695
vera4cast,chlorocast_chronos,2026-10-09 00:00:00,2026-09-28 00:00:00,P1D,fcre,1.6,ensemble,58,Chla_ugL_mean,5.70550099745757
vera4cast,chlorocast_chronos,2026-10-10 00:00:00,2026-09-28 00:00:00,P1D,fcre,1.6,ensemble,58,Chla_ugL_mean,5.68035973683834
vera4cast,chlorocast_chronos,2026-10-11 00:00:00,2026-09-28 00:00:00,P1D,fcre,1.6,ensemble,58,Chla_ugL_mean,5.74965750476295
vera4cast,chlorocast_chronos,2026-10-12 00:00:00,2026-09-28 00:00:00,P1D,fcre,1.6,ensemble,58,Chla_ugL_mean,5.8856701265293
vera4cast,chlorocast_chronos,2026-10-13 00:00:00,2026-09-28 00:00:00,P1D,fcre,1.6,ensemble,58,Chla_ugL_mean,5.97918571484583
vera4cast,chlorocast_chronos,2026-10-14 00:00:00,2026-09-28 00:00:00,P1D,fcre,1.6,ensemble,58,Chla_ugL_mean,6.03195507195398
vera4cast,chlorocast_chronos,2026-10-15 00:00:00,2026-09-28 00:00:00,P1D,fcre,1.6,ensemble,58,Chla_ugL_mean,6.02517707881348
vera4cast,chlorocast_chronos,2026-10-16 00:00:00,2026-09-28 00:00:00,P1D,fcre,1.6,ensemble,58,Chla_ugL_mean,6.09008950281652
vera4cast,chlorocast_chronos,2026-10-17 00:00:00,2026-09-28 00:00:00,P1D,fcre,1.6,ensemble,58,Chla_ugL_mean,6.01149794089164
vera4cast,chlorocast_chronos,2026-10-18 00:00:00,2026-09-28 00:00:00,P1D,fcre,1.6,ensemble,58,Chla_ugL_mean,6.02254578500579
vera4cast,chlorocast_chronos,2026-10-19 00:00:00,2026-09-28 00:00:00,P1D,fcre,1.6,ensemble,58,Chla_ugL_mean,6.03913135013601
vera4cast,chlorocast_chronos,2026-10-20 00:00:00,2026-09-28 00:00:00,P1D,fcre,1.6,ensemble,58,Chla_ugL_mean,6.69100725386312
vera4cast,chlorocast_chronos,2026-10-21 00:00:00,2026-09-28 00:00:00,P1D,fcre,1.6,ensemble,58,Chla_ugL_mean,6.68909210757336
vera4cast,chlorocast_chronos,2026-10-22 00:00:00,2026-09-28 00:00:00,P1D,fcre,1.6,ensemble,58,Chla_ugL_mean,6.6328971753888
vera4cast,chlorocast_chronos,2026-10-23 00:00:00,2026-09-28 00:00:00,P1D,fcre,1.6,ensemble,58,Chla_ugL_mean,6.30351032022632
vera4cast,chlorocast_chronos,2026-10-24 00:00:00,2026-09-28 00:00:00,P1D,fcre,1.6,ensemble,58,Chla_ugL_mean,6.11264303248717
vera4cast,chlorocast_chronos,2026-10-25 00:00:00,2026-09-28 00:00:00,P1D,fcre,1.6,ensemble,58,Chla_ugL_mean,5.9150881680798
vera4cast,chlorocast_chronos,2026-10-26 00:00:00,2026-09-28 00:00:00,P1D,fcre,1.6,ensemble,58,Chla_ugL_mean,5.81385542210423
vera4cast,chlorocast_chronos,2026-10-27 00:00:00,2026-09-28 00:00:00,P1D,fcre,1.6,ensemble,58,Chla_ugL_mean,5.71480831716043
vera4cast,chlorocast_chronos,2026-10-28 00:00:00,2026-09-28 00:00:00,P1D,fcre,1.6,ensemble,58,Chla_ugL_mean,5.64859424733145
vera4cast,chlorocast_chronos,2026-10-29 00:00:00,2026-09-28 00:00:00,P1D,fcre,1.6,ensemble,58,Chla_ugL_mean,5.56528567536114
vera4cast,chlorocast_chronos,2026-10-30 00:00:00,2026-09-28 00:00:00,P1D,fcre,1.6,ensemble,58,Chla_ugL_mean,5.52003999252006
vera4cast,chlorocast_chronos,2026-10-31 00:00:00,2026-09-28 00:00:00,P1D,fcre,1.6,ensemble,58,Chla_ugL_mean,5.46333632841954
vera4cast,chlorocast_chronos,2026-11-01 00:00:00,2026-09-28 00:00:00,P1D,fcre,1.6,ensemble,58,Chla_ugL_mean,5.45097025531227
vera4cast,chlorocast_chronos,2026-11-02 00:00:00,2026-09-28 00:00:00,P1D,fcre,1.6,ensemble,58,Chla_ugL_mean,5.44051878151822
vera4cast,chlorocast_chronos,2026-09-29 00:00:00,2026-09-28 00:00:00,P1D,fcre,1.6,ensemble,59,Chla_ugL_mean,6.43180407762641
vera4cast,chlorocast_chronos,2026-09-30 00:00:00,2026-09-28 00:00:00,P1D,fcre,1.6,ensemble,59,Chla_ugL_mean,6.33259062923187
vera4cast,chlorocast_chronos,2026-10-01 00:00:00,2026-09-28 00:00:00,P1D,fcre,1.6,ensemble,59,Chla_ugL_mean,6.20223904046814
vera4cast,chlorocast_chronos,2026-10-02 00:00:00,2026-09-28 00:00:00,P1D,fcre,1.6,ensemble,59,Chla_ugL_mean,6.03506307547476
vera4cast,chlorocast_chronos,2026-10-03 00:00:00,2026-09-28 00:00:00,P1D,fcre,1.6,ensemble,59,Chla_ugL_mean,5.87200216600781
vera4cast,chlorocast_chronos,2026-10-04 00:00:00,2026-09-28 00:00:00,P1D,fcre,1.6,ensemble,59,Chla_ugL_mean,5.70795051573452
vera4cast,chlorocast_chronos,2026-10-05 00:00:00,2026-09-28 00:00:00,P1D,fcre,1.6,ensemble,59,Chla_ugL_mean,5.74321562010044
vera4cast,chlorocast_chronos,2026-10-06 00:00:00,2026-09-28 00:00:00,P1D,fcre,1.6,ensemble,59,Chla_ugL_mean,5.67648374428027
vera4cast,chlorocast_chronos,2026-10-07 00:00:00,2026-09-28 00:00:00,P1D,fcre,1.6,ensemble,59,Chla_ugL_mean,5.76712818691831
vera4cast,chlorocast_chronos,2026-10-08 00:00:00,2026-09-28 00:00:00,P1D,fcre,1.6,ensemble,59,Chla_ugL_mean,5.83179492216242
vera4cast,chlorocast_chronos,2026-10-09 00:00:00,2026-09-28 00:00:00,P1D,fcre,1.6,ensemble,59,Chla_ugL_mean,5.78752202051601
vera4cast,chlorocast_chronos,2026-10-10 00:00:00,2026-09-28 00:00:00,P1D,fcre,1.6,ensemble,59,Chla_ugL_mean,5.76283886601822
vera4cast,chlorocast_chronos,2026-10-11 00:00:00,2026-09-28 00:00:00,P1D,fcre,1.6,ensemble,59,Chla_ugL_mean,5.83418285934847
vera4cast,chlorocast_chronos,2026-10-12 00:00:00,2026-09-28 00:00:00,P1D,fcre,1.6,ensemble,59,Chla_ugL_mean,5.97361990541404
vera4cast,chlorocast_chronos,2026-10-13 00:00:00,2026-09-28 00:00:00,P1D,fcre,1.6,ensemble,59,Chla_ugL_mean,6.07178727655667
vera4cast,chlorocast_chronos,2026-10-14 00:00:00,2026-09-28 00:00:00,P1D,fcre,1.6,ensemble,59,Chla_ugL_mean,6.13019627058446
vera4cast,chlorocast_chronos,2026-10-15 00:00:00,2026-09-28 00:00:00,P1D,fcre,1.6,ensemble,59,Chla_ugL_mean,6.12808986365666
vera4cast,chlorocast_chronos,2026-10-16 00:00:00,2026-09-28 00:00:00,P1D,fcre,1.6,ensemble,59,Chla_ugL_mean,6.19623009577692
vera4cast,chlorocast_chronos,2026-10-17 00:00:00,2026-09-28 00:00:00,P1D,fcre,1.6,ensemble,59,Chla_ugL_mean,6.11689232072391
vera4cast,chlorocast_chronos,2026-10-18 00:00:00,2026-09-28 00:00:00,P1D,fcre,1.6,ensemble,59,Chla_ugL_mean,6.12775749733964
vera4cast,chlorocast_chronos,2026-10-19 00:00:00,2026-09-28 00:00:00,P1D,fcre,1.6,ensemble,59,Chla_ugL_mean,6.14329480370065
vera4cast,chlorocast_chronos,2026-10-20 00:00:00,2026-09-28 00:00:00,P1D,fcre,1.6,ensemble,59,Chla_ugL_mean,6.78342214236259
vera4cast,chlorocast_chronos,2026-10-21 00:00:00,2026-09-28 00:00:00,P1D,fcre,1.6,ensemble,59,Chla_ugL_mean,6.78259308542952
vera4cast,chlorocast_chronos,2026-10-22 00:00:00,2026-09-28 00:00:00,P1D,fcre,1.6,ensemble,59,Chla_ugL_mean,6.72625015751747
vera4cast,chlorocast_chronos,2026-10-23 00:00:00,2026-09-28 00:00:00,P1D,fcre,1.6,ensemble,59,Chla_ugL_mean,6.40031741357996
vera4cast,chlorocast_chronos,2026-10-24 00:00:00,2026-09-28 00:00:00,P1D,fcre,1.6,ensemble,59,Chla_ugL_mean,6.21187094073284
vera4cast,chlorocast_chronos,2026-10-25 00:00:00,2026-09-28 00:00:00,P1D,fcre,1.6,ensemble,59,Chla_ugL_mean,6.01679070499703
vera4cast,chlorocast_chronos,2026-10-26 00:00:00,2026-09-28 00:00:00,P1D,fcre,1.6,ensemble,59,Chla_ugL_mean,5.91424007432062
vera4cast,chlorocast_chronos,2026-10-27 00:00:00,2026-09-28 00:00:00,P1D,fcre,1.6,ensemble,59,Chla_ugL_mean,5.81409758322425
vera4cast,chlorocast_chronos,2026-10-28 00:00:00,2026-09-28 00:00:00,P1D,fcre,1.6,ensemble,59,Chla_ugL_mean,5.74791019470884
vera4cast,chlorocast_chronos,2026-10-29 00:00:00,2026-09-28 00:00:00,P1D,fcre,1.6,ensemble,59,Chla_ugL_mean,5.66362434653667
vera4cast,chlorocast_chronos,2026-10-30 00:00:00,2026-09-28 00:00:00,P1D,fcre,1.6,ensemble,59,Chla_ugL_mean,5.62008096752867
vera4cast,chlorocast_chronos,2026-10-31 00:00:00,2026-09-28 00:00:00,P1D,fcre,1.6,ensemble,59,Chla_ugL_mean,5.56212815691573
vera4cast,chlorocast_chronos,2026-11-01 00:00:00,2026-09-28 00:00:00,P1D,fcre,1.6,ensemble,59,Chla_ugL_mean,5.55017607682219
vera4cast,chlorocast_chronos,2026-11-02 00:00:00,2026-09-28 00:00:00,P1D,fcre,1.6,ensemble,59,Chla_ugL_mean,5.54022153672761
vera4cast,chlorocast_chronos,2026-09-29 00:00:00,2026-09-28 00:00:00,P1D,fcre,1.6,ensemble,60,Chla_ugL_mean,6.5001204627974
vera4cast,chlorocast_chronos,2026-09-30 00:00:00,2026-09-28 00:00:00,P1D,fcre,1.6,ensemble,60,Chla_ugL_mean,6.40431905412546
vera4cast,chlorocast_chronos,2026-10-01 00:00:00,2026-09-28 00:00:00,P1D,fcre,1.6,ensemble,60,Chla_ugL_mean,6.27587527136179
vera4cast,chlorocast_chronos,2026-10-02 00:00:00,2026-09-28 00:00:00,P1D,fcre,1.6,ensemble,60,Chla_ugL_mean,6.10968558315434
vera4cast,chlorocast_chronos,2026-10-03 00:00:00,2026-09-28 00:00:00,P1D,fcre,1.6,ensemble,60,Chla_ugL_mean,5.94745178389636
vera4cast,chlorocast_chronos,2026-10-04 00:00:00,2026-09-28 00:00:00,P1D,fcre,1.6,ensemble,60,Chla_ugL_mean,5.78949399166544
vera4cast,chlorocast_chronos,2026-10-05 00:00:00,2026-09-28 00:00:00,P1D,fcre,1.6,ensemble,60,Chla_ugL_mean,5.82340870520139
vera4cast,chlorocast_chronos,2026-10-06 00:00:00,2026-09-28 00:00:00,P1D,fcre,1.6,ensemble,60,Chla_ugL_mean,5.75820476716232
vera4cast,chlorocast_chronos,2026-10-07 00:00:00,2026-09-28 00:00:00,P1D,fcre,1.6,ensemble,60,Chla_ugL_mean,5.84876216131558
vera4cast,chlorocast_chronos,2026-10-08 00:00:00,2026-09-28 00:00:00,P1D,fcre,1.6,ensemble,60,Chla_ugL_mean,5.9135375731865
vera4cast,chlorocast_chronos,2026-10-09 00:00:00,2026-09-28 00:00:00,P1D,fcre,1.6,ensemble,60,Chla_ugL_mean,5.87054631659253
vera4cast,chlorocast_chronos,2026-10-10 00:00:00,2026-09-28 00:00:00,P1D,fcre,1.6,ensemble,60,Chla_ugL_mean,5.84633632460223
vera4cast,chlorocast_chronos,2026-10-11 00:00:00,2026-09-28 00:00:00,P1D,fcre,1.6,ensemble,60,Chla_ugL_mean,5.91976671735623
vera4cast,chlorocast_chronos,2026-10-12 00:00:00,2026-09-28 00:00:00,P1D,fcre,1.6,ensemble,60,Chla_ugL_mean,6.06269305551229
vera4cast,chlorocast_chronos,2026-10-13 00:00:00,2026-09-28 00:00:00,P1D,fcre,1.6,ensemble,60,Chla_ugL_mean,6.16561749868458
vera4cast,chlorocast_chronos,2026-10-14 00:00:00,2026-09-28 00:00:00,P1D,fcre,1.6,ensemble,60,Chla_ugL_mean,6.22980996562734
vera4cast,chlorocast_chronos,2026-10-15 00:00:00,2026-09-28 00:00:00,P1D,fcre,1.6,ensemble,60,Chla_ugL_mean,6.23251023203338
vera4cast,chlorocast_chronos,2026-10-16 00:00:00,2026-09-28 00:00:00,P1D,fcre,1.6,ensemble,60,Chla_ugL_mean,6.30395964265243
vera4cast,chlorocast_chronos,2026-10-17 00:00:00,2026-09-28 00:00:00,P1D,fcre,1.6,ensemble,60,Chla_ugL_mean,6.22387095193781
vera4cast,chlorocast_chronos,2026-10-18 00:00:00,2026-09-28 00:00:00,P1D,fcre,1.6,ensemble,60,Chla_ugL_mean,6.23454549051966
vera4cast,chlorocast_chronos,2026-10-19 00:00:00,2026-09-28 00:00:00,P1D,fcre,1.6,ensemble,60,Chla_ugL_mean,6.24899964419483
vera4cast,chlorocast_chronos,2026-10-20 00:00:00,2026-09-28 00:00:00,P1D,fcre,1.6,ensemble,60,Chla_ugL_mean,6.87694748510226
vera4cast,chlorocast_chronos,2026-10-21 00:00:00,2026-09-28 00:00:00,P1D,fcre,1.6,ensemble,60,Chla_ugL_mean,6.87723105484954
vera4cast,chlorocast_chronos,2026-10-22 00:00:00,2026-09-28 00:00:00,P1D,fcre,1.6,ensemble,60,Chla_ugL_mean,6.82074487902399
vera4cast,chlorocast_chronos,2026-10-23 00:00:00,2026-09-28 00:00:00,P1D,fcre,1.6,ensemble,60,Chla_ugL_mean,6.49840767255022
vera4cast,chlorocast_chronos,2026-10-24 00:00:00,2026-09-28 00:00:00,P1D,fcre,1.6,ensemble,60,Chla_ugL_mean,6.31248316950885
vera4cast,chlorocast_chronos,2026-10-25 00:00:00,2026-09-28 00:00:00,P1D,fcre,1.6,ensemble,60,Chla_ugL_mean,6.11998901546971
vera4cast,chlorocast_chronos,2026-10-26 00:00:00,2026-09-28 00:00:00,P1D,fcre,1.6,ensemble,60,Chla_ugL_mean,6.01610363646044
vera4cast,chlorocast_chronos,2026-10-27 00:00:00,2026-09-28 00:00:00,P1D,fcre,1.6,ensemble,60,Chla_ugL_mean,5.91485500115331
vera4cast,chlorocast_chronos,2026-10-28 00:00:00,2026-09-28 00:00:00,P1D,fcre,1.6,ensemble,60,Chla_ugL_mean,5.84870971245262
vera4cast,chlorocast_chronos,2026-10-29 00:00:00,2026-09-28 00:00:00,P1D,fcre,1.6,ensemble,60,Chla_ugL_mean,5.76343599158214
vera4cast,chlorocast_chronos,2026-10-30 00:00:00,2026-09-28 00:00:00,P1D,fcre,1.6,ensemble,60,Chla_ugL_mean,5.72165693261282
vera4cast,chlorocast_chronos,2026-10-31 00:00:00,2026-09-28 00:00:00,P1D,fcre,1.6,ensemble,60,Chla_ugL_mean,5.66243001442505
vera4cast,chlorocast_chronos,2026-11-01 00:00:00,2026-09-28 00:00:00,P1D,fcre,1.6,ensemble,60,Chla_ugL_mean,5.65090752852911
vera4cast,chlorocast_chronos,2026-11-02 00:00:00,2026-09-28 00:00:00,P1D,fcre,1.6,ensemble,60,Chla_ugL_mean,5.64146774514838
vera4cast,chlorocast_chronos,2026-09-29 00:00:00,2026-09-28 00:00:00,P1D,fcre,1.6,ensemble,61,Chla_ugL_mean,6.56029451547816
vera4cast,chlorocast_chronos,2026-09-30 00:00:00,2026-09-28 00:00:00,P1D,fcre,1.6,ensemble,61,Chla_ugL_mean,6.46728702393378
vera4cast,chlorocast_chronos,2026-10-01 00:00:00,2026-09-28 00:00:00,P1D,fcre,1.6,ensemble,61,Chla_ugL_mean,6.34051783350308
vera4cast,chlorocast_chronos,2026-10-02 00:00:00,2026-09-28 00:00:00,P1D,fcre,1.6,ensemble,61,Chla_ugL_mean,6.17462866919828
vera4cast,chlorocast_chronos,2026-10-03 00:00:00,2026-09-28 00:00:00,P1D,fcre,1.6,ensemble,61,Chla_ugL_mean,6.01370160940967
vera4cast,chlorocast_chronos,2026-10-04 00:00:00,2026-09-28 00:00:00,P1D,fcre,1.6,ensemble,61,Chla_ugL_mean,5.8605729682247
vera4cast,chlorocast_chronos,2026-10-05 00:00:00,2026-09-28 00:00:00,P1D,fcre,1.6,ensemble,61,Chla_ugL_mean,5.89343768496151
vera4cast,chlorocast_chronos,2026-10-06 00:00:00,2026-09-28 00:00:00,P1D,fcre,1.6,ensemble,61,Chla_ugL_mean,5.82977044974272
vera4cast,chlorocast_chronos,2026-10-07 00:00:00,2026-09-28 00:00:00,P1D,fcre,1.6,ensemble,61,Chla_ugL_mean,5.919921253223
vera4cast,chlorocast_chronos,2026-10-08 00:00:00,2026-09-28 00:00:00,P1D,fcre,1.6,ensemble,61,Chla_ugL_mean,5.98477114010211
vera4cast,chlorocast_chronos,2026-10-09 00:00:00,2026-09-28 00:00:00,P1D,fcre,1.6,ensemble,61,Chla_ugL_mean,5.94237986288614
vera4cast,chlorocast_chronos,2026-10-10 00:00:00,2026-09-28 00:00:00,P1D,fcre,1.6,ensemble,61,Chla_ugL_mean,5.91847237470206
vera4cast,chlorocast_chronos,2026-10-11 00:00:00,2026-09-28 00:00:00,P1D,fcre,1.6,ensemble,61,Chla_ugL_mean,5.99389426506043
vera4cast,chlorocast_chronos,2026-10-12 00:00:00,2026-09-28 00:00:00,P1D,fcre,1.6,ensemble,61,Chla_ugL_mean,6.14006514199936
vera4cast,chlorocast_chronos,2026-10-13 00:00:00,2026-09-28 00:00:00,P1D,fcre,1.6,ensemble,61,Chla_ugL_mean,6.24576590488969
vera4cast,chlorocast_chronos,2026-10-14 00:00:00,2026-09-28 00:00:00,P1D,fcre,1.6,ensemble,61,Chla_ugL_mean,6.31499471829789
vera4cast,chlorocast_chronos,2026-10-15 00:00:00,2026-09-28 00:00:00,P1D,fcre,1.6,ensemble,61,Chla_ugL_mean,6.32067465650428
vera4cast,chlorocast_chronos,2026-10-16 00:00:00,2026-09-28 00:00:00,P1D,fcre,1.6,ensemble,61,Chla_ugL_mean,6.39470094145963
vera4cast,chlorocast_chronos,2026-10-17 00:00:00,2026-09-28 00:00:00,P1D,fcre,1.6,ensemble,61,Chla_ugL_mean,6.31468240566306
vera4cast,chlorocast_chronos,2026-10-18 00:00:00,2026-09-28 00:00:00,P1D,fcre,1.6,ensemble,61,Chla_ugL_mean,6.32469287068357
vera4cast,chlorocast_chronos,2026-10-19 00:00:00,2026-09-28 00:00:00,P1D,fcre,1.6,ensemble,61,Chla_ugL_mean,6.33846010007714
vera4cast,chlorocast_chronos,2026-10-20 00:00:00,2026-09-28 00:00:00,P1D,fcre,1.6,ensemble,61,Chla_ugL_mean,6.95605608736514
vera4cast,chlorocast_chronos,2026-10-21 00:00:00,2026-09-28 00:00:00,P1D,fcre,1.6,ensemble,61,Chla_ugL_mean,6.95694644134416
vera4cast,chlorocast_chronos,2026-10-22 00:00:00,2026-09-28 00:00:00,P1D,fcre,1.6,ensemble,61,Chla_ugL_mean,6.89944760988576
vera4cast,chlorocast_chronos,2026-10-23 00:00:00,2026-09-28 00:00:00,P1D,fcre,1.6,ensemble,61,Chla_ugL_mean,6.58029175302892
vera4cast,chlorocast_chronos,2026-10-24 00:00:00,2026-09-28 00:00:00,P1D,fcre,1.6,ensemble,61,Chla_ugL_mean,6.39690928117817
vera4cast,chlorocast_chronos,2026-10-25 00:00:00,2026-09-28 00:00:00,P1D,fcre,1.6,ensemble,61,Chla_ugL_mean,6.20585753923601
vera4cast,chlorocast_chronos,2026-10-26 00:00:00,2026-09-28 00:00:00,P1D,fcre,1.6,ensemble,61,Chla_ugL_mean,6.10093627136068
vera4cast,chlorocast_chronos,2026-10-27 00:00:00,2026-09-28 00:00:00,P1D,fcre,1.6,ensemble,61,Chla_ugL_mean,5.998639020977
vera4cast,chlorocast_chronos,2026-10-28 00:00:00,2026-09-28 00:00:00,P1D,fcre,1.6,ensemble,61,Chla_ugL_mean,5.93249534485421
vera4cast,chlorocast_chronos,2026-10-29 00:00:00,2026-09-28 00:00:00,P1D,fcre,1.6,ensemble,61,Chla_ugL_mean,5.84668617927675
vera4cast,chlorocast_chronos,2026-10-30 00:00:00,2026-09-28 00:00:00,P1D,fcre,1.6,ensemble,61,Chla_ugL_mean,5.80496942460414
vera4cast,chlorocast_chronos,2026-10-31 00:00:00,2026-09-28 00:00:00,P1D,fcre,1.6,ensemble,61,Chla_ugL_mean,5.74555350796507
vera4cast,chlorocast_chronos,2026-11-01 00:00:00,2026-09-28 00:00:00,P1D,fcre,1.6,ensemble,61,Chla_ugL_mean,5.73407434580542
vera4cast,chlorocast_chronos,2026-11-02 00:00:00,2026-09-28 00:00:00,P1D,fcre,1.6,ensemble,61,Chla_ugL_mean,5.72439295439457
vera4cast,chlorocast_chronos,2026-09-29 00:00:00,2026-09-28 00:00:00,P1D,fcre,1.6,ensemble,62,Chla_ugL_mean,6.61874277745943
vera4cast,chlorocast_chronos,2026-09-30 00:00:00,2026-09-28 00:00:00,P1D,fcre,1.6,ensemble,62,Chla_ugL_mean,6.52840672974731
vera4cast,chlorocast_chronos,2026-10-01 00:00:00,2026-09-28 00:00:00,P1D,fcre,1.6,ensemble,62,Chla_ugL_mean,6.40327846985797
vera4cast,chlorocast_chronos,2026-10-02 00:00:00,2026-09-28 00:00:00,P1D,fcre,1.6,ensemble,62,Chla_ugL_mean,6.2375257302462
vera4cast,chlorocast_chronos,2026-10-03 00:00:00,2026-09-28 00:00:00,P1D,fcre,1.6,ensemble,62,Chla_ugL_mean,6.0780544918604
vera4cast,chlorocast_chronos,2026-10-04 00:00:00,2026-09-28 00:00:00,P1D,fcre,1.6,ensemble,62,Chla_ugL_mean,5.92950516159455
vera4cast,chlorocast_chronos,2026-10-05 00:00:00,2026-09-28 00:00:00,P1D,fcre,1.6,ensemble,62,Chla_ugL_mean,5.96138022840948
vera4cast,chlorocast_chronos,2026-10-06 00:00:00,2026-09-28 00:00:00,P1D,fcre,1.6,ensemble,62,Chla_ugL_mean,5.899278410369
vera4cast,chlorocast_chronos,2026-10-07 00:00:00,2026-09-28 00:00:00,P1D,fcre,1.6,ensemble,62,Chla_ugL_mean,5.98892800386391
vera4cast,chlorocast_chronos,2026-10-08 00:00:00,2026-09-28 00:00:00,P1D,fcre,1.6,ensemble,62,Chla_ugL_mean,6.05384026614396
vera4cast,chlorocast_chronos,2026-10-09 00:00:00,2026-09-28 00:00:00,P1D,fcre,1.6,ensemble,62,Chla_ugL_mean,6.01188435483884
vera4cast,chlorocast_chronos,2026-10-10 00:00:00,2026-09-28 00:00:00,P1D,fcre,1.6,ensemble,62,Chla_ugL_mean,5.98824126208941
vera4cast,chlorocast_chronos,2026-10-11 00:00:00,2026-09-28 00:00:00,P1D,fcre,1.6,ensemble,62,Chla_ugL_mean,6.06565386968767
vera4cast,chlorocast_chronos,2026-10-12 00:00:00,2026-09-28 00:00:00,P1D,fcre,1.6,ensemble,62,Chla_ugL_mean,6.21504362635074
vera4cast,chlorocast_chronos,2026-10-13 00:00:00,2026-09-28 00:00:00,P1D,fcre,1.6,ensemble,62,Chla_ugL_mean,6.32304219874391
vera4cast,chlorocast_chronos,2026-10-14 00:00:00,2026-09-28 00:00:00,P1D,fcre,1.6,ensemble,62,Chla_ugL_mean,6.39718680044438
vera4cast,chlorocast_chronos,2026-10-15 00:00:00,2026-09-28 00:00:00,P1D,fcre,1.6,ensemble,62,Chla_ugL_mean,6.40542002351277
vera4cast,chlorocast_chronos,2026-10-16 00:00:00,2026-09-28 00:00:00,P1D,fcre,1.6,ensemble,62,Chla_ugL_mean,6.48186893953898
vera4cast,chlorocast_chronos,2026-10-17 00:00:00,2026-09-28 00:00:00,P1D,fcre,1.6,ensemble,62,Chla_ugL_mean,6.40214260005552
vera4cast,chlorocast_chronos,2026-10-18 00:00:00,2026-09-28 00:00:00,P1D,fcre,1.6,ensemble,62,Chla_ugL_mean,6.41135377160807
vera4cast,chlorocast_chronos,2026-10-19 00:00:00,2026-09-28 00:00:00,P1D,fcre,1.6,ensemble,62,Chla_ugL_mean,6.42452432838788
vera4cast,chlorocast_chronos,2026-10-20 00:00:00,2026-09-28 00:00:00,P1D,fcre,1.6,ensemble,62,Chla_ugL_mean,7.03203981207859
vera4cast,chlorocast_chronos,2026-10-21 00:00:00,2026-09-28 00:00:00,P1D,fcre,1.6,ensemble,62,Chla_ugL_mean,7.03341462752051
vera4cast,chlorocast_chronos,2026-10-22 00:00:00,2026-09-28 00:00:00,P1D,fcre,1.6,ensemble,62,Chla_ugL_mean,6.9746685204269
vera4cast,chlorocast_chronos,2026-10-23 00:00:00,2026-09-28 00:00:00,P1D,fcre,1.6,ensemble,62,Chla_ugL_mean,6.658652017586
vera4cast,chlorocast_chronos,2026-10-24 00:00:00,2026-09-28 00:00:00,P1D,fcre,1.6,ensemble,62,Chla_ugL_mean,6.47786852392157
vera4cast,chlorocast_chronos,2026-10-25 00:00:00,2026-09-28 00:00:00,P1D,fcre,1.6,ensemble,62,Chla_ugL_mean,6.28800071919455
vera4cast,chlorocast_chronos,2026-10-26 00:00:00,2026-09-28 00:00:00,P1D,fcre,1.6,ensemble,62,Chla_ugL_mean,6.1821133386053
vera4cast,chlorocast_chronos,2026-10-27 00:00:00,2026-09-28 00:00:00,P1D,fcre,1.6,ensemble,62,Chla_ugL_mean,6.07877415734984
vera4cast,chlorocast_chronos,2026-10-28 00:00:00,2026-09-28 00:00:00,P1D,fcre,1.6,ensemble,62,Chla_ugL_mean,6.01262725621679
vera4cast,chlorocast_chronos,2026-10-29 00:00:00,2026-09-28 00:00:00,P1D,fcre,1.6,ensemble,62,Chla_ugL_mean,5.92639891189569
vera4cast,chlorocast_chronos,2026-10-30 00:00:00,2026-09-28 00:00:00,P1D,fcre,1.6,ensemble,62,Chla_ugL_mean,5.88430673272417
vera4cast,chlorocast_chronos,2026-10-31 00:00:00,2026-09-28 00:00:00,P1D,fcre,1.6,ensemble,62,Chla_ugL_mean,5.82498605030882
vera4cast,chlorocast_chronos,2026-11-01 00:00:00,2026-09-28 00:00:00,P1D,fcre,1.6,ensemble,62,Chla_ugL_mean,5.81345151004328
vera4cast,chlorocast_chronos,2026-11-02 00:00:00,2026-09-28 00:00:00,P1D,fcre,1.6,ensemble,62,Chla_ugL_mean,5.80332868321509
vera4cast,chlorocast_chronos,2026-09-29 00:00:00,2026-09-28 00:00:00,P1D,fcre,1.6,ensemble,63,Chla_ugL_mean,6.67764290005561
vera4cast,chlorocast_chronos,2026-09-30 00:00:00,2026-09-28 00:00:00,P1D,fcre,1.6,ensemble,63,Chla_ugL_mean,6.590026700038
vera4cast,chlorocast_chronos,2026-10-01 00:00:00,2026-09-28 00:00:00,P1D,fcre,1.6,ensemble,63,Chla_ugL_mean,6.46657570288968
vera4cast,chlorocast_chronos,2026-10-02 00:00:00,2026-09-28 00:00:00,P1D,fcre,1.6,ensemble,63,Chla_ugL_mean,6.30097418433074
vera4cast,chlorocast_chronos,2026-10-03 00:00:00,2026-09-28 00:00:00,P1D,fcre,1.6,ensemble,63,Chla_ugL_mean,6.14299783191972
vera4cast,chlorocast_chronos,2026-10-04 00:00:00,2026-09-28 00:00:00,P1D,fcre,1.6,ensemble,63,Chla_ugL_mean,5.9991299570699
vera4cast,chlorocast_chronos,2026-10-05 00:00:00,2026-09-28 00:00:00,P1D,fcre,1.6,ensemble,63,Chla_ugL_mean,6.02999242166371
vera4cast,chlorocast_chronos,2026-10-06 00:00:00,2026-09-28 00:00:00,P1D,fcre,1.6,ensemble,63,Chla_ugL_mean,5.96949376762391
vera4cast,chlorocast_chronos,2026-10-07 00:00:00,2026-09-28 00:00:00,P1D,fcre,1.6,ensemble,63,Chla_ugL_mean,6.0586229027452
vera4cast,chlorocast_chronos,2026-10-08 00:00:00,2026-09-28 00:00:00,P1D,fcre,1.6,ensemble,63,Chla_ugL_mean,6.12359238438075
vera4cast,chlorocast_chronos,2026-10-09 00:00:00,2026-09-28 00:00:00,P1D,fcre,1.6,ensemble,63,Chla_ugL_mean,6.08208469958224
vera4cast,chlorocast_chronos,2026-10-10 00:00:00,2026-09-28 00:00:00,P1D,fcre,1.6,ensemble,63,Chla_ugL_mean,6.0587137293111
vera4cast,chlorocast_chronos,2026-10-11 00:00:00,2026-09-28 00:00:00,P1D,fcre,1.6,ensemble,63,Chla_ugL_mean,6.13814975093865
vera4cast,chlorocast_chronos,2026-10-12 00:00:00,2026-09-28 00:00:00,P1D,fcre,1.6,ensemble,63,Chla_ugL_mean,6.29080946670013
vera4cast,chlorocast_chronos,2026-10-13 00:00:00,2026-09-28 00:00:00,P1D,fcre,1.6,ensemble,63,Chla_ugL_mean,6.4011426464102
vera4cast,chlorocast_chronos,2026-10-14 00:00:00,2026-09-28 00:00:00,P1D,fcre,1.6,ensemble,63,Chla_ugL_mean,6.48030240183152
vera4cast,chlorocast_chronos,2026-10-15 00:00:00,2026-09-28 00:00:00,P1D,fcre,1.6,ensemble,63,Chla_ugL_mean,6.49114641721161
vera4cast,chlorocast_chronos,2026-10-16 00:00:00,2026-09-28 00:00:00,P1D,fcre,1.6,ensemble,63,Chla_ugL_mean,6.57006446529652
vera4cast,chlorocast_chronos,2026-10-17 00:00:00,2026-09-28 00:00:00,P1D,fcre,1.6,ensemble,63,Chla_ugL_mean,6.49064853849794
vera4cast,chlorocast_chronos,2026-10-18 00:00:00,2026-09-28 00:00:00,P1D,fcre,1.6,ensemble,63,Chla_ugL_mean,6.49903998675143
vera4cast,chlorocast_chronos,2026-10-19 00:00:00,2026-09-28 00:00:00,P1D,fcre,1.6,ensemble,63,Chla_ugL_mean,6.51159790352258
vera4cast,chlorocast_chronos,2026-10-20 00:00:00,2026-09-28 00:00:00,P1D,fcre,1.6,ensemble,63,Chla_ugL_mean,7.10874921373021
vera4cast,chlorocast_chronos,2026-10-21 00:00:00,2026-09-28 00:00:00,P1D,fcre,1.6,ensemble,63,Chla_ugL_mean,7.11061769152218
vera4cast,chlorocast_chronos,2026-10-22 00:00:00,2026-09-28 00:00:00,P1D,fcre,1.6,ensemble,63,Chla_ugL_mean,7.05060570704987
vera4cast,chlorocast_chronos,2026-10-23 00:00:00,2026-09-28 00:00:00,P1D,fcre,1.6,ensemble,63,Chla_ugL_mean,6.73782232102569
vera4cast,chlorocast_chronos,2026-10-24 00:00:00,2026-09-28 00:00:00,P1D,fcre,1.6,ensemble,63,Chla_ugL_mean,6.55971386635019
vera4cast,chlorocast_chronos,2026-10-25 00:00:00,2026-09-28 00:00:00,P1D,fcre,1.6,ensemble,63,Chla_ugL_mean,6.37108029041214
vera4cast,chlorocast_chronos,2026-10-26 00:00:00,2026-09-28 00:00:00,P1D,fcre,1.6,ensemble,63,Chla_ugL_mean,6.26421841252321
vera4cast,chlorocast_chronos,2026-10-27 00:00:00,2026-09-28 00:00:00,P1D,fcre,1.6,ensemble,63,Chla_ugL_mean,6.15982684927345
vera4cast,chlorocast_chronos,2026-10-28 00:00:00,2026-09-28 00:00:00,P1D,fcre,1.6,ensemble,63,Chla_ugL_mean,6.09368540306879
vera4cast,chlorocast_chronos,2026-10-29 00:00:00,2026-09-28 00:00:00,P1D,fcre,1.6,ensemble,63,Chla_ugL_mean,6.00703970220198
vera4cast,chlorocast_chronos,2026-10-30 00:00:00,2026-09-28 00:00:00,P1D,fcre,1.6,ensemble,63,Chla_ugL_mean,5.96456901317941
vera4cast,chlorocast_chronos,2026-10-31 00:00:00,2026-09-28 00:00:00,P1D,fcre,1.6,ensemble,63,Chla_ugL_mean,5.90535395381688
vera4cast,chlorocast_chronos,2026-11-01 00:00:00,2026-09-28 00:00:00,P1D,fcre,1.6,ensemble,63,Chla_ugL_mean,5.89376432391595
vera4cast,chlorocast_chronos,2026-11-02 00:00:00,2026-09-28 00:00:00,P1D,fcre,1.6,ensemble,63,Chla_ugL_mean,5.88319101601707
vera4cast,chlorocast_chronos,2026-09-29 00:00:00,2026-09-28 00:00:00,P1D,fcre,1.6,ensemble,64,Chla_ugL_mean,6.7369983765787
vera4cast,chlorocast_chronos,2026-09-30 00:00:00,2026-09-28 00:00:00,P1D,fcre,1.6,ensemble,64,Chla_ugL_mean,6.652151029468
vera4cast,chlorocast_chronos,2026-10-01 00:00:00,2026-09-28 00:00:00,P1D,fcre,1.6,ensemble,64,Chla_ugL_mean,6.53041412044198
vera4cast,chlorocast_chronos,2026-10-02 00:00:00,2026-09-28 00:00:00,P1D,fcre,1.6,ensemble,64,Chla_ugL_mean,6.36497886529111
vera4cast,chlorocast_chronos,2026-10-03 00:00:00,2026-09-28 00:00:00,P1D,fcre,1.6,ensemble,64,Chla_ugL_mean,6.20853704721891
vera4cast,chlorocast_chronos,2026-10-04 00:00:00,2026-09-28 00:00:00,P1D,fcre,1.6,ensemble,64,Chla_ugL_mean,6.06945431362961
vera4cast,chlorocast_chronos,2026-10-05 00:00:00,2026-09-28 00:00:00,P1D,fcre,1.6,ensemble,64,Chla_ugL_mean,6.0992808648725
vera4cast,chlorocast_chronos,2026-10-06 00:00:00,2026-09-28 00:00:00,P1D,fcre,1.6,ensemble,64,Chla_ugL_mean,6.04042372082657
vera4cast,chlorocast_chronos,2026-10-07 00:00:00,2026-09-28 00:00:00,P1D,fcre,1.6,ensemble,64,Chla_ugL_mean,6.12901281221
vera4cast,chlorocast_chronos,2026-10-08 00:00:00,2026-09-28 00:00:00,P1D,fcre,1.6,ensemble,64,Chla_ugL_mean,6.19403424860199
vera4cast,chlorocast_chronos,2026-10-09 00:00:00,2026-09-28 00:00:00,P1D,fcre,1.6,ensemble,64,Chla_ugL_mean,6.15298786373233
vera4cast,chlorocast_chronos,2026-10-10 00:00:00,2026-09-28 00:00:00,P1D,fcre,1.6,ensemble,64,Chla_ugL_mean,6.12989687157248
vera4cast,chlorocast_chronos,2026-10-11 00:00:00,2026-09-28 00:00:00,P1D,fcre,1.6,ensemble,64,Chla_ugL_mean,6.21138946324834
vera4cast,chlorocast_chronos,2026-10-12 00:00:00,2026-09-28 00:00:00,P1D,fcre,1.6,ensemble,64,Chla_ugL_mean,6.36737093114565
vera4cast,chlorocast_chronos,2026-10-13 00:00:00,2026-09-28 00:00:00,P1D,fcre,1.6,ensemble,64,Chla_ugL_mean,6.48007603751176
vera4cast,chlorocast_chronos,2026-10-14 00:00:00,2026-09-28 00:00:00,P1D,fcre,1.6,ensemble,64,Chla_ugL_mean,6.56435189922268
vera4cast,chlorocast_chronos,2026-10-15 00:00:00,2026-09-28 00:00:00,P1D,fcre,1.6,ensemble,64,Chla_ugL_mean,6.57786519413157
vera4cast,chlorocast_chronos,2026-10-16 00:00:00,2026-09-28 00:00:00,P1D,fcre,1.6,ensemble,64,Chla_ugL_mean,6.65929963112614
vera4cast,chlorocast_chronos,2026-10-17 00:00:00,2026-09-28 00:00:00,P1D,fcre,1.6,ensemble,64,Chla_ugL_mean,6.58021272474277
vera4cast,chlorocast_chronos,2026-10-18 00:00:00,2026-09-28 00:00:00,P1D,fcre,1.6,ensemble,64,Chla_ugL_mean,6.58776364695046
vera4cast,chlorocast_chronos,2026-10-19 00:00:00,2026-09-28 00:00:00,P1D,fcre,1.6,ensemble,64,Chla_ugL_mean,6.59969266293136
vera4cast,chlorocast_chronos,2026-10-20 00:00:00,2026-09-28 00:00:00,P1D,fcre,1.6,ensemble,64,Chla_ugL_mean,7.18619122284387
vera4cast,chlorocast_chronos,2026-10-21 00:00:00,2026-09-28 00:00:00,P1D,fcre,1.6,ensemble,64,Chla_ugL_mean,7.18856269570342
vera4cast,chlorocast_chronos,2026-10-22 00:00:00,2026-09-28 00:00:00,P1D,fcre,1.6,ensemble,64,Chla_ugL_mean,7.12726599035045
vera4cast,chlorocast_chronos,2026-10-23 00:00:00,2026-09-28 00:00:00,P1D,fcre,1.6,ensemble,64,Chla_ugL_mean,6.81781103701791
vera4cast,chlorocast_chronos,2026-10-24 00:00:00,2026-09-28 00:00:00,P1D,fcre,1.6,ensemble,64,Chla_ugL_mean,6.64245500683353
vera4cast,chlorocast_chronos,2026-10-25 00:00:00,2026-09-28 00:00:00,P1D,fcre,1.6,ensemble,64,Chla_ugL_mean,6.45510692728183
vera4cast,chlorocast_chronos,2026-10-26 00:00:00,2026-09-28 00:00:00,P1D,fcre,1.6,ensemble,64,Chla_ugL_mean,6.34726210197741
vera4cast,chlorocast_chronos,2026-10-27 00:00:00,2026-09-28 00:00:00,P1D,fcre,1.6,ensemble,64,Chla_ugL_mean,6.24180760285323
vera4cast,chlorocast_chronos,2026-10-28 00:00:00,2026-09-28 00:00:00,P1D,fcre,1.6,ensemble,64,Chla_ugL_mean,6.17568049165904
vera4cast,chlorocast_chronos,2026-10-29 00:00:00,2026-09-28 00:00:00,P1D,fcre,1.6,ensemble,64,Chla_ugL_mean,6.08861935513284
vera4cast,chlorocast_chronos,2026-10-30 00:00:00,2026-09-28 00:00:00,P1D,fcre,1.6,ensemble,64,Chla_ugL_mean,6.04576704997353
vera4cast,chlorocast_chronos,2026-10-31 00:00:00,2026-09-28 00:00:00,P1D,fcre,1.6,ensemble,64,Chla_ugL_mean,5.98666823287307
vera4cast,chlorocast_chronos,2026-11-01 00:00:00,2026-09-28 00:00:00,P1D,fcre,1.6,ensemble,64,Chla_ugL_mean,5.97502381629108
vera4cast,chlorocast_chronos,2026-11-02 00:00:00,2026-09-28 00:00:00,P1D,fcre,1.6,ensemble,64,Chla_ugL_mean,5.96399082994005
vera4cast,chlorocast_chronos,2026-09-29 00:00:00,2026-09-28 00:00:00,P1D,fcre,1.6,ensemble,65,Chla_ugL_mean,6.79681272734732
vera4cast,chlorocast_chronos,2026-09-30 00:00:00,2026-09-28 00:00:00,P1D,fcre,1.6,ensemble,65,Chla_ugL_mean,6.71478384621427
vera4cast,chlorocast_chronos,2026-10-01 00:00:00,2026-09-28 00:00:00,P1D,fcre,1.6,ensemble,65,Chla_ugL_mean,6.59479834958419
vera4cast,chlorocast_chronos,2026-10-02 00:00:00,2026-09-28 00:00:00,P1D,fcre,1.6,ensemble,65,Chla_ugL_mean,6.42954464934285
vera4cast,chlorocast_chronos,2026-10-03 00:00:00,2026-09-28 00:00:00,P1D,fcre,1.6,ensemble,65,Chla_ugL_mean,6.27467760509765
vera4cast,chlorocast_chronos,2026-10-04 00:00:00,2026-09-28 00:00:00,P1D,fcre,1.6,ensemble,65,Chla_ugL_mean,6.1404852601735
vera4cast,chlorocast_chronos,2026-10-05 00:00:00,2026-09-28 00:00:00,P1D,fcre,1.6,ensemble,65,Chla_ugL_mean,6.169252223236
vera4cast,chlorocast_chronos,2026-10-06 00:00:00,2026-09-28 00:00:00,P1D,fcre,1.6,ensemble,65,Chla_ugL_mean,6.11207554256503
vera4cast,chlorocast_chronos,2026-10-07 00:00:00,2026-09-28 00:00:00,P1D,fcre,1.6,ensemble,65,Chla_ugL_mean,6.200104663034
vera4cast,chlorocast_chronos,2026-10-08 00:00:00,2026-09-28 00:00:00,P1D,fcre,1.6,ensemble,65,Chla_ugL_mean,6.26517267938224
vera4cast,chlorocast_chronos,2026-10-09 00:00:00,2026-09-28 00:00:00,P1D,fcre,1.6,ensemble,65,Chla_ugL_mean,6.22460088365226
vera4cast,chlorocast_chronos,2026-10-10 00:00:00,2026-09-28 00:00:00,P1D,fcre,1.6,ensemble,65,Chla_ugL_mean,6.20179785563005
vera4cast,chlorocast_chronos,2026-10-11 00:00:00,2026-09-28 00:00:00,P1D,fcre,1.6,ensemble,65,Chla_ugL_mean,6.28538063856263
vera4cast,chlorocast_chronos,2026-10-12 00:00:00,2026-09-28 00:00:00,P1D,fcre,1.6,ensemble,65,Chla_ugL_mean,6.44473637460952
vera4cast,chlorocast_chronos,2026-10-13 00:00:00,2026-09-28 00:00:00,P1D,fcre,1.6,ensemble,65,Chla_ugL_mean,6.55985125541338
vera4cast,chlorocast_chronos,2026-10-14 00:00:00,2026-09-28 00:00:00,P1D,fcre,1.6,ensemble,65,Chla_ugL_mean,6.64934578597569
vera4cast,chlorocast_chronos,2026-10-15 00:00:00,2026-09-28 00:00:00,P1D,fcre,1.6,ensemble,65,Chla_ugL_mean,6.66558784226851
vera4cast,chlorocast_chronos,2026-10-16 00:00:00,2026-09-28 00:00:00,P1D,fcre,1.6,ensemble,65,Chla_ugL_mean,6.74958669220146
vera4cast,chlorocast_chronos,2026-10-17 00:00:00,2026-09-28 00:00:00,P1D,fcre,1.6,ensemble,65,Chla_ugL_mean,6.6708478120473
vera4cast,chlorocast_chronos,2026-10-18 00:00:00,2026-09-28 00:00:00,P1D,fcre,1.6,ensemble,65,Chla_ugL_mean,6.67753702656597
vera4cast,chlorocast_chronos,2026-10-19 00:00:00,2026-09-28 00:00:00,P1D,fcre,1.6,ensemble,65,Chla_ugL_mean,6.688820582892
vera4cast,chlorocast_chronos,2026-10-20 00:00:00,2026-09-28 00:00:00,P1D,fcre,1.6,ensemble,65,Chla_ugL_mean,7.26437283613291
vera4cast,chlorocast_chronos,2026-10-21 00:00:00,2026-09-28 00:00:00,P1D,fcre,1.6,ensemble,65,Chla_ugL_mean,7.26725677028939
vera4cast,chlorocast_chronos,2026-10-22 00:00:00,2026-09-28 00:00:00,P1D,fcre,1.6,ensemble,65,Chla_ugL_mean,7.2046562558722
vera4cast,chlorocast_chronos,2026-10-23 00:00:00,2026-09-28 00:00:00,P1D,fcre,1.6,ensemble,65,Chla_ugL_mean,6.89862662579432
vera4cast,chlorocast_chronos,2026-10-24 00:00:00,2026-09-28 00:00:00,P1D,fcre,1.6,ensemble,65,Chla_ugL_mean,6.72610174988986
vera4cast,chlorocast_chronos,2026-10-25 00:00:00,2026-09-28 00:00:00,P1D,fcre,1.6,ensemble,65,Chla_ugL_mean,6.54009142587946
vera4cast,chlorocast_chronos,2026-10-26 00:00:00,2026-09-28 00:00:00,P1D,fcre,1.6,ensemble,65,Chla_ugL_mean,6.4312551371102
vera4cast,chlorocast_chronos,2026-10-27 00:00:00,2026-09-28 00:00:00,P1D,fcre,1.6,ensemble,65,Chla_ugL_mean,6.32472704449055
vera4cast,chlorocast_chronos,2026-10-28 00:00:00,2026-09-28 00:00:00,P1D,fcre,1.6,ensemble,65,Chla_ugL_mean,6.25862335198863
vera4cast,chlorocast_chronos,2026-10-29 00:00:00,2026-09-28 00:00:00,P1D,fcre,1.6,ensemble,65,Chla_ugL_mean,6.17114880142226
vera4cast,chlorocast_chronos,2026-10-30 00:00:00,2026-09-28 00:00:00,P1D,fcre,1.6,ensemble,65,Chla_ugL_mean,6.12791175283796
vera4cast,chlorocast_chronos,2026-10-31 00:00:00,2026-09-28 00:00:00,P1D,fcre,1.6,ensemble,65,Chla_ugL_mean,6.0689400315615
vera4cast,chlorocast_chronos,2026-11-01 00:00:00,2026-09-28 00:00:00,P1D,fcre,1.6,ensemble,65,Chla_ugL_mean,6.0572411460379
vera4cast,chlorocast_chronos,2026-11-02 00:00:00,2026-09-28 00:00:00,P1D,fcre,1.6,ensemble,65,Chla_ugL_mean,6.04573912980725
vera4cast,chlorocast_chronos,2026-09-29 00:00:00,2026-09-28 00:00:00,P1D,fcre,1.6,ensemble,66,Chla_ugL_mean,6.85708949989552
vera4cast,chlorocast_chronos,2026-09-30 00:00:00,2026-09-28 00:00:00,P1D,fcre,1.6,ensemble,66,Chla_ugL_mean,6.77792931224287
vera4cast,chlorocast_chronos,2026-10-01 00:00:00,2026-09-28 00:00:00,P1D,fcre,1.6,ensemble,66,Chla_ugL_mean,6.65973305694659
vera4cast,chlorocast_chronos,2026-10-02 00:00:00,2026-09-28 00:00:00,P1D,fcre,1.6,ensemble,66,Chla_ugL_mean,6.49467645544929
vera4cast,chlorocast_chronos,2026-10-03 00:00:00,2026-09-28 00:00:00,P1D,fcre,1.6,ensemble,66,Chla_ugL_mean,6.34142502306018
vera4cast,chlorocast_chronos,2026-10-04 00:00:00,2026-09-28 00:00:00,P1D,fcre,1.6,ensemble,66,Chla_ugL_mean,6.21222989622481
vera4cast,chlorocast_chronos,2026-10-05 00:00:00,2026-09-28 00:00:00,P1D,fcre,1.6,ensemble,66,Chla_ugL_mean,6.23991322764739
vera4cast,chlorocast_chronos,2026-10-06 00:00:00,2026-09-28 00:00:00,P1D,fcre,1.6,ensemble,66,Chla_ugL_mean,6.18445657944196
vera4cast,chlorocast_chronos,2026-10-07 00:00:00,2026-09-28 00:00:00,P1D,fcre,1.6,ensemble,66,Chla_ugL_mean,6.2719054551079
vera4cast,chlorocast_chronos,2026-10-08 00:00:00,2026-09-28 00:00:00,P1D,fcre,1.6,ensemble,66,Chla_ugL_mean,6.33701456474152
vera4cast,chlorocast_chronos,2026-10-09 00:00:00,2026-09-28 00:00:00,P1D,fcre,1.6,ensemble,66,Chla_ugL_mean,6.29693086615059
vera4cast,chlorocast_chronos,2026-10-10 00:00:00,2026-09-28 00:00:00,P1D,fcre,1.6,ensemble,66,Chla_ugL_mean,6.27442392051298
vera4cast,chlorocast_chronos,2026-10-11 00:00:00,2026-09-28 00:00:00,P1D,fcre,1.6,ensemble,66,Chla_ugL_mean,6.36013098713367
vera4cast,chlorocast_chronos,2026-10-12 00:00:00,2026-09-28 00:00:00,P1D,fcre,1.6,ensemble,66,Chla_ugL_mean,6.52291423974978
vera4cast,chlorocast_chronos,2026-10-13 00:00:00,2026-09-28 00:00:00,P1D,fcre,1.6,ensemble,66,Chla_ugL_mean,6.64047727822117
vera4cast,chlorocast_chronos,2026-10-14 00:00:00,2026-09-28 00:00:00,P1D,fcre,1.6,ensemble,66,Chla_ugL_mean,6.7352946733529
vera4cast,chlorocast_chronos,2026-10-15 00:00:00,2026-09-28 00:00:00,P1D,fcre,1.6,ensemble,66,Chla_ugL_mean,6.7543259826053
vera4cast,chlorocast_chronos,2026-10-16 00:00:00,2026-09-28 00:00:00,P1D,fcre,1.6,ensemble,66,Chla_ugL_mean,6.84093804815883
vera4cast,chlorocast_chronos,2026-10-17 00:00:00,2026-09-28 00:00:00,P1D,fcre,1.6,ensemble,66,Chla_ugL_mean,6.76256660496128
vera4cast,chlorocast_chronos,2026-10-18 00:00:00,2026-09-28 00:00:00,P1D,fcre,1.6,ensemble,66,Chla_ugL_mean,6.76837254518087
vera4cast,chlorocast_chronos,2026-10-19 00:00:00,2026-09-28 00:00:00,P1D,fcre,1.6,ensemble,66,Chla_ugL_mean,6.77899378013803
vera4cast,chlorocast_chronos,2026-10-20 00:00:00,2026-09-28 00:00:00,P1D,fcre,1.6,ensemble,66,Chla_ugL_mean,7.34330111713226
vera4cast,chlorocast_chronos,2026-10-21 00:00:00,2026-09-28 00:00:00,P1D,fcre,1.6,ensemble,66,Chla_ugL_mean,7.34670711402846
vera4cast,chlorocast_chronos,2026-10-22 00:00:00,2026-09-28 00:00:00,P1D,fcre,1.6,ensemble,66,Chla_ugL_mean,7.28278345472487
vera4cast,chlorocast_chronos,2026-10-23 00:00:00,2026-09-28 00:00:00,P1D,fcre,1.6,ensemble,66,Chla_ugL_mean,6.98027763504308
vera4cast,chlorocast_chronos,2026-10-24 00:00:00,2026-09-28 00:00:00,P1D,fcre,1.6,ensemble,66,Chla_ugL_mean,6.81066400734801
vera4cast,chlorocast_chronos,2026-10-25 00:00:00,2026-09-28 00:00:00,P1D,fcre,1.6,ensemble,66,Chla_ugL_mean,6.62604470535069
vera4cast,chlorocast_chronos,2026-10-26 00:00:00,2026-09-28 00:00:00,P1D,fcre,1.6,ensemble,66,Chla_ugL_mean,6.51620837072956
vera4cast,chlorocast_chronos,2026-10-27 00:00:00,2026-09-28 00:00:00,P1D,fcre,1.6,ensemble,66,Chla_ugL_mean,6.40859592226019
vera4cast,chlorocast_chronos,2026-10-28 00:00:00,2026-09-28 00:00:00,P1D,fcre,1.6,ensemble,66,Chla_ugL_mean,6.34252493924143
vera4cast,chlorocast_chronos,2026-10-29 00:00:00,2026-09-28 00:00:00,P1D,fcre,1.6,ensemble,66,Chla_ugL_mean,6.2546390990656
vera4cast,chlorocast_chronos,2026-10-30 00:00:00,2026-09-28 00:00:00,P1D,fcre,1.6,ensemble,66,Chla_ugL_mean,6.2110141586978
vera4cast,chlorocast_chronos,2026-10-31 00:00:00,2026-09-28 00:00:00,P1D,fcre,1.6,ensemble,66,Chla_ugL_mean,6.15218062519394
vera4cast,chlorocast_chronos,2026-11-01 00:00:00,2026-09-28 00:00:00,P1D,fcre,1.6,ensemble,66,Chla_ugL_mean,6.14042760355959
vera4cast,chlorocast_chronos,2026-11-02 00:00:00,2026-09-28 00:00:00,P1D,fcre,1.6,ensemble,66,Chla_ugL_mean,6.12844704962432
vera4cast,chlorocast_chronos,2026-09-29 00:00:00,2026-09-28 00:00:00,P1D,fcre,1.6,ensemble,67,Chla_ugL_mean,6.91783226918315
vera4cast,chlorocast_chronos,2026-09-30 00:00:00,2026-09-28 00:00:00,P1D,fcre,1.6,ensemble,67,Chla_ugL_mean,6.84159162358554
vera4cast,chlorocast_chronos,2026-10-01 00:00:00,2026-09-28 00:00:00,P1D,fcre,1.6,ensemble,67,Chla_ugL_mean,6.72522294905861
vera4cast,chlorocast_chronos,2026-10-02 00:00:00,2026-09-28 00:00:00,P1D,fcre,1.6,ensemble,67,Chla_ugL_mean,6.56037924569634
vera4cast,chlorocast_chronos,2026-10-03 00:00:00,2026-09-28 00:00:00,P1D,fcre,1.6,ensemble,67,Chla_ugL_mean,6.40878486923556
vera4cast,chlorocast_chronos,2026-10-04 00:00:00,2026-09-28 00:00:00,P1D,fcre,1.6,ensemble,67,Chla_ugL_mean,6.2846953926399
vera4cast,chlorocast_chronos,2026-10-05 00:00:00,2026-09-28 00:00:00,P1D,fcre,1.6,ensemble,67,Chla_ugL_mean,6.3112706753403
vera4cast,chlorocast_chronos,2026-10-06 00:00:00,2026-09-28 00:00:00,P1D,fcre,1.6,ensemble,67,Chla_ugL_mean,6.25757425282788
vera4cast,chlorocast_chronos,2026-10-07 00:00:00,2026-09-28 00:00:00,P1D,fcre,1.6,ensemble,67,Chla_ugL_mean,6.34442225812659
vera4cast,chlorocast_chronos,2026-10-08 00:00:00,2026-09-28 00:00:00,P1D,fcre,1.6,ensemble,67,Chla_ugL_mean,6.40956686081225
vera4cast,chlorocast_chronos,2026-10-09 00:00:00,2026-09-28 00:00:00,P1D,fcre,1.6,ensemble,67,Chla_ugL_mean,6.36998498918658
vera4cast,chlorocast_chronos,2026-10-10 00:00:00,2026-09-28 00:00:00,P1D,fcre,1.6,ensemble,67,Chla_ugL_mean,6.34778237825199
vera4cast,chlorocast_chronos,2026-10-11 00:00:00,2026-09-28 00:00:00,P1D,fcre,1.6,ensemble,67,Chla_ugL_mean,6.43564829832322
vera4cast,chlorocast_chronos,2026-10-12 00:00:00,2026-09-28 00:00:00,P1D,fcre,1.6,ensemble,67,Chla_ugL_mean,6.60191305788156
vera4cast,chlorocast_chronos,2026-10-13 00:00:00,2026-09-28 00:00:00,P1D,fcre,1.6,ensemble,67,Chla_ugL_mean,6.72196317979299
vera4cast,chlorocast_chronos,2026-10-14 00:00:00,2026-09-28 00:00:00,P1D,fcre,1.6,ensemble,67,Chla_ugL_mean,6.82220929184594
vera4cast,chlorocast_chronos,2026-10-15 00:00:00,2026-09-28 00:00:00,P1D,fcre,1.6,ensemble,67,Chla_ugL_mean,6.84409137065127
vera4cast,chlorocast_chronos,2026-10-16 00:00:00,2026-09-28 00:00:00,P1D,fcre,1.6,ensemble,67,Chla_ugL_mean,6.93336624480033
vera4cast,chlorocast_chronos,2026-10-17 00:00:00,2026-09-28 00:00:00,P1D,fcre,1.6,ensemble,67,Chla_ugL_mean,6.85538206113593
vera4cast,chlorocast_chronos,2026-10-18 00:00:00,2026-09-28 00:00:00,P1D,fcre,1.6,ensemble,67,Chla_ugL_mean,6.86028276931833
vera4cast,chlorocast_chronos,2026-10-19 00:00:00,2026-09-28 00:00:00,P1D,fcre,1.6,ensemble,67,Chla_ugL_mean,6.870224513506
vera4cast,chlorocast_chronos,2026-10-20 00:00:00,2026-09-28 00:00:00,P1D,fcre,1.6,ensemble,67,Chla_ugL_mean,7.4229831968366
vera4cast,chlorocast_chronos,2026-10-21 00:00:00,2026-09-28 00:00:00,P1D,fcre,1.6,ensemble,67,Chla_ugL_mean,7.4269209948507
vera4cast,chlorocast_chronos,2026-10-22 00:00:00,2026-09-28 00:00:00,P1D,fcre,1.6,ensemble,67,Chla_ugL_mean,7.36165460420876
vera4cast,chlorocast_chronos,2026-10-23 00:00:00,2026-09-28 00:00:00,P1D,fcre,1.6,ensemble,67,Chla_ugL_mean,7.06277270081295
vera4cast,chlorocast_chronos,2026-10-24 00:00:00,2026-09-28 00:00:00,P1D,fcre,1.6,ensemble,67,Chla_ugL_mean,6.89615179952184
vera4cast,chlorocast_chronos,2026-10-25 00:00:00,2026-09-28 00:00:00,P1D,fcre,1.6,ensemble,67,Chla_ugL_mean,6.71297780931404
vera4cast,chlorocast_chronos,2026-10-26 00:00:00,2026-09-28 00:00:00,P1D,fcre,1.6,ensemble,67,Chla_ugL_mean,6.60213277971152
vera4cast,chlorocast_chronos,2026-10-27 00:00:00,2026-09-28 00:00:00,P1D,fcre,1.6,ensemble,67,Chla_ugL_mean,6.49342510730347
vera4cast,chlorocast_chronos,2026-10-28 00:00:00,2026-09-28 00:00:00,P1D,fcre,1.6,ensemble,67,Chla_ugL_mean,6.42739633523099
vera4cast,chlorocast_chronos,2026-10-29 00:00:00,2026-09-28 00:00:00,P1D,fcre,1.6,ensemble,67,Chla_ugL_mean,6.33910143480125
vera4cast,chlorocast_chronos,2026-10-30 00:00:00,2026-09-28 00:00:00,P1D,fcre,1.6,ensemble,67,Chla_ugL_mean,6.29508543315467
vera4cast,chlorocast_chronos,2026-10-31 00:00:00,2026-09-28 00:00:00,P1D,fcre,1.6,ensemble,67,Chla_ugL_mean,6.23640142185503
vera4cast,chlorocast_chronos,2026-11-01 00:00:00,2026-09-28 00:00:00,P1D,fcre,1.6,ensemble,67,Chla_ugL_mean,6.22459461234371
vera4cast,chlorocast_chronos,2026-11-02 00:00:00,2026-09-28 00:00:00,P1D,fcre,1.6,ensemble,67,Chla_ugL_mean,6.21212585409586
vera4cast,chlorocast_chronos,2026-09-29 00:00:00,2026-09-28 00:00:00,P1D,fcre,1.6,ensemble,68,Chla_ugL_mean,6.97904463780788
vera4cast,chlorocast_chronos,2026-09-30 00:00:00,2026-09-28 00:00:00,P1D,fcre,1.6,ensemble,68,Chla_ugL_mean,6.90577501061852
vera4cast,chlorocast_chronos,2026-10-01 00:00:00,2026-09-28 00:00:00,P1D,fcre,1.6,ensemble,68,Chla_ugL_mean,6.79127277269005
vera4cast,chlorocast_chronos,2026-10-02 00:00:00,2026-09-28 00:00:00,P1D,fcre,1.6,ensemble,68,Chla_ugL_mean,6.62665802567049
vera4cast,chlorocast_chronos,2026-10-03 00:00:00,2026-09-28 00:00:00,P1D,fcre,1.6,ensemble,68,Chla_ugL_mean,6.47676276284213
vera4cast,chlorocast_chronos,2026-10-04 00:00:00,2026-09-28 00:00:00,P1D,fcre,1.6,ensemble,68,Chla_ugL_mean,6.35788899232488
vera4cast,chlorocast_chronos,2026-10-05 00:00:00,2026-09-28 00:00:00,P1D,fcre,1.6,ensemble,68,Chla_ugL_mean,6.38333143054272
vera4cast,chlorocast_chronos,2026-10-06 00:00:00,2026-09-28 00:00:00,P1D,fcre,1.6,ensemble,68,Chla_ugL_mean,6.33143605962212
vera4cast,chlorocast_chronos,2026-10-07 00:00:00,2026-09-28 00:00:00,P1D,fcre,1.6,ensemble,68,Chla_ugL_mean,6.41766221228532
vera4cast,chlorocast_chronos,2026-10-08 00:00:00,2026-09-28 00:00:00,P1D,fcre,1.6,ensemble,68,Chla_ugL_mean,6.48283659251278
vera4cast,chlorocast_chronos,2026-10-09 00:00:00,2026-09-28 00:00:00,P1D,fcre,1.6,ensemble,68,Chla_ugL_mean,6.44377050258249
vera4cast,chlorocast_chronos,2026-10-10 00:00:00,2026-09-28 00:00:00,P1D,fcre,1.6,ensemble,68,Chla_ugL_mean,6.4218806146155
vera4cast,chlorocast_chronos,2026-10-11 00:00:00,2026-09-28 00:00:00,P1D,fcre,1.6,ensemble,68,Chla_ugL_mean,6.51194044141444
vera4cast,chlorocast_chronos,2026-10-12 00:00:00,2026-09-28 00:00:00,P1D,fcre,1.6,ensemble,68,Chla_ugL_mean,6.68174144990816
vera4cast,chlorocast_chronos,2026-10-13 00:00:00,2026-09-28 00:00:00,P1D,fcre,1.6,ensemble,68,Chla_ugL_mean,6.80431813075966
vera4cast,chlorocast_chronos,2026-10-14 00:00:00,2026-09-28 00:00:00,P1D,fcre,1.6,ensemble,68,Chla_ugL_mean,6.91010049251548
vera4cast,chlorocast_chronos,2026-10-15 00:00:00,2026-09-28 00:00:00,P1D,fcre,1.6,ensemble,68,Chla_ugL_mean,6.93489589799949
vera4cast,chlorocast_chronos,2026-10-16 00:00:00,2026-09-28 00:00:00,P1D,fcre,1.6,ensemble,68,Chla_ugL_mean,7.02688397581666
vera4cast,chlorocast_chronos,2026-10-17 00:00:00,2026-09-28 00:00:00,P1D,fcre,1.6,ensemble,68,Chla_ugL_mean,6.94930729315448
vera4cast,chlorocast_chronos,2026-10-18 00:00:00,2026-09-28 00:00:00,P1D,fcre,1.6,ensemble,68,Chla_ugL_mean,6.95328041418025
vera4cast,chlorocast_chronos,2026-10-19 00:00:00,2026-09-28 00:00:00,P1D,fcre,1.6,ensemble,68,Chla_ugL_mean,6.96252518560205
vera4cast,chlorocast_chronos,2026-10-20 00:00:00,2026-09-28 00:00:00,P1D,fcre,1.6,ensemble,68,Chla_ugL_mean,7.50342627434467
vera4cast,chlorocast_chronos,2026-10-21 00:00:00,2026-09-28 00:00:00,P1D,fcre,1.6,ensemble,68,Chla_ugL_mean,7.50790575053277
vera4cast,chlorocast_chronos,2026-10-22 00:00:00,2026-09-28 00:00:00,P1D,fcre,1.6,ensemble,68,Chla_ugL_mean,7.44127678844503
vera4cast,chlorocast_chronos,2026-10-23 00:00:00,2026-09-28 00:00:00,P1D,fcre,1.6,ensemble,68,Chla_ugL_mean,7.14612054842671
vera4cast,chlorocast_chronos,2026-10-24 00:00:00,2026-09-28 00:00:00,P1D,fcre,1.6,ensemble,68,Chla_ugL_mean,6.98257525639765
vera4cast,chlorocast_chronos,2026-10-25 00:00:00,2026-09-28 00:00:00,P1D,fcre,1.6,ensemble,68,Chla_ugL_mean,6.80090190727974
vera4cast,chlorocast_chronos,2026-10-26 00:00:00,2026-09-28 00:00:00,P1D,fcre,1.6,ensemble,68,Chla_ugL_mean,6.68903946641847
vera4cast,chlorocast_chronos,2026-10-27 00:00:00,2026-09-28 00:00:00,P1D,fcre,1.6,ensemble,68,Chla_ugL_mean,6.57922559523744
vera4cast,chlorocast_chronos,2026-10-28 00:00:00,2026-09-28 00:00:00,P1D,fcre,1.6,ensemble,68,Chla_ugL_mean,6.51324874986424
vera4cast,chlorocast_chronos,2026-10-29 00:00:00,2026-09-28 00:00:00,P1D,fcre,1.6,ensemble,68,Chla_ugL_mean,6.4245471256095
vera4cast,chlorocast_chronos,2026-10-30 00:00:00,2026-09-28 00:00:00,P1D,fcre,1.6,ensemble,68,Chla_ugL_mean,6.38013687198693
vera4cast,chlorocast_chronos,2026-10-31 00:00:00,2026-09-28 00:00:00,P1D,fcre,1.6,ensemble,68,Chla_ugL_mean,6.32161396396578
vera4cast,chlorocast_chronos,2026-11-01 00:00:00,2026-09-28 00:00:00,P1D,fcre,1.6,ensemble,68,Chla_ugL_mean,6.30975373053092
vera4cast,chlorocast_chronos,2026-11-02 00:00:00,2026-09-28 00:00:00,P1D,fcre,1.6,ensemble,68,Chla_ugL_mean,6.29678694015959
vera4cast,chlorocast_chronos,2026-09-29 00:00:00,2026-09-28 00:00:00,P1D,fcre,1.6,ensemble,69,Chla_ugL_mean,7.0407302362189
vera4cast,chlorocast_chronos,2026-09-30 00:00:00,2026-09-28 00:00:00,P1D,fcre,1.6,ensemble,69,Chla_ugL_mean,6.97048373834363
vera4cast,chlorocast_chronos,2026-10-01 00:00:00,2026-09-28 00:00:00,P1D,fcre,1.6,ensemble,69,Chla_ugL_mean,6.85788731519503
vera4cast,chlorocast_chronos,2026-10-02 00:00:00,2026-09-28 00:00:00,P1D,fcre,1.6,ensemble,69,Chla_ugL_mean,6.69351784484017
vera4cast,chlorocast_chronos,2026-10-03 00:00:00,2026-09-28 00:00:00,P1D,fcre,1.6,ensemble,69,Chla_ugL_mean,6.5453643746563
vera4cast,chlorocast_chronos,2026-10-04 00:00:00,2026-09-28 00:00:00,P1D,fcre,1.6,ensemble,69,Chla_ugL_mean,6.4318180109596
vera4cast,chlorocast_chronos,2026-10-05 00:00:00,2026-09-28 00:00:00,P1D,fcre,1.6,ensemble,69,Chla_ugL_mean,6.4561024251373
vera4cast,chlorocast_chronos,2026-10-06 00:00:00,2026-09-28 00:00:00,P1D,fcre,1.6,ensemble,69,Chla_ugL_mean,6.40604957302146
vera4cast,chlorocast_chronos,2026-10-07 00:00:00,2026-09-28 00:00:00,P1D,fcre,1.6,ensemble,69,Chla_ugL_mean,6.49163252898267
vera4cast,chlorocast_chronos,2026-10-08 00:00:00,2026-09-28 00:00:00,P1D,fcre,1.6,ensemble,69,Chla_ugL_mean,6.5568308542276
vera4cast,chlorocast_chronos,2026-10-09 00:00:00,2026-09-28 00:00:00,P1D,fcre,1.6,ensemble,69,Chla_ugL_mean,6.51829472874309
vera4cast,chlorocast_chronos,2026-10-10 00:00:00,2026-09-28 00:00:00,P1D,fcre,1.6,ensemble,69,Chla_ugL_mean,6.49672608985319
vera4cast,chlorocast_chronos,2026-10-11 00:00:00,2026-09-28 00:00:00,P1D,fcre,1.6,ensemble,69,Chla_ugL_mean,6.58901536643186
vera4cast,chlorocast_chronos,2026-10-12 00:00:00,2026-09-28 00:00:00,P1D,fcre,1.6,ensemble,69,Chla_ugL_mean,6.76240812726175
vera4cast,chlorocast_chronos,2026-10-13 00:00:00,2026-09-28 00:00:00,P1D,fcre,1.6,ensemble,69,Chla_ugL_mean,6.88755139955702
vera4cast,chlorocast_chronos,2026-10-14 00:00:00,2026-09-28 00:00:00,P1D,fcre,1.6,ensemble,69,Chla_ugL_mean,6.99897924834581
vera4cast,chlorocast_chronos,2026-10-15 00:00:00,2026-09-28 00:00:00,P1D,fcre,1.6,ensemble,69,Chla_ugL_mean,7.02675159390215
vera4cast,chlorocast_chronos,2026-10-16 00:00:00,2026-09-28 00:00:00,P1D,fcre,1.6,ensemble,69,Chla_ugL_mean,7.1215040845305
vera4cast,chlorocast_chronos,2026-10-17 00:00:00,2026-09-28 00:00:00,P1D,fcre,1.6,ensemble,69,Chla_ugL_mean,7.04435557038472
vera4cast,chlorocast_chronos,2026-10-18 00:00:00,2026-09-28 00:00:00,P1D,fcre,1.6,ensemble,69,Chla_ugL_mean,7.04737834540637
vera4cast,chlorocast_chronos,2026-10-19 00:00:00,2026-09-28 00:00:00,P1D,fcre,1.6,ensemble,69,Chla_ugL_mean,7.055908344488
vera4cast,chlorocast_chronos,2026-10-20 00:00:00,2026-09-28 00:00:00,P1D,fcre,1.6,ensemble,69,Chla_ugL_mean,7.58463761750966
vera4cast,chlorocast_chronos,2026-10-21 00:00:00,2026-09-28 00:00:00,P1D,fcre,1.6,ensemble,69,Chla_ugL_mean,7.58966878936914
vera4cast,chlorocast_chronos,2026-10-22 00:00:00,2026-09-28 00:00:00,P1D,fcre,1.6,ensemble,69,Chla_ugL_mean,7.52165715901195
vera4cast,chlorocast_chronos,2026-10-23 00:00:00,2026-09-28 00:00:00,P1D,fcre,1.6,ensemble,69,Chla_ugL_mean,7.23032999340402
vera4cast,chlorocast_chronos,2026-10-24 00:00:00,2026-09-28 00:00:00,P1D,fcre,1.6,ensemble,69,Chla_ugL_mean,7.06994461883455
vera4cast,chlorocast_chronos,2026-10-25 00:00:00,2026-09-28 00:00:00,P1D,fcre,1.6,ensemble,69,Chla_ugL_mean,6.88982829608488
vera4cast,chlorocast_chronos,2026-10-26 00:00:00,2026-09-28 00:00:00,P1D,fcre,1.6,ensemble,69,Chla_ugL_mean,6.77693966013368
vera4cast,chlorocast_chronos,2026-10-27 00:00:00,2026-09-28 00:00:00,P1D,fcre,1.6,ensemble,69,Chla_ugL_mean,6.66600850758003
vera4cast,chlorocast_chronos,2026-10-28 00:00:00,2026-09-28 00:00:00,P1D,fcre,1.6,ensemble,69,Chla_ugL_mean,6.60009352262215
vera4cast,chlorocast_chronos,2026-10-29 00:00:00,2026-09-28 00:00:00,P1D,fcre,1.6,ensemble,69,Chla_ugL_mean,6.51098762022889
vera4cast,chlorocast_chronos,2026-10-30 00:00:00,2026-09-28 00:00:00,P1D,fcre,1.6,ensemble,69,Chla_ugL_mean,6.46617990266739
vera4cast,chlorocast_chronos,2026-10-31 00:00:00,2026-09-28 00:00:00,P1D,fcre,1.6,ensemble,69,Chla_ugL_mean,6.40782992986547
vera4cast,chlorocast_chronos,2026-11-01 00:00:00,2026-09-28 00:00:00,P1D,fcre,1.6,ensemble,69,Chla_ugL_mean,6.39591665250224
vera4cast,chlorocast_chronos,2026-11-02 00:00:00,2026-09-28 00:00:00,P1D,fcre,1.6,ensemble,69,Chla_ugL_mean,6.38244183853864
vera4cast,chlorocast_chronos,2026-09-29 00:00:00,2026-09-28 00:00:00,P1D,fcre,1.6,ensemble,70,Chla_ugL_mean,7.10289272293223
vera4cast,chlorocast_chronos,2026-09-30 00:00:00,2026-09-28 00:00:00,P1D,fcre,1.6,ensemble,70,Chla_ugL_mean,7.03572210667175
vera4cast,chlorocast_chronos,2026-10-01 00:00:00,2026-09-28 00:00:00,P1D,fcre,1.6,ensemble,70,Chla_ugL_mean,6.92507140485909
vera4cast,chlorocast_chronos,2026-10-02 00:00:00,2026-09-28 00:00:00,P1D,fcre,1.6,ensemble,70,Chla_ugL_mean,6.76096379694047
vera4cast,chlorocast_chronos,2026-10-03 00:00:00,2026-09-28 00:00:00,P1D,fcre,1.6,ensemble,70,Chla_ugL_mean,6.61459542748562
vera4cast,chlorocast_chronos,2026-10-04 00:00:00,2026-09-28 00:00:00,P1D,fcre,1.6,ensemble,70,Chla_ugL_mean,6.50648983772883
vera4cast,chlorocast_chronos,2026-10-05 00:00:00,2026-09-28 00:00:00,P1D,fcre,1.6,ensemble,70,Chla_ugL_mean,6.52959065932814
vera4cast,chlorocast_chronos,2026-10-06 00:00:00,2026-09-28 00:00:00,P1D,fcre,1.6,ensemble,70,Chla_ugL_mean,6.48142244329667
vera4cast,chlorocast_chronos,2026-10-07 00:00:00,2026-09-28 00:00:00,P1D,fcre,1.6,ensemble,70,Chla_ugL_mean,6.56634049153065
vera4cast,chlorocast_chronos,2026-10-08 00:00:00,2026-09-28 00:00:00,P1D,fcre,1.6,ensemble,70,Chla_ugL_mean,6.63155681049421
vera4cast,chlorocast_chronos,2026-10-09 00:00:00,2026-09-28 00:00:00,P1D,fcre,1.6,ensemble,70,Chla_ugL_mean,6.59356506338231
vera4cast,chlorocast_chronos,2026-10-10 00:00:00,2026-09-28 00:00:00,P1D,fcre,1.6,ensemble,70,Chla_ugL_mean,6.57232633944721
vera4cast,chlorocast_chronos,2026-10-11 00:00:00,2026-09-28 00:00:00,P1D,fcre,1.6,ensemble,70,Chla_ugL_mean,6.6668811049698
vera4cast,chlorocast_chronos,2026-10-12 00:00:00,2026-09-28 00:00:00,P1D,fcre,1.6,ensemble,70,Chla_ugL_mean,6.84392189285409
vera4cast,chlorocast_chronos,2026-10-13 00:00:00,2026-09-28 00:00:00,P1D,fcre,1.6,ensemble,70,Chla_ugL_mean,6.97167235346903
vera4cast,chlorocast_chronos,2026-10-14 00:00:00,2026-09-28 00:00:00,P1D,fcre,1.6,ensemble,70,Chla_ugL_mean,7.08885665561496
vera4cast,chlorocast_chronos,2026-10-15 00:00:00,2026-09-28 00:00:00,P1D,fcre,1.6,ensemble,70,Chla_ugL_mean,7.11967062686407
vera4cast,chlorocast_chronos,2026-10-16 00:00:00,2026-09-28 00:00:00,P1D,fcre,1.6,ensemble,70,Chla_ugL_mean,7.21723956566033
vera4cast,chlorocast_chronos,2026-10-17 00:00:00,2026-09-28 00:00:00,P1D,fcre,1.6,ensemble,70,Chla_ugL_mean,7.14054032085361
vera4cast,chlorocast_chronos,2026-10-18 00:00:00,2026-09-28 00:00:00,P1D,fcre,1.6,ensemble,70,Chla_ugL_mean,7.14258958085414
vera4cast,chlorocast_chronos,2026-10-19 00:00:00,2026-09-28 00:00:00,P1D,fcre,1.6,ensemble,70,Chla_ugL_mean,7.15038668538722
vera4cast,chlorocast_chronos,2026-10-20 00:00:00,2026-09-28 00:00:00,P1D,fcre,1.6,ensemble,70,Chla_ugL_mean,7.66662456359587
vera4cast,chlorocast_chronos,2026-10-21 00:00:00,2026-09-28 00:00:00,P1D,fcre,1.6,ensemble,70,Chla_ugL_mean,7.67221759084978
vera4cast,chlorocast_chronos,2026-10-22 00:00:00,2026-09-28 00:00:00,P1D,fcre,1.6,ensemble,70,Chla_ugL_mean,7.60280293558727
vera4cast,chlorocast_chronos,2026-10-23 00:00:00,2026-09-28 00:00:00,P1D,fcre,1.6,ensemble,70,Chla_ugL_mean,7.31540994239378
vera4cast,chlorocast_chronos,2026-10-24 00:00:00,2026-09-28 00:00:00,P1D,fcre,1.6,ensemble,70,Chla_ugL_mean,7.15827023977795
vera4cast,chlorocast_chronos,2026-10-25 00:00:00,2026-09-28 00:00:00,P1D,fcre,1.6,ensemble,70,Chla_ugL_mean,6.97976840134486
vera4cast,chlorocast_chronos,2026-10-26 00:00:00,2026-09-28 00:00:00,P1D,fcre,1.6,ensemble,70,Chla_ugL_mean,6.86584471851228
vera4cast,chlorocast_chronos,2026-10-27 00:00:00,2026-09-28 00:00:00,P1D,fcre,1.6,ensemble,70,Chla_ugL_mean,6.75378509319176
vera4cast,chlorocast_chronos,2026-10-28 00:00:00,2026-09-28 00:00:00,P1D,fcre,1.6,ensemble,70,Chla_ugL_mean,6.68794212405744
vera4cast,chlorocast_chronos,2026-10-29 00:00:00,2026-09-28 00:00:00,P1D,fcre,1.6,ensemble,70,Chla_ugL_mean,6.59843450069022
vera4cast,chlorocast_chronos,2026-10-30 00:00:00,2026-09-28 00:00:00,P1D,fcre,1.6,ensemble,70,Chla_ugL_mean,6.5532260858987
vera4cast,chlorocast_chronos,2026-10-31 00:00:00,2026-09-28 00:00:00,P1D,fcre,1.6,ensemble,70,Chla_ugL_mean,6.49506113541213
vera4cast,chlorocast_chronos,2026-11-01 00:00:00,2026-09-28 00:00:00,P1D,fcre,1.6,ensemble,70,Chla_ugL_mean,6.48309521048487
vera4cast,chlorocast_chronos,2026-11-02 00:00:00,2026-09-28 00:00:00,P1D,fcre,1.6,ensemble,70,Chla_ugL_mean,6.46910221531203
vera4cast,chlorocast_chronos,2026-09-29 00:00:00,2026-09-28 00:00:00,P1D,fcre,1.6,ensemble,71,Chla_ugL_mean,7.16553578474768
vera4cast,chlorocast_chronos,2026-09-30 00:00:00,2026-09-28 00:00:00,P1D,fcre,1.6,ensemble,71,Chla_ugL_mean,7.10149445070847
vera4cast,chlorocast_chronos,2026-10-01 00:00:00,2026-09-28 00:00:00,P1D,fcre,1.6,ensemble,71,Chla_ugL_mean,6.99282991124902
vera4cast,chlorocast_chronos,2026-10-02 00:00:00,2026-09-28 00:00:00,P1D,fcre,1.6,ensemble,71,Chla_ugL_mean,6.82900102036118
vera4cast,chlorocast_chronos,2026-10-03 00:00:00,2026-09-28 00:00:00,P1D,fcre,1.6,ensemble,71,Chla_ugL_mean,6.68446169664618
vera4cast,chlorocast_chronos,2026-10-04 00:00:00,2026-09-28 00:00:00,P1D,fcre,1.6,ensemble,71,Chla_ugL_mean,6.5819119360608
vera4cast,chlorocast_chronos,2026-10-05 00:00:00,2026-09-28 00:00:00,P1D,fcre,1.6,ensemble,71,Chla_ugL_mean,6.60380320231419
vera4cast,chlorocast_chronos,2026-10-06 00:00:00,2026-09-28 00:00:00,P1D,fcre,1.6,ensemble,71,Chla_ugL_mean,6.55756239857684
vera4cast,chlorocast_chronos,2026-10-07 00:00:00,2026-09-28 00:00:00,P1D,fcre,1.6,ensemble,71,Chla_ugL_mean,6.64179345587183
vera4cast,chlorocast_chronos,2026-10-08 00:00:00,2026-09-28 00:00:00,P1D,fcre,1.6,ensemble,71,Chla_ugL_mean,6.70702169669688
vera4cast,chlorocast_chronos,2026-10-09 00:00:00,2026-09-28 00:00:00,P1D,fcre,1.6,ensemble,71,Chla_ugL_mean,6.66958897625716
vera4cast,chlorocast_chronos,2026-10-10 00:00:00,2026-09-28 00:00:00,P1D,fcre,1.6,ensemble,71,Chla_ugL_mean,6.64868897487074
vera4cast,chlorocast_chronos,2026-10-11 00:00:00,2026-09-28 00:00:00,P1D,fcre,1.6,ensemble,71,Chla_ugL_mean,6.74554577102934
vera4cast,chlorocast_chronos,2026-10-12 00:00:00,2026-09-28 00:00:00,P1D,fcre,1.6,ensemble,71,Chla_ugL_mean,6.9262916420371
vera4cast,chlorocast_chronos,2026-10-13 00:00:00,2026-09-28 00:00:00,P1D,fcre,1.6,ensemble,71,Chla_ugL_mean,7.056690459682
vera4cast,chlorocast_chronos,2026-10-14 00:00:00,2026-09-28 00:00:00,P1D,fcre,1.6,ensemble,71,Chla_ugL_mean,7.1797439352799
vera4cast,chlorocast_chronos,2026-10-15 00:00:00,2026-09-28 00:00:00,P1D,fcre,1.6,ensemble,71,Chla_ugL_mean,7.21366530625476
vera4cast,chlorocast_chronos,2026-10-16 00:00:00,2026-09-28 00:00:00,P1D,fcre,1.6,ensemble,71,Chla_ugL_mean,7.31410356710509
vera4cast,chlorocast_chronos,2026-10-17 00:00:00,2026-09-28 00:00:00,P1D,fcre,1.6,ensemble,71,Chla_ugL_mean,7.23787513314433
vera4cast,chlorocast_chronos,2026-10-18 00:00:00,2026-09-28 00:00:00,P1D,fcre,1.6,ensemble,71,Chla_ugL_mean,7.23892729239964
vera4cast,chlorocast_chronos,2026-10-19 00:00:00,2026-09-28 00:00:00,P1D,fcre,1.6,ensemble,71,Chla_ugL_mean,7.24597305241055
vera4cast,chlorocast_chronos,2026-10-20 00:00:00,2026-09-28 00:00:00,P1D,fcre,1.6,ensemble,71,Chla_ugL_mean,7.74939451994157
vera4cast,chlorocast_chronos,2026-10-21 00:00:00,2026-09-28 00:00:00,P1D,fcre,1.6,ensemble,71,Chla_ugL_mean,7.75555970634438
vera4cast,chlorocast_chronos,2026-10-22 00:00:00,2026-09-28 00:00:00,P1D,fcre,1.6,ensemble,71,Chla_ugL_mean,7.68472140659669
vera4cast,chlorocast_chronos,2026-10-23 00:00:00,2026-09-28 00:00:00,P1D,fcre,1.6,ensemble,71,Chla_ugL_mean,7.40136939411623
vera4cast,chlorocast_chronos,2026-10-24 00:00:00,2026-09-28 00:00:00,P1D,fcre,1.6,ensemble,71,Chla_ugL_mean,7.24756258548632
vera4cast,chlorocast_chronos,2026-10-25 00:00:00,2026-09-28 00:00:00,P1D,fcre,1.6,ensemble,71,Chla_ugL_mean,7.07073377892137
vera4cast,chlorocast_chronos,2026-10-26 00:00:00,2026-09-28 00:00:00,P1D,fcre,1.6,ensemble,71,Chla_ugL_mean,6.95576612904875
vera4cast,chlorocast_chronos,2026-10-27 00:00:00,2026-09-28 00:00:00,P1D,fcre,1.6,ensemble,71,Chla_ugL_mean,6.84256672973371
vera4cast,chlorocast_chronos,2026-10-28 00:00:00,2026-09-28 00:00:00,P1D,fcre,1.6,ensemble,71,Chla_ugL_mean,6.77680615730961
vera4cast,chlorocast_chronos,2026-10-29 00:00:00,2026-09-28 00:00:00,P1D,fcre,1.6,ensemble,71,Chla_ugL_mean,6.6868994838684
vera4cast,chlorocast_chronos,2026-10-30 00:00:00,2026-09-28 00:00:00,P1D,fcre,1.6,ensemble,71,Chla_ugL_mean,6.64128711716659
vera4cast,chlorocast_chronos,2026-10-31 00:00:00,2026-09-28 00:00:00,P1D,fcre,1.6,ensemble,71,Chla_ugL_mean,6.58331953560191
vera4cast,chlorocast_chronos,2026-11-01 00:00:00,2026-09-28 00:00:00,P1D,fcre,1.6,ensemble,71,Chla_ugL_mean,6.57130137617714
vera4cast,chlorocast_chronos,2026-11-02 00:00:00,2026-09-28 00:00:00,P1D,fcre,1.6,ensemble,71,Chla_ugL_mean,6.55677987350351
vera4cast,chlorocast_chronos,2026-09-29 00:00:00,2026-09-28 00:00:00,P1D,fcre,1.6,ensemble,72,Chla_ugL_mean,7.22866313696753
vera4cast,chlorocast_chronos,2026-09-30 00:00:00,2026-09-28 00:00:00,P1D,fcre,1.6,ensemble,72,Chla_ugL_mean,7.16780514104222
vera4cast,chlorocast_chronos,2026-10-01 00:00:00,2026-09-28 00:00:00,P1D,fcre,1.6,ensemble,72,Chla_ugL_mean,7.06116774556594
vera4cast,chlorocast_chronos,2026-10-02 00:00:00,2026-09-28 00:00:00,P1D,fcre,1.6,ensemble,72,Chla_ugL_mean,6.89763469853827
vera4cast,chlorocast_chronos,2026-10-03 00:00:00,2026-09-28 00:00:00,P1D,fcre,1.6,ensemble,72,Chla_ugL_mean,6.75496901044434
vera4cast,chlorocast_chronos,2026-10-04 00:00:00,2026-09-28 00:00:00,P1D,fcre,1.6,ensemble,72,Chla_ugL_mean,6.65809184437316
vera4cast,chlorocast_chronos,2026-10-05 00:00:00,2026-09-28 00:00:00,P1D,fcre,1.6,ensemble,72,Chla_ugL_mean,6.67874719296926
vera4cast,chlorocast_chronos,2026-10-06 00:00:00,2026-09-28 00:00:00,P1D,fcre,1.6,ensemble,72,Chla_ugL_mean,6.63447724564183
vera4cast,chlorocast_chronos,2026-10-07 00:00:00,2026-09-28 00:00:00,P1D,fcre,1.6,ensemble,72,Chla_ugL_mean,6.71799885130361
vera4cast,chlorocast_chronos,2026-10-08 00:00:00,2026-09-28 00:00:00,P1D,fcre,1.6,ensemble,72,Chla_ugL_mean,6.78323281976721
vera4cast,chlorocast_chronos,2026-10-09 00:00:00,2026-09-28 00:00:00,P1D,fcre,1.6,ensemble,72,Chla_ugL_mean,6.74637401190908
vera4cast,chlorocast_chronos,2026-10-10 00:00:00,2026-09-28 00:00:00,P1D,fcre,1.6,ensemble,72,Chla_ugL_mean,6.7258216843544
vera4cast,chlorocast_chronos,2026-10-11 00:00:00,2026-09-28 00:00:00,P1D,fcre,1.6,ensemble,72,Chla_ugL_mean,6.8250175618638
vera4cast,chlorocast_chronos,2026-10-12 00:00:00,2026-09-28 00:00:00,P1D,fcre,1.6,ensemble,72,Chla_ugL_mean,7.00952636357363
vera4cast,chlorocast_chronos,2026-10-13 00:00:00,2026-09-28 00:00:00,P1D,fcre,1.6,ensemble,72,Chla_ugL_mean,7.14261528635005
vera4cast,chlorocast_chronos,2026-10-14 00:00:00,2026-09-28 00:00:00,P1D,fcre,1.6,ensemble,72,Chla_ugL_mean,7.27165243437752
vera4cast,chlorocast_chronos,2026-10-15 00:00:00,2026-09-28 00:00:00,P1D,fcre,1.6,ensemble,72,Chla_ugL_mean,7.30874808393906
vera4cast,chlorocast_chronos,2026-10-16 00:00:00,2026-09-28 00:00:00,P1D,fcre,1.6,ensemble,72,Chla_ugL_mean,7.41210939174984
vera4cast,chlorocast_chronos,2026-10-17 00:00:00,2026-09-28 00:00:00,P1D,fcre,1.6,ensemble,72,Chla_ugL_mean,7.33637375831605
vera4cast,chlorocast_chronos,2026-10-18 00:00:00,2026-09-28 00:00:00,P1D,fcre,1.6,ensemble,72,Chla_ugL_mean,7.33640480775984
vera4cast,chlorocast_chronos,2026-10-19 00:00:00,2026-09-28 00:00:00,P1D,fcre,1.6,ensemble,72,Chla_ugL_mean,7.34268044030238
vera4cast,chlorocast_chronos,2026-10-20 00:00:00,2026-09-28 00:00:00,P1D,fcre,1.6,ensemble,72,Chla_ugL_mean,7.83295496462828
vera4cast,chlorocast_chronos,2026-10-21 00:00:00,2026-09-28 00:00:00,P1D,fcre,1.6,ensemble,72,Chla_ugL_mean,7.83970275979313
vera4cast,chlorocast_chronos,2026-10-22 00:00:00,2026-09-28 00:00:00,P1D,fcre,1.6,ensemble,72,Chla_ugL_mean,7.76741992986847
vera4cast,chlorocast_chronos,2026-10-23 00:00:00,2026-09-28 00:00:00,P1D,fcre,1.6,ensemble,72,Chla_ugL_mean,7.48821744031467
vera4cast,chlorocast_chronos,2026-10-24 00:00:00,2026-09-28 00:00:00,P1D,fcre,1.6,ensemble,72,Chla_ugL_mean,7.33783223677146
vera4cast,chlorocast_chronos,2026-10-25 00:00:00,2026-09-28 00:00:00,P1D,fcre,1.6,ensemble,72,Chla_ugL_mean,7.16273611640716
vera4cast,chlorocast_chronos,2026-10-26 00:00:00,2026-09-28 00:00:00,P1D,fcre,1.6,ensemble,72,Chla_ugL_mean,7.0467155105613
vera4cast,chlorocast_chronos,2026-10-27 00:00:00,2026-09-28 00:00:00,P1D,fcre,1.6,ensemble,72,Chla_ugL_mean,6.93236492514237
vera4cast,chlorocast_chronos,2026-10-28 00:00:00,2026-09-28 00:00:00,P1D,fcre,1.6,ensemble,72,Chla_ugL_mean,6.86669735963751
vera4cast,chlorocast_chronos,2026-10-29 00:00:00,2026-09-28 00:00:00,P1D,fcre,1.6,ensemble,72,Chla_ugL_mean,6.77639442305239
vera4cast,chlorocast_chronos,2026-10-30 00:00:00,2026-09-28 00:00:00,P1D,fcre,1.6,ensemble,72,Chla_ugL_mean,6.73037482831138
vera4cast,chlorocast_chronos,2026-10-31 00:00:00,2026-09-28 00:00:00,P1D,fcre,1.6,ensemble,72,Chla_ugL_mean,6.67261722620752
vera4cast,chlorocast_chronos,2026-11-01 00:00:00,2026-09-28 00:00:00,P1D,fcre,1.6,ensemble,72,Chla_ugL_mean,6.66054726239245
vera4cast,chlorocast_chronos,2026-11-02 00:00:00,2026-09-28 00:00:00,P1D,fcre,1.6,ensemble,72,Chla_ugL_mean,6.64548675468917
vera4cast,chlorocast_chronos,2026-09-29 00:00:00,2026-09-28 00:00:00,P1D,fcre,1.6,ensemble,73,Chla_ugL_mean,7.29227852361687
vera4cast,chlorocast_chronos,2026-09-30 00:00:00,2026-09-28 00:00:00,P1D,fcre,1.6,ensemble,73,Chla_ugL_mean,7.23465858403467
vera4cast,chlorocast_chronos,2026-10-01 00:00:00,2026-09-28 00:00:00,P1D,fcre,1.6,ensemble,73,Chla_ugL_mean,7.13008986100119
vera4cast,chlorocast_chronos,2026-10-02 00:00:00,2026-09-28 00:00:00,P1D,fcre,1.6,ensemble,73,Chla_ugL_mean,6.9668700603488
vera4cast,chlorocast_chronos,2026-10-03 00:00:00,2026-09-28 00:00:00,P1D,fcre,1.6,ensemble,73,Chla_ugL_mean,6.82612325066304
vera4cast,chlorocast_chronos,2026-10-04 00:00:00,2026-09-28 00:00:00,P1D,fcre,1.6,ensemble,73,Chla_ugL_mean,6.73503717682649
vera4cast,chlorocast_chronos,2026-10-05 00:00:00,2026-09-28 00:00:00,P1D,fcre,1.6,ensemble,73,Chla_ugL_mean,6.75442984052876
vera4cast,chlorocast_chronos,2026-10-06 00:00:00,2026-09-28 00:00:00,P1D,fcre,1.6,ensemble,73,Chla_ugL_mean,6.71217487072268
vera4cast,chlorocast_chronos,2026-10-07 00:00:00,2026-09-28 00:00:00,P1D,fcre,1.6,ensemble,73,Chla_ugL_mean,6.79496418120974
vera4cast,chlorocast_chronos,2026-10-08 00:00:00,2026-09-28 00:00:00,P1D,fcre,1.6,ensemble,73,Chla_ugL_mean,6.8601975588916
vera4cast,chlorocast_chronos,2026-10-09 00:00:00,2026-09-28 00:00:00,P1D,fcre,1.6,ensemble,73,Chla_ugL_mean,6.82392779041257
vera4cast,chlorocast_chronos,2026-10-10 00:00:00,2026-09-28 00:00:00,P1D,fcre,1.6,ensemble,73,Chla_ugL_mean,6.80373223366026
vera4cast,chlorocast_chronos,2026-10-11 00:00:00,2026-09-28 00:00:00,P1D,fcre,1.6,ensemble,73,Chla_ugL_mean,6.90530475883299
vera4cast,chlorocast_chronos,2026-10-12 00:00:00,2026-09-28 00:00:00,P1D,fcre,1.6,ensemble,73,Chla_ugL_mean,7.09363514061835
vera4cast,chlorocast_chronos,2026-10-13 00:00:00,2026-09-28 00:00:00,P1D,fcre,1.6,ensemble,73,Chla_ugL_mean,7.22945650367192
vera4cast,chlorocast_chronos,2026-10-14 00:00:00,2026-09-28 00:00:00,P1D,fcre,1.6,ensemble,73,Chla_ugL_mean,7.36459362744127
vera4cast,chlorocast_chronos,2026-10-15 00:00:00,2026-09-28 00:00:00,P1D,fcre,1.6,ensemble,73,Chla_ugL_mean,7.4049315559267
vera4cast,chlorocast_chronos,2026-10-16 00:00:00,2026-09-28 00:00:00,P1D,fcre,1.6,ensemble,73,Chla_ugL_mean,7.51127049929271
vera4cast,chlorocast_chronos,2026-10-17 00:00:00,2026-09-28 00:00:00,P1D,fcre,1.6,ensemble,73,Chla_ugL_mean,7.43605011184659
vera4cast,chlorocast_chronos,2026-10-18 00:00:00,2026-09-28 00:00:00,P1D,fcre,1.6,ensemble,73,Chla_ugL_mean,7.43503561233642
vera4cast,chlorocast_chronos,2026-10-19 00:00:00,2026-09-28 00:00:00,P1D,fcre,1.6,ensemble,73,Chla_ugL_mean,7.4405219962073
vera4cast,chlorocast_chronos,2026-10-20 00:00:00,2026-09-28 00:00:00,P1D,fcre,1.6,ensemble,73,Chla_ugL_mean,7.91731344715639
vera4cast,chlorocast_chronos,2026-10-21 00:00:00,2026-09-28 00:00:00,P1D,fcre,1.6,ensemble,73,Chla_ugL_mean,7.92465444840412
vera4cast,chlorocast_chronos,2026-10-22 00:00:00,2026-09-28 00:00:00,P1D,fcre,1.6,ensemble,73,Chla_ugL_mean,7.85090593329431
vera4cast,chlorocast_chronos,2026-10-23 00:00:00,2026-09-28 00:00:00,P1D,fcre,1.6,ensemble,73,Chla_ugL_mean,7.5759632667171
vera4cast,chlorocast_chronos,2026-10-24 00:00:00,2026-09-28 00:00:00,P1D,fcre,1.6,ensemble,73,Chla_ugL_mean,7.42908989025224
vera4cast,chlorocast_chronos,2026-10-25 00:00:00,2026-09-28 00:00:00,P1D,fcre,1.6,ensemble,73,Chla_ugL_mean,7.25578723462774
vera4cast,chlorocast_chronos,2026-10-26 00:00:00,2026-09-28 00:00:00,P1D,fcre,1.6,ensemble,73,Chla_ugL_mean,7.13870461469305
vera4cast,chlorocast_chronos,2026-10-27 00:00:00,2026-09-28 00:00:00,P1D,fcre,1.6,ensemble,73,Chla_ugL_mean,7.02319131912129
vera4cast,chlorocast_chronos,2026-10-28 00:00:00,2026-09-28 00:00:00,P1D,fcre,1.6,ensemble,73,Chla_ugL_mean,6.95762760396962
vera4cast,chlorocast_chronos,2026-10-29 00:00:00,2026-09-28 00:00:00,P1D,fcre,1.6,ensemble,73,Chla_ugL_mean,6.86693130953339
vera4cast,chlorocast_chronos,2026-10-30 00:00:00,2026-09-28 00:00:00,P1D,fcre,1.6,ensemble,73,Chla_ugL_mean,6.82050118911758
vera4cast,chlorocast_chronos,2026-10-31 00:00:00,2026-09-28 00:00:00,P1D,fcre,1.6,ensemble,73,Chla_ugL_mean,6.76296644543592
vera4cast,chlorocast_chronos,2026-11-01 00:00:00,2026-09-28 00:00:00,P1D,fcre,1.6,ensemble,73,Chla_ugL_mean,6.75084512472263
vera4cast,chlorocast_chronos,2026-11-02 00:00:00,2026-09-28 00:00:00,P1D,fcre,1.6,ensemble,73,Chla_ugL_mean,6.73523494062387
vera4cast,chlorocast_chronos,2026-09-29 00:00:00,2026-09-28 00:00:00,P1D,fcre,1.6,ensemble,74,Chla_ugL_mean,7.3563857176657
vera4cast,chlorocast_chronos,2026-09-30 00:00:00,2026-09-28 00:00:00,P1D,fcre,1.6,ensemble,74,Chla_ugL_mean,7.30205922211353
vera4cast,chlorocast_chronos,2026-10-01 00:00:00,2026-09-28 00:00:00,P1D,fcre,1.6,ensemble,74,Chla_ugL_mean,7.19960125309536
vera4cast,chlorocast_chronos,2026-10-02 00:00:00,2026-09-28 00:00:00,P1D,fcre,1.6,ensemble,74,Chla_ugL_mean,7.03671238050927
vera4cast,chlorocast_chronos,2026-10-03 00:00:00,2026-09-28 00:00:00,P1D,fcre,1.6,ensemble,74,Chla_ugL_mean,6.89793035305233
vera4cast,chlorocast_chronos,2026-10-04 00:00:00,2026-09-28 00:00:00,P1D,fcre,1.6,ensemble,74,Chla_ugL_mean,6.81275562408526
vera4cast,chlorocast_chronos,2026-10-05 00:00:00,2026-09-28 00:00:00,P1D,fcre,1.6,ensemble,74,Chla_ugL_mean,6.83085842528317
vera4cast,chlorocast_chronos,2026-10-06 00:00:00,2026-09-28 00:00:00,P1D,fcre,1.6,ensemble,74,Chla_ugL_mean,6.79066324031018
vera4cast,chlorocast_chronos,2026-10-07 00:00:00,2026-09-28 00:00:00,P1D,fcre,1.6,ensemble,74,Chla_ugL_mean,6.87269702379909
vera4cast,chlorocast_chronos,2026-10-08 00:00:00,2026-09-28 00:00:00,P1D,fcre,1.6,ensemble,74,Chla_ugL_mean,6.93792336622577
vera4cast,chlorocast_chronos,2026-10-09 00:00:00,2026-09-28 00:00:00,P1D,fcre,1.6,ensemble,74,Chla_ugL_mean,6.90225800813149
vera4cast,chlorocast_chronos,2026-10-10 00:00:00,2026-09-28 00:00:00,P1D,fcre,1.6,ensemble,74,Chla_ugL_mean,6.88242846686372
vera4cast,chlorocast_chronos,2026-10-11 00:00:00,2026-09-28 00:00:00,P1D,fcre,1.6,ensemble,74,Chla_ugL_mean,6.98641572826609
vera4cast,chlorocast_chronos,2026-10-12 00:00:00,2026-09-28 00:00:00,P1D,fcre,1.6,ensemble,74,Chla_ugL_mean,7.17862715170898
vera4cast,chlorocast_chronos,2026-10-13 00:00:00,2026-09-28 00:00:00,P1D,fcre,1.6,ensemble,74,Chla_ugL_mean,7.31722388497927
vera4cast,chlorocast_chronos,2026-10-14 00:00:00,2026-09-28 00:00:00,P1D,fcre,1.6,ensemble,74,Chla_ugL_mean,7.45857911793369
vera4cast,chlorocast_chronos,2026-10-15 00:00:00,2026-09-28 00:00:00,P1D,fcre,1.6,ensemble,74,Chla_ugL_mean,7.50222846404095
vera4cast,chlorocast_chronos,2026-10-16 00:00:00,2026-09-28 00:00:00,P1D,fcre,1.6,ensemble,74,Chla_ugL_mean,7.61160050809341
vera4cast,chlorocast_chronos,2026-10-17 00:00:00,2026-09-28 00:00:00,P1D,fcre,1.6,ensemble,74,Chla_ugL_mean,7.53691827559835
vera4cast,chlorocast_chronos,2026-10-18 00:00:00,2026-09-28 00:00:00,P1D,fcre,1.6,ensemble,74,Chla_ugL_mean,7.53483335108135
vera4cast,chlorocast_chronos,2026-10-19 00:00:00,2026-09-28 00:00:00,P1D,fcre,1.6,ensemble,74,Chla_ugL_mean,7.53951102145741
vera4cast,chlorocast_chronos,2026-10-20 00:00:00,2026-09-28 00:00:00,P1D,fcre,1.6,ensemble,74,Chla_ugL_mean,8.00247758912723
vera4cast,chlorocast_chronos,2026-10-21 00:00:00,2026-09-28 00:00:00,P1D,fcre,1.6,ensemble,74,Chla_ugL_mean,8.01042254335749
vera4cast,chlorocast_chronos,2026-10-22 00:00:00,2026-09-28 00:00:00,P1D,fcre,1.6,ensemble,74,Chla_ugL_mean,7.93518691549656
vera4cast,chlorocast_chronos,2026-10-23 00:00:00,2026-09-28 00:00:00,P1D,fcre,1.6,ensemble,74,Chla_ugL_mean,7.66461615400778
vera4cast,chlorocast_chronos,2026-10-24 00:00:00,2026-09-28 00:00:00,P1D,fcre,1.6,ensemble,74,Chla_ugL_mean,7.52134635962213
vera4cast,chlorocast_chronos,2026-10-25 00:00:00,2026-09-28 00:00:00,P1D,fcre,1.6,ensemble,74,Chla_ugL_mean,7.34989908916009
vera4cast,chlorocast_chronos,2026-10-26 00:00:00,2026-09-28 00:00:00,P1D,fcre,1.6,ensemble,74,Chla_ugL_mean,7.23174532743055
vera4cast,chlorocast_chronos,2026-10-27 00:00:00,2026-09-28 00:00:00,P1D,fcre,1.6,ensemble,74,Chla_ugL_mean,7.1150576846498
vera4cast,chlorocast_chronos,2026-10-28 00:00:00,2026-09-28 00:00:00,P1D,fcre,1.6,ensemble,74,Chla_ugL_mean,7.04960890047219
vera4cast,chlorocast_chronos,2026-10-29 00:00:00,2026-09-28 00:00:00,P1D,fcre,1.6,ensemble,74,Chla_ugL_mean,6.95852227421152
vera4cast,chlorocast_chronos,2026-10-30 00:00:00,2026-09-28 00:00:00,P1D,fcre,1.6,ensemble,74,Chla_ugL_mean,6.91167830892223
vera4cast,chlorocast_chronos,2026-10-31 00:00:00,2026-09-28 00:00:00,P1D,fcre,1.6,ensemble,74,Chla_ugL_mean,6.8543795756056
vera4cast,chlorocast_chronos,2026-11-01 00:00:00,2026-09-28 00:00:00,P1D,fcre,1.6,ensemble,74,Chla_ugL_mean,6.84220736322102
vera4cast,chlorocast_chronos,2026-11-02 00:00:00,2026-09-28 00:00:00,P1D,fcre,1.6,ensemble,74,Chla_ugL_mean,6.82603665488672
vera4cast,chlorocast_chronos,2026-09-29 00:00:00,2026-09-28 00:00:00,P1D,fcre,1.6,ensemble,75,Chla_ugL_mean,7.42098852125262
vera4cast,chlorocast_chronos,2026-09-30 00:00:00,2026-09-28 00:00:00,P1D,fcre,1.6,ensemble,75,Chla_ugL_mean,7.37001153406776
vera4cast,chlorocast_chronos,2026-10-01 00:00:00,2026-09-28 00:00:00,P1D,fcre,1.6,ensemble,75,Chla_ugL_mean,7.26970696010036
vera4cast,chlorocast_chronos,2026-10-02 00:00:00,2026-09-28 00:00:00,P1D,fcre,1.6,ensemble,75,Chla_ugL_mean,7.10716697997748
vera4cast,chlorocast_chronos,2026-10-03 00:00:00,2026-09-28 00:00:00,P1D,fcre,1.6,ensemble,75,Chla_ugL_mean,6.97039630782465
vera4cast,chlorocast_chronos,2026-10-04 00:00:00,2026-09-28 00:00:00,P1D,fcre,1.6,ensemble,75,Chla_ugL_mean,6.89125495408658
vera4cast,chlorocast_chronos,2026-10-05 00:00:00,2026-09-28 00:00:00,P1D,fcre,1.6,ensemble,75,Chla_ugL_mean,6.90804029927841
vera4cast,chlorocast_chronos,2026-10-06 00:00:00,2026-09-28 00:00:00,P1D,fcre,1.6,ensemble,75,Chla_ugL_mean,6.86995040197174
vera4cast,chlorocast_chronos,2026-10-07 00:00:00,2026-09-28 00:00:00,P1D,fcre,1.6,ensemble,75,Chla_ugL_mean,6.95120503285189
vera4cast,chlorocast_chronos,2026-10-08 00:00:00,2026-09-28 00:00:00,P1D,fcre,1.6,ensemble,75,Chla_ugL_mean,7.01641776761633
vera4cast,chlorocast_chronos,2026-10-09 00:00:00,2026-09-28 00:00:00,P1D,fcre,1.6,ensemble,75,Chla_ugL_mean,6.98137243848276
vera4cast,chlorocast_chronos,2026-10-10 00:00:00,2026-09-28 00:00:00,P1D,fcre,1.6,ensemble,75,Chla_ugL_mean,6.96191830714326
vera4cast,chlorocast_chronos,2026-10-11 00:00:00,2026-09-28 00:00:00,P1D,fcre,1.6,ensemble,75,Chla_ugL_mean,7.06835892233355
vera4cast,chlorocast_chronos,2026-10-12 00:00:00,2026-09-28 00:00:00,P1D,fcre,1.6,ensemble,75,Chla_ugL_mean,7.26451167176793
vera4cast,chlorocast_chronos,2026-10-13 00:00:00,2026-09-28 00:00:00,P1D,fcre,1.6,ensemble,75,Chla_ugL_mean,7.40592730783665
vera4cast,chlorocast_chronos,2026-10-14 00:00:00,2026-09-28 00:00:00,P1D,fcre,1.6,ensemble,75,Chla_ugL_mean,7.55362063969511
vera4cast,chlorocast_chronos,2026-10-15 00:00:00,2026-09-28 00:00:00,P1D,fcre,1.6,ensemble,75,Chla_ugL_mean,7.6006516976066
vera4cast,chlorocast_chronos,2026-10-16 00:00:00,2026-09-28 00:00:00,P1D,fcre,1.6,ensemble,75,Chla_ugL_mean,7.71311319704356
vera4cast,chlorocast_chronos,2026-10-17 00:00:00,2026-09-28 00:00:00,P1D,fcre,1.6,ensemble,75,Chla_ugL_mean,7.63899249980776
vera4cast,chlorocast_chronos,2026-10-18 00:00:00,2026-09-28 00:00:00,P1D,fcre,1.6,ensemble,75,Chla_ugL_mean,7.63581183038463
vera4cast,chlorocast_chronos,2026-10-19 00:00:00,2026-09-28 00:00:00,P1D,fcre,1.6,ensemble,75,Chla_ugL_mean,7.63966097338058
vera4cast,chlorocast_chronos,2026-10-20 00:00:00,2026-09-28 00:00:00,P1D,fcre,1.6,ensemble,75,Chla_ugL_mean,8.08845508493167
vera4cast,chlorocast_chronos,2026-10-21 00:00:00,2026-09-28 00:00:00,P1D,fcre,1.6,ensemble,75,Chla_ugL_mean,8.09701489051631
vera4cast,chlorocast_chronos,2026-10-22 00:00:00,2026-09-28 00:00:00,P1D,fcre,1.6,ensemble,75,Chla_ugL_mean,8.02027044650166
vera4cast,chlorocast_chronos,2026-10-23 00:00:00,2026-09-28 00:00:00,P1D,fcre,1.6,ensemble,75,Chla_ugL_mean,7.75418547880881
vera4cast,chlorocast_chronos,2026-10-24 00:00:00,2026-09-28 00:00:00,P1D,fcre,1.6,ensemble,75,Chla_ugL_mean,7.61461257693058
vera4cast,chlorocast_chronos,2026-10-25 00:00:00,2026-09-28 00:00:00,P1D,fcre,1.6,ensemble,75,Chla_ugL_mean,7.44508377186883
vera4cast,chlorocast_chronos,2026-10-26 00:00:00,2026-09-28 00:00:00,P1D,fcre,1.6,ensemble,75,Chla_ugL_mean,7.32584967063956
vera4cast,chlorocast_chronos,2026-10-27 00:00:00,2026-09-28 00:00:00,P1D,fcre,1.6,ensemble,75,Chla_ugL_mean,7.2079759295091
vera4cast,chlorocast_chronos,2026-10-28 00:00:00,2026-09-28 00:00:00,P1D,fcre,1.6,ensemble,75,Chla_ugL_mean,7.14265339813563
vera4cast,chlorocast_chronos,2026-10-29 00:00:00,2026-09-28 00:00:00,P1D,fcre,1.6,ensemble,75,Chla_ugL_mean,7.05117958922126
vera4cast,chlorocast_chronos,2026-10-30 00:00:00,2026-09-28 00:00:00,P1D,fcre,1.6,ensemble,75,Chla_ugL_mean,7.00391843824184
vera4cast,chlorocast_chronos,2026-10-31 00:00:00,2026-09-28 00:00:00,P1D,fcre,1.6,ensemble,75,Chla_ugL_mean,6.94686914484354
vera4cast,chlorocast_chronos,2026-11-01 00:00:00,2026-09-28 00:00:00,P1D,fcre,1.6,ensemble,75,Chla_ugL_mean,6.93464652410517
vera4cast,chlorocast_chronos,2026-11-02 00:00:00,2026-09-28 00:00:00,P1D,fcre,1.6,ensemble,75,Chla_ugL_mean,6.91790426454594
vera4cast,chlorocast_chronos,2026-09-29 00:00:00,2026-09-28 00:00:00,P1D,fcre,1.6,ensemble,76,Chla_ugL_mean,7.48609076591038
vera4cast,chlorocast_chronos,2026-09-30 00:00:00,2026-09-28 00:00:00,P1D,fcre,1.6,ensemble,76,Chla_ugL_mean,7.4385200353452
vera4cast,chlorocast_chronos,2026-10-01 00:00:00,2026-09-28 00:00:00,P1D,fcre,1.6,ensemble,76,Chla_ugL_mean,7.34041206334464
vera4cast,chlorocast_chronos,2026-10-02 00:00:00,2026-09-28 00:00:00,P1D,fcre,1.6,ensemble,76,Chla_ugL_mean,7.1782392263579
vera4cast,chlorocast_chronos,2026-10-03 00:00:00,2026-09-28 00:00:00,P1D,fcre,1.6,ensemble,76,Chla_ugL_mean,7.04352716015446
vera4cast,chlorocast_chronos,2026-10-04 00:00:00,2026-09-28 00:00:00,P1D,fcre,1.6,ensemble,76,Chla_ugL_mean,6.97054301281654
vera4cast,chlorocast_chronos,2026-10-05 00:00:00,2026-09-28 00:00:00,P1D,fcre,1.6,ensemble,76,Chla_ugL_mean,6.98598288702301
vera4cast,chlorocast_chronos,2026-10-06 00:00:00,2026-09-28 00:00:00,P1D,fcre,1.6,ensemble,76,Chla_ugL_mean,6.9500444851765
vera4cast,chlorocast_chronos,2026-10-07 00:00:00,2026-09-28 00:00:00,P1D,fcre,1.6,ensemble,76,Chla_ugL_mean,7.03049593847327
vera4cast,chlorocast_chronos,2026-10-08 00:00:00,2026-09-28 00:00:00,P1D,fcre,1.6,ensemble,76,Chla_ugL_mean,7.09568836332943
vera4cast,chlorocast_chronos,2026-10-09 00:00:00,2026-09-28 00:00:00,P1D,fcre,1.6,ensemble,76,Chla_ugL_mean,7.06127893270785
vera4cast,chlorocast_chronos,2026-10-10 00:00:00,2026-09-28 00:00:00,P1D,fcre,1.6,ensemble,76,Chla_ugL_mean,7.04220975757812
vera4cast,chlorocast_chronos,2026-10-11 00:00:00,2026-09-28 00:00:00,P1D,fcre,1.6,ensemble,76,Chla_ugL_mean,7.15114287992778
vera4cast,chlorocast_chronos,2026-10-12 00:00:00,2026-09-28 00:00:00,P1D,fcre,1.6,ensemble,76,Chla_ugL_mean,7.3512980731144
vera4cast,chlorocast_chronos,2026-10-13 00:00:00,2026-09-28 00:00:00,P1D,fcre,1.6,ensemble,76,Chla_ugL_mean,7.49557675515308
vera4cast,chlorocast_chronos,2026-10-14 00:00:00,2026-09-28 00:00:00,P1D,fcre,1.6,ensemble,76,Chla_ugL_mean,7.64973005840858
vera4cast,chlorocast_chronos,2026-10-15 00:00:00,2026-09-28 00:00:00,P1D,fcre,1.6,ensemble,76,Chla_ugL_mean,7.7002142951574
vera4cast,chlorocast_chronos,2026-10-16 00:00:00,2026-09-28 00:00:00,P1D,fcre,1.6,ensemble,76,Chla_ugL_mean,7.81582250745892
vera4cast,chlorocast_chronos,2026-10-17 00:00:00,2026-09-28 00:00:00,P1D,fcre,1.6,ensemble,76,Chla_ugL_mean,7.74228720509847
vera4cast,chlorocast_chronos,2026-10-18 00:00:00,2026-09-28 00:00:00,P1D,fcre,1.6,ensemble,76,Chla_ugL_mean,7.73798501998428
vera4cast,chlorocast_chronos,2026-10-19 00:00:00,2026-09-28 00:00:00,P1D,fcre,1.6,ensemble,76,Chla_ugL_mean,7.74098546712997
vera4cast,chlorocast_chronos,2026-10-20 00:00:00,2026-09-28 00:00:00,P1D,fcre,1.6,ensemble,76,Chla_ugL_mean,8.17525370244528
vera4cast,chlorocast_chronos,2026-10-21 00:00:00,2026-09-28 00:00:00,P1D,fcre,1.6,ensemble,76,Chla_ugL_mean,8.18443941114428
vera4cast,chlorocast_chronos,2026-10-22 00:00:00,2026-09-28 00:00:00,P1D,fcre,1.6,ensemble,76,Chla_ugL_mean,8.10616416842015
vera4cast,chlorocast_chronos,2026-10-23 00:00:00,2026-09-28 00:00:00,P1D,fcre,1.6,ensemble,76,Chla_ugL_mean,7.84468071467188
vera4cast,chlorocast_chronos,2026-10-24 00:00:00,2026-09-28 00:00:00,P1D,fcre,1.6,ensemble,76,Chla_ugL_mean,7.70889959387842
vera4cast,chlorocast_chronos,2026-10-25 00:00:00,2026-09-28 00:00:00,P1D,fcre,1.6,ensemble,76,Chla_ugL_mean,7.54135351245977
vera4cast,chlorocast_chronos,2026-10-26 00:00:00,2026-09-28 00:00:00,P1D,fcre,1.6,ensemble,76,Chla_ugL_mean,7.42102980361835
vera4cast,chlorocast_chronos,2026-10-27 00:00:00,2026-09-28 00:00:00,P1D,fcre,1.6,ensemble,76,Chla_ugL_mean,7.30195809782565
vera4cast,chlorocast_chronos,2026-10-28 00:00:00,2026-09-28 00:00:00,P1D,fcre,1.6,ensemble,76,Chla_ugL_mean,7.2367733863791
vera4cast,chlorocast_chronos,2026-10-29 00:00:00,2026-09-28 00:00:00,P1D,fcre,1.6,ensemble,76,Chla_ugL_mean,7.14491566957574
vera4cast,chlorocast_chronos,2026-10-30 00:00:00,2026-09-28 00:00:00,P1D,fcre,1.6,ensemble,76,Chla_ugL_mean,7.09723397041843
vera4cast,chlorocast_chronos,2026-10-31 00:00:00,2026-09-28 00:00:00,P1D,fcre,1.6,ensemble,76,Chla_ugL_mean,7.04044782880218
vera4cast,chlorocast_chronos,2026-11-01 00:00:00,2026-09-28 00:00:00,P1D,fcre,1.6,ensemble,76,Chla_ugL_mean,7.02817530147983
vera4cast,chlorocast_chronos,2026-11-02 00:00:00,2026-09-28 00:00:00,P1D,fcre,1.6,ensemble,76,Chla_ugL_mean,7.01085028184324
vera4cast,chlorocast_chronos,2026-09-29 00:00:00,2026-09-28 00:00:00,P1D,fcre,1.6,ensemble,77,Chla_ugL_mean,7.55169631279316
vera4cast,chlorocast_chronos,2026-09-30 00:00:00,2026-09-28 00:00:00,P1D,fcre,1.6,ensemble,77,Chla_ugL_mean,7.50758927835258
vera4cast,chlorocast_chronos,2026-10-01 00:00:00,2026-09-28 00:00:00,P1D,fcre,1.6,ensemble,77,Chla_ugL_mean,7.41172168760144
vera4cast,chlorocast_chronos,2026-10-02 00:00:00,2026-09-28 00:00:00,P1D,fcre,1.6,ensemble,77,Chla_ugL_mean,7.24993453431065
vera4cast,chlorocast_chronos,2026-10-03 00:00:00,2026-09-28 00:00:00,P1D,fcre,1.6,ensemble,77,Chla_ugL_mean,7.1173290106826
vera4cast,chlorocast_chronos,2026-10-04 00:00:00,2026-09-28 00:00:00,P1D,fcre,1.6,ensemble,77,Chla_ugL_mean,7.05062772509448
vera4cast,chlorocast_chronos,2026-10-05 00:00:00,2026-09-28 00:00:00,P1D,fcre,1.6,ensemble,77,Chla_ugL_mean,7.06469368620235
vera4cast,chlorocast_chronos,2026-10-06 00:00:00,2026-09-28 00:00:00,P1D,fcre,1.6,ensemble,77,Chla_ugL_mean,7.03095370212883
vera4cast,chlorocast_chronos,2026-10-07 00:00:00,2026-09-28 00:00:00,P1D,fcre,1.6,ensemble,77,Chla_ugL_mean,7.11057754785444
vera4cast,chlorocast_chronos,2026-10-08 00:00:00,2026-09-28 00:00:00,P1D,fcre,1.6,ensemble,77,Chla_ugL_mean,7.17574282878671
vera4cast,chlorocast_chronos,2026-10-09 00:00:00,2026-09-28 00:00:00,P1D,fcre,1.6,ensemble,77,Chla_ugL_mean,7.14198542065188
vera4cast,chlorocast_chronos,2026-10-10 00:00:00,2026-09-28 00:00:00,P1D,fcre,1.6,ensemble,77,Chla_ugL_mean,7.1233109019541
vera4cast,chlorocast_chronos,2026-10-11 00:00:00,2026-09-28 00:00:00,P1D,fcre,1.6,ensemble,77,Chla_ugL_mean,7.234776227553
vera4cast,chlorocast_chronos,2026-10-12 00:00:00,2026-09-28 00:00:00,P1D,fcre,1.6,ensemble,77,Chla_ugL_mean,7.43899582648719
vera4cast,chlorocast_chronos,2026-10-13 00:00:00,2026-09-28 00:00:00,P1D,fcre,1.6,ensemble,77,Chla_ugL_mean,7.5861823163056
vera4cast,chlorocast_chronos,2026-10-14 00:00:00,2026-09-28 00:00:00,P1D,fcre,1.6,ensemble,77,Chla_ugL_mean,7.74691937308127
vera4cast,chlorocast_chronos,2026-10-15 00:00:00,2026-09-28 00:00:00,P1D,fcre,1.6,ensemble,77,Chla_ugL_mean,7.8009294461634
vera4cast,chlorocast_chronos,2026-10-16 00:00:00,2026-09-28 00:00:00,P1D,fcre,1.6,ensemble,77,Chla_ugL_mean,7.91974254499413
vera4cast,chlorocast_chronos,2026-10-17 00:00:00,2026-09-28 00:00:00,P1D,fcre,1.6,ensemble,77,Chla_ugL_mean,7.84681698451864
vera4cast,chlorocast_chronos,2026-10-18 00:00:00,2026-09-28 00:00:00,P1D,fcre,1.6,ensemble,77,Chla_ugL_mean,7.84136705489901
vera4cast,chlorocast_chronos,2026-10-19 00:00:00,2026-09-28 00:00:00,P1D,fcre,1.6,ensemble,77,Chla_ugL_mean,7.84349827753498
vera4cast,chlorocast_chronos,2026-10-20 00:00:00,2026-09-28 00:00:00,P1D,fcre,1.6,ensemble,77,Chla_ugL_mean,8.26288128373017
vera4cast,chlorocast_chronos,2026-10-21 00:00:00,2026-09-28 00:00:00,P1D,fcre,1.6,ensemble,77,Chla_ugL_mean,8.27270410263039
vera4cast,chlorocast_chronos,2026-10-22 00:00:00,2026-09-28 00:00:00,P1D,fcre,1.6,ensemble,77,Chla_ugL_mean,8.192875796133
vera4cast,chlorocast_chronos,2026-10-23 00:00:00,2026-09-28 00:00:00,P1D,fcre,1.6,ensemble,77,Chla_ugL_mean,7.93611143308026
vera4cast,chlorocast_chronos,2026-10-24 00:00:00,2026-09-28 00:00:00,P1D,fcre,1.6,ensemble,77,Chla_ugL_mean,7.80421858312745
vera4cast,chlorocast_chronos,2026-10-25 00:00:00,2026-09-28 00:00:00,P1D,fcre,1.6,ensemble,77,Chla_ugL_mean,7.6387206800513
vera4cast,chlorocast_chronos,2026-10-26 00:00:00,2026-09-28 00:00:00,P1D,fcre,1.6,ensemble,77,Chla_ugL_mean,7.51729802466891
vera4cast,chlorocast_chronos,2026-10-27 00:00:00,2026-09-28 00:00:00,P1D,fcre,1.6,ensemble,77,Chla_ugL_mean,7.39701637163244
vera4cast,chlorocast_chronos,2026-10-28 00:00:00,2026-09-28 00:00:00,P1D,fcre,1.6,ensemble,77,Chla_ugL_mean,7.33198129667376
vera4cast,chlorocast_chronos,2026-10-29 00:00:00,2026-09-28 00:00:00,P1D,fcre,1.6,ensemble,77,Chla_ugL_mean,7.23974307483025
vera4cast,chlorocast_chronos,2026-10-30 00:00:00,2026-09-28 00:00:00,P1D,fcre,1.6,ensemble,77,Chla_ugL_mean,7.19163744328465
vera4cast,chlorocast_chronos,2026-10-31 00:00:00,2026-09-28 00:00:00,P1D,fcre,1.6,ensemble,77,Chla_ugL_mean,7.13512845239664
vera4cast,chlorocast_chronos,2026-11-01 00:00:00,2026-09-28 00:00:00,P1D,fcre,1.6,ensemble,77,Chla_ugL_mean,7.12280653908011
vera4cast,chlorocast_chronos,2026-11-02 00:00:00,2026-09-28 00:00:00,P1D,fcre,1.6,ensemble,77,Chla_ugL_mean,7.10488736589796
vera4cast,chlorocast_chronos,2026-09-29 00:00:00,2026-09-28 00:00:00,P1D,fcre,1.6,ensemble,78,Chla_ugL_mean,7.61780905290548
vera4cast,chlorocast_chronos,2026-09-30 00:00:00,2026-09-28 00:00:00,P1D,fcre,1.6,ensemble,78,Chla_ugL_mean,7.57722385275807
vera4cast,chlorocast_chronos,2026-10-01 00:00:00,2026-09-28 00:00:00,P1D,fcre,1.6,ensemble,78,Chla_ugL_mean,7.48364100146027
vera4cast,chlorocast_chronos,2026-10-02 00:00:00,2026-09-28 00:00:00,P1D,fcre,1.6,ensemble,78,Chla_ugL_mean,7.32225836596392
vera4cast,chlorocast_chronos,2026-10-03 00:00:00,2026-09-28 00:00:00,P1D,fcre,1.6,ensemble,78,Chla_ugL_mean,7.19180801602517
vera4cast,chlorocast_chronos,2026-10-04 00:00:00,2026-09-28 00:00:00,P1D,fcre,1.6,ensemble,78,Chla_ugL_mean,7.13151709536503
vera4cast,chlorocast_chronos,2026-10-05 00:00:00,2026-09-28 00:00:00,P1D,fcre,1.6,ensemble,78,Chla_ugL_mean,7.1441802683999
vera4cast,chlorocast_chronos,2026-10-06 00:00:00,2026-09-28 00:00:00,P1D,fcre,1.6,ensemble,78,Chla_ugL_mean,7.1126863486104
vera4cast,chlorocast_chronos,2026-10-07 00:00:00,2026-09-28 00:00:00,P1D,fcre,1.6,ensemble,78,Chla_ugL_mean,7.19145774604135
vera4cast,chlorocast_chronos,2026-10-08 00:00:00,2026-09-28 00:00:00,P1D,fcre,1.6,ensemble,78,Chla_ugL_mean,7.25658891530844
vera4cast,chlorocast_chronos,2026-10-09 00:00:00,2026-09-28 00:00:00,P1D,fcre,1.6,ensemble,78,Chla_ugL_mean,7.22349991155061
vera4cast,chlorocast_chronos,2026-10-10 00:00:00,2026-09-28 00:00:00,P1D,fcre,1.6,ensemble,78,Chla_ugL_mean,7.20522990557739
vera4cast,chlorocast_chronos,2026-10-11 00:00:00,2026-09-28 00:00:00,P1D,fcre,1.6,ensemble,78,Chla_ugL_mean,7.31926768022409
vera4cast,chlorocast_chronos,2026-10-12 00:00:00,2026-09-28 00:00:00,P1D,fcre,1.6,ensemble,78,Chla_ugL_mean,7.52761450207823
vera4cast,chlorocast_chronos,2026-10-13 00:00:00,2026-09-28 00:00:00,P1D,fcre,1.6,ensemble,78,Chla_ugL_mean,7.67775418827472
vera4cast,chlorocast_chronos,2026-10-14 00:00:00,2026-09-28 00:00:00,P1D,fcre,1.6,ensemble,78,Chla_ugL_mean,7.8452007175425
vera4cast,chlorocast_chronos,2026-10-15 00:00:00,2026-09-28 00:00:00,P1D,fcre,1.6,ensemble,78,Chla_ugL_mean,7.90281049277818
vera4cast,chlorocast_chronos,2026-10-16 00:00:00,2026-09-28 00:00:00,P1D,fcre,1.6,ensemble,78,Chla_ugL_mean,8.02488758157988
vera4cast,chlorocast_chronos,2026-10-17 00:00:00,2026-09-28 00:00:00,P1D,fcre,1.6,ensemble,78,Chla_ugL_mean,7.9525966056026
vera4cast,chlorocast_chronos,2026-10-18 00:00:00,2026-09-28 00:00:00,P1D,fcre,1.6,ensemble,78,Chla_ugL_mean,7.94597223738365
vera4cast,chlorocast_chronos,2026-10-19 00:00:00,2026-09-28 00:00:00,P1D,fcre,1.6,ensemble,78,Chla_ugL_mean,7.94721334097389
vera4cast,chlorocast_chronos,2026-10-20 00:00:00,2026-09-28 00:00:00,P1D,fcre,1.6,ensemble,78,Chla_ugL_mean,8.35134574574347
vera4cast,chlorocast_chronos,2026-10-21 00:00:00,2026-09-28 00:00:00,P1D,fcre,1.6,ensemble,78,Chla_ugL_mean,8.36181703922046
vera4cast,chlorocast_chronos,2026-10-22 00:00:00,2026-09-28 00:00:00,P1D,fcre,1.6,ensemble,78,Chla_ugL_mean,8.28041311798464
vera4cast,chlorocast_chronos,2026-10-23 00:00:00,2026-09-28 00:00:00,P1D,fcre,1.6,ensemble,78,Chla_ugL_mean,8.02848730446119
vera4cast,chlorocast_chronos,2026-10-24 00:00:00,2026-09-28 00:00:00,P1D,fcre,1.6,ensemble,78,Chla_ugL_mean,7.90058083962437
vera4cast,chlorocast_chronos,2026-10-25 00:00:00,2026-09-28 00:00:00,P1D,fcre,1.6,ensemble,78,Chla_ugL_mean,7.73719778476356
vera4cast,chlorocast_chronos,2026-10-26 00:00:00,2026-09-28 00:00:00,P1D,fcre,1.6,ensemble,78,Chla_ugL_mean,7.61466677268592
vera4cast,chlorocast_chronos,2026-10-27 00:00:00,2026-09-28 00:00:00,P1D,fcre,1.6,ensemble,78,Chla_ugL_mean,7.49316307244797
vera4cast,chlorocast_chronos,2026-10-28 00:00:00,2026-09-28 00:00:00,P1D,fcre,1.6,ensemble,78,Chla_ugL_mean,7.42828970418468
vera4cast,chlorocast_chronos,2026-10-29 00:00:00,2026-09-28 00:00:00,P1D,fcre,1.6,ensemble,78,Chla_ugL_mean,7.335674510765
vera4cast,chlorocast_chronos,2026-10-30 00:00:00,2026-09-28 00:00:00,P1D,fcre,1.6,ensemble,78,Chla_ugL_mean,7.28714154084836
vera4cast,chlorocast_chronos,2026-10-31 00:00:00,2026-09-28 00:00:00,P1D,fcre,1.6,ensemble,78,Chla_ugL_mean,7.23092399156237
vera4cast,chlorocast_chronos,2026-11-01 00:00:00,2026-09-28 00:00:00,P1D,fcre,1.6,ensemble,78,Chla_ugL_mean,7.21855323203526
vera4cast,chlorocast_chronos,2026-11-02 00:00:00,2026-09-28 00:00:00,P1D,fcre,1.6,ensemble,78,Chla_ugL_mean,7.20002832443121
vera4cast,chlorocast_chronos,2026-09-29 00:00:00,2026-09-28 00:00:00,P1D,fcre,1.6,ensemble,79,Chla_ugL_mean,7.68443290733305
vera4cast,chlorocast_chronos,2026-09-30 00:00:00,2026-09-28 00:00:00,P1D,fcre,1.6,ensemble,79,Chla_ugL_mean,7.64742838579627
vera4cast,chlorocast_chronos,2026-10-01 00:00:00,2026-09-28 00:00:00,P1D,fcre,1.6,ensemble,79,Chla_ugL_mean,7.55617521770152
vera4cast,chlorocast_chronos,2026-10-02 00:00:00,2026-09-28 00:00:00,P1D,fcre,1.6,ensemble,79,Chla_ugL_mean,7.39521623133023
vera4cast,chlorocast_chronos,2026-10-03 00:00:00,2026-09-28 00:00:00,P1D,fcre,1.6,ensemble,79,Chla_ugL_mean,7.26697038928708
vera4cast,chlorocast_chronos,2026-10-04 00:00:00,2026-09-28 00:00:00,P1D,fcre,1.6,ensemble,79,Chla_ugL_mean,7.21321920849814
vera4cast,chlorocast_chronos,2026-10-05 00:00:00,2026-09-28 00:00:00,P1D,fcre,1.6,ensemble,79,Chla_ugL_mean,7.22445027982555
vera4cast,chlorocast_chronos,2026-10-06 00:00:00,2026-09-28 00:00:00,P1D,fcre,1.6,ensemble,79,Chla_ugL_mean,7.19525080483072
vera4cast,chlorocast_chronos,2026-10-07 00:00:00,2026-09-28 00:00:00,P1D,fcre,1.6,ensemble,79,Chla_ugL_mean,7.27314449671113
vera4cast,chlorocast_chronos,2026-10-08 00:00:00,2026-09-28 00:00:00,P1D,fcre,1.6,ensemble,79,Chla_ugL_mean,7.33823445086407
vera4cast,chlorocast_chronos,2026-10-09 00:00:00,2026-09-28 00:00:00,P1D,fcre,1.6,ensemble,79,Chla_ugL_mean,7.30583049482524
vera4cast,chlorocast_chronos,2026-10-10 00:00:00,2026-09-28 00:00:00,P1D,fcre,1.6,ensemble,79,Chla_ugL_mean,7.2879750160967
vera4cast,chlorocast_chronos,2026-10-11 00:00:00,2026-09-28 00:00:00,P1D,fcre,1.6,ensemble,79,Chla_ugL_mean,7.40462604237483
vera4cast,chlorocast_chronos,2026-10-12 00:00:00,2026-09-28 00:00:00,P1D,fcre,1.6,ensemble,79,Chla_ugL_mean,7.61716377057687
vera4cast,chlorocast_chronos,2026-10-13 00:00:00,2026-09-28 00:00:00,P1D,fcre,1.6,ensemble,79,Chla_ugL_mean,7.77030267679203
vera4cast,chlorocast_chronos,2026-10-14 00:00:00,2026-09-28 00:00:00,P1D,fcre,1.6,ensemble,79,Chla_ugL_mean,7.9445863619586
vera4cast,chlorocast_chronos,2026-10-15 00:00:00,2026-09-28 00:00:00,P1D,fcre,1.6,ensemble,79,Chla_ugL_mean,8.00587093160635
vera4cast,chlorocast_chronos,2026-10-16 00:00:00,2026-09-28 00:00:00,P1D,fcre,1.6,ensemble,79,Chla_ugL_mean,8.13127205738294
vera4cast,chlorocast_chronos,2026-10-17 00:00:00,2026-09-28 00:00:00,P1D,fcre,1.6,ensemble,79,Chla_ugL_mean,8.05964101245709
vera4cast,chlorocast_chronos,2026-10-18 00:00:00,2026-09-28 00:00:00,P1D,fcre,1.6,ensemble,79,Chla_ugL_mean,8.05181503890781
vera4cast,chlorocast_chronos,2026-10-19 00:00:00,2026-09-28 00:00:00,P1D,fcre,1.6,ensemble,79,Chla_ugL_mean,8.0521447572685
vera4cast,chlorocast_chronos,2026-10-20 00:00:00,2026-09-28 00:00:00,P1D,fcre,1.6,ensemble,79,Chla_ugL_mean,8.44065508105262
vera4cast,chlorocast_chronos,2026-10-21 00:00:00,2026-09-28 00:00:00,P1D,fcre,1.6,ensemble,79,Chla_ugL_mean,8.45178637275578
vera4cast,chlorocast_chronos,2026-10-22 00:00:00,2026-09-28 00:00:00,P1D,fcre,1.6,ensemble,79,Chla_ugL_mean,8.36878399648241
vera4cast,chlorocast_chronos,2026-10-23 00:00:00,2026-09-28 00:00:00,P1D,fcre,1.6,ensemble,79,Chla_ugL_mean,8.12181809920865
vera4cast,chlorocast_chronos,2026-10-24 00:00:00,2026-09-28 00:00:00,P1D,fcre,1.6,ensemble,79,Chla_ugL_mean,7.99799778193918
vera4cast,chlorocast_chronos,2026-10-25 00:00:00,2026-09-28 00:00:00,P1D,fcre,1.6,ensemble,79,Chla_ugL_mean,7.83679747932584
vera4cast,chlorocast_chronos,2026-10-26 00:00:00,2026-09-28 00:00:00,P1D,fcre,1.6,ensemble,79,Chla_ugL_mean,7.71314862876408
vera4cast,chlorocast_chronos,2026-10-27 00:00:00,2026-09-28 00:00:00,P1D,fcre,1.6,ensemble,79,Chla_ugL_mean,7.59041066287341
vera4cast,chlorocast_chronos,2026-10-28 00:00:00,2026-09-28 00:00:00,P1D,fcre,1.6,ensemble,79,Chla_ugL_mean,7.52571132943182
vera4cast,chlorocast_chronos,2026-10-29 00:00:00,2026-09-28 00:00:00,P1D,fcre,1.6,ensemble,79,Chla_ugL_mean,7.43272283108766
vera4cast,chlorocast_chronos,2026-10-30 00:00:00,2026-09-28 00:00:00,P1D,fcre,1.6,ensemble,79,Chla_ugL_mean,7.38375909499686
vera4cast,chlorocast_chronos,2026-10-31 00:00:00,2026-09-28 00:00:00,P1D,fcre,1.6,ensemble,79,Chla_ugL_mean,7.32784757503346
vera4cast,chlorocast_chronos,2026-11-01 00:00:00,2026-09-28 00:00:00,P1D,fcre,1.6,ensemble,79,Chla_ugL_mean,7.31542852865315
vera4cast,chlorocast_chronos,2026-11-02 00:00:00,2026-09-28 00:00:00,P1D,fcre,1.6,ensemble,79,Chla_ugL_mean,7.2962861155103
vera4cast,chlorocast_chronos,2026-09-29 00:00:00,2026-09-28 00:00:00,P1D,fcre,1.6,ensemble,80,Chla_ugL_mean,7.7515718274753
vera4cast,chlorocast_chronos,2026-09-30 00:00:00,2026-09-28 00:00:00,P1D,fcre,1.6,ensemble,80,Chla_ugL_mean,7.71820754257563
vera4cast,chlorocast_chronos,2026-10-01 00:00:00,2026-09-28 00:00:00,P1D,fcre,1.6,ensemble,80,Chla_ugL_mean,7.62932959367428
vera4cast,chlorocast_chronos,2026-10-02 00:00:00,2026-09-28 00:00:00,P1D,fcre,1.6,ensemble,80,Chla_ugL_mean,7.4688136887261
vera4cast,chlorocast_chronos,2026-10-03 00:00:00,2026-09-28 00:00:00,P1D,fcre,1.6,ensemble,80,Chla_ugL_mean,7.34282240058048
vera4cast,chlorocast_chronos,2026-10-04 00:00:00,2026-09-28 00:00:00,P1D,fcre,1.6,ensemble,80,Chla_ugL_mean,7.29574223059721
vera4cast,chlorocast_chronos,2026-10-05 00:00:00,2026-09-28 00:00:00,P1D,fcre,1.6,ensemble,80,Chla_ugL_mean,7.30551144205115
vera4cast,chlorocast_chronos,2026-10-06 00:00:00,2026-09-28 00:00:00,P1D,fcre,1.6,ensemble,80,Chla_ugL_mean,7.27865553628639
vera4cast,chlorocast_chronos,2026-10-07 00:00:00,2026-09-28 00:00:00,P1D,fcre,1.6,ensemble,80,Chla_ugL_mean,7.3556458429562
vera4cast,chlorocast_chronos,2026-10-08 00:00:00,2026-09-28 00:00:00,P1D,fcre,1.6,ensemble,80,Chla_ugL_mean,7.42068734083016
vera4cast,chlorocast_chronos,2026-10-09 00:00:00,2026-09-28 00:00:00,P1D,fcre,1.6,ensemble,80,Chla_ugL_mean,7.38898534088521
vera4cast,chlorocast_chronos,2026-10-10 00:00:00,2026-09-28 00:00:00,P1D,fcre,1.6,ensemble,80,Chla_ugL_mean,7.37155456433362
vera4cast,chlorocast_chronos,2026-10-11 00:00:00,2026-09-28 00:00:00,P1D,fcre,1.6,ensemble,80,Chla_ugL_mean,7.49086020877532
vera4cast,chlorocast_chronos,2026-10-12 00:00:00,2026-09-28 00:00:00,P1D,fcre,1.6,ensemble,80,Chla_ugL_mean,7.70765340422531
vera4cast,chlorocast_chronos,2026-10-13 00:00:00,2026-09-28 00:00:00,P1D,fcre,1.6,ensemble,80,Chla_ugL_mean,7.86383819750005
vera4cast,chlorocast_chronos,2026-10-14 00:00:00,2026-09-28 00:00:00,P1D,fcre,1.6,ensemble,80,Chla_ugL_mean,8.04508871436489
vera4cast,chlorocast_chronos,2026-10-15 00:00:00,2026-09-28 00:00:00,P1D,fcre,1.6,ensemble,80,Chla_ugL_mean,8.11012441549147
vera4cast,chlorocast_chronos,2026-10-16 00:00:00,2026-09-28 00:00:00,P1D,fcre,1.6,ensemble,80,Chla_ugL_mean,8.23891058278934
vera4cast,chlorocast_chronos,2026-10-17 00:00:00,2026-09-28 00:00:00,P1D,fcre,1.6,ensemble,80,Chla_ugL_mean,8.1679653278726
vera4cast,chlorocast_chronos,2026-10-18 00:00:00,2026-09-28 00:00:00,P1D,fcre,1.6,ensemble,80,Chla_ugL_mean,8.15891010215796
vera4cast,chlorocast_chronos,2026-10-19 00:00:00,2026-09-28 00:00:00,P1D,fcre,1.6,ensemble,80,Chla_ugL_mean,8.15830679160091
vera4cast,chlorocast_chronos,2026-10-20 00:00:00,2026-09-28 00:00:00,P1D,fcre,1.6,ensemble,80,Chla_ugL_mean,8.5308173585575
vera4cast,chlorocast_chronos,2026-10-21 00:00:00,2026-09-28 00:00:00,P1D,fcre,1.6,ensemble,80,Chla_ugL_mean,8.54262033341882
vera4cast,chlorocast_chronos,2026-10-22 00:00:00,2026-09-28 00:00:00,P1D,fcre,1.6,ensemble,80,Chla_ugL_mean,8.45799636900282
vera4cast,chlorocast_chronos,2026-10-23 00:00:00,2026-09-28 00:00:00,P1D,fcre,1.6,ensemble,80,Chla_ugL_mean,8.2161136887168
vera4cast,chlorocast_chronos,2026-10-24 00:00:00,2026-09-28 00:00:00,P1D,fcre,1.6,ensemble,80,Chla_ugL_mean,8.09648095361822
vera4cast,chlorocast_chronos,2026-10-25 00:00:00,2026-09-28 00:00:00,P1D,fcre,1.6,ensemble,80,Chla_ugL_mean,7.9375325607022
vera4cast,chlorocast_chronos,2026-10-26 00:00:00,2026-09-28 00:00:00,P1D,fcre,1.6,ensemble,80,Chla_ugL_mean,7.81275631782365
vera4cast,chlorocast_chronos,2026-10-27 00:00:00,2026-09-28 00:00:00,P1D,fcre,1.6,ensemble,80,Chla_ugL_mean,7.68877174820797
vera4cast,chlorocast_chronos,2026-10-28 00:00:00,2026-09-28 00:00:00,P1D,fcre,1.6,ensemble,80,Chla_ugL_mean,7.62425903997014
vera4cast,chlorocast_chronos,2026-10-29 00:00:00,2026-09-28 00:00:00,P1D,fcre,1.6,ensemble,80,Chla_ugL_mean,7.53090103915548
vera4cast,chlorocast_chronos,2026-10-30 00:00:00,2026-09-28 00:00:00,P1D,fcre,1.6,ensemble,80,Chla_ugL_mean,7.48150308722097
vera4cast,chlorocast_chronos,2026-10-31 00:00:00,2026-09-28 00:00:00,P1D,fcre,1.6,ensemble,80,Chla_ugL_mean,7.42591248614194
vera4cast,chlorocast_chronos,2026-11-01 00:00:00,2026-09-28 00:00:00,P1D,fcre,1.6,ensemble,80,Chla_ugL_mean,7.41344573222593
vera4cast,chlorocast_chronos,2026-11-02 00:00:00,2026-09-28 00:00:00,P1D,fcre,1.6,ensemble,80,Chla_ugL_mean,7.3936738493136
vera4cast,chlorocast_chronos,2026-09-29 00:00:00,2026-09-28 00:00:00,P1D,fcre,1.6,ensemble,81,Chla_ugL_mean,7.81564807058891
vera4cast,chlorocast_chronos,2026-09-30 00:00:00,2026-09-28 00:00:00,P1D,fcre,1.6,ensemble,81,Chla_ugL_mean,7.7857680849838
vera4cast,chlorocast_chronos,2026-10-01 00:00:00,2026-09-28 00:00:00,P1D,fcre,1.6,ensemble,81,Chla_ugL_mean,7.69904076288552
vera4cast,chlorocast_chronos,2026-10-02 00:00:00,2026-09-28 00:00:00,P1D,fcre,1.6,ensemble,81,Chla_ugL_mean,7.5395671370533
vera4cast,chlorocast_chronos,2026-10-03 00:00:00,2026-09-28 00:00:00,P1D,fcre,1.6,ensemble,81,Chla_ugL_mean,7.41528570179351
vera4cast,chlorocast_chronos,2026-10-04 00:00:00,2026-09-28 00:00:00,P1D,fcre,1.6,ensemble,81,Chla_ugL_mean,7.37462941640125
vera4cast,chlorocast_chronos,2026-10-05 00:00:00,2026-09-28 00:00:00,P1D,fcre,1.6,ensemble,81,Chla_ugL_mean,7.38267922203637
vera4cast,chlorocast_chronos,2026-10-06 00:00:00,2026-09-28 00:00:00,P1D,fcre,1.6,ensemble,81,Chla_ugL_mean,7.35764023686205
vera4cast,chlorocast_chronos,2026-10-07 00:00:00,2026-09-28 00:00:00,P1D,fcre,1.6,ensemble,81,Chla_ugL_mean,7.43428246870741
vera4cast,chlorocast_chronos,2026-10-08 00:00:00,2026-09-28 00:00:00,P1D,fcre,1.6,ensemble,81,Chla_ugL_mean,7.5000324045521
vera4cast,chlorocast_chronos,2026-10-09 00:00:00,2026-09-28 00:00:00,P1D,fcre,1.6,ensemble,81,Chla_ugL_mean,7.46819911464652
vera4cast,chlorocast_chronos,2026-10-10 00:00:00,2026-09-28 00:00:00,P1D,fcre,1.6,ensemble,81,Chla_ugL_mean,7.45077436018761
vera4cast,chlorocast_chronos,2026-10-11 00:00:00,2026-09-28 00:00:00,P1D,fcre,1.6,ensemble,81,Chla_ugL_mean,7.57190285392502
vera4cast,chlorocast_chronos,2026-10-12 00:00:00,2026-09-28 00:00:00,P1D,fcre,1.6,ensemble,81,Chla_ugL_mean,7.79205507533008
vera4cast,chlorocast_chronos,2026-10-13 00:00:00,2026-09-28 00:00:00,P1D,fcre,1.6,ensemble,81,Chla_ugL_mean,7.95221895665796
vera4cast,chlorocast_chronos,2026-10-14 00:00:00,2026-09-28 00:00:00,P1D,fcre,1.6,ensemble,81,Chla_ugL_mean,8.13818535233763
vera4cast,chlorocast_chronos,2026-10-15 00:00:00,2026-09-28 00:00:00,P1D,fcre,1.6,ensemble,81,Chla_ugL_mean,8.20770626430376
vera4cast,chlorocast_chronos,2026-10-16 00:00:00,2026-09-28 00:00:00,P1D,fcre,1.6,ensemble,81,Chla_ugL_mean,8.34071326548927
vera4cast,chlorocast_chronos,2026-10-17 00:00:00,2026-09-28 00:00:00,P1D,fcre,1.6,ensemble,81,Chla_ugL_mean,8.26996030853461
vera4cast,chlorocast_chronos,2026-10-18 00:00:00,2026-09-28 00:00:00,P1D,fcre,1.6,ensemble,81,Chla_ugL_mean,8.26078665656498
vera4cast,chlorocast_chronos,2026-10-19 00:00:00,2026-09-28 00:00:00,P1D,fcre,1.6,ensemble,81,Chla_ugL_mean,8.25740585587773
vera4cast,chlorocast_chronos,2026-10-20 00:00:00,2026-09-28 00:00:00,P1D,fcre,1.6,ensemble,81,Chla_ugL_mean,8.61482361314007
vera4cast,chlorocast_chronos,2026-10-21 00:00:00,2026-09-28 00:00:00,P1D,fcre,1.6,ensemble,81,Chla_ugL_mean,8.62681123615552
vera4cast,chlorocast_chronos,2026-10-22 00:00:00,2026-09-28 00:00:00,P1D,fcre,1.6,ensemble,81,Chla_ugL_mean,8.54077346051404
vera4cast,chlorocast_chronos,2026-10-23 00:00:00,2026-09-28 00:00:00,P1D,fcre,1.6,ensemble,81,Chla_ugL_mean,8.3036546974276
vera4cast,chlorocast_chronos,2026-10-24 00:00:00,2026-09-28 00:00:00,P1D,fcre,1.6,ensemble,81,Chla_ugL_mean,8.18686573355165
vera4cast,chlorocast_chronos,2026-10-25 00:00:00,2026-09-28 00:00:00,P1D,fcre,1.6,ensemble,81,Chla_ugL_mean,8.03082882695862
vera4cast,chlorocast_chronos,2026-10-26 00:00:00,2026-09-28 00:00:00,P1D,fcre,1.6,ensemble,81,Chla_ugL_mean,7.90508148880072
vera4cast,chlorocast_chronos,2026-10-27 00:00:00,2026-09-28 00:00:00,P1D,fcre,1.6,ensemble,81,Chla_ugL_mean,7.77981110178547
vera4cast,chlorocast_chronos,2026-10-28 00:00:00,2026-09-28 00:00:00,P1D,fcre,1.6,ensemble,81,Chla_ugL_mean,7.71612872852568
vera4cast,chlorocast_chronos,2026-10-29 00:00:00,2026-09-28 00:00:00,P1D,fcre,1.6,ensemble,81,Chla_ugL_mean,7.62200188594904
vera4cast,chlorocast_chronos,2026-10-30 00:00:00,2026-09-28 00:00:00,P1D,fcre,1.6,ensemble,81,Chla_ugL_mean,7.57279846100643
vera4cast,chlorocast_chronos,2026-10-31 00:00:00,2026-09-28 00:00:00,P1D,fcre,1.6,ensemble,81,Chla_ugL_mean,7.51664912264648
vera4cast,chlorocast_chronos,2026-11-01 00:00:00,2026-09-28 00:00:00,P1D,fcre,1.6,ensemble,81,Chla_ugL_mean,7.50422886097822
vera4cast,chlorocast_chronos,2026-11-02 00:00:00,2026-09-28 00:00:00,P1D,fcre,1.6,ensemble,81,Chla_ugL_mean,7.48399254900632
vera4cast,chlorocast_chronos,2026-09-29 00:00:00,2026-09-28 00:00:00,P1D,fcre,1.6,ensemble,82,Chla_ugL_mean,7.87979266694843
vera4cast,chlorocast_chronos,2026-09-30 00:00:00,2026-09-28 00:00:00,P1D,fcre,1.6,ensemble,82,Chla_ugL_mean,7.85342701689195
vera4cast,chlorocast_chronos,2026-10-01 00:00:00,2026-09-28 00:00:00,P1D,fcre,1.6,ensemble,82,Chla_ugL_mean,7.76885947878044
vera4cast,chlorocast_chronos,2026-10-02 00:00:00,2026-09-28 00:00:00,P1D,fcre,1.6,ensemble,82,Chla_ugL_mean,7.61052086121519
vera4cast,chlorocast_chronos,2026-10-03 00:00:00,2026-09-28 00:00:00,P1D,fcre,1.6,ensemble,82,Chla_ugL_mean,7.48792072643749
vera4cast,chlorocast_chronos,2026-10-04 00:00:00,2026-09-28 00:00:00,P1D,fcre,1.6,ensemble,82,Chla_ugL_mean,7.45376608894391
vera4cast,chlorocast_chronos,2026-10-05 00:00:00,2026-09-28 00:00:00,P1D,fcre,1.6,ensemble,82,Chla_ugL_mean,7.4600379290637
vera4cast,chlorocast_chronos,2026-10-06 00:00:00,2026-09-28 00:00:00,P1D,fcre,1.6,ensemble,82,Chla_ugL_mean,7.43678770466829
vera4cast,chlorocast_chronos,2026-10-07 00:00:00,2026-09-28 00:00:00,P1D,fcre,1.6,ensemble,82,Chla_ugL_mean,7.51313359326368
vera4cast,chlorocast_chronos,2026-10-08 00:00:00,2026-09-28 00:00:00,P1D,fcre,1.6,ensemble,82,Chla_ugL_mean,7.57968520611496
vera4cast,chlorocast_chronos,2026-10-09 00:00:00,2026-09-28 00:00:00,P1D,fcre,1.6,ensemble,82,Chla_ugL_mean,7.54762563251009
vera4cast,chlorocast_chronos,2026-10-10 00:00:00,2026-09-28 00:00:00,P1D,fcre,1.6,ensemble,82,Chla_ugL_mean,7.53016047288654
vera4cast,chlorocast_chronos,2026-10-11 00:00:00,2026-09-28 00:00:00,P1D,fcre,1.6,ensemble,82,Chla_ugL_mean,7.65303770465941
vera4cast,chlorocast_chronos,2026-10-12 00:00:00,2026-09-28 00:00:00,P1D,fcre,1.6,ensemble,82,Chla_ugL_mean,7.87648558465389
vera4cast,chlorocast_chronos,2026-10-13 00:00:00,2026-09-28 00:00:00,P1D,fcre,1.6,ensemble,82,Chla_ugL_mean,8.04079081093055
vera4cast,chlorocast_chronos,2026-10-14 00:00:00,2026-09-28 00:00:00,P1D,fcre,1.6,ensemble,82,Chla_ugL_mean,8.23128259423005
vera4cast,chlorocast_chronos,2026-10-15 00:00:00,2026-09-28 00:00:00,P1D,fcre,1.6,ensemble,82,Chla_ugL_mean,8.3054490035491
vera4cast,chlorocast_chronos,2026-10-16 00:00:00,2026-09-28 00:00:00,P1D,fcre,1.6,ensemble,82,Chla_ugL_mean,8.44283993266001
vera4cast,chlorocast_chronos,2026-10-17 00:00:00,2026-09-28 00:00:00,P1D,fcre,1.6,ensemble,82,Chla_ugL_mean,8.37223379295474
vera4cast,chlorocast_chronos,2026-10-18 00:00:00,2026-09-28 00:00:00,P1D,fcre,1.6,ensemble,82,Chla_ugL_mean,8.36306805311173
vera4cast,chlorocast_chronos,2026-10-19 00:00:00,2026-09-28 00:00:00,P1D,fcre,1.6,ensemble,82,Chla_ugL_mean,8.35664460177946
vera4cast,chlorocast_chronos,2026-10-20 00:00:00,2026-09-28 00:00:00,P1D,fcre,1.6,ensemble,82,Chla_ugL_mean,8.69878408073685
vera4cast,chlorocast_chronos,2026-10-21 00:00:00,2026-09-28 00:00:00,P1D,fcre,1.6,ensemble,82,Chla_ugL_mean,8.71090281001883
vera4cast,chlorocast_chronos,2026-10-22 00:00:00,2026-09-28 00:00:00,P1D,fcre,1.6,ensemble,82,Chla_ugL_mean,8.62345886448803
vera4cast,chlorocast_chronos,2026-10-23 00:00:00,2026-09-28 00:00:00,P1D,fcre,1.6,ensemble,82,Chla_ugL_mean,8.39116065678813
vera4cast,chlorocast_chronos,2026-10-24 00:00:00,2026-09-28 00:00:00,P1D,fcre,1.6,ensemble,82,Chla_ugL_mean,8.27711945022501
vera4cast,chlorocast_chronos,2026-10-25 00:00:00,2026-09-28 00:00:00,P1D,fcre,1.6,ensemble,82,Chla_ugL_mean,8.12413540731989
vera4cast,chlorocast_chronos,2026-10-26 00:00:00,2026-09-28 00:00:00,P1D,fcre,1.6,ensemble,82,Chla_ugL_mean,7.99742888946816
vera4cast,chlorocast_chronos,2026-10-27 00:00:00,2026-09-28 00:00:00,P1D,fcre,1.6,ensemble,82,Chla_ugL_mean,7.87085635648147
vera4cast,chlorocast_chronos,2026-10-28 00:00:00,2026-09-28 00:00:00,P1D,fcre,1.6,ensemble,82,Chla_ugL_mean,7.80809967188571
vera4cast,chlorocast_chronos,2026-10-29 00:00:00,2026-09-28 00:00:00,P1D,fcre,1.6,ensemble,82,Chla_ugL_mean,7.71315294833574
vera4cast,chlorocast_chronos,2026-10-30 00:00:00,2026-09-28 00:00:00,P1D,fcre,1.6,ensemble,82,Chla_ugL_mean,7.66422475444248
vera4cast,chlorocast_chronos,2026-10-31 00:00:00,2026-09-28 00:00:00,P1D,fcre,1.6,ensemble,82,Chla_ugL_mean,7.6074106966887
vera4cast,chlorocast_chronos,2026-11-01 00:00:00,2026-09-28 00:00:00,P1D,fcre,1.6,ensemble,82,Chla_ugL_mean,7.59504985938887
vera4cast,chlorocast_chronos,2026-11-02 00:00:00,2026-09-28 00:00:00,P1D,fcre,1.6,ensemble,82,Chla_ugL_mean,7.5743613136338
vera4cast,chlorocast_chronos,2026-09-29 00:00:00,2026-09-28 00:00:00,P1D,fcre,1.6,ensemble,83,Chla_ugL_mean,7.94440399351419
vera4cast,chlorocast_chronos,2026-09-30 00:00:00,2026-09-28 00:00:00,P1D,fcre,1.6,ensemble,83,Chla_ugL_mean,7.92160698816998
vera4cast,chlorocast_chronos,2026-10-01 00:00:00,2026-09-28 00:00:00,P1D,fcre,1.6,ensemble,83,Chla_ugL_mean,7.83923856141258
vera4cast,chlorocast_chronos,2026-10-02 00:00:00,2026-09-28 00:00:00,P1D,fcre,1.6,ensemble,83,Chla_ugL_mean,7.68206412708238
vera4cast,chlorocast_chronos,2026-10-03 00:00:00,2026-09-28 00:00:00,P1D,fcre,1.6,ensemble,83,Chla_ugL_mean,7.5611826872298
vera4cast,chlorocast_chronos,2026-10-04 00:00:00,2026-09-28 00:00:00,P1D,fcre,1.6,ensemble,83,Chla_ugL_mean,7.5336505692557
vera4cast,chlorocast_chronos,2026-10-05 00:00:00,2026-09-28 00:00:00,P1D,fcre,1.6,ensemble,83,Chla_ugL_mean,7.53811053309155
vera4cast,chlorocast_chronos,2026-10-06 00:00:00,2026-09-28 00:00:00,P1D,fcre,1.6,ensemble,83,Chla_ugL_mean,7.51668470481651
vera4cast,chlorocast_chronos,2026-10-07 00:00:00,2026-09-28 00:00:00,P1D,fcre,1.6,ensemble,83,Chla_ugL_mean,7.59272188780055
vera4cast,chlorocast_chronos,2026-10-08 00:00:00,2026-09-28 00:00:00,P1D,fcre,1.6,ensemble,83,Chla_ugL_mean,7.66008442469071
vera4cast,chlorocast_chronos,2026-10-09 00:00:00,2026-09-28 00:00:00,P1D,fcre,1.6,ensemble,83,Chla_ugL_mean,7.62779712243379
vera4cast,chlorocast_chronos,2026-10-10 00:00:00,2026-09-28 00:00:00,P1D,fcre,1.6,ensemble,83,Chla_ugL_mean,7.61029233439154
vera4cast,chlorocast_chronos,2026-10-11 00:00:00,2026-09-28 00:00:00,P1D,fcre,1.6,ensemble,83,Chla_ugL_mean,7.73494051370082
vera4cast,chlorocast_chronos,2026-10-12 00:00:00,2026-09-28 00:00:00,P1D,fcre,1.6,ensemble,83,Chla_ugL_mean,7.96172688404254
vera4cast,chlorocast_chronos,2026-10-13 00:00:00,2026-09-28 00:00:00,P1D,fcre,1.6,ensemble,83,Chla_ugL_mean,8.13023898127711
vera4cast,chlorocast_chronos,2026-10-14 00:00:00,2026-09-28 00:00:00,P1D,fcre,1.6,ensemble,83,Chla_ugL_mean,8.32532828443182
vera4cast,chlorocast_chronos,2026-10-15 00:00:00,2026-09-28 00:00:00,P1D,fcre,1.6,ensemble,83,Chla_ugL_mean,8.40422931315137
vera4cast,chlorocast_chronos,2026-10-16 00:00:00,2026-09-28 00:00:00,P1D,fcre,1.6,ensemble,83,Chla_ugL_mean,8.54608320151317
vera4cast,chlorocast_chronos,2026-10-17 00:00:00,2026-09-28 00:00:00,P1D,fcre,1.6,ensemble,83,Chla_ugL_mean,8.475635638799
vera4cast,chlorocast_chronos,2026-10-18 00:00:00,2026-09-28 00:00:00,P1D,fcre,1.6,ensemble,83,Chla_ugL_mean,8.46647910359258
vera4cast,chlorocast_chronos,2026-10-19 00:00:00,2026-09-28 00:00:00,P1D,fcre,1.6,ensemble,83,Chla_ugL_mean,8.45694718012425
vera4cast,chlorocast_chronos,2026-10-20 00:00:00,2026-09-28 00:00:00,P1D,fcre,1.6,ensemble,83,Chla_ugL_mean,8.78347772456262
vera4cast,chlorocast_chronos,2026-10-21 00:00:00,2026-09-28 00:00:00,P1D,fcre,1.6,ensemble,83,Chla_ugL_mean,8.79572893581437
vera4cast,chlorocast_chronos,2026-10-22 00:00:00,2026-09-28 00:00:00,P1D,fcre,1.6,ensemble,83,Chla_ugL_mean,8.70686086403561
vera4cast,chlorocast_chronos,2026-10-23 00:00:00,2026-09-28 00:00:00,P1D,fcre,1.6,ensemble,83,Chla_ugL_mean,8.47948965754183
vera4cast,chlorocast_chronos,2026-10-24 00:00:00,2026-09-28 00:00:00,P1D,fcre,1.6,ensemble,83,Chla_ugL_mean,8.36825983854566
vera4cast,chlorocast_chronos,2026-10-25 00:00:00,2026-09-28 00:00:00,P1D,fcre,1.6,ensemble,83,Chla_ugL_mean,8.21840603185757
vera4cast,chlorocast_chronos,2026-10-26 00:00:00,2026-09-28 00:00:00,P1D,fcre,1.6,ensemble,83,Chla_ugL_mean,8.09073395036822
vera4cast,chlorocast_chronos,2026-10-27 00:00:00,2026-09-28 00:00:00,P1D,fcre,1.6,ensemble,83,Chla_ugL_mean,7.96284573609161
vera4cast,chlorocast_chronos,2026-10-28 00:00:00,2026-09-28 00:00:00,P1D,fcre,1.6,ensemble,83,Chla_ugL_mean,7.90104107526142
vera4cast,chlorocast_chronos,2026-10-29 00:00:00,2026-09-28 00:00:00,P1D,fcre,1.6,ensemble,83,Chla_ugL_mean,7.80526765191438
vera4cast,chlorocast_chronos,2026-10-30 00:00:00,2026-09-28 00:00:00,P1D,fcre,1.6,ensemble,83,Chla_ugL_mean,7.75662608154689
vera4cast,chlorocast_chronos,2026-10-31 00:00:00,2026-09-28 00:00:00,P1D,fcre,1.6,ensemble,83,Chla_ugL_mean,7.69913951303524
vera4cast,chlorocast_chronos,2026-11-01 00:00:00,2026-09-28 00:00:00,P1D,fcre,1.6,ensemble,83,Chla_ugL_mean,7.68684078157357
vera4cast,chlorocast_chronos,2026-11-02 00:00:00,2026-09-28 00:00:00,P1D,fcre,1.6,ensemble,83,Chla_ugL_mean,7.66569265732688
vera4cast,chlorocast_chronos,2026-09-29 00:00:00,2026-09-28 00:00:00,P1D,fcre,1.6,ensemble,84,Chla_ugL_mean,8.00948544631793
vera4cast,chlorocast_chronos,2026-09-30 00:00:00,2026-09-28 00:00:00,P1D,fcre,1.6,ensemble,84,Chla_ugL_mean,7.99031201132618
vera4cast,chlorocast_chronos,2026-10-01 00:00:00,2026-09-28 00:00:00,P1D,fcre,1.6,ensemble,84,Chla_ugL_mean,7.9101825082992
vera4cast,chlorocast_chronos,2026-10-02 00:00:00,2026-09-28 00:00:00,P1D,fcre,1.6,ensemble,84,Chla_ugL_mean,7.75420183305064
vera4cast,chlorocast_chronos,2026-10-03 00:00:00,2026-09-28 00:00:00,P1D,fcre,1.6,ensemble,84,Chla_ugL_mean,7.63507699545703
vera4cast,chlorocast_chronos,2026-10-04 00:00:00,2026-09-28 00:00:00,P1D,fcre,1.6,ensemble,84,Chla_ugL_mean,7.61428992380076
vera4cast,chlorocast_chronos,2026-10-05 00:00:00,2026-09-28 00:00:00,P1D,fcre,1.6,ensemble,84,Chla_ugL_mean,7.61690362224615
vera4cast,chlorocast_chronos,2026-10-06 00:00:00,2026-09-28 00:00:00,P1D,fcre,1.6,ensemble,84,Chla_ugL_mean,7.59733833543311
vera4cast,chlorocast_chronos,2026-10-07 00:00:00,2026-09-28 00:00:00,P1D,fcre,1.6,ensemble,84,Chla_ugL_mean,7.6730542440343
vera4cast,chlorocast_chronos,2026-10-08 00:00:00,2026-09-28 00:00:00,P1D,fcre,1.6,ensemble,84,Chla_ugL_mean,7.74123705486517
vera4cast,chlorocast_chronos,2026-10-09 00:00:00,2026-09-28 00:00:00,P1D,fcre,1.6,ensemble,84,Chla_ugL_mean,7.70872057179896
vera4cast,chlorocast_chronos,2026-10-10 00:00:00,2026-09-28 00:00:00,P1D,fcre,1.6,ensemble,84,Chla_ugL_mean,7.69117695022614
vera4cast,chlorocast_chronos,2026-10-11 00:00:00,2026-09-28 00:00:00,P1D,fcre,1.6,ensemble,84,Chla_ugL_mean,7.81761854993502
vera4cast,chlorocast_chronos,2026-10-12 00:00:00,2026-09-28 00:00:00,P1D,fcre,1.6,ensemble,84,Chla_ugL_mean,8.04778675955033
vera4cast,chlorocast_chronos,2026-10-13 00:00:00,2026-09-28 00:00:00,P1D,fcre,1.6,ensemble,84,Chla_ugL_mean,8.2205721378318
vera4cast,chlorocast_chronos,2026-10-14 00:00:00,2026-09-28 00:00:00,P1D,fcre,1.6,ensemble,84,Chla_ugL_mean,8.42033208546545
vera4cast,chlorocast_chronos,2026-10-15 00:00:00,2026-09-28 00:00:00,P1D,fcre,1.6,ensemble,84,Chla_ugL_mean,8.50405820725089
vera4cast,chlorocast_chronos,2026-10-16 00:00:00,2026-09-28 00:00:00,P1D,fcre,1.6,ensemble,84,Chla_ugL_mean,8.65045528041072
vera4cast,chlorocast_chronos,2026-10-17 00:00:00,2026-09-28 00:00:00,P1D,fcre,1.6,ensemble,84,Chla_ugL_mean,8.58017829503705
vera4cast,chlorocast_chronos,2026-10-18 00:00:00,2026-09-28 00:00:00,P1D,fcre,1.6,ensemble,84,Chla_ugL_mean,8.5710322845483
vera4cast,chlorocast_chronos,2026-10-19 00:00:00,2026-09-28 00:00:00,P1D,fcre,1.6,ensemble,84,Chla_ugL_mean,8.5583249951218
vera4cast,chlorocast_chronos,2026-10-20 00:00:00,2026-09-28 00:00:00,P1D,fcre,1.6,ensemble,84,Chla_ugL_mean,8.8689109470041
vera4cast,chlorocast_chronos,2026-10-21 00:00:00,2026-09-28 00:00:00,P1D,fcre,1.6,ensemble,84,Chla_ugL_mean,8.88129602995841
vera4cast,chlorocast_chronos,2026-10-22 00:00:00,2026-09-28 00:00:00,P1D,fcre,1.6,ensemble,84,Chla_ugL_mean,8.79098566955414
vera4cast,chlorocast_chronos,2026-10-23 00:00:00,2026-09-28 00:00:00,P1D,fcre,1.6,ensemble,84,Chla_ugL_mean,8.56864944084299
vera4cast,chlorocast_chronos,2026-10-24 00:00:00,2026-09-28 00:00:00,P1D,fcre,1.6,ensemble,84,Chla_ugL_mean,8.46029560936383
vera4cast,chlorocast_chronos,2026-10-25 00:00:00,2026-09-28 00:00:00,P1D,fcre,1.6,ensemble,84,Chla_ugL_mean,8.31365066108216
vera4cast,chlorocast_chronos,2026-10-26 00:00:00,2026-09-28 00:00:00,P1D,fcre,1.6,ensemble,84,Chla_ugL_mean,8.18500660262094
vera4cast,chlorocast_chronos,2026-10-27 00:00:00,2026-09-28 00:00:00,P1D,fcre,1.6,ensemble,84,Chla_ugL_mean,8.05578903104217
vera4cast,chlorocast_chronos,2026-10-28 00:00:00,2026-09-28 00:00:00,P1D,fcre,1.6,ensemble,84,Chla_ugL_mean,7.99496317876352
vera4cast,chlorocast_chronos,2026-10-29 00:00:00,2026-09-28 00:00:00,P1D,fcre,1.6,ensemble,84,Chla_ugL_mean,7.89835618421674
vera4cast,chlorocast_chronos,2026-10-30 00:00:00,2026-09-28 00:00:00,P1D,fcre,1.6,ensemble,84,Chla_ugL_mean,7.85001284075776
vera4cast,chlorocast_chronos,2026-10-31 00:00:00,2026-09-28 00:00:00,P1D,fcre,1.6,ensemble,84,Chla_ugL_mean,7.79184587954697
vera4cast,chlorocast_chronos,2026-11-01 00:00:00,2026-09-28 00:00:00,P1D,fcre,1.6,ensemble,84,Chla_ugL_mean,7.77961198584312
vera4cast,chlorocast_chronos,2026-11-02 00:00:00,2026-09-28 00:00:00,P1D,fcre,1.6,ensemble,84,Chla_ugL_mean,7.75799683316869
vera4cast,chlorocast_chronos,2026-09-29 00:00:00,2026-09-28 00:00:00,P1D,fcre,1.6,ensemble,85,Chla_ugL_mean,8.07504044610168
vera4cast,chlorocast_chronos,2026-09-30 00:00:00,2026-09-28 00:00:00,P1D,fcre,1.6,ensemble,85,Chla_ugL_mean,8.05954612976905
vera4cast,chlorocast_chronos,2026-10-01 00:00:00,2026-09-28 00:00:00,P1D,fcre,1.6,ensemble,85,Chla_ugL_mean,7.98169585305475
vera4cast,chlorocast_chronos,2026-10-02 00:00:00,2026-09-28 00:00:00,P1D,fcre,1.6,ensemble,85,Chla_ugL_mean,7.82693891821561
vera4cast,chlorocast_chronos,2026-10-03 00:00:00,2026-09-28 00:00:00,P1D,fcre,1.6,ensemble,85,Chla_ugL_mean,7.7096091091123
vera4cast,chlorocast_chronos,2026-10-04 00:00:00,2026-09-28 00:00:00,P1D,fcre,1.6,ensemble,85,Chla_ugL_mean,7.69569128581833
vera4cast,chlorocast_chronos,2026-10-05 00:00:00,2026-09-28 00:00:00,P1D,fcre,1.6,ensemble,85,Chla_ugL_mean,7.6964238454516
vera4cast,chlorocast_chronos,2026-10-06 00:00:00,2026-09-28 00:00:00,P1D,fcre,1.6,ensemble,85,Chla_ugL_mean,7.6787557618643
vera4cast,chlorocast_chronos,2026-10-07 00:00:00,2026-09-28 00:00:00,P1D,fcre,1.6,ensemble,85,Chla_ugL_mean,7.7541376181111
vera4cast,chlorocast_chronos,2026-10-08 00:00:00,2026-09-28 00:00:00,P1D,fcre,1.6,ensemble,85,Chla_ugL_mean,7.82315015676962
vera4cast,chlorocast_chronos,2026-10-09 00:00:00,2026-09-28 00:00:00,P1D,fcre,1.6,ensemble,85,Chla_ugL_mean,7.79040303352432
vera4cast,chlorocast_chronos,2026-10-10 00:00:00,2026-09-28 00:00:00,P1D,fcre,1.6,ensemble,85,Chla_ugL_mean,7.77282139172341
vera4cast,chlorocast_chronos,2026-10-11 00:00:00,2026-09-28 00:00:00,P1D,fcre,1.6,ensemble,85,Chla_ugL_mean,7.9010791510493
vera4cast,chlorocast_chronos,2026-10-12 00:00:00,2026-09-28 00:00:00,P1D,fcre,1.6,ensemble,85,Chla_ugL_mean,8.13467307200138
vera4cast,chlorocast_chronos,2026-10-13 00:00:00,2026-09-28 00:00:00,P1D,fcre,1.6,ensemble,85,Chla_ugL_mean,8.31179903650977
vera4cast,chlorocast_chronos,2026-10-14 00:00:00,2026-09-28 00:00:00,P1D,fcre,1.6,ensemble,85,Chla_ugL_mean,8.5163037582925
vera4cast,chlorocast_chronos,2026-10-15 00:00:00,2026-09-28 00:00:00,P1D,fcre,1.6,ensemble,85,Chla_ugL_mean,8.6049468169066
vera4cast,chlorocast_chronos,2026-10-16 00:00:00,2026-09-28 00:00:00,P1D,fcre,1.6,ensemble,85,Chla_ugL_mean,8.7559685111947
vera4cast,chlorocast_chronos,2026-10-17 00:00:00,2026-09-28 00:00:00,P1D,fcre,1.6,ensemble,85,Chla_ugL_mean,8.68587434798535
vera4cast,chlorocast_chronos,2026-10-18 00:00:00,2026-09-28 00:00:00,P1D,fcre,1.6,ensemble,85,Chla_ugL_mean,8.67674021031761
vera4cast,chlorocast_chronos,2026-10-19 00:00:00,2026-09-28 00:00:00,P1D,fcre,1.6,ensemble,85,Chla_ugL_mean,8.66078957323413
vera4cast,chlorocast_chronos,2026-10-20 00:00:00,2026-09-28 00:00:00,P1D,fcre,1.6,ensemble,85,Chla_ugL_mean,8.95509020635619
vera4cast,chlorocast_chronos,2026-10-21 00:00:00,2026-09-28 00:00:00,P1D,fcre,1.6,ensemble,85,Chla_ugL_mean,8.9676105649155
vera4cast,chlorocast_chronos,2026-10-22 00:00:00,2026-09-28 00:00:00,P1D,fcre,1.6,ensemble,85,Chla_ugL_mean,8.87583954526361
vera4cast,chlorocast_chronos,2026-10-23 00:00:00,2026-09-28 00:00:00,P1D,fcre,1.6,ensemble,85,Chla_ugL_mean,8.65864782065573
vera4cast,chlorocast_chronos,2026-10-24 00:00:00,2026-09-28 00:00:00,P1D,fcre,1.6,ensemble,85,Chla_ugL_mean,8.55323555910703
vera4cast,chlorocast_chronos,2026-10-25 00:00:00,2026-09-28 00:00:00,P1D,fcre,1.6,ensemble,85,Chla_ugL_mean,8.40987935841622
vera4cast,chlorocast_chronos,2026-10-26 00:00:00,2026-09-28 00:00:00,P1D,fcre,1.6,ensemble,85,Chla_ugL_mean,8.28025688033396
vera4cast,chlorocast_chronos,2026-10-27 00:00:00,2026-09-28 00:00:00,P1D,fcre,1.6,ensemble,85,Chla_ugL_mean,8.14969613328459
vera4cast,chlorocast_chronos,2026-10-28 00:00:00,2026-09-28 00:00:00,P1D,fcre,1.6,ensemble,85,Chla_ugL_mean,8.08987633055442
vera4cast,chlorocast_chronos,2026-10-29 00:00:00,2026-09-28 00:00:00,P1D,fcre,1.6,ensemble,85,Chla_ugL_mean,7.99242884047635
vera4cast,chlorocast_chronos,2026-10-30 00:00:00,2026-09-28 00:00:00,P1D,fcre,1.6,ensemble,85,Chla_ugL_mean,7.94439554140939
vera4cast,chlorocast_chronos,2026-10-31 00:00:00,2026-09-28 00:00:00,P1D,fcre,1.6,ensemble,85,Chla_ugL_mean,7.88554021393516
vera4cast,chlorocast_chronos,2026-11-01 00:00:00,2026-09-28 00:00:00,P1D,fcre,1.6,ensemble,85,Chla_ugL_mean,7.87337394112998
vera4cast,chlorocast_chronos,2026-11-02 00:00:00,2026-09-28 00:00:00,P1D,fcre,1.6,ensemble,85,Chla_ugL_mean,7.85128420345493
vera4cast,chlorocast_chronos,2026-09-29 00:00:00,2026-09-28 00:00:00,P1D,fcre,1.6,ensemble,86,Chla_ugL_mean,8.14107243849752
vera4cast,chlorocast_chronos,2026-09-30 00:00:00,2026-09-28 00:00:00,P1D,fcre,1.6,ensemble,86,Chla_ugL_mean,8.12931341804524
vera4cast,chlorocast_chronos,2026-10-01 00:00:00,2026-09-28 00:00:00,P1D,fcre,1.6,ensemble,86,Chla_ugL_mean,8.05378316568058
vera4cast,chlorocast_chronos,2026-10-02 00:00:00,2026-09-28 00:00:00,P1D,fcre,1.6,ensemble,86,Chla_ugL_mean,7.90028036271101
vera4cast,chlorocast_chronos,2026-10-03 00:00:00,2026-09-28 00:00:00,P1D,fcre,1.6,ensemble,86,Chla_ugL_mean,7.78478453329843
vera4cast,chlorocast_chronos,2026-10-04 00:00:00,2026-09-28 00:00:00,P1D,fcre,1.6,ensemble,86,Chla_ugL_mean,7.77786185595367
vera4cast,chlorocast_chronos,2026-10-05 00:00:00,2026-09-28 00:00:00,P1D,fcre,1.6,ensemble,86,Chla_ugL_mean,7.77667791299092
vera4cast,chlorocast_chronos,2026-10-06 00:00:00,2026-09-28 00:00:00,P1D,fcre,1.6,ensemble,86,Chla_ugL_mean,7.76094421731261
vera4cast,chlorocast_chronos,2026-10-07 00:00:00,2026-09-28 00:00:00,P1D,fcre,1.6,ensemble,86,Chla_ugL_mean,7.83597903120931
vera4cast,chlorocast_chronos,2026-10-08 00:00:00,2026-09-28 00:00:00,P1D,fcre,1.6,ensemble,86,Chla_ugL_mean,7.90583085669497
vera4cast,chlorocast_chronos,2026-10-09 00:00:00,2026-09-28 00:00:00,P1D,fcre,1.6,ensemble,86,Chla_ugL_mean,7.87285162668064
vera4cast,chlorocast_chronos,2026-10-10 00:00:00,2026-09-28 00:00:00,P1D,fcre,1.6,ensemble,86,Chla_ugL_mean,7.85523279664411
vera4cast,chlorocast_chronos,2026-10-11 00:00:00,2026-09-28 00:00:00,P1D,fcre,1.6,ensemble,86,Chla_ugL_mean,7.98532972418367
vera4cast,chlorocast_chronos,2026-10-12 00:00:00,2026-09-28 00:00:00,P1D,fcre,1.6,ensemble,86,Chla_ugL_mean,8.22239375770768
vera4cast,chlorocast_chronos,2026-10-13 00:00:00,2026-09-28 00:00:00,P1D,fcre,1.6,ensemble,86,Chla_ugL_mean,8.4039285198558
vera4cast,chlorocast_chronos,2026-10-14 00:00:00,2026-09-28 00:00:00,P1D,fcre,1.6,ensemble,86,Chla_ugL_mean,8.61325316331642
vera4cast,chlorocast_chronos,2026-10-15 00:00:00,2026-09-28 00:00:00,P1D,fcre,1.6,ensemble,86,Chla_ugL_mean,8.70690639133718
vera4cast,chlorocast_chronos,2026-10-16 00:00:00,2026-09-28 00:00:00,P1D,fcre,1.6,ensemble,86,Chla_ugL_mean,8.86263537064665
vera4cast,chlorocast_chronos,2026-10-17 00:00:00,2026-09-28 00:00:00,P1D,fcre,1.6,ensemble,86,Chla_ugL_mean,8.79273652282249
vera4cast,chlorocast_chronos,2026-10-18 00:00:00,2026-09-28 00:00:00,P1D,fcre,1.6,ensemble,86,Chla_ugL_mean,8.78361563455921
vera4cast,chlorocast_chronos,2026-10-19 00:00:00,2026-09-28 00:00:00,P1D,fcre,1.6,ensemble,86,Chla_ugL_mean,8.7643525644861
vera4cast,chlorocast_chronos,2026-10-20 00:00:00,2026-09-28 00:00:00,P1D,fcre,1.6,ensemble,86,Chla_ugL_mean,9.04202201731022
vera4cast,chlorocast_chronos,2026-10-21 00:00:00,2026-09-28 00:00:00,P1D,fcre,1.6,ensemble,86,Chla_ugL_mean,9.05467906968811
vera4cast,chlorocast_chronos,2026-10-22 00:00:00,2026-09-28 00:00:00,P1D,fcre,1.6,ensemble,86,Chla_ugL_mean,8.96142880967305
vera4cast,chlorocast_chronos,2026-10-23 00:00:00,2026-09-28 00:00:00,P1D,fcre,1.6,ensemble,86,Chla_ugL_mean,8.74949268443875
vera4cast,chlorocast_chronos,2026-10-24 00:00:00,2026-09-28 00:00:00,P1D,fcre,1.6,ensemble,86,Chla_ugL_mean,8.64708857062069
vera4cast,chlorocast_chronos,2026-10-25 00:00:00,2026-09-28 00:00:00,P1D,fcre,1.6,ensemble,86,Chla_ugL_mean,8.50710229125767
vera4cast,chlorocast_chronos,2026-10-26 00:00:00,2026-09-28 00:00:00,P1D,fcre,1.6,ensemble,86,Chla_ugL_mean,8.37649492167056
vera4cast,chlorocast_chronos,2026-10-27 00:00:00,2026-09-28 00:00:00,P1D,fcre,1.6,ensemble,86,Chla_ugL_mean,8.24457703734828
vera4cast,chlorocast_chronos,2026-10-28 00:00:00,2026-09-28 00:00:00,P1D,fcre,1.6,ensemble,86,Chla_ugL_mean,8.18579098798842
vera4cast,chlorocast_chronos,2026-10-29 00:00:00,2026-09-28 00:00:00,P1D,fcre,1.6,ensemble,86,Chla_ugL_mean,8.08749602476705
vera4cast,chlorocast_chronos,2026-10-30 00:00:00,2026-09-28 00:00:00,P1D,fcre,1.6,ensemble,86,Chla_ugL_mean,8.03978480491496
vera4cast,chlorocast_chronos,2026-10-31 00:00:00,2026-09-28 00:00:00,P1D,fcre,1.6,ensemble,86,Chla_ugL_mean,7.98023304493223
vera4cast,chlorocast_chronos,2026-11-01 00:00:00,2026-09-28 00:00:00,P1D,fcre,1.6,ensemble,86,Chla_ugL_mean,7.96813722816971
vera4cast,chlorocast_chronos,2026-11-02 00:00:00,2026-09-28 00:00:00,P1D,fcre,1.6,ensemble,86,Chla_ugL_mean,7.94556524085715
vera4cast,chlorocast_chronos,2026-09-29 00:00:00,2026-09-28 00:00:00,P1D,fcre,1.6,ensemble,87,Chla_ugL_mean,8.20758489420872
vera4cast,chlorocast_chronos,2026-09-30 00:00:00,2026-09-28 00:00:00,P1D,fcre,1.6,ensemble,87,Chla_ugL_mean,8.19961798207936
vera4cast,chlorocast_chronos,2026-10-01 00:00:00,2026-09-28 00:00:00,P1D,fcre,1.6,ensemble,87,Chla_ugL_mean,8.12644905285699
vera4cast,chlorocast_chronos,2026-10-02 00:00:00,2026-09-28 00:00:00,P1D,fcre,1.6,ensemble,87,Chla_ugL_mean,7.9742311880496
vera4cast,chlorocast_chronos,2026-10-03 00:00:00,2026-09-28 00:00:00,P1D,fcre,1.6,ensemble,87,Chla_ugL_mean,7.86060882063453
vera4cast,chlorocast_chronos,2026-10-04 00:00:00,2026-09-28 00:00:00,P1D,fcre,1.6,ensemble,87,Chla_ugL_mean,7.8608089028951
vera4cast,chlorocast_chronos,2026-10-05 00:00:00,2026-09-28 00:00:00,P1D,fcre,1.6,ensemble,87,Chla_ugL_mean,7.85767259707229
vera4cast,chlorocast_chronos,2026-10-06 00:00:00,2026-09-28 00:00:00,P1D,fcre,1.6,ensemble,87,Chla_ugL_mean,7.84391100347956
vera4cast,chlorocast_chronos,2026-10-07 00:00:00,2026-09-28 00:00:00,P1D,fcre,1.6,ensemble,87,Chla_ugL_mean,7.91858557014744
vera4cast,chlorocast_chronos,2026-10-08 00:00:00,2026-09-28 00:00:00,P1D,fcre,1.6,ensemble,87,Chla_ugL_mean,7.98928634771179
vera4cast,chlorocast_chronos,2026-10-09 00:00:00,2026-09-28 00:00:00,P1D,fcre,1.6,ensemble,87,Chla_ugL_mean,7.95607353711122
vera4cast,chlorocast_chronos,2026-10-10 00:00:00,2026-09-28 00:00:00,P1D,fcre,1.6,ensemble,87,Chla_ugL_mean,7.93841836980075
vera4cast,chlorocast_chronos,2026-10-11 00:00:00,2026-09-28 00:00:00,P1D,fcre,1.6,ensemble,87,Chla_ugL_mean,8.07037774658829
vera4cast,chlorocast_chronos,2026-10-12 00:00:00,2026-09-28 00:00:00,P1D,fcre,1.6,ensemble,87,Chla_ugL_mean,8.31095682919398
vera4cast,chlorocast_chronos,2026-10-13 00:00:00,2026-09-28 00:00:00,P1D,fcre,1.6,ensemble,87,Chla_ugL_mean,8.49696951790144
vera4cast,chlorocast_chronos,2026-10-14 00:00:00,2026-09-28 00:00:00,P1D,fcre,1.6,ensemble,87,Chla_ugL_mean,8.71119026139568
vera4cast,chlorocast_chronos,2026-10-15 00:00:00,2026-09-28 00:00:00,P1D,fcre,1.6,ensemble,87,Chla_ugL_mean,8.80994829917536
vera4cast,chlorocast_chronos,2026-10-16 00:00:00,2026-09-28 00:00:00,P1D,fcre,1.6,ensemble,87,Chla_ugL_mean,8.97046847196298
vera4cast,chlorocast_chronos,2026-10-17 00:00:00,2026-09-28 00:00:00,P1D,fcre,1.6,ensemble,87,Chla_ugL_mean,8.90077768512124
vera4cast,chlorocast_chronos,2026-10-18 00:00:00,2026-09-28 00:00:00,P1D,fcre,1.6,ensemble,87,Chla_ugL_mean,8.89167145179045
vera4cast,chlorocast_chronos,2026-10-19 00:00:00,2026-09-28 00:00:00,P1D,fcre,1.6,ensemble,87,Chla_ugL_mean,8.86902574379007
vera4cast,chlorocast_chronos,2026-10-20 00:00:00,2026-09-28 00:00:00,P1D,fcre,1.6,ensemble,87,Chla_ugL_mean,9.12971295144636
vera4cast,chlorocast_chronos,2026-10-21 00:00:00,2026-09-28 00:00:00,P1D,fcre,1.6,ensemble,87,Chla_ugL_mean,9.1425081303105
vera4cast,chlorocast_chronos,2026-10-22 00:00:00,2026-09-28 00:00:00,P1D,fcre,1.6,ensemble,87,Chla_ugL_mean,9.04775983605103
vera4cast,chlorocast_chronos,2026-10-23 00:00:00,2026-09-28 00:00:00,P1D,fcre,1.6,ensemble,87,Chla_ugL_mean,8.84119199383662
vera4cast,chlorocast_chronos,2026-10-24 00:00:00,2026-09-28 00:00:00,P1D,fcre,1.6,ensemble,87,Chla_ugL_mean,8.74186361401724
vera4cast,chlorocast_chronos,2026-10-25 00:00:00,2026-09-28 00:00:00,P1D,fcre,1.6,ensemble,87,Chla_ugL_mean,8.60532973205403
vera4cast,chlorocast_chronos,2026-10-26 00:00:00,2026-09-28 00:00:00,P1D,fcre,1.6,ensemble,87,Chla_ugL_mean,8.47373096992871
vera4cast,chlorocast_chronos,2026-10-27 00:00:00,2026-09-28 00:00:00,P1D,fcre,1.6,ensemble,87,Chla_ugL_mean,8.34044184140438
vera4cast,chlorocast_chronos,2026-10-28 00:00:00,2026-09-28 00:00:00,P1D,fcre,1.6,ensemble,87,Chla_ugL_mean,8.2827177187638
vera4cast,chlorocast_chronos,2026-10-29 00:00:00,2026-09-28 00:00:00,P1D,fcre,1.6,ensemble,87,Chla_ugL_mean,8.18356825115363
vera4cast,chlorocast_chronos,2026-10-30 00:00:00,2026-09-28 00:00:00,P1D,fcre,1.6,ensemble,87,Chla_ugL_mean,8.13619136596175
vera4cast,chlorocast_chronos,2026-10-31 00:00:00,2026-09-28 00:00:00,P1D,fcre,1.6,ensemble,87,Chla_ugL_mean,8.07593501347483
vera4cast,chlorocast_chronos,2026-11-01 00:00:00,2026-09-28 00:00:00,P1D,fcre,1.6,ensemble,87,Chla_ugL_mean,8.06391254069491
vera4cast,chlorocast_chronos,2026-11-02 00:00:00,2026-09-28 00:00:00,P1D,fcre,1.6,ensemble,87,Chla_ugL_mean,8.04085052959841
vera4cast,chlorocast_chronos,2026-09-29 00:00:00,2026-09-28 00:00:00,P1D,fcre,1.6,ensemble,88,Chla_ugL_mean,8.27458130919215
vera4cast,chlorocast_chronos,2026-09-30 00:00:00,2026-09-28 00:00:00,P1D,fcre,1.6,ensemble,88,Chla_ugL_mean,8.27046395941563
vera4cast,chlorocast_chronos,2026-10-01 00:00:00,2026-09-28 00:00:00,P1D,fcre,1.6,ensemble,88,Chla_ugL_mean,8.1996981582376
vera4cast,chlorocast_chronos,2026-10-02 00:00:00,2026-09-28 00:00:00,P1D,fcre,1.6,ensemble,88,Chla_ugL_mean,8.04879645746695
vera4cast,chlorocast_chronos,2026-10-03 00:00:00,2026-09-28 00:00:00,P1D,fcre,1.6,ensemble,88,Chla_ugL_mean,7.93708757166615
vera4cast,chlorocast_chronos,2026-10-04 00:00:00,2026-09-28 00:00:00,P1D,fcre,1.6,ensemble,88,Chla_ugL_mean,7.94453976401694
vera4cast,chlorocast_chronos,2026-10-05 00:00:00,2026-09-28 00:00:00,P1D,fcre,1.6,ensemble,88,Chla_ugL_mean,7.93941473240053
vera4cast,chlorocast_chronos,2026-10-06 00:00:00,2026-09-28 00:00:00,P1D,fcre,1.6,ensemble,88,Chla_ugL_mean,7.9276634912143
vera4cast,chlorocast_chronos,2026-10-07 00:00:00,2026-09-28 00:00:00,P1D,fcre,1.6,ensemble,88,Chla_ugL_mean,8.00196438799787
vera4cast,chlorocast_chronos,2026-10-08 00:00:00,2026-09-28 00:00:00,P1D,fcre,1.6,ensemble,88,Chla_ugL_mean,8.07352389029606
vera4cast,chlorocast_chronos,2026-10-09 00:00:00,2026-09-28 00:00:00,P1D,fcre,1.6,ensemble,88,Chla_ugL_mean,8.04007601805814
vera4cast,chlorocast_chronos,2026-10-10 00:00:00,2026-09-28 00:00:00,P1D,fcre,1.6,ensemble,88,Chla_ugL_mean,8.02238538368744
vera4cast,chlorocast_chronos,2026-10-11 00:00:00,2026-09-28 00:00:00,P1D,fcre,1.6,ensemble,88,Chla_ugL_mean,8.15623076628706
vera4cast,chlorocast_chronos,2026-10-12 00:00:00,2026-09-28 00:00:00,P1D,fcre,1.6,ensemble,88,Chla_ugL_mean,8.40037037592966
vera4cast,chlorocast_chronos,2026-10-13 00:00:00,2026-09-28 00:00:00,P1D,fcre,1.6,ensemble,88,Chla_ugL_mean,8.59093104903058
vera4cast,chlorocast_chronos,2026-10-14 00:00:00,2026-09-28 00:00:00,P1D,fcre,1.6,ensemble,88,Chla_ugL_mean,8.81012511486712
vera4cast,chlorocast_chronos,2026-10-15 00:00:00,2026-09-28 00:00:00,P1D,fcre,1.6,ensemble,88,Chla_ugL_mean,8.9140840297355
vera4cast,chlorocast_chronos,2026-10-16 00:00:00,2026-09-28 00:00:00,P1D,fcre,1.6,ensemble,88,Chla_ugL_mean,9.07948056624646
vera4cast,chlorocast_chronos,2026-10-17 00:00:00,2026-09-28 00:00:00,P1D,fcre,1.6,ensemble,88,Chla_ugL_mean,9.01001084239745
vera4cast,chlorocast_chronos,2026-10-18 00:00:00,2026-09-28 00:00:00,P1D,fcre,1.6,ensemble,88,Chla_ugL_mean,9.00092069894307
vera4cast,chlorocast_chronos,2026-10-19 00:00:00,2026-09-28 00:00:00,P1D,fcre,1.6,ensemble,88,Chla_ugL_mean,8.97482101228463
vera4cast,chlorocast_chronos,2026-10-20 00:00:00,2026-09-28 00:00:00,P1D,fcre,1.6,ensemble,88,Chla_ugL_mean,9.21816963773047
vera4cast,chlorocast_chronos,2026-10-21 00:00:00,2026-09-28 00:00:00,P1D,fcre,1.6,ensemble,88,Chla_ugL_mean,9.23110439034684
vera4cast,chlorocast_chronos,2026-10-22 00:00:00,2026-09-28 00:00:00,P1D,fcre,1.6,ensemble,88,Chla_ugL_mean,9.13483905290027
vera4cast,chlorocast_chronos,2026-10-23 00:00:00,2026-09-28 00:00:00,P1D,fcre,1.6,ensemble,88,Chla_ugL_mean,8.93375378537753
vera4cast,chlorocast_chronos,2026-10-24 00:00:00,2026-09-28 00:00:00,P1D,fcre,1.6,ensemble,88,Chla_ugL_mean,8.83756974753336
vera4cast,chlorocast_chronos,2026-10-25 00:00:00,2026-09-28 00:00:00,P1D,fcre,1.6,ensemble,88,Chla_ugL_mean,8.70457205938782
vera4cast,chlorocast_chronos,2026-10-26 00:00:00,2026-09-28 00:00:00,P1D,fcre,1.6,ensemble,88,Chla_ugL_mean,8.57197537463134
vera4cast,chlorocast_chronos,2026-10-27 00:00:00,2026-09-28 00:00:00,P1D,fcre,1.6,ensemble,88,Chla_ugL_mean,8.43730074834042
vera4cast,chlorocast_chronos,2026-10-28 00:00:00,2026-09-28 00:00:00,P1D,fcre,1.6,ensemble,88,Chla_ugL_mean,8.38066720208723
vera4cast,chlorocast_chronos,2026-10-29 00:00:00,2026-09-28 00:00:00,P1D,fcre,1.6,ensemble,88,Chla_ugL_mean,8.2806561448547
vera4cast,chlorocast_chronos,2026-10-30 00:00:00,2026-09-28 00:00:00,P1D,fcre,1.6,ensemble,88,Chla_ugL_mean,8.23362607371929
vera4cast,chlorocast_chronos,2026-10-31 00:00:00,2026-09-28 00:00:00,P1D,fcre,1.6,ensemble,88,Chla_ugL_mean,8.17265687389965
vera4cast,chlorocast_chronos,2026-11-01 00:00:00,2026-09-28 00:00:00,P1D,fcre,1.6,ensemble,88,Chla_ugL_mean,8.16071068664202
vera4cast,chlorocast_chronos,2026-11-02 00:00:00,2026-09-28 00:00:00,P1D,fcre,1.6,ensemble,88,Chla_ugL_mean,8.13715076664155
vera4cast,chlorocast_chronos,2026-09-29 00:00:00,2026-09-28 00:00:00,P1D,fcre,1.6,ensemble,89,Chla_ugL_mean,8.34206520484203
vera4cast,chlorocast_chronos,2026-09-30 00:00:00,2026-09-28 00:00:00,P1D,fcre,1.6,ensemble,89,Chla_ugL_mean,8.34185551946137
vera4cast,chlorocast_chronos,2026-10-01 00:00:00,2026-09-28 00:00:00,P1D,fcre,1.6,ensemble,89,Chla_ugL_mean,8.27353516274612
vera4cast,chlorocast_chronos,2026-10-02 00:00:00,2026-09-28 00:00:00,P1D,fcre,1.6,ensemble,89,Chla_ugL_mean,8.12398127626817
vera4cast,chlorocast_chronos,2026-10-03 00:00:00,2026-09-28 00:00:00,P1D,fcre,1.6,ensemble,89,Chla_ugL_mean,8.01422643527895
vera4cast,chlorocast_chronos,2026-10-04 00:00:00,2026-09-28 00:00:00,P1D,fcre,1.6,ensemble,89,Chla_ugL_mean,8.02906184602854
vera4cast,chlorocast_chronos,2026-10-05 00:00:00,2026-09-28 00:00:00,P1D,fcre,1.6,ensemble,89,Chla_ugL_mean,8.02191121675384
vera4cast,chlorocast_chronos,2026-10-06 00:00:00,2026-09-28 00:00:00,P1D,fcre,1.6,ensemble,89,Chla_ugL_mean,8.01220912116847
vera4cast,chlorocast_chronos,2026-10-07 00:00:00,2026-09-28 00:00:00,P1D,fcre,1.6,ensemble,89,Chla_ugL_mean,8.08612270470621
vera4cast,chlorocast_chronos,2026-10-08 00:00:00,2026-09-28 00:00:00,P1D,fcre,1.6,ensemble,89,Chla_ugL_mean,8.1585508129608
vera4cast,chlorocast_chronos,2026-10-09 00:00:00,2026-09-28 00:00:00,P1D,fcre,1.6,ensemble,89,Chla_ugL_mean,8.12486639079448
vera4cast,chlorocast_chronos,2026-10-10 00:00:00,2026-09-28 00:00:00,P1D,fcre,1.6,ensemble,89,Chla_ugL_mean,8.10714117911571
vera4cast,chlorocast_chronos,2026-10-11 00:00:00,2026-09-28 00:00:00,P1D,fcre,1.6,ensemble,89,Chla_ugL_mean,8.24289640274748
vera4cast,chlorocast_chronos,2026-10-12 00:00:00,2026-09-28 00:00:00,P1D,fcre,1.6,ensemble,89,Chla_ugL_mean,8.49064256506769
vera4cast,chlorocast_chronos,2026-10-13 00:00:00,2026-09-28 00:00:00,P1D,fcre,1.6,ensemble,89,Chla_ugL_mean,8.68582222085357
vera4cast,chlorocast_chronos,2026-10-14 00:00:00,2026-09-28 00:00:00,P1D,fcre,1.6,ensemble,89,Chla_ugL_mean,8.91006788857985
vera4cast,chlorocast_chronos,2026-10-15 00:00:00,2026-09-28 00:00:00,P1D,fcre,1.6,ensemble,89,Chla_ugL_mean,9.01932519429475
vera4cast,chlorocast_chronos,2026-10-16 00:00:00,2026-09-28 00:00:00,P1D,fcre,1.6,ensemble,89,Chla_ugL_mean,9.18968454401399
vera4cast,chlorocast_chronos,2026-10-17 00:00:00,2026-09-28 00:00:00,P1D,fcre,1.6,ensemble,89,Chla_ugL_mean,9.12044914567612
vera4cast,chlorocast_chronos,2026-10-18 00:00:00,2026-09-28 00:00:00,P1D,fcre,1.6,ensemble,89,Chla_ugL_mean,9.11137655693608
vera4cast,chlorocast_chronos,2026-10-19 00:00:00,2026-09-28 00:00:00,P1D,fcre,1.6,ensemble,89,Chla_ugL_mean,9.08175039868771
vera4cast,chlorocast_chronos,2026-10-20 00:00:00,2026-09-28 00:00:00,P1D,fcre,1.6,ensemble,89,Chla_ugL_mean,9.30739876301517
vera4cast,chlorocast_chronos,2026-10-21 00:00:00,2026-09-28 00:00:00,P1D,fcre,1.6,ensemble,89,Chla_ugL_mean,9.32047455139382
vera4cast,chlorocast_chronos,2026-10-22 00:00:00,2026-09-28 00:00:00,P1D,fcre,1.6,ensemble,89,Chla_ugL_mean,9.22267294443627
vera4cast,chlorocast_chronos,2026-10-23 00:00:00,2026-09-28 00:00:00,P1D,fcre,1.6,ensemble,89,Chla_ugL_mean,9.02718617117762
vera4cast,chlorocast_chronos,2026-10-24 00:00:00,2026-09-28 00:00:00,P1D,fcre,1.6,ensemble,89,Chla_ugL_mean,8.93421611839581
vera4cast,chlorocast_chronos,2026-10-25 00:00:00,2026-09-28 00:00:00,P1D,fcre,1.6,ensemble,89,Chla_ugL_mean,8.80483975907314
vera4cast,chlorocast_chronos,2026-10-26 00:00:00,2026-09-28 00:00:00,P1D,fcre,1.6,ensemble,89,Chla_ugL_mean,8.6712385926279
vera4cast,chlorocast_chronos,2026-10-27 00:00:00,2026-09-28 00:00:00,P1D,fcre,1.6,ensemble,89,Chla_ugL_mean,8.53516406684629
vera4cast,chlorocast_chronos,2026-10-28 00:00:00,2026-09-28 00:00:00,P1D,fcre,1.6,ensemble,89,Chla_ugL_mean,8.47965022985034
vera4cast,chlorocast_chronos,2026-10-29 00:00:00,2026-09-28 00:00:00,P1D,fcre,1.6,ensemble,89,Chla_ugL_mean,8.37877044341775
vera4cast,chlorocast_chronos,2026-10-30 00:00:00,2026-09-28 00:00:00,P1D,fcre,1.6,ensemble,89,Chla_ugL_mean,8.33209989306013
vera4cast,chlorocast_chronos,2026-10-31 00:00:00,2026-09-28 00:00:00,P1D,fcre,1.6,ensemble,89,Chla_ugL_mean,8.27040949515188
vera4cast,chlorocast_chronos,2026-11-01 00:00:00,2026-09-28 00:00:00,P1D,fcre,1.6,ensemble,89,Chla_ugL_mean,8.25854258937096
vera4cast,chlorocast_chronos,2026-11-02 00:00:00,2026-09-28 00:00:00,P1D,fcre,1.6,ensemble,89,Chla_ugL_mean,8.23447676289
vera4cast,chlorocast_chronos,2026-09-29 00:00:00,2026-09-28 00:00:00,P1D,fcre,1.6,ensemble,90,Chla_ugL_mean,8.41004012817502
vera4cast,chlorocast_chronos,2026-09-30 00:00:00,2026-09-28 00:00:00,P1D,fcre,1.6,ensemble,90,Chla_ugL_mean,8.41379686373237
vera4cast,chlorocast_chronos,2026-10-01 00:00:00,2026-09-28 00:00:00,P1D,fcre,1.6,ensemble,90,Chla_ugL_mean,8.34796478487546
vera4cast,chlorocast_chronos,2026-10-02 00:00:00,2026-09-28 00:00:00,P1D,fcre,1.6,ensemble,90,Chla_ugL_mean,8.19979079217743
vera4cast,chlorocast_chronos,2026-10-03 00:00:00,2026-09-28 00:00:00,P1D,fcre,1.6,ensemble,90,Chla_ugL_mean,8.09203110911591
vera4cast,chlorocast_chronos,2026-10-04 00:00:00,2026-09-28 00:00:00,P1D,fcre,1.6,ensemble,90,Chla_ugL_mean,8.11438262562951
vera4cast,chlorocast_chronos,2026-10-05 00:00:00,2026-09-28 00:00:00,P1D,fcre,1.6,ensemble,90,Chla_ugL_mean,8.10516901156587
vera4cast,chlorocast_chronos,2026-10-06 00:00:00,2026-09-28 00:00:00,P1D,fcre,1.6,ensemble,90,Chla_ugL_mean,8.09755540445724
vera4cast,chlorocast_chronos,2026-10-07 00:00:00,2026-09-28 00:00:00,P1D,fcre,1.6,ensemble,90,Chla_ugL_mean,8.17106780771651
vera4cast,chlorocast_chronos,2026-10-08 00:00:00,2026-09-28 00:00:00,P1D,fcre,1.6,ensemble,90,Chla_ugL_mean,8.2443745128937
vera4cast,chlorocast_chronos,2026-10-09 00:00:00,2026-09-28 00:00:00,P1D,fcre,1.6,ensemble,90,Chla_ugL_mean,8.21045204526234
vera4cast,chlorocast_chronos,2026-10-10 00:00:00,2026-09-28 00:00:00,P1D,fcre,1.6,ensemble,90,Chla_ugL_mean,8.19269316585628
vera4cast,chlorocast_chronos,2026-10-11 00:00:00,2026-09-28 00:00:00,P1D,fcre,1.6,ensemble,90,Chla_ugL_mean,8.33038234755691
vera4cast,chlorocast_chronos,2026-10-12 00:00:00,2026-09-28 00:00:00,P1D,fcre,1.6,ensemble,90,Chla_ugL_mean,8.58178164219053
vera4cast,chlorocast_chronos,2026-10-13 00:00:00,2026-09-28 00:00:00,P1D,fcre,1.6,ensemble,90,Chla_ugL_mean,8.78165223109005
vera4cast,chlorocast_chronos,2026-10-14 00:00:00,2026-09-28 00:00:00,P1D,fcre,1.6,ensemble,90,Chla_ugL_mean,9.01102885093956
vera4cast,chlorocast_chronos,2026-10-15 00:00:00,2026-09-28 00:00:00,P1D,fcre,1.6,ensemble,90,Chla_ugL_mean,9.12568352738762
vera4cast,chlorocast_chronos,2026-10-16 00:00:00,2026-09-28 00:00:00,P1D,fcre,1.6,ensemble,90,Chla_ugL_mean,9.30109343672094
vera4cast,chlorocast_chronos,2026-10-17 00:00:00,2026-09-28 00:00:00,P1D,fcre,1.6,ensemble,90,Chla_ugL_mean,9.23210589107471
vera4cast,chlorocast_chronos,2026-10-18 00:00:00,2026-09-28 00:00:00,P1D,fcre,1.6,ensemble,90,Chla_ugL_mean,9.22305235226609
vera4cast,chlorocast_chronos,2026-10-19 00:00:00,2026-09-28 00:00:00,P1D,fcre,1.6,ensemble,90,Chla_ugL_mean,9.18982606066431
vera4cast,chlorocast_chronos,2026-10-20 00:00:00,2026-09-28 00:00:00,P1D,fcre,1.6,ensemble,90,Chla_ugL_mean,9.39740707254531
vera4cast,chlorocast_chronos,2026-10-21 00:00:00,2026-09-28 00:00:00,P1D,fcre,1.6,ensemble,90,Chla_ugL_mean,9.41062537358751
vera4cast,chlorocast_chronos,2026-10-22 00:00:00,2026-09-28 00:00:00,P1D,fcre,1.6,ensemble,90,Chla_ugL_mean,9.31126805107024
vera4cast,chlorocast_chronos,2026-10-23 00:00:00,2026-09-28 00:00:00,P1D,fcre,1.6,ensemble,90,Chla_ugL_mean,9.1214973396519
vera4cast,chlorocast_chronos,2026-10-24 00:00:00,2026-09-28 00:00:00,P1D,fcre,1.6,ensemble,90,Chla_ugL_mean,9.03181196369559
vera4cast,chlorocast_chronos,2026-10-25 00:00:00,2026-09-28 00:00:00,P1D,fcre,1.6,ensemble,90,Chla_ugL_mean,8.9061434252636
vera4cast,chlorocast_chronos,2026-10-26 00:00:00,2026-09-28 00:00:00,P1D,fcre,1.6,ensemble,90,Chla_ugL_mean,8.77153118920741
vera4cast,chlorocast_chronos,2026-10-27 00:00:00,2026-09-28 00:00:00,P1D,fcre,1.6,ensemble,90,Chla_ugL_mean,8.63404221251136
vera4cast,chlorocast_chronos,2026-10-28 00:00:00,2026-09-28 00:00:00,P1D,fcre,1.6,ensemble,90,Chla_ugL_mean,8.57967770781875
vera4cast,chlorocast_chronos,2026-10-29 00:00:00,2026-09-28 00:00:00,P1D,fcre,1.6,ensemble,90,Chla_ugL_mean,8.4779219979067
vera4cast,chlorocast_chronos,2026-10-30 00:00:00,2026-09-28 00:00:00,P1D,fcre,1.6,ensemble,90,Chla_ugL_mean,8.43162390579393
vera4cast,chlorocast_chronos,2026-10-31 00:00:00,2026-09-28 00:00:00,P1D,fcre,1.6,ensemble,90,Chla_ugL_mean,8.36920386200662
vera4cast,chlorocast_chronos,2026-11-01 00:00:00,2026-09-28 00:00:00,P1D,fcre,1.6,ensemble,90,Chla_ugL_mean,8.35741928889777
vera4cast,chlorocast_chronos,2026-11-02 00:00:00,2026-09-28 00:00:00,P1D,fcre,1.6,ensemble,90,Chla_ugL_mean,8.33283944440147
vera4cast,chlorocast_chronos,2026-09-29 00:00:00,2026-09-28 00:00:00,P1D,fcre,1.6,ensemble,91,Chla_ugL_mean,8.47850965201666
vera4cast,chlorocast_chronos,2026-09-30 00:00:00,2026-09-28 00:00:00,P1D,fcre,1.6,ensemble,91,Chla_ugL_mean,8.48629222610018
vera4cast,chlorocast_chronos,2026-10-01 00:00:00,2026-09-28 00:00:00,P1D,fcre,1.6,ensemble,91,Chla_ugL_mean,8.42299178098928
vera4cast,chlorocast_chronos,2026-10-02 00:00:00,2026-09-28 00:00:00,P1D,fcre,1.6,ensemble,91,Chla_ugL_mean,8.2762301956904
vera4cast,chlorocast_chronos,2026-10-03 00:00:00,2026-09-28 00:00:00,P1D,fcre,1.6,ensemble,91,Chla_ugL_mean,8.17050733999821
vera4cast,chlorocast_chronos,2026-10-04 00:00:00,2026-09-28 00:00:00,P1D,fcre,1.6,ensemble,91,Chla_ugL_mean,8.20050965017109
vera4cast,chlorocast_chronos,2026-10-05 00:00:00,2026-09-28 00:00:00,P1D,fcre,1.6,ensemble,91,Chla_ugL_mean,8.18919514251317
vera4cast,chlorocast_chronos,2026-10-06 00:00:00,2026-09-28 00:00:00,P1D,fcre,1.6,ensemble,91,Chla_ugL_mean,8.18370992332656
vera4cast,chlorocast_chronos,2026-10-07 00:00:00,2026-09-28 00:00:00,P1D,fcre,1.6,ensemble,91,Chla_ugL_mean,8.25680705260228
vera4cast,chlorocast_chronos,2026-10-08 00:00:00,2026-09-28 00:00:00,P1D,fcre,1.6,ensemble,91,Chla_ugL_mean,8.3310024566006
vera4cast,chlorocast_chronos,2026-10-09 00:00:00,2026-09-28 00:00:00,P1D,fcre,1.6,ensemble,91,Chla_ugL_mean,8.29684044071697
vera4cast,chlorocast_chronos,2026-10-10 00:00:00,2026-09-28 00:00:00,P1D,fcre,1.6,ensemble,91,Chla_ugL_mean,8.27904882328685
vera4cast,chlorocast_chronos,2026-10-11 00:00:00,2026-09-28 00:00:00,P1D,fcre,1.6,ensemble,91,Chla_ugL_mean,8.4186963651052
vera4cast,chlorocast_chronos,2026-10-12 00:00:00,2026-09-28 00:00:00,P1D,fcre,1.6,ensemble,91,Chla_ugL_mean,8.6737959320634
vera4cast,chlorocast_chronos,2026-10-13 00:00:00,2026-09-28 00:00:00,P1D,fcre,1.6,ensemble,91,Chla_ugL_mean,8.87843036846045
vera4cast,chlorocast_chronos,2026-10-14 00:00:00,2026-09-28 00:00:00,P1D,fcre,1.6,ensemble,91,Chla_ugL_mean,9.11301837496355
vera4cast,chlorocast_chronos,2026-10-15 00:00:00,2026-09-28 00:00:00,P1D,fcre,1.6,ensemble,91,Chla_ugL_mean,9.23317088811449
vera4cast,chlorocast_chronos,2026-10-16 00:00:00,2026-09-28 00:00:00,P1D,fcre,1.6,ensemble,91,Chla_ugL_mean,9.41372041830204
vera4cast,chlorocast_chronos,2026-10-17 00:00:00,2026-09-28 00:00:00,P1D,fcre,1.6,ensemble,91,Chla_ugL_mean,9.34499452140384
vera4cast,chlorocast_chronos,2026-10-18 00:00:00,2026-09-28 00:00:00,P1D,fcre,1.6,ensemble,91,Chla_ugL_mean,9.3359615586151
vera4cast,chlorocast_chronos,2026-10-19 00:00:00,2026-09-28 00:00:00,P1D,fcre,1.6,ensemble,91,Chla_ugL_mean,9.29906028620871
vera4cast,chlorocast_chronos,2026-10-20 00:00:00,2026-09-28 00:00:00,P1D,fcre,1.6,ensemble,91,Chla_ugL_mean,9.48820137046794
vera4cast,chlorocast_chronos,2026-10-21 00:00:00,2026-09-28 00:00:00,P1D,fcre,1.6,ensemble,91,Chla_ugL_mean,9.50156367611476
vera4cast,chlorocast_chronos,2026-10-22 00:00:00,2026-09-28 00:00:00,P1D,fcre,1.6,ensemble,91,Chla_ugL_mean,9.400630969896
vera4cast,chlorocast_chronos,2026-10-23 00:00:00,2026-09-28 00:00:00,P1D,fcre,1.6,ensemble,91,Chla_ugL_mean,9.21669555623191
vera4cast,chlorocast_chronos,2026-10-24 00:00:00,2026-09-28 00:00:00,P1D,fcre,1.6,ensemble,91,Chla_ugL_mean,9.13036661127089
vera4cast,chlorocast_chronos,2026-10-25 00:00:00,2026-09-28 00:00:00,P1D,fcre,1.6,ensemble,91,Chla_ugL_mean,9.00849376157166
vera4cast,chlorocast_chronos,2026-10-26 00:00:00,2026-09-28 00:00:00,P1D,fcre,1.6,ensemble,91,Chla_ugL_mean,8.87286383922291
vera4cast,chlorocast_chronos,2026-10-27 00:00:00,2026-09-28 00:00:00,P1D,fcre,1.6,ensemble,91,Chla_ugL_mean,8.73394570893303
vera4cast,chlorocast_chronos,2026-10-28 00:00:00,2026-09-28 00:00:00,P1D,fcre,1.6,ensemble,91,Chla_ugL_mean,8.68076065683369
vera4cast,chlorocast_chronos,2026-10-29 00:00:00,2026-09-28 00:00:00,P1D,fcre,1.6,ensemble,91,Chla_ugL_mean,8.57812177410199
vera4cast,chlorocast_chronos,2026-10-30 00:00:00,2026-09-28 00:00:00,P1D,fcre,1.6,ensemble,91,Chla_ugL_mean,8.53220931191444
vera4cast,chlorocast_chronos,2026-10-31 00:00:00,2026-09-28 00:00:00,P1D,fcre,1.6,ensemble,91,Chla_ugL_mean,8.46905107630325
vera4cast,chlorocast_chronos,2026-11-01 00:00:00,2026-09-28 00:00:00,P1D,fcre,1.6,ensemble,91,Chla_ugL_mean,8.45735194314044
vera4cast,chlorocast_chronos,2026-11-02 00:00:00,2026-09-28 00:00:00,P1D,fcre,1.6,ensemble,91,Chla_ugL_mean,8.43224985361453
vera4cast,chlorocast_chronos,2026-09-29 00:00:00,2026-09-28 00:00:00,P1D,fcre,1.6,ensemble,92,Chla_ugL_mean,8.54747737518915
vera4cast,chlorocast_chronos,2026-09-30 00:00:00,2026-09-28 00:00:00,P1D,fcre,1.6,ensemble,92,Chla_ugL_mean,8.55934587304125
vera4cast,chlorocast_chronos,2026-10-01 00:00:00,2026-09-28 00:00:00,P1D,fcre,1.6,ensemble,92,Chla_ugL_mean,8.49862094562591
vera4cast,chlorocast_chronos,2026-10-02 00:00:00,2026-09-28 00:00:00,P1D,fcre,1.6,ensemble,92,Chla_ugL_mean,8.35330472042965
vera4cast,chlorocast_chronos,2026-10-03 00:00:00,2026-09-28 00:00:00,P1D,fcre,1.6,ensemble,92,Chla_ugL_mean,8.24966092434967
vera4cast,chlorocast_chronos,2026-10-04 00:00:00,2026-09-28 00:00:00,P1D,fcre,1.6,ensemble,92,Chla_ugL_mean,8.28745053832373
vera4cast,chlorocast_chronos,2026-10-05 00:00:00,2026-09-28 00:00:00,P1D,fcre,1.6,ensemble,92,Chla_ugL_mean,8.27399670010801
vera4cast,chlorocast_chronos,2026-10-06 00:00:00,2026-09-28 00:00:00,P1D,fcre,1.6,ensemble,92,Chla_ugL_mean,8.27068033182685
vera4cast,chlorocast_chronos,2026-10-07 00:00:00,2026-09-28 00:00:00,P1D,fcre,1.6,ensemble,92,Chla_ugL_mean,8.34334786370342
vera4cast,chlorocast_chronos,2026-10-08 00:00:00,2026-09-28 00:00:00,P1D,fcre,1.6,ensemble,92,Chla_ugL_mean,8.41844218055509
vera4cast,chlorocast_chronos,2026-10-09 00:00:00,2026-09-28 00:00:00,P1D,fcre,1.6,ensemble,92,Chla_ugL_mean,8.38403910637685
vera4cast,chlorocast_chronos,2026-10-10 00:00:00,2026-09-28 00:00:00,P1D,fcre,1.6,ensemble,92,Chla_ugL_mean,8.36621570104596
vera4cast,chlorocast_chronos,2026-10-11 00:00:00,2026-09-28 00:00:00,P1D,fcre,1.6,ensemble,92,Chla_ugL_mean,8.50784629327377
vera4cast,chlorocast_chronos,2026-10-12 00:00:00,2026-09-28 00:00:00,P1D,fcre,1.6,ensemble,92,Chla_ugL_mean,8.76669383939457
vera4cast,chlorocast_chronos,2026-10-13 00:00:00,2026-09-28 00:00:00,P1D,fcre,1.6,ensemble,92,Chla_ugL_mean,8.97616601358635
vera4cast,chlorocast_chronos,2026-10-14 00:00:00,2026-09-28 00:00:00,P1D,fcre,1.6,ensemble,92,Chla_ugL_mean,9.21604693934648
vera4cast,chlorocast_chronos,2026-10-15 00:00:00,2026-09-28 00:00:00,P1D,fcre,1.6,ensemble,92,Chla_ugL_mean,9.34179926146384
vera4cast,chlorocast_chronos,2026-10-16 00:00:00,2026-09-28 00:00:00,P1D,fcre,1.6,ensemble,92,Chla_ugL_mean,9.52757880672922
vera4cast,chlorocast_chronos,2026-10-17 00:00:00,2026-09-28 00:00:00,P1D,fcre,1.6,ensemble,92,Chla_ugL_mean,9.45912862778583
vera4cast,chlorocast_chronos,2026-10-18 00:00:00,2026-09-28 00:00:00,P1D,fcre,1.6,ensemble,92,Chla_ugL_mean,9.45011779847613
vera4cast,chlorocast_chronos,2026-10-19 00:00:00,2026-09-28 00:00:00,P1D,fcre,1.6,ensemble,92,Chla_ugL_mean,9.40946549504168
vera4cast,chlorocast_chronos,2026-10-20 00:00:00,2026-09-28 00:00:00,P1D,fcre,1.6,ensemble,92,Chla_ugL_mean,9.57978852034661
vera4cast,chlorocast_chronos,2026-10-21 00:00:00,2026-09-28 00:00:00,P1D,fcre,1.6,ensemble,92,Chla_ugL_mean,9.59329633772898
vera4cast,chlorocast_chronos,2026-10-22 00:00:00,2026-09-28 00:00:00,P1D,fcre,1.6,ensemble,92,Chla_ugL_mean,9.49076835518131
vera4cast,chlorocast_chronos,2026-10-23 00:00:00,2026-09-28 00:00:00,P1D,fcre,1.6,ensemble,92,Chla_ugL_mean,9.3127891640901
vera4cast,chlorocast_chronos,2026-10-24 00:00:00,2026-09-28 00:00:00,P1D,fcre,1.6,ensemble,92,Chla_ugL_mean,9.22988948059854
vera4cast,chlorocast_chronos,2026-10-25 00:00:00,2026-09-28 00:00:00,P1D,fcre,1.6,ensemble,92,Chla_ugL_mean,9.11190158219956
vera4cast,chlorocast_chronos,2026-10-26 00:00:00,2026-09-28 00:00:00,P1D,fcre,1.6,ensemble,92,Chla_ugL_mean,8.97524732822775
vera4cast,chlorocast_chronos,2026-10-27 00:00:00,2026-09-28 00:00:00,P1D,fcre,1.6,ensemble,92,Chla_ugL_mean,8.83488518883672
vera4cast,chlorocast_chronos,2026-10-28 00:00:00,2026-09-28 00:00:00,P1D,fcre,1.6,ensemble,92,Chla_ugL_mean,8.78291021402618
vera4cast,chlorocast_chronos,2026-10-29 00:00:00,2026-09-28 00:00:00,P1D,fcre,1.6,ensemble,92,Chla_ugL_mean,8.67938085371334
vera4cast,chlorocast_chronos,2026-10-30 00:00:00,2026-09-28 00:00:00,P1D,fcre,1.6,ensemble,92,Chla_ugL_mean,8.63386743085996
vera4cast,chlorocast_chronos,2026-10-31 00:00:00,2026-09-28 00:00:00,P1D,fcre,1.6,ensemble,92,Chla_ugL_mean,8.56996235819299
vera4cast,chlorocast_chronos,2026-11-01 00:00:00,2026-09-28 00:00:00,P1D,fcre,1.6,ensemble,92,Chla_ugL_mean,8.55835182917809
vera4cast,chlorocast_chronos,2026-11-02 00:00:00,2026-09-28 00:00:00,P1D,fcre,1.6,ensemble,92,Chla_ugL_mean,8.53271915058825
vera4cast,chlorocast_chronos,2026-09-29 00:00:00,2026-09-28 00:00:00,P1D,fcre,1.6,ensemble,93,Chla_ugL_mean,8.6169469227005
vera4cast,chlorocast_chronos,2026-09-30 00:00:00,2026-09-28 00:00:00,P1D,fcre,1.6,ensemble,93,Chla_ugL_mean,8.63296210388804
vera4cast,chlorocast_chronos,2026-10-01 00:00:00,2026-09-28 00:00:00,P1D,fcre,1.6,ensemble,93,Chla_ugL_mean,8.57485711180479
vera4cast,chlorocast_chronos,2026-10-02 00:00:00,2026-09-28 00:00:00,P1D,fcre,1.6,ensemble,93,Chla_ugL_mean,8.43101964350297
vera4cast,chlorocast_chronos,2026-10-03 00:00:00,2026-09-28 00:00:00,P1D,fcre,1.6,ensemble,93,Chla_ugL_mean,8.32949770862491
vera4cast,chlorocast_chronos,2026-10-04 00:00:00,2026-09-28 00:00:00,P1D,fcre,1.6,ensemble,93,Chla_ugL_mean,8.37521298075111
vera4cast,chlorocast_chronos,2026-10-05 00:00:00,2026-09-28 00:00:00,P1D,fcre,1.6,ensemble,93,Chla_ugL_mean,8.35958084029675
vera4cast,chlorocast_chronos,2026-10-06 00:00:00,2026-09-28 00:00:00,P1D,fcre,1.6,ensemble,93,Chla_ugL_mean,8.35847435649292
vera4cast,chlorocast_chronos,2026-10-07 00:00:00,2026-09-28 00:00:00,P1D,fcre,1.6,ensemble,93,Chla_ugL_mean,8.43069773476914
vera4cast,chlorocast_chronos,2026-10-08 00:00:00,2026-09-28 00:00:00,P1D,fcre,1.6,ensemble,93,Chla_ugL_mean,8.50670129185416
vera4cast,chlorocast_chronos,2026-10-09 00:00:00,2026-09-28 00:00:00,P1D,fcre,1.6,ensemble,93,Chla_ugL_mean,8.47205564207994
vera4cast,chlorocast_chronos,2026-10-10 00:00:00,2026-09-28 00:00:00,P1D,fcre,1.6,ensemble,93,Chla_ugL_mean,8.45420141969307
vera4cast,chlorocast_chronos,2026-10-11 00:00:00,2026-09-28 00:00:00,P1D,fcre,1.6,ensemble,93,Chla_ugL_mean,8.5978400441312
vera4cast,chlorocast_chronos,2026-10-12 00:00:00,2026-09-28 00:00:00,P1D,fcre,1.6,ensemble,93,Chla_ugL_mean,8.86048384960317
vera4cast,chlorocast_chronos,2026-10-13 00:00:00,2026-09-28 00:00:00,P1D,fcre,1.6,ensemble,93,Chla_ugL_mean,9.07486863989974
vera4cast,chlorocast_chronos,2026-10-14 00:00:00,2026-09-28 00:00:00,P1D,fcre,1.6,ensemble,93,Chla_ugL_mean,9.32012512953698
vera4cast,chlorocast_chronos,2026-10-15 00:00:00,2026-09-28 00:00:00,P1D,fcre,1.6,ensemble,93,Chla_ugL_mean,9.45158075964864
vera4cast,chlorocast_chronos,2026-10-16 00:00:00,2026-09-28 00:00:00,P1D,fcre,1.6,ensemble,93,Chla_ugL_mean,9.64268206558641
vera4cast,chlorocast_chronos,2026-10-17 00:00:00,2026-09-28 00:00:00,P1D,fcre,1.6,ensemble,93,Chla_ugL_mean,9.57452195129091
vera4cast,chlorocast_chronos,2026-10-18 00:00:00,2026-09-28 00:00:00,P1D,fcre,1.6,ensemble,93,Chla_ugL_mean,9.56553484479675
vera4cast,chlorocast_chronos,2026-10-19 00:00:00,2026-09-28 00:00:00,P1D,fcre,1.6,ensemble,93,Chla_ugL_mean,9.52105424002247
vera4cast,chlorocast_chronos,2026-10-20 00:00:00,2026-09-28 00:00:00,P1D,fcre,1.6,ensemble,93,Chla_ugL_mean,9.67217544568026
vera4cast,chlorocast_chronos,2026-10-21 00:00:00,2026-09-28 00:00:00,P1D,fcre,1.6,ensemble,93,Chla_ugL_mean,9.68583029727048
vera4cast,chlorocast_chronos,2026-10-22 00:00:00,2026-09-28 00:00:00,P1D,fcre,1.6,ensemble,93,Chla_ugL_mean,9.58168691886337
vera4cast,chlorocast_chronos,2026-10-23 00:00:00,2026-09-28 00:00:00,P1D,fcre,1.6,ensemble,93,Chla_ugL_mean,9.40978658487102
vera4cast,chlorocast_chronos,2026-10-24 00:00:00,2026-09-28 00:00:00,P1D,fcre,1.6,ensemble,93,Chla_ugL_mean,9.3303900836943
vera4cast,chlorocast_chronos,2026-10-25 00:00:00,2026-09-28 00:00:00,P1D,fcre,1.6,ensemble,93,Chla_ugL_mean,9.21637781308197
vera4cast,chlorocast_chronos,2026-10-26 00:00:00,2026-09-28 00:00:00,P1D,fcre,1.6,ensemble,93,Chla_ugL_mean,9.07869255362352
vera4cast,chlorocast_chronos,2026-10-27 00:00:00,2026-09-28 00:00:00,P1D,fcre,1.6,ensemble,93,Chla_ugL_mean,8.93687139520754
vera4cast,chlorocast_chronos,2026-10-28 00:00:00,2026-09-28 00:00:00,P1D,fcre,1.6,ensemble,93,Chla_ugL_mean,8.88613763404419
vera4cast,chlorocast_chronos,2026-10-29 00:00:00,2026-09-28 00:00:00,P1D,fcre,1.6,ensemble,93,Chla_ugL_mean,8.78171043560537
vera4cast,chlorocast_chronos,2026-10-30 00:00:00,2026-09-28 00:00:00,P1D,fcre,1.6,ensemble,93,Chla_ugL_mean,8.73660970278716
vera4cast,chlorocast_chronos,2026-10-31 00:00:00,2026-09-28 00:00:00,P1D,fcre,1.6,ensemble,93,Chla_ugL_mean,8.67194904739973
vera4cast,chlorocast_chronos,2026-11-01 00:00:00,2026-09-28 00:00:00,P1D,fcre,1.6,ensemble,93,Chla_ugL_mean,8.66043034452348
vera4cast,chlorocast_chronos,2026-11-02 00:00:00,2026-09-28 00:00:00,P1D,fcre,1.6,ensemble,93,Chla_ugL_mean,8.63425861425507
vera4cast,chlorocast_chronos,2026-09-29 00:00:00,2026-09-28 00:00:00,P1D,fcre,1.6,ensemble,94,Chla_ugL_mean,8.68692194593511
vera4cast,chlorocast_chronos,2026-09-30 00:00:00,2026-09-28 00:00:00,P1D,fcre,1.6,ensemble,94,Chla_ugL_mean,8.70714525108204
vera4cast,chlorocast_chronos,2026-10-01 00:00:00,2026-09-28 00:00:00,P1D,fcre,1.6,ensemble,94,Chla_ugL_mean,8.65170515133527
vera4cast,chlorocast_chronos,2026-10-02 00:00:00,2026-09-28 00:00:00,P1D,fcre,1.6,ensemble,94,Chla_ugL_mean,8.50938028586469
vera4cast,chlorocast_chronos,2026-10-03 00:00:00,2026-09-28 00:00:00,P1D,fcre,1.6,ensemble,94,Chla_ugL_mean,8.41002358974115
vera4cast,chlorocast_chronos,2026-10-04 00:00:00,2026-09-28 00:00:00,P1D,fcre,1.6,ensemble,94,Chla_ugL_mean,8.46380474079035
vera4cast,chlorocast_chronos,2026-10-05 00:00:00,2026-09-28 00:00:00,P1D,fcre,1.6,ensemble,94,Chla_ugL_mean,8.44595478506369
vera4cast,chlorocast_chronos,2026-10-06 00:00:00,2026-09-28 00:00:00,P1D,fcre,1.6,ensemble,94,Chla_ugL_mean,8.44709979703044
vera4cast,chlorocast_chronos,2026-10-07 00:00:00,2026-09-28 00:00:00,P1D,fcre,1.6,ensemble,94,Chla_ugL_mean,8.51886422960681
vera4cast,chlorocast_chronos,2026-10-08 00:00:00,2026-09-28 00:00:00,P1D,fcre,1.6,ensemble,94,Chla_ugL_mean,8.59578746888002
vera4cast,chlorocast_chronos,2026-10-09 00:00:00,2026-09-28 00:00:00,P1D,fcre,1.6,ensemble,94,Chla_ugL_mean,8.56089771894599
vera4cast,chlorocast_chronos,2026-10-10 00:00:00,2026-09-28 00:00:00,P1D,fcre,1.6,ensemble,94,Chla_ugL_mean,8.54301367137475
vera4cast,chlorocast_chronos,2026-10-11 00:00:00,2026-09-28 00:00:00,P1D,fcre,1.6,ensemble,94,Chla_ugL_mean,8.68868560463548
vera4cast,chlorocast_chronos,2026-10-12 00:00:00,2026-09-28 00:00:00,P1D,fcre,1.6,ensemble,94,Chla_ugL_mean,8.95517452959414
vera4cast,chlorocast_chronos,2026-10-13 00:00:00,2026-09-28 00:00:00,P1D,fcre,1.6,ensemble,94,Chla_ugL_mean,9.17454781456124
vera4cast,chlorocast_chronos,2026-10-14 00:00:00,2026-09-28 00:00:00,P1D,fcre,1.6,ensemble,94,Chla_ugL_mean,9.42526363882523
vera4cast,chlorocast_chronos,2026-10-15 00:00:00,2026-09-28 00:00:00,P1D,fcre,1.6,ensemble,94,Chla_ugL_mean,9.56252762345687
vera4cast,chlorocast_chronos,2026-10-16 00:00:00,2026-09-28 00:00:00,P1D,fcre,1.6,ensemble,94,Chla_ugL_mean,9.75904380566164
vera4cast,chlorocast_chronos,2026-10-17 00:00:00,2026-09-28 00:00:00,P1D,fcre,1.6,ensemble,94,Chla_ugL_mean,9.69118838459159
vera4cast,chlorocast_chronos,2026-10-18 00:00:00,2026-09-28 00:00:00,P1D,fcre,1.6,ensemble,94,Chla_ugL_mean,9.68222662264081
vera4cast,chlorocast_chronos,2026-10-19 00:00:00,2026-09-28 00:00:00,P1D,fcre,1.6,ensemble,94,Chla_ugL_mean,9.63383920857616
vera4cast,chlorocast_chronos,2026-10-20 00:00:00,2026-09-28 00:00:00,P1D,fcre,1.6,ensemble,94,Chla_ugL_mean,9.76536913042655
vera4cast,chlorocast_chronos,2026-10-21 00:00:00,2026-09-28 00:00:00,P1D,fcre,1.6,ensemble,94,Chla_ugL_mean,9.77917255419133
vera4cast,chlorocast_chronos,2026-10-22 00:00:00,2026-09-28 00:00:00,P1D,fcre,1.6,ensemble,94,Chla_ugL_mean,9.67339343104853
vera4cast,chlorocast_chronos,2026-10-23 00:00:00,2026-09-28 00:00:00,P1D,fcre,1.6,ensemble,94,Chla_ugL_mean,9.50769631942935
vera4cast,chlorocast_chronos,2026-10-24 00:00:00,2026-09-28 00:00:00,P1D,fcre,1.6,ensemble,94,Chla_ugL_mean,9.431878026022
vera4cast,chlorocast_chronos,2026-10-25 00:00:00,2026-09-28 00:00:00,P1D,fcre,1.6,ensemble,94,Chla_ugL_mean,9.32193349304036
vera4cast,chlorocast_chronos,2026-10-26 00:00:00,2026-09-28 00:00:00,P1D,fcre,1.6,ensemble,94,Chla_ugL_mean,9.18321052581996
vera4cast,chlorocast_chronos,2026-10-27 00:00:00,2026-09-28 00:00:00,P1D,fcre,1.6,ensemble,94,Chla_ugL_mean,9.03991518243368
vera4cast,chlorocast_chronos,2026-10-28 00:00:00,2026-09-28 00:00:00,P1D,fcre,1.6,ensemble,94,Chla_ugL_mean,8.99045429029255
vera4cast,chlorocast_chronos,2026-10-29 00:00:00,2026-09-28 00:00:00,P1D,fcre,1.6,ensemble,94,Chla_ugL_mean,8.88512183703612
vera4cast,chlorocast_chronos,2026-10-30 00:00:00,2026-09-28 00:00:00,P1D,fcre,1.6,ensemble,94,Chla_ugL_mean,8.84044768985853
vera4cast,chlorocast_chronos,2026-10-31 00:00:00,2026-09-28 00:00:00,P1D,fcre,1.6,ensemble,94,Chla_ugL_mean,8.77502260449437
vera4cast,chlorocast_chronos,2026-11-01 00:00:00,2026-09-28 00:00:00,P1D,fcre,1.6,ensemble,94,Chla_ugL_mean,8.76359900840927
vera4cast,chlorocast_chronos,2026-11-02 00:00:00,2026-09-28 00:00:00,P1D,fcre,1.6,ensemble,94,Chla_ugL_mean,8.73687964368701
vera4cast,chlorocast_chronos,2026-09-29 00:00:00,2026-09-28 00:00:00,P1D,fcre,1.6,ensemble,95,Chla_ugL_mean,8.75740612284561
vera4cast,chlorocast_chronos,2026-09-30 00:00:00,2026-09-28 00:00:00,P1D,fcre,1.6,ensemble,95,Chla_ugL_mean,8.78189968042875
vera4cast,chlorocast_chronos,2026-10-01 00:00:00,2026-09-28 00:00:00,P1D,fcre,1.6,ensemble,95,Chla_ugL_mean,8.72916997512799
vera4cast,chlorocast_chronos,2026-10-02 00:00:00,2026-09-28 00:00:00,P1D,fcre,1.6,ensemble,95,Chla_ugL_mean,8.58839201267999
vera4cast,chlorocast_chronos,2026-10-03 00:00:00,2026-09-28 00:00:00,P1D,fcre,1.6,ensemble,95,Chla_ugL_mean,8.49124451551384
vera4cast,chlorocast_chronos,2026-10-04 00:00:00,2026-09-28 00:00:00,P1D,fcre,1.6,ensemble,95,Chla_ugL_mean,8.55323365513883
vera4cast,chlorocast_chronos,2026-10-05 00:00:00,2026-09-28 00:00:00,P1D,fcre,1.6,ensemble,95,Chla_ugL_mean,8.53312582304044
vera4cast,chlorocast_chronos,2026-10-06 00:00:00,2026-09-28 00:00:00,P1D,fcre,1.6,ensemble,95,Chla_ugL_mean,8.53656452700889
vera4cast,chlorocast_chronos,2026-10-07 00:00:00,2026-09-28 00:00:00,P1D,fcre,1.6,ensemble,95,Chla_ugL_mean,8.60785498273699
vera4cast,chlorocast_chronos,2026-10-08 00:00:00,2026-09-28 00:00:00,P1D,fcre,1.6,ensemble,95,Chla_ugL_mean,8.6857084619681
vera4cast,chlorocast_chronos,2026-10-09 00:00:00,2026-09-28 00:00:00,P1D,fcre,1.6,ensemble,95,Chla_ugL_mean,8.65057308004517
vera4cast,chlorocast_chronos,2026-10-10 00:00:00,2026-09-28 00:00:00,P1D,fcre,1.6,ensemble,95,Chla_ugL_mean,8.63266022049719
vera4cast,chlorocast_chronos,2026-10-11 00:00:00,2026-09-28 00:00:00,P1D,fcre,1.6,ensemble,95,Chla_ugL_mean,8.78039103734282
vera4cast,chlorocast_chronos,2026-10-12 00:00:00,2026-09-28 00:00:00,P1D,fcre,1.6,ensemble,95,Chla_ugL_mean,9.05077452854086
vera4cast,chlorocast_chronos,2026-10-13 00:00:00,2026-09-28 00:00:00,P1D,fcre,1.6,ensemble,95,Chla_ugL_mean,9.2752131993875
vera4cast,chlorocast_chronos,2026-10-14 00:00:00,2026-09-28 00:00:00,P1D,fcre,1.6,ensemble,95,Chla_ugL_mean,9.53147326944162
vera4cast,chlorocast_chronos,2026-10-15 00:00:00,2026-09-28 00:00:00,P1D,fcre,1.6,ensemble,95,Chla_ugL_mean,9.67465222361637
vera4cast,chlorocast_chronos,2026-10-16 00:00:00,2026-09-28 00:00:00,P1D,fcre,1.6,ensemble,95,Chla_ugL_mean,9.87667778655641
vera4cast,chlorocast_chronos,2026-10-17 00:00:00,2026-09-28 00:00:00,P1D,fcre,1.6,ensemble,95,Chla_ugL_mean,9.80914197363528
vera4cast,chlorocast_chronos,2026-10-18 00:00:00,2026-09-28 00:00:00,P1D,fcre,1.6,ensemble,95,Chla_ugL_mean,9.80020721086849
vera4cast,chlorocast_chronos,2026-10-19 00:00:00,2026-09-28 00:00:00,P1D,fcre,1.6,ensemble,95,Chla_ugL_mean,9.74783322413611
vera4cast,chlorocast_chronos,2026-10-20 00:00:00,2026-09-28 00:00:00,P1D,fcre,1.6,ensemble,95,Chla_ugL_mean,9.85937661952987
vera4cast,chlorocast_chronos,2026-10-21 00:00:00,2026-09-28 00:00:00,P1D,fcre,1.6,ensemble,95,Chla_ugL_mean,9.8733301690848
vera4cast,chlorocast_chronos,2026-10-22 00:00:00,2026-09-28 00:00:00,P1D,fcre,1.6,ensemble,95,Chla_ugL_mean,9.76589472051653
vera4cast,chlorocast_chronos,2026-10-23 00:00:00,2026-09-28 00:00:00,P1D,fcre,1.6,ensemble,95,Chla_ugL_mean,9.60652694857503
vera4cast,chlorocast_chronos,2026-10-24 00:00:00,2026-09-28 00:00:00,P1D,fcre,1.6,ensemble,95,Chla_ugL_mean,9.53436300741159
vera4cast,chlorocast_chronos,2026-10-25 00:00:00,2026-09-28 00:00:00,P1D,fcre,1.6,ensemble,95,Chla_ugL_mean,9.4285797749494
vera4cast,chlorocast_chronos,2026-10-26 00:00:00,2026-09-28 00:00:00,P1D,fcre,1.6,ensemble,95,Chla_ugL_mean,9.28881236940685
vera4cast,chlorocast_chronos,2026-10-27 00:00:00,2026-09-28 00:00:00,P1D,fcre,1.6,ensemble,95,Chla_ugL_mean,9.1440275174616
vera4cast,chlorocast_chronos,2026-10-28 00:00:00,2026-09-28 00:00:00,P1D,fcre,1.6,ensemble,95,Chla_ugL_mean,9.09587167618618
vera4cast,chlorocast_chronos,2026-10-29 00:00:00,2026-09-28 00:00:00,P1D,fcre,1.6,ensemble,95,Chla_ugL_mean,8.98962649490869
vera4cast,chlorocast_chronos,2026-10-30 00:00:00,2026-09-28 00:00:00,P1D,fcre,1.6,ensemble,95,Chla_ugL_mean,8.94539307754346
vera4cast,chlorocast_chronos,2026-10-31 00:00:00,2026-09-28 00:00:00,P1D,fcre,1.6,ensemble,95,Chla_ugL_mean,8.87919461218257
vera4cast,chlorocast_chronos,2026-11-01 00:00:00,2026-09-28 00:00:00,P1D,fcre,1.6,ensemble,95,Chla_ugL_mean,8.86786946308785
vera4cast,chlorocast_chronos,2026-11-02 00:00:00,2026-09-28 00:00:00,P1D,fcre,1.6,ensemble,95,Chla_ugL_mean,8.84059375937533
vera4cast,chlorocast_chronos,2026-09-29 00:00:00,2026-09-28 00:00:00,P1D,fcre,1.6,ensemble,96,Chla_ugL_mean,8.82840315814629
vera4cast,chlorocast_chronos,2026-09-30 00:00:00,2026-09-28 00:00:00,P1D,fcre,1.6,ensemble,96,Chla_ugL_mean,8.85722979135459
vera4cast,chlorocast_chronos,2026-10-01 00:00:00,2026-09-28 00:00:00,P1D,fcre,1.6,ensemble,96,Chla_ugL_mean,8.80725653350865
vera4cast,chlorocast_chronos,2026-10-02 00:00:00,2026-09-28 00:00:00,P1D,fcre,1.6,ensemble,96,Chla_ugL_mean,8.66806023369226
vera4cast,chlorocast_chronos,2026-10-03 00:00:00,2026-09-28 00:00:00,P1D,fcre,1.6,ensemble,96,Chla_ugL_mean,8.57316648509586
vera4cast,chlorocast_chronos,2026-10-04 00:00:00,2026-09-28 00:00:00,P1D,fcre,1.6,ensemble,96,Chla_ugL_mean,8.64350763454737
vera4cast,chlorocast_chronos,2026-10-05 00:00:00,2026-09-28 00:00:00,P1D,fcre,1.6,ensemble,96,Chla_ugL_mean,8.62110131012106
vera4cast,chlorocast_chronos,2026-10-06 00:00:00,2026-09-28 00:00:00,P1D,fcre,1.6,ensemble,96,Chla_ugL_mean,8.62687649456098
vera4cast,chlorocast_chronos,2026-10-07 00:00:00,2026-09-28 00:00:00,P1D,fcre,1.6,ensemble,96,Chla_ugL_mean,8.69767770005446
vera4cast,chlorocast_chronos,2026-10-08 00:00:00,2026-09-28 00:00:00,P1D,fcre,1.6,ensemble,96,Chla_ugL_mean,8.77647209408129
vera4cast,chlorocast_chronos,2026-10-09 00:00:00,2026-09-28 00:00:00,P1D,fcre,1.6,ensemble,96,Chla_ugL_mean,8.7410895410729
vera4cast,chlorocast_chronos,2026-10-10 00:00:00,2026-09-28 00:00:00,P1D,fcre,1.6,ensemble,96,Chla_ugL_mean,8.72314890440495
vera4cast,chlorocast_chronos,2026-10-11 00:00:00,2026-09-28 00:00:00,P1D,fcre,1.6,ensemble,96,Chla_ugL_mean,8.87296448112321
vera4cast,chlorocast_chronos,2026-10-12 00:00:00,2026-09-28 00:00:00,P1D,fcre,1.6,ensemble,96,Chla_ugL_mean,9.14729257867506
vera4cast,chlorocast_chronos,2026-10-13 00:00:00,2026-09-28 00:00:00,P1D,fcre,1.6,ensemble,96,Chla_ugL_mean,9.37687455178764
vera4cast,chlorocast_chronos,2026-10-14 00:00:00,2026-09-28 00:00:00,P1D,fcre,1.6,ensemble,96,Chla_ugL_mean,9.63876493366662
vera4cast,chlorocast_chronos,2026-10-15 00:00:00,2026-09-28 00:00:00,P1D,fcre,1.6,ensemble,96,Chla_ugL_mean,9.7879670621742
vera4cast,chlorocast_chronos,2026-10-16 00:00:00,2026-09-28 00:00:00,P1D,fcre,1.6,ensemble,96,Chla_ugL_mean,9.99559791831283
vera4cast,chlorocast_chronos,2026-10-17 00:00:00,2026-09-28 00:00:00,P1D,fcre,1.6,ensemble,96,Chla_ugL_mean,9.92839691933529
vera4cast,chlorocast_chronos,2026-10-18 00:00:00,2026-09-28 00:00:00,P1D,fcre,1.6,ensemble,96,Chla_ugL_mean,9.9194908438349
vera4cast,chlorocast_chronos,2026-10-19 00:00:00,2026-09-28 00:00:00,P1D,fcre,1.6,ensemble,96,Chla_ugL_mean,9.86304924760201
vera4cast,chlorocast_chronos,2026-10-20 00:00:00,2026-09-28 00:00:00,P1D,fcre,1.6,ensemble,96,Chla_ugL_mean,9.95420501945384
vera4cast,chlorocast_chronos,2026-10-21 00:00:00,2026-09-28 00:00:00,P1D,fcre,1.6,ensemble,96,Chla_ugL_mean,9.96831026421949
vera4cast,chlorocast_chronos,2026-10-22 00:00:00,2026-09-28 00:00:00,P1D,fcre,1.6,ensemble,96,Chla_ugL_mean,9.85919767522891
vera4cast,chlorocast_chronos,2026-10-23 00:00:00,2026-09-28 00:00:00,P1D,fcre,1.6,ensemble,96,Chla_ugL_mean,9.70628713382514
vera4cast,chlorocast_chronos,2026-10-24 00:00:00,2026-09-28 00:00:00,P1D,fcre,1.6,ensemble,96,Chla_ugL_mean,9.63785482298618
vera4cast,chlorocast_chronos,2026-10-25 00:00:00,2026-09-28 00:00:00,P1D,fcre,1.6,ensemble,96,Chla_ugL_mean,9.53632792691532
vera4cast,chlorocast_chronos,2026-10-26 00:00:00,2026-09-28 00:00:00,P1D,fcre,1.6,ensemble,96,Chla_ugL_mean,9.39550932433811
vera4cast,chlorocast_chronos,2026-10-27 00:00:00,2026-09-28 00:00:00,P1D,fcre,1.6,ensemble,96,Chla_ugL_mean,9.24921948096326
vera4cast,chlorocast_chronos,2026-10-28 00:00:00,2026-09-28 00:00:00,P1D,fcre,1.6,ensemble,96,Chla_ugL_mean,9.20240140641628
vera4cast,chlorocast_chronos,2026-10-29 00:00:00,2026-09-28 00:00:00,P1D,fcre,1.6,ensemble,96,Chla_ugL_mean,9.09523596703618
vera4cast,chlorocast_chronos,2026-10-30 00:00:00,2026-09-28 00:00:00,P1D,fcre,1.6,ensemble,96,Chla_ugL_mean,9.05145767593339
vera4cast,chlorocast_chronos,2026-10-31 00:00:00,2026-09-28 00:00:00,P1D,fcre,1.6,ensemble,96,Chla_ugL_mean,8.98447677660645
vera4cast,chlorocast_chronos,2026-11-01 00:00:00,2026-09-28 00:00:00,P1D,fcre,1.6,ensemble,96,Chla_ugL_mean,8.97325347514517
vera4cast,chlorocast_chronos,2026-11-02 00:00:00,2026-09-28 00:00:00,P1D,fcre,1.6,ensemble,96,Chla_ugL_mean,8.94541260452387
vera4cast,chlorocast_chronos,2026-09-29 00:00:00,2026-09-28 00:00:00,P1D,fcre,1.6,ensemble,97,Chla_ugL_mean,8.89991678350767
vera4cast,chlorocast_chronos,2026-09-30 00:00:00,2026-09-28 00:00:00,P1D,fcre,1.6,ensemble,97,Chla_ugL_mean,8.93314001716582
vera4cast,chlorocast_chronos,2026-10-01 00:00:00,2026-09-28 00:00:00,P1D,fcre,1.6,ensemble,97,Chla_ugL_mean,8.88596981653442
vera4cast,chlorocast_chronos,2026-10-02 00:00:00,2026-09-28 00:00:00,P1D,fcre,1.6,ensemble,97,Chla_ugL_mean,8.74839040359343
vera4cast,chlorocast_chronos,2026-10-03 00:00:00,2026-09-28 00:00:00,P1D,fcre,1.6,ensemble,97,Chla_ugL_mean,8.65579554942076
vera4cast,chlorocast_chronos,2026-10-04 00:00:00,2026-09-28 00:00:00,P1D,fcre,1.6,ensemble,97,Chla_ugL_mean,8.73463466451997
vera4cast,chlorocast_chronos,2026-10-05 00:00:00,2026-09-28 00:00:00,P1D,fcre,1.6,ensemble,97,Chla_ugL_mean,8.7098886700827
vera4cast,chlorocast_chronos,2026-10-06 00:00:00,2026-09-28 00:00:00,P1D,fcre,1.6,ensemble,97,Chla_ugL_mean,8.71804372308887
vera4cast,chlorocast_chronos,2026-10-07 00:00:00,2026-09-28 00:00:00,P1D,fcre,1.6,ensemble,97,Chla_ugL_mean,8.78834015949551
vera4cast,chlorocast_chronos,2026-10-08 00:00:00,2026-09-28 00:00:00,P1D,fcre,1.6,ensemble,97,Chla_ugL_mean,8.86808626149054
vera4cast,chlorocast_chronos,2026-10-09 00:00:00,2026-09-28 00:00:00,P1D,fcre,1.6,ensemble,97,Chla_ugL_mean,8.83245499103103
vera4cast,chlorocast_chronos,2026-10-10 00:00:00,2026-09-28 00:00:00,P1D,fcre,1.6,ensemble,97,Chla_ugL_mean,8.81448763406621
vera4cast,chlorocast_chronos,2026-10-11 00:00:00,2026-09-28 00:00:00,P1D,fcre,1.6,ensemble,97,Chla_ugL_mean,8.96641415188272
vera4cast,chlorocast_chronos,2026-10-12 00:00:00,2026-09-28 00:00:00,P1D,fcre,1.6,ensemble,97,Chla_ugL_mean,9.24473749608454
vera4cast,chlorocast_chronos,2026-10-13 00:00:00,2026-09-28 00:00:00,P1D,fcre,1.6,ensemble,97,Chla_ugL_mean,9.47954172570908
vera4cast,chlorocast_chronos,2026-10-14 00:00:00,2026-09-28 00:00:00,P1D,fcre,1.6,ensemble,97,Chla_ugL_mean,9.74714965495187
vera4cast,chlorocast_chronos,2026-10-15 00:00:00,2026-09-28 00:00:00,P1D,fcre,1.6,ensemble,97,Chla_ugL_mean,9.90248477389066
vera4cast,chlorocast_chronos,2026-10-16 00:00:00,2026-09-28 00:00:00,P1D,fcre,1.6,ensemble,97,Chla_ugL_mean,10.1158182630584
vera4cast,chlorocast_chronos,2026-10-17 00:00:00,2026-09-28 00:00:00,P1D,fcre,1.6,ensemble,97,Chla_ugL_mean,10.0489675792806
vera4cast,chlorocast_chronos,2026-10-18 00:00:00,2026-09-28 00:00:00,P1D,fcre,1.6,ensemble,97,Chla_ugL_mean,10.0400919131075
vera4cast,chlorocast_chronos,2026-10-19 00:00:00,2026-09-28 00:00:00,P1D,fcre,1.6,ensemble,97,Chla_ugL_mean,9.97950037881349
vera4cast,chlorocast_chronos,2026-10-20 00:00:00,2026-09-28 00:00:00,P1D,fcre,1.6,ensemble,97,Chla_ugL_mean,10.0498614987186
vera4cast,chlorocast_chronos,2026-10-21 00:00:00,2026-09-28 00:00:00,P1D,fcre,1.6,ensemble,97,Chla_ugL_mean,10.064120024078
vera4cast,chlorocast_chronos,2026-10-22 00:00:00,2026-09-28 00:00:00,P1D,fcre,1.6,ensemble,97,Chla_ugL_mean,9.95330924284193
vera4cast,chlorocast_chronos,2026-10-23 00:00:00,2026-09-28 00:00:00,P1D,fcre,1.6,ensemble,97,Chla_ugL_mean,9.80698561816311
vera4cast,chlorocast_chronos,2026-10-24 00:00:00,2026-09-28 00:00:00,P1D,fcre,1.6,ensemble,97,Chla_ugL_mean,9.74236336409827
vera4cast,chlorocast_chronos,2026-10-25 00:00:00,2026-09-28 00:00:00,P1D,fcre,1.6,ensemble,97,Chla_ugL_mean,9.64518933346648
vera4cast,chlorocast_chronos,2026-10-26 00:00:00,2026-09-28 00:00:00,P1D,fcre,1.6,ensemble,97,Chla_ugL_mean,9.50331274712813
vera4cast,chlorocast_chronos,2026-10-27 00:00:00,2026-09-28 00:00:00,P1D,fcre,1.6,ensemble,97,Chla_ugL_mean,9.35550226851546
vera4cast,chlorocast_chronos,2026-10-28 00:00:00,2026-09-28 00:00:00,P1D,fcre,1.6,ensemble,97,Chla_ugL_mean,9.31005521823012
vera4cast,chlorocast_chronos,2026-10-29 00:00:00,2026-09-28 00:00:00,P1D,fcre,1.6,ensemble,97,Chla_ugL_mean,9.20196193341985
vera4cast,chlorocast_chronos,2026-10-30 00:00:00,2026-09-28 00:00:00,P1D,fcre,1.6,ensemble,97,Chla_ugL_mean,9.15865342107074
vera4cast,chlorocast_chronos,2026-10-31 00:00:00,2026-09-28 00:00:00,P1D,fcre,1.6,ensemble,97,Chla_ugL_mean,9.09088092865998
vera4cast,chlorocast_chronos,2026-11-01 00:00:00,2026-09-28 00:00:00,P1D,fcre,1.6,ensemble,97,Chla_ugL_mean,9.07976293682855
vera4cast,chlorocast_chronos,2026-11-02 00:00:00,2026-09-28 00:00:00,P1D,fcre,1.6,ensemble,97,Chla_ugL_mean,9.05134794635614
vera4cast,chlorocast_chronos,2026-09-29 00:00:00,2026-09-28 00:00:00,P1D,fcre,1.6,ensemble,98,Chla_ugL_mean,8.9719507577528
vera4cast,chlorocast_chronos,2026-09-30 00:00:00,2026-09-28 00:00:00,P1D,fcre,1.6,ensemble,98,Chla_ugL_mean,9.00963482530948
vera4cast,chlorocast_chronos,2026-10-01 00:00:00,2026-09-28 00:00:00,P1D,fcre,1.6,ensemble,98,Chla_ugL_mean,8.96531485431274
vera4cast,chlorocast_chronos,2026-10-02 00:00:00,2026-09-28 00:00:00,P1D,fcre,1.6,ensemble,98,Chla_ugL_mean,8.82938802239753
vera4cast,chlorocast_chronos,2026-10-03 00:00:00,2026-09-28 00:00:00,P1D,fcre,1.6,ensemble,98,Chla_ugL_mean,8.73913781164958
vera4cast,chlorocast_chronos,2026-10-04 00:00:00,2026-09-28 00:00:00,P1D,fcre,1.6,ensemble,98,Chla_ugL_mean,8.82662280602028
vera4cast,chlorocast_chronos,2026-10-05 00:00:00,2026-09-28 00:00:00,P1D,fcre,1.6,ensemble,98,Chla_ugL_mean,8.79949539521209
vera4cast,chlorocast_chronos,2026-10-06 00:00:00,2026-09-28 00:00:00,P1D,fcre,1.6,ensemble,98,Chla_ugL_mean,8.81007431197692
vera4cast,chlorocast_chronos,2026-10-07 00:00:00,2026-09-28 00:00:00,P1D,fcre,1.6,ensemble,98,Chla_ugL_mean,8.87985021171146
vera4cast,chlorocast_chronos,2026-10-08 00:00:00,2026-09-28 00:00:00,P1D,fcre,1.6,ensemble,98,Chla_ugL_mean,8.96055893446186
vera4cast,chlorocast_chronos,2026-10-09 00:00:00,2026-09-28 00:00:00,P1D,fcre,1.6,ensemble,98,Chla_ugL_mean,8.92467739291541
vera4cast,chlorocast_chronos,2026-10-10 00:00:00,2026-09-28 00:00:00,P1D,fcre,1.6,ensemble,98,Chla_ugL_mean,8.90668439476435
vera4cast,chlorocast_chronos,2026-10-11 00:00:00,2026-09-28 00:00:00,P1D,fcre,1.6,ensemble,98,Chla_ugL_mean,9.06074834329272
vera4cast,chlorocast_chronos,2026-10-12 00:00:00,2026-09-28 00:00:00,P1D,fcre,1.6,ensemble,98,Chla_ugL_mean,9.34311818151839
vera4cast,chlorocast_chronos,2026-10-13 00:00:00,2026-09-28 00:00:00,P1D,fcre,1.6,ensemble,98,Chla_ugL_mean,9.58322467259263
vera4cast,chlorocast_chronos,2026-10-14 00:00:00,2026-09-28 00:00:00,P1D,fcre,1.6,ensemble,98,Chla_ugL_mean,9.85663856905287
vera4cast,chlorocast_chronos,2026-10-15 00:00:00,2026-09-28 00:00:00,P1D,fcre,1.6,ensemble,98,Chla_ugL_mean,10.018218127648
vera4cast,chlorocast_chronos,2026-10-16 00:00:00,2026-09-28 00:00:00,P1D,fcre,1.6,ensemble,98,Chla_ugL_mean,10.2373530366689
vera4cast,chlorocast_chronos,2026-10-17 00:00:00,2026-09-28 00:00:00,P1D,fcre,1.6,ensemble,98,Chla_ugL_mean,10.1708684694643
vera4cast,chlorocast_chronos,2026-10-18 00:00:00,2026-09-28 00:00:00,P1D,fcre,1.6,ensemble,98,Chla_ugL_mean,10.1620249692023
vera4cast,chlorocast_chronos,2026-10-19 00:00:00,2026-09-28 00:00:00,P1D,fcre,1.6,ensemble,98,Chla_ugL_mean,10.0971998580396
vera4cast,chlorocast_chronos,2026-10-20 00:00:00,2026-09-28 00:00:00,P1D,fcre,1.6,ensemble,98,Chla_ugL_mean,10.1463532884425
vera4cast,chlorocast_chronos,2026-10-21 00:00:00,2026-09-28 00:00:00,P1D,fcre,1.6,ensemble,98,Chla_ugL_mean,10.1607666959004
vera4cast,chlorocast_chronos,2026-10-22 00:00:00,2026-09-28 00:00:00,P1D,fcre,1.6,ensemble,98,Chla_ugL_mean,10.048236431224
vera4cast,chlorocast_chronos,2026-10-23 00:00:00,2026-09-28 00:00:00,P1D,fcre,1.6,ensemble,98,Chla_ugL_mean,9.90863122680488
vera4cast,chlorocast_chronos,2026-10-24 00:00:00,2026-09-28 00:00:00,P1D,fcre,1.6,ensemble,98,Chla_ugL_mean,9.8478986192751
vera4cast,chlorocast_chronos,2026-10-25 00:00:00,2026-09-28 00:00:00,P1D,fcre,1.6,ensemble,98,Chla_ugL_mean,9.75517549675628
vera4cast,chlorocast_chronos,2026-10-26 00:00:00,2026-09-28 00:00:00,P1D,fcre,1.6,ensemble,98,Chla_ugL_mean,9.61223411206055
vera4cast,chlorocast_chronos,2026-10-27 00:00:00,2026-09-28 00:00:00,P1D,fcre,1.6,ensemble,98,Chla_ugL_mean,9.46288719179135
vera4cast,chlorocast_chronos,2026-10-28 00:00:00,2026-09-28 00:00:00,P1D,fcre,1.6,ensemble,98,Chla_ugL_mean,9.41884497272414
vera4cast,chlorocast_chronos,2026-10-29 00:00:00,2026-09-28 00:00:00,P1D,fcre,1.6,ensemble,98,Chla_ugL_mean,9.30981619754097
vera4cast,chlorocast_chronos,2026-10-30 00:00:00,2026-09-28 00:00:00,P1D,fcre,1.6,ensemble,98,Chla_ugL_mean,9.26699237629225
vera4cast,chlorocast_chronos,2026-10-31 00:00:00,2026-09-28 00:00:00,P1D,fcre,1.6,ensemble,98,Chla_ugL_mean,9.19841902531849
vera4cast,chlorocast_chronos,2026-11-01 00:00:00,2026-09-28 00:00:00,P1D,fcre,1.6,ensemble,98,Chla_ugL_mean,9.1874098673887
vera4cast,chlorocast_chronos,2026-11-02 00:00:00,2026-09-28 00:00:00,P1D,fcre,1.6,ensemble,98,Chla_ugL_mean,9.15841167743634
vera4cast,chlorocast_chronos,2026-09-29 00:00:00,2026-09-28 00:00:00,P1D,fcre,1.6,ensemble,99,Chla_ugL_mean,9.04450886705473
vera4cast,chlorocast_chronos,2026-09-30 00:00:00,2026-09-28 00:00:00,P1D,fcre,1.6,ensemble,99,Chla_ugL_mean,9.08671871763627
vera4cast,chlorocast_chronos,2026-10-01 00:00:00,2026-09-28 00:00:00,P1D,fcre,1.6,ensemble,99,Chla_ugL_mean,9.04529671732287
vera4cast,chlorocast_chronos,2026-10-02 00:00:00,2026-09-28 00:00:00,P1D,fcre,1.6,ensemble,99,Chla_ugL_mean,8.91105863581718
vera4cast,chlorocast_chronos,2026-10-03 00:00:00,2026-09-28 00:00:00,P1D,fcre,1.6,ensemble,99,Chla_ugL_mean,8.82319942762175
vera4cast,chlorocast_chronos,2026-10-04 00:00:00,2026-09-28 00:00:00,P1D,fcre,1.6,ensemble,99,Chla_ugL_mean,8.91948019618459
vera4cast,chlorocast_chronos,2026-10-05 00:00:00,2026-09-28 00:00:00,P1D,fcre,1.6,ensemble,99,Chla_ugL_mean,8.88992904693779
vera4cast,chlorocast_chronos,2026-10-06 00:00:00,2026-09-28 00:00:00,P1D,fcre,1.6,ensemble,99,Chla_ugL_mean,8.90297643731122
vera4cast,chlorocast_chronos,2026-10-07 00:00:00,2026-09-28 00:00:00,P1D,fcre,1.6,ensemble,99,Chla_ugL_mean,8.97221578074845
vera4cast,chlorocast_chronos,2026-10-08 00:00:00,2026-09-28 00:00:00,P1D,fcre,1.6,ensemble,99,Chla_ugL_mean,9.05389815794966
vera4cast,chlorocast_chronos,2026-10-09 00:00:00,2026-09-28 00:00:00,P1D,fcre,1.6,ensemble,99,Chla_ugL_mean,9.01776478440993
vera4cast,chlorocast_chronos,2026-10-10 00:00:00,2026-09-28 00:00:00,P1D,fcre,1.6,ensemble,99,Chla_ugL_mean,8.99974724679606
vera4cast,chlorocast_chronos,2026-10-11 00:00:00,2026-09-28 00:00:00,P1D,fcre,1.6,ensemble,99,Chla_ugL_mean,9.15597542752589
vera4cast,chlorocast_chronos,2026-10-12 00:00:00,2026-09-28 00:00:00,P1D,fcre,1.6,ensemble,99,Chla_ugL_mean,9.44244362119997
vera4cast,chlorocast_chronos,2026-10-13 00:00:00,2026-09-28 00:00:00,P1D,fcre,1.6,ensemble,99,Chla_ugL_mean,9.68793344233713
vera4cast,chlorocast_chronos,2026-10-14 00:00:00,2026-09-28 00:00:00,P1D,fcre,1.6,ensemble,99,Chla_ugL_mean,9.96724292517299
vera4cast,chlorocast_chronos,2026-10-15 00:00:00,2026-09-28 00:00:00,P1D,fcre,1.6,ensemble,99,Chla_ugL_mean,10.1351800278744
vera4cast,chlorocast_chronos,2026-10-16 00:00:00,2026-09-28 00:00:00,P1D,fcre,1.6,ensemble,99,Chla_ugL_mean,10.3602166104493
vera4cast,chlorocast_chronos,2026-10-17 00:00:00,2026-09-28 00:00:00,P1D,fcre,1.6,ensemble,99,Chla_ugL_mean,10.2941142660314
vera4cast,chlorocast_chronos,2026-10-18 00:00:00,2026-09-28 00:00:00,P1D,fcre,1.6,ensemble,99,Chla_ugL_mean,10.2853047233396
vera4cast,chlorocast_chronos,2026-10-19 00:00:00,2026-09-28 00:00:00,P1D,fcre,1.6,ensemble,99,Chla_ugL_mean,10.2161610674839
vera4cast,chlorocast_chronos,2026-10-20 00:00:00,2026-09-28 00:00:00,P1D,fcre,1.6,ensemble,99,Chla_ugL_mean,10.2436876828892
vera4cast,chlorocast_chronos,2026-10-21 00:00:00,2026-09-28 00:00:00,P1D,fcre,1.6,ensemble,99,Chla_ugL_mean,10.2582575902326
vera4cast,chlorocast_chronos,2026-10-22 00:00:00,2026-09-28 00:00:00,P1D,fcre,1.6,ensemble,99,Chla_ugL_mean,10.1439863089772
vera4cast,chlorocast_chronos,2026-10-23 00:00:00,2026-09-28 00:00:00,P1D,fcre,1.6,ensemble,99,Chla_ugL_mean,10.0112328679724
vera4cast,chlorocast_chronos,2026-10-24 00:00:00,2026-09-28 00:00:00,P1D,fcre,1.6,ensemble,99,Chla_ugL_mean,9.9544706751733
vera4cast,chlorocast_chronos,2026-10-25 00:00:00,2026-09-28 00:00:00,P1D,fcre,1.6,ensemble,99,Chla_ugL_mean,9.86629803777843
vera4cast,chlorocast_chronos,2026-10-26 00:00:00,2026-09-28 00:00:00,P1D,fcre,1.6,ensemble,99,Chla_ugL_mean,9.72228501240948
vera4cast,chlorocast_chronos,2026-10-27 00:00:00,2026-09-28 00:00:00,P1D,fcre,1.6,ensemble,99,Chla_ugL_mean,9.57138567976433
vera4cast,chlorocast_chronos,2026-10-28 00:00:00,2026-09-28 00:00:00,P1D,fcre,1.6,ensemble,99,Chla_ugL_mean,9.52878265615088
vera4cast,chlorocast_chronos,2026-10-29 00:00:00,2026-09-28 00:00:00,P1D,fcre,1.6,ensemble,99,Chla_ugL_mean,9.41881068766616
vera4cast,chlorocast_chronos,2026-10-30 00:00:00,2026-09-28 00:00:00,P1D,fcre,1.6,ensemble,99,Chla_ugL_mean,9.37648673358645
vera4cast,chlorocast_chronos,2026-10-31 00:00:00,2026-09-28 00:00:00,P1D,fcre,1.6,ensemble,99,Chla_ugL_mean,9.30710315098225
vera4cast,chlorocast_chronos,2026-11-01 00:00:00,2026-09-28 00:00:00,P1D,fcre,1.6,ensemble,99,Chla_ugL_mean,9.29620641443602
vera4cast,chlorocast_chronos,2026-11-02 00:00:00,2026-09-28 00:00:00,P1D,fcre,1.6,ensemble,99,Chla_ugL_mean,9.26661581700443
vera4cast,chlorocast_chronos,2026-09-29 00:00:00,2026-09-28 00:00:00,P1D,fcre,1.6,ensemble,100,Chla_ugL_mean,9.11759492513552
vera4cast,chlorocast_chronos,2026-09-30 00:00:00,2026-09-28 00:00:00,P1D,fcre,1.6,ensemble,100,Chla_ugL_mean,9.16439623066551
vera4cast,chlorocast_chronos,2026-10-01 00:00:00,2026-09-28 00:00:00,P1D,fcre,1.6,ensemble,100,Chla_ugL_mean,9.12592051673984
vera4cast,chlorocast_chronos,2026-10-02 00:00:00,2026-09-28 00:00:00,P1D,fcre,1.6,ensemble,100,Chla_ugL_mean,8.99340783564335
vera4cast,chlorocast_chronos,2026-10-03 00:00:00,2026-09-28 00:00:00,P1D,fcre,1.6,ensemble,100,Chla_ugL_mean,8.90798660630969
vera4cast,chlorocast_chronos,2026-10-04 00:00:00,2026-09-28 00:00:00,P1D,fcre,1.6,ensemble,100,Chla_ugL_mean,9.01321504904167
vera4cast,chlorocast_chronos,2026-10-05 00:00:00,2026-09-28 00:00:00,P1D,fcre,1.6,ensemble,100,Chla_ugL_mean,8.98119725646821
vera4cast,chlorocast_chronos,2026-10-06 00:00:00,2026-09-28 00:00:00,P1D,fcre,1.6,ensemble,100,Chla_ugL_mean,8.99675835260605
vera4cast,chlorocast_chronos,2026-10-07 00:00:00,2026-09-28 00:00:00,P1D,fcre,1.6,ensemble,100,Chla_ugL_mean,9.06544486473363
vera4cast,chlorocast_chronos,2026-10-08 00:00:00,2026-09-28 00:00:00,P1D,fcre,1.6,ensemble,100,Chla_ugL_mean,9.14811205229664
vera4cast,chlorocast_chronos,2026-10-09 00:00:00,2026-09-28 00:00:00,P1D,fcre,1.6,ensemble,100,Chla_ugL_mean,9.111725278587
vera4cast,chlorocast_chronos,2026-10-10 00:00:00,2026-09-28 00:00:00,P1D,fcre,1.6,ensemble,100,Chla_ugL_mean,9.093684326176
vera4cast,chlorocast_chronos,2026-10-11 00:00:00,2026-09-28 00:00:00,P1D,fcre,1.6,ensemble,100,Chla_ugL_mean,9.25210385599928
vera4cast,chlorocast_chronos,2026-10-12 00:00:00,2026-09-28 00:00:00,P1D,fcre,1.6,ensemble,100,Chla_ugL_mean,9.5427228876478
vera4cast,chlorocast_chronos,2026-10-13 00:00:00,2026-09-28 00:00:00,P1D,fcre,1.6,ensemble,100,Chla_ugL_mean,9.79367818427352
vera4cast,chlorocast_chronos,2026-10-14 00:00:00,2026-09-28 00:00:00,P1D,fcre,1.6,ensemble,100,Chla_ugL_mean,10.0789740871193
vera4cast,chlorocast_chronos,2026-10-15 00:00:00,2026-09-28 00:00:00,P1D,fcre,1.6,ensemble,100,Chla_ugL_mean,10.2533835159824
vera4cast,chlorocast_chronos,2026-10-16 00:00:00,2026-09-28 00:00:00,P1D,fcre,1.6,ensemble,100,Chla_ugL_mean,10.4844235128332
vera4cast,chlorocast_chronos,2026-10-17 00:00:00,2026-09-28 00:00:00,P1D,fcre,1.6,ensemble,100,Chla_ugL_mean,10.4187198070457
vera4cast,chlorocast_chronos,2026-10-18 00:00:00,2026-09-28 00:00:00,P1D,fcre,1.6,ensemble,100,Chla_ugL_mean,10.4099460492188
vera4cast,chlorocast_chronos,2026-10-19 00:00:00,2026-09-28 00:00:00,P1D,fcre,1.6,ensemble,100,Chla_ugL_mean,10.3363975328067
vera4cast,chlorocast_chronos,2026-10-20 00:00:00,2026-09-28 00:00:00,P1D,fcre,1.6,ensemble,100,Chla_ugL_mean,10.3418720400185
vera4cast,chlorocast_chronos,2026-10-21 00:00:00,2026-09-28 00:00:00,P1D,fcre,1.6,ensemble,100,Chla_ugL_mean,10.3566000814789
vera4cast,chlorocast_chronos,2026-10-22 00:00:00,2026-09-28 00:00:00,P1D,fcre,1.6,ensemble,100,Chla_ugL_mean,10.2405660059643
vera4cast,chlorocast_chronos,2026-10-23 00:00:00,2026-09-28 00:00:00,P1D,fcre,1.6,ensemble,100,Chla_ugL_mean,10.1147995336743
vera4cast,chlorocast_chronos,2026-10-24 00:00:00,2026-09-28 00:00:00,P1D,fcre,1.6,ensemble,100,Chla_ugL_mean,10.062089717543
vera4cast,chlorocast_chronos,2026-10-25 00:00:00,2026-09-28 00:00:00,P1D,fcre,1.6,ensemble,100,Chla_ugL_mean,9.97856869759483
vera4cast,chlorocast_chronos,2026-10-26 00:00:00,2026-09-28 00:00:00,P1D,fcre,1.6,ensemble,100,Chla_ugL_mean,9.83347716167357
vera4cast,chlorocast_chronos,2026-10-27 00:00:00,2026-09-28 00:00:00,P1D,fcre,1.6,ensemble,100,Chla_ugL_mean,9.68100927992448
vera4cast,chlorocast_chronos,2026-10-28 00:00:00,2026-09-28 00:00:00,P1D,fcre,1.6,ensemble,100,Chla_ugL_mean,9.63988038123952
vera4cast,chlorocast_chronos,2026-10-29 00:00:00,2026-09-28 00:00:00,P1D,fcre,1.6,ensemble,100,Chla_ugL_mean,9.52895745816668
vera4cast,chlorocast_chronos,2026-10-30 00:00:00,2026-09-28 00:00:00,P1D,fcre,1.6,ensemble,100,Chla_ugL_mean,9.48714881496574
vera4cast,chlorocast_chronos,2026-10-31 00:00:00,2026-09-28 00:00:00,P1D,fcre,1.6,ensemble,100,Chla_ugL_mean,9.41694551883454
vera4cast,chlorocast_chronos,2026-11-01 00:00:00,2026-09-28 00:00:00,P1D,fcre,1.6,ensemble,100,Chla_ugL_mean,9.40616485531147
vera4cast,chlorocast_chronos,2026-11-02 00:00:00,2026-09-28 00:00:00,P1D,fcre,1.6,ensemble,100,Chla_ugL_mean,9.37597251232548
vera4cast,chlorocast_chronos,2026-09-29 00:00:00,2026-09-28 00:00:00,P1D,fcre,1.6,ensemble,101,Chla_ugL_mean,9.19268053609494
vera4cast,chlorocast_chronos,2026-09-30 00:00:00,2026-09-28 00:00:00,P1D,fcre,1.6,ensemble,101,Chla_ugL_mean,9.24572956777116
vera4cast,chlorocast_chronos,2026-10-01 00:00:00,2026-09-28 00:00:00,P1D,fcre,1.6,ensemble,101,Chla_ugL_mean,9.21205227510708
vera4cast,chlorocast_chronos,2026-10-02 00:00:00,2026-09-28 00:00:00,P1D,fcre,1.6,ensemble,101,Chla_ugL_mean,9.08021646452758
vera4cast,chlorocast_chronos,2026-10-03 00:00:00,2026-09-28 00:00:00,P1D,fcre,1.6,ensemble,101,Chla_ugL_mean,8.99877160415754
vera4cast,chlorocast_chronos,2026-10-04 00:00:00,2026-09-28 00:00:00,P1D,fcre,1.6,ensemble,101,Chla_ugL_mean,9.11300180244656
vera4cast,chlorocast_chronos,2026-10-05 00:00:00,2026-09-28 00:00:00,P1D,fcre,1.6,ensemble,101,Chla_ugL_mean,9.07795552050328
vera4cast,chlorocast_chronos,2026-10-06 00:00:00,2026-09-28 00:00:00,P1D,fcre,1.6,ensemble,101,Chla_ugL_mean,9.09672135627874
vera4cast,chlorocast_chronos,2026-10-07 00:00:00,2026-09-28 00:00:00,P1D,fcre,1.6,ensemble,101,Chla_ugL_mean,9.16364268584686
vera4cast,chlorocast_chronos,2026-10-08 00:00:00,2026-09-28 00:00:00,P1D,fcre,1.6,ensemble,101,Chla_ugL_mean,9.24581197919495
vera4cast,chlorocast_chronos,2026-10-09 00:00:00,2026-09-28 00:00:00,P1D,fcre,1.6,ensemble,101,Chla_ugL_mean,9.21046260631569
vera4cast,chlorocast_chronos,2026-10-10 00:00:00,2026-09-28 00:00:00,P1D,fcre,1.6,ensemble,101,Chla_ugL_mean,9.19141360469876
vera4cast,chlorocast_chronos,2026-10-11 00:00:00,2026-09-28 00:00:00,P1D,fcre,1.6,ensemble,101,Chla_ugL_mean,9.35324067774332
vera4cast,chlorocast_chronos,2026-10-12 00:00:00,2026-09-28 00:00:00,P1D,fcre,1.6,ensemble,101,Chla_ugL_mean,9.64724936771944
vera4cast,chlorocast_chronos,2026-10-13 00:00:00,2026-09-28 00:00:00,P1D,fcre,1.6,ensemble,101,Chla_ugL_mean,9.90230676646711
vera4cast,chlorocast_chronos,2026-10-14 00:00:00,2026-09-28 00:00:00,P1D,fcre,1.6,ensemble,101,Chla_ugL_mean,10.1961638030078
vera4cast,chlorocast_chronos,2026-10-15 00:00:00,2026-09-28 00:00:00,P1D,fcre,1.6,ensemble,101,Chla_ugL_mean,10.3760242169054
vera4cast,chlorocast_chronos,2026-10-16 00:00:00,2026-09-28 00:00:00,P1D,fcre,1.6,ensemble,101,Chla_ugL_mean,10.6121454502916
vera4cast,chlorocast_chronos,2026-10-17 00:00:00,2026-09-28 00:00:00,P1D,fcre,1.6,ensemble,101,Chla_ugL_mean,10.549867942354
vera4cast,chlorocast_chronos,2026-10-18 00:00:00,2026-09-28 00:00:00,P1D,fcre,1.6,ensemble,101,Chla_ugL_mean,10.5372383644688
vera4cast,chlorocast_chronos,2026-10-19 00:00:00,2026-09-28 00:00:00,P1D,fcre,1.6,ensemble,101,Chla_ugL_mean,10.4620046270998
vera4cast,chlorocast_chronos,2026-10-20 00:00:00,2026-09-28 00:00:00,P1D,fcre,1.6,ensemble,101,Chla_ugL_mean,10.4413908281212
vera4cast,chlorocast_chronos,2026-10-21 00:00:00,2026-09-28 00:00:00,P1D,fcre,1.6,ensemble,101,Chla_ugL_mean,10.4566955228805
vera4cast,chlorocast_chronos,2026-10-22 00:00:00,2026-09-28 00:00:00,P1D,fcre,1.6,ensemble,101,Chla_ugL_mean,10.3392807725858
vera4cast,chlorocast_chronos,2026-10-23 00:00:00,2026-09-28 00:00:00,P1D,fcre,1.6,ensemble,101,Chla_ugL_mean,10.2202248568995
vera4cast,chlorocast_chronos,2026-10-24 00:00:00,2026-09-28 00:00:00,P1D,fcre,1.6,ensemble,101,Chla_ugL_mean,10.1736580563728
vera4cast,chlorocast_chronos,2026-10-25 00:00:00,2026-09-28 00:00:00,P1D,fcre,1.6,ensemble,101,Chla_ugL_mean,10.0946587187361
vera4cast,chlorocast_chronos,2026-10-26 00:00:00,2026-09-28 00:00:00,P1D,fcre,1.6,ensemble,101,Chla_ugL_mean,9.94867157710675
vera4cast,chlorocast_chronos,2026-10-27 00:00:00,2026-09-28 00:00:00,P1D,fcre,1.6,ensemble,101,Chla_ugL_mean,9.79537411439571
vera4cast,chlorocast_chronos,2026-10-28 00:00:00,2026-09-28 00:00:00,P1D,fcre,1.6,ensemble,101,Chla_ugL_mean,9.75447381751112
vera4cast,chlorocast_chronos,2026-10-29 00:00:00,2026-09-28 00:00:00,P1D,fcre,1.6,ensemble,101,Chla_ugL_mean,9.64271428892369
vera4cast,chlorocast_chronos,2026-10-30 00:00:00,2026-09-28 00:00:00,P1D,fcre,1.6,ensemble,101,Chla_ugL_mean,9.60103385444992
vera4cast,chlorocast_chronos,2026-10-31 00:00:00,2026-09-28 00:00:00,P1D,fcre,1.6,ensemble,101,Chla_ugL_mean,9.52952153653119
vera4cast,chlorocast_chronos,2026-11-01 00:00:00,2026-09-28 00:00:00,P1D,fcre,1.6,ensemble,101,Chla_ugL_mean,9.51942562593437
vera4cast,chlorocast_chronos,2026-11-02 00:00:00,2026-09-28 00:00:00,P1D,fcre,1.6,ensemble,101,Chla_ugL_mean,9.49012614281855
vera4cast,chlorocast_chronos,2026-09-29 00:00:00,2026-09-28 00:00:00,P1D,fcre,1.6,ensemble,102,Chla_ugL_mean,9.26832337918462
vera4cast,chlorocast_chronos,2026-09-30 00:00:00,2026-09-28 00:00:00,P1D,fcre,1.6,ensemble,102,Chla_ugL_mean,9.32771371694421
vera4cast,chlorocast_chronos,2026-10-01 00:00:00,2026-09-28 00:00:00,P1D,fcre,1.6,ensemble,102,Chla_ugL_mean,9.29891667598195
vera4cast,chlorocast_chronos,2026-10-02 00:00:00,2026-09-28 00:00:00,P1D,fcre,1.6,ensemble,102,Chla_ugL_mean,9.16777916431263
vera4cast,chlorocast_chronos,2026-10-03 00:00:00,2026-09-28 00:00:00,P1D,fcre,1.6,ensemble,102,Chla_ugL_mean,9.09038844768319
vera4cast,chlorocast_chronos,2026-10-04 00:00:00,2026-09-28 00:00:00,P1D,fcre,1.6,ensemble,102,Chla_ugL_mean,9.21378298132882
vera4cast,chlorocast_chronos,2026-10-05 00:00:00,2026-09-28 00:00:00,P1D,fcre,1.6,ensemble,102,Chla_ugL_mean,9.17565176436366
vera4cast,chlorocast_chronos,2026-10-06 00:00:00,2026-09-28 00:00:00,P1D,fcre,1.6,ensemble,102,Chla_ugL_mean,9.19768394419172
vera4cast,chlorocast_chronos,2026-10-07 00:00:00,2026-09-28 00:00:00,P1D,fcre,1.6,ensemble,102,Chla_ugL_mean,9.26279851847385
vera4cast,chlorocast_chronos,2026-10-08 00:00:00,2026-09-28 00:00:00,P1D,fcre,1.6,ensemble,102,Chla_ugL_mean,9.34445250230139
vera4cast,chlorocast_chronos,2026-10-09 00:00:00,2026-09-28 00:00:00,P1D,fcre,1.6,ensemble,102,Chla_ugL_mean,9.31016406821719
vera4cast,chlorocast_chronos,2026-10-10 00:00:00,2026-09-28 00:00:00,P1D,fcre,1.6,ensemble,102,Chla_ugL_mean,9.29008911965729
vera4cast,chlorocast_chronos,2026-10-11 00:00:00,2026-09-28 00:00:00,P1D,fcre,1.6,ensemble,102,Chla_ugL_mean,9.4553752124306
vera4cast,chlorocast_chronos,2026-10-12 00:00:00,2026-09-28 00:00:00,P1D,fcre,1.6,ensemble,102,Chla_ugL_mean,9.75281218206191
vera4cast,chlorocast_chronos,2026-10-13 00:00:00,2026-09-28 00:00:00,P1D,fcre,1.6,ensemble,102,Chla_ugL_mean,10.0120285968258
vera4cast,chlorocast_chronos,2026-10-14 00:00:00,2026-09-28 00:00:00,P1D,fcre,1.6,ensemble,102,Chla_ugL_mean,10.3145931128697
vera4cast,chlorocast_chronos,2026-10-15 00:00:00,2026-09-28 00:00:00,P1D,fcre,1.6,ensemble,102,Chla_ugL_mean,10.5000014706528
vera4cast,chlorocast_chronos,2026-10-16 00:00:00,2026-09-28 00:00:00,P1D,fcre,1.6,ensemble,102,Chla_ugL_mean,10.7412878241601
vera4cast,chlorocast_chronos,2026-10-17 00:00:00,2026-09-28 00:00:00,P1D,fcre,1.6,ensemble,102,Chla_ugL_mean,10.6825223615265
vera4cast,chlorocast_chronos,2026-10-18 00:00:00,2026-09-28 00:00:00,P1D,fcre,1.6,ensemble,102,Chla_ugL_mean,10.6659507857782
vera4cast,chlorocast_chronos,2026-10-19 00:00:00,2026-09-28 00:00:00,P1D,fcre,1.6,ensemble,102,Chla_ugL_mean,10.5890034458884
vera4cast,chlorocast_chronos,2026-10-20 00:00:00,2026-09-28 00:00:00,P1D,fcre,1.6,ensemble,102,Chla_ugL_mean,10.5417828397228
vera4cast,chlorocast_chronos,2026-10-21 00:00:00,2026-09-28 00:00:00,P1D,fcre,1.6,ensemble,102,Chla_ugL_mean,10.5576731911209
vera4cast,chlorocast_chronos,2026-10-22 00:00:00,2026-09-28 00:00:00,P1D,fcre,1.6,ensemble,102,Chla_ugL_mean,10.4388624533061
vera4cast,chlorocast_chronos,2026-10-23 00:00:00,2026-09-28 00:00:00,P1D,fcre,1.6,ensemble,102,Chla_ugL_mean,10.3266501530656
vera4cast,chlorocast_chronos,2026-10-24 00:00:00,2026-09-28 00:00:00,P1D,fcre,1.6,ensemble,102,Chla_ugL_mean,10.2863516341536
vera4cast,chlorocast_chronos,2026-10-25 00:00:00,2026-09-28 00:00:00,P1D,fcre,1.6,ensemble,102,Chla_ugL_mean,10.2119763036318
vera4cast,chlorocast_chronos,2026-10-26 00:00:00,2026-09-28 00:00:00,P1D,fcre,1.6,ensemble,102,Chla_ugL_mean,10.0650908765868
vera4cast,chlorocast_chronos,2026-10-27 00:00:00,2026-09-28 00:00:00,P1D,fcre,1.6,ensemble,102,Chla_ugL_mean,9.91096348814228
vera4cast,chlorocast_chronos,2026-10-28 00:00:00,2026-09-28 00:00:00,P1D,fcre,1.6,ensemble,102,Chla_ugL_mean,9.87030144581927
vera4cast,chlorocast_chronos,2026-10-29 00:00:00,2026-09-28 00:00:00,P1D,fcre,1.6,ensemble,102,Chla_ugL_mean,9.75770016981177
vera4cast,chlorocast_chronos,2026-10-30 00:00:00,2026-09-28 00:00:00,P1D,fcre,1.6,ensemble,102,Chla_ugL_mean,9.71615562685808
vera4cast,chlorocast_chronos,2026-10-31 00:00:00,2026-09-28 00:00:00,P1D,fcre,1.6,ensemble,102,Chla_ugL_mean,9.64331416419643
vera4cast,chlorocast_chronos,2026-11-01 00:00:00,2026-09-28 00:00:00,P1D,fcre,1.6,ensemble,102,Chla_ugL_mean,9.63391912757205
vera4cast,chlorocast_chronos,2026-11-02 00:00:00,2026-09-28 00:00:00,P1D,fcre,1.6,ensemble,102,Chla_ugL_mean,9.60553566053947
vera4cast,chlorocast_chronos,2026-09-29 00:00:00,2026-09-28 00:00:00,P1D,fcre,1.6,ensemble,103,Chla_ugL_mean,9.34452758978606
vera4cast,chlorocast_chronos,2026-09-30 00:00:00,2026-09-28 00:00:00,P1D,fcre,1.6,ensemble,103,Chla_ugL_mean,9.41035388584442
vera4cast,chlorocast_chronos,2026-10-01 00:00:00,2026-09-28 00:00:00,P1D,fcre,1.6,ensemble,103,Chla_ugL_mean,9.3865199512707
vera4cast,chlorocast_chronos,2026-10-02 00:00:00,2026-09-28 00:00:00,P1D,fcre,1.6,ensemble,103,Chla_ugL_mean,9.25610248530265
vera4cast,chlorocast_chronos,2026-10-03 00:00:00,2026-09-28 00:00:00,P1D,fcre,1.6,ensemble,103,Chla_ugL_mean,9.18284475893047
vera4cast,chlorocast_chronos,2026-10-04 00:00:00,2026-09-28 00:00:00,P1D,fcre,1.6,ensemble,103,Chla_ugL_mean,9.31556849564138
vera4cast,chlorocast_chronos,2026-10-05 00:00:00,2026-09-28 00:00:00,P1D,fcre,1.6,ensemble,103,Chla_ugL_mean,9.27429508087634
vera4cast,chlorocast_chronos,2026-10-06 00:00:00,2026-09-28 00:00:00,P1D,fcre,1.6,ensemble,103,Chla_ugL_mean,9.29965611172945
vera4cast,chlorocast_chronos,2026-10-07 00:00:00,2026-09-28 00:00:00,P1D,fcre,1.6,ensemble,103,Chla_ugL_mean,9.36292170891219
vera4cast,chlorocast_chronos,2026-10-08 00:00:00,2026-09-28 00:00:00,P1D,fcre,1.6,ensemble,103,Chla_ugL_mean,9.44404267711121
vera4cast,chlorocast_chronos,2026-10-09 00:00:00,2026-09-28 00:00:00,P1D,fcre,1.6,ensemble,103,Chla_ugL_mean,9.41083907871178
vera4cast,chlorocast_chronos,2026-10-10 00:00:00,2026-09-28 00:00:00,P1D,fcre,1.6,ensemble,103,Chla_ugL_mean,9.38972003272152
vera4cast,chlorocast_chronos,2026-10-11 00:00:00,2026-09-28 00:00:00,P1D,fcre,1.6,ensemble,103,Chla_ugL_mean,9.55851730248149
vera4cast,chlorocast_chronos,2026-10-12 00:00:00,2026-09-28 00:00:00,P1D,fcre,1.6,ensemble,103,Chla_ugL_mean,9.8594216054756
vera4cast,chlorocast_chronos,2026-10-13 00:00:00,2026-09-28 00:00:00,P1D,fcre,1.6,ensemble,103,Chla_ugL_mean,10.1228546779008
vera4cast,chlorocast_chronos,2026-10-14 00:00:00,2026-09-28 00:00:00,P1D,fcre,1.6,ensemble,103,Chla_ugL_mean,10.4342751287193
vera4cast,chlorocast_chronos,2026-10-15 00:00:00,2026-09-28 00:00:00,P1D,fcre,1.6,ensemble,103,Chla_ugL_mean,10.6253298431351
vera4cast,chlorocast_chronos,2026-10-16 00:00:00,2026-09-28 00:00:00,P1D,fcre,1.6,ensemble,103,Chla_ugL_mean,10.8718664315654
vera4cast,chlorocast_chronos,2026-10-17 00:00:00,2026-09-28 00:00:00,P1D,fcre,1.6,ensemble,103,Chla_ugL_mean,10.8167003647792
vera4cast,chlorocast_chronos,2026-10-18 00:00:00,2026-09-28 00:00:00,P1D,fcre,1.6,ensemble,103,Chla_ugL_mean,10.7960991562181
vera4cast,chlorocast_chronos,2026-10-19 00:00:00,2026-09-28 00:00:00,P1D,fcre,1.6,ensemble,103,Chla_ugL_mean,10.7174094094564
vera4cast,chlorocast_chronos,2026-10-20 00:00:00,2026-09-28 00:00:00,P1D,fcre,1.6,ensemble,103,Chla_ugL_mean,10.6430557368866
vera4cast,chlorocast_chronos,2026-10-21 00:00:00,2026-09-28 00:00:00,P1D,fcre,1.6,ensemble,103,Chla_ugL_mean,10.6595408620207
vera4cast,chlorocast_chronos,2026-10-22 00:00:00,2026-09-28 00:00:00,P1D,fcre,1.6,ensemble,103,Chla_ugL_mean,10.5393186613738
vera4cast,chlorocast_chronos,2026-10-23 00:00:00,2026-09-28 00:00:00,P1D,fcre,1.6,ensemble,103,Chla_ugL_mean,10.4340849070464
vera4cast,chlorocast_chronos,2026-10-24 00:00:00,2026-09-28 00:00:00,P1D,fcre,1.6,ensemble,103,Chla_ugL_mean,10.4001817996489
vera4cast,chlorocast_chronos,2026-10-25 00:00:00,2026-09-28 00:00:00,P1D,fcre,1.6,ensemble,103,Chla_ugL_mean,10.3305344328357
vera4cast,chlorocast_chronos,2026-10-26 00:00:00,2026-09-28 00:00:00,P1D,fcre,1.6,ensemble,103,Chla_ugL_mean,10.1827480845378
vera4cast,chlorocast_chronos,2026-10-27 00:00:00,2026-09-28 00:00:00,P1D,fcre,1.6,ensemble,103,Chla_ugL_mean,10.0277905126809
vera4cast,chlorocast_chronos,2026-10-28 00:00:00,2026-09-28 00:00:00,P1D,fcre,1.6,ensemble,103,Chla_ugL_mean,9.98737655863547
vera4cast,chlorocast_chronos,2026-10-29 00:00:00,2026-09-28 00:00:00,P1D,fcre,1.6,ensemble,103,Chla_ugL_mean,9.87392837971899
vera4cast,chlorocast_chronos,2026-10-30 00:00:00,2026-09-28 00:00:00,P1D,fcre,1.6,ensemble,103,Chla_ugL_mean,9.83252756247338
vera4cast,chlorocast_chronos,2026-10-31 00:00:00,2026-09-28 00:00:00,P1D,fcre,1.6,ensemble,103,Chla_ugL_mean,9.7583365497444
vera4cast,chlorocast_chronos,2026-11-01 00:00:00,2026-09-28 00:00:00,P1D,fcre,1.6,ensemble,103,Chla_ugL_mean,9.74965877727744
vera4cast,chlorocast_chronos,2026-11-02 00:00:00,2026-09-28 00:00:00,P1D,fcre,1.6,ensemble,103,Chla_ugL_mean,9.7222148824183
vera4cast,chlorocast_chronos,2026-09-29 00:00:00,2026-09-28 00:00:00,P1D,fcre,1.6,ensemble,104,Chla_ugL_mean,9.42129733397063
vera4cast,chlorocast_chronos,2026-09-30 00:00:00,2026-09-28 00:00:00,P1D,fcre,1.6,ensemble,104,Chla_ugL_mean,9.49365532380215
vera4cast,chlorocast_chronos,2026-10-01 00:00:00,2026-09-28 00:00:00,P1D,fcre,1.6,ensemble,104,Chla_ugL_mean,9.47486838588862
vera4cast,chlorocast_chronos,2026-10-02 00:00:00,2026-09-28 00:00:00,P1D,fcre,1.6,ensemble,104,Chla_ugL_mean,9.34519303470161
vera4cast,chlorocast_chronos,2026-10-03 00:00:00,2026-09-28 00:00:00,P1D,fcre,1.6,ensemble,104,Chla_ugL_mean,9.27614822978253
vera4cast,chlorocast_chronos,2026-10-04 00:00:00,2026-09-28 00:00:00,P1D,fcre,1.6,ensemble,104,Chla_ugL_mean,9.41836835409487
vera4cast,chlorocast_chronos,2026-10-05 00:00:00,2026-09-28 00:00:00,P1D,fcre,1.6,ensemble,104,Chla_ugL_mean,9.37389465101462
vera4cast,chlorocast_chronos,2026-10-06 00:00:00,2026-09-28 00:00:00,P1D,fcre,1.6,ensemble,104,Chla_ugL_mean,9.40264795422565
vera4cast,chlorocast_chronos,2026-10-07 00:00:00,2026-09-28 00:00:00,P1D,fcre,1.6,ensemble,104,Chla_ugL_mean,9.46402169464135
vera4cast,chlorocast_chronos,2026-10-08 00:00:00,2026-09-28 00:00:00,P1D,fcre,1.6,ensemble,104,Chla_ugL_mean,9.54459164630058
vera4cast,chlorocast_chronos,2026-10-09 00:00:00,2026-09-28 00:00:00,P1D,fcre,1.6,ensemble,104,Chla_ugL_mean,9.51249714414818
vera4cast,chlorocast_chronos,2026-10-10 00:00:00,2026-09-28 00:00:00,P1D,fcre,1.6,ensemble,104,Chla_ugL_mean,9.49031559426668
vera4cast,chlorocast_chronos,2026-10-11 00:00:00,2026-09-28 00:00:00,P1D,fcre,1.6,ensemble,104,Chla_ugL_mean,9.66267688741172
vera4cast,chlorocast_chronos,2026-10-12 00:00:00,2026-09-28 00:00:00,P1D,fcre,1.6,ensemble,104,Chla_ugL_mean,9.96708801463109
vera4cast,chlorocast_chronos,2026-10-13 00:00:00,2026-09-28 00:00:00,P1D,fcre,1.6,ensemble,104,Chla_ugL_mean,10.2347961229743
vera4cast,chlorocast_chronos,2026-10-14 00:00:00,2026-09-28 00:00:00,P1D,fcre,1.6,ensemble,104,Chla_ugL_mean,10.5552231012652
vera4cast,chlorocast_chronos,2026-10-15 00:00:00,2026-09-28 00:00:00,P1D,fcre,1.6,ensemble,104,Chla_ugL_mean,10.7520240590034
vera4cast,chlorocast_chronos,2026-10-16 00:00:00,2026-09-28 00:00:00,P1D,fcre,1.6,ensemble,104,Chla_ugL_mean,11.0038972453187
vera4cast,chlorocast_chronos,2026-10-17 00:00:00,2026-09-28 00:00:00,P1D,fcre,1.6,ensemble,104,Chla_ugL_mean,10.9524194510276
vera4cast,chlorocast_chronos,2026-10-18 00:00:00,2026-09-28 00:00:00,P1D,fcre,1.6,ensemble,104,Chla_ugL_mean,10.9276994956094
vera4cast,chlorocast_chronos,2026-10-19 00:00:00,2026-09-28 00:00:00,P1D,fcre,1.6,ensemble,104,Chla_ugL_mean,10.8472381089445
vera4cast,chlorocast_chronos,2026-10-20 00:00:00,2026-09-28 00:00:00,P1D,fcre,1.6,ensemble,104,Chla_ugL_mean,10.7452172489068
vera4cast,chlorocast_chronos,2026-10-21 00:00:00,2026-09-28 00:00:00,P1D,fcre,1.6,ensemble,104,Chla_ugL_mean,10.7623063799354
vera4cast,chlorocast_chronos,2026-10-22 00:00:00,2026-09-28 00:00:00,P1D,fcre,1.6,ensemble,104,Chla_ugL_mean,10.640657076897
vera4cast,chlorocast_chronos,2026-10-23 00:00:00,2026-09-28 00:00:00,P1D,fcre,1.6,ensemble,104,Chla_ugL_mean,10.5425386936809
vera4cast,chlorocast_chronos,2026-10-24 00:00:00,2026-09-28 00:00:00,P1D,fcre,1.6,ensemble,104,Chla_ugL_mean,10.5151600160819
vera4cast,chlorocast_chronos,2026-10-25 00:00:00,2026-09-28 00:00:00,P1D,fcre,1.6,ensemble,104,Chla_ugL_mean,10.4503462241613
vera4cast,chlorocast_chronos,2026-10-26 00:00:00,2026-09-28 00:00:00,P1D,fcre,1.6,ensemble,104,Chla_ugL_mean,10.3016563638751
vera4cast,chlorocast_chronos,2026-10-27 00:00:00,2026-09-28 00:00:00,P1D,fcre,1.6,ensemble,104,Chla_ugL_mean,10.1458684399173
vera4cast,chlorocast_chronos,2026-10-28 00:00:00,2026-09-28 00:00:00,P1D,fcre,1.6,ensemble,104,Chla_ugL_mean,10.1057125915935
vera4cast,chlorocast_chronos,2026-10-29 00:00:00,2026-09-28 00:00:00,P1D,fcre,1.6,ensemble,104,Chla_ugL_mean,9.99141234100104
vera4cast,chlorocast_chronos,2026-10-30 00:00:00,2026-09-28 00:00:00,P1D,fcre,1.6,ensemble,104,Chla_ugL_mean,9.9501632374249
vera4cast,chlorocast_chronos,2026-10-31 00:00:00,2026-09-28 00:00:00,P1D,fcre,1.6,ensemble,104,Chla_ugL_mean,9.87460198317887
vera4cast,chlorocast_chronos,2026-11-01 00:00:00,2026-09-28 00:00:00,P1D,fcre,1.6,ensemble,104,Chla_ugL_mean,9.86665813813478
vera4cast,chlorocast_chronos,2026-11-02 00:00:00,2026-09-28 00:00:00,P1D,fcre,1.6,ensemble,104,Chla_ugL_mean,9.84017777739522
vera4cast,chlorocast_chronos,2026-09-29 00:00:00,2026-09-28 00:00:00,P1D,fcre,1.6,ensemble,105,Chla_ugL_mean,9.49863680872732
vera4cast,chlorocast_chronos,2026-09-30 00:00:00,2026-09-28 00:00:00,P1D,fcre,1.6,ensemble,105,Chla_ugL_mean,9.57762332215176
vera4cast,chlorocast_chronos,2026-10-01 00:00:00,2026-09-28 00:00:00,P1D,fcre,1.6,ensemble,105,Chla_ugL_mean,9.56396831821087
vera4cast,chlorocast_chronos,2026-10-02 00:00:00,2026-09-28 00:00:00,P1D,fcre,1.6,ensemble,105,Chla_ugL_mean,9.43505747710755
vera4cast,chlorocast_chronos,2026-10-03 00:00:00,2026-09-28 00:00:00,P1D,fcre,1.6,ensemble,105,Chla_ugL_mean,9.3703066226018
vera4cast,chlorocast_chronos,2026-10-04 00:00:00,2026-09-28 00:00:00,P1D,fcre,1.6,ensemble,105,Chla_ugL_mean,9.5221926651418
vera4cast,chlorocast_chronos,2026-10-05 00:00:00,2026-09-28 00:00:00,P1D,fcre,1.6,ensemble,105,Chla_ugL_mean,9.47445974475269
vera4cast,chlorocast_chronos,2026-10-06 00:00:00,2026-09-28 00:00:00,P1D,fcre,1.6,ensemble,105,Chla_ugL_mean,9.50666966796277
vera4cast,chlorocast_chronos,2026-10-07 00:00:00,2026-09-28 00:00:00,P1D,fcre,1.6,ensemble,105,Chla_ugL_mean,9.56610800521225
vera4cast,chlorocast_chronos,2026-10-08 00:00:00,2026-09-28 00:00:00,P1D,fcre,1.6,ensemble,105,Chla_ugL_mean,9.64610864056583
vera4cast,chlorocast_chronos,2026-10-09 00:00:00,2026-09-28 00:00:00,P1D,fcre,1.6,ensemble,105,Chla_ugL_mean,9.61514786370114
vera4cast,chlorocast_chronos,2026-10-10 00:00:00,2026-09-28 00:00:00,P1D,fcre,1.6,ensemble,105,Chla_ugL_mean,9.59188514423221
vera4cast,chlorocast_chronos,2026-10-11 00:00:00,2026-09-28 00:00:00,P1D,fcre,1.6,ensemble,105,Chla_ugL_mean,9.76786400479011
vera4cast,chlorocast_chronos,2026-10-12 00:00:00,2026-09-28 00:00:00,P1D,fcre,1.6,ensemble,105,Chla_ugL_mean,10.0758218890791
vera4cast,chlorocast_chronos,2026-10-13 00:00:00,2026-09-28 00:00:00,P1D,fcre,1.6,ensemble,105,Chla_ugL_mean,10.3478641571733
vera4cast,chlorocast_chronos,2026-10-14 00:00:00,2026-09-28 00:00:00,P1D,fcre,1.6,ensemble,105,Chla_ugL_mean,10.6774504213778
vera4cast,chlorocast_chronos,2026-10-15 00:00:00,2026-09-28 00:00:00,P1D,fcre,1.6,ensemble,105,Chla_ugL_mean,10.8800990033802
vera4cast,chlorocast_chronos,2026-10-16 00:00:00,2026-09-28 00:00:00,P1D,fcre,1.6,ensemble,105,Chla_ugL_mean,11.13739641587
vera4cast,chlorocast_chronos,2026-10-17 00:00:00,2026-09-28 00:00:00,P1D,fcre,1.6,ensemble,105,Chla_ugL_mean,11.0896973201682
vera4cast,chlorocast_chronos,2026-10-18 00:00:00,2026-09-28 00:00:00,P1D,fcre,1.6,ensemble,105,Chla_ugL_mean,11.0607680024939
vera4cast,chlorocast_chronos,2026-10-19 00:00:00,2026-09-28 00:00:00,P1D,fcre,1.6,ensemble,105,Chla_ugL_mean,10.9785053082428
vera4cast,chlorocast_chronos,2026-10-20 00:00:00,2026-09-28 00:00:00,P1D,fcre,1.6,ensemble,105,Chla_ugL_mean,10.8482751728978
vera4cast,chlorocast_chronos,2026-10-21 00:00:00,2026-09-28 00:00:00,P1D,fcre,1.6,ensemble,105,Chla_ugL_mean,10.8659776583597
vera4cast,chlorocast_chronos,2026-10-22 00:00:00,2026-09-28 00:00:00,P1D,fcre,1.6,ensemble,105,Chla_ugL_mean,10.7428854474308
vera4cast,chlorocast_chronos,2026-10-23 00:00:00,2026-09-28 00:00:00,P1D,fcre,1.6,ensemble,105,Chla_ugL_mean,10.6520211786267
vera4cast,chlorocast_chronos,2026-10-24 00:00:00,2026-09-28 00:00:00,P1D,fcre,1.6,ensemble,105,Chla_ugL_mean,10.6312978622898
vera4cast,chlorocast_chronos,2026-10-25 00:00:00,2026-09-28 00:00:00,P1D,fcre,1.6,ensemble,105,Chla_ugL_mean,10.5714249341328
vera4cast,chlorocast_chronos,2026-10-26 00:00:00,2026-09-28 00:00:00,P1D,fcre,1.6,ensemble,105,Chla_ugL_mean,10.4218290174779
vera4cast,chlorocast_chronos,2026-10-27 00:00:00,2026-09-28 00:00:00,P1D,fcre,1.6,ensemble,105,Chla_ugL_mean,10.2652106636494
vera4cast,chlorocast_chronos,2026-10-28 00:00:00,2026-09-28 00:00:00,P1D,fcre,1.6,ensemble,105,Chla_ugL_mean,10.2253231250314
vera4cast,chlorocast_chronos,2026-10-29 00:00:00,2026-09-28 00:00:00,P1D,fcre,1.6,ensemble,105,Chla_ugL_mean,10.1101656210312
vera4cast,chlorocast_chronos,2026-10-30 00:00:00,2026-09-28 00:00:00,P1D,fcre,1.6,ensemble,105,Chla_ugL_mean,10.0690763752715
vera4cast,chlorocast_chronos,2026-10-31 00:00:00,2026-09-28 00:00:00,P1D,fcre,1.6,ensemble,105,Chla_ugL_mean,9.99212389812879
vera4cast,chlorocast_chronos,2026-11-01 00:00:00,2026-09-28 00:00:00,P1D,fcre,1.6,ensemble,105,Chla_ugL_mean,9.984930920849
vera4cast,chlorocast_chronos,2026-11-02 00:00:00,2026-09-28 00:00:00,P1D,fcre,1.6,ensemble,105,Chla_ugL_mean,9.95943846809289
vera4cast,chlorocast_chronos,2026-09-29 00:00:00,2026-09-28 00:00:00,P1D,fcre,1.6,ensemble,106,Chla_ugL_mean,9.57655024219223
vera4cast,chlorocast_chronos,2026-09-30 00:00:00,2026-09-28 00:00:00,P1D,fcre,1.6,ensemble,106,Chla_ugL_mean,9.66226321456776
vera4cast,chlorocast_chronos,2026-10-01 00:00:00,2026-09-28 00:00:00,P1D,fcre,1.6,ensemble,106,Chla_ugL_mean,9.65382614052729
vera4cast,chlorocast_chronos,2026-10-02 00:00:00,2026-09-28 00:00:00,P1D,fcre,1.6,ensemble,106,Chla_ugL_mean,9.52570253501112
vera4cast,chlorocast_chronos,2026-10-03 00:00:00,2026-09-28 00:00:00,P1D,fcre,1.6,ensemble,106,Chla_ugL_mean,9.46532777087575
vera4cast,chlorocast_chronos,2026-10-04 00:00:00,2026-09-28 00:00:00,P1D,fcre,1.6,ensemble,106,Chla_ugL_mean,9.62705163797049
vera4cast,chlorocast_chronos,2026-10-05 00:00:00,2026-09-28 00:00:00,P1D,fcre,1.6,ensemble,106,Chla_ugL_mean,9.57599972192834
vera4cast,chlorocast_chronos,2026-10-06 00:00:00,2026-09-28 00:00:00,P1D,fcre,1.6,ensemble,106,Chla_ugL_mean,9.61173155118139
vera4cast,chlorocast_chronos,2026-10-07 00:00:00,2026-09-28 00:00:00,P1D,fcre,1.6,ensemble,106,Chla_ugL_mean,9.66919026314547
vera4cast,chlorocast_chronos,2026-10-08 00:00:00,2026-09-28 00:00:00,P1D,fcre,1.6,ensemble,106,Chla_ugL_mean,9.74860297947091
vera4cast,chlorocast_chronos,2026-10-09 00:00:00,2026-09-28 00:00:00,P1D,fcre,1.6,ensemble,106,Chla_ugL_mean,9.71880093027786
vera4cast,chlorocast_chronos,2026-10-10 00:00:00,2026-09-28 00:00:00,P1D,fcre,1.6,ensemble,106,Chla_ugL_mean,9.69443811298885
vera4cast,chlorocast_chronos,2026-10-11 00:00:00,2026-09-28 00:00:00,P1D,fcre,1.6,ensemble,106,Chla_ugL_mean,9.87408879120595
vera4cast,chlorocast_chronos,2026-10-12 00:00:00,2026-09-28 00:00:00,P1D,fcre,1.6,ensemble,106,Chla_ugL_mean,10.1856338122704
vera4cast,chlorocast_chronos,2026-10-13 00:00:00,2026-09-28 00:00:00,P1D,fcre,1.6,ensemble,106,Chla_ugL_mean,10.4620701185958
vera4cast,chlorocast_chronos,2026-10-14 00:00:00,2026-09-28 00:00:00,P1D,fcre,1.6,ensemble,106,Chla_ugL_mean,10.8009706215716
vera4cast,chlorocast_chronos,2026-10-15 00:00:00,2026-09-28 00:00:00,P1D,fcre,1.6,ensemble,106,Chla_ugL_mean,11.0095697236076
vera4cast,chlorocast_chronos,2026-10-16 00:00:00,2026-09-28 00:00:00,P1D,fcre,1.6,ensemble,106,Chla_ugL_mean,11.2723802732837
vera4cast,chlorocast_chronos,2026-10-17 00:00:00,2026-09-28 00:00:00,P1D,fcre,1.6,ensemble,106,Chla_ugL_mean,11.2285518753875
vera4cast,chlorocast_chronos,2026-10-18 00:00:00,2026-09-28 00:00:00,P1D,fcre,1.6,ensemble,106,Chla_ugL_mean,11.1953210561287
vera4cast,chlorocast_chronos,2026-10-19 00:00:00,2026-09-28 00:00:00,P1D,fcre,1.6,ensemble,106,Chla_ugL_mean,11.1112269459049
vera4cast,chlorocast_chronos,2026-10-20 00:00:00,2026-09-28 00:00:00,P1D,fcre,1.6,ensemble,106,Chla_ugL_mean,10.9522373743892
vera4cast,chlorocast_chronos,2026-10-21 00:00:00,2026-09-28 00:00:00,P1D,fcre,1.6,ensemble,106,Chla_ugL_mean,10.9705626805366
vera4cast,chlorocast_chronos,2026-10-22 00:00:00,2026-09-28 00:00:00,P1D,fcre,1.6,ensemble,106,Chla_ugL_mean,10.8460115885692
vera4cast,chlorocast_chronos,2026-10-23 00:00:00,2026-09-28 00:00:00,P1D,fcre,1.6,ensemble,106,Chla_ugL_mean,10.7625421192214
vera4cast,chlorocast_chronos,2026-10-24 00:00:00,2026-09-28 00:00:00,P1D,fcre,1.6,ensemble,106,Chla_ugL_mean,10.7486070338899
vera4cast,chlorocast_chronos,2026-10-25 00:00:00,2026-09-28 00:00:00,P1D,fcre,1.6,ensemble,106,Chla_ugL_mean,10.693783959452
vera4cast,chlorocast_chronos,2026-10-26 00:00:00,2026-09-28 00:00:00,P1D,fcre,1.6,ensemble,106,Chla_ugL_mean,10.5432794896772
vera4cast,chlorocast_chronos,2026-10-27 00:00:00,2026-09-28 00:00:00,P1D,fcre,1.6,ensemble,106,Chla_ugL_mean,10.3858307210866
vera4cast,chlorocast_chronos,2026-10-28 00:00:00,2026-09-28 00:00:00,P1D,fcre,1.6,ensemble,106,Chla_ugL_mean,10.3462218855499
vera4cast,chlorocast_chronos,2026-10-29 00:00:00,2026-09-28 00:00:00,P1D,fcre,1.6,ensemble,106,Chla_ugL_mean,10.2302019337674
vera4cast,chlorocast_chronos,2026-10-30 00:00:00,2026-09-28 00:00:00,P1D,fcre,1.6,ensemble,106,Chla_ugL_mean,10.189280848603
vera4cast,chlorocast_chronos,2026-10-31 00:00:00,2026-09-28 00:00:00,P1D,fcre,1.6,ensemble,106,Chla_ugL_mean,10.1109158734004
vera4cast,chlorocast_chronos,2026-11-01 00:00:00,2026-09-28 00:00:00,P1D,fcre,1.6,ensemble,106,Chla_ugL_mean,10.1044909853525
vera4cast,chlorocast_chronos,2026-11-02 00:00:00,2026-09-28 00:00:00,P1D,fcre,1.6,ensemble,106,Chla_ugL_mean,10.0800112325072
vera4cast,chlorocast_chronos,2026-09-29 00:00:00,2026-09-28 00:00:00,P1D,fcre,1.6,ensemble,107,Chla_ugL_mean,9.65504189387965
vera4cast,chlorocast_chronos,2026-09-30 00:00:00,2026-09-28 00:00:00,P1D,fcre,1.6,ensemble,107,Chla_ugL_mean,9.74758037740359
vera4cast,chlorocast_chronos,2026-10-01 00:00:00,2026-09-28 00:00:00,P1D,fcre,1.6,ensemble,107,Chla_ugL_mean,9.74444829950093
vera4cast,chlorocast_chronos,2026-10-02 00:00:00,2026-09-28 00:00:00,P1D,fcre,1.6,ensemble,107,Chla_ugL_mean,9.61713498929851
vera4cast,chlorocast_chronos,2026-10-03 00:00:00,2026-09-28 00:00:00,P1D,fcre,1.6,ensemble,107,Chla_ugL_mean,9.56121957986859
vera4cast,chlorocast_chronos,2026-10-04 00:00:00,2026-09-28 00:00:00,P1D,fcre,1.6,ensemble,107,Chla_ugL_mean,9.73295558350901
vera4cast,chlorocast_chronos,2026-10-05 00:00:00,2026-09-28 00:00:00,P1D,fcre,1.6,ensemble,107,Chla_ugL_mean,9.67852403311417
vera4cast,chlorocast_chronos,2026-10-06 00:00:00,2026-09-28 00:00:00,P1D,fcre,1.6,ensemble,107,Chla_ugL_mean,9.7178440050998
vera4cast,chlorocast_chronos,2026-10-07 00:00:00,2026-09-28 00:00:00,P1D,fcre,1.6,ensemble,107,Chla_ugL_mean,9.77327818483826
vera4cast,chlorocast_chronos,2026-10-08 00:00:00,2026-09-28 00:00:00,P1D,fcre,1.6,ensemble,107,Chla_ugL_mean,9.85208407230291
vera4cast,chlorocast_chronos,2026-10-09 00:00:00,2026-09-28 00:00:00,P1D,fcre,1.6,ensemble,107,Chla_ugL_mean,9.82346613143327
vera4cast,chlorocast_chronos,2026-10-10 00:00:00,2026-09-28 00:00:00,P1D,fcre,1.6,ensemble,107,Chla_ugL_mean,9.7979840222143
vera4cast,chlorocast_chronos,2026-10-11 00:00:00,2026-09-28 00:00:00,P1D,fcre,1.6,ensemble,107,Chla_ugL_mean,9.98136148324579
vera4cast,chlorocast_chronos,2026-10-12 00:00:00,2026-09-28 00:00:00,P1D,fcre,1.6,ensemble,107,Chla_ugL_mean,10.2965344725862
vera4cast,chlorocast_chronos,2026-10-13 00:00:00,2026-09-28 00:00:00,P1D,fcre,1.6,ensemble,107,Chla_ugL_mean,10.5774254594471
vera4cast,chlorocast_chronos,2026-10-14 00:00:00,2026-09-28 00:00:00,P1D,fcre,1.6,ensemble,107,Chla_ugL_mean,10.9257973775036
vera4cast,chlorocast_chronos,2026-10-15 00:00:00,2026-09-28 00:00:00,P1D,fcre,1.6,ensemble,107,Chla_ugL_mean,11.1404514310155
vera4cast,chlorocast_chronos,2026-10-16 00:00:00,2026-09-28 00:00:00,P1D,fcre,1.6,ensemble,107,Chla_ugL_mean,11.408865329236
vera4cast,chlorocast_chronos,2026-10-17 00:00:00,2026-09-28 00:00:00,P1D,fcre,1.6,ensemble,107,Chla_ugL_mean,11.3690012254967
vera4cast,chlorocast_chronos,2026-10-18 00:00:00,2026-09-28 00:00:00,P1D,fcre,1.6,ensemble,107,Chla_ugL_mean,11.331375218502
vera4cast,chlorocast_chronos,2026-10-19 00:00:00,2026-09-28 00:00:00,P1D,fcre,1.6,ensemble,107,Chla_ugL_mean,11.2454191370836
vera4cast,chlorocast_chronos,2026-10-20 00:00:00,2026-09-28 00:00:00,P1D,fcre,1.6,ensemble,107,Chla_ugL_mean,11.0571117879269
vera4cast,chlorocast_chronos,2026-10-21 00:00:00,2026-09-28 00:00:00,P1D,fcre,1.6,ensemble,107,Chla_ugL_mean,11.0760695000721
vera4cast,chlorocast_chronos,2026-10-22 00:00:00,2026-09-28 00:00:00,P1D,fcre,1.6,ensemble,107,Chla_ugL_mean,10.9500433845429
vera4cast,chlorocast_chronos,2026-10-23 00:00:00,2026-09-28 00:00:00,P1D,fcre,1.6,ensemble,107,Chla_ugL_mean,10.8741113653524
vera4cast,chlorocast_chronos,2026-10-24 00:00:00,2026-09-28 00:00:00,P1D,fcre,1.6,ensemble,107,Chla_ugL_mean,10.8670993444573
vera4cast,chlorocast_chronos,2026-10-25 00:00:00,2026-09-28 00:00:00,P1D,fcre,1.6,ensemble,107,Chla_ugL_mean,10.8174368384809
vera4cast,chlorocast_chronos,2026-10-26 00:00:00,2026-09-28 00:00:00,P1D,fcre,1.6,ensemble,107,Chla_ugL_mean,10.6660213677604
vera4cast,chlorocast_chronos,2026-10-27 00:00:00,2026-09-28 00:00:00,P1D,fcre,1.6,ensemble,107,Chla_ugL_mean,10.5077422943854
vera4cast,chlorocast_chronos,2026-10-28 00:00:00,2026-09-28 00:00:00,P1D,fcre,1.6,ensemble,107,Chla_ugL_mean,10.4684227475875
vera4cast,chlorocast_chronos,2026-10-29 00:00:00,2026-09-28 00:00:00,P1D,fcre,1.6,ensemble,107,Chla_ugL_mean,10.3515351413354
vera4cast,chlorocast_chronos,2026-10-30 00:00:00,2026-09-28 00:00:00,P1D,fcre,1.6,ensemble,107,Chla_ugL_mean,10.310790680658
vera4cast,chlorocast_chronos,2026-10-31 00:00:00,2026-09-28 00:00:00,P1D,fcre,1.6,ensemble,107,Chla_ugL_mean,10.2309916345464
vera4cast,chlorocast_chronos,2026-11-01 00:00:00,2026-09-28 00:00:00,P1D,fcre,1.6,ensemble,107,Chla_ugL_mean,10.2253523424291
vera4cast,chlorocast_chronos,2026-11-02 00:00:00,2026-09-28 00:00:00,P1D,fcre,1.6,ensemble,107,Chla_ugL_mean,10.2019105057168
vera4cast,chlorocast_chronos,2026-09-29 00:00:00,2026-09-28 00:00:00,P1D,fcre,1.6,ensemble,108,Chla_ugL_mean,9.73411605491496
vera4cast,chlorocast_chronos,2026-09-30 00:00:00,2026-09-28 00:00:00,P1D,fcre,1.6,ensemble,108,Chla_ugL_mean,9.83358023003313
vera4cast,chlorocast_chronos,2026-10-01 00:00:00,2026-09-28 00:00:00,P1D,fcre,1.6,ensemble,108,Chla_ugL_mean,9.83584129663062
vera4cast,chlorocast_chronos,2026-10-02 00:00:00,2026-09-28 00:00:00,P1D,fcre,1.6,ensemble,108,Chla_ugL_mean,9.70936167975865
vera4cast,chlorocast_chronos,2026-10-03 00:00:00,2026-09-28 00:00:00,P1D,fcre,1.6,ensemble,108,Chla_ugL_mean,9.657990027279
vera4cast,chlorocast_chronos,2026-10-04 00:00:00,2026-09-28 00:00:00,P1D,fcre,1.6,ensemble,108,Chla_ugL_mean,9.83991491543905
vera4cast,chlorocast_chronos,2026-10-05 00:00:00,2026-09-28 00:00:00,P1D,fcre,1.6,ensemble,108,Chla_ugL_mean,9.78204222049708
vera4cast,chlorocast_chronos,2026-10-06 00:00:00,2026-09-28 00:00:00,P1D,fcre,1.6,ensemble,108,Chla_ugL_mean,9.82501753494367
vera4cast,chlorocast_chronos,2026-10-07 00:00:00,2026-09-28 00:00:00,P1D,fcre,1.6,ensemble,108,Chla_ugL_mean,9.87838158148041
vera4cast,chlorocast_chronos,2026-10-08 00:00:00,2026-09-28 00:00:00,P1D,fcre,1.6,ensemble,108,Chla_ugL_mean,9.95656141893591
vera4cast,chlorocast_chronos,2026-10-09 00:00:00,2026-09-28 00:00:00,P1D,fcre,1.6,ensemble,108,Chla_ugL_mean,9.92915335029421
vera4cast,chlorocast_chronos,2026-10-10 00:00:00,2026-09-28 00:00:00,P1D,fcre,1.6,ensemble,108,Chla_ugL_mean,9.90253248577727
vera4cast,chlorocast_chronos,2026-10-11 00:00:00,2026-09-28 00:00:00,P1D,fcre,1.6,ensemble,108,Chla_ugL_mean,10.0896924184799
vera4cast,chlorocast_chronos,2026-10-12 00:00:00,2026-09-28 00:00:00,P1D,fcre,1.6,ensemble,108,Chla_ugL_mean,10.4085346643783
vera4cast,chlorocast_chronos,2026-10-13 00:00:00,2026-09-28 00:00:00,P1D,fcre,1.6,ensemble,108,Chla_ugL_mean,10.6939417471889
vera4cast,chlorocast_chronos,2026-10-14 00:00:00,2026-09-28 00:00:00,P1D,fcre,1.6,ensemble,108,Chla_ugL_mean,11.0519445094875
vera4cast,chlorocast_chronos,2026-10-15 00:00:00,2026-09-28 00:00:00,P1D,fcre,1.6,ensemble,108,Chla_ugL_mean,11.2727595027085
vera4cast,chlorocast_chronos,2026-10-16 00:00:00,2026-09-28 00:00:00,P1D,fcre,1.6,ensemble,108,Chla_ugL_mean,11.5468682790348
vera4cast,chlorocast_chronos,2026-10-17 00:00:00,2026-09-28 00:00:00,P1D,fcre,1.6,ensemble,108,Chla_ugL_mean,11.5110636872929
vera4cast,chlorocast_chronos,2026-10-18 00:00:00,2026-09-28 00:00:00,P1D,fcre,1.6,ensemble,108,Chla_ugL_mean,11.468947236372
vera4cast,chlorocast_chronos,2026-10-19 00:00:00,2026-09-28 00:00:00,P1D,fcre,1.6,ensemble,108,Chla_ugL_mean,11.381098175487
vera4cast,chlorocast_chronos,2026-10-20 00:00:00,2026-09-28 00:00:00,P1D,fcre,1.6,ensemble,108,Chla_ugL_mean,11.1629064176776
vera4cast,chlorocast_chronos,2026-10-21 00:00:00,2026-09-28 00:00:00,P1D,fcre,1.6,ensemble,108,Chla_ugL_mean,11.1825062415558
vera4cast,chlorocast_chronos,2026-10-22 00:00:00,2026-09-28 00:00:00,P1D,fcre,1.6,ensemble,108,Chla_ugL_mean,11.054988788822
vera4cast,chlorocast_chronos,2026-10-23 00:00:00,2026-09-28 00:00:00,P1D,fcre,1.6,ensemble,108,Chla_ugL_mean,10.9867388603344
vera4cast,chlorocast_chronos,2026-10-24 00:00:00,2026-09-28 00:00:00,P1D,fcre,1.6,ensemble,108,Chla_ugL_mean,10.9867867267147
vera4cast,chlorocast_chronos,2026-10-25 00:00:00,2026-09-28 00:00:00,P1D,fcre,1.6,ensemble,108,Chla_ugL_mean,10.9423972527393
vera4cast,chlorocast_chronos,2026-10-26 00:00:00,2026-09-28 00:00:00,P1D,fcre,1.6,ensemble,108,Chla_ugL_mean,10.7900683834909
vera4cast,chlorocast_chronos,2026-10-27 00:00:00,2026-09-28 00:00:00,P1D,fcre,1.6,ensemble,108,Chla_ugL_mean,10.6309592122012
vera4cast,chlorocast_chronos,2026-10-28 00:00:00,2026-09-28 00:00:00,P1D,fcre,1.6,ensemble,108,Chla_ugL_mean,10.5919397350133
vera4cast,chlorocast_chronos,2026-10-29 00:00:00,2026-09-28 00:00:00,P1D,fcre,1.6,ensemble,108,Chla_ugL_mean,10.4741792556303
vera4cast,chlorocast_chronos,2026-10-30 00:00:00,2026-09-28 00:00:00,P1D,fcre,1.6,ensemble,108,Chla_ugL_mean,10.4336200469606
vera4cast,chlorocast_chronos,2026-10-31 00:00:00,2026-09-28 00:00:00,P1D,fcre,1.6,ensemble,108,Chla_ugL_mean,10.3523650554514
vera4cast,chlorocast_chronos,2026-11-01 00:00:00,2026-09-28 00:00:00,P1D,fcre,1.6,ensemble,108,Chla_ugL_mean,10.3475291553563
vera4cast,chlorocast_chronos,2026-11-02 00:00:00,2026-09-28 00:00:00,P1D,fcre,1.6,ensemble,108,Chla_ugL_mean,10.3251508816109
vera4cast,chlorocast_chronos,2026-09-29 00:00:00,2026-09-28 00:00:00,P1D,fcre,1.6,ensemble,109,Chla_ugL_mean,9.81377704826926
vera4cast,chlorocast_chronos,2026-09-30 00:00:00,2026-09-28 00:00:00,P1D,fcre,1.6,ensemble,109,Chla_ugL_mean,9.92026823519491
vera4cast,chlorocast_chronos,2026-10-01 00:00:00,2026-09-28 00:00:00,P1D,fcre,1.6,ensemble,109,Chla_ugL_mean,9.92801168871737
vera4cast,chlorocast_chronos,2026-10-02 00:00:00,2026-09-28 00:00:00,P1D,fcre,1.6,ensemble,109,Chla_ugL_mean,9.80238950559495
vera4cast,chlorocast_chronos,2026-10-03 00:00:00,2026-09-28 00:00:00,P1D,fcre,1.6,ensemble,109,Chla_ugL_mean,9.75564716390379
vera4cast,chlorocast_chronos,2026-10-04 00:00:00,2026-09-28 00:00:00,P1D,fcre,1.6,ensemble,109,Chla_ugL_mean,9.94794015121989
vera4cast,chlorocast_chronos,2026-10-05 00:00:00,2026-09-28 00:00:00,P1D,fcre,1.6,ensemble,109,Chla_ugL_mean,9.8865639187665
vera4cast,chlorocast_chronos,2026-10-06 00:00:00,2026-09-28 00:00:00,P1D,fcre,1.6,ensemble,109,Chla_ugL_mean,9.93326275098617
vera4cast,chlorocast_chronos,2026-10-07 00:00:00,2026-09-28 00:00:00,P1D,fcre,1.6,ensemble,109,Chla_ugL_mean,9.98451035997907
vera4cast,chlorocast_chronos,2026-10-08 00:00:00,2026-09-28 00:00:00,P1D,fcre,1.6,ensemble,109,Chla_ugL_mean,10.0620446107031
vera4cast,chlorocast_chronos,2026-10-09 00:00:00,2026-09-28 00:00:00,P1D,fcre,1.6,ensemble,109,Chla_ugL_mean,10.0358725664927
vera4cast,chlorocast_chronos,2026-10-10 00:00:00,2026-09-28 00:00:00,P1D,fcre,1.6,ensemble,109,Chla_ugL_mean,10.00809321063
vera4cast,chlorocast_chronos,2026-10-11 00:00:00,2026-09-28 00:00:00,P1D,fcre,1.6,ensemble,109,Chla_ugL_mean,10.1990920364586
vera4cast,chlorocast_chronos,2026-10-12 00:00:00,2026-09-28 00:00:00,P1D,fcre,1.6,ensemble,109,Chla_ugL_mean,10.5216452890197
vera4cast,chlorocast_chronos,2026-10-13 00:00:00,2026-09-28 00:00:00,P1D,fcre,1.6,ensemble,109,Chla_ugL_mean,10.8116306656989
vera4cast,chlorocast_chronos,2026-10-14 00:00:00,2026-09-28 00:00:00,P1D,fcre,1.6,ensemble,109,Chla_ugL_mean,11.1794259840234
vera4cast,chlorocast_chronos,2026-10-15 00:00:00,2026-09-28 00:00:00,P1D,fcre,1.6,ensemble,109,Chla_ugL_mean,11.4065094833729
vera4cast,chlorocast_chronos,2026-10-16 00:00:00,2026-09-28 00:00:00,P1D,fcre,1.6,ensemble,109,Chla_ugL_mean,11.6864060036618
vera4cast,chlorocast_chronos,2026-10-17 00:00:00,2026-09-28 00:00:00,P1D,fcre,1.6,ensemble,109,Chla_ugL_mean,11.6547577879485
vera4cast,chlorocast_chronos,2026-10-18 00:00:00,2026-09-28 00:00:00,P1D,fcre,1.6,ensemble,109,Chla_ugL_mean,11.6080540433281
vera4cast,chlorocast_chronos,2026-10-19 00:00:00,2026-09-28 00:00:00,P1D,fcre,1.6,ensemble,109,Chla_ugL_mean,11.5182805353575
vera4cast,chlorocast_chronos,2026-10-20 00:00:00,2026-09-28 00:00:00,P1D,fcre,1.6,ensemble,109,Chla_ugL_mean,11.2696293380406
vera4cast,chlorocast_chronos,2026-10-21 00:00:00,2026-09-28 00:00:00,P1D,fcre,1.6,ensemble,109,Chla_ugL_mean,11.2898811011861
vera4cast,chlorocast_chronos,2026-10-22 00:00:00,2026-09-28 00:00:00,P1D,fcre,1.6,ensemble,109,Chla_ugL_mean,11.1608558247241
vera4cast,chlorocast_chronos,2026-10-23 00:00:00,2026-09-28 00:00:00,P1D,fcre,1.6,ensemble,109,Chla_ugL_mean,11.1004346417957
vera4cast,chlorocast_chronos,2026-10-24 00:00:00,2026-09-28 00:00:00,P1D,fcre,1.6,ensemble,109,Chla_ugL_mean,11.1076812337341
vera4cast,chlorocast_chronos,2026-10-25 00:00:00,2026-09-28 00:00:00,P1D,fcre,1.6,ensemble,109,Chla_ugL_mean,11.0686790284184
vera4cast,chlorocast_chronos,2026-10-26 00:00:00,2026-09-28 00:00:00,P1D,fcre,1.6,ensemble,109,Chla_ugL_mean,10.9154344146446
vera4cast,chlorocast_chronos,2026-10-27 00:00:00,2026-09-28 00:00:00,P1D,fcre,1.6,ensemble,109,Chla_ugL_mean,10.7554954512573
vera4cast,chlorocast_chronos,2026-10-28 00:00:00,2026-09-28 00:00:00,P1D,fcre,1.6,ensemble,109,Chla_ugL_mean,10.7167870227357
vera4cast,chlorocast_chronos,2026-10-29 00:00:00,2026-09-28 00:00:00,P1D,fcre,1.6,ensemble,109,Chla_ugL_mean,10.5981484399341
vera4cast,chlorocast_chronos,2026-10-30 00:00:00,2026-09-28 00:00:00,P1D,fcre,1.6,ensemble,109,Chla_ugL_mean,10.5577832769738
vera4cast,chlorocast_chronos,2026-10-31 00:00:00,2026-09-28 00:00:00,P1D,fcre,1.6,ensemble,109,Chla_ugL_mean,10.4750501599353
vera4cast,chlorocast_chronos,2026-11-01 00:00:00,2026-09-28 00:00:00,P1D,fcre,1.6,ensemble,109,Chla_ugL_mean,10.4710357415647
vera4cast,chlorocast_chronos,2026-11-02 00:00:00,2026-09-28 00:00:00,P1D,fcre,1.6,ensemble,109,Chla_ugL_mean,10.4497471146369
vera4cast,chlorocast_chronos,2026-09-29 00:00:00,2026-09-28 00:00:00,P1D,fcre,1.6,ensemble,110,Chla_ugL_mean,9.89402922899565
vera4cast,chlorocast_chronos,2026-09-30 00:00:00,2026-09-28 00:00:00,P1D,fcre,1.6,ensemble,110,Chla_ugL_mean,10.0076498993392
vera4cast,chlorocast_chronos,2026-10-01 00:00:00,2026-09-28 00:00:00,P1D,fcre,1.6,ensemble,110,Chla_ugL_mean,10.0209660883348
vera4cast,chlorocast_chronos,2026-10-02 00:00:00,2026-09-28 00:00:00,P1D,fcre,1.6,ensemble,110,Chla_ugL_mean,9.89622542594131
vera4cast,chlorocast_chronos,2026-10-03 00:00:00,2026-09-28 00:00:00,P1D,fcre,1.6,ensemble,110,Chla_ugL_mean,9.85419911430766
vera4cast,chlorocast_chronos,2026-10-04 00:00:00,2026-09-28 00:00:00,P1D,fcre,1.6,ensemble,110,Chla_ugL_mean,10.0570419131226
vera4cast,chlorocast_chronos,2026-10-05 00:00:00,2026-09-28 00:00:00,P1D,fcre,1.6,ensemble,110,Chla_ugL_mean,9.99209885601103
vera4cast,chlorocast_chronos,2026-10-06 00:00:00,2026-09-28 00:00:00,P1D,fcre,1.6,ensemble,110,Chla_ugL_mean,10.0425903695983
vera4cast,chlorocast_chronos,2026-10-07 00:00:00,2026-09-28 00:00:00,P1D,fcre,1.6,ensemble,110,Chla_ugL_mean,10.0916745238925
vera4cast,chlorocast_chronos,2026-10-08 00:00:00,2026-09-28 00:00:00,P1D,fcre,1.6,ensemble,110,Chla_ugL_mean,10.1685433312771
vera4cast,chlorocast_chronos,2026-10-09 00:00:00,2026-09-28 00:00:00,P1D,fcre,1.6,ensemble,110,Chla_ugL_mean,10.1436338571082
vera4cast,chlorocast_chronos,2026-10-10 00:00:00,2026-09-28 00:00:00,P1D,fcre,1.6,ensemble,110,Chla_ugL_mean,10.1146759977097
vera4cast,chlorocast_chronos,2026-10-11 00:00:00,2026-09-28 00:00:00,P1D,fcre,1.6,ensemble,110,Chla_ugL_mean,10.309570879718
vera4cast,chlorocast_chronos,2026-10-12 00:00:00,2026-09-28 00:00:00,P1D,fcre,1.6,ensemble,110,Chla_ugL_mean,10.6358773559658
vera4cast,chlorocast_chronos,2026-10-13 00:00:00,2026-09-28 00:00:00,P1D,fcre,1.6,ensemble,110,Chla_ugL_mean,10.9305040164421
vera4cast,chlorocast_chronos,2026-10-14 00:00:00,2026-09-28 00:00:00,P1D,fcre,1.6,ensemble,110,Chla_ugL_mean,11.3082559153445
vera4cast,chlorocast_chronos,2026-10-15 00:00:00,2026-09-28 00:00:00,P1D,fcre,1.6,ensemble,110,Chla_ugL_mean,11.5417170871027
vera4cast,chlorocast_chronos,2026-10-16 00:00:00,2026-09-28 00:00:00,P1D,fcre,1.6,ensemble,110,Chla_ugL_mean,11.8274955718374
vera4cast,chlorocast_chronos,2026-10-17 00:00:00,2026-09-28 00:00:00,P1D,fcre,1.6,ensemble,110,Chla_ugL_mean,11.8001022674272
vera4cast,chlorocast_chronos,2026-10-18 00:00:00,2026-09-28 00:00:00,P1D,fcre,1.6,ensemble,110,Chla_ugL_mean,11.748712761875
vera4cast,chlorocast_chronos,2026-10-19 00:00:00,2026-09-28 00:00:00,P1D,fcre,1.6,ensemble,110,Chla_ugL_mean,11.6569828734717
vera4cast,chlorocast_chronos,2026-10-20 00:00:00,2026-09-28 00:00:00,P1D,fcre,1.6,ensemble,110,Chla_ugL_mean,11.3772886942636
vera4cast,chlorocast_chronos,2026-10-21 00:00:00,2026-09-28 00:00:00,P1D,fcre,1.6,ensemble,110,Chla_ugL_mean,11.3982023474016
vera4cast,chlorocast_chronos,2026-10-22 00:00:00,2026-09-28 00:00:00,P1D,fcre,1.6,ensemble,110,Chla_ugL_mean,11.2676525860276
vera4cast,chlorocast_chronos,2026-10-23 00:00:00,2026-09-28 00:00:00,P1D,fcre,1.6,ensemble,110,Chla_ugL_mean,11.215208842573
vera4cast,chlorocast_chronos,2026-10-24 00:00:00,2026-09-28 00:00:00,P1D,fcre,1.6,ensemble,110,Chla_ugL_mean,11.2297950401505
vera4cast,chlorocast_chronos,2026-10-25 00:00:00,2026-09-28 00:00:00,P1D,fcre,1.6,ensemble,110,Chla_ugL_mean,11.1962961379113
vera4cast,chlorocast_chronos,2026-10-26 00:00:00,2026-09-28 00:00:00,P1D,fcre,1.6,ensemble,110,Chla_ugL_mean,11.0421334865625
vera4cast,chlorocast_chronos,2026-10-27 00:00:00,2026-09-28 00:00:00,P1D,fcre,1.6,ensemble,110,Chla_ugL_mean,10.8813651379298
vera4cast,chlorocast_chronos,2026-10-28 00:00:00,2026-09-28 00:00:00,P1D,fcre,1.6,ensemble,110,Chla_ugL_mean,10.8429789383295
vera4cast,chlorocast_chronos,2026-10-29 00:00:00,2026-09-28 00:00:00,P1D,fcre,1.6,ensemble,110,Chla_ugL_mean,10.7234570105517
vera4cast,chlorocast_chronos,2026-10-30 00:00:00,2026-09-28 00:00:00,P1D,fcre,1.6,ensemble,110,Chla_ugL_mean,10.683294855771
vera4cast,chlorocast_chronos,2026-10-31 00:00:00,2026-09-28 00:00:00,P1D,fcre,1.6,ensemble,110,Chla_ugL_mean,10.5990611233736
vera4cast,chlorocast_chronos,2026-11-01 00:00:00,2026-09-28 00:00:00,P1D,fcre,1.6,ensemble,110,Chla_ugL_mean,10.5958865743159
vera4cast,chlorocast_chronos,2026-11-02 00:00:00,2026-09-28 00:00:00,P1D,fcre,1.6,ensemble,110,Chla_ugL_mean,10.5757141215667
vera4cast,chlorocast_chronos,2026-09-29 00:00:00,2026-09-28 00:00:00,P1D,fcre,1.6,ensemble,111,Chla_ugL_mean,9.97487698446734
vera4cast,chlorocast_chronos,2026-09-30 00:00:00,2026-09-28 00:00:00,P1D,fcre,1.6,ensemble,111,Chla_ugL_mean,10.0957307729776
vera4cast,chlorocast_chronos,2026-10-01 00:00:00,2026-09-28 00:00:00,P1D,fcre,1.6,ensemble,111,Chla_ugL_mean,10.1147111643034
vera4cast,chlorocast_chronos,2026-10-02 00:00:00,2026-09-28 00:00:00,P1D,fcre,1.6,ensemble,111,Chla_ugL_mean,9.99087646038282
vera4cast,chlorocast_chronos,2026-10-03 00:00:00,2026-09-28 00:00:00,P1D,fcre,1.6,ensemble,111,Chla_ugL_mean,9.95365407749916
vera4cast,chlorocast_chronos,2026-10-04 00:00:00,2026-09-28 00:00:00,P1D,fcre,1.6,ensemble,111,Chla_ugL_mean,10.1672309292746
vera4cast,chlorocast_chronos,2026-10-05 00:00:00,2026-09-28 00:00:00,P1D,fcre,1.6,ensemble,111,Chla_ugL_mean,10.0986568546239
vera4cast,chlorocast_chronos,2026-10-06 00:00:00,2026-09-28 00:00:00,P1D,fcre,1.6,ensemble,111,Chla_ugL_mean,10.1530112143099
vera4cast,chlorocast_chronos,2026-10-07 00:00:00,2026-09-28 00:00:00,P1D,fcre,1.6,ensemble,111,Chla_ugL_mean,10.199884174373
vera4cast,chlorocast_chronos,2026-10-08 00:00:00,2026-09-28 00:00:00,P1D,fcre,1.6,ensemble,111,Chla_ugL_mean,10.2760673575594
vera4cast,chlorocast_chronos,2026-10-09 00:00:00,2026-09-28 00:00:00,P1D,fcre,1.6,ensemble,111,Chla_ugL_mean,10.2524473976192
vera4cast,chlorocast_chronos,2026-10-10 00:00:00,2026-09-28 00:00:00,P1D,fcre,1.6,ensemble,111,Chla_ugL_mean,10.2222907428482
vera4cast,chlorocast_chronos,2026-10-11 00:00:00,2026-09-28 00:00:00,P1D,fcre,1.6,ensemble,111,Chla_ugL_mean,10.4211395947964
vera4cast,chlorocast_chronos,2026-10-12 00:00:00,2026-09-28 00:00:00,P1D,fcre,1.6,ensemble,111,Chla_ugL_mean,10.7512419838258
vera4cast,chlorocast_chronos,2026-10-13 00:00:00,2026-09-28 00:00:00,P1D,fcre,1.6,ensemble,111,Chla_ugL_mean,11.050573719655
vera4cast,chlorocast_chronos,2026-10-14 00:00:00,2026-09-28 00:00:00,P1D,fcre,1.6,ensemble,111,Chla_ugL_mean,11.43844856698
vera4cast,chlorocast_chronos,2026-10-15 00:00:00,2026-09-28 00:00:00,P1D,fcre,1.6,ensemble,111,Chla_ugL_mean,11.6783981992461
vera4cast,chlorocast_chronos,2026-10-16 00:00:00,2026-09-28 00:00:00,P1D,fcre,1.6,ensemble,111,Chla_ugL_mean,11.9701542421087
vera4cast,chlorocast_chronos,2026-10-17 00:00:00,2026-09-28 00:00:00,P1D,fcre,1.6,ensemble,111,Chla_ugL_mean,11.9471160809278
vera4cast,chlorocast_chronos,2026-10-18 00:00:00,2026-09-28 00:00:00,P1D,fcre,1.6,ensemble,111,Chla_ugL_mean,11.8909407055406
vera4cast,chlorocast_chronos,2026-10-19 00:00:00,2026-09-28 00:00:00,P1D,fcre,1.6,ensemble,111,Chla_ugL_mean,11.797222031163
vera4cast,chlorocast_chronos,2026-10-20 00:00:00,2026-09-28 00:00:00,P1D,fcre,1.6,ensemble,111,Chla_ugL_mean,11.4858927030644
vera4cast,chlorocast_chronos,2026-10-21 00:00:00,2026-09-28 00:00:00,P1D,fcre,1.6,ensemble,111,Chla_ugL_mean,11.5074783215176
vera4cast,chlorocast_chronos,2026-10-22 00:00:00,2026-09-28 00:00:00,P1D,fcre,1.6,ensemble,111,Chla_ugL_mean,11.3753872375906
vera4cast,chlorocast_chronos,2026-10-23 00:00:00,2026-09-28 00:00:00,P1D,fcre,1.6,ensemble,111,Chla_ugL_mean,11.331071691614
vera4cast,chlorocast_chronos,2026-10-24 00:00:00,2026-09-28 00:00:00,P1D,fcre,1.6,ensemble,111,Chla_ugL_mean,11.3531404433879
vera4cast,chlorocast_chronos,2026-10-25 00:00:00,2026-09-28 00:00:00,P1D,fcre,1.6,ensemble,111,Chla_ugL_mean,11.3252627013583
vera4cast,chlorocast_chronos,2026-10-26 00:00:00,2026-09-28 00:00:00,P1D,fcre,1.6,ensemble,111,Chla_ugL_mean,11.1701797737195
vera4cast,chlorocast_chronos,2026-10-27 00:00:00,2026-09-28 00:00:00,P1D,fcre,1.6,ensemble,111,Chla_ugL_mean,11.0085825498504
vera4cast,chlorocast_chronos,2026-10-28 00:00:00,2026-09-28 00:00:00,P1D,fcre,1.6,ensemble,111,Chla_ugL_mean,10.9705299636801
vera4cast,chlorocast_chronos,2026-10-29 00:00:00,2026-09-28 00:00:00,P1D,fcre,1.6,ensemble,111,Chla_ugL_mean,10.850119438464
vera4cast,chlorocast_chronos,2026-10-30 00:00:00,2026-09-28 00:00:00,P1D,fcre,1.6,ensemble,111,Chla_ugL_mean,10.8101694257262
vera4cast,chlorocast_chronos,2026-10-31 00:00:00,2026-09-28 00:00:00,P1D,fcre,1.6,ensemble,111,Chla_ugL_mean,10.7244122743351
vera4cast,chlorocast_chronos,2026-11-01 00:00:00,2026-09-28 00:00:00,P1D,fcre,1.6,ensemble,111,Chla_ugL_mean,10.7220962843987
vera4cast,chlorocast_chronos,2026-11-02 00:00:00,2026-09-28 00:00:00,P1D,fcre,1.6,ensemble,111,Chla_ugL_mean,10.7030669832823
vera4cast,chlorocast_chronos,2026-09-29 00:00:00,2026-09-28 00:00:00,P1D,fcre,1.6,ensemble,112,Chla_ugL_mean,10.0563247346175
vera4cast,chlorocast_chronos,2026-09-30 00:00:00,2026-09-28 00:00:00,P1D,fcre,1.6,ensemble,112,Chla_ugL_mean,10.1845164510358
vera4cast,chlorocast_chronos,2026-10-01 00:00:00,2026-09-28 00:00:00,P1D,fcre,1.6,ensemble,112,Chla_ugL_mean,10.2092536421693
vera4cast,chlorocast_chronos,2026-10-02 00:00:00,2026-09-28 00:00:00,P1D,fcre,1.6,ensemble,112,Chla_ugL_mean,10.0863496894808
vera4cast,chlorocast_chronos,2026-10-03 00:00:00,2026-09-28 00:00:00,P1D,fcre,1.6,ensemble,112,Chla_ugL_mean,10.0540203276128
vera4cast,chlorocast_chronos,2026-10-04 00:00:00,2026-09-28 00:00:00,P1D,fcre,1.6,ensemble,112,Chla_ugL_mean,10.2785180347145
vera4cast,chlorocast_chronos,2026-10-05 00:00:00,2026-09-28 00:00:00,P1D,fcre,1.6,ensemble,112,Chla_ugL_mean,10.2062478322171
vera4cast,chlorocast_chronos,2026-10-06 00:00:00,2026-09-28 00:00:00,P1D,fcre,1.6,ensemble,112,Chla_ugL_mean,10.264536216881
vera4cast,chlorocast_chronos,2026-10-07 00:00:00,2026-09-28 00:00:00,P1D,fcre,1.6,ensemble,112,Chla_ugL_mean,10.309149511119
vera4cast,chlorocast_chronos,2026-10-08 00:00:00,2026-09-28 00:00:00,P1D,fcre,1.6,ensemble,112,Chla_ugL_mean,10.3846265605773
vera4cast,chlorocast_chronos,2026-10-09 00:00:00,2026-09-28 00:00:00,P1D,fcre,1.6,ensemble,112,Chla_ugL_mean,10.3623234628641
vera4cast,chlorocast_chronos,2026-10-10 00:00:00,2026-09-28 00:00:00,P1D,fcre,1.6,ensemble,112,Chla_ugL_mean,10.3309474376913
vera4cast,chlorocast_chronos,2026-10-11 00:00:00,2026-09-28 00:00:00,P1D,fcre,1.6,ensemble,112,Chla_ugL_mean,10.5338089332597
vera4cast,chlorocast_chronos,2026-10-12 00:00:00,2026-09-28 00:00:00,P1D,fcre,1.6,ensemble,112,Chla_ugL_mean,10.8677504014451
vera4cast,chlorocast_chronos,2026-10-13 00:00:00,2026-09-28 00:00:00,P1D,fcre,1.6,ensemble,112,Chla_ugL_mean,11.1718518155401
vera4cast,chlorocast_chronos,2026-10-14 00:00:00,2026-09-28 00:00:00,P1D,fcre,1.6,ensemble,112,Chla_ugL_mean,11.5700183533335
vera4cast,chlorocast_chronos,2026-10-15 00:00:00,2026-09-28 00:00:00,P1D,fcre,1.6,ensemble,112,Chla_ugL_mean,11.8165688782715
vera4cast,chlorocast_chronos,2026-10-16 00:00:00,2026-09-28 00:00:00,P1D,fcre,1.6,ensemble,112,Chla_ugL_mean,12.1143994649608
vera4cast,chlorocast_chronos,2026-10-17 00:00:00,2026-09-28 00:00:00,P1D,fcre,1.6,ensemble,112,Chla_ugL_mean,12.0958184013566
vera4cast,chlorocast_chronos,2026-10-18 00:00:00,2026-09-28 00:00:00,P1D,fcre,1.6,ensemble,112,Chla_ugL_mean,12.034755381007
vera4cast,chlorocast_chronos,2026-10-19 00:00:00,2026-09-28 00:00:00,P1D,fcre,1.6,ensemble,112,Chla_ugL_mean,11.9390150363665
vera4cast,chlorocast_chronos,2026-10-20 00:00:00,2026-09-28 00:00:00,P1D,fcre,1.6,ensemble,112,Chla_ugL_mean,11.5954496532579
vera4cast,chlorocast_chronos,2026-10-21 00:00:00,2026-09-28 00:00:00,P1D,fcre,1.6,ensemble,112,Chla_ugL_mean,11.6177174383687
vera4cast,chlorocast_chronos,2026-10-22 00:00:00,2026-09-28 00:00:00,P1D,fcre,1.6,ensemble,112,Chla_ugL_mean,11.484068015975
vera4cast,chlorocast_chronos,2026-10-23 00:00:00,2026-09-28 00:00:00,P1D,fcre,1.6,ensemble,112,Chla_ugL_mean,11.4480335148897
vera4cast,chlorocast_chronos,2026-10-24 00:00:00,2026-09-28 00:00:00,P1D,fcre,1.6,ensemble,112,Chla_ugL_mean,11.4777298648979
vera4cast,chlorocast_chronos,2026-10-25 00:00:00,2026-09-28 00:00:00,P1D,fcre,1.6,ensemble,112,Chla_ugL_mean,11.4555929882094
vera4cast,chlorocast_chronos,2026-10-26 00:00:00,2026-09-28 00:00:00,P1D,fcre,1.6,ensemble,112,Chla_ugL_mean,11.2995876013107
vera4cast,chlorocast_chronos,2026-10-27 00:00:00,2026-09-28 00:00:00,P1D,fcre,1.6,ensemble,112,Chla_ugL_mean,11.1371621175256
vera4cast,chlorocast_chronos,2026-10-28 00:00:00,2026-09-28 00:00:00,P1D,fcre,1.6,ensemble,112,Chla_ugL_mean,11.0994547366455
vera4cast,chlorocast_chronos,2026-10-29 00:00:00,2026-09-28 00:00:00,P1D,fcre,1.6,ensemble,112,Chla_ugL_mean,10.978150350999
vera4cast,chlorocast_chronos,2026-10-30 00:00:00,2026-09-28 00:00:00,P1D,fcre,1.6,ensemble,112,Chla_ugL_mean,10.9384217882219
vera4cast,chlorocast_chronos,2026-10-31 00:00:00,2026-09-28 00:00:00,P1D,fcre,1.6,ensemble,112,Chla_ugL_mean,10.8511180962377
vera4cast,chlorocast_chronos,2026-11-01 00:00:00,2026-09-28 00:00:00,P1D,fcre,1.6,ensemble,112,Chla_ugL_mean,10.8496796618434
vera4cast,chlorocast_chronos,2026-11-02 00:00:00,2026-09-28 00:00:00,P1D,fcre,1.6,ensemble,112,Chla_ugL_mean,10.8318209465815
vera4cast,chlorocast_chronos,2026-09-29 00:00:00,2026-09-28 00:00:00,P1D,fcre,1.6,ensemble,113,Chla_ugL_mean,10.138376932181
vera4cast,chlorocast_chronos,2026-09-30 00:00:00,2026-09-28 00:00:00,P1D,fcre,1.6,ensemble,113,Chla_ugL_mean,10.2740125732089
vera4cast,chlorocast_chronos,2026-10-01 00:00:00,2026-09-28 00:00:00,P1D,fcre,1.6,ensemble,113,Chla_ugL_mean,10.3046003046863
vera4cast,chlorocast_chronos,2026-10-02 00:00:00,2026-09-28 00:00:00,P1D,fcre,1.6,ensemble,113,Chla_ugL_mean,10.1826522553025
vera4cast,chlorocast_chronos,2026-10-03 00:00:00,2026-09-28 00:00:00,P1D,fcre,1.6,ensemble,113,Chla_ugL_mean,10.1553062145975
vera4cast,chlorocast_chronos,2026-10-04 00:00:00,2026-09-28 00:00:00,P1D,fcre,1.6,ensemble,113,Chla_ugL_mean,10.3909141724575
vera4cast,chlorocast_chronos,2026-10-05 00:00:00,2026-09-28 00:00:00,P1D,fcre,1.6,ensemble,113,Chla_ugL_mean,10.3148818025446
vera4cast,chlorocast_chronos,2026-10-06 00:00:00,2026-09-28 00:00:00,P1D,fcre,1.6,ensemble,113,Chla_ugL_mean,10.3771764183845
vera4cast,chlorocast_chronos,2026-10-07 00:00:00,2026-09-28 00:00:00,P1D,fcre,1.6,ensemble,113,Chla_ugL_mean,10.4194808333368
vera4cast,chlorocast_chronos,2026-10-08 00:00:00,2026-09-28 00:00:00,P1D,fcre,1.6,ensemble,113,Chla_ugL_mean,10.4942309063907
vera4cast,chlorocast_chronos,2026-10-09 00:00:00,2026-09-28 00:00:00,P1D,fcre,1.6,ensemble,113,Chla_ugL_mean,10.4732724280114
vera4cast,chlorocast_chronos,2026-10-10 00:00:00,2026-09-28 00:00:00,P1D,fcre,1.6,ensemble,113,Chla_ugL_mean,10.4406561706257
vera4cast,chlorocast_chronos,2026-10-11 00:00:00,2026-09-28 00:00:00,P1D,fcre,1.6,ensemble,113,Chla_ugL_mean,10.6475897527381
vera4cast,chlorocast_chronos,2026-10-12 00:00:00,2026-09-28 00:00:00,P1D,fcre,1.6,ensemble,113,Chla_ugL_mean,10.9854139489984
vera4cast,chlorocast_chronos,2026-10-13 00:00:00,2026-09-28 00:00:00,P1D,fcre,1.6,ensemble,113,Chla_ugL_mean,11.2943504654739
vera4cast,chlorocast_chronos,2026-10-14 00:00:00,2026-09-28 00:00:00,P1D,fcre,1.6,ensemble,113,Chla_ugL_mean,11.7029798412796
vera4cast,chlorocast_chronos,2026-10-15 00:00:00,2026-09-28 00:00:00,P1D,fcre,1.6,ensemble,113,Chla_ugL_mean,11.9562453576545
vera4cast,chlorocast_chronos,2026-10-16 00:00:00,2026-09-28 00:00:00,P1D,fcre,1.6,ensemble,113,Chla_ugL_mean,12.2602488849509
vera4cast,chlorocast_chronos,2026-10-17 00:00:00,2026-09-28 00:00:00,P1D,fcre,1.6,ensemble,113,Chla_ugL_mean,12.2462286218276
vera4cast,chlorocast_chronos,2026-10-18 00:00:00,2026-09-28 00:00:00,P1D,fcre,1.6,ensemble,113,Chla_ugL_mean,12.1801744902656
vera4cast,chlorocast_chronos,2026-10-19 00:00:00,2026-09-28 00:00:00,P1D,fcre,1.6,ensemble,113,Chla_ugL_mean,12.0823791056865
vera4cast,chlorocast_chronos,2026-10-20 00:00:00,2026-09-28 00:00:00,P1D,fcre,1.6,ensemble,113,Chla_ugL_mean,11.7059679063892
vera4cast,chlorocast_chronos,2026-10-21 00:00:00,2026-09-28 00:00:00,P1D,fcre,1.6,ensemble,113,Chla_ugL_mean,11.7289281869566
vera4cast,chlorocast_chronos,2026-10-22 00:00:00,2026-09-28 00:00:00,P1D,fcre,1.6,ensemble,113,Chla_ugL_mean,11.5937032300764
vera4cast,chlorocast_chronos,2026-10-23 00:00:00,2026-09-28 00:00:00,P1D,fcre,1.6,ensemble,113,Chla_ugL_mean,11.5661047363139
vera4cast,chlorocast_chronos,2026-10-24 00:00:00,2026-09-28 00:00:00,P1D,fcre,1.6,ensemble,113,Chla_ugL_mean,11.6035758514104
vera4cast,chlorocast_chronos,2026-10-25 00:00:00,2026-09-28 00:00:00,P1D,fcre,1.6,ensemble,113,Chla_ugL_mean,11.5873014188034
vera4cast,chlorocast_chronos,2026-10-26 00:00:00,2026-09-28 00:00:00,P1D,fcre,1.6,ensemble,113,Chla_ugL_mean,11.4303714468533
vera4cast,chlorocast_chronos,2026-10-27 00:00:00,2026-09-28 00:00:00,P1D,fcre,1.6,ensemble,113,Chla_ugL_mean,11.2671184259739
vera4cast,chlorocast_chronos,2026-10-28 00:00:00,2026-09-28 00:00:00,P1D,fcre,1.6,ensemble,113,Chla_ugL_mean,11.229768052736
vera4cast,chlorocast_chronos,2026-10-29 00:00:00,2026-09-28 00:00:00,P1D,fcre,1.6,ensemble,113,Chla_ugL_mean,11.1075645335213
vera4cast,chlorocast_chronos,2026-10-30 00:00:00,2026-09-28 00:00:00,P1D,fcre,1.6,ensemble,113,Chla_ugL_mean,11.0680669053762
vera4cast,chlorocast_chronos,2026-10-31 00:00:00,2026-09-28 00:00:00,P1D,fcre,1.6,ensemble,113,Chla_ugL_mean,10.9791932290215
vera4cast,chlorocast_chronos,2026-11-01 00:00:00,2026-09-28 00:00:00,P1D,fcre,1.6,ensemble,113,Chla_ugL_mean,10.9786516576551
vera4cast,chlorocast_chronos,2026-11-02 00:00:00,2026-09-28 00:00:00,P1D,fcre,1.6,ensemble,113,Chla_ugL_mean,10.9619914260032
vera4cast,chlorocast_chronos,2026-09-29 00:00:00,2026-09-28 00:00:00,P1D,fcre,1.6,ensemble,114,Chla_ugL_mean,10.2210380629377
vera4cast,chlorocast_chronos,2026-09-30 00:00:00,2026-09-28 00:00:00,P1D,fcre,1.6,ensemble,114,Chla_ugL_mean,10.3642248243197
vera4cast,chlorocast_chronos,2026-10-01 00:00:00,2026-09-28 00:00:00,P1D,fcre,1.6,ensemble,114,Chla_ugL_mean,10.4007579923032
vera4cast,chlorocast_chronos,2026-10-02 00:00:00,2026-09-28 00:00:00,P1D,fcre,1.6,ensemble,114,Chla_ugL_mean,10.2797913619553
vera4cast,chlorocast_chronos,2026-10-03 00:00:00,2026-09-28 00:00:00,P1D,fcre,1.6,ensemble,114,Chla_ugL_mean,10.257520164911
vera4cast,chlorocast_chronos,2026-10-04 00:00:00,2026-09-28 00:00:00,P1D,fcre,1.6,ensemble,114,Chla_ugL_mean,10.5044303945716
vera4cast,chlorocast_chronos,2026-10-05 00:00:00,2026-09-28 00:00:00,P1D,fcre,1.6,ensemble,114,Chla_ugL_mean,10.4245688764342
vera4cast,chlorocast_chronos,2026-10-06 00:00:00,2026-09-28 00:00:00,P1D,fcre,1.6,ensemble,114,Chla_ugL_mean,10.4909429702987
vera4cast,chlorocast_chronos,2026-10-07 00:00:00,2026-09-28 00:00:00,P1D,fcre,1.6,ensemble,114,Chla_ugL_mean,10.5308885407106
vera4cast,chlorocast_chronos,2026-10-08 00:00:00,2026-09-28 00:00:00,P1D,fcre,1.6,ensemble,114,Chla_ugL_mean,10.6048904570066
vera4cast,chlorocast_chronos,2026-10-09 00:00:00,2026-09-28 00:00:00,P1D,fcre,1.6,ensemble,114,Chla_ugL_mean,10.5853047695391
vera4cast,chlorocast_chronos,2026-10-10 00:00:00,2026-09-28 00:00:00,P1D,fcre,1.6,ensemble,114,Chla_ugL_mean,10.5514271277164
vera4cast,chlorocast_chronos,2026-10-11 00:00:00,2026-09-28 00:00:00,P1D,fcre,1.6,ensemble,114,Chla_ugL_mean,10.7624930179719
vera4cast,chlorocast_chronos,2026-10-12 00:00:00,2026-09-28 00:00:00,P1D,fcre,1.6,ensemble,114,Chla_ugL_mean,11.104244079093
vera4cast,chlorocast_chronos,2026-10-13 00:00:00,2026-09-28 00:00:00,P1D,fcre,1.6,ensemble,114,Chla_ugL_mean,11.4180819532258
vera4cast,chlorocast_chronos,2026-10-14 00:00:00,2026-09-28 00:00:00,P1D,fcre,1.6,ensemble,114,Chla_ugL_mean,11.8373477517766
vera4cast,chlorocast_chronos,2026-10-15 00:00:00,2026-09-28 00:00:00,P1D,fcre,1.6,ensemble,114,Chla_ugL_mean,12.097444047785
vera4cast,chlorocast_chronos,2026-10-16 00:00:00,2026-09-28 00:00:00,P1D,fcre,1.6,ensemble,114,Chla_ugL_mean,12.4077203428672
vera4cast,chlorocast_chronos,2026-10-17 00:00:00,2026-09-28 00:00:00,P1D,fcre,1.6,ensemble,114,Chla_ugL_mean,12.3983663581917
vera4cast,chlorocast_chronos,2026-10-18 00:00:00,2026-09-28 00:00:00,P1D,fcre,1.6,ensemble,114,Chla_ugL_mean,12.3272159327954
vera4cast,chlorocast_chronos,2026-10-19 00:00:00,2026-09-28 00:00:00,P1D,fcre,1.6,ensemble,114,Chla_ugL_mean,12.2273316464871
vera4cast,chlorocast_chronos,2026-10-20 00:00:00,2026-09-28 00:00:00,P1D,fcre,1.6,ensemble,114,Chla_ugL_mean,11.8174558973712
vera4cast,chlorocast_chronos,2026-10-21 00:00:00,2026-09-28 00:00:00,P1D,fcre,1.6,ensemble,114,Chla_ugL_mean,11.8411191311037
vera4cast,chlorocast_chronos,2026-10-22 00:00:00,2026-09-28 00:00:00,P1D,fcre,1.6,ensemble,114,Chla_ugL_mean,11.7043012617589
vera4cast,chlorocast_chronos,2026-10-23 00:00:00,2026-09-28 00:00:00,P1D,fcre,1.6,ensemble,114,Chla_ugL_mean,11.6852958786727
vera4cast,chlorocast_chronos,2026-10-24 00:00:00,2026-09-28 00:00:00,P1D,fcre,1.6,ensemble,114,Chla_ugL_mean,11.7306910761973
vera4cast,chlorocast_chronos,2026-10-25 00:00:00,2026-09-28 00:00:00,P1D,fcre,1.6,ensemble,114,Chla_ugL_mean,11.720402565963
vera4cast,chlorocast_chronos,2026-10-26 00:00:00,2026-09-28 00:00:00,P1D,fcre,1.6,ensemble,114,Chla_ugL_mean,11.5625459418071
vera4cast,chlorocast_chronos,2026-10-27 00:00:00,2026-09-28 00:00:00,P1D,fcre,1.6,ensemble,114,Chla_ugL_mean,11.39846621638
vera4cast,chlorocast_chronos,2026-10-28 00:00:00,2026-09-28 00:00:00,P1D,fcre,1.6,ensemble,114,Chla_ugL_mean,11.361484866812
vera4cast,chlorocast_chronos,2026-10-29 00:00:00,2026-09-28 00:00:00,P1D,fcre,1.6,ensemble,114,Chla_ugL_mean,11.2383769311392
vera4cast,chlorocast_chronos,2026-10-30 00:00:00,2026-09-28 00:00:00,P1D,fcre,1.6,ensemble,114,Chla_ugL_mean,11.1991199017879
vera4cast,chlorocast_chronos,2026-10-31 00:00:00,2026-09-28 00:00:00,P1D,fcre,1.6,ensemble,114,Chla_ugL_mean,11.1086524708409
vera4cast,chlorocast_chronos,2026-11-01 00:00:00,2026-09-28 00:00:00,P1D,fcre,1.6,ensemble,114,Chla_ugL_mean,11.1090273855657
vera4cast,chlorocast_chronos,2026-11-02 00:00:00,2026-09-28 00:00:00,P1D,fcre,1.6,ensemble,114,Chla_ugL_mean,11.093594005673
vera4cast,chlorocast_chronos,2026-09-29 00:00:00,2026-09-28 00:00:00,P1D,fcre,1.6,ensemble,115,Chla_ugL_mean,10.3043126459575
vera4cast,chlorocast_chronos,2026-09-30 00:00:00,2026-09-28 00:00:00,P1D,fcre,1.6,ensemble,115,Chla_ugL_mean,10.4551589346796
vera4cast,chlorocast_chronos,2026-10-01 00:00:00,2026-09-28 00:00:00,P1D,fcre,1.6,ensemble,115,Chla_ugL_mean,10.4977336036536
vera4cast,chlorocast_chronos,2026-10-02 00:00:00,2026-09-28 00:00:00,P1D,fcre,1.6,ensemble,115,Chla_ugL_mean,10.3777742761259
vera4cast,chlorocast_chronos,2026-10-03 00:00:00,2026-09-28 00:00:00,P1D,fcre,1.6,ensemble,115,Chla_ugL_mean,10.3606706822212
vera4cast,chlorocast_chronos,2026-10-04 00:00:00,2026-09-28 00:00:00,P1D,fcre,1.6,ensemble,115,Chla_ugL_mean,10.6190778632642
vera4cast,chlorocast_chronos,2026-10-05 00:00:00,2026-09-28 00:00:00,P1D,fcre,1.6,ensemble,115,Chla_ugL_mean,10.5353192627284
vera4cast,chlorocast_chronos,2026-10-06 00:00:00,2026-09-28 00:00:00,P1D,fcre,1.6,ensemble,115,Chla_ugL_mean,10.6058471356118
vera4cast,chlorocast_chronos,2026-10-07 00:00:00,2026-09-28 00:00:00,P1D,fcre,1.6,ensemble,115,Chla_ugL_mean,10.6433831343838
vera4cast,chlorocast_chronos,2026-10-08 00:00:00,2026-09-28 00:00:00,P1D,fcre,1.6,ensemble,115,Chla_ugL_mean,10.7166153713029
vera4cast,chlorocast_chronos,2026-10-09 00:00:00,2026-09-28 00:00:00,P1D,fcre,1.6,ensemble,115,Chla_ugL_mean,10.6984310662245
vera4cast,chlorocast_chronos,2026-10-10 00:00:00,2026-09-28 00:00:00,P1D,fcre,1.6,ensemble,115,Chla_ugL_mean,10.6632705936521
vera4cast,chlorocast_chronos,2026-10-11 00:00:00,2026-09-28 00:00:00,P1D,fcre,1.6,ensemble,115,Chla_ugL_mean,10.8785298018685
vera4cast,chlorocast_chronos,2026-10-12 00:00:00,2026-09-28 00:00:00,P1D,fcre,1.6,ensemble,115,Chla_ugL_mean,11.2242523578839
vera4cast,chlorocast_chronos,2026-10-13 00:00:00,2026-09-28 00:00:00,P1D,fcre,1.6,ensemble,115,Chla_ugL_mean,11.5430586861905
vera4cast,chlorocast_chronos,2026-10-14 00:00:00,2026-09-28 00:00:00,P1D,fcre,1.6,ensemble,115,Chla_ugL_mean,11.9731369614961
vera4cast,chlorocast_chronos,2026-10-15 00:00:00,2026-09-28 00:00:00,P1D,fcre,1.6,ensemble,115,Chla_ugL_mean,12.2401815378954
vera4cast,chlorocast_chronos,2026-10-16 00:00:00,2026-09-28 00:00:00,P1D,fcre,1.6,ensemble,115,Chla_ugL_mean,12.5568318779109
vera4cast,chlorocast_chronos,2026-10-17 00:00:00,2026-09-28 00:00:00,P1D,fcre,1.6,ensemble,115,Chla_ugL_mean,12.5522514515951
vera4cast,chlorocast_chronos,2026-10-18 00:00:00,2026-09-28 00:00:00,P1D,fcre,1.6,ensemble,115,Chla_ugL_mean,12.475897807767
vera4cast,chlorocast_chronos,2026-10-19 00:00:00,2026-09-28 00:00:00,P1D,fcre,1.6,ensemble,115,Chla_ugL_mean,12.3738902590056
vera4cast,chlorocast_chronos,2026-10-20 00:00:00,2026-09-28 00:00:00,P1D,fcre,1.6,ensemble,115,Chla_ugL_mean,11.9299221351287
vera4cast,chlorocast_chronos,2026-10-21 00:00:00,2026-09-28 00:00:00,P1D,fcre,1.6,ensemble,115,Chla_ugL_mean,11.954298910113
vera4cast,chlorocast_chronos,2026-10-22 00:00:00,2026-09-28 00:00:00,P1D,fcre,1.6,ensemble,115,Chla_ugL_mean,11.8158705664966
vera4cast,chlorocast_chronos,2026-10-23 00:00:00,2026-09-28 00:00:00,P1D,fcre,1.6,ensemble,115,Chla_ugL_mean,11.8056175645623
vera4cast,chlorocast_chronos,2026-10-24 00:00:00,2026-09-28 00:00:00,P1D,fcre,1.6,ensemble,115,Chla_ugL_mean,11.8590883403484
vera4cast,chlorocast_chronos,2026-10-25 00:00:00,2026-09-28 00:00:00,P1D,fcre,1.6,ensemble,115,Chla_ugL_mean,11.8549111566076
vera4cast,chlorocast_chronos,2026-10-26 00:00:00,2026-09-28 00:00:00,P1D,fcre,1.6,ensemble,115,Chla_ugL_mean,11.6961258732107
vera4cast,chlorocast_chronos,2026-10-27 00:00:00,2026-09-28 00:00:00,P1D,fcre,1.6,ensemble,115,Chla_ugL_mean,11.5312203877671
vera4cast,chlorocast_chronos,2026-10-28 00:00:00,2026-09-28 00:00:00,P1D,fcre,1.6,ensemble,115,Chla_ugL_mean,11.494620294801
vera4cast,chlorocast_chronos,2026-10-29 00:00:00,2026-09-28 00:00:00,P1D,fcre,1.6,ensemble,115,Chla_ugL_mean,11.3706026504307
vera4cast,chlorocast_chronos,2026-10-30 00:00:00,2026-09-28 00:00:00,P1D,fcre,1.6,ensemble,115,Chla_ugL_mean,11.3315960663012
vera4cast,chlorocast_chronos,2026-10-31 00:00:00,2026-09-28 00:00:00,P1D,fcre,1.6,ensemble,115,Chla_ugL_mean,11.2395107797737
vera4cast,chlorocast_chronos,2026-11-01 00:00:00,2026-09-28 00:00:00,P1D,fcre,1.6,ensemble,115,Chla_ugL_mean,11.2408221238052
vera4cast,chlorocast_chronos,2026-11-02 00:00:00,2026-09-28 00:00:00,P1D,fcre,1.6,ensemble,115,Chla_ugL_mean,11.2266444411688
vera4cast,chlorocast_chronos,2026-09-29 00:00:00,2026-09-28 00:00:00,P1D,fcre,1.6,ensemble,116,Chla_ugL_mean,10.3882052338481
vera4cast,chlorocast_chronos,2026-09-30 00:00:00,2026-09-28 00:00:00,P1D,fcre,1.6,ensemble,116,Chla_ugL_mean,10.5468206804528
vera4cast,chlorocast_chronos,2026-10-01 00:00:00,2026-09-28 00:00:00,P1D,fcre,1.6,ensemble,116,Chla_ugL_mean,10.5955340960516
vera4cast,chlorocast_chronos,2026-10-02 00:00:00,2026-09-28 00:00:00,P1D,fcre,1.6,ensemble,116,Chla_ugL_mean,10.4766083276236
vera4cast,chlorocast_chronos,2026-10-03 00:00:00,2026-09-28 00:00:00,P1D,fcre,1.6,ensemble,116,Chla_ugL_mean,10.4647663481135
vera4cast,chlorocast_chronos,2026-10-04 00:00:00,2026-09-28 00:00:00,P1D,fcre,1.6,ensemble,116,Chla_ugL_mean,10.7348678519797
vera4cast,chlorocast_chronos,2026-10-05 00:00:00,2026-09-28 00:00:00,P1D,fcre,1.6,ensemble,116,Chla_ugL_mean,10.6471432692351
vera4cast,chlorocast_chronos,2026-10-06 00:00:00,2026-09-28 00:00:00,P1D,fcre,1.6,ensemble,116,Chla_ugL_mean,10.7219002899365
vera4cast,chlorocast_chronos,2026-10-07 00:00:00,2026-09-28 00:00:00,P1D,fcre,1.6,ensemble,116,Chla_ugL_mean,10.7569752179477
vera4cast,chlorocast_chronos,2026-10-08 00:00:00,2026-09-28 00:00:00,P1D,fcre,1.6,ensemble,116,Chla_ugL_mean,10.8294159059613
vera4cast,chlorocast_chronos,2026-10-09 00:00:00,2026-09-28 00:00:00,P1D,fcre,1.6,ensemble,116,Chla_ugL_mean,10.8126620001427
vera4cast,chlorocast_chronos,2026-10-10 00:00:00,2026-09-28 00:00:00,P1D,fcre,1.6,ensemble,116,Chla_ugL_mean,10.7761969526999
vera4cast,chlorocast_chronos,2026-10-11 00:00:00,2026-09-28 00:00:00,P1D,fcre,1.6,ensemble,116,Chla_ugL_mean,10.9957112865693
vera4cast,chlorocast_chronos,2026-10-12 00:00:00,2026-09-28 00:00:00,P1D,fcre,1.6,ensemble,116,Chla_ugL_mean,11.3454504661994
vera4cast,chlorocast_chronos,2026-10-13 00:00:00,2026-09-28 00:00:00,P1D,fcre,1.6,ensemble,116,Chla_ugL_mean,11.6692931966317
vera4cast,chlorocast_chronos,2026-10-14 00:00:00,2026-09-28 00:00:00,P1D,fcre,1.6,ensemble,116,Chla_ugL_mean,12.1103625044701
vera4cast,chlorocast_chronos,2026-10-15 00:00:00,2026-09-28 00:00:00,P1D,fcre,1.6,ensemble,116,Chla_ugL_mean,12.3844745980092
vera4cast,chlorocast_chronos,2026-10-16 00:00:00,2026-09-28 00:00:00,P1D,fcre,1.6,ensemble,116,Chla_ugL_mean,12.707601729903
vera4cast,chlorocast_chronos,2026-10-17 00:00:00,2026-09-28 00:00:00,P1D,fcre,1.6,ensemble,116,Chla_ugL_mean,12.7079039710666
vera4cast,chlorocast_chronos,2026-10-18 00:00:00,2026-09-28 00:00:00,P1D,fcre,1.6,ensemble,116,Chla_ugL_mean,12.6262384162697
vera4cast,chlorocast_chronos,2026-10-19 00:00:00,2026-09-28 00:00:00,P1D,fcre,1.6,ensemble,116,Chla_ugL_mean,12.5220727384897
vera4cast,chlorocast_chronos,2026-10-20 00:00:00,2026-09-28 00:00:00,P1D,fcre,1.6,ensemble,116,Chla_ugL_mean,12.0433752032475
vera4cast,chlorocast_chronos,2026-10-21 00:00:00,2026-09-28 00:00:00,P1D,fcre,1.6,ensemble,116,Chla_ugL_mean,12.0684762394328
vera4cast,chlorocast_chronos,2026-10-22 00:00:00,2026-09-28 00:00:00,P1D,fcre,1.6,ensemble,116,Chla_ugL_mean,11.9284196740195
vera4cast,chlorocast_chronos,2026-10-23 00:00:00,2026-09-28 00:00:00,P1D,fcre,1.6,ensemble,116,Chla_ugL_mean,11.9270805173355
vera4cast,chlorocast_chronos,2026-10-24 00:00:00,2026-09-28 00:00:00,P1D,fcre,1.6,ensemble,116,Chla_ugL_mean,11.9887805740611
vera4cast,chlorocast_chronos,2026-10-25 00:00:00,2026-09-28 00:00:00,P1D,fcre,1.6,ensemble,116,Chla_ugL_mean,11.9908420733824
vera4cast,chlorocast_chronos,2026-10-26 00:00:00,2026-09-28 00:00:00,P1D,fcre,1.6,ensemble,116,Chla_ugL_mean,11.8311261853362
vera4cast,chlorocast_chronos,2026-10-27 00:00:00,2026-09-28 00:00:00,P1D,fcre,1.6,ensemble,116,Chla_ugL_mean,11.6653959986864
vera4cast,chlorocast_chronos,2026-10-28 00:00:00,2026-09-28 00:00:00,P1D,fcre,1.6,ensemble,116,Chla_ugL_mean,11.6291896154312
vera4cast,chlorocast_chronos,2026-10-29 00:00:00,2026-09-28 00:00:00,P1D,fcre,1.6,ensemble,116,Chla_ugL_mean,11.5042569611883
vera4cast,chlorocast_chronos,2026-10-30 00:00:00,2026-09-28 00:00:00,P1D,fcre,1.6,ensemble,116,Chla_ugL_mean,11.4655108537894
vera4cast,chlorocast_chronos,2026-10-31 00:00:00,2026-09-28 00:00:00,P1D,fcre,1.6,ensemble,116,Chla_ugL_mean,11.3717832755501
vera4cast,chlorocast_chronos,2026-11-01 00:00:00,2026-09-28 00:00:00,P1D,fcre,1.6,ensemble,116,Chla_ugL_mean,11.3740513168919
vera4cast,chlorocast_chronos,2026-11-02 00:00:00,2026-09-28 00:00:00,P1D,fcre,1.6,ensemble,116,Chla_ugL_mean,11.3611586614069
vera4cast,chlorocast_chronos,2026-09-29 00:00:00,2026-09-28 00:00:00,P1D,fcre,1.6,ensemble,117,Chla_ugL_mean,10.472720413003
vera4cast,chlorocast_chronos,2026-09-30 00:00:00,2026-09-28 00:00:00,P1D,fcre,1.6,ensemble,117,Chla_ugL_mean,10.6392158840231
vera4cast,chlorocast_chronos,2026-10-01 00:00:00,2026-09-28 00:00:00,P1D,fcre,1.6,ensemble,117,Chla_ugL_mean,10.6941664859908
vera4cast,chlorocast_chronos,2026-10-02 00:00:00,2026-09-28 00:00:00,P1D,fcre,1.6,ensemble,117,Chla_ugL_mean,10.5763009099286
vera4cast,chlorocast_chronos,2026-10-03 00:00:00,2026-09-28 00:00:00,P1D,fcre,1.6,ensemble,117,Chla_ugL_mean,10.5698158228046
vera4cast,chlorocast_chronos,2026-10-04 00:00:00,2026-09-28 00:00:00,P1D,fcre,1.6,ensemble,117,Chla_ugL_mean,10.851811746508
vera4cast,chlorocast_chronos,2026-10-05 00:00:00,2026-09-28 00:00:00,P1D,fcre,1.6,ensemble,117,Chla_ugL_mean,10.7600513036865
vera4cast,chlorocast_chronos,2026-10-06 00:00:00,2026-09-28 00:00:00,P1D,fcre,1.6,ensemble,117,Chla_ugL_mean,10.8391139226366
vera4cast,chlorocast_chronos,2026-10-07 00:00:00,2026-09-28 00:00:00,P1D,fcre,1.6,ensemble,117,Chla_ugL_mean,10.871675498442
vera4cast,chlorocast_chronos,2026-10-08 00:00:00,2026-09-28 00:00:00,P1D,fcre,1.6,ensemble,117,Chla_ugL_mean,10.9433024164083
vera4cast,chlorocast_chronos,2026-10-09 00:00:00,2026-09-28 00:00:00,P1D,fcre,1.6,ensemble,117,Chla_ugL_mean,10.9280083576754
vera4cast,chlorocast_chronos,2026-10-10 00:00:00,2026-09-28 00:00:00,P1D,fcre,1.6,ensemble,117,Chla_ugL_mean,10.89021668967
vera4cast,chlorocast_chronos,2026-10-11 00:00:00,2026-09-28 00:00:00,P1D,fcre,1.6,ensemble,117,Chla_ugL_mean,11.1140487645273
vera4cast,chlorocast_chronos,2026-10-12 00:00:00,2026-09-28 00:00:00,P1D,fcre,1.6,ensemble,117,Chla_ugL_mean,11.4678502006781
vera4cast,chlorocast_chronos,2026-10-13 00:00:00,2026-09-28 00:00:00,P1D,fcre,1.6,ensemble,117,Chla_ugL_mean,11.796798142939
vera4cast,chlorocast_chronos,2026-10-14 00:00:00,2026-09-28 00:00:00,P1D,fcre,1.6,ensemble,117,Chla_ugL_mean,12.2490395737559
vera4cast,chlorocast_chronos,2026-10-15 00:00:00,2026-09-28 00:00:00,P1D,fcre,1.6,ensemble,117,Chla_ugL_mean,12.5303401809119
vera4cast,chlorocast_chronos,2026-10-16 00:00:00,2026-09-28 00:00:00,P1D,fcre,1.6,ensemble,117,Chla_ugL_mean,12.8600483415152
vera4cast,chlorocast_chronos,2026-10-17 00:00:00,2026-09-28 00:00:00,P1D,fcre,1.6,ensemble,117,Chla_ugL_mean,12.8653442161352
vera4cast,chlorocast_chronos,2026-10-18 00:00:00,2026-09-28 00:00:00,P1D,fcre,1.6,ensemble,117,Chla_ugL_mean,12.7782562635648
vera4cast,chlorocast_chronos,2026-10-19 00:00:00,2026-09-28 00:00:00,P1D,fcre,1.6,ensemble,117,Chla_ugL_mean,12.6718970773581
vera4cast,chlorocast_chronos,2026-10-20 00:00:00,2026-09-28 00:00:00,P1D,fcre,1.6,ensemble,117,Chla_ugL_mean,12.15782376063
vera4cast,chlorocast_chronos,2026-10-21 00:00:00,2026-09-28 00:00:00,P1D,fcre,1.6,ensemble,117,Chla_ugL_mean,12.1836599113282
vera4cast,chlorocast_chronos,2026-10-22 00:00:00,2026-09-28 00:00:00,P1D,fcre,1.6,ensemble,117,Chla_ugL_mean,12.0419571889657
vera4cast,chlorocast_chronos,2026-10-23 00:00:00,2026-09-28 00:00:00,P1D,fcre,1.6,ensemble,117,Chla_ugL_mean,12.0496955620576
vera4cast,chlorocast_chronos,2026-10-24 00:00:00,2026-09-28 00:00:00,P1D,fcre,1.6,ensemble,117,Chla_ugL_mean,12.1197808379421
vera4cast,chlorocast_chronos,2026-10-25 00:00:00,2026-09-28 00:00:00,P1D,fcre,1.6,ensemble,117,Chla_ugL_mean,12.1282103563055
vera4cast,chlorocast_chronos,2026-10-26 00:00:00,2026-09-28 00:00:00,P1D,fcre,1.6,ensemble,117,Chla_ugL_mean,11.967561981361
vera4cast,chlorocast_chronos,2026-10-27 00:00:00,2026-09-28 00:00:00,P1D,fcre,1.6,ensemble,117,Chla_ugL_mean,11.8010082689262
vera4cast,chlorocast_chronos,2026-10-28 00:00:00,2026-09-28 00:00:00,P1D,fcre,1.6,ensemble,117,Chla_ugL_mean,11.7652082719858
vera4cast,chlorocast_chronos,2026-10-29 00:00:00,2026-09-28 00:00:00,P1D,fcre,1.6,ensemble,117,Chla_ugL_mean,11.6393552981821
vera4cast,chlorocast_chronos,2026-10-30 00:00:00,2026-09-28 00:00:00,P1D,fcre,1.6,ensemble,117,Chla_ugL_mean,11.6008798869577
vera4cast,chlorocast_chronos,2026-10-31 00:00:00,2026-09-28 00:00:00,P1D,fcre,1.6,ensemble,117,Chla_ugL_mean,11.505485241299
vera4cast,chlorocast_chronos,2026-11-01 00:00:00,2026-09-28 00:00:00,P1D,fcre,1.6,ensemble,117,Chla_ugL_mean,11.5087305774422
vera4cast,chlorocast_chronos,2026-11-02 00:00:00,2026-09-28 00:00:00,P1D,fcre,1.6,ensemble,117,Chla_ugL_mean,11.4971527705494
vera4cast,chlorocast_chronos,2026-09-29 00:00:00,2026-09-28 00:00:00,P1D,fcre,1.6,ensemble,118,Chla_ugL_mean,10.5578628038529
vera4cast,chlorocast_chronos,2026-09-30 00:00:00,2026-09-28 00:00:00,P1D,fcre,1.6,ensemble,118,Chla_ugL_mean,10.7323504143639
vera4cast,chlorocast_chronos,2026-10-01 00:00:00,2026-09-28 00:00:00,P1D,fcre,1.6,ensemble,118,Chla_ugL_mean,10.7936378496473
vera4cast,chlorocast_chronos,2026-10-02 00:00:00,2026-09-28 00:00:00,P1D,fcre,1.6,ensemble,118,Chla_ugL_mean,10.6768594807454
vera4cast,chlorocast_chronos,2026-10-03 00:00:00,2026-09-28 00:00:00,P1D,fcre,1.6,ensemble,118,Chla_ugL_mean,10.6758278458633
vera4cast,chlorocast_chronos,2026-10-04 00:00:00,2026-09-28 00:00:00,P1D,fcre,1.6,ensemble,118,Chla_ugL_mean,10.9699210461043
vera4cast,chlorocast_chronos,2026-10-05 00:00:00,2026-09-28 00:00:00,P1D,fcre,1.6,ensemble,118,Chla_ugL_mean,10.8740538747077
vera4cast,chlorocast_chronos,2026-10-06 00:00:00,2026-09-28 00:00:00,P1D,fcre,1.6,ensemble,118,Chla_ugL_mean,10.9574996379641
vera4cast,chlorocast_chronos,2026-10-07 00:00:00,2026-09-28 00:00:00,P1D,fcre,1.6,ensemble,118,Chla_ugL_mean,10.9874947873634
vera4cast,chlorocast_chronos,2026-10-08 00:00:00,2026-09-28 00:00:00,P1D,fcre,1.6,ensemble,118,Chla_ugL_mean,11.0582853577667
vera4cast,chlorocast_chronos,2026-10-09 00:00:00,2026-09-28 00:00:00,P1D,fcre,1.6,ensemble,118,Chla_ugL_mean,11.0444810305294
vera4cast,chlorocast_chronos,2026-10-10 00:00:00,2026-09-28 00:00:00,P1D,fcre,1.6,ensemble,118,Chla_ugL_mean,11.0053403908885
vera4cast,chlorocast_chronos,2026-10-11 00:00:00,2026-09-28 00:00:00,P1D,fcre,1.6,ensemble,118,Chla_ugL_mean,11.2335536395954
vera4cast,chlorocast_chronos,2026-10-12 00:00:00,2026-09-28 00:00:00,P1D,fcre,1.6,ensemble,118,Chla_ugL_mean,11.5914634749172
vera4cast,chlorocast_chronos,2026-10-13 00:00:00,2026-09-28 00:00:00,P1D,fcre,1.6,ensemble,118,Chla_ugL_mean,11.9255863108974
vera4cast,chlorocast_chronos,2026-10-14 00:00:00,2026-09-28 00:00:00,P1D,fcre,1.6,ensemble,118,Chla_ugL_mean,12.3891835231175
vera4cast,chlorocast_chronos,2026-10-15 00:00:00,2026-09-28 00:00:00,P1D,fcre,1.6,ensemble,118,Chla_ugL_mean,12.6777954241422
vera4cast,chlorocast_chronos,2026-10-16 00:00:00,2026-09-28 00:00:00,P1D,fcre,1.6,ensemble,118,Chla_ugL_mean,13.0141903605261
vera4cast,chlorocast_chronos,2026-10-17 00:00:00,2026-09-28 00:00:00,P1D,fcre,1.6,ensemble,118,Chla_ugL_mean,13.0245927194772
vera4cast,chlorocast_chronos,2026-10-18 00:00:00,2026-09-28 00:00:00,P1D,fcre,1.6,ensemble,118,Chla_ugL_mean,12.9319700613628
vera4cast,chlorocast_chronos,2026-10-19 00:00:00,2026-09-28 00:00:00,P1D,fcre,1.6,ensemble,118,Chla_ugL_mean,12.8233814673852
vera4cast,chlorocast_chronos,2026-10-20 00:00:00,2026-09-28 00:00:00,P1D,fcre,1.6,ensemble,118,Chla_ugL_mean,12.2732765421556
vera4cast,chlorocast_chronos,2026-10-21 00:00:00,2026-09-28 00:00:00,P1D,fcre,1.6,ensemble,118,Chla_ugL_mean,12.2998587955581
vera4cast,chlorocast_chronos,2026-10-22 00:00:00,2026-09-28 00:00:00,P1D,fcre,1.6,ensemble,118,Chla_ugL_mean,12.1564917915394
vera4cast,chlorocast_chronos,2026-10-23 00:00:00,2026-09-28 00:00:00,P1D,fcre,1.6,ensemble,118,Chla_ugL_mean,12.173473626471
vera4cast,chlorocast_chronos,2026-10-24 00:00:00,2026-09-28 00:00:00,P1D,fcre,1.6,ensemble,118,Chla_ugL_mean,12.2521023243227
vera4cast,chlorocast_chronos,2026-10-25 00:00:00,2026-09-28 00:00:00,P1D,fcre,1.6,ensemble,118,Chla_ugL_mean,12.2670312044316
vera4cast,chlorocast_chronos,2026-10-26 00:00:00,2026-09-28 00:00:00,P1D,fcre,1.6,ensemble,118,Chla_ugL_mean,12.1054485250574
vera4cast,chlorocast_chronos,2026-10-27 00:00:00,2026-09-28 00:00:00,P1D,fcre,1.6,ensemble,118,Chla_ugL_mean,11.9380725812372
vera4cast,chlorocast_chronos,2026-10-28 00:00:00,2026-09-28 00:00:00,P1D,fcre,1.6,ensemble,118,Chla_ugL_mean,11.9026918740748
vera4cast,chlorocast_chronos,2026-10-29 00:00:00,2026-09-28 00:00:00,P1D,fcre,1.6,ensemble,118,Chla_ugL_mean,11.7759132629422
vera4cast,chlorocast_chronos,2026-10-30 00:00:00,2026-09-28 00:00:00,P1D,fcre,1.6,ensemble,118,Chla_ugL_mean,11.7377189581659
vera4cast,chlorocast_chronos,2026-10-31 00:00:00,2026-09-28 00:00:00,P1D,fcre,1.6,ensemble,118,Chla_ugL_mean,11.6406321253145
vera4cast,chlorocast_chronos,2026-11-01 00:00:00,2026-09-28 00:00:00,P1D,fcre,1.6,ensemble,118,Chla_ugL_mean,11.6448756880006
vera4cast,chlorocast_chronos,2026-11-02 00:00:00,2026-09-28 00:00:00,P1D,fcre,1.6,ensemble,118,Chla_ugL_mean,11.6346430499319
vera4cast,chlorocast_chronos,2026-09-29 00:00:00,2026-09-28 00:00:00,P1D,fcre,1.6,ensemble,119,Chla_ugL_mean,10.643637061118
vera4cast,chlorocast_chronos,2026-09-30 00:00:00,2026-09-28 00:00:00,P1D,fcre,1.6,ensemble,119,Chla_ugL_mean,10.8262301874107
vera4cast,chlorocast_chronos,2026-10-01 00:00:00,2026-09-28 00:00:00,P1D,fcre,1.6,ensemble,119,Chla_ugL_mean,10.8939553233878
vera4cast,chlorocast_chronos,2026-10-02 00:00:00,2026-09-28 00:00:00,P1D,fcre,1.6,ensemble,119,Chla_ugL_mean,10.7782915625606
vera4cast,chlorocast_chronos,2026-10-03 00:00:00,2026-09-28 00:00:00,P1D,fcre,1.6,ensemble,119,Chla_ugL_mean,10.7828112369373
vera4cast,chlorocast_chronos,2026-10-04 00:00:00,2026-09-28 00:00:00,P1D,fcre,1.6,ensemble,119,Chla_ugL_mean,11.0892073646198
vera4cast,chlorocast_chronos,2026-10-05 00:00:00,2026-09-28 00:00:00,P1D,fcre,1.6,ensemble,119,Chla_ugL_mean,10.9891615927955
vera4cast,chlorocast_chronos,2026-10-06 00:00:00,2026-09-28 00:00:00,P1D,fcre,1.6,ensemble,119,Chla_ugL_mean,11.0770691562084
vera4cast,chlorocast_chronos,2026-10-07 00:00:00,2026-09-28 00:00:00,P1D,fcre,1.6,ensemble,119,Chla_ugL_mean,11.1044440016847
vera4cast,chlorocast_chronos,2026-10-08 00:00:00,2026-09-28 00:00:00,P1D,fcre,1.6,ensemble,119,Chla_ugL_mean,11.1743752858146
vera4cast,chlorocast_chronos,2026-10-09 00:00:00,2026-09-28 00:00:00,P1D,fcre,1.6,ensemble,119,Chla_ugL_mean,11.1620910167651
vera4cast,chlorocast_chronos,2026-10-10 00:00:00,2026-09-28 00:00:00,P1D,fcre,1.6,ensemble,119,Chla_ugL_mean,11.1215787451809
vera4cast,chlorocast_chronos,2026-10-11 00:00:00,2026-09-28 00:00:00,P1D,fcre,1.6,ensemble,119,Chla_ugL_mean,11.3542374281253
vera4cast,chlorocast_chronos,2026-10-12 00:00:00,2026-09-28 00:00:00,P1D,fcre,1.6,ensemble,119,Chla_ugL_mean,11.7163023206318
vera4cast,chlorocast_chronos,2026-10-13 00:00:00,2026-09-28 00:00:00,P1D,fcre,1.6,ensemble,119,Chla_ugL_mean,12.055670614969
vera4cast,chlorocast_chronos,2026-10-14 00:00:00,2026-09-28 00:00:00,P1D,fcre,1.6,ensemble,119,Chla_ugL_mean,12.5308098687263
vera4cast,chlorocast_chronos,2026-10-15 00:00:00,2026-09-28 00:00:00,P1D,fcre,1.6,ensemble,119,Chla_ugL_mean,12.826857652006
vera4cast,chlorocast_chronos,2026-10-16 00:00:00,2026-09-28 00:00:00,P1D,fcre,1.6,ensemble,119,Chla_ugL_mean,13.1700466421023
vera4cast,chlorocast_chronos,2026-10-17 00:00:00,2026-09-28 00:00:00,P1D,fcre,1.6,ensemble,119,Chla_ugL_mean,13.1856702495943
vera4cast,chlorocast_chronos,2026-10-18 00:00:00,2026-09-28 00:00:00,P1D,fcre,1.6,ensemble,119,Chla_ugL_mean,13.0873987301273
vera4cast,chlorocast_chronos,2026-10-19 00:00:00,2026-09-28 00:00:00,P1D,fcre,1.6,ensemble,119,Chla_ugL_mean,12.9765443019098
vera4cast,chlorocast_chronos,2026-10-20 00:00:00,2026-09-28 00:00:00,P1D,fcre,1.6,ensemble,119,Chla_ugL_mean,12.3897423593476
vera4cast,chlorocast_chronos,2026-10-21 00:00:00,2026-09-28 00:00:00,P1D,fcre,1.6,ensemble,119,Chla_ugL_mean,12.4170818400581
vera4cast,chlorocast_chronos,2026-10-22 00:00:00,2026-09-28 00:00:00,P1D,fcre,1.6,ensemble,119,Chla_ugL_mean,12.2720322381744
vera4cast,chlorocast_chronos,2026-10-23 00:00:00,2026-09-28 00:00:00,P1D,fcre,1.6,ensemble,119,Chla_ugL_mean,12.298425741969
vera4cast,chlorocast_chronos,2026-10-24 00:00:00,2026-09-28 00:00:00,P1D,fcre,1.6,ensemble,119,Chla_ugL_mean,12.3857583585874
vera4cast,chlorocast_chronos,2026-10-25 00:00:00,2026-09-28 00:00:00,P1D,fcre,1.6,ensemble,119,Chla_ugL_mean,12.4073199775339
vera4cast,chlorocast_chronos,2026-10-26 00:00:00,2026-09-28 00:00:00,P1D,fcre,1.6,ensemble,119,Chla_ugL_mean,12.2448012425002
vera4cast,chlorocast_chronos,2026-10-27 00:00:00,2026-09-28 00:00:00,P1D,fcre,1.6,ensemble,119,Chla_ugL_mean,12.0766044830783
vera4cast,chlorocast_chronos,2026-10-28 00:00:00,2026-09-28 00:00:00,P1D,fcre,1.6,ensemble,119,Chla_ugL_mean,12.0416561994267
vera4cast,chlorocast_chronos,2026-10-29 00:00:00,2026-09-28 00:00:00,P1D,fcre,1.6,ensemble,119,Chla_ugL_mean,11.9139466255608
vera4cast,chlorocast_chronos,2026-10-30 00:00:00,2026-09-28 00:00:00,P1D,fcre,1.6,ensemble,119,Chla_ugL_mean,11.8760440312705
vera4cast,chlorocast_chronos,2026-10-31 00:00:00,2026-09-28 00:00:00,P1D,fcre,1.6,ensemble,119,Chla_ugL_mean,11.7772395428404
vera4cast,chlorocast_chronos,2026-11-01 00:00:00,2026-09-28 00:00:00,P1D,fcre,1.6,ensemble,119,Chla_ugL_mean,11.7825026028887
vera4cast,chlorocast_chronos,2026-11-02 00:00:00,2026-09-28 00:00:00,P1D,fcre,1.6,ensemble,119,Chla_ugL_mean,11.7736459600128
vera4cast,chlorocast_chronos,2026-09-29 00:00:00,2026-09-28 00:00:00,P1D,fcre,1.6,ensemble,120,Chla_ugL_mean,10.7313528321601
vera4cast,chlorocast_chronos,2026-09-30 00:00:00,2026-09-28 00:00:00,P1D,fcre,1.6,ensemble,120,Chla_ugL_mean,10.9221428338178
vera4cast,chlorocast_chronos,2026-10-01 00:00:00,2026-09-28 00:00:00,P1D,fcre,1.6,ensemble,120,Chla_ugL_mean,10.9964554181202
vera4cast,chlorocast_chronos,2026-10-02 00:00:00,2026-09-28 00:00:00,P1D,fcre,1.6,ensemble,120,Chla_ugL_mean,10.8822222962592
vera4cast,chlorocast_chronos,2026-10-03 00:00:00,2026-09-28 00:00:00,P1D,fcre,1.6,ensemble,120,Chla_ugL_mean,10.8922404605683
vera4cast,chlorocast_chronos,2026-10-04 00:00:00,2026-09-28 00:00:00,P1D,fcre,1.6,ensemble,120,Chla_ugL_mean,11.2113906356913
vera4cast,chlorocast_chronos,2026-10-05 00:00:00,2026-09-28 00:00:00,P1D,fcre,1.6,ensemble,120,Chla_ugL_mean,11.1071414488175
vera4cast,chlorocast_chronos,2026-10-06 00:00:00,2026-09-28 00:00:00,P1D,fcre,1.6,ensemble,120,Chla_ugL_mean,11.1994280597668
vera4cast,chlorocast_chronos,2026-10-07 00:00:00,2026-09-28 00:00:00,P1D,fcre,1.6,ensemble,120,Chla_ugL_mean,11.2239069648099
vera4cast,chlorocast_chronos,2026-10-08 00:00:00,2026-09-28 00:00:00,P1D,fcre,1.6,ensemble,120,Chla_ugL_mean,11.292955036207
vera4cast,chlorocast_chronos,2026-10-09 00:00:00,2026-09-28 00:00:00,P1D,fcre,1.6,ensemble,120,Chla_ugL_mean,11.2823600639911
vera4cast,chlorocast_chronos,2026-10-10 00:00:00,2026-09-28 00:00:00,P1D,fcre,1.6,ensemble,120,Chla_ugL_mean,11.24053588179
vera4cast,chlorocast_chronos,2026-10-11 00:00:00,2026-09-28 00:00:00,P1D,fcre,1.6,ensemble,120,Chla_ugL_mean,11.4775486428485
vera4cast,chlorocast_chronos,2026-10-12 00:00:00,2026-09-28 00:00:00,P1D,fcre,1.6,ensemble,120,Chla_ugL_mean,11.8440464600897
vera4cast,chlorocast_chronos,2026-10-13 00:00:00,2026-09-28 00:00:00,P1D,fcre,1.6,ensemble,120,Chla_ugL_mean,12.1888496882651
vera4cast,chlorocast_chronos,2026-10-14 00:00:00,2026-09-28 00:00:00,P1D,fcre,1.6,ensemble,120,Chla_ugL_mean,12.6758121989103
vera4cast,chlorocast_chronos,2026-10-15 00:00:00,2026-09-28 00:00:00,P1D,fcre,1.6,ensemble,120,Chla_ugL_mean,12.979556825138
vera4cast,chlorocast_chronos,2026-10-16 00:00:00,2026-09-28 00:00:00,P1D,fcre,1.6,ensemble,120,Chla_ugL_mean,13.3297947166549
vera4cast,chlorocast_chronos,2026-10-17 00:00:00,2026-09-28 00:00:00,P1D,fcre,1.6,ensemble,120,Chla_ugL_mean,13.3504991056902
vera4cast,chlorocast_chronos,2026-10-18 00:00:00,2026-09-28 00:00:00,P1D,fcre,1.6,ensemble,120,Chla_ugL_mean,13.2466675356471
vera4cast,chlorocast_chronos,2026-10-19 00:00:00,2026-09-28 00:00:00,P1D,fcre,1.6,ensemble,120,Chla_ugL_mean,13.1332092248289
vera4cast,chlorocast_chronos,2026-10-20 00:00:00,2026-09-28 00:00:00,P1D,fcre,1.6,ensemble,120,Chla_ugL_mean,12.5088033079196
vera4cast,chlorocast_chronos,2026-10-21 00:00:00,2026-09-28 00:00:00,P1D,fcre,1.6,ensemble,120,Chla_ugL_mean,12.5368716297449
vera4cast,chlorocast_chronos,2026-10-22 00:00:00,2026-09-28 00:00:00,P1D,fcre,1.6,ensemble,120,Chla_ugL_mean,12.3901430133869
vera4cast,chlorocast_chronos,2026-10-23 00:00:00,2026-09-28 00:00:00,P1D,fcre,1.6,ensemble,120,Chla_ugL_mean,12.4262808566819
vera4cast,chlorocast_chronos,2026-10-24 00:00:00,2026-09-28 00:00:00,P1D,fcre,1.6,ensemble,120,Chla_ugL_mean,12.5225375782093
vera4cast,chlorocast_chronos,2026-10-25 00:00:00,2026-09-28 00:00:00,P1D,fcre,1.6,ensemble,120,Chla_ugL_mean,12.5509719444473
vera4cast,chlorocast_chronos,2026-10-26 00:00:00,2026-09-28 00:00:00,P1D,fcre,1.6,ensemble,120,Chla_ugL_mean,12.3874058417885
vera4cast,chlorocast_chronos,2026-10-27 00:00:00,2026-09-28 00:00:00,P1D,fcre,1.6,ensemble,120,Chla_ugL_mean,12.218368921769
vera4cast,chlorocast_chronos,2026-10-28 00:00:00,2026-09-28 00:00:00,P1D,fcre,1.6,ensemble,120,Chla_ugL_mean,12.183769001205
vera4cast,chlorocast_chronos,2026-10-29 00:00:00,2026-09-28 00:00:00,P1D,fcre,1.6,ensemble,120,Chla_ugL_mean,12.0552176197376
vera4cast,chlorocast_chronos,2026-10-30 00:00:00,2026-09-28 00:00:00,P1D,fcre,1.6,ensemble,120,Chla_ugL_mean,12.0176565666589
vera4cast,chlorocast_chronos,2026-10-31 00:00:00,2026-09-28 00:00:00,P1D,fcre,1.6,ensemble,120,Chla_ugL_mean,11.9171905835002
vera4cast,chlorocast_chronos,2026-11-01 00:00:00,2026-09-28 00:00:00,P1D,fcre,1.6,ensemble,120,Chla_ugL_mean,11.923406211719
vera4cast,chlorocast_chronos,2026-11-02 00:00:00,2026-09-28 00:00:00,P1D,fcre,1.6,ensemble,120,Chla_ugL_mean,11.915714318651
vera4cast,chlorocast_chronos,2026-09-29 00:00:00,2026-09-28 00:00:00,P1D,fcre,1.6,ensemble,121,Chla_ugL_mean,10.8315690816232
vera4cast,chlorocast_chronos,2026-09-30 00:00:00,2026-09-28 00:00:00,P1D,fcre,1.6,ensemble,121,Chla_ugL_mean,11.0304681575495
vera4cast,chlorocast_chronos,2026-10-01 00:00:00,2026-09-28 00:00:00,P1D,fcre,1.6,ensemble,121,Chla_ugL_mean,11.1119124564232
vera4cast,chlorocast_chronos,2026-10-02 00:00:00,2026-09-28 00:00:00,P1D,fcre,1.6,ensemble,121,Chla_ugL_mean,11.0017665441408
vera4cast,chlorocast_chronos,2026-10-03 00:00:00,2026-09-28 00:00:00,P1D,fcre,1.6,ensemble,121,Chla_ugL_mean,11.0160067565643
vera4cast,chlorocast_chronos,2026-10-04 00:00:00,2026-09-28 00:00:00,P1D,fcre,1.6,ensemble,121,Chla_ugL_mean,11.3503488733498
vera4cast,chlorocast_chronos,2026-10-05 00:00:00,2026-09-28 00:00:00,P1D,fcre,1.6,ensemble,121,Chla_ugL_mean,11.2422559163051
vera4cast,chlorocast_chronos,2026-10-06 00:00:00,2026-09-28 00:00:00,P1D,fcre,1.6,ensemble,121,Chla_ugL_mean,11.3375251397024
vera4cast,chlorocast_chronos,2026-10-07 00:00:00,2026-09-28 00:00:00,P1D,fcre,1.6,ensemble,121,Chla_ugL_mean,11.3570330955868
vera4cast,chlorocast_chronos,2026-10-08 00:00:00,2026-09-28 00:00:00,P1D,fcre,1.6,ensemble,121,Chla_ugL_mean,11.4251666196327
vera4cast,chlorocast_chronos,2026-10-09 00:00:00,2026-09-28 00:00:00,P1D,fcre,1.6,ensemble,121,Chla_ugL_mean,11.4175571067076
vera4cast,chlorocast_chronos,2026-10-10 00:00:00,2026-09-28 00:00:00,P1D,fcre,1.6,ensemble,121,Chla_ugL_mean,11.3751506139743
vera4cast,chlorocast_chronos,2026-10-11 00:00:00,2026-09-28 00:00:00,P1D,fcre,1.6,ensemble,121,Chla_ugL_mean,11.6151592084173
vera4cast,chlorocast_chronos,2026-10-12 00:00:00,2026-09-28 00:00:00,P1D,fcre,1.6,ensemble,121,Chla_ugL_mean,11.9882426325537
vera4cast,chlorocast_chronos,2026-10-13 00:00:00,2026-09-28 00:00:00,P1D,fcre,1.6,ensemble,121,Chla_ugL_mean,12.339632526567
vera4cast,chlorocast_chronos,2026-10-14 00:00:00,2026-09-28 00:00:00,P1D,fcre,1.6,ensemble,121,Chla_ugL_mean,12.8394624674306
vera4cast,chlorocast_chronos,2026-10-15 00:00:00,2026-09-28 00:00:00,P1D,fcre,1.6,ensemble,121,Chla_ugL_mean,13.1522675952075
vera4cast,chlorocast_chronos,2026-10-16 00:00:00,2026-09-28 00:00:00,P1D,fcre,1.6,ensemble,121,Chla_ugL_mean,13.5110037319365
vera4cast,chlorocast_chronos,2026-10-17 00:00:00,2026-09-28 00:00:00,P1D,fcre,1.6,ensemble,121,Chla_ugL_mean,13.5345651018832
vera4cast,chlorocast_chronos,2026-10-18 00:00:00,2026-09-28 00:00:00,P1D,fcre,1.6,ensemble,121,Chla_ugL_mean,13.4269206851635
vera4cast,chlorocast_chronos,2026-10-19 00:00:00,2026-09-28 00:00:00,P1D,fcre,1.6,ensemble,121,Chla_ugL_mean,13.3080682386221
vera4cast,chlorocast_chronos,2026-10-20 00:00:00,2026-09-28 00:00:00,P1D,fcre,1.6,ensemble,121,Chla_ugL_mean,12.6432160239589
vera4cast,chlorocast_chronos,2026-10-21 00:00:00,2026-09-28 00:00:00,P1D,fcre,1.6,ensemble,121,Chla_ugL_mean,12.6716640619721
vera4cast,chlorocast_chronos,2026-10-22 00:00:00,2026-09-28 00:00:00,P1D,fcre,1.6,ensemble,121,Chla_ugL_mean,12.523438549056
vera4cast,chlorocast_chronos,2026-10-23 00:00:00,2026-09-28 00:00:00,P1D,fcre,1.6,ensemble,121,Chla_ugL_mean,12.5709841484849
vera4cast,chlorocast_chronos,2026-10-24 00:00:00,2026-09-28 00:00:00,P1D,fcre,1.6,ensemble,121,Chla_ugL_mean,12.6768648953703
vera4cast,chlorocast_chronos,2026-10-25 00:00:00,2026-09-28 00:00:00,P1D,fcre,1.6,ensemble,121,Chla_ugL_mean,12.7132739115375
vera4cast,chlorocast_chronos,2026-10-26 00:00:00,2026-09-28 00:00:00,P1D,fcre,1.6,ensemble,121,Chla_ugL_mean,12.5476590812587
vera4cast,chlorocast_chronos,2026-10-27 00:00:00,2026-09-28 00:00:00,P1D,fcre,1.6,ensemble,121,Chla_ugL_mean,12.3775945466151
vera4cast,chlorocast_chronos,2026-10-28 00:00:00,2026-09-28 00:00:00,P1D,fcre,1.6,ensemble,121,Chla_ugL_mean,12.342468046507
vera4cast,chlorocast_chronos,2026-10-29 00:00:00,2026-09-28 00:00:00,P1D,fcre,1.6,ensemble,121,Chla_ugL_mean,12.2139332371302
vera4cast,chlorocast_chronos,2026-10-30 00:00:00,2026-09-28 00:00:00,P1D,fcre,1.6,ensemble,121,Chla_ugL_mean,12.1770823472475
vera4cast,chlorocast_chronos,2026-10-31 00:00:00,2026-09-28 00:00:00,P1D,fcre,1.6,ensemble,121,Chla_ugL_mean,12.0756766424122
vera4cast,chlorocast_chronos,2026-11-01 00:00:00,2026-09-28 00:00:00,P1D,fcre,1.6,ensemble,121,Chla_ugL_mean,12.0820594912581
vera4cast,chlorocast_chronos,2026-11-02 00:00:00,2026-09-28 00:00:00,P1D,fcre,1.6,ensemble,121,Chla_ugL_mean,12.0733504319497
vera4cast,chlorocast_chronos,2026-09-29 00:00:00,2026-09-28 00:00:00,P1D,fcre,1.6,ensemble,122,Chla_ugL_mean,10.9326414383742
vera4cast,chlorocast_chronos,2026-09-30 00:00:00,2026-09-28 00:00:00,P1D,fcre,1.6,ensemble,122,Chla_ugL_mean,11.1397777318412
vera4cast,chlorocast_chronos,2026-10-01 00:00:00,2026-09-28 00:00:00,P1D,fcre,1.6,ensemble,122,Chla_ugL_mean,11.2284806835924
vera4cast,chlorocast_chronos,2026-10-02 00:00:00,2026-09-28 00:00:00,P1D,fcre,1.6,ensemble,122,Chla_ugL_mean,11.1225134986244
vera4cast,chlorocast_chronos,2026-10-03 00:00:00,2026-09-28 00:00:00,P1D,fcre,1.6,ensemble,122,Chla_ugL_mean,11.1410611274252
vera4cast,chlorocast_chronos,2026-10-04 00:00:00,2026-09-28 00:00:00,P1D,fcre,1.6,ensemble,122,Chla_ugL_mean,11.4908883716844
vera4cast,chlorocast_chronos,2026-10-05 00:00:00,2026-09-28 00:00:00,P1D,fcre,1.6,ensemble,122,Chla_ugL_mean,11.3788782475111
vera4cast,chlorocast_chronos,2026-10-06 00:00:00,2026-09-28 00:00:00,P1D,fcre,1.6,ensemble,122,Chla_ugL_mean,11.4771854735377
vera4cast,chlorocast_chronos,2026-10-07 00:00:00,2026-09-28 00:00:00,P1D,fcre,1.6,ensemble,122,Chla_ugL_mean,11.4916090546999
vera4cast,chlorocast_chronos,2026-10-08 00:00:00,2026-09-28 00:00:00,P1D,fcre,1.6,ensemble,122,Chla_ugL_mean,11.5588001478017
vera4cast,chlorocast_chronos,2026-10-09 00:00:00,2026-09-28 00:00:00,P1D,fcre,1.6,ensemble,122,Chla_ugL_mean,11.5542423194715
vera4cast,chlorocast_chronos,2026-10-10 00:00:00,2026-09-28 00:00:00,P1D,fcre,1.6,ensemble,122,Chla_ugL_mean,11.5112457655043
vera4cast,chlorocast_chronos,2026-10-11 00:00:00,2026-09-28 00:00:00,P1D,fcre,1.6,ensemble,122,Chla_ugL_mean,11.7542874332875
vera4cast,chlorocast_chronos,2026-10-12 00:00:00,2026-09-28 00:00:00,P1D,fcre,1.6,ensemble,122,Chla_ugL_mean,12.1340576512448
vera4cast,chlorocast_chronos,2026-10-13 00:00:00,2026-09-28 00:00:00,P1D,fcre,1.6,ensemble,122,Chla_ugL_mean,12.4921392046929
vera4cast,chlorocast_chronos,2026-10-14 00:00:00,2026-09-28 00:00:00,P1D,fcre,1.6,ensemble,122,Chla_ugL_mean,13.0050710408763
vera4cast,chlorocast_chronos,2026-10-15 00:00:00,2026-09-28 00:00:00,P1D,fcre,1.6,ensemble,122,Chla_ugL_mean,13.3271121246279
vera4cast,chlorocast_chronos,2026-10-16 00:00:00,2026-09-28 00:00:00,P1D,fcre,1.6,ensemble,122,Chla_ugL_mean,13.6945042460056
vera4cast,chlorocast_chronos,2026-10-17 00:00:00,2026-09-28 00:00:00,P1D,fcre,1.6,ensemble,122,Chla_ugL_mean,13.7209920118468
vera4cast,chlorocast_chronos,2026-10-18 00:00:00,2026-09-28 00:00:00,P1D,fcre,1.6,ensemble,122,Chla_ugL_mean,13.6094544520826
vera4cast,chlorocast_chronos,2026-10-19 00:00:00,2026-09-28 00:00:00,P1D,fcre,1.6,ensemble,122,Chla_ugL_mean,13.4850906446229
vera4cast,chlorocast_chronos,2026-10-20 00:00:00,2026-09-28 00:00:00,P1D,fcre,1.6,ensemble,122,Chla_ugL_mean,12.7789661477479
vera4cast,chlorocast_chronos,2026-10-21 00:00:00,2026-09-28 00:00:00,P1D,fcre,1.6,ensemble,122,Chla_ugL_mean,12.807798680214
vera4cast,chlorocast_chronos,2026-10-22 00:00:00,2026-09-28 00:00:00,P1D,fcre,1.6,ensemble,122,Chla_ugL_mean,12.6580610085535
vera4cast,chlorocast_chronos,2026-10-23 00:00:00,2026-09-28 00:00:00,P1D,fcre,1.6,ensemble,122,Chla_ugL_mean,12.7172469967191
vera4cast,chlorocast_chronos,2026-10-24 00:00:00,2026-09-28 00:00:00,P1D,fcre,1.6,ensemble,122,Chla_ugL_mean,12.8329534885259
vera4cast,chlorocast_chronos,2026-10-25 00:00:00,2026-09-28 00:00:00,P1D,fcre,1.6,ensemble,122,Chla_ugL_mean,12.8775197929556
vera4cast,chlorocast_chronos,2026-10-26 00:00:00,2026-09-28 00:00:00,P1D,fcre,1.6,ensemble,122,Chla_ugL_mean,12.7098306237269
vera4cast,chlorocast_chronos,2026-10-27 00:00:00,2026-09-28 00:00:00,P1D,fcre,1.6,ensemble,122,Chla_ugL_mean,12.5387381690416
vera4cast,chlorocast_chronos,2026-10-28 00:00:00,2026-09-28 00:00:00,P1D,fcre,1.6,ensemble,122,Chla_ugL_mean,12.5030774246567
vera4cast,chlorocast_chronos,2026-10-29 00:00:00,2026-09-28 00:00:00,P1D,fcre,1.6,ensemble,122,Chla_ugL_mean,12.3745784008496
vera4cast,chlorocast_chronos,2026-10-30 00:00:00,2026-09-28 00:00:00,P1D,fcre,1.6,ensemble,122,Chla_ugL_mean,12.3384605974981
vera4cast,chlorocast_chronos,2026-10-31 00:00:00,2026-09-28 00:00:00,P1D,fcre,1.6,ensemble,122,Chla_ugL_mean,12.2361072287125
vera4cast,chlorocast_chronos,2026-11-01 00:00:00,2026-09-28 00:00:00,P1D,fcre,1.6,ensemble,122,Chla_ugL_mean,12.2426604665283
vera4cast,chlorocast_chronos,2026-11-02 00:00:00,2026-09-28 00:00:00,P1D,fcre,1.6,ensemble,122,Chla_ugL_mean,12.2329104918148
vera4cast,chlorocast_chronos,2026-09-29 00:00:00,2026-09-28 00:00:00,P1D,fcre,1.6,ensemble,123,Chla_ugL_mean,11.0345772157948
vera4cast,chlorocast_chronos,2026-09-30 00:00:00,2026-09-28 00:00:00,P1D,fcre,1.6,ensemble,123,Chla_ugL_mean,11.2500804996542
vera4cast,chlorocast_chronos,2026-10-01 00:00:00,2026-09-28 00:00:00,P1D,fcre,1.6,ensemble,123,Chla_ugL_mean,11.3461707940012
vera4cast,chlorocast_chronos,2026-10-02 00:00:00,2026-09-28 00:00:00,P1D,fcre,1.6,ensemble,123,Chla_ugL_mean,11.2444752598586
vera4cast,chlorocast_chronos,2026-10-03 00:00:00,2026-09-28 00:00:00,P1D,fcre,1.6,ensemble,123,Chla_ugL_mean,11.2674169785522
vera4cast,chlorocast_chronos,2026-10-04 00:00:00,2026-09-28 00:00:00,P1D,fcre,1.6,ensemble,123,Chla_ugL_mean,11.6330271244849
vera4cast,chlorocast_chronos,2026-10-05 00:00:00,2026-09-28 00:00:00,P1D,fcre,1.6,ensemble,123,Chla_ugL_mean,11.5170252700414
vera4cast,chlorocast_chronos,2026-10-06 00:00:00,2026-09-28 00:00:00,P1D,fcre,1.6,ensemble,123,Chla_ugL_mean,11.6184267572495
vera4cast,chlorocast_chronos,2026-10-07 00:00:00,2026-09-28 00:00:00,P1D,fcre,1.6,ensemble,123,Chla_ugL_mean,11.6276506317028
vera4cast,chlorocast_chronos,2026-10-08 00:00:00,2026-09-28 00:00:00,P1D,fcre,1.6,ensemble,123,Chla_ugL_mean,11.6938709138281
vera4cast,chlorocast_chronos,2026-10-09 00:00:00,2026-09-28 00:00:00,P1D,fcre,1.6,ensemble,123,Chla_ugL_mean,11.6924320831892
vera4cast,chlorocast_chronos,2026-10-10 00:00:00,2026-09-28 00:00:00,P1D,fcre,1.6,ensemble,123,Chla_ugL_mean,11.6488376172239
vera4cast,chlorocast_chronos,2026-10-11 00:00:00,2026-09-28 00:00:00,P1D,fcre,1.6,ensemble,123,Chla_ugL_mean,11.8949500551982
vera4cast,chlorocast_chronos,2026-10-12 00:00:00,2026-09-28 00:00:00,P1D,fcre,1.6,ensemble,123,Chla_ugL_mean,12.2815096904535
vera4cast,chlorocast_chronos,2026-10-13 00:00:00,2026-09-28 00:00:00,P1D,fcre,1.6,ensemble,123,Chla_ugL_mean,12.6463894306136
vera4cast,chlorocast_chronos,2026-10-14 00:00:00,2026-09-28 00:00:00,P1D,fcre,1.6,ensemble,123,Chla_ugL_mean,13.1726613531115
vera4cast,chlorocast_chronos,2026-10-15 00:00:00,2026-09-28 00:00:00,P1D,fcre,1.6,ensemble,123,Chla_ugL_mean,13.5041167749804
vera4cast,chlorocast_chronos,2026-10-16 00:00:00,2026-09-28 00:00:00,P1D,fcre,1.6,ensemble,123,Chla_ugL_mean,13.8803252362655
vera4cast,chlorocast_chronos,2026-10-17 00:00:00,2026-09-28 00:00:00,P1D,fcre,1.6,ensemble,123,Chla_ugL_mean,13.9098101177296
vera4cast,chlorocast_chronos,2026-10-18 00:00:00,2026-09-28 00:00:00,P1D,fcre,1.6,ensemble,123,Chla_ugL_mean,13.7942976914658
vera4cast,chlorocast_chronos,2026-10-19 00:00:00,2026-09-28 00:00:00,P1D,fcre,1.6,ensemble,123,Chla_ugL_mean,13.6643032087712
vera4cast,chlorocast_chronos,2026-10-20 00:00:00,2026-09-28 00:00:00,P1D,fcre,1.6,ensemble,123,Chla_ugL_mean,12.9160669865059
vera4cast,chlorocast_chronos,2026-10-21 00:00:00,2026-09-28 00:00:00,P1D,fcre,1.6,ensemble,123,Chla_ugL_mean,12.9452888491921
vera4cast,chlorocast_chronos,2026-10-22 00:00:00,2026-09-28 00:00:00,P1D,fcre,1.6,ensemble,123,Chla_ugL_mean,12.7940236010752
vera4cast,chlorocast_chronos,2026-10-23 00:00:00,2026-09-28 00:00:00,P1D,fcre,1.6,ensemble,123,Chla_ugL_mean,12.8650862096842
vera4cast,chlorocast_chronos,2026-10-24 00:00:00,2026-09-28 00:00:00,P1D,fcre,1.6,ensemble,123,Chla_ugL_mean,12.9908234584151
vera4cast,chlorocast_chronos,2026-10-25 00:00:00,2026-09-28 00:00:00,P1D,fcre,1.6,ensemble,123,Chla_ugL_mean,13.0437328712472
vera4cast,chlorocast_chronos,2026-10-26 00:00:00,2026-09-28 00:00:00,P1D,fcre,1.6,ensemble,123,Chla_ugL_mean,12.8739434321383
vera4cast,chlorocast_chronos,2026-10-27 00:00:00,2026-09-28 00:00:00,P1D,fcre,1.6,ensemble,123,Chla_ugL_mean,12.701822892834
vera4cast,chlorocast_chronos,2026-10-28 00:00:00,2026-09-28 00:00:00,P1D,fcre,1.6,ensemble,123,Chla_ugL_mean,12.6656201312026
vera4cast,chlorocast_chronos,2026-10-29 00:00:00,2026-09-28 00:00:00,P1D,fcre,1.6,ensemble,123,Chla_ugL_mean,12.5371765688837
vera4cast,chlorocast_chronos,2026-10-30 00:00:00,2026-09-28 00:00:00,P1D,fcre,1.6,ensemble,123,Chla_ugL_mean,12.5018152290876
vera4cast,chlorocast_chronos,2026-10-31 00:00:00,2026-09-28 00:00:00,P1D,fcre,1.6,ensemble,123,Chla_ugL_mean,12.3985062005674
vera4cast,chlorocast_chronos,2026-11-01 00:00:00,2026-09-28 00:00:00,P1D,fcre,1.6,ensemble,123,Chla_ugL_mean,12.405233048278
vera4cast,chlorocast_chronos,2026-11-02 00:00:00,2026-09-28 00:00:00,P1D,fcre,1.6,ensemble,123,Chla_ugL_mean,12.3944179799873
vera4cast,chlorocast_chronos,2026-09-29 00:00:00,2026-09-28 00:00:00,P1D,fcre,1.6,ensemble,124,Chla_ugL_mean,11.1373837897421
vera4cast,chlorocast_chronos,2026-09-30 00:00:00,2026-09-28 00:00:00,P1D,fcre,1.6,ensemble,124,Chla_ugL_mean,11.3613854852059
vera4cast,chlorocast_chronos,2026-10-01 00:00:00,2026-09-28 00:00:00,P1D,fcre,1.6,ensemble,124,Chla_ugL_mean,11.4649935849487
vera4cast,chlorocast_chronos,2026-10-02 00:00:00,2026-09-28 00:00:00,P1D,fcre,1.6,ensemble,124,Chla_ugL_mean,11.3676640497288
vera4cast,chlorocast_chronos,2026-10-03 00:00:00,2026-09-28 00:00:00,P1D,fcre,1.6,ensemble,124,Chla_ugL_mean,11.3950878548609
vera4cast,chlorocast_chronos,2026-10-04 00:00:00,2026-09-28 00:00:00,P1D,fcre,1.6,ensemble,124,Chla_ugL_mean,11.7767833302998
vera4cast,chlorocast_chronos,2026-10-05 00:00:00,2026-09-28 00:00:00,P1D,fcre,1.6,ensemble,124,Chla_ugL_mean,11.6567139992959
vera4cast,chlorocast_chronos,2026-10-06 00:00:00,2026-09-28 00:00:00,P1D,fcre,1.6,ensemble,124,Chla_ugL_mean,11.7612668871327
vera4cast,chlorocast_chronos,2026-10-07 00:00:00,2026-09-28 00:00:00,P1D,fcre,1.6,ensemble,124,Chla_ugL_mean,11.7651737881078
vera4cast,chlorocast_chronos,2026-10-08 00:00:00,2026-09-28 00:00:00,P1D,fcre,1.6,ensemble,124,Chla_ugL_mean,11.8303943753047
vera4cast,chlorocast_chronos,2026-10-09 00:00:00,2026-09-28 00:00:00,P1D,fcre,1.6,ensemble,124,Chla_ugL_mean,11.8321429590784
vera4cast,chlorocast_chronos,2026-10-10 00:00:00,2026-09-28 00:00:00,P1D,fcre,1.6,ensemble,124,Chla_ugL_mean,11.7879426290247
vera4cast,chlorocast_chronos,2026-10-11 00:00:00,2026-09-28 00:00:00,P1D,fcre,1.6,ensemble,124,Chla_ugL_mean,12.0371639964834
vera4cast,chlorocast_chronos,2026-10-12 00:00:00,2026-09-28 00:00:00,P1D,fcre,1.6,ensemble,124,Chla_ugL_mean,12.4306171285072
vera4cast,chlorocast_chronos,2026-10-13 00:00:00,2026-09-28 00:00:00,P1D,fcre,1.6,ensemble,124,Chla_ugL_mean,12.8024031376127
vera4cast,chlorocast_chronos,2026-10-14 00:00:00,2026-09-28 00:00:00,P1D,fcre,1.6,ensemble,124,Chla_ugL_mean,13.3422571184197
vera4cast,chlorocast_chronos,2026-10-15 00:00:00,2026-09-28 00:00:00,P1D,fcre,1.6,ensemble,124,Chla_ugL_mean,13.6833082335307
vera4cast,chlorocast_chronos,2026-10-16 00:00:00,2026-09-28 00:00:00,P1D,fcre,1.6,ensemble,124,Chla_ugL_mean,14.0684960465563
vera4cast,chlorocast_chronos,2026-10-17 00:00:00,2026-09-28 00:00:00,P1D,fcre,1.6,ensemble,124,Chla_ugL_mean,14.1010500900926
vera4cast,chlorocast_chronos,2026-10-18 00:00:00,2026-09-28 00:00:00,P1D,fcre,1.6,ensemble,124,Chla_ugL_mean,13.9814796234578
vera4cast,chlorocast_chronos,2026-10-19 00:00:00,2026-09-28 00:00:00,P1D,fcre,1.6,ensemble,124,Chla_ugL_mean,13.8457330281604
vera4cast,chlorocast_chronos,2026-10-20 00:00:00,2026-09-28 00:00:00,P1D,fcre,1.6,ensemble,124,Chla_ugL_mean,13.0545319798591
vera4cast,chlorocast_chronos,2026-10-21 00:00:00,2026-09-28 00:00:00,P1D,fcre,1.6,ensemble,124,Chla_ugL_mean,13.084148066706
vera4cast,chlorocast_chronos,2026-10-22 00:00:00,2026-09-28 00:00:00,P1D,fcre,1.6,ensemble,124,Chla_ugL_mean,12.9313396673113
vera4cast,chlorocast_chronos,2026-10-23 00:00:00,2026-09-28 00:00:00,P1D,fcre,1.6,ensemble,124,Chla_ugL_mean,13.0145187768328
vera4cast,chlorocast_chronos,2026-10-24 00:00:00,2026-09-28 00:00:00,P1D,fcre,1.6,ensemble,124,Chla_ugL_mean,13.1504951351786
vera4cast,chlorocast_chronos,2026-10-25 00:00:00,2026-09-28 00:00:00,P1D,fcre,1.6,ensemble,124,Chla_ugL_mean,13.211936707816
vera4cast,chlorocast_chronos,2026-10-26 00:00:00,2026-09-28 00:00:00,P1D,fcre,1.6,ensemble,124,Chla_ugL_mean,13.0400207443153
vera4cast,chlorocast_chronos,2026-10-27 00:00:00,2026-09-28 00:00:00,P1D,fcre,1.6,ensemble,124,Chla_ugL_mean,12.8668721000814
vera4cast,chlorocast_chronos,2026-10-28 00:00:00,2026-09-28 00:00:00,P1D,fcre,1.6,ensemble,124,Chla_ugL_mean,12.830119438501
vera4cast,chlorocast_chronos,2026-10-29 00:00:00,2026-09-28 00:00:00,P1D,fcre,1.6,ensemble,124,Chla_ugL_mean,12.7017514844051
vera4cast,chlorocast_chronos,2026-10-30 00:00:00,2026-09-28 00:00:00,P1D,fcre,1.6,ensemble,124,Chla_ugL_mean,12.667170446537
vera4cast,chlorocast_chronos,2026-10-31 00:00:00,2026-09-28 00:00:00,P1D,fcre,1.6,ensemble,124,Chla_ugL_mean,12.5628977088686
vera4cast,chlorocast_chronos,2026-11-01 00:00:00,2026-09-28 00:00:00,P1D,fcre,1.6,ensemble,124,Chla_ugL_mean,12.5698014407941
vera4cast,chlorocast_chronos,2026-11-02 00:00:00,2026-09-28 00:00:00,P1D,fcre,1.6,ensemble,124,Chla_ugL_mean,12.5578966648026
vera4cast,chlorocast_chronos,2026-09-29 00:00:00,2026-09-28 00:00:00,P1D,fcre,1.6,ensemble,125,Chla_ugL_mean,11.2410685990821
vera4cast,chlorocast_chronos,2026-09-30 00:00:00,2026-09-28 00:00:00,P1D,fcre,1.6,ensemble,125,Chla_ugL_mean,11.4737017947084
vera4cast,chlorocast_chronos,2026-10-01 00:00:00,2026-09-28 00:00:00,P1D,fcre,1.6,ensemble,125,Chla_ugL_mean,11.58495995765
vera4cast,chlorocast_chronos,2026-10-02 00:00:00,2026-09-28 00:00:00,P1D,fcre,1.6,ensemble,125,Chla_ugL_mean,11.492092213082
vera4cast,chlorocast_chronos,2026-10-03 00:00:00,2026-09-28 00:00:00,P1D,fcre,1.6,ensemble,125,Chla_ugL_mean,11.5240874422328
vera4cast,chlorocast_chronos,2026-10-04 00:00:00,2026-09-28 00:00:00,P1D,fcre,1.6,ensemble,125,Chla_ugL_mean,11.9221753947657
vera4cast,chlorocast_chronos,2026-10-05 00:00:00,2026-09-28 00:00:00,P1D,fcre,1.6,ensemble,125,Chla_ugL_mean,11.7979616405651
vera4cast,chlorocast_chronos,2026-10-06 00:00:00,2026-09-28 00:00:00,P1D,fcre,1.6,ensemble,125,Chla_ugL_mean,11.9057239620676
vera4cast,chlorocast_chronos,2026-10-07 00:00:00,2026-09-28 00:00:00,P1D,fcre,1.6,ensemble,125,Chla_ugL_mean,11.9041946592579
vera4cast,chlorocast_chronos,2026-10-08 00:00:00,2026-09-28 00:00:00,P1D,fcre,1.6,ensemble,125,Chla_ugL_mean,11.9683861560718
vera4cast,chlorocast_chronos,2026-10-09 00:00:00,2026-09-28 00:00:00,P1D,fcre,1.6,ensemble,125,Chla_ugL_mean,11.9733916906531
vera4cast,chlorocast_chronos,2026-10-10 00:00:00,2026-09-28 00:00:00,P1D,fcre,1.6,ensemble,125,Chla_ugL_mean,11.9285774418155
vera4cast,chlorocast_chronos,2026-10-11 00:00:00,2026-09-28 00:00:00,P1D,fcre,1.6,ensemble,125,Chla_ugL_mean,12.1809463661076
vera4cast,chlorocast_chronos,2026-10-12 00:00:00,2026-09-28 00:00:00,P1D,fcre,1.6,ensemble,125,Chla_ugL_mean,12.5813985500614
vera4cast,chlorocast_chronos,2026-10-13 00:00:00,2026-09-28 00:00:00,P1D,fcre,1.6,ensemble,125,Chla_ugL_mean,12.9602004868636
vera4cast,chlorocast_chronos,2026-10-14 00:00:00,2026-09-28 00:00:00,P1D,fcre,1.6,ensemble,125,Chla_ugL_mean,13.5138823348587
vera4cast,chlorocast_chronos,2026-10-15 00:00:00,2026-09-28 00:00:00,P1D,fcre,1.6,ensemble,125,Chla_ugL_mean,13.8647135172534
vera4cast,chlorocast_chronos,2026-10-16 00:00:00,2026-09-28 00:00:00,P1D,fcre,1.6,ensemble,125,Chla_ugL_mean,14.2590463917889
vera4cast,chlorocast_chronos,2026-10-17 00:00:00,2026-09-28 00:00:00,P1D,fcre,1.6,ensemble,125,Chla_ugL_mean,14.2947429928914
vera4cast,chlorocast_chronos,2026-10-18 00:00:00,2026-09-28 00:00:00,P1D,fcre,1.6,ensemble,125,Chla_ugL_mean,14.1710298379054
vera4cast,chlorocast_chronos,2026-10-19 00:00:00,2026-09-28 00:00:00,P1D,fcre,1.6,ensemble,125,Chla_ugL_mean,14.0294075351352
vera4cast,chlorocast_chronos,2026-10-20 00:00:00,2026-09-28 00:00:00,P1D,fcre,1.6,ensemble,125,Chla_ugL_mean,13.1943747011582
vera4cast,chlorocast_chronos,2026-10-21 00:00:00,2026-09-28 00:00:00,P1D,fcre,1.6,ensemble,125,Chla_ugL_mean,13.2243899649587
vera4cast,chlorocast_chronos,2026-10-22 00:00:00,2026-09-28 00:00:00,P1D,fcre,1.6,ensemble,125,Chla_ugL_mean,13.0700226807553
vera4cast,chlorocast_chronos,2026-10-23 00:00:00,2026-09-28 00:00:00,P1D,fcre,1.6,ensemble,125,Chla_ugL_mean,13.1655618707238
vera4cast,chlorocast_chronos,2026-10-24 00:00:00,2026-09-28 00:00:00,P1D,fcre,1.6,ensemble,125,Chla_ugL_mean,13.311989080977
vera4cast,chlorocast_chronos,2026-10-25 00:00:00,2026-09-28 00:00:00,P1D,fcre,1.6,ensemble,125,Chla_ugL_mean,13.3821551462642
vera4cast,chlorocast_chronos,2026-10-26 00:00:00,2026-09-28 00:00:00,P1D,fcre,1.6,ensemble,125,Chla_ugL_mean,13.2080860762471
vera4cast,chlorocast_chronos,2026-10-27 00:00:00,2026-09-28 00:00:00,P1D,fcre,1.6,ensemble,125,Chla_ugL_mean,13.0339094545284
vera4cast,chlorocast_chronos,2026-10-28 00:00:00,2026-09-28 00:00:00,P1D,fcre,1.6,ensemble,125,Chla_ugL_mean,12.9965988990484
vera4cast,chlorocast_chronos,2026-10-29 00:00:00,2026-09-28 00:00:00,P1D,fcre,1.6,ensemble,125,Chla_ugL_mean,12.8683271792383
vera4cast,chlorocast_chronos,2026-10-30 00:00:00,2026-09-28 00:00:00,P1D,fcre,1.6,ensemble,125,Chla_ugL_mean,12.8345507507968
vera4cast,chlorocast_chronos,2026-10-31 00:00:00,2026-09-28 00:00:00,P1D,fcre,1.6,ensemble,125,Chla_ugL_mean,12.7293062008243
vera4cast,chlorocast_chronos,2026-11-01 00:00:00,2026-09-28 00:00:00,P1D,fcre,1.6,ensemble,125,Chla_ugL_mean,12.7363901455062
vera4cast,chlorocast_chronos,2026-11-02 00:00:00,2026-09-28 00:00:00,P1D,fcre,1.6,ensemble,125,Chla_ugL_mean,12.7233706046882
vera4cast,chlorocast_chronos,2026-09-29 00:00:00,2026-09-28 00:00:00,P1D,fcre,1.6,ensemble,126,Chla_ugL_mean,11.345639146228
vera4cast,chlorocast_chronos,2026-09-30 00:00:00,2026-09-28 00:00:00,P1D,fcre,1.6,ensemble,126,Chla_ugL_mean,11.5870386171135
vera4cast,chlorocast_chronos,2026-10-01 00:00:00,2026-09-28 00:00:00,P1D,fcre,1.6,ensemble,126,Chla_ugL_mean,11.7060809182362
vera4cast,chlorocast_chronos,2026-10-02 00:00:00,2026-09-28 00:00:00,P1D,fcre,1.6,ensemble,126,Chla_ugL_mean,11.6177722189636
vera4cast,chlorocast_chronos,2026-10-03 00:00:00,2026-09-28 00:00:00,P1D,fcre,1.6,ensemble,126,Chla_ugL_mean,11.654429568983
vera4cast,chlorocast_chronos,2026-10-04 00:00:00,2026-09-28 00:00:00,P1D,fcre,1.6,ensemble,126,Chla_ugL_mean,12.0692219329643
vera4cast,chlorocast_chronos,2026-10-05 00:00:00,2026-09-28 00:00:00,P1D,fcre,1.6,ensemble,126,Chla_ugL_mean,11.9407855911485
vera4cast,chlorocast_chronos,2026-10-06 00:00:00,2026-09-28 00:00:00,P1D,fcre,1.6,ensemble,126,Chla_ugL_mean,12.0518162858131
vera4cast,chlorocast_chronos,2026-10-07 00:00:00,2026-09-28 00:00:00,P1D,fcre,1.6,ensemble,126,Chla_ugL_mean,12.0447295562204
vera4cast,chlorocast_chronos,2026-10-08 00:00:00,2026-09-28 00:00:00,P1D,fcre,1.6,ensemble,126,Chla_ugL_mean,12.1078620480052
vera4cast,chlorocast_chronos,2026-10-09 00:00:00,2026-09-28 00:00:00,P1D,fcre,1.6,ensemble,126,Chla_ugL_mean,12.1161952057301
vera4cast,chlorocast_chronos,2026-10-10 00:00:00,2026-09-28 00:00:00,P1D,fcre,1.6,ensemble,126,Chla_ugL_mean,12.0707588795125
vera4cast,chlorocast_chronos,2026-10-11 00:00:00,2026-09-28 00:00:00,P1D,fcre,1.6,ensemble,126,Chla_ugL_mean,12.326314461724
vera4cast,chlorocast_chronos,2026-10-12 00:00:00,2026-09-28 00:00:00,P1D,fcre,1.6,ensemble,126,Chla_ugL_mean,12.7338727484156
vera4cast,chlorocast_chronos,2026-10-13 00:00:00,2026-09-28 00:00:00,P1D,fcre,1.6,ensemble,126,Chla_ugL_mean,13.1198018700339
vera4cast,chlorocast_chronos,2026-10-14 00:00:00,2026-09-28 00:00:00,P1D,fcre,1.6,ensemble,126,Chla_ugL_mean,13.6875612876569
vera4cast,chlorocast_chronos,2026-10-15 00:00:00,2026-09-28 00:00:00,P1D,fcre,1.6,ensemble,126,Chla_ugL_mean,14.0483599769044
vera4cast,chlorocast_chronos,2026-10-16 00:00:00,2026-09-28 00:00:00,P1D,fcre,1.6,ensemble,126,Chla_ugL_mean,14.4520063626375
vera4cast,chlorocast_chronos,2026-10-17 00:00:00,2026-09-28 00:00:00,P1D,fcre,1.6,ensemble,126,Chla_ugL_mean,14.4909202885218
vera4cast,chlorocast_chronos,2026-10-18 00:00:00,2026-09-28 00:00:00,P1D,fcre,1.6,ensemble,126,Chla_ugL_mean,14.3629782990348
vera4cast,chlorocast_chronos,2026-10-19 00:00:00,2026-09-28 00:00:00,P1D,fcre,1.6,ensemble,126,Chla_ugL_mean,14.2153545014388
vera4cast,chlorocast_chronos,2026-10-20 00:00:00,2026-09-28 00:00:00,P1D,fcre,1.6,ensemble,126,Chla_ugL_mean,13.3356088588088
vera4cast,chlorocast_chronos,2026-10-21 00:00:00,2026-09-28 00:00:00,P1D,fcre,1.6,ensemble,126,Chla_ugL_mean,13.3660283118949
vera4cast,chlorocast_chronos,2026-10-22 00:00:00,2026-09-28 00:00:00,P1D,fcre,1.6,ensemble,126,Chla_ugL_mean,13.2100862490258
vera4cast,chlorocast_chronos,2026-10-23 00:00:00,2026-09-28 00:00:00,P1D,fcre,1.6,ensemble,126,Chla_ugL_mean,13.3182328489949
vera4cast,chlorocast_chronos,2026-10-24 00:00:00,2026-09-28 00:00:00,P1D,fcre,1.6,ensemble,126,Chla_ugL_mean,13.4753260926384
vera4cast,chlorocast_chronos,2026-10-25 00:00:00,2026-09-28 00:00:00,P1D,fcre,1.6,ensemble,126,Chla_ugL_mean,13.5544123157723
vera4cast,chlorocast_chronos,2026-10-26 00:00:00,2026-09-28 00:00:00,P1D,fcre,1.6,ensemble,126,Chla_ugL_mean,13.3781632254198
vera4cast,chlorocast_chronos,2026-10-27 00:00:00,2026-09-28 00:00:00,P1D,fcre,1.6,ensemble,126,Chla_ugL_mean,13.2029589049679
vera4cast,chlorocast_chronos,2026-10-28 00:00:00,2026-09-28 00:00:00,P1D,fcre,1.6,ensemble,126,Chla_ugL_mean,13.1650823488533
vera4cast,chlorocast_chronos,2026-10-29 00:00:00,2026-09-28 00:00:00,P1D,fcre,1.6,ensemble,126,Chla_ugL_mean,13.0369279773688
vera4cast,chlorocast_chronos,2026-10-30 00:00:00,2026-09-28 00:00:00,P1D,fcre,1.6,ensemble,126,Chla_ugL_mean,13.0039809428782
vera4cast,chlorocast_chronos,2026-10-31 00:00:00,2026-09-28 00:00:00,P1D,fcre,1.6,ensemble,126,Chla_ugL_mean,12.8977564235951
vera4cast,chlorocast_chronos,2026-11-01 00:00:00,2026-09-28 00:00:00,P1D,fcre,1.6,ensemble,126,Chla_ugL_mean,12.9050239646333
vera4cast,chlorocast_chronos,2026-11-02 00:00:00,2026-09-28 00:00:00,P1D,fcre,1.6,ensemble,126,Chla_ugL_mean,12.8908641517046
vera4cast,chlorocast_chronos,2026-09-29 00:00:00,2026-09-28 00:00:00,P1D,fcre,1.6,ensemble,127,Chla_ugL_mean,11.4511029976832
vera4cast,chlorocast_chronos,2026-09-30 00:00:00,2026-09-28 00:00:00,P1D,fcre,1.6,ensemble,127,Chla_ugL_mean,11.701405224864
vera4cast,chlorocast_chronos,2026-10-01 00:00:00,2026-09-28 00:00:00,P1D,fcre,1.6,ensemble,127,Chla_ugL_mean,11.8283675787644
vera4cast,chlorocast_chronos,2026-10-02 00:00:00,2026-09-28 00:00:00,P1D,fcre,1.6,ensemble,127,Chla_ugL_mean,11.7447166618674
vera4cast,chlorocast_chronos,2026-10-03 00:00:00,2026-09-28 00:00:00,P1D,fcre,1.6,ensemble,127,Chla_ugL_mean,11.7861282073421
vera4cast,chlorocast_chronos,2026-10-04 00:00:00,2026-09-28 00:00:00,P1D,fcre,1.6,ensemble,127,Chla_ugL_mean,12.2179417718059
vera4cast,chlorocast_chronos,2026-10-05 00:00:00,2026-09-28 00:00:00,P1D,fcre,1.6,ensemble,127,Chla_ugL_mean,12.0852034424977
vera4cast,chlorocast_chronos,2026-10-06 00:00:00,2026-09-28 00:00:00,P1D,fcre,1.6,ensemble,127,Chla_ugL_mean,12.199562369326
vera4cast,chlorocast_chronos,2026-10-07 00:00:00,2026-09-28 00:00:00,P1D,fcre,1.6,ensemble,127,Chla_ugL_mean,12.1867949677006
vera4cast,chlorocast_chronos,2026-10-08 00:00:00,2026-09-28 00:00:00,P1D,fcre,1.6,ensemble,127,Chla_ugL_mean,12.2488380128231
vera4cast,chlorocast_chronos,2026-10-09 00:00:00,2026-09-28 00:00:00,P1D,fcre,1.6,ensemble,127,Chla_ugL_mean,12.2605706184576
vera4cast,chlorocast_chronos,2026-10-10 00:00:00,2026-09-28 00:00:00,P1D,fcre,1.6,ensemble,127,Chla_ugL_mean,12.2145039510521
vera4cast,chlorocast_chronos,2026-10-11 00:00:00,2026-09-28 00:00:00,P1D,fcre,1.6,ensemble,127,Chla_ugL_mean,12.4732857717559
vera4cast,chlorocast_chronos,2026-10-12 00:00:00,2026-09-28 00:00:00,P1D,fcre,1.6,ensemble,127,Chla_ugL_mean,12.8880587278562
vera4cast,chlorocast_chronos,2026-10-13 00:00:00,2026-09-28 00:00:00,P1D,fcre,1.6,ensemble,127,Chla_ugL_mean,13.2812279119213
vera4cast,chlorocast_chronos,2026-10-14 00:00:00,2026-09-28 00:00:00,P1D,fcre,1.6,ensemble,127,Chla_ugL_mean,13.8633185526496
vera4cast,chlorocast_chronos,2026-10-15 00:00:00,2026-09-28 00:00:00,P1D,fcre,1.6,ensemble,127,Chla_ugL_mean,14.2342753011456
vera4cast,chlorocast_chronos,2026-10-16 00:00:00,2026-09-28 00:00:00,P1D,fcre,1.6,ensemble,127,Chla_ugL_mean,14.6474064302912
vera4cast,chlorocast_chronos,2026-10-17 00:00:00,2026-09-28 00:00:00,P1D,fcre,1.6,ensemble,127,Chla_ugL_mean,14.6896138429308
vera4cast,chlorocast_chronos,2026-10-18 00:00:00,2026-09-28 00:00:00,P1D,fcre,1.6,ensemble,127,Chla_ugL_mean,14.557355350189
vera4cast,chlorocast_chronos,2026-10-19 00:00:00,2026-09-28 00:00:00,P1D,fcre,1.6,ensemble,127,Chla_ugL_mean,14.4036020424122
vera4cast,chlorocast_chronos,2026-10-20 00:00:00,2026-09-28 00:00:00,P1D,fcre,1.6,ensemble,127,Chla_ugL_mean,13.4782482976154
vera4cast,chlorocast_chronos,2026-10-21 00:00:00,2026-09-28 00:00:00,P1D,fcre,1.6,ensemble,127,Chla_ugL_mean,13.5090770125526
vera4cast,chlorocast_chronos,2026-10-22 00:00:00,2026-09-28 00:00:00,P1D,fcre,1.6,ensemble,127,Chla_ugL_mean,13.351544115202
vera4cast,chlorocast_chronos,2026-10-23 00:00:00,2026-09-28 00:00:00,P1D,fcre,1.6,ensemble,127,Chla_ugL_mean,13.472549256358
vera4cast,chlorocast_chronos,2026-10-24 00:00:00,2026-09-28 00:00:00,P1D,fcre,1.6,ensemble,127,Chla_ugL_mean,13.6405272043371
vera4cast,chlorocast_chronos,2026-10-25 00:00:00,2026-09-28 00:00:00,P1D,fcre,1.6,ensemble,127,Chla_ugL_mean,13.7287326345195
vera4cast,chlorocast_chronos,2026-10-26 00:00:00,2026-09-28 00:00:00,P1D,fcre,1.6,ensemble,127,Chla_ugL_mean,13.5502762741863
vera4cast,chlorocast_chronos,2026-10-27 00:00:00,2026-09-28 00:00:00,P1D,fcre,1.6,ensemble,127,Chla_ugL_mean,13.3740446886747
vera4cast,chlorocast_chronos,2026-10-28 00:00:00,2026-09-28 00:00:00,P1D,fcre,1.6,ensemble,127,Chla_ugL_mean,13.3355939108491
vera4cast,chlorocast_chronos,2026-10-29 00:00:00,2026-09-28 00:00:00,P1D,fcre,1.6,ensemble,127,Chla_ugL_mean,13.2075784984949
vera4cast,chlorocast_chronos,2026-10-30 00:00:00,2026-09-28 00:00:00,P1D,fcre,1.6,ensemble,127,Chla_ugL_mean,13.1754861275275
vera4cast,chlorocast_chronos,2026-10-31 00:00:00,2026-09-28 00:00:00,P1D,fcre,1.6,ensemble,127,Chla_ugL_mean,13.0682734279744
vera4cast,chlorocast_chronos,2026-11-01 00:00:00,2026-09-28 00:00:00,P1D,fcre,1.6,ensemble,127,Chla_ugL_mean,13.0757280048777
vera4cast,chlorocast_chronos,2026-11-02 00:00:00,2026-09-28 00:00:00,P1D,fcre,1.6,ensemble,127,Chla_ugL_mean,13.0604019551285
vera4cast,chlorocast_chronos,2026-09-29 00:00:00,2026-09-28 00:00:00,P1D,fcre,1.6,ensemble,128,Chla_ugL_mean,11.5574677845888
vera4cast,chlorocast_chronos,2026-09-30 00:00:00,2026-09-28 00:00:00,P1D,fcre,1.6,ensemble,128,Chla_ugL_mean,11.8168109746532
vera4cast,chlorocast_chronos,2026-10-01 00:00:00,2026-09-28 00:00:00,P1D,fcre,1.6,ensemble,128,Chla_ugL_mean,11.9518311582372
vera4cast,chlorocast_chronos,2026-10-02 00:00:00,2026-09-28 00:00:00,P1D,fcre,1.6,ensemble,128,Chla_ugL_mean,11.8729382629973
vera4cast,chlorocast_chronos,2026-10-03 00:00:00,2026-09-28 00:00:00,P1D,fcre,1.6,ensemble,128,Chla_ugL_mean,11.9191974749541
vera4cast,chlorocast_chronos,2026-10-04 00:00:00,2026-09-28 00:00:00,P1D,fcre,1.6,ensemble,128,Chla_ugL_mean,12.3683539524395
vera4cast,chlorocast_chronos,2026-10-05 00:00:00,2026-09-28 00:00:00,P1D,fcre,1.6,ensemble,128,Chla_ugL_mean,12.2312329823832
vera4cast,chlorocast_chronos,2026-10-06 00:00:00,2026-09-28 00:00:00,P1D,fcre,1.6,ensemble,128,Chla_ugL_mean,12.3489809331064
vera4cast,chlorocast_chronos,2026-10-07 00:00:00,2026-09-28 00:00:00,P1D,fcre,1.6,ensemble,128,Chla_ugL_mean,12.3304075619761
vera4cast,chlorocast_chronos,2026-10-08 00:00:00,2026-09-28 00:00:00,P1D,fcre,1.6,ensemble,128,Chla_ugL_mean,12.3913301839136
vera4cast,chlorocast_chronos,2026-10-09 00:00:00,2026-09-28 00:00:00,P1D,fcre,1.6,ensemble,128,Chla_ugL_mean,12.4065352313665
vera4cast,chlorocast_chronos,2026-10-10 00:00:00,2026-09-28 00:00:00,P1D,fcre,1.6,ensemble,128,Chla_ugL_mean,12.3598298524259
vera4cast,chlorocast_chronos,2026-10-11 00:00:00,2026-09-28 00:00:00,P1D,fcre,1.6,ensemble,128,Chla_ugL_mean,12.6218779775001
vera4cast,chlorocast_chronos,2026-10-12 00:00:00,2026-09-28 00:00:00,P1D,fcre,1.6,ensemble,128,Chla_ugL_mean,13.0439757060246
vera4cast,chlorocast_chronos,2026-10-13 00:00:00,2026-09-28 00:00:00,P1D,fcre,1.6,ensemble,128,Chla_ugL_mean,13.4444994731183
vera4cast,chlorocast_chronos,2026-10-14 00:00:00,2026-09-28 00:00:00,P1D,fcre,1.6,ensemble,128,Chla_ugL_mean,14.0411789997562
vera4cast,chlorocast_chronos,2026-10-15 00:00:00,2026-09-28 00:00:00,P1D,fcre,1.6,ensemble,128,Chla_ugL_mean,14.4224875207189
vera4cast,chlorocast_chronos,2026-10-16 00:00:00,2026-09-28 00:00:00,P1D,fcre,1.6,ensemble,128,Chla_ugL_mean,14.845277451266
vera4cast,chlorocast_chronos,2026-10-17 00:00:00,2026-09-28 00:00:00,P1D,fcre,1.6,ensemble,128,Chla_ugL_mean,14.8908559307921
vera4cast,chlorocast_chronos,2026-10-18 00:00:00,2026-09-28 00:00:00,P1D,fcre,1.6,ensemble,128,Chla_ugL_mean,14.7541917186241
vera4cast,chlorocast_chronos,2026-10-19 00:00:00,2026-09-28 00:00:00,P1D,fcre,1.6,ensemble,128,Chla_ugL_mean,14.5941786212453
vera4cast,chlorocast_chronos,2026-10-20 00:00:00,2026-09-28 00:00:00,P1D,fcre,1.6,ensemble,128,Chla_ugL_mean,13.6223070001381
vera4cast,chlorocast_chronos,2026-10-21 00:00:00,2026-09-28 00:00:00,P1D,fcre,1.6,ensemble,128,Chla_ugL_mean,13.6535501104281
vera4cast,chlorocast_chronos,2026-10-22 00:00:00,2026-09-28 00:00:00,P1D,fcre,1.6,ensemble,128,Chla_ugL_mean,13.494410159172
vera4cast,chlorocast_chronos,2026-10-23 00:00:00,2026-09-28 00:00:00,P1D,fcre,1.6,ensemble,128,Chla_ugL_mean,13.628528826615
vera4cast,chlorocast_chronos,2026-10-24 00:00:00,2026-09-28 00:00:00,P1D,fcre,1.6,ensemble,128,Chla_ugL_mean,13.8076136903018
vera4cast,chlorocast_chronos,2026-10-25 00:00:00,2026-09-28 00:00:00,P1D,fcre,1.6,ensemble,128,Chla_ugL_mean,13.9051408131452
vera4cast,chlorocast_chronos,2026-10-26 00:00:00,2026-09-28 00:00:00,P1D,fcre,1.6,ensemble,128,Chla_ugL_mean,13.7244495931759
vera4cast,chlorocast_chronos,2026-10-27 00:00:00,2026-09-28 00:00:00,P1D,fcre,1.6,ensemble,128,Chla_ugL_mean,13.5471913348809
vera4cast,chlorocast_chronos,2026-10-28 00:00:00,2026-09-28 00:00:00,P1D,fcre,1.6,ensemble,128,Chla_ugL_mean,13.5081579983479
vera4cast,chlorocast_chronos,2026-10-29 00:00:00,2026-09-28 00:00:00,P1D,fcre,1.6,ensemble,128,Chla_ugL_mean,13.380303661623
vera4cast,chlorocast_chronos,2026-10-30 00:00:00,2026-09-28 00:00:00,P1D,fcre,1.6,ensemble,128,Chla_ugL_mean,13.3490917169461
vera4cast,chlorocast_chronos,2026-10-31 00:00:00,2026-09-28 00:00:00,P1D,fcre,1.6,ensemble,128,Chla_ugL_mean,13.2408825721132
vera4cast,chlorocast_chronos,2026-11-01 00:00:00,2026-09-28 00:00:00,P1D,fcre,1.6,ensemble,128,Chla_ugL_mean,13.248527681162
vera4cast,chlorocast_chronos,2026-11-02 00:00:00,2026-09-28 00:00:00,P1D,fcre,1.6,ensemble,128,Chla_ugL_mean,13.2320089650809
vera4cast,chlorocast_chronos,2026-09-29 00:00:00,2026-09-28 00:00:00,P1D,fcre,1.6,ensemble,129,Chla_ugL_mean,11.6647412032755
vera4cast,chlorocast_chronos,2026-09-30 00:00:00,2026-09-28 00:00:00,P1D,fcre,1.6,ensemble,129,Chla_ugL_mean,11.9332653081895
vera4cast,chlorocast_chronos,2026-10-01 00:00:00,2026-09-28 00:00:00,P1D,fcre,1.6,ensemble,129,Chla_ugL_mean,12.0764829836316
vera4cast,chlorocast_chronos,2026-10-02 00:00:00,2026-09-28 00:00:00,P1D,fcre,1.6,ensemble,129,Chla_ugL_mean,12.0024498715422
vera4cast,chlorocast_chronos,2026-10-03 00:00:00,2026-09-28 00:00:00,P1D,fcre,1.6,ensemble,129,Chla_ugL_mean,12.0536516363896
vera4cast,chlorocast_chronos,2026-10-04 00:00:00,2026-09-28 00:00:00,P1D,fcre,1.6,ensemble,129,Chla_ugL_mean,12.5204777326907
vera4cast,chlorocast_chronos,2026-10-05 00:00:00,2026-09-28 00:00:00,P1D,fcre,1.6,ensemble,129,Chla_ugL_mean,12.3788921970853
vera4cast,chlorocast_chronos,2026-10-06 00:00:00,2026-09-28 00:00:00,P1D,fcre,1.6,ensemble,129,Chla_ugL_mean,12.5000909095698
vera4cast,chlorocast_chronos,2026-10-07 00:00:00,2026-09-28 00:00:00,P1D,fcre,1.6,ensemble,129,Chla_ugL_mean,12.4755841888528
vera4cast,chlorocast_chronos,2026-10-08 00:00:00,2026-09-28 00:00:00,P1D,fcre,1.6,ensemble,129,Chla_ugL_mean,12.5353548681802
vera4cast,chlorocast_chronos,2026-10-09 00:00:00,2026-09-28 00:00:00,P1D,fcre,1.6,ensemble,129,Chla_ugL_mean,12.5541065374438
vera4cast,chlorocast_chronos,2026-10-10 00:00:00,2026-09-28 00:00:00,P1D,fcre,1.6,ensemble,129,Chla_ugL_mean,12.5067539687375
vera4cast,chlorocast_chronos,2026-10-11 00:00:00,2026-09-28 00:00:00,P1D,fcre,1.6,ensemble,129,Chla_ugL_mean,12.7721089552545
vera4cast,chlorocast_chronos,2026-10-12 00:00:00,2026-09-28 00:00:00,P1D,fcre,1.6,ensemble,129,Chla_ugL_mean,13.201643116313
vera4cast,chlorocast_chronos,2026-10-13 00:00:00,2026-09-28 00:00:00,P1D,fcre,1.6,ensemble,129,Chla_ugL_mean,13.6096376527084
vera4cast,chlorocast_chronos,2026-10-14 00:00:00,2026-09-28 00:00:00,P1D,fcre,1.6,ensemble,129,Chla_ugL_mean,14.2211677964998
vera4cast,chlorocast_chronos,2026-10-15 00:00:00,2026-09-28 00:00:00,P1D,fcre,1.6,ensemble,129,Chla_ugL_mean,14.6130250126729
vera4cast,chlorocast_chronos,2026-10-16 00:00:00,2026-09-28 00:00:00,P1D,fcre,1.6,ensemble,129,Chla_ugL_mean,15.0456506722773
vera4cast,chlorocast_chronos,2026-10-17 00:00:00,2026-09-28 00:00:00,P1D,fcre,1.6,ensemble,129,Chla_ugL_mean,15.0946792407493
vera4cast,chlorocast_chronos,2026-10-18 00:00:00,2026-09-28 00:00:00,P1D,fcre,1.6,ensemble,129,Chla_ugL_mean,14.9535185203665
vera4cast,chlorocast_chronos,2026-10-19 00:00:00,2026-09-28 00:00:00,P1D,fcre,1.6,ensemble,129,Chla_ugL_mean,14.7871130532805
vera4cast,chlorocast_chronos,2026-10-20 00:00:00,2026-09-28 00:00:00,P1D,fcre,1.6,ensemble,129,Chla_ugL_mean,13.767799088064
vera4cast,chlorocast_chronos,2026-10-21 00:00:00,2026-09-28 00:00:00,P1D,fcre,1.6,ensemble,129,Chla_ugL_mean,13.7994617888551
vera4cast,chlorocast_chronos,2026-10-22 00:00:00,2026-09-28 00:00:00,P1D,fcre,1.6,ensemble,129,Chla_ugL_mean,13.6386983989945
vera4cast,chlorocast_chronos,2026-10-23 00:00:00,2026-09-28 00:00:00,P1D,fcre,1.6,ensemble,129,Chla_ugL_mean,13.7861894846961
vera4cast,chlorocast_chronos,2026-10-24 00:00:00,2026-09-28 00:00:00,P1D,fcre,1.6,ensemble,129,Chla_ugL_mean,13.9766070675554
vera4cast,chlorocast_chronos,2026-10-25 00:00:00,2026-09-28 00:00:00,P1D,fcre,1.6,ensemble,129,Chla_ugL_mean,14.0836618582515
vera4cast,chlorocast_chronos,2026-10-26 00:00:00,2026-09-28 00:00:00,P1D,fcre,1.6,ensemble,129,Chla_ugL_mean,13.9007078447452
vera4cast,chlorocast_chronos,2026-10-27 00:00:00,2026-09-28 00:00:00,P1D,fcre,1.6,ensemble,129,Chla_ugL_mean,13.7224236682921
vera4cast,chlorocast_chronos,2026-10-28 00:00:00,2026-09-28 00:00:00,P1D,fcre,1.6,ensemble,129,Chla_ugL_mean,13.6827993185362
vera4cast,chlorocast_chronos,2026-10-29 00:00:00,2026-09-28 00:00:00,P1D,fcre,1.6,ensemble,129,Chla_ugL_mean,13.5551286887061
vera4cast,chlorocast_chronos,2026-10-30 00:00:00,2026-09-28 00:00:00,P1D,fcre,1.6,ensemble,129,Chla_ugL_mean,13.5248234345558
vera4cast,chlorocast_chronos,2026-10-31 00:00:00,2026-09-28 00:00:00,P1D,fcre,1.6,ensemble,129,Chla_ugL_mean,13.4156095252918
vera4cast,chlorocast_chronos,2026-11-01 00:00:00,2026-09-28 00:00:00,P1D,fcre,1.6,ensemble,129,Chla_ugL_mean,13.4234487204134
vera4cast,chlorocast_chronos,2026-11-02 00:00:00,2026-09-28 00:00:00,P1D,fcre,1.6,ensemble,129,Chla_ugL_mean,13.4057104361988
vera4cast,chlorocast_chronos,2026-09-29 00:00:00,2026-09-28 00:00:00,P1D,fcre,1.6,ensemble,130,Chla_ugL_mean,11.7729310158207
vera4cast,chlorocast_chronos,2026-09-30 00:00:00,2026-09-28 00:00:00,P1D,fcre,1.6,ensemble,130,Chla_ugL_mean,12.0507777529694
vera4cast,chlorocast_chronos,2026-10-01 00:00:00,2026-09-28 00:00:00,P1D,fcre,1.6,ensemble,130,Chla_ugL_mean,12.2023344909384
vera4cast,chlorocast_chronos,2026-10-02 00:00:00,2026-09-28 00:00:00,P1D,fcre,1.6,ensemble,130,Chla_ugL_mean,12.1332644659638
vera4cast,chlorocast_chronos,2026-10-03 00:00:00,2026-09-28 00:00:00,P1D,fcre,1.6,ensemble,130,Chla_ugL_mean,12.1895051046756
vera4cast,chlorocast_chronos,2026-10-04 00:00:00,2026-09-28 00:00:00,P1D,fcre,1.6,ensemble,130,Chla_ugL_mean,12.6743325895277
vera4cast,chlorocast_chronos,2026-10-05 00:00:00,2026-09-28 00:00:00,P1D,fcre,1.6,ensemble,130,Chla_ugL_mean,12.5281992736091
vera4cast,chlorocast_chronos,2026-10-06 00:00:00,2026-09-28 00:00:00,P1D,fcre,1.6,ensemble,130,Chla_ugL_mean,12.6529114454461
vera4cast,chlorocast_chronos,2026-10-07 00:00:00,2026-09-28 00:00:00,P1D,fcre,1.6,ensemble,130,Chla_ugL_mean,12.6223418816416
vera4cast,chlorocast_chronos,2026-10-08 00:00:00,2026-09-28 00:00:00,P1D,fcre,1.6,ensemble,130,Chla_ugL_mean,12.6809285479082
vera4cast,chlorocast_chronos,2026-10-09 00:00:00,2026-09-28 00:00:00,P1D,fcre,1.6,ensemble,130,Chla_ugL_mean,12.7033022222291
vera4cast,chlorocast_chronos,2026-10-10 00:00:00,2026-09-28 00:00:00,P1D,fcre,1.6,ensemble,130,Chla_ugL_mean,12.6552938762824
vera4cast,chlorocast_chronos,2026-10-11 00:00:00,2026-09-28 00:00:00,P1D,fcre,1.6,ensemble,130,Chla_ugL_mean,12.9239967784684
vera4cast,chlorocast_chronos,2026-10-12 00:00:00,2026-09-28 00:00:00,P1D,fcre,1.6,ensemble,130,Chla_ugL_mean,13.3610806102862
vera4cast,chlorocast_chronos,2026-10-13 00:00:00,2026-09-28 00:00:00,P1D,fcre,1.6,ensemble,130,Chla_ugL_mean,13.7766637909923
vera4cast,chlorocast_chronos,2026-10-14 00:00:00,2026-09-28 00:00:00,P1D,fcre,1.6,ensemble,130,Chla_ugL_mean,14.4033104115679
vera4cast,chlorocast_chronos,2026-10-15 00:00:00,2026-09-28 00:00:00,P1D,fcre,1.6,ensemble,130,Chla_ugL_mean,14.8059165046409
vera4cast,chlorocast_chronos,2026-10-16 00:00:00,2026-09-28 00:00:00,P1D,fcre,1.6,ensemble,130,Chla_ugL_mean,15.2485577351745
vera4cast,chlorocast_chronos,2026-10-17 00:00:00,2026-09-28 00:00:00,P1D,fcre,1.6,ensemble,130,Chla_ugL_mean,15.3011168807252
vera4cast,chlorocast_chronos,2026-10-18 00:00:00,2026-09-28 00:00:00,P1D,fcre,1.6,ensemble,130,Chla_ugL_mean,15.1553672651322
vera4cast,chlorocast_chronos,2026-10-19 00:00:00,2026-09-28 00:00:00,P1D,fcre,1.6,ensemble,130,Chla_ugL_mean,14.9824345103696
vera4cast,chlorocast_chronos,2026-10-20 00:00:00,2026-09-28 00:00:00,P1D,fcre,1.6,ensemble,130,Chla_ugL_mean,13.9147388235908
vera4cast,chlorocast_chronos,2026-10-21 00:00:00,2026-09-28 00:00:00,P1D,fcre,1.6,ensemble,130,Chla_ugL_mean,13.9468263723966
vera4cast,chlorocast_chronos,2026-10-22 00:00:00,2026-09-28 00:00:00,P1D,fcre,1.6,ensemble,130,Chla_ugL_mean,13.7844229922749
vera4cast,chlorocast_chronos,2026-10-23 00:00:00,2026-09-28 00:00:00,P1D,fcre,1.6,ensemble,130,Chla_ugL_mean,13.9455493487192
vera4cast,chlorocast_chronos,2026-10-24 00:00:00,2026-09-28 00:00:00,P1D,fcre,1.6,ensemble,130,Chla_ugL_mean,14.1475290986862
vera4cast,chlorocast_chronos,2026-10-25 00:00:00,2026-09-28 00:00:00,P1D,fcre,1.6,ensemble,130,Chla_ugL_mean,14.2643210759484
vera4cast,chlorocast_chronos,2026-10-26 00:00:00,2026-09-28 00:00:00,P1D,fcre,1.6,ensemble,130,Chla_ugL_mean,14.0790759864703
vera4cast,chlorocast_chronos,2026-10-27 00:00:00,2026-09-28 00:00:00,P1D,fcre,1.6,ensemble,130,Chla_ugL_mean,13.8997668126473
vera4cast,chlorocast_chronos,2026-10-28 00:00:00,2026-09-28 00:00:00,P1D,fcre,1.6,ensemble,130,Chla_ugL_mean,13.859542876012
vera4cast,chlorocast_chronos,2026-10-29 00:00:00,2026-09-28 00:00:00,P1D,fcre,1.6,ensemble,130,Chla_ugL_mean,13.7320791083272
vera4cast,chlorocast_chronos,2026-10-30 00:00:00,2026-09-28 00:00:00,P1D,fcre,1.6,ensemble,130,Chla_ugL_mean,13.7027073188101
vera4cast,chlorocast_chronos,2026-10-31 00:00:00,2026-09-28 00:00:00,P1D,fcre,1.6,ensemble,130,Chla_ugL_mean,13.5924802717369
vera4cast,chlorocast_chronos,2026-11-01 00:00:00,2026-09-28 00:00:00,P1D,fcre,1.6,ensemble,130,Chla_ugL_mean,13.6005171653937
vera4cast,chlorocast_chronos,2026-11-02 00:00:00,2026-09-28 00:00:00,P1D,fcre,1.6,ensemble,130,Chla_ugL_mean,13.5815319313514
vera4cast,chlorocast_chronos,2026-09-29 00:00:00,2026-09-28 00:00:00,P1D,fcre,1.6,ensemble,131,Chla_ugL_mean,11.8820450506102
vera4cast,chlorocast_chronos,2026-09-30 00:00:00,2026-09-28 00:00:00,P1D,fcre,1.6,ensemble,131,Chla_ugL_mean,12.1693579230568
vera4cast,chlorocast_chronos,2026-10-01 00:00:00,2026-09-28 00:00:00,P1D,fcre,1.6,ensemble,131,Chla_ugL_mean,12.3293972262116
vera4cast,chlorocast_chronos,2026-10-02 00:00:00,2026-09-28 00:00:00,P1D,fcre,1.6,ensemble,131,Chla_ugL_mean,12.2653951552969
vera4cast,chlorocast_chronos,2026-10-03 00:00:00,2026-09-28 00:00:00,P1D,fcre,1.6,ensemble,131,Chla_ugL_mean,12.3267724428394
vera4cast,chlorocast_chronos,2026-10-04 00:00:00,2026-09-28 00:00:00,P1D,fcre,1.6,ensemble,131,Chla_ugL_mean,12.8299382215547
vera4cast,chlorocast_chronos,2026-10-05 00:00:00,2026-09-28 00:00:00,P1D,fcre,1.6,ensemble,131,Chla_ugL_mean,12.679172601925
vera4cast,chlorocast_chronos,2026-10-06 00:00:00,2026-09-28 00:00:00,P1D,fcre,1.6,ensemble,131,Chla_ugL_mean,12.8074619042053
vera4cast,chlorocast_chronos,2026-10-07 00:00:00,2026-09-28 00:00:00,P1D,fcre,1.6,ensemble,131,Chla_ugL_mean,12.7706978591571
vera4cast,chlorocast_chronos,2026-10-08 00:00:00,2026-09-28 00:00:00,P1D,fcre,1.6,ensemble,131,Chla_ugL_mean,12.8280678826512
vera4cast,chlorocast_chronos,2026-10-09 00:00:00,2026-09-28 00:00:00,P1D,fcre,1.6,ensemble,131,Chla_ugL_mean,12.854140165934
vera4cast,chlorocast_chronos,2026-10-10 00:00:00,2026-09-28 00:00:00,P1D,fcre,1.6,ensemble,131,Chla_ugL_mean,12.8054673446506
vera4cast,chlorocast_chronos,2026-10-11 00:00:00,2026-09-28 00:00:00,P1D,fcre,1.6,ensemble,131,Chla_ugL_mean,13.0775597199169
vera4cast,chlorocast_chronos,2026-10-12 00:00:00,2026-09-28 00:00:00,P1D,fcre,1.6,ensemble,131,Chla_ugL_mean,13.5223080601311
vera4cast,chlorocast_chronos,2026-10-13 00:00:00,2026-09-28 00:00:00,P1D,fcre,1.6,ensemble,131,Chla_ugL_mean,13.9455994722459
vera4cast,chlorocast_chronos,2026-10-14 00:00:00,2026-09-28 00:00:00,P1D,fcre,1.6,ensemble,131,Chla_ugL_mean,14.5876326184169
vera4cast,chlorocast_chronos,2026-10-15 00:00:00,2026-09-28 00:00:00,P1D,fcre,1.6,ensemble,131,Chla_ugL_mean,15.0011910791726
vera4cast,chlorocast_chronos,2026-10-16 00:00:00,2026-09-28 00:00:00,P1D,fcre,1.6,ensemble,131,Chla_ugL_mean,15.4540306819373
vera4cast,chlorocast_chronos,2026-10-17 00:00:00,2026-09-28 00:00:00,P1D,fcre,1.6,ensemble,131,Chla_ugL_mean,15.5102023832997
vera4cast,chlorocast_chronos,2026-10-18 00:00:00,2026-09-28 00:00:00,P1D,fcre,1.6,ensemble,131,Chla_ugL_mean,15.3597698613077
vera4cast,chlorocast_chronos,2026-10-19 00:00:00,2026-09-28 00:00:00,P1D,fcre,1.6,ensemble,131,Chla_ugL_mean,15.1801725252848
vera4cast,chlorocast_chronos,2026-10-20 00:00:00,2026-09-28 00:00:00,P1D,fcre,1.6,ensemble,131,Chla_ugL_mean,14.0631406108253
vera4cast,chlorocast_chronos,2026-10-21 00:00:00,2026-09-28 00:00:00,P1D,fcre,1.6,ensemble,131,Chla_ugL_mean,14.0956583282516
vera4cast,chlorocast_chronos,2026-10-22 00:00:00,2026-09-28 00:00:00,P1D,fcre,1.6,ensemble,131,Chla_ugL_mean,13.9315982375538
vera4cast,chlorocast_chronos,2026-10-23 00:00:00,2026-09-28 00:00:00,P1D,fcre,1.6,ensemble,131,Chla_ugL_mean,14.1066267320727
vera4cast,chlorocast_chronos,2026-10-24 00:00:00,2026-09-28 00:00:00,P1D,fcre,1.6,ensemble,131,Chla_ugL_mean,14.3204017946501
vera4cast,chlorocast_chronos,2026-10-25 00:00:00,2026-09-28 00:00:00,P1D,fcre,1.6,ensemble,131,Chla_ugL_mean,14.4471440754409
vera4cast,chlorocast_chronos,2026-10-26 00:00:00,2026-09-28 00:00:00,P1D,fcre,1.6,ensemble,131,Chla_ugL_mean,14.2595792746806
vera4cast,chlorocast_chronos,2026-10-27 00:00:00,2026-09-28 00:00:00,P1D,fcre,1.6,ensemble,131,Chla_ugL_mean,14.0792461943203
vera4cast,chlorocast_chronos,2026-10-28 00:00:00,2026-09-28 00:00:00,P1D,fcre,1.6,ensemble,131,Chla_ugL_mean,14.0384139763651
vera4cast,chlorocast_chronos,2026-10-29 00:00:00,2026-09-28 00:00:00,P1D,fcre,1.6,ensemble,131,Chla_ugL_mean,13.9111807594263
vera4cast,chlorocast_chronos,2026-10-30 00:00:00,2026-09-28 00:00:00,P1D,fcre,1.6,ensemble,131,Chla_ugL_mean,13.8827697270526
vera4cast,chlorocast_chronos,2026-10-31 00:00:00,2026-09-28 00:00:00,P1D,fcre,1.6,ensemble,131,Chla_ugL_mean,13.7715211144858
vera4cast,chlorocast_chronos,2026-11-01 00:00:00,2026-09-28 00:00:00,P1D,fcre,1.6,ensemble,131,Chla_ugL_mean,13.7797593785772
vera4cast,chlorocast_chronos,2026-11-02 00:00:00,2026-09-28 00:00:00,P1D,fcre,1.6,ensemble,131,Chla_ugL_mean,13.7594993254025
vera4cast,chlorocast_chronos,2026-09-29 00:00:00,2026-09-28 00:00:00,P1D,fcre,1.6,ensemble,132,Chla_ugL_mean,11.9920912029046
vera4cast,chlorocast_chronos,2026-09-30 00:00:00,2026-09-28 00:00:00,P1D,fcre,1.6,ensemble,132,Chla_ugL_mean,12.2890155198695
vera4cast,chlorocast_chronos,2026-10-01 00:00:00,2026-09-28 00:00:00,P1D,fcre,1.6,ensemble,132,Chla_ugL_mean,12.4576828466273
vera4cast,chlorocast_chronos,2026-10-02 00:00:00,2026-09-28 00:00:00,P1D,fcre,1.6,ensemble,132,Chla_ugL_mean,12.3988551804634
vera4cast,chlorocast_chronos,2026-10-03 00:00:00,2026-09-28 00:00:00,P1D,fcre,1.6,ensemble,132,Chla_ugL_mean,12.4654683654707
vera4cast,chlorocast_chronos,2026-10-04 00:00:00,2026-09-28 00:00:00,P1D,fcre,1.6,ensemble,132,Chla_ugL_mean,12.9873145515344
vera4cast,chlorocast_chronos,2026-10-05 00:00:00,2026-09-28 00:00:00,P1D,fcre,1.6,ensemble,132,Chla_ugL_mean,12.8318307772337
vera4cast,chlorocast_chronos,2026-10-06 00:00:00,2026-09-28 00:00:00,P1D,fcre,1.6,ensemble,132,Chla_ugL_mean,12.9637618685112
vera4cast,chlorocast_chronos,2026-10-07 00:00:00,2026-09-28 00:00:00,P1D,fcre,1.6,ensemble,132,Chla_ugL_mean,12.9206695277378
vera4cast,chlorocast_chronos,2026-10-08 00:00:00,2026-09-28 00:00:00,P1D,fcre,1.6,ensemble,132,Chla_ugL_mean,12.9767897111375
vera4cast,chlorocast_chronos,2026-10-09 00:00:00,2026-09-28 00:00:00,P1D,fcre,1.6,ensemble,132,Chla_ugL_mean,13.0066384455851
vera4cast,chlorocast_chronos,2026-10-10 00:00:00,2026-09-28 00:00:00,P1D,fcre,1.6,ensemble,132,Chla_ugL_mean,12.9572923388524
vera4cast,chlorocast_chronos,2026-10-11 00:00:00,2026-09-28 00:00:00,P1D,fcre,1.6,ensemble,132,Chla_ugL_mean,13.2328162538994
vera4cast,chlorocast_chronos,2026-10-12 00:00:00,2026-09-28 00:00:00,P1D,fcre,1.6,ensemble,132,Chla_ugL_mean,13.6853455611337
vera4cast,chlorocast_chronos,2026-10-13 00:00:00,2026-09-28 00:00:00,P1D,fcre,1.6,ensemble,132,Chla_ugL_mean,14.1164665275096
vera4cast,chlorocast_chronos,2026-10-14 00:00:00,2026-09-28 00:00:00,P1D,fcre,1.6,ensemble,132,Chla_ugL_mean,14.7741604989185
vera4cast,chlorocast_chronos,2026-10-15 00:00:00,2026-09-28 00:00:00,P1D,fcre,1.6,ensemble,132,Chla_ugL_mean,15.1988781781186
vera4cast,chlorocast_chronos,2026-10-16 00:00:00,2026-09-28 00:00:00,P1D,fcre,1.6,ensemble,132,Chla_ugL_mean,15.6621019597359
vera4cast,chlorocast_chronos,2026-10-17 00:00:00,2026-09-28 00:00:00,P1D,fcre,1.6,ensemble,132,Chla_ugL_mean,15.7219697111569
vera4cast,chlorocast_chronos,2026-10-18 00:00:00,2026-09-28 00:00:00,P1D,fcre,1.6,ensemble,132,Chla_ugL_mean,15.5667586209938
vera4cast,chlorocast_chronos,2026-10-19 00:00:00,2026-09-28 00:00:00,P1D,fcre,1.6,ensemble,132,Chla_ugL_mean,15.3803569961837
vera4cast,chlorocast_chronos,2026-10-20 00:00:00,2026-09-28 00:00:00,P1D,fcre,1.6,ensemble,132,Chla_ugL_mean,14.2130189971955
vera4cast,chlorocast_chronos,2026-10-21 00:00:00,2026-09-28 00:00:00,P1D,fcre,1.6,ensemble,132,Chla_ugL_mean,14.2459722676749
vera4cast,chlorocast_chronos,2026-10-22 00:00:00,2026-09-28 00:00:00,P1D,fcre,1.6,ensemble,132,Chla_ugL_mean,14.08023857571
vera4cast,chlorocast_chronos,2026-10-23 00:00:00,2026-09-28 00:00:00,P1D,fcre,1.6,ensemble,132,Chla_ugL_mean,14.2694401455193
vera4cast,chlorocast_chronos,2026-10-24 00:00:00,2026-09-28 00:00:00,P1D,fcre,1.6,ensemble,132,Chla_ugL_mean,14.4952474176053
vera4cast,chlorocast_chronos,2026-10-25 00:00:00,2026-09-28 00:00:00,P1D,fcre,1.6,ensemble,132,Chla_ugL_mean,14.6321567726589
vera4cast,chlorocast_chronos,2026-10-26 00:00:00,2026-09-28 00:00:00,P1D,fcre,1.6,ensemble,132,Chla_ugL_mean,14.4422432680353
vera4cast,chlorocast_chronos,2026-10-27 00:00:00,2026-09-28 00:00:00,P1D,fcre,1.6,ensemble,132,Chla_ugL_mean,14.2608875459658
vera4cast,chlorocast_chronos,2026-10-28 00:00:00,2026-09-28 00:00:00,P1D,fcre,1.6,ensemble,132,Chla_ugL_mean,14.2194382298003
vera4cast,chlorocast_chronos,2026-10-29 00:00:00,2026-09-28 00:00:00,P1D,fcre,1.6,ensemble,132,Chla_ugL_mean,14.0924597950746
vera4cast,chlorocast_chronos,2026-10-30 00:00:00,2026-09-28 00:00:00,P1D,fcre,1.6,ensemble,132,Chla_ugL_mean,14.0650373394225
vera4cast,chlorocast_chronos,2026-10-31 00:00:00,2026-09-28 00:00:00,P1D,fcre,1.6,ensemble,132,Chla_ugL_mean,13.952758679298
vera4cast,chlorocast_chronos,2026-11-01 00:00:00,2026-09-28 00:00:00,P1D,fcre,1.6,ensemble,132,Chla_ugL_mean,13.961202046075
vera4cast,chlorocast_chronos,2026-11-02 00:00:00,2026-09-28 00:00:00,P1D,fcre,1.6,ensemble,132,Chla_ugL_mean,13.9396388090183
vera4cast,chlorocast_chronos,2026-09-29 00:00:00,2026-09-28 00:00:00,P1D,fcre,1.6,ensemble,133,Chla_ugL_mean,12.1030774354104
vera4cast,chlorocast_chronos,2026-09-30 00:00:00,2026-09-28 00:00:00,P1D,fcre,1.6,ensemble,133,Chla_ugL_mean,12.4097603329732
vera4cast,chlorocast_chronos,2026-10-01 00:00:00,2026-09-28 00:00:00,P1D,fcre,1.6,ensemble,133,Chla_ugL_mean,12.5872031215534
vera4cast,chlorocast_chronos,2026-10-02 00:00:00,2026-09-28 00:00:00,P1D,fcre,1.6,ensemble,133,Chla_ugL_mean,12.5336579155989
vera4cast,chlorocast_chronos,2026-10-03 00:00:00,2026-09-28 00:00:00,P1D,fcre,1.6,ensemble,133,Chla_ugL_mean,12.6056077402985
vera4cast,chlorocast_chronos,2026-10-04 00:00:00,2026-09-28 00:00:00,P1D,fcre,1.6,ensemble,133,Chla_ugL_mean,13.146481728938
vera4cast,chlorocast_chronos,2026-10-05 00:00:00,2026-09-28 00:00:00,P1D,fcre,1.6,ensemble,133,Chla_ugL_mean,12.9861926022561
vera4cast,chlorocast_chronos,2026-10-06 00:00:00,2026-09-28 00:00:00,P1D,fcre,1.6,ensemble,133,Chla_ugL_mean,13.1218311427027
vera4cast,chlorocast_chronos,2026-10-07 00:00:00,2026-09-28 00:00:00,P1D,fcre,1.6,ensemble,133,Chla_ugL_mean,13.0722744832882
vera4cast,chlorocast_chronos,2026-10-08 00:00:00,2026-09-28 00:00:00,P1D,fcre,1.6,ensemble,133,Chla_ugL_mean,13.1271110531969
vera4cast,chlorocast_chronos,2026-10-09 00:00:00,2026-09-28 00:00:00,P1D,fcre,1.6,ensemble,133,Chla_ugL_mean,13.1608153371903
vera4cast,chlorocast_chronos,2026-10-10 00:00:00,2026-09-28 00:00:00,P1D,fcre,1.6,ensemble,133,Chla_ugL_mean,13.1107870214674
vera4cast,chlorocast_chronos,2026-10-11 00:00:00,2026-09-28 00:00:00,P1D,fcre,1.6,ensemble,133,Chla_ugL_mean,13.3897850584617
vera4cast,chlorocast_chronos,2026-10-12 00:00:00,2026-09-28 00:00:00,P1D,fcre,1.6,ensemble,133,Chla_ugL_mean,13.8502134341834
vera4cast,chlorocast_chronos,2026-10-13 00:00:00,2026-09-28 00:00:00,P1D,fcre,1.6,ensemble,133,Chla_ugL_mean,14.2892870374091
vera4cast,chlorocast_chronos,2026-10-14 00:00:00,2026-09-28 00:00:00,P1D,fcre,1.6,ensemble,133,Chla_ugL_mean,14.9629204470506
vera4cast,chlorocast_chronos,2026-10-15 00:00:00,2026-09-28 00:00:00,P1D,fcre,1.6,ensemble,133,Chla_ugL_mean,15.3990076070697
vera4cast,chlorocast_chronos,2026-10-16 00:00:00,2026-09-28 00:00:00,P1D,fcre,1.6,ensemble,133,Chla_ugL_mean,15.872804426055
vera4cast,chlorocast_chronos,2026-10-17 00:00:00,2026-09-28 00:00:00,P1D,fcre,1.6,ensemble,133,Chla_ugL_mean,15.9364532626016
vera4cast,chlorocast_chronos,2026-10-18 00:00:00,2026-09-28 00:00:00,P1D,fcre,1.6,ensemble,133,Chla_ugL_mean,15.7763662651142
vera4cast,chlorocast_chronos,2026-10-19 00:00:00,2026-09-28 00:00:00,P1D,fcre,1.6,ensemble,133,Chla_ugL_mean,15.5830181911303
vera4cast,chlorocast_chronos,2026-10-20 00:00:00,2026-09-28 00:00:00,P1D,fcre,1.6,ensemble,133,Chla_ugL_mean,14.3643886748761
vera4cast,chlorocast_chronos,2026-10-21 00:00:00,2026-09-28 00:00:00,P1D,fcre,1.6,ensemble,133,Chla_ugL_mean,14.3977829474121
vera4cast,chlorocast_chronos,2026-10-22 00:00:00,2026-09-28 00:00:00,P1D,fcre,1.6,ensemble,133,Chla_ugL_mean,14.2303585913781
vera4cast,chlorocast_chronos,2026-10-23 00:00:00,2026-09-28 00:00:00,P1D,fcre,1.6,ensemble,133,Chla_ugL_mean,14.4340082993238
vera4cast,chlorocast_chronos,2026-10-24 00:00:00,2026-09-28 00:00:00,P1D,fcre,1.6,ensemble,133,Chla_ugL_mean,14.6720884837791
vera4cast,chlorocast_chronos,2026-10-25 00:00:00,2026-09-28 00:00:00,P1D,fcre,1.6,ensemble,133,Chla_ugL_mean,14.8193853939317
vera4cast,chlorocast_chronos,2026-10-26 00:00:00,2026-09-28 00:00:00,P1D,fcre,1.6,ensemble,133,Chla_ugL_mean,14.6270938311417
vera4cast,chlorocast_chronos,2026-10-27 00:00:00,2026-09-28 00:00:00,P1D,fcre,1.6,ensemble,133,Chla_ugL_mean,14.4447169102084
vera4cast,chlorocast_chronos,2026-10-28 00:00:00,2026-09-28 00:00:00,P1D,fcre,1.6,ensemble,133,Chla_ugL_mean,14.402641554804
vera4cast,chlorocast_chronos,2026-10-29 00:00:00,2026-09-28 00:00:00,P1D,fcre,1.6,ensemble,133,Chla_ugL_mean,14.2759426862925
vera4cast,chlorocast_chronos,2026-10-30 00:00:00,2026-09-28 00:00:00,P1D,fcre,1.6,ensemble,133,Chla_ugL_mean,14.2495371628074
vera4cast,chlorocast_chronos,2026-10-31 00:00:00,2026-09-28 00:00:00,P1D,fcre,1.6,ensemble,133,Chla_ugL_mean,14.1362199186151
vera4cast,chlorocast_chronos,2026-11-01 00:00:00,2026-09-28 00:00:00,P1D,fcre,1.6,ensemble,133,Chla_ugL_mean,14.1448721816082
vera4cast,chlorocast_chronos,2026-11-02 00:00:00,2026-09-28 00:00:00,P1D,fcre,1.6,ensemble,133,Chla_ugL_mean,14.1219768925217
vera4cast,chlorocast_chronos,2026-09-29 00:00:00,2026-09-28 00:00:00,P1D,fcre,1.6,ensemble,134,Chla_ugL_mean,12.2150117788564
vera4cast,chlorocast_chronos,2026-09-30 00:00:00,2026-09-28 00:00:00,P1D,fcre,1.6,ensemble,134,Chla_ugL_mean,12.5316022408819
vera4cast,chlorocast_chronos,2026-10-01 00:00:00,2026-09-28 00:00:00,P1D,fcre,1.6,ensemble,134,Chla_ugL_mean,12.7179699336291
vera4cast,chlorocast_chronos,2026-10-02 00:00:00,2026-09-28 00:00:00,P1D,fcre,1.6,ensemble,134,Chla_ugL_mean,12.669816869393
vera4cast,chlorocast_chronos,2026-10-03 00:00:00,2026-09-28 00:00:00,P1D,fcre,1.6,ensemble,134,Chla_ugL_mean,12.7472055897849
vera4cast,chlorocast_chronos,2026-10-04 00:00:00,2026-09-28 00:00:00,P1D,fcre,1.6,ensemble,134,Chla_ugL_mean,13.3074601325258
vera4cast,chlorocast_chronos,2026-10-05 00:00:00,2026-09-28 00:00:00,P1D,fcre,1.6,ensemble,134,Chla_ugL_mean,13.14227708955
vera4cast,chlorocast_chronos,2026-10-06 00:00:00,2026-09-28 00:00:00,P1D,fcre,1.6,ensemble,134,Chla_ugL_mean,13.281689755303
vera4cast,chlorocast_chronos,2026-10-07 00:00:00,2026-09-28 00:00:00,P1D,fcre,1.6,ensemble,134,Chla_ugL_mean,13.2255305133434
vera4cast,chlorocast_chronos,2026-10-08 00:00:00,2026-09-28 00:00:00,P1D,fcre,1.6,ensemble,134,Chla_ugL_mean,13.2790491117088
vera4cast,chlorocast_chronos,2026-10-09 00:00:00,2026-09-28 00:00:00,P1D,fcre,1.6,ensemble,134,Chla_ugL_mean,13.3166893179291
vera4cast,chlorocast_chronos,2026-10-10 00:00:00,2026-09-28 00:00:00,P1D,fcre,1.6,ensemble,134,Chla_ugL_mean,13.2659697548173
vera4cast,chlorocast_chronos,2026-10-11 00:00:00,2026-09-28 00:00:00,P1D,fcre,1.6,ensemble,134,Chla_ugL_mean,13.5484850176435
vera4cast,chlorocast_chronos,2026-10-12 00:00:00,2026-09-28 00:00:00,P1D,fcre,1.6,ensemble,134,Chla_ugL_mean,14.0169322283062
vera4cast,chlorocast_chronos,2026-10-13 00:00:00,2026-09-28 00:00:00,P1D,fcre,1.6,ensemble,134,Chla_ugL_mean,14.4640833350092
vera4cast,chlorocast_chronos,2026-10-14 00:00:00,2026-09-28 00:00:00,P1D,fcre,1.6,ensemble,134,Chla_ugL_mean,15.1539391726322
vera4cast,chlorocast_chronos,2026-10-15 00:00:00,2026-09-28 00:00:00,P1D,fcre,1.6,ensemble,134,Chla_ugL_mean,15.6016095398505
vera4cast,chlorocast_chronos,2026-10-16 00:00:00,2026-09-28 00:00:00,P1D,fcre,1.6,ensemble,134,Chla_ugL_mean,16.086171353882
vera4cast,chlorocast_chronos,2026-10-17 00:00:00,2026-09-28 00:00:00,P1D,fcre,1.6,ensemble,134,Chla_ugL_mean,16.1536878771468
vera4cast,chlorocast_chronos,2026-10-18 00:00:00,2026-09-28 00:00:00,P1D,fcre,1.6,ensemble,134,Chla_ugL_mean,15.9886259285872
vera4cast,chlorocast_chronos,2026-10-19 00:00:00,2026-09-28 00:00:00,P1D,fcre,1.6,ensemble,134,Chla_ugL_mean,15.7881867526714
vera4cast,chlorocast_chronos,2026-10-20 00:00:00,2026-09-28 00:00:00,P1D,fcre,1.6,ensemble,134,Chla_ugL_mean,14.5172644822293
vera4cast,chlorocast_chronos,2026-10-21 00:00:00,2026-09-28 00:00:00,P1D,fcre,1.6,ensemble,134,Chla_ugL_mean,14.5511052711481
vera4cast,chlorocast_chronos,2026-10-22 00:00:00,2026-09-28 00:00:00,P1D,fcre,1.6,ensemble,134,Chla_ugL_mean,14.3819730143787
vera4cast,chlorocast_chronos,2026-10-23 00:00:00,2026-09-28 00:00:00,P1D,fcre,1.6,ensemble,134,Chla_ugL_mean,14.600350105403
vera4cast,chlorocast_chronos,2026-10-24 00:00:00,2026-09-28 00:00:00,P1D,fcre,1.6,ensemble,134,Chla_ugL_mean,14.8509477663673
vera4cast,chlorocast_chronos,2026-10-25 00:00:00,2026-09-28 00:00:00,P1D,fcre,1.6,ensemble,134,Chla_ugL_mean,15.0088564797045
vera4cast,chlorocast_chronos,2026-10-26 00:00:00,2026-09-28 00:00:00,P1D,fcre,1.6,ensemble,134,Chla_ugL_mean,14.8141571382186
vera4cast,chlorocast_chronos,2026-10-27 00:00:00,2026-09-28 00:00:00,P1D,fcre,1.6,ensemble,134,Chla_ugL_mean,14.6307606433764
vera4cast,chlorocast_chronos,2026-10-28 00:00:00,2026-09-28 00:00:00,P1D,fcre,1.6,ensemble,134,Chla_ugL_mean,14.5880501818554
vera4cast,chlorocast_chronos,2026-10-29 00:00:00,2026-09-28 00:00:00,P1D,fcre,1.6,ensemble,134,Chla_ugL_mean,14.4616562259153
vera4cast,chlorocast_chronos,2026-10-30 00:00:00,2026-09-28 00:00:00,P1D,fcre,1.6,ensemble,134,Chla_ugL_mean,14.4362965348454
vera4cast,chlorocast_chronos,2026-10-31 00:00:00,2026-09-28 00:00:00,P1D,fcre,1.6,ensemble,134,Chla_ugL_mean,14.3219321155684
vera4cast,chlorocast_chronos,2026-11-01 00:00:00,2026-09-28 00:00:00,P1D,fcre,1.6,ensemble,134,Chla_ugL_mean,14.3307971305304
vera4cast,chlorocast_chronos,2026-11-02 00:00:00,2026-09-28 00:00:00,P1D,fcre,1.6,ensemble,134,Chla_ugL_mean,14.3065404097936
vera4cast,chlorocast_chronos,2026-09-29 00:00:00,2026-09-28 00:00:00,P1D,fcre,1.6,ensemble,135,Chla_ugL_mean,12.3279023325748
vera4cast,chlorocast_chronos,2026-09-30 00:00:00,2026-09-28 00:00:00,P1D,fcre,1.6,ensemble,135,Chla_ugL_mean,12.6545512118667
vera4cast,chlorocast_chronos,2026-10-01 00:00:00,2026-09-28 00:00:00,P1D,fcre,1.6,ensemble,135,Chla_ugL_mean,12.8499952798555
vera4cast,chlorocast_chronos,2026-10-02 00:00:00,2026-09-28 00:00:00,P1D,fcre,1.6,ensemble,135,Chla_ugL_mean,12.8073456864431
vera4cast,chlorocast_chronos,2026-10-03 00:00:00,2026-09-28 00:00:00,P1D,fcre,1.6,ensemble,135,Chla_ugL_mean,12.8902770927355
vera4cast,chlorocast_chronos,2026-10-04 00:00:00,2026-09-28 00:00:00,P1D,fcre,1.6,ensemble,135,Chla_ugL_mean,13.470270372956
vera4cast,chlorocast_chronos,2026-10-05 00:00:00,2026-09-28 00:00:00,P1D,fcre,1.6,ensemble,135,Chla_ugL_mean,13.300103463851
vera4cast,chlorocast_chronos,2026-10-06 00:00:00,2026-09-28 00:00:00,P1D,fcre,1.6,ensemble,135,Chla_ugL_mean,13.4433579615576
vera4cast,chlorocast_chronos,2026-10-07 00:00:00,2026-09-28 00:00:00,P1D,fcre,1.6,ensemble,135,Chla_ugL_mean,13.3804555991561
vera4cast,chlorocast_chronos,2026-10-08 00:00:00,2026-09-28 00:00:00,P1D,fcre,1.6,ensemble,135,Chla_ugL_mean,13.4326212745706
vera4cast,chlorocast_chronos,2026-10-09 00:00:00,2026-09-28 00:00:00,P1D,fcre,1.6,ensemble,135,Chla_ugL_mean,13.4742790683672
vera4cast,chlorocast_chronos,2026-10-10 00:00:00,2026-09-28 00:00:00,P1D,fcre,1.6,ensemble,135,Chla_ugL_mean,13.4228591031629
vera4cast,chlorocast_chronos,2026-10-11 00:00:00,2026-09-28 00:00:00,P1D,fcre,1.6,ensemble,135,Chla_ugL_mean,13.7089352237498
vera4cast,chlorocast_chronos,2026-10-12 00:00:00,2026-09-28 00:00:00,P1D,fcre,1.6,ensemble,135,Chla_ugL_mean,14.1855227232255
vera4cast,chlorocast_chronos,2026-10-13 00:00:00,2026-09-28 00:00:00,P1D,fcre,1.6,ensemble,135,Chla_ugL_mean,14.6408780086997
vera4cast,chlorocast_chronos,2026-10-14 00:00:00,2026-09-28 00:00:00,P1D,fcre,1.6,ensemble,135,Chla_ugL_mean,15.3472437051025
vera4cast,chlorocast_chronos,2026-10-15 00:00:00,2026-09-28 00:00:00,P1D,fcre,1.6,ensemble,135,Chla_ugL_mean,15.8067145230689
vera4cast,chlorocast_chronos,2026-10-16 00:00:00,2026-09-28 00:00:00,P1D,fcre,1.6,ensemble,135,Chla_ugL_mean,16.3022364369617
vera4cast,chlorocast_chronos,2026-10-17 00:00:00,2026-09-28 00:00:00,P1D,fcre,1.6,ensemble,135,Chla_ugL_mean,16.3737088411729
vera4cast,chlorocast_chronos,2026-10-18 00:00:00,2026-09-28 00:00:00,P1D,fcre,1.6,ensemble,135,Chla_ugL_mean,16.2035711655644
vera4cast,chlorocast_chronos,2026-10-19 00:00:00,2026-09-28 00:00:00,P1D,fcre,1.6,ensemble,135,Chla_ugL_mean,15.9958937024696
vera4cast,chlorocast_chronos,2026-10-20 00:00:00,2026-09-28 00:00:00,P1D,fcre,1.6,ensemble,135,Chla_ugL_mean,14.671661405259
vera4cast,chlorocast_chronos,2026-10-21 00:00:00,2026-09-28 00:00:00,P1D,fcre,1.6,ensemble,135,Chla_ugL_mean,14.7059542909698
vera4cast,chlorocast_chronos,2026-10-22 00:00:00,2026-09-28 00:00:00,P1D,fcre,1.6,ensemble,135,Chla_ugL_mean,14.5350967211643
vera4cast,chlorocast_chronos,2026-10-23 00:00:00,2026-09-28 00:00:00,P1D,fcre,1.6,ensemble,135,Chla_ugL_mean,14.7684846794989
vera4cast,chlorocast_chronos,2026-10-24 00:00:00,2026-09-28 00:00:00,P1D,fcre,1.6,ensemble,135,Chla_ugL_mean,15.0318482984675
vera4cast,chlorocast_chronos,2026-10-25 00:00:00,2026-09-28 00:00:00,P1D,fcre,1.6,ensemble,135,Chla_ugL_mean,15.2005968883019
vera4cast,chlorocast_chronos,2026-10-26 00:00:00,2026-09-28 00:00:00,P1D,fcre,1.6,ensemble,135,Chla_ugL_mean,15.0034596768015
vera4cast,chlorocast_chronos,2026-10-27 00:00:00,2026-09-28 00:00:00,P1D,fcre,1.6,ensemble,135,Chla_ugL_mean,14.8190454192812
vera4cast,chlorocast_chronos,2026-10-28 00:00:00,2026-09-28 00:00:00,P1D,fcre,1.6,ensemble,135,Chla_ugL_mean,14.7756906571818
vera4cast,chlorocast_chronos,2026-10-29 00:00:00,2026-09-28 00:00:00,P1D,fcre,1.6,ensemble,135,Chla_ugL_mean,14.649627532506
vera4cast,chlorocast_chronos,2026-10-30 00:00:00,2026-09-28 00:00:00,P1D,fcre,1.6,ensemble,135,Chla_ugL_mean,14.6253431279756
vera4cast,chlorocast_chronos,2026-10-31 00:00:00,2026-09-28 00:00:00,P1D,fcre,1.6,ensemble,135,Chla_ugL_mean,14.5099228880367
vera4cast,chlorocast_chronos,2026-11-01 00:00:00,2026-09-28 00:00:00,P1D,fcre,1.6,ensemble,135,Chla_ugL_mean,14.519004573898
vera4cast,chlorocast_chronos,2026-11-02 00:00:00,2026-09-28 00:00:00,P1D,fcre,1.6,ensemble,135,Chla_ugL_mean,14.4933565222222
vera4cast,chlorocast_chronos,2026-09-29 00:00:00,2026-09-28 00:00:00,P1D,fcre,1.6,ensemble,136,Chla_ugL_mean,12.4417572650869
vera4cast,chlorocast_chronos,2026-09-30 00:00:00,2026-09-28 00:00:00,P1D,fcre,1.6,ensemble,136,Chla_ugL_mean,12.7786173047708
vera4cast,chlorocast_chronos,2026-10-01 00:00:00,2026-09-28 00:00:00,P1D,fcre,1.6,ensemble,136,Chla_ugL_mean,12.9832912726958
vera4cast,chlorocast_chronos,2026-10-02 00:00:00,2026-09-28 00:00:00,P1D,fcre,1.6,ensemble,136,Chla_ugL_mean,12.9462581486218
vera4cast,chlorocast_chronos,2026-10-03 00:00:00,2026-09-28 00:00:00,P1D,fcre,1.6,ensemble,136,Chla_ugL_mean,13.0348375859265
vera4cast,chlorocast_chronos,2026-10-04 00:00:00,2026-09-28 00:00:00,P1D,fcre,1.6,ensemble,136,Chla_ugL_mean,13.6349332954237
vera4cast,chlorocast_chronos,2026-10-05 00:00:00,2026-09-28 00:00:00,P1D,fcre,1.6,ensemble,136,Chla_ugL_mean,13.4596911644411
vera4cast,chlorocast_chronos,2026-10-06 00:00:00,2026-09-28 00:00:00,P1D,fcre,1.6,ensemble,136,Chla_ugL_mean,13.6068562460005
vera4cast,chlorocast_chronos,2026-10-07 00:00:00,2026-09-28 00:00:00,P1D,fcre,1.6,ensemble,136,Chla_ugL_mean,13.5370679178065
vera4cast,chlorocast_chronos,2026-10-08 00:00:00,2026-09-28 00:00:00,P1D,fcre,1.6,ensemble,136,Chla_ugL_mean,13.5878451166879
vera4cast,chlorocast_chronos,2026-10-09 00:00:00,2026-09-28 00:00:00,P1D,fcre,1.6,ensemble,136,Chla_ugL_mean,13.6336034746947
vera4cast,chlorocast_chronos,2026-10-10 00:00:00,2026-09-28 00:00:00,P1D,fcre,1.6,ensemble,136,Chla_ugL_mean,13.5814738349241
vera4cast,chlorocast_chronos,2026-10-11 00:00:00,2026-09-28 00:00:00,P1D,fcre,1.6,ensemble,136,Chla_ugL_mean,13.8711549796484
vera4cast,chlorocast_chronos,2026-10-12 00:00:00,2026-09-28 00:00:00,P1D,fcre,1.6,ensemble,136,Chla_ugL_mean,14.3560059319524
vera4cast,chlorocast_chronos,2026-10-13 00:00:00,2026-09-28 00:00:00,P1D,fcre,1.6,ensemble,136,Chla_ugL_mean,14.8196939051143
vera4cast,chlorocast_chronos,2026-10-14 00:00:00,2026-09-28 00:00:00,P1D,fcre,1.6,ensemble,136,Chla_ugL_mean,15.5428613973461
vera4cast,chlorocast_chronos,2026-10-15 00:00:00,2026-09-28 00:00:00,P1D,fcre,1.6,ensemble,136,Chla_ugL_mean,16.0143534807215
vera4cast,chlorocast_chronos,2026-10-16 00:00:00,2026-09-28 00:00:00,P1D,fcre,1.6,ensemble,136,Chla_ugL_mean,16.5210337951169
vera4cast,chlorocast_chronos,2026-10-17 00:00:00,2026-09-28 00:00:00,P1D,fcre,1.6,ensemble,136,Chla_ugL_mean,16.5965518936594
vera4cast,chlorocast_chronos,2026-10-18 00:00:00,2026-09-28 00:00:00,P1D,fcre,1.6,ensemble,136,Chla_ugL_mean,16.4212359547345
vera4cast,chlorocast_chronos,2026-10-19 00:00:00,2026-09-28 00:00:00,P1D,fcre,1.6,ensemble,136,Chla_ugL_mean,16.2061704459942
vera4cast,chlorocast_chronos,2026-10-20 00:00:00,2026-09-28 00:00:00,P1D,fcre,1.6,ensemble,136,Chla_ugL_mean,14.8275945790801
vera4cast,chlorocast_chronos,2026-10-21 00:00:00,2026-09-28 00:00:00,P1D,fcre,1.6,ensemble,136,Chla_ugL_mean,14.8623452088445
vera4cast,chlorocast_chronos,2026-10-22 00:00:00,2026-09-28 00:00:00,P1D,fcre,1.6,ensemble,136,Chla_ugL_mean,14.6897447362787
vera4cast,chlorocast_chronos,2026-10-23 00:00:00,2026-09-28 00:00:00,P1D,fcre,1.6,ensemble,136,Chla_ugL_mean,14.9384313433758
vera4cast,chlorocast_chronos,2026-10-24 00:00:00,2026-09-28 00:00:00,P1D,fcre,1.6,ensemble,136,Chla_ugL_mean,15.2148133760445
vera4cast,chlorocast_chronos,2026-10-25 00:00:00,2026-09-28 00:00:00,P1D,fcre,1.6,ensemble,136,Chla_ugL_mean,15.3946337997342
vera4cast,chlorocast_chronos,2026-10-26 00:00:00,2026-09-28 00:00:00,P1D,fcre,1.6,ensemble,136,Chla_ugL_mean,15.1950282514938
vera4cast,chlorocast_chronos,2026-10-27 00:00:00,2026-09-28 00:00:00,P1D,fcre,1.6,ensemble,136,Chla_ugL_mean,15.0095982330407
vera4cast,chlorocast_chronos,2026-10-28 00:00:00,2026-09-28 00:00:00,P1D,fcre,1.6,ensemble,136,Chla_ugL_mean,14.9655898465597
vera4cast,chlorocast_chronos,2026-10-29 00:00:00,2026-09-28 00:00:00,P1D,fcre,1.6,ensemble,136,Chla_ugL_mean,14.8398840543146
vera4cast,chlorocast_chronos,2026-10-30 00:00:00,2026-09-28 00:00:00,P1D,fcre,1.6,ensemble,136,Chla_ugL_mean,14.8167049535381
vera4cast,chlorocast_chronos,2026-10-31 00:00:00,2026-09-28 00:00:00,P1D,fcre,1.6,ensemble,136,Chla_ugL_mean,14.7002201927535
vera4cast,chlorocast_chronos,2026-11-01 00:00:00,2026-09-28 00:00:00,P1D,fcre,1.6,ensemble,136,Chla_ugL_mean,14.7095225325921
vera4cast,chlorocast_chronos,2026-11-02 00:00:00,2026-09-28 00:00:00,P1D,fcre,1.6,ensemble,136,Chla_ugL_mean,14.6824527227
vera4cast,chlorocast_chronos,2026-09-29 00:00:00,2026-09-28 00:00:00,P1D,fcre,1.6,ensemble,137,Chla_ugL_mean,12.5565848146946
vera4cast,chlorocast_chronos,2026-09-30 00:00:00,2026-09-28 00:00:00,P1D,fcre,1.6,ensemble,137,Chla_ugL_mean,12.9038106698326
vera4cast,chlorocast_chronos,2026-10-01 00:00:00,2026-09-28 00:00:00,P1D,fcre,1.6,ensemble,137,Chla_ugL_mean,13.1178701411868
vera4cast,chlorocast_chronos,2026-10-02 00:00:00,2026-09-28 00:00:00,P1D,fcre,1.6,ensemble,137,Chla_ugL_mean,13.0865681764576
vera4cast,chlorocast_chronos,2026-10-03 00:00:00,2026-09-28 00:00:00,P1D,fcre,1.6,ensemble,137,Chla_ugL_mean,13.1809025657489
vera4cast,chlorocast_chronos,2026-10-04 00:00:00,2026-09-28 00:00:00,P1D,fcre,1.6,ensemble,137,Chla_ugL_mean,13.8014699823295
vera4cast,chlorocast_chronos,2026-10-05 00:00:00,2026-09-28 00:00:00,P1D,fcre,1.6,ensemble,137,Chla_ugL_mean,13.6210598475426
vera4cast,chlorocast_chronos,2026-10-06 00:00:00,2026-09-28 00:00:00,P1D,fcre,1.6,ensemble,137,Chla_ugL_mean,13.77220532505
vera4cast,chlorocast_chronos,2026-10-07 00:00:00,2026-09-28 00:00:00,P1D,fcre,1.6,ensemble,137,Chla_ugL_mean,13.6953858443344
vera4cast,chlorocast_chronos,2026-10-08 00:00:00,2026-09-28 00:00:00,P1D,fcre,1.6,ensemble,137,Chla_ugL_mean,13.7447384019856
vera4cast,chlorocast_chronos,2026-10-09 00:00:00,2026-09-28 00:00:00,P1D,fcre,1.6,ensemble,137,Chla_ugL_mean,13.7946816309901
vera4cast,chlorocast_chronos,2026-10-10 00:00:00,2026-09-28 00:00:00,P1D,fcre,1.6,ensemble,137,Chla_ugL_mean,13.7418329249262
vera4cast,chlorocast_chronos,2026-10-11 00:00:00,2026-09-28 00:00:00,P1D,fcre,1.6,ensemble,137,Chla_ugL_mean,14.0351638010913
vera4cast,chlorocast_chronos,2026-10-12 00:00:00,2026-09-28 00:00:00,P1D,fcre,1.6,ensemble,137,Chla_ugL_mean,14.5284031034048
vera4cast,chlorocast_chronos,2026-10-13 00:00:00,2026-09-28 00:00:00,P1D,fcre,1.6,ensemble,137,Chla_ugL_mean,15.0005541320834
vera4cast,chlorocast_chronos,2026-10-14 00:00:00,2026-09-28 00:00:00,P1D,fcre,1.6,ensemble,137,Chla_ugL_mean,15.740819929563
vera4cast,chlorocast_chronos,2026-10-15 00:00:00,2026-09-28 00:00:00,P1D,fcre,1.6,ensemble,137,Chla_ugL_mean,16.2245577188562
vera4cast,chlorocast_chronos,2026-10-16 00:00:00,2026-09-28 00:00:00,P1D,fcre,1.6,ensemble,137,Chla_ugL_mean,16.7425979796365
vera4cast,chlorocast_chronos,2026-10-17 00:00:00,2026-09-28 00:00:00,P1D,fcre,1.6,ensemble,137,Chla_ugL_mean,16.8222532319901
vera4cast,chlorocast_chronos,2026-10-18 00:00:00,2026-09-28 00:00:00,P1D,fcre,1.6,ensemble,137,Chla_ugL_mean,16.6416547046949
vera4cast,chlorocast_chronos,2026-10-19 00:00:00,2026-09-28 00:00:00,P1D,fcre,1.6,ensemble,137,Chla_ugL_mean,16.4190487772694
vera4cast,chlorocast_chronos,2026-10-20 00:00:00,2026-09-28 00:00:00,P1D,fcre,1.6,ensemble,137,Chla_ugL_mean,14.985079289402
vera4cast,chlorocast_chronos,2026-10-21 00:00:00,2026-09-28 00:00:00,P1D,fcre,1.6,ensemble,137,Chla_ugL_mean,15.020293378112
vera4cast,chlorocast_chronos,2026-10-22 00:00:00,2026-09-28 00:00:00,P1D,fcre,1.6,ensemble,137,Chla_ugL_mean,14.8459322338314
vera4cast,chlorocast_chronos,2026-10-23 00:00:00,2026-09-28 00:00:00,P1D,fcre,1.6,ensemble,137,Chla_ugL_mean,15.1102096270406
vera4cast,chlorocast_chronos,2026-10-24 00:00:00,2026-09-28 00:00:00,P1D,fcre,1.6,ensemble,137,Chla_ugL_mean,15.3998665609307
vera4cast,chlorocast_chronos,2026-10-25 00:00:00,2026-09-28 00:00:00,P1D,fcre,1.6,ensemble,137,Chla_ugL_mean,15.5909947195507
vera4cast,chlorocast_chronos,2026-10-26 00:00:00,2026-09-28 00:00:00,P1D,fcre,1.6,ensemble,137,Chla_ugL_mean,15.3888899877618
vera4cast,chlorocast_chronos,2026-10-27 00:00:00,2026-09-28 00:00:00,P1D,fcre,1.6,ensemble,137,Chla_ugL_mean,15.2024464049504
vera4cast,chlorocast_chronos,2026-10-28 00:00:00,2026-09-28 00:00:00,P1D,fcre,1.6,ensemble,137,Chla_ugL_mean,15.1577749391611
vera4cast,chlorocast_chronos,2026-10-29 00:00:00,2026-09-28 00:00:00,P1D,fcre,1.6,ensemble,137,Chla_ugL_mean,15.0324535732865
vera4cast,chlorocast_chronos,2026-10-30 00:00:00,2026-09-28 00:00:00,P1D,fcre,1.6,ensemble,137,Chla_ugL_mean,15.0104103659252
vera4cast,chlorocast_chronos,2026-10-31 00:00:00,2026-09-28 00:00:00,P1D,fcre,1.6,ensemble,137,Chla_ugL_mean,14.8928523294643
vera4cast,chlorocast_chronos,2026-11-01 00:00:00,2026-09-28 00:00:00,P1D,fcre,1.6,ensemble,137,Chla_ugL_mean,14.9023793714904
vera4cast,chlorocast_chronos,2026-11-02 00:00:00,2026-09-28 00:00:00,P1D,fcre,1.6,ensemble,137,Chla_ugL_mean,14.87385683967
vera4cast,chlorocast_chronos,2026-09-29 00:00:00,2026-09-28 00:00:00,P1D,fcre,1.6,ensemble,138,Chla_ugL_mean,12.6723932900763
vera4cast,chlorocast_chronos,2026-09-30 00:00:00,2026-09-28 00:00:00,P1D,fcre,1.6,ensemble,138,Chla_ugL_mean,13.0301415495165
vera4cast,chlorocast_chronos,2026-10-01 00:00:00,2026-09-28 00:00:00,P1D,fcre,1.6,ensemble,138,Chla_ugL_mean,13.2537442320609
vera4cast,chlorocast_chronos,2026-10-02 00:00:00,2026-09-28 00:00:00,P1D,fcre,1.6,ensemble,138,Chla_ugL_mean,13.2282898305305
vera4cast,chlorocast_chronos,2026-10-03 00:00:00,2026-09-28 00:00:00,P1D,fcre,1.6,ensemble,138,Chla_ugL_mean,13.3284876898693
vera4cast,chlorocast_chronos,2026-10-04 00:00:00,2026-09-28 00:00:00,P1D,fcre,1.6,ensemble,138,Chla_ugL_mean,13.9699017559792
vera4cast,chlorocast_chronos,2026-10-05 00:00:00,2026-09-28 00:00:00,P1D,fcre,1.6,ensemble,138,Chla_ugL_mean,13.7842293887391
vera4cast,chlorocast_chronos,2026-10-06 00:00:00,2026-09-28 00:00:00,P1D,fcre,1.6,ensemble,138,Chla_ugL_mean,13.9394261496334
vera4cast,chlorocast_chronos,2026-10-07 00:00:00,2026-09-28 00:00:00,P1D,fcre,1.6,ensemble,138,Chla_ugL_mean,13.8554279538958
vera4cast,chlorocast_chronos,2026-10-08 00:00:00,2026-09-28 00:00:00,P1D,fcre,1.6,ensemble,138,Chla_ugL_mean,13.9033190854408
vera4cast,chlorocast_chronos,2026-10-09 00:00:00,2026-09-28 00:00:00,P1D,fcre,1.6,ensemble,138,Chla_ugL_mean,13.9575328415084
vera4cast,chlorocast_chronos,2026-10-10 00:00:00,2026-09-28 00:00:00,P1D,fcre,1.6,ensemble,138,Chla_ugL_mean,13.9039555566687
vera4cast,chlorocast_chronos,2026-10-11 00:00:00,2026-09-28 00:00:00,P1D,fcre,1.6,ensemble,138,Chla_ugL_mean,14.2009814190634
vera4cast,chlorocast_chronos,2026-10-12 00:00:00,2026-09-28 00:00:00,P1D,fcre,1.6,ensemble,138,Chla_ugL_mean,14.7027357250553
vera4cast,chlorocast_chronos,2026-10-13 00:00:00,2026-09-28 00:00:00,P1D,fcre,1.6,ensemble,138,Chla_ugL_mean,15.1834820616196
vera4cast,chlorocast_chronos,2026-10-14 00:00:00,2026-09-28 00:00:00,P1D,fcre,1.6,ensemble,138,Chla_ugL_mean,15.9411473131858
vera4cast,chlorocast_chronos,2026-10-15 00:00:00,2026-09-28 00:00:00,P1D,fcre,1.6,ensemble,138,Chla_ugL_mean,16.4373589302923
vera4cast,chlorocast_chronos,2026-10-16 00:00:00,2026-09-28 00:00:00,P1D,fcre,1.6,ensemble,138,Chla_ugL_mean,16.9669639787314
vera4cast,chlorocast_chronos,2026-10-17 00:00:00,2026-09-28 00:00:00,P1D,fcre,1.6,ensemble,138,Chla_ugL_mean,17.0508495178327
vera4cast,chlorocast_chronos,2026-10-18 00:00:00,2026-09-28 00:00:00,P1D,fcre,1.6,ensemble,138,Chla_ugL_mean,16.8648622593912
vera4cast,chlorocast_chronos,2026-10-19 00:00:00,2026-09-28 00:00:00,P1D,fcre,1.6,ensemble,138,Chla_ugL_mean,16.6345608836818
vera4cast,chlorocast_chronos,2026-10-20 00:00:00,2026-09-28 00:00:00,P1D,fcre,1.6,ensemble,138,Chla_ugL_mean,15.1441309740269
vera4cast,chlorocast_chronos,2026-10-21 00:00:00,2026-09-28 00:00:00,P1D,fcre,1.6,ensemble,138,Chla_ugL_mean,15.1798143049916
vera4cast,chlorocast_chronos,2026-10-22 00:00:00,2026-09-28 00:00:00,P1D,fcre,1.6,ensemble,138,Chla_ugL_mean,15.0036745389863
vera4cast,chlorocast_chronos,2026-10-23 00:00:00,2026-09-28 00:00:00,P1D,fcre,1.6,ensemble,138,Chla_ugL_mean,15.2838392709869
vera4cast,chlorocast_chronos,2026-10-24 00:00:00,2026-09-28 00:00:00,P1D,fcre,1.6,ensemble,138,Chla_ugL_mean,15.5870316838604
vera4cast,chlorocast_chronos,2026-10-25 00:00:00,2026-09-28 00:00:00,P1D,fcre,1.6,ensemble,138,Chla_ugL_mean,15.7897074827388
vera4cast,chlorocast_chronos,2026-10-26 00:00:00,2026-09-28 00:00:00,P1D,fcre,1.6,ensemble,138,Chla_ugL_mean,15.5850723357759
vera4cast,chlorocast_chronos,2026-10-27 00:00:00,2026-09-28 00:00:00,P1D,fcre,1.6,ensemble,138,Chla_ugL_mean,15.3976175844001
vera4cast,chlorocast_chronos,2026-10-28 00:00:00,2026-09-28 00:00:00,P1D,fcre,1.6,ensemble,138,Chla_ugL_mean,15.3522734514465
vera4cast,chlorocast_chronos,2026-10-29 00:00:00,2026-09-28 00:00:00,P1D,fcre,1.6,ensemble,138,Chla_ugL_mean,15.2273642091196
vera4cast,chlorocast_chronos,2026-10-30 00:00:00,2026-09-28 00:00:00,P1D,fcre,1.6,ensemble,138,Chla_ugL_mean,15.2064880667818
vera4cast,chlorocast_chronos,2026-10-31 00:00:00,2026-09-28 00:00:00,P1D,fcre,1.6,ensemble,138,Chla_ugL_mean,15.0878479451351
vera4cast,chlorocast_chronos,2026-11-01 00:00:00,2026-09-28 00:00:00,P1D,fcre,1.6,ensemble,138,Chla_ugL_mean,15.0976038036897
vera4cast,chlorocast_chronos,2026-11-02 00:00:00,2026-09-28 00:00:00,P1D,fcre,1.6,ensemble,138,Chla_ugL_mean,15.0675970412205
vera4cast,chlorocast_chronos,2026-09-29 00:00:00,2026-09-28 00:00:00,P1D,fcre,1.6,ensemble,139,Chla_ugL_mean,12.789191070888
vera4cast,chlorocast_chronos,2026-09-30 00:00:00,2026-09-28 00:00:00,P1D,fcre,1.6,ensemble,139,Chla_ugL_mean,13.1576202793503
vera4cast,chlorocast_chronos,2026-10-01 00:00:00,2026-09-28 00:00:00,P1D,fcre,1.6,ensemble,139,Chla_ugL_mean,13.3909260108784
vera4cast,chlorocast_chronos,2026-10-02 00:00:00,2026-09-28 00:00:00,P1D,fcre,1.6,ensemble,139,Chla_ugL_mean,13.3714373128805
vera4cast,chlorocast_chronos,2026-10-03 00:00:00,2026-09-28 00:00:00,P1D,fcre,1.6,ensemble,139,Chla_ugL_mean,13.4776087789088
vera4cast,chlorocast_chronos,2026-10-04 00:00:00,2026-09-28 00:00:00,P1D,fcre,1.6,ensemble,139,Chla_ugL_mean,14.1402501813134
vera4cast,chlorocast_chronos,2026-10-05 00:00:00,2026-09-28 00:00:00,P1D,fcre,1.6,ensemble,139,Chla_ugL_mean,13.9492198854239
vera4cast,chlorocast_chronos,2026-10-06 00:00:00,2026-09-28 00:00:00,P1D,fcre,1.6,ensemble,139,Chla_ugL_mean,14.1085399078417
vera4cast,chlorocast_chronos,2026-10-07 00:00:00,2026-09-28 00:00:00,P1D,fcre,1.6,ensemble,139,Chla_ugL_mean,14.0172130239418
vera4cast,chlorocast_chronos,2026-10-08 00:00:00,2026-09-28 00:00:00,P1D,fcre,1.6,ensemble,139,Chla_ugL_mean,14.0636053151375
vera4cast,chlorocast_chronos,2026-10-09 00:00:00,2026-09-28 00:00:00,P1D,fcre,1.6,ensemble,139,Chla_ugL_mean,14.1221766229942
vera4cast,chlorocast_chronos,2026-10-10 00:00:00,2026-09-28 00:00:00,P1D,fcre,1.6,ensemble,139,Chla_ugL_mean,14.0678611246212
vera4cast,chlorocast_chronos,2026-10-11 00:00:00,2026-09-28 00:00:00,P1D,fcre,1.6,ensemble,139,Chla_ugL_mean,14.3686277821555
vera4cast,chlorocast_chronos,2026-10-12 00:00:00,2026-09-28 00:00:00,P1D,fcre,1.6,ensemble,139,Chla_ugL_mean,14.8790255256102
vera4cast,chlorocast_chronos,2026-10-13 00:00:00,2026-09-28 00:00:00,P1D,fcre,1.6,ensemble,139,Chla_ugL_mean,15.3685013329386
vera4cast,chlorocast_chronos,2026-10-14 00:00:00,2026-09-28 00:00:00,P1D,fcre,1.6,ensemble,139,Chla_ugL_mean,16.1438718948429
vera4cast,chlorocast_chronos,2026-10-15 00:00:00,2026-09-28 00:00:00,P1D,fcre,1.6,ensemble,139,Chla_ugL_mean,16.6527891993988
vera4cast,chlorocast_chronos,2026-10-16 00:00:00,2026-09-28 00:00:00,P1D,fcre,1.6,ensemble,139,Chla_ugL_mean,17.1941672230599
vera4cast,chlorocast_chronos,2026-10-17 00:00:00,2026-09-28 00:00:00,P1D,fcre,1.6,ensemble,139,Chla_ugL_mean,17.2823778830943
vera4cast,chlorocast_chronos,2026-10-18 00:00:00,2026-09-28 00:00:00,P1D,fcre,1.6,ensemble,139,Chla_ugL_mean,17.0908939036249
vera4cast,chlorocast_chronos,2026-10-19 00:00:00,2026-09-28 00:00:00,P1D,fcre,1.6,ensemble,139,Chla_ugL_mean,16.852739350847
vera4cast,chlorocast_chronos,2026-10-20 00:00:00,2026-09-28 00:00:00,P1D,fcre,1.6,ensemble,139,Chla_ugL_mean,15.3047652243636
vera4cast,chlorocast_chronos,2026-10-21 00:00:00,2026-09-28 00:00:00,P1D,fcre,1.6,ensemble,139,Chla_ugL_mean,15.3409236501051
vera4cast,chlorocast_chronos,2026-10-22 00:00:00,2026-09-28 00:00:00,P1D,fcre,1.6,ensemble,139,Chla_ugL_mean,15.1629871294653
vera4cast,chlorocast_chronos,2026-10-23 00:00:00,2026-09-28 00:00:00,P1D,fcre,1.6,ensemble,139,Chla_ugL_mean,15.4593402284638
vera4cast,chlorocast_chronos,2026-10-24 00:00:00,2026-09-28 00:00:00,P1D,fcre,1.6,ensemble,139,Chla_ugL_mean,15.7763328475384
vera4cast,chlorocast_chronos,2026-10-25 00:00:00,2026-09-28 00:00:00,P1D,fcre,1.6,ensemble,139,Chla_ugL_mean,15.9908002576695
vera4cast,chlorocast_chronos,2026-10-26 00:00:00,2026-09-28 00:00:00,P1D,fcre,1.6,ensemble,139,Chla_ugL_mean,15.7836030742972
vera4cast,chlorocast_chronos,2026-10-27 00:00:00,2026-09-28 00:00:00,P1D,fcre,1.6,ensemble,139,Chla_ugL_mean,15.5951397538384
vera4cast,chlorocast_chronos,2026-10-28 00:00:00,2026-09-28 00:00:00,P1D,fcre,1.6,ensemble,139,Chla_ugL_mean,15.5491132311046
vera4cast,chlorocast_chronos,2026-10-29 00:00:00,2026-09-28 00:00:00,P1D,fcre,1.6,ensemble,139,Chla_ugL_mean,15.4246444233697
vera4cast,chlorocast_chronos,2026-10-30 00:00:00,2026-09-28 00:00:00,P1D,fcre,1.6,ensemble,139,Chla_ugL_mean,15.4049671092589
vera4cast,chlorocast_chronos,2026-10-31 00:00:00,2026-09-28 00:00:00,P1D,fcre,1.6,ensemble,139,Chla_ugL_mean,15.2852360382129
vera4cast,chlorocast_chronos,2026-11-01 00:00:00,2026-09-28 00:00:00,P1D,fcre,1.6,ensemble,139,Chla_ugL_mean,15.2952248947811
vera4cast,chlorocast_chronos,2026-11-02 00:00:00,2026-09-28 00:00:00,P1D,fcre,1.6,ensemble,139,Chla_ugL_mean,15.2637018392316
vera4cast,chlorocast_chronos,2026-09-29 00:00:00,2026-09-28 00:00:00,P1D,fcre,1.6,ensemble,140,Chla_ugL_mean,12.9135702224248
vera4cast,chlorocast_chronos,2026-09-30 00:00:00,2026-09-28 00:00:00,P1D,fcre,1.6,ensemble,140,Chla_ugL_mean,13.2932123131813
vera4cast,chlorocast_chronos,2026-10-01 00:00:00,2026-09-28 00:00:00,P1D,fcre,1.6,ensemble,140,Chla_ugL_mean,13.5366734444264
vera4cast,chlorocast_chronos,2026-10-02 00:00:00,2026-09-28 00:00:00,P1D,fcre,1.6,ensemble,140,Chla_ugL_mean,13.5230577014507
vera4cast,chlorocast_chronos,2026-10-03 00:00:00,2026-09-28 00:00:00,P1D,fcre,1.6,ensemble,140,Chla_ugL_mean,13.6358419583081
vera4cast,chlorocast_chronos,2026-10-04 00:00:00,2026-09-28 00:00:00,P1D,fcre,1.6,ensemble,140,Chla_ugL_mean,14.3210283978617
vera4cast,chlorocast_chronos,2026-10-05 00:00:00,2026-09-28 00:00:00,P1D,fcre,1.6,ensemble,140,Chla_ugL_mean,14.1243291861721
vera4cast,chlorocast_chronos,2026-10-06 00:00:00,2026-09-28 00:00:00,P1D,fcre,1.6,ensemble,140,Chla_ugL_mean,14.2879507103815
vera4cast,chlorocast_chronos,2026-10-07 00:00:00,2026-09-28 00:00:00,P1D,fcre,1.6,ensemble,140,Chla_ugL_mean,14.1893867845993
vera4cast,chlorocast_chronos,2026-10-08 00:00:00,2026-09-28 00:00:00,P1D,fcre,1.6,ensemble,140,Chla_ugL_mean,14.2340055710155
vera4cast,chlorocast_chronos,2026-10-09 00:00:00,2026-09-28 00:00:00,P1D,fcre,1.6,ensemble,140,Chla_ugL_mean,14.2964655524263
vera4cast,chlorocast_chronos,2026-10-10 00:00:00,2026-09-28 00:00:00,P1D,fcre,1.6,ensemble,140,Chla_ugL_mean,14.241904821459
vera4cast,chlorocast_chronos,2026-10-11 00:00:00,2026-09-28 00:00:00,P1D,fcre,1.6,ensemble,140,Chla_ugL_mean,14.5465851726849
vera4cast,chlorocast_chronos,2026-10-12 00:00:00,2026-09-28 00:00:00,P1D,fcre,1.6,ensemble,140,Chla_ugL_mean,15.0663876986133
vera4cast,chlorocast_chronos,2026-10-13 00:00:00,2026-09-28 00:00:00,P1D,fcre,1.6,ensemble,140,Chla_ugL_mean,15.5651267757901
vera4cast,chlorocast_chronos,2026-10-14 00:00:00,2026-09-28 00:00:00,P1D,fcre,1.6,ensemble,140,Chla_ugL_mean,16.3597060441847
vera4cast,chlorocast_chronos,2026-10-15 00:00:00,2026-09-28 00:00:00,P1D,fcre,1.6,ensemble,140,Chla_ugL_mean,16.8822745111754
vera4cast,chlorocast_chronos,2026-10-16 00:00:00,2026-09-28 00:00:00,P1D,fcre,1.6,ensemble,140,Chla_ugL_mean,17.4361874458774
vera4cast,chlorocast_chronos,2026-10-17 00:00:00,2026-09-28 00:00:00,P1D,fcre,1.6,ensemble,140,Chla_ugL_mean,17.5280450691475
vera4cast,chlorocast_chronos,2026-10-18 00:00:00,2026-09-28 00:00:00,P1D,fcre,1.6,ensemble,140,Chla_ugL_mean,17.3309959705245
vera4cast,chlorocast_chronos,2026-10-19 00:00:00,2026-09-28 00:00:00,P1D,fcre,1.6,ensemble,140,Chla_ugL_mean,17.0844732367475
vera4cast,chlorocast_chronos,2026-10-20 00:00:00,2026-09-28 00:00:00,P1D,fcre,1.6,ensemble,140,Chla_ugL_mean,15.4748111111185
vera4cast,chlorocast_chronos,2026-10-21 00:00:00,2026-09-28 00:00:00,P1D,fcre,1.6,ensemble,140,Chla_ugL_mean,15.5116805174403
vera4cast,chlorocast_chronos,2026-10-22 00:00:00,2026-09-28 00:00:00,P1D,fcre,1.6,ensemble,140,Chla_ugL_mean,15.3318169008924
vera4cast,chlorocast_chronos,2026-10-23 00:00:00,2026-09-28 00:00:00,P1D,fcre,1.6,ensemble,140,Chla_ugL_mean,15.6455298519196
vera4cast,chlorocast_chronos,2026-10-24 00:00:00,2026-09-28 00:00:00,P1D,fcre,1.6,ensemble,140,Chla_ugL_mean,15.9767563675854
vera4cast,chlorocast_chronos,2026-10-25 00:00:00,2026-09-28 00:00:00,P1D,fcre,1.6,ensemble,140,Chla_ugL_mean,16.2042677897271
vera4cast,chlorocast_chronos,2026-10-26 00:00:00,2026-09-28 00:00:00,P1D,fcre,1.6,ensemble,140,Chla_ugL_mean,15.9938696699998
vera4cast,chlorocast_chronos,2026-10-27 00:00:00,2026-09-28 00:00:00,P1D,fcre,1.6,ensemble,140,Chla_ugL_mean,15.8045081766958
vera4cast,chlorocast_chronos,2026-10-28 00:00:00,2026-09-28 00:00:00,P1D,fcre,1.6,ensemble,140,Chla_ugL_mean,15.7574460223929
vera4cast,chlorocast_chronos,2026-10-29 00:00:00,2026-09-28 00:00:00,P1D,fcre,1.6,ensemble,140,Chla_ugL_mean,15.6340001129688
vera4cast,chlorocast_chronos,2026-10-30 00:00:00,2026-09-28 00:00:00,P1D,fcre,1.6,ensemble,140,Chla_ugL_mean,15.61600909455
vera4cast,chlorocast_chronos,2026-10-31 00:00:00,2026-09-28 00:00:00,P1D,fcre,1.6,ensemble,140,Chla_ugL_mean,15.4943082304056
vera4cast,chlorocast_chronos,2026-11-01 00:00:00,2026-09-28 00:00:00,P1D,fcre,1.6,ensemble,140,Chla_ugL_mean,15.5052870893908
vera4cast,chlorocast_chronos,2026-11-02 00:00:00,2026-09-28 00:00:00,P1D,fcre,1.6,ensemble,140,Chla_ugL_mean,15.4727973634431
vera4cast,chlorocast_chronos,2026-09-29 00:00:00,2026-09-28 00:00:00,P1D,fcre,1.6,ensemble,141,Chla_ugL_mean,13.0656747370752
vera4cast,chlorocast_chronos,2026-09-30 00:00:00,2026-09-28 00:00:00,P1D,fcre,1.6,ensemble,141,Chla_ugL_mean,13.4582236949236
vera4cast,chlorocast_chronos,2026-10-01 00:00:00,2026-09-28 00:00:00,P1D,fcre,1.6,ensemble,141,Chla_ugL_mean,13.7132085255816
vera4cast,chlorocast_chronos,2026-10-02 00:00:00,2026-09-28 00:00:00,P1D,fcre,1.6,ensemble,141,Chla_ugL_mean,13.7047398684882
vera4cast,chlorocast_chronos,2026-10-03 00:00:00,2026-09-28 00:00:00,P1D,fcre,1.6,ensemble,141,Chla_ugL_mean,13.8264151436596
vera4cast,chlorocast_chronos,2026-10-04 00:00:00,2026-09-28 00:00:00,P1D,fcre,1.6,ensemble,141,Chla_ugL_mean,14.5383836964568
vera4cast,chlorocast_chronos,2026-10-05 00:00:00,2026-09-28 00:00:00,P1D,fcre,1.6,ensemble,141,Chla_ugL_mean,14.3350334787026
vera4cast,chlorocast_chronos,2026-10-06 00:00:00,2026-09-28 00:00:00,P1D,fcre,1.6,ensemble,141,Chla_ugL_mean,14.5034674416408
vera4cast,chlorocast_chronos,2026-10-07 00:00:00,2026-09-28 00:00:00,P1D,fcre,1.6,ensemble,141,Chla_ugL_mean,14.3984867655901
vera4cast,chlorocast_chronos,2026-10-08 00:00:00,2026-09-28 00:00:00,P1D,fcre,1.6,ensemble,141,Chla_ugL_mean,14.4403203713301
vera4cast,chlorocast_chronos,2026-10-09 00:00:00,2026-09-28 00:00:00,P1D,fcre,1.6,ensemble,141,Chla_ugL_mean,14.5044963304604
vera4cast,chlorocast_chronos,2026-10-10 00:00:00,2026-09-28 00:00:00,P1D,fcre,1.6,ensemble,141,Chla_ugL_mean,14.4517324661376
vera4cast,chlorocast_chronos,2026-10-11 00:00:00,2026-09-28 00:00:00,P1D,fcre,1.6,ensemble,141,Chla_ugL_mean,14.760890217767
vera4cast,chlorocast_chronos,2026-10-12 00:00:00,2026-09-28 00:00:00,P1D,fcre,1.6,ensemble,141,Chla_ugL_mean,15.2928148152327
vera4cast,chlorocast_chronos,2026-10-13 00:00:00,2026-09-28 00:00:00,P1D,fcre,1.6,ensemble,141,Chla_ugL_mean,15.8025889788594
vera4cast,chlorocast_chronos,2026-10-14 00:00:00,2026-09-28 00:00:00,P1D,fcre,1.6,ensemble,141,Chla_ugL_mean,16.6215968628869
vera4cast,chlorocast_chronos,2026-10-15 00:00:00,2026-09-28 00:00:00,P1D,fcre,1.6,ensemble,141,Chla_ugL_mean,17.1609832264628
vera4cast,chlorocast_chronos,2026-10-16 00:00:00,2026-09-28 00:00:00,P1D,fcre,1.6,ensemble,141,Chla_ugL_mean,17.7299164800634
vera4cast,chlorocast_chronos,2026-10-17 00:00:00,2026-09-28 00:00:00,P1D,fcre,1.6,ensemble,141,Chla_ugL_mean,17.8223585629104
vera4cast,chlorocast_chronos,2026-10-18 00:00:00,2026-09-28 00:00:00,P1D,fcre,1.6,ensemble,141,Chla_ugL_mean,17.6197917788462
vera4cast,chlorocast_chronos,2026-10-19 00:00:00,2026-09-28 00:00:00,P1D,fcre,1.6,ensemble,141,Chla_ugL_mean,17.363269128573
vera4cast,chlorocast_chronos,2026-10-20 00:00:00,2026-09-28 00:00:00,P1D,fcre,1.6,ensemble,141,Chla_ugL_mean,15.6782471641809
vera4cast,chlorocast_chronos,2026-10-21 00:00:00,2026-09-28 00:00:00,P1D,fcre,1.6,ensemble,141,Chla_ugL_mean,15.7167707103887
vera4cast,chlorocast_chronos,2026-10-22 00:00:00,2026-09-28 00:00:00,P1D,fcre,1.6,ensemble,141,Chla_ugL_mean,15.5345055712101
vera4cast,chlorocast_chronos,2026-10-23 00:00:00,2026-09-28 00:00:00,P1D,fcre,1.6,ensemble,141,Chla_ugL_mean,15.8694595339735
vera4cast,chlorocast_chronos,2026-10-24 00:00:00,2026-09-28 00:00:00,P1D,fcre,1.6,ensemble,141,Chla_ugL_mean,16.2158982503754
vera4cast,chlorocast_chronos,2026-10-25 00:00:00,2026-09-28 00:00:00,P1D,fcre,1.6,ensemble,141,Chla_ugL_mean,16.4608416033994
vera4cast,chlorocast_chronos,2026-10-26 00:00:00,2026-09-28 00:00:00,P1D,fcre,1.6,ensemble,141,Chla_ugL_mean,16.2447291969142
vera4cast,chlorocast_chronos,2026-10-27 00:00:00,2026-09-28 00:00:00,P1D,fcre,1.6,ensemble,141,Chla_ugL_mean,16.05491763525
vera4cast,chlorocast_chronos,2026-10-28 00:00:00,2026-09-28 00:00:00,P1D,fcre,1.6,ensemble,141,Chla_ugL_mean,16.0054054807647
vera4cast,chlorocast_chronos,2026-10-29 00:00:00,2026-09-28 00:00:00,P1D,fcre,1.6,ensemble,141,Chla_ugL_mean,15.8852831746578
vera4cast,chlorocast_chronos,2026-10-30 00:00:00,2026-09-28 00:00:00,P1D,fcre,1.6,ensemble,141,Chla_ugL_mean,15.8708788409337
vera4cast,chlorocast_chronos,2026-10-31 00:00:00,2026-09-28 00:00:00,P1D,fcre,1.6,ensemble,141,Chla_ugL_mean,15.7436419710673
vera4cast,chlorocast_chronos,2026-11-01 00:00:00,2026-09-28 00:00:00,P1D,fcre,1.6,ensemble,141,Chla_ugL_mean,15.7586953330857
vera4cast,chlorocast_chronos,2026-11-02 00:00:00,2026-09-28 00:00:00,P1D,fcre,1.6,ensemble,141,Chla_ugL_mean,15.7275843378751
vera4cast,chlorocast_chronos,2026-09-29 00:00:00,2026-09-28 00:00:00,P1D,fcre,1.6,ensemble,142,Chla_ugL_mean,13.2194420732017
vera4cast,chlorocast_chronos,2026-09-30 00:00:00,2026-09-28 00:00:00,P1D,fcre,1.6,ensemble,142,Chla_ugL_mean,13.6251400897243
vera4cast,chlorocast_chronos,2026-10-01 00:00:00,2026-09-28 00:00:00,P1D,fcre,1.6,ensemble,142,Chla_ugL_mean,13.8918874696361
vera4cast,chlorocast_chronos,2026-10-02 00:00:00,2026-09-28 00:00:00,P1D,fcre,1.6,ensemble,142,Chla_ugL_mean,13.8886948633626
vera4cast,chlorocast_chronos,2026-10-03 00:00:00,2026-09-28 00:00:00,P1D,fcre,1.6,ensemble,142,Chla_ugL_mean,14.0194697809889
vera4cast,chlorocast_chronos,2026-10-04 00:00:00,2026-09-28 00:00:00,P1D,fcre,1.6,ensemble,142,Chla_ugL_mean,14.7588225560637
vera4cast,chlorocast_chronos,2026-10-05 00:00:00,2026-09-28 00:00:00,P1D,fcre,1.6,ensemble,142,Chla_ugL_mean,14.5486731939118
vera4cast,chlorocast_chronos,2026-10-06 00:00:00,2026-09-28 00:00:00,P1D,fcre,1.6,ensemble,142,Chla_ugL_mean,14.7220223473639
vera4cast,chlorocast_chronos,2026-10-07 00:00:00,2026-09-28 00:00:00,P1D,fcre,1.6,ensemble,142,Chla_ugL_mean,14.6104652566005
vera4cast,chlorocast_chronos,2026-10-08 00:00:00,2026-09-28 00:00:00,P1D,fcre,1.6,ensemble,142,Chla_ugL_mean,14.6494293019625
vera4cast,chlorocast_chronos,2026-10-09 00:00:00,2026-09-28 00:00:00,P1D,fcre,1.6,ensemble,142,Chla_ugL_mean,14.7153563113886
vera4cast,chlorocast_chronos,2026-10-10 00:00:00,2026-09-28 00:00:00,P1D,fcre,1.6,ensemble,142,Chla_ugL_mean,14.6644487025629
vera4cast,chlorocast_chronos,2026-10-11 00:00:00,2026-09-28 00:00:00,P1D,fcre,1.6,ensemble,142,Chla_ugL_mean,14.9781493940514
vera4cast,chlorocast_chronos,2026-10-12 00:00:00,2026-09-28 00:00:00,P1D,fcre,1.6,ensemble,142,Chla_ugL_mean,15.5224330187412
vera4cast,chlorocast_chronos,2026-10-13 00:00:00,2026-09-28 00:00:00,P1D,fcre,1.6,ensemble,142,Chla_ugL_mean,16.0434552185323
vera4cast,chlorocast_chronos,2026-10-14 00:00:00,2026-09-28 00:00:00,P1D,fcre,1.6,ensemble,142,Chla_ugL_mean,16.8874386010773
vera4cast,chlorocast_chronos,2026-10-15 00:00:00,2026-09-28 00:00:00,P1D,fcre,1.6,ensemble,142,Chla_ugL_mean,17.4440358269717
vera4cast,chlorocast_chronos,2026-10-16 00:00:00,2026-09-28 00:00:00,P1D,fcre,1.6,ensemble,142,Chla_ugL_mean,18.0283252641042
vera4cast,chlorocast_chronos,2026-10-17 00:00:00,2026-09-28 00:00:00,P1D,fcre,1.6,ensemble,142,Chla_ugL_mean,18.1213471550061
vera4cast,chlorocast_chronos,2026-10-18 00:00:00,2026-09-28 00:00:00,P1D,fcre,1.6,ensemble,142,Chla_ugL_mean,17.9131374228145
vera4cast,chlorocast_chronos,2026-10-19 00:00:00,2026-09-28 00:00:00,P1D,fcre,1.6,ensemble,142,Chla_ugL_mean,17.6463630250061
vera4cast,chlorocast_chronos,2026-10-20 00:00:00,2026-09-28 00:00:00,P1D,fcre,1.6,ensemble,142,Chla_ugL_mean,15.8841953084233
vera4cast,chlorocast_chronos,2026-10-21 00:00:00,2026-09-28 00:00:00,P1D,fcre,1.6,ensemble,142,Chla_ugL_mean,15.9244083113492
vera4cast,chlorocast_chronos,2026-10-22 00:00:00,2026-09-28 00:00:00,P1D,fcre,1.6,ensemble,142,Chla_ugL_mean,15.7397097422418
vera4cast,chlorocast_chronos,2026-10-23 00:00:00,2026-09-28 00:00:00,P1D,fcre,1.6,ensemble,142,Chla_ugL_mean,16.0964017066452
vera4cast,chlorocast_chronos,2026-10-24 00:00:00,2026-09-28 00:00:00,P1D,fcre,1.6,ensemble,142,Chla_ugL_mean,16.4584087884531
vera4cast,chlorocast_chronos,2026-10-25 00:00:00,2026-09-28 00:00:00,P1D,fcre,1.6,ensemble,142,Chla_ugL_mean,16.721241800308
vera4cast,chlorocast_chronos,2026-10-26 00:00:00,2026-09-28 00:00:00,P1D,fcre,1.6,ensemble,142,Chla_ugL_mean,16.4992918534551
vera4cast,chlorocast_chronos,2026-10-27 00:00:00,2026-09-28 00:00:00,P1D,fcre,1.6,ensemble,142,Chla_ugL_mean,16.3090585268384
vera4cast,chlorocast_chronos,2026-10-28 00:00:00,2026-09-28 00:00:00,P1D,fcre,1.6,ensemble,142,Chla_ugL_mean,16.2570339882812
vera4cast,chlorocast_chronos,2026-10-29 00:00:00,2026-09-28 00:00:00,P1D,fcre,1.6,ensemble,142,Chla_ugL_mean,16.1403622671669
vera4cast,chlorocast_chronos,2026-10-30 00:00:00,2026-09-28 00:00:00,P1D,fcre,1.6,ensemble,142,Chla_ugL_mean,16.1296579850105
vera4cast,chlorocast_chronos,2026-10-31 00:00:00,2026-09-28 00:00:00,P1D,fcre,1.6,ensemble,142,Chla_ugL_mean,15.9967447278867
vera4cast,chlorocast_chronos,2026-11-01 00:00:00,2026-09-28 00:00:00,P1D,fcre,1.6,ensemble,142,Chla_ugL_mean,16.0159941930192
vera4cast,chlorocast_chronos,2026-11-02 00:00:00,2026-09-28 00:00:00,P1D,fcre,1.6,ensemble,142,Chla_ugL_mean,15.9863121367406
vera4cast,chlorocast_chronos,2026-09-29 00:00:00,2026-09-28 00:00:00,P1D,fcre,1.6,ensemble,143,Chla_ugL_mean,13.3748904089321
vera4cast,chlorocast_chronos,2026-09-30 00:00:00,2026-09-28 00:00:00,P1D,fcre,1.6,ensemble,143,Chla_ugL_mean,13.7939834904589
vera4cast,chlorocast_chronos,2026-10-01 00:00:00,2026-09-28 00:00:00,P1D,fcre,1.6,ensemble,143,Chla_ugL_mean,14.0727363119147
vera4cast,chlorocast_chronos,2026-10-02 00:00:00,2026-09-28 00:00:00,P1D,fcre,1.6,ensemble,143,Chla_ugL_mean,14.0749511189489
vera4cast,chlorocast_chronos,2026-10-03 00:00:00,2026-09-28 00:00:00,P1D,fcre,1.6,ensemble,143,Chla_ugL_mean,14.2150381812632
vera4cast,chlorocast_chronos,2026-10-04 00:00:00,2026-09-28 00:00:00,P1D,fcre,1.6,ensemble,143,Chla_ugL_mean,14.982388722331
vera4cast,chlorocast_chronos,2026-10-05 00:00:00,2026-09-28 00:00:00,P1D,fcre,1.6,ensemble,143,Chla_ugL_mean,14.7652892265824
vera4cast,chlorocast_chronos,2026-10-06 00:00:00,2026-09-28 00:00:00,P1D,fcre,1.6,ensemble,143,Chla_ugL_mean,14.9436582571912
vera4cast,chlorocast_chronos,2026-10-07 00:00:00,2026-09-28 00:00:00,P1D,fcre,1.6,ensemble,143,Chla_ugL_mean,14.8253618837456
vera4cast,chlorocast_chronos,2026-10-08 00:00:00,2026-09-28 00:00:00,P1D,fcre,1.6,ensemble,143,Chla_ugL_mean,14.8613702039413
vera4cast,chlorocast_chronos,2026-10-09 00:00:00,2026-09-28 00:00:00,P1D,fcre,1.6,ensemble,143,Chla_ugL_mean,14.9290839721568
vera4cast,chlorocast_chronos,2026-10-10 00:00:00,2026-09-28 00:00:00,P1D,fcre,1.6,ensemble,143,Chla_ugL_mean,14.880093296526
vera4cast,chlorocast_chronos,2026-10-11 00:00:00,2026-09-28 00:00:00,P1D,fcre,1.6,ensemble,143,Chla_ugL_mean,15.1984034233566
vera4cast,chlorocast_chronos,2026-10-12 00:00:00,2026-09-28 00:00:00,P1D,fcre,1.6,ensemble,143,Chla_ugL_mean,15.7552872818244
vera4cast,chlorocast_chronos,2026-10-13 00:00:00,2026-09-28 00:00:00,P1D,fcre,1.6,ensemble,143,Chla_ugL_mean,16.2877742919016
vera4cast,chlorocast_chronos,2026-10-14 00:00:00,2026-09-28 00:00:00,P1D,fcre,1.6,ensemble,143,Chla_ugL_mean,17.1572908628493
vera4cast,chlorocast_chronos,2026-10-15 00:00:00,2026-09-28 00:00:00,P1D,fcre,1.6,ensemble,143,Chla_ugL_mean,17.7315000154248
vera4cast,chlorocast_chronos,2026-10-16 00:00:00,2026-09-28 00:00:00,P1D,fcre,1.6,ensemble,143,Chla_ugL_mean,18.3314883567127
vera4cast,chlorocast_chronos,2026-10-17 00:00:00,2026-09-28 00:00:00,P1D,fcre,1.6,ensemble,143,Chla_ugL_mean,18.4250851082354
vera4cast,chlorocast_chronos,2026-10-18 00:00:00,2026-09-28 00:00:00,P1D,fcre,1.6,ensemble,143,Chla_ugL_mean,18.2111045828479
vera4cast,chlorocast_chronos,2026-10-19 00:00:00,2026-09-28 00:00:00,P1D,fcre,1.6,ensemble,143,Chla_ugL_mean,17.9338211854293
vera4cast,chlorocast_chronos,2026-10-20 00:00:00,2026-09-28 00:00:00,P1D,fcre,1.6,ensemble,143,Chla_ugL_mean,16.0926865639231
vera4cast,chlorocast_chronos,2026-10-21 00:00:00,2026-09-28 00:00:00,P1D,fcre,1.6,ensemble,143,Chla_ugL_mean,16.1346249614622
vera4cast,chlorocast_chronos,2026-10-22 00:00:00,2026-09-28 00:00:00,P1D,fcre,1.6,ensemble,143,Chla_ugL_mean,15.9474606330183
vera4cast,chlorocast_chronos,2026-10-23 00:00:00,2026-09-28 00:00:00,P1D,fcre,1.6,ensemble,143,Chla_ugL_mean,16.3263968964946
vera4cast,chlorocast_chronos,2026-10-24 00:00:00,2026-09-28 00:00:00,P1D,fcre,1.6,ensemble,143,Chla_ugL_mean,16.7043354341438
vera4cast,chlorocast_chronos,2026-10-25 00:00:00,2026-09-28 00:00:00,P1D,fcre,1.6,ensemble,143,Chla_ugL_mean,16.9855254447669
vera4cast,chlorocast_chronos,2026-10-26 00:00:00,2026-09-28 00:00:00,P1D,fcre,1.6,ensemble,143,Chla_ugL_mean,16.7576123043554
vera4cast,chlorocast_chronos,2026-10-27 00:00:00,2026-09-28 00:00:00,P1D,fcre,1.6,ensemble,143,Chla_ugL_mean,16.5669864547619
vera4cast,chlorocast_chronos,2026-10-28 00:00:00,2026-09-28 00:00:00,P1D,fcre,1.6,ensemble,143,Chla_ugL_mean,16.5123858357597
vera4cast,chlorocast_chronos,2026-10-29 00:00:00,2026-09-28 00:00:00,P1D,fcre,1.6,ensemble,143,Chla_ugL_mean,16.399294735587
vera4cast,chlorocast_chronos,2026-10-30 00:00:00,2026-09-28 00:00:00,P1D,fcre,1.6,ensemble,143,Chla_ugL_mean,16.3924064922746
vera4cast,chlorocast_chronos,2026-10-31 00:00:00,2026-09-28 00:00:00,P1D,fcre,1.6,ensemble,143,Chla_ugL_mean,16.2536734746324
vera4cast,chlorocast_chronos,2026-11-01 00:00:00,2026-09-28 00:00:00,P1D,fcre,1.6,ensemble,143,Chla_ugL_mean,16.2772434024284
vera4cast,chlorocast_chronos,2026-11-02 00:00:00,2026-09-28 00:00:00,P1D,fcre,1.6,ensemble,143,Chla_ugL_mean,16.2490417133019
vera4cast,chlorocast_chronos,2026-09-29 00:00:00,2026-09-28 00:00:00,P1D,fcre,1.6,ensemble,144,Chla_ugL_mean,13.5320381211187
vera4cast,chlorocast_chronos,2026-09-30 00:00:00,2026-09-28 00:00:00,P1D,fcre,1.6,ensemble,144,Chla_ugL_mean,13.9647761439047
vera4cast,chlorocast_chronos,2026-10-01 00:00:00,2026-09-28 00:00:00,P1D,fcre,1.6,ensemble,144,Chla_ugL_mean,14.2557814039178
vera4cast,chlorocast_chronos,2026-10-02 00:00:00,2026-09-28 00:00:00,P1D,fcre,1.6,ensemble,144,Chla_ugL_mean,14.2635374238151
vera4cast,chlorocast_chronos,2026-10-03 00:00:00,2026-09-28 00:00:00,P1D,fcre,1.6,ensemble,144,Chla_ugL_mean,14.4131530761703
vera4cast,chlorocast_chronos,2026-10-04 00:00:00,2026-09-28 00:00:00,P1D,fcre,1.6,ensemble,144,Chla_ugL_mean,15.2091265615149
vera4cast,chlorocast_chronos,2026-10-05 00:00:00,2026-09-28 00:00:00,P1D,fcre,1.6,ensemble,144,Chla_ugL_mean,14.9849230412222
vera4cast,chlorocast_chronos,2026-10-06 00:00:00,2026-09-28 00:00:00,P1D,fcre,1.6,ensemble,144,Chla_ugL_mean,15.1684186045393
vera4cast,chlorocast_chronos,2026-10-07 00:00:00,2026-09-28 00:00:00,P1D,fcre,1.6,ensemble,144,Chla_ugL_mean,15.0432168186413
vera4cast,chlorocast_chronos,2026-10-08 00:00:00,2026-09-28 00:00:00,P1D,fcre,1.6,ensemble,144,Chla_ugL_mean,15.0761814307777
vera4cast,chlorocast_chronos,2026-10-09 00:00:00,2026-09-28 00:00:00,P1D,fcre,1.6,ensemble,144,Chla_ugL_mean,15.1457183129946
vera4cast,chlorocast_chronos,2026-10-10 00:00:00,2026-09-28 00:00:00,P1D,fcre,1.6,ensemble,144,Chla_ugL_mean,15.0987065612537
vera4cast,chlorocast_chronos,2026-10-11 00:00:00,2026-09-28 00:00:00,P1D,fcre,1.6,ensemble,144,Chla_ugL_mean,15.4216935888393
vera4cast,chlorocast_chronos,2026-10-12 00:00:00,2026-09-28 00:00:00,P1D,fcre,1.6,ensemble,144,Chla_ugL_mean,15.9914232109779
vera4cast,chlorocast_chronos,2026-10-13 00:00:00,2026-09-28 00:00:00,P1D,fcre,1.6,ensemble,144,Chla_ugL_mean,16.53559569557
vera4cast,chlorocast_chronos,2026-10-14 00:00:00,2026-09-28 00:00:00,P1D,fcre,1.6,ensemble,144,Chla_ugL_mean,17.4312141514915
vera4cast,chlorocast_chronos,2026-10-15 00:00:00,2026-09-28 00:00:00,P1D,fcre,1.6,ensemble,144,Chla_ugL_mean,18.0234445497424
vera4cast,chlorocast_chronos,2026-10-16 00:00:00,2026-09-28 00:00:00,P1D,fcre,1.6,ensemble,144,Chla_ugL_mean,18.6394815044861
vera4cast,chlorocast_chronos,2026-10-17 00:00:00,2026-09-28 00:00:00,P1D,fcre,1.6,ensemble,144,Chla_ugL_mean,18.733647865046
vera4cast,chlorocast_chronos,2026-10-18 00:00:00,2026-09-28 00:00:00,P1D,fcre,1.6,ensemble,144,Chla_ugL_mean,18.5137660686546
vera4cast,chlorocast_chronos,2026-10-19 00:00:00,2026-09-28 00:00:00,P1D,fcre,1.6,ensemble,144,Chla_ugL_mean,18.2257108907002
vera4cast,chlorocast_chronos,2026-10-20 00:00:00,2026-09-28 00:00:00,P1D,fcre,1.6,ensemble,144,Chla_ugL_mean,16.3037523338032
vera4cast,chlorocast_chronos,2026-10-21 00:00:00,2026-09-28 00:00:00,P1D,fcre,1.6,ensemble,144,Chla_ugL_mean,16.3474526948799
vera4cast,chlorocast_chronos,2026-10-22 00:00:00,2026-09-28 00:00:00,P1D,fcre,1.6,ensemble,144,Chla_ugL_mean,16.1577898500192
vera4cast,chlorocast_chronos,2026-10-23 00:00:00,2026-09-28 00:00:00,P1D,fcre,1.6,ensemble,144,Chla_ugL_mean,16.5594861752792
vera4cast,chlorocast_chronos,2026-10-24 00:00:00,2026-09-28 00:00:00,P1D,fcre,1.6,ensemble,144,Chla_ugL_mean,16.9537263082069
vera4cast,chlorocast_chronos,2026-10-25 00:00:00,2026-09-28 00:00:00,P1D,fcre,1.6,ensemble,144,Chla_ugL_mean,17.2537504521119
vera4cast,chlorocast_chronos,2026-10-26 00:00:00,2026-09-28 00:00:00,P1D,fcre,1.6,ensemble,144,Chla_ugL_mean,17.0197460212959
vera4cast,chlorocast_chronos,2026-10-27 00:00:00,2026-09-28 00:00:00,P1D,fcre,1.6,ensemble,144,Chla_ugL_mean,16.8287578508844
vera4cast,chlorocast_chronos,2026-10-28 00:00:00,2026-09-28 00:00:00,P1D,fcre,1.6,ensemble,144,Chla_ugL_mean,16.7715161173569
vera4cast,chlorocast_chronos,2026-10-29 00:00:00,2026-09-28 00:00:00,P1D,fcre,1.6,ensemble,144,Chla_ugL_mean,16.6621387912979
vera4cast,chlorocast_chronos,2026-10-30 00:00:00,2026-09-28 00:00:00,P1D,fcre,1.6,ensemble,144,Chla_ugL_mean,16.6591852480195
vera4cast,chlorocast_chronos,2026-10-31 00:00:00,2026-09-28 00:00:00,P1D,fcre,1.6,ensemble,144,Chla_ugL_mean,16.5144860463081
vera4cast,chlorocast_chronos,2026-11-01 00:00:00,2026-09-28 00:00:00,P1D,fcre,1.6,ensemble,144,Chla_ugL_mean,16.5425036116442
vera4cast,chlorocast_chronos,2026-11-02 00:00:00,2026-09-28 00:00:00,P1D,fcre,1.6,ensemble,144,Chla_ugL_mean,16.5158349635932
vera4cast,chlorocast_chronos,2026-09-29 00:00:00,2026-09-28 00:00:00,P1D,fcre,1.6,ensemble,145,Chla_ugL_mean,13.6909037875118
vera4cast,chlorocast_chronos,2026-09-30 00:00:00,2026-09-28 00:00:00,P1D,fcre,1.6,ensemble,145,Chla_ugL_mean,14.1375405536723
vera4cast,chlorocast_chronos,2026-10-01 00:00:00,2026-09-28 00:00:00,P1D,fcre,1.6,ensemble,145,Chla_ugL_mean,14.4410494171618
vera4cast,chlorocast_chronos,2026-10-02 00:00:00,2026-09-28 00:00:00,P1D,fcre,1.6,ensemble,145,Chla_ugL_mean,14.4544829266715
vera4cast,chlorocast_chronos,2026-10-03 00:00:00,2026-09-28 00:00:00,P1D,fcre,1.6,ensemble,145,Chla_ugL_mean,14.6138476235973
vera4cast,chlorocast_chronos,2026-10-04 00:00:00,2026-09-28 00:00:00,P1D,fcre,1.6,ensemble,145,Chla_ugL_mean,15.4390810692839
vera4cast,chlorocast_chronos,2026-10-05 00:00:00,2026-09-28 00:00:00,P1D,fcre,1.6,ensemble,145,Chla_ugL_mean,15.207616680001
vera4cast,chlorocast_chronos,2026-10-06 00:00:00,2026-09-28 00:00:00,P1D,fcre,1.6,ensemble,145,Chla_ugL_mean,15.3963474351128
vera4cast,chlorocast_chronos,2026-10-07 00:00:00,2026-09-28 00:00:00,P1D,fcre,1.6,ensemble,145,Chla_ugL_mean,15.2640707859134
vera4cast,chlorocast_chronos,2026-10-08 00:00:00,2026-09-28 00:00:00,P1D,fcre,1.6,ensemble,145,Chla_ugL_mean,15.293901855406
vera4cast,chlorocast_chronos,2026-10-09 00:00:00,2026-09-28 00:00:00,P1D,fcre,1.6,ensemble,145,Chla_ugL_mean,15.3652988645318
vera4cast,chlorocast_chronos,2026-10-10 00:00:00,2026-09-28 00:00:00,P1D,fcre,1.6,ensemble,145,Chla_ugL_mean,15.3203293649445
vera4cast,chlorocast_chronos,2026-10-11 00:00:00,2026-09-28 00:00:00,P1D,fcre,1.6,ensemble,145,Chla_ugL_mean,15.6480617427323
vera4cast,chlorocast_chronos,2026-10-12 00:00:00,2026-09-28 00:00:00,P1D,fcre,1.6,ensemble,145,Chla_ugL_mean,16.2308870554396
vera4cast,chlorocast_chronos,2026-10-13 00:00:00,2026-09-28 00:00:00,P1D,fcre,1.6,ensemble,145,Chla_ugL_mean,16.7869696356771
vera4cast,chlorocast_chronos,2026-10-14 00:00:00,2026-09-28 00:00:00,P1D,fcre,1.6,ensemble,145,Chla_ugL_mean,17.709269883053
vera4cast,chlorocast_chronos,2026-10-15 00:00:00,2026-09-28 00:00:00,P1D,fcre,1.6,ensemble,145,Chla_ugL_mean,18.3199392594889
vera4cast,chlorocast_chronos,2026-10-16 00:00:00,2026-09-28 00:00:00,P1D,fcre,1.6,ensemble,145,Chla_ugL_mean,18.9523816608313
vera4cast,chlorocast_chronos,2026-10-17 00:00:00,2026-09-28 00:00:00,P1D,fcre,1.6,ensemble,145,Chla_ugL_mean,19.0471120662704
vera4cast,chlorocast_chronos,2026-10-18 00:00:00,2026-09-28 00:00:00,P1D,fcre,1.6,ensemble,145,Chla_ugL_mean,18.821195837024
vera4cast,chlorocast_chronos,2026-10-19 00:00:00,2026-09-28 00:00:00,P1D,fcre,1.6,ensemble,145,Chla_ugL_mean,18.5221004588995
vera4cast,chlorocast_chronos,2026-10-20 00:00:00,2026-09-28 00:00:00,P1D,fcre,1.6,ensemble,145,Chla_ugL_mean,16.5174244089617
vera4cast,chlorocast_chronos,2026-10-21 00:00:00,2026-09-28 00:00:00,P1D,fcre,1.6,ensemble,145,Chla_ugL_mean,16.5629239436482
vera4cast,chlorocast_chronos,2026-10-22 00:00:00,2026-09-28 00:00:00,P1D,fcre,1.6,ensemble,145,Chla_ugL_mean,16.3707293919817
vera4cast,chlorocast_chronos,2026-10-23 00:00:00,2026-09-28 00:00:00,P1D,fcre,1.6,ensemble,145,Chla_ugL_mean,16.7957111672886
vera4cast,chlorocast_chronos,2026-10-24 00:00:00,2026-09-28 00:00:00,P1D,fcre,1.6,ensemble,145,Chla_ugL_mean,17.2066302092513
vera4cast,chlorocast_chronos,2026-10-25 00:00:00,2026-09-28 00:00:00,P1D,fcre,1.6,ensemble,145,Chla_ugL_mean,17.5259756013925
vera4cast,chlorocast_chronos,2026-10-26 00:00:00,2026-09-28 00:00:00,P1D,fcre,1.6,ensemble,145,Chla_ugL_mean,17.2857492948175
vera4cast,chlorocast_chronos,2026-10-27 00:00:00,2026-09-28 00:00:00,P1D,fcre,1.6,ensemble,145,Chla_ugL_mean,17.0944299879795
vera4cast,chlorocast_chronos,2026-10-28 00:00:00,2026-09-28 00:00:00,P1D,fcre,1.6,ensemble,145,Chla_ugL_mean,17.0344807424565
vera4cast,chlorocast_chronos,2026-10-29 00:00:00,2026-09-28 00:00:00,P1D,fcre,1.6,ensemble,145,Chla_ugL_mean,16.9289535250547
vera4cast,chlorocast_chronos,2026-10-30 00:00:00,2026-09-28 00:00:00,P1D,fcre,1.6,ensemble,145,Chla_ugL_mean,16.9300560714461
vera4cast,chlorocast_chronos,2026-10-31 00:00:00,2026-09-28 00:00:00,P1D,fcre,1.6,ensemble,145,Chla_ugL_mean,16.7792411521719
vera4cast,chlorocast_chronos,2026-11-01 00:00:00,2026-09-28 00:00:00,P1D,fcre,1.6,ensemble,145,Chla_ugL_mean,16.8118364021714
vera4cast,chlorocast_chronos,2026-11-02 00:00:00,2026-09-28 00:00:00,P1D,fcre,1.6,ensemble,145,Chla_ugL_mean,16.7867547410032
vera4cast,chlorocast_chronos,2026-09-29 00:00:00,2026-09-28 00:00:00,P1D,fcre,1.6,ensemble,146,Chla_ugL_mean,13.8515061889554
vera4cast,chlorocast_chronos,2026-09-30 00:00:00,2026-09-28 00:00:00,P1D,fcre,1.6,ensemble,146,Chla_ugL_mean,14.3122994831704
vera4cast,chlorocast_chronos,2026-10-01 00:00:00,2026-09-28 00:00:00,P1D,fcre,1.6,ensemble,146,Chla_ugL_mean,14.6285673470651
vera4cast,chlorocast_chronos,2026-10-02 00:00:00,2026-09-28 00:00:00,P1D,fcre,1.6,ensemble,146,Chla_ugL_mean,14.6478171408764
vera4cast,chlorocast_chronos,2026-10-03 00:00:00,2026-09-28 00:00:00,P1D,fcre,1.6,ensemble,146,Chla_ugL_mean,14.8171554131797
vera4cast,chlorocast_chronos,2026-10-04 00:00:00,2026-09-28 00:00:00,P1D,fcre,1.6,ensemble,146,Chla_ugL_mean,15.6722978796478
vera4cast,chlorocast_chronos,2026-10-05 00:00:00,2026-09-28 00:00:00,P1D,fcre,1.6,ensemble,146,Chla_ugL_mean,15.4334127707981
vera4cast,chlorocast_chronos,2026-10-06 00:00:00,2026-09-28 00:00:00,P1D,fcre,1.6,ensemble,146,Chla_ugL_mean,15.6274894155359
vera4cast,chlorocast_chronos,2026-10-07 00:00:00,2026-09-28 00:00:00,P1D,fcre,1.6,ensemble,146,Chla_ugL_mean,15.4879650708108
vera4cast,chlorocast_chronos,2026-10-08 00:00:00,2026-09-28 00:00:00,P1D,fcre,1.6,ensemble,146,Chla_ugL_mean,15.5145708772185
vera4cast,chlorocast_chronos,2026-10-09 00:00:00,2026-09-28 00:00:00,P1D,fcre,1.6,ensemble,146,Chla_ugL_mean,15.5878656950118
vera4cast,chlorocast_chronos,2026-10-10 00:00:00,2026-09-28 00:00:00,P1D,fcre,1.6,ensemble,146,Chla_ugL_mean,15.5450031384091
vera4cast,chlorocast_chronos,2026-10-11 00:00:00,2026-09-28 00:00:00,P1D,fcre,1.6,ensemble,146,Chla_ugL_mean,15.8775503141888
vera4cast,chlorocast_chronos,2026-10-12 00:00:00,2026-09-28 00:00:00,P1D,fcre,1.6,ensemble,146,Chla_ugL_mean,16.4737257162478
vera4cast,chlorocast_chronos,2026-10-13 00:00:00,2026-09-28 00:00:00,P1D,fcre,1.6,ensemble,146,Chla_ugL_mean,17.0419470380709
vera4cast,chlorocast_chronos,2026-10-14 00:00:00,2026-09-28 00:00:00,P1D,fcre,1.6,ensemble,146,Chla_ugL_mean,17.9915204001137
vera4cast,chlorocast_chronos,2026-10-15 00:00:00,2026-09-28 00:00:00,P1D,fcre,1.6,ensemble,146,Chla_ugL_mean,18.6210550625752
vera4cast,chlorocast_chronos,2026-10-16 00:00:00,2026-09-28 00:00:00,P1D,fcre,1.6,ensemble,146,Chla_ugL_mean,19.2702670051929
vera4cast,chlorocast_chronos,2026-10-17 00:00:00,2026-09-28 00:00:00,P1D,fcre,1.6,ensemble,146,Chla_ugL_mean,19.365555570162
vera4cast,chlorocast_chronos,2026-10-18 00:00:00,2026-09-28 00:00:00,P1D,fcre,1.6,ensemble,146,Chla_ugL_mean,19.133469009898
vera4cast,chlorocast_chronos,2026-10-19 00:00:00,2026-09-28 00:00:00,P1D,fcre,1.6,ensemble,146,Chla_ugL_mean,18.8230592613205
vera4cast,chlorocast_chronos,2026-10-20 00:00:00,2026-09-28 00:00:00,P1D,fcre,1.6,ensemble,146,Chla_ugL_mean,16.7337349728608
vera4cast,chlorocast_chronos,2026-10-21 00:00:00,2026-09-28 00:00:00,P1D,fcre,1.6,ensemble,146,Chla_ugL_mean,16.7810715426486
vera4cast,chlorocast_chronos,2026-10-22 00:00:00,2026-09-28 00:00:00,P1D,fcre,1.6,ensemble,146,Chla_ugL_mean,16.5863116547682
vera4cast,chlorocast_chronos,2026-10-23 00:00:00,2026-09-28 00:00:00,P1D,fcre,1.6,ensemble,146,Chla_ugL_mean,17.035114056777
vera4cast,chlorocast_chronos,2026-10-24 00:00:00,2026-09-28 00:00:00,P1D,fcre,1.6,ensemble,146,Chla_ugL_mean,17.4630966232841
vera4cast,chlorocast_chronos,2026-10-25 00:00:00,2026-09-28 00:00:00,P1D,fcre,1.6,ensemble,146,Chla_ugL_mean,17.8022605482525
vera4cast,chlorocast_chronos,2026-10-26 00:00:00,2026-09-28 00:00:00,P1D,fcre,1.6,ensemble,146,Chla_ugL_mean,17.5556792464089
vera4cast,chlorocast_chronos,2026-10-27 00:00:00,2026-09-28 00:00:00,P1D,fcre,1.6,ensemble,146,Chla_ugL_mean,17.3640609922609
vera4cast,chlorocast_chronos,2026-10-28 00:00:00,2026-09-28 00:00:00,P1D,fcre,1.6,ensemble,146,Chla_ugL_mean,17.3013364477317
vera4cast,chlorocast_chronos,2026-10-29 00:00:00,2026-09-28 00:00:00,P1D,fcre,1.6,ensemble,146,Chla_ugL_mean,17.1997989202728
vera4cast,chlorocast_chronos,2026-10-30 00:00:00,2026-09-28 00:00:00,P1D,fcre,1.6,ensemble,146,Chla_ugL_mean,17.2050817299886
vera4cast,chlorocast_chronos,2026-10-31 00:00:00,2026-09-28 00:00:00,P1D,fcre,1.6,ensemble,146,Chla_ugL_mean,17.0479983889516
vera4cast,chlorocast_chronos,2026-11-01 00:00:00,2026-09-28 00:00:00,P1D,fcre,1.6,ensemble,146,Chla_ugL_mean,17.0853043009853
vera4cast,chlorocast_chronos,2026-11-02 00:00:00,2026-09-28 00:00:00,P1D,fcre,1.6,ensemble,146,Chla_ugL_mean,17.0618648710822
vera4cast,chlorocast_chronos,2026-09-29 00:00:00,2026-09-28 00:00:00,P1D,fcre,1.6,ensemble,147,Chla_ugL_mean,14.0138643116072
vera4cast,chlorocast_chronos,2026-09-30 00:00:00,2026-09-28 00:00:00,P1D,fcre,1.6,ensemble,147,Chla_ugL_mean,14.4890759586055
vera4cast,chlorocast_chronos,2026-10-01 00:00:00,2026-09-28 00:00:00,P1D,fcre,1.6,ensemble,147,Chla_ugL_mean,14.8183625168817
vera4cast,chlorocast_chronos,2026-10-02 00:00:00,2026-09-28 00:00:00,P1D,fcre,1.6,ensemble,147,Chla_ugL_mean,14.8435699489974
vera4cast,chlorocast_chronos,2026-10-03 00:00:00,2026-09-28 00:00:00,P1D,fcre,1.6,ensemble,147,Chla_ugL_mean,15.0231104719236
vera4cast,chlorocast_chronos,2026-10-04 00:00:00,2026-09-28 00:00:00,P1D,fcre,1.6,ensemble,147,Chla_ugL_mean,15.9088232740139
vera4cast,chlorocast_chronos,2026-10-05 00:00:00,2026-09-28 00:00:00,P1D,fcre,1.6,ensemble,147,Chla_ugL_mean,15.6623545353624
vera4cast,chlorocast_chronos,2026-10-06 00:00:00,2026-09-28 00:00:00,P1D,fcre,1.6,ensemble,147,Chla_ugL_mean,15.8618898421053
vera4cast,chlorocast_chronos,2026-10-07 00:00:00,2026-09-28 00:00:00,P1D,fcre,1.6,ensemble,147,Chla_ugL_mean,15.7149415269229
vera4cast,chlorocast_chronos,2026-10-08 00:00:00,2026-09-28 00:00:00,P1D,fcre,1.6,ensemble,147,Chla_ugL_mean,15.7382284291953
vera4cast,chlorocast_chronos,2026-10-09 00:00:00,2026-09-28 00:00:00,P1D,fcre,1.6,ensemble,147,Chla_ugL_mean,15.8134594176029
vera4cast,chlorocast_chronos,2026-10-10 00:00:00,2026-09-28 00:00:00,P1D,fcre,1.6,ensemble,147,Chla_ugL_mean,15.7727698828153
vera4cast,chlorocast_chronos,2026-10-11 00:00:00,2026-09-28 00:00:00,P1D,fcre,1.6,ensemble,147,Chla_ugL_mean,16.1102023172352
vera4cast,chlorocast_chronos,2026-10-12 00:00:00,2026-09-28 00:00:00,P1D,fcre,1.6,ensemble,147,Chla_ugL_mean,16.7199867554278
vera4cast,chlorocast_chronos,2026-10-13 00:00:00,2026-09-28 00:00:00,P1D,fcre,1.6,ensemble,147,Chla_ugL_mean,17.300579558625
vera4cast,chlorocast_chronos,2026-10-14 00:00:00,2026-09-28 00:00:00,P1D,fcre,1.6,ensemble,147,Chla_ugL_mean,18.2780289857617
vera4cast,chlorocast_chronos,2026-10-15 00:00:00,2026-09-28 00:00:00,P1D,fcre,1.6,ensemble,147,Chla_ugL_mean,18.9268639822211
vera4cast,chlorocast_chronos,2026-10-16 00:00:00,2026-09-28 00:00:00,P1D,fcre,1.6,ensemble,147,Chla_ugL_mean,19.5932169625854
vera4cast,chlorocast_chronos,2026-10-17 00:00:00,2026-09-28 00:00:00,P1D,fcre,1.6,ensemble,147,Chla_ugL_mean,19.6890574717338
vera4cast,chlorocast_chronos,2026-10-18 00:00:00,2026-09-28 00:00:00,P1D,fcre,1.6,ensemble,147,Chla_ugL_mean,19.4506618927278
vera4cast,chlorocast_chronos,2026-10-19 00:00:00,2026-09-28 00:00:00,P1D,fcre,1.6,ensemble,147,Chla_ugL_mean,19.1286577387059
vera4cast,chlorocast_chronos,2026-10-20 00:00:00,2026-09-28 00:00:00,P1D,fcre,1.6,ensemble,147,Chla_ugL_mean,16.9527166063739
vera4cast,chlorocast_chronos,2026-10-21 00:00:00,2026-09-28 00:00:00,P1D,fcre,1.6,ensemble,147,Chla_ugL_mean,17.0019287346019
vera4cast,chlorocast_chronos,2026-10-22 00:00:00,2026-09-28 00:00:00,P1D,fcre,1.6,ensemble,147,Chla_ugL_mean,16.8045694362954
vera4cast,chlorocast_chronos,2026-10-23 00:00:00,2026-09-28 00:00:00,P1D,fcre,1.6,ensemble,147,Chla_ugL_mean,17.277737595497
vera4cast,chlorocast_chronos,2026-10-24 00:00:00,2026-09-28 00:00:00,P1D,fcre,1.6,ensemble,147,Chla_ugL_mean,17.7231757333935
vera4cast,chlorocast_chronos,2026-10-25 00:00:00,2026-09-28 00:00:00,P1D,fcre,1.6,ensemble,147,Chla_ugL_mean,18.0826658380032
vera4cast,chlorocast_chronos,2026-10-26 00:00:00,2026-09-28 00:00:00,P1D,fcre,1.6,ensemble,147,Chla_ugL_mean,17.8295938407727
vera4cast,chlorocast_chronos,2026-10-27 00:00:00,2026-09-28 00:00:00,P1D,fcre,1.6,ensemble,147,Chla_ugL_mean,17.6377098561
vera4cast,chlorocast_chronos,2026-10-28 00:00:00,2026-09-28 00:00:00,P1D,fcre,1.6,ensemble,147,Chla_ugL_mean,17.5721408093866
vera4cast,chlorocast_chronos,2026-10-29 00:00:00,2026-09-28 00:00:00,P1D,fcre,1.6,ensemble,147,Chla_ugL_mean,17.4747358665125
vera4cast,chlorocast_chronos,2026-10-30 00:00:00,2026-09-28 00:00:00,P1D,fcre,1.6,ensemble,147,Chla_ugL_mean,17.4843259538582
vera4cast,chlorocast_chronos,2026-10-31 00:00:00,2026-09-28 00:00:00,P1D,fcre,1.6,ensemble,147,Chla_ugL_mean,17.3208182542599
vera4cast,chlorocast_chronos,2026-11-01 00:00:00,2026-09-28 00:00:00,P1D,fcre,1.6,ensemble,147,Chla_ugL_mean,17.3629707950474
vera4cast,chlorocast_chronos,2026-11-02 00:00:00,2026-09-28 00:00:00,P1D,fcre,1.6,ensemble,147,Chla_ugL_mean,17.3412301665793
vera4cast,chlorocast_chronos,2026-09-29 00:00:00,2026-09-28 00:00:00,P1D,fcre,1.6,ensemble,148,Chla_ugL_mean,14.1779973491839
vera4cast,chlorocast_chronos,2026-09-30 00:00:00,2026-09-28 00:00:00,P1D,fcre,1.6,ensemble,148,Chla_ugL_mean,14.6678932720154
vera4cast,chlorocast_chronos,2026-10-01 00:00:00,2026-09-28 00:00:00,P1D,fcre,1.6,ensemble,148,Chla_ugL_mean,15.0104625816823
vera4cast,chlorocast_chronos,2026-10-02 00:00:00,2026-09-28 00:00:00,P1D,fcre,1.6,ensemble,148,Chla_ugL_mean,15.0417716074303
vera4cast,chlorocast_chronos,2026-10-03 00:00:00,2026-09-28 00:00:00,P1D,fcre,1.6,ensemble,148,Chla_ugL_mean,15.2317472699002
vera4cast,chlorocast_chronos,2026-10-04 00:00:00,2026-09-28 00:00:00,P1D,fcre,1.6,ensemble,148,Chla_ugL_mean,16.1487041903713
vera4cast,chlorocast_chronos,2026-10-05 00:00:00,2026-09-28 00:00:00,P1D,fcre,1.6,ensemble,148,Chla_ugL_mean,15.8944857975858
vera4cast,chlorocast_chronos,2026-10-06 00:00:00,2026-09-28 00:00:00,P1D,fcre,1.6,ensemble,148,Chla_ugL_mean,16.0995946496671
vera4cast,chlorocast_chronos,2026-10-07 00:00:00,2026-09-28 00:00:00,P1D,fcre,1.6,ensemble,148,Chla_ugL_mean,15.9450425840034
vera4cast,chlorocast_chronos,2026-10-08 00:00:00,2026-09-28 00:00:00,P1D,fcre,1.6,ensemble,148,Chla_ugL_mean,15.9649149851304
vera4cast,chlorocast_chronos,2026-10-09 00:00:00,2026-09-28 00:00:00,P1D,fcre,1.6,ensemble,148,Chla_ugL_mean,16.0421211978097
vera4cast,chlorocast_chronos,2026-10-10 00:00:00,2026-09-28 00:00:00,P1D,fcre,1.6,ensemble,148,Chla_ugL_mean,16.0036721775399
vera4cast,chlorocast_chronos,2026-10-11 00:00:00,2026-09-28 00:00:00,P1D,fcre,1.6,ensemble,148,Chla_ugL_mean,16.3460613588337
vera4cast,chlorocast_chronos,2026-10-12 00:00:00,2026-09-28 00:00:00,P1D,fcre,1.6,ensemble,148,Chla_ugL_mean,16.9697184053064
vera4cast,chlorocast_chronos,2026-10-13 00:00:00,2026-09-28 00:00:00,P1D,fcre,1.6,ensemble,148,Chla_ugL_mean,17.5629195937033
vera4cast,chlorocast_chronos,2026-10-14 00:00:00,2026-09-28 00:00:00,P1D,fcre,1.6,ensemble,148,Chla_ugL_mean,18.5688598777822
vera4cast,chlorocast_chronos,2026-10-15 00:00:00,2026-09-28 00:00:00,P1D,fcre,1.6,ensemble,148,Chla_ugL_mean,19.2374391641825
vera4cast,chlorocast_chronos,2026-10-16 00:00:00,2026-09-28 00:00:00,P1D,fcre,1.6,ensemble,148,Chla_ugL_mean,19.9213122234391
vera4cast,chlorocast_chronos,2026-10-17 00:00:00,2026-09-28 00:00:00,P1D,fcre,1.6,ensemble,148,Chla_ugL_mean,20.0176981224039
vera4cast,chlorocast_chronos,2026-10-18 00:00:00,2026-09-28 00:00:00,P1D,fcre,1.6,ensemble,148,Chla_ugL_mean,19.7728519931196
vera4cast,chlorocast_chronos,2026-10-19 00:00:00,2026-09-28 00:00:00,P1D,fcre,1.6,ensemble,148,Chla_ugL_mean,19.4389674177354
vera4cast,chlorocast_chronos,2026-10-20 00:00:00,2026-09-28 00:00:00,P1D,fcre,1.6,ensemble,148,Chla_ugL_mean,17.1744022926931
vera4cast,chlorocast_chronos,2026-10-21 00:00:00,2026-09-28 00:00:00,P1D,fcre,1.6,ensemble,148,Chla_ugL_mean,17.2255291751339
vera4cast,chlorocast_chronos,2026-10-22 00:00:00,2026-09-28 00:00:00,P1D,fcre,1.6,ensemble,148,Chla_ugL_mean,17.0255359415239
vera4cast,chlorocast_chronos,2026-10-23 00:00:00,2026-09-28 00:00:00,P1D,fcre,1.6,ensemble,148,Chla_ugL_mean,17.5236251103335
vera4cast,chlorocast_chronos,2026-10-24 00:00:00,2026-09-28 00:00:00,P1D,fcre,1.6,ensemble,148,Chla_ugL_mean,17.9869184295685
vera4cast,chlorocast_chronos,2026-10-25 00:00:00,2026-09-28 00:00:00,P1D,fcre,1.6,ensemble,148,Chla_ugL_mean,18.367252918891
vera4cast,chlorocast_chronos,2026-10-26 00:00:00,2026-09-28 00:00:00,P1D,fcre,1.6,ensemble,148,Chla_ugL_mean,18.1075518982731
vera4cast,chlorocast_chronos,2026-10-27 00:00:00,2026-09-28 00:00:00,P1D,fcre,1.6,ensemble,148,Chla_ugL_mean,17.915436450933
vera4cast,chlorocast_chronos,2026-10-28 00:00:00,2026-09-28 00:00:00,P1D,fcre,1.6,ensemble,148,Chla_ugL_mean,17.8469522555787
vera4cast,chlorocast_chronos,2026-10-29 00:00:00,2026-09-28 00:00:00,P1D,fcre,1.6,ensemble,148,Chla_ugL_mean,17.7538261731677
vera4cast,chlorocast_chronos,2026-10-30 00:00:00,2026-09-28 00:00:00,P1D,fcre,1.6,ensemble,148,Chla_ugL_mean,17.7678534508117
vera4cast,chlorocast_chronos,2026-10-31 00:00:00,2026-09-28 00:00:00,P1D,fcre,1.6,ensemble,148,Chla_ugL_mean,17.5977621602126
vera4cast,chlorocast_chronos,2026-11-01 00:00:00,2026-09-28 00:00:00,P1D,fcre,1.6,ensemble,148,Chla_ugL_mean,17.6449003460447
vera4cast,chlorocast_chronos,2026-11-02 00:00:00,2026-09-28 00:00:00,P1D,fcre,1.6,ensemble,148,Chla_ugL_mean,17.6249164427108
vera4cast,chlorocast_chronos,2026-09-29 00:00:00,2026-09-28 00:00:00,P1D,fcre,1.6,ensemble,149,Chla_ugL_mean,14.3439247052295
vera4cast,chlorocast_chronos,2026-09-30 00:00:00,2026-09-28 00:00:00,P1D,fcre,1.6,ensemble,149,Chla_ugL_mean,14.8487749843384
vera4cast,chlorocast_chronos,2026-10-01 00:00:00,2026-09-28 00:00:00,P1D,fcre,1.6,ensemble,149,Chla_ugL_mean,15.2048955323841
vera4cast,chlorocast_chronos,2026-10-02 00:00:00,2026-09-28 00:00:00,P1D,fcre,1.6,ensemble,149,Chla_ugL_mean,15.2424527510759
vera4cast,chlorocast_chronos,2026-10-03 00:00:00,2026-09-28 00:00:00,P1D,fcre,1.6,ensemble,149,Chla_ugL_mean,15.4431007260154
vera4cast,chlorocast_chronos,2026-10-04 00:00:00,2026-09-28 00:00:00,P1D,fcre,1.6,ensemble,149,Chla_ugL_mean,16.3919882326056
vera4cast,chlorocast_chronos,2026-10-05 00:00:00,2026-09-28 00:00:00,P1D,fcre,1.6,ensemble,149,Chla_ugL_mean,16.1298509918916
vera4cast,chlorocast_chronos,2026-10-06 00:00:00,2026-09-28 00:00:00,P1D,fcre,1.6,ensemble,149,Chla_ugL_mean,16.3406504206183
vera4cast,chlorocast_chronos,2026-10-07 00:00:00,2026-09-28 00:00:00,P1D,fcre,1.6,ensemble,149,Chla_ugL_mean,16.1783112559024
vera4cast,chlorocast_chronos,2026-10-08 00:00:00,2026-09-28 00:00:00,P1D,fcre,1.6,ensemble,149,Chla_ugL_mean,16.1946715669561
vera4cast,chlorocast_chronos,2026-10-09 00:00:00,2026-09-28 00:00:00,P1D,fcre,1.6,ensemble,149,Chla_ugL_mean,16.2738927609843
vera4cast,chlorocast_chronos,2026-10-10 00:00:00,2026-09-28 00:00:00,P1D,fcre,1.6,ensemble,149,Chla_ugL_mean,16.2377531881283
vera4cast,chlorocast_chronos,2026-10-11 00:00:00,2026-09-28 00:00:00,P1D,fcre,1.6,ensemble,149,Chla_ugL_mean,16.5851716470553
vera4cast,chlorocast_chronos,2026-10-12 00:00:00,2026-09-28 00:00:00,P1D,fcre,1.6,ensemble,149,Chla_ugL_mean,17.2229695779597
vera4cast,chlorocast_chronos,2026-10-13 00:00:00,2026-09-28 00:00:00,P1D,fcre,1.6,ensemble,149,Chla_ugL_mean,17.8290202907751
vera4cast,chlorocast_chronos,2026-10-14 00:00:00,2026-09-28 00:00:00,P1D,fcre,1.6,ensemble,149,Chla_ugL_mean,18.8640782830603
vera4cast,chlorocast_chronos,2026-10-15 00:00:00,2026-09-28 00:00:00,P1D,fcre,1.6,ensemble,149,Chla_ugL_mean,19.5528548942469
vera4cast,chlorocast_chronos,2026-10-16 00:00:00,2026-09-28 00:00:00,P1D,fcre,1.6,ensemble,149,Chla_ugL_mean,20.2546347637601
vera4cast,chlorocast_chronos,2026-10-17 00:00:00,2026-09-28 00:00:00,P1D,fcre,1.6,ensemble,149,Chla_ugL_mean,20.3515591499528
vera4cast,chlorocast_chronos,2026-10-18 00:00:00,2026-09-28 00:00:00,P1D,fcre,1.6,ensemble,149,Chla_ugL_mean,20.1001180397734
vera4cast,chlorocast_chronos,2026-10-19 00:00:00,2026-09-28 00:00:00,P1D,fcre,1.6,ensemble,149,Chla_ugL_mean,19.7540609277659
vera4cast,chlorocast_chronos,2026-10-20 00:00:00,2026-09-28 00:00:00,P1D,fcre,1.6,ensemble,149,Chla_ugL_mean,17.3988254222971
vera4cast,chlorocast_chronos,2026-10-21 00:00:00,2026-09-28 00:00:00,P1D,fcre,1.6,ensemble,149,Chla_ugL_mean,17.4519069379041
vera4cast,chlorocast_chronos,2026-10-22 00:00:00,2026-09-28 00:00:00,P1D,fcre,1.6,ensemble,149,Chla_ugL_mean,17.2492447875097
vera4cast,chlorocast_chronos,2026-10-23 00:00:00,2026-09-28 00:00:00,P1D,fcre,1.6,ensemble,149,Chla_ugL_mean,17.7728205110414
vera4cast,chlorocast_chronos,2026-10-24 00:00:00,2026-09-28 00:00:00,P1D,fcre,1.6,ensemble,149,Chla_ugL_mean,18.2543763186561
vera4cast,chlorocast_chronos,2026-10-25 00:00:00,2026-09-28 00:00:00,P1D,fcre,1.6,ensemble,149,Chla_ugL_mean,18.6560841555639
vera4cast,chlorocast_chronos,2026-10-26 00:00:00,2026-09-28 00:00:00,P1D,fcre,1.6,ensemble,149,Chla_ugL_mean,18.3896131075664
vera4cast,chlorocast_chronos,2026-10-27 00:00:00,2026-09-28 00:00:00,P1D,fcre,1.6,ensemble,149,Chla_ugL_mean,18.1973015403596
vera4cast,chlorocast_chronos,2026-10-28 00:00:00,2026-09-28 00:00:00,P1D,fcre,1.6,ensemble,149,Chla_ugL_mean,18.1258300790255
vera4cast,chlorocast_chronos,2026-10-29 00:00:00,2026-09-28 00:00:00,P1D,fcre,1.6,ensemble,149,Chla_ugL_mean,18.037132583362
vera4cast,chlorocast_chronos,2026-10-30 00:00:00,2026-09-28 00:00:00,P1D,fcre,1.6,ensemble,149,Chla_ugL_mean,18.0557299211456
vera4cast,chlorocast_chronos,2026-10-31 00:00:00,2026-09-28 00:00:00,P1D,fcre,1.6,ensemble,149,Chla_ugL_mean,17.8788924472526
vera4cast,chlorocast_chronos,2026-11-01 00:00:00,2026-09-28 00:00:00,P1D,fcre,1.6,ensemble,149,Chla_ugL_mean,17.9311584053544
vera4cast,chlorocast_chronos,2026-11-02 00:00:00,2026-09-28 00:00:00,P1D,fcre,1.6,ensemble,149,Chla_ugL_mean,17.9129905326657
vera4cast,chlorocast_chronos,2026-09-29 00:00:00,2026-09-28 00:00:00,P1D,fcre,1.6,ensemble,150,Chla_ugL_mean,14.5116659954095
vera4cast,chlorocast_chronos,2026-09-30 00:00:00,2026-09-28 00:00:00,P1D,fcre,1.6,ensemble,150,Chla_ugL_mean,15.0317449285179
vera4cast,chlorocast_chronos,2026-10-01 00:00:00,2026-09-28 00:00:00,P1D,fcre,1.6,ensemble,150,Chla_ugL_mean,15.4016896998294
vera4cast,chlorocast_chronos,2026-10-02 00:00:00,2026-09-28 00:00:00,P1D,fcre,1.6,ensemble,150,Chla_ugL_mean,15.4456443980749
vera4cast,chlorocast_chronos,2026-10-03 00:00:00,2026-09-28 00:00:00,P1D,fcre,1.6,ensemble,150,Chla_ugL_mean,15.657206213854
vera4cast,chlorocast_chronos,2026-10-04 00:00:00,2026-09-28 00:00:00,P1D,fcre,1.6,ensemble,150,Chla_ugL_mean,16.638723679946
vera4cast,chlorocast_chronos,2026-10-05 00:00:00,2026-09-28 00:00:00,P1D,fcre,1.6,ensemble,150,Chla_ugL_mean,16.3684951717407
vera4cast,chlorocast_chronos,2026-10-06 00:00:00,2026-09-28 00:00:00,P1D,fcre,1.6,ensemble,150,Chla_ugL_mean,16.5851043940357
vera4cast,chlorocast_chronos,2026-10-07 00:00:00,2026-09-28 00:00:00,P1D,fcre,1.6,ensemble,150,Chla_ugL_mean,16.4147911486066
vera4cast,chlorocast_chronos,2026-10-08 00:00:00,2026-09-28 00:00:00,P1D,fcre,1.6,ensemble,150,Chla_ugL_mean,16.4275397521667
vera4cast,chlorocast_chronos,2026-10-09 00:00:00,2026-09-28 00:00:00,P1D,fcre,1.6,ensemble,150,Chla_ugL_mean,16.5088163999406
vera4cast,chlorocast_chronos,2026-10-10 00:00:00,2026-09-28 00:00:00,P1D,fcre,1.6,ensemble,150,Chla_ugL_mean,16.4750566743648
vera4cast,chlorocast_chronos,2026-10-11 00:00:00,2026-09-28 00:00:00,P1D,fcre,1.6,ensemble,150,Chla_ugL_mean,16.827577999366
vera4cast,chlorocast_chronos,2026-10-12 00:00:00,2026-09-28 00:00:00,P1D,fcre,1.6,ensemble,150,Chla_ugL_mean,17.4797898747919
vera4cast,chlorocast_chronos,2026-10-13 00:00:00,2026-09-28 00:00:00,P1D,fcre,1.6,ensemble,150,Chla_ugL_mean,18.0989355591822
vera4cast,chlorocast_chronos,2026-10-14 00:00:00,2026-09-28 00:00:00,P1D,fcre,1.6,ensemble,150,Chla_ugL_mean,19.1637503922005
vera4cast,chlorocast_chronos,2026-10-15 00:00:00,2026-09-28 00:00:00,P1D,fcre,1.6,ensemble,150,Chla_ugL_mean,19.8731866160021
vera4cast,chlorocast_chronos,2026-10-16 00:00:00,2026-09-28 00:00:00,P1D,fcre,1.6,ensemble,150,Chla_ugL_mean,20.5932678656128
vera4cast,chlorocast_chronos,2026-10-17 00:00:00,2026-09-28 00:00:00,P1D,fcre,1.6,ensemble,150,Chla_ugL_mean,20.690723478799
vera4cast,chlorocast_chronos,2026-10-18 00:00:00,2026-09-28 00:00:00,P1D,fcre,1.6,ensemble,150,Chla_ugL_mean,20.4325400017212
vera4cast,chlorocast_chronos,2026-10-19 00:00:00,2026-09-28 00:00:00,P1D,fcre,1.6,ensemble,150,Chla_ugL_mean,20.0740120178313
vera4cast,chlorocast_chronos,2026-10-20 00:00:00,2026-09-28 00:00:00,P1D,fcre,1.6,ensemble,150,Chla_ugL_mean,17.6260197979807
vera4cast,chlorocast_chronos,2026-10-21 00:00:00,2026-09-28 00:00:00,P1D,fcre,1.6,ensemble,150,Chla_ugL_mean,17.6810965197982
vera4cast,chlorocast_chronos,2026-10-22 00:00:00,2026-09-28 00:00:00,P1D,fcre,1.6,ensemble,150,Chla_ugL_mean,17.4757300085191
vera4cast,chlorocast_chronos,2026-10-23 00:00:00,2026-09-28 00:00:00,P1D,fcre,1.6,ensemble,150,Chla_ugL_mean,18.0253682980863
vera4cast,chlorocast_chronos,2026-10-24 00:00:00,2026-09-28 00:00:00,P1D,fcre,1.6,ensemble,150,Chla_ugL_mean,18.5256017344595
vera4cast,chlorocast_chronos,2026-10-25 00:00:00,2026-09-28 00:00:00,P1D,fcre,1.6,ensemble,150,Chla_ugL_mean,18.9492228427371
vera4cast,chlorocast_chronos,2026-10-26 00:00:00,2026-09-28 00:00:00,P1D,fcre,1.6,ensemble,150,Chla_ugL_mean,18.6758380384192
vera4cast,chlorocast_chronos,2026-10-27 00:00:00,2026-09-28 00:00:00,P1D,fcre,1.6,ensemble,150,Chla_ugL_mean,18.483366793438
vera4cast,chlorocast_chronos,2026-10-28 00:00:00,2026-09-28 00:00:00,P1D,fcre,1.6,ensemble,150,Chla_ugL_mean,18.4088344497971
vera4cast,chlorocast_chronos,2026-10-29 00:00:00,2026-09-28 00:00:00,P1D,fcre,1.6,ensemble,150,Chla_ugL_mean,18.3247187880535
vera4cast,chlorocast_chronos,2026-10-30 00:00:00,2026-09-28 00:00:00,P1D,fcre,1.6,ensemble,150,Chla_ugL_mean,18.3480220729206
vera4cast,chlorocast_chronos,2026-10-31 00:00:00,2026-09-28 00:00:00,P1D,fcre,1.6,ensemble,150,Chla_ugL_mean,18.1642723981829
vera4cast,chlorocast_chronos,2026-11-01 00:00:00,2026-09-28 00:00:00,P1D,fcre,1.6,ensemble,150,Chla_ugL_mean,18.2218114292387
vera4cast,chlorocast_chronos,2026-11-02 00:00:00,2026-09-28 00:00:00,P1D,fcre,1.6,ensemble,150,Chla_ugL_mean,18.2055203033513
vera4cast,chlorocast_chronos,2026-09-29 00:00:00,2026-09-28 00:00:00,P1D,fcre,1.6,ensemble,151,Chla_ugL_mean,14.68124104983
vera4cast,chlorocast_chronos,2026-09-30 00:00:00,2026-09-28 00:00:00,P1D,fcre,1.6,ensemble,151,Chla_ugL_mean,15.2168272126419
vera4cast,chlorocast_chronos,2026-10-01 00:00:00,2026-09-28 00:00:00,P1D,fcre,1.6,ensemble,151,Chla_ugL_mean,15.6008737589135
vera4cast,chlorocast_chronos,2026-10-02 00:00:00,2026-09-28 00:00:00,P1D,fcre,1.6,ensemble,151,Chla_ugL_mean,15.6513779546023
vera4cast,chlorocast_chronos,2026-10-03 00:00:00,2026-09-28 00:00:00,P1D,fcre,1.6,ensemble,151,Chla_ugL_mean,15.8740995675997
vera4cast,chlorocast_chronos,2026-10-04 00:00:00,2026-09-28 00:00:00,P1D,fcre,1.6,ensemble,151,Chla_ugL_mean,16.8889594965461
vera4cast,chlorocast_chronos,2026-10-05 00:00:00,2026-09-28 00:00:00,P1D,fcre,1.6,ensemble,151,Chla_ugL_mean,16.6104640182551
vera4cast,chlorocast_chronos,2026-10-06 00:00:00,2026-09-28 00:00:00,P1D,fcre,1.6,ensemble,151,Chla_ugL_mean,16.8330044749329
vera4cast,chlorocast_chronos,2026-10-07 00:00:00,2026-09-28 00:00:00,P1D,fcre,1.6,ensemble,151,Chla_ugL_mean,16.6545264683908
vera4cast,chlorocast_chronos,2026-10-08 00:00:00,2026-09-28 00:00:00,P1D,fcre,1.6,ensemble,151,Chla_ugL_mean,16.6635616813423
vera4cast,chlorocast_chronos,2026-10-09 00:00:00,2026-09-28 00:00:00,P1D,fcre,1.6,ensemble,151,Chla_ugL_mean,16.7469349826715
vera4cast,chlorocast_chronos,2026-10-10 00:00:00,2026-09-28 00:00:00,P1D,fcre,1.6,ensemble,151,Chla_ugL_mean,16.7156269984522
vera4cast,chlorocast_chronos,2026-10-11 00:00:00,2026-09-28 00:00:00,P1D,fcre,1.6,ensemble,151,Chla_ugL_mean,17.0733258510274
vera4cast,chlorocast_chronos,2026-10-12 00:00:00,2026-09-28 00:00:00,P1D,fcre,1.6,ensemble,151,Chla_ugL_mean,17.740229596251
vera4cast,chlorocast_chronos,2026-10-13 00:00:00,2026-09-28 00:00:00,P1D,fcre,1.6,ensemble,151,Chla_ugL_mean,18.3727200810605
vera4cast,chlorocast_chronos,2026-10-14 00:00:00,2026-09-28 00:00:00,P1D,fcre,1.6,ensemble,151,Chla_ugL_mean,19.4679433943676
vera4cast,chlorocast_chronos,2026-10-15 00:00:00,2026-09-28 00:00:00,P1D,fcre,1.6,ensemble,151,Chla_ugL_mean,20.1985109488807
vera4cast,chlorocast_chronos,2026-10-16 00:00:00,2026-09-28 00:00:00,P1D,fcre,1.6,ensemble,151,Chla_ugL_mean,20.9372961379281
vera4cast,chlorocast_chronos,2026-10-17 00:00:00,2026-09-28 00:00:00,P1D,fcre,1.6,ensemble,151,Chla_ugL_mean,21.0352753505948
vera4cast,chlorocast_chronos,2026-10-18 00:00:00,2026-09-28 00:00:00,P1D,fcre,1.6,ensemble,151,Chla_ugL_mean,20.7701991078678
vera4cast,chlorocast_chronos,2026-10-19 00:00:00,2026-09-28 00:00:00,P1D,fcre,1.6,ensemble,151,Chla_ugL_mean,20.3988955739037
vera4cast,chlorocast_chronos,2026-10-20 00:00:00,2026-09-28 00:00:00,P1D,fcre,1.6,ensemble,151,Chla_ugL_mean,17.8560196399458
vera4cast,chlorocast_chronos,2026-10-21 00:00:00,2026-09-28 00:00:00,P1D,fcre,1.6,ensemble,151,Chla_ugL_mean,17.9131328461846
vera4cast,chlorocast_chronos,2026-10-22 00:00:00,2026-09-28 00:00:00,P1D,fcre,1.6,ensemble,151,Chla_ugL_mean,17.7050260612057
vera4cast,chlorocast_chronos,2026-10-23 00:00:00,2026-09-28 00:00:00,P1D,fcre,1.6,ensemble,151,Chla_ugL_mean,18.281313570592
vera4cast,chlorocast_chronos,2026-10-24 00:00:00,2026-09-28 00:00:00,P1D,fcre,1.6,ensemble,151,Chla_ugL_mean,18.8006477479785
vera4cast,chlorocast_chronos,2026-10-25 00:00:00,2026-09-28 00:00:00,P1D,fcre,1.6,ensemble,151,Chla_ugL_mean,19.2467332190646
vera4cast,chlorocast_chronos,2026-10-26 00:00:00,2026-09-28 00:00:00,P1D,fcre,1.6,ensemble,151,Chla_ugL_mean,18.9662881547148
vera4cast,chlorocast_chronos,2026-10-27 00:00:00,2026-09-28 00:00:00,P1D,fcre,1.6,ensemble,151,Chla_ugL_mean,18.7736947981768
vera4cast,chlorocast_chronos,2026-10-28 00:00:00,2026-09-28 00:00:00,P1D,fcre,1.6,ensemble,151,Chla_ugL_mean,18.6960264282984
vera4cast,chlorocast_chronos,2026-10-29 00:00:00,2026-09-28 00:00:00,P1D,fcre,1.6,ensemble,151,Chla_ugL_mean,18.6166494403537
vera4cast,chlorocast_chronos,2026-10-30 00:00:00,2026-09-28 00:00:00,P1D,fcre,1.6,ensemble,151,Chla_ugL_mean,18.6447976374194
vera4cast,chlorocast_chronos,2026-10-31 00:00:00,2026-09-28 00:00:00,P1D,fcre,1.6,ensemble,151,Chla_ugL_mean,18.4539662524113
vera4cast,chlorocast_chronos,2026-11-01 00:00:00,2026-09-28 00:00:00,P1D,fcre,1.6,ensemble,151,Chla_ugL_mean,18.5169268942735
vera4cast,chlorocast_chronos,2026-11-02 00:00:00,2026-09-28 00:00:00,P1D,fcre,1.6,ensemble,151,Chla_ugL_mean,18.5025746713812
vera4cast,chlorocast_chronos,2026-09-29 00:00:00,2026-09-28 00:00:00,P1D,fcre,1.6,ensemble,152,Chla_ugL_mean,14.8526699153813
vera4cast,chlorocast_chronos,2026-09-30 00:00:00,2026-09-28 00:00:00,P1D,fcre,1.6,ensemble,152,Chla_ugL_mean,15.4040462231205
vera4cast,chlorocast_chronos,2026-10-01 00:00:00,2026-09-28 00:00:00,P1D,fcre,1.6,ensemble,152,Chla_ugL_mean,15.802476732763
vera4cast,chlorocast_chronos,2026-10-02 00:00:00,2026-09-28 00:00:00,P1D,fcre,1.6,ensemble,152,Chla_ugL_mean,15.8596852197211
vera4cast,chlorocast_chronos,2026-10-03 00:00:00,2026-09-28 00:00:00,P1D,fcre,1.6,ensemble,152,Chla_ugL_mean,16.0938170880332
vera4cast,chlorocast_chronos,2026-10-04 00:00:00,2026-09-28 00:00:00,P1D,fcre,1.6,ensemble,152,Chla_ugL_mean,17.1427453412007
vera4cast,chlorocast_chronos,2026-10-05 00:00:00,2026-09-28 00:00:00,P1D,fcre,1.6,ensemble,152,Chla_ugL_mean,16.8558038489627
vera4cast,chlorocast_chronos,2026-10-06 00:00:00,2026-09-28 00:00:00,P1D,fcre,1.6,ensemble,152,Chla_ugL_mean,17.0843992436485
vera4cast,chlorocast_chronos,2026-10-07 00:00:00,2026-09-28 00:00:00,P1D,fcre,1.6,ensemble,152,Chla_ugL_mean,16.8975620300822
vera4cast,chlorocast_chronos,2026-10-08 00:00:00,2026-09-28 00:00:00,P1D,fcre,1.6,ensemble,152,Chla_ugL_mean,16.9027800657745
vera4cast,chlorocast_chronos,2026-10-09 00:00:00,2026-09-28 00:00:00,P1D,fcre,1.6,ensemble,152,Chla_ugL_mean,16.9882919601715
vera4cast,chlorocast_chronos,2026-10-10 00:00:00,2026-09-28 00:00:00,P1D,fcre,1.6,ensemble,152,Chla_ugL_mean,16.9595091333056
vera4cast,chlorocast_chronos,2026-10-11 00:00:00,2026-09-28 00:00:00,P1D,fcre,1.6,ensemble,152,Chla_ugL_mean,17.3224612636126
vera4cast,chlorocast_chronos,2026-10-12 00:00:00,2026-09-28 00:00:00,P1D,fcre,1.6,ensemble,152,Chla_ugL_mean,18.0043397516801
vera4cast,chlorocast_chronos,2026-10-13 00:00:00,2026-09-28 00:00:00,P1D,fcre,1.6,ensemble,152,Chla_ugL_mean,18.650429322418
vera4cast,chlorocast_chronos,2026-10-14 00:00:00,2026-09-28 00:00:00,P1D,fcre,1.6,ensemble,152,Chla_ugL_mean,19.7767254923511
vera4cast,chlorocast_chronos,2026-10-15 00:00:00,2026-09-28 00:00:00,P1D,fcre,1.6,ensemble,152,Chla_ugL_mean,20.5289057064869
vera4cast,chlorocast_chronos,2026-10-16 00:00:00,2026-09-28 00:00:00,P1D,fcre,1.6,ensemble,152,Chla_ugL_mean,21.2868055376433
vera4cast,chlorocast_chronos,2026-10-17 00:00:00,2026-09-28 00:00:00,P1D,fcre,1.6,ensemble,152,Chla_ugL_mean,21.3853003451508
vera4cast,chlorocast_chronos,2026-10-18 00:00:00,2026-09-28 00:00:00,P1D,fcre,1.6,ensemble,152,Chla_ugL_mean,21.1131778668392
vera4cast,chlorocast_chronos,2026-10-19 00:00:00,2026-09-28 00:00:00,P1D,fcre,1.6,ensemble,152,Chla_ugL_mean,20.7287876364208
vera4cast,chlorocast_chronos,2026-10-20 00:00:00,2026-09-28 00:00:00,P1D,fcre,1.6,ensemble,152,Chla_ugL_mean,18.0888595909561
vera4cast,chlorocast_chronos,2026-10-21 00:00:00,2026-09-28 00:00:00,P1D,fcre,1.6,ensemble,152,Chla_ugL_mean,18.1480512762369
vera4cast,chlorocast_chronos,2026-10-22 00:00:00,2026-09-28 00:00:00,P1D,fcre,1.6,ensemble,152,Chla_ugL_mean,17.9371678298534
vera4cast,chlorocast_chronos,2026-10-23 00:00:00,2026-09-28 00:00:00,P1D,fcre,1.6,ensemble,152,Chla_ugL_mean,18.5407020343931
vera4cast,chlorocast_chronos,2026-10-24 00:00:00,2026-09-28 00:00:00,P1D,fcre,1.6,ensemble,152,Chla_ugL_mean,19.0795681777937
vera4cast,chlorocast_chronos,2026-10-25 00:00:00,2026-09-28 00:00:00,P1D,fcre,1.6,ensemble,152,Chla_ugL_mean,19.5486804812157
vera4cast,chlorocast_chronos,2026-10-26 00:00:00,2026-09-28 00:00:00,P1D,fcre,1.6,ensemble,152,Chla_ugL_mean,19.2610258276516
vera4cast,chlorocast_chronos,2026-10-27 00:00:00,2026-09-28 00:00:00,P1D,fcre,1.6,ensemble,152,Chla_ugL_mean,19.0683490752294
vera4cast,chlorocast_chronos,2026-10-28 00:00:00,2026-09-28 00:00:00,P1D,fcre,1.6,ensemble,152,Chla_ugL_mean,18.9874679784435
vera4cast,chlorocast_chronos,2026-10-29 00:00:00,2026-09-28 00:00:00,P1D,fcre,1.6,ensemble,152,Chla_ugL_mean,18.9129901700623
vera4cast,chlorocast_chronos,2026-10-30 00:00:00,2026-09-28 00:00:00,P1D,fcre,1.6,ensemble,152,Chla_ugL_mean,18.9461253848417
vera4cast,chlorocast_chronos,2026-10-31 00:00:00,2026-09-28 00:00:00,P1D,fcre,1.6,ensemble,152,Chla_ugL_mean,18.7480392204111
vera4cast,chlorocast_chronos,2026-11-01 00:00:00,2026-09-28 00:00:00,P1D,fcre,1.6,ensemble,152,Chla_ugL_mean,18.8165733130128
vera4cast,chlorocast_chronos,2026-11-02 00:00:00,2026-09-28 00:00:00,P1D,fcre,1.6,ensemble,152,Chla_ugL_mean,18.8042236193117
vera4cast,chlorocast_chronos,2026-09-29 00:00:00,2026-09-28 00:00:00,P1D,fcre,1.6,ensemble,153,Chla_ugL_mean,15.0259728581088
vera4cast,chlorocast_chronos,2026-09-30 00:00:00,2026-09-28 00:00:00,P1D,fcre,1.6,ensemble,153,Chla_ugL_mean,15.593426627898
vera4cast,chlorocast_chronos,2026-10-01 00:00:00,2026-09-28 00:00:00,P1D,fcre,1.6,ensemble,153,Chla_ugL_mean,16.006527996965
vera4cast,chlorocast_chronos,2026-10-02 00:00:00,2026-09-28 00:00:00,P1D,fcre,1.6,ensemble,153,Chla_ugL_mean,16.0705983902984
vera4cast,chlorocast_chronos,2026-10-03 00:00:00,2026-09-28 00:00:00,P1D,fcre,1.6,ensemble,153,Chla_ugL_mean,16.316395548607
vera4cast,chlorocast_chronos,2026-10-04 00:00:00,2026-09-28 00:00:00,P1D,fcre,1.6,ensemble,153,Chla_ugL_mean,17.4001315772006
vera4cast,chlorocast_chronos,2026-10-05 00:00:00,2026-09-28 00:00:00,P1D,fcre,1.6,ensemble,153,Chla_ugL_mean,17.1045616266631
vera4cast,chlorocast_chronos,2026-10-06 00:00:00,2026-09-28 00:00:00,P1D,fcre,1.6,ensemble,153,Chla_ugL_mean,17.3393379653656
vera4cast,chlorocast_chronos,2026-10-07 00:00:00,2026-09-28 00:00:00,P1D,fcre,1.6,ensemble,153,Chla_ugL_mean,17.1439432654371
vera4cast,chlorocast_chronos,2026-10-08 00:00:00,2026-09-28 00:00:00,P1D,fcre,1.6,ensemble,153,Chla_ugL_mean,17.145238195196
vera4cast,chlorocast_chronos,2026-10-09 00:00:00,2026-09-28 00:00:00,P1D,fcre,1.6,ensemble,153,Chla_ugL_mean,17.2329313743652
vera4cast,chlorocast_chronos,2026-10-10 00:00:00,2026-09-28 00:00:00,P1D,fcre,1.6,ensemble,153,Chla_ugL_mean,17.2067486709598
vera4cast,chlorocast_chronos,2026-10-11 00:00:00,2026-09-28 00:00:00,P1D,fcre,1.6,ensemble,153,Chla_ugL_mean,17.5750309336397
vera4cast,chlorocast_chronos,2026-10-12 00:00:00,2026-09-28 00:00:00,P1D,fcre,1.6,ensemble,153,Chla_ugL_mean,18.272172069308
vera4cast,chlorocast_chronos,2026-10-13 00:00:00,2026-09-28 00:00:00,P1D,fcre,1.6,ensemble,153,Chla_ugL_mean,18.9321195443715
vera4cast,chlorocast_chronos,2026-10-14 00:00:00,2026-09-28 00:00:00,P1D,fcre,1.6,ensemble,153,Chla_ugL_mean,20.0901659178567
vera4cast,chlorocast_chronos,2026-10-15 00:00:00,2026-09-28 00:00:00,P1D,fcre,1.6,ensemble,153,Chla_ugL_mean,20.8644499152087
vera4cast,chlorocast_chronos,2026-10-16 00:00:00,2026-09-28 00:00:00,P1D,fcre,1.6,ensemble,153,Chla_ugL_mean,21.6418833911789
vera4cast,chlorocast_chronos,2026-10-17 00:00:00,2026-09-28 00:00:00,P1D,fcre,1.6,ensemble,153,Chla_ugL_mean,21.7408854016922
vera4cast,chlorocast_chronos,2026-10-18 00:00:00,2026-09-28 00:00:00,P1D,fcre,1.6,ensemble,153,Chla_ugL_mean,21.4615600871444
vera4cast,chlorocast_chronos,2026-10-19 00:00:00,2026-09-28 00:00:00,P1D,fcre,1.6,ensemble,153,Chla_ugL_mean,21.0637654180834
vera4cast,chlorocast_chronos,2026-10-20 00:00:00,2026-09-28 00:00:00,P1D,fcre,1.6,ensemble,153,Chla_ugL_mean,18.3245747215548
vera4cast,chlorocast_chronos,2026-10-21 00:00:00,2026-09-28 00:00:00,P1D,fcre,1.6,ensemble,153,Chla_ugL_mean,18.385887608322
vera4cast,chlorocast_chronos,2026-10-22 00:00:00,2026-09-28 00:00:00,P1D,fcre,1.6,ensemble,153,Chla_ugL_mean,18.172190631683
vera4cast,chlorocast_chronos,2026-10-23 00:00:00,2026-09-28 00:00:00,P1D,fcre,1.6,ensemble,153,Chla_ugL_mean,18.803580010198
vera4cast,chlorocast_chronos,2026-10-24 00:00:00,2026-09-28 00:00:00,P1D,fcre,1.6,ensemble,153,Chla_ugL_mean,19.3624176005973
vera4cast,chlorocast_chronos,2026-10-25 00:00:00,2026-09-28 00:00:00,P1D,fcre,1.6,ensemble,153,Chla_ugL_mean,19.8551307981625
vera4cast,chlorocast_chronos,2026-10-26 00:00:00,2026-09-28 00:00:00,P1D,fcre,1.6,ensemble,153,Chla_ugL_mean,19.5601143491376
vera4cast,chlorocast_chronos,2026-10-27 00:00:00,2026-09-28 00:00:00,P1D,fcre,1.6,ensemble,153,Chla_ugL_mean,19.3673940917907
vera4cast,chlorocast_chronos,2026-10-28 00:00:00,2026-09-28 00:00:00,P1D,fcre,1.6,ensemble,153,Chla_ugL_mean,19.2832219810245
vera4cast,chlorocast_chronos,2026-10-29 00:00:00,2026-09-28 00:00:00,P1D,fcre,1.6,ensemble,153,Chla_ugL_mean,19.2138075984219
vera4cast,chlorocast_chronos,2026-10-30 00:00:00,2026-09-28 00:00:00,P1D,fcre,1.6,ensemble,153,Chla_ugL_mean,19.25207514024
vera4cast,chlorocast_chronos,2026-10-31 00:00:00,2026-09-28 00:00:00,P1D,fcre,1.6,ensemble,153,Chla_ugL_mean,19.0465574983999
vera4cast,chlorocast_chronos,2026-11-01 00:00:00,2026-09-28 00:00:00,P1D,fcre,1.6,ensemble,153,Chla_ugL_mean,19.1208202498946
vera4cast,chlorocast_chronos,2026-11-02 00:00:00,2026-09-28 00:00:00,P1D,fcre,1.6,ensemble,153,Chla_ugL_mean,19.1105382121286
vera4cast,chlorocast_chronos,2026-09-29 00:00:00,2026-09-28 00:00:00,P1D,fcre,1.6,ensemble,154,Chla_ugL_mean,15.2011703656078
vera4cast,chlorocast_chronos,2026-09-30 00:00:00,2026-09-28 00:00:00,P1D,fcre,1.6,ensemble,154,Chla_ugL_mean,15.7849933797038
vera4cast,chlorocast_chronos,2026-10-01 00:00:00,2026-09-28 00:00:00,P1D,fcre,1.6,ensemble,154,Chla_ugL_mean,16.2130572838468
vera4cast,chlorocast_chronos,2026-10-02 00:00:00,2026-09-28 00:00:00,P1D,fcre,1.6,ensemble,154,Chla_ugL_mean,16.2841500659807
vera4cast,chlorocast_chronos,2026-10-03 00:00:00,2026-09-28 00:00:00,P1D,fcre,1.6,ensemble,154,Chla_ugL_mean,16.5418722016007
vera4cast,chlorocast_chronos,2026-10-04 00:00:00,2026-09-28 00:00:00,P1D,fcre,1.6,ensemble,154,Chla_ugL_mean,17.6611692823269
vera4cast,chlorocast_chronos,2026-10-05 00:00:00,2026-09-28 00:00:00,P1D,fcre,1.6,ensemble,154,Chla_ugL_mean,17.356784968417
vera4cast,chlorocast_chronos,2026-10-06 00:00:00,2026-09-28 00:00:00,P1D,fcre,1.6,ensemble,154,Chla_ugL_mean,17.5978705997672
vera4cast,chlorocast_chronos,2026-10-07 00:00:00,2026-09-28 00:00:00,P1D,fcre,1.6,ensemble,154,Chla_ugL_mean,17.393716231634
vera4cast,chlorocast_chronos,2026-10-08 00:00:00,2026-09-28 00:00:00,P1D,fcre,1.6,ensemble,154,Chla_ugL_mean,17.3909799456142
vera4cast,chlorocast_chronos,2026-10-09 00:00:00,2026-09-28 00:00:00,P1D,fcre,1.6,ensemble,154,Chla_ugL_mean,17.480897866144
vera4cast,chlorocast_chronos,2026-10-10 00:00:00,2026-09-28 00:00:00,P1D,fcre,1.6,ensemble,154,Chla_ugL_mean,17.4573918310919
vera4cast,chlorocast_chronos,2026-10-11 00:00:00,2026-09-28 00:00:00,P1D,fcre,1.6,ensemble,154,Chla_ugL_mean,17.8310822013245
vera4cast,chlorocast_chronos,2026-10-12 00:00:00,2026-09-28 00:00:00,P1D,fcre,1.6,ensemble,154,Chla_ugL_mean,18.5437790063809
vera4cast,chlorocast_chronos,2026-10-13 00:00:00,2026-09-28 00:00:00,P1D,fcre,1.6,ensemble,154,Chla_ugL_mean,19.2178478145448
vera4cast,chlorocast_chronos,2026-10-14 00:00:00,2026-09-28 00:00:00,P1D,fcre,1.6,ensemble,154,Chla_ugL_mean,20.4083349470288
vera4cast,chlorocast_chronos,2026-10-15 00:00:00,2026-09-28 00:00:00,P1D,fcre,1.6,ensemble,154,Chla_ugL_mean,21.2052238331197
vera4cast,chlorocast_chronos,2026-10-16 00:00:00,2026-09-28 00:00:00,P1D,fcre,1.6,ensemble,154,Chla_ugL_mean,22.0026184162576
vera4cast,chlorocast_chronos,2026-10-17 00:00:00,2026-09-28 00:00:00,P1D,fcre,1.6,ensemble,154,Chla_ugL_mean,22.1021188404525
vera4cast,chlorocast_chronos,2026-10-18 00:00:00,2026-09-28 00:00:00,P1D,fcre,1.6,ensemble,154,Chla_ugL_mean,21.8154308976537
vera4cast,chlorocast_chronos,2026-10-19 00:00:00,2026-09-28 00:00:00,P1D,fcre,1.6,ensemble,154,Chla_ugL_mean,21.4039073219273
vera4cast,chlorocast_chronos,2026-10-20 00:00:00,2026-09-28 00:00:00,P1D,fcre,1.6,ensemble,154,Chla_ugL_mean,18.5632005353468
vera4cast,chlorocast_chronos,2026-10-21 00:00:00,2026-09-28 00:00:00,P1D,fcre,1.6,ensemble,154,Chla_ugL_mean,18.6266780854553
vera4cast,chlorocast_chronos,2026-10-22 00:00:00,2026-09-28 00:00:00,P1D,fcre,1.6,ensemble,154,Chla_ugL_mean,18.4101302222255
vera4cast,chlorocast_chronos,2026-10-23 00:00:00,2026-09-28 00:00:00,P1D,fcre,1.6,ensemble,154,Chla_ugL_mean,19.0699944418602
vera4cast,chlorocast_chronos,2026-10-24 00:00:00,2026-09-28 00:00:00,P1D,fcre,1.6,ensemble,154,Chla_ugL_mean,19.6492513618723
vera4cast,chlorocast_chronos,2026-10-25 00:00:00,2026-09-28 00:00:00,P1D,fcre,1.6,ensemble,154,Chla_ugL_mean,20.1661513256804
vera4cast,chlorocast_chronos,2026-10-26 00:00:00,2026-09-28 00:00:00,P1D,fcre,1.6,ensemble,154,Chla_ugL_mean,19.8636179453807
vera4cast,chlorocast_chronos,2026-10-27 00:00:00,2026-09-28 00:00:00,P1D,fcre,1.6,ensemble,154,Chla_ugL_mean,19.6708952757027
vera4cast,chlorocast_chronos,2026-10-28 00:00:00,2026-09-28 00:00:00,P1D,fcre,1.6,ensemble,154,Chla_ugL_mean,19.5833522472792
vera4cast,chlorocast_chronos,2026-10-29 00:00:00,2026-09-28 00:00:00,P1D,fcre,1.6,ensemble,154,Chla_ugL_mean,19.5191693530946
vera4cast,chlorocast_chronos,2026-10-30 00:00:00,2026-09-28 00:00:00,P1D,fcre,1.6,ensemble,154,Chla_ugL_mean,19.5627177996996
vera4cast,chlorocast_chronos,2026-10-31 00:00:00,2026-09-28 00:00:00,P1D,fcre,1.6,ensemble,154,Chla_ugL_mean,19.3495882832406
vera4cast,chlorocast_chronos,2026-11-01 00:00:00,2026-09-28 00:00:00,P1D,fcre,1.6,ensemble,154,Chla_ugL_mean,19.4297383373905
vera4cast,chlorocast_chronos,2026-11-02 00:00:00,2026-09-28 00:00:00,P1D,fcre,1.6,ensemble,154,Chla_ugL_mean,19.4215906139895
vera4cast,chlorocast_chronos,2026-09-29 00:00:00,2026-09-28 00:00:00,P1D,fcre,1.6,ensemble,155,Chla_ugL_mean,15.3782831494465
vera4cast,chlorocast_chronos,2026-09-30 00:00:00,2026-09-28 00:00:00,P1D,fcre,1.6,ensemble,155,Chla_ugL_mean,15.9787717193403
vera4cast,chlorocast_chronos,2026-10-01 00:00:00,2026-09-28 00:00:00,P1D,fcre,1.6,ensemble,155,Chla_ugL_mean,16.422094686809
vera4cast,chlorocast_chronos,2026-10-02 00:00:00,2026-09-28 00:00:00,P1D,fcre,1.6,ensemble,155,Chla_ugL_mean,16.5003732542337
vera4cast,chlorocast_chronos,2026-10-03 00:00:00,2026-09-28 00:00:00,P1D,fcre,1.6,ensemble,155,Chla_ugL_mean,16.7702847843554
vera4cast,chlorocast_chronos,2026-10-04 00:00:00,2026-09-28 00:00:00,P1D,fcre,1.6,ensemble,155,Chla_ugL_mean,17.9259102589875
vera4cast,chlorocast_chronos,2026-10-05 00:00:00,2026-09-28 00:00:00,P1D,fcre,1.6,ensemble,155,Chla_ugL_mean,17.6125221546614
vera4cast,chlorocast_chronos,2026-10-06 00:00:00,2026-09-28 00:00:00,P1D,fcre,1.6,ensemble,155,Chla_ugL_mean,17.8600478108255
vera4cast,chlorocast_chronos,2026-10-07 00:00:00,2026-09-28 00:00:00,P1D,fcre,1.6,ensemble,155,Chla_ugL_mean,17.6469276198833
vera4cast,chlorocast_chronos,2026-10-08 00:00:00,2026-09-28 00:00:00,P1D,fcre,1.6,ensemble,155,Chla_ugL_mean,17.6400497872511
vera4cast,chlorocast_chronos,2026-10-09 00:00:00,2026-09-28 00:00:00,P1D,fcre,1.6,ensemble,155,Chla_ugL_mean,17.7322366835124
vera4cast,chlorocast_chronos,2026-10-10 00:00:00,2026-09-28 00:00:00,P1D,fcre,1.6,ensemble,155,Chla_ugL_mean,17.7114854696623
vera4cast,chlorocast_chronos,2026-10-11 00:00:00,2026-09-28 00:00:00,P1D,fcre,1.6,ensemble,155,Chla_ugL_mean,18.0906630594533
vera4cast,chlorocast_chronos,2026-10-12 00:00:00,2026-09-28 00:00:00,P1D,fcre,1.6,ensemble,155,Chla_ugL_mean,18.8192137594363
vera4cast,chlorocast_chronos,2026-10-13 00:00:00,2026-09-28 00:00:00,P1D,fcre,1.6,ensemble,155,Chla_ugL_mean,19.5076720186299
vera4cast,chlorocast_chronos,2026-10-14 00:00:00,2026-09-28 00:00:00,P1D,fcre,1.6,ensemble,155,Chla_ugL_mean,20.731303916207
vera4cast,chlorocast_chronos,2026-10-15 00:00:00,2026-09-28 00:00:00,P1D,fcre,1.6,ensemble,155,Chla_ugL_mean,21.551308969176
vera4cast,chlorocast_chronos,2026-10-16 00:00:00,2026-09-28 00:00:00,P1D,fcre,1.6,ensemble,155,Chla_ugL_mean,22.3691007440702
vera4cast,chlorocast_chronos,2026-10-17 00:00:00,2026-09-28 00:00:00,P1D,fcre,1.6,ensemble,155,Chla_ugL_mean,22.4690903846109
vera4cast,chlorocast_chronos,2026-10-18 00:00:00,2026-09-28 00:00:00,P1D,fcre,1.6,ensemble,155,Chla_ugL_mean,22.1748767684013
vera4cast,chlorocast_chronos,2026-10-19 00:00:00,2026-09-28 00:00:00,P1D,fcre,1.6,ensemble,155,Chla_ugL_mean,21.7492929596743
vera4cast,chlorocast_chronos,2026-10-20 00:00:00,2026-09-28 00:00:00,P1D,fcre,1.6,ensemble,155,Chla_ugL_mean,18.8047729743469
vera4cast,chlorocast_chronos,2026-10-21 00:00:00,2026-09-28 00:00:00,P1D,fcre,1.6,ensemble,155,Chla_ugL_mean,18.8704594008236
vera4cast,chlorocast_chronos,2026-10-22 00:00:00,2026-09-28 00:00:00,P1D,fcre,1.6,ensemble,155,Chla_ugL_mean,18.6510228007616
vera4cast,chlorocast_chronos,2026-10-23 00:00:00,2026-09-28 00:00:00,P1D,fcre,1.6,ensemble,155,Chla_ugL_mean,19.3399929047611
vera4cast,chlorocast_chronos,2026-10-24 00:00:00,2026-09-28 00:00:00,P1D,fcre,1.6,ensemble,155,Chla_ugL_mean,19.940125586722
vera4cast,chlorocast_chronos,2026-10-25 00:00:00,2026-09-28 00:00:00,P1D,fcre,1.6,ensemble,155,Chla_ugL_mean,20.4818102210645
vera4cast,chlorocast_chronos,2026-10-26 00:00:00,2026-09-28 00:00:00,P1D,fcre,1.6,ensemble,155,Chla_ugL_mean,20.1716017906811
vera4cast,chlorocast_chronos,2026-10-27 00:00:00,2026-09-28 00:00:00,P1D,fcre,1.6,ensemble,155,Chla_ugL_mean,19.9789190297687
vera4cast,chlorocast_chronos,2026-10-28 00:00:00,2026-09-28 00:00:00,P1D,fcre,1.6,ensemble,155,Chla_ugL_mean,19.8879235326584
vera4cast,chlorocast_chronos,2026-10-29 00:00:00,2026-09-28 00:00:00,P1D,fcre,1.6,ensemble,155,Chla_ugL_mean,19.8291440833665
vera4cast,chlorocast_chronos,2026-10-30 00:00:00,2026-09-28 00:00:00,P1D,fcre,1.6,ensemble,155,Chla_ugL_mean,19.8781253467675
vera4cast,chlorocast_chronos,2026-10-31 00:00:00,2026-09-28 00:00:00,P1D,fcre,1.6,ensemble,155,Chla_ugL_mean,19.6571997875674
vera4cast,chlorocast_chronos,2026-11-01 00:00:00,2026-09-28 00:00:00,P1D,fcre,1.6,ensemble,155,Chla_ugL_mean,19.7433992924037
vera4cast,chlorocast_chronos,2026-11-02 00:00:00,2026-09-28 00:00:00,P1D,fcre,1.6,ensemble,155,Chla_ugL_mean,19.7374541052246
vera4cast,chlorocast_chronos,2026-09-29 00:00:00,2026-09-28 00:00:00,P1D,fcre,1.6,ensemble,156,Chla_ugL_mean,15.5573321476136
vera4cast,chlorocast_chronos,2026-09-30 00:00:00,2026-09-28 00:00:00,P1D,fcre,1.6,ensemble,156,Chla_ugL_mean,16.1747871790079
vera4cast,chlorocast_chronos,2026-10-01 00:00:00,2026-09-28 00:00:00,P1D,fcre,1.6,ensemble,156,Chla_ugL_mean,16.6336706647098
vera4cast,chlorocast_chronos,2026-10-02 00:00:00,2026-09-28 00:00:00,P1D,fcre,1.6,ensemble,156,Chla_ugL_mean,16.7193013754431
vera4cast,chlorocast_chronos,2026-10-03 00:00:00,2026-09-28 00:00:00,P1D,fcre,1.6,ensemble,156,Chla_ugL_mean,17.00167152559
vera4cast,chlorocast_chronos,2026-10-04 00:00:00,2026-09-28 00:00:00,P1D,fcre,1.6,ensemble,156,Chla_ugL_mean,18.1944070444972
vera4cast,chlorocast_chronos,2026-10-05 00:00:00,2026-09-28 00:00:00,P1D,fcre,1.6,ensemble,156,Chla_ugL_mean,17.8718221384514
vera4cast,chlorocast_chronos,2026-10-06 00:00:00,2026-09-28 00:00:00,P1D,fcre,1.6,ensemble,156,Chla_ugL_mean,18.1259209767315
vera4cast,chlorocast_chronos,2026-10-07 00:00:00,2026-09-28 00:00:00,P1D,fcre,1.6,ensemble,156,Chla_ugL_mean,17.9036247641557
vera4cast,chlorocast_chronos,2026-10-08 00:00:00,2026-09-28 00:00:00,P1D,fcre,1.6,ensemble,156,Chla_ugL_mean,17.8924927925909
vera4cast,chlorocast_chronos,2026-10-09 00:00:00,2026-09-28 00:00:00,P1D,fcre,1.6,ensemble,156,Chla_ugL_mean,17.986993689844
vera4cast,chlorocast_chronos,2026-10-10 00:00:00,2026-09-28 00:00:00,P1D,fcre,1.6,ensemble,156,Chla_ugL_mean,17.9690770876739
vera4cast,chlorocast_chronos,2026-10-11 00:00:00,2026-09-28 00:00:00,P1D,fcre,1.6,ensemble,156,Chla_ugL_mean,18.3538221623791
vera4cast,chlorocast_chronos,2026-10-12 00:00:00,2026-09-28 00:00:00,P1D,fcre,1.6,ensemble,156,Chla_ugL_mean,19.0985302747224
vera4cast,chlorocast_chronos,2026-10-13 00:00:00,2026-09-28 00:00:00,P1D,fcre,1.6,ensemble,156,Chla_ugL_mean,19.8016508721141
vera4cast,chlorocast_chronos,2026-10-14 00:00:00,2026-09-28 00:00:00,P1D,fcre,1.6,ensemble,156,Chla_ugL_mean,21.0591452379204
vera4cast,chlorocast_chronos,2026-10-15 00:00:00,2026-09-28 00:00:00,P1D,fcre,1.6,ensemble,156,Chla_ugL_mean,21.9027881027124
vera4cast,chlorocast_chronos,2026-10-16 00:00:00,2026-09-28 00:00:00,P1D,fcre,1.6,ensemble,156,Chla_ugL_mean,22.7414219417963
vera4cast,chlorocast_chronos,2026-10-17 00:00:00,2026-09-28 00:00:00,P1D,fcre,1.6,ensemble,156,Chla_ugL_mean,22.8418911825771
vera4cast,chlorocast_chronos,2026-10-18 00:00:00,2026-09-28 00:00:00,P1D,fcre,1.6,ensemble,156,Chla_ugL_mean,22.5399855317139
vera4cast,chlorocast_chronos,2026-10-19 00:00:00,2026-09-28 00:00:00,P1D,fcre,1.6,ensemble,156,Chla_ugL_mean,22.100003170365
vera4cast,chlorocast_chronos,2026-10-20 00:00:00,2026-09-28 00:00:00,P1D,fcre,1.6,ensemble,156,Chla_ugL_mean,19.0493284243926
vera4cast,chlorocast_chronos,2026-10-21 00:00:00,2026-09-28 00:00:00,P1D,fcre,1.6,ensemble,156,Chla_ugL_mean,19.1172687033767
vera4cast,chlorocast_chronos,2026-10-22 00:00:00,2026-09-28 00:00:00,P1D,fcre,1.6,ensemble,156,Chla_ugL_mean,18.8949050158293
vera4cast,chlorocast_chronos,2026-10-23 00:00:00,2026-09-28 00:00:00,P1D,fcre,1.6,ensemble,156,Chla_ugL_mean,19.6136236143067
vera4cast,chlorocast_chronos,2026-10-24 00:00:00,2026-09-28 00:00:00,P1D,fcre,1.6,ensemble,156,Chla_ugL_mean,20.2350971908519
vera4cast,chlorocast_chronos,2026-10-25 00:00:00,2026-09-28 00:00:00,P1D,fcre,1.6,ensemble,156,Chla_ugL_mean,20.8021766580654
vera4cast,chlorocast_chronos,2026-10-26 00:00:00,2026-09-28 00:00:00,P1D,fcre,1.6,ensemble,156,Chla_ugL_mean,20.484132021427
vera4cast,chlorocast_chronos,2026-10-27 00:00:00,2026-09-28 00:00:00,P1D,fcre,1.6,ensemble,156,Chla_ugL_mean,20.2915327462822
vera4cast,chlorocast_chronos,2026-10-28 00:00:00,2026-09-28 00:00:00,P1D,fcre,1.6,ensemble,156,Chla_ugL_mean,20.1970015507972
vera4cast,chlorocast_chronos,2026-10-29 00:00:00,2026-09-28 00:00:00,P1D,fcre,1.6,ensemble,156,Chla_ugL_mean,20.1438014755802
vera4cast,chlorocast_chronos,2026-10-30 00:00:00,2026-09-28 00:00:00,P1D,fcre,1.6,ensemble,156,Chla_ugL_mean,20.1983708691321
vera4cast,chlorocast_chronos,2026-10-31 00:00:00,2026-09-28 00:00:00,P1D,fcre,1.6,ensemble,156,Chla_ugL_mean,19.9694612551404
vera4cast,chlorocast_chronos,2026-11-01 00:00:00,2026-09-28 00:00:00,P1D,fcre,1.6,ensemble,156,Chla_ugL_mean,20.0618759329178
vera4cast,chlorocast_chronos,2026-11-02 00:00:00,2026-09-28 00:00:00,P1D,fcre,1.6,ensemble,156,Chla_ugL_mean,20.0582030996011
vera4cast,chlorocast_chronos,2026-09-29 00:00:00,2026-09-28 00:00:00,P1D,fcre,1.6,ensemble,157,Chla_ugL_mean,15.7383385269941
vera4cast,chlorocast_chronos,2026-09-30 00:00:00,2026-09-28 00:00:00,P1D,fcre,1.6,ensemble,157,Chla_ugL_mean,16.3730655856697
vera4cast,chlorocast_chronos,2026-10-01 00:00:00,2026-09-28 00:00:00,P1D,fcre,1.6,ensemble,157,Chla_ugL_mean,16.8478160463033
vera4cast,chlorocast_chronos,2026-10-02 00:00:00,2026-09-28 00:00:00,P1D,fcre,1.6,ensemble,157,Chla_ugL_mean,16.940968268081
vera4cast,chlorocast_chronos,2026-10-03 00:00:00,2026-09-28 00:00:00,P1D,fcre,1.6,ensemble,157,Chla_ugL_mean,17.2360711517991
vera4cast,chlorocast_chronos,2026-10-04 00:00:00,2026-09-28 00:00:00,P1D,fcre,1.6,ensemble,157,Chla_ugL_mean,18.4667129215032
vera4cast,chlorocast_chronos,2026-10-05 00:00:00,2026-09-28 00:00:00,P1D,fcre,1.6,ensemble,157,Chla_ugL_mean,18.1347345548302
vera4cast,chlorocast_chronos,2026-10-06 00:00:00,2026-09-28 00:00:00,P1D,fcre,1.6,ensemble,157,Chla_ugL_mean,18.3955421999626
vera4cast,chlorocast_chronos,2026-10-07 00:00:00,2026-09-28 00:00:00,P1D,fcre,1.6,ensemble,157,Chla_ugL_mean,18.1638556500299
vera4cast,chlorocast_chronos,2026-10-08 00:00:00,2026-09-28 00:00:00,P1D,fcre,1.6,ensemble,157,Chla_ugL_mean,18.1483546445363
vera4cast,chlorocast_chronos,2026-10-09 00:00:00,2026-09-28 00:00:00,P1D,fcre,1.6,ensemble,157,Chla_ugL_mean,18.245215372251
vera4cast,chlorocast_chronos,2026-10-10 00:00:00,2026-09-28 00:00:00,P1D,fcre,1.6,ensemble,157,Chla_ugL_mean,18.2302148400518
vera4cast,chlorocast_chronos,2026-10-11 00:00:00,2026-09-28 00:00:00,P1D,fcre,1.6,ensemble,157,Chla_ugL_mean,18.6206088351403
vera4cast,chlorocast_chronos,2026-10-12 00:00:00,2026-09-28 00:00:00,P1D,fcre,1.6,ensemble,157,Chla_ugL_mean,19.3817832587635
vera4cast,chlorocast_chronos,2026-10-13 00:00:00,2026-09-28 00:00:00,P1D,fcre,1.6,ensemble,157,Chla_ugL_mean,20.0998439321752
vera4cast,chlorocast_chronos,2026-10-14 00:00:00,2026-09-28 00:00:00,P1D,fcre,1.6,ensemble,157,Chla_ugL_mean,21.3919324171229
vera4cast,chlorocast_chronos,2026-10-15 00:00:00,2026-09-28 00:00:00,P1D,fcre,1.6,ensemble,157,Chla_ugL_mean,22.2597453032418
vera4cast,chlorocast_chronos,2026-10-16 00:00:00,2026-09-28 00:00:00,P1D,fcre,1.6,ensemble,157,Chla_ugL_mean,23.1196750354816
vera4cast,chlorocast_chronos,2026-10-17 00:00:00,2026-09-28 00:00:00,P1D,fcre,1.6,ensemble,157,Chla_ugL_mean,23.2206138306316
vera4cast,chlorocast_chronos,2026-10-18 00:00:00,2026-09-28 00:00:00,P1D,fcre,1.6,ensemble,157,Chla_ugL_mean,22.9108464036733
vera4cast,chlorocast_chronos,2026-10-19 00:00:00,2026-09-28 00:00:00,P1D,fcre,1.6,ensemble,157,Chla_ugL_mean,22.4561200392803
vera4cast,chlorocast_chronos,2026-10-20 00:00:00,2026-09-28 00:00:00,P1D,fcre,1.6,ensemble,157,Chla_ugL_mean,19.296903720625
vera4cast,chlorocast_chronos,2026-10-21 00:00:00,2026-09-28 00:00:00,P1D,fcre,1.6,ensemble,157,Chla_ugL_mean,19.3671436034883
vera4cast,chlorocast_chronos,2026-10-22 00:00:00,2026-09-28 00:00:00,P1D,fcre,1.6,ensemble,157,Chla_ugL_mean,19.141813970799
vera4cast,chlorocast_chronos,2026-10-23 00:00:00,2026-09-28 00:00:00,P1D,fcre,1.6,ensemble,157,Chla_ugL_mean,19.8909354345369
vera4cast,chlorocast_chronos,2026-10-24 00:00:00,2026-09-28 00:00:00,P1D,fcre,1.6,ensemble,157,Chla_ugL_mean,20.5342238917066
vera4cast,chlorocast_chronos,2026-10-25 00:00:00,2026-09-28 00:00:00,P1D,fcre,1.6,ensemble,157,Chla_ugL_mean,21.1273208420485
vera4cast,chlorocast_chronos,2026-10-26 00:00:00,2026-09-28 00:00:00,P1D,fcre,1.6,ensemble,157,Chla_ugL_mean,20.8012757502963
vera4cast,chlorocast_chronos,2026-10-27 00:00:00,2026-09-28 00:00:00,P1D,fcre,1.6,ensemble,157,Chla_ugL_mean,20.6088048217708
vera4cast,chlorocast_chronos,2026-10-28 00:00:00,2026-09-28 00:00:00,P1D,fcre,1.6,ensemble,157,Chla_ugL_mean,20.5106529876939
vera4cast,chlorocast_chronos,2026-10-29 00:00:00,2026-09-28 00:00:00,P1D,fcre,1.6,ensemble,157,Chla_ugL_mean,20.4632122688016
vera4cast,chlorocast_chronos,2026-10-30 00:00:00,2026-09-28 00:00:00,P1D,fcre,1.6,ensemble,157,Chla_ugL_mean,20.5235285755597
vera4cast,chlorocast_chronos,2026-10-31 00:00:00,2026-09-28 00:00:00,P1D,fcre,1.6,ensemble,157,Chla_ugL_mean,20.2864429764329
vera4cast,chlorocast_chronos,2026-11-01 00:00:00,2026-09-28 00:00:00,P1D,fcre,1.6,ensemble,157,Chla_ugL_mean,20.3852421949025
vera4cast,chlorocast_chronos,2026-11-02 00:00:00,2026-09-28 00:00:00,P1D,fcre,1.6,ensemble,157,Chla_ugL_mean,20.3839131618536
vera4cast,chlorocast_chronos,2026-09-29 00:00:00,2026-09-28 00:00:00,P1D,fcre,1.6,ensemble,158,Chla_ugL_mean,15.9213236858714
vera4cast,chlorocast_chronos,2026-09-30 00:00:00,2026-09-28 00:00:00,P1D,fcre,1.6,ensemble,158,Chla_ugL_mean,16.5736330644545
vera4cast,chlorocast_chronos,2026-10-01 00:00:00,2026-09-28 00:00:00,P1D,fcre,1.6,ensemble,158,Chla_ugL_mean,17.064562034732
vera4cast,chlorocast_chronos,2026-10-02 00:00:00,2026-09-28 00:00:00,P1D,fcre,1.6,ensemble,158,Chla_ugL_mean,17.1654081939356
vera4cast,chlorocast_chronos,2026-10-03 00:00:00,2026-09-28 00:00:00,P1D,fcre,1.6,ensemble,158,Chla_ugL_mean,17.4735228937347
vera4cast,chlorocast_chronos,2026-10-04 00:00:00,2026-09-28 00:00:00,P1D,fcre,1.6,ensemble,158,Chla_ugL_mean,18.7428819285596
vera4cast,chlorocast_chronos,2026-10-05 00:00:00,2026-09-28 00:00:00,P1D,fcre,1.6,ensemble,158,Chla_ugL_mean,18.4013097303311
vera4cast,chlorocast_chronos,2026-10-06 00:00:00,2026-09-28 00:00:00,P1D,fcre,1.6,ensemble,158,Chla_ugL_mean,18.6689643174933
vera4cast,chlorocast_chronos,2026-10-07 00:00:00,2026-09-28 00:00:00,P1D,fcre,1.6,ensemble,158,Chla_ugL_mean,18.4276689236635
vera4cast,chlorocast_chronos,2026-10-08 00:00:00,2026-09-28 00:00:00,P1D,fcre,1.6,ensemble,158,Chla_ugL_mean,18.4076816446758
vera4cast,chlorocast_chronos,2026-10-09 00:00:00,2026-09-28 00:00:00,P1D,fcre,1.6,ensemble,158,Chla_ugL_mean,18.5069488500666
vera4cast,chlorocast_chronos,2026-10-10 00:00:00,2026-09-28 00:00:00,P1D,fcre,1.6,ensemble,158,Chla_ugL_mean,18.494947544646
vera4cast,chlorocast_chronos,2026-10-11 00:00:00,2026-09-28 00:00:00,P1D,fcre,1.6,ensemble,158,Chla_ugL_mean,18.8910730827065
vera4cast,chlorocast_chronos,2026-10-12 00:00:00,2026-09-28 00:00:00,P1D,fcre,1.6,ensemble,158,Chla_ugL_mean,19.6690281890748
vera4cast,chlorocast_chronos,2026-10-13 00:00:00,2026-09-28 00:00:00,P1D,fcre,1.6,ensemble,158,Chla_ugL_mean,20.4023116097469
vera4cast,chlorocast_chronos,2026-10-14 00:00:00,2026-09-28 00:00:00,P1D,fcre,1.6,ensemble,158,Chla_ugL_mean,21.729740067674
vera4cast,chlorocast_chronos,2026-10-15 00:00:00,2026-09-28 00:00:00,P1D,fcre,1.6,ensemble,158,Chla_ugL_mean,22.6222659505636
vera4cast,chlorocast_chronos,2026-10-16 00:00:00,2026-09-28 00:00:00,P1D,fcre,1.6,ensemble,158,Chla_ugL_mean,23.5039545332818
vera4cast,chlorocast_chronos,2026-10-17 00:00:00,2026-09-28 00:00:00,P1D,fcre,1.6,ensemble,158,Chla_ugL_mean,23.605352395924
vera4cast,chlorocast_chronos,2026-10-18 00:00:00,2026-09-28 00:00:00,P1D,fcre,1.6,ensemble,158,Chla_ugL_mean,23.2875500059166
vera4cast,chlorocast_chronos,2026-10-19 00:00:00,2026-09-28 00:00:00,P1D,fcre,1.6,ensemble,158,Chla_ugL_mean,22.8177269171532
vera4cast,chlorocast_chronos,2026-10-20 00:00:00,2026-09-28 00:00:00,P1D,fcre,1.6,ensemble,158,Chla_ugL_mean,19.5475361530372
vera4cast,chlorocast_chronos,2026-10-21 00:00:00,2026-09-28 00:00:00,P1D,fcre,1.6,ensemble,158,Chla_ugL_mean,19.6201221786875
vera4cast,chlorocast_chronos,2026-10-22 00:00:00,2026-09-28 00:00:00,P1D,fcre,1.6,ensemble,158,Chla_ugL_mean,19.3917872295185
vera4cast,chlorocast_chronos,2026-10-23 00:00:00,2026-09-28 00:00:00,P1D,fcre,1.6,ensemble,158,Chla_ugL_mean,20.1719778868519
vera4cast,chlorocast_chronos,2026-10-24 00:00:00,2026-09-28 00:00:00,P1D,fcre,1.6,ensemble,158,Chla_ugL_mean,20.8375642197635
vera4cast,chlorocast_chronos,2026-10-25 00:00:00,2026-09-28 00:00:00,P1D,fcre,1.6,ensemble,158,Chla_ugL_mean,21.4573140253787
vera4cast,chlorocast_chronos,2026-10-26 00:00:00,2026-09-28 00:00:00,P1D,fcre,1.6,ensemble,158,Chla_ugL_mean,21.1231010806685
vera4cast,chlorocast_chronos,2026-10-27 00:00:00,2026-09-28 00:00:00,P1D,fcre,1.6,ensemble,158,Chla_ugL_mean,20.9308046719614
vera4cast,chlorocast_chronos,2026-10-28 00:00:00,2026-09-28 00:00:00,P1D,fcre,1.6,ensemble,158,Chla_ugL_mean,20.8289455160974
vera4cast,chlorocast_chronos,2026-10-29 00:00:00,2026-09-28 00:00:00,P1D,fcre,1.6,ensemble,158,Chla_ugL_mean,20.7874482707227
vera4cast,chlorocast_chronos,2026-10-30 00:00:00,2026-09-28 00:00:00,P1D,fcre,1.6,ensemble,158,Chla_ugL_mean,20.8536738130906
vera4cast,chlorocast_chronos,2026-10-31 00:00:00,2026-09-28 00:00:00,P1D,fcre,1.6,ensemble,158,Chla_ugL_mean,20.6082163044535
vera4cast,chlorocast_chronos,2026-11-01 00:00:00,2026-09-28 00:00:00,P1D,fcre,1.6,ensemble,158,Chla_ugL_mean,20.7135731494779
vera4cast,chlorocast_chronos,2026-11-02 00:00:00,2026-09-28 00:00:00,P1D,fcre,1.6,ensemble,158,Chla_ugL_mean,20.714661025487
vera4cast,chlorocast_chronos,2026-09-29 00:00:00,2026-09-28 00:00:00,P1D,fcre,1.6,ensemble,159,Chla_ugL_mean,16.1063092564572
vera4cast,chlorocast_chronos,2026-09-30 00:00:00,2026-09-28 00:00:00,P1D,fcre,1.6,ensemble,159,Chla_ugL_mean,16.7765160420985
vera4cast,chlorocast_chronos,2026-10-01 00:00:00,2026-09-28 00:00:00,P1D,fcre,1.6,ensemble,159,Chla_ugL_mean,17.2839402120725
vera4cast,chlorocast_chronos,2026-10-02 00:00:00,2026-09-28 00:00:00,P1D,fcre,1.6,ensemble,159,Chla_ugL_mean,17.3926558434072
vera4cast,chlorocast_chronos,2026-10-03 00:00:00,2026-09-28 00:00:00,P1D,fcre,1.6,ensemble,159,Chla_ugL_mean,17.7140664929722
vera4cast,chlorocast_chronos,2026-10-04 00:00:00,2026-09-28 00:00:00,P1D,fcre,1.6,ensemble,159,Chla_ugL_mean,19.0229688708506
vera4cast,chlorocast_chronos,2026-10-05 00:00:00,2026-09-28 00:00:00,P1D,fcre,1.6,ensemble,159,Chla_ugL_mean,18.67159869261
vera4cast,chlorocast_chronos,2026-10-06 00:00:00,2026-09-28 00:00:00,P1D,fcre,1.6,ensemble,159,Chla_ugL_mean,18.9462409111498
vera4cast,chlorocast_chronos,2026-10-07 00:00:00,2026-09-28 00:00:00,P1D,fcre,1.6,ensemble,159,Chla_ugL_mean,18.6951139008862
vera4cast,chlorocast_chronos,2026-10-08 00:00:00,2026-09-28 00:00:00,P1D,fcre,1.6,ensemble,159,Chla_ugL_mean,18.6705207216621
vera4cast,chlorocast_chronos,2026-10-09 00:00:00,2026-09-28 00:00:00,P1D,fcre,1.6,ensemble,159,Chla_ugL_mean,18.7722418834437
vera4cast,chlorocast_chronos,2026-10-10 00:00:00,2026-09-28 00:00:00,P1D,fcre,1.6,ensemble,159,Chla_ugL_mean,18.7633246913571
vera4cast,chlorocast_chronos,2026-10-11 00:00:00,2026-09-28 00:00:00,P1D,fcre,1.6,ensemble,159,Chla_ugL_mean,19.1652655993506
vera4cast,chlorocast_chronos,2026-10-12 00:00:00,2026-09-28 00:00:00,P1D,fcre,1.6,ensemble,159,Chla_ugL_mean,19.9603213250285
vera4cast,chlorocast_chronos,2026-10-13 00:00:00,2026-09-28 00:00:00,P1D,fcre,1.6,ensemble,159,Chla_ugL_mean,20.7091151817579
vera4cast,chlorocast_chronos,2026-10-14 00:00:00,2026-09-28 00:00:00,P1D,fcre,1.6,ensemble,159,Chla_ugL_mean,22.0726439290676
vera4cast,chlorocast_chronos,2026-10-15 00:00:00,2026-09-28 00:00:00,P1D,fcre,1.6,ensemble,159,Chla_ugL_mean,22.990436755186
vera4cast,chlorocast_chronos,2026-10-16 00:00:00,2026-09-28 00:00:00,P1D,fcre,1.6,ensemble,159,Chla_ugL_mean,23.8943564490753
vera4cast,chlorocast_chronos,2026-10-17 00:00:00,2026-09-28 00:00:00,P1D,fcre,1.6,ensemble,159,Chla_ugL_mean,23.9962024398378
vera4cast,chlorocast_chronos,2026-10-18 00:00:00,2026-09-28 00:00:00,P1D,fcre,1.6,ensemble,159,Chla_ugL_mean,23.6701883877803
vera4cast,chlorocast_chronos,2026-10-19 00:00:00,2026-09-28 00:00:00,P1D,fcre,1.6,ensemble,159,Chla_ugL_mean,23.1849084396777
vera4cast,chlorocast_chronos,2026-10-20 00:00:00,2026-09-28 00:00:00,P1D,fcre,1.6,ensemble,159,Chla_ugL_mean,19.8012634720903
vera4cast,chlorocast_chronos,2026-10-21 00:00:00,2026-09-28 00:00:00,P1D,fcre,1.6,ensemble,159,Chla_ugL_mean,19.8762429794612
vera4cast,chlorocast_chronos,2026-10-22 00:00:00,2026-09-28 00:00:00,P1D,fcre,1.6,ensemble,159,Chla_ugL_mean,19.6448628220282
vera4cast,chlorocast_chronos,2026-10-23 00:00:00,2026-09-28 00:00:00,P1D,fcre,1.6,ensemble,159,Chla_ugL_mean,20.4568011588555
vera4cast,chlorocast_chronos,2026-10-24 00:00:00,2026-09-28 00:00:00,P1D,fcre,1.6,ensemble,159,Chla_ugL_mean,21.1451775299854
vera4cast,chlorocast_chronos,2026-10-25 00:00:00,2026-09-28 00:00:00,P1D,fcre,1.6,ensemble,159,Chla_ugL_mean,21.7922285230343
vera4cast,chlorocast_chronos,2026-10-26 00:00:00,2026-09-28 00:00:00,P1D,fcre,1.6,ensemble,159,Chla_ugL_mean,21.4496771212494
vera4cast,chlorocast_chronos,2026-10-27 00:00:00,2026-09-28 00:00:00,P1D,fcre,1.6,ensemble,159,Chla_ugL_mean,21.2576027469673
vera4cast,chlorocast_chronos,2026-10-28 00:00:00,2026-09-28 00:00:00,P1D,fcre,1.6,ensemble,159,Chla_ugL_mean,21.1519478101084
vera4cast,chlorocast_chronos,2026-10-29 00:00:00,2026-09-28 00:00:00,P1D,fcre,1.6,ensemble,159,Chla_ugL_mean,21.1165823738053
vera4cast,chlorocast_chronos,2026-10-30 00:00:00,2026-09-28 00:00:00,P1D,fcre,1.6,ensemble,159,Chla_ugL_mean,21.1888830844988
vera4cast,chlorocast_chronos,2026-10-31 00:00:00,2026-09-28 00:00:00,P1D,fcre,1.6,ensemble,159,Chla_ugL_mean,20.9348536708077
vera4cast,chlorocast_chronos,2026-11-01 00:00:00,2026-09-28 00:00:00,P1D,fcre,1.6,ensemble,159,Chla_ugL_mean,21.0469450203426
vera4cast,chlorocast_chronos,2026-11-02 00:00:00,2026-09-28 00:00:00,P1D,fcre,1.6,ensemble,159,Chla_ugL_mean,21.0505246108534
vera4cast,chlorocast_chronos,2026-09-29 00:00:00,2026-09-28 00:00:00,P1D,fcre,1.6,ensemble,160,Chla_ugL_mean,16.3202046096251
vera4cast,chlorocast_chronos,2026-09-30 00:00:00,2026-09-28 00:00:00,P1D,fcre,1.6,ensemble,160,Chla_ugL_mean,17.0134188277244
vera4cast,chlorocast_chronos,2026-10-01 00:00:00,2026-09-28 00:00:00,P1D,fcre,1.6,ensemble,160,Chla_ugL_mean,17.5384023080545
vera4cast,chlorocast_chronos,2026-10-02 00:00:00,2026-09-28 00:00:00,P1D,fcre,1.6,ensemble,160,Chla_ugL_mean,17.6567343453366
vera4cast,chlorocast_chronos,2026-10-03 00:00:00,2026-09-28 00:00:00,P1D,fcre,1.6,ensemble,160,Chla_ugL_mean,17.9928239636039
vera4cast,chlorocast_chronos,2026-10-04 00:00:00,2026-09-28 00:00:00,P1D,fcre,1.6,ensemble,160,Chla_ugL_mean,19.3465031334996
vera4cast,chlorocast_chronos,2026-10-05 00:00:00,2026-09-28 00:00:00,P1D,fcre,1.6,ensemble,160,Chla_ugL_mean,18.98344383717
vera4cast,chlorocast_chronos,2026-10-06 00:00:00,2026-09-28 00:00:00,P1D,fcre,1.6,ensemble,160,Chla_ugL_mean,19.2676201486485
vera4cast,chlorocast_chronos,2026-10-07 00:00:00,2026-09-28 00:00:00,P1D,fcre,1.6,ensemble,160,Chla_ugL_mean,19.0032033185275
vera4cast,chlorocast_chronos,2026-10-08 00:00:00,2026-09-28 00:00:00,P1D,fcre,1.6,ensemble,160,Chla_ugL_mean,18.9743490888975
vera4cast,chlorocast_chronos,2026-10-09 00:00:00,2026-09-28 00:00:00,P1D,fcre,1.6,ensemble,160,Chla_ugL_mean,19.080559242505
vera4cast,chlorocast_chronos,2026-10-10 00:00:00,2026-09-28 00:00:00,P1D,fcre,1.6,ensemble,160,Chla_ugL_mean,19.074637839101
vera4cast,chlorocast_chronos,2026-10-11 00:00:00,2026-09-28 00:00:00,P1D,fcre,1.6,ensemble,160,Chla_ugL_mean,19.4858944490495
vera4cast,chlorocast_chronos,2026-10-12 00:00:00,2026-09-28 00:00:00,P1D,fcre,1.6,ensemble,160,Chla_ugL_mean,20.2993207386001
vera4cast,chlorocast_chronos,2026-10-13 00:00:00,2026-09-28 00:00:00,P1D,fcre,1.6,ensemble,160,Chla_ugL_mean,21.0655255559897
vera4cast,chlorocast_chronos,2026-10-14 00:00:00,2026-09-28 00:00:00,P1D,fcre,1.6,ensemble,160,Chla_ugL_mean,22.4698051488284
vera4cast,chlorocast_chronos,2026-10-15 00:00:00,2026-09-28 00:00:00,P1D,fcre,1.6,ensemble,160,Chla_ugL_mean,23.4182824197297
vera4cast,chlorocast_chronos,2026-10-16 00:00:00,2026-09-28 00:00:00,P1D,fcre,1.6,ensemble,160,Chla_ugL_mean,24.349395450198
vera4cast,chlorocast_chronos,2026-10-17 00:00:00,2026-09-28 00:00:00,P1D,fcre,1.6,ensemble,160,Chla_ugL_mean,24.4526791379935
vera4cast,chlorocast_chronos,2026-10-18 00:00:00,2026-09-28 00:00:00,P1D,fcre,1.6,ensemble,160,Chla_ugL_mean,24.1151641449736
vera4cast,chlorocast_chronos,2026-10-19 00:00:00,2026-09-28 00:00:00,P1D,fcre,1.6,ensemble,160,Chla_ugL_mean,23.6130645286133
vera4cast,chlorocast_chronos,2026-10-20 00:00:00,2026-09-28 00:00:00,P1D,fcre,1.6,ensemble,160,Chla_ugL_mean,20.0949939862206
vera4cast,chlorocast_chronos,2026-10-21 00:00:00,2026-09-28 00:00:00,P1D,fcre,1.6,ensemble,160,Chla_ugL_mean,20.1724869880979
vera4cast,chlorocast_chronos,2026-10-22 00:00:00,2026-09-28 00:00:00,P1D,fcre,1.6,ensemble,160,Chla_ugL_mean,19.9378661561509
vera4cast,chlorocast_chronos,2026-10-23 00:00:00,2026-09-28 00:00:00,P1D,fcre,1.6,ensemble,160,Chla_ugL_mean,20.788512675807
vera4cast,chlorocast_chronos,2026-10-24 00:00:00,2026-09-28 00:00:00,P1D,fcre,1.6,ensemble,160,Chla_ugL_mean,21.5061064836373
vera4cast,chlorocast_chronos,2026-10-25 00:00:00,2026-09-28 00:00:00,P1D,fcre,1.6,ensemble,160,Chla_ugL_mean,22.1831754083113
vera4cast,chlorocast_chronos,2026-10-26 00:00:00,2026-09-28 00:00:00,P1D,fcre,1.6,ensemble,160,Chla_ugL_mean,21.8331405872776
vera4cast,chlorocast_chronos,2026-10-27 00:00:00,2026-09-28 00:00:00,P1D,fcre,1.6,ensemble,160,Chla_ugL_mean,21.6391581781534
vera4cast,chlorocast_chronos,2026-10-28 00:00:00,2026-09-28 00:00:00,P1D,fcre,1.6,ensemble,160,Chla_ugL_mean,21.5316272965292
vera4cast,chlorocast_chronos,2026-10-29 00:00:00,2026-09-28 00:00:00,P1D,fcre,1.6,ensemble,160,Chla_ugL_mean,21.5014278065986
vera4cast,chlorocast_chronos,2026-10-30 00:00:00,2026-09-28 00:00:00,P1D,fcre,1.6,ensemble,160,Chla_ugL_mean,21.58022966575
vera4cast,chlorocast_chronos,2026-10-31 00:00:00,2026-09-28 00:00:00,P1D,fcre,1.6,ensemble,160,Chla_ugL_mean,21.3195844394453
vera4cast,chlorocast_chronos,2026-11-01 00:00:00,2026-09-28 00:00:00,P1D,fcre,1.6,ensemble,160,Chla_ugL_mean,21.4390125035619
vera4cast,chlorocast_chronos,2026-11-02 00:00:00,2026-09-28 00:00:00,P1D,fcre,1.6,ensemble,160,Chla_ugL_mean,21.4462575233586
vera4cast,chlorocast_chronos,2026-09-29 00:00:00,2026-09-28 00:00:00,P1D,fcre,1.6,ensemble,161,Chla_ugL_mean,16.600461173246
vera4cast,chlorocast_chronos,2026-09-30 00:00:00,2026-09-28 00:00:00,P1D,fcre,1.6,ensemble,161,Chla_ugL_mean,17.3285982189465
vera4cast,chlorocast_chronos,2026-10-01 00:00:00,2026-09-28 00:00:00,P1D,fcre,1.6,ensemble,161,Chla_ugL_mean,17.873328833954
vera4cast,chlorocast_chronos,2026-10-02 00:00:00,2026-09-28 00:00:00,P1D,fcre,1.6,ensemble,161,Chla_ugL_mean,18.0052933286678
vera4cast,chlorocast_chronos,2026-10-03 00:00:00,2026-09-28 00:00:00,P1D,fcre,1.6,ensemble,161,Chla_ugL_mean,18.3590668788349
vera4cast,chlorocast_chronos,2026-10-04 00:00:00,2026-09-28 00:00:00,P1D,fcre,1.6,ensemble,161,Chla_ugL_mean,19.7691623904541
vera4cast,chlorocast_chronos,2026-10-05 00:00:00,2026-09-28 00:00:00,P1D,fcre,1.6,ensemble,161,Chla_ugL_mean,19.3900916759405
vera4cast,chlorocast_chronos,2026-10-06 00:00:00,2026-09-28 00:00:00,P1D,fcre,1.6,ensemble,161,Chla_ugL_mean,19.6897901240331
vera4cast,chlorocast_chronos,2026-10-07 00:00:00,2026-09-28 00:00:00,P1D,fcre,1.6,ensemble,161,Chla_ugL_mean,19.4039781974934
vera4cast,chlorocast_chronos,2026-10-08 00:00:00,2026-09-28 00:00:00,P1D,fcre,1.6,ensemble,161,Chla_ugL_mean,19.3718329040571
vera4cast,chlorocast_chronos,2026-10-09 00:00:00,2026-09-28 00:00:00,P1D,fcre,1.6,ensemble,161,Chla_ugL_mean,19.4873964386208
vera4cast,chlorocast_chronos,2026-10-10 00:00:00,2026-09-28 00:00:00,P1D,fcre,1.6,ensemble,161,Chla_ugL_mean,19.4841642251984
vera4cast,chlorocast_chronos,2026-10-11 00:00:00,2026-09-28 00:00:00,P1D,fcre,1.6,ensemble,161,Chla_ugL_mean,19.9130880836917
vera4cast,chlorocast_chronos,2026-10-12 00:00:00,2026-09-28 00:00:00,P1D,fcre,1.6,ensemble,161,Chla_ugL_mean,20.7475378034714
vera4cast,chlorocast_chronos,2026-10-13 00:00:00,2026-09-28 00:00:00,P1D,fcre,1.6,ensemble,161,Chla_ugL_mean,21.5353734523287
vera4cast,chlorocast_chronos,2026-10-14 00:00:00,2026-09-28 00:00:00,P1D,fcre,1.6,ensemble,161,Chla_ugL_mean,22.9907116343015
vera4cast,chlorocast_chronos,2026-10-15 00:00:00,2026-09-28 00:00:00,P1D,fcre,1.6,ensemble,161,Chla_ugL_mean,23.9823279866544
vera4cast,chlorocast_chronos,2026-10-16 00:00:00,2026-09-28 00:00:00,P1D,fcre,1.6,ensemble,161,Chla_ugL_mean,24.9520850381065
vera4cast,chlorocast_chronos,2026-10-17 00:00:00,2026-09-28 00:00:00,P1D,fcre,1.6,ensemble,161,Chla_ugL_mean,25.059217160313
vera4cast,chlorocast_chronos,2026-10-18 00:00:00,2026-09-28 00:00:00,P1D,fcre,1.6,ensemble,161,Chla_ugL_mean,24.7024250938519
vera4cast,chlorocast_chronos,2026-10-19 00:00:00,2026-09-28 00:00:00,P1D,fcre,1.6,ensemble,161,Chla_ugL_mean,24.1806449070562
vera4cast,chlorocast_chronos,2026-10-20 00:00:00,2026-09-28 00:00:00,P1D,fcre,1.6,ensemble,161,Chla_ugL_mean,20.4803720301881
vera4cast,chlorocast_chronos,2026-10-21 00:00:00,2026-09-28 00:00:00,P1D,fcre,1.6,ensemble,161,Chla_ugL_mean,20.5606107870142
vera4cast,chlorocast_chronos,2026-10-22 00:00:00,2026-09-28 00:00:00,P1D,fcre,1.6,ensemble,161,Chla_ugL_mean,20.3223378693969
vera4cast,chlorocast_chronos,2026-10-23 00:00:00,2026-09-28 00:00:00,P1D,fcre,1.6,ensemble,161,Chla_ugL_mean,21.2277077065302
vera4cast,chlorocast_chronos,2026-10-24 00:00:00,2026-09-28 00:00:00,P1D,fcre,1.6,ensemble,161,Chla_ugL_mean,21.9894958364809
vera4cast,chlorocast_chronos,2026-10-25 00:00:00,2026-09-28 00:00:00,P1D,fcre,1.6,ensemble,161,Chla_ugL_mean,22.7024045216328
vera4cast,chlorocast_chronos,2026-10-26 00:00:00,2026-09-28 00:00:00,P1D,fcre,1.6,ensemble,161,Chla_ugL_mean,22.3471890122513
vera4cast,chlorocast_chronos,2026-10-27 00:00:00,2026-09-28 00:00:00,P1D,fcre,1.6,ensemble,161,Chla_ugL_mean,22.1460906921432
vera4cast,chlorocast_chronos,2026-10-28 00:00:00,2026-09-28 00:00:00,P1D,fcre,1.6,ensemble,161,Chla_ugL_mean,22.0414590745419
vera4cast,chlorocast_chronos,2026-10-29 00:00:00,2026-09-28 00:00:00,P1D,fcre,1.6,ensemble,161,Chla_ugL_mean,22.0138756586671
vera4cast,chlorocast_chronos,2026-10-30 00:00:00,2026-09-28 00:00:00,P1D,fcre,1.6,ensemble,161,Chla_ugL_mean,22.1000240815976
vera4cast,chlorocast_chronos,2026-10-31 00:00:00,2026-09-28 00:00:00,P1D,fcre,1.6,ensemble,161,Chla_ugL_mean,21.8377716889733
vera4cast,chlorocast_chronos,2026-11-01 00:00:00,2026-09-28 00:00:00,P1D,fcre,1.6,ensemble,161,Chla_ugL_mean,21.9657971904876
vera4cast,chlorocast_chronos,2026-11-02 00:00:00,2026-09-28 00:00:00,P1D,fcre,1.6,ensemble,161,Chla_ugL_mean,21.979484882711
vera4cast,chlorocast_chronos,2026-09-29 00:00:00,2026-09-28 00:00:00,P1D,fcre,1.6,ensemble,162,Chla_ugL_mean,16.8852525413466
vera4cast,chlorocast_chronos,2026-09-30 00:00:00,2026-09-28 00:00:00,P1D,fcre,1.6,ensemble,162,Chla_ugL_mean,17.649292279516
vera4cast,chlorocast_chronos,2026-10-01 00:00:00,2026-09-28 00:00:00,P1D,fcre,1.6,ensemble,162,Chla_ugL_mean,18.2143063547497
vera4cast,chlorocast_chronos,2026-10-02 00:00:00,2026-09-28 00:00:00,P1D,fcre,1.6,ensemble,162,Chla_ugL_mean,18.360364350098
vera4cast,chlorocast_chronos,2026-10-03 00:00:00,2026-09-28 00:00:00,P1D,fcre,1.6,ensemble,162,Chla_ugL_mean,18.7323721389396
vera4cast,chlorocast_chronos,2026-10-04 00:00:00,2026-09-28 00:00:00,P1D,fcre,1.6,ensemble,162,Chla_ugL_mean,20.2006015761421
vera4cast,chlorocast_chronos,2026-10-05 00:00:00,2026-09-28 00:00:00,P1D,fcre,1.6,ensemble,162,Chla_ugL_mean,19.8050144880401
vera4cast,chlorocast_chronos,2026-10-06 00:00:00,2026-09-28 00:00:00,P1D,fcre,1.6,ensemble,162,Chla_ugL_mean,20.1207538051814
vera4cast,chlorocast_chronos,2026-10-07 00:00:00,2026-09-28 00:00:00,P1D,fcre,1.6,ensemble,162,Chla_ugL_mean,19.8127828155492
vera4cast,chlorocast_chronos,2026-10-08 00:00:00,2026-09-28 00:00:00,P1D,fcre,1.6,ensemble,162,Chla_ugL_mean,19.7772265330791
vera4cast,chlorocast_chronos,2026-10-09 00:00:00,2026-09-28 00:00:00,P1D,fcre,1.6,ensemble,162,Chla_ugL_mean,19.9024762589655
vera4cast,chlorocast_chronos,2026-10-10 00:00:00,2026-09-28 00:00:00,P1D,fcre,1.6,ensemble,162,Chla_ugL_mean,19.9020450265661
vera4cast,chlorocast_chronos,2026-10-11 00:00:00,2026-09-28 00:00:00,P1D,fcre,1.6,ensemble,162,Chla_ugL_mean,20.349190013841
vera4cast,chlorocast_chronos,2026-10-12 00:00:00,2026-09-28 00:00:00,P1D,fcre,1.6,ensemble,162,Chla_ugL_mean,21.2051870253446
vera4cast,chlorocast_chronos,2026-10-13 00:00:00,2026-09-28 00:00:00,P1D,fcre,1.6,ensemble,162,Chla_ugL_mean,22.0152259617522
vera4cast,chlorocast_chronos,2026-10-14 00:00:00,2026-09-28 00:00:00,P1D,fcre,1.6,ensemble,162,Chla_ugL_mean,23.5231795096068
vera4cast,chlorocast_chronos,2026-10-15 00:00:00,2026-09-28 00:00:00,P1D,fcre,1.6,ensemble,162,Chla_ugL_mean,24.5594026191006
vera4cast,chlorocast_chronos,2026-10-16 00:00:00,2026-09-28 00:00:00,P1D,fcre,1.6,ensemble,162,Chla_ugL_mean,25.5691037543007
vera4cast,chlorocast_chronos,2026-10-17 00:00:00,2026-09-28 00:00:00,P1D,fcre,1.6,ensemble,162,Chla_ugL_mean,25.6802089998721
vera4cast,chlorocast_chronos,2026-10-18 00:00:00,2026-09-28 00:00:00,P1D,fcre,1.6,ensemble,162,Chla_ugL_mean,25.3034178033545
vera4cast,chlorocast_chronos,2026-10-19 00:00:00,2026-09-28 00:00:00,P1D,fcre,1.6,ensemble,162,Chla_ugL_mean,24.7613137607525
vera4cast,chlorocast_chronos,2026-10-20 00:00:00,2026-09-28 00:00:00,P1D,fcre,1.6,ensemble,162,Chla_ugL_mean,20.8727904286999
vera4cast,chlorocast_chronos,2026-10-21 00:00:00,2026-09-28 00:00:00,P1D,fcre,1.6,ensemble,162,Chla_ugL_mean,20.955849483834
vera4cast,chlorocast_chronos,2026-10-22 00:00:00,2026-09-28 00:00:00,P1D,fcre,1.6,ensemble,162,Chla_ugL_mean,20.7138694471574
vera4cast,chlorocast_chronos,2026-10-23 00:00:00,2026-09-28 00:00:00,P1D,fcre,1.6,ensemble,162,Chla_ugL_mean,21.6757556717277
vera4cast,chlorocast_chronos,2026-10-24 00:00:00,2026-09-28 00:00:00,P1D,fcre,1.6,ensemble,162,Chla_ugL_mean,22.4832674945273
vera4cast,chlorocast_chronos,2026-10-25 00:00:00,2026-09-28 00:00:00,P1D,fcre,1.6,ensemble,162,Chla_ugL_mean,23.2332627093746
vera4cast,chlorocast_chronos,2026-10-26 00:00:00,2026-09-28 00:00:00,P1D,fcre,1.6,ensemble,162,Chla_ugL_mean,22.872810342941
vera4cast,chlorocast_chronos,2026-10-27 00:00:00,2026-09-28 00:00:00,P1D,fcre,1.6,ensemble,162,Chla_ugL_mean,22.6643743602579
vera4cast,chlorocast_chronos,2026-10-28 00:00:00,2026-09-28 00:00:00,P1D,fcre,1.6,ensemble,162,Chla_ugL_mean,22.5628270118587
vera4cast,chlorocast_chronos,2026-10-29 00:00:00,2026-09-28 00:00:00,P1D,fcre,1.6,ensemble,162,Chla_ugL_mean,22.5379940057524
vera4cast,chlorocast_chronos,2026-10-30 00:00:00,2026-09-28 00:00:00,P1D,fcre,1.6,ensemble,162,Chla_ugL_mean,22.6317841080144
vera4cast,chlorocast_chronos,2026-10-31 00:00:00,2026-09-28 00:00:00,P1D,fcre,1.6,ensemble,162,Chla_ugL_mean,22.3679895399806
vera4cast,chlorocast_chronos,2026-11-01 00:00:00,2026-09-28 00:00:00,P1D,fcre,1.6,ensemble,162,Chla_ugL_mean,22.5049488256619
vera4cast,chlorocast_chronos,2026-11-02 00:00:00,2026-09-28 00:00:00,P1D,fcre,1.6,ensemble,162,Chla_ugL_mean,22.5253794502368
vera4cast,chlorocast_chronos,2026-09-29 00:00:00,2026-09-28 00:00:00,P1D,fcre,1.6,ensemble,163,Chla_ugL_mean,17.1746520911617
vera4cast,chlorocast_chronos,2026-09-30 00:00:00,2026-09-28 00:00:00,P1D,fcre,1.6,ensemble,163,Chla_ugL_mean,17.9755974991744
vera4cast,chlorocast_chronos,2026-10-01 00:00:00,2026-09-28 00:00:00,P1D,fcre,1.6,ensemble,163,Chla_ugL_mean,18.5614441915507
vera4cast,chlorocast_chronos,2026-10-02 00:00:00,2026-09-28 00:00:00,P1D,fcre,1.6,ensemble,163,Chla_ugL_mean,18.7220690723651
vera4cast,chlorocast_chronos,2026-10-03 00:00:00,2026-09-28 00:00:00,P1D,fcre,1.6,ensemble,163,Chla_ugL_mean,19.1128759287098
vera4cast,chlorocast_chronos,2026-10-04 00:00:00,2026-09-28 00:00:00,P1D,fcre,1.6,ensemble,163,Chla_ugL_mean,20.6410030766047
vera4cast,chlorocast_chronos,2026-10-05 00:00:00,2026-09-28 00:00:00,P1D,fcre,1.6,ensemble,163,Chla_ugL_mean,20.228380662864
vera4cast,chlorocast_chronos,2026-10-06 00:00:00,2026-09-28 00:00:00,P1D,fcre,1.6,ensemble,163,Chla_ugL_mean,20.5606943630092
vera4cast,chlorocast_chronos,2026-10-07 00:00:00,2026-09-28 00:00:00,P1D,fcre,1.6,ensemble,163,Chla_ugL_mean,20.229778052813
vera4cast,chlorocast_chronos,2026-10-08 00:00:00,2026-09-28 00:00:00,P1D,fcre,1.6,ensemble,163,Chla_ugL_mean,20.1906873789895
vera4cast,chlorocast_chronos,2026-10-09 00:00:00,2026-09-28 00:00:00,P1D,fcre,1.6,ensemble,163,Chla_ugL_mean,20.3259657011855
vera4cast,chlorocast_chronos,2026-10-10 00:00:00,2026-09-28 00:00:00,P1D,fcre,1.6,ensemble,163,Chla_ugL_mean,20.3284506748464
vera4cast,chlorocast_chronos,2026-10-11 00:00:00,2026-09-28 00:00:00,P1D,fcre,1.6,ensemble,163,Chla_ugL_mean,20.7943860047392
vera4cast,chlorocast_chronos,2026-10-12 00:00:00,2026-09-28 00:00:00,P1D,fcre,1.6,ensemble,163,Chla_ugL_mean,21.6724668919452
vera4cast,chlorocast_chronos,2026-10-13 00:00:00,2026-09-28 00:00:00,P1D,fcre,1.6,ensemble,163,Chla_ugL_mean,22.5052961155065
vera4cast,chlorocast_chronos,2026-10-14 00:00:00,2026-09-28 00:00:00,P1D,fcre,1.6,ensemble,163,Chla_ugL_mean,24.0674653769147
vera4cast,chlorocast_chronos,2026-10-15 00:00:00,2026-09-28 00:00:00,P1D,fcre,1.6,ensemble,163,Chla_ugL_mean,25.1498072795406
vera4cast,chlorocast_chronos,2026-10-16 00:00:00,2026-09-28 00:00:00,P1D,fcre,1.6,ensemble,163,Chla_ugL_mean,26.2007922781645
vera4cast,chlorocast_chronos,2026-10-17 00:00:00,2026-09-28 00:00:00,P1D,fcre,1.6,ensemble,163,Chla_ugL_mean,26.3159990915209
vera4cast,chlorocast_chronos,2026-10-18 00:00:00,2026-09-28 00:00:00,P1D,fcre,1.6,ensemble,163,Chla_ugL_mean,25.9184633594487
vera4cast,chlorocast_chronos,2026-10-19 00:00:00,2026-09-28 00:00:00,P1D,fcre,1.6,ensemble,163,Chla_ugL_mean,25.3553729115956
vera4cast,chlorocast_chronos,2026-10-20 00:00:00,2026-09-28 00:00:00,P1D,fcre,1.6,ensemble,163,Chla_ugL_mean,21.2723777998568
vera4cast,chlorocast_chronos,2026-10-21 00:00:00,2026-09-28 00:00:00,P1D,fcre,1.6,ensemble,163,Chla_ugL_mean,21.3583335054271
vera4cast,chlorocast_chronos,2026-10-22 00:00:00,2026-09-28 00:00:00,P1D,fcre,1.6,ensemble,163,Chla_ugL_mean,21.1125905262438
vera4cast,chlorocast_chronos,2026-10-23 00:00:00,2026-09-28 00:00:00,P1D,fcre,1.6,ensemble,163,Chla_ugL_mean,22.1328350216172
vera4cast,chlorocast_chronos,2026-10-24 00:00:00,2026-09-28 00:00:00,P1D,fcre,1.6,ensemble,163,Chla_ugL_mean,22.987644450403
vera4cast,chlorocast_chronos,2026-10-25 00:00:00,2026-09-28 00:00:00,P1D,fcre,1.6,ensemble,163,Chla_ugL_mean,23.776010425676
vera4cast,chlorocast_chronos,2026-10-26 00:00:00,2026-09-28 00:00:00,P1D,fcre,1.6,ensemble,163,Chla_ugL_mean,23.4102651231792
vera4cast,chlorocast_chronos,2026-10-27 00:00:00,2026-09-28 00:00:00,P1D,fcre,1.6,ensemble,163,Chla_ugL_mean,23.194263355778
vera4cast,chlorocast_chronos,2026-10-28 00:00:00,2026-09-28 00:00:00,P1D,fcre,1.6,ensemble,163,Chla_ugL_mean,23.0959921415834
vera4cast,chlorocast_chronos,2026-10-29 00:00:00,2026-09-28 00:00:00,P1D,fcre,1.6,ensemble,163,Chla_ugL_mean,23.0740486318821
vera4cast,chlorocast_chronos,2026-10-30 00:00:00,2026-09-28 00:00:00,P1D,fcre,1.6,ensemble,163,Chla_ugL_mean,23.1757851920465
vera4cast,chlorocast_chronos,2026-10-31 00:00:00,2026-09-28 00:00:00,P1D,fcre,1.6,ensemble,163,Chla_ugL_mean,22.9105173034151
vera4cast,chlorocast_chronos,2026-11-01 00:00:00,2026-09-28 00:00:00,P1D,fcre,1.6,ensemble,163,Chla_ugL_mean,23.0567577391052
vera4cast,chlorocast_chronos,2026-11-02 00:00:00,2026-09-28 00:00:00,P1D,fcre,1.6,ensemble,163,Chla_ugL_mean,23.0842421447843
vera4cast,chlorocast_chronos,2026-09-29 00:00:00,2026-09-28 00:00:00,P1D,fcre,1.6,ensemble,164,Chla_ugL_mean,17.4687343872359
vera4cast,chlorocast_chronos,2026-09-30 00:00:00,2026-09-28 00:00:00,P1D,fcre,1.6,ensemble,164,Chla_ugL_mean,18.307612055937
vera4cast,chlorocast_chronos,2026-10-01 00:00:00,2026-09-28 00:00:00,P1D,fcre,1.6,ensemble,164,Chla_ugL_mean,18.9148536405304
vera4cast,chlorocast_chronos,2026-10-02 00:00:00,2026-09-28 00:00:00,P1D,fcre,1.6,ensemble,164,Chla_ugL_mean,19.0905314312006
vera4cast,chlorocast_chronos,2026-10-03 00:00:00,2026-09-28 00:00:00,P1D,fcre,1.6,ensemble,164,Chla_ugL_mean,19.5007170590191
vera4cast,chlorocast_chronos,2026-10-04 00:00:00,2026-09-28 00:00:00,P1D,fcre,1.6,ensemble,164,Chla_ugL_mean,21.0905530666002
vera4cast,chlorocast_chronos,2026-10-05 00:00:00,2026-09-28 00:00:00,P1D,fcre,1.6,ensemble,164,Chla_ugL_mean,20.660362016403
vera4cast,chlorocast_chronos,2026-10-06 00:00:00,2026-09-28 00:00:00,P1D,fcre,1.6,ensemble,164,Chla_ugL_mean,21.0097987838414
vera4cast,chlorocast_chronos,2026-10-07 00:00:00,2026-09-28 00:00:00,P1D,fcre,1.6,ensemble,164,Chla_ugL_mean,20.6551280127221
vera4cast,chlorocast_chronos,2026-10-08 00:00:00,2026-09-28 00:00:00,P1D,fcre,1.6,ensemble,164,Chla_ugL_mean,20.6123759770894
vera4cast,chlorocast_chronos,2026-10-09 00:00:00,2026-09-28 00:00:00,P1D,fcre,1.6,ensemble,164,Chla_ugL_mean,20.7580351463416
vera4cast,chlorocast_chronos,2026-10-10 00:00:00,2026-09-28 00:00:00,P1D,fcre,1.6,ensemble,164,Chla_ugL_mean,20.763555078519
vera4cast,chlorocast_chronos,2026-10-11 00:00:00,2026-09-28 00:00:00,P1D,fcre,1.6,ensemble,164,Chla_ugL_mean,21.2488656954023
vera4cast,chlorocast_chronos,2026-10-12 00:00:00,2026-09-28 00:00:00,P1D,fcre,1.6,ensemble,164,Chla_ugL_mean,22.1495800679198
vera4cast,chlorocast_chronos,2026-10-13 00:00:00,2026-09-28 00:00:00,P1D,fcre,1.6,ensemble,164,Chla_ugL_mean,23.0058014809768
vera4cast,chlorocast_chronos,2026-10-14 00:00:00,2026-09-28 00:00:00,P1D,fcre,1.6,ensemble,164,Chla_ugL_mean,24.6238315336171
vera4cast,chlorocast_chronos,2026-10-15 00:00:00,2026-09-28 00:00:00,P1D,fcre,1.6,ensemble,164,Chla_ugL_mean,25.7538498824734
vera4cast,chlorocast_chronos,2026-10-16 00:00:00,2026-09-28 00:00:00,P1D,fcre,1.6,ensemble,164,Chla_ugL_mean,26.8474993888376
vera4cast,chlorocast_chronos,2026-10-17 00:00:00,2026-09-28 00:00:00,P1D,fcre,1.6,ensemble,164,Chla_ugL_mean,26.9669400780012
vera4cast,chlorocast_chronos,2026-10-18 00:00:00,2026-09-28 00:00:00,P1D,fcre,1.6,ensemble,164,Chla_ugL_mean,26.5478903559662
vera4cast,chlorocast_chronos,2026-10-19 00:00:00,2026-09-28 00:00:00,P1D,fcre,1.6,ensemble,164,Chla_ugL_mean,25.9631311415298
vera4cast,chlorocast_chronos,2026-10-20 00:00:00,2026-09-28 00:00:00,P1D,fcre,1.6,ensemble,164,Chla_ugL_mean,21.6792651114446
vera4cast,chlorocast_chronos,2026-10-21 00:00:00,2026-09-28 00:00:00,P1D,fcre,1.6,ensemble,164,Chla_ugL_mean,21.7681956695858
vera4cast,chlorocast_chronos,2026-10-22 00:00:00,2026-09-28 00:00:00,P1D,fcre,1.6,ensemble,164,Chla_ugL_mean,21.5186331239243
vera4cast,chlorocast_chronos,2026-10-23 00:00:00,2026-09-28 00:00:00,P1D,fcre,1.6,ensemble,164,Chla_ugL_mean,22.5991278034699
vera4cast,chlorocast_chronos,2026-10-24 00:00:00,2026-09-28 00:00:00,P1D,fcre,1.6,ensemble,164,Chla_ugL_mean,23.5028544862016
vera4cast,chlorocast_chronos,2026-10-25 00:00:00,2026-09-28 00:00:00,P1D,fcre,1.6,ensemble,164,Chla_ugL_mean,24.3309139580177
vera4cast,chlorocast_chronos,2026-10-26 00:00:00,2026-09-28 00:00:00,P1D,fcre,1.6,ensemble,164,Chla_ugL_mean,23.9598197624894
vera4cast,chlorocast_chronos,2026-10-27 00:00:00,2026-09-28 00:00:00,P1D,fcre,1.6,ensemble,164,Chla_ugL_mean,23.7360175433921
vera4cast,chlorocast_chronos,2026-10-28 00:00:00,2026-09-28 00:00:00,P1D,fcre,1.6,ensemble,164,Chla_ugL_mean,23.6412214033162
vera4cast,chlorocast_chronos,2026-10-29 00:00:00,2026-09-28 00:00:00,P1D,fcre,1.6,ensemble,164,Chla_ugL_mean,23.6223113740527
vera4cast,chlorocast_chronos,2026-10-30 00:00:00,2026-09-28 00:00:00,P1D,fcre,1.6,ensemble,164,Chla_ugL_mean,23.7323091215004
vera4cast,chlorocast_chronos,2026-10-31 00:00:00,2026-09-28 00:00:00,P1D,fcre,1.6,ensemble,164,Chla_ugL_mean,23.4656407749055
vera4cast,chlorocast_chronos,2026-11-01 00:00:00,2026-09-28 00:00:00,P1D,fcre,1.6,ensemble,164,Chla_ugL_mean,23.6215210767088
vera4cast,chlorocast_chronos,2026-11-02 00:00:00,2026-09-28 00:00:00,P1D,fcre,1.6,ensemble,164,Chla_ugL_mean,23.6563810337506
vera4cast,chlorocast_chronos,2026-09-29 00:00:00,2026-09-28 00:00:00,P1D,fcre,1.6,ensemble,165,Chla_ugL_mean,17.7675752006359
vera4cast,chlorocast_chronos,2026-09-30 00:00:00,2026-09-28 00:00:00,P1D,fcre,1.6,ensemble,165,Chla_ugL_mean,18.6454358456318
vera4cast,chlorocast_chronos,2026-10-01 00:00:00,2026-09-28 00:00:00,P1D,fcre,1.6,ensemble,165,Chla_ugL_mean,19.2746480086093
vera4cast,chlorocast_chronos,2026-10-02 00:00:00,2026-09-28 00:00:00,P1D,fcre,1.6,ensemble,165,Chla_ugL_mean,19.4658776777956
vera4cast,chlorocast_chronos,2026-10-03 00:00:00,2026-09-28 00:00:00,P1D,fcre,1.6,ensemble,165,Chla_ugL_mean,19.8960370174629
vera4cast,chlorocast_chronos,2026-10-04 00:00:00,2026-09-28 00:00:00,P1D,fcre,1.6,ensemble,165,Chla_ugL_mean,21.5494415883074
vera4cast,chlorocast_chronos,2026-10-05 00:00:00,2026-09-28 00:00:00,P1D,fcre,1.6,ensemble,165,Chla_ugL_mean,21.1011338609723
vera4cast,chlorocast_chronos,2026-10-06 00:00:00,2026-09-28 00:00:00,P1D,fcre,1.6,ensemble,165,Chla_ugL_mean,21.4682579488863
vera4cast,chlorocast_chronos,2026-10-07 00:00:00,2026-09-28 00:00:00,P1D,fcre,1.6,ensemble,165,Chla_ugL_mean,21.089000086614
vera4cast,chlorocast_chronos,2026-10-08 00:00:00,2026-09-28 00:00:00,P1D,fcre,1.6,ensemble,165,Chla_ugL_mean,21.0424560572865
vera4cast,chlorocast_chronos,2026-10-09 00:00:00,2026-09-28 00:00:00,P1D,fcre,1.6,ensemble,165,Chla_ugL_mean,21.1988584274576
vera4cast,chlorocast_chronos,2026-10-10 00:00:00,2026-09-28 00:00:00,P1D,fcre,1.6,ensemble,165,Chla_ugL_mean,21.2075356938294
vera4cast,chlorocast_chronos,2026-10-11 00:00:00,2026-09-28 00:00:00,P1D,fcre,1.6,ensemble,165,Chla_ugL_mean,21.7128226794005
vera4cast,chlorocast_chronos,2026-10-12 00:00:00,2026-09-28 00:00:00,P1D,fcre,1.6,ensemble,165,Chla_ugL_mean,22.6367334827346
vera4cast,chlorocast_chronos,2026-10-13 00:00:00,2026-09-28 00:00:00,P1D,fcre,1.6,ensemble,165,Chla_ugL_mean,23.5169642582761
vera4cast,chlorocast_chronos,2026-10-14 00:00:00,2026-09-28 00:00:00,P1D,fcre,1.6,ensemble,165,Chla_ugL_mean,25.1925460987314
vera4cast,chlorocast_chronos,2026-10-15 00:00:00,2026-09-28 00:00:00,P1D,fcre,1.6,ensemble,165,Chla_ugL_mean,26.3718454550116
vera4cast,chlorocast_chronos,2026-10-16 00:00:00,2026-09-28 00:00:00,P1D,fcre,1.6,ensemble,165,Chla_ugL_mean,27.5095821577901
vera4cast,chlorocast_chronos,2026-10-17 00:00:00,2026-09-28 00:00:00,P1D,fcre,1.6,ensemble,165,Chla_ugL_mean,27.6333930055407
vera4cast,chlorocast_chronos,2026-10-18 00:00:00,2026-09-28 00:00:00,P1D,fcre,1.6,ensemble,165,Chla_ugL_mean,27.1920350701579
vera4cast,chlorocast_chronos,2026-10-19 00:00:00,2026-09-28 00:00:00,P1D,fcre,1.6,ensemble,165,Chla_ugL_mean,26.5849043530502
vera4cast,chlorocast_chronos,2026-10-20 00:00:00,2026-09-28 00:00:00,P1D,fcre,1.6,ensemble,165,Chla_ugL_mean,22.09358572386
vera4cast,chlorocast_chronos,2026-10-21 00:00:00,2026-09-28 00:00:00,P1D,fcre,1.6,ensemble,165,Chla_ugL_mean,22.1855712288536
vera4cast,chlorocast_chronos,2026-10-22 00:00:00,2026-09-28 00:00:00,P1D,fcre,1.6,ensemble,165,Chla_ugL_mean,21.9321316816352
vera4cast,chlorocast_chronos,2026-10-23 00:00:00,2026-09-28 00:00:00,P1D,fcre,1.6,ensemble,165,Chla_ugL_mean,23.0748197341171
vera4cast,chlorocast_chronos,2026-10-24 00:00:00,2026-09-28 00:00:00,P1D,fcre,1.6,ensemble,165,Chla_ugL_mean,24.0291302763528
vera4cast,chlorocast_chronos,2026-10-25 00:00:00,2026-09-28 00:00:00,P1D,fcre,1.6,ensemble,165,Chla_ugL_mean,24.8982455578697
vera4cast,chlorocast_chronos,2026-10-26 00:00:00,2026-09-28 00:00:00,P1D,fcre,1.6,ensemble,165,Chla_ugL_mean,24.5217466681418
vera4cast,chlorocast_chronos,2026-10-27 00:00:00,2026-09-28 00:00:00,P1D,fcre,1.6,ensemble,165,Chla_ugL_mean,24.2899026066392
vera4cast,chlorocast_chronos,2026-10-28 00:00:00,2026-09-28 00:00:00,P1D,fcre,1.6,ensemble,165,Chla_ugL_mean,24.1987877768019
vera4cast,chlorocast_chronos,2026-10-29 00:00:00,2026-09-28 00:00:00,P1D,fcre,1.6,ensemble,165,Chla_ugL_mean,24.1830602600809
vera4cast,chlorocast_chronos,2026-10-30 00:00:00,2026-09-28 00:00:00,P1D,fcre,1.6,ensemble,165,Chla_ugL_mean,24.3016441709074
vera4cast,chlorocast_chronos,2026-10-31 00:00:00,2026-09-28 00:00:00,P1D,fcre,1.6,ensemble,165,Chla_ugL_mean,24.0336523853136
vera4cast,chlorocast_chronos,2026-11-01 00:00:00,2026-09-28 00:00:00,P1D,fcre,1.6,ensemble,165,Chla_ugL_mean,24.1995429602463
vera4cast,chlorocast_chronos,2026-11-02 00:00:00,2026-09-28 00:00:00,P1D,fcre,1.6,ensemble,165,Chla_ugL_mean,24.2421115029003
vera4cast,chlorocast_chronos,2026-09-29 00:00:00,2026-09-28 00:00:00,P1D,fcre,1.6,ensemble,166,Chla_ugL_mean,18.0712515284724
vera4cast,chlorocast_chronos,2026-09-30 00:00:00,2026-09-28 00:00:00,P1D,fcre,1.6,ensemble,166,Chla_ugL_mean,18.9891705119567
vera4cast,chlorocast_chronos,2026-10-01 00:00:00,2026-09-28 00:00:00,P1D,fcre,1.6,ensemble,166,Chla_ugL_mean,19.6409426497828
vera4cast,chlorocast_chronos,2026-10-02 00:00:00,2026-09-28 00:00:00,P1D,fcre,1.6,ensemble,166,Chla_ugL_mean,19.8482364220597
vera4cast,chlorocast_chronos,2026-10-03 00:00:00,2026-09-28 00:00:00,P1D,fcre,1.6,ensemble,166,Chla_ugL_mean,20.2989800199735
vera4cast,chlorocast_chronos,2026-10-04 00:00:00,2026-09-28 00:00:00,P1D,fcre,1.6,ensemble,166,Chla_ugL_mean,22.017862631664
vera4cast,chlorocast_chronos,2026-10-05 00:00:00,2026-09-28 00:00:00,P1D,fcre,1.6,ensemble,166,Chla_ugL_mean,21.5508750763591
vera4cast,chlorocast_chronos,2026-10-06 00:00:00,2026-09-28 00:00:00,P1D,fcre,1.6,ensemble,166,Chla_ugL_mean,21.9362667153644
vera4cast,chlorocast_chronos,2026-10-07 00:00:00,2026-09-28 00:00:00,P1D,fcre,1.6,ensemble,166,Chla_ugL_mean,21.531565019601
vera4cast,chlorocast_chronos,2026-10-08 00:00:00,2026-09-28 00:00:00,P1D,fcre,1.6,ensemble,166,Chla_ugL_mean,21.4810946076666
vera4cast,chlorocast_chronos,2026-10-09 00:00:00,2026-09-28 00:00:00,P1D,fcre,1.6,ensemble,166,Chla_ugL_mean,21.6486128994586
vera4cast,chlorocast_chronos,2026-10-10 00:00:00,2026-09-28 00:00:00,P1D,fcre,1.6,ensemble,166,Chla_ugL_mean,21.6605735971637
vera4cast,chlorocast_chronos,2026-10-11 00:00:00,2026-09-28 00:00:00,P1D,fcre,1.6,ensemble,166,Chla_ugL_mean,22.1864545873228
vera4cast,chlorocast_chronos,2026-10-12 00:00:00,2026-09-28 00:00:00,P1D,fcre,1.6,ensemble,166,Chla_ugL_mean,23.1341384204224
vera4cast,chlorocast_chronos,2026-10-13 00:00:00,2026-09-28 00:00:00,P1D,fcre,1.6,ensemble,166,Chla_ugL_mean,24.0390113788914
vera4cast,chlorocast_chronos,2026-10-14 00:00:00,2026-09-28 00:00:00,P1D,fcre,1.6,ensemble,166,Chla_ugL_mean,25.7738831421097
vera4cast,chlorocast_chronos,2026-10-15 00:00:00,2026-09-28 00:00:00,P1D,fcre,1.6,ensemble,166,Chla_ugL_mean,27.0041163011778
vera4cast,chlorocast_chronos,2026-10-16 00:00:00,2026-09-28 00:00:00,P1D,fcre,1.6,ensemble,166,Chla_ugL_mean,28.1874061459746
vera4cast,chlorocast_chronos,2026-10-17 00:00:00,2026-09-28 00:00:00,P1D,fcre,1.6,ensemble,166,Chla_ugL_mean,28.3157275241082
vera4cast,chlorocast_chronos,2026-10-18 00:00:00,2026-09-28 00:00:00,P1D,fcre,1.6,ensemble,166,Chla_ugL_mean,27.8512416423525
vera4cast,chlorocast_chronos,2026-10-19 00:00:00,2026-09-28 00:00:00,P1D,fcre,1.6,ensemble,166,Chla_ugL_mean,27.2210157334033
vera4cast,chlorocast_chronos,2026-10-20 00:00:00,2026-09-28 00:00:00,P1D,fcre,1.6,ensemble,166,Chla_ugL_mean,22.5154754338201
vera4cast,chlorocast_chronos,2026-10-21 00:00:00,2026-09-28 00:00:00,P1D,fcre,1.6,ensemble,166,Chla_ugL_mean,22.6105979151585
vera4cast,chlorocast_chronos,2026-10-22 00:00:00,2026-09-28 00:00:00,P1D,fcre,1.6,ensemble,166,Chla_ugL_mean,22.3532231094944
vera4cast,chlorocast_chronos,2026-10-23 00:00:00,2026-09-28 00:00:00,P1D,fcre,1.6,ensemble,166,Chla_ugL_mean,23.5601002739184
vera4cast,chlorocast_chronos,2026-10-24 00:00:00,2026-09-28 00:00:00,P1D,fcre,1.6,ensemble,166,Chla_ugL_mean,24.566709492701
vera4cast,chlorocast_chronos,2026-10-25 00:00:00,2026-09-28 00:00:00,P1D,fcre,1.6,ensemble,166,Chla_ugL_mean,25.4782835742656
vera4cast,chlorocast_chronos,2026-10-26 00:00:00,2026-09-28 00:00:00,P1D,fcre,1.6,ensemble,166,Chla_ugL_mean,25.0963243801822
vera4cast,chlorocast_chronos,2026-10-27 00:00:00,2026-09-28 00:00:00,P1D,fcre,1.6,ensemble,166,Chla_ugL_mean,24.8561901782023
vera4cast,chlorocast_chronos,2026-10-28 00:00:00,2026-09-28 00:00:00,P1D,fcre,1.6,ensemble,166,Chla_ugL_mean,24.768970418603
vera4cast,chlorocast_chronos,2026-10-29 00:00:00,2026-09-28 00:00:00,P1D,fcre,1.6,ensemble,166,Chla_ugL_mean,24.7565796495929
vera4cast,chlorocast_chronos,2026-10-30 00:00:00,2026-09-28 00:00:00,P1D,fcre,1.6,ensemble,166,Chla_ugL_mean,24.8840852508468
vera4cast,chlorocast_chronos,2026-10-31 00:00:00,2026-09-28 00:00:00,P1D,fcre,1.6,ensemble,166,Chla_ugL_mean,24.6148513547827
vera4cast,chlorocast_chronos,2026-11-01 00:00:00,2026-09-28 00:00:00,P1D,fcre,1.6,ensemble,166,Chla_ugL_mean,24.7911346511407
vera4cast,chlorocast_chronos,2026-11-02 00:00:00,2026-09-28 00:00:00,P1D,fcre,1.6,ensemble,166,Chla_ugL_mean,24.841756430219
vera4cast,chlorocast_chronos,2026-09-29 00:00:00,2026-09-28 00:00:00,P1D,fcre,1.6,ensemble,167,Chla_ugL_mean,18.379841613739
vera4cast,chlorocast_chronos,2026-09-30 00:00:00,2026-09-28 00:00:00,P1D,fcre,1.6,ensemble,167,Chla_ugL_mean,19.3389194770614
vera4cast,chlorocast_chronos,2026-10-01 00:00:00,2026-09-28 00:00:00,P1D,fcre,1.6,ensemble,167,Chla_ugL_mean,20.0138550021045
vera4cast,chlorocast_chronos,2026-10-02 00:00:00,2026-09-28 00:00:00,P1D,fcre,1.6,ensemble,167,Chla_ugL_mean,20.2377386766885
vera4cast,chlorocast_chronos,2026-10-03 00:00:00,2026-09-28 00:00:00,P1D,fcre,1.6,ensemble,167,Chla_ugL_mean,20.709693063432
vera4cast,chlorocast_chronos,2026-10-04 00:00:00,2026-09-28 00:00:00,P1D,fcre,1.6,ensemble,167,Chla_ugL_mean,22.4960142163735
vera4cast,chlorocast_chronos,2026-10-05 00:00:00,2026-09-28 00:00:00,P1D,fcre,1.6,ensemble,167,Chla_ugL_mean,22.0097681824176
vera4cast,chlorocast_chronos,2026-10-06 00:00:00,2026-09-28 00:00:00,P1D,fcre,1.6,ensemble,167,Chla_ugL_mean,22.4140239993289
vera4cast,chlorocast_chronos,2026-10-07 00:00:00,2026-09-28 00:00:00,P1D,fcre,1.6,ensemble,167,Chla_ugL_mean,21.9829969777654
vera4cast,chlorocast_chronos,2026-10-08 00:00:00,2026-09-28 00:00:00,P1D,fcre,1.6,ensemble,167,Chla_ugL_mean,21.9284619393304
vera4cast,chlorocast_chronos,2026-10-09 00:00:00,2026-09-28 00:00:00,P1D,fcre,1.6,ensemble,167,Chla_ugL_mean,22.1074795105251
vera4cast,chlorocast_chronos,2026-10-10 00:00:00,2026-09-28 00:00:00,P1D,fcre,1.6,ensemble,167,Chla_ugL_mean,22.1228535589005
vera4cast,chlorocast_chronos,2026-10-11 00:00:00,2026-09-28 00:00:00,P1D,fcre,1.6,ensemble,167,Chla_ugL_mean,22.6699631709612
vera4cast,chlorocast_chronos,2026-10-12 00:00:00,2026-09-28 00:00:00,P1D,fcre,1.6,ensemble,167,Chla_ugL_mean,23.6420106112192
vera4cast,chlorocast_chronos,2026-10-13 00:00:00,2026-09-28 00:00:00,P1D,fcre,1.6,ensemble,167,Chla_ugL_mean,24.5721746064306
vera4cast,chlorocast_chronos,2026-10-14 00:00:00,2026-09-28 00:00:00,P1D,fcre,1.6,ensemble,167,Chla_ugL_mean,26.3681228165163
vera4cast,chlorocast_chronos,2026-10-15 00:00:00,2026-09-28 00:00:00,P1D,fcre,1.6,ensemble,167,Chla_ugL_mean,27.6509921699966
vera4cast,chlorocast_chronos,2026-10-16 00:00:00,2026-09-28 00:00:00,P1D,fcre,1.6,ensemble,167,Chla_ugL_mean,28.8813456056667
vera4cast,chlorocast_chronos,2026-10-17 00:00:00,2026-09-28 00:00:00,P1D,fcre,1.6,ensemble,167,Chla_ugL_mean,29.0143220924414
vera4cast,chlorocast_chronos,2026-10-18 00:00:00,2026-09-28 00:00:00,P1D,fcre,1.6,ensemble,167,Chla_ugL_mean,28.5258622598171
vera4cast,chlorocast_chronos,2026-10-19 00:00:00,2026-09-28 00:00:00,P1D,fcre,1.6,ensemble,167,Chla_ugL_mean,27.8717959225742
vera4cast,chlorocast_chronos,2026-10-20 00:00:00,2026-09-28 00:00:00,P1D,fcre,1.6,ensemble,167,Chla_ugL_mean,22.9450725188712
vera4cast,chlorocast_chronos,2026-10-21 00:00:00,2026-09-28 00:00:00,P1D,fcre,1.6,ensemble,167,Chla_ugL_mean,23.0434159852637
vera4cast,chlorocast_chronos,2026-10-22 00:00:00,2026-09-28 00:00:00,P1D,fcre,1.6,ensemble,167,Chla_ugL_mean,22.7820468316331
vera4cast,chlorocast_chronos,2026-10-23 00:00:00,2026-09-28 00:00:00,P1D,fcre,1.6,ensemble,167,Chla_ugL_mean,24.0551627022201
vera4cast,chlorocast_chronos,2026-10-24 00:00:00,2026-09-28 00:00:00,P1D,fcre,1.6,ensemble,167,Chla_ugL_mean,25.1158349118401
vera4cast,chlorocast_chronos,2026-10-25 00:00:00,2026-09-28 00:00:00,P1D,fcre,1.6,ensemble,167,Chla_ugL_mean,26.0713125903689
vera4cast,chlorocast_chronos,2026-10-26 00:00:00,2026-09-28 00:00:00,P1D,fcre,1.6,ensemble,167,Chla_ugL_mean,25.6838377095009
vera4cast,chlorocast_chronos,2026-10-27 00:00:00,2026-09-28 00:00:00,P1D,fcre,1.6,ensemble,167,Chla_ugL_mean,25.4351579731216
vera4cast,chlorocast_chronos,2026-10-28 00:00:00,2026-09-28 00:00:00,P1D,fcre,1.6,ensemble,167,Chla_ugL_mean,25.3520548018645
vera4cast,chlorocast_chronos,2026-10-29 00:00:00,2026-09-28 00:00:00,P1D,fcre,1.6,ensemble,167,Chla_ugL_mean,25.3431603782253
vera4cast,chlorocast_chronos,2026-10-30 00:00:00,2026-09-28 00:00:00,P1D,fcre,1.6,ensemble,167,Chla_ugL_mean,25.4799340607072
vera4cast,chlorocast_chronos,2026-10-31 00:00:00,2026-09-28 00:00:00,P1D,fcre,1.6,ensemble,167,Chla_ugL_mean,25.2095438503628
vera4cast,chlorocast_chronos,2026-11-01 00:00:00,2026-09-28 00:00:00,P1D,fcre,1.6,ensemble,167,Chla_ugL_mean,25.3966147180779
vera4cast,chlorocast_chronos,2026-11-02 00:00:00,2026-09-28 00:00:00,P1D,fcre,1.6,ensemble,167,Chla_ugL_mean,25.455646363896
vera4cast,chlorocast_chronos,2026-09-29 00:00:00,2026-09-28 00:00:00,P1D,fcre,1.6,ensemble,168,Chla_ugL_mean,18.6934249654718
vera4cast,chlorocast_chronos,2026-09-30 00:00:00,2026-09-28 00:00:00,P1D,fcre,1.6,ensemble,168,Chla_ugL_mean,19.6947879726647
vera4cast,chlorocast_chronos,2026-10-01 00:00:00,2026-09-28 00:00:00,P1D,fcre,1.6,ensemble,168,Chla_ugL_mean,20.3935046253383
vera4cast,chlorocast_chronos,2026-10-02 00:00:00,2026-09-28 00:00:00,P1D,fcre,1.6,ensemble,168,Chla_ugL_mean,20.6345179020544
vera4cast,chlorocast_chronos,2026-10-03 00:00:00,2026-09-28 00:00:00,P1D,fcre,1.6,ensemble,168,Chla_ugL_mean,21.1283259792932
vera4cast,chlorocast_chronos,2026-10-04 00:00:00,2026-09-28 00:00:00,P1D,fcre,1.6,ensemble,168,Chla_ugL_mean,22.9840984756158
vera4cast,chlorocast_chronos,2026-10-05 00:00:00,2026-09-28 00:00:00,P1D,fcre,1.6,ensemble,168,Chla_ugL_mean,22.477999413142
vera4cast,chlorocast_chronos,2026-10-06 00:00:00,2026-09-28 00:00:00,P1D,fcre,1.6,ensemble,168,Chla_ugL_mean,22.9017328602092
vera4cast,chlorocast_chronos,2026-10-07 00:00:00,2026-09-28 00:00:00,P1D,fcre,1.6,ensemble,168,Chla_ugL_mean,22.4434736166998
vera4cast,chlorocast_chronos,2026-10-08 00:00:00,2026-09-28 00:00:00,P1D,fcre,1.6,ensemble,168,Chla_ugL_mean,22.3847317525206
vera4cast,chlorocast_chronos,2026-10-09 00:00:00,2026-09-28 00:00:00,P1D,fcre,1.6,ensemble,168,Chla_ugL_mean,22.5756428748932
vera4cast,chlorocast_chronos,2026-10-10 00:00:00,2026-09-28 00:00:00,P1D,fcre,1.6,ensemble,168,Chla_ugL_mean,22.5945641187688
vera4cast,chlorocast_chronos,2026-10-11 00:00:00,2026-09-28 00:00:00,P1D,fcre,1.6,ensemble,168,Chla_ugL_mean,23.1635543892504
vera4cast,chlorocast_chronos,2026-10-12 00:00:00,2026-09-28 00:00:00,P1D,fcre,1.6,ensemble,168,Chla_ugL_mean,24.1605703251292
vera4cast,chlorocast_chronos,2026-10-13 00:00:00,2026-09-28 00:00:00,P1D,fcre,1.6,ensemble,168,Chla_ugL_mean,25.1166906395138
vera4cast,chlorocast_chronos,2026-10-14 00:00:00,2026-09-28 00:00:00,P1D,fcre,1.6,ensemble,168,Chla_ugL_mean,26.9755514926364
vera4cast,chlorocast_chronos,2026-10-15 00:00:00,2026-09-28 00:00:00,P1D,fcre,1.6,ensemble,168,Chla_ugL_mean,28.3128104274685
vera4cast,chlorocast_chronos,2026-10-16 00:00:00,2026-09-28 00:00:00,P1D,fcre,1.6,ensemble,168,Chla_ugL_mean,29.5917836871038
vera4cast,chlorocast_chronos,2026-10-17 00:00:00,2026-09-28 00:00:00,P1D,fcre,1.6,ensemble,168,Chla_ugL_mean,29.7295641879595
vera4cast,chlorocast_chronos,2026-10-18 00:00:00,2026-09-28 00:00:00,P1D,fcre,1.6,ensemble,168,Chla_ugL_mean,29.2162573449164
vera4cast,chlorocast_chronos,2026-10-19 00:00:00,2026-09-28 00:00:00,P1D,fcre,1.6,ensemble,168,Chla_ugL_mean,28.5375831851482
vera4cast,chlorocast_chronos,2026-10-20 00:00:00,2026-09-28 00:00:00,P1D,fcre,1.6,ensemble,168,Chla_ugL_mean,23.3825177827102
vera4cast,chlorocast_chronos,2026-10-21 00:00:00,2026-09-28 00:00:00,P1D,fcre,1.6,ensemble,168,Chla_ugL_mean,23.4841682670513
vera4cast,chlorocast_chronos,2026-10-22 00:00:00,2026-09-28 00:00:00,P1D,fcre,1.6,ensemble,168,Chla_ugL_mean,23.2187448323588
vera4cast,chlorocast_chronos,2026-10-23 00:00:00,2026-09-28 00:00:00,P1D,fcre,1.6,ensemble,168,Chla_ugL_mean,24.5602041943361
vera4cast,chlorocast_chronos,2026-10-24 00:00:00,2026-09-28 00:00:00,P1D,fcre,1.6,ensemble,168,Chla_ugL_mean,25.6767545247541
vera4cast,chlorocast_chronos,2026-10-25 00:00:00,2026-09-28 00:00:00,P1D,fcre,1.6,ensemble,168,Chla_ugL_mean,26.6776235630974
vera4cast,chlorocast_chronos,2026-10-26 00:00:00,2026-09-28 00:00:00,P1D,fcre,1.6,ensemble,168,Chla_ugL_mean,26.2845778790098
vera4cast,chlorocast_chronos,2026-10-27 00:00:00,2026-09-28 00:00:00,P1D,fcre,1.6,ensemble,168,Chla_ugL_mean,26.0270899249891
vera4cast,chlorocast_chronos,2026-10-28 00:00:00,2026-09-28 00:00:00,P1D,fcre,1.6,ensemble,168,Chla_ugL_mean,25.9483328592418
vera4cast,chlorocast_chronos,2026-10-29 00:00:00,2026-09-28 00:00:00,P1D,fcre,1.6,ensemble,168,Chla_ugL_mean,25.9430999051099
vera4cast,chlorocast_chronos,2026-10-30 00:00:00,2026-09-28 00:00:00,P1D,fcre,1.6,ensemble,168,Chla_ugL_mean,26.0894992449641
vera4cast,chlorocast_chronos,2026-10-31 00:00:00,2026-09-28 00:00:00,P1D,fcre,1.6,ensemble,168,Chla_ugL_mean,25.8180431472941
vera4cast,chlorocast_chronos,2026-11-01 00:00:00,2026-09-28 00:00:00,P1D,fcre,1.6,ensemble,168,Chla_ugL_mean,26.0163092085531
vera4cast,chlorocast_chronos,2026-11-02 00:00:00,2026-09-28 00:00:00,P1D,fcre,1.6,ensemble,168,Chla_ugL_mean,26.0841197045364
vera4cast,chlorocast_chronos,2026-09-29 00:00:00,2026-09-28 00:00:00,P1D,fcre,1.6,ensemble,169,Chla_ugL_mean,19.0120823792348
vera4cast,chlorocast_chronos,2026-09-30 00:00:00,2026-09-28 00:00:00,P1D,fcre,1.6,ensemble,169,Chla_ugL_mean,20.056883071717
vera4cast,chlorocast_chronos,2026-10-01 00:00:00,2026-09-28 00:00:00,P1D,fcre,1.6,ensemble,169,Chla_ugL_mean,20.7800132392908
vera4cast,chlorocast_chronos,2026-10-02 00:00:00,2026-09-28 00:00:00,P1D,fcre,1.6,ensemble,169,Chla_ugL_mean,21.0387100519354
vera4cast,chlorocast_chronos,2026-10-03 00:00:00,2026-09-28 00:00:00,P1D,fcre,1.6,ensemble,169,Chla_ugL_mean,21.5550314882458
vera4cast,chlorocast_chronos,2026-10-04 00:00:00,2026-09-28 00:00:00,P1D,fcre,1.6,ensemble,169,Chla_ugL_mean,23.4823217414966
vera4cast,chlorocast_chronos,2026-10-05 00:00:00,2026-09-28 00:00:00,P1D,fcre,1.6,ensemble,169,Chla_ugL_mean,22.9557587922462
vera4cast,chlorocast_chronos,2026-10-06 00:00:00,2026-09-28 00:00:00,P1D,fcre,1.6,ensemble,169,Chla_ugL_mean,23.3996005871173
vera4cast,chlorocast_chronos,2026-10-07 00:00:00,2026-09-28 00:00:00,P1D,fcre,1.6,ensemble,169,Chla_ugL_mean,22.9131761514218
vera4cast,chlorocast_chronos,2026-10-08 00:00:00,2026-09-28 00:00:00,P1D,fcre,1.6,ensemble,169,Chla_ugL_mean,22.8500812040651
vera4cast,chlorocast_chronos,2026-10-09 00:00:00,2026-09-28 00:00:00,P1D,fcre,1.6,ensemble,169,Chla_ugL_mean,23.0532913471303
vera4cast,chlorocast_chronos,2026-10-10 00:00:00,2026-09-28 00:00:00,P1D,fcre,1.6,ensemble,169,Chla_ugL_mean,23.0758976627434
vera4cast,chlorocast_chronos,2026-10-11 00:00:00,2026-09-28 00:00:00,P1D,fcre,1.6,ensemble,169,Chla_ugL_mean,23.6674384959997
vera4cast,chlorocast_chronos,2026-10-12 00:00:00,2026-09-28 00:00:00,P1D,fcre,1.6,ensemble,169,Chla_ugL_mean,24.690042467458
vera4cast,chlorocast_chronos,2026-10-13 00:00:00,2026-09-28 00:00:00,P1D,fcre,1.6,ensemble,169,Chla_ugL_mean,25.6728012168564
vera4cast,chlorocast_chronos,2026-10-14 00:00:00,2026-09-28 00:00:00,P1D,fcre,1.6,ensemble,169,Chla_ugL_mean,27.5964618970814
vera4cast,chlorocast_chronos,2026-10-15 00:00:00,2026-09-28 00:00:00,P1D,fcre,1.6,ensemble,169,Chla_ugL_mean,28.9899162325172
vera4cast,chlorocast_chronos,2026-10-16 00:00:00,2026-09-28 00:00:00,P1D,fcre,1.6,ensemble,169,Chla_ugL_mean,30.3191126500365
vera4cast,chlorocast_chronos,2026-10-17 00:00:00,2026-09-28 00:00:00,P1D,fcre,1.6,ensemble,169,Chla_ugL_mean,30.4618505216792
vera4cast,chlorocast_chronos,2026-10-18 00:00:00,2026-09-28 00:00:00,P1D,fcre,1.6,ensemble,169,Chla_ugL_mean,29.9227957476718
vera4cast,chlorocast_chronos,2026-10-19 00:00:00,2026-09-28 00:00:00,P1D,fcre,1.6,ensemble,169,Chla_ugL_mean,29.2187235861342
vera4cast,chlorocast_chronos,2026-10-20 00:00:00,2026-09-28 00:00:00,P1D,fcre,1.6,ensemble,169,Chla_ugL_mean,23.8279546013337
vera4cast,chlorocast_chronos,2026-10-21 00:00:00,2026-09-28 00:00:00,P1D,fcre,1.6,ensemble,169,Chla_ugL_mean,23.9330002066555
vera4cast,chlorocast_chronos,2026-10-22 00:00:00,2026-09-28 00:00:00,P1D,fcre,1.6,ensemble,169,Chla_ugL_mean,23.6634617031669
vera4cast,chlorocast_chronos,2026-10-23 00:00:00,2026-09-28 00:00:00,P1D,fcre,1.6,ensemble,169,Chla_ugL_mean,25.0754259000787
vera4cast,chlorocast_chronos,2026-10-24 00:00:00,2026-09-28 00:00:00,P1D,fcre,1.6,ensemble,169,Chla_ugL_mean,26.2497216488127
vera4cast,chlorocast_chronos,2026-10-25 00:00:00,2026-09-28 00:00:00,P1D,fcre,1.6,ensemble,169,Chla_ugL_mean,27.2975139658747
vera4cast,chlorocast_chronos,2026-10-26 00:00:00,2026-09-28 00:00:00,P1D,fcre,1.6,ensemble,169,Chla_ugL_mean,26.8988426679978
vera4cast,chlorocast_chronos,2026-10-27 00:00:00,2026-09-28 00:00:00,P1D,fcre,1.6,ensemble,169,Chla_ugL_mean,26.6322763251938
vera4cast,chlorocast_chronos,2026-10-28 00:00:00,2026-09-28 00:00:00,P1D,fcre,1.6,ensemble,169,Chla_ugL_mean,26.5581031290626
vera4cast,chlorocast_chronos,2026-10-29 00:00:00,2026-09-28 00:00:00,P1D,fcre,1.6,ensemble,169,Chla_ugL_mean,26.5567024637169
vera4cast,chlorocast_chronos,2026-10-30 00:00:00,2026-09-28 00:00:00,P1D,fcre,1.6,ensemble,169,Chla_ugL_mean,26.7130965530551
vera4cast,chlorocast_chronos,2026-10-31 00:00:00,2026-09-28 00:00:00,P1D,fcre,1.6,ensemble,169,Chla_ugL_mean,26.4406697940367
vera4cast,chlorocast_chronos,2026-11-01 00:00:00,2026-09-28 00:00:00,P1D,fcre,1.6,ensemble,169,Chla_ugL_mean,26.6505518244461
vera4cast,chlorocast_chronos,2026-11-02 00:00:00,2026-09-28 00:00:00,P1D,fcre,1.6,ensemble,169,Chla_ugL_mean,26.7275228917004
vera4cast,chlorocast_chronos,2026-09-29 00:00:00,2026-09-28 00:00:00,P1D,fcre,1.6,ensemble,170,Chla_ugL_mean,19.3358959579374
vera4cast,chlorocast_chronos,2026-09-30 00:00:00,2026-09-28 00:00:00,P1D,fcre,1.6,ensemble,170,Chla_ugL_mean,20.4253137206154
vera4cast,chlorocast_chronos,2026-10-01 00:00:00,2026-09-28 00:00:00,P1D,fcre,1.6,ensemble,170,Chla_ugL_mean,21.1735047628354
vera4cast,chlorocast_chronos,2026-10-02 00:00:00,2026-09-28 00:00:00,P1D,fcre,1.6,ensemble,170,Chla_ugL_mean,21.4504536200991
vera4cast,chlorocast_chronos,2026-10-03 00:00:00,2026-09-28 00:00:00,P1D,fcre,1.6,ensemble,170,Chla_ugL_mean,21.9899652559263
vera4cast,chlorocast_chronos,2026-10-04 00:00:00,2026-09-28 00:00:00,P1D,fcre,1.6,ensemble,170,Chla_ugL_mean,23.9908946322723
vera4cast,chlorocast_chronos,2026-10-05 00:00:00,2026-09-28 00:00:00,P1D,fcre,1.6,ensemble,170,Chla_ugL_mean,23.4432402102816
vera4cast,chlorocast_chronos,2026-10-06 00:00:00,2026-09-28 00:00:00,P1D,fcre,1.6,ensemble,170,Chla_ugL_mean,23.9078387869508
vera4cast,chlorocast_chronos,2026-10-07 00:00:00,2026-09-28 00:00:00,P1D,fcre,1.6,ensemble,170,Chla_ugL_mean,23.3922894276889
vera4cast,chlorocast_chronos,2026-10-08 00:00:00,2026-09-28 00:00:00,P1D,fcre,1.6,ensemble,170,Chla_ugL_mean,23.3246909761617
vera4cast,chlorocast_chronos,2026-10-09 00:00:00,2026-09-28 00:00:00,P1D,fcre,1.6,ensemble,170,Chla_ugL_mean,23.5406170979146
vera4cast,chlorocast_chronos,2026-10-10 00:00:00,2026-09-28 00:00:00,P1D,fcre,1.6,ensemble,170,Chla_ugL_mean,23.5670505015094
vera4cast,chlorocast_chronos,2026-10-11 00:00:00,2026-09-28 00:00:00,P1D,fcre,1.6,ensemble,170,Chla_ugL_mean,24.181830129454
vera4cast,chlorocast_chronos,2026-10-12 00:00:00,2026-09-28 00:00:00,P1D,fcre,1.6,ensemble,170,Chla_ugL_mean,25.2306566763569
vera4cast,chlorocast_chronos,2026-10-13 00:00:00,2026-09-28 00:00:00,P1D,fcre,1.6,ensemble,170,Chla_ugL_mean,26.2407532245894
vera4cast,chlorocast_chronos,2026-10-14 00:00:00,2026-09-28 00:00:00,P1D,fcre,1.6,ensemble,170,Chla_ugL_mean,28.2311532534568
vera4cast,chlorocast_chronos,2026-10-15 00:00:00,2026-09-28 00:00:00,P1D,fcre,1.6,ensemble,170,Chla_ugL_mean,29.6826627170008
vera4cast,chlorocast_chronos,2026-10-16 00:00:00,2026-09-28 00:00:00,P1D,fcre,1.6,ensemble,170,Chla_ugL_mean,31.0637340803105
vera4cast,chlorocast_chronos,2026-10-17 00:00:00,2026-09-28 00:00:00,P1D,fcre,1.6,ensemble,170,Chla_ugL_mean,31.2115872582511
vera4cast,chlorocast_chronos,2026-10-18 00:00:00,2026-09-28 00:00:00,P1D,fcre,1.6,ensemble,170,Chla_ugL_mean,30.6458549428227
vera4cast,chlorocast_chronos,2026-10-19 00:00:00,2026-09-28 00:00:00,P1D,fcre,1.6,ensemble,170,Chla_ugL_mean,29.9155711708443
vera4cast,chlorocast_chronos,2026-10-20 00:00:00,2026-09-28 00:00:00,P1D,fcre,1.6,ensemble,170,Chla_ugL_mean,24.2815289700311
vera4cast,chlorocast_chronos,2026-10-21 00:00:00,2026-09-28 00:00:00,P1D,fcre,1.6,ensemble,170,Chla_ugL_mean,24.3900599164584
vera4cast,chlorocast_chronos,2026-10-22 00:00:00,2026-09-28 00:00:00,P1D,fcre,1.6,ensemble,170,Chla_ugL_mean,24.1163446906153
vera4cast,chlorocast_chronos,2026-10-23 00:00:00,2026-09-28 00:00:00,P1D,fcre,1.6,ensemble,170,Chla_ugL_mean,25.6010330238739
vera4cast,chlorocast_chronos,2026-10-24 00:00:00,2026-09-28 00:00:00,P1D,fcre,1.6,ensemble,170,Chla_ugL_mean,26.8349950421721
vera4cast,chlorocast_chronos,2026-10-25 00:00:00,2026-09-28 00:00:00,P1D,fcre,1.6,ensemble,170,Chla_ugL_mean,27.9312879345795
vera4cast,chlorocast_chronos,2026-10-26 00:00:00,2026-09-28 00:00:00,P1D,fcre,1.6,ensemble,170,Chla_ugL_mean,27.5269365597361
vera4cast,chlorocast_chronos,2026-10-27 00:00:00,2026-09-28 00:00:00,P1D,fcre,1.6,ensemble,170,Chla_ugL_mean,27.2510139652845
vera4cast,chlorocast_chronos,2026-10-28 00:00:00,2026-09-28 00:00:00,P1D,fcre,1.6,ensemble,170,Chla_ugL_mean,27.1816709047959
vera4cast,chlorocast_chronos,2026-10-29 00:00:00,2026-09-28 00:00:00,P1D,fcre,1.6,ensemble,170,Chla_ugL_mean,27.1842792161344
vera4cast,chlorocast_chronos,2026-10-30 00:00:00,2026-09-28 00:00:00,P1D,fcre,1.6,ensemble,170,Chla_ugL_mean,27.3510490029352
vera4cast,chlorocast_chronos,2026-10-31 00:00:00,2026-09-28 00:00:00,P1D,fcre,1.6,ensemble,170,Chla_ugL_mean,27.0777517811299
vera4cast,chlorocast_chronos,2026-11-01 00:00:00,2026-09-28 00:00:00,P1D,fcre,1.6,ensemble,170,Chla_ugL_mean,27.2996841017178
vera4cast,chlorocast_chronos,2026-11-02 00:00:00,2026-09-28 00:00:00,P1D,fcre,1.6,ensemble,170,Chla_ugL_mean,27.3862105948749
vera4cast,chlorocast_chronos,2026-09-29 00:00:00,2026-09-28 00:00:00,P1D,fcre,1.6,ensemble,171,Chla_ugL_mean,19.664949132988
vera4cast,chlorocast_chronos,2026-09-30 00:00:00,2026-09-28 00:00:00,P1D,fcre,1.6,ensemble,171,Chla_ugL_mean,20.8001907719841
vera4cast,chlorocast_chronos,2026-10-01 00:00:00,2026-09-28 00:00:00,P1D,fcre,1.6,ensemble,171,Chla_ugL_mean,21.5741053536428
vera4cast,chlorocast_chronos,2026-10-02 00:00:00,2026-09-28 00:00:00,P1D,fcre,1.6,ensemble,171,Chla_ugL_mean,21.869889687757
vera4cast,chlorocast_chronos,2026-10-03 00:00:00,2026-09-28 00:00:00,P1D,fcre,1.6,ensemble,171,Chla_ugL_mean,22.4332859497065
vera4cast,chlorocast_chronos,2026-10-04 00:00:00,2026-09-28 00:00:00,P1D,fcre,1.6,ensemble,171,Chla_ugL_mean,24.5100321413863
vera4cast,chlorocast_chronos,2026-10-05 00:00:00,2026-09-28 00:00:00,P1D,fcre,1.6,ensemble,171,Chla_ugL_mean,23.9406415033245
vera4cast,chlorocast_chronos,2026-10-06 00:00:00,2026-09-28 00:00:00,P1D,fcre,1.6,ensemble,171,Chla_ugL_mean,24.4266634743314
vera4cast,chlorocast_chronos,2026-10-07 00:00:00,2026-09-28 00:00:00,P1D,fcre,1.6,ensemble,171,Chla_ugL_mean,23.8810019947421
vera4cast,chlorocast_chronos,2026-10-08 00:00:00,2026-09-28 00:00:00,P1D,fcre,1.6,ensemble,171,Chla_ugL_mean,23.8087453465321
vera4cast,chlorocast_chronos,2026-10-09 00:00:00,2026-09-28 00:00:00,P1D,fcre,1.6,ensemble,171,Chla_ugL_mean,24.0378161913508
vera4cast,chlorocast_chronos,2026-10-10 00:00:00,2026-09-28 00:00:00,P1D,fcre,1.6,ensemble,171,Chla_ugL_mean,24.0682229505266
vera4cast,chlorocast_chronos,2026-10-11 00:00:00,2026-09-28 00:00:00,P1D,fcre,1.6,ensemble,171,Chla_ugL_mean,24.7069484037232
vera4cast,chlorocast_chronos,2026-10-12 00:00:00,2026-09-28 00:00:00,P1D,fcre,1.6,ensemble,171,Chla_ugL_mean,25.7826474224192
vera4cast,chlorocast_chronos,2026-10-13 00:00:00,2026-09-28 00:00:00,P1D,fcre,1.6,ensemble,171,Chla_ugL_mean,26.8207988058643
vera4cast,chlorocast_chronos,2026-10-14 00:00:00,2026-09-28 00:00:00,P1D,fcre,1.6,ensemble,171,Chla_ugL_mean,28.8799314265617
vera4cast,chlorocast_chronos,2026-10-15 00:00:00,2026-09-28 00:00:00,P1D,fcre,1.6,ensemble,171,Chla_ugL_mean,30.3914111698809
vera4cast,chlorocast_chronos,2026-10-16 00:00:00,2026-09-28 00:00:00,P1D,fcre,1.6,ensemble,171,Chla_ugL_mean,31.826059111597
vera4cast,chlorocast_chronos,2026-10-17 00:00:00,2026-09-28 00:00:00,P1D,fcre,1.6,ensemble,171,Chla_ugL_mean,31.9791902412403
vera4cast,chlorocast_chronos,2026-10-18 00:00:00,2026-09-28 00:00:00,P1D,fcre,1.6,ensemble,171,Chla_ugL_mean,31.3858212314965
vera4cast,chlorocast_chronos,2026-10-19 00:00:00,2026-09-28 00:00:00,P1D,fcre,1.6,ensemble,171,Chla_ugL_mean,30.6284881489202
vera4cast,chlorocast_chronos,2026-10-20 00:00:00,2026-09-28 00:00:00,P1D,fcre,1.6,ensemble,171,Chla_ugL_mean,24.7433895512355
vera4cast,chlorocast_chronos,2026-10-21 00:00:00,2026-09-28 00:00:00,P1D,fcre,1.6,ensemble,171,Chla_ugL_mean,24.8554982239669
vera4cast,chlorocast_chronos,2026-10-22 00:00:00,2026-09-28 00:00:00,P1D,fcre,1.6,ensemble,171,Chla_ugL_mean,24.5775437450777
vera4cast,chlorocast_chronos,2026-10-23 00:00:00,2026-09-28 00:00:00,P1D,fcre,1.6,ensemble,171,Chla_ugL_mean,26.1372349064908
vera4cast,chlorocast_chronos,2026-10-24 00:00:00,2026-09-28 00:00:00,P1D,fcre,1.6,ensemble,171,Chla_ugL_mean,27.4328390206329
vera4cast,chlorocast_chronos,2026-10-25 00:00:00,2026-09-28 00:00:00,P1D,fcre,1.6,ensemble,171,Chla_ugL_mean,28.5792564167632
vera4cast,chlorocast_chronos,2026-10-26 00:00:00,2026-09-28 00:00:00,P1D,fcre,1.6,ensemble,171,Chla_ugL_mean,28.1691708924073
vera4cast,chlorocast_chronos,2026-10-27 00:00:00,2026-09-28 00:00:00,P1D,fcre,1.6,ensemble,171,Chla_ugL_mean,27.8836062825201
vera4cast,chlorocast_chronos,2026-10-28 00:00:00,2026-09-28 00:00:00,P1D,fcre,1.6,ensemble,171,Chla_ugL_mean,27.8193483879032
vera4cast,chlorocast_chronos,2026-10-29 00:00:00,2026-09-28 00:00:00,P1D,fcre,1.6,ensemble,171,Chla_ugL_mean,27.8261484108604
vera4cast,chlorocast_chronos,2026-10-30 00:00:00,2026-09-28 00:00:00,P1D,fcre,1.6,ensemble,171,Chla_ugL_mean,28.0036870483976
vera4cast,chlorocast_chronos,2026-10-31 00:00:00,2026-09-28 00:00:00,P1D,fcre,1.6,ensemble,171,Chla_ugL_mean,27.7296247139736
vera4cast,chlorocast_chronos,2026-11-01 00:00:00,2026-09-28 00:00:00,P1D,fcre,1.6,ensemble,171,Chla_ugL_mean,27.9640555943249
vera4cast,chlorocast_chronos,2026-11-02 00:00:00,2026-09-28 00:00:00,P1D,fcre,1.6,ensemble,171,Chla_ugL_mean,28.0605459089812
vera4cast,chlorocast_chronos,2026-09-29 00:00:00,2026-09-28 00:00:00,P1D,fcre,1.6,ensemble,172,Chla_ugL_mean,19.9993266857909
vera4cast,chlorocast_chronos,2026-09-30 00:00:00,2026-09-28 00:00:00,P1D,fcre,1.6,ensemble,172,Chla_ugL_mean,21.1816270180266
vera4cast,chlorocast_chronos,2026-10-01 00:00:00,2026-09-28 00:00:00,P1D,fcre,1.6,ensemble,172,Chla_ugL_mean,21.981943448628
vera4cast,chlorocast_chronos,2026-10-02 00:00:00,2026-09-28 00:00:00,P1D,fcre,1.6,ensemble,172,Chla_ugL_mean,22.2971619719042
vera4cast,chlorocast_chronos,2026-10-03 00:00:00,2026-09-28 00:00:00,P1D,fcre,1.6,ensemble,172,Chla_ugL_mean,22.8851552965772
vera4cast,chlorocast_chronos,2026-10-04 00:00:00,2026-09-28 00:00:00,P1D,fcre,1.6,ensemble,172,Chla_ugL_mean,25.0399537283548
vera4cast,chlorocast_chronos,2026-10-05 00:00:00,2026-09-28 00:00:00,P1D,fcre,1.6,ensemble,172,Chla_ugL_mean,24.4481645332645
vera4cast,chlorocast_chronos,2026-10-06 00:00:00,2026-09-28 00:00:00,P1D,fcre,1.6,ensemble,172,Chla_ugL_mean,24.9562951634169
vera4cast,chlorocast_chronos,2026-10-07 00:00:00,2026-09-28 00:00:00,P1D,fcre,1.6,ensemble,172,Chla_ugL_mean,24.3795061795072
vera4cast,chlorocast_chronos,2026-10-08 00:00:00,2026-09-28 00:00:00,P1D,fcre,1.6,ensemble,172,Chla_ugL_mean,24.3024322599717
vera4cast,chlorocast_chronos,2026-10-09 00:00:00,2026-09-28 00:00:00,P1D,fcre,1.6,ensemble,172,Chla_ugL_mean,24.545088663852
vera4cast,chlorocast_chronos,2026-10-10 00:00:00,2026-09-28 00:00:00,P1D,fcre,1.6,ensemble,172,Chla_ugL_mean,24.5796194117278
vera4cast,chlorocast_chronos,2026-10-11 00:00:00,2026-09-28 00:00:00,P1D,fcre,1.6,ensemble,172,Chla_ugL_mean,25.2430170021171
vera4cast,chlorocast_chronos,2026-10-12 00:00:00,2026-09-28 00:00:00,P1D,fcre,1.6,ensemble,172,Chla_ugL_mean,26.3462541103735
vera4cast,chlorocast_chronos,2026-10-13 00:00:00,2026-09-28 00:00:00,P1D,fcre,1.6,ensemble,172,Chla_ugL_mean,27.4131954727933
vera4cast,chlorocast_chronos,2026-10-14 00:00:00,2026-09-28 00:00:00,P1D,fcre,1.6,ensemble,172,Chla_ugL_mean,29.5431090697884
vera4cast,chlorocast_chronos,2026-10-15 00:00:00,2026-09-28 00:00:00,P1D,fcre,1.6,ensemble,172,Chla_ugL_mean,31.116531225646
vera4cast,chlorocast_chronos,2026-10-16 00:00:00,2026-09-28 00:00:00,P1D,fcre,1.6,ensemble,172,Chla_ugL_mean,32.6065086523955
vera4cast,chlorocast_chronos,2026-10-17 00:00:00,2026-09-28 00:00:00,P1D,fcre,1.6,ensemble,172,Chla_ugL_mean,32.7650852237752
vera4cast,chlorocast_chronos,2026-10-18 00:00:00,2026-09-28 00:00:00,P1D,fcre,1.6,ensemble,172,Chla_ugL_mean,32.1430899475928
vera4cast,chlorocast_chronos,2026-10-19 00:00:00,2026-09-28 00:00:00,P1D,fcre,1.6,ensemble,172,Chla_ugL_mean,31.3578450826036
vera4cast,chlorocast_chronos,2026-10-20 00:00:00,2026-09-28 00:00:00,P1D,fcre,1.6,ensemble,172,Chla_ugL_mean,25.2136877232487
vera4cast,chlorocast_chronos,2026-10-21 00:00:00,2026-09-28 00:00:00,P1D,fcre,1.6,ensemble,172,Chla_ugL_mean,25.3294687215849
vera4cast,chlorocast_chronos,2026-10-22 00:00:00,2026-09-28 00:00:00,P1D,fcre,1.6,ensemble,172,Chla_ugL_mean,25.0472115703926
vera4cast,chlorocast_chronos,2026-10-23 00:00:00,2026-09-28 00:00:00,P1D,fcre,1.6,ensemble,172,Chla_ugL_mean,26.6842451084186
vera4cast,chlorocast_chronos,2026-10-24 00:00:00,2026-09-28 00:00:00,P1D,fcre,1.6,ensemble,172,Chla_ugL_mean,28.0435235770078
vera4cast,chlorocast_chronos,2026-10-25 00:00:00,2026-09-28 00:00:00,P1D,fcre,1.6,ensemble,172,Chla_ugL_mean,29.2417373242095
vera4cast,chlorocast_chronos,2026-10-26 00:00:00,2026-09-28 00:00:00,P1D,fcre,1.6,ensemble,172,Chla_ugL_mean,28.8258640134309
vera4cast,chlorocast_chronos,2026-10-27 00:00:00,2026-09-28 00:00:00,P1D,fcre,1.6,ensemble,172,Chla_ugL_mean,28.5303635086796
vera4cast,chlorocast_chronos,2026-10-28 00:00:00,2026-09-28 00:00:00,P1D,fcre,1.6,ensemble,172,Chla_ugL_mean,28.4714548441483
vera4cast,chlorocast_chronos,2026-10-29 00:00:00,2026-09-28 00:00:00,P1D,fcre,1.6,ensemble,172,Chla_ugL_mean,28.4826355441889
vera4cast,chlorocast_chronos,2026-10-30 00:00:00,2026-09-28 00:00:00,P1D,fcre,1.6,ensemble,172,Chla_ugL_mean,28.6713487502453
vera4cast,chlorocast_chronos,2026-10-31 00:00:00,2026-09-28 00:00:00,P1D,fcre,1.6,ensemble,172,Chla_ugL_mean,28.3966319896196
vera4cast,chlorocast_chronos,2026-11-01 00:00:00,2026-09-28 00:00:00,P1D,fcre,1.6,ensemble,172,Chla_ugL_mean,28.644024062453
vera4cast,chlorocast_chronos,2026-11-02 00:00:00,2026-09-28 00:00:00,P1D,fcre,1.6,ensemble,172,Chla_ugL_mean,28.7509005545277
vera4cast,chlorocast_chronos,2026-09-29 00:00:00,2026-09-28 00:00:00,P1D,fcre,1.6,ensemble,173,Chla_ugL_mean,20.33911476959
vera4cast,chlorocast_chronos,2026-09-30 00:00:00,2026-09-28 00:00:00,P1D,fcre,1.6,ensemble,173,Chla_ugL_mean,21.5697372244632
vera4cast,chlorocast_chronos,2026-10-01 00:00:00,2026-09-28 00:00:00,P1D,fcre,1.6,ensemble,173,Chla_ugL_mean,22.3971498051284
vera4cast,chlorocast_chronos,2026-10-02 00:00:00,2026-09-28 00:00:00,P1D,fcre,1.6,ensemble,173,Chla_ugL_mean,22.732416874564
vera4cast,chlorocast_chronos,2026-10-03 00:00:00,2026-09-28 00:00:00,P1D,fcre,1.6,ensemble,173,Chla_ugL_mean,23.345738142147
vera4cast,chlorocast_chronos,2026-10-04 00:00:00,2026-09-28 00:00:00,P1D,fcre,1.6,ensemble,173,Chla_ugL_mean,25.5808834115412
vera4cast,chlorocast_chronos,2026-10-05 00:00:00,2026-09-28 00:00:00,P1D,fcre,1.6,ensemble,173,Chla_ugL_mean,24.9660152697267
vera4cast,chlorocast_chronos,2026-10-06 00:00:00,2026-09-28 00:00:00,P1D,fcre,1.6,ensemble,173,Chla_ugL_mean,25.4969589616254
vera4cast,chlorocast_chronos,2026-10-07 00:00:00,2026-09-28 00:00:00,P1D,fcre,1.6,ensemble,173,Chla_ugL_mean,24.887998162283
vera4cast,chlorocast_chronos,2026-10-08 00:00:00,2026-09-28 00:00:00,P1D,fcre,1.6,ensemble,173,Chla_ugL_mean,24.8059434013236
vera4cast,chlorocast_chronos,2026-10-09 00:00:00,2026-09-28 00:00:00,P1D,fcre,1.6,ensemble,173,Chla_ugL_mean,25.0626386046192
vera4cast,chlorocast_chronos,2026-10-10 00:00:00,2026-09-28 00:00:00,P1D,fcre,1.6,ensemble,173,Chla_ugL_mean,25.1014484568838
vera4cast,chlorocast_chronos,2026-10-11 00:00:00,2026-09-28 00:00:00,P1D,fcre,1.6,ensemble,173,Chla_ugL_mean,25.7902642724276
vera4cast,chlorocast_chronos,2026-10-12 00:00:00,2026-09-28 00:00:00,P1D,fcre,1.6,ensemble,173,Chla_ugL_mean,26.9217211829154
vera4cast,chlorocast_chronos,2026-10-13 00:00:00,2026-09-28 00:00:00,P1D,fcre,1.6,ensemble,173,Chla_ugL_mean,28.0182062207714
vera4cast,chlorocast_chronos,2026-10-14 00:00:00,2026-09-28 00:00:00,P1D,fcre,1.6,ensemble,173,Chla_ugL_mean,30.2210057757933
vera4cast,chlorocast_chronos,2026-10-15 00:00:00,2026-09-28 00:00:00,P1D,fcre,1.6,ensemble,173,Chla_ugL_mean,31.858401057088
vera4cast,chlorocast_chronos,2026-10-16 00:00:00,2026-09-28 00:00:00,P1D,fcre,1.6,ensemble,173,Chla_ugL_mean,33.4055136184328
vera4cast,chlorocast_chronos,2026-10-17 00:00:00,2026-09-28 00:00:00,P1D,fcre,1.6,ensemble,173,Chla_ugL_mean,33.5697081046925
vera4cast,chlorocast_chronos,2026-10-18 00:00:00,2026-09-28 00:00:00,P1D,fcre,1.6,ensemble,173,Chla_ugL_mean,32.918065668995
vera4cast,chlorocast_chronos,2026-10-19 00:00:00,2026-09-28 00:00:00,P1D,fcre,1.6,ensemble,173,Chla_ugL_mean,32.1040210793483
vera4cast,chlorocast_chronos,2026-10-20 00:00:00,2026-09-28 00:00:00,P1D,fcre,1.6,ensemble,173,Chla_ugL_mean,25.6925776298569
vera4cast,chlorocast_chronos,2026-10-21 00:00:00,2026-09-28 00:00:00,P1D,fcre,1.6,ensemble,173,Chla_ugL_mean,25.8121278172977
vera4cast,chlorocast_chronos,2026-10-22 00:00:00,2026-09-28 00:00:00,P1D,fcre,1.6,ensemble,173,Chla_ugL_mean,25.5255036744237
vera4cast,chlorocast_chronos,2026-10-23 00:00:00,2026-09-28 00:00:00,P1D,fcre,1.6,ensemble,173,Chla_ugL_mean,27.2422814949243
vera4cast,chlorocast_chronos,2026-10-24 00:00:00,2026-09-28 00:00:00,P1D,fcre,1.6,ensemble,173,Chla_ugL_mean,28.667324503054
vera4cast,chlorocast_chronos,2026-10-25 00:00:00,2026-09-28 00:00:00,P1D,fcre,1.6,ensemble,173,Chla_ugL_mean,29.9190556889113
vera4cast,chlorocast_chronos,2026-10-26 00:00:00,2026-09-28 00:00:00,P1D,fcre,1.6,ensemble,173,Chla_ugL_mean,29.4973414372648
vera4cast,chlorocast_chronos,2026-10-27 00:00:00,2026-09-28 00:00:00,P1D,fcre,1.6,ensemble,173,Chla_ugL_mean,29.1916028222037
vera4cast,chlorocast_chronos,2026-10-28 00:00:00,2026-09-28 00:00:00,P1D,fcre,1.6,ensemble,173,Chla_ugL_mean,29.1383167634438
vera4cast,chlorocast_chronos,2026-10-29 00:00:00,2026-09-28 00:00:00,P1D,fcre,1.6,ensemble,173,Chla_ugL_mean,29.1540735252714
vera4cast,chlorocast_chronos,2026-10-30 00:00:00,2026-09-28 00:00:00,P1D,fcre,1.6,ensemble,173,Chla_ugL_mean,29.3543799514042
vera4cast,chlorocast_chronos,2026-10-31 00:00:00,2026-09-28 00:00:00,P1D,fcre,1.6,ensemble,173,Chla_ugL_mean,29.0791249776685
vera4cast,chlorocast_chronos,2026-11-01 00:00:00,2026-09-28 00:00:00,P1D,fcre,1.6,ensemble,173,Chla_ugL_mean,29.3399556651686
vera4cast,chlorocast_chronos,2026-11-02 00:00:00,2026-09-28 00:00:00,P1D,fcre,1.6,ensemble,173,Chla_ugL_mean,29.4576550825169
vera4cast,chlorocast_chronos,2026-09-29 00:00:00,2026-09-28 00:00:00,P1D,fcre,1.6,ensemble,174,Chla_ugL_mean,20.6844009316665
vera4cast,chlorocast_chronos,2026-09-30 00:00:00,2026-09-28 00:00:00,P1D,fcre,1.6,ensemble,174,Chla_ugL_mean,21.9646381650609
vera4cast,chlorocast_chronos,2026-10-01 00:00:00,2026-09-28 00:00:00,P1D,fcre,1.6,ensemble,174,Chla_ugL_mean,22.8198575428269
vera4cast,chlorocast_chronos,2026-10-02 00:00:00,2026-09-28 00:00:00,P1D,fcre,1.6,ensemble,174,Chla_ugL_mean,23.1758035329507
vera4cast,chlorocast_chronos,2026-10-03 00:00:00,2026-09-28 00:00:00,P1D,fcre,1.6,ensemble,174,Chla_ugL_mean,23.81520251078
vera4cast,chlorocast_chronos,2026-10-04 00:00:00,2026-09-28 00:00:00,P1D,fcre,1.6,ensemble,174,Chla_ugL_mean,26.1330498628573
vera4cast,chlorocast_chronos,2026-10-05 00:00:00,2026-09-28 00:00:00,P1D,fcre,1.6,ensemble,174,Chla_ugL_mean,25.4944038736607
vera4cast,chlorocast_chronos,2026-10-06 00:00:00,2026-09-28 00:00:00,P1D,fcre,1.6,ensemble,174,Chla_ugL_mean,26.0488846653121
vera4cast,chlorocast_chronos,2026-10-07 00:00:00,2026-09-28 00:00:00,P1D,fcre,1.6,ensemble,174,Chla_ugL_mean,25.4066780539456
vera4cast,chlorocast_chronos,2026-10-08 00:00:00,2026-09-28 00:00:00,P1D,fcre,1.6,ensemble,174,Chla_ugL_mean,25.3194742699041
vera4cast,chlorocast_chronos,2026-10-09 00:00:00,2026-09-28 00:00:00,P1D,fcre,1.6,ensemble,174,Chla_ugL_mean,25.5906742377522
vera4cast,chlorocast_chronos,2026-10-10 00:00:00,2026-09-28 00:00:00,P1D,fcre,1.6,ensemble,174,Chla_ugL_mean,25.6339229126687
vera4cast,chlorocast_chronos,2026-10-11 00:00:00,2026-09-28 00:00:00,P1D,fcre,1.6,ensemble,174,Chla_ugL_mean,26.3489233241975
vera4cast,chlorocast_chronos,2026-10-12 00:00:00,2026-09-28 00:00:00,P1D,fcre,1.6,ensemble,174,Chla_ugL_mean,27.5092982267259
vera4cast,chlorocast_chronos,2026-10-13 00:00:00,2026-09-28 00:00:00,P1D,fcre,1.6,ensemble,174,Chla_ugL_mean,28.6360996452341
vera4cast,chlorocast_chronos,2026-10-14 00:00:00,2026-09-28 00:00:00,P1D,fcre,1.6,ensemble,174,Chla_ugL_mean,30.9139482305123
vera4cast,chlorocast_chronos,2026-10-15 00:00:00,2026-09-28 00:00:00,P1D,fcre,1.6,ensemble,174,Chla_ugL_mean,32.6174075725303
vera4cast,chlorocast_chronos,2026-10-16 00:00:00,2026-09-28 00:00:00,P1D,fcre,1.6,ensemble,174,Chla_ugL_mean,34.2235151705884
vera4cast,chlorocast_chronos,2026-10-17 00:00:00,2026-09-28 00:00:00,P1D,fcre,1.6,ensemble,174,Chla_ugL_mean,34.39350517031
vera4cast,chlorocast_chronos,2026-10-18 00:00:00,2026-09-28 00:00:00,P1D,fcre,1.6,ensemble,174,Chla_ugL_mean,33.711162433719
vera4cast,chlorocast_chronos,2026-10-19 00:00:00,2026-09-28 00:00:00,P1D,fcre,1.6,ensemble,174,Chla_ugL_mean,32.8674039888741
vera4cast,chlorocast_chronos,2026-10-20 00:00:00,2026-09-28 00:00:00,P1D,fcre,1.6,ensemble,174,Chla_ugL_mean,26.1802162308522
vera4cast,chlorocast_chronos,2026-10-21 00:00:00,2026-09-28 00:00:00,P1D,fcre,1.6,ensemble,174,Chla_ugL_mean,26.3036347862866
vera4cast,chlorocast_chronos,2026-10-22 00:00:00,2026-09-28 00:00:00,P1D,fcre,1.6,ensemble,174,Chla_ugL_mean,26.0125784205492
vera4cast,chlorocast_chronos,2026-10-23 00:00:00,2026-09-28 00:00:00,P1D,fcre,1.6,ensemble,174,Chla_ugL_mean,27.8115663228249
vera4cast,chlorocast_chronos,2026-10-24 00:00:00,2026-09-28 00:00:00,P1D,fcre,1.6,ensemble,174,Chla_ugL_mean,29.3045235140227
vera4cast,chlorocast_chronos,2026-10-25 00:00:00,2026-09-28 00:00:00,P1D,fcre,1.6,ensemble,174,Chla_ugL_mean,30.6115438225402
vera4cast,chlorocast_chronos,2026-10-26 00:00:00,2026-09-28 00:00:00,P1D,fcre,1.6,ensemble,174,Chla_ugL_mean,30.1839360067585
vera4cast,chlorocast_chronos,2026-10-27 00:00:00,2026-09-28 00:00:00,P1D,fcre,1.6,ensemble,174,Chla_ugL_mean,29.8676485037436
vera4cast,chlorocast_chronos,2026-10-28 00:00:00,2026-09-28 00:00:00,P1D,fcre,1.6,ensemble,174,Chla_ugL_mean,29.820268023315
vera4cast,chlorocast_chronos,2026-10-29 00:00:00,2026-09-28 00:00:00,P1D,fcre,1.6,ensemble,174,Chla_ugL_mean,29.8408028449375
vera4cast,chlorocast_chronos,2026-10-30 00:00:00,2026-09-28 00:00:00,P1D,fcre,1.6,ensemble,174,Chla_ugL_mean,30.0531344560666
vera4cast,chlorocast_chronos,2026-10-31 00:00:00,2026-09-28 00:00:00,P1D,fcre,1.6,ensemble,174,Chla_ugL_mean,29.777463205366
vera4cast,chlorocast_chronos,2026-11-01 00:00:00,2026-09-28 00:00:00,P1D,fcre,1.6,ensemble,174,Chla_ugL_mean,30.0522251575929
vera4cast,chlorocast_chronos,2026-11-02 00:00:00,2026-09-28 00:00:00,P1D,fcre,1.6,ensemble,174,Chla_ugL_mean,30.1811990842203
vera4cast,chlorocast_chronos,2026-09-29 00:00:00,2026-09-28 00:00:00,P1D,fcre,1.6,ensemble,175,Chla_ugL_mean,21.0352741358959
vera4cast,chlorocast_chronos,2026-09-30 00:00:00,2026-09-28 00:00:00,P1D,fcre,1.6,ensemble,175,Chla_ugL_mean,22.3664486567683
vera4cast,chlorocast_chronos,2026-10-01 00:00:00,2026-09-28 00:00:00,P1D,fcre,1.6,ensemble,175,Chla_ugL_mean,23.2502021864305
vera4cast,chlorocast_chronos,2026-10-02 00:00:00,2026-09-28 00:00:00,P1D,fcre,1.6,ensemble,175,Chla_ugL_mean,23.6274738705715
vera4cast,chlorocast_chronos,2026-10-03 00:00:00,2026-09-28 00:00:00,P1D,fcre,1.6,ensemble,175,Chla_ugL_mean,24.2937196668918
vera4cast,chlorocast_chronos,2026-10-04 00:00:00,2026-09-28 00:00:00,P1D,fcre,1.6,ensemble,175,Chla_ugL_mean,26.6966865044314
vera4cast,chlorocast_chronos,2026-10-05 00:00:00,2026-09-28 00:00:00,P1D,fcre,1.6,ensemble,175,Chla_ugL_mean,26.0335447826314
vera4cast,chlorocast_chronos,2026-10-06 00:00:00,2026-09-28 00:00:00,P1D,fcre,1.6,ensemble,175,Chla_ugL_mean,26.6123068574385
vera4cast,chlorocast_chronos,2026-10-07 00:00:00,2026-09-28 00:00:00,P1D,fcre,1.6,ensemble,175,Chla_ugL_mean,25.9357499746993
vera4cast,chlorocast_chronos,2026-10-08 00:00:00,2026-09-28 00:00:00,P1D,fcre,1.6,ensemble,175,Chla_ugL_mean,25.8432242554099
vera4cast,chlorocast_chronos,2026-10-09 00:00:00,2026-09-28 00:00:00,P1D,fcre,1.6,ensemble,175,Chla_ugL_mean,26.1294080060238
vera4cast,chlorocast_chronos,2026-10-10 00:00:00,2026-09-28 00:00:00,P1D,fcre,1.6,ensemble,175,Chla_ugL_mean,26.1772599474607
vera4cast,chlorocast_chronos,2026-10-11 00:00:00,2026-09-28 00:00:00,P1D,fcre,1.6,ensemble,175,Chla_ugL_mean,26.9192321280173
vera4cast,chlorocast_chronos,2026-10-12 00:00:00,2026-09-28 00:00:00,P1D,fcre,1.6,ensemble,175,Chla_ugL_mean,28.1092400807196
vera4cast,chlorocast_chronos,2026-10-13 00:00:00,2026-09-28 00:00:00,P1D,fcre,1.6,ensemble,175,Chla_ugL_mean,29.2671500609005
vera4cast,chlorocast_chronos,2026-10-14 00:00:00,2026-09-28 00:00:00,P1D,fcre,1.6,ensemble,175,Chla_ugL_mean,31.6222703705945
vera4cast,chlorocast_chronos,2026-10-15 00:00:00,2026-09-28 00:00:00,P1D,fcre,1.6,ensemble,175,Chla_ugL_mean,33.3939466176135
vera4cast,chlorocast_chronos,2026-10-16 00:00:00,2026-09-28 00:00:00,P1D,fcre,1.6,ensemble,175,Chla_ugL_mean,35.0609649584761
vera4cast,chlorocast_chronos,2026-10-17 00:00:00,2026-09-28 00:00:00,P1D,fcre,1.6,ensemble,175,Chla_ugL_mean,35.23693334196
vera4cast,chlorocast_chronos,2026-10-18 00:00:00,2026-09-28 00:00:00,P1D,fcre,1.6,ensemble,175,Chla_ugL_mean,34.5228039611178
vera4cast,chlorocast_chronos,2026-10-19 00:00:00,2026-09-28 00:00:00,P1D,fcre,1.6,ensemble,175,Chla_ugL_mean,33.6483906047641
vera4cast,chlorocast_chronos,2026-10-20 00:00:00,2026-09-28 00:00:00,P1D,fcre,1.6,ensemble,175,Chla_ugL_mean,26.6767633534777
vera4cast,chlorocast_chronos,2026-10-21 00:00:00,2026-09-28 00:00:00,P1D,fcre,1.6,ensemble,175,Chla_ugL_mean,26.8041518234883
vera4cast,chlorocast_chronos,2026-10-22 00:00:00,2026-09-28 00:00:00,P1D,fcre,1.6,ensemble,175,Chla_ugL_mean,26.5085970800958
vera4cast,chlorocast_chronos,2026-10-23 00:00:00,2026-09-28 00:00:00,P1D,fcre,1.6,ensemble,175,Chla_ugL_mean,28.3923263290087
vera4cast,chlorocast_chronos,2026-10-24 00:00:00,2026-09-28 00:00:00,P1D,fcre,1.6,ensemble,175,Chla_ugL_mean,29.9554083758857
vera4cast,chlorocast_chronos,2026-10-25 00:00:00,2026-09-28 00:00:00,P1D,fcre,1.6,ensemble,175,Chla_ugL_mean,31.3195414794884
vera4cast,chlorocast_chronos,2026-10-26 00:00:00,2026-09-28 00:00:00,P1D,fcre,1.6,ensemble,175,Chla_ugL_mean,30.8859880581388
vera4cast,chlorocast_chronos,2026-10-27 00:00:00,2026-09-28 00:00:00,P1D,fcre,1.6,ensemble,175,Chla_ugL_mean,30.5588320951925
vera4cast,chlorocast_chronos,2026-10-28 00:00:00,2026-09-28 00:00:00,P1D,fcre,1.6,ensemble,175,Chla_ugL_mean,30.5176500560622
vera4cast,chlorocast_chronos,2026-10-29 00:00:00,2026-09-28 00:00:00,P1D,fcre,1.6,ensemble,175,Chla_ugL_mean,30.5431717483597
vera4cast,chlorocast_chronos,2026-10-30 00:00:00,2026-09-28 00:00:00,P1D,fcre,1.6,ensemble,175,Chla_ugL_mean,30.7679742129584
vera4cast,chlorocast_chronos,2026-10-31 00:00:00,2026-09-28 00:00:00,P1D,fcre,1.6,ensemble,175,Chla_ugL_mean,30.4920145469964
vera4cast,chlorocast_chronos,2026-11-01 00:00:00,2026-09-28 00:00:00,P1D,fcre,1.6,ensemble,175,Chla_ugL_mean,30.7812160927062
vera4cast,chlorocast_chronos,2026-11-02 00:00:00,2026-09-28 00:00:00,P1D,fcre,1.6,ensemble,175,Chla_ugL_mean,30.9219314059366
vera4cast,chlorocast_chronos,2026-09-29 00:00:00,2026-09-28 00:00:00,P1D,fcre,1.6,ensemble,176,Chla_ugL_mean,21.3918247856693
vera4cast,chlorocast_chronos,2026-09-30 00:00:00,2026-09-28 00:00:00,P1D,fcre,1.6,ensemble,176,Chla_ugL_mean,22.775289595465
vera4cast,chlorocast_chronos,2026-10-01 00:00:00,2026-09-28 00:00:00,P1D,fcre,1.6,ensemble,176,Chla_ugL_mean,23.6883217091216
vera4cast,chlorocast_chronos,2026-10-02 00:00:00,2026-09-28 00:00:00,P1D,fcre,1.6,ensemble,176,Chla_ugL_mean,24.087582649281
vera4cast,chlorocast_chronos,2026-10-03 00:00:00,2026-09-28 00:00:00,P1D,fcre,1.6,ensemble,176,Chla_ugL_mean,24.7814641774286
vera4cast,chlorocast_chronos,2026-10-04 00:00:00,2026-09-28 00:00:00,P1D,fcre,1.6,ensemble,176,Chla_ugL_mean,27.2720316072855
vera4cast,chlorocast_chronos,2026-10-05 00:00:00,2026-09-28 00:00:00,P1D,fcre,1.6,ensemble,176,Chla_ugL_mean,26.5836567978444
vera4cast,chlorocast_chronos,2026-10-06 00:00:00,2026-09-28 00:00:00,P1D,fcre,1.6,ensemble,176,Chla_ugL_mean,27.1874650072766
vera4cast,chlorocast_chronos,2026-10-07 00:00:00,2026-09-28 00:00:00,P1D,fcre,1.6,ensemble,176,Chla_ugL_mean,26.4754221344062
vera4cast,chlorocast_chronos,2026-10-08 00:00:00,2026-09-28 00:00:00,P1D,fcre,1.6,ensemble,176,Chla_ugL_mean,26.3773967153354
vera4cast,chlorocast_chronos,2026-10-09 00:00:00,2026-09-28 00:00:00,P1D,fcre,1.6,ensemble,176,Chla_ugL_mean,26.6790566563507
vera4cast,chlorocast_chronos,2026-10-10 00:00:00,2026-09-28 00:00:00,P1D,fcre,1.6,ensemble,176,Chla_ugL_mean,26.7316811599139
vera4cast,chlorocast_chronos,2026-10-11 00:00:00,2026-09-28 00:00:00,P1D,fcre,1.6,ensemble,176,Chla_ugL_mean,27.5014336168931
vera4cast,chlorocast_chronos,2026-10-12 00:00:00,2026-09-28 00:00:00,P1D,fcre,1.6,ensemble,176,Chla_ugL_mean,28.7218069465712
vera4cast,chlorocast_chronos,2026-10-13 00:00:00,2026-09-28 00:00:00,P1D,fcre,1.6,ensemble,176,Chla_ugL_mean,29.9116376235559
vera4cast,chlorocast_chronos,2026-10-14 00:00:00,2026-09-28 00:00:00,P1D,fcre,1.6,ensemble,176,Chla_ugL_mean,32.3463135443296
vera4cast,chlorocast_chronos,2026-10-15 00:00:00,2026-09-28 00:00:00,P1D,fcre,1.6,ensemble,176,Chla_ugL_mean,34.1884231817405
vera4cast,chlorocast_chronos,2026-10-16 00:00:00,2026-09-28 00:00:00,P1D,fcre,1.6,ensemble,176,Chla_ugL_mean,35.9183253698161
vera4cast,chlorocast_chronos,2026-10-17 00:00:00,2026-09-28 00:00:00,P1D,fcre,1.6,ensemble,176,Chla_ugL_mean,36.1004604294228
vera4cast,chlorocast_chronos,2026-10-18 00:00:00,2026-09-28 00:00:00,P1D,fcre,1.6,ensemble,176,Chla_ugL_mean,35.3534238782566
vera4cast,chlorocast_chronos,2026-10-19 00:00:00,2026-09-28 00:00:00,P1D,fcre,1.6,ensemble,176,Chla_ugL_mean,34.4473868707117
vera4cast,chlorocast_chronos,2026-10-20 00:00:00,2026-09-28 00:00:00,P1D,fcre,1.6,ensemble,176,Chla_ugL_mean,27.1823817448118
vera4cast,chlorocast_chronos,2026-10-21 00:00:00,2026-09-28 00:00:00,P1D,fcre,1.6,ensemble,176,Chla_ugL_mean,27.3138440971189
vera4cast,chlorocast_chronos,2026-10-22 00:00:00,2026-09-28 00:00:00,P1D,fcre,1.6,ensemble,176,Chla_ugL_mean,27.0137238857359
vera4cast,chlorocast_chronos,2026-10-23 00:00:00,2026-09-28 00:00:00,P1D,fcre,1.6,ensemble,176,Chla_ugL_mean,28.9847928207408
vera4cast,chlorocast_chronos,2026-10-24 00:00:00,2026-09-28 00:00:00,P1D,fcre,1.6,ensemble,176,Chla_ugL_mean,30.6202730352929
vera4cast,chlorocast_chronos,2026-10-25 00:00:00,2026-09-28 00:00:00,P1D,fcre,1.6,ensemble,176,Chla_ugL_mean,32.0433960235617
vera4cast,chlorocast_chronos,2026-10-26 00:00:00,2026-09-28 00:00:00,P1D,fcre,1.6,ensemble,176,Chla_ugL_mean,31.6038455897106
vera4cast,chlorocast_chronos,2026-10-27 00:00:00,2026-09-28 00:00:00,P1D,fcre,1.6,ensemble,176,Chla_ugL_mean,31.265492562278
vera4cast,chlorocast_chronos,2026-10-28 00:00:00,2026-09-28 00:00:00,P1D,fcre,1.6,ensemble,176,Chla_ugL_mean,31.2308120197053
vera4cast,chlorocast_chronos,2026-10-29 00:00:00,2026-09-28 00:00:00,P1D,fcre,1.6,ensemble,176,Chla_ugL_mean,31.2615364116516
vera4cast,chlorocast_chronos,2026-10-30 00:00:00,2026-09-28 00:00:00,P1D,fcre,1.6,ensemble,176,Chla_ugL_mean,31.4992695028257
vera4cast,chlorocast_chronos,2026-10-31 00:00:00,2026-09-28 00:00:00,P1D,fcre,1.6,ensemble,176,Chla_ugL_mean,31.2231554176733
vera4cast,chlorocast_chronos,2026-11-01 00:00:00,2026-09-28 00:00:00,P1D,fcre,1.6,ensemble,176,Chla_ugL_mean,31.527321027888
vera4cast,chlorocast_chronos,2026-11-02 00:00:00,2026-09-28 00:00:00,P1D,fcre,1.6,ensemble,176,Chla_ugL_mean,31.6802603688517
vera4cast,chlorocast_chronos,2026-09-29 00:00:00,2026-09-28 00:00:00,P1D,fcre,1.6,ensemble,177,Chla_ugL_mean,21.7541447471867
vera4cast,chlorocast_chronos,2026-09-30 00:00:00,2026-09-28 00:00:00,P1D,fcre,1.6,ensemble,177,Chla_ugL_mean,23.1912839923362
vera4cast,chlorocast_chronos,2026-10-01 00:00:00,2026-09-28 00:00:00,P1D,fcre,1.6,ensemble,177,Chla_ugL_mean,24.1343565767937
vera4cast,chlorocast_chronos,2026-10-02 00:00:00,2026-09-28 00:00:00,P1D,fcre,1.6,ensemble,177,Chla_ugL_mean,24.5562875223102
vera4cast,chlorocast_chronos,2026-10-03 00:00:00,2026-09-28 00:00:00,P1D,fcre,1.6,ensemble,177,Chla_ugL_mean,25.2786139755502
vera4cast,chlorocast_chronos,2026-10-04 00:00:00,2026-09-28 00:00:00,P1D,fcre,1.6,ensemble,177,Chla_ugL_mean,27.859328392061
vera4cast,chlorocast_chronos,2026-10-05 00:00:00,2026-09-28 00:00:00,P1D,fcre,1.6,ensemble,177,Chla_ugL_mean,27.1449631729432
vera4cast,chlorocast_chronos,2026-10-06 00:00:00,2026-09-28 00:00:00,P1D,fcre,1.6,ensemble,177,Chla_ugL_mean,27.7746035721895
vera4cast,chlorocast_chronos,2026-10-07 00:00:00,2026-09-28 00:00:00,P1D,fcre,1.6,ensemble,177,Chla_ugL_mean,27.0259069145241
vera4cast,chlorocast_chronos,2026-10-08 00:00:00,2026-09-28 00:00:00,P1D,fcre,1.6,ensemble,177,Chla_ugL_mean,26.9221990539307
vera4cast,chlorocast_chronos,2026-10-09 00:00:00,2026-09-28 00:00:00,P1D,fcre,1.6,ensemble,177,Chla_ugL_mean,27.2398413269969
vera4cast,chlorocast_chronos,2026-10-10 00:00:00,2026-09-28 00:00:00,P1D,fcre,1.6,ensemble,177,Chla_ugL_mean,27.2974126693364
vera4cast,chlorocast_chronos,2026-10-11 00:00:00,2026-09-28 00:00:00,P1D,fcre,1.6,ensemble,177,Chla_ugL_mean,28.095775789728
vera4cast,chlorocast_chronos,2026-10-12 00:00:00,2026-09-28 00:00:00,P1D,fcre,1.6,ensemble,177,Chla_ugL_mean,29.3472645015681
vera4cast,chlorocast_chronos,2026-10-13 00:00:00,2026-09-28 00:00:00,P1D,fcre,1.6,ensemble,177,Chla_ugL_mean,30.5698484544272
vera4cast,chlorocast_chronos,2026-10-14 00:00:00,2026-09-28 00:00:00,P1D,fcre,1.6,ensemble,177,Chla_ugL_mean,33.0864266761479
vera4cast,chlorocast_chronos,2026-10-15 00:00:00,2026-09-28 00:00:00,P1D,fcre,1.6,ensemble,177,Chla_ugL_mean,35.0012516092919
vera4cast,chlorocast_chronos,2026-10-16 00:00:00,2026-09-28 00:00:00,P1D,fcre,1.6,ensemble,177,Chla_ugL_mean,36.7960697857379
vera4cast,chlorocast_chronos,2026-10-17 00:00:00,2026-09-28 00:00:00,P1D,fcre,1.6,ensemble,177,Chla_ugL_mean,36.9845653903978
vera4cast,chlorocast_chronos,2026-10-18 00:00:00,2026-09-28 00:00:00,P1D,fcre,1.6,ensemble,177,Chla_ugL_mean,36.2034659515828
vera4cast,chlorocast_chronos,2026-10-19 00:00:00,2026-09-28 00:00:00,P1D,fcre,1.6,ensemble,177,Chla_ugL_mean,35.2648080915231
vera4cast,chlorocast_chronos,2026-10-20 00:00:00,2026-09-28 00:00:00,P1D,fcre,1.6,ensemble,177,Chla_ugL_mean,27.6972371251098
vera4cast,chlorocast_chronos,2026-10-21 00:00:00,2026-09-28 00:00:00,P1D,fcre,1.6,ensemble,177,Chla_ugL_mean,27.832879803178
vera4cast,chlorocast_chronos,2026-10-22 00:00:00,2026-09-28 00:00:00,P1D,fcre,1.6,ensemble,177,Chla_ugL_mean,27.5281260858657
vera4cast,chlorocast_chronos,2026-10-23 00:00:00,2026-09-28 00:00:00,P1D,fcre,1.6,ensemble,177,Chla_ugL_mean,29.5892017677892
vera4cast,chlorocast_chronos,2026-10-24 00:00:00,2026-09-28 00:00:00,P1D,fcre,1.6,ensemble,177,Chla_ugL_mean,31.2994177523224
vera4cast,chlorocast_chronos,2026-10-25 00:00:00,2026-09-28 00:00:00,P1D,fcre,1.6,ensemble,177,Chla_ugL_mean,32.7834625984061
vera4cast,chlorocast_chronos,2026-10-26 00:00:00,2026-09-28 00:00:00,P1D,fcre,1.6,ensemble,177,Chla_ugL_mean,32.337864434355
vera4cast,chlorocast_chronos,2026-10-27 00:00:00,2026-09-28 00:00:00,P1D,fcre,1.6,ensemble,177,Chla_ugL_mean,31.9879764607958
vera4cast,chlorocast_chronos,2026-10-28 00:00:00,2026-09-28 00:00:00,P1D,fcre,1.6,ensemble,177,Chla_ugL_mean,31.9601109727965
vera4cast,chlorocast_chronos,2026-10-29 00:00:00,2026-09-28 00:00:00,P1D,fcre,1.6,ensemble,177,Chla_ugL_mean,31.9962611224867
vera4cast,chlorocast_chronos,2026-10-30 00:00:00,2026-09-28 00:00:00,P1D,fcre,1.6,ensemble,177,Chla_ugL_mean,32.2473991302368
vera4cast,chlorocast_chronos,2026-10-31 00:00:00,2026-09-28 00:00:00,P1D,fcre,1.6,ensemble,177,Chla_ugL_mean,31.9712709716299
vera4cast,chlorocast_chronos,2026-11-01 00:00:00,2026-09-28 00:00:00,P1D,fcre,1.6,ensemble,177,Chla_ugL_mean,32.2909417363077
vera4cast,chlorocast_chronos,2026-11-02 00:00:00,2026-09-28 00:00:00,P1D,fcre,1.6,ensemble,177,Chla_ugL_mean,32.4566039941218
vera4cast,chlorocast_chronos,2026-09-29 00:00:00,2026-09-28 00:00:00,P1D,fcre,1.6,ensemble,178,Chla_ugL_mean,22.1223273731261
vera4cast,chlorocast_chronos,2026-09-30 00:00:00,2026-09-28 00:00:00,P1D,fcre,1.6,ensemble,178,Chla_ugL_mean,23.6145570108845
vera4cast,chlorocast_chronos,2026-10-01 00:00:00,2026-09-28 00:00:00,P1D,fcre,1.6,ensemble,178,Chla_ugL_mean,24.5884497930859
vera4cast,chlorocast_chronos,2026-10-02 00:00:00,2026-09-28 00:00:00,P1D,fcre,1.6,ensemble,178,Chla_ugL_mean,25.0337490882847
vera4cast,chlorocast_chronos,2026-10-03 00:00:00,2026-09-28 00:00:00,P1D,fcre,1.6,ensemble,178,Chla_ugL_mean,25.785350425542
vera4cast,chlorocast_chronos,2026-10-04 00:00:00,2026-09-28 00:00:00,P1D,fcre,1.6,ensemble,178,Chla_ugL_mean,28.4588251318379
vera4cast,chlorocast_chronos,2026-10-05 00:00:00,2026-09-28 00:00:00,P1D,fcre,1.6,ensemble,178,Chla_ugL_mean,27.7176917046122
vera4cast,chlorocast_chronos,2026-10-06 00:00:00,2026-09-28 00:00:00,P1D,fcre,1.6,ensemble,178,Chla_ugL_mean,28.3739721015323
vera4cast,chlorocast_chronos,2026-10-07 00:00:00,2026-09-28 00:00:00,P1D,fcre,1.6,ensemble,178,Chla_ugL_mean,27.5874209516871
vera4cast,chlorocast_chronos,2026-10-08 00:00:00,2026-09-28 00:00:00,P1D,fcre,1.6,ensemble,178,Chla_ugL_mean,27.4778428027312
vera4cast,chlorocast_chronos,2026-10-09 00:00:00,2026-09-28 00:00:00,P1D,fcre,1.6,ensemble,178,Chla_ugL_mean,27.8119876365434
vera4cast,chlorocast_chronos,2026-10-10 00:00:00,2026-09-28 00:00:00,P1D,fcre,1.6,ensemble,178,Chla_ugL_mean,27.8746852079127
vera4cast,chlorocast_chronos,2026-10-11 00:00:00,2026-09-28 00:00:00,P1D,fcre,1.6,ensemble,178,Chla_ugL_mean,28.7025118169619
vera4cast,chlorocast_chronos,2026-10-12 00:00:00,2026-09-28 00:00:00,P1D,fcre,1.6,ensemble,178,Chla_ugL_mean,29.985884013838
vera4cast,chlorocast_chronos,2026-10-13 00:00:00,2026-09-28 00:00:00,P1D,fcre,1.6,ensemble,178,Chla_ugL_mean,31.242074767207
vera4cast,chlorocast_chronos,2026-10-14 00:00:00,2026-09-28 00:00:00,P1D,fcre,1.6,ensemble,178,Chla_ugL_mean,33.8429664347703
vera4cast,chlorocast_chronos,2026-10-15 00:00:00,2026-09-28 00:00:00,P1D,fcre,1.6,ensemble,178,Chla_ugL_mean,35.8328558157186
vera4cast,chlorocast_chronos,2026-10-16 00:00:00,2026-09-28 00:00:00,P1D,fcre,1.6,ensemble,178,Chla_ugL_mean,37.6946828421508
vera4cast,chlorocast_chronos,2026-10-17 00:00:00,2026-09-28 00:00:00,P1D,fcre,1.6,ensemble,178,Chla_ugL_mean,37.8897385961593
vera4cast,chlorocast_chronos,2026-10-18 00:00:00,2026-09-28 00:00:00,P1D,fcre,1.6,ensemble,178,Chla_ugL_mean,37.0733843240121
vera4cast,chlorocast_chronos,2026-10-19 00:00:00,2026-09-28 00:00:00,P1D,fcre,1.6,ensemble,178,Chla_ugL_mean,36.101079148986
vera4cast,chlorocast_chronos,2026-10-20 00:00:00,2026-09-28 00:00:00,P1D,fcre,1.6,ensemble,178,Chla_ugL_mean,28.2214982421204
vera4cast,chlorocast_chronos,2026-10-21 00:00:00,2026-09-28 00:00:00,P1D,fcre,1.6,ensemble,178,Chla_ugL_mean,28.3614302209535
vera4cast,chlorocast_chronos,2026-10-22 00:00:00,2026-09-28 00:00:00,P1D,fcre,1.6,ensemble,178,Chla_ugL_mean,28.0519739999812
vera4cast,chlorocast_chronos,2026-10-23 00:00:00,2026-09-28 00:00:00,P1D,fcre,1.6,ensemble,178,Chla_ugL_mean,30.2057938964075
vera4cast,chlorocast_chronos,2026-10-24 00:00:00,2026-09-28 00:00:00,P1D,fcre,1.6,ensemble,178,Chla_ugL_mean,31.9931492360808
vera4cast,chlorocast_chronos,2026-10-25 00:00:00,2026-09-28 00:00:00,P1D,fcre,1.6,ensemble,178,Chla_ugL_mean,33.5401043017516
vera4cast,chlorocast_chronos,2026-10-26 00:00:00,2026-09-28 00:00:00,P1D,fcre,1.6,ensemble,178,Chla_ugL_mean,33.088408435911
vera4cast,chlorocast_chronos,2026-10-27 00:00:00,2026-09-28 00:00:00,P1D,fcre,1.6,ensemble,178,Chla_ugL_mean,32.7266381065651
vera4cast,chlorocast_chronos,2026-10-28 00:00:00,2026-09-28 00:00:00,P1D,fcre,1.6,ensemble,178,Chla_ugL_mean,32.7059120531893
vera4cast,chlorocast_chronos,2026-10-29 00:00:00,2026-09-28 00:00:00,P1D,fcre,1.6,ensemble,178,Chla_ugL_mean,32.7477184648315
vera4cast,chlorocast_chronos,2026-10-30 00:00:00,2026-09-28 00:00:00,P1D,fcre,1.6,ensemble,178,Chla_ugL_mean,33.0127506197995
vera4cast,chlorocast_chronos,2026-10-31 00:00:00,2026-09-28 00:00:00,P1D,fcre,1.6,ensemble,178,Chla_ugL_mean,32.7367553051122
vera4cast,chlorocast_chronos,2026-11-01 00:00:00,2026-09-28 00:00:00,P1D,fcre,1.6,ensemble,178,Chla_ugL_mean,33.0724894232765
vera4cast,chlorocast_chronos,2026-11-02 00:00:00,2026-09-28 00:00:00,P1D,fcre,1.6,ensemble,178,Chla_ugL_mean,33.2513902333031
vera4cast,chlorocast_chronos,2026-09-29 00:00:00,2026-09-28 00:00:00,P1D,fcre,1.6,ensemble,179,Chla_ugL_mean,22.4964675266962
vera4cast,chlorocast_chronos,2026-09-30 00:00:00,2026-09-28 00:00:00,P1D,fcre,1.6,ensemble,179,Chla_ugL_mean,24.0452360045884
vera4cast,chlorocast_chronos,2026-10-01 00:00:00,2026-09-28 00:00:00,P1D,fcre,1.6,ensemble,179,Chla_ugL_mean,25.050746945232
vera4cast,chlorocast_chronos,2026-10-02 00:00:00,2026-09-28 00:00:00,P1D,fcre,1.6,ensemble,179,Chla_ugL_mean,25.5201309462533
vera4cast,chlorocast_chronos,2026-10-03 00:00:00,2026-09-28 00:00:00,P1D,fcre,1.6,ensemble,179,Chla_ugL_mean,26.3018583889778
vera4cast,chlorocast_chronos,2026-10-04 00:00:00,2026-09-28 00:00:00,P1D,fcre,1.6,ensemble,179,Chla_ugL_mean,29.0707752570894
vera4cast,chlorocast_chronos,2026-10-05 00:00:00,2026-09-28 00:00:00,P1D,fcre,1.6,ensemble,179,Chla_ugL_mean,28.3020748250249
vera4cast,chlorocast_chronos,2026-10-06 00:00:00,2026-09-28 00:00:00,P1D,fcre,1.6,ensemble,179,Chla_ugL_mean,28.9858253427172
vera4cast,chlorocast_chronos,2026-10-07 00:00:00,2026-09-28 00:00:00,P1D,fcre,1.6,ensemble,179,Chla_ugL_mean,28.16018522296
vera4cast,chlorocast_chronos,2026-10-08 00:00:00,2026-09-28 00:00:00,P1D,fcre,1.6,ensemble,179,Chla_ugL_mean,28.0445437026888
vera4cast,chlorocast_chronos,2026-10-09 00:00:00,2026-09-28 00:00:00,P1D,fcre,1.6,ensemble,179,Chla_ugL_mean,28.3957257746607
vera4cast,chlorocast_chronos,2026-10-10 00:00:00,2026-09-28 00:00:00,P1D,fcre,1.6,ensemble,179,Chla_ugL_mean,28.4637342148076
vera4cast,chlorocast_chronos,2026-10-11 00:00:00,2026-09-28 00:00:00,P1D,fcre,1.6,ensemble,179,Chla_ugL_mean,29.3219001484136
vera4cast,chlorocast_chronos,2026-10-12 00:00:00,2026-09-28 00:00:00,P1D,fcre,1.6,ensemble,179,Chla_ugL_mean,30.6379424600002
vera4cast,chlorocast_chronos,2026-10-13 00:00:00,2026-09-28 00:00:00,P1D,fcre,1.6,ensemble,179,Chla_ugL_mean,31.9286149977823
vera4cast,chlorocast_chronos,2026-10-14 00:00:00,2026-09-28 00:00:00,P1D,fcre,1.6,ensemble,179,Chla_ugL_mean,34.6162974050917
vera4cast,chlorocast_chronos,2026-10-15 00:00:00,2026-09-28 00:00:00,P1D,fcre,1.6,ensemble,179,Chla_ugL_mean,36.683669508628
vera4cast,chlorocast_chronos,2026-10-16 00:00:00,2026-09-28 00:00:00,P1D,fcre,1.6,ensemble,179,Chla_ugL_mean,38.6146606973308
vera4cast,chlorocast_chronos,2026-10-17 00:00:00,2026-09-28 00:00:00,P1D,fcre,1.6,ensemble,179,Chla_ugL_mean,38.8164821035422
vera4cast,chlorocast_chronos,2026-10-18 00:00:00,2026-09-28 00:00:00,P1D,fcre,1.6,ensemble,179,Chla_ugL_mean,37.9636437575585
vera4cast,chlorocast_chronos,2026-10-19 00:00:00,2026-09-28 00:00:00,P1D,fcre,1.6,ensemble,179,Chla_ugL_mean,36.9566347227156
vera4cast,chlorocast_chronos,2026-10-20 00:00:00,2026-09-28 00:00:00,P1D,fcre,1.6,ensemble,179,Chla_ugL_mean,28.7553369263933
vera4cast,chlorocast_chronos,2026-10-21 00:00:00,2026-09-28 00:00:00,P1D,fcre,1.6,ensemble,179,Chla_ugL_mean,28.899669769542
vera4cast,chlorocast_chronos,2026-10-22 00:00:00,2026-09-28 00:00:00,P1D,fcre,1.6,ensemble,179,Chla_ugL_mean,28.5854410750713
vera4cast,chlorocast_chronos,2026-10-23 00:00:00,2026-09-28 00:00:00,P1D,fcre,1.6,ensemble,179,Chla_ugL_mean,30.8348147852125
vera4cast,chlorocast_chronos,2026-10-24 00:00:00,2026-09-28 00:00:00,P1D,fcre,1.6,ensemble,179,Chla_ugL_mean,32.7017807832165
vera4cast,chlorocast_chronos,2026-10-25 00:00:00,2026-09-28 00:00:00,P1D,fcre,1.6,ensemble,179,Chla_ugL_mean,34.3136923635579
vera4cast,chlorocast_chronos,2026-10-26 00:00:00,2026-09-28 00:00:00,P1D,fcre,1.6,ensemble,179,Chla_ugL_mean,33.8558496295286
vera4cast,chlorocast_chronos,2026-10-27 00:00:00,2026-09-28 00:00:00,P1D,fcre,1.6,ensemble,179,Chla_ugL_mean,33.4818397491899
vera4cast,chlorocast_chronos,2026-10-28 00:00:00,2026-09-28 00:00:00,P1D,fcre,1.6,ensemble,179,Chla_ugL_mean,33.4685886608512
vera4cast,chlorocast_chronos,2026-10-29 00:00:00,2026-09-28 00:00:00,P1D,fcre,1.6,ensemble,179,Chla_ugL_mean,33.5162895078852
vera4cast,chlorocast_chronos,2026-10-30 00:00:00,2026-09-28 00:00:00,P1D,fcre,1.6,ensemble,179,Chla_ugL_mean,33.7957204168961
vera4cast,chlorocast_chronos,2026-10-31 00:00:00,2026-09-28 00:00:00,P1D,fcre,1.6,ensemble,179,Chla_ugL_mean,33.5200116639833
vera4cast,chlorocast_chronos,2026-11-01 00:00:00,2026-09-28 00:00:00,P1D,fcre,1.6,ensemble,179,Chla_ugL_mean,33.8723849476794
vera4cast,chlorocast_chronos,2026-11-02 00:00:00,2026-09-28 00:00:00,P1D,fcre,1.6,ensemble,179,Chla_ugL_mean,34.0650572042556
vera4cast,chlorocast_chronos,2026-09-29 00:00:00,2026-09-28 00:00:00,P1D,fcre,1.6,ensemble,180,Chla_ugL_mean,22.906581725454
vera4cast,chlorocast_chronos,2026-09-30 00:00:00,2026-09-28 00:00:00,P1D,fcre,1.6,ensemble,180,Chla_ugL_mean,24.51595771974
vera4cast,chlorocast_chronos,2026-10-01 00:00:00,2026-09-28 00:00:00,P1D,fcre,1.6,ensemble,180,Chla_ugL_mean,25.5596803945841
vera4cast,chlorocast_chronos,2026-10-02 00:00:00,2026-09-28 00:00:00,P1D,fcre,1.6,ensemble,180,Chla_ugL_mean,26.0556972507359
vera4cast,chlorocast_chronos,2026-10-03 00:00:00,2026-09-28 00:00:00,P1D,fcre,1.6,ensemble,180,Chla_ugL_mean,26.8725932084535
vera4cast,chlorocast_chronos,2026-10-04 00:00:00,2026-09-28 00:00:00,P1D,fcre,1.6,ensemble,180,Chla_ugL_mean,29.7503614606218
vera4cast,chlorocast_chronos,2026-10-05 00:00:00,2026-09-28 00:00:00,P1D,fcre,1.6,ensemble,180,Chla_ugL_mean,28.9506361223835
vera4cast,chlorocast_chronos,2026-10-06 00:00:00,2026-09-28 00:00:00,P1D,fcre,1.6,ensemble,180,Chla_ugL_mean,29.6641960860012
vera4cast,chlorocast_chronos,2026-10-07 00:00:00,2026-09-28 00:00:00,P1D,fcre,1.6,ensemble,180,Chla_ugL_mean,28.7965006395688
vera4cast,chlorocast_chronos,2026-10-08 00:00:00,2026-09-28 00:00:00,P1D,fcre,1.6,ensemble,180,Chla_ugL_mean,28.6726961908371
vera4cast,chlorocast_chronos,2026-10-09 00:00:00,2026-09-28 00:00:00,P1D,fcre,1.6,ensemble,180,Chla_ugL_mean,29.0421221821243
vera4cast,chlorocast_chronos,2026-10-10 00:00:00,2026-09-28 00:00:00,P1D,fcre,1.6,ensemble,180,Chla_ugL_mean,29.1152371039418
vera4cast,chlorocast_chronos,2026-10-11 00:00:00,2026-09-28 00:00:00,P1D,fcre,1.6,ensemble,180,Chla_ugL_mean,30.0043724201598
vera4cast,chlorocast_chronos,2026-10-12 00:00:00,2026-09-28 00:00:00,P1D,fcre,1.6,ensemble,180,Chla_ugL_mean,31.3579273373801
vera4cast,chlorocast_chronos,2026-10-13 00:00:00,2026-09-28 00:00:00,P1D,fcre,1.6,ensemble,180,Chla_ugL_mean,32.6879473288672
vera4cast,chlorocast_chronos,2026-10-14 00:00:00,2026-09-28 00:00:00,P1D,fcre,1.6,ensemble,180,Chla_ugL_mean,35.4742701118063
vera4cast,chlorocast_chronos,2026-10-15 00:00:00,2026-09-28 00:00:00,P1D,fcre,1.6,ensemble,180,Chla_ugL_mean,37.6263028429398
vera4cast,chlorocast_chronos,2026-10-16 00:00:00,2026-09-28 00:00:00,P1D,fcre,1.6,ensemble,180,Chla_ugL_mean,39.6326824830436
vera4cast,chlorocast_chronos,2026-10-17 00:00:00,2026-09-28 00:00:00,P1D,fcre,1.6,ensemble,180,Chla_ugL_mean,39.8449904460981
vera4cast,chlorocast_chronos,2026-10-18 00:00:00,2026-09-28 00:00:00,P1D,fcre,1.6,ensemble,180,Chla_ugL_mean,38.9520367812816
vera4cast,chlorocast_chronos,2026-10-19 00:00:00,2026-09-28 00:00:00,P1D,fcre,1.6,ensemble,180,Chla_ugL_mean,37.9051476070689
vera4cast,chlorocast_chronos,2026-10-20 00:00:00,2026-09-28 00:00:00,P1D,fcre,1.6,ensemble,180,Chla_ugL_mean,29.3456326440379
vera4cast,chlorocast_chronos,2026-10-21 00:00:00,2026-09-28 00:00:00,P1D,fcre,1.6,ensemble,180,Chla_ugL_mean,29.494939946041
vera4cast,chlorocast_chronos,2026-10-22 00:00:00,2026-09-28 00:00:00,P1D,fcre,1.6,ensemble,180,Chla_ugL_mean,29.1749310303808
vera4cast,chlorocast_chronos,2026-10-23 00:00:00,2026-09-28 00:00:00,P1D,fcre,1.6,ensemble,180,Chla_ugL_mean,31.5285001237767
vera4cast,chlorocast_chronos,2026-10-24 00:00:00,2026-09-28 00:00:00,P1D,fcre,1.6,ensemble,180,Chla_ugL_mean,33.4822994108065
vera4cast,chlorocast_chronos,2026-10-25 00:00:00,2026-09-28 00:00:00,P1D,fcre,1.6,ensemble,180,Chla_ugL_mean,35.1688892069592
vera4cast,chlorocast_chronos,2026-10-26 00:00:00,2026-09-28 00:00:00,P1D,fcre,1.6,ensemble,180,Chla_ugL_mean,34.7025022155268
vera4cast,chlorocast_chronos,2026-10-27 00:00:00,2026-09-28 00:00:00,P1D,fcre,1.6,ensemble,180,Chla_ugL_mean,34.3179450960927
vera4cast,chlorocast_chronos,2026-10-28 00:00:00,2026-09-28 00:00:00,P1D,fcre,1.6,ensemble,180,Chla_ugL_mean,34.3104008228038
vera4cast,chlorocast_chronos,2026-10-29 00:00:00,2026-09-28 00:00:00,P1D,fcre,1.6,ensemble,180,Chla_ugL_mean,34.3661131625854
vera4cast,chlorocast_chronos,2026-10-30 00:00:00,2026-09-28 00:00:00,P1D,fcre,1.6,ensemble,180,Chla_ugL_mean,34.6614786655224
vera4cast,chlorocast_chronos,2026-10-31 00:00:00,2026-09-28 00:00:00,P1D,fcre,1.6,ensemble,180,Chla_ugL_mean,34.3826359051955
vera4cast,chlorocast_chronos,2026-11-01 00:00:00,2026-09-28 00:00:00,P1D,fcre,1.6,ensemble,180,Chla_ugL_mean,34.752906501432
vera4cast,chlorocast_chronos,2026-11-02 00:00:00,2026-09-28 00:00:00,P1D,fcre,1.6,ensemble,180,Chla_ugL_mean,34.959110421928
vera4cast,chlorocast_chronos,2026-09-29 00:00:00,2026-09-28 00:00:00,P1D,fcre,1.6,ensemble,181,Chla_ugL_mean,23.3822350625049
vera4cast,chlorocast_chronos,2026-09-30 00:00:00,2026-09-28 00:00:00,P1D,fcre,1.6,ensemble,181,Chla_ugL_mean,25.0597501124266
vera4cast,chlorocast_chronos,2026-10-01 00:00:00,2026-09-28 00:00:00,P1D,fcre,1.6,ensemble,181,Chla_ugL_mean,26.153002765007
vera4cast,chlorocast_chronos,2026-10-02 00:00:00,2026-09-28 00:00:00,P1D,fcre,1.6,ensemble,181,Chla_ugL_mean,26.6801817118798
vera4cast,chlorocast_chronos,2026-10-03 00:00:00,2026-09-28 00:00:00,P1D,fcre,1.6,ensemble,181,Chla_ugL_mean,27.5409868144507
vera4cast,chlorocast_chronos,2026-10-04 00:00:00,2026-09-28 00:00:00,P1D,fcre,1.6,ensemble,181,Chla_ugL_mean,30.5510928757815
vera4cast,chlorocast_chronos,2026-10-05 00:00:00,2026-09-28 00:00:00,P1D,fcre,1.6,ensemble,181,Chla_ugL_mean,29.7142488359374
vera4cast,chlorocast_chronos,2026-10-06 00:00:00,2026-09-28 00:00:00,P1D,fcre,1.6,ensemble,181,Chla_ugL_mean,30.4618467501475
vera4cast,chlorocast_chronos,2026-10-07 00:00:00,2026-09-28 00:00:00,P1D,fcre,1.6,ensemble,181,Chla_ugL_mean,29.5466885208531
vera4cast,chlorocast_chronos,2026-10-08 00:00:00,2026-09-28 00:00:00,P1D,fcre,1.6,ensemble,181,Chla_ugL_mean,29.4111656374988
vera4cast,chlorocast_chronos,2026-10-09 00:00:00,2026-09-28 00:00:00,P1D,fcre,1.6,ensemble,181,Chla_ugL_mean,29.8010500782958
vera4cast,chlorocast_chronos,2026-10-10 00:00:00,2026-09-28 00:00:00,P1D,fcre,1.6,ensemble,181,Chla_ugL_mean,29.8789950177324
vera4cast,chlorocast_chronos,2026-10-11 00:00:00,2026-09-28 00:00:00,P1D,fcre,1.6,ensemble,181,Chla_ugL_mean,30.8005318019425
vera4cast,chlorocast_chronos,2026-10-12 00:00:00,2026-09-28 00:00:00,P1D,fcre,1.6,ensemble,181,Chla_ugL_mean,32.200083616949
vera4cast,chlorocast_chronos,2026-10-13 00:00:00,2026-09-28 00:00:00,P1D,fcre,1.6,ensemble,181,Chla_ugL_mean,33.5779913819059
vera4cast,chlorocast_chronos,2026-10-14 00:00:00,2026-09-28 00:00:00,P1D,fcre,1.6,ensemble,181,Chla_ugL_mean,36.4837431645306
vera4cast,chlorocast_chronos,2026-10-15 00:00:00,2026-09-28 00:00:00,P1D,fcre,1.6,ensemble,181,Chla_ugL_mean,38.7332854740416
vera4cast,chlorocast_chronos,2026-10-16 00:00:00,2026-09-28 00:00:00,P1D,fcre,1.6,ensemble,181,Chla_ugL_mean,40.8262075683373
vera4cast,chlorocast_chronos,2026-10-17 00:00:00,2026-09-28 00:00:00,P1D,fcre,1.6,ensemble,181,Chla_ugL_mean,41.0553002900245
vera4cast,chlorocast_chronos,2026-10-18 00:00:00,2026-09-28 00:00:00,P1D,fcre,1.6,ensemble,181,Chla_ugL_mean,40.1157831050415
vera4cast,chlorocast_chronos,2026-10-19 00:00:00,2026-09-28 00:00:00,P1D,fcre,1.6,ensemble,181,Chla_ugL_mean,39.0199779777976
vera4cast,chlorocast_chronos,2026-10-20 00:00:00,2026-09-28 00:00:00,P1D,fcre,1.6,ensemble,181,Chla_ugL_mean,30.037646530534
vera4cast,chlorocast_chronos,2026-10-21 00:00:00,2026-09-28 00:00:00,P1D,fcre,1.6,ensemble,181,Chla_ugL_mean,30.1929388788781
vera4cast,chlorocast_chronos,2026-10-22 00:00:00,2026-09-28 00:00:00,P1D,fcre,1.6,ensemble,181,Chla_ugL_mean,29.865407689403
vera4cast,chlorocast_chronos,2026-10-23 00:00:00,2026-09-28 00:00:00,P1D,fcre,1.6,ensemble,181,Chla_ugL_mean,32.3387295140848
vera4cast,chlorocast_chronos,2026-10-24 00:00:00,2026-09-28 00:00:00,P1D,fcre,1.6,ensemble,181,Chla_ugL_mean,34.3923108967939
vera4cast,chlorocast_chronos,2026-10-25 00:00:00,2026-09-28 00:00:00,P1D,fcre,1.6,ensemble,181,Chla_ugL_mean,36.1705033981544
vera4cast,chlorocast_chronos,2026-10-26 00:00:00,2026-09-28 00:00:00,P1D,fcre,1.6,ensemble,181,Chla_ugL_mean,35.6914744696184
vera4cast,chlorocast_chronos,2026-10-27 00:00:00,2026-09-28 00:00:00,P1D,fcre,1.6,ensemble,181,Chla_ugL_mean,35.2990460838886
vera4cast,chlorocast_chronos,2026-10-28 00:00:00,2026-09-28 00:00:00,P1D,fcre,1.6,ensemble,181,Chla_ugL_mean,35.2943226698367
vera4cast,chlorocast_chronos,2026-10-29 00:00:00,2026-09-28 00:00:00,P1D,fcre,1.6,ensemble,181,Chla_ugL_mean,35.361630231679
vera4cast,chlorocast_chronos,2026-10-30 00:00:00,2026-09-28 00:00:00,P1D,fcre,1.6,ensemble,181,Chla_ugL_mean,35.675640441265
vera4cast,chlorocast_chronos,2026-10-31 00:00:00,2026-09-28 00:00:00,P1D,fcre,1.6,ensemble,181,Chla_ugL_mean,35.3879230637536
vera4cast,chlorocast_chronos,2026-11-01 00:00:00,2026-09-28 00:00:00,P1D,fcre,1.6,ensemble,181,Chla_ugL_mean,35.7783572267851
vera4cast,chlorocast_chronos,2026-11-02 00:00:00,2026-09-28 00:00:00,P1D,fcre,1.6,ensemble,181,Chla_ugL_mean,35.9978125530738
vera4cast,chlorocast_chronos,2026-09-29 00:00:00,2026-09-28 00:00:00,P1D,fcre,1.6,ensemble,182,Chla_ugL_mean,23.8873491080937
vera4cast,chlorocast_chronos,2026-09-30 00:00:00,2026-09-28 00:00:00,P1D,fcre,1.6,ensemble,182,Chla_ugL_mean,25.6380415213455
vera4cast,chlorocast_chronos,2026-10-01 00:00:00,2026-09-28 00:00:00,P1D,fcre,1.6,ensemble,182,Chla_ugL_mean,26.7846141579423
vera4cast,chlorocast_chronos,2026-10-02 00:00:00,2026-09-28 00:00:00,P1D,fcre,1.6,ensemble,182,Chla_ugL_mean,27.3454587506832
vera4cast,chlorocast_chronos,2026-10-03 00:00:00,2026-09-28 00:00:00,P1D,fcre,1.6,ensemble,182,Chla_ugL_mean,28.2536797098007
vera4cast,chlorocast_chronos,2026-10-04 00:00:00,2026-09-28 00:00:00,P1D,fcre,1.6,ensemble,182,Chla_ugL_mean,31.4066470889324
vera4cast,chlorocast_chronos,2026-10-05 00:00:00,2026-09-28 00:00:00,P1D,fcre,1.6,ensemble,182,Chla_ugL_mean,30.5297014763576
vera4cast,chlorocast_chronos,2026-10-06 00:00:00,2026-09-28 00:00:00,P1D,fcre,1.6,ensemble,182,Chla_ugL_mean,31.3140861458789
vera4cast,chlorocast_chronos,2026-10-07 00:00:00,2026-09-28 00:00:00,P1D,fcre,1.6,ensemble,182,Chla_ugL_mean,30.3475508876462
vera4cast,chlorocast_chronos,2026-10-08 00:00:00,2026-09-28 00:00:00,P1D,fcre,1.6,ensemble,182,Chla_ugL_mean,30.1992905031219
vera4cast,chlorocast_chronos,2026-10-09 00:00:00,2026-09-28 00:00:00,P1D,fcre,1.6,ensemble,182,Chla_ugL_mean,30.6113114616375
vera4cast,chlorocast_chronos,2026-10-10 00:00:00,2026-09-28 00:00:00,P1D,fcre,1.6,ensemble,182,Chla_ugL_mean,30.6944935182422
vera4cast,chlorocast_chronos,2026-10-11 00:00:00,2026-09-28 00:00:00,P1D,fcre,1.6,ensemble,182,Chla_ugL_mean,31.650895665921
vera4cast,chlorocast_chronos,2026-10-12 00:00:00,2026-09-28 00:00:00,P1D,fcre,1.6,ensemble,182,Chla_ugL_mean,33.0998868327332
vera4cast,chlorocast_chronos,2026-10-13 00:00:00,2026-09-28 00:00:00,P1D,fcre,1.6,ensemble,182,Chla_ugL_mean,34.5293330389923
vera4cast,chlorocast_chronos,2026-10-14 00:00:00,2026-09-28 00:00:00,P1D,fcre,1.6,ensemble,182,Chla_ugL_mean,37.5640865227279
vera4cast,chlorocast_chronos,2026-10-15 00:00:00,2026-09-28 00:00:00,P1D,fcre,1.6,ensemble,182,Chla_ugL_mean,39.9191400171969
vera4cast,chlorocast_chronos,2026-10-16 00:00:00,2026-09-28 00:00:00,P1D,fcre,1.6,ensemble,182,Chla_ugL_mean,42.1056773633348
vera4cast,chlorocast_chronos,2026-10-17 00:00:00,2026-09-28 00:00:00,P1D,fcre,1.6,ensemble,182,Chla_ugL_mean,42.353095724896
vera4cast,chlorocast_chronos,2026-10-18 00:00:00,2026-09-28 00:00:00,P1D,fcre,1.6,ensemble,182,Chla_ugL_mean,41.3630268282213
vera4cast,chlorocast_chronos,2026-10-19 00:00:00,2026-09-28 00:00:00,P1D,fcre,1.6,ensemble,182,Chla_ugL_mean,40.2142350339475
vera4cast,chlorocast_chronos,2026-10-20 00:00:00,2026-09-28 00:00:00,P1D,fcre,1.6,ensemble,182,Chla_ugL_mean,30.7746604161308
vera4cast,chlorocast_chronos,2026-10-21 00:00:00,2026-09-28 00:00:00,P1D,fcre,1.6,ensemble,182,Chla_ugL_mean,30.9363897640767
vera4cast,chlorocast_chronos,2026-10-22 00:00:00,2026-09-28 00:00:00,P1D,fcre,1.6,ensemble,182,Chla_ugL_mean,30.6008416643312
vera4cast,chlorocast_chronos,2026-10-23 00:00:00,2026-09-28 00:00:00,P1D,fcre,1.6,ensemble,182,Chla_ugL_mean,33.2034577206579
vera4cast,chlorocast_chronos,2026-10-24 00:00:00,2026-09-28 00:00:00,P1D,fcre,1.6,ensemble,182,Chla_ugL_mean,35.3649665539409
vera4cast,chlorocast_chronos,2026-10-25 00:00:00,2026-09-28 00:00:00,P1D,fcre,1.6,ensemble,182,Chla_ugL_mean,37.2424536136268
vera4cast,chlorocast_chronos,2026-10-26 00:00:00,2026-09-28 00:00:00,P1D,fcre,1.6,ensemble,182,Chla_ugL_mean,36.7499030517069
vera4cast,chlorocast_chronos,2026-10-27 00:00:00,2026-09-28 00:00:00,P1D,fcre,1.6,ensemble,182,Chla_ugL_mean,36.3491327046895
vera4cast,chlorocast_chronos,2026-10-28 00:00:00,2026-09-28 00:00:00,P1D,fcre,1.6,ensemble,182,Chla_ugL_mean,36.347518245512
vera4cast,chlorocast_chronos,2026-10-29 00:00:00,2026-09-28 00:00:00,P1D,fcre,1.6,ensemble,182,Chla_ugL_mean,36.4275378562576
vera4cast,chlorocast_chronos,2026-10-30 00:00:00,2026-09-28 00:00:00,P1D,fcre,1.6,ensemble,182,Chla_ugL_mean,36.7618233405937
vera4cast,chlorocast_chronos,2026-10-31 00:00:00,2026-09-28 00:00:00,P1D,fcre,1.6,ensemble,182,Chla_ugL_mean,36.4645725829181
vera4cast,chlorocast_chronos,2026-11-01 00:00:00,2026-09-28 00:00:00,P1D,fcre,1.6,ensemble,182,Chla_ugL_mean,36.8768956390669
vera4cast,chlorocast_chronos,2026-11-02 00:00:00,2026-09-28 00:00:00,P1D,fcre,1.6,ensemble,182,Chla_ugL_mean,37.1107721081391
vera4cast,chlorocast_chronos,2026-09-29 00:00:00,2026-09-28 00:00:00,P1D,fcre,1.6,ensemble,183,Chla_ugL_mean,24.425633968974
vera4cast,chlorocast_chronos,2026-09-30 00:00:00,2026-09-28 00:00:00,P1D,fcre,1.6,ensemble,183,Chla_ugL_mean,26.2552190950069
vera4cast,chlorocast_chronos,2026-10-01 00:00:00,2026-09-28 00:00:00,P1D,fcre,1.6,ensemble,183,Chla_ugL_mean,27.4594183783247
vera4cast,chlorocast_chronos,2026-10-02 00:00:00,2026-09-28 00:00:00,P1D,fcre,1.6,ensemble,183,Chla_ugL_mean,28.0567797344288
vera4cast,chlorocast_chronos,2026-10-03 00:00:00,2026-09-28 00:00:00,P1D,fcre,1.6,ensemble,183,Chla_ugL_mean,29.0164103603269
vera4cast,chlorocast_chronos,2026-10-04 00:00:00,2026-09-28 00:00:00,P1D,fcre,1.6,ensemble,183,Chla_ugL_mean,32.3242281445107
vera4cast,chlorocast_chronos,2026-10-05 00:00:00,2026-09-28 00:00:00,P1D,fcre,1.6,ensemble,183,Chla_ugL_mean,31.4037803937975
vera4cast,chlorocast_chronos,2026-10-06 00:00:00,2026-09-28 00:00:00,P1D,fcre,1.6,ensemble,183,Chla_ugL_mean,32.2280861979231
vera4cast,chlorocast_chronos,2026-10-07 00:00:00,2026-09-28 00:00:00,P1D,fcre,1.6,ensemble,183,Chla_ugL_mean,31.2057068409178
vera4cast,chlorocast_chronos,2026-10-08 00:00:00,2026-09-28 00:00:00,P1D,fcre,1.6,ensemble,183,Chla_ugL_mean,31.0435437229426
vera4cast,chlorocast_chronos,2026-10-09 00:00:00,2026-09-28 00:00:00,P1D,fcre,1.6,ensemble,183,Chla_ugL_mean,31.4796154791001
vera4cast,chlorocast_chronos,2026-10-10 00:00:00,2026-09-28 00:00:00,P1D,fcre,1.6,ensemble,183,Chla_ugL_mean,31.568499617913
vera4cast,chlorocast_chronos,2026-10-11 00:00:00,2026-09-28 00:00:00,P1D,fcre,1.6,ensemble,183,Chla_ugL_mean,32.5625689530958
vera4cast,chlorocast_chronos,2026-10-12 00:00:00,2026-09-28 00:00:00,P1D,fcre,1.6,ensemble,183,Chla_ugL_mean,34.0649114282937
vera4cast,chlorocast_chronos,2026-10-13 00:00:00,2026-09-28 00:00:00,P1D,fcre,1.6,ensemble,183,Chla_ugL_mean,35.5500485247924
vera4cast,chlorocast_chronos,2026-10-14 00:00:00,2026-09-28 00:00:00,P1D,fcre,1.6,ensemble,183,Chla_ugL_mean,38.7247196322911
vera4cast,chlorocast_chronos,2026-10-15 00:00:00,2026-09-28 00:00:00,P1D,fcre,1.6,ensemble,183,Chla_ugL_mean,41.1944213390741
vera4cast,chlorocast_chronos,2026-10-16 00:00:00,2026-09-28 00:00:00,P1D,fcre,1.6,ensemble,183,Chla_ugL_mean,43.4826505706982
vera4cast,chlorocast_chronos,2026-10-17 00:00:00,2026-09-28 00:00:00,P1D,fcre,1.6,ensemble,183,Chla_ugL_mean,43.7501638399481
vera4cast,chlorocast_chronos,2026-10-18 00:00:00,2026-09-28 00:00:00,P1D,fcre,1.6,ensemble,183,Chla_ugL_mean,42.7049783973778
vera4cast,chlorocast_chronos,2026-10-19 00:00:00,2026-09-28 00:00:00,P1D,fcre,1.6,ensemble,183,Chla_ugL_mean,41.498547610554
vera4cast,chlorocast_chronos,2026-10-20 00:00:00,2026-09-28 00:00:00,P1D,fcre,1.6,ensemble,183,Chla_ugL_mean,31.5624561944244
vera4cast,chlorocast_chronos,2026-10-21 00:00:00,2026-09-28 00:00:00,P1D,fcre,1.6,ensemble,183,Chla_ugL_mean,31.731135989113
vera4cast,chlorocast_chronos,2026-10-22 00:00:00,2026-09-28 00:00:00,P1D,fcre,1.6,ensemble,183,Chla_ugL_mean,31.3870124890666
vera4cast,chlorocast_chronos,2026-10-23 00:00:00,2026-09-28 00:00:00,P1D,fcre,1.6,ensemble,183,Chla_ugL_mean,34.1297900927869
vera4cast,chlorocast_chronos,2026-10-24 00:00:00,2026-09-28 00:00:00,P1D,fcre,1.6,ensemble,183,Chla_ugL_mean,36.4085183251655
vera4cast,chlorocast_chronos,2026-10-25 00:00:00,2026-09-28 00:00:00,P1D,fcre,1.6,ensemble,183,Chla_ugL_mean,38.3940893540819
vera4cast,chlorocast_chronos,2026-10-26 00:00:00,2026-09-28 00:00:00,P1D,fcre,1.6,ensemble,183,Chla_ugL_mean,37.8870210201916
vera4cast,chlorocast_chronos,2026-10-27 00:00:00,2026-09-28 00:00:00,P1D,fcre,1.6,ensemble,183,Chla_ugL_mean,37.4773804729601
vera4cast,chlorocast_chronos,2026-10-28 00:00:00,2026-09-28 00:00:00,P1D,fcre,1.6,ensemble,183,Chla_ugL_mean,37.4792068877442
vera4cast,chlorocast_chronos,2026-10-29 00:00:00,2026-09-28 00:00:00,P1D,fcre,1.6,ensemble,183,Chla_ugL_mean,37.5732225394983
vera4cast,chlorocast_chronos,2026-10-30 00:00:00,2026-09-28 00:00:00,P1D,fcre,1.6,ensemble,183,Chla_ugL_mean,37.9296506812549
vera4cast,chlorocast_chronos,2026-10-31 00:00:00,2026-09-28 00:00:00,P1D,fcre,1.6,ensemble,183,Chla_ugL_mean,37.6221179863486
vera4cast,chlorocast_chronos,2026-11-01 00:00:00,2026-09-28 00:00:00,P1D,fcre,1.6,ensemble,183,Chla_ugL_mean,38.0583040968995
vera4cast,chlorocast_chronos,2026-11-02 00:00:00,2026-09-28 00:00:00,P1D,fcre,1.6,ensemble,183,Chla_ugL_mean,38.3079421284611
vera4cast,chlorocast_chronos,2026-09-29 00:00:00,2026-09-28 00:00:00,P1D,fcre,1.6,ensemble,184,Chla_ugL_mean,25.0015283858174
vera4cast,chlorocast_chronos,2026-09-30 00:00:00,2026-09-28 00:00:00,P1D,fcre,1.6,ensemble,184,Chla_ugL_mean,26.9165372791988
vera4cast,chlorocast_chronos,2026-10-01 00:00:00,2026-09-28 00:00:00,P1D,fcre,1.6,ensemble,184,Chla_ugL_mean,28.1832933205616
vera4cast,chlorocast_chronos,2026-10-02 00:00:00,2026-09-28 00:00:00,P1D,fcre,1.6,ensemble,184,Chla_ugL_mean,28.8204427776503
vera4cast,chlorocast_chronos,2026-10-03 00:00:00,2026-09-28 00:00:00,P1D,fcre,1.6,ensemble,184,Chla_ugL_mean,29.8360658809527
vera4cast,chlorocast_chronos,2026-10-04 00:00:00,2026-09-28 00:00:00,P1D,fcre,1.6,ensemble,184,Chla_ugL_mean,33.3124960348197
vera4cast,chlorocast_chronos,2026-10-05 00:00:00,2026-09-28 00:00:00,P1D,fcre,1.6,ensemble,184,Chla_ugL_mean,32.3446399876019
vera4cast,chlorocast_chronos,2026-10-06 00:00:00,2026-09-28 00:00:00,P1D,fcre,1.6,ensemble,184,Chla_ugL_mean,33.2124681025588
vera4cast,chlorocast_chronos,2026-10-07 00:00:00,2026-09-28 00:00:00,P1D,fcre,1.6,ensemble,184,Chla_ugL_mean,32.1291078303246
vera4cast,chlorocast_chronos,2026-10-08 00:00:00,2026-09-28 00:00:00,P1D,fcre,1.6,ensemble,184,Chla_ugL_mean,31.95169939631
vera4cast,chlorocast_chronos,2026-10-09 00:00:00,2026-09-28 00:00:00,P1D,fcre,1.6,ensemble,184,Chla_ugL_mean,32.4140222884131
vera4cast,chlorocast_chronos,2026-10-10 00:00:00,2026-09-28 00:00:00,P1D,fcre,1.6,ensemble,184,Chla_ugL_mean,32.5091436229771
vera4cast,chlorocast_chronos,2026-10-11 00:00:00,2026-09-28 00:00:00,P1D,fcre,1.6,ensemble,184,Chla_ugL_mean,33.544090104566
vera4cast,chlorocast_chronos,2026-10-12 00:00:00,2026-09-28 00:00:00,P1D,fcre,1.6,ensemble,184,Chla_ugL_mean,35.1042625569349
vera4cast,chlorocast_chronos,2026-10-13 00:00:00,2026-09-28 00:00:00,P1D,fcre,1.6,ensemble,184,Chla_ugL_mean,36.6498491857736
vera4cast,chlorocast_chronos,2026-10-14 00:00:00,2026-09-28 00:00:00,P1D,fcre,1.6,ensemble,184,Chla_ugL_mean,39.9769802402345
vera4cast,chlorocast_chronos,2026-10-15 00:00:00,2026-09-28 00:00:00,P1D,fcre,1.6,ensemble,184,Chla_ugL_mean,42.5718437346492
vera4cast,chlorocast_chronos,2026-10-16 00:00:00,2026-09-28 00:00:00,P1D,fcre,1.6,ensemble,184,Chla_ugL_mean,44.9710586115629
vera4cast,chlorocast_chronos,2026-10-17 00:00:00,2026-09-28 00:00:00,P1D,fcre,1.6,ensemble,184,Chla_ugL_mean,45.2607142478588
vera4cast,chlorocast_chronos,2026-10-18 00:00:00,2026-09-28 00:00:00,P1D,fcre,1.6,ensemble,184,Chla_ugL_mean,44.1551468556836
vera4cast,chlorocast_chronos,2026-10-19 00:00:00,2026-09-28 00:00:00,P1D,fcre,1.6,ensemble,184,Chla_ugL_mean,42.885719066682
vera4cast,chlorocast_chronos,2026-10-20 00:00:00,2026-09-28 00:00:00,P1D,fcre,1.6,ensemble,184,Chla_ugL_mean,32.4079667664798
vera4cast,chlorocast_chronos,2026-10-21 00:00:00,2026-09-28 00:00:00,P1D,fcre,1.6,ensemble,184,Chla_ugL_mean,32.5841846498693
vera4cast,chlorocast_chronos,2026-10-22 00:00:00,2026-09-28 00:00:00,P1D,fcre,1.6,ensemble,184,Chla_ugL_mean,32.2308506543376
vera4cast,chlorocast_chronos,2026-10-23 00:00:00,2026-09-28 00:00:00,P1D,fcre,1.6,ensemble,184,Chla_ugL_mean,35.1262604101982
vera4cast,chlorocast_chronos,2026-10-24 00:00:00,2026-09-28 00:00:00,P1D,fcre,1.6,ensemble,184,Chla_ugL_mean,37.5328886204623
vera4cast,chlorocast_chronos,2026-10-25 00:00:00,2026-09-28 00:00:00,P1D,fcre,1.6,ensemble,184,Chla_ugL_mean,39.6366643227015
vera4cast,chlorocast_chronos,2026-10-26 00:00:00,2026-09-28 00:00:00,P1D,fcre,1.6,ensemble,184,Chla_ugL_mean,39.1139419876325
vera4cast,chlorocast_chronos,2026-10-27 00:00:00,2026-09-28 00:00:00,P1D,fcre,1.6,ensemble,184,Chla_ugL_mean,38.694834425039
vera4cast,chlorocast_chronos,2026-10-28 00:00:00,2026-09-28 00:00:00,P1D,fcre,1.6,ensemble,184,Chla_ugL_mean,38.7004871391644
vera4cast,chlorocast_chronos,2026-10-29 00:00:00,2026-09-28 00:00:00,P1D,fcre,1.6,ensemble,184,Chla_ugL_mean,38.809986604558
vera4cast,chlorocast_chronos,2026-10-30 00:00:00,2026-09-28 00:00:00,P1D,fcre,1.6,ensemble,184,Chla_ugL_mean,39.1907125973465
vera4cast,chlorocast_chronos,2026-10-31 00:00:00,2026-09-28 00:00:00,P1D,fcre,1.6,ensemble,184,Chla_ugL_mean,38.872041018729
vera4cast,chlorocast_chronos,2026-11-01 00:00:00,2026-09-28 00:00:00,P1D,fcre,1.6,ensemble,184,Chla_ugL_mean,39.3343665527744
vera4cast,chlorocast_chronos,2026-11-02 00:00:00,2026-09-28 00:00:00,P1D,fcre,1.6,ensemble,184,Chla_ugL_mean,39.6013141165307
vera4cast,chlorocast_chronos,2026-09-29 00:00:00,2026-09-28 00:00:00,P1D,fcre,1.6,ensemble,185,Chla_ugL_mean,25.620401279862
vera4cast,chlorocast_chronos,2026-09-30 00:00:00,2026-09-28 00:00:00,P1D,fcre,1.6,ensemble,185,Chla_ugL_mean,27.6283589054361
vera4cast,chlorocast_chronos,2026-10-01 00:00:00,2026-09-28 00:00:00,P1D,fcre,1.6,ensemble,185,Chla_ugL_mean,28.9633627159795
vera4cast,chlorocast_chronos,2026-10-02 00:00:00,2026-09-28 00:00:00,P1D,fcre,1.6,ensemble,185,Chla_ugL_mean,29.6440855183731
vera4cast,chlorocast_chronos,2026-10-03 00:00:00,2026-09-28 00:00:00,P1D,fcre,1.6,ensemble,185,Chla_ugL_mean,30.721004326862
vera4cast,chlorocast_chronos,2026-10-04 00:00:00,2026-09-28 00:00:00,P1D,fcre,1.6,ensemble,185,Chla_ugL_mean,34.3819781766074
vera4cast,chlorocast_chronos,2026-10-05 00:00:00,2026-09-28 00:00:00,P1D,fcre,1.6,ensemble,185,Chla_ugL_mean,33.3621886031212
vera4cast,chlorocast_chronos,2026-10-06 00:00:00,2026-09-28 00:00:00,P1D,fcre,1.6,ensemble,185,Chla_ugL_mean,34.2777118780721
vera4cast,chlorocast_chronos,2026-10-07 00:00:00,2026-09-28 00:00:00,P1D,fcre,1.6,ensemble,185,Chla_ugL_mean,33.1274130605222
vera4cast,chlorocast_chronos,2026-10-08 00:00:00,2026-09-28 00:00:00,P1D,fcre,1.6,ensemble,185,Chla_ugL_mean,32.9331990336193
vera4cast,chlorocast_chronos,2026-10-09 00:00:00,2026-09-28 00:00:00,P1D,fcre,1.6,ensemble,185,Chla_ugL_mean,33.4243238363699
vera4cast,chlorocast_chronos,2026-10-10 00:00:00,2026-09-28 00:00:00,P1D,fcre,1.6,ensemble,185,Chla_ugL_mean,33.5263035072942
vera4cast,chlorocast_chronos,2026-10-11 00:00:00,2026-09-28 00:00:00,P1D,fcre,1.6,ensemble,185,Chla_ugL_mean,34.6058356808619
vera4cast,chlorocast_chronos,2026-10-12 00:00:00,2026-09-28 00:00:00,P1D,fcre,1.6,ensemble,185,Chla_ugL_mean,36.2290086668435
vera4cast,chlorocast_chronos,2026-10-13 00:00:00,2026-09-28 00:00:00,P1D,fcre,1.6,ensemble,185,Chla_ugL_mean,37.8405442228197
vera4cast,chlorocast_chronos,2026-10-14 00:00:00,2026-09-28 00:00:00,P1D,fcre,1.6,ensemble,185,Chla_ugL_mean,41.3346696693958
vera4cast,chlorocast_chronos,2026-10-15 00:00:00,2026-09-28 00:00:00,P1D,fcre,1.6,ensemble,185,Chla_ugL_mean,44.0668968689873
vera4cast,chlorocast_chronos,2026-10-16 00:00:00,2026-09-28 00:00:00,P1D,fcre,1.6,ensemble,185,Chla_ugL_mean,46.5878841114054
vera4cast,chlorocast_chronos,2026-10-17 00:00:00,2026-09-28 00:00:00,P1D,fcre,1.6,ensemble,185,Chla_ugL_mean,46.902072443377
vera4cast,chlorocast_chronos,2026-10-18 00:00:00,2026-09-28 00:00:00,P1D,fcre,1.6,ensemble,185,Chla_ugL_mean,45.7299965663037
vera4cast,chlorocast_chronos,2026-10-19 00:00:00,2026-09-28 00:00:00,P1D,fcre,1.6,ensemble,185,Chla_ugL_mean,44.3913475249507
vera4cast,chlorocast_chronos,2026-10-20 00:00:00,2026-09-28 00:00:00,P1D,fcre,1.6,ensemble,185,Chla_ugL_mean,33.3195976668562
vera4cast,chlorocast_chronos,2026-10-21 00:00:00,2026-09-28 00:00:00,P1D,fcre,1.6,ensemble,185,Chla_ugL_mean,33.5040318219434
vera4cast,chlorocast_chronos,2026-10-22 00:00:00,2026-09-28 00:00:00,P1D,fcre,1.6,ensemble,185,Chla_ugL_mean,33.1407593074115
vera4cast,chlorocast_chronos,2026-10-23 00:00:00,2026-09-28 00:00:00,P1D,fcre,1.6,ensemble,185,Chla_ugL_mean,36.203232982243
vera4cast,chlorocast_chronos,2026-10-24 00:00:00,2026-09-28 00:00:00,P1D,fcre,1.6,ensemble,185,Chla_ugL_mean,38.750143002959
vera4cast,chlorocast_chronos,2026-10-25 00:00:00,2026-09-28 00:00:00,P1D,fcre,1.6,ensemble,185,Chla_ugL_mean,40.9838777235539
vera4cast,chlorocast_chronos,2026-10-26 00:00:00,2026-09-28 00:00:00,P1D,fcre,1.6,ensemble,185,Chla_ugL_mean,40.4441947111841
vera4cast,chlorocast_chronos,2026-10-27 00:00:00,2026-09-28 00:00:00,P1D,fcre,1.6,ensemble,185,Chla_ugL_mean,40.0149407207036
vera4cast,chlorocast_chronos,2026-10-28 00:00:00,2026-09-28 00:00:00,P1D,fcre,1.6,ensemble,185,Chla_ugL_mean,40.0248712634586
vera4cast,chlorocast_chronos,2026-10-29 00:00:00,2026-09-28 00:00:00,P1D,fcre,1.6,ensemble,185,Chla_ugL_mean,40.1515936706938
vera4cast,chlorocast_chronos,2026-10-30 00:00:00,2026-09-28 00:00:00,P1D,fcre,1.6,ensemble,185,Chla_ugL_mean,40.5591266067503
vera4cast,chlorocast_chronos,2026-10-31 00:00:00,2026-09-28 00:00:00,P1D,fcre,1.6,ensemble,185,Chla_ugL_mean,40.228326861087
vera4cast,chlorocast_chronos,2026-11-01 00:00:00,2026-09-28 00:00:00,P1D,fcre,1.6,ensemble,185,Chla_ugL_mean,40.7194395210368
vera4cast,chlorocast_chronos,2026-11-02 00:00:00,2026-09-28 00:00:00,P1D,fcre,1.6,ensemble,185,Chla_ugL_mean,41.0054999387353
vera4cast,chlorocast_chronos,2026-09-29 00:00:00,2026-09-28 00:00:00,P1D,fcre,1.6,ensemble,186,Chla_ugL_mean,26.2888275504885
vera4cast,chlorocast_chronos,2026-09-30 00:00:00,2026-09-28 00:00:00,P1D,fcre,1.6,ensemble,186,Chla_ugL_mean,28.3984854527972
vera4cast,chlorocast_chronos,2026-10-01 00:00:00,2026-09-28 00:00:00,P1D,fcre,1.6,ensemble,186,Chla_ugL_mean,29.8083686859061
vera4cast,chlorocast_chronos,2026-10-02 00:00:00,2026-09-28 00:00:00,P1D,fcre,1.6,ensemble,186,Chla_ugL_mean,30.5370867290319
vera4cast,chlorocast_chronos,2026-10-03 00:00:00,2026-09-28 00:00:00,P1D,fcre,1.6,ensemble,186,Chla_ugL_mean,31.6814970965697
vera4cast,chlorocast_chronos,2026-10-04 00:00:00,2026-09-28 00:00:00,P1D,fcre,1.6,ensemble,186,Chla_ugL_mean,35.5456351369618
vera4cast,chlorocast_chronos,2026-10-05 00:00:00,2026-09-28 00:00:00,P1D,fcre,1.6,ensemble,186,Chla_ugL_mean,34.4686188651913
vera4cast,chlorocast_chronos,2026-10-06 00:00:00,2026-09-28 00:00:00,P1D,fcre,1.6,ensemble,186,Chla_ugL_mean,35.4367194305672
vera4cast,chlorocast_chronos,2026-10-07 00:00:00,2026-09-28 00:00:00,P1D,fcre,1.6,ensemble,186,Chla_ugL_mean,34.2125052804829
vera4cast,chlorocast_chronos,2026-10-08 00:00:00,2026-09-28 00:00:00,P1D,fcre,1.6,ensemble,186,Chla_ugL_mean,33.9996546483777
vera4cast,chlorocast_chronos,2026-10-09 00:00:00,2026-09-28 00:00:00,P1D,fcre,1.6,ensemble,186,Chla_ugL_mean,34.5225670633916
vera4cast,chlorocast_chronos,2026-10-10 00:00:00,2026-09-28 00:00:00,P1D,fcre,1.6,ensemble,186,Chla_ugL_mean,34.6321330978206
vera4cast,chlorocast_chronos,2026-10-11 00:00:00,2026-09-28 00:00:00,P1D,fcre,1.6,ensemble,186,Chla_ugL_mean,35.760576504471
vera4cast,chlorocast_chronos,2026-10-12 00:00:00,2026-09-28 00:00:00,P1D,fcre,1.6,ensemble,186,Chla_ugL_mean,37.4527762422518
vera4cast,chlorocast_chronos,2026-10-13 00:00:00,2026-09-28 00:00:00,P1D,fcre,1.6,ensemble,186,Chla_ugL_mean,39.1366770753243
vera4cast,chlorocast_chronos,2026-10-14 00:00:00,2026-09-28 00:00:00,P1D,fcre,1.6,ensemble,186,Chla_ugL_mean,42.8148034540073
vera4cast,chlorocast_chronos,2026-10-15 00:00:00,2026-09-28 00:00:00,P1D,fcre,1.6,ensemble,186,Chla_ugL_mean,45.698694345557
vera4cast,chlorocast_chronos,2026-10-16 00:00:00,2026-09-28 00:00:00,P1D,fcre,1.6,ensemble,186,Chla_ugL_mean,48.35409615741
vera4cast,chlorocast_chronos,2026-10-17 00:00:00,2026-09-28 00:00:00,P1D,fcre,1.6,ensemble,186,Chla_ugL_mean,48.6956357557132
vera4cast,chlorocast_chronos,2026-10-18 00:00:00,2026-09-28 00:00:00,P1D,fcre,1.6,ensemble,186,Chla_ugL_mean,47.4498522974794
vera4cast,chlorocast_chronos,2026-10-19 00:00:00,2026-09-28 00:00:00,P1D,fcre,1.6,ensemble,186,Chla_ugL_mean,46.0346803582804
vera4cast,chlorocast_chronos,2026-10-20 00:00:00,2026-09-28 00:00:00,P1D,fcre,1.6,ensemble,186,Chla_ugL_mean,34.3076681550089
vera4cast,chlorocast_chronos,2026-10-21 00:00:00,2026-09-28 00:00:00,P1D,fcre,1.6,ensemble,186,Chla_ugL_mean,34.5011086802824
vera4cast,chlorocast_chronos,2026-10-22 00:00:00,2026-09-28 00:00:00,P1D,fcre,1.6,ensemble,186,Chla_ugL_mean,34.127055470955
vera4cast,chlorocast_chronos,2026-10-23 00:00:00,2026-09-28 00:00:00,P1D,fcre,1.6,ensemble,186,Chla_ugL_mean,37.3734549971317
vera4cast,chlorocast_chronos,2026-10-24 00:00:00,2026-09-28 00:00:00,P1D,fcre,1.6,ensemble,186,Chla_ugL_mean,40.075140246789
vera4cast,chlorocast_chronos,2026-10-25 00:00:00,2026-09-28 00:00:00,P1D,fcre,1.6,ensemble,186,Chla_ugL_mean,42.4526194328538
vera4cast,chlorocast_chronos,2026-10-26 00:00:00,2026-09-28 00:00:00,P1D,fcre,1.6,ensemble,186,Chla_ugL_mean,41.8944590338098
vera4cast,chlorocast_chronos,2026-10-27 00:00:00,2026-09-28 00:00:00,P1D,fcre,1.6,ensemble,186,Chla_ugL_mean,41.4542785147324
vera4cast,chlorocast_chronos,2026-10-28 00:00:00,2026-09-28 00:00:00,P1D,fcre,1.6,ensemble,186,Chla_ugL_mean,41.4690211790721
vera4cast,chlorocast_chronos,2026-10-29 00:00:00,2026-09-28 00:00:00,P1D,fcre,1.6,ensemble,186,Chla_ugL_mean,41.6150198431828
vera4cast,chlorocast_chronos,2026-10-30 00:00:00,2026-09-28 00:00:00,P1D,fcre,1.6,ensemble,186,Chla_ugL_mean,42.0523097585108
vera4cast,chlorocast_chronos,2026-10-31 00:00:00,2026-09-28 00:00:00,P1D,fcre,1.6,ensemble,186,Chla_ugL_mean,41.7082288899985
vera4cast,chlorocast_chronos,2026-11-01 00:00:00,2026-09-28 00:00:00,P1D,fcre,1.6,ensemble,186,Chla_ugL_mean,42.2312387009216
vera4cast,chlorocast_chronos,2026-11-02 00:00:00,2026-09-28 00:00:00,P1D,fcre,1.6,ensemble,186,Chla_ugL_mean,42.5385336412855
vera4cast,chlorocast_chronos,2026-09-29 00:00:00,2026-09-28 00:00:00,P1D,fcre,1.6,ensemble,187,Chla_ugL_mean,27.0149733577015
vera4cast,chlorocast_chronos,2026-09-30 00:00:00,2026-09-28 00:00:00,P1D,fcre,1.6,ensemble,187,Chla_ugL_mean,29.2366189416886
vera4cast,chlorocast_chronos,2026-10-01 00:00:00,2026-09-28 00:00:00,P1D,fcre,1.6,ensemble,187,Chla_ugL_mean,30.7291932157949
vera4cast,chlorocast_chronos,2026-10-02 00:00:00,2026-09-28 00:00:00,P1D,fcre,1.6,ensemble,187,Chla_ugL_mean,31.5111288024765
vera4cast,chlorocast_chronos,2026-10-03 00:00:00,2026-09-28 00:00:00,P1D,fcre,1.6,ensemble,187,Chla_ugL_mean,32.730349003924
vera4cast,chlorocast_chronos,2026-10-04 00:00:00,2026-09-28 00:00:00,P1D,fcre,1.6,ensemble,187,Chla_ugL_mean,36.8196548919665
vera4cast,chlorocast_chronos,2026-10-05 00:00:00,2026-09-28 00:00:00,P1D,fcre,1.6,ensemble,187,Chla_ugL_mean,35.6791519148419
vera4cast,chlorocast_chronos,2026-10-06 00:00:00,2026-09-28 00:00:00,P1D,fcre,1.6,ensemble,187,Chla_ugL_mean,36.7056050602401
vera4cast,chlorocast_chronos,2026-10-07 00:00:00,2026-09-28 00:00:00,P1D,fcre,1.6,ensemble,187,Chla_ugL_mean,35.3992144208946
vera4cast,chlorocast_chronos,2026-10-08 00:00:00,2026-09-28 00:00:00,P1D,fcre,1.6,ensemble,187,Chla_ugL_mean,35.1655544133038
vera4cast,chlorocast_chronos,2026-10-09 00:00:00,2026-09-28 00:00:00,P1D,fcre,1.6,ensemble,187,Chla_ugL_mean,35.7237879954482
vera4cast,chlorocast_chronos,2026-10-10 00:00:00,2026-09-28 00:00:00,P1D,fcre,1.6,ensemble,187,Chla_ugL_mean,35.8418032152193
vera4cast,chlorocast_chronos,2026-10-11 00:00:00,2026-09-28 00:00:00,P1D,fcre,1.6,ensemble,187,Chla_ugL_mean,37.0242582326093
vera4cast,chlorocast_chronos,2026-10-12 00:00:00,2026-09-28 00:00:00,P1D,fcre,1.6,ensemble,187,Chla_ugL_mean,38.792584789245
vera4cast,chlorocast_chronos,2026-10-13 00:00:00,2026-09-28 00:00:00,P1D,fcre,1.6,ensemble,187,Chla_ugL_mean,40.5564191608189
vera4cast,chlorocast_chronos,2026-10-14 00:00:00,2026-09-28 00:00:00,P1D,fcre,1.6,ensemble,187,Chla_ugL_mean,44.4386666260834
vera4cast,chlorocast_chronos,2026-10-15 00:00:00,2026-09-28 00:00:00,P1D,fcre,1.6,ensemble,187,Chla_ugL_mean,47.4911676417595
vera4cast,chlorocast_chronos,2026-10-16 00:00:00,2026-09-28 00:00:00,P1D,fcre,1.6,ensemble,187,Chla_ugL_mean,50.29596698564
vera4cast,chlorocast_chronos,2026-10-17 00:00:00,2026-09-28 00:00:00,P1D,fcre,1.6,ensemble,187,Chla_ugL_mean,50.6682194595472
vera4cast,chlorocast_chronos,2026-10-18 00:00:00,2026-09-28 00:00:00,P1D,fcre,1.6,ensemble,187,Chla_ugL_mean,49.3401731731615
vera4cast,chlorocast_chronos,2026-10-19 00:00:00,2026-09-28 00:00:00,P1D,fcre,1.6,ensemble,187,Chla_ugL_mean,47.8398164489777
vera4cast,chlorocast_chronos,2026-10-20 00:00:00,2026-09-28 00:00:00,P1D,fcre,1.6,ensemble,187,Chla_ugL_mean,35.3850288576446
vera4cast,chlorocast_chronos,2026-10-21 00:00:00,2026-09-28 00:00:00,P1D,fcre,1.6,ensemble,187,Chla_ugL_mean,35.5884062252838
vera4cast,chlorocast_chronos,2026-10-22 00:00:00,2026-09-28 00:00:00,P1D,fcre,1.6,ensemble,187,Chla_ugL_mean,35.2025879030272
vera4cast,chlorocast_chronos,2026-10-23 00:00:00,2026-09-28 00:00:00,P1D,fcre,1.6,ensemble,187,Chla_ugL_mean,38.6528312814002
vera4cast,chlorocast_chronos,2026-10-24 00:00:00,2026-09-28 00:00:00,P1D,fcre,1.6,ensemble,187,Chla_ugL_mean,41.5264452580184
vera4cast,chlorocast_chronos,2026-10-25 00:00:00,2026-09-28 00:00:00,P1D,fcre,1.6,ensemble,187,Chla_ugL_mean,44.0640176174911
vera4cast,chlorocast_chronos,2026-10-26 00:00:00,2026-09-28 00:00:00,P1D,fcre,1.6,ensemble,187,Chla_ugL_mean,43.4856005330548
vera4cast,chlorocast_chronos,2026-10-27 00:00:00,2026-09-28 00:00:00,P1D,fcre,1.6,ensemble,187,Chla_ugL_mean,43.0335889511332
vera4cast,chlorocast_chronos,2026-10-28 00:00:00,2026-09-28 00:00:00,P1D,fcre,1.6,ensemble,187,Chla_ugL_mean,43.0537832380737
vera4cast,chlorocast_chronos,2026-10-29 00:00:00,2026-09-28 00:00:00,P1D,fcre,1.6,ensemble,187,Chla_ugL_mean,43.2215101915386
vera4cast,chlorocast_chronos,2026-10-30 00:00:00,2026-09-28 00:00:00,P1D,fcre,1.6,ensemble,187,Chla_ugL_mean,43.6920648460517
vera4cast,chlorocast_chronos,2026-10-31 00:00:00,2026-09-28 00:00:00,P1D,fcre,1.6,ensemble,187,Chla_ugL_mean,43.3333444737638
vera4cast,chlorocast_chronos,2026-11-01 00:00:00,2026-09-28 00:00:00,P1D,fcre,1.6,ensemble,187,Chla_ugL_mean,43.8919457760123
vera4cast,chlorocast_chronos,2026-11-02 00:00:00,2026-09-28 00:00:00,P1D,fcre,1.6,ensemble,187,Chla_ugL_mean,44.2229998172353
vera4cast,chlorocast_chronos,2026-09-29 00:00:00,2026-09-28 00:00:00,P1D,fcre,1.6,ensemble,188,Chla_ugL_mean,27.8091472147975
vera4cast,chlorocast_chronos,2026-09-30 00:00:00,2026-09-28 00:00:00,P1D,fcre,1.6,ensemble,188,Chla_ugL_mean,30.155023409729
vera4cast,chlorocast_chronos,2026-10-01 00:00:00,2026-09-28 00:00:00,P1D,fcre,1.6,ensemble,188,Chla_ugL_mean,31.7396056163425
vera4cast,chlorocast_chronos,2026-10-02 00:00:00,2026-09-28 00:00:00,P1D,fcre,1.6,ensemble,188,Chla_ugL_mean,32.5810045147163
vera4cast,chlorocast_chronos,2026-10-03 00:00:00,2026-09-28 00:00:00,P1D,fcre,1.6,ensemble,188,Chla_ugL_mean,33.8837883277387
vera4cast,chlorocast_chronos,2026-10-04 00:00:00,2026-09-28 00:00:00,P1D,fcre,1.6,ensemble,188,Chla_ugL_mean,38.2245949484068
vera4cast,chlorocast_chronos,2026-10-05 00:00:00,2026-09-28 00:00:00,P1D,fcre,1.6,ensemble,188,Chla_ugL_mean,37.0131070930141
vera4cast,chlorocast_chronos,2026-10-06 00:00:00,2026-09-28 00:00:00,P1D,fcre,1.6,ensemble,188,Chla_ugL_mean,38.1048321601711
vera4cast,chlorocast_chronos,2026-10-07 00:00:00,2026-09-28 00:00:00,P1D,fcre,1.6,ensemble,188,Chla_ugL_mean,36.7063573820016
vera4cast,chlorocast_chronos,2026-10-08 00:00:00,2026-09-28 00:00:00,P1D,fcre,1.6,ensemble,188,Chla_ugL_mean,36.449276355239
vera4cast,chlorocast_chronos,2026-10-09 00:00:00,2026-09-28 00:00:00,P1D,fcre,1.6,ensemble,188,Chla_ugL_mean,37.0470666320588
vera4cast,chlorocast_chronos,2026-10-10 00:00:00,2026-09-28 00:00:00,P1D,fcre,1.6,ensemble,188,Chla_ugL_mean,37.1745667827074
vera4cast,chlorocast_chronos,2026-10-11 00:00:00,2026-09-28 00:00:00,P1D,fcre,1.6,ensemble,188,Chla_ugL_mean,38.4171234456376
vera4cast,chlorocast_chronos,2026-10-12 00:00:00,2026-09-28 00:00:00,P1D,fcre,1.6,ensemble,188,Chla_ugL_mean,40.2700475078522
vera4cast,chlorocast_chronos,2026-10-13 00:00:00,2026-09-28 00:00:00,P1D,fcre,1.6,ensemble,188,Chla_ugL_mean,42.1228554748971
vera4cast,chlorocast_chronos,2026-10-14 00:00:00,2026-09-28 00:00:00,P1D,fcre,1.6,ensemble,188,Chla_ugL_mean,46.2333333636069
vera4cast,chlorocast_chronos,2026-10-15 00:00:00,2026-09-28 00:00:00,P1D,fcre,1.6,ensemble,188,Chla_ugL_mean,49.4747869022744
vera4cast,chlorocast_chronos,2026-10-16 00:00:00,2026-09-28 00:00:00,P1D,fcre,1.6,ensemble,188,Chla_ugL_mean,52.4469708896062
vera4cast,chlorocast_chronos,2026-10-17 00:00:00,2026-09-28 00:00:00,P1D,fcre,1.6,ensemble,188,Chla_ugL_mean,52.8539985608813
vera4cast,chlorocast_chronos,2026-10-18 00:00:00,2026-09-28 00:00:00,P1D,fcre,1.6,ensemble,188,Chla_ugL_mean,51.4333895506163
vera4cast,chlorocast_chronos,2026-10-19 00:00:00,2026-09-28 00:00:00,P1D,fcre,1.6,ensemble,188,Chla_ugL_mean,49.8374389730116
vera4cast,chlorocast_chronos,2026-10-20 00:00:00,2026-09-28 00:00:00,P1D,fcre,1.6,ensemble,188,Chla_ugL_mean,36.5679474291277
vera4cast,chlorocast_chronos,2026-10-21 00:00:00,2026-09-28 00:00:00,P1D,fcre,1.6,ensemble,188,Chla_ugL_mean,36.7823711663177
vera4cast,chlorocast_chronos,2026-10-22 00:00:00,2026-09-28 00:00:00,P1D,fcre,1.6,ensemble,188,Chla_ugL_mean,36.3836231293004
vera4cast,chlorocast_chronos,2026-10-23 00:00:00,2026-09-28 00:00:00,P1D,fcre,1.6,ensemble,188,Chla_ugL_mean,40.0615372842088
vera4cast,chlorocast_chronos,2026-10-24 00:00:00,2026-09-28 00:00:00,P1D,fcre,1.6,ensemble,188,Chla_ugL_mean,43.1276422319694
vera4cast,chlorocast_chronos,2026-10-25 00:00:00,2026-09-28 00:00:00,P1D,fcre,1.6,ensemble,188,Chla_ugL_mean,45.8449473629511
vera4cast,chlorocast_chronos,2026-10-26 00:00:00,2026-09-28 00:00:00,P1D,fcre,1.6,ensemble,188,Chla_ugL_mean,45.2441604818318
vera4cast,chlorocast_chronos,2026-10-27 00:00:00,2026-09-28 00:00:00,P1D,fcre,1.6,ensemble,188,Chla_ugL_mean,44.7792570834732
vera4cast,chlorocast_chronos,2026-10-28 00:00:00,2026-09-28 00:00:00,P1D,fcre,1.6,ensemble,188,Chla_ugL_mean,44.8056785896369
vera4cast,chlorocast_chronos,2026-10-29 00:00:00,2026-09-28 00:00:00,P1D,fcre,1.6,ensemble,188,Chla_ugL_mean,44.9981007457056
vera4cast,chlorocast_chronos,2026-10-30 00:00:00,2026-09-28 00:00:00,P1D,fcre,1.6,ensemble,188,Chla_ugL_mean,45.5061456392928
vera4cast,chlorocast_chronos,2026-10-31 00:00:00,2026-09-28 00:00:00,P1D,fcre,1.6,ensemble,188,Chla_ugL_mean,45.1311651571624
vera4cast,chlorocast_chronos,2026-11-01 00:00:00,2026-09-28 00:00:00,P1D,fcre,1.6,ensemble,188,Chla_ugL_mean,45.7298036523217
vera4cast,chlorocast_chronos,2026-11-02 00:00:00,2026-09-28 00:00:00,P1D,fcre,1.6,ensemble,188,Chla_ugL_mean,46.0876602223612
vera4cast,chlorocast_chronos,2026-09-29 00:00:00,2026-09-28 00:00:00,P1D,fcre,1.6,ensemble,189,Chla_ugL_mean,28.6846100343729
vera4cast,chlorocast_chronos,2026-09-30 00:00:00,2026-09-28 00:00:00,P1D,fcre,1.6,ensemble,189,Chla_ugL_mean,31.1694984703493
vera4cast,chlorocast_chronos,2026-10-01 00:00:00,2026-09-28 00:00:00,P1D,fcre,1.6,ensemble,189,Chla_ugL_mean,32.8573636751788
vera4cast,chlorocast_chronos,2026-10-02 00:00:00,2026-09-28 00:00:00,P1D,fcre,1.6,ensemble,189,Chla_ugL_mean,33.7658063534911
vera4cast,chlorocast_chronos,2026-10-03 00:00:00,2026-09-28 00:00:00,P1D,fcre,1.6,ensemble,189,Chla_ugL_mean,35.1627800137427
vera4cast,chlorocast_chronos,2026-10-04 00:00:00,2026-09-28 00:00:00,P1D,fcre,1.6,ensemble,189,Chla_ugL_mean,39.787070689902
vera4cast,chlorocast_chronos,2026-10-05 00:00:00,2026-09-28 00:00:00,P1D,fcre,1.6,ensemble,189,Chla_ugL_mean,38.4954824031091
vera4cast,chlorocast_chronos,2026-10-06 00:00:00,2026-09-28 00:00:00,P1D,fcre,1.6,ensemble,189,Chla_ugL_mean,39.6608935032142
vera4cast,chlorocast_chronos,2026-10-07 00:00:00,2026-09-28 00:00:00,P1D,fcre,1.6,ensemble,189,Chla_ugL_mean,38.1582738691369
vera4cast,chlorocast_chronos,2026-10-08 00:00:00,2026-09-28 00:00:00,P1D,fcre,1.6,ensemble,189,Chla_ugL_mean,37.8745852460559
vera4cast,chlorocast_chronos,2026-10-09 00:00:00,2026-09-28 00:00:00,P1D,fcre,1.6,ensemble,189,Chla_ugL_mean,38.5170852091427
vera4cast,chlorocast_chronos,2026-10-10 00:00:00,2026-09-28 00:00:00,P1D,fcre,1.6,ensemble,189,Chla_ugL_mean,38.6553323320607
vera4cast,chlorocast_chronos,2026-10-11 00:00:00,2026-09-28 00:00:00,P1D,fcre,1.6,ensemble,189,Chla_ugL_mean,39.9653698208663
vera4cast,chlorocast_chronos,2026-10-12 00:00:00,2026-09-28 00:00:00,P1D,fcre,1.6,ensemble,189,Chla_ugL_mean,41.9131461682255
vera4cast,chlorocast_chronos,2026-10-13 00:00:00,2026-09-28 00:00:00,P1D,fcre,1.6,ensemble,189,Chla_ugL_mean,43.8658857099193
vera4cast,chlorocast_chronos,2026-10-14 00:00:00,2026-09-28 00:00:00,P1D,fcre,1.6,ensemble,189,Chla_ugL_mean,48.2339168587001
vera4cast,chlorocast_chronos,2026-10-15 00:00:00,2026-09-28 00:00:00,P1D,fcre,1.6,ensemble,189,Chla_ugL_mean,51.6891109585082
vera4cast,chlorocast_chronos,2026-10-16 00:00:00,2026-09-28 00:00:00,P1D,fcre,1.6,ensemble,189,Chla_ugL_mean,54.850600080608
vera4cast,chlorocast_chronos,2026-10-17 00:00:00,2026-09-28 00:00:00,P1D,fcre,1.6,ensemble,189,Chla_ugL_mean,55.2973879406823
vera4cast,chlorocast_chronos,2026-10-18 00:00:00,2026-09-28 00:00:00,P1D,fcre,1.6,ensemble,189,Chla_ugL_mean,53.7716262674931
vera4cast,chlorocast_chronos,2026-10-19 00:00:00,2026-09-28 00:00:00,P1D,fcre,1.6,ensemble,189,Chla_ugL_mean,52.0673831797367
vera4cast,chlorocast_chronos,2026-10-20 00:00:00,2026-09-28 00:00:00,P1D,fcre,1.6,ensemble,189,Chla_ugL_mean,37.8774138568438
vera4cast,chlorocast_chronos,2026-10-21 00:00:00,2026-09-28 00:00:00,P1D,fcre,1.6,ensemble,189,Chla_ugL_mean,38.104226397287
vera4cast,chlorocast_chronos,2026-10-22 00:00:00,2026-09-28 00:00:00,P1D,fcre,1.6,ensemble,189,Chla_ugL_mean,37.6911513905295
vera4cast,chlorocast_chronos,2026-10-23 00:00:00,2026-09-28 00:00:00,P1D,fcre,1.6,ensemble,189,Chla_ugL_mean,41.6256626179927
vera4cast,chlorocast_chronos,2026-10-24 00:00:00,2026-09-28 00:00:00,P1D,fcre,1.6,ensemble,189,Chla_ugL_mean,44.9092764696012
vera4cast,chlorocast_chronos,2026-10-25 00:00:00,2026-09-28 00:00:00,P1D,fcre,1.6,ensemble,189,Chla_ugL_mean,47.8302642601137
vera4cast,chlorocast_chronos,2026-10-26 00:00:00,2026-09-28 00:00:00,P1D,fcre,1.6,ensemble,189,Chla_ugL_mean,47.2045618136017
vera4cast,chlorocast_chronos,2026-10-27 00:00:00,2026-09-28 00:00:00,P1D,fcre,1.6,ensemble,189,Chla_ugL_mean,46.7255060978144
vera4cast,chlorocast_chronos,2026-10-28 00:00:00,2026-09-28 00:00:00,P1D,fcre,1.6,ensemble,189,Chla_ugL_mean,46.759110082132
vera4cast,chlorocast_chronos,2026-10-29 00:00:00,2026-09-28 00:00:00,P1D,fcre,1.6,ensemble,189,Chla_ugL_mean,46.9798728401737
vera4cast,chlorocast_chronos,2026-10-30 00:00:00,2026-09-28 00:00:00,P1D,fcre,1.6,ensemble,189,Chla_ugL_mean,47.5305758998887
vera4cast,chlorocast_chronos,2026-10-31 00:00:00,2026-09-28 00:00:00,P1D,fcre,1.6,ensemble,189,Chla_ugL_mean,47.1373733251922
vera4cast,chlorocast_chronos,2026-11-01 00:00:00,2026-09-28 00:00:00,P1D,fcre,1.6,ensemble,189,Chla_ugL_mean,47.7814804699204
vera4cast,chlorocast_chronos,2026-11-02 00:00:00,2026-09-28 00:00:00,P1D,fcre,1.6,ensemble,189,Chla_ugL_mean,48.1698647489578
vera4cast,chlorocast_chronos,2026-09-29 00:00:00,2026-09-28 00:00:00,P1D,fcre,1.6,ensemble,190,Chla_ugL_mean,29.6588043257976
vera4cast,chlorocast_chronos,2026-09-30 00:00:00,2026-09-28 00:00:00,P1D,fcre,1.6,ensemble,190,Chla_ugL_mean,32.3008586925033
vera4cast,chlorocast_chronos,2026-10-01 00:00:00,2026-09-28 00:00:00,P1D,fcre,1.6,ensemble,190,Chla_ugL_mean,34.1058886233841
vera4cast,chlorocast_chronos,2026-10-02 00:00:00,2026-09-28 00:00:00,P1D,fcre,1.6,ensemble,190,Chla_ugL_mean,35.0907369439689
vera4cast,chlorocast_chronos,2026-10-03 00:00:00,2026-09-28 00:00:00,P1D,fcre,1.6,ensemble,190,Chla_ugL_mean,36.595026452169
vera4cast,chlorocast_chronos,2026-10-04 00:00:00,2026-09-28 00:00:00,P1D,fcre,1.6,ensemble,190,Chla_ugL_mean,41.5423330211601
vera4cast,chlorocast_chronos,2026-10-05 00:00:00,2026-09-28 00:00:00,P1D,fcre,1.6,ensemble,190,Chla_ugL_mean,40.1593661312484
vera4cast,chlorocast_chronos,2026-10-06 00:00:00,2026-09-28 00:00:00,P1D,fcre,1.6,ensemble,190,Chla_ugL_mean,41.408876511757
vera4cast,chlorocast_chronos,2026-10-07 00:00:00,2026-09-28 00:00:00,P1D,fcre,1.6,ensemble,190,Chla_ugL_mean,39.7871691695478
vera4cast,chlorocast_chronos,2026-10-08 00:00:00,2026-09-28 00:00:00,P1D,fcre,1.6,ensemble,190,Chla_ugL_mean,39.4729153113115
vera4cast,chlorocast_chronos,2026-10-09 00:00:00,2026-09-28 00:00:00,P1D,fcre,1.6,ensemble,190,Chla_ugL_mean,40.166505389005
vera4cast,chlorocast_chronos,2026-10-10 00:00:00,2026-09-28 00:00:00,P1D,fcre,1.6,ensemble,190,Chla_ugL_mean,40.317064685572
vera4cast,chlorocast_chronos,2026-10-11 00:00:00,2026-09-28 00:00:00,P1D,fcre,1.6,ensemble,190,Chla_ugL_mean,41.7036807964373
vera4cast,chlorocast_chronos,2026-10-12 00:00:00,2026-09-28 00:00:00,P1D,fcre,1.6,ensemble,190,Chla_ugL_mean,43.7589408260885
vera4cast,chlorocast_chronos,2026-10-13 00:00:00,2026-09-28 00:00:00,P1D,fcre,1.6,ensemble,190,Chla_ugL_mean,45.8251278535683
vera4cast,chlorocast_chronos,2026-10-14 00:00:00,2026-09-28 00:00:00,P1D,fcre,1.6,ensemble,190,Chla_ugL_mean,50.4870099098116
vera4cast,chlorocast_chronos,2026-10-15 00:00:00,2026-09-28 00:00:00,P1D,fcre,1.6,ensemble,190,Chla_ugL_mean,54.1866907935484
vera4cast,chlorocast_chronos,2026-10-16 00:00:00,2026-09-28 00:00:00,P1D,fcre,1.6,ensemble,190,Chla_ugL_mean,57.5646782092376
vera4cast,chlorocast_chronos,2026-10-17 00:00:00,2026-09-28 00:00:00,P1D,fcre,1.6,ensemble,190,Chla_ugL_mean,58.0574555043688
vera4cast,chlorocast_chronos,2026-10-18 00:00:00,2026-09-28 00:00:00,P1D,fcre,1.6,ensemble,190,Chla_ugL_mean,56.4108732578004
vera4cast,chlorocast_chronos,2026-10-19 00:00:00,2026-09-28 00:00:00,P1D,fcre,1.6,ensemble,190,Chla_ugL_mean,54.5825670288799
vera4cast,chlorocast_chronos,2026-10-20 00:00:00,2026-09-28 00:00:00,P1D,fcre,1.6,ensemble,190,Chla_ugL_mean,39.3411268830653
vera4cast,chlorocast_chronos,2026-10-21 00:00:00,2026-09-28 00:00:00,P1D,fcre,1.6,ensemble,190,Chla_ugL_mean,39.5819806734008
vera4cast,chlorocast_chronos,2026-10-22 00:00:00,2026-09-28 00:00:00,P1D,fcre,1.6,ensemble,190,Chla_ugL_mean,39.1528741956077
vera4cast,chlorocast_chronos,2026-10-23 00:00:00,2026-09-28 00:00:00,P1D,fcre,1.6,ensemble,190,Chla_ugL_mean,43.3797174559851
vera4cast,chlorocast_chronos,2026-10-24 00:00:00,2026-09-28 00:00:00,P1D,fcre,1.6,ensemble,190,Chla_ugL_mean,46.9118200460052
vera4cast,chlorocast_chronos,2026-10-25 00:00:00,2026-09-28 00:00:00,P1D,fcre,1.6,ensemble,190,Chla_ugL_mean,50.0662201557297
vera4cast,chlorocast_chronos,2026-10-26 00:00:00,2026-09-28 00:00:00,P1D,fcre,1.6,ensemble,190,Chla_ugL_mean,49.4124826580766
vera4cast,chlorocast_chronos,2026-10-27 00:00:00,2026-09-28 00:00:00,P1D,fcre,1.6,ensemble,190,Chla_ugL_mean,48.9177531576334
vera4cast,chlorocast_chronos,2026-10-28 00:00:00,2026-09-28 00:00:00,P1D,fcre,1.6,ensemble,190,Chla_ugL_mean,48.9597377916461
vera4cast,chlorocast_chronos,2026-10-29 00:00:00,2026-09-28 00:00:00,P1D,fcre,1.6,ensemble,190,Chla_ugL_mean,49.2134021945853
vera4cast,chlorocast_chronos,2026-10-30 00:00:00,2026-09-28 00:00:00,P1D,fcre,1.6,ensemble,190,Chla_ugL_mean,49.8131984446892
vera4cast,chlorocast_chronos,2026-10-31 00:00:00,2026-09-28 00:00:00,P1D,fcre,1.6,ensemble,190,Chla_ugL_mean,49.3993569645929
vera4cast,chlorocast_chronos,2026-11-01 00:00:00,2026-09-28 00:00:00,P1D,fcre,1.6,ensemble,190,Chla_ugL_mean,50.0956884182608
vera4cast,chlorocast_chronos,2026-11-02 00:00:00,2026-09-28 00:00:00,P1D,fcre,1.6,ensemble,190,Chla_ugL_mean,50.5192428920769
vera4cast,chlorocast_chronos,2026-09-29 00:00:00,2026-09-28 00:00:00,P1D,fcre,1.6,ensemble,191,Chla_ugL_mean,30.755291086329
vera4cast,chlorocast_chronos,2026-09-30 00:00:00,2026-09-28 00:00:00,P1D,fcre,1.6,ensemble,191,Chla_ugL_mean,33.5772682367032
vera4cast,chlorocast_chronos,2026-10-01 00:00:00,2026-09-28 00:00:00,P1D,fcre,1.6,ensemble,191,Chla_ugL_mean,35.5169113419726
vera4cast,chlorocast_chronos,2026-10-02 00:00:00,2026-09-28 00:00:00,P1D,fcre,1.6,ensemble,191,Chla_ugL_mean,36.5899715434951
vera4cast,chlorocast_chronos,2026-10-03 00:00:00,2026-09-28 00:00:00,P1D,fcre,1.6,ensemble,191,Chla_ugL_mean,38.2181340063358
vera4cast,chlorocast_chronos,2026-10-04 00:00:00,2026-09-28 00:00:00,P1D,fcre,1.6,ensemble,191,Chla_ugL_mean,43.5383569775474
vera4cast,chlorocast_chronos,2026-10-05 00:00:00,2026-09-28 00:00:00,P1D,fcre,1.6,ensemble,191,Chla_ugL_mean,42.0497598548353
vera4cast,chlorocast_chronos,2026-10-06 00:00:00,2026-09-28 00:00:00,P1D,fcre,1.6,ensemble,191,Chla_ugL_mean,43.3965321185199
vera4cast,chlorocast_chronos,2026-10-07 00:00:00,2026-09-28 00:00:00,P1D,fcre,1.6,ensemble,191,Chla_ugL_mean,41.636826745252
vera4cast,chlorocast_chronos,2026-10-08 00:00:00,2026-09-28 00:00:00,P1D,fcre,1.6,ensemble,191,Chla_ugL_mean,41.286986498334
vera4cast,chlorocast_chronos,2026-10-09 00:00:00,2026-09-28 00:00:00,P1D,fcre,1.6,ensemble,191,Chla_ugL_mean,42.0397357347919
vera4cast,chlorocast_chronos,2026-10-10 00:00:00,2026-09-28 00:00:00,P1D,fcre,1.6,ensemble,191,Chla_ugL_mean,42.204590069915
vera4cast,chlorocast_chronos,2026-10-11 00:00:00,2026-09-28 00:00:00,P1D,fcre,1.6,ensemble,191,Chla_ugL_mean,43.6792380902534
vera4cast,chlorocast_chronos,2026-10-12 00:00:00,2026-09-28 00:00:00,P1D,fcre,1.6,ensemble,191,Chla_ugL_mean,45.8578678582458
vera4cast,chlorocast_chronos,2026-10-13 00:00:00,2026-09-28 00:00:00,P1D,fcre,1.6,ensemble,191,Chla_ugL_mean,48.0545257249954
vera4cast,chlorocast_chronos,2026-10-14 00:00:00,2026-09-28 00:00:00,P1D,fcre,1.6,ensemble,191,Chla_ugL_mean,53.0561520512085
vera4cast,chlorocast_chronos,2026-10-15 00:00:00,2026-09-28 00:00:00,P1D,fcre,1.6,ensemble,191,Chla_ugL_mean,57.0392788403691
vera4cast,chlorocast_chronos,2026-10-16 00:00:00,2026-09-28 00:00:00,P1D,fcre,1.6,ensemble,191,Chla_ugL_mean,60.6682273180518
vera4cast,chlorocast_chronos,2026-10-17 00:00:00,2026-09-28 00:00:00,P1D,fcre,1.6,ensemble,191,Chla_ugL_mean,61.2149497276038
vera4cast,chlorocast_chronos,2026-10-18 00:00:00,2026-09-28 00:00:00,P1D,fcre,1.6,ensemble,191,Chla_ugL_mean,59.4276232233228
vera4cast,chlorocast_chronos,2026-10-19 00:00:00,2026-09-28 00:00:00,P1D,fcre,1.6,ensemble,191,Chla_ugL_mean,57.4552436864486
vera4cast,chlorocast_chronos,2026-10-20 00:00:00,2026-09-28 00:00:00,P1D,fcre,1.6,ensemble,191,Chla_ugL_mean,40.9966338346195
vera4cast,chlorocast_chronos,2026-10-21 00:00:00,2026-09-28 00:00:00,P1D,fcre,1.6,ensemble,191,Chla_ugL_mean,41.2536054875821
vera4cast,chlorocast_chronos,2026-10-22 00:00:00,2026-09-28 00:00:00,P1D,fcre,1.6,ensemble,191,Chla_ugL_mean,40.8063462029057
vera4cast,chlorocast_chronos,2026-10-23 00:00:00,2026-09-28 00:00:00,P1D,fcre,1.6,ensemble,191,Chla_ugL_mean,45.3706032590592
vera4cast,chlorocast_chronos,2026-10-24 00:00:00,2026-09-28 00:00:00,P1D,fcre,1.6,ensemble,191,Chla_ugL_mean,49.1903776901679
vera4cast,chlorocast_chronos,2026-10-25 00:00:00,2026-09-28 00:00:00,P1D,fcre,1.6,ensemble,191,Chla_ugL_mean,52.6158909052946
vera4cast,chlorocast_chronos,2026-10-26 00:00:00,2026-09-28 00:00:00,P1D,fcre,1.6,ensemble,191,Chla_ugL_mean,51.9302170580804
vera4cast,chlorocast_chronos,2026-10-27 00:00:00,2026-09-28 00:00:00,P1D,fcre,1.6,ensemble,191,Chla_ugL_mean,51.417942467298
vera4cast,chlorocast_chronos,2026-10-28 00:00:00,2026-09-28 00:00:00,P1D,fcre,1.6,ensemble,191,Chla_ugL_mean,51.4698438687966
vera4cast,chlorocast_chronos,2026-10-29 00:00:00,2026-09-28 00:00:00,P1D,fcre,1.6,ensemble,191,Chla_ugL_mean,51.7622423593265
vera4cast,chlorocast_chronos,2026-10-30 00:00:00,2026-09-28 00:00:00,P1D,fcre,1.6,ensemble,191,Chla_ugL_mean,52.4193193331899
vera4cast,chlorocast_chronos,2026-10-31 00:00:00,2026-09-28 00:00:00,P1D,fcre,1.6,ensemble,191,Chla_ugL_mean,51.9817991367107
vera4cast,chlorocast_chronos,2026-11-01 00:00:00,2026-09-28 00:00:00,P1D,fcre,1.6,ensemble,191,Chla_ugL_mean,52.738940381829
vera4cast,chlorocast_chronos,2026-11-02 00:00:00,2026-09-28 00:00:00,P1D,fcre,1.6,ensemble,191,Chla_ugL_mean,53.2035772760745
vera4cast,chlorocast_chronos,2026-09-29 00:00:00,2026-09-28 00:00:00,P1D,fcre,1.6,ensemble,192,Chla_ugL_mean,32.0069435286825
vera4cast,chlorocast_chronos,2026-09-30 00:00:00,2026-09-28 00:00:00,P1D,fcre,1.6,ensemble,192,Chla_ugL_mean,35.038096780069
vera4cast,chlorocast_chronos,2026-10-01 00:00:00,2026-09-28 00:00:00,P1D,fcre,1.6,ensemble,192,Chla_ugL_mean,37.1348481410462
vera4cast,chlorocast_chronos,2026-10-02 00:00:00,2026-09-28 00:00:00,P1D,fcre,1.6,ensemble,192,Chla_ugL_mean,38.3113956017394
vera4cast,chlorocast_chronos,2026-10-03 00:00:00,2026-09-28 00:00:00,P1D,fcre,1.6,ensemble,192,Chla_ugL_mean,40.0848593091896
vera4cast,chlorocast_chronos,2026-10-04 00:00:00,2026-09-28 00:00:00,P1D,fcre,1.6,ensemble,192,Chla_ugL_mean,45.8426322318696
vera4cast,chlorocast_chronos,2026-10-05 00:00:00,2026-09-28 00:00:00,P1D,fcre,1.6,ensemble,192,Chla_ugL_mean,44.2299237394592
vera4cast,chlorocast_chronos,2026-10-06 00:00:00,2026-09-28 00:00:00,P1D,fcre,1.6,ensemble,192,Chla_ugL_mean,45.6910322552286
vera4cast,chlorocast_chronos,2026-10-07 00:00:00,2026-09-28 00:00:00,P1D,fcre,1.6,ensemble,192,Chla_ugL_mean,43.7687679431268
vera4cast,chlorocast_chronos,2026-10-08 00:00:00,2026-09-28 00:00:00,P1D,fcre,1.6,ensemble,192,Chla_ugL_mean,43.3768023145959
vera4cast,chlorocast_chronos,2026-10-09 00:00:00,2026-09-28 00:00:00,P1D,fcre,1.6,ensemble,192,Chla_ugL_mean,44.1991831058157
vera4cast,chlorocast_chronos,2026-10-10 00:00:00,2026-09-28 00:00:00,P1D,fcre,1.6,ensemble,192,Chla_ugL_mean,44.380910706676
vera4cast,chlorocast_chronos,2026-10-11 00:00:00,2026-09-28 00:00:00,P1D,fcre,1.6,ensemble,192,Chla_ugL_mean,45.9583829844883
vera4cast,chlorocast_chronos,2026-10-12 00:00:00,2026-09-28 00:00:00,P1D,fcre,1.6,ensemble,192,Chla_ugL_mean,48.2808781773956
vera4cast,chlorocast_chronos,2026-10-13 00:00:00,2026-09-28 00:00:00,P1D,fcre,1.6,ensemble,192,Chla_ugL_mean,50.630004787572
vera4cast,chlorocast_chronos,2026-10-14 00:00:00,2026-09-28 00:00:00,P1D,fcre,1.6,ensemble,192,Chla_ugL_mean,56.0309272272546
vera4cast,chlorocast_chronos,2026-10-15 00:00:00,2026-09-28 00:00:00,P1D,fcre,1.6,ensemble,192,Chla_ugL_mean,60.3481737866914
vera4cast,chlorocast_chronos,2026-10-16 00:00:00,2026-09-28 00:00:00,P1D,fcre,1.6,ensemble,192,Chla_ugL_mean,64.2729180867848
vera4cast,chlorocast_chronos,2026-10-17 00:00:00,2026-09-28 00:00:00,P1D,fcre,1.6,ensemble,192,Chla_ugL_mean,64.884021302776
vera4cast,chlorocast_chronos,2026-10-18 00:00:00,2026-09-28 00:00:00,P1D,fcre,1.6,ensemble,192,Chla_ugL_mean,62.9299363244806
vera4cast,chlorocast_chronos,2026-10-19 00:00:00,2026-09-28 00:00:00,P1D,fcre,1.6,ensemble,192,Chla_ugL_mean,60.7874182518492
vera4cast,chlorocast_chronos,2026-10-20 00:00:00,2026-09-28 00:00:00,P1D,fcre,1.6,ensemble,192,Chla_ugL_mean,42.8965254942067
vera4cast,chlorocast_chronos,2026-10-21 00:00:00,2026-09-28 00:00:00,P1D,fcre,1.6,ensemble,192,Chla_ugL_mean,43.1722917581603
vera4cast,chlorocast_chronos,2026-10-22 00:00:00,2026-09-28 00:00:00,P1D,fcre,1.6,ensemble,192,Chla_ugL_mean,42.7041739626339
vera4cast,chlorocast_chronos,2026-10-23 00:00:00,2026-09-28 00:00:00,P1D,fcre,1.6,ensemble,192,Chla_ugL_mean,47.664198673575
vera4cast,chlorocast_chronos,2026-10-24 00:00:00,2026-09-28 00:00:00,P1D,fcre,1.6,ensemble,192,Chla_ugL_mean,51.822505729651
vera4cast,chlorocast_chronos,2026-10-25 00:00:00,2026-09-28 00:00:00,P1D,fcre,1.6,ensemble,192,Chla_ugL_mean,55.5682086982954
vera4cast,chlorocast_chronos,2026-10-26 00:00:00,2026-09-28 00:00:00,P1D,fcre,1.6,ensemble,192,Chla_ugL_mean,54.8455958215499
vera4cast,chlorocast_chronos,2026-10-27 00:00:00,2026-09-28 00:00:00,P1D,fcre,1.6,ensemble,192,Chla_ugL_mean,54.3134209380152
vera4cast,chlorocast_chronos,2026-10-28 00:00:00,2026-09-28 00:00:00,P1D,fcre,1.6,ensemble,192,Chla_ugL_mean,54.3772620136712
vera4cast,chlorocast_chronos,2026-10-29 00:00:00,2026-09-28 00:00:00,P1D,fcre,1.6,ensemble,192,Chla_ugL_mean,54.716054680725
vera4cast,chlorocast_chronos,2026-10-30 00:00:00,2026-09-28 00:00:00,P1D,fcre,1.6,ensemble,192,Chla_ugL_mean,55.4411087164133
vera4cast,chlorocast_chronos,2026-10-31 00:00:00,2026-09-28 00:00:00,P1D,fcre,1.6,ensemble,192,Chla_ugL_mean,54.9759873982394
vera4cast,chlorocast_chronos,2026-11-01 00:00:00,2026-09-28 00:00:00,P1D,fcre,1.6,ensemble,192,Chla_ugL_mean,55.8051408789243
vera4cast,chlorocast_chronos,2026-11-02 00:00:00,2026-09-28 00:00:00,P1D,fcre,1.6,ensemble,192,Chla_ugL_mean,56.318591709352
vera4cast,chlorocast_chronos,2026-09-29 00:00:00,2026-09-28 00:00:00,P1D,fcre,1.6,ensemble,193,Chla_ugL_mean,33.4615151988574
vera4cast,chlorocast_chronos,2026-09-30 00:00:00,2026-09-28 00:00:00,P1D,fcre,1.6,ensemble,193,Chla_ugL_mean,36.7406544112942
vera4cast,chlorocast_chronos,2026-10-01 00:00:00,2026-09-28 00:00:00,P1D,fcre,1.6,ensemble,193,Chla_ugL_mean,39.024453807603
vera4cast,chlorocast_chronos,2026-10-02 00:00:00,2026-09-28 00:00:00,P1D,fcre,1.6,ensemble,193,Chla_ugL_mean,40.324898523095
vera4cast,chlorocast_chronos,2026-10-03 00:00:00,2026-09-28 00:00:00,P1D,fcre,1.6,ensemble,193,Chla_ugL_mean,42.2723043729965
vera4cast,chlorocast_chronos,2026-10-04 00:00:00,2026-09-28 00:00:00,P1D,fcre,1.6,ensemble,193,Chla_ugL_mean,48.5540967435161
vera4cast,chlorocast_chronos,2026-10-05 00:00:00,2026-09-28 00:00:00,P1D,fcre,1.6,ensemble,193,Chla_ugL_mean,46.7925198459259
vera4cast,chlorocast_chronos,2026-10-06 00:00:00,2026-09-28 00:00:00,P1D,fcre,1.6,ensemble,193,Chla_ugL_mean,48.3908450515279
vera4cast,chlorocast_chronos,2026-10-07 00:00:00,2026-09-28 00:00:00,P1D,fcre,1.6,ensemble,193,Chla_ugL_mean,46.2730648823231
vera4cast,chlorocast_chronos,2026-10-08 00:00:00,2026-09-28 00:00:00,P1D,fcre,1.6,ensemble,193,Chla_ugL_mean,45.8301745802467
vera4cast,chlorocast_chronos,2026-10-09 00:00:00,2026-09-28 00:00:00,P1D,fcre,1.6,ensemble,193,Chla_ugL_mean,46.7362277102197
vera4cast,chlorocast_chronos,2026-10-10 00:00:00,2026-09-28 00:00:00,P1D,fcre,1.6,ensemble,193,Chla_ugL_mean,46.9382922456493
vera4cast,chlorocast_chronos,2026-10-11 00:00:00,2026-09-28 00:00:00,P1D,fcre,1.6,ensemble,193,Chla_ugL_mean,48.6383173565355
vera4cast,chlorocast_chronos,2026-10-12 00:00:00,2026-09-28 00:00:00,P1D,fcre,1.6,ensemble,193,Chla_ugL_mean,51.1319817229722
vera4cast,chlorocast_chronos,2026-10-13 00:00:00,2026-09-28 00:00:00,P1D,fcre,1.6,ensemble,193,Chla_ugL_mean,53.6629331923271
vera4cast,chlorocast_chronos,2026-10-14 00:00:00,2026-09-28 00:00:00,P1D,fcre,1.6,ensemble,193,Chla_ugL_mean,59.5429864113014
vera4cast,chlorocast_chronos,2026-10-15 00:00:00,2026-09-28 00:00:00,P1D,fcre,1.6,ensemble,193,Chla_ugL_mean,64.2624631798973
vera4cast,chlorocast_chronos,2026-10-16 00:00:00,2026-09-28 00:00:00,P1D,fcre,1.6,ensemble,193,Chla_ugL_mean,68.5432808717349
vera4cast,chlorocast_chronos,2026-10-17 00:00:00,2026-09-28 00:00:00,P1D,fcre,1.6,ensemble,193,Chla_ugL_mean,69.2329202892777
vera4cast,chlorocast_chronos,2026-10-18 00:00:00,2026-09-28 00:00:00,P1D,fcre,1.6,ensemble,193,Chla_ugL_mean,67.0769643600077
vera4cast,chlorocast_chronos,2026-10-19 00:00:00,2026-09-28 00:00:00,P1D,fcre,1.6,ensemble,193,Chla_ugL_mean,64.7292171051833
vera4cast,chlorocast_chronos,2026-10-20 00:00:00,2026-09-28 00:00:00,P1D,fcre,1.6,ensemble,193,Chla_ugL_mean,45.1175271825824
vera4cast,chlorocast_chronos,2026-10-21 00:00:00,2026-09-28 00:00:00,P1D,fcre,1.6,ensemble,193,Chla_ugL_mean,45.4156500997527
vera4cast,chlorocast_chronos,2026-10-22 00:00:00,2026-09-28 00:00:00,P1D,fcre,1.6,ensemble,193,Chla_ugL_mean,44.9231146943614
vera4cast,chlorocast_chronos,2026-10-23 00:00:00,2026-09-28 00:00:00,P1D,fcre,1.6,ensemble,193,Chla_ugL_mean,50.3569165041533
vera4cast,chlorocast_chronos,2026-10-24 00:00:00,2026-09-28 00:00:00,P1D,fcre,1.6,ensemble,193,Chla_ugL_mean,54.9219594328314
vera4cast,chlorocast_chronos,2026-10-25 00:00:00,2026-09-28 00:00:00,P1D,fcre,1.6,ensemble,193,Chla_ugL_mean,59.0538699285881
vera4cast,chlorocast_chronos,2026-10-26 00:00:00,2026-09-28 00:00:00,P1D,fcre,1.6,ensemble,193,Chla_ugL_mean,58.2876982217401
vera4cast,chlorocast_chronos,2026-10-27 00:00:00,2026-09-28 00:00:00,P1D,fcre,1.6,ensemble,193,Chla_ugL_mean,57.73257192287
vera4cast,chlorocast_chronos,2026-10-28 00:00:00,2026-09-28 00:00:00,P1D,fcre,1.6,ensemble,193,Chla_ugL_mean,57.8111077655498
vera4cast,chlorocast_chronos,2026-10-29 00:00:00,2026-09-28 00:00:00,P1D,fcre,1.6,ensemble,193,Chla_ugL_mean,58.206697785447
vera4cast,chlorocast_chronos,2026-10-30 00:00:00,2026-09-28 00:00:00,P1D,fcre,1.6,ensemble,193,Chla_ugL_mean,59.0141740100575
vera4cast,chlorocast_chronos,2026-10-31 00:00:00,2026-09-28 00:00:00,P1D,fcre,1.6,ensemble,193,Chla_ugL_mean,58.5162252146916
vera4cast,chlorocast_chronos,2026-11-01 00:00:00,2026-09-28 00:00:00,P1D,fcre,1.6,ensemble,193,Chla_ugL_mean,59.4324997657989
vera4cast,chlorocast_chronos,2026-11-02 00:00:00,2026-09-28 00:00:00,P1D,fcre,1.6,ensemble,193,Chla_ugL_mean,60.0052171463398
vera4cast,chlorocast_chronos,2026-09-29 00:00:00,2026-09-28 00:00:00,P1D,fcre,1.6,ensemble,194,Chla_ugL_mean,35.192055001357
vera4cast,chlorocast_chronos,2026-09-30 00:00:00,2026-09-28 00:00:00,P1D,fcre,1.6,ensemble,194,Chla_ugL_mean,38.7728148375186
vera4cast,chlorocast_chronos,2026-10-01 00:00:00,2026-09-28 00:00:00,P1D,fcre,1.6,ensemble,194,Chla_ugL_mean,41.2851870604745
vera4cast,chlorocast_chronos,2026-10-02 00:00:00,2026-09-28 00:00:00,P1D,fcre,1.6,ensemble,194,Chla_ugL_mean,42.7379585843067
vera4cast,chlorocast_chronos,2026-10-03 00:00:00,2026-09-28 00:00:00,P1D,fcre,1.6,ensemble,194,Chla_ugL_mean,44.8992178549315
vera4cast,chlorocast_chronos,2026-10-04 00:00:00,2026-09-28 00:00:00,P1D,fcre,1.6,ensemble,194,Chla_ugL_mean,51.8256584437285
vera4cast,chlorocast_chronos,2026-10-05 00:00:00,2026-09-28 00:00:00,P1D,fcre,1.6,ensemble,194,Chla_ugL_mean,49.8806255070624
vera4cast,chlorocast_chronos,2026-10-06 00:00:00,2026-09-28 00:00:00,P1D,fcre,1.6,ensemble,194,Chla_ugL_mean,51.6481453144024
vera4cast,chlorocast_chronos,2026-10-07 00:00:00,2026-09-28 00:00:00,P1D,fcre,1.6,ensemble,194,Chla_ugL_mean,49.2887212469073
vera4cast,chlorocast_chronos,2026-10-08 00:00:00,2026-09-28 00:00:00,P1D,fcre,1.6,ensemble,194,Chla_ugL_mean,48.7825527265484
vera4cast,chlorocast_chronos,2026-10-09 00:00:00,2026-09-28 00:00:00,P1D,fcre,1.6,ensemble,194,Chla_ugL_mean,49.7919121295073
vera4cast,chlorocast_chronos,2026-10-10 00:00:00,2026-09-28 00:00:00,P1D,fcre,1.6,ensemble,194,Chla_ugL_mean,50.0191676648406
vera4cast,chlorocast_chronos,2026-10-11 00:00:00,2026-09-28 00:00:00,P1D,fcre,1.6,ensemble,194,Chla_ugL_mean,51.8691746943823
vera4cast,chlorocast_chronos,2026-10-12 00:00:00,2026-09-28 00:00:00,P1D,fcre,1.6,ensemble,194,Chla_ugL_mean,54.5719214855955
vera4cast,chlorocast_chronos,2026-10-13 00:00:00,2026-09-28 00:00:00,P1D,fcre,1.6,ensemble,194,Chla_ugL_mean,57.3255401976231
vera4cast,chlorocast_chronos,2026-10-14 00:00:00,2026-09-28 00:00:00,P1D,fcre,1.6,ensemble,194,Chla_ugL_mean,63.7963588994682
vera4cast,chlorocast_chronos,2026-10-15 00:00:00,2026-09-28 00:00:00,P1D,fcre,1.6,ensemble,194,Chla_ugL_mean,69.0135844197468
vera4cast,chlorocast_chronos,2026-10-16 00:00:00,2026-09-28 00:00:00,P1D,fcre,1.6,ensemble,194,Chla_ugL_mean,73.7350363470196
vera4cast,chlorocast_chronos,2026-10-17 00:00:00,2026-09-28 00:00:00,P1D,fcre,1.6,ensemble,194,Chla_ugL_mean,74.5232636536365
vera4cast,chlorocast_chronos,2026-10-18 00:00:00,2026-09-28 00:00:00,P1D,fcre,1.6,ensemble,194,Chla_ugL_mean,72.1159653757649
vera4cast,chlorocast_chronos,2026-10-19 00:00:00,2026-09-28 00:00:00,P1D,fcre,1.6,ensemble,194,Chla_ugL_mean,69.513688826623
vera4cast,chlorocast_chronos,2026-10-20 00:00:00,2026-09-28 00:00:00,P1D,fcre,1.6,ensemble,194,Chla_ugL_mean,47.7775750563032
vera4cast,chlorocast_chronos,2026-10-21 00:00:00,2026-09-28 00:00:00,P1D,fcre,1.6,ensemble,194,Chla_ugL_mean,48.1029943400429
vera4cast,chlorocast_chronos,2026-10-22 00:00:00,2026-09-28 00:00:00,P1D,fcre,1.6,ensemble,194,Chla_ugL_mean,47.5811689770331
vera4cast,chlorocast_chronos,2026-10-23 00:00:00,2026-09-28 00:00:00,P1D,fcre,1.6,ensemble,194,Chla_ugL_mean,53.5974784519554
vera4cast,chlorocast_chronos,2026-10-24 00:00:00,2026-09-28 00:00:00,P1D,fcre,1.6,ensemble,194,Chla_ugL_mean,58.6646509197431
vera4cast,chlorocast_chronos,2026-10-25 00:00:00,2026-09-28 00:00:00,P1D,fcre,1.6,ensemble,194,Chla_ugL_mean,63.2754301348084
vera4cast,chlorocast_chronos,2026-10-26 00:00:00,2026-09-28 00:00:00,P1D,fcre,1.6,ensemble,194,Chla_ugL_mean,62.4565761526356
vera4cast,chlorocast_chronos,2026-10-27 00:00:00,2026-09-28 00:00:00,P1D,fcre,1.6,ensemble,194,Chla_ugL_mean,61.8743953005692
vera4cast,chlorocast_chronos,2026-10-28 00:00:00,2026-09-28 00:00:00,P1D,fcre,1.6,ensemble,194,Chla_ugL_mean,61.9715450335252
vera4cast,chlorocast_chronos,2026-10-29 00:00:00,2026-09-28 00:00:00,P1D,fcre,1.6,ensemble,194,Chla_ugL_mean,62.438686548034
vera4cast,chlorocast_chronos,2026-10-30 00:00:00,2026-09-28 00:00:00,P1D,fcre,1.6,ensemble,194,Chla_ugL_mean,63.3489479242303
vera4cast,chlorocast_chronos,2026-10-31 00:00:00,2026-09-28 00:00:00,P1D,fcre,1.6,ensemble,194,Chla_ugL_mean,62.810912409594
vera4cast,chlorocast_chronos,2026-11-01 00:00:00,2026-09-28 00:00:00,P1D,fcre,1.6,ensemble,194,Chla_ugL_mean,63.8355766778868
vera4cast,chlorocast_chronos,2026-11-02 00:00:00,2026-09-28 00:00:00,P1D,fcre,1.6,ensemble,194,Chla_ugL_mean,64.4823133568464
vera4cast,chlorocast_chronos,2026-09-29 00:00:00,2026-09-28 00:00:00,P1D,fcre,1.6,ensemble,195,Chla_ugL_mean,37.3182607611713
vera4cast,chlorocast_chronos,2026-09-30 00:00:00,2026-09-28 00:00:00,P1D,fcre,1.6,ensemble,195,Chla_ugL_mean,41.2789567460608
vera4cast,chlorocast_chronos,2026-10-01 00:00:00,2026-09-28 00:00:00,P1D,fcre,1.6,ensemble,195,Chla_ugL_mean,44.0807825212051
vera4cast,chlorocast_chronos,2026-10-02 00:00:00,2026-09-28 00:00:00,P1D,fcre,1.6,ensemble,195,Chla_ugL_mean,45.7277647244441
vera4cast,chlorocast_chronos,2026-10-03 00:00:00,2026-09-28 00:00:00,P1D,fcre,1.6,ensemble,195,Chla_ugL_mean,48.1617076710316
vera4cast,chlorocast_chronos,2026-10-04 00:00:00,2026-09-28 00:00:00,P1D,fcre,1.6,ensemble,195,Chla_ugL_mean,55.910843578028
vera4cast,chlorocast_chronos,2026-10-05 00:00:00,2026-09-28 00:00:00,P1D,fcre,1.6,ensemble,195,Chla_ugL_mean,53.731218020304
vera4cast,chlorocast_chronos,2026-10-06 00:00:00,2026-09-28 00:00:00,P1D,fcre,1.6,ensemble,195,Chla_ugL_mean,55.7152304156185
vera4cast,chlorocast_chronos,2026-10-07 00:00:00,2026-09-28 00:00:00,P1D,fcre,1.6,ensemble,195,Chla_ugL_mean,53.0458254944648
vera4cast,chlorocast_chronos,2026-10-08 00:00:00,2026-09-28 00:00:00,P1D,fcre,1.6,ensemble,195,Chla_ugL_mean,52.4580165365864
vera4cast,chlorocast_chronos,2026-10-09 00:00:00,2026-09-28 00:00:00,P1D,fcre,1.6,ensemble,195,Chla_ugL_mean,53.5997381124803
vera4cast,chlorocast_chronos,2026-10-10 00:00:00,2026-09-28 00:00:00,P1D,fcre,1.6,ensemble,195,Chla_ugL_mean,53.8593856994038
vera4cast,chlorocast_chronos,2026-10-11 00:00:00,2026-09-28 00:00:00,P1D,fcre,1.6,ensemble,195,Chla_ugL_mean,55.8997074257342
vera4cast,chlorocast_chronos,2026-10-12 00:00:00,2026-09-28 00:00:00,P1D,fcre,1.6,ensemble,195,Chla_ugL_mean,58.8672075434658
vera4cast,chlorocast_chronos,2026-10-13 00:00:00,2026-09-28 00:00:00,P1D,fcre,1.6,ensemble,195,Chla_ugL_mean,61.9035979333731
vera4cast,chlorocast_chronos,2026-10-14 00:00:00,2026-09-28 00:00:00,P1D,fcre,1.6,ensemble,195,Chla_ugL_mean,69.1304073554096
vera4cast,chlorocast_chronos,2026-10-15 00:00:00,2026-09-28 00:00:00,P1D,fcre,1.6,ensemble,195,Chla_ugL_mean,74.9872248285867
vera4cast,chlorocast_chronos,2026-10-16 00:00:00,2026-09-28 00:00:00,P1D,fcre,1.6,ensemble,195,Chla_ugL_mean,80.274933909697
vera4cast,chlorocast_chronos,2026-10-17 00:00:00,2026-09-28 00:00:00,P1D,fcre,1.6,ensemble,195,Chla_ugL_mean,81.1918607422221
vera4cast,chlorocast_chronos,2026-10-18 00:00:00,2026-09-28 00:00:00,P1D,fcre,1.6,ensemble,195,Chla_ugL_mean,78.4593691157058
vera4cast,chlorocast_chronos,2026-10-19 00:00:00,2026-09-28 00:00:00,P1D,fcre,1.6,ensemble,195,Chla_ugL_mean,75.5292029561236
vera4cast,chlorocast_chronos,2026-10-20 00:00:00,2026-09-28 00:00:00,P1D,fcre,1.6,ensemble,195,Chla_ugL_mean,51.0709955842425
vera4cast,chlorocast_chronos,2026-10-21 00:00:00,2026-09-28 00:00:00,P1D,fcre,1.6,ensemble,195,Chla_ugL_mean,51.4309528916508
vera4cast,chlorocast_chronos,2026-10-22 00:00:00,2026-09-28 00:00:00,P1D,fcre,1.6,ensemble,195,Chla_ugL_mean,50.8727985543549
vera4cast,chlorocast_chronos,2026-10-23 00:00:00,2026-09-28 00:00:00,P1D,fcre,1.6,ensemble,195,Chla_ugL_mean,57.6319312122939
vera4cast,chlorocast_chronos,2026-10-24 00:00:00,2026-09-28 00:00:00,P1D,fcre,1.6,ensemble,195,Chla_ugL_mean,63.3424464040932
vera4cast,chlorocast_chronos,2026-10-25 00:00:00,2026-09-28 00:00:00,P1D,fcre,1.6,ensemble,195,Chla_ugL_mean,68.5698114101261
vera4cast,chlorocast_chronos,2026-10-26 00:00:00,2026-09-28 00:00:00,P1D,fcre,1.6,ensemble,195,Chla_ugL_mean,67.6849922097098
vera4cast,chlorocast_chronos,2026-10-27 00:00:00,2026-09-28 00:00:00,P1D,fcre,1.6,ensemble,195,Chla_ugL_mean,67.0699544371876
vera4cast,chlorocast_chronos,2026-10-28 00:00:00,2026-09-28 00:00:00,P1D,fcre,1.6,ensemble,195,Chla_ugL_mean,67.1916292775219
vera4cast,chlorocast_chronos,2026-10-29 00:00:00,2026-09-28 00:00:00,P1D,fcre,1.6,ensemble,195,Chla_ugL_mean,67.7525040789832
vera4cast,chlorocast_chronos,2026-10-30 00:00:00,2026-09-28 00:00:00,P1D,fcre,1.6,ensemble,195,Chla_ugL_mean,68.7959633778336
vera4cast,chlorocast_chronos,2026-10-31 00:00:00,2026-09-28 00:00:00,P1D,fcre,1.6,ensemble,195,Chla_ugL_mean,68.2071775289282
vera4cast,chlorocast_chronos,2026-11-01 00:00:00,2026-09-28 00:00:00,P1D,fcre,1.6,ensemble,195,Chla_ugL_mean,69.3719482716733
vera4cast,chlorocast_chronos,2026-11-02 00:00:00,2026-09-28 00:00:00,P1D,fcre,1.6,ensemble,195,Chla_ugL_mean,70.1147684952582
vera4cast,chlorocast_chronos,2026-09-29 00:00:00,2026-09-28 00:00:00,P1D,fcre,1.6,ensemble,196,Chla_ugL_mean,40.0561199315562
vera4cast,chlorocast_chronos,2026-09-30 00:00:00,2026-09-28 00:00:00,P1D,fcre,1.6,ensemble,196,Chla_ugL_mean,44.5204352717616
vera4cast,chlorocast_chronos,2026-10-01 00:00:00,2026-09-28 00:00:00,P1D,fcre,1.6,ensemble,196,Chla_ugL_mean,47.7083231254137
vera4cast,chlorocast_chronos,2026-10-02 00:00:00,2026-09-28 00:00:00,P1D,fcre,1.6,ensemble,196,Chla_ugL_mean,49.6163531611073
vera4cast,chlorocast_chronos,2026-10-03 00:00:00,2026-09-28 00:00:00,P1D,fcre,1.6,ensemble,196,Chla_ugL_mean,52.4169235876853
vera4cast,chlorocast_chronos,2026-10-04 00:00:00,2026-09-28 00:00:00,P1D,fcre,1.6,ensemble,196,Chla_ugL_mean,61.2735458037949
vera4cast,chlorocast_chronos,2026-10-05 00:00:00,2026-09-28 00:00:00,P1D,fcre,1.6,ensemble,196,Chla_ugL_mean,58.777371536874
vera4cast,chlorocast_chronos,2026-10-06 00:00:00,2026-09-28 00:00:00,P1D,fcre,1.6,ensemble,196,Chla_ugL_mean,61.0537166440592
vera4cast,chlorocast_chronos,2026-10-07 00:00:00,2026-09-28 00:00:00,P1D,fcre,1.6,ensemble,196,Chla_ugL_mean,57.9645566736021
vera4cast,chlorocast_chronos,2026-10-08 00:00:00,2026-09-28 00:00:00,P1D,fcre,1.6,ensemble,196,Chla_ugL_mean,57.2655017204953
vera4cast,chlorocast_chronos,2026-10-09 00:00:00,2026-09-28 00:00:00,P1D,fcre,1.6,ensemble,196,Chla_ugL_mean,58.5862007456788
vera4cast,chlorocast_chronos,2026-10-10 00:00:00,2026-09-28 00:00:00,P1D,fcre,1.6,ensemble,196,Chla_ugL_mean,58.8898256707991
vera4cast,chlorocast_chronos,2026-10-11 00:00:00,2026-09-28 00:00:00,P1D,fcre,1.6,ensemble,196,Chla_ugL_mean,61.1846989844411
vera4cast,chlorocast_chronos,2026-10-12 00:00:00,2026-09-28 00:00:00,P1D,fcre,1.6,ensemble,196,Chla_ugL_mean,64.5054759095627
vera4cast,chlorocast_chronos,2026-10-13 00:00:00,2026-09-28 00:00:00,P1D,fcre,1.6,ensemble,196,Chla_ugL_mean,67.9204579201373
vera4cast,chlorocast_chronos,2026-10-14 00:00:00,2026-09-28 00:00:00,P1D,fcre,1.6,ensemble,196,Chla_ugL_mean,76.1684189941741
vera4cast,chlorocast_chronos,2026-10-15 00:00:00,2026-09-28 00:00:00,P1D,fcre,1.6,ensemble,196,Chla_ugL_mean,82.8933547309567
vera4cast,chlorocast_chronos,2026-10-16 00:00:00,2026-09-28 00:00:00,P1D,fcre,1.6,ensemble,196,Chla_ugL_mean,88.949824612764
vera4cast,chlorocast_chronos,2026-10-17 00:00:00,2026-09-28 00:00:00,P1D,fcre,1.6,ensemble,196,Chla_ugL_mean,90.044591000715
vera4cast,chlorocast_chronos,2026-10-18 00:00:00,2026-09-28 00:00:00,P1D,fcre,1.6,ensemble,196,Chla_ugL_mean,86.8671946973157
vera4cast,chlorocast_chronos,2026-10-19 00:00:00,2026-09-28 00:00:00,P1D,fcre,1.6,ensemble,196,Chla_ugL_mean,83.4906611523733
vera4cast,chlorocast_chronos,2026-10-20 00:00:00,2026-09-28 00:00:00,P1D,fcre,1.6,ensemble,196,Chla_ugL_mean,55.3507500522857
vera4cast,chlorocast_chronos,2026-10-21 00:00:00,2026-09-28 00:00:00,P1D,fcre,1.6,ensemble,196,Chla_ugL_mean,55.7567366850717
vera4cast,chlorocast_chronos,2026-10-22 00:00:00,2026-09-28 00:00:00,P1D,fcre,1.6,ensemble,196,Chla_ugL_mean,55.1512729646233
vera4cast,chlorocast_chronos,2026-10-23 00:00:00,2026-09-28 00:00:00,P1D,fcre,1.6,ensemble,196,Chla_ugL_mean,62.9093207700591
vera4cast,chlorocast_chronos,2026-10-24 00:00:00,2026-09-28 00:00:00,P1D,fcre,1.6,ensemble,196,Chla_ugL_mean,69.4898216905687
vera4cast,chlorocast_chronos,2026-10-25 00:00:00,2026-09-28 00:00:00,P1D,fcre,1.6,ensemble,196,Chla_ugL_mean,75.5558418102544
vera4cast,chlorocast_chronos,2026-10-26 00:00:00,2026-09-28 00:00:00,P1D,fcre,1.6,ensemble,196,Chla_ugL_mean,74.5841454119039
vera4cast,chlorocast_chronos,2026-10-27 00:00:00,2026-09-28 00:00:00,P1D,fcre,1.6,ensemble,196,Chla_ugL_mean,73.9274372623206
vera4cast,chlorocast_chronos,2026-10-28 00:00:00,2026-09-28 00:00:00,P1D,fcre,1.6,ensemble,196,Chla_ugL_mean,74.0833286574375
vera4cast,chlorocast_chronos,2026-10-29 00:00:00,2026-09-28 00:00:00,P1D,fcre,1.6,ensemble,196,Chla_ugL_mean,74.7741746739172
vera4cast,chlorocast_chronos,2026-10-30 00:00:00,2026-09-28 00:00:00,P1D,fcre,1.6,ensemble,196,Chla_ugL_mean,76.0001519731122
vera4cast,chlorocast_chronos,2026-10-31 00:00:00,2026-09-28 00:00:00,P1D,fcre,1.6,ensemble,196,Chla_ugL_mean,75.3436493896342
vera4cast,chlorocast_chronos,2026-11-01 00:00:00,2026-09-28 00:00:00,P1D,fcre,1.6,ensemble,196,Chla_ugL_mean,76.6998735422032
vera4cast,chlorocast_chronos,2026-11-02 00:00:00,2026-09-28 00:00:00,P1D,fcre,1.6,ensemble,196,Chla_ugL_mean,77.5746167318088
vera4cast,chlorocast_chronos,2026-09-29 00:00:00,2026-09-28 00:00:00,P1D,fcre,1.6,ensemble,197,Chla_ugL_mean,43.8567367472255
vera4cast,chlorocast_chronos,2026-09-30 00:00:00,2026-09-28 00:00:00,P1D,fcre,1.6,ensemble,197,Chla_ugL_mean,49.0452695758944
vera4cast,chlorocast_chronos,2026-10-01 00:00:00,2026-09-28 00:00:00,P1D,fcre,1.6,ensemble,197,Chla_ugL_mean,52.7925386108779
vera4cast,chlorocast_chronos,2026-10-02 00:00:00,2026-09-28 00:00:00,P1D,fcre,1.6,ensemble,197,Chla_ugL_mean,55.0823400051213
vera4cast,chlorocast_chronos,2026-10-03 00:00:00,2026-09-28 00:00:00,P1D,fcre,1.6,ensemble,197,Chla_ugL_mean,58.4193809067742
vera4cast,chlorocast_chronos,2026-10-04 00:00:00,2026-09-28 00:00:00,P1D,fcre,1.6,ensemble,197,Chla_ugL_mean,68.8995025717735
vera4cast,chlorocast_chronos,2026-10-05 00:00:00,2026-09-28 00:00:00,P1D,fcre,1.6,ensemble,197,Chla_ugL_mean,65.9379196070224
vera4cast,chlorocast_chronos,2026-10-06 00:00:00,2026-09-28 00:00:00,P1D,fcre,1.6,ensemble,197,Chla_ugL_mean,68.6444264520413
vera4cast,chlorocast_chronos,2026-10-07 00:00:00,2026-09-28 00:00:00,P1D,fcre,1.6,ensemble,197,Chla_ugL_mean,64.9355870854237
vera4cast,chlorocast_chronos,2026-10-08 00:00:00,2026-09-28 00:00:00,P1D,fcre,1.6,ensemble,197,Chla_ugL_mean,64.0711383916414
vera4cast,chlorocast_chronos,2026-10-09 00:00:00,2026-09-28 00:00:00,P1D,fcre,1.6,ensemble,197,Chla_ugL_mean,65.6555780146103
vera4cast,chlorocast_chronos,2026-10-10 00:00:00,2026-09-28 00:00:00,P1D,fcre,1.6,ensemble,197,Chla_ugL_mean,66.0243169601288
vera4cast,chlorocast_chronos,2026-10-11 00:00:00,2026-09-28 00:00:00,P1D,fcre,1.6,ensemble,197,Chla_ugL_mean,68.6895424659345
vera4cast,chlorocast_chronos,2026-10-12 00:00:00,2026-09-28 00:00:00,P1D,fcre,1.6,ensemble,197,Chla_ugL_mean,72.522875181147
vera4cast,chlorocast_chronos,2026-10-13 00:00:00,2026-09-28 00:00:00,P1D,fcre,1.6,ensemble,197,Chla_ugL_mean,76.4893996083011
vera4cast,chlorocast_chronos,2026-10-14 00:00:00,2026-09-28 00:00:00,P1D,fcre,1.6,ensemble,197,Chla_ugL_mean,86.2409897211538
vera4cast,chlorocast_chronos,2026-10-15 00:00:00,2026-09-28 00:00:00,P1D,fcre,1.6,ensemble,197,Chla_ugL_mean,94.251861249253
vera4cast,chlorocast_chronos,2026-10-16 00:00:00,2026-09-28 00:00:00,P1D,fcre,1.6,ensemble,197,Chla_ugL_mean,101.447612736623
vera4cast,chlorocast_chronos,2026-10-17 00:00:00,2026-09-28 00:00:00,P1D,fcre,1.6,ensemble,197,Chla_ugL_mean,102.81145061736
vera4cast,chlorocast_chronos,2026-10-18 00:00:00,2026-09-28 00:00:00,P1D,fcre,1.6,ensemble,197,Chla_ugL_mean,98.9686506098777
vera4cast,chlorocast_chronos,2026-10-19 00:00:00,2026-09-28 00:00:00,P1D,fcre,1.6,ensemble,197,Chla_ugL_mean,94.9284913383826
vera4cast,chlorocast_chronos,2026-10-20 00:00:00,2026-09-28 00:00:00,P1D,fcre,1.6,ensemble,197,Chla_ugL_mean,61.3600433054426
vera4cast,chlorocast_chronos,2026-10-21 00:00:00,2026-09-28 00:00:00,P1D,fcre,1.6,ensemble,197,Chla_ugL_mean,61.8326774829097
vera4cast,chlorocast_chronos,2026-10-22 00:00:00,2026-09-28 00:00:00,P1D,fcre,1.6,ensemble,197,Chla_ugL_mean,61.1606092120732
vera4cast,chlorocast_chronos,2026-10-23 00:00:00,2026-09-28 00:00:00,P1D,fcre,1.6,ensemble,197,Chla_ugL_mean,70.3807879240281
vera4cast,chlorocast_chronos,2026-10-24 00:00:00,2026-09-28 00:00:00,P1D,fcre,1.6,ensemble,197,Chla_ugL_mean,78.2436247255326
vera4cast,chlorocast_chronos,2026-10-25 00:00:00,2026-09-28 00:00:00,P1D,fcre,1.6,ensemble,197,Chla_ugL_mean,85.5546593276067
vera4cast,chlorocast_chronos,2026-10-26 00:00:00,2026-09-28 00:00:00,P1D,fcre,1.6,ensemble,197,Chla_ugL_mean,84.4589148975679
vera4cast,chlorocast_chronos,2026-10-27 00:00:00,2026-09-28 00:00:00,P1D,fcre,1.6,ensemble,197,Chla_ugL_mean,83.7455848730774
vera4cast,chlorocast_chronos,2026-10-28 00:00:00,2026-09-28 00:00:00,P1D,fcre,1.6,ensemble,197,Chla_ugL_mean,83.9537753681789
vera4cast,chlorocast_chronos,2026-10-29 00:00:00,2026-09-28 00:00:00,P1D,fcre,1.6,ensemble,197,Chla_ugL_mean,84.8419333879109
vera4cast,chlorocast_chronos,2026-10-30 00:00:00,2026-09-28 00:00:00,P1D,fcre,1.6,ensemble,197,Chla_ugL_mean,86.3413026935801
vera4cast,chlorocast_chronos,2026-10-31 00:00:00,2026-09-28 00:00:00,P1D,fcre,1.6,ensemble,197,Chla_ugL_mean,85.586528801069
vera4cast,chlorocast_chronos,2026-11-01 00:00:00,2026-09-28 00:00:00,P1D,fcre,1.6,ensemble,197,Chla_ugL_mean,87.2286288207061
vera4cast,chlorocast_chronos,2026-11-02 00:00:00,2026-09-28 00:00:00,P1D,fcre,1.6,ensemble,197,Chla_ugL_mean,88.3014618885039
vera4cast,chlorocast_chronos,2026-09-29 00:00:00,2026-09-28 00:00:00,P1D,fcre,1.6,ensemble,198,Chla_ugL_mean,49.9349631970314
vera4cast,chlorocast_chronos,2026-09-30 00:00:00,2026-09-28 00:00:00,P1D,fcre,1.6,ensemble,198,Chla_ugL_mean,56.3372153102711
vera4cast,chlorocast_chronos,2026-10-01 00:00:00,2026-09-28 00:00:00,P1D,fcre,1.6,ensemble,198,Chla_ugL_mean,61.0314694924913
vera4cast,chlorocast_chronos,2026-10-02 00:00:00,2026-09-28 00:00:00,P1D,fcre,1.6,ensemble,198,Chla_ugL_mean,63.9754330091687
vera4cast,chlorocast_chronos,2026-10-03 00:00:00,2026-09-28 00:00:00,P1D,fcre,1.6,ensemble,198,Chla_ugL_mean,68.2327064045368
vera4cast,chlorocast_chronos,2026-10-04 00:00:00,2026-09-28 00:00:00,P1D,fcre,1.6,ensemble,198,Chla_ugL_mean,81.5060064808107
vera4cast,chlorocast_chronos,2026-10-05 00:00:00,2026-09-28 00:00:00,P1D,fcre,1.6,ensemble,198,Chla_ugL_mean,77.740466613113
vera4cast,chlorocast_chronos,2026-10-06 00:00:00,2026-09-28 00:00:00,P1D,fcre,1.6,ensemble,198,Chla_ugL_mean,81.1908215286947
vera4cast,chlorocast_chronos,2026-10-07 00:00:00,2026-09-28 00:00:00,P1D,fcre,1.6,ensemble,198,Chla_ugL_mean,76.4060738032573
vera4cast,chlorocast_chronos,2026-10-08 00:00:00,2026-09-28 00:00:00,P1D,fcre,1.6,ensemble,198,Chla_ugL_mean,75.2520226656456
vera4cast,chlorocast_chronos,2026-10-09 00:00:00,2026-09-28 00:00:00,P1D,fcre,1.6,ensemble,198,Chla_ugL_mean,77.2932160838974
vera4cast,chlorocast_chronos,2026-10-10 00:00:00,2026-09-28 00:00:00,P1D,fcre,1.6,ensemble,198,Chla_ugL_mean,77.7754069994556
vera4cast,chlorocast_chronos,2026-10-11 00:00:00,2026-09-28 00:00:00,P1D,fcre,1.6,ensemble,198,Chla_ugL_mean,81.0717815788759
vera4cast,chlorocast_chronos,2026-10-12 00:00:00,2026-09-28 00:00:00,P1D,fcre,1.6,ensemble,198,Chla_ugL_mean,85.775514705401
vera4cast,chlorocast_chronos,2026-10-13 00:00:00,2026-09-28 00:00:00,P1D,fcre,1.6,ensemble,198,Chla_ugL_mean,90.6837692943446
vera4cast,chlorocast_chronos,2026-10-14 00:00:00,2026-09-28 00:00:00,P1D,fcre,1.6,ensemble,198,Chla_ugL_mean,103.039118276845
vera4cast,chlorocast_chronos,2026-10-15 00:00:00,2026-09-28 00:00:00,P1D,fcre,1.6,ensemble,198,Chla_ugL_mean,113.294767121287
vera4cast,chlorocast_chronos,2026-10-16 00:00:00,2026-09-28 00:00:00,P1D,fcre,1.6,ensemble,198,Chla_ugL_mean,122.481096679957
vera4cast,chlorocast_chronos,2026-10-17 00:00:00,2026-09-28 00:00:00,P1D,fcre,1.6,ensemble,198,Chla_ugL_mean,124.327569861206
vera4cast,chlorocast_chronos,2026-10-18 00:00:00,2026-09-28 00:00:00,P1D,fcre,1.6,ensemble,198,Chla_ugL_mean,119.308363490434
vera4cast,chlorocast_chronos,2026-10-19 00:00:00,2026-09-28 00:00:00,P1D,fcre,1.6,ensemble,198,Chla_ugL_mean,114.104005915977
vera4cast,chlorocast_chronos,2026-10-20 00:00:00,2026-09-28 00:00:00,P1D,fcre,1.6,ensemble,198,Chla_ugL_mean,71.1225034302073
vera4cast,chlorocast_chronos,2026-10-21 00:00:00,2026-09-28 00:00:00,P1D,fcre,1.6,ensemble,198,Chla_ugL_mean,71.7079124770617
vera4cast,chlorocast_chronos,2026-10-22 00:00:00,2026-09-28 00:00:00,P1D,fcre,1.6,ensemble,198,Chla_ugL_mean,70.9272470877281
vera4cast,chlorocast_chronos,2026-10-23 00:00:00,2026-09-28 00:00:00,P1D,fcre,1.6,ensemble,198,Chla_ugL_mean,82.6569511136847
vera4cast,chlorocast_chronos,2026-10-24 00:00:00,2026-09-28 00:00:00,P1D,fcre,1.6,ensemble,198,Chla_ugL_mean,92.7419104803609
vera4cast,chlorocast_chronos,2026-10-25 00:00:00,2026-09-28 00:00:00,P1D,fcre,1.6,ensemble,198,Chla_ugL_mean,102.231257532615
vera4cast,chlorocast_chronos,2026-10-26 00:00:00,2026-09-28 00:00:00,P1D,fcre,1.6,ensemble,198,Chla_ugL_mean,100.929296690072
vera4cast,chlorocast_chronos,2026-10-27 00:00:00,2026-09-28 00:00:00,P1D,fcre,1.6,ensemble,198,Chla_ugL_mean,100.128454124127
vera4cast,chlorocast_chronos,2026-10-28 00:00:00,2026-09-28 00:00:00,P1D,fcre,1.6,ensemble,198,Chla_ugL_mean,100.431507005056
vera4cast,chlorocast_chronos,2026-10-29 00:00:00,2026-09-28 00:00:00,P1D,fcre,1.6,ensemble,198,Chla_ugL_mean,101.674710785987
vera4cast,chlorocast_chronos,2026-10-30 00:00:00,2026-09-28 00:00:00,P1D,fcre,1.6,ensemble,198,Chla_ugL_mean,103.65809377391
vera4cast,chlorocast_chronos,2026-10-31 00:00:00,2026-09-28 00:00:00,P1D,fcre,1.6,ensemble,198,Chla_ugL_mean,102.736300658552
vera4cast,chlorocast_chronos,2026-11-01 00:00:00,2026-09-28 00:00:00,P1D,fcre,1.6,ensemble,198,Chla_ugL_mean,104.882593020737
vera4cast,chlorocast_chronos,2026-11-02 00:00:00,2026-09-28 00:00:00,P1D,fcre,1.6,ensemble,198,Chla_ugL_mean,106.307282254857
vera4cast,chlorocast_chronos,2026-09-29 00:00:00,2026-09-28 00:00:00,P1D,fcre,1.6,ensemble,199,Chla_ugL_mean,64.3541307365587
vera4cast,chlorocast_chronos,2026-09-30 00:00:00,2026-09-28 00:00:00,P1D,fcre,1.6,ensemble,199,Chla_ugL_mean,73.8712200831604
vera4cast,chlorocast_chronos,2026-10-01 00:00:00,2026-09-28 00:00:00,P1D,fcre,1.6,ensemble,199,Chla_ugL_mean,81.0380148973752
vera4cast,chlorocast_chronos,2026-10-02 00:00:00,2026-09-28 00:00:00,P1D,fcre,1.6,ensemble,199,Chla_ugL_mean,85.7241852791593
vera4cast,chlorocast_chronos,2026-10-03 00:00:00,2026-09-28 00:00:00,P1D,fcre,1.6,ensemble,199,Chla_ugL_mean,92.438988945473
vera4cast,chlorocast_chronos,2026-10-04 00:00:00,2026-09-28 00:00:00,P1D,fcre,1.6,ensemble,199,Chla_ugL_mean,113.220173100353
vera4cast,chlorocast_chronos,2026-10-05 00:00:00,2026-09-28 00:00:00,P1D,fcre,1.6,ensemble,199,Chla_ugL_mean,107.278162382363
vera4cast,chlorocast_chronos,2026-10-06 00:00:00,2026-09-28 00:00:00,P1D,fcre,1.6,ensemble,199,Chla_ugL_mean,112.745540526472
vera4cast,chlorocast_chronos,2026-10-07 00:00:00,2026-09-28 00:00:00,P1D,fcre,1.6,ensemble,199,Chla_ugL_mean,105.025455514064
vera4cast,chlorocast_chronos,2026-10-08 00:00:00,2026-09-28 00:00:00,P1D,fcre,1.6,ensemble,199,Chla_ugL_mean,103.071665343677
vera4cast,chlorocast_chronos,2026-10-09 00:00:00,2026-09-28 00:00:00,P1D,fcre,1.6,ensemble,199,Chla_ugL_mean,106.353264669006
vera4cast,chlorocast_chronos,2026-10-10 00:00:00,2026-09-28 00:00:00,P1D,fcre,1.6,ensemble,199,Chla_ugL_mean,107.1465411537
vera4cast,chlorocast_chronos,2026-10-11 00:00:00,2026-09-28 00:00:00,P1D,fcre,1.6,ensemble,199,Chla_ugL_mean,112.114552216597
vera4cast,chlorocast_chronos,2026-10-12 00:00:00,2026-09-28 00:00:00,P1D,fcre,1.6,ensemble,199,Chla_ugL_mean,119.110874038614
vera4cast,chlorocast_chronos,2026-10-13 00:00:00,2026-09-28 00:00:00,P1D,fcre,1.6,ensemble,199,Chla_ugL_mean,126.522606069705
vera4cast,chlorocast_chronos,2026-10-14 00:00:00,2026-09-28 00:00:00,P1D,fcre,1.6,ensemble,199,Chla_ugL_mean,145.964227347355
vera4cast,chlorocast_chronos,2026-10-15 00:00:00,2026-09-28 00:00:00,P1D,fcre,1.6,ensemble,199,Chla_ugL_mean,162.415071360164
vera4cast,chlorocast_chronos,2026-10-16 00:00:00,2026-09-28 00:00:00,P1D,fcre,1.6,ensemble,199,Chla_ugL_mean,177.107835709329
vera4cast,chlorocast_chronos,2026-10-17 00:00:00,2026-09-28 00:00:00,P1D,fcre,1.6,ensemble,199,Chla_ugL_mean,180.345851624232
vera4cast,chlorocast_chronos,2026-10-18 00:00:00,2026-09-28 00:00:00,P1D,fcre,1.6,ensemble,199,Chla_ugL_mean,172.009790228386
vera4cast,chlorocast_chronos,2026-10-19 00:00:00,2026-09-28 00:00:00,P1D,fcre,1.6,ensemble,199,Chla_ugL_mean,163.564623561104
vera4cast,chlorocast_chronos,2026-10-20 00:00:00,2026-09-28 00:00:00,P1D,fcre,1.6,ensemble,199,Chla_ugL_mean,94.9342388750165
vera4cast,chlorocast_chronos,2026-10-21 00:00:00,2026-09-28 00:00:00,P1D,fcre,1.6,ensemble,199,Chla_ugL_mean,95.8142010102806
vera4cast,chlorocast_chronos,2026-10-22 00:00:00,2026-09-28 00:00:00,P1D,fcre,1.6,ensemble,199,Chla_ugL_mean,94.7669490732485
vera4cast,chlorocast_chronos,2026-10-23 00:00:00,2026-09-28 00:00:00,P1D,fcre,1.6,ensemble,199,Chla_ugL_mean,113.207970479535
vera4cast,chlorocast_chronos,2026-10-24 00:00:00,2026-09-28 00:00:00,P1D,fcre,1.6,ensemble,199,Chla_ugL_mean,129.337752316096
vera4cast,chlorocast_chronos,2026-10-25 00:00:00,2026-09-28 00:00:00,P1D,fcre,1.6,ensemble,199,Chla_ugL_mean,144.852490435016
vera4cast,chlorocast_chronos,2026-10-26 00:00:00,2026-09-28 00:00:00,P1D,fcre,1.6,ensemble,199,Chla_ugL_mean,143.026574201434
vera4cast,chlorocast_chronos,2026-10-27 00:00:00,2026-09-28 00:00:00,P1D,fcre,1.6,ensemble,199,Chla_ugL_mean,142.033575740842
vera4cast,chlorocast_chronos,2026-10-28 00:00:00,2026-09-28 00:00:00,P1D,fcre,1.6,ensemble,199,Chla_ugL_mean,142.61385356034
vera4cast,chlorocast_chronos,2026-10-29 00:00:00,2026-09-28 00:00:00,P1D,fcre,1.6,ensemble,199,Chla_ugL_mean,144.883049688243
vera4cast,chlorocast_chronos,2026-10-30 00:00:00,2026-09-28 00:00:00,P1D,fcre,1.6,ensemble,199,Chla_ugL_mean,148.232073021324
vera4cast,chlorocast_chronos,2026-10-31 00:00:00,2026-09-28 00:00:00,P1D,fcre,1.6,ensemble,199,Chla_ugL_mean,146.869105376174
vera4cast,chlorocast_chronos,2026-11-01 00:00:00,2026-09-28 00:00:00,P1D,fcre,1.6,ensemble,199,Chla_ugL_mean,150.430119926998
vera4cast,chlorocast_chronos,2026-11-02 00:00:00,2026-09-28 00:00:00,P1D,fcre,1.6,ensemble,199,Chla_ugL_mean,152.853270503705
